dataset,arm,model,n,auroc_gain,delta_deviance,mcfadden_gain,ap_gain,idi,residual_auroc
AATF:K562,gc,kmer,2086,0.01644621634068688,92.3868152861262,0.03194774694554625,0.015247839787229767,0.03985301967540633,0.5967298770325662
AATF:K562,gc,cnn,2086,0.00636117696481775,25.72782184994867,0.00889678834990304,0.0042019200119142175,0.01701350044541511,0.6243265379662067
AATF:K562,gc,splicebert,2086,0.02683184890550061,159.97332855510058,0.05531944577683234,0.02874130246036377,0.07688251495884602,0.6938159615902575
AATF:K562,dn,kmer,2162,0.048077079416478874,92.74513366082601,0.030944251711160442,0.035083998179931464,0.04428304542813721,0.6158446157282332
AATF:K562,dn,cnn,2162,-0.014466510520203868,-42.918243413640994,-0.014319596886337993,-0.018157532828322887,-0.004067179165722856,0.544521852089878
AATF:K562,dn,splicebert,2162,0.10133660117015708,265.22648349685187,0.08849235255627352,0.08006908396960544,0.11996948856094136,0.7015431800308243
AATF:K562,neg2,kmer,2086,0.05085080741904435,180.0500403655019,0.062262056650807085,0.051531754971638755,0.08390884795392012,0.6548620258877841
AATF:K562,neg2,cnn,2086,0.00672060184823442,3.2495618144271248,0.0011237120600997574,0.005831483426552264,0.0132548990757132,0.5784038042044437
AATF:K562,neg2,splicebert,2086,0.09071203815970763,387.430010720499,0.13397491734372524,0.07748713342847846,0.17242599844782258,0.7460180594917126
AKAP1:HepG2,gc,kmer,11850,0.008574922110060834,157.59112370358707,0.00959307732722725,0.007452731898562548,0.01245528892555553,0.5664755434492336
AKAP1:HepG2,gc,cnn,11850,0.04196270540689706,851.4403548007394,0.05182990622294381,0.04749981368679712,0.06775593362636212,0.6600427994089266
AKAP1:HepG2,gc,splicebert,11850,0.07228776015239735,1544.3411572993773,0.09400900122685807,0.07893983072616784,0.12034294760742925,0.7095612170414285
AKAP1:HepG2,dn,kmer,11886,0.0313997050163779,247.4273055501435,0.01501607549628603,0.018016996888699732,0.021345373294900438,0.5820268432094917
AKAP1:HepG2,dn,cnn,11886,0.08609789522987876,837.8595082446554,0.050848719397031394,0.07680441996298959,0.07545691911672836,0.6576226465064419
AKAP1:HepG2,dn,splicebert,11886,0.15453805373947793,1954.7301705859645,0.11863030133688413,0.13850606590864067,0.15683909221722142,0.7288114478311811
AKAP1:HepG2,neg2,kmer,11850,0.013955142516334673,389.12050361684305,0.023687013539081647,0.010798205353370172,0.029508068586941216,0.5920994997240471
AKAP1:HepG2,neg2,cnn,11850,0.01726503943456348,556.3585728510552,0.03386733139275433,0.017519530073154432,0.04405776826963509,0.6468793818654418
AKAP1:HepG2,neg2,splicebert,11850,0.07546175292421087,2414.1000882616063,0.14695401795546947,0.07590526278297272,0.17279895886110508,0.7611987252755078
AQR:HepG2,gc,kmer,21858,0.10411836383167772,3228.693318815607,0.10655183089959297,0.10395276674821363,0.12828524262819757,0.7073686946734721
AQR:HepG2,gc,cnn,21858,0.17708839981728197,6340.367808482235,0.2092418609824629,0.19094136489094904,0.25738655353184764,0.7946745260780825
AQR:HepG2,gc,splicebert,21858,0.2878954664257083,15067.084312736239,0.49723688852229087,0.3055796236658439,0.5705827658457147,0.9132753577498081
AQR:HepG2,dn,kmer,22216,0.1347963926118254,3290.9603778750643,0.10685659472727815,0.12070069351327162,0.13451441816235699,0.7100260930460601
AQR:HepG2,dn,cnn,22216,0.2202863164667741,6615.310977730864,0.21479736094505397,0.21716648787215476,0.2740689181020311,0.8033110343996788
AQR:HepG2,dn,splicebert,22216,0.3341454782708263,15002.786056372868,0.4871364116638284,0.32251231986565876,0.5701870927841899,0.9197432086889983
AQR:HepG2,neg2,kmer,21858,0.03574946655954614,794.625454439145,0.026223858598304894,0.05259082645548452,0.036572527546606726,0.6112307036790867
AQR:HepG2,neg2,cnn,21858,0.09157668716756806,2690.415450749766,0.08878783577472171,0.11564971141362346,0.11883464640853103,0.7054941861368048
AQR:HepG2,neg2,splicebert,21858,0.22965000531089952,10115.495867902508,0.33382687630972074,0.26068274389423574,0.39047954432741083,0.8554241933609175
BCCIP:HepG2,gc,kmer,1076,0.0004422271665676103,2.4531058723796377,0.0016445556119227822,0.0006414629837533381,0.0028303385170277418,0.539226931634444
BCCIP:HepG2,gc,cnn,1076,-0.00048023106369443624,2.939813739026363,0.001970843263211286,0.0015382074576572036,0.00473385678762861,0.6493069471123949
BCCIP:HepG2,gc,splicebert,1076,0.01011249153549576,47.59368022201204,0.03190667585220819,0.01185611520526042,0.0410641212142564,0.6868340680753445
BCCIP:HepG2,dn,kmer,1078,0.013303685447867641,25.253084782919814,0.016898191179715694,0.025538229622649067,0.02298854986650911,0.5819269519243015
BCCIP:HepG2,dn,cnn,1078,0.03522292708616581,39.945514330108836,0.026729682481357653,0.01324001808762898,0.04102777594068613,0.620216782952007
BCCIP:HepG2,dn,splicebert,1078,0.03646208019385855,58.2462785877251,0.038975703742462064,0.055716217370662235,0.08345536577462559,0.674502015344846
BCCIP:HepG2,neg2,kmer,1076,-0.0021593123367560363,-6.698994640949309,-0.004490988079665081,-0.002629647453859296,-0.003931330129094968,0.5006495211508961
BCCIP:HepG2,neg2,cnn,1076,0.0003765840715301838,1.1723683791606163,0.0007859526239358816,-0.002161680394679011,-0.0014452452897626977,0.5602050828484957
BCCIP:HepG2,neg2,splicebert,1076,0.02766338220864817,95.58986735663677,0.06408319126145612,0.025509002966284222,0.07624114711213476,0.7030893713464436
BCLAF1:HepG2,gc,kmer,64768,0.06953657571286354,7213.355853897461,0.08033807372919677,0.07834289186554999,0.0973840837446654,0.6744375659315853
BCLAF1:HepG2,gc,cnn,64768,0.13562498214972696,16741.220829667873,0.18645377554802411,0.15958056954584132,0.22305742613715984,0.7763372310802974
BCLAF1:HepG2,gc,splicebert,64768,0.22332418108897523,35609.84077433333,0.3966012590474949,0.24156639286312342,0.4478550847912154,0.8874225895067611
BCLAF1:HepG2,dn,kmer,64774,0.1403414503506233,8004.90723012689,0.08914564457714724,0.1270553755028052,0.11607988127957691,0.6952867303366276
BCLAF1:HepG2,dn,cnn,64774,0.24549671919992044,20554.394253725943,0.2289014315800092,0.2544159120775905,0.2839430606700883,0.8056257811378539
BCLAF1:HepG2,dn,splicebert,64774,0.3453936635522856,38521.37563807295,0.4289884645171579,0.3402750975234682,0.5083399457918101,0.904867645539905
BCLAF1:HepG2,neg2,kmer,64768,0.01007500589364152,2803.9932204342767,0.031229211291122216,0.011015402225174165,0.03121852314862239,0.6050471135833926
BCLAF1:HepG2,neg2,cnn,64768,0.00598129846730544,1724.4475193590188,0.019205872378740496,0.00507323801226689,0.026492701104007366,0.6819320001935762
BCLAF1:HepG2,neg2,splicebert,64768,0.041900605682648195,13689.24415360071,0.1524626717971681,0.0476725801114668,0.16062901051106138,0.7920494533117413
BUD13:K562,gc,kmer,17608,0.06975012235774869,1593.689211516481,0.06528871882590492,0.06799197458224637,0.0825298529952262,0.6618630843111459
BUD13:K562,gc,cnn,17608,0.1293999118776501,3510.4056025839054,0.14381090283838693,0.15613870865079338,0.17917750321527975,0.7453867490531852
BUD13:K562,gc,splicebert,17608,0.24248072671936116,9010.550993110703,0.36913554161284456,0.25735560539428726,0.4342574441950176,0.8762809375194166
BUD13:K562,dn,kmer,17700,0.11199585048996141,1615.4081211186021,0.06583449958614596,0.09210950471334889,0.08696349610431714,0.6667545852085927
BUD13:K562,dn,cnn,17700,0.18460875227425055,3435.814828076993,0.14002353146552105,0.18432844581463903,0.18395620981463612,0.7459611095151457
BUD13:K562,dn,splicebert,17700,0.3285154840563057,9663.253663358466,0.3938171790672138,0.32243966939936375,0.473673038518095,0.8921741772798366
BUD13:K562,neg2,kmer,17608,0.007137789068245914,172.6644038336708,0.007073548362928395,0.007272236001997445,0.008728298836726045,0.5452649357474743
BUD13:K562,neg2,cnn,17608,0.0459510499853335,1098.66829908609,0.04500918067564219,0.054531482647486085,0.05755743010176356,0.6461459837862308
BUD13:K562,neg2,splicebert,17608,0.11891583706633713,3519.652939933916,0.14418973881454233,0.1369895679862323,0.18081236661617106,0.7528168214192013
CDC40:HepG2,gc,kmer,2316,0.007508031535522375,15.344300751351966,0.004779176727090717,0.005704227325961875,0.014677545805809877,0.5750102165307943
CDC40:HepG2,gc,cnn,2316,0.0019113115639198819,-15.0165722151919,-0.0046771015254768455,0.000137279496624787,0.005102297370644826,0.6052459275565936
CDC40:HepG2,gc,splicebert,2316,0.046425556539921975,303.3273859060482,0.09447515445001475,0.04794311893581105,0.11706189356146962,0.7276742701519205
CDC40:HepG2,dn,kmer,2344,0.004783835571759765,2.4906883463513623,0.0007664897025769779,0.00027682803462369954,0.004507761920915787,0.5423439702267936
CDC40:HepG2,dn,cnn,2344,0.04622869806287777,134.6702568607343,0.0414437098396383,0.03728641901485774,0.060406177462870636,0.6501786567112022
CDC40:HepG2,dn,splicebert,2344,0.1152859963424151,417.9875893408298,0.12863238530186594,0.1014007994478957,0.16937770506903083,0.7403595266106769
CDC40:HepG2,neg2,kmer,2316,-0.0017748425759379627,-10.345402476997151,-0.0032222065737401717,-0.0014586960842002394,9.729295531168969e-05,0.5228887576400261
CDC40:HepG2,neg2,cnn,2316,0.0006316351520249119,-1.8494204889861976,-0.0005760254248659002,0.0017091952683554457,0.006968599419766797,0.5708930291939232
CDC40:HepG2,neg2,splicebert,2316,0.018821534358864134,78.92419602434256,0.024581940028166493,0.013224278874700013,0.04010340502113846,0.6277536160553153
CSTF2T:HepG2,gc,kmer,39066,0.020778226941321143,2131.497293442262,0.039357760903565686,0.011030650392418906,0.043359839571891434,0.6073014403550152
CSTF2T:HepG2,gc,cnn,39066,0.06888758883520008,6700.936753895803,0.12373173890539169,0.07196058746690737,0.14691288668053137,0.7327464152602597
CSTF2T:HepG2,gc,splicebert,39066,0.11931887356074689,12521.29706748599,0.2312037729068699,0.12873956832946187,0.2643578343068468,0.8115415234466932
CSTF2T:HepG2,dn,kmer,37744,0.022882264351205328,2333.2267081639293,0.044591651668315246,0.013994222994286987,0.050500541251713105,0.6178607722024964
CSTF2T:HepG2,dn,cnn,37744,0.08643860713283902,7059.70151840429,0.134922058747856,0.08322656869238976,0.16793872742530103,0.7430021470809528
CSTF2T:HepG2,dn,splicebert,37744,0.1516146470607368,13520.91760945179,0.2584061146596063,0.1503936034202089,0.3044402634311668,0.8252748042815292
CSTF2T:HepG2,neg2,kmer,39066,0.014592376647354799,1993.4934868476848,0.03680954240925105,0.020621344744057524,0.038393787793306156,0.6104191815040516
CSTF2T:HepG2,neg2,cnn,39066,0.020336565925400896,3255.648302006128,0.06011503174349575,0.026291454820499993,0.0697525284596835,0.6856309410303724
CSTF2T:HepG2,neg2,splicebert,39066,0.051627166639187094,8389.882785697511,0.15491786065332358,0.07093058305522393,0.17035160126158366,0.7725441115788573
DDX24:K562,gc,kmer,19180,0.09464438212815096,2250.862093123749,0.08465348225950431,0.1006654751911159,0.10753560843188076,0.6872260272855479
DDX24:K562,gc,cnn,19180,0.13852280301539333,3738.620154235621,0.14060711043491303,0.16259257859139042,0.17901147761566594,0.7456952138839446
DDX24:K562,gc,splicebert,19180,0.27660360494562775,11449.252208250547,0.43059904543091965,0.2969315507442234,0.497241872188258,0.8988128057446005
DDX24:K562,dn,kmer,19200,0.1511693467881945,2451.923524821432,0.09211921640361631,0.13670433193827736,0.12110173600597673,0.7008325412326389
DDX24:K562,dn,cnn,19200,0.18893538411458333,3483.6749408153337,0.13088230628081854,0.19172166272605362,0.1753750904611734,0.7423065972222221
DDX24:K562,dn,splicebert,19200,0.3518490451388889,11418.278640198097,0.4289868221276607,0.3484426301720829,0.5125691378065454,0.9055048285590278
DDX24:K562,neg2,kmer,19180,0.035979214531995485,880.7534905329812,0.033124574896704284,0.04696329968353474,0.0409239840112926,0.6165455522077763
DDX24:K562,neg2,cnn,19180,0.04047516475821511,1055.2057807519377,0.039685613842757705,0.05248678998960754,0.049787558832615764,0.6460628631014449
DDX24:K562,neg2,splicebert,19180,0.13802070500532237,5015.821051329625,0.18864181847600925,0.16450473640004604,0.22179165424650488,0.7834242090463975
DDX55:HepG2,gc,kmer,3370,0.012583715626623526,74.9833089246049,0.016050155479966355,0.012824051481594378,0.020605721066604243,0.570827602602823
DDX55:HepG2,gc,cnn,3370,0.006397520450122984,29.36882788917501,0.00628638907306156,0.007525232621082956,0.014935605488150316,0.5878364694590954
DDX55:HepG2,gc,splicebert,3370,0.05299615211897635,356.1142330504222,0.07622614807297046,0.05095822507333936,0.09743083838549099,0.6952971321399325
DDX55:HepG2,dn,kmer,3372,0.04268774036127543,112.54810177097715,0.024076599686603695,0.02837190350209784,0.033700827490334706,0.6003111240570239
DDX55:HepG2,dn,cnn,3372,0.0679452866323601,197.817274722026,0.042317615842769385,0.06230855526263912,0.06285204246601966,0.6437502902276652
DDX55:HepG2,dn,splicebert,3372,0.12524185638761198,432.3248813415812,0.0924841284644734,0.10521087437085996,0.13196800521178192,0.7090476451806729
DDX55:HepG2,neg2,kmer,3370,0.01069728535075598,61.49832360799519,0.013163698292617099,0.02546367842963071,0.017767381198736165,0.5715027868520459
DDX55:HepG2,neg2,cnn,3370,0.0024552474707004723,10.974166483009412,0.0023490171458349085,0.005320452217223548,0.004908843603588675,0.5553212584420044
DDX55:HepG2,neg2,splicebert,3370,0.08323116343368353,493.65139401917986,0.10566593740050356,0.08130978422806434,0.14054299048125224,0.7257399466403684
DDX55:K562,gc,kmer,2200,0.010660330578512567,29.544227763735307,0.00968711610946249,0.01347960773155954,0.013379835368254545,0.56409173553719
DDX55:K562,gc,cnn,2200,0.02378347107438017,68.52563146797957,0.02246854288469069,0.03333461009182359,0.033585179415198174,0.6066033057851239
DDX55:K562,gc,splicebert,2200,0.11548264462809932,404.32823282220716,0.13257325826909017,0.11455142209443392,0.17133414636068806,0.7397157024793389
DDX55:K562,dn,kmer,2202,0.02960070153382155,49.91728381775738,0.016352274709020342,0.024234364448639467,0.024373849102549805,0.5881615342670068
DDX55:K562,dn,cnn,2202,0.01594702528706049,19.84158014066179,0.006499852241674375,0.012067984342336913,0.017807478323128734,0.5718078107508573
DDX55:K562,dn,splicebert,2202,0.14726105654095334,350.8224250484386,0.11492501654178533,0.13502543213127627,0.15775598998396256,0.7299647500703266
DDX55:K562,neg2,kmer,2200,-0.0013842975206613817,-3.5409337585197136,-0.0011610199030755997,-0.0002001564634067643,0.0005125765184942899,0.5250247933884298
DDX55:K562,neg2,cnn,2200,0.0016528925619833101,-0.011602078373471159,-3.8041502120611526e-06,0.006432146522983628,0.004299685523966812,0.5562537190082645
DDX55:K562,neg2,splicebert,2200,0.032566942148760325,99.94566444988595,0.03277070783186431,0.03470189922052247,0.0523894233405825,0.6406223140495868
DDX59:HepG2,gc,kmer,6104,0.0036660316849573826,54.62629804248445,0.006455528283749623,0.0024060985308693716,0.00899432192208277,0.5584380351753528
DDX59:HepG2,gc,cnn,6104,0.005313212314637328,100.04682730797686,0.011823153801924446,0.004172995151956793,0.01967681971306362,0.6453815386940905
DDX59:HepG2,gc,splicebert,6104,0.026419733788642152,484.6694625003274,0.05727639498849457,0.019915884130562667,0.07060078719814877,0.7041766437237297
DDX59:HepG2,dn,kmer,6178,0.01893947770055937,203.38402399660117,0.023747258240202185,0.018463132224114553,0.028464752359038337,0.5916043530437949
DDX59:HepG2,dn,cnn,6178,0.039349099620506145,428.2407776354794,0.05000168713185005,0.04265225213798918,0.065207106631123,0.6620933038535951
DDX59:HepG2,dn,splicebert,6178,0.08754086310293285,1009.3432289713564,0.11785160820587814,0.08564960635607866,0.14493023314827896,0.736793880393686
DDX59:HepG2,neg2,kmer,6104,0.005188141244209188,116.54077489304291,0.013772345838757416,0.0034791021940677735,0.013600766327345748,0.5540629095674967
DDX59:HepG2,neg2,cnn,6104,0.001567521630316926,44.02673739257989,0.005202912492037637,0.0005667990003789258,0.009667358835107553,0.6009379364067822
DDX59:HepG2,neg2,splicebert,6104,0.020738608548377058,425.1936779672815,0.050247772822799464,0.014054204829914485,0.055638861822230545,0.6591008152271934
DDX6:HepG2,gc,kmer,980,0.013161182840483177,26.222058681251838,0.019301241847623163,0.013637892169915955,0.024753190242764345,0.6008871303623491
DDX6:HepG2,gc,cnn,980,-0.003319450229071208,-5.847508736202371,-0.004304169313915418,-0.003144178985407975,-0.0013026600835006064,0.5669221157850896
DDX6:HepG2,gc,splicebert,980,0.04198667221990837,83.58238762356564,0.06152239598478426,0.030636404924279326,0.07459398583281329,0.6825447730112454
DDX6:HepG2,dn,kmer,986,0.06236191056124496,54.99418628426429,0.04023318449798785,0.06278951403001931,0.0604799123292909,0.6427963085632938
DDX6:HepG2,dn,cnn,986,0.01747795711975786,7.401943589774646,0.005415186262630711,0.01776308236715518,0.020485154815121365,0.5808787528440766
DDX6:HepG2,dn,splicebert,986,0.10295454825981598,113.36432075857829,0.08293617818060184,0.07923449482508571,0.1244748179461711,0.7022205398911331
DDX6:HepG2,neg2,kmer,980,0.010403998334027498,15.685993624311777,0.011545972047556363,0.014632960943204654,0.01946026228227693,0.5818867138692212
DDX6:HepG2,neg2,cnn,980,-0.004981257809246076,-8.863756262873267,-0.00652433530821217,-0.003534610702599972,-0.0015185300897948006,0.5031820074968762
DDX6:HepG2,neg2,splicebert,980,0.054618908788005016,73.0443717131352,0.05376569022213784,0.0442017917909584,0.07708543003932589,0.6636443148688047
DDX6:K562,gc,kmer,3878,0.01105294781181887,102.8469937842965,0.019130588950869387,0.010955425942901553,0.0228074604985668,0.5843271349124044
DDX6:K562,gc,cnn,3878,0.011918171587732118,126.35857803700037,0.0235039832268904,0.015594993810077784,0.031147093990218977,0.6192028610633608
DDX6:K562,gc,splicebert,3878,0.05660951969574335,512.112986897343,0.09525823447287673,0.05118562573213248,0.1176191640926218,0.7223676969647481
DDX6:K562,dn,kmer,3910,0.05163493174429801,160.7646794537377,0.029659131176216325,0.045906449483547496,0.0406515465793611,0.6123981397295936
DDX6:K562,dn,cnn,3910,0.07021905926831984,241.22669044044505,0.04450339514430779,0.07166368770064624,0.06425120095902503,0.6446705607629464
DDX6:K562,dn,splicebert,3910,0.16846514609402097,763.5100113952403,0.1408583257172621,0.15102435455403462,0.1883572713079114,0.7501374271492207
DDX6:K562,neg2,kmer,3878,0.02944048241877506,185.64486109508562,0.0345318360583291,0.02150430335146103,0.042961131898295535,0.6152741120950198
DDX6:K562,neg2,cnn,3878,0.008500098810523382,49.01896265969117,0.009118026603746499,0.011459509227132347,0.015756445539846897,0.5762422264843589
DDX6:K562,neg2,splicebert,3878,0.06189422034241354,451.81933294281407,0.08404300038864843,0.05573662299919069,0.10930679785664821,0.7023164750788689
DGCR8:K562,gc,kmer,2472,-0.0006035232140424451,-2.6849710403089375,-0.0007834940139126445,0.001229772792345818,0.0004320189983210154,0.5164646631266954
DGCR8:K562,gc,cnn,2472,0.009964024256134851,36.842434687899186,0.010750889526397134,0.012276423595371622,0.014877453081108938,0.5770611430546391
DGCR8:K562,gc,splicebert,2472,0.053329981881212074,187.4062572329958,0.054686504438026806,0.05360194689009612,0.07798840427323533,0.657769608613232
DGCR8:K562,dn,kmer,2506,-0.003603164058295194,-5.4892698139492495,-0.0015800762846539529,-0.0036841497016926184,-0.0009358255427077133,0.48990547187946054
DGCR8:K562,dn,cnn,2506,0.02772340795498629,36.7827485538005,0.01058784695307935,0.02878798553066164,0.01866886990852684,0.5699031024662916
DGCR8:K562,dn,splicebert,2506,0.09304277873566325,159.7270690846999,0.04597714494497718,0.07613307290627902,0.07284051879419218,0.6547242722812416
DGCR8:K562,neg2,kmer,2472,-0.0011383154763774384,-2.815565947635605,-0.0008216025546015082,-4.343600709444395e-06,0.0003956828561705872,0.5151528838198176
DGCR8:K562,neg2,cnn,2472,-0.003293849038028429,-15.52499188027059,-0.004530305177084859,-0.001004777203177043,-0.003952158670016359,0.5276088960107246
DGCR8:K562,neg2,splicebert,2472,0.07914467276212023,271.7442476590272,0.0792969414417033,0.09375781684851603,0.11361577970983722,0.7038278558037724
DHX30:K562,gc,kmer,1590,0.010985324947589081,41.150623153487686,0.01866911948208405,0.007803700934225666,0.021363922128122104,0.590405442822673
DHX30:K562,gc,cnn,1590,-0.0012768482259404301,3.051955057050691,0.0013846039074915106,-0.002189564569064273,0.007508206331969913,0.5809865116095091
DHX30:K562,gc,splicebert,1590,0.025244254578537184,83.62147007302792,0.03793719502710757,0.026923316547210585,0.061544806442021927,0.6676539693841224
DHX30:K562,dn,kmer,1648,0.0016893086059006635,1.0568099391907708,0.0004625772021943364,-0.0021173903874890376,0.0013360626333154269,0.5308979993401828
DHX30:K562,dn,cnn,1648,0.01260722028466399,20.142434408827285,0.008816562570705733,0.01427165157467547,0.014498735569591525,0.5632231477990386
DHX30:K562,dn,splicebert,1648,0.08732561975681019,144.10502275002546,0.06307633546379032,0.0710318891530144,0.08820066237221302,0.6722107997926289
DHX30:K562,neg2,kmer,1590,0.0036296032593645666,9.3590974875558,0.004246013689463313,0.0017286166922124702,0.006185581415432295,0.5347225188877022
DHX30:K562,neg2,cnn,1590,0.0010410980578298146,2.0575506806740123,0.0009334648312535609,0.005325924814544192,0.0016592032107363153,0.5315596693168783
DHX30:K562,neg2,splicebert,1590,0.03919623432617381,132.21693103958864,0.059983871299488234,0.0265667933574274,0.08396352831823306,0.6850725841541079
DROSHA:HepG2,gc,kmer,4304,0.01736864471193056,131.76633863734696,0.022083950198442892,0.011751745330089713,0.0266994705943287,0.5859311300286065
DROSHA:HepG2,gc,cnn,4304,0.029753380619394365,224.45111584947608,0.037617856849213926,0.02548534570520633,0.050292185766513786,0.6518806314865743
DROSHA:HepG2,gc,splicebert,4304,0.07491863711115099,625.6960712765767,0.10486624292918512,0.0734346696613748,0.13666867520029646,0.7319440461712802
DROSHA:HepG2,dn,kmer,4368,0.04426842235908168,177.47182472502573,0.029308347233094056,0.04323506904766261,0.03827319186155048,0.6077344892592145
DROSHA:HepG2,dn,cnn,4368,0.047741483181043654,167.1033226415202,0.027596054818107785,0.04136645015092433,0.04811272396683036,0.6259778072964886
DROSHA:HepG2,dn,splicebert,4368,0.13458771082397458,658.2837985811948,0.1087113978606501,0.13057458338845485,0.1485879929724268,0.7229578838438728
DROSHA:HepG2,neg2,kmer,4304,0.017906313483782688,105.06915393038344,0.017609519903085902,0.026626401345101636,0.023334357529197325,0.580339590732577
DROSHA:HepG2,neg2,cnn,4304,0.010505270449551518,53.139399441660316,0.008906127793947616,0.015401078786222766,0.014199132488150301,0.5704177664764168
DROSHA:HepG2,neg2,splicebert,4304,0.08036291130581397,546.6803344455029,0.09162325830112072,0.09205865436508842,0.12017554320008789,0.7033949140420945
DROSHA:K562,gc,kmer,7572,0.009727918549977788,172.51673389530242,0.0164348280811617,0.008335328065216085,0.018929886981901067,0.5676671413490187
DROSHA:K562,gc,cnn,7572,0.018536541192577194,343.53863280974656,0.03272725052221315,0.02198131484571808,0.041911409340191275,0.6434664620593177
DROSHA:K562,gc,splicebert,7572,0.06445522177098073,1299.1190058444063,0.123760733442705,0.06261033048597664,0.1441240416099358,0.7431171756595392
DROSHA:K562,dn,kmer,7832,0.024137440384958575,227.3472104961602,0.020939267948336893,0.021559120774235496,0.0278940466153752,0.5889117718252871
DROSHA:K562,dn,cnn,7832,0.05674058184071851,585.122145175952,0.053891267694053724,0.049413880370604235,0.07273640064164866,0.6598598661785129
DROSHA:K562,dn,splicebert,7832,0.11911316137352224,1430.7316949953583,0.13177410120099997,0.09929519774651752,0.17200448346786512,0.740870264836333
DROSHA:K562,neg2,kmer,7572,0.015823233426790706,335.3821468163733,0.03195022187101659,0.012832029910707532,0.03521054044774552,0.5923031833298031
DROSHA:K562,neg2,cnn,7572,0.0007874396984581811,32.16852350433601,0.0030645383869799536,0.0006079100395695036,0.008118514699117896,0.5737517821517761
DROSHA:K562,neg2,splicebert,7572,0.027569319390341462,678.4180111857613,0.06462957609531506,0.017542004142020784,0.08270980174245235,0.6808017220281355
EFTUD2:HepG2,gc,kmer,14248,0.020365142415054938,653.4888569131108,0.03308482359435505,0.018149932148089687,0.038754323569302696,0.6060144260916197
EFTUD2:HepG2,gc,cnn,14248,0.034313000695784135,1119.6558728653108,0.056685919963678666,0.046600544030424684,0.07223671241781182,0.6697521856353216
EFTUD2:HepG2,gc,splicebert,14248,0.1071977240577674,4130.441988139282,0.2091159521676057,0.12548828468982987,0.23823870829383115,0.7999265872121378
EFTUD2:HepG2,dn,kmer,14818,0.03690830577243143,841.771583735328,0.040977854279127035,0.027249236406704735,0.050759893240166,0.6238304101370804
EFTUD2:HepG2,dn,cnn,14818,0.07199225347816252,1594.4841338525694,0.07762027104485214,0.06733526601646378,0.1043713005647604,0.6899785603997691
EFTUD2:HepG2,dn,splicebert,14818,0.16960685953532273,4744.226260735337,0.2309512653265644,0.16384681343008667,0.2796462779110532,0.8113901954594407
EFTUD2:HepG2,neg2,kmer,14248,0.0040935441829201835,171.43321760055733,0.008679318250841006,0.0022314206242811663,0.009779306569609403,0.5592493295157159
EFTUD2:HepG2,neg2,cnn,14248,0.010557152184405671,386.49997981523666,0.019567714913781842,0.017523814050578346,0.025137529960719718,0.6167301946650668
EFTUD2:HepG2,neg2,splicebert,14248,0.052232337503518966,2064.168080467327,0.10450466919046553,0.07243640007440577,0.11550615202917774,0.7205204052004424
EIF3H:HepG2,gc,kmer,5654,0.039536387272709805,229.37984028365827,0.029264693850118206,0.05367122032722893,0.04023017304586862,0.6142722238898768
EIF3H:HepG2,gc,cnn,5654,0.051035988933335164,296.7075675631222,0.037854486763136186,0.058659262234189824,0.060652102374617434,0.644680276814271
EIF3H:HepG2,gc,splicebert,5654,0.18017377281504887,1560.2363763469602,0.19905777173419936,0.20460673234760263,0.258891261393664,0.794891821486402
EIF3H:HepG2,dn,kmer,5664,0.08461272403364295,244.6203028403288,0.031153998747219136,0.06529345583101309,0.043046097973800324,0.6181737567429538
EIF3H:HepG2,dn,cnn,5664,0.11215759061093555,365.32441532065786,0.046526458536261694,0.09043713261107733,0.07118510625467872,0.6524956160825434
EIF3H:HepG2,dn,splicebert,5664,0.262055897690638,1612.1268331609044,0.20531491768054966,0.23259455357969405,0.26928573023788194,0.8022924297376233
EIF3H:HepG2,neg2,kmer,5654,0.006436868996208767,49.78215124500639,0.006351296668372308,0.012943222266607934,0.009345172756029418,0.5642924255207973
EIF3H:HepG2,neg2,cnn,5654,0.00263490829310431,17.200334338906032,0.0021944496862726925,0.004240860547312653,0.0033088521976166185,0.5613918742271109
EIF3H:HepG2,neg2,splicebert,5654,0.05452363252976855,441.6971708309393,0.056352521925405075,0.06359366925404641,0.07550480924402808,0.6924408362486704
ELAC2:K562,gc,kmer,26288,0.005313433871134254,761.8266563807429,0.020904662568044685,0.0044622764217425726,0.0197452808811438,0.5851928544028799
ELAC2:K562,gc,cnn,26288,0.006424858600773686,1093.8613068417817,0.03001575400945211,0.00585031360437005,0.03668518820155642,0.7168157742561538
ELAC2:K562,gc,splicebert,26288,0.014108608367855768,2381.5321306244314,0.06534967655526458,0.011758615980003828,0.07332012606256133,0.7417734369124958
ELAC2:K562,dn,kmer,25866,0.020144713977083062,1325.288444261987,0.03695946544274764,0.01032285382152942,0.037968276784761945,0.6208995191982346
ELAC2:K562,dn,cnn,25866,0.031813995067357825,2436.239899389824,0.06794152983193247,0.02034184872957101,0.07713447862791878,0.7088697334881822
ELAC2:K562,dn,splicebert,25866,0.06117152184671848,4916.670159521396,0.1371154344859713,0.041679949258306426,0.1546485092846977,0.7675613089794449
ELAC2:K562,neg2,kmer,26288,0.010377088759594977,1426.1983514391504,0.03913514320118061,0.007945390391838059,0.03539876390846741,0.5883862723003842
ELAC2:K562,neg2,cnn,26288,0.010325839875100384,1341.815684197256,0.03681966740296727,0.008819572086403937,0.0443353436779822,0.7043272476623933
ELAC2:K562,neg2,splicebert,26288,0.021970322693631084,3090.0088778124955,0.08479040787284986,0.017656445741973115,0.09403068338431497,0.7423419441337843
ELAVL1:K562,gc,kmer,17642,0.0064049959824594715,604.43149068395,0.024714043593891177,0.007788835152136575,0.025659122762415887,0.5806192288216375
ELAVL1:K562,gc,cnn,17642,0.01395074448039424,1582.0719630812382,0.06468788616559262,0.015741452735818284,0.07523662450946333,0.7257181113681717
ELAVL1:K562,gc,splicebert,17642,0.022321707811463698,2580.5824751215005,0.10551506460329763,0.027299499353440337,0.1160865262901597,0.7568481682203456
ELAVL1:K562,dn,kmer,17608,0.05055065115377522,1320.7559552316634,0.05410745305648812,0.04610882936056648,0.06844099618925381,0.6462768694210078
ELAVL1:K562,dn,cnn,17608,0.1369407822556391,4493.409962705802,0.18408167508736717,0.13758674506796664,0.22926667491872005,0.7802488506835005
ELAVL1:K562,dn,splicebert,17608,0.1691210507759371,6171.93655129227,0.25284592955561935,0.16939258149773562,0.30902696694883114,0.8215641882247156
ELAVL1:K562,neg2,kmer,17642,0.012646028550479804,1407.9566428041671,0.05756864489174274,0.013347283942883426,0.05362518088607415,0.6001146947088745
ELAVL1:K562,neg2,cnn,17642,0.0132334591624238,1614.5518287241057,0.06601592553447677,0.012367671880541997,0.07602419248540149,0.718941004028002
ELAVL1:K562,neg2,splicebert,17642,0.024567767545579322,3087.6995829556954,0.12625010985390284,0.02506386409701178,0.12948612593013298,0.7653258786998968
EXOSC5:HepG2,gc,kmer,1426,-0.00047209802328607164,-2.811764425326828,-0.0014223417224989987,-0.000667488247361625,-7.100679439064894e-05,0.4875159578967246
EXOSC5:HepG2,gc,cnn,1426,1.1102230246251565e-16,0.0398249376773947,2.0145596104748087e-05,0.00026026085723362957,0.0029788839003519474,0.6466365966453502
EXOSC5:HepG2,gc,splicebert,1426,0.002610308653753446,16.053949062273773,0.008120951156671219,0.0024413369370426263,0.016065216506864877,0.6592907907445182
EXOSC5:HepG2,dn,kmer,1454,0.0005032836419571751,-1.4856655727612633,-0.0007370572057229241,0.0008417403214666663,0.002576538287909491,0.5331154960276542
EXOSC5:HepG2,dn,cnn,1454,-0.0063496988812346,-19.684129821412625,-0.009765542117457615,-0.013379450053478847,0.0020471531073478766,0.5499452253329523
EXOSC5:HepG2,dn,splicebert,1454,0.041640099218775095,74.8783882304001,0.037148101571443215,0.036864457019454955,0.07416022669268063,0.6648641796382035
EXOSC5:HepG2,neg2,kmer,1426,-0.001194014583894898,-7.43728486648115,-0.0037621788199687645,-0.001470666666407272,-0.0005938325996555638,0.4949121602615423
EXOSC5:HepG2,neg2,cnn,1426,0.0032732129614509997,21.59052157493238,0.010921647407559965,-0.0005423446981180913,0.0043268762163251595,0.6195499725593023
EXOSC5:HepG2,neg2,splicebert,1426,0.024846125550535003,104.3029514571972,0.052762044466122204,0.02276271286275222,0.06266700051355684,0.6926897588169223
FASTKD2:HepG2,gc,kmer,1646,0.0015664470294349808,8.984099589860989,0.003937216259156995,0.003612421752502537,0.004426713433842211,0.5412170451877891
FASTKD2:HepG2,gc,cnn,1646,0.0031018899235084607,9.57199707320774,0.004194858052527395,0.0036904102439727637,0.010079383763798355,0.5760228780991217
FASTKD2:HepG2,gc,splicebert,1646,0.05434877290061424,226.70637569989162,0.09935241918594884,0.046010798757133764,0.12417780756035973,0.7197388565970156
FASTKD2:HepG2,dn,kmer,1736,0.009022807874450534,11.561025158939628,0.004803869142970818,0.0058963528894764305,0.007245727516211942,0.5503527893987981
FASTKD2:HepG2,dn,cnn,1736,0.014334557964705175,14.433537019681808,0.005997463214511001,0.007740004184890181,0.014190823869397962,0.5663477669944148
FASTKD2:HepG2,dn,splicebert,1736,0.1386523391874961,266.6015536451305,0.11077901478603769,0.11173900265128323,0.15092456415143068,0.7216640298158805
FASTKD2:HepG2,neg2,kmer,1646,-6.200827072211368e-05,-0.8098793138080964,-0.0003549237149907958,0.0009052829619528024,0.00109932662295803,0.5252351516028401
FASTKD2:HepG2,neg2,cnn,1646,-0.002312022665499347,-12.996043560858652,-0.005695421505597764,-0.006893887761934336,0.004722906593427112,0.5317032047941251
FASTKD2:HepG2,neg2,splicebert,1646,-0.0037337837299156185,-10.435356300136846,-0.004573218950217783,-0.006013745509935942,-0.005307097045678166,0.5162498578977129
FASTKD2:K562,gc,kmer,1016,-0.0003681257362514456,-1.7258834254777184,-0.0012253560330163227,-0.00013447385097864473,0.0014293575129981084,0.5146397792795585
FASTKD2:K562,gc,cnn,1016,-0.0007711265422533087,-0.05566252279004402,-3.9519707476731725e-05,-0.0005112868157459705,0.010896335105331834,0.6412750325500651
FASTKD2:K562,gc,splicebert,1016,0.005483135966271702,30.391142920211223,0.021577338178118244,0.0028806205085408765,0.03806445440721706,0.6825748651497303
FASTKD2:K562,dn,kmer,1084,0.0012765349055705588,-0.32359164475656144,-0.00021533397655137954,0.0010540480756329185,0.004450799681214701,0.5306402418267725
FASTKD2:K562,dn,cnn,1084,0.05843466183739332,119.52185529078497,0.07953578777945747,0.052292874187542804,0.10302008629031284,0.6804645906237661
FASTKD2:K562,dn,splicebert,1084,0.0606132814095669,124.95054706941073,0.0831483093235249,0.05495983464466958,0.11353038355922374,0.7027614003077298
FASTKD2:K562,neg2,kmer,1016,0.0012322524645052013,1.2025668269770904,0.000853807675992857,0.0019508945301870417,0.006600144755603443,0.531251937503875
FASTKD2:K562,neg2,cnn,1016,-0.0011625023250045885,-0.43608271233426876,-0.0003096133693415437,-0.001362241809448772,0.006872871201930364,0.5966349432698865
FASTKD2:K562,neg2,splicebert,1016,0.0013407526815055748,23.392425744892307,0.016608334949074544,0.0008532672646933692,0.02686209851060717,0.6677723355446712
FKBP4:HepG2,gc,kmer,2740,0.001349565773349548,11.214420222323042,0.0029523701535019153,0.00029357342934965835,0.005127940280732324,0.5359038840641484
FKBP4:HepG2,gc,cnn,2740,0.017604560711811934,153.33441802731704,0.04036766505211775,0.027012154593383686,0.05264718946254138,0.6550119878523097
FKBP4:HepG2,gc,splicebert,2740,0.03047418615802644,237.1556793831951,0.062434912876786264,0.04020479832191193,0.08303483470375583,0.7067803292663435
FKBP4:HepG2,dn,kmer,2906,0.008691228580401056,52.372888968498046,0.013000362558823197,0.006087068235427928,0.01664418159522507,0.5691094533985029
FKBP4:HepG2,dn,cnn,2906,0.05101531871074827,264.00522221571464,0.0655332114348589,0.05189226401369551,0.08185251504361113,0.674040798424031
FKBP4:HepG2,dn,splicebert,2906,0.09606296676454107,522.187787554135,0.12962108250466797,0.09110293636633626,0.16860412293395272,0.7447850970699728
FKBP4:HepG2,neg2,kmer,2740,9.004209068141922e-05,2.3929699936852558,0.0006299864859280468,-0.0004185222507211428,0.002009455477010258,0.5337236933240982
FKBP4:HepG2,neg2,cnn,2740,0.0020246150567424515,34.94688820854685,0.0092003106410532,0.0008239887319664296,0.014425291688180186,0.641093824924077
FKBP4:HepG2,neg2,splicebert,2740,0.009516223560125714,98.13817049328463,0.02583639633076229,0.006878927274549751,0.03962537673387179,0.6911529649954712
FMR1:K562,gc,kmer,8864,0.06827122486282888,650.495915908059,0.052937005415110594,0.06314213095475718,0.07084872650872981,0.6466969993418396
FMR1:K562,gc,cnn,8864,0.06353509592201123,627.6789477035545,0.05108017289724287,0.05825940429257981,0.07181331893474657,0.6563941762566956
FMR1:K562,gc,splicebert,8864,0.21643757982640188,3360.149998224015,0.27344718744815244,0.21671431627206783,0.3377695766761277,0.8312243313316998
FMR1:K562,dn,kmer,8890,0.10551727715700343,632.7531148919261,0.05134250736567081,0.06975865642966828,0.06931726646857617,0.6512198461131616
FMR1:K562,dn,cnn,8890,0.10674670165666877,634.2355578822753,0.05146279494444339,0.07483878796737198,0.07308189772807616,0.6542156921048535
FMR1:K562,dn,splicebert,8890,0.28542943943030763,3357.26602738176,0.27241344480588625,0.24957218462435327,0.3448098337328752,0.8408556523235495
FMR1:K562,neg2,kmer,8864,0.012127045755190413,227.47991777717652,0.018512192536042527,0.014898870490385407,0.023491687313571707,0.5860840181026731
FMR1:K562,neg2,cnn,8864,0.012306298791851855,221.86938699546954,0.01805561057893945,0.014189353950259997,0.026546615361339454,0.6221604099330109
FMR1:K562,neg2,splicebert,8864,0.06149733355380638,1619.8464869528707,0.13182223001626325,0.06023472685447284,0.15470957279281017,0.7489512602796857
FXR1:K562,gc,kmer,2846,0.031789756579119643,87.32655892680123,0.022133800685452232,0.034221269404947297,0.03353299368777801,0.5988688986132353
FXR1:K562,gc,cnn,2846,0.008155347668980073,22.3298525682917,0.00565972726002395,0.0031055042222656315,0.00876403581472629,0.5568703890358625
FXR1:K562,gc,splicebert,2846,0.1636763560598915,760.9644207109691,0.1928741384491669,0.14939587636901508,0.26852212812089643,0.7943043928947633
FXR1:K562,dn,kmer,2850,0.06842031394275161,130.4117256868849,0.0330077806881125,0.04933368527341986,0.04711887992982117,0.6213023084025854
FXR1:K562,dn,cnn,2850,0.027694429055093783,39.35773381325498,0.009961615332107154,0.016081985096372153,0.019253959072975724,0.5782584179747614
FXR1:K562,dn,splicebert,2850,0.25539870729455205,979.5338831524632,0.247924329053819,0.21219124145395862,0.3173215984883286,0.8242053554939981
FXR1:K562,neg2,kmer,2846,0.0099667692052412,44.17555319961775,0.011196741308786895,0.014034345678412219,0.016500514487458595,0.5767061462401891
FXR1:K562,neg2,cnn,2846,-7.407667132919293e-06,6.461556211177594,0.0016377468556378894,-0.0017391065773858516,0.0032398620896878505,0.5477579707732962
FXR1:K562,neg2,splicebert,2846,0.05883761850415503,355.04021853604945,0.08998853875581381,0.06643065653596503,0.1293749080008687,0.7400047112762965
FXR2:K562,gc,kmer,9424,0.04919834054438921,498.12333272975957,0.03812818664475315,0.0474026833446628,0.051050407226158945,0.6286310049694311
FXR2:K562,gc,cnn,9424,0.022610515074036996,201.45928347159315,0.015420432364468994,0.025194140257521536,0.0297355061998843,0.6043230122996301
FXR2:K562,gc,splicebert,9424,0.1769610372390258,2624.99191128042,0.20092650746911633,0.1844048892655048,0.25517015171709445,0.7914663929251904
FXR2:K562,dn,kmer,9490,0.0911906604589603,616.9872388486147,0.046898020536284,0.06883125940336854,0.06330802858931289,0.6434134983194556
FXR2:K562,dn,cnn,9490,0.0613787903855314,348.8223219638912,0.026514448580014616,0.04291113391644197,0.0390008777754729,0.6122031399032424
FXR2:K562,dn,splicebert,9490,0.22882661689249728,2585.834864088918,0.19655274683766433,0.20209283736493133,0.2561998760802224,0.7923149985398639
FXR2:K562,neg2,kmer,9424,0.008771134134284209,218.94712665376574,0.01675901601444596,0.010657687083547973,0.01905497008626067,0.5771821520605556
FXR2:K562,neg2,cnn,9424,0.008327138959590252,172.58501163909568,0.013210289708376899,0.008711273517087115,0.018945101732375236,0.6011094744913107
FXR2:K562,neg2,splicebert,9424,0.047918375148809145,1094.8112274534233,0.08380086632834327,0.052746132183755234,0.10316760105414274,0.707286565241078
G3BP1:HepG2,gc,kmer,12956,0.06713329300081461,1256.2428073832652,0.06994347284517854,0.07573038536739451,0.08753346088361857,0.667373534248628
G3BP1:HepG2,gc,cnn,12956,0.0664540281253071,1223.7680743401834,0.06813538638657057,0.06958736683467293,0.09124436555940912,0.6791159877004564
G3BP1:HepG2,gc,splicebert,12956,0.21936202051239329,6344.148845837692,0.35322136765018064,0.22941373096302542,0.41305518154821047,0.8679775021182198
G3BP1:HepG2,dn,kmer,12964,0.11941670575464902,1260.3243092809062,0.07012741557047875,0.10127695488284949,0.09324476252572755,0.6740842202187891
G3BP1:HepG2,dn,cnn,12964,0.12336678953637159,1308.6682363888394,0.07281738563742235,0.11510252820432076,0.09943780012172654,0.6799161678208688
G3BP1:HepG2,dn,splicebert,12964,0.324669192859423,6751.317741348119,0.37565923422202296,0.3123789623446842,0.4549549734128385,0.8842503213750922
G3BP1:HepG2,neg2,kmer,12956,0.02361973520274896,612.9586831788656,0.03412752595291679,0.03382249670636228,0.040638391380376004,0.6264266230462884
G3BP1:HepG2,neg2,cnn,12956,0.028901582585883823,807.5015772699735,0.04495903523608402,0.03826268470538152,0.05813890806015776,0.6823041598700463
G3BP1:HepG2,neg2,splicebert,12956,0.0943138011657666,3070.3795551973963,0.170948647650901,0.11490041777044158,0.19877630156111564,0.787716060085476
GARS:K562,gc,kmer,1114,0.0014762336059100933,8.733860815939124,0.005655429841548432,0.014073365669236892,0.008764374939093655,0.5734071665017454
GARS:K562,gc,cnn,1114,0.01282840557100895,29.54857999729984,0.01913356814515954,0.021818919033347983,0.024373110830790856,0.5623805395021418
GARS:K562,gc,splicebert,1114,0.05831767386840869,125.61992592137358,0.0813425691937184,0.05375159706084953,0.10662556845327964,0.7089563544121013
GARS:K562,dn,kmer,1132,0.04611432281586736,49.548647853056764,0.03157402320687208,0.04865722308897835,0.04573460493514597,0.6214960856047647
GARS:K562,dn,cnn,1132,0.030853175841875857,10.186794745264933,0.006491359656160545,0.03557066931403585,0.03729845607603438,0.5949693466019054
GARS:K562,dn,splicebert,1132,0.14674611994156506,202.26185263015077,0.12888788504882187,0.10715543396070215,0.16848960497693288,0.7417529248710809
GARS:K562,neg2,kmer,1114,0.006820328188003821,15.974555365924061,0.01034399093663596,0.01850786114520564,0.015556531370210402,0.5722532546438506
GARS:K562,neg2,cnn,1114,-0.00019016983132902343,-1.187544661604079,-0.0007689698357855601,0.0003012417152060687,-0.0017860121333198586,0.5150218050662532
GARS:K562,neg2,splicebert,1114,0.038046859135726585,108.20801414325751,0.07006784802016186,0.05785040621520998,0.08806484200631404,0.6934591247675254
GEMIN5:K562,gc,kmer,5020,0.013890731893144714,115.75008232806704,0.01663267627063658,0.01090268627098756,0.02162876487300247,0.5775195631815369
GEMIN5:K562,gc,cnn,5020,0.015534515325153708,138.03516961175137,0.019834925763659417,0.012198084686753097,0.02832764037240959,0.6097071475055951
GEMIN5:K562,gc,splicebert,5020,0.07116379105093562,743.7289919170153,0.10686993310797066,0.06918260760200678,0.14193105499519998,0.7307666544975477
GEMIN5:K562,dn,kmer,5280,0.03991520316804387,227.343273793962,0.031059376295644925,0.043271169685915156,0.04077875393985719,0.6154683195592286
GEMIN5:K562,dn,cnn,5280,0.03621929522497691,175.61206660374773,0.023991918334231976,0.03844769452480379,0.04060331875898665,0.6173925332874197
GEMIN5:K562,dn,splicebert,5280,0.14905432162534427,1069.8277038009783,0.14615862906053967,0.14338401600113393,0.19381715328985605,0.7555622991276401
GEMIN5:K562,neg2,kmer,5020,0.0007028459865718872,11.982629926641039,0.001721840714339895,0.0008372918578011257,0.0026354515873894258,0.5269165568800496
GEMIN5:K562,neg2,cnn,5020,0.0003877716226727834,8.986480029629092,0.001291309778266303,-0.0002724812786473185,0.002970962032895208,0.5660972048062729
GEMIN5:K562,neg2,splicebert,5020,0.009600958714941266,192.01686456127254,0.027591810584621124,0.007484793814111268,0.03587706582034961,0.6416966397358772
GRSF1:HepG2,gc,kmer,1990,-0.0003040327264461906,-1.8016128984468196,-0.0006530597975353825,-9.034579475097892e-05,0.001004033236790547,0.5304350900229792
GRSF1:HepG2,gc,cnn,1990,-0.001939344966036205,1.407297049146564,0.0005101257472013287,-0.0029540627035473666,0.010700016607414431,0.6051119921214111
GRSF1:HepG2,gc,splicebert,1990,0.013115830408322982,108.95151737284095,0.039493420555559156,0.00836248236772219,0.06264355130491167,0.6772990581045933
GRSF1:HepG2,dn,kmer,2016,0.008633314436885864,13.873351942959744,0.004964041678723996,0.010264261283344567,0.008621245500927355,0.554373543398841
GRSF1:HepG2,dn,cnn,2016,-0.0001525494457041976,-3.4924063869757447,-0.001249622364895564,-0.0004437002392982947,0.006341902485161033,0.5495224710254472
GRSF1:HepG2,dn,splicebert,2016,0.0797991071428571,156.43741589443744,0.055975070466366406,0.07234540490124852,0.08299819473413012,0.6675642479213908
GRSF1:HepG2,neg2,kmer,1990,0.00020100502512554463,-1.2389261661242017,-0.0004490936271092094,0.0005994196248652051,0.0019466775135563719,0.5234746597308149
GRSF1:HepG2,neg2,cnn,1990,-0.0008019999494962571,-5.2480804337037625,-0.0019023566874096787,-0.00013153066671067748,-0.001691898557666549,0.5280593924395849
GRSF1:HepG2,neg2,splicebert,1990,0.009147243756470802,51.252400556005796,0.01857828746628254,0.010921115300691397,0.028872164169458425,0.6237731370419939
GRWD1:HepG2,gc,kmer,44144,0.07975726553947593,5637.289266738102,0.09211772006591645,0.07935513767773361,0.11200090211131625,0.688208335375044
GRWD1:HepG2,gc,cnn,44144,0.08704091767087074,6163.814130952247,0.10072154856476667,0.08967532856453775,0.12791036269818556,0.711122646684921
GRWD1:HepG2,gc,splicebert,44144,0.20978848047596954,21001.087513853723,0.3431742117786323,0.2228761821309886,0.39731891131290137,0.8683455635357796
GRWD1:HepG2,dn,kmer,44156,0.15522073978938422,6340.553970310604,0.10358145857251488,0.13117262109810557,0.13431860038474835,0.710833212203419
GRWD1:HepG2,dn,cnn,44156,0.18858040234705997,8749.340225461827,0.14293221481026475,0.18446403150312407,0.1847247844443125,0.7480833873456634
GRWD1:HepG2,dn,splicebert,44156,0.3195110150646333,22404.323270972163,0.3660046888022549,0.3099613040988789,0.4428845323372574,0.8813336321090578
GRWD1:HepG2,neg2,kmer,44144,0.02461667307205484,3137.9161087717657,0.051276005899449695,0.02749013072693074,0.05659711720802019,0.6446075611583744
GRWD1:HepG2,neg2,cnn,44144,0.02510462275362013,3199.3403564822,0.05227972619623045,0.026649052526540262,0.06343871695300979,0.6941704369343942
GRWD1:HepG2,neg2,splicebert,44144,0.05861311118470769,8737.059115549164,0.14277038621280902,0.059732145682036886,0.16131830433087407,0.7720900520665768
GRWD1:K562,gc,kmer,8746,0.04829727394507466,886.6672126871126,0.07313002462054297,0.04810540302798805,0.0863756993159906,0.6607536873280518
GRWD1:K562,gc,cnn,8746,0.024925471140209376,419.7690248461877,0.0346214664111818,0.028427429457233422,0.04784208143239621,0.6406372618204896
GRWD1:K562,gc,splicebert,8746,0.13078121263523346,3025.617225206205,0.24954510441534528,0.13476740267607923,0.2900361485928953,0.8220341451443434
GRWD1:K562,dn,kmer,8750,0.13541840979591846,1136.5626931114712,0.09369790634350428,0.10769643046456201,0.12233046813801601,0.7004076930612245
GRWD1:K562,dn,cnn,8750,0.11982142693877551,930.1367794184152,0.07668021251516455,0.10478221847135971,0.1062645373974695,0.6880599771428573
GRWD1:K562,dn,splicebert,8750,0.27597317224489804,3571.6219973488405,0.294443505343149,0.26465378132592765,0.36690327861553984,0.8479241926530613
GRWD1:K562,neg2,kmer,8746,0.00936828904934961,219.89092069145772,0.018136035948895124,0.006133216400227903,0.02135428584207133,0.5873285695034531
GRWD1:K562,neg2,cnn,8746,0.005123063281118889,136.3277106557216,0.011243957929267911,0.0058103084774661085,0.014961906575476969,0.6187329489854929
GRWD1:K562,neg2,splicebert,8746,0.024485741846954068,655.1245876527137,0.05403298615201213,0.022974699839845236,0.0689849593646128,0.6992043509197684
GTF2F1:HepG2,gc,kmer,8502,0.010589064767358547,299.2695086923877,0.02539135709714102,0.012287007413147255,0.03136936746345004,0.6025380663749618
GTF2F1:HepG2,gc,cnn,8502,0.02834087608096547,1087.1198884581636,0.0922360898571134,0.031875035994825995,0.10116008758430817,0.7303847196953838
GTF2F1:HepG2,gc,splicebert,8502,0.04373150109393498,1718.4838197205772,0.14580381584090807,0.051200148778737686,0.15572259736738925,0.7683464795337016
GTF2F1:HepG2,dn,kmer,8940,0.02084550745962399,343.51342225197914,0.027717288073922042,0.018143539032839273,0.036249787353484775,0.6073884059276609
GTF2F1:HepG2,dn,cnn,8940,0.07712014974300463,1488.9024857389304,0.12013603090284142,0.0884039348066109,0.14760168895389214,0.7342564649240024
GTF2F1:HepG2,dn,splicebert,8940,0.1101075527128409,2281.3690624624305,0.18407829042796708,0.11469723483430383,0.22290990330251959,0.7846107532693722
GTF2F1:HepG2,neg2,kmer,8502,0.010136350498790803,329.62180609260395,0.027966581099662657,0.013261844360246577,0.03236934371541128,0.5973831222741894
GTF2F1:HepG2,neg2,cnn,8502,0.019676165144365876,649.6933930942687,0.0551228791058237,0.02446418840245501,0.06200544163038196,0.6760588967927124
GTF2F1:HepG2,neg2,splicebert,8502,0.03291400404438016,1127.5376706040897,0.09566531438461623,0.03537169657294992,0.10505071940562166,0.719929183779028
HLTF:HepG2,gc,kmer,7284,0.024369722811026673,182.23832389225754,0.01804738647304205,0.03197110663160063,0.024862201465670253,0.5890749692178112
HLTF:HepG2,gc,cnn,7284,0.054807072650790434,435.3737325679831,0.04311583778893102,0.0678609888346473,0.06046594239534442,0.6442517598545977
HLTF:HepG2,gc,splicebert,7284,0.13777000947816997,1413.800185375676,0.1400111557008089,0.14831994721892516,0.18346380364596943,0.749675365895657
HLTF:HepG2,dn,kmer,7290,0.0654130938335582,203.59653742044975,0.020145933805119864,0.05075955017978162,0.027959305913374366,0.5925837110798753
HLTF:HepG2,dn,cnn,7290,0.11722881749808534,490.4431656712459,0.04852948717090477,0.09459976576340945,0.07077424555732986,0.6504516587918509
HLTF:HepG2,dn,splicebert,7290,0.20434787681040778,1281.1299890017472,0.12676816748058672,0.17779539504150232,0.17177583389049417,0.739757150840827
HLTF:HepG2,neg2,kmer,7284,0.01036280914500165,146.16170292627976,0.014474654309419965,0.02392486270464489,0.01642532350118009,0.5728761345230653
HLTF:HepG2,neg2,cnn,7284,0.00015236542612118154,3.5804519916009667,0.00035457855109988223,0.0009545627953262414,0.001552148051345681,0.5606074382071875
HLTF:HepG2,neg2,splicebert,7284,0.03848150550611418,589.5497383860948,0.05838416281761427,0.06665057650570283,0.0765110736999004,0.6920897540169135
HNRNPC:K562,gc,kmer,1032,0.006651493299681621,39.855483594986936,0.027858192119534442,0.012464751555277598,0.029842233119814154,0.5883397932816538
HNRNPC:K562,gc,cnn,1032,0.011612883841115251,80.7119886557009,0.05641607837881102,0.019136278773388304,0.07287958776253345,0.7107032329787875
HNRNPC:K562,gc,splicebert,1032,0.016033441499909817,120.90094068709465,0.08450735831786926,0.020271059130471114,0.10241004104483431,0.7420264707649781
HNRNPC:K562,dn,kmer,1032,0.051427949041524146,74.37491405071796,0.051986588986198456,0.06303141232607856,0.07358488270953834,0.6579983174088095
HNRNPC:K562,dn,cnn,1032,0.09435280331710827,145.0628401838601,0.10139604658455581,0.07869958473289407,0.14227998645217677,0.7153416261042005
HNRNPC:K562,dn,splicebert,1032,0.13889264467279616,239.65445728561463,0.16751370981244773,0.14301877451277156,0.23754408729218535,0.7764106724355508
HNRNPC:K562,neg2,kmer,1032,0.008912475211826365,70.34108321841359,0.04916702128389694,0.008494891553395334,0.05824246749941453,0.626348326422691
HNRNPC:K562,neg2,cnn,1032,0.004251547382969956,39.05837179462196,0.027301026789388838,0.006593073578475717,0.04188463324266989,0.6847207199086592
HNRNPC:K562,neg2,splicebert,1032,0.017378012138693832,140.0853736134011,0.0979168962272925,0.015794017790888848,0.12118829403062126,0.7681742383270235
HNRNPL:K562,gc,kmer,11672,0.019961011067416767,673.1404087306873,0.04160111075641415,0.015450843915074008,0.045720566359272186,0.5923289468924653
HNRNPL:K562,gc,cnn,11672,0.02696998751809221,959.3851183322004,0.05929147329166107,0.02051762752794628,0.072571693352459,0.7232272590397528
HNRNPL:K562,gc,splicebert,11672,0.04325272316519013,1553.017597997965,0.09597887196045896,0.03168308480640947,0.11321853446753921,0.7538983060402192
HNRNPL:K562,dn,kmer,11680,0.04828037037905797,844.6254647746664,0.05216339766433853,0.03399682311366059,0.0623001165622275,0.6401014202946144
HNRNPL:K562,dn,cnn,11680,0.05458599174329137,1004.1421894288178,0.06201502384573376,0.039745781750077036,0.08126789433920129,0.682035149652843
HNRNPL:K562,dn,splicebert,11680,0.09343008186338908,1912.8732236917895,0.11813753055091736,0.07140100629138812,0.14644948359555193,0.730229111934697
HNRNPL:K562,neg2,kmer,11672,0.02067113390874442,971.7630451852656,0.060056448175460075,0.015257731630564986,0.05788854500312235,0.5796090983101743
HNRNPL:K562,neg2,cnn,11672,0.008988518007160273,343.8692090913719,0.021251645076702075,0.00654970636103136,0.03183674809819026,0.6846510233332285
HNRNPL:K562,neg2,splicebert,11672,0.04405562646540273,1921.4124186001427,0.1187462374835887,0.031178583557560757,0.12772195313558066,0.759431309811099
HNRNPM:HepG2,gc,kmer,26790,0.01274657341375074,1879.4830331984558,0.05060695877996202,0.01998956676830721,0.046563217015207714,0.6141630290254716
HNRNPM:HepG2,gc,cnn,26790,0.017214108154042673,2563.9176595619265,0.06903604502981775,0.022325564505519035,0.07693077452896202,0.7437629407439639
HNRNPM:HepG2,gc,splicebert,26790,0.03275228328777835,5223.548981794163,0.14064927607082933,0.04658972234028225,0.14458202802580145,0.792931850326618
HNRNPM:HepG2,dn,kmer,26846,0.06797457958671271,3116.4499808904948,0.08373848865025002,0.0637746418630748,0.09985954411949993,0.6741037971626211
HNRNPM:HepG2,dn,cnn,26846,0.12595464983199922,6258.901412859661,0.16817563193298002,0.11775204300097641,0.2050304339032336,0.7676449796743954
HNRNPM:HepG2,dn,splicebert,26846,0.17451540646471997,9814.029445148117,0.26370132629914056,0.16645311509694638,0.31499596068623575,0.8278893020759611
HNRNPM:HepG2,neg2,kmer,26790,0.014066281633336009,1815.7265384565835,0.048890251449081656,0.02410143726189573,0.04510955266249095,0.6320990112777676
HNRNPM:HepG2,neg2,cnn,26790,0.017536006830670137,2284.884154159721,0.06152278906704001,0.02351936975944624,0.06878470016212723,0.7486379470313741
HNRNPM:HepG2,neg2,splicebert,26790,0.04370853670753727,6384.240368998078,0.17190205151542848,0.056113435547874624,0.1749063291574705,0.8189668416273503
HNRNPUL1:HepG2,gc,kmer,926,0.0047534858118478684,7.341714521804533,0.0057191442398649706,0.007645744058341064,0.01271360705661867,0.5699751363303462
HNRNPUL1:HepG2,gc,cnn,926,0.018318880061949372,33.20940325664367,0.02586989275876972,0.0294014246438834,0.04034560139762472,0.6466093511655137
HNRNPUL1:HepG2,gc,splicebert,926,0.025619375935886257,48.07498050901518,0.037450073418568985,0.04150927836574936,0.06384234696155316,0.6736981559833745
HNRNPUL1:HepG2,dn,kmer,934,0.0020450366593455227,-0.9771783131875509,-0.000754695024892893,-0.006179590184663297,0.00490754120051029,0.5278670634465745
HNRNPUL1:HepG2,dn,cnn,934,0.04309249893392164,12.604928387443806,0.009735046935399172,0.05097509039093029,0.0458294901649664,0.6094255097689475
HNRNPUL1:HepG2,dn,splicebert,934,0.07739959374383854,60.34075014878704,0.04660240953060757,0.07012462901379468,0.08451246893763881,0.6718174690149435
HNRNPUL1:HepG2,neg2,kmer,926,0.0037365477284495574,-3.991441559495115,-0.0031093050452924986,0.0030926391024095334,0.009771920820906943,0.5488713386730357
HNRNPUL1:HepG2,neg2,cnn,926,-0.012571780434670998,-56.971745001463205,-0.044380590704320544,-0.003748663840458577,0.002629806316249761,0.5319752389571253
HNRNPUL1:HepG2,neg2,splicebert,926,0.0051220092457398,-9.954917199816691,-0.007754810840516102,0.01136174968648751,0.0331614817334544,0.6406336737121504
IGF2BP1:K562,gc,kmer,11412,0.040803342027854184,678.6762143072974,0.04289882618079366,0.05375513204210314,0.052423421507530266,0.6226566595520743
IGF2BP1:K562,gc,cnn,11412,0.060146685178612325,995.7095644234851,0.06293836535048514,0.06680238182878995,0.08361506846295425,0.6740156990341919
IGF2BP1:K562,gc,splicebert,11412,0.1388729176057475,2765.4520156292383,0.17480301037349677,0.15685225135712255,0.21491124161861813,0.7754727223383826
IGF2BP1:K562,dn,kmer,11412,0.06444778244262095,450.46173502591955,0.028473488925347512,0.047150849724271415,0.039241384133871404,0.6120850215286754
IGF2BP1:K562,dn,cnn,11412,0.08461496737742547,632.5945162162461,0.039986022232681884,0.061056256158203204,0.0604495900747522,0.641520188500455
IGF2BP1:K562,dn,splicebert,11412,0.193502476593163,2309.531328534751,0.14598446347944194,0.17916503520549054,0.1942215099149101,0.7554329391006374
IGF2BP1:K562,neg2,kmer,11412,0.02289569437549166,757.0277677614013,0.047851393549098065,0.031580486771896954,0.051653605330294505,0.6390901270564716
IGF2BP1:K562,neg2,cnn,11412,0.03403081155372456,1183.9234157266146,0.0748352804355551,0.04287395640384006,0.0859643210354668,0.7121808615131268
IGF2BP1:K562,neg2,splicebert,11412,0.07422828909840773,2516.675043361827,0.15907792694475664,0.08909803590688892,0.1800105552459595,0.7807759869055135
KHSRP:HepG2,gc,kmer,10560,0.028630193985307528,1046.1513419170496,0.0714619958808268,0.03425313537236074,0.07402640946482675,0.6756902117768595
KHSRP:HepG2,gc,cnn,10560,0.024269398530762154,842.1811879520137,0.057528912092251194,0.024595247867416403,0.07302754097473152,0.7223678905532599
KHSRP:HepG2,gc,splicebert,10560,0.05671319014003684,2120.477893259287,0.14484862409658383,0.06427753446607953,0.16227712593455607,0.7855483456726355
KHSRP:HepG2,dn,kmer,10578,0.09118877098095735,1248.8384816612233,0.0851622747383225,0.08448328435854746,0.10900066290377519,0.691278155509991
KHSRP:HepG2,dn,cnn,10578,0.08751611926149738,1165.9379192634224,0.07950902127555948,0.07584167478208104,0.11219782146051432,0.6956335600370078
KHSRP:HepG2,dn,splicebert,10578,0.14786769245101472,2243.3608901691914,0.15298192622288453,0.13565715159616387,0.20677765056813496,0.7667917814135732
KHSRP:HepG2,neg2,kmer,10560,0.012870681244260829,747.1689388514042,0.051038680056211594,0.013661593501051561,0.046694772606957424,0.6151788481404958
KHSRP:HepG2,neg2,cnn,10560,0.00753723312672161,462.6490439536947,0.03160328983825833,0.005881643967537209,0.03929187912064702,0.6700148502066116
KHSRP:HepG2,neg2,splicebert,10560,0.021509878615702416,1395.5643833222566,0.09533019957671807,0.021560904470168563,0.1068535305801156,0.7318903523875115
KHSRP:K562,gc,kmer,46396,0.020039784504761404,3875.791235763674,0.060259341272492994,0.02793477533873845,0.05798784694381032,0.6396902937360611
KHSRP:K562,gc,cnn,46396,0.02000337810916153,3786.3206249883515,0.05886828593937299,0.024988997085321096,0.06734760644367743,0.7186901169888824
KHSRP:K562,gc,splicebert,46396,0.04010185473341221,7934.9489676713165,0.12336959571263051,0.05069796490694345,0.13297277672445906,0.7693251993556767
KHSRP:K562,dn,kmer,46384,0.06961335839659244,5248.488382239142,0.08162263023046468,0.06596741369177328,0.09866558980609097,0.6825744183623166
KHSRP:K562,dn,cnn,46384,0.08748015018024913,6663.535388318334,0.10362893949977336,0.07952454001185738,0.12914479375714222,0.7150643228160536
KHSRP:K562,dn,splicebert,46384,0.1291442629406413,10701.718094072938,0.16642932501844077,0.12067500760138028,0.20897914853961047,0.7721129308574367
KHSRP:K562,neg2,kmer,46396,0.007720911618821602,3029.082578070047,0.04709503420364691,0.011367754192297963,0.040668551326797586,0.624298731839179
KHSRP:K562,neg2,cnn,46396,0.007607347895837169,2982.469710246083,0.04637031490401722,0.009639210267511356,0.04931229827799899,0.7266186279395777
KHSRP:K562,neg2,splicebert,46396,0.013110299463713448,5742.9522796773745,0.08928925741392046,0.016647870356122585,0.08953782375685193,0.7632894028749798
LARP4:HepG2,gc,kmer,10842,0.033045259335505284,423.7185998090208,0.028191141979196144,0.02447246312445217,0.036469752676240974,0.6057641818093777
LARP4:HepG2,gc,cnn,10842,0.031920043123476516,378.75687273487347,0.02519971693401646,0.0240903751239826,0.03533537093866318,0.6080517391884457
LARP4:HepG2,gc,splicebert,10842,0.15918347013249734,2683.3733751012387,0.1785320725471332,0.16705966389993043,0.22071731905510938,0.7758060717574679
LARP4:HepG2,dn,kmer,10858,0.06414783775322841,468.7057388851845,0.0311383056329827,0.05054660715663728,0.04253110037443386,0.6142720640172821
LARP4:HepG2,dn,cnn,10858,0.052984930027070276,326.7874902925705,0.02171001527305405,0.04568602444110781,0.034313172219794796,0.604725799221084
LARP4:HepG2,dn,splicebert,10858,0.2097654678569526,2447.6879746668255,0.16261131436246912,0.21020569853149673,0.21280955850146965,0.7677302884935255
LARP4:HepG2,neg2,kmer,10842,0.005614307243064998,91.92639734997647,0.00611611130712042,0.0033546505954367145,0.00934637096925689,0.5516749939199805
LARP4:HepG2,neg2,cnn,10842,0.0011597890390595555,37.89866772462847,0.0025215006448358057,-0.0040925011906605135,0.006075267732370104,0.5502305235118873
LARP4:HepG2,neg2,splicebert,10842,0.08239960328361551,1468.836912871353,0.09772568391782677,0.06568846206836687,0.12806520260109333,0.7162696899651111
LARP4:K562,gc,kmer,860,0.0023904813412654047,0.5478924616061249,0.0004595591495928364,0.0013832799814508245,0.004098873930598601,0.5458031368307195
LARP4:K562,gc,cnn,860,-0.00272038939967556,-4.382762176848473,-0.00367615654531106,-0.0031832513685575714,-0.004898646242664839,0.494104921579232
LARP4:K562,gc,splicebert,860,0.05714981070849101,93.88040422724123,0.07874464745075127,0.044300029844058675,0.1171658035349612,0.7056625202812331
LARP4:K562,dn,kmer,860,0.009507842076798223,5.924147153585636,0.004969033558124614,0.004473971157986201,0.008135690378778038,0.5573120605732829
LARP4:K562,dn,cnn,860,0.0017847485127094886,0.04820607952183309,4.0434111550413654e-05,0.009079572997519048,0.000894853058470424,0.510730124391563
LARP4:K562,dn,splicebert,860,0.0794753921038398,59.14986971416647,0.0496135021545675,0.06657083711524969,0.08046847970001814,0.6517685235262304
LARP4:K562,neg2,kmer,860,0.01111411573823684,9.140098514033525,0.007666496976414305,0.009180528678812805,0.012784529690138713,0.558707409410492
LARP4:K562,neg2,cnn,860,0.004267171444023776,3.2593892162815337,0.0027338980573582417,0.0033218762275576408,0.004603368977451339,0.5376149269875609
LARP4:K562,neg2,splicebert,860,0.044607896160086535,46.333260811529726,0.03886323581453999,0.0424078192316335,0.05233861118002381,0.6376906435911304
LIN28B:K562,gc,kmer,13832,0.03335182480604226,747.7547973914443,0.03899588410922383,0.045600442333329716,0.04805380860415143,0.6228722819751251
LIN28B:K562,gc,cnn,13832,0.035044072620934674,810.7538842578979,0.04228132620735736,0.037721201010022076,0.056193186891062674,0.6449095332538759
LIN28B:K562,gc,splicebert,13832,0.1422670659832389,4217.853798892538,0.21996373477649445,0.16727169093584715,0.25895695361360005,0.8037835292618252
LIN28B:K562,dn,kmer,13832,0.09797989824853537,1075.0039404167437,0.056062133233636846,0.08469006639986176,0.0752981414254495,0.6565726878369568
LIN28B:K562,dn,cnn,13832,0.05928190253629362,514.4396876812534,0.026828354043312963,0.04410760014908233,0.04493182426529996,0.6214916726906468
LIN28B:K562,dn,splicebert,13832,0.24868777724664914,4457.733230763944,0.23247359838161796,0.24582607367652076,0.30184273492311486,0.8161390164582609
LIN28B:K562,neg2,kmer,13832,0.013226950289368267,328.895087318675,0.017152086157005253,0.021210809260982955,0.01969511164752602,0.5916761277442839
LIN28B:K562,neg2,cnn,13832,0.017389601433846602,463.8113273129293,0.024188053131235177,0.019839721530366505,0.03360534080221894,0.6610082997122205
LIN28B:K562,neg2,splicebert,13832,0.054057848942327125,1557.187789186617,0.08120832494188768,0.06924934167311847,0.09955819881534295,0.7394426750686834
LSM11:K562,gc,kmer,2638,0.03432080613371613,131.1460155435825,0.0358612028538805,0.025970403027152478,0.047347371698992446,0.6092175879330551
LSM11:K562,gc,cnn,2638,0.0327734671601444,120.97149648159302,0.03307903299145398,0.02908206890258147,0.054656154415283986,0.6350130851306588
LSM11:K562,gc,splicebert,2638,0.05833789813658308,246.6935617053391,0.06745708455108568,0.05236945846347807,0.09000666763491949,0.682493744830468
LSM11:K562,dn,kmer,2678,0.0896536991869693,236.0278450719834,0.06357658730340898,0.07413548507268974,0.08594849511272812,0.662659983345613
LSM11:K562,dn,cnn,2678,0.0825396099437734,201.74159202574265,0.05434122374096029,0.07059761833853029,0.07822913113111796,0.6554482880171519
LSM11:K562,dn,splicebert,2678,0.1302310587025307,361.9533268755649,0.09749594281490648,0.11210268058400075,0.13535696248398404,0.7067511619307265
LSM11:K562,neg2,kmer,2638,0.05449484153283124,267.85103733302276,0.0732424873497568,0.05715692979588172,0.08721906312140959,0.6528356481148847
LSM11:K562,neg2,cnn,2638,0.04166491834223207,197.4200538076393,0.053983497460256546,0.0382839256416605,0.07251649522783965,0.6457973250348754
LSM11:K562,neg2,splicebert,2638,0.049917776062344266,228.4480475330629,0.062467942622577044,0.047869714306887134,0.09173175005603079,0.6917869753374171
MATR3:HepG2,gc,kmer,13968,0.009796323850686517,617.8291194523699,0.03190646501828209,0.013993855343907069,0.030519097027188247,0.5940480753586335
MATR3:HepG2,gc,cnn,13968,0.013914454606765991,856.7031566887927,0.044242604369589045,0.016700902731559553,0.05295759616167861,0.7151690568460196
MATR3:HepG2,gc,splicebert,13968,0.028317548603976395,1969.6265984883612,0.10171715800551817,0.03417123238027664,0.11194220250244857,0.7620530571268118
MATR3:HepG2,dn,kmer,13982,0.05187669922632421,871.8268655826505,0.04497855440887777,0.04432518301671928,0.05818562500182767,0.6355546818363704
MATR3:HepG2,dn,cnn,13982,0.1194993722746418,2325.2013375259576,0.11995982115280657,0.10903962674336132,0.15725643665155642,0.7277407425829654
MATR3:HepG2,dn,splicebert,13982,0.1687231111312354,3724.768579823296,0.19216511080568222,0.16170532171733298,0.24531490150382967,0.785018627767139
MATR3:HepG2,neg2,kmer,13968,0.0060873265877560145,346.30852529293225,0.017884363976864326,0.015159755138164255,0.017735690769100088,0.5851656592912747
MATR3:HepG2,neg2,cnn,13968,0.006268152274745975,399.9693623097173,0.020655563270036814,0.014403898786321534,0.024333030944189704,0.6859277391032226
MATR3:HepG2,neg2,splicebert,13968,0.028476765416353134,1786.730449371582,0.09227187710172147,0.04403060965604977,0.10040610226283031,0.7485328517219526
MATR3:K562,gc,kmer,9728,0.004963333256686964,319.1942047164175,0.023668785784584312,0.0056743380846313585,0.022162262182199632,0.5921057281071459
MATR3:K562,gc,cnn,9728,0.005139675827237622,319.1925013981254,0.023668659480675203,0.005368591920138721,0.031232981694529816,0.7333002064036531
MATR3:K562,gc,splicebert,9728,0.012779764191265364,881.99613266907,0.06540149294227549,0.013954487602783727,0.07383579412294816,0.7657357001899022
MATR3:K562,dn,kmer,9734,0.059287949111456184,855.5854803055881,0.06340399267996066,0.05253249110894864,0.07988491686235377,0.6608961726912237
MATR3:K562,dn,cnn,9734,0.07069442274423654,1052.682410689862,0.07801005206150102,0.06066597136195506,0.1045292209192068,0.6916366134324036
MATR3:K562,dn,splicebert,9734,0.13034490194463466,2241.029370978764,0.1660736572836231,0.11196603191184828,0.20844686060735051,0.7668015651505726
MATR3:K562,neg2,kmer,9728,0.005868166767659111,356.61182144709437,0.026443364839848993,0.012040600305398996,0.022665700352843765,0.5977949316812023
MATR3:K562,neg2,cnn,9728,0.005034005542871145,320.8939440880158,0.023794824310602425,0.009970219712896466,0.026014965394021705,0.7063404199489267
MATR3:K562,neg2,splicebert,9728,0.017550650726064432,1224.2528547923412,0.09078040308403912,0.026393324729880874,0.09500558293324157,0.7679600174076999
MBNL1:K562,gc,kmer,2388,0.033819291880957,170.03074599401725,0.0513614979154563,0.037135229509655865,0.062244798085442365,0.6302520418956873
MBNL1:K562,gc,cnn,2388,0.034155983715338234,176.89428510337393,0.05343477970691701,0.030071129400325747,0.06974691243000714,0.6745999680142758
MBNL1:K562,gc,splicebert,2388,0.06508042726193786,348.7458082322364,0.10534628309620198,0.05710832721787995,0.13772024430365798,0.7288950335148663
MBNL1:K562,dn,kmer,2404,0.07129963649048587,186.32394459094076,0.05590861706743344,0.07673200831896898,0.07519977886994977,0.654977422543127
MBNL1:K562,dn,cnn,2404,0.05008360995678296,112.20156111168535,0.03366735353490602,0.04151378544020434,0.05334165014085002,0.6323016824427397
MBNL1:K562,dn,splicebert,2404,0.1314288996985058,391.7582845357106,0.11755152544235381,0.11960350493524385,0.16227915776912494,0.733111204011063
MBNL1:K562,neg2,kmer,2388,0.032816230791029466,191.04009852631816,0.05770783139758329,0.03740765791523526,0.07050715858524981,0.6408220611712947
MBNL1:K562,neg2,cnn,2388,0.025465125740371186,150.34071648807048,0.045413694748959954,0.027068886058317143,0.06261578267071627,0.661922117567177
MBNL1:K562,neg2,splicebert,2388,0.0673425755241871,403.09884367264567,0.12176480375933862,0.066529997128003,0.1580486131296986,0.739589207904402
METTL1:K562,gc,kmer,962,0.011557695549379465,14.653349689573815,0.010987689672328438,0.0067981327958089866,0.016020889903486102,0.5624111237416851
METTL1:K562,gc,cnn,962,7.34782439563153e-05,-12.12999391445328,-0.00909557279958173,0.0013580783633811988,0.010394987889646434,0.563422530158497
METTL1:K562,gc,splicebert,962,0.06057200651795247,90.78812459166829,0.06807670328482807,0.0555901077079618,0.09878424183120182,0.6863818880450898
METTL1:K562,dn,kmer,962,0.0759246372551986,74.53606036712563,0.055890231111773714,0.05989276812371802,0.06952268547643126,0.6576129944113311
METTL1:K562,dn,cnn,962,0.05424855528805639,44.41731123944328,0.033305943167758034,0.05231749541479924,0.05839864791550331,0.6260865055043849
METTL1:K562,dn,splicebert,962,0.16457397746379054,217.76225482929863,0.16328717522610603,0.13195529893914182,0.22152652131113065,0.7723644002230281
METTL1:K562,neg2,kmer,962,0.012806825696638602,26.3068355556984,0.019725956963455027,0.013509891794829199,0.025195465576570153,0.5982209620463259
METTL1:K562,neg2,cnn,962,-0.0035399224588413825,-7.923018290489836,-0.005941007898421113,-0.002323627683335716,-0.004101659212882691,0.46540687497028455
METTL1:K562,neg2,splicebert,962,0.07522011056314593,151.4677669321543,0.11357681715568835,0.0739165009526348,0.15867788111272602,0.7388669654781921
MORC2:K562,gc,kmer,1646,0.004296287328609982,9.397665038440664,0.004118458307075912,0.0006302781377907074,0.009243286519260208,0.5695415374212532
MORC2:K562,gc,cnn,1646,-0.0016786524716938533,0.2912037648841306,0.0001276179305852443,-0.0027468203242472233,0.005132366862295068,0.5876627163461183
MORC2:K562,gc,splicebert,1646,0.022396796829901033,91.43674778684908,0.04007148924274062,0.01434821669667885,0.05609549219007792,0.6601946764423198
MORC2:K562,dn,kmer,1782,0.0010480160124755056,2.606098439370271,0.001054939757168305,0.0008880910565902678,0.002411482893770911,0.5364746101745728
MORC2:K562,dn,cnn,1782,0.008385387734433758,14.644153282687057,0.005927903288145409,0.008797774603929498,0.007379081486167227,0.5460201214035856
MORC2:K562,dn,splicebert,1782,0.07167447010320194,135.08527004240523,0.05468205644986657,0.056665675375977775,0.09430700880683424,0.671618290398687
MORC2:K562,neg2,kmer,1646,0.004814499305359599,22.597671430895616,0.009903265039183262,0.011558053787292799,0.014909611491941255,0.5766783941038992
MORC2:K562,neg2,cnn,1646,-0.0010910502872313321,-12.643573624802002,-0.005540954121390218,-0.005714998822937578,-0.006868312897280682,0.5639696513806437
MORC2:K562,neg2,splicebert,1646,0.028129609096908426,154.29981889745932,0.06762077264077448,0.03335359373389224,0.08408956434565296,0.689889256181265
MTPAP:K562,gc,kmer,2154,0.0179140274965105,65.86420380844993,0.022057093826961638,0.017322430943300215,0.029575792048052107,0.5946407064570332
MTPAP:K562,gc,cnn,2154,0.006015023333324709,37.62877214298942,0.012601402731065914,0.012679086828540131,0.028681140237789227,0.6124659354150125
MTPAP:K562,gc,splicebert,2154,0.10831180184304379,502.01152923794007,0.16811734997694083,0.10589609433766789,0.204675614402056,0.7740197891422664
MTPAP:K562,dn,kmer,2166,0.053391241626445596,69.7862826881942,0.023241072012080588,0.042300745869740974,0.033179534153055246,0.6073098136311279
MTPAP:K562,dn,cnn,2166,0.02296636766138993,19.333247993848545,0.006438592106417729,0.020039365866484027,0.018267867946162697,0.5696029206514854
MTPAP:K562,dn,splicebert,2166,0.18388696628581214,422.8005111022244,0.14080614050149998,0.1536226161419676,0.1887417094453928,0.7496259236807574
MTPAP:K562,neg2,kmer,2154,-0.0006681443433175227,0.9736277417200654,0.00032605569049481975,0.00019642486783832958,0.001817969807155595,0.5272831354332894
MTPAP:K562,neg2,cnn,2154,-0.0037709204615109515,-8.58835219772709,-0.0028761311803779943,-0.005943039659511817,0.0037749377067234913,0.555256399314096
MTPAP:K562,neg2,splicebert,2154,0.009679040699904884,41.88143876803497,0.01402556732032012,0.0044626593876818665,0.020762962145127517,0.6030101842440356
NCBP2:HepG2,gc,kmer,6372,0.020169948641439395,266.40544565900655,0.030158648408510902,0.034668171166876594,0.035630774939237664,0.6066834893241737
NCBP2:HepG2,gc,cnn,6372,0.00568478934635952,78.63900229153478,0.0089023931753337,0.012463947106505113,0.017264512965641188,0.5994271666412494
NCBP2:HepG2,gc,splicebert,6372,0.0690561421220981,995.4771692377217,0.11269381476596396,0.09061406022452245,0.13578772150292062,0.727939916040398
NCBP2:HepG2,dn,kmer,6452,0.06416893659660017,340.17835589988135,0.03803267413782696,0.049292737638505835,0.05184216371622613,0.6328311621823459
NCBP2:HepG2,dn,cnn,6452,0.040579121359352044,221.08845331173143,0.024718166087309812,0.03916288182773087,0.035261831063574556,0.6084335311858969
NCBP2:HepG2,dn,splicebert,6452,0.16173226754565828,1207.951498326378,0.1350515837158911,0.1439873439632522,0.1802902359784288,0.7447491495209606
NCBP2:HepG2,neg2,kmer,6372,0.0011730345686105093,28.67474013836363,0.0032461476299746606,0.0019742202907809814,0.0037008651773116075,0.5399420881296034
NCBP2:HepG2,neg2,cnn,6372,0.0008469453419285289,37.230735033710516,0.004214736095557559,0.001706888347486002,0.007693985209854093,0.6152788466805299
NCBP2:HepG2,neg2,splicebert,6372,0.010747743285221767,321.1558361875168,0.0363567115678185,0.01318540278009217,0.04753179580635081,0.6818995653063131
NKRF:HepG2,gc,kmer,7074,0.002371712616949906,72.31916973126044,0.007374505762828387,0.0028878036902143522,0.008782913027121642,0.5466032216955391
NKRF:HepG2,gc,cnn,7074,0.012800501727806779,371.81789009646855,0.0379148873449231,0.021401022718368967,0.04444900950853431,0.6621994922771663
NKRF:HepG2,gc,splicebert,7074,0.02755666119840272,724.7509437008403,0.07390405657031363,0.038489536663864454,0.08874055527311969,0.7109393815642049
NKRF:HepG2,dn,kmer,7584,0.010354493804411669,221.17592682329268,0.021037012974155056,0.006072662438806775,0.023177622388986185,0.582268118868949
NKRF:HepG2,dn,cnn,7584,0.025062965670565762,473.2209408417466,0.045010120292536704,0.026363792633036787,0.06273700633950785,0.6638220148124411
NKRF:HepG2,dn,splicebert,7584,0.06039738890669233,1138.8938121312776,0.10832518821604165,0.06769273323072877,0.1308475363651636,0.7267901194386583
NKRF:HepG2,neg2,kmer,7074,0.0030143795119070838,80.04904717292084,0.008162734194533505,0.003873244699324152,0.009568387436995174,0.5491325635558791
NKRF:HepG2,neg2,cnn,7074,0.0029229353666546665,129.58763053768052,0.013214265757510835,0.00264745131441646,0.017895736389349715,0.6370603457020332
NKRF:HepG2,neg2,splicebert,7074,0.016255395824055885,491.2361094611824,0.05009216136734773,0.020743984869384335,0.05930327172939809,0.6884771344474331
NOLC1:K562,gc,kmer,3134,0.006180439008278915,45.144536463879376,0.010390842195224903,0.0025829970362969412,0.012731151786612938,0.5600424192492819
NOLC1:K562,gc,cnn,3134,-0.00010303446686177331,19.95471200415659,0.004592942573510617,0.0024777959332102917,0.007983075161219544,0.579265881459864
NOLC1:K562,gc,splicebert,3134,0.020942468078659626,179.8732204468929,0.04140111728261964,0.023376679434663705,0.05409611082959426,0.658495313968012
NOLC1:K562,dn,kmer,3140,0.02998012089739943,55.67722283862622,0.01279064542671271,0.014951454323274826,0.017516314769982333,0.5720106292344517
NOLC1:K562,dn,cnn,3140,0.006472067832366424,3.3516887412670258,0.0007699784594951131,-0.001487312539898089,0.004748440289145728,0.5271804129984989
NOLC1:K562,dn,splicebert,3140,0.0796519128565053,181.41308741565626,0.041675758211293545,0.050328040764029414,0.06117238348241366,0.6443936873706845
NOLC1:K562,neg2,kmer,3134,0.008566929031243897,49.11020909167428,0.011303614408675555,0.012805379766478442,0.015995696889360866,0.5806350588416401
NOLC1:K562,neg2,cnn,3134,0.005082490697372211,28.558426631722796,0.00657324513037294,0.009430222102680852,0.010964686288605363,0.5619845985870839
NOLC1:K562,neg2,splicebert,3134,0.04375340308997522,231.00520488331267,0.0531700803294024,0.052788717649139616,0.07113980125308239,0.6748325893538925
NONO:K562,gc,kmer,22328,0.027690286675410847,1603.0533155860503,0.051789615475559936,0.02613312416095015,0.05740267748781519,0.6198857180415989
NONO:K562,gc,cnn,22328,0.045306805567519426,2662.0655092257803,0.08600297179956973,0.04595545780156751,0.10121621253902907,0.6981590212102395
NONO:K562,gc,splicebert,22328,0.08229321264888789,5344.3683777657425,0.17265974908828452,0.08462192868573315,0.1999373107285241,0.7771084191380879
NONO:K562,dn,kmer,22686,0.05661003754059535,1866.088592693959,0.05933608301461335,0.036600995235818945,0.07324227122462568,0.6407879509153359
NONO:K562,dn,cnn,22686,0.1034503459481394,3529.1026322522303,0.11221499749489727,0.08239003909105036,0.14261061064135394,0.7150217308075882
NONO:K562,dn,splicebert,22686,0.17219004102705027,6714.515558555857,0.21350168161642247,0.1492627224288684,0.2655026571879987,0.7997404923592677
NONO:K562,neg2,kmer,22328,0.02411061505599532,1632.0618451887312,0.05272678991575308,0.02851558360654527,0.05747369570045868,0.6311315171314461
NONO:K562,neg2,cnn,22328,0.02184629736442345,1545.537997973348,0.04993147628944827,0.024283366959580333,0.0617725154189967,0.6865465029954372
NONO:K562,neg2,splicebert,22328,0.06568312938617127,5233.172693367811,0.1690673659270261,0.08034116419454784,0.19221562011391058,0.7935330005811535
PCBP1:HepG2,gc,kmer,1858,0.002552601788327502,13.725714858154788,0.005328853810149581,0.0023664601932872342,0.00806779120753276,0.5407425603186871
PCBP1:HepG2,gc,cnn,1858,-0.0005260468506130822,2.0249855840384043,0.0007861777879343279,-0.00041829755517741596,0.00938765881308734,0.6063454691028584
PCBP1:HepG2,gc,splicebert,1858,0.00807956980027602,36.60687343152381,0.014212205264292121,0.003863296431215857,0.03155947639948442,0.6517650957486377
PCBP1:HepG2,dn,kmer,1880,0.006045722046174595,10.834432854472652,0.004157123018614928,-0.0019199545546270125,0.008147283789607662,0.5534031235853327
PCBP1:HepG2,dn,cnn,1880,0.011698732458125694,10.851726721169143,0.004163758597264033,0.0035336222408519635,0.017059167090836547,0.5724422815753735
PCBP1:HepG2,dn,splicebert,1880,0.03825939339067452,51.94520876621482,0.01993114230982984,0.022204576663190867,0.0514489987927792,0.6387188773200544
PCBP1:HepG2,neg2,kmer,1858,0.00015178884896538403,2.4068422593713876,0.0009344293304082152,0.0012559167311831931,0.0019317905014210046,0.51626284266912
PCBP1:HepG2,neg2,cnn,1858,-0.00100574596108427,-6.683540613439163,-0.002594809176154067,-0.003254107373075521,-0.004802058392711195,0.5591889608952529
PCBP1:HepG2,neg2,splicebert,1858,0.0016893751281803482,13.888028940119739,0.005391870419707567,0.002506964038182069,0.013527044981919922,0.6236667782874742
PCBP2:HepG2,gc,kmer,17178,0.00793216340622871,835.6473979834955,0.03509094065090679,0.00722307620703766,0.03232024413286272,0.605759049693849
PCBP2:HepG2,gc,cnn,17178,0.015592132840526629,2062.16915192908,0.08659568078246249,0.014137376326180395,0.08988731930900262,0.7792941069557746
PCBP2:HepG2,gc,splicebert,17178,0.020348803832881623,2727.8668217416944,0.11455000395658055,0.017927607566036174,0.11640234221055401,0.7939358246591499
PCBP2:HepG2,dn,kmer,17040,0.031660977209107544,1442.3702978196925,0.06105928626144397,0.028423942605101726,0.06643694839707659,0.6460173246049065
PCBP2:HepG2,dn,cnn,17040,0.05743016982961935,2911.4552280276494,0.12324947239570827,0.050827550379797026,0.1426617709438811,0.7529926960038793
PCBP2:HepG2,dn,splicebert,17040,0.08385573023430082,4428.077349216237,0.18745203146675504,0.07077635047655906,0.2125925799753034,0.7935109601269589
PCBP2:HepG2,neg2,kmer,17178,0.013597308890857085,1170.1975004217384,0.049139542750002985,0.011485207362270544,0.04312060438612575,0.5800320562623855
PCBP2:HepG2,neg2,cnn,17178,0.023063396483825938,2125.596366221531,0.08925914939106439,0.019950659495816203,0.09314234617291584,0.7490509166884334
PCBP2:HepG2,neg2,splicebert,17178,0.03155068377145531,3062.3132376853364,0.1285942519984068,0.026956531611130097,0.12593772110522172,0.769521502923896
PHF6:K562,gc,kmer,1352,0.00810108189489156,20.533767559902344,0.010955608220945878,0.006095696119170935,0.018292434940491153,0.5722816953187914
PHF6:K562,gc,cnn,1352,-0.0004201533559750059,-2.79522364114473,-0.0014913665995766046,-0.002323126234340056,0.0001107277972708931,0.5759274010013655
PHF6:K562,gc,splicebert,1352,0.007713753019852221,27.596133452403592,0.014723670443599346,0.013730863153645911,0.035031953183732645,0.629422551731382
PHF6:K562,dn,kmer,1390,0.021230785156047816,21.214711186362365,0.01100948151886938,0.018606089764555023,0.017684408602212653,0.5727364008074116
PHF6:K562,dn,cnn,1390,-0.0013767403343512008,-3.305028574197877,-0.001715161271219956,-0.002824957623093871,-0.0006287921793948215,0.5039325086693236
PHF6:K562,dn,splicebert,1390,0.04392319238134679,22.783625576963914,0.011823677565955704,0.023389350162724698,0.04757739462317212,0.6359898555975363
PHF6:K562,neg2,kmer,1352,0.006890952697734654,21.187892676309957,0.011304610832470474,0.005765722077948343,0.01607235958527803,0.5805447113196316
PHF6:K562,neg2,cnn,1352,-0.0012582717691956846,-2.8424873838130225,-0.0015165837471954324,-0.0015628860422528534,-0.003813782676286903,0.5301372500962851
PHF6:K562,neg2,splicebert,1352,0.041078743741465695,120.01683926935493,0.06403391229181443,0.017463759911166776,0.09369415996097119,0.6895854486887714
PPIL4:K562,gc,kmer,1316,-0.003060300625456036,-5.4726407981636385,-0.002999753700637209,-0.0033708911281035148,-0.0023323104420981955,0.5020879334078584
PPIL4:K562,gc,cnn,1316,0.00031873319721742455,-0.9865093228677324,-0.0005407416823297595,0.0006868231678135439,0.0003744074225687788,0.5066125590118347
PPIL4:K562,gc,splicebert,1316,0.018315610535748927,32.62617932980561,0.01788359693095165,0.027635063473938293,0.03223323596475247,0.6016089097476927
PPIL4:K562,dn,kmer,1318,0.031461196782728185,12.742931507372532,0.006974265588798989,0.016055004087452196,0.00949509650605379,0.5537658796954046
PPIL4:K562,dn,cnn,1318,0.007119814129561197,3.0791012509907887,0.0016852064132015787,0.01384976058596521,0.007563113912629593,0.5106670565831801
PPIL4:K562,dn,splicebert,1318,0.11061041123143767,77.63358881303611,0.042489223667291465,0.07736814791544089,0.06400903645078454,0.6438227783393702
PPIL4:K562,neg2,kmer,1316,-0.005748745854158965,-19.638660215971186,-0.010764664780883337,-0.005721333030002107,0.0013685289017389968,0.5725880211749707
PPIL4:K562,neg2,cnn,1316,-0.0012818617714176472,-2.9509578987929217,-0.001617527479658265,-0.00426195947873953,-0.0007228406101704721,0.48159431269112446
PPIL4:K562,neg2,splicebert,1316,0.049500651324359435,150.76747044029548,0.08264114055151506,0.04776965915096287,0.11087716112179619,0.7164937500577415
PRPF4:HepG2,gc,kmer,17734,0.005732051061608123,352.597863043291,0.01434225748394613,0.003956804572098793,0.01439355147848359,0.5626539349991578
PRPF4:HepG2,gc,cnn,17734,0.012368791293931758,891.7381226351845,0.03627230651002067,0.013054190567696078,0.0440710992653357,0.6596174722862469
PRPF4:HepG2,gc,splicebert,17734,0.04126195350614992,2940.429540145051,0.11960480195248335,0.042472581173012,0.12749671867028095,0.7409156545681799
PRPF4:HepG2,dn,kmer,18310,0.016162808074185686,713.7606553848345,0.028119578315274563,0.01374885880888188,0.031745567798483365,0.5978768827770771
PRPF4:HepG2,dn,cnn,18310,0.05564851467281284,2458.593396750235,0.09685965322375512,0.058486308015156974,0.1127068407275153,0.7101992655763758
PRPF4:HepG2,dn,splicebert,18310,0.09709105367508597,4386.825145781651,0.17282498315309092,0.09938202929807116,0.2007913104027148,0.7773180681872753
PRPF4:HepG2,neg2,kmer,17734,0.002768325968525942,213.61359195556543,0.008688938473575547,0.005121381910890954,0.008027441252242085,0.5508792776182252
PRPF4:HepG2,neg2,cnn,17734,0.004365541789828731,328.9389990297841,0.01337991041657971,0.005126163486840696,0.01916375625808331,0.6246616716241844
PRPF4:HepG2,neg2,splicebert,17734,0.008213211669577114,621.3115887164877,0.025272446934930692,0.010075000919834931,0.030158654945568242,0.6413655813071808
PTBP1:HepG2,gc,kmer,16698,0.004039878976500266,556.5009354966278,0.02404063779767207,0.0037846487101045323,0.02207260910860953,0.5844033267762034
PTBP1:HepG2,gc,cnn,16698,0.005721561107948636,884.8808735233888,0.03822653156095612,0.005147832031996424,0.042469694602966124,0.7375731899271913
PTBP1:HepG2,gc,splicebert,16698,0.009515549502113974,1311.3985375093398,0.05665193935482593,0.007975998011289231,0.06151670185351332,0.7531595684554289
PTBP1:HepG2,dn,kmer,16002,0.04380254867841549,1846.1437675517936,0.08322154912557933,0.03322232400677683,0.09465349819596242,0.6695227963396215
PTBP1:HepG2,dn,cnn,16002,0.08681563848388463,4423.543351529237,0.1994070758782832,0.07072795618556982,0.22034636992402384,0.798783354180465
PTBP1:HepG2,dn,splicebert,16002,0.10222384869057977,5491.39553846454,0.24754434167299622,0.08170084125401333,0.2702184261242431,0.8245028770228868
PTBP1:HepG2,neg2,kmer,16698,0.004050968440919234,538.7823380460568,0.02327520083895107,0.004261704939094502,0.019319993405866986,0.5537410580792264
PTBP1:HepG2,neg2,cnn,16698,0.0031685885081500498,704.3001556682902,0.03042551029704066,0.0028874084597170224,0.03585831110215609,0.702297603609777
PTBP1:HepG2,neg2,splicebert,16698,0.008775223743573313,1220.8425791086338,0.052739954922329635,0.006620197731371569,0.056743827422009674,0.7168316450448651
PTBP1:K562,gc,kmer,15570,0.0027122791429428084,284.1637184420624,0.01316511199090975,0.0022638659395759486,0.0121221367955614,0.5643993335668077
PTBP1:K562,gc,cnn,15570,0.006132274366205781,734.9423232520539,0.03404937845520717,0.005087869298026959,0.03819194167925788,0.7251925194152911
PTBP1:K562,gc,splicebert,15570,0.011099882891567603,1188.9265454666138,0.055082158995694575,0.008838970696682935,0.060135576622809994,0.7438934696889635
PTBP1:K562,dn,kmer,15246,0.038059388923400994,1411.710076373991,0.06679349096017762,0.02704900948895972,0.07709394280150206,0.650615781630772
PTBP1:K562,dn,cnn,15246,0.08750651715125257,4042.3678887886854,0.19126013730172586,0.07333795112523833,0.21463603993606784,0.7923322455539549
PTBP1:K562,dn,splicebert,15246,0.109063980911142,5278.663466484475,0.24975408650199715,0.0917262658273883,0.27827594518248167,0.8257588965255954
PTBP1:K562,neg2,kmer,15570,0.004464689889528528,453.29905685063113,0.021001037294735014,0.0031510765987308176,0.016666229495019946,0.5672000854697682
PTBP1:K562,neg2,cnn,15570,0.002239258426011359,562.2377987422215,0.026048095184512787,0.0015119918814398003,0.03237899922896026,0.7084190609132972
PTBP1:K562,neg2,splicebert,15570,0.01109917339349209,1322.2288130906672,0.0612579624780476,0.007842755410810032,0.06437798748530543,0.735580792237101
PUM1:K562,gc,kmer,5302,0.03748626348412554,367.5119772753287,0.050000726808979046,0.03950717990448693,0.058243128130324395,0.6354911016973872
PUM1:K562,gc,cnn,5302,0.038651492835383494,335.6362920785832,0.04566397719012927,0.03331198449492867,0.05921033516474411,0.6512769783891149
PUM1:K562,gc,splicebert,5302,0.14244683365394095,1694.23626555609,0.2305041737468887,0.13133945360862154,0.27461005488156787,0.8110635175924874
PUM1:K562,dn,kmer,5316,0.11120056662709099,530.4742259014083,0.07198199163161911,0.09943645075015983,0.09512025719093187,0.6754464707817336
PUM1:K562,dn,cnn,5316,0.11467744209312325,551.5818138366394,0.07484615758715762,0.11216754062207035,0.10140638469438745,0.6835617279861582
PUM1:K562,dn,splicebert,5316,0.25427150088804407,1919.3432419859937,0.26044271792484386,0.24034342157866262,0.33197729784483604,0.8296285727712129
PUM1:K562,neg2,kmer,5302,0.005711174804181374,68.49398147671036,0.009318740796604219,0.006928319789324622,0.011648032081052584,0.5533638473827018
PUM1:K562,neg2,cnn,5302,0.008318960653553087,84.72079324083916,0.011526430428964396,0.009140410061932558,0.01788669634191331,0.6000239619761573
PUM1:K562,neg2,splicebert,5302,0.036712479479712234,444.49931652590476,0.06047500562339281,0.03518252636869301,0.07600864353114722,0.6759390312844659
QKI:HepG2,gc,kmer,19976,0.11511481980218485,6940.844041396216,0.2506387985108639,0.12101984215470307,0.2694505266807828,0.7674638480874687
QKI:HepG2,gc,cnn,19976,0.13699869960091482,8985.78983758123,0.3244832408177034,0.14191570947907095,0.3614867924541348,0.8609953289562211
QKI:HepG2,gc,splicebert,19976,0.14766105389743633,9958.137534036545,0.3595954054076085,0.14696215435771276,0.3962779226977597,0.876861956013215
QKI:HepG2,dn,kmer,19980,0.24736978219460715,8563.361733035468,0.3091671547945092,0.2316098744965438,0.3663608563673923,0.8358291825358891
QKI:HepG2,dn,cnn,19980,0.282797612427242,10983.300413833591,0.3965353613521376,0.2659945701814418,0.4756788534297558,0.8898359721082444
QKI:HepG2,dn,splicebert,19980,0.30325235145054974,12784.363569426574,0.4615600080714025,0.2862831128038722,0.5424671238939062,0.9113279345411477
QKI:HepG2,neg2,kmer,19976,0.040745490503702575,4518.097687736399,0.16315171026104303,0.0491598589878548,0.15493538680063534,0.6927046837462464
QKI:HepG2,neg2,cnn,19976,0.04113891415393289,4568.693906110082,0.16497877557280338,0.047853557133057945,0.17360016069958872,0.7925162076750811
QKI:HepG2,neg2,splicebert,19976,0.05344559246025149,6449.6585940165005,0.2329017438179437,0.05990726335130958,0.23445674323968224,0.8292350700696662
QKI:K562,gc,kmer,4378,0.09027654155991138,1720.2830259561883,0.28344492810329525,0.09467152614248475,0.28151927513177205,0.7622814433478076
QKI:K562,gc,cnn,4378,0.0873606789710838,1755.3706413961718,0.28922618995709637,0.08693770096600273,0.3164768310176978,0.8635511124291252
QKI:K562,gc,splicebert,4378,0.09123653067446957,1916.063354268073,0.3157029578839221,0.0900770893419971,0.3417802572092878,0.8718297663824752
QKI:K562,dn,kmer,4378,0.23766492247774873,2332.987881355475,0.3843981323533112,0.21690138027269068,0.43742780826782396,0.8565780436715744
QKI:K562,dn,cnn,4378,0.25823811528258844,2830.090177558477,0.4663039132517338,0.2352440184545065,0.5348059754756362,0.9102447742679508
QKI:K562,dn,splicebert,4378,0.2571251539895585,2909.9738320206225,0.4794660594532669,0.22292242003683882,0.5546368711630394,0.9101247756286313
QKI:K562,neg2,kmer,4378,0.03589921032547594,1064.1078543443032,0.17532927414727295,0.04104216731061239,0.161418203779082,0.6952746205382159
QKI:K562,neg2,cnn,4378,0.03289131399762202,1105.5120205899684,0.18215129165695354,0.037642581537260855,0.1877163810543716,0.8131270581070977
QKI:K562,neg2,splicebert,4378,0.02913859133284258,988.6360373762359,0.16289405074997843,0.031637192259631686,0.17454191934362306,0.8081394972703961
RBFOX2:K562,gc,kmer,6968,0.0358898345857922,623.5483231647695,0.06455152652012353,0.034888833314935086,0.07325017462502026,0.6403180160312981
RBFOX2:K562,gc,cnn,6968,0.035081069306826196,598.4576817113211,0.061954070722361365,0.029749798600237076,0.08123339499291449,0.6950621242458555
RBFOX2:K562,gc,splicebert,6968,0.06713913432044927,1240.1545542234926,0.12838438757994375,0.0596611253229532,0.15111368008613402,0.751091342940864
RBFOX2:K562,dn,kmer,7038,0.08431830421482511,698.405245373151,0.07158182608913644,0.08165047298071348,0.09113026227402904,0.6700604141315107
RBFOX2:K562,dn,cnn,7038,0.10608816136426946,894.5420666632235,0.09168452709872099,0.09061165343585098,0.12186255672090696,0.7056522861604375
RBFOX2:K562,dn,splicebert,7038,0.1546153746143717,1502.9659809699688,0.1540438737830485,0.1368913126897522,0.20182927908921827,0.7614877737958216
RBFOX2:K562,neg2,kmer,6968,0.05367558568545605,762.4316256231787,0.07892912782028338,0.046249977259810726,0.09593628566305346,0.6649428880063166
RBFOX2:K562,neg2,cnn,6968,0.021225701616443216,288.65625023947996,0.02988253019102327,0.017811893979480797,0.05474302056495872,0.6484411763930502
RBFOX2:K562,neg2,splicebert,6968,0.06835257058345112,1099.0001455815209,0.11377167479669259,0.055746423126430744,0.14388260465045055,0.730000092270257
RBM15:HepG2,gc,kmer,2986,0.030791606644806846,122.02423991028627,0.029478192529607372,0.030733206761127452,0.0392707362889782,0.6100265180352697
RBM15:HepG2,gc,cnn,2986,0.05567576127756724,251.64381328549553,0.06079123936660624,0.06339943205360854,0.07971187585207501,0.6640742307593956
RBM15:HepG2,gc,splicebert,2986,0.09843659784957626,491.48702882298767,0.11873173126995573,0.09968090851810141,0.15381416679644672,0.7292930752083063
RBM15:HepG2,dn,kmer,3000,0.042140888888888894,97.80511088682579,0.023517158075003097,0.029758732315952607,0.033029529881934305,0.6038986666666667
RBM15:HepG2,dn,cnn,3000,0.057124000000000064,145.60477097719968,0.03501054683642979,0.054598542539304074,0.0486809500071016,0.6261524444444445
RBM15:HepG2,dn,splicebert,3000,0.12882844444444452,399.0364671836933,0.09594798872329424,0.09216888131500522,0.13426734728341227,0.7066284444444445
RBM15:HepG2,neg2,kmer,2986,0.0028222798152934825,11.750405955274346,0.0028386223041035885,0.00419932307686921,0.005770617179731208,0.5496007490189763
RBM15:HepG2,neg2,cnn,2986,-0.003880578668301937,-28.89379847338887,-0.006980063591762065,-0.003682229963015593,-0.007820464879956746,0.5530892322241459
RBM15:HepG2,neg2,splicebert,2986,0.03168391542761073,201.35386992789245,0.04864236932497856,0.03452324892478076,0.06745050785070561,0.6765687968277054
RPS3:HepG2,gc,kmer,11294,0.07458635150877868,950.2460914583407,0.0606921960231569,0.07403342655866063,0.07964964634662752,0.6578593628840945
RPS3:HepG2,gc,cnn,11294,0.06701938613879344,826.1518172071246,0.05276629757863127,0.06928547517856398,0.07188928889755086,0.6565279470170682
RPS3:HepG2,gc,splicebert,11294,0.21970440918260192,4328.366593097277,0.27645267482782443,0.22389739501807493,0.34344723892955564,0.835060946057572
RPS3:HepG2,dn,kmer,11316,0.12232275649327573,1048.6190684453086,0.06684506582836913,0.09937503813674708,0.08905969480952086,0.6699609883046131
RPS3:HepG2,dn,cnn,11316,0.09887306904790194,735.5379124681003,0.046887455757491536,0.07636366115928495,0.06985127787445605,0.6511784725712996
RPS3:HepG2,dn,splicebert,11316,0.27772876638351884,4108.734480514173,0.2619145837472291,0.24985330453793375,0.3381505264032971,0.835183614987978
RPS3:HepG2,neg2,kmer,11294,0.013354737423636243,316.8272575464489,0.02023574965825714,0.01990108662045209,0.02540757224449358,0.5985431349482819
RPS3:HepG2,neg2,cnn,11294,0.017082996627416303,410.2892549256594,0.026205165282950138,0.020718208379419845,0.03602721226400979,0.6483557498541249
RPS3:HepG2,neg2,splicebert,11294,0.06410213753757654,2002.3143773616375,0.1278877732654643,0.07011224933945337,0.15874422375358238,0.7607037986511108
RPS3:K562,gc,kmer,4738,0.05237109199112422,361.2619982924107,0.05500114957768032,0.06289888558939727,0.06833602559712842,0.6471742346664682
RPS3:K562,gc,cnn,4738,0.027105067014292716,163.74965761437215,0.024930436786357202,0.023387027502532853,0.043882972201993775,0.6254521208497048
RPS3:K562,gc,splicebert,4738,0.1859700746290066,1798.3541586105403,0.2737944941314343,0.20960881648570107,0.32871128501912505,0.8333075262808748
RPS3:K562,dn,kmer,4744,0.12645955199645098,518.9402879208728,0.0789073123841626,0.10538911171361964,0.10389513489519081,0.6829521411976147
RPS3:K562,dn,cnn,4744,0.055793916661216136,146.0233218619269,0.02220353312651091,0.04017656413953197,0.039587676932256455,0.612227320424628
RPS3:K562,dn,splicebert,4744,0.2956554334009195,2065.2208186794032,0.3140265423112796,0.27978733381495136,0.3928563702912217,0.8575390517248734
RPS3:K562,neg2,kmer,4738,0.015856280673345102,124.96473881334259,0.01902553914858518,0.02695716596403741,0.02356794536249307,0.5873837190344325
RPS3:K562,neg2,cnn,4738,0.007787196411507047,53.85260666501836,0.008198911837754896,0.005376155130288662,0.012352220439712736,0.5923137272790285
RPS3:K562,neg2,splicebert,4738,0.06711265054584137,628.4729947194683,0.09568329177019974,0.07718668408856333,0.12076254923985169,0.7309321667714095
SAFB2:K562,gc,kmer,7488,0.007262189303455346,130.12861636509115,0.012535784555799956,0.00932650243981148,0.013843560995792203,0.5597077831653152
SAFB2:K562,gc,cnn,7488,0.022224305327270044,391.02757653304707,0.03766917371227674,0.01839321442081987,0.04736233350325325,0.649484046268902
SAFB2:K562,gc,splicebert,7488,0.05839706778709186,1113.2948330244844,0.10724792565783459,0.05842712438273456,0.13054655443177965,0.7289691997224048
SAFB2:K562,dn,kmer,7488,0.04066256723007533,105.76881504211269,0.010189112242384946,0.020160627475109938,0.015808828202899694,0.5722400142221857
SAFB2:K562,dn,cnn,7488,0.10760671490338969,482.0846930069147,0.04644105207595839,0.07637769022086083,0.06501254802382361,0.6455324958680326
SAFB2:K562,dn,splicebert,7488,0.19199187360745862,1242.2789541711845,0.11967345663618423,0.15482612965946074,0.16331336318665707,0.7336203737946527
SAFB2:K562,neg2,kmer,7488,0.010067603892724097,275.74478011923657,0.02656354345813572,0.01950135516364948,0.026468889448153676,0.5886732161772227
SAFB2:K562,neg2,cnn,7488,0.0029796249497772154,95.3646669153386,0.00918684108138268,0.004276502138838789,0.01406133933006637,0.6525596938006795
SAFB2:K562,neg2,splicebert,7488,0.04286445206917966,1398.5747876877358,0.13473002874662343,0.05889941371383389,0.14991339113786656,0.785364275147929
SLTM:K562,gc,kmer,7148,0.018278814631193407,218.03726061929592,0.022003446742058896,0.017504687797464613,0.02826088252761122,0.587635738306472
SLTM:K562,gc,cnn,7148,0.048302357165739385,650.3049802584601,0.06562617306129515,0.04523072746540113,0.08234090145035494,0.6712849345002097
SLTM:K562,gc,splicebert,7148,0.0804750406232414,1105.5782406599792,0.11157052637904985,0.0768105230966476,0.14874233078949467,0.7325470373138838
SLTM:K562,dn,kmer,7278,0.03400204541182772,282.2668762514113,0.027976437384936048,0.02540513147404322,0.038594128349515644,0.6053247010097399
SLTM:K562,dn,cnn,7278,0.08922469104925035,817.0637760826012,0.080981990783483,0.0684285947751665,0.11006394679491027,0.6901394400573737
SLTM:K562,dn,splicebert,7278,0.16197409804519913,1704.4595353976074,0.16893482544064542,0.14813586821981106,0.21760350939998885,0.7707323361214398
SLTM:K562,neg2,kmer,7148,0.01193739276607253,213.44958284599034,0.02154047668240955,0.016305956321098325,0.025790757911210493,0.5967558086772935
SLTM:K562,neg2,cnn,7148,0.011842743510067422,197.17779945339134,0.019898393497817968,0.009455779789871666,0.03148554731984127,0.6502823507086091
SLTM:K562,neg2,splicebert,7148,0.04743094205524012,1011.6472021077179,0.10209138231743131,0.05480084694371168,0.12960937691819036,0.7485155176241769
SMNDC1:K562,gc,kmer,4896,0.024328082948865792,190.5524219517156,0.02807486051665864,0.0136360913803657,0.036682847936982454,0.6035976413986074
SMNDC1:K562,gc,cnn,4896,0.03184672561835189,241.82107890856878,0.035628479506108146,0.0308565656810047,0.05029508165726232,0.637228035958392
SMNDC1:K562,gc,splicebert,4896,0.10405536465675591,978.2009607252676,0.14412231158406485,0.1105868903714432,0.19126899073201237,0.7560960794993378
SMNDC1:K562,dn,kmer,4930,0.07849528284420015,316.12692369005526,0.046255045141899265,0.04555644993776653,0.06293488840326694,0.6387732514842686
SMNDC1:K562,dn,cnn,4930,0.08332591370464393,341.8509067535342,0.050018925750174414,0.07621009749206276,0.07086766043650422,0.652806141971372
SMNDC1:K562,dn,splicebert,4930,0.15974852807458573,791.2130861490969,0.11576868110281491,0.15322977588965359,0.18644976874318986,0.7485769536184061
SMNDC1:K562,neg2,kmer,4896,0.02541156713229964,191.9701537320061,0.028283740685034475,0.01796374071520801,0.03819086596234039,0.6087514083792558
SMNDC1:K562,neg2,cnn,4896,0.00541358291682692,-1.0248090091372433,-0.0001509892642299615,0.007430191350335846,0.016203816974778684,0.582026744521338
SMNDC1:K562,neg2,splicebert,4896,0.09896517498611646,973.5875761725638,0.14344260294273536,0.09466989599132414,0.18368275283519653,0.7557785266884531
SND1:K562,gc,kmer,8260,0.08157279458752753,862.2557321044442,0.07530097268070002,0.08331362732569436,0.09597082529726475,0.6749995016679468
SND1:K562,gc,cnn,8260,0.05917880740345538,571.052025168703,0.04987009230027173,0.05875924033209379,0.0670809087887066,0.6529551090760923
SND1:K562,gc,splicebert,8260,0.24569276949504304,4371.628176024742,0.38177519916231006,0.2644016274356088,0.44967650725648745,0.8828293535167586
SND1:K562,dn,kmer,8264,0.14173934882657402,973.7904304537115,0.08500015881417589,0.1273753838533318,0.11290008632295778,0.6919735022102187
SND1:K562,dn,cnn,8264,0.09656428610921863,531.0835128301187,0.04635718479295148,0.08767228084118461,0.06925662264495647,0.6506697777786108
SND1:K562,dn,splicebert,8264,0.3203255539134974,4254.956624229342,0.3714063904267496,0.28351311563389514,0.46519140639877554,0.8857878185418462
SND1:K562,neg2,kmer,8260,0.02930110395206631,373.36102893767566,0.03260569642309841,0.03831784002305172,0.04091269138142972,0.6281591027677949
SND1:K562,neg2,cnn,8260,0.026496315274170512,320.48557477570466,0.027988071997903097,0.03511251682480321,0.039429419820755096,0.6362994447994653
SND1:K562,neg2,splicebert,8260,0.1335525212670532,2483.731213102872,0.21690476416735127,0.14698132662978813,0.2530611887410639,0.8057030878999115
SRSF1:HepG2,gc,kmer,3574,0.03910102465452636,341.3195614940223,0.06888920519387542,0.042351797831153726,0.08162245495969939,0.6527679701280997
SRSF1:HepG2,gc,cnn,3574,0.0338642355455947,307.8622213258386,0.062136443758232796,0.03102598627841191,0.0788532329012877,0.6853708418914318
SRSF1:HepG2,gc,splicebert,3574,0.094505833807493,1062.2359405127213,0.2143931902114895,0.09214181156621537,0.24685828527892573,0.8022777824924086
SRSF1:HepG2,dn,kmer,3582,0.11796185468567477,441.4841015213169,0.08890660579231213,0.0889386711939315,0.11668596798293845,0.6961159791138832
SRSF1:HepG2,dn,cnn,3582,0.1024017039100833,366.8116643243229,0.07386897948924176,0.08184436405199413,0.10006160283670645,0.6824073216756903
SRSF1:HepG2,dn,splicebert,3582,0.23487778242287805,1302.8861417425205,0.26237679725500973,0.20141813918419726,0.33165925947745617,0.826880229050208
SRSF1:HepG2,neg2,kmer,3574,0.024326346250621023,262.90010181369917,0.05306164985112305,0.02958383166937084,0.05860527947974392,0.6286526862382643
SRSF1:HepG2,neg2,cnn,3574,0.00874687516538164,96.65241120679411,0.019507548172636113,0.0069485773546930085,0.03581464546340801,0.6477535167404707
SRSF1:HepG2,neg2,splicebert,3574,0.045821513267022884,568.1891805329692,0.11467875112502501,0.04206204378566136,0.13595734964019507,0.746712014803175
SRSF1:K562,gc,kmer,7722,0.06838867962929074,1335.1010100811345,0.12471792322778419,0.07606757521806196,0.13922024057172971,0.6996603883420771
SRSF1:K562,gc,cnn,7722,0.05511305485405449,1018.649032741343,0.09515668919595155,0.060835245138112115,0.11490997606271325,0.7076861093955111
SRSF1:K562,gc,splicebert,7722,0.1376779905658433,3302.0167076708703,0.3084565610650911,0.13418925483101218,0.344544798653969,0.8528164785611042
SRSF1:K562,dn,kmer,7728,0.17883016076626002,1664.9479151291926,0.15540968559105228,0.15782354398021914,0.19571672102170823,0.7529115576602411
SRSF1:K562,dn,cnn,7728,0.15402957811984275,1274.1342651346677,0.1189303303400937,0.1458257402662667,0.16696329951064826,0.7368126953049651
SRSF1:K562,dn,splicebert,7728,0.29793410748042126,4046.7050357257485,0.3777278265386861,0.2767431408258829,0.4543290924402422,0.8832391100737711
SRSF1:K562,neg2,kmer,7722,0.022390676366330298,560.2581602289156,0.052336290428634524,0.030035193256749304,0.05515099568060877,0.6294724585322875
SRSF1:K562,neg2,cnn,7722,0.02499617469832449,588.0046268421875,0.0549282154341485,0.02623978334426924,0.06589708203890077,0.6903147118117333
SRSF1:K562,neg2,splicebert,7722,0.04399294816285226,1162.537460546716,0.1085979687372699,0.04708249356762706,0.12403754797617933,0.7420403035528651
STAU2:HepG2,gc,kmer,1684,0.006509498366630728,89.9822099346211,0.03854420666297709,0.00509841945413414,0.011749789619477868,0.5619692960432405
STAU2:HepG2,gc,cnn,1684,-0.004833813846683355,-48.39912468586317,-0.020731940964270112,-0.002928886443787748,-0.0019647795975408777,0.557569918923951
STAU2:HepG2,gc,splicebert,1684,0.030275162067467387,203.07585148529506,0.08698827905645445,0.022662736326426902,0.07262105395223478,0.6855369243008107
STAU2:HepG2,dn,kmer,1696,0.012690792986827959,14.365850999672602,0.0061101244090145945,0.008645163318706794,0.0064223081838698515,0.5367707591669633
STAU2:HepG2,dn,cnn,1696,-0.008689980865076552,-20.679884933833364,-0.008795627193453948,0.005005809561095531,0.010362871578704747,0.577714767265931
STAU2:HepG2,dn,splicebert,1696,0.09659798860804547,189.32608894703708,0.08052470802912537,0.11685817706032908,0.10531430324579133,0.6704968961374155
STAU2:HepG2,neg2,kmer,1684,0.005908621594326369,5.095827237148114,0.0021828161176546956,0.006708415684349545,0.012029866987988858,0.5535584317398344
STAU2:HepG2,neg2,cnn,1684,0.006656191287568891,-56.5719609471339,-0.024232805080699027,0.0067359763396741545,0.022010099712087006,0.5901879361998634
STAU2:HepG2,neg2,splicebert,1684,0.03830800999768691,69.06162038341927,0.02958279609350223,0.03950712182118332,0.10597593663719429,0.7053291845566206
SUB1:HepG2,gc,kmer,6592,0.006844590235884573,111.16352479439047,0.012164370900227817,0.0063186632224876416,0.015035209048739617,0.569546548773447
SUB1:HepG2,gc,cnn,6592,0.011512096892968171,193.05287966574815,0.021125336174386278,0.011782179484134958,0.026821977070263847,0.6203098489490055
SUB1:HepG2,gc,splicebert,6592,0.04798926987109986,875.2062693283033,0.0957718252817713,0.04547253103734228,0.11908678994226685,0.7232307364325101
SUB1:HepG2,dn,kmer,6594,0.03487715829566851,186.4979115243459,0.020401851083736933,0.022436733247106933,0.02763260853620708,0.591181733488289
SUB1:HepG2,dn,cnn,6594,0.041894594666947116,225.2536783144442,0.02464151991554797,0.03891794072958599,0.045493215458266734,0.6235299615674363
SUB1:HepG2,dn,splicebert,6594,0.13937367717584814,1058.500745085381,0.1157941898477367,0.1148940525715999,0.15688180551716158,0.728305867900056
SUB1:HepG2,neg2,kmer,6592,0.007602901280752028,110.69846744446659,0.012113480735447602,0.011209366856681724,0.014525857130841868,0.5698562983080404
SUB1:HepG2,neg2,cnn,6592,0.007807345178621805,113.87327605641076,0.012460892798571321,0.0120451062263357,0.019034387800026142,0.6119744107302763
SUB1:HepG2,neg2,splicebert,6592,0.03868371267909321,582.3825466750113,0.06372879338503679,0.051579450595620635,0.08265523271527686,0.7116950746418136
TAF15:HepG2,gc,kmer,1536,0.002454969618055469,15.113242417414767,0.007097591109165746,0.001726045604442561,0.009854046277161688,0.5542161729600694
TAF15:HepG2,gc,cnn,1536,0.0023006863064236605,18.085162351018653,0.008493285819494378,0.0036897919142973024,0.01614762025690042,0.6760050455729166
TAF15:HepG2,gc,splicebert,1536,0.01012335883246529,86.09104669227702,0.04043070511975544,0.012875382143217817,0.05265714999384474,0.7154693603515625
TAF15:HepG2,dn,kmer,1536,0.03025309244791663,44.36699761885052,0.0208359529439609,0.011470938905581374,0.032345093840514816,0.6026594373914931
TAF15:HepG2,dn,cnn,1536,0.0688391791449654,127.25636039891606,0.05976305991832509,0.07295365023234612,0.0843108907467841,0.6732432047526042
TAF15:HepG2,dn,splicebert,1536,0.0766669379340279,113.46805442823415,0.05328769512465248,0.04875519521352456,0.1015423214700843,0.690914577907986
TAF15:HepG2,neg2,kmer,1536,0.0007086859809026791,3.2373281470520396,0.001520337650873116,0.0014673482616346378,0.0046303225306753015,0.5652516682942709
TAF15:HepG2,neg2,cnn,1536,0.0007561577690972099,5.550423361437197,0.0026066302924413476,-0.00015743673120571788,0.005730536069513681,0.6720428466796875
TAF15:HepG2,neg2,splicebert,1536,0.01276991102430558,106.31315098719926,0.04992755719743225,0.009190318234959971,0.0665956879562053,0.749233669704861
TIA1:HepG2,gc,kmer,3458,0.0036792831837121343,38.595648260380585,0.008051149558291781,0.004938769118777553,0.009330215919349849,0.5506283616234607
TIA1:HepG2,gc,cnn,3458,0.029902914959686333,301.6921896911317,0.06293375158217585,0.034554404622399115,0.08295649195966787,0.692696393740502
TIA1:HepG2,gc,splicebert,3458,0.04176232278877556,424.4525164794554,0.08854186532934516,0.05151643904247705,0.1114963224167243,0.7135196847838776
TIA1:HepG2,dn,kmer,3458,0.04503082683351156,121.26224404048935,0.025295609908079997,0.03085143614136332,0.03454658909836006,0.6040423610969409
TIA1:HepG2,dn,cnn,3458,0.15734848086983477,586.4913935044424,0.12234358370921294,0.13273836109375958,0.1792901763644023,0.7450774241739508
TIA1:HepG2,dn,splicebert,3458,0.18380794268895084,818.7090843993747,0.17078477964050343,0.17126452677055082,0.23456916221256463,0.7747314631732154
TIA1:HepG2,neg2,kmer,3458,0.00506248492611161,52.2016992427225,0.010889406105184074,0.005305545600140182,0.0130724129349154,0.5566355047649376
TIA1:HepG2,neg2,cnn,3458,0.0068454269544037105,78.12731331208579,0.016297554579717266,0.005916365247462418,0.022411158413293775,0.6298451784129542
TIA1:HepG2,neg2,splicebert,3458,0.035823754340694514,432.54913884528696,0.09023084117306068,0.04198433398986967,0.10805415135928265,0.738802337962181
TIA1:K562,gc,kmer,11662,0.008742296928571314,265.00904637519307,0.016392009818050224,0.013459399655643134,0.019423498775484327,0.5726177871006305
TIA1:K562,gc,cnn,11662,0.039120089812635817,1286.306506568486,0.07956388347151266,0.05586638764040508,0.09663602730803833,0.704966426877486
TIA1:K562,gc,splicebert,11662,0.06530142252652826,2333.1926657046133,0.14431853405293027,0.08330286588536906,0.16974424111317826,0.7625295947322752
TIA1:K562,dn,kmer,11766,0.04633676425118993,472.9878686403863,0.028997843467963857,0.034206496585309276,0.039130252631957296,0.607977812224779
TIA1:K562,dn,cnn,11766,0.16054882781523983,2392.4322281288623,0.14667474550333348,0.14422474302134436,0.1877728026406691,0.7504162201515304
TIA1:K562,dn,splicebert,11766,0.2044918404207562,3453.700157388652,0.21173874255405578,0.18414017633280855,0.27351832502634776,0.801342421770967
TIA1:K562,neg2,kmer,11662,0.011781835011487107,295.2982114021215,0.018265531863026152,0.011177824564757577,0.021934949020813832,0.5797769630918737
TIA1:K562,neg2,cnn,11662,0.022850740609838827,535.9609805772343,0.03315161416518453,0.03119882096000781,0.04912936406176316,0.6549278407494511
TIA1:K562,neg2,splicebert,11662,0.0836245613712081,2304.173626527867,0.14252357504454183,0.09513122589071887,0.17303600955195542,0.7605488332971917
TRA2A:HepG2,gc,kmer,1840,0.005173676748582379,44.71901648779112,0.01753149546749122,0.004853090789214032,0.020951782122288987,0.5631131852551985
TRA2A:HepG2,gc,cnn,1840,0.00865311909262767,88.78843218434304,0.03480832358713526,0.009587347050418082,0.04774172313283209,0.6945215028355387
TRA2A:HepG2,gc,splicebert,1840,0.028212429111531323,291.5462194896194,0.11429681658902147,0.020780251247731307,0.1235184308325128,0.7578414461247637
TRA2A:HepG2,dn,kmer,1842,0.11693374878130158,341.50004624723306,0.1337351854463178,0.0998804214511505,0.17046942929819497,0.728778731516161
TRA2A:HepG2,dn,cnn,1842,0.12879358578517186,401.4503389583415,0.1572123814273596,0.11298285697533395,0.2094603356730021,0.7672842977408543
TRA2A:HepG2,dn,splicebert,1842,0.17010849510929082,629.3389418607976,0.24645607232922928,0.14854702842819134,0.3226699888685903,0.8196750687599396
TRA2A:HepG2,neg2,kmer,1840,0.001955340264650385,18.276261653364827,0.007164965231874598,0.0024090081527069485,0.012902237828703367,0.5499834593572779
TRA2A:HepG2,neg2,cnn,1840,0.004378544423440434,48.66145570922231,0.01907707631362321,0.003252017954890052,0.027070135317555644,0.6786294896030247
TRA2A:HepG2,neg2,splicebert,1840,0.0055257561436672376,61.62984556174456,0.024161161022467903,0.0038400787720711538,0.03197140916079022,0.6852953686200379
U2AF1:K562,gc,kmer,2458,0.020374844168027817,125.27079607344194,0.0367631318680568,0.026593594536401532,0.04499229047779457,0.616867524120439
U2AF1:K562,gc,cnn,2458,0.09376069637940165,734.0491856652447,0.21542089502193462,0.10195608022305469,0.251854837344205,0.8102719669288638
U2AF1:K562,gc,splicebert,2458,0.11761598102805737,1118.7164047265853,0.32830891156634967,0.11483503766676295,0.3650705792807727,0.8602917955749347
U2AF1:K562,dn,kmer,2460,0.11901183158173056,321.5523600869774,0.09428902343163104,0.10879655406018551,0.1221916487046662,0.696572146209267
U2AF1:K562,dn,cnn,2460,0.29495670566461774,1392.7844758262215,0.4084071659149642,0.29710946763730184,0.49122714909846193,0.8923689602749685
U2AF1:K562,dn,splicebert,2460,0.3209617291294864,1681.7529042740093,0.4931415802838871,0.30577386688829966,0.5808639635898494,0.911869918699187
U2AF1:K562,neg2,kmer,2458,0.007893059046993556,50.5505820836097,0.014835043548835358,0.014002884453865883,0.019063178485931087,0.5875919681735335
U2AF1:K562,neg2,cnn,2458,0.04142167751007819,344.86146843064944,0.10120625107782422,0.053254233041818644,0.12203763699019043,0.7456484563117659
U2AF1:K562,neg2,splicebert,2458,0.06178063227891717,574.6653533761125,0.16864663455785633,0.07383500403043419,0.20224868072372126,0.8007085347921568
U2AF2:HepG2,gc,kmer,21398,0.05279136765199044,2803.721060886972,0.09451618073132018,0.07062271450668056,0.10448990476942743,0.6713992162794058
U2AF2:HepG2,gc,cnn,21398,0.129316282986633,8728.413963170622,0.2942433764719189,0.1586870874790658,0.32613252566809997,0.844742437273257
U2AF2:HepG2,gc,splicebert,21398,0.1534426021333133,11992.114292045306,0.4042659084705913,0.18123880828191452,0.4337264255703474,0.8920966719947945
U2AF2:HepG2,dn,kmer,21404,0.15207294671664562,3692.9218176542563,0.12445711065035636,0.13738533730085467,0.1578625078601656,0.7266729713523821
U2AF2:HepG2,dn,cnn,21404,0.30419656014009755,11784.848017970682,0.3971673937851905,0.29653464541032637,0.47288492250850866,0.8894260896642329
U2AF2:HepG2,dn,splicebert,21404,0.34224524006240165,15331.01987664032,0.5166788064800766,0.3354025932496205,0.5968645488340268,0.9282514815580696
U2AF2:HepG2,neg2,kmer,21398,0.010945071303876786,673.2097582497445,0.022694559765047195,0.015572867513699795,0.02519724085614722,0.5800824367548617
U2AF2:HepG2,neg2,cnn,21398,0.04732959914483481,3642.3679665685104,0.12278778863588202,0.06135255074553325,0.14043991555904795,0.7594135618028562
U2AF2:HepG2,neg2,splicebert,21398,0.07042104934959426,5897.816540564207,0.19882116728537436,0.08832967404187897,0.2191070164491355,0.8129850123703356
UCHL5:HepG2,gc,kmer,4462,0.04999978904483704,323.28568127038307,0.05226385579999904,0.049473975335240006,0.06574220833091893,0.6449023890370821
UCHL5:HepG2,gc,cnn,4462,0.023967319228000328,134.75914497074427,0.021785785540534452,0.026562142372939967,0.031147223674970415,0.6090902387831625
UCHL5:HepG2,gc,splicebert,4462,0.1712174383172127,1515.4746106163175,0.24499862229149416,0.16101654414218902,0.3012065144540653,0.819646796766399
UCHL5:HepG2,dn,kmer,4466,0.12013342989144826,428.47645860745706,0.0692074408834128,0.09813109118818952,0.09301825809825437,0.6732533954610331
UCHL5:HepG2,dn,cnn,4466,0.07023379511295869,192.39969321548233,0.031076364002522783,0.054624337612333096,0.04896325410277058,0.6274624274686044
UCHL5:HepG2,dn,splicebert,4466,0.26463127187373203,1597.6325916018513,0.2580493301686714,0.25225853555574884,0.3365895365997237,0.8280649196225891
UCHL5:HepG2,neg2,kmer,4462,0.010573474578195352,88.84639422546843,0.014363318282154758,0.010128613581113832,0.019029163078560174,0.5846921692037206
UCHL5:HepG2,neg2,cnn,4462,0.01066910758532491,81.26809181912631,0.013138174927158519,0.01172252426861864,0.020156492860481656,0.6084875097466308
UCHL5:HepG2,neg2,splicebert,4462,0.04251108167561113,455.5868757423441,0.07365227771487859,0.032502449631259256,0.09718738990465836,0.7044074158977015
XPO5:HepG2,gc,kmer,9114,0.044444810422912706,614.366225507043,0.04862536245494187,0.03498576582969548,0.0604665015268972,0.6376281051045858
XPO5:HepG2,gc,cnn,9114,0.06867383705165053,993.0237304020666,0.0785950412187909,0.055728827530683867,0.10234378629108198,0.6954618043923099
XPO5:HepG2,gc,splicebert,9114,0.12482846565116312,2142.874898482836,0.16960253397446945,0.10811482781304671,0.2087467762175047,0.7666710054377177
XPO5:HepG2,dn,kmer,9236,0.039871941773777286,338.55093714515715,0.02644141176416348,0.01689979833904043,0.03603916658581657,0.6049940907601472
XPO5:HepG2,dn,cnn,9236,0.06739271883365994,690.5065106777292,0.05392974873626577,0.03718038102081711,0.07229576744570704,0.6541823932224461
XPO5:HepG2,dn,splicebert,9236,0.12770246203634583,1521.0672656511397,0.11879797536885195,0.1004712676113606,0.15915613301876885,0.729188615696089
XPO5:HepG2,neg2,kmer,9114,0.03771037321184001,691.5428108478172,0.05473367257913975,0.03758725515450434,0.06464561946794212,0.6280377838096808
XPO5:HepG2,neg2,cnn,9114,0.042369375422590894,727.8618698961545,0.057608224168935074,0.043321100349395736,0.07834221472390901,0.6747348064640851
XPO5:HepG2,neg2,splicebert,9114,0.10357677017163769,2330.6082388943296,0.18446110097146196,0.10062080976066645,0.22472456251805817,0.786911300158252
YBX3:HepG2,gc,kmer,4082,-0.007394229178854461,-95.44899248675574,-0.01686719599687536,-0.00625668839168203,0.005352604320370102,0.5610470412880871
YBX3:HepG2,gc,cnn,4082,0.007898348433305502,-12.923311998287318,-0.0022837332351530737,0.0004477560391530355,0.008819759290416396,0.5633391034983235
YBX3:HepG2,gc,splicebert,4082,0.0831054994369469,276.4675288195767,0.04885574874997922,0.07384062476411724,0.12358022815166941,0.7038001709684443
YBX3:HepG2,dn,kmer,4084,0.032923685848887385,23.92013117638362,0.004224957716158384,0.012422675375526326,0.023015304632620637,0.5872044556958139
YBX3:HepG2,dn,cnn,4084,0.02466326631435256,33.03183747946059,0.005834337429366787,0.0032485448267705053,0.01123764736384586,0.5624136042231647
YBX3:HepG2,dn,splicebert,4084,0.13826849673027053,449.89975453253373,0.07946475817351228,0.10944817786858196,0.14104645707983215,0.717613035174173
YBX3:HepG2,neg2,kmer,4082,-0.009873775740389168,-110.59154646047227,-0.019543100887158826,-0.006441678490147651,-0.005678299789744934,0.5199265138161083
YBX3:HepG2,neg2,cnn,4082,-0.003581167160903509,-34.15165267617158,-0.0060350832868784066,-0.0033127242709639626,-0.0028536073302507514,0.522488159799082
YBX3:HepG2,neg2,splicebert,4082,0.004278052015984857,-86.74318612737079,-0.015328756057920834,0.006025827155137886,0.01973063125178809,0.6175921776055344
YBX3:K562,gc,kmer,35958,0.0998563962929837,4257.013285132169,0.08539924294258039,0.10765097523367861,0.10874232143881646,0.6880547839026875
YBX3:K562,gc,cnn,35958,0.10635380424067364,4619.174905611399,0.09266450761060552,0.11172307828999062,0.12234999616468328,0.7054880705589613
YBX3:K562,gc,splicebert,35958,0.2368663070063438,15333.322825665826,0.30759926582314967,0.2547039698936434,0.37110641097536423,0.8523318580442347
YBX3:K562,dn,kmer,35958,0.1528321750783025,4624.849070048447,0.09277833608958819,0.13754927385926108,0.12161501575673961,0.6997038504368278
YBX3:K562,dn,cnn,35958,0.15747960534919148,4795.049431430365,0.0961926975296461,0.14456239456548636,0.12921725648784177,0.7073648886045344
YBX3:K562,dn,splicebert,35958,0.3039264300913376,15397.251829601126,0.30888173505039296,0.29915357843967816,0.3803430735030274,0.8554186272920312
YBX3:K562,neg2,kmer,35958,0.0216650810090806,1800.6311312292892,0.03612216479635655,0.03437084544188662,0.039642343210527675,0.6226216895714535
YBX3:K562,neg2,cnn,35958,0.029465484295830513,2388.143774744487,0.047908159251817684,0.040448892775930445,0.05835736939641739,0.6943850397105514
YBX3:K562,neg2,splicebert,35958,0.06211523680928521,5749.034334230695,0.11533043166882195,0.07572215414521755,0.13600886522567485,0.7629975050367532
YWHAG:K562,gc,kmer,1580,0.013440153821502876,28.777937511547634,0.013138540422443779,0.005829214738044208,0.020624213400806113,0.5729145970197084
YWHAG:K562,gc,cnn,1580,-0.012754366287453966,-34.09540307930229,-0.015566224347980828,-0.015735034187751573,-0.01377317283076629,0.5538070821983656
YWHAG:K562,gc,splicebert,1580,0.03614004165999052,93.98816757360464,0.0429102098926204,0.03866120118223437,0.07721248901156602,0.6647540458259894
YWHAG:K562,dn,kmer,1596,0.015141236550021753,17.337493333591283,0.007836063801321402,0.00985446235168308,0.013235166296109269,0.5691625680743211
YWHAG:K562,dn,cnn,1596,0.027534374784078053,37.639499119123684,0.017012004611749454,0.02621655889003971,0.027173587245003072,0.5884447962010289
YWHAG:K562,dn,splicebert,1596,0.1222762419834047,197.1940965263625,0.08912623594961244,0.11591993461431083,0.12459176180505582,0.7023605379363195
YWHAG:K562,neg2,kmer,1580,0.005334081076750485,1.5308396590655775,0.0006989034128259686,0.012425920257393641,0.005343878021685677,0.542719115526358
YWHAG:K562,neg2,cnn,1580,0.0008876782566895614,0.9050014163849482,0.00041317754918224203,0.0032970303644339616,0.003389866340150427,0.5491011055920526
YWHAG:K562,neg2,splicebert,1580,0.035609677936228046,46.642177793076826,0.02129444259440927,0.029865730997639894,0.05216613825529759,0.6449495273193399
ZNF622:K562,gc,kmer,29934,0.0662078429519175,3988.009070428241,0.09610277458620686,0.06612199129276763,0.11119176050633406,0.6815985613997886
ZNF622:K562,gc,cnn,29934,0.07671168010794316,4492.239235698209,0.1082536792247718,0.08055372294644059,0.13430972151279635,0.7218897498418037
ZNF622:K562,gc,splicebert,29934,0.1758726328052448,14053.11563262021,0.3386510361498689,0.1768531970526911,0.38273567365087013,0.8654984977105307
ZNF622:K562,dn,kmer,29938,0.16087606282904288,4742.357964854906,0.11426575452629517,0.13851190842144878,0.1466616711328732,0.7191312800233851
ZNF622:K562,dn,cnn,29938,0.1979273298158435,6597.952463210233,0.15897577157282594,0.1914740606941231,0.20498607417222547,0.7609086435792097
ZNF622:K562,dn,splicebert,29938,0.3191918340547484,15460.911023690765,0.3725262152031561,0.31107860729861236,0.45028544080313554,0.8827328231970228
ZNF622:K562,neg2,kmer,29934,0.017546903671362468,1548.0710791086458,0.0373053128344637,0.017759044824046888,0.039900589657492325,0.6047335987014464
ZNF622:K562,neg2,cnn,29934,0.014281043024615747,1097.380403535186,0.02644459922076814,0.01344567194316626,0.03670020164354321,0.6557491446327463
ZNF622:K562,neg2,splicebert,29934,0.054544929246784,5218.024316430743,0.12574359932773205,0.05275334361717632,0.14273007431698526,0.746972793833434
ZNF800:HepG2,gc,kmer,5872,0.05154118933246221,441.98571786853154,0.054295861998695405,0.051122355939814845,0.06959848159518017,0.64785125362873
ZNF800:HepG2,gc,cnn,5872,0.04319963489965761,354.0231145987227,0.043490070826945115,0.03853957141648401,0.06263797230740598,0.6528836801817521
ZNF800:HepG2,gc,splicebert,5872,0.18193161653884138,2195.7475701195317,0.2697372386286989,0.1684402130110294,0.33023588456612735,0.834431310277751
ZNF800:HepG2,dn,kmer,5876,0.11981263794850794,588.2984131213616,0.07222049039933931,0.09888169517698497,0.09531378316476813,0.6762866659777447
ZNF800:HepG2,dn,cnn,5876,0.07033433412374002,255.04600335529176,0.03130987102103722,0.050587909167724154,0.04971730526139734,0.6269616318367199
ZNF800:HepG2,dn,splicebert,5876,0.2835390676661905,2379.826847727264,0.29215149688483144,0.25167837949708527,0.36868775803673365,0.8489451384895278
ZNF800:HepG2,neg2,kmer,5872,0.00726268013720488,94.38497596439265,0.011594749383366354,0.0026130413352229986,0.015362115517983777,0.5787391462925703
ZNF800:HepG2,neg2,cnn,5872,0.007673580433442906,142.24924016220848,0.017474648616505606,0.00017304485117852764,0.023206142327611534,0.6221445793643133
ZNF800:HepG2,neg2,splicebert,5872,0.04098202618625113,723.3044170479006,0.08885453810695587,0.0370572735012229,0.1043862112531248,0.7196154195962552
ZNF800:K562,gc,kmer,4860,0.0400870463513352,417.29835031622315,0.06193768112884368,0.03682776909203167,0.07270808693730596,0.6463621737878711
ZNF800:K562,gc,cnn,4860,0.03587241104845118,360.18805802062525,0.053461062252446734,0.02686732657150026,0.07085039588590197,0.6696621449982219
ZNF800:K562,gc,splicebert,4860,0.13194059171196793,1892.7364770339473,0.2809301984698068,0.11581520341904694,0.32409181686511307,0.8398218428762554
ZNF800:K562,dn,kmer,4872,0.149938592162985,773.2127110378015,0.11448174710247816,0.13015658236036454,0.1485290454094838,0.719911508003915
ZNF800:K562,dn,cnn,4872,0.1189717860985059,532.7852498918073,0.07888409666232532,0.106771702769493,0.1134599114910243,0.6934176663134537
ZNF800:K562,dn,splicebert,4872,0.2837923417484315,2250.84958693321,0.333260420449047,0.26292119549152904,0.4173087707348845,0.8683484392567966
ZNF800:K562,neg2,kmer,4860,0.010852512320276508,151.8351757265882,0.022536199079552843,0.011649593158158611,0.02627084462752216,0.5983559416755575
ZNF800:K562,neg2,cnn,4860,0.009090247082931269,126.26375070377799,0.018740749689751146,0.0062514924093379776,0.02585636121337237,0.6337756778268896
ZNF800:K562,neg2,splicebert,4860,0.031930769361039335,465.1415014435497,0.06903882072471768,0.03106167679886862,0.10021094599972113,0.7230124134193636
