dataset,arm,model,scale,standardisation,comp_auroc,full_auroc,gain,se,n
AATF:K562,gc,kmer,native,whole_dataset,0.843218130457444,0.859664346798131,0.016446216340686992,0.0036270291740789773,2086
AATF:K562,gc,cnn,probability,whole_dataset,0.843218130457444,0.8495793074222617,0.00636117696481775,0.002718759471420605,2086
AATF:K562,gc,cnn,logit,whole_dataset,0.843218130457444,0.8494938176162317,0.0062756871587876795,0.0029455482348357495,2086
AATF:K562,gc,splicebert,probability,whole_dataset,0.843218130457444,0.8700499793629446,0.02683184890550061,0.004623971172816829,2086
AATF:K562,gc,splicebert,logit,whole_dataset,0.843218130457444,0.8723572848805302,0.029139154423086233,0.004834120026523335,2086
AATF:K562,gc,kmer,native,within_fold,0.8431501063107103,0.85972869396396,0.01657858765324971,0.003631791938477996,2086
AATF:K562,gc,cnn,probability,within_fold,0.8431501063107103,0.8495636802534174,0.00641357394270714,0.002715069590874482,2086
AATF:K562,gc,cnn,logit,within_fold,0.8431501063107103,0.8495324259157292,0.0063823196050188935,0.0029419838122868415,2086
AATF:K562,gc,splicebert,probability,within_fold,0.8431501063107103,0.8701235189810351,0.026973412670324826,0.004626532768132518,2086
AATF:K562,gc,splicebert,logit,within_fold,0.8431501063107103,0.8723738312946007,0.029223724983890365,0.004831136356623171,2086
AATF:K562,dn,kmer,native,whole_dataset,0.6362526218143512,0.6843297012308299,0.04807707941647865,0.008089862024270393,2162
AATF:K562,dn,cnn,probability,whole_dataset,0.6362526218143512,0.6217861112941473,-0.014466510520203979,0.005720623480256998,2162
AATF:K562,dn,cnn,logit,whole_dataset,0.6362526218143512,0.6222037189329441,-0.014048902881407144,0.005766072308933936,2162
AATF:K562,dn,splicebert,probability,whole_dataset,0.6362526218143512,0.7375892229845082,0.10133660117015697,0.010754818522476107,2162
AATF:K562,dn,splicebert,logit,whole_dataset,0.6362526218143512,0.7486130377447133,0.11236041593036206,0.011362581164858351,2162
AATF:K562,dn,kmer,native,within_fold,0.6362817174285296,0.6843502393114267,0.04806852188289712,0.008096493705545476,2162
AATF:K562,dn,cnn,probability,within_fold,0.6362817174285296,0.6218614175896678,-0.014420299838861728,0.00571823989710631,2162
AATF:K562,dn,cnn,logit,within_fold,0.6362817174285296,0.6223158226228669,-0.013965894805662682,0.005768802302539377,2162
AATF:K562,dn,splicebert,probability,within_fold,0.6362817174285296,0.7375840884643591,0.10130237103582951,0.010752631630841178,2162
AATF:K562,dn,splicebert,logit,within_fold,0.6362817174285296,0.7486164607581463,0.11233474332961668,0.011360765591004773,2162
AATF:K562,neg2,kmer,native,whole_dataset,0.7559330385007479,0.8067838459197921,0.05085080741904435,0.006495695056047465,2086
AATF:K562,neg2,cnn,probability,whole_dataset,0.7559330385007479,0.7626536403489822,0.00672060184823442,0.0033571791877237017,2086
AATF:K562,neg2,cnn,logit,whole_dataset,0.7559330385007479,0.7630259346655647,0.0070928961648168976,0.00363552063339079,2086
AATF:K562,neg2,splicebert,probability,whole_dataset,0.7559330385007479,0.8466450766604556,0.09071203815970785,0.007951748345780187,2086
AATF:K562,neg2,splicebert,logit,whole_dataset,0.7559330385007479,0.8486609814413582,0.09272794294061038,0.008296614242522,2086
AATF:K562,neg2,kmer,native,within_fold,0.7559192498223559,0.806825211954968,0.050905962132612226,0.006493038309521507,2086
AATF:K562,neg2,cnn,probability,within_fold,0.7559192498223559,0.7626380131801381,0.00671876335778232,0.003361345787954057,2086
AATF:K562,neg2,cnn,logit,within_fold,0.7559192498223559,0.7629661837258664,0.007046933903510633,0.003634622797386291,2086
AATF:K562,neg2,splicebert,probability,within_fold,0.7559192498223559,0.8466303687368375,0.09071111891448169,0.007950907262279662,2086
AATF:K562,neg2,splicebert,logit,within_fold,0.7559192498223559,0.848616857670504,0.09269760784814818,0.008301798934684707,2086
AKAP1:HepG2,gc,kmer,native,whole_dataset,0.7162465559294272,0.724821478039488,0.008574922110060834,0.001550918810382482,11850
AKAP1:HepG2,gc,cnn,probability,whole_dataset,0.7162465559294272,0.7582092613363244,0.04196270540689717,0.003092187346024531,11850
AKAP1:HepG2,gc,cnn,logit,whole_dataset,0.7162465559294272,0.7584110808453061,0.042164524915878854,0.0031374470466084613,11850
AKAP1:HepG2,gc,splicebert,probability,whole_dataset,0.7162465559294272,0.7885343160818244,0.07228776015239724,0.003642742859882416,11850
AKAP1:HepG2,gc,splicebert,logit,whole_dataset,0.7162465559294272,0.7885182502804038,0.07227169435097658,0.0035995851417318196,11850
AKAP1:HepG2,gc,kmer,native,within_fold,0.7162406024675533,0.7248135875660953,0.008572985098542096,0.0015485845210241463,11850
AKAP1:HepG2,gc,cnn,probability,within_fold,0.7162406024675533,0.7581816304367177,0.041941027969164546,0.003092371970362797,11850
AKAP1:HepG2,gc,cnn,logit,within_fold,0.7162406024675533,0.7584162082287383,0.042175605761185175,0.0031371296680873587,11850
AKAP1:HepG2,gc,splicebert,probability,within_fold,0.7162406024675533,0.7885587566095177,0.07231815414196452,0.003642623419617429,11850
AKAP1:HepG2,gc,splicebert,logit,within_fold,0.7162406024675533,0.788518990902455,0.07227838843490186,0.003600374284140948,11850
AKAP1:HepG2,dn,kmer,native,whole_dataset,0.5874500615797351,0.6188497665961131,0.0313997050163779,0.0038967083798541317,11886
AKAP1:HepG2,dn,cnn,probability,whole_dataset,0.5874500615797351,0.673547956809614,0.08609789522987876,0.005338326418987434,11886
AKAP1:HepG2,dn,cnn,logit,whole_dataset,0.5874500615797351,0.6736019783433108,0.08615191676357559,0.005328437511986959,11886
AKAP1:HepG2,dn,splicebert,probability,whole_dataset,0.5874500615797351,0.741988115319213,0.15453805373947782,0.005642516017618541,11886
AKAP1:HepG2,dn,splicebert,logit,whole_dataset,0.5874500615797351,0.7420494699646644,0.15459940838492914,0.0056381389104348,11886
AKAP1:HepG2,dn,kmer,native,within_fold,0.5874557525274673,0.6189209175993521,0.03146516507188468,0.0038916013827335503,11886
AKAP1:HepG2,dn,cnn,probability,within_fold,0.5874557525274673,0.6735446724815695,0.08608891995410206,0.005339070793728821,11886
AKAP1:HepG2,dn,cnn,logit,within_fold,0.5874557525274673,0.6736824160672272,0.08622666353975983,0.005328527021070508,11886
AKAP1:HepG2,dn,splicebert,probability,within_fold,0.5874557525274673,0.7419737605406049,0.15451800801313753,0.005642913505803515,11886
AKAP1:HepG2,dn,splicebert,logit,within_fold,0.5874557525274673,0.7420602006571544,0.154604448129687,0.0056404730537530316,11886
AKAP1:HepG2,neg2,kmer,native,whole_dataset,0.7934906443055778,0.8074457868219125,0.013955142516334673,0.0016826263953587763,11850
AKAP1:HepG2,neg2,cnn,probability,whole_dataset,0.7934906443055778,0.8107556837401414,0.01726503943456359,0.0019880742333897926,11850
AKAP1:HepG2,neg2,cnn,logit,whole_dataset,0.7934906443055778,0.8108479481564563,0.017357303850878525,0.002030242021354316,11850
AKAP1:HepG2,neg2,splicebert,probability,whole_dataset,0.7934906443055778,0.8689523972297887,0.07546175292421087,0.003051803356490389,11850
AKAP1:HepG2,neg2,splicebert,logit,whole_dataset,0.7934906443055778,0.8721073047410494,0.07861666043547155,0.003138809946206126,11850
AKAP1:HepG2,neg2,kmer,native,within_fold,0.7934722996670761,0.8074578361729781,0.013985536505901952,0.0016832009377876448,11850
AKAP1:HepG2,neg2,cnn,probability,within_fold,0.7934722996670761,0.8107379372963734,0.017265637629297337,0.001991371027202627,11850
AKAP1:HepG2,neg2,cnn,logit,within_fold,0.7934722996670761,0.8108317684131817,0.01735946874610561,0.002031565160855622,11850
AKAP1:HepG2,neg2,splicebert,probability,within_fold,0.7934722996670761,0.8689829051612099,0.0755106054941338,0.003051653904271442,11850
AKAP1:HepG2,neg2,splicebert,logit,within_fold,0.7934722996670761,0.8721030319215226,0.0786307322544465,0.0031394362847794142,11850
AQR:HepG2,gc,kmer,native,whole_dataset,0.6394277921976216,0.7435461560292993,0.10411836383167761,0.0034484045266661486,21858
AQR:HepG2,gc,cnn,probability,whole_dataset,0.6394277921976216,0.8165161920149036,0.17708839981728186,0.003742611688801622,21858
AQR:HepG2,gc,cnn,logit,whole_dataset,0.6394277921976216,0.818220209246012,0.17879241704839033,0.0037663543882144788,21858
AQR:HepG2,gc,splicebert,probability,whole_dataset,0.6394277921976216,0.9273232586233299,0.2878954664257082,0.0037153248870623215,21858
AQR:HepG2,gc,splicebert,logit,whole_dataset,0.6394277921976216,0.939165028459046,0.29973723626142434,0.0037293213551312077,21858
AQR:HepG2,gc,kmer,native,within_fold,0.6394887166343999,0.7435392405992074,0.10405052396480752,0.0034477325123191275,21858
AQR:HepG2,gc,cnn,probability,within_fold,0.6394887166343999,0.8165047221126931,0.17701600547829321,0.003742084384102016,21858
AQR:HepG2,gc,cnn,logit,within_fold,0.6394887166343999,0.81824252950827,0.17875381287387015,0.003765012133958741,21858
AQR:HepG2,gc,splicebert,probability,within_fold,0.6394887166343999,0.927363788401871,0.28787507176747107,0.003715016450433085,21858
AQR:HepG2,gc,splicebert,logit,within_fold,0.6394887166343999,0.9391312801555345,0.2996425635211346,0.0037289505832043667,21858
AQR:HepG2,dn,kmer,native,whole_dataset,0.5967507659436684,0.7315471585554938,0.1347963926118254,0.003955216790034339,22216
AQR:HepG2,dn,cnn,probability,whole_dataset,0.5967507659436684,0.8170370824104427,0.22028631646677432,0.0040454543506359296,22216
AQR:HepG2,dn,cnn,logit,whole_dataset,0.5967507659436684,0.8194404344991894,0.22268966855552097,0.004086357950115209,22216
AQR:HepG2,dn,splicebert,probability,whole_dataset,0.5967507659436684,0.9308962442144946,0.3341454782708262,0.003943900928387791,22216
AQR:HepG2,dn,splicebert,logit,whole_dataset,0.5967507659436684,0.9352327149981541,0.3384819490544857,0.0039067541819457485,22216
AQR:HepG2,dn,kmer,native,within_fold,0.5967568362425598,0.7315364767745339,0.134779640531974,0.003954484555081561,22216
AQR:HepG2,dn,cnn,probability,within_fold,0.5967568362425598,0.8170411022612439,0.220284266018684,0.004043853097711709,22216
AQR:HepG2,dn,cnn,logit,within_fold,0.5967568362425598,0.8194274510294643,0.22267061478690442,0.004085827018739092,22216
AQR:HepG2,dn,splicebert,probability,within_fold,0.5967568362425598,0.9308732921631452,0.33411645592058525,0.003943938434742283,22216
AQR:HepG2,dn,splicebert,logit,within_fold,0.5967568362425598,0.9352173325852089,0.33846049634264896,0.0039064005370496035,22216
AQR:HepG2,neg2,kmer,native,whole_dataset,0.6624674684898553,0.6982169350494015,0.03574946655954625,0.0022920375700380253,21858
AQR:HepG2,neg2,cnn,probability,whole_dataset,0.6624674684898553,0.7540441556574233,0.09157668716756806,0.0031610692679676935,21858
AQR:HepG2,neg2,cnn,logit,whole_dataset,0.6624674684898553,0.7553986004090435,0.09293113191918823,0.00322124262997677,21858
AQR:HepG2,neg2,splicebert,probability,whole_dataset,0.6624674684898553,0.8921174738007549,0.22965000531089963,0.0035646583012747136,21858
AQR:HepG2,neg2,splicebert,logit,whole_dataset,0.6624674684898553,0.8956147307066638,0.23314726221680848,0.0036808826221821347,21858
AQR:HepG2,neg2,kmer,native,within_fold,0.6624627549461002,0.6982087721627919,0.03574601721669157,0.0022931627492503797,21858
AQR:HepG2,neg2,cnn,probability,within_fold,0.6624627549461002,0.7540501082855049,0.0915873533394046,0.0031618180382586656,21858
AQR:HepG2,neg2,cnn,logit,within_fold,0.6624627549461002,0.7554137457032762,0.09295099075717594,0.0032202583521598483,21858
AQR:HepG2,neg2,splicebert,probability,within_fold,0.6624627549461002,0.8921116802443099,0.22964892529820957,0.003565023600850595,21858
AQR:HepG2,neg2,splicebert,logit,within_fold,0.6624627549461002,0.8955876969006507,0.23312494195455036,0.0036811299212947566,21858
BCCIP:HepG2,gc,kmer,native,whole_dataset,0.9123388289271845,0.912781056093752,0.0004422271665676103,0.0014640905146098696,1076
BCCIP:HepG2,gc,cnn,probability,whole_dataset,0.9123388289271845,0.9118585978634899,-0.00048023106369454727,0.0011945281369806803,1076
BCCIP:HepG2,gc,cnn,logit,whole_dataset,0.9123388289271845,0.9120140683517364,-0.0003247605754480576,0.0012149316209211017,1076
BCCIP:HepG2,gc,splicebert,probability,whole_dataset,0.9123388289271845,0.9224513204626802,0.01011249153549576,0.003297909188487661,1076
BCCIP:HepG2,gc,splicebert,logit,whole_dataset,0.9123388289271845,0.9248732051795856,0.01253437625240117,0.0036738973180391802,1076
BCCIP:HepG2,gc,kmer,native,within_fold,0.912349193626401,0.9127050482994983,0.00035585467309739993,0.0014685738298876908,1076
BCCIP:HepG2,gc,cnn,probability,within_fold,0.912349193626401,0.9118171390666242,-0.0005320545597766735,0.0011981350111345166,1076
BCCIP:HepG2,gc,cnn,logit,within_fold,0.912349193626401,0.9120071585522589,-0.00034203507414198864,0.0012103480149427785,1076
BCCIP:HepG2,gc,splicebert,probability,within_fold,0.912349193626401,0.9224720498611131,0.010122856234712208,0.003292383236667964,1076
BCCIP:HepG2,gc,splicebert,logit,within_fold,0.912349193626401,0.9248455659816752,0.012496372355274343,0.0036754533112550087,1076
BCCIP:HepG2,dn,kmer,native,whole_dataset,0.6828318779021139,0.6961355633499816,0.013303685447867752,0.007196084449418627,1078
BCCIP:HepG2,dn,cnn,probability,whole_dataset,0.6828318779021139,0.7180548049882798,0.03522292708616592,0.009466111777112431,1078
BCCIP:HepG2,dn,cnn,logit,whole_dataset,0.6828318779021139,0.7167674625930656,0.0339355846909517,0.009350114756235437,1078
BCCIP:HepG2,dn,splicebert,probability,whole_dataset,0.6828318779021139,0.7192939580959724,0.03646208019385855,0.013676173682158054,1078
BCCIP:HepG2,dn,splicebert,logit,whole_dataset,0.6828318779021139,0.7221543365195632,0.03932245861744932,0.013907010237048632,1078
BCCIP:HepG2,dn,kmer,native,within_fold,0.682845646269977,0.6960736056945969,0.013227959424619962,0.007189276357032654,1078
BCCIP:HepG2,dn,cnn,probability,within_fold,0.682845646269977,0.718065131264177,0.035219484994200134,0.009468264522849481,1078
BCCIP:HepG2,dn,cnn,logit,within_fold,0.682845646269977,0.7167468100412707,0.03390116377129382,0.009354933368947497,1078
BCCIP:HepG2,dn,splicebert,probability,within_fold,0.682845646269977,0.7192147899807587,0.036369143710781815,0.01368425515824117,1078
BCCIP:HepG2,dn,splicebert,logit,within_fold,0.682845646269977,0.7221267997838365,0.039281153513859635,0.013920041263438676,1078
BCCIP:HepG2,neg2,kmer,native,whole_dataset,0.8674009480244884,0.8652416356877324,-0.0021593123367560363,0.0006669937816100338,1076
BCCIP:HepG2,neg2,cnn,probability,whole_dataset,0.8674009480244884,0.8677775320960185,0.0003765840715300728,0.0015900104573560612,1076
BCCIP:HepG2,neg2,cnn,logit,whole_dataset,0.8674009480244884,0.8679537319826979,0.0005527839582094574,0.0016210662190179537,1076
BCCIP:HepG2,neg2,splicebert,probability,whole_dataset,0.8674009480244884,0.8950643302331367,0.02766338220864828,0.005780590039606186,1076
BCCIP:HepG2,neg2,splicebert,logit,whole_dataset,0.8674009480244884,0.8986643357609763,0.031263387736487847,0.006459456333834453,1076
BCCIP:HepG2,neg2,kmer,native,within_fold,0.8673353049294511,0.8651448984950456,-0.0021904064344052676,0.0006659340264544548,1076
BCCIP:HepG2,neg2,cnn,probability,within_fold,0.8673353049294511,0.8677395281988917,0.00040422326944078435,0.0015902408813866322,1076
BCCIP:HepG2,neg2,cnn,logit,within_fold,0.8673353049294511,0.8680021005790413,0.0006667956495903793,0.0016037510793091166,1076
BCCIP:HepG2,neg2,splicebert,probability,within_fold,0.8673353049294511,0.895078149832092,0.027742844902641117,0.005783006661681298,1076
BCCIP:HepG2,neg2,splicebert,logit,within_fold,0.8673353049294511,0.8985745083677672,0.03123920343831632,0.00647652039537639,1076
BCLAF1:HepG2,gc,kmer,native,whole_dataset,0.706420045972539,0.7759566216854027,0.06953657571286365,0.0015218479365103495,64768
BCLAF1:HepG2,gc,cnn,probability,whole_dataset,0.706420045972539,0.842045028122266,0.13562498214972696,0.0018136344977825493,64768
BCLAF1:HepG2,gc,cnn,logit,whole_dataset,0.706420045972539,0.8427067707351823,0.13628672476264325,0.0018161913247613055,64768
BCLAF1:HepG2,gc,splicebert,probability,whole_dataset,0.706420045972539,0.9297442270615143,0.22332418108897523,0.00193933086182153,64768
BCLAF1:HepG2,gc,splicebert,logit,whole_dataset,0.706420045972539,0.933404545687972,0.226984499715433,0.0019531004779044711,64768
BCLAF1:HepG2,gc,kmer,native,within_fold,0.7063863545357757,0.7759577878650976,0.06957143332932192,0.0015219222660034005,64768
BCLAF1:HepG2,gc,cnn,probability,within_fold,0.7063863545357757,0.8420436235575148,0.13565726902173914,0.0018136871968694138,64768
BCLAF1:HepG2,gc,cnn,logit,within_fold,0.7063863545357757,0.8427028316605136,0.13631647712473793,0.001816373176305959,64768
BCLAF1:HepG2,gc,splicebert,probability,within_fold,0.7063863545357757,0.9297400677190536,0.2233537131832779,0.0019393927113824897,64768
BCLAF1:HepG2,gc,splicebert,logit,within_fold,0.7063863545357757,0.9334084799949397,0.227022125459164,0.0019531243153679803,64768
BCLAF1:HepG2,dn,kmer,native,whole_dataset,0.5665554522606242,0.7068969026112475,0.1403414503506233,0.0025394839414495684,64774
BCLAF1:HepG2,dn,cnn,probability,whole_dataset,0.5665554522606242,0.8120521714605446,0.24549671919992044,0.0025547046016317788,64774
BCLAF1:HepG2,dn,cnn,logit,whole_dataset,0.5665554522606242,0.8123793048261345,0.24582385256551031,0.002548231835224628,64774
BCLAF1:HepG2,dn,splicebert,probability,whole_dataset,0.5665554522606242,0.9119491158129098,0.3453936635522856,0.0023848322098256776,64774
BCLAF1:HepG2,dn,splicebert,logit,whole_dataset,0.5665554522606242,0.915215001949309,0.34865954968868484,0.002391144932975779,64774
BCLAF1:HepG2,dn,kmer,native,within_fold,0.566516637015804,0.7069345566592266,0.14041791964342243,0.0025399959035369837,64774
BCLAF1:HepG2,dn,cnn,probability,within_fold,0.566516637015804,0.8120595457278406,0.24554290871203643,0.002554938528553739,64774
BCLAF1:HepG2,dn,cnn,logit,within_fold,0.566516637015804,0.8123749155402096,0.24585827852440545,0.002547792178115583,64774
BCLAF1:HepG2,dn,splicebert,probability,within_fold,0.566516637015804,0.911897268087943,0.3453806310721389,0.0023854872745390767,64774
BCLAF1:HepG2,dn,splicebert,logit,within_fold,0.566516637015804,0.9152194541572305,0.34870281714142637,0.002391307859265864,64774
BCLAF1:HepG2,neg2,kmer,native,whole_dataset,0.9177415003865422,0.9278165062801838,0.01007500589364152,0.00042961564879894426,64768
BCLAF1:HepG2,neg2,cnn,probability,whole_dataset,0.9177415003865422,0.9237227988538476,0.005981298467305329,0.0003388870029014786,64768
BCLAF1:HepG2,neg2,cnn,logit,whole_dataset,0.9177415003865422,0.9241377509534793,0.006396250566937045,0.0003883632879618957,64768
BCLAF1:HepG2,neg2,splicebert,probability,whole_dataset,0.9177415003865422,0.9596421060691904,0.041900605682648195,0.0007394435561486327,64768
BCLAF1:HepG2,neg2,splicebert,logit,whole_dataset,0.9177415003865422,0.9612360315129634,0.04349453112642121,0.0007984214247799074,64768
BCLAF1:HepG2,neg2,kmer,native,within_fold,0.91773945408922,0.9278187242147465,0.010079270125526674,0.0004292405910947035,64768
BCLAF1:HepG2,neg2,cnn,probability,within_fold,0.91773945408922,0.9237271450901925,0.005987691000972628,0.00033875784635954156,64768
BCLAF1:HepG2,neg2,cnn,logit,within_fold,0.91773945408922,0.9241250402622824,0.006385586173062507,0.00038849356967971183,64768
BCLAF1:HepG2,neg2,splicebert,probability,within_fold,0.91773945408922,0.9596389260125407,0.041899471923320886,0.0007396553945860813,64768
BCLAF1:HepG2,neg2,splicebert,logit,within_fold,0.91773945408922,0.9612314726371487,0.043492018547928835,0.000798135940972591,64768
BUD13:K562,gc,kmer,native,whole_dataset,0.6641432165710477,0.7338933389287964,0.06975012235774869,0.0032576489850823904,17608
BUD13:K562,gc,cnn,probability,whole_dataset,0.6641432165710477,0.7935431284486979,0.1293999118776502,0.0037438528941403106,17608
BUD13:K562,gc,cnn,logit,whole_dataset,0.6641432165710477,0.7938383790895922,0.12969516251854452,0.00375048241910373,17608
BUD13:K562,gc,splicebert,probability,whole_dataset,0.6641432165710477,0.906623943290409,0.24248072671936127,0.00401853609580952,17608
BUD13:K562,gc,splicebert,logit,whole_dataset,0.6641432165710477,0.9122746289995399,0.24813141242849224,0.004033217307253166,17608
BUD13:K562,gc,kmer,native,within_fold,0.6641000481793311,0.7339328820013042,0.06983283382197303,0.003258035612878476,17608
BUD13:K562,gc,cnn,probability,within_fold,0.6641000481793311,0.7935410513085105,0.12944100312917928,0.0037439807493773523,17608
BUD13:K562,gc,cnn,logit,within_fold,0.6641000481793311,0.7938328056451147,0.1297327574657835,0.0037504692534724455,17608
BUD13:K562,gc,splicebert,probability,within_fold,0.6641000481793311,0.906630303725889,0.24253025554655783,0.004018370972951809,17608
BUD13:K562,gc,splicebert,logit,within_fold,0.6641000481793311,0.9122630434598622,0.24816299528053098,0.0040338393008538375,17608
BUD13:K562,dn,kmer,native,whole_dataset,0.5693739729962655,0.6813698234862269,0.11199585048996152,0.004667427950347462,17700
BUD13:K562,dn,cnn,probability,whole_dataset,0.5693739729962655,0.753982725270516,0.18460875227425066,0.004866354608053599,17700
BUD13:K562,dn,cnn,logit,whole_dataset,0.5693739729962655,0.7553059593348015,0.18593198633853614,0.004834577380071279,17700
BUD13:K562,dn,splicebert,probability,whole_dataset,0.5693739729962655,0.8978894570525711,0.3285154840563057,0.004607172584565267,17700
BUD13:K562,dn,splicebert,logit,whole_dataset,0.5693739729962655,0.901395078042708,0.33202110504644267,0.00455891489044793,17700
BUD13:K562,dn,kmer,native,within_fold,0.5693787225892943,0.6813385553321204,0.11195983274282617,0.0046680359341978814,17700
BUD13:K562,dn,cnn,probability,within_fold,0.5693787225892943,0.753953359507166,0.1845746369178718,0.004866937428377854,17700
BUD13:K562,dn,cnn,logit,within_fold,0.5693787225892943,0.7552825305627375,0.1859038079734433,0.004835384032477313,17700
BUD13:K562,dn,splicebert,probability,within_fold,0.5693787225892943,0.8978973347377829,0.32851861214848865,0.004607225102897692,17700
BUD13:K562,dn,splicebert,logit,within_fold,0.5693787225892943,0.9013941459989148,0.33201542340962054,0.004558120311505618,17700
BUD13:K562,neg2,kmer,native,whole_dataset,0.7059327871495361,0.7130705762177821,0.007137789068245914,0.0012182911393000203,17608
BUD13:K562,neg2,cnn,probability,whole_dataset,0.7059327871495361,0.7518838371348696,0.04595104998533339,0.002624944570355651,17608
BUD13:K562,neg2,cnn,logit,whole_dataset,0.7059327871495361,0.7527313232327382,0.04679853608320195,0.002664167623764172,17608
BUD13:K562,neg2,splicebert,probability,whole_dataset,0.7059327871495361,0.824848624215873,0.1189158370663368,0.0034823913908117814,17608
BUD13:K562,neg2,splicebert,logit,whole_dataset,0.7059327871495361,0.8260781621917757,0.12014537504223943,0.0036048064031364738,17608
BUD13:K562,neg2,kmer,native,within_fold,0.7059232787500457,0.7130642802897613,0.007141001539715641,0.0012183229034815504,17608
BUD13:K562,neg2,cnn,probability,within_fold,0.7059232787500457,0.751816065598203,0.04589278684815734,0.0026248815680391673,17608
BUD13:K562,neg2,cnn,logit,within_fold,0.7059232787500457,0.752732510169988,0.04680923141994231,0.0026625258088551654,17608
BUD13:K562,neg2,splicebert,probability,within_fold,0.7059232787500457,0.8248335939778725,0.1189103152278268,0.003481382074048982,17608
BUD13:K562,neg2,splicebert,logit,within_fold,0.7059232787500457,0.8260830905616607,0.12015981181161506,0.003604312098274732,17608
CDC40:HepG2,gc,kmer,native,whole_dataset,0.8092901822867727,0.816798213822295,0.007508031535522153,0.0025020025005659152,2316
CDC40:HepG2,gc,cnn,probability,whole_dataset,0.8092901822867727,0.8112014938506925,0.0019113115639196598,0.003276311070755961,2316
CDC40:HepG2,gc,cnn,logit,whole_dataset,0.8092901822867727,0.8112730841394699,0.0019829018526970055,0.003255027526322643,2316
CDC40:HepG2,gc,splicebert,probability,whole_dataset,0.8092901822867727,0.8557157388266948,0.046425556539921975,0.005738245081006534,2316
CDC40:HepG2,gc,splicebert,logit,whole_dataset,0.8092901822867727,0.8639948574309227,0.054704675144149895,0.006009404567936914,2316
CDC40:HepG2,gc,kmer,native,within_fold,0.8093073341267925,0.8168101455370913,0.00750281141029896,0.0024988459455626603,2316
CDC40:HepG2,gc,cnn,probability,within_fold,0.8093073341267925,0.8112932189081885,0.0019858847813961633,0.003273090450742355,2316
CDC40:HepG2,gc,cnn,logit,within_fold,0.8093073341267925,0.8113275225882275,0.002020188461435146,0.0032516061853166073,2316
CDC40:HepG2,gc,splicebert,probability,within_fold,0.8093073341267925,0.8556687576996846,0.0463614235728923,0.00573450435123366,2316
CDC40:HepG2,gc,splicebert,logit,within_fold,0.8093073341267925,0.8640522788083796,0.054744944681587304,0.006005683839286945,2316
CDC40:HepG2,dn,kmer,native,whole_dataset,0.6671568684550782,0.6719407040268377,0.004783835571759543,0.003194934661432612,2344
CDC40:HepG2,dn,cnn,probability,whole_dataset,0.6671568684550782,0.7133855665179559,0.04622869806287777,0.008311028199716176,2344
CDC40:HepG2,dn,cnn,logit,whole_dataset,0.6671568684550782,0.7130069948397769,0.045850126384698764,0.008192475575581663,2344
CDC40:HepG2,dn,splicebert,probability,whole_dataset,0.6671568684550782,0.7824428647974934,0.11528599634241521,0.010532216045379546,2344
CDC40:HepG2,dn,splicebert,logit,whole_dataset,0.6671568684550782,0.7866974280422602,0.11954055958718202,0.010567042126367355,2344
CDC40:HepG2,dn,kmer,native,within_fold,0.6671910855106059,0.671964000745495,0.004772915234889097,0.003196631748511356,2344
CDC40:HepG2,dn,cnn,probability,within_fold,0.6671910855106059,0.7134649209658819,0.04627383545527597,0.008309781523240984,2344
CDC40:HepG2,dn,cnn,logit,within_fold,0.6671910855106059,0.7130142750643572,0.04582318955375131,0.008191737080291748,2344
CDC40:HepG2,dn,splicebert,probability,within_fold,0.6671910855106059,0.7824210241237521,0.11522993861314623,0.010533897778646646,2344
CDC40:HepG2,dn,splicebert,logit,within_fold,0.6671910855106059,0.786752757749071,0.11956167223846514,0.010567754515408099,2344
CDC40:HepG2,neg2,kmer,native,whole_dataset,0.7895648205320949,0.7877899779561569,-0.0017748425759379627,0.0012471282289803274,2316
CDC40:HepG2,neg2,cnn,probability,whole_dataset,0.7895648205320949,0.7901964556841197,0.0006316351520248009,0.00222782891362197,2316
CDC40:HepG2,neg2,cnn,logit,whole_dataset,0.7895648205320949,0.7900346318021961,0.00046981127010126134,0.0024331262133797313,2316
CDC40:HepG2,neg2,splicebert,probability,whole_dataset,0.7895648205320949,0.8083863548909591,0.018821534358864245,0.004124607543244354,2316
CDC40:HepG2,neg2,splicebert,logit,whole_dataset,0.7895648205320949,0.8111284120975656,0.02156359156547072,0.004349799640044596,2316
CDC40:HepG2,neg2,kmer,native,within_fold,0.789608818730406,0.7878734999597304,-0.0017353187706754536,0.0012442625418886742,2316
CDC40:HepG2,neg2,cnn,probability,within_fold,0.789608818730406,0.79024343681113,0.0006346180807240698,0.002227737504562563,2316
CDC40:HepG2,neg2,cnn,logit,within_fold,0.789608818730406,0.7899943622647587,0.00038554353435282795,0.002428446110382499,2316
CDC40:HepG2,neg2,splicebert,probability,within_fold,0.789608818730406,0.8084184213744738,0.018809602644067946,0.004125232999103685,2316
CDC40:HepG2,neg2,splicebert,logit,within_fold,0.789608818730406,0.8111008200070994,0.021492001276693484,0.00435360136340388,2316
CSTF2T:HepG2,gc,kmer,native,whole_dataset,0.7687594383270081,0.7895376652683294,0.020778226941321365,0.0011525582735773165,39066
CSTF2T:HepG2,gc,cnn,probability,whole_dataset,0.7687594383270081,0.8376470271622082,0.06888758883520019,0.0017636108808181125,39066
CSTF2T:HepG2,gc,cnn,logit,whole_dataset,0.7687594383270081,0.8386766045787896,0.06991716625178157,0.0017643274286466065,39066
CSTF2T:HepG2,gc,splicebert,probability,whole_dataset,0.7687594383270081,0.888078311887755,0.119318873560747,0.002022119434890552,39066
CSTF2T:HepG2,gc,splicebert,logit,whole_dataset,0.7687594383270081,0.8893602363249243,0.12060079799791634,0.0020482093629452945,39066
CSTF2T:HepG2,gc,kmer,native,within_fold,0.768704481821735,0.7895024184597202,0.020797936637985237,0.0011528546838213828,39066
CSTF2T:HepG2,gc,cnn,probability,within_fold,0.768704481821735,0.8376415729230117,0.06893709110127666,0.0017643470801464978,39066
CSTF2T:HepG2,gc,cnn,logit,within_fold,0.768704481821735,0.8386805622439442,0.06997608042220915,0.0017652430293635531,39066
CSTF2T:HepG2,gc,splicebert,probability,within_fold,0.768704481821735,0.8880768022088615,0.11937232038712653,0.002022913431481592,39066
CSTF2T:HepG2,gc,splicebert,logit,within_fold,0.768704481821735,0.8893598431793792,0.12065536135764421,0.0020488109583949887,39066
CSTF2T:HepG2,dn,kmer,native,whole_dataset,0.7192413402460897,0.7421236045972951,0.022882264351205328,0.0015174597852514056,37744
CSTF2T:HepG2,dn,cnn,probability,whole_dataset,0.7192413402460897,0.8056799473789288,0.08643860713283902,0.0022610845423502615,37744
CSTF2T:HepG2,dn,cnn,logit,whole_dataset,0.7192413402460897,0.8070126858957091,0.0877713456496193,0.0022747966164885424,37744
CSTF2T:HepG2,dn,splicebert,probability,whole_dataset,0.7192413402460897,0.8708559873068265,0.15161464706073668,0.002455628851876351,37744
CSTF2T:HepG2,dn,splicebert,logit,whole_dataset,0.7192413402460897,0.8725461430576862,0.15330480281159642,0.002482261852449659,37744
CSTF2T:HepG2,dn,kmer,native,within_fold,0.7192980098091944,0.7420308128556568,0.022732803046462302,0.0015182998534549851,37744
CSTF2T:HepG2,dn,cnn,probability,within_fold,0.7192980098091944,0.8056651699964472,0.08636716018725277,0.0022618174068665363,37744
CSTF2T:HepG2,dn,cnn,logit,within_fold,0.7192980098091944,0.8069749632786397,0.08767695346944526,0.002275245982747197,37744
CSTF2T:HepG2,dn,splicebert,probability,within_fold,0.7192980098091944,0.8708595560039829,0.15156154619478845,0.0024555850001308234,37744
CSTF2T:HepG2,dn,splicebert,logit,within_fold,0.7192980098091944,0.8725508994487033,0.1532528896395089,0.00248256874676476,37744
CSTF2T:HepG2,neg2,kmer,native,whole_dataset,0.8854031019167788,0.8999954785641335,0.014592376647354688,0.0006999475607750907,39066
CSTF2T:HepG2,neg2,cnn,probability,whole_dataset,0.8854031019167788,0.9057396678421797,0.020336565925400896,0.0008235455091521944,39066
CSTF2T:HepG2,neg2,cnn,logit,whole_dataset,0.8854031019167788,0.9059660803616386,0.02056297844485977,0.0009075662553330758,39066
CSTF2T:HepG2,neg2,splicebert,probability,whole_dataset,0.8854031019167788,0.9370302685559659,0.051627166639187094,0.0011981820586620124,39066
CSTF2T:HepG2,neg2,splicebert,logit,whole_dataset,0.8854031019167788,0.9398017087620314,0.05439860684525255,0.0012989317128026309,39066
CSTF2T:HepG2,neg2,kmer,native,within_fold,0.8854106005128101,0.8999560932434193,0.014545492730609122,0.0006994406570282704,39066
CSTF2T:HepG2,neg2,cnn,probability,within_fold,0.8854106005128101,0.9057419402234308,0.02033133971062062,0.0008237136381947718,39066
CSTF2T:HepG2,neg2,cnn,logit,within_fold,0.8854106005128101,0.9059686017350682,0.020558001222258038,0.0009066938671331173,39066
CSTF2T:HepG2,neg2,splicebert,probability,within_fold,0.8854106005128101,0.9370370044496396,0.05162640393682938,0.001198060270446047,39066
CSTF2T:HepG2,neg2,splicebert,logit,within_fold,0.8854106005128101,0.9397836660024788,0.05437306548966858,0.00129911969271102,39066
DDX24:K562,gc,kmer,native,whole_dataset,0.6457362824718571,0.740380664600008,0.09464438212815096,0.0035195490460432407,19180
DDX24:K562,gc,cnn,probability,whole_dataset,0.6457362824718571,0.7842590854872505,0.13852280301539355,0.0038028454320896497,19180
DDX24:K562,gc,cnn,logit,whole_dataset,0.6457362824718571,0.7846174162562889,0.1388811337844319,0.003821807982696117,19180
DDX24:K562,gc,splicebert,probability,whole_dataset,0.6457362824718571,0.9223398874174848,0.27660360494562786,0.003949706604900894,19180
DDX24:K562,gc,splicebert,logit,whole_dataset,0.6457362824718571,0.9247196147359792,0.2789833322641222,0.003977425237633023,19180
DDX24:K562,gc,kmer,native,within_fold,0.6456279296843144,0.7403933864024592,0.09476545671814474,0.00351771798608874,19180
DDX24:K562,gc,cnn,probability,within_fold,0.6456279296843144,0.7842626519412709,0.1386347222569564,0.0038024143792613056,19180
DDX24:K562,gc,cnn,logit,within_fold,0.6456279296843144,0.784594517011877,0.1389665873275625,0.0038223550166175484,19180
DDX24:K562,gc,splicebert,probability,within_fold,0.6456279296843144,0.9223139218924822,0.2766859922081677,0.003950438803781514,19180
DDX24:K562,gc,splicebert,logit,within_fold,0.6456279296843144,0.9247299009112943,0.2791019712269798,0.003978499271900442,19180
DDX24:K562,dn,kmer,native,whole_dataset,0.5576034830729166,0.708772829861111,0.15116934678819438,0.004762092004875749,19200
DDX24:K562,dn,cnn,probability,whole_dataset,0.5576034830729166,0.7465388671875,0.18893538411458333,0.0048191594386815554,19200
DDX24:K562,dn,cnn,logit,whole_dataset,0.5576034830729166,0.7476948242187499,0.19009134114583326,0.004821236872582885,19200
DDX24:K562,dn,splicebert,probability,whole_dataset,0.5576034830729166,0.9094525282118056,0.3518490451388889,0.004424420582525508,19200
DDX24:K562,dn,splicebert,logit,whole_dataset,0.5576034830729166,0.9134100477430555,0.3558065646701388,0.00440954885261766,19200
DDX24:K562,dn,kmer,native,within_fold,0.5577269422743055,0.7087849500868056,0.15105800781250012,0.004763797881935152,19200
DDX24:K562,dn,cnn,probability,within_fold,0.5577269422743055,0.7465255208333333,0.18879857855902782,0.004815946952334732,19200
DDX24:K562,dn,cnn,logit,within_fold,0.5577269422743055,0.7477270941840277,0.1900001519097222,0.004819767670447185,19200
DDX24:K562,dn,splicebert,probability,within_fold,0.5577269422743055,0.9094458224826388,0.3517188802083333,0.004424282606733118,19200
DDX24:K562,dn,splicebert,logit,within_fold,0.5577269422743055,0.9134055338541667,0.35567859157986115,0.004409609384932976,19200
DDX24:K562,neg2,kmer,native,whole_dataset,0.7096662755890357,0.745645490121031,0.03597921453199526,0.0022245227913757653,19180
DDX24:K562,neg2,cnn,probability,whole_dataset,0.7096662755890357,0.7501414403472508,0.04047516475821511,0.002422448858866851,19180
DDX24:K562,neg2,cnn,logit,whole_dataset,0.7096662755890357,0.7513924284616079,0.0417261528725722,0.0026224137404127334,19180
DDX24:K562,neg2,splicebert,probability,whole_dataset,0.7096662755890357,0.8476869805943583,0.1380207050053226,0.0034628206465090656,19180
DDX24:K562,neg2,splicebert,logit,whole_dataset,0.7096662755890357,0.8483580502369843,0.13869177464794857,0.0036485779432329783,19180
DDX24:K562,neg2,kmer,native,within_fold,0.7096437025446867,0.7456257985105705,0.035982095965883976,0.0022239588532150935,19180
DDX24:K562,neg2,cnn,probability,within_fold,0.7096437025446867,0.7501453330013342,0.040501630456647675,0.002422665209227874,19180
DDX24:K562,neg2,cnn,logit,within_fold,0.7096437025446867,0.7513894165476942,0.04174571400300764,0.0026227260666582927,19180
DDX24:K562,neg2,splicebert,probability,within_fold,0.7096437025446867,0.847694080882393,0.1380503783377064,0.0034634409017830032,19180
DDX24:K562,neg2,splicebert,logit,within_fold,0.7096437025446867,0.8483396634267752,0.1386959608820887,0.003648045450916563,19180
DDX55:HepG2,gc,kmer,native,whole_dataset,0.7710354057885513,0.7836191214151749,0.012583715626623526,0.002724540754301402,3370
DDX55:HepG2,gc,cnn,probability,whole_dataset,0.7710354057885513,0.7774329262386742,0.006397520450122873,0.0027768598531583664,3370
DDX55:HepG2,gc,cnn,logit,whole_dataset,0.7710354057885513,0.7778950241703281,0.006859618381776733,0.0030127285151517924,3370
DDX55:HepG2,gc,splicebert,probability,whole_dataset,0.7710354057885513,0.8240315579075276,0.052996152118976236,0.005077794919876175,3370
DDX55:HepG2,gc,splicebert,logit,whole_dataset,0.7710354057885513,0.829274185737305,0.058238779948753705,0.005372579711952158,3370
DDX55:HepG2,gc,kmer,native,within_fold,0.7710431543819176,0.7835997499317596,0.012556595549842009,0.0027227303525107077,3370
DDX55:HepG2,gc,cnn,probability,within_fold,0.7710431543819176,0.7774628639857708,0.006419709603853185,0.002775332331077733,3370
DDX55:HepG2,gc,cnn,logit,within_fold,0.7710431543819176,0.7779203832031627,0.006877228821245085,0.003020981647487683,3370
DDX55:HepG2,gc,splicebert,probability,within_fold,0.7710431543819176,0.8239991546989054,0.05295600031698777,0.005075137104165659,3370
DDX55:HepG2,gc,splicebert,logit,within_fold,0.7710431543819176,0.8292706636494114,0.05822750926749376,0.0053725041833244174,3370
DDX55:HepG2,dn,kmer,native,whole_dataset,0.5959577090800099,0.6386454494412853,0.04268774036127532,0.008049307851166015,3372
DDX55:HepG2,dn,cnn,probability,whole_dataset,0.5959577090800099,0.6639029957123699,0.06794528663235988,0.009451594034866928,3372
DDX55:HepG2,dn,cnn,logit,whole_dataset,0.5959577090800099,0.6633084687377313,0.0673507596577213,0.009376527370461811,3372
DDX55:HepG2,dn,splicebert,probability,whole_dataset,0.5959577090800099,0.721199565467622,0.12524185638761198,0.010428418376922611,3372
DDX55:HepG2,dn,splicebert,logit,whole_dataset,0.5959577090800099,0.7210862887304422,0.12512857965043223,0.010561734863183972,3372
DDX55:HepG2,dn,kmer,native,within_fold,0.5959408231067658,0.6385582052461904,0.042617382139424675,0.00805154329355303,3372
DDX55:HepG2,dn,cnn,probability,within_fold,0.5959408231067658,0.6638695755569909,0.06792875245022512,0.009449811100033512,3372
DDX55:HepG2,dn,cnn,logit,within_fold,0.5959408231067658,0.663349628297514,0.06740880519074821,0.009374045279965586,3372
DDX55:HepG2,dn,splicebert,probability,within_fold,0.5959408231067658,0.7211446860545784,0.1252038629478126,0.010428977418943153,3372
DDX55:HepG2,dn,splicebert,logit,within_fold,0.5959408231067658,0.7210493506639706,0.1251085275572048,0.010563060231370259,3372
DDX55:HepG2,neg2,kmer,native,whole_dataset,0.7260329843531246,0.7367302697038803,0.010697285350755648,0.0034423780999990453,3370
DDX55:HepG2,neg2,cnn,probability,whole_dataset,0.7260329843531246,0.7284882318238253,0.0024552474707005834,0.0020617627824517973,3370
DDX55:HepG2,neg2,cnn,logit,whole_dataset,0.7260329843531246,0.7285780450651146,0.0025450607119898994,0.0021553670227542013,3370
DDX55:HepG2,neg2,splicebert,probability,whole_dataset,0.7260329843531246,0.8092641477868081,0.08323116343368342,0.006724555805409957,3370
DDX55:HepG2,neg2,splicebert,logit,whole_dataset,0.7260329843531246,0.8082716234183622,0.08223863906523754,0.007031650181818815,3370
DDX55:HepG2,neg2,kmer,native,within_fold,0.7258815345736953,0.7367056150886244,0.010824080514929224,0.0034445198149494452,3370
DDX55:HepG2,neg2,cnn,probability,within_fold,0.7258815345736953,0.7284878796150359,0.0026063450413407185,0.0020604106059786157,3370
DDX55:HepG2,neg2,cnn,logit,within_fold,0.7258815345736953,0.7284371615493664,0.0025556269756712435,0.002153674527854115,3370
DDX55:HepG2,neg2,splicebert,probability,within_fold,0.7258815345736953,0.8092662610395442,0.08338472646584905,0.006726120103476678,3370
DDX55:HepG2,neg2,splicebert,logit,within_fold,0.7258815345736953,0.8082054081659608,0.08232387359226556,0.007038461218606361,3370
DDX55:K562,gc,kmer,native,whole_dataset,0.6753347107438016,0.6859950413223139,0.010660330578512345,0.004343913344828528,2200
DDX55:K562,gc,cnn,probability,whole_dataset,0.6753347107438016,0.6991181818181817,0.02378347107438017,0.006763280335198055,2200
DDX55:K562,gc,cnn,logit,whole_dataset,0.6753347107438016,0.6990537190082645,0.023719008264462937,0.006568379377725209,2200
DDX55:K562,gc,splicebert,probability,whole_dataset,0.6753347107438016,0.7908173553719009,0.11548264462809932,0.010058373793577149,2200
DDX55:K562,gc,splicebert,logit,whole_dataset,0.6753347107438016,0.7943289256198347,0.11899421487603312,0.010380684826405716,2200
DDX55:K562,gc,kmer,native,within_fold,0.6753826446280993,0.6859247933884297,0.010542148760330439,0.0043328957072027345,2200
DDX55:K562,gc,cnn,probability,within_fold,0.6753826446280993,0.6991247933884297,0.023742148760330428,0.006762971821654699,2200
DDX55:K562,gc,cnn,logit,within_fold,0.6753826446280993,0.6990347107438017,0.023652066115702475,0.006569831312501298,2200
DDX55:K562,gc,splicebert,probability,within_fold,0.6753826446280993,0.7908586776859504,0.11547603305785115,0.010057300707000272,2200
DDX55:K562,gc,splicebert,logit,within_fold,0.6753826446280993,0.794303305785124,0.11892066115702471,0.010383027527801944,2200
DDX55:K562,dn,kmer,native,whole_dataset,0.5950572553561662,0.6246579568899877,0.02960070153382155,0.008717280569877374,2202
DDX55:K562,dn,cnn,probability,whole_dataset,0.5950572553561662,0.6110042806432266,0.01594702528706049,0.008592307610926553,2202
DDX55:K562,dn,cnn,logit,whole_dataset,0.5950572553561662,0.6122606729412037,0.017203417585037517,0.00858829406300128,2202
DDX55:K562,dn,splicebert,probability,whole_dataset,0.5950572553561662,0.7423183118971194,0.14726105654095323,0.012771591174315415,2202
DDX55:K562,dn,splicebert,logit,whole_dataset,0.5950572553561662,0.7413638497245918,0.14630659436842564,0.012787121321130048,2202
DDX55:K562,dn,kmer,native,within_fold,0.5948345200177199,0.6246835302066241,0.02984901018890429,0.008713955406487141,2202
DDX55:K562,dn,cnn,probability,within_fold,0.5948345200177199,0.6109061121051708,0.016071592087450903,0.00859309436791605,2202
DDX55:K562,dn,cnn,logit,within_fold,0.5948345200177199,0.6122755219637667,0.017441001946046808,0.008581130610786188,2202
DDX55:K562,dn,splicebert,probability,within_fold,0.5948345200177199,0.7423570843449231,0.14752256432720323,0.012769695586829541,2202
DDX55:K562,dn,splicebert,logit,within_fold,0.5948345200177199,0.7413176527655068,0.1464831327477869,0.012791845953986103,2202
DDX55:K562,neg2,kmer,native,whole_dataset,0.7223041322314051,0.7209198347107438,-0.0013842975206610486,0.001500821188494169,2200
DDX55:K562,neg2,cnn,probability,whole_dataset,0.7223041322314051,0.7239570247933883,0.0016528925619834212,0.0030080572429170877,2200
DDX55:K562,neg2,cnn,logit,whole_dataset,0.7223041322314051,0.7231669421487603,0.0008628099173554338,0.0028955053899812817,2200
DDX55:K562,neg2,splicebert,probability,whole_dataset,0.7223041322314051,0.7548710743801652,0.032566942148760325,0.006374195843400811,2200
DDX55:K562,neg2,splicebert,logit,whole_dataset,0.7223041322314051,0.7561123966942149,0.033808264462810045,0.00639761255240361,2200
DDX55:K562,neg2,kmer,native,within_fold,0.7223305785123967,0.720902479338843,-0.0014280991735536874,0.0015028682255807868,2200
DDX55:K562,neg2,cnn,probability,within_fold,0.7223305785123967,0.724007438016529,0.001676859504132322,0.0030036979900208557,2200
DDX55:K562,neg2,cnn,logit,within_fold,0.7223305785123967,0.7232685950413222,0.000938016528925556,0.0028947251414421123,2200
DDX55:K562,neg2,splicebert,probability,within_fold,0.7223305785123967,0.7548809917355371,0.03255041322314045,0.006373695563134846,2200
DDX55:K562,neg2,splicebert,logit,within_fold,0.7223305785123967,0.7560008264462809,0.03367024793388418,0.006399922914549413,2200
DDX59:HepG2,gc,kmer,native,whole_dataset,0.8695836174719025,0.8732496491568601,0.0036660316849574937,0.0010151210709501907,6104
DDX59:HepG2,gc,cnn,probability,whole_dataset,0.8695836174719025,0.8748968297865397,0.005313212314637106,0.0014896687523270724,6104
DDX59:HepG2,gc,cnn,logit,whole_dataset,0.8695836174719025,0.8743734637192979,0.004789846247395313,0.0016623529788870521,6104
DDX59:HepG2,gc,splicebert,probability,whole_dataset,0.8695836174719025,0.8960033512605448,0.026419733788642152,0.0023687356872844683,6104
DDX59:HepG2,gc,splicebert,logit,whole_dataset,0.8695836174719025,0.8978181163888835,0.028234498916980932,0.0025186768043802595,6104
DDX59:HepG2,gc,kmer,native,within_fold,0.8695823291861986,0.8732287145141704,0.0036463853279720126,0.0010203791386947192,6104
DDX59:HepG2,gc,cnn,probability,within_fold,0.8695823291861986,0.8748911398580138,0.005308810671815434,0.0014889077712578708,6104
DDX59:HepG2,gc,cnn,logit,within_fold,0.8695823291861986,0.874371209219316,0.004788880033117615,0.0016650328317459773,6104
DDX59:HepG2,gc,splicebert,probability,within_fold,0.8695823291861986,0.8960049616176747,0.026422632431476356,0.002369828218708689,6104
DDX59:HepG2,gc,splicebert,logit,within_fold,0.8695823291861986,0.8978111381746537,0.028228808988455367,0.0025200463479089327,6104
DDX59:HepG2,dn,kmer,native,whole_dataset,0.7267493621043394,0.7456888398048988,0.01893947770055937,0.0030597961695595696,6178
DDX59:HepG2,dn,cnn,probability,whole_dataset,0.7267493621043394,0.7660984617248455,0.039349099620506145,0.004176558212744332,6178
DDX59:HepG2,dn,cnn,logit,whole_dataset,0.7267493621043394,0.7659877921856616,0.03923843008132222,0.004189197482151247,6178
DDX59:HepG2,dn,splicebert,probability,whole_dataset,0.7267493621043394,0.8142902252072721,0.08754086310293274,0.005062004246954422,6178
DDX59:HepG2,dn,splicebert,logit,whole_dataset,0.7267493621043394,0.8158305858956493,0.0890812237913099,0.005172229946918486,6178
DDX59:HepG2,dn,kmer,native,within_fold,0.7267563837512384,0.745707703930896,0.018951320179657616,0.0030629866405004658,6178
DDX59:HepG2,dn,cnn,probability,within_fold,0.7267563837512384,0.7660777111862487,0.03932132743501027,0.004180094070417959,6178
DDX59:HepG2,dn,cnn,logit,within_fold,0.7267563837512384,0.7659905170038612,0.039234133252622816,0.00418821810779966,6178
DDX59:HepG2,dn,splicebert,probability,within_fold,0.7267563837512384,0.8142749243050744,0.08751854055383601,0.005061753190075051,6178
DDX59:HepG2,dn,splicebert,logit,within_fold,0.7267563837512384,0.8158174858081513,0.08906110205691287,0.005171173372246965,6178
DDX59:HepG2,neg2,kmer,native,whole_dataset,0.8882951084650677,0.893483249709277,0.005188141244209299,0.0010894314741922652,6104
DDX59:HepG2,neg2,cnn,probability,whole_dataset,0.8882951084650677,0.8898626300953847,0.001567521630317037,0.000597618384357963,6104
DDX59:HepG2,neg2,cnn,logit,whole_dataset,0.8882951084650677,0.8902621060207602,0.001966997555692518,0.0008933532592357092,6104
DDX59:HepG2,neg2,splicebert,probability,whole_dataset,0.8882951084650677,0.9090337170134446,0.020738608548376947,0.00198905561848272,6104
DDX59:HepG2,neg2,splicebert,logit,whole_dataset,0.8882951084650677,0.9114015861373589,0.023106477672291237,0.002171836534490329,6104
DDX59:HepG2,neg2,kmer,native,within_fold,0.8882956452507775,0.8934761641379049,0.005180518887127228,0.001089459632842693,6104
DDX59:HepG2,neg2,cnn,probability,within_fold,0.8882956452507775,0.8898599461668348,0.001564300916057193,0.0005966118329637597,6104
DDX59:HepG2,neg2,cnn,logit,within_fold,0.8882956452507775,0.8902381653780946,0.0019425201273169934,0.0008951598859052814,6104
DDX59:HepG2,neg2,splicebert,probability,within_fold,0.8882956452507775,0.9090477807990465,0.020752135548268824,0.001990157766282117,6104
DDX59:HepG2,neg2,splicebert,logit,within_fold,0.8882956452507775,0.9114144689943985,0.023118823743620842,0.002171982816836611,6104
DDX6:HepG2,gc,kmer,native,whole_dataset,0.7645439400249896,0.7777051228654728,0.013161182840483177,0.0053967948183164475,980
DDX6:HepG2,gc,cnn,probability,whole_dataset,0.7645439400249896,0.7612244897959184,-0.003319450229071208,0.0023566766854570442,980
DDX6:HepG2,gc,cnn,logit,whole_dataset,0.7645439400249896,0.7610287380258226,-0.0035152019991669947,0.002329835607364931,980
DDX6:HepG2,gc,splicebert,probability,whole_dataset,0.7645439400249896,0.8065306122448981,0.04198667221990848,0.008716649617643929,980
DDX6:HepG2,gc,splicebert,logit,whole_dataset,0.7645439400249896,0.8125864223240317,0.048042482299042066,0.01020288690655461,980
DDX6:HepG2,gc,kmer,native,within_fold,0.7645189504373178,0.7776759683465223,0.013157017909204427,0.005394690874903007,980
DDX6:HepG2,gc,cnn,probability,within_fold,0.7645189504373178,0.7612869637650979,-0.003231986672220022,0.0023594734696182644,980
DDX6:HepG2,gc,cnn,logit,within_fold,0.7645189504373178,0.7610912119950021,-0.0034277384423158086,0.002330234292582869,980
DDX6:HepG2,gc,splicebert,probability,within_fold,0.7645189504373178,0.8065222823823407,0.042003331945022815,0.008717906585420326,980
DDX6:HepG2,gc,splicebert,logit,within_fold,0.7645189504373178,0.8124489795918368,0.04793002915451894,0.010257797155367508,980
DDX6:HepG2,dn,kmer,native,whole_dataset,0.6224218161769848,0.6847837267382297,0.06236191056124485,0.013977867378622007,986
DDX6:HepG2,dn,cnn,probability,whole_dataset,0.6224218161769848,0.6398997732967426,0.017477957119757748,0.013182019884990934,986
DDX6:HepG2,dn,cnn,logit,whole_dataset,0.6224218161769848,0.6398956589000572,0.017473842723072286,0.013197388523386623,986
DDX6:HepG2,dn,splicebert,probability,whole_dataset,0.6224218161769848,0.7253763644368008,0.10295454825981587,0.017148182883970138,986
DDX6:HepG2,dn,splicebert,logit,whole_dataset,0.6224218161769848,0.7376208089726762,0.11519899279569135,0.01789587599901321,986
DDX6:HepG2,dn,kmer,native,within_fold,0.6223642146233886,0.6847631547548026,0.062398940131414005,0.013986287322551515,986
DDX6:HepG2,dn,cnn,probability,within_fold,0.6223642146233886,0.6398668581232592,0.017502643499870518,0.013175901680757818,986
DDX6:HepG2,dn,cnn,logit,within_fold,0.6223642146233886,0.6399038876934282,0.017539673070039563,0.013200578024688766,986
DDX6:HepG2,dn,splicebert,probability,within_fold,0.6223642146233886,0.7254339659903971,0.10306975136700847,0.017146465618842102,986
DDX6:HepG2,dn,splicebert,logit,within_fold,0.6223642146233886,0.7377030969063851,0.11533888228299649,0.017897088948797393,986
DDX6:HepG2,neg2,kmer,native,whole_dataset,0.6960099958350687,0.7064139941690961,0.010403998334027387,0.006892678125074408,980
DDX6:HepG2,neg2,cnn,probability,whole_dataset,0.6960099958350687,0.6910287380258227,-0.004981257809246076,0.002789605866049369,980
DDX6:HepG2,neg2,cnn,logit,whole_dataset,0.6960099958350687,0.6910870470637234,-0.004922948771345359,0.0027735517908499805,980
DDX6:HepG2,neg2,splicebert,probability,whole_dataset,0.6960099958350687,0.7506289046230737,0.054618908788005016,0.011678310148361737,980
DDX6:HepG2,neg2,splicebert,logit,whole_dataset,0.6960099958350687,0.7417034568929612,0.045693461057892515,0.011584438344225042,980
DDX6:HepG2,neg2,kmer,native,within_fold,0.6960516451478551,0.7063640149937525,0.01031236984589734,0.0068847659545935936,980
DDX6:HepG2,neg2,cnn,probability,within_fold,0.6960516451478551,0.6909995835068722,-0.00505206164098293,0.002800181209025908,980
DDX6:HepG2,neg2,cnn,logit,within_fold,0.6960516451478551,0.6910162432319866,-0.005035401915868487,0.002785828510667951,980
DDX6:HepG2,neg2,splicebert,probability,within_fold,0.6960516451478551,0.7506289046230737,0.05457725947521863,0.011674587129919653,980
DDX6:HepG2,neg2,splicebert,logit,within_fold,0.6960516451478551,0.7416784673052895,0.04562682215743441,0.011597961634617094,980
DDX6:K562,gc,kmer,native,whole_dataset,0.7943927222259312,0.80544567003775,0.01105294781181898,0.0025212523123989638,3878
DDX6:K562,gc,cnn,probability,whole_dataset,0.7943927222259312,0.8063108938136634,0.01191817158773234,0.0026816440893769433,3878
DDX6:K562,gc,cnn,logit,whole_dataset,0.7943927222259312,0.8062909455249473,0.011898223299016242,0.0028024897470679223,3878
DDX6:K562,gc,splicebert,probability,whole_dataset,0.7943927222259312,0.8510022419216745,0.05660951969574346,0.0047434544040074605,3878
DDX6:K562,gc,splicebert,logit,whole_dataset,0.7943927222259312,0.8516174471456792,0.05722472491974817,0.005006511714746327,3878
DDX6:K562,gc,kmer,native,within_fold,0.7943842109560789,0.8054528514216879,0.01106864046560907,0.0025232971782227333,3878
DDX6:K562,gc,cnn,probability,within_fold,0.7943842109560789,0.8062949351826904,0.011910724226611547,0.0026809665842891035,3878
DDX6:K562,gc,cnn,logit,within_fold,0.7943842109560789,0.8063369595775856,0.011952748621506748,0.0028003011804148973,3878
DDX6:K562,gc,splicebert,probability,within_fold,0.7943842109560789,0.8510126150318069,0.05662840407572811,0.004739585177834685,3878
DDX6:K562,gc,splicebert,logit,within_fold,0.7943842109560789,0.851615585305399,0.05723137434932024,0.005003744899037703,3878
DDX6:K562,dn,kmer,native,whole_dataset,0.5966156683956803,0.6482506001399782,0.051634931744297785,0.007442320612228449,3910
DDX6:K562,dn,cnn,probability,whole_dataset,0.5966156683956803,0.6668347276640002,0.07021905926831984,0.008601743691480482,3910
DDX6:K562,dn,cnn,logit,whole_dataset,0.5966156683956803,0.6671552383880273,0.0705395699923469,0.008581165637774507,3910
DDX6:K562,dn,splicebert,probability,whole_dataset,0.5966156683956803,0.765080814489701,0.16846514609402063,0.009532135560259425,3910
DDX6:K562,dn,splicebert,logit,whole_dataset,0.5966156683956803,0.765909956109654,0.1692942877139736,0.009623402265233182,3910
DDX6:K562,dn,kmer,native,within_fold,0.5966025863253118,0.6482741478666413,0.05167156154132957,0.007438906880820769,3910
DDX6:K562,dn,cnn,probability,within_fold,0.5966025863253118,0.6668462398859244,0.07024365356061268,0.00860363087355783,3910
DDX6:K562,dn,cnn,logit,within_fold,0.5966025863253118,0.6671335221512156,0.07053093582590386,0.008579897950817832,3910
DDX6:K562,dn,splicebert,probability,within_fold,0.5966025863253118,0.7650533421419274,0.16845075581661573,0.009529829337813581,3910
DDX6:K562,dn,splicebert,logit,within_fold,0.5966025863253118,0.7658105323748537,0.16920794604954204,0.00961940169647623,3910
DDX6:K562,neg2,kmer,native,whole_dataset,0.7391737312422917,0.7686142136610669,0.02944048241877517,0.004179130448436771,3878
DDX6:K562,neg2,cnn,probability,whole_dataset,0.7391737312422917,0.7476738300528151,0.008500098810523382,0.0026888788590165432,3878
DDX6:K562,neg2,cnn,logit,whole_dataset,0.7391737312422917,0.7476272840458109,0.008453552803519226,0.0028012301264754087,3878
DDX6:K562,neg2,splicebert,probability,whole_dataset,0.7391737312422917,0.8010679515847053,0.06189422034241365,0.005563407094331532,3878
DDX6:K562,neg2,splicebert,logit,whole_dataset,0.7391737312422917,0.8011599796899823,0.06198624844769063,0.005689020899980344,3878
DDX6:K562,neg2,kmer,native,within_fold,0.7391335686876765,0.7686038405509344,0.02947027186325779,0.0041821631797501774,3878
DDX6:K562,neg2,cnn,probability,within_fold,0.7391335686876765,0.7476772877561925,0.00854371906851581,0.0026894739945071094,3878
DDX6:K562,neg2,cnn,logit,within_fold,0.7391335686876765,0.7476576054446593,0.008524036756982656,0.002796246113518488,3878
DDX6:K562,neg2,splicebert,probability,within_fold,0.7391335686876765,0.8010565145658415,0.061922945878164826,0.0055619447094278004,3878
DDX6:K562,neg2,splicebert,logit,within_fold,0.7391335686876765,0.8011312541542311,0.061997685466554486,0.005687475279906547,3878
DGCR8:K562,gc,kmer,native,whole_dataset,0.6942212324965176,0.693617709282475,-0.0006035232140425562,0.0010668098599754228,2472
DGCR8:K562,gc,cnn,probability,whole_dataset,0.6942212324965176,0.7041852567526523,0.00996402425613474,0.004223558117393361,2472
DGCR8:K562,gc,cnn,logit,whole_dataset,0.6942212324965176,0.7041675830793561,0.009946350582838548,0.004134063905796012,2472
DGCR8:K562,gc,splicebert,probability,whole_dataset,0.6942212324965176,0.7475512143777296,0.053329981881212074,0.00754510293140912,2472
DGCR8:K562,gc,splicebert,logit,whole_dataset,0.6942212324965176,0.748050659293472,0.05382942679695446,0.007276576982385686,2472
DGCR8:K562,gc,kmer,native,within_fold,0.6942186141745478,0.6936164001214902,-0.0006022140530576037,0.00107179185765498,2472
DGCR8:K562,gc,cnn,probability,within_fold,0.6942186141745478,0.7042173311967826,0.009998717022234871,0.0042261045908491114,2472
DGCR8:K562,gc,cnn,logit,within_fold,0.6942186141745478,0.7041381269571957,0.00991951278264791,0.00412932613804172,2472
DGCR8:K562,gc,splicebert,probability,within_fold,0.6942186141745478,0.7475191399335994,0.05330052575905164,0.007547152777013169,2472
DGCR8:K562,gc,splicebert,logit,within_fold,0.6942186141745478,0.7480388768446079,0.053820262670060126,0.007276372354383069,2472
DGCR8:K562,dn,kmer,native,whole_dataset,0.5666973883589203,0.5630942243006251,-0.003603164058295194,0.0015830634760275913,2506
DGCR8:K562,dn,cnn,probability,whole_dataset,0.5666973883589203,0.5944207963139064,0.02772340795498618,0.009204128269891976,2506
DGCR8:K562,dn,cnn,logit,whole_dataset,0.5666973883589203,0.5942258929725881,0.027528504613667848,0.009110332640305013,2506
DGCR8:K562,dn,splicebert,probability,whole_dataset,0.5666973883589203,0.6597401670945835,0.09304277873566325,0.012087673096277186,2506
DGCR8:K562,dn,splicebert,logit,whole_dataset,0.5666973883589203,0.6612815595324613,0.09458417117354101,0.011876222218951016,2506
DGCR8:K562,dn,kmer,native,within_fold,0.566608216895572,0.5634063244223441,-0.0032018924732278853,0.001595798998986926,2506
DGCR8:K562,dn,cnn,probability,within_fold,0.566608216895572,0.5946520051795882,0.028043788284016213,0.009214833052751949,2506
DGCR8:K562,dn,cnn,logit,within_fold,0.566608216895572,0.5941590143750768,0.02755079747950484,0.009135188370664868,2506
DGCR8:K562,dn,splicebert,probability,within_fold,0.566608216895572,0.6597503581189663,0.09314214122339437,0.012084797377205787,2506
DGCR8:K562,dn,splicebert,logit,within_fold,0.566608216895572,0.6613656354836182,0.0947574185880462,0.011884591294948637,2506
DGCR8:K562,neg2,kmer,native,whole_dataset,0.6876656088645908,0.6865272933882134,-0.0011383154763774384,0.0012650303341596903,2472
DGCR8:K562,neg2,cnn,probability,whole_dataset,0.6876656088645908,0.6843717598265624,-0.003293849038028429,0.00204792018473286,2472
DGCR8:K562,neg2,cnn,logit,whole_dataset,0.6876656088645908,0.684462091934521,-0.0032035169300698163,0.0019845071631133266,2472
DGCR8:K562,neg2,splicebert,probability,whole_dataset,0.6876656088645908,0.766810281626711,0.07914467276212023,0.008148441810240646,2472
DGCR8:K562,neg2,splicebert,logit,whole_dataset,0.6876656088645908,0.7674844995339386,0.07981889066934778,0.008219548361113415,2472
DGCR8:K562,neg2,kmer,native,within_fold,0.6875648034687529,0.6864867093976811,-0.0010780940710718445,0.001262414427909364,2472
DGCR8:K562,neg2,cnn,probability,within_fold,0.6875648034687529,0.6843004105528849,-0.0032643929158679974,0.00203696632852974,2472
DGCR8:K562,neg2,cnn,logit,within_fold,0.6875648034687529,0.6844254354269436,-0.003139368041809365,0.001969248705687154,2472
DGCR8:K562,neg2,splicebert,probability,within_fold,0.6875648034687529,0.7668037358217866,0.0792389323530337,0.008145861303974539,2472
DGCR8:K562,neg2,splicebert,logit,within_fold,0.6875648034687529,0.7674766445680292,0.07991184109927629,0.008218019415846496,2472
DHX30:K562,gc,kmer,native,whole_dataset,0.746954629959258,0.7579399549068471,0.010985324947589081,0.005000279828187758,1590
DHX30:K562,gc,cnn,probability,whole_dataset,0.746954629959258,0.7456777817333174,-0.0012768482259405411,0.00436741621862958,1590
DHX30:K562,gc,cnn,logit,whole_dataset,0.746954629959258,0.7454689292353941,-0.001485700723863892,0.00431348869551963,1590
DHX30:K562,gc,splicebert,probability,whole_dataset,0.746954629959258,0.7721988845377953,0.025244254578537295,0.008387555376003655,1590
DHX30:K562,gc,splicebert,logit,whole_dataset,0.746954629959258,0.7721118626636605,0.02515723270440251,0.008553296887494836,1590
DHX30:K562,gc,kmer,native,within_fold,0.7468818480281635,0.757974763656501,0.011092915628337474,0.004993296302037231,1590
DHX30:K562,gc,cnn,probability,within_fold,0.7468818480281635,0.7458391677544401,-0.0010426802737233398,0.00437264950708942,1590
DHX30:K562,gc,cnn,logit,within_fold,0.7468818480281635,0.7454800047466478,-0.0014018432815157134,0.00432265894170764,1590
DHX30:K562,gc,splicebert,probability,within_fold,0.7468818480281635,0.7721181915272339,0.025236343499070446,0.008392982594728308,1590
DHX30:K562,gc,splicebert,logit,within_fold,0.7468818480281635,0.7720802183457933,0.025198370317629837,0.008565446440309385,1590
DHX30:K562,dn,kmer,native,whole_dataset,0.6215006126873409,0.6231899212932416,0.0016893086059006635,0.002795063794643435,1648
DHX30:K562,dn,cnn,probability,whole_dataset,0.6215006126873409,0.6341078329720049,0.01260722028466399,0.008340041885980323,1648
DHX30:K562,dn,cnn,logit,whole_dataset,0.6215006126873409,0.6341387619002734,0.012638149212932492,0.008383970455875172,1648
DHX30:K562,dn,splicebert,probability,whole_dataset,0.6215006126873409,0.7088262324441512,0.0873256197568103,0.012688945424580328,1648
DHX30:K562,dn,splicebert,logit,whole_dataset,0.6215006126873409,0.7134066594400981,0.09190604675275715,0.01303569594108645,1648
DHX30:K562,dn,kmer,native,within_fold,0.621431390800264,0.6232355782825902,0.0018041874823262471,0.002798303965854323,1648
DHX30:K562,dn,cnn,probability,within_fold,0.621431390800264,0.6341343434819493,0.012702952681685309,0.008348071893810028,1648
DHX30:K562,dn,cnn,logit,within_fold,0.621431390800264,0.6341210882269771,0.012689697426713109,0.008392341477999308,1648
DHX30:K562,dn,splicebert,probability,within_fold,0.621431390800264,0.708817395607503,0.08738600480723901,0.012689870070307295,1648
DHX30:K562,dn,splicebert,logit,within_fold,0.621431390800264,0.7133889857668019,0.09195759496653788,0.013038246454329619,1648
DHX30:K562,neg2,kmer,native,whole_dataset,0.7840180372611844,0.787647640520549,0.0036296032593647887,0.0020957977948631843,1590
DHX30:K562,neg2,cnn,probability,whole_dataset,0.7840180372611844,0.7850591353190143,0.0010410980578300366,0.0010591046302788417,1590
DHX30:K562,neg2,cnn,logit,whole_dataset,0.7840180372611844,0.7848154740714371,0.000797436810252905,0.0009062709028651284,1590
DHX30:K562,neg2,splicebert,probability,whole_dataset,0.7840180372611844,0.8232142715873582,0.03919623432617392,0.0063153867323051385,1590
DHX30:K562,neg2,splicebert,logit,whole_dataset,0.7840180372611844,0.822304497448677,0.03828646018749271,0.006464440526441651,1590
DHX30:K562,neg2,kmer,native,within_fold,0.7840259483406511,0.787595427396068,0.0035694790554169353,0.0020922420617461154,1590
DHX30:K562,neg2,cnn,probability,within_fold,0.7840259483406511,0.7850812863415213,0.0010553380008702096,0.0010572949418864023,1590
DHX30:K562,neg2,cnn,logit,within_fold,0.7840259483406511,0.7848439539575175,0.0008180056168664018,0.0009066146382426495,1590
DHX30:K562,neg2,splicebert,probability,within_fold,0.7840259483406511,0.8231794628377043,0.03915351449705318,0.006315475945205126,1590
DHX30:K562,neg2,splicebert,logit,within_fold,0.7840259483406511,0.8222997508009968,0.03827380246034573,0.006469789564231632,1590
DROSHA:HepG2,gc,kmer,native,whole_dataset,0.7368063856911873,0.7541750304031177,0.01736864471193056,0.003283074688978996,4304
DROSHA:HepG2,gc,cnn,probability,whole_dataset,0.7368063856911873,0.7665597663105818,0.029753380619394587,0.004056818399478847,4304
DROSHA:HepG2,gc,cnn,logit,whole_dataset,0.7368063856911873,0.767137382360664,0.030330996669476806,0.0042586574661949645,4304
DROSHA:HepG2,gc,splicebert,probability,whole_dataset,0.7368063856911873,0.8117250228023383,0.0749186371111511,0.005846825363639868,4304
DROSHA:HepG2,gc,splicebert,logit,whole_dataset,0.7368063856911873,0.8158937911996794,0.07908740550849225,0.00592414794738818,4304
DROSHA:HepG2,gc,kmer,native,within_fold,0.7367834969804177,0.7541968394577189,0.017413342477301197,0.003284897531294957,4304
DROSHA:HepG2,gc,cnn,probability,within_fold,0.7367834969804177,0.7665750974281725,0.029791600447754862,0.004058608932990452,4304
DROSHA:HepG2,gc,cnn,logit,within_fold,0.7367834969804177,0.7670821039648429,0.030298606984425214,0.004264449199582382,4304
DROSHA:HepG2,gc,splicebert,probability,within_fold,0.7367834969804177,0.811727182114675,0.07494368513425731,0.005847281480195543,4304
DROSHA:HepG2,gc,splicebert,logit,within_fold,0.7367834969804177,0.8158829946379956,0.07909949765757796,0.00592479292473356,4304
DROSHA:HepG2,dn,kmer,native,whole_dataset,0.6119170054609615,0.6561854278200431,0.04426842235908146,0.006600519348262897,4368
DROSHA:HepG2,dn,cnn,probability,whole_dataset,0.6119170054609615,0.659658488642005,0.04774148318104343,0.007550793118558669,4368
DROSHA:HepG2,dn,cnn,logit,whole_dataset,0.6119170054609615,0.6604199372056514,0.04850293174468978,0.007565737706150576,4368
DROSHA:HepG2,dn,splicebert,probability,whole_dataset,0.6119170054609615,0.7465047162849361,0.13458771082397447,0.00853562131811909,4368
DROSHA:HepG2,dn,splicebert,logit,whole_dataset,0.6119170054609615,0.750164155899046,0.13824715043808433,0.008676928303429835,4368
DROSHA:HepG2,dn,kmer,native,within_fold,0.6118297910880328,0.6561900401186116,0.04436024903057867,0.006605503382069064,4368
DROSHA:HepG2,dn,cnn,probability,within_fold,0.6118297910880328,0.6597014668786646,0.047871675790631674,0.007547632956265698,4368
DROSHA:HepG2,dn,cnn,logit,within_fold,0.6118297910880328,0.6604262267036992,0.04859643561566629,0.007565389486214657,4368
DROSHA:HepG2,dn,splicebert,probability,within_fold,0.6118297910880328,0.7465290356773873,0.13469924458935434,0.008533661893415414,4368
DROSHA:HepG2,dn,splicebert,logit,within_fold,0.6118297910880328,0.7501375303573107,0.13830773926927775,0.008676134189199726,4368
DROSHA:HepG2,neg2,kmer,native,whole_dataset,0.681957261162781,0.6998635746465638,0.0179063134837828,0.003813003128901307,4304
DROSHA:HepG2,neg2,cnn,probability,whole_dataset,0.681957261162781,0.6924625316123325,0.010505270449551518,0.00319424163118311,4304
DROSHA:HepG2,neg2,cnn,logit,whole_dataset,0.681957261162781,0.6926922824449634,0.0107350212821824,0.003244985627952657,4304
DROSHA:HepG2,neg2,splicebert,probability,whole_dataset,0.681957261162781,0.762320172468595,0.08036291130581397,0.006645700254853969,4304
DROSHA:HepG2,neg2,splicebert,logit,whole_dataset,0.681957261162781,0.764715713574992,0.08275845241221103,0.006634038366050885,4304
DROSHA:HepG2,neg2,kmer,native,within_fold,0.6818231678666685,0.6999035219247937,0.018080354058125137,0.003810323395505035,4304
DROSHA:HepG2,neg2,cnn,probability,within_fold,0.6818231678666685,0.692507445308937,0.01068427744226852,0.0031971802037938216,4304
DROSHA:HepG2,neg2,cnn,logit,within_fold,0.6818231678666685,0.6927166826743688,0.010893514807700289,0.003244558309042596,4304
DROSHA:HepG2,neg2,splicebert,probability,within_fold,0.6818231678666685,0.7623290256491757,0.08050585778250718,0.006649501868300887,4304
DROSHA:HepG2,neg2,splicebert,logit,within_fold,0.6818231678666685,0.7646707998783875,0.08284763201171896,0.006636610897313701,4304
DROSHA:K562,gc,kmer,native,whole_dataset,0.8074519827127442,0.8171799012627221,0.009727918549977899,0.0016013155223229345,7572
DROSHA:K562,gc,cnn,probability,whole_dataset,0.8074519827127442,0.8259885239053213,0.018536541192577083,0.0021124152386604407,7572
DROSHA:K562,gc,cnn,logit,whole_dataset,0.8074519827127442,0.8263993013434822,0.018947318630737953,0.002222216827394073,7572
DROSHA:K562,gc,splicebert,probability,whole_dataset,0.8074519827127442,0.871907204483725,0.06445522177098084,0.0034340438272494954,7572
DROSHA:K562,gc,splicebert,logit,whole_dataset,0.8074519827127442,0.873207557858365,0.0657555751456208,0.00354690536444402,7572
DROSHA:K562,gc,kmer,native,within_fold,0.8074518431823642,0.8171960170215901,0.009744173839225878,0.0016021333981928283,7572
DROSHA:K562,gc,cnn,probability,within_fold,0.8074518431823642,0.8259470833825178,0.018495240200153584,0.002111725056659097,7572
DROSHA:K562,gc,cnn,logit,within_fold,0.8074518431823642,0.8264018826555086,0.018950039473144442,0.002224051258107171,7572
DROSHA:K562,gc,splicebert,probability,within_fold,0.8074518431823642,0.8719530402134926,0.06450119703112844,0.003434728928273946,7572
DROSHA:K562,gc,splicebert,logit,within_fold,0.8074518431823642,0.8732212318355863,0.06576938865322213,0.003546409803782168,7572
DROSHA:K562,dn,kmer,native,whole_dataset,0.6667441579606882,0.6908815983456467,0.024137440384958353,0.003409703110561788,7832
DROSHA:K562,dn,cnn,probability,whole_dataset,0.6667441579606882,0.7234847398014067,0.056740581840718396,0.004737763909941126,7832
DROSHA:K562,dn,cnn,logit,whole_dataset,0.6667441579606882,0.7236870214233322,0.05694286346264388,0.004760774147255482,7832
DROSHA:K562,dn,splicebert,probability,whole_dataset,0.6667441579606882,0.7858573193342105,0.11911316137352224,0.0057109795714527485,7832
DROSHA:K562,dn,splicebert,logit,whole_dataset,0.6667441579606882,0.7861876083139181,0.11944345035322979,0.005702798023078096,7832
DROSHA:K562,dn,kmer,native,within_fold,0.6666539724406615,0.6910289078826969,0.024374935442035284,0.003412025574258948,7832
DROSHA:K562,dn,cnn,probability,within_fold,0.6666539724406615,0.7235836634701561,0.05692969102949452,0.004742613570185817,7832
DROSHA:K562,dn,cnn,logit,within_fold,0.6666539724406615,0.7237572526634398,0.05710328022277822,0.004761878751867563,7832
DROSHA:K562,dn,splicebert,probability,within_fold,0.6666539724406615,0.7858431035400196,0.11918913109935803,0.005711364411224902,7832
DROSHA:K562,dn,splicebert,logit,within_fold,0.6666539724406615,0.7862326032588338,0.11957863081817222,0.005703280787872651,7832
DROSHA:K562,neg2,kmer,native,whole_dataset,0.8461746630132032,0.8619978964399939,0.015823233426790706,0.001640041660345865,7572
DROSHA:K562,neg2,cnn,probability,whole_dataset,0.8461746630132032,0.8469621027116613,0.00078743969845807,0.0007087243413789714,7572
DROSHA:K562,neg2,cnn,logit,whole_dataset,0.8461746630132032,0.846639159647591,0.00046449663438774547,0.0007581098427241068,7572
DROSHA:K562,neg2,splicebert,probability,whole_dataset,0.8461746630132032,0.8737439824035447,0.027569319390341462,0.0022180098646792036,7572
DROSHA:K562,neg2,splicebert,logit,whole_dataset,0.8461746630132032,0.8756174568132544,0.029442793800051215,0.002400056438944156,7572
DROSHA:K562,neg2,kmer,native,within_fold,0.8461736165353546,0.8619961523102464,0.0158225357748919,0.0016404278618892278,7572
DROSHA:K562,neg2,cnn,probability,within_fold,0.8461736165353546,0.8469370570084854,0.0007634404731309274,0.0007103274520452157,7572
DROSHA:K562,neg2,cnn,logit,within_fold,0.8461736165353546,0.8466321831286004,0.00045856659324594595,0.0007578952458290443,7572
DROSHA:K562,neg2,splicebert,probability,within_fold,0.8461736165353546,0.8737384011883523,0.02756478465299783,0.002218006449195391,7572
DROSHA:K562,neg2,splicebert,logit,within_fold,0.8461736165353546,0.8756265960531321,0.02945297951777759,0.0023984237073475896,7572
EFTUD2:HepG2,gc,kmer,native,whole_dataset,0.7878537913927693,0.8082189338078242,0.020365142415054938,0.0016598164837109605,14248
EFTUD2:HepG2,gc,cnn,probability,whole_dataset,0.7878537913927693,0.8221667920885534,0.034313000695784135,0.0021309883949635774,14248
EFTUD2:HepG2,gc,cnn,logit,whole_dataset,0.7878537913927693,0.823118904204686,0.0352651128119168,0.0022409861379628256,14248
EFTUD2:HepG2,gc,splicebert,probability,whole_dataset,0.7878537913927693,0.8950515154505367,0.10719772405776751,0.0031130455174863715,14248
EFTUD2:HepG2,gc,splicebert,logit,whole_dataset,0.7878537913927693,0.8973055233024618,0.1094517319096926,0.003180124450364108,14248
EFTUD2:HepG2,gc,kmer,native,within_fold,0.7878575351336288,0.8082170619373946,0.02035952680376585,0.0016587044960849609,14248
EFTUD2:HepG2,gc,cnn,probability,within_fold,0.7878575351336288,0.8221710087229949,0.034313473589366095,0.0021295917180187652,14248
EFTUD2:HepG2,gc,cnn,logit,within_fold,0.7878575351336288,0.8230727576726197,0.0352152225389909,0.0022414677220312256,14248
EFTUD2:HepG2,gc,splicebert,probability,within_fold,0.7878575351336288,0.8950500573619914,0.10719252222836262,0.0031129786413353544,14248
EFTUD2:HepG2,gc,splicebert,logit,within_fold,0.7878575351336288,0.8973059173804471,0.1094483822468183,0.003179985387024665,14248
EFTUD2:HepG2,dn,kmer,native,whole_dataset,0.6794526820140337,0.7163609877864652,0.03690830577243143,0.0029185451203118497,14818
EFTUD2:HepG2,dn,cnn,probability,whole_dataset,0.6794526820140337,0.7514449354921963,0.07199225347816252,0.003624483971831058,14818
EFTUD2:HepG2,dn,cnn,logit,whole_dataset,0.6794526820140337,0.7521785589751868,0.07272587696115307,0.0036645085907417076,14818
EFTUD2:HepG2,dn,splicebert,probability,whole_dataset,0.6794526820140337,0.8490595415493564,0.16960685953532262,0.004272619448062529,14818
EFTUD2:HepG2,dn,splicebert,logit,whole_dataset,0.6794526820140337,0.850644926835399,0.1711922448213653,0.004222497892439135,14818
EFTUD2:HepG2,dn,kmer,native,within_fold,0.6794443021177765,0.7163379795060894,0.03689367738831295,0.0029185148529066204,14818
EFTUD2:HepG2,dn,cnn,probability,within_fold,0.6794443021177765,0.751475303507546,0.07203100138976959,0.003623321035841662,14818
EFTUD2:HepG2,dn,cnn,logit,within_fold,0.6794443021177765,0.7522002556196268,0.07275595350185038,0.0036637687093109285,14818
EFTUD2:HepG2,dn,splicebert,probability,within_fold,0.6794443021177765,0.8490668648499988,0.16962256273222243,0.0042722786374566595,14818
EFTUD2:HepG2,dn,splicebert,logit,within_fold,0.6794443021177765,0.850650391985132,0.17120608986735564,0.00422261166259301,14818
EFTUD2:HepG2,neg2,kmer,native,whole_dataset,0.8193307507563934,0.8234242949393136,0.0040935441829204056,0.0009130403911886517,14248
EFTUD2:HepG2,neg2,cnn,probability,whole_dataset,0.8193307507563934,0.8298879029407991,0.010557152184405894,0.0012882511535712343,14248
EFTUD2:HepG2,neg2,cnn,logit,whole_dataset,0.8193307507563934,0.8301122515377712,0.010781500781378073,0.001320401487663675,14248
EFTUD2:HepG2,neg2,splicebert,probability,whole_dataset,0.8193307507563934,0.8715630882599125,0.0522323375035193,0.0023990186369874066,14248
EFTUD2:HepG2,neg2,splicebert,logit,whole_dataset,0.8193307507563934,0.8730840322437761,0.0537532814873829,0.0024498758270144073,14248
EFTUD2:HepG2,neg2,kmer,native,within_fold,0.8193280907299931,0.8234225215883801,0.00409443085838701,0.0009129236638717003,14248
EFTUD2:HepG2,neg2,cnn,probability,within_fold,0.8193280907299931,0.829890937341285,0.01056284661129192,0.00128608092635698,14248
EFTUD2:HepG2,neg2,cnn,logit,within_fold,0.8193280907299931,0.8301450388261393,0.010816948096146195,0.0013190375366870324,14248
EFTUD2:HepG2,neg2,splicebert,probability,within_fold,0.8193280907299931,0.8715553052197048,0.05222721448971168,0.002398412424917059,14248
EFTUD2:HepG2,neg2,splicebert,logit,within_fold,0.8193280907299931,0.8730753231203032,0.053747232390310096,0.0024503099232855005,14248
EIF3H:HepG2,gc,kmer,native,whole_dataset,0.6428035083895265,0.6823398956622363,0.039536387272709916,0.004970502756196823,5654
EIF3H:HepG2,gc,cnn,probability,whole_dataset,0.6428035083895265,0.6938394973228615,0.051035988933335164,0.00593572223034089,5654
EIF3H:HepG2,gc,cnn,logit,whole_dataset,0.6428035083895265,0.6942207569661842,0.05141724857665786,0.005967646874204179,5654
EIF3H:HepG2,gc,splicebert,probability,whole_dataset,0.6428035083895265,0.8229772812045753,0.18017377281504887,0.007224835282745982,5654
EIF3H:HepG2,gc,splicebert,logit,whole_dataset,0.6428035083895265,0.828957314310475,0.18615380592094866,0.007337389880110563,5654
EIF3H:HepG2,gc,kmer,native,within_fold,0.6428436739115175,0.6823829390876721,0.03953926517615469,0.004964161888631733,5654
EIF3H:HepG2,gc,cnn,probability,within_fold,0.6428436739115175,0.6938608939093428,0.05101721999782538,0.005934850600248959,5654
EIF3H:HepG2,gc,cnn,logit,within_fold,0.6428436739115175,0.6941489345063001,0.05130526059478269,0.005968668414195616,5654
EIF3H:HepG2,gc,splicebert,probability,within_fold,0.6428436739115175,0.8230624921717897,0.1802188182602723,0.00722590119361795,5654
EIF3H:HepG2,gc,splicebert,logit,within_fold,0.6428436739115175,0.82896707415694,0.18612340024542262,0.0073373178829409915,5654
EIF3H:HepG2,dn,kmer,native,whole_dataset,0.5376200215854321,0.622232745619075,0.08461272403364295,0.00840431423966097,5664
EIF3H:HepG2,dn,cnn,probability,whole_dataset,0.5376200215854321,0.6497776121963676,0.11215759061093555,0.00893355407270615,5664
EIF3H:HepG2,dn,cnn,logit,whole_dataset,0.5376200215854321,0.6495827298589166,0.11196270827348453,0.008898828145555693,5664
EIF3H:HepG2,dn,splicebert,probability,whole_dataset,0.5376200215854321,0.7996759192760702,0.2620558976906381,0.008881197621175303,5664
EIF3H:HepG2,dn,splicebert,logit,whole_dataset,0.5376200215854321,0.8060966875738135,0.2684766659883814,0.0089751242014851,5664
EIF3H:HepG2,dn,kmer,native,within_fold,0.5373469618803663,0.6221911008969325,0.08484413901656607,0.008402192840356737,5664
EIF3H:HepG2,dn,cnn,probability,within_fold,0.5373469618803663,0.6500007979826997,0.11265383610233326,0.008936798452337939,5664
EIF3H:HepG2,dn,cnn,logit,within_fold,0.5373469618803663,0.6495609100194708,0.11221394813910435,0.008895472465058979,5664
EIF3H:HepG2,dn,splicebert,probability,within_fold,0.5373469618803663,0.7996605830460596,0.2623136211656931,0.008884649386844431,5664
EIF3H:HepG2,dn,splicebert,logit,within_fold,0.5373469618803663,0.806073745571196,0.2687267836908296,0.008977104405477075,5664
EIF3H:HepG2,neg2,kmer,native,whole_dataset,0.7092888337721718,0.7157257027683804,0.0064368689962084336,0.0022562259164822995,5654
EIF3H:HepG2,neg2,cnn,probability,whole_dataset,0.7092888337721718,0.7119237420652761,0.002634908293104088,0.001409029436851795,5654
EIF3H:HepG2,neg2,cnn,logit,whole_dataset,0.7092888337721718,0.7120917866012072,0.002802952829035199,0.0014742188608681168,5654
EIF3H:HepG2,neg2,splicebert,probability,whole_dataset,0.7092888337721718,0.7638124663019403,0.05452363252976833,0.0048222630075979425,5654
EIF3H:HepG2,neg2,splicebert,logit,whole_dataset,0.7092888337721718,0.7652046208118216,0.05591578703964961,0.004987487350718808,5654
EIF3H:HepG2,neg2,kmer,native,within_fold,0.7092977177349797,0.7157412184217352,0.006443500686755366,0.0022559533129298407,5654
EIF3H:HepG2,neg2,cnn,probability,within_fold,0.7092977177349797,0.7119525210997245,0.0026548033647446623,0.0014068590056281107,5654
EIF3H:HepG2,neg2,cnn,logit,within_fold,0.7092977177349797,0.7122463175035715,0.002948599768591631,0.0014726685634536296,5654
EIF3H:HepG2,neg2,splicebert,probability,within_fold,0.7092977177349797,0.7638314854899237,0.054533767754943896,0.004822149260008127,5654
EIF3H:HepG2,neg2,splicebert,logit,within_fold,0.7092977177349797,0.7651603261240184,0.05586260838903856,0.004984108204791139,5654
ELAC2:K562,gc,kmer,native,whole_dataset,0.9531685216131145,0.9584819554842487,0.005313433871134254,0.00040029415039918826,26288
ELAC2:K562,gc,cnn,probability,whole_dataset,0.9531685216131145,0.9595933802138882,0.006424858600773686,0.00040611821757261993,26288
ELAC2:K562,gc,cnn,logit,whole_dataset,0.9531685216131145,0.9617054663284987,0.008536944715384243,0.0004951585496675524,26288
ELAC2:K562,gc,splicebert,probability,whole_dataset,0.9531685216131145,0.9672771299809702,0.014108608367855657,0.0006128676243026868,26288
ELAC2:K562,gc,splicebert,logit,whole_dataset,0.9531685216131145,0.9701339803511755,0.01696545873806099,0.0007019185207956906,26288
ELAC2:K562,gc,kmer,native,within_fold,0.9531685621306422,0.9584709578695505,0.005302395738908117,0.0003984579098279729,26288
ELAC2:K562,gc,cnn,probability,within_fold,0.9531685621306422,0.9596038105831969,0.006435248452554498,0.00040617118593275556,26288
ELAC2:K562,gc,cnn,logit,within_fold,0.9531685621306422,0.9616983294553815,0.00852976732473909,0.0004967104252303445,26288
ELAC2:K562,gc,splicebert,probability,within_fold,0.9531685621306422,0.9672907901760691,0.014122228045426732,0.0006120384253060845,26288
ELAC2:K562,gc,splicebert,logit,within_fold,0.9531685621306422,0.9701296565521335,0.016961094421491074,0.0007013244405612133,26288
ELAC2:K562,dn,kmer,native,whole_dataset,0.8504695036554191,0.8706142176325022,0.020144713977083173,0.0010542984975531557,25866
ELAC2:K562,dn,cnn,probability,whole_dataset,0.8504695036554191,0.8822834987227769,0.031813995067357825,0.0013399487727448706,25866
ELAC2:K562,dn,cnn,logit,whole_dataset,0.8504695036554191,0.8841399878965093,0.033670484241090204,0.001422372973718127,25866
ELAC2:K562,dn,splicebert,probability,whole_dataset,0.8504695036554191,0.9116410255021375,0.06117152184671848,0.0017309646695271945,25866
ELAC2:K562,dn,splicebert,logit,whole_dataset,0.8504695036554191,0.9163025070133928,0.06583300335797371,0.001810133575987068,25866
ELAC2:K562,dn,kmer,native,within_fold,0.8504760203586352,0.8705958094405732,0.0201197890819379,0.0010559360500030604,25866
ELAC2:K562,dn,cnn,probability,within_fold,0.8504760203586352,0.8823499511597008,0.031873930801065486,0.001338534909364848,25866
ELAC2:K562,dn,cnn,logit,within_fold,0.8504760203586352,0.8841599385741535,0.033683918215518194,0.0014226374860671774,25866
ELAC2:K562,dn,splicebert,probability,within_fold,0.8504760203586352,0.9116140858097597,0.061138065451124324,0.0017308308704704098,25866
ELAC2:K562,dn,splicebert,logit,within_fold,0.8504760203586352,0.9162964506644402,0.06582043030580487,0.0018097118041415594,25866
ELAC2:K562,neg2,kmer,native,whole_dataset,0.9418480343118171,0.9522251230714119,0.010377088759595088,0.0005599003087786938,26288
ELAC2:K562,neg2,cnn,probability,whole_dataset,0.9418480343118171,0.9521738741869173,0.010325839875100495,0.0005042746430661114,26288
ELAC2:K562,neg2,cnn,logit,whole_dataset,0.9418480343118171,0.9537401371076096,0.01189210279579278,0.0006090536032505263,26288
ELAC2:K562,neg2,splicebert,probability,whole_dataset,0.9418480343118171,0.963818357005448,0.021970322693631195,0.0007809258024424143,26288
ELAC2:K562,neg2,splicebert,logit,whole_dataset,0.9418480343118171,0.9664636479981654,0.02461561368634857,0.0008931129776755613,26288
ELAC2:K562,neg2,kmer,native,within_fold,0.9418442546052918,0.9522110634892528,0.01036680888396102,0.0005600879928682958,26288
ELAC2:K562,neg2,cnn,probability,within_fold,0.9418442546052918,0.9521608796369186,0.010316625031626891,0.0005044892838804657,26288
ELAC2:K562,neg2,cnn,logit,within_fold,0.9418442546052918,0.9537466546413731,0.01190240003608134,0.0006089337570233727,26288
ELAC2:K562,neg2,splicebert,probability,within_fold,0.9418442546052918,0.9638178187011497,0.021973564095857934,0.0007820130833087148,26288
ELAC2:K562,neg2,splicebert,logit,within_fold,0.9418442546052918,0.9664576629804824,0.02461340837519066,0.0008931441319598208,26288
ELAVL1:K562,gc,kmer,native,whole_dataset,0.9415679526502241,0.9479729486326834,0.0064049959824592495,0.0005339573509386312,17642
ELAVL1:K562,gc,cnn,probability,whole_dataset,0.9415679526502241,0.9555186971306184,0.01395074448039424,0.0007493018267753516,17642
ELAVL1:K562,gc,cnn,logit,whole_dataset,0.9415679526502241,0.9567683430471395,0.015200390396915342,0.0008962869006079668,17642
ELAVL1:K562,gc,splicebert,probability,whole_dataset,0.9415679526502241,0.9638896604616878,0.022321707811463587,0.000987356668870424,17642
ELAVL1:K562,gc,splicebert,logit,whole_dataset,0.9415679526502241,0.9651747131196089,0.023606760469384702,0.0011537110791493726,17642
ELAVL1:K562,gc,kmer,native,within_fold,0.9415641099585077,0.9479865201459025,0.006422410187394756,0.000534011617325341,17642
ELAVL1:K562,gc,cnn,probability,within_fold,0.9415641099585077,0.9555057810597991,0.013941671101291409,0.0007500144258398817,17642
ELAVL1:K562,gc,cnn,logit,within_fold,0.9415641099585077,0.9567575603770726,0.015193450418564902,0.0008973934133189549,17642
ELAVL1:K562,gc,splicebert,probability,within_fold,0.9415641099585077,0.9638834915920428,0.022319381633535085,0.000986844585702674,17642
ELAVL1:K562,gc,splicebert,logit,within_fold,0.9415641099585077,0.965171808610151,0.02360769865164325,0.0011543617380656583,17642
ELAVL1:K562,dn,kmer,native,whole_dataset,0.6950240081281462,0.7455746592819216,0.05055065115377522,0.0027992285249019977,17608
ELAVL1:K562,dn,cnn,probability,whole_dataset,0.6950240081281462,0.8319647903837853,0.136940782255639,0.0036682407028663473,17608
ELAVL1:K562,dn,cnn,logit,whole_dataset,0.6950240081281462,0.832551730853825,0.1375277227256786,0.003715525927824086,17608
ELAVL1:K562,dn,splicebert,probability,whole_dataset,0.6950240081281462,0.8641450589040833,0.16912105077593698,0.0037543083465984665,17608
ELAVL1:K562,dn,splicebert,logit,whole_dataset,0.6950240081281462,0.8654677069466379,0.17044369881849153,0.0037869978466883157,17608
ELAVL1:K562,dn,kmer,native,within_fold,0.6950251950653962,0.7455543265307724,0.0505291314653763,0.002799066632197932,17608
ELAVL1:K562,dn,cnn,probability,within_fold,0.6950251950653962,0.8319808527411335,0.13695565767573747,0.0036671389075579692,17608
ELAVL1:K562,dn,cnn,logit,within_fold,0.6950251950653962,0.8325602974444106,0.13753510237901456,0.0037162096855198586,17608
ELAVL1:K562,dn,splicebert,probability,within_fold,0.6950251950653962,0.864134957035968,0.16910976197057193,0.0037557636147844756,17608
ELAVL1:K562,dn,splicebert,logit,within_fold,0.6950251950653962,0.8655075080489828,0.17048231298358674,0.00378673402774178,17608
ELAVL1:K562,neg2,kmer,native,whole_dataset,0.9525746297961724,0.9652206583466522,0.012646028550479804,0.0007576867542195717,17642
ELAVL1:K562,neg2,cnn,probability,whole_dataset,0.9525746297961724,0.9658080889585959,0.013233459162423578,0.000737904993974233,17642
ELAVL1:K562,neg2,cnn,logit,whole_dataset,0.9525746297961724,0.9678807134930053,0.01530608369683295,0.0008871886005298569,17642
ELAVL1:K562,neg2,splicebert,probability,whole_dataset,0.9525746297961724,0.9771423973417518,0.024567767545579433,0.0010356432896064616,17642
ELAVL1:K562,neg2,splicebert,logit,whole_dataset,0.9525746297961724,0.9793683182868391,0.026793688490666767,0.0011520558666100052,17642
ELAVL1:K562,neg2,kmer,native,within_fold,0.9526151001514059,0.9652269428826029,0.012611842731196865,0.0007571582091373233,17642
ELAVL1:K562,neg2,cnn,probability,within_fold,0.9526151001514059,0.9658141421619352,0.013199042010529127,0.0007366597187341548,17642
ELAVL1:K562,neg2,cnn,logit,within_fold,0.9526151001514059,0.967869198269668,0.01525409811826195,0.0008867184484904143,17642
ELAVL1:K562,neg2,splicebert,probability,within_fold,0.9526151001514059,0.9771396856094703,0.02452458545806424,0.0010346856522653444,17642
ELAVL1:K562,neg2,splicebert,logit,within_fold,0.9526151001514059,0.9793583324291013,0.02674323227769526,0.0011515780726607824,17642
EXOSC5:HepG2,gc,kmer,native,whole_dataset,0.9246039786060911,0.9241318805828049,-0.0004720980232862937,0.00021838712141482327,1426
EXOSC5:HepG2,gc,cnn,probability,whole_dataset,0.9246039786060911,0.9246039786060912,0.0,0.00048676219053626413,1426
EXOSC5:HepG2,gc,cnn,logit,whole_dataset,0.9246039786060911,0.9243836661952244,-0.00022031241086684084,0.00039346876495596625,1426
EXOSC5:HepG2,gc,splicebert,probability,whole_dataset,0.9246039786060911,0.9272142872598447,0.002610308653753446,0.0015438525220021213,1426
EXOSC5:HepG2,gc,splicebert,logit,whole_dataset,0.9246039786060911,0.9255285039016935,0.0009245252956022743,0.0019866513324835653,1426
EXOSC5:HepG2,gc,kmer,native,within_fold,0.9245725054045386,0.924135814732999,-0.0004366906715398411,0.000218025992641819,1426
EXOSC5:HepG2,gc,cnn,probability,within_fold,0.9245725054045386,0.9246374188827406,6.491347820181126e-05,0.0004889580688333733,1426
EXOSC5:HepG2,gc,cnn,logit,within_fold,0.9245725054045386,0.9243777649699333,-0.0001947404346055448,0.00039247136307960824,1426
EXOSC5:HepG2,gc,splicebert,probability,within_fold,0.9245725054045386,0.9271847811333893,0.002612275728850477,0.0015456166233457937,1426
EXOSC5:HepG2,gc,splicebert,logit,within_fold,0.9245725054045386,0.9254360513721333,0.0008635459675944146,0.0020198981006290407,1426
EXOSC5:HepG2,dn,kmer,native,whole_dataset,0.6905770544284231,0.6910803380703803,0.0005032836419572861,0.002869903031599099,1454
EXOSC5:HepG2,dn,cnn,probability,whole_dataset,0.6905770544284231,0.6842273555471885,-0.006349698881234489,0.004717859736807818,1454
EXOSC5:HepG2,dn,cnn,logit,whole_dataset,0.6905770544284231,0.6847779402833146,-0.005799114145108364,0.0045502199901431666,1454
EXOSC5:HepG2,dn,splicebert,probability,whole_dataset,0.6905770544284231,0.7322171536471981,0.041640099218775095,0.010435737451993606,1454
EXOSC5:HepG2,dn,splicebert,logit,whole_dataset,0.6905770544284231,0.7363058602271587,0.04572880579873573,0.010524498728658327,1454
EXOSC5:HepG2,dn,kmer,native,within_fold,0.6903348728262783,0.6909081620876054,0.000573289261327159,0.0028725274654596393,1454
EXOSC5:HepG2,dn,cnn,probability,within_fold,0.6903348728262783,0.6841497817527515,-0.006185091073526716,0.004724946503844418,1454
EXOSC5:HepG2,dn,cnn,logit,within_fold,0.6903348728262783,0.6847079346639448,-0.005626938162333506,0.004554934953352786,1454
EXOSC5:HepG2,dn,splicebert,probability,within_fold,0.6903348728262783,0.7320979548898925,0.04176308206361423,0.010437413562341867,1454
EXOSC5:HepG2,dn,splicebert,logit,within_fold,0.6903348728262783,0.7362093659950543,0.04587449316877601,0.010524462330533673,1454
EXOSC5:HepG2,neg2,kmer,native,whole_dataset,0.8526149312802316,0.8514209166963367,-0.0011940145838946759,0.0004924228779565533,1426
EXOSC5:HepG2,neg2,cnn,probability,whole_dataset,0.8526149312802316,0.8558881442416827,0.0032732129614513328,0.002624081857568579,1426
EXOSC5:HepG2,neg2,cnn,logit,whole_dataset,0.8526149312802316,0.8555596427004794,0.002944711420247992,0.002398136779546778,1426
EXOSC5:HepG2,neg2,splicebert,probability,whole_dataset,0.8526149312802316,0.8774610568307666,0.024846125550535225,0.004658644770719939,1426
EXOSC5:HepG2,neg2,splicebert,logit,whole_dataset,0.8526149312802316,0.8800930033105874,0.027478072030356016,0.005244806251311428,1426
EXOSC5:HepG2,neg2,kmer,native,within_fold,0.8526503386319779,0.8514189496212397,-0.0012313890107382708,0.0004956631919406195,1426
EXOSC5:HepG2,neg2,cnn,probability,within_fold,0.8526503386319779,0.8559963333720192,0.0033459947400412693,0.002608403891792253,1426
EXOSC5:HepG2,neg2,cnn,logit,within_fold,0.8526503386319779,0.8556619306055248,0.0030115919735468344,0.002355235231889582,1426
EXOSC5:HepG2,neg2,splicebert,probability,within_fold,0.8526503386319779,0.8774826946568339,0.024832356024856006,0.004662470858850106,1426
EXOSC5:HepG2,neg2,splicebert,logit,within_fold,0.8526503386319779,0.8800556288837439,0.027405290251765968,0.0052616869806081405,1426
FASTKD2:HepG2,gc,kmer,native,whole_dataset,0.801526289292205,0.8030927363216398,0.0015664470294346478,0.0020548523483143715,1646
FASTKD2:HepG2,gc,cnn,probability,whole_dataset,0.801526289292205,0.8046281792157135,0.0031018899235083497,0.0024532315927300818,1646
FASTKD2:HepG2,gc,cnn,logit,whole_dataset,0.801526289292205,0.8048363498388522,0.0033100605466470645,0.0026761773277946713,1646
FASTKD2:HepG2,gc,splicebert,probability,whole_dataset,0.801526289292205,0.8558750621928192,0.05434877290061402,0.006963038055217956,1646
FASTKD2:HepG2,gc,splicebert,logit,whole_dataset,0.801526289292205,0.8582933847509852,0.056767095458780004,0.007303675524005607,1646
FASTKD2:HepG2,gc,kmer,native,within_fold,0.8015144781930199,0.8030469683122972,0.0015324901192772522,0.002053355002327843,1646
FASTKD2:HepG2,gc,cnn,probability,within_fold,0.8015144781930199,0.8046340847653061,0.00311960657228616,0.0024545243221573724,1646
FASTKD2:HepG2,gc,cnn,logit,within_fold,0.8015144781930199,0.8048821178481947,0.0033676396551748367,0.002676150959788657,1646
FASTKD2:HepG2,gc,splicebert,probability,within_fold,0.8015144781930199,0.8558145303094952,0.05430005211647526,0.006962759039030276,1646
FASTKD2:HepG2,gc,splicebert,logit,within_fold,0.8015144781930199,0.858253522291235,0.05673904409821506,0.0073018235661908865,1646
FASTKD2:HepG2,dn,kmer,native,whole_dataset,0.6071388753212003,0.6161616831956508,0.009022807874450423,0.005392272307656972,1736
FASTKD2:HepG2,dn,cnn,probability,whole_dataset,0.6071388753212003,0.6214734332859054,0.014334557964705064,0.007872574847375573,1736
FASTKD2:HepG2,dn,cnn,logit,whole_dataset,0.6071388753212003,0.6218264881394805,0.014687612818280127,0.007880929650324092,1736
FASTKD2:HepG2,dn,splicebert,probability,whole_dataset,0.6071388753212003,0.7457912145086962,0.13865233918749587,0.013422646818171426,1736
FASTKD2:HepG2,dn,splicebert,logit,whole_dataset,0.6071388753212003,0.7470640701650068,0.1399251948438064,0.0134348828836417,1736
FASTKD2:HepG2,dn,kmer,native,within_fold,0.6071601117033701,0.61603161035486,0.008871498651489729,0.005387609012401206,1736
FASTKD2:HepG2,dn,cnn,probability,within_fold,0.6071601117033701,0.6215530697190427,0.014392958015672419,0.0078792267929482,1736
FASTKD2:HepG2,dn,cnn,logit,within_fold,0.6071601117033701,0.6218570154388497,0.014696903735479494,0.007886894681769608,1736
FASTKD2:HepG2,dn,splicebert,probability,within_fold,0.6071601117033701,0.7456956507889317,0.1385355390855615,0.0134172312360643,1736
FASTKD2:HepG2,dn,splicebert,logit,within_fold,0.6071601117033701,0.7470985792860327,0.13993846758266248,0.013432832418332149,1736
FASTKD2:HepG2,neg2,kmer,native,whole_dataset,0.7528143634777191,0.752752355206997,-6.20082707222247e-05,0.001304456786837029,1646
FASTKD2:HepG2,neg2,cnn,probability,whole_dataset,0.7528143634777191,0.7505023408122199,-0.002312022665499347,0.0008161789297406452,1646
FASTKD2:HepG2,neg2,cnn,logit,whole_dataset,0.7528143634777191,0.7505643490829421,-0.0022500143947771223,0.0008175993771561792,1646
FASTKD2:HepG2,neg2,splicebert,probability,whole_dataset,0.7528143634777191,0.7490805797478036,-0.0037337837299156185,0.001077785844504358,1646
FASTKD2:HepG2,neg2,splicebert,logit,whole_dataset,0.7528143634777191,0.7483305749495444,-0.004483788528174881,0.0012324472161281245,1646
FASTKD2:HepG2,neg2,kmer,native,within_fold,0.752842414838284,0.7526711539000988,-0.00017126093818509158,0.0013065460328014907,1646
FASTKD2:HepG2,neg2,cnn,probability,within_fold,0.752842414838284,0.7503679895589884,-0.0024744252792954224,0.0008124582438081736,1646
FASTKD2:HepG2,neg2,cnn,logit,within_fold,0.752842414838284,0.7505864948939143,-0.0022559199443695777,0.0008057424847157271,1646
FASTKD2:HepG2,neg2,splicebert,probability,within_fold,0.752842414838284,0.7489919965039147,-0.0038504183343691656,0.0011021726045831975,1646
FASTKD2:HepG2,neg2,splicebert,logit,within_fold,0.752842414838284,0.7484014415446556,-0.0044409732936282476,0.0012036946362968073,1646
FASTKD2:K562,gc,kmer,native,whole_dataset,0.9251736003472008,0.9248054746109492,-0.00036812573625155665,0.0008135045750898291,1016
FASTKD2:K562,gc,cnn,probability,whole_dataset,0.9251736003472008,0.9244024738049477,-0.0007711265422530866,0.0017112535796389378,1016
FASTKD2:K562,gc,cnn,logit,whole_dataset,0.9251736003472008,0.9240188480376961,-0.0011547523095046808,0.0018850637247560449,1016
FASTKD2:K562,gc,splicebert,probability,whole_dataset,0.9251736003472008,0.9306567363134726,0.005483135966271813,0.0026902882974861276,1016
FASTKD2:K562,gc,splicebert,logit,whole_dataset,0.9251736003472008,0.9314433628867257,0.006269762539524937,0.0032354982558328743,1016
FASTKD2:K562,gc,kmer,native,within_fold,0.9251658503317007,0.9248325996651994,-0.00033325066650125024,0.0008154479913423849,1016
FASTKD2:K562,gc,cnn,probability,within_fold,0.9251658503317007,0.9244528489056978,-0.000713001426002835,0.0017129083883729392,1016
FASTKD2:K562,gc,cnn,logit,within_fold,0.9251658503317007,0.9239684729369458,-0.0011973773947547839,0.0018841524868061141,1016
FASTKD2:K562,gc,splicebert,probability,within_fold,0.9251658503317007,0.9306644863289727,0.005498635997272072,0.002690722712082378,1016
FASTKD2:K562,gc,splicebert,logit,within_fold,0.9251658503317007,0.9313774877549755,0.006211637423274907,0.0032424988451746906,1016
FASTKD2:K562,dn,kmer,native,whole_dataset,0.7302868969649106,0.731563431870481,0.0012765349055703368,0.0031315741882384676,1084
FASTKD2:K562,dn,cnn,probability,whole_dataset,0.7302868969649106,0.7887215588023038,0.0584346618373931,0.010697178534638186,1084
FASTKD2:K562,dn,cnn,logit,whole_dataset,0.7302868969649106,0.7888509143394017,0.05856401737449102,0.01045680189964065,1084
FASTKD2:K562,dn,splicebert,probability,whole_dataset,0.7302868969649106,0.7909001783744776,0.0606132814095669,0.011085496233684848,1084
FASTKD2:K562,dn,splicebert,logit,whole_dataset,0.7302868969649106,0.7934940973025968,0.06320720033768612,0.01132777049785226,1084
FASTKD2:K562,dn,kmer,native,within_fold,0.7302800887787475,0.7315600277773996,0.001279938998651975,0.0031373136083502175,1084
FASTKD2:K562,dn,cnn,probability,within_fold,0.7302800887787475,0.7887079424299778,0.058427853651230155,0.010693687405644735,1084
FASTKD2:K562,dn,cnn,logit,within_fold,0.7302800887787475,0.7888202775016679,0.05854018872292033,0.010452608112881184,1084
FASTKD2:K562,dn,splicebert,probability,within_fold,0.7302800887787475,0.7909001783744776,0.060620089595729953,0.011089039119701003,1084
FASTKD2:K562,dn,splicebert,logit,within_fold,0.7302800887787475,0.793477076837189,0.06319698805844143,0.011336277182292949,1084
FASTKD2:K562,neg2,kmer,native,whole_dataset,0.9131145762291524,0.9143468286936574,0.0012322524645048683,0.0015826370234339378,1016
FASTKD2:K562,neg2,cnn,probability,whole_dataset,0.9131145762291524,0.9119520739041479,-0.0011625023250045885,0.0015627182187183816,1016
FASTKD2:K562,neg2,cnn,logit,whole_dataset,0.9131145762291524,0.9120334490668981,-0.0010811271622543916,0.0016965493409129395,1016
FASTKD2:K562,neg2,splicebert,probability,whole_dataset,0.9131145762291524,0.9144553289106578,0.0013407526815053528,0.0024710008128375903,1016
FASTKD2:K562,neg2,splicebert,logit,whole_dataset,0.9131145762291524,0.9184775869551739,0.005363010726021411,0.003104784674146581,1016
FASTKD2:K562,neg2,kmer,native,within_fold,0.9131533263066526,0.9143817037634077,0.00122837745675497,0.001586683984833493,1016
FASTKD2:K562,neg2,cnn,probability,within_fold,0.9131533263066526,0.9119985739971481,-0.0011547523095045698,0.0015644151748727966,1016
FASTKD2:K562,neg2,cnn,logit,within_fold,0.9131533263066526,0.9120256990513981,-0.0011276272552546152,0.0017005577704042195,1016
FASTKD2:K562,neg2,splicebert,probability,within_fold,0.9131533263066526,0.914482453964908,0.0013291276582553246,0.0024739099415166353,1016
FASTKD2:K562,neg2,splicebert,logit,within_fold,0.9131533263066526,0.9183845867691736,0.00523126046252087,0.0031872133663352034,1016
FKBP4:HepG2,gc,kmer,native,whole_dataset,0.836270978741542,0.8376205445148917,0.0013495657733497701,0.0012401483531687962,2740
FKBP4:HepG2,gc,cnn,probability,whole_dataset,0.836270978741542,0.8538755394533539,0.017604560711812045,0.0034693552078413157,2740
FKBP4:HepG2,gc,cnn,logit,whole_dataset,0.836270978741542,0.8537780382545687,0.01750705951302678,0.0035924578187703313,2740
FKBP4:HepG2,gc,splicebert,probability,whole_dataset,0.836270978741542,0.8667451648995684,0.03047418615802655,0.004288096994905774,2740
FKBP4:HepG2,gc,splicebert,logit,whole_dataset,0.836270978741542,0.8697666364750386,0.03349565773349672,0.0046604501247803345,2740
FKBP4:HepG2,gc,kmer,native,within_fold,0.8362416751025628,0.8376375939048432,0.0013959188022805158,0.0012392470542041919,2740
FKBP4:HepG2,gc,cnn,probability,within_fold,0.8362416751025628,0.8538238584900634,0.017582183387500727,0.0034680169760830572,2740
FKBP4:HepG2,gc,cnn,logit,within_fold,0.8362416751025628,0.8537157014225585,0.01747402631999584,0.003592070824539609,2740
FKBP4:HepG2,gc,splicebert,probability,within_fold,0.8362416751025628,0.8667520912142362,0.0305104161116736,0.004290824513934314,2740
FKBP4:HepG2,gc,splicebert,logit,within_fold,0.8362416751025628,0.8698188502317651,0.03357717512920244,0.004660463953149863,2740
FKBP4:HepG2,dn,kmer,native,whole_dataset,0.7158623329097213,0.7245535614901224,0.008691228580401056,0.0034900974096677803,2906
FKBP4:HepG2,dn,cnn,probability,whole_dataset,0.7158623329097213,0.7668776516204696,0.05101531871074827,0.006685395358434633,2906
FKBP4:HepG2,dn,cnn,logit,whole_dataset,0.7158623329097213,0.7682981647008894,0.052435831791168064,0.006872940479859267,2906
FKBP4:HepG2,dn,splicebert,probability,whole_dataset,0.7158623329097213,0.8119252996742625,0.09606296676454118,0.008161654107681953,2906
FKBP4:HepG2,dn,splicebert,logit,whole_dataset,0.7158623329097213,0.8129919870557581,0.0971296541460368,0.008398299527748182,2906
FKBP4:HepG2,dn,kmer,native,within_fold,0.7157102873282559,0.7245407726094385,0.008830485281182576,0.003491385918355177,2906
FKBP4:HepG2,dn,cnn,probability,within_fold,0.7157102873282559,0.7667810245219683,0.05107073719371236,0.006688248441660649,2906
FKBP4:HepG2,dn,cnn,logit,within_fold,0.7157102873282559,0.7683677930512802,0.0526575057230243,0.006870036496578655,2906
FKBP4:HepG2,dn,splicebert,probability,within_fold,0.7157102873282559,0.8119030375486274,0.09619275022037144,0.00816591776648935,2906
FKBP4:HepG2,dn,splicebert,logit,within_fold,0.7157102873282559,0.8128967809439993,0.09718649361574339,0.00840281675280889,2906
FKBP4:HepG2,neg2,kmer,native,whole_dataset,0.8978379242367734,0.8979279663274549,9.004209068153024e-05,0.0007246363904694253,2740
FKBP4:HepG2,neg2,cnn,probability,whole_dataset,0.8978379242367734,0.8998625392935159,0.0020246150567425625,0.0013810634985793764,2740
FKBP4:HepG2,neg2,cnn,logit,whole_dataset,0.8978379242367734,0.8994107304598008,0.0015728062230274675,0.001477139695548042,2740
FKBP4:HepG2,neg2,splicebert,probability,whole_dataset,0.8978379242367734,0.9073541477968992,0.009516223560125825,0.002782776207052385,2740
FKBP4:HepG2,neg2,splicebert,logit,whole_dataset,0.8978379242367734,0.9068085673184506,0.008970643081677276,0.0029600012020901483,2740
FKBP4:HepG2,neg2,kmer,native,within_fold,0.8978075550109222,0.8979380894027386,0.0001305343918163171,0.0007202453468168078,2740
FKBP4:HepG2,neg2,cnn,probability,within_fold,0.8978075550109222,0.8998470882838724,0.0020395332729501447,0.0013817791480055996,2740
FKBP4:HepG2,neg2,cnn,logit,within_fold,0.8978075550109222,0.8994080664926208,0.0016005114816985966,0.0014786147718499711,2740
FKBP4:HepG2,neg2,splicebert,probability,within_fold,0.8978075550109222,0.9073355000266397,0.00952794501571741,0.0027822504270194797,2740
FKBP4:HepG2,neg2,splicebert,logit,within_fold,0.8978075550109222,0.9066961479034579,0.00888859289253563,0.0029708690372929588,2740
FMR1:K562,gc,kmer,native,whole_dataset,0.6427784801053057,0.7110497049681346,0.06827122486282877,0.004767777551288186,8864
FMR1:K562,gc,cnn,probability,whole_dataset,0.6427784801053057,0.7063135760273169,0.06353509592201112,0.004907392517736024,8864
FMR1:K562,gc,cnn,logit,whole_dataset,0.6427784801053057,0.7062581862789818,0.06347970617367604,0.004915858991707908,8864
FMR1:K562,gc,splicebert,probability,whole_dataset,0.6427784801053057,0.8592160599317077,0.21643757982640188,0.005833878527778073,8864
FMR1:K562,gc,splicebert,logit,whole_dataset,0.6427784801053057,0.865320285110584,0.2225418050052782,0.005930163276412344,8864
FMR1:K562,gc,kmer,native,within_fold,0.6427961457695265,0.7111003092051245,0.06830416343559786,0.0047672299136885055,8864
FMR1:K562,gc,cnn,probability,within_fold,0.6427961457695265,0.706358580197839,0.06356243442831244,0.004909632014827442,8864
FMR1:K562,gc,cnn,logit,within_fold,0.6427961457695265,0.7061691452221455,0.06337299945261887,0.00491733178867099,8864
FMR1:K562,gc,splicebert,probability,within_fold,0.6427961457695265,0.8592153471959754,0.21641920142644877,0.005835077668379589,8864
FMR1:K562,gc,splicebert,logit,within_fold,0.6427961457695265,0.8653056740280728,0.2225095282585462,0.005930909389320158,8864
FMR1:K562,dn,kmer,native,whole_dataset,0.5555778980945716,0.661095175251575,0.10551727715700332,0.006622000653680225,8890
FMR1:K562,dn,cnn,probability,whole_dataset,0.5555778980945716,0.6623245997512403,0.10674670165666855,0.006714664960739329,8890
FMR1:K562,dn,cnn,logit,whole_dataset,0.5555778980945716,0.6621671447424528,0.10658924664788105,0.006664121831458464,8890
FMR1:K562,dn,splicebert,probability,whole_dataset,0.5555778980945716,0.8410073375248791,0.2854294394303074,0.00679067826645682,8890
FMR1:K562,dn,splicebert,logit,whole_dataset,0.5555778980945716,0.8471561302306279,0.29157823213605616,0.006792101740653856,8890
FMR1:K562,dn,kmer,native,within_fold,0.5556131242874731,0.6610928470836533,0.10547972279618023,0.006620371775016356,8890
FMR1:K562,dn,cnn,probability,within_fold,0.5556131242874731,0.6623121491140942,0.10669902482662108,0.00671249060990611,8890
FMR1:K562,dn,cnn,logit,within_fold,0.5556131242874731,0.6621975121501263,0.10658438786265323,0.006666326971869566,8890
FMR1:K562,dn,splicebert,probability,within_fold,0.5556131242874731,0.84099453260131,0.28538140831383685,0.006792318195798016,8890
FMR1:K562,dn,splicebert,logit,within_fold,0.5556131242874731,0.8471528910404759,0.29153976675300275,0.006794078022229272,8890
FMR1:K562,neg2,kmer,native,whole_dataset,0.8262329411793455,0.8383599869345357,0.012127045755190191,0.001607467853164147,8864
FMR1:K562,neg2,cnn,probability,whole_dataset,0.8262329411793455,0.8385392399711974,0.012306298791851855,0.0016842154291189784,8864
FMR1:K562,neg2,cnn,logit,whole_dataset,0.8262329411793455,0.8392519247937547,0.013018983614409119,0.0017827777194600212,8864
FMR1:K562,neg2,splicebert,probability,whole_dataset,0.8262329411793455,0.8877302747331517,0.061497333553806155,0.003081524573812708,8864
FMR1:K562,neg2,splicebert,logit,whole_dataset,0.8262329411793455,0.8899424028072828,0.06370946162793723,0.003281328587822557,8864
FMR1:K562,neg2,kmer,native,within_fold,0.8262269338353164,0.8384152239537855,0.012188290118469003,0.0016071764969015651,8864
FMR1:K562,neg2,cnn,probability,within_fold,0.8262269338353164,0.8385503891944375,0.012323455359120938,0.0016831336524120017,8864
FMR1:K562,neg2,cnn,logit,within_fold,0.8262269338353164,0.8392492774896063,0.01302234365428978,0.0017827718354771044,8864
FMR1:K562,neg2,splicebert,probability,within_fold,0.8262269338353164,0.8877451912738339,0.061518257438517354,0.0030800416662286707,8864
FMR1:K562,neg2,splicebert,logit,within_fold,0.8262269338353164,0.8899351227208747,0.06370818888555818,0.0032806235874263097,8864
FXR1:K562,gc,kmer,native,whole_dataset,0.6530115376884819,0.6848012942676015,0.03178975657911953,0.005821291841086052,2846
FXR1:K562,gc,cnn,probability,whole_dataset,0.6530115376884819,0.661166885357462,0.008155347668980073,0.0036449180949412983,2846
FXR1:K562,gc,cnn,logit,whole_dataset,0.6530115376884819,0.6614631920427827,0.00845165435430073,0.003689753477068303,2846
FXR1:K562,gc,splicebert,probability,whole_dataset,0.6530115376884819,0.8166878937483734,0.1636763560598914,0.009825904720370095,2846
FXR1:K562,gc,splicebert,logit,whole_dataset,0.6530115376884819,0.8202356724606147,0.16722413477213272,0.009930557648244236,2846
FXR1:K562,gc,kmer,native,within_fold,0.6530120315329575,0.6848477156483018,0.03183568411534432,0.00581977988929352,2846
FXR1:K562,gc,cnn,probability,within_fold,0.6530120315329575,0.6610641657065508,0.008052134173593295,0.0036417448940733884,2846
FXR1:K562,gc,cnn,logit,within_fold,0.6530120315329575,0.6614246721736909,0.008412640640733438,0.0036900512328844983,2846
FXR1:K562,gc,splicebert,probability,within_fold,0.6530120315329575,0.8167022152381639,0.16369018370520638,0.009828053983628538,2846
FXR1:K562,gc,splicebert,logit,within_fold,0.6530120315329575,0.8201932018357186,0.16718117030276114,0.009932763588066051,2846
FXR1:K562,dn,kmer,native,whole_dataset,0.5694601415820253,0.6378804555247768,0.0684203139427515,0.009668174086599014,2850
FXR1:K562,dn,cnn,probability,whole_dataset,0.5694601415820253,0.5971545706371191,0.027694429055093783,0.008070292612136315,2850
FXR1:K562,dn,cnn,logit,whole_dataset,0.5694601415820253,0.5965877500769469,0.027127608494921573,0.007959717244616003,2850
FXR1:K562,dn,splicebert,probability,whole_dataset,0.5694601415820253,0.8248588488765773,0.25539870729455205,0.011701566657782082,2850
FXR1:K562,dn,splicebert,logit,whole_dataset,0.5694601415820253,0.8289827023699601,0.2595225607879348,0.011801632322532849,2850
FXR1:K562,dn,kmer,native,within_fold,0.5696487534626038,0.6378937519236688,0.06824499846106502,0.009665116540481617,2850
FXR1:K562,dn,cnn,probability,within_fold,0.5696487534626038,0.5972688211757463,0.027620067713142515,0.008068866681560316,2850
FXR1:K562,dn,cnn,logit,within_fold,0.5696487534626038,0.5966429055093875,0.02699415204678368,0.007955970519949902,2850
FXR1:K562,dn,splicebert,probability,within_fold,0.5696487534626038,0.8248342259156664,0.25518547245306256,0.01169960234865154,2850
FXR1:K562,dn,splicebert,logit,within_fold,0.5696487534626038,0.8289275469375192,0.25927879347491545,0.0118008377210027,2850
FXR1:K562,neg2,kmer,native,whole_dataset,0.7799014187657938,0.7898681879710351,0.0099667692052412,0.002951745763943493,2846
FXR1:K562,neg2,cnn,probability,whole_dataset,0.7799014187657938,0.7798940110986607,-7.407667133141338e-06,0.0020728255918644137,2846
FXR1:K562,neg2,cnn,logit,whole_dataset,0.7799014187657938,0.7795991859467665,-0.00030223281902741483,0.0021318732089875897,2846
FXR1:K562,neg2,splicebert,probability,whole_dataset,0.7799014187657938,0.8387390372699487,0.05883761850415481,0.006169611286047408,2846
FXR1:K562,neg2,splicebert,logit,whole_dataset,0.7799014187657938,0.8391642373633841,0.059262818597590194,0.006496427928471149,2846
FXR1:K562,neg2,kmer,native,within_fold,0.7798708004083106,0.7899200416409662,0.010049241232655604,0.002956461553332199,2846
FXR1:K562,neg2,cnn,probability,within_fold,0.7798708004083106,0.7798796896088702,8.889200559636379e-06,0.002078638953662634,2846
FXR1:K562,neg2,cnn,logit,within_fold,0.7798708004083106,0.7795359738538981,-0.0003348265544125262,0.002126872317812172,2846
FXR1:K562,neg2,splicebert,probability,within_fold,0.7798708004083106,0.8387276788470114,0.0588568784387008,0.006171860913861686,2846
FXR1:K562,neg2,splicebert,logit,within_fold,0.7798708004083106,0.8391276928721946,0.05925689246388399,0.006503048920008236,2846
FXR2:K562,gc,kmer,native,whole_dataset,0.6447002253394865,0.6938985658838756,0.049198340544389096,0.004158250542511683,9424
FXR2:K562,gc,cnn,probability,whole_dataset,0.6447002253394865,0.6673107404135236,0.022610515074037107,0.003864566310834327,9424
FXR2:K562,gc,cnn,logit,whole_dataset,0.6447002253394865,0.6667745502578396,0.02207432491835315,0.003823732368227586,9424
FXR2:K562,gc,splicebert,probability,whole_dataset,0.6447002253394865,0.821661262578512,0.17696103723902556,0.0056543538436988105,9424
FXR2:K562,gc,splicebert,logit,whole_dataset,0.6447002253394865,0.8253546466630731,0.18065442132358667,0.005686827645345891,9424
FXR2:K562,gc,kmer,native,within_fold,0.6446145610239795,0.693898791079237,0.049284230055257505,0.004156474336450832,9424
FXR2:K562,gc,cnn,probability,within_fold,0.6446145610239795,0.6673513206176622,0.02273675959368271,0.0038642905893139165,9424
FXR2:K562,gc,cnn,logit,within_fold,0.6446145610239795,0.6667834229550821,0.022168861931102568,0.003823992421145357,9424
FXR2:K562,gc,splicebert,probability,within_fold,0.6446145610239795,0.8216628389460424,0.1770482779220629,0.005654842647306717,9424
FXR2:K562,gc,splicebert,logit,within_fold,0.6446145610239795,0.825321002476068,0.18070644145208847,0.005687651973480477,9424
FXR2:K562,dn,kmer,native,whole_dataset,0.5674133606336214,0.6586040210925814,0.09119066045896007,0.00617767754353584,9490
FXR2:K562,dn,cnn,probability,whole_dataset,0.5674133606336214,0.6287921510191528,0.0613787903855314,0.005813830143193932,9490
FXR2:K562,dn,cnn,logit,whole_dataset,0.5674133606336214,0.628837942662733,0.06142458202911161,0.00574121340605108,9490
FXR2:K562,dn,splicebert,probability,whole_dataset,0.5674133606336214,0.7962399775261187,0.2288266168924974,0.0066474070792389645,9490
FXR2:K562,dn,splicebert,logit,whole_dataset,0.5674133606336214,0.7998831447000392,0.23246978406641783,0.00660639240467333,9490
FXR2:K562,dn,kmer,native,within_fold,0.5673756524809543,0.6585330906805567,0.09115743819960231,0.0061783343700453665,9490
FXR2:K562,dn,cnn,probability,within_fold,0.5673756524809543,0.6287627484313254,0.06138709595037106,0.005809586840208746,9490
FXR2:K562,dn,cnn,logit,within_fold,0.5673756524809543,0.6287815803002661,0.061405927819311756,0.005743765463267177,9490
FXR2:K562,dn,splicebert,probability,within_fold,0.5673756524809543,0.7962242991069296,0.22884864662597526,0.006648521953207526,9490
FXR2:K562,dn,splicebert,logit,within_fold,0.5673756524809543,0.7998258496270824,0.23245019714612802,0.006607176753863442,9490
FXR2:K562,neg2,kmer,native,whole_dataset,0.8141332068395974,0.8229043409738818,0.008771134134284209,0.0013956616746124493,9424
FXR2:K562,neg2,cnn,probability,whole_dataset,0.8141332068395974,0.8224603457991877,0.008327138959590141,0.001301331834585134,9424
FXR2:K562,neg2,cnn,logit,whole_dataset,0.8141332068395974,0.8233686037311088,0.009235396891511205,0.0014778162913527673,9424
FXR2:K562,neg2,splicebert,probability,whole_dataset,0.8141332068395974,0.8620515819884066,0.047918375148809034,0.0026266991532043087,9424
FXR2:K562,neg2,splicebert,logit,whole_dataset,0.8141332068395974,0.864454101221892,0.05032089438229448,0.0028401793460441313,9424
FXR2:K562,neg2,kmer,native,within_fold,0.8141181187503783,0.8229123579287504,0.008794239178371965,0.0013953236765984066,9424
FXR2:K562,neg2,cnn,probability,within_fold,0.8141181187503783,0.8223964353555996,0.008278316605221159,0.0013011300024638821,9424
FXR2:K562,neg2,cnn,logit,within_fold,0.8141181187503783,0.823371215997302,0.00925309724692358,0.0014782900306745457,9424
FXR2:K562,neg2,splicebert,probability,within_fold,0.8141181187503783,0.8620559057393471,0.04793778698896867,0.0026268941253169073,9424
FXR2:K562,neg2,splicebert,logit,within_fold,0.8141181187503783,0.8644692343501834,0.050351115599804985,0.0028404284571832495,9424
G3BP1:HepG2,gc,kmer,native,whole_dataset,0.6887407694563813,0.755874062457196,0.06713329300081483,0.0034500088638353067,12956
G3BP1:HepG2,gc,cnn,probability,whole_dataset,0.6887407694563813,0.7551947975816883,0.0664540281253071,0.0035995209514380227,12956
G3BP1:HepG2,gc,cnn,logit,whole_dataset,0.6887407694563813,0.7561617581190799,0.06742098866269874,0.003649086726105876,12956
G3BP1:HepG2,gc,splicebert,probability,whole_dataset,0.6887407694563813,0.9081027899687745,0.21936202051239329,0.004457464275193866,12956
G3BP1:HepG2,gc,splicebert,logit,whole_dataset,0.6887407694563813,0.9131612103225194,0.22442044086613822,0.0045018670899558575,12956
G3BP1:HepG2,gc,kmer,native,within_fold,0.6887396494616733,0.7558410106984754,0.0671013612368021,0.0034538015894896293,12956
G3BP1:HepG2,gc,cnn,probability,within_fold,0.6887396494616733,0.7551532862884719,0.06641363682679857,0.0035996820687315212,12956
G3BP1:HepG2,gc,cnn,logit,within_fold,0.6887396494616733,0.7561628781137879,0.06742322865211459,0.003648617642576542,12956
G3BP1:HepG2,gc,splicebert,probability,within_fold,0.6887396494616733,0.9080949738354938,0.21935532437382044,0.004458452697036511,12956
G3BP1:HepG2,gc,splicebert,logit,within_fold,0.6887396494616733,0.9131610673444714,0.22442141788279812,0.0045031472878095564,12956
G3BP1:HepG2,dn,kmer,native,whole_dataset,0.5661713766297118,0.6855880823843609,0.11941670575464902,0.005576414357928006,12964
G3BP1:HepG2,dn,cnn,probability,whole_dataset,0.5661713766297118,0.6895381661660834,0.12336678953637159,0.005642528235611928,12964
G3BP1:HepG2,dn,cnn,logit,whole_dataset,0.5661713766297118,0.6898260542735724,0.12365467764386051,0.005617516001669106,12964
G3BP1:HepG2,dn,splicebert,probability,whole_dataset,0.5661713766297118,0.8908405694891346,0.32466919285942275,0.005450110967335274,12964
G3BP1:HepG2,dn,splicebert,logit,whole_dataset,0.5661713766297118,0.8943419943163043,0.3281706176865925,0.00541677002282485,12964
G3BP1:HepG2,dn,kmer,native,within_fold,0.5661067112867846,0.6855870827728765,0.11948037148609181,0.005575214631692994,12964
G3BP1:HepG2,dn,cnn,probability,within_fold,0.5661067112867846,0.6895900507621752,0.12348333947539047,0.0056385180656383345,12964
G3BP1:HepG2,dn,cnn,logit,within_fold,0.5661067112867846,0.6899250634110685,0.12381835212428383,0.005612279975268431,12964
G3BP1:HepG2,dn,splicebert,probability,within_fold,0.5661067112867846,0.8908436159241345,0.32473690463734983,0.0054507471311058585,12964
G3BP1:HepG2,dn,splicebert,logit,within_fold,0.5661067112867846,0.8943233825024769,0.3282166712156922,0.00541850640423582,12964
G3BP1:HepG2,neg2,kmer,native,whole_dataset,0.7833124553610621,0.806932190563811,0.02361973520274907,0.0019154051937782849,12956
G3BP1:HepG2,neg2,cnn,probability,whole_dataset,0.7833124553610621,0.8122140379469457,0.02890158258588371,0.0021621688076201855,12956
G3BP1:HepG2,neg2,cnn,logit,whole_dataset,0.7833124553610621,0.8128982593947778,0.0295858040337158,0.0022075146856488023,12956
G3BP1:HepG2,neg2,splicebert,probability,whole_dataset,0.7833124553610621,0.8776262565268288,0.09431380116576682,0.003197810550430659,12956
G3BP1:HepG2,neg2,splicebert,logit,whole_dataset,0.7833124553610621,0.8793006009557989,0.0959881455947369,0.0033336107852860934,12956
G3BP1:HepG2,neg2,kmer,native,within_fold,0.7832660113251958,0.8069164868082258,0.02365047548303012,0.001914826318526486,12956
G3BP1:HepG2,neg2,cnn,probability,within_fold,0.7832660113251958,0.8122193757940644,0.02895336446886876,0.002162953456390468,12956
G3BP1:HepG2,neg2,cnn,logit,within_fold,0.7832660113251958,0.8128948994106541,0.029628888085458382,0.0022082187508414407,12956
G3BP1:HepG2,neg2,splicebert,probability,within_fold,0.7832660113251958,0.8776947191820588,0.09442870785686308,0.003198932944304946,12956
G3BP1:HepG2,neg2,splicebert,logit,within_fold,0.7832660113251958,0.8792660955869255,0.09600008426172979,0.0033332758160790326,12956
GARS:K562,gc,kmer,native,whole_dataset,0.7452852386309062,0.7467614722368162,0.0014762336059100933,0.00375883878011039,1114
GARS:K562,gc,cnn,probability,whole_dataset,0.7452852386309062,0.7581136442019153,0.012828405571009172,0.005914375954471681,1114
GARS:K562,gc,cnn,logit,whole_dataset,0.7452852386309062,0.7581587692466374,0.012873530615731266,0.005800405038130088,1114
GARS:K562,gc,splicebert,probability,whole_dataset,0.7452852386309062,0.803602912499315,0.058317673868408915,0.009694587121549343,1114
GARS:K562,gc,splicebert,logit,whole_dataset,0.7452852386309062,0.8131242969356871,0.06783905830478099,0.010930839086147592,1114
GARS:K562,gc,kmer,native,within_fold,0.7453271404581482,0.7467679186717766,0.0014407782136285352,0.0037699833073149545,1114
GARS:K562,gc,cnn,probability,within_fold,0.7453271404581482,0.7581297602893159,0.012802619831167816,0.005913934613839515,1114
GARS:K562,gc,cnn,logit,within_fold,0.7453271404581482,0.7581845549864785,0.012857414528330446,0.005814517576870338,1114
GARS:K562,gc,splicebert,probability,within_fold,0.7453271404581482,0.8035094391923906,0.05818229873424252,0.00970258234984745,1114
GARS:K562,gc,splicebert,logit,within_fold,0.7453271404581482,0.8130082611064017,0.0676811206482536,0.010946961170491463,1114
GARS:K562,dn,kmer,native,whole_dataset,0.6225698909962667,0.668684213812134,0.04611432281586736,0.011328054214333902,1132
GARS:K562,dn,cnn,probability,whole_dataset,0.6225698909962667,0.6534230668381424,0.030853175841875746,0.011813667065645107,1132
GARS:K562,dn,cnn,logit,whole_dataset,0.6225698909962667,0.6534261883654434,0.03085629736917672,0.011773012860446248,1132
GARS:K562,dn,splicebert,probability,whole_dataset,0.6225698909962667,0.7693160109378315,0.14674611994156483,0.016340492423759657,1132
GARS:K562,dn,splicebert,logit,whole_dataset,0.6225698909962667,0.7652112025371774,0.14264131154091075,0.016883518717752576,1132
GARS:K562,dn,kmer,native,within_fold,0.6223669917217096,0.6686966999213375,0.046329708199628006,0.011308223940488802,1132
GARS:K562,dn,cnn,probability,within_fold,0.6223669917217096,0.6531671015994707,0.03080010987776116,0.011806097099294161,1132
GARS:K562,dn,cnn,logit,within_fold,0.6223669917217096,0.6534261883654434,0.03105919664373391,0.011772804857742377,1132
GARS:K562,dn,splicebert,probability,within_fold,0.6223669917217096,0.7692192435915044,0.1468522518697949,0.0163393096012582,1132
GARS:K562,dn,splicebert,logit,within_fold,0.6223669917217096,0.7649833310442132,0.14261633932250373,0.016900517923950923,1132
GARS:K562,neg2,kmer,native,whole_dataset,0.798610148622558,0.8054304768105618,0.00682032818800371,0.0038328863177073563,1114
GARS:K562,neg2,cnn,probability,whole_dataset,0.798610148622558,0.7984199787912291,-0.00019016983132902343,0.0009029750598743878,1114
GARS:K562,neg2,cnn,logit,whole_dataset,0.798610148622558,0.7983845233989472,-0.00022562522361091464,0.0009471622703305437,1114
GARS:K562,neg2,splicebert,probability,whole_dataset,0.798610148622558,0.8366570077582844,0.03804685913572636,0.007862887451564441,1114
GARS:K562,neg2,splicebert,logit,whole_dataset,0.798610148622558,0.8387424294679434,0.04013228084538534,0.008168892464726853,1114
GARS:K562,neg2,kmer,native,within_fold,0.7985231217505939,0.8053756821133992,0.006852560362805349,0.0038317208052442158,1114
GARS:K562,neg2,cnn,probability,within_fold,0.7985231217505939,0.7984715502709115,-5.1571479682266386e-05,0.0008942513152549095,1114
GARS:K562,neg2,cnn,logit,within_fold,0.7985231217505939,0.7983168358318641,-0.00020628591872973168,0.0009466945255767624,1114
GARS:K562,neg2,splicebert,probability,within_fold,0.7985231217505939,0.8365699808863203,0.038046859135726474,0.007866957986574859,1114
GARS:K562,neg2,splicebert,logit,within_fold,0.7985231217505939,0.8387037508581816,0.040180629107587795,0.008172316453878442,1114
GEMIN5:K562,gc,kmer,native,whole_dataset,0.7553554705480865,0.769246202441231,0.013890731893144492,0.002508974466107546,5020
GEMIN5:K562,gc,cnn,probability,whole_dataset,0.7553554705480865,0.77088998587324,0.015534515325153486,0.002868108565675963,5020
GEMIN5:K562,gc,cnn,logit,whole_dataset,0.7553554705480865,0.7706845923080586,0.015329121759972142,0.0028417811104651906,5020
GEMIN5:K562,gc,splicebert,probability,whole_dataset,0.7553554705480865,0.8265192615990223,0.07116379105093584,0.005171012075069442,5020
GEMIN5:K562,gc,splicebert,logit,whole_dataset,0.7553554705480865,0.8290757289566831,0.07372025840859664,0.005303941207216762,5020
GEMIN5:K562,gc,kmer,native,within_fold,0.7553768987793844,0.7692179489214458,0.013841050142061384,0.002509341148200246,5020
GEMIN5:K562,gc,cnn,probability,within_fold,0.7553768987793844,0.7709314137870829,0.015554515007698444,0.002870733857000037,5020
GEMIN5:K562,gc,cnn,logit,within_fold,0.7553768987793844,0.7706747511944255,0.015297852415041113,0.0028389884757474134,5020
GEMIN5:K562,gc,splicebert,probability,within_fold,0.7553768987793844,0.8265151346804019,0.07113823590101753,0.005171701267521209,5020
GEMIN5:K562,gc,splicebert,logit,within_fold,0.7553768987793844,0.8290744591355693,0.07369756035618491,0.005304148300004227,5020
GEMIN5:K562,dn,kmer,native,whole_dataset,0.6291032483930212,0.6690184515610652,0.03991520316804409,0.005613747051675388,5280
GEMIN5:K562,dn,cnn,probability,whole_dataset,0.6291032483930212,0.6653225436179981,0.03621929522497702,0.005921538074575106,5280
GEMIN5:K562,dn,cnn,logit,whole_dataset,0.6291032483930212,0.665030704775023,0.0359274563820019,0.00581315289015066,5280
GEMIN5:K562,dn,splicebert,probability,whole_dataset,0.6291032483930212,0.7781575700183654,0.14905432162534427,0.007850852308255631,5280
GEMIN5:K562,dn,splicebert,logit,whole_dataset,0.6291032483930212,0.7800575355831038,0.15095428719008264,0.007823382543218151,5280
GEMIN5:K562,dn,kmer,native,within_fold,0.6291451446280991,0.6689986512855831,0.039853506657483884,0.00561216741559236,5280
GEMIN5:K562,dn,cnn,probability,within_fold,0.6291451446280991,0.6654117883379248,0.036266643709825575,0.00592046510861793,5280
GEMIN5:K562,dn,cnn,logit,within_fold,0.6291451446280991,0.6650410353535354,0.0358958907254362,0.005815443711989581,5280
GEMIN5:K562,dn,splicebert,probability,within_fold,0.6291451446280991,0.7781390610651975,0.14899391643709825,0.007850847740558076,5280
GEMIN5:K562,dn,splicebert,logit,within_fold,0.6291451446280991,0.7800779097796142,0.150932765151515,0.007822570991652967,5280
GEMIN5:K562,neg2,kmer,native,whole_dataset,0.8954391200139679,0.8961419660005397,0.0007028459865717762,0.0005015440900182904,5020
GEMIN5:K562,neg2,cnn,probability,whole_dataset,0.8954391200139679,0.8958268916366406,0.0003877716226726724,0.0003671277232234841,5020
GEMIN5:K562,neg2,cnn,logit,whole_dataset,0.8954391200139679,0.8956097522261551,0.00017063221218716063,0.0003479885520038683,5020
GEMIN5:K562,neg2,splicebert,probability,whole_dataset,0.8954391200139679,0.9050400787289091,0.009600958714941155,0.0014262362118125241,5020
GEMIN5:K562,neg2,splicebert,logit,whole_dataset,0.8954391200139679,0.905306899890478,0.009867779876509997,0.0017935559575394959,5020
GEMIN5:K562,neg2,kmer,native,within_fold,0.8954440405707846,0.8961657751464261,0.0007217345756415083,0.0004998834922148682,5020
GEMIN5:K562,neg2,cnn,probability,within_fold,0.8954440405707846,0.8958735575625784,0.0004295169917937214,0.00036780083351902,5020
GEMIN5:K562,neg2,cnn,logit,within_fold,0.8954440405707846,0.8956072125839272,0.00016317201314253182,0.0003504292831850197,5020
GEMIN5:K562,neg2,splicebert,probability,within_fold,0.8954440405707846,0.9050242059649847,0.009580165394200035,0.0014260178737386328,5020
GEMIN5:K562,neg2,splicebert,logit,within_fold,0.8954440405707846,0.905291344581832,0.009847304011047386,0.0017931506644350537,5020
GRSF1:HepG2,gc,kmer,native,whole_dataset,0.853431984040807,0.8531279513143607,-0.00030403272644641266,0.0007581584691650051,1990
GRSF1:HepG2,gc,cnn,probability,whole_dataset,0.853431984040807,0.8514926390747709,-0.001939344966036205,0.0019699043320585636,1990
GRSF1:HepG2,gc,cnn,logit,whole_dataset,0.853431984040807,0.8515340521703998,-0.0018979318704073211,0.0016632359436536217,1990
GRSF1:HepG2,gc,splicebert,probability,whole_dataset,0.853431984040807,0.8665478144491301,0.013115830408322982,0.0044482367894420755,1990
GRSF1:HepG2,gc,splicebert,logit,whole_dataset,0.853431984040807,0.8648155349612384,0.011383550920431307,0.00482319754301793,1990
GRSF1:HepG2,gc,kmer,native,within_fold,0.853396631398197,0.8531673442589834,-0.00022928713921355204,0.0007560355986254,1990
GRSF1:HepG2,gc,cnn,probability,within_fold,0.853396631398197,0.8514916289992676,-0.001905002398929434,0.001967296950762788,1990
GRSF1:HepG2,gc,cnn,logit,within_fold,0.853396631398197,0.8514855685462488,-0.0019110628519481976,0.0016582232554570504,1990
GRSF1:HepG2,gc,splicebert,probability,within_fold,0.853396631398197,0.8665154920330295,0.013118860634832474,0.004452198856989856,1990
GRSF1:HepG2,gc,splicebert,logit,within_fold,0.853396631398197,0.8647175576374335,0.011320926239236528,0.00483541186035275,1990
GRSF1:HepG2,dn,kmer,native,whole_dataset,0.6230965765936004,0.6317298910304863,0.008633314436885864,0.005190105107416022,2016
GRSF1:HepG2,dn,cnn,probability,whole_dataset,0.6230965765936004,0.6229440271478961,-0.00015254944570430862,0.005680252077409269,2016
GRSF1:HepG2,dn,cnn,logit,whole_dataset,0.6230965765936004,0.6233190035273369,0.00022242693373653033,0.005703642446570377,2016
GRSF1:HepG2,dn,splicebert,probability,whole_dataset,0.6230965765936004,0.7028956837364575,0.0797991071428571,0.011128212609638494,2016
GRSF1:HepG2,dn,splicebert,logit,whole_dataset,0.6230965765936004,0.7006340151801461,0.07753743858654571,0.010818630730975644,2016
GRSF1:HepG2,dn,kmer,native,within_fold,0.6231979481607458,0.6316639503023432,0.008466002141597428,0.0051882267377845815,2016
GRSF1:HepG2,dn,cnn,probability,within_fold,0.6231979481607458,0.6228692287100026,-0.00032871945074319786,0.005684631139146559,2016
GRSF1:HepG2,dn,cnn,logit,within_fold,0.6231979481607458,0.6232904620181406,9.251385739483808e-05,0.005690332596576986,2016
GRSF1:HepG2,dn,splicebert,probability,within_fold,0.6231979481607458,0.7028769841269841,0.07967903596623827,0.011134528115784222,2016
GRSF1:HepG2,dn,splicebert,logit,within_fold,0.6231979481607458,0.7006497622197027,0.07745181405895685,0.010821051514417774,2016
GRSF1:HepG2,neg2,kmer,native,whole_dataset,0.8133340067170022,0.8135350117421276,0.0002010050251254336,0.0010816852204098633,1990
GRSF1:HepG2,neg2,cnn,probability,whole_dataset,0.8133340067170022,0.8125320067675058,-0.0008019999494963681,0.00035004544367855836,1990
GRSF1:HepG2,neg2,cnn,logit,whole_dataset,0.8133340067170022,0.8112178985379157,-0.0021161081790864733,0.0008287806239607183,1990
GRSF1:HepG2,neg2,splicebert,probability,whole_dataset,0.8133340067170022,0.8224812504734729,0.009147243756470691,0.003595447684044651,1990
GRSF1:HepG2,neg2,splicebert,logit,whole_dataset,0.8133340067170022,0.8193419358097017,0.006007929092699538,0.004083698248546094,1990
GRSF1:HepG2,neg2,kmer,native,within_fold,0.8133279462639832,0.8135602636297063,0.00023231736572304484,0.0010747438321680655,1990
GRSF1:HepG2,neg2,cnn,probability,within_fold,0.8133279462639832,0.8125198858614682,-0.0008080604025151317,0.00034501853358982266,1990
GRSF1:HepG2,neg2,cnn,logit,within_fold,0.8133279462639832,0.8111906264993309,-0.002137319764652368,0.0008283641666826935,1990
GRSF1:HepG2,neg2,splicebert,probability,within_fold,0.8133279462639832,0.8224277164718062,0.009099770207822933,0.0035938451047147902,1990
GRSF1:HepG2,neg2,splicebert,logit,within_fold,0.8133279462639832,0.819314663771117,0.005986717507133643,0.004093994253292237,1990
GRWD1:HepG2,gc,kmer,native,whole_dataset,0.6995532968415602,0.7793105623810362,0.07975726553947615,0.0019433650630099877,44144
GRWD1:HepG2,gc,cnn,probability,whole_dataset,0.6995532968415602,0.786594214512431,0.08704091767087085,0.002001051002240219,44144
GRWD1:HepG2,gc,cnn,logit,whole_dataset,0.6995532968415602,0.7872659284136625,0.0877126315721024,0.002024551013794606,44144
GRWD1:HepG2,gc,splicebert,probability,whole_dataset,0.6995532968415602,0.9093417773175299,0.20978848047596976,0.0023705033998753485,44144
GRWD1:HepG2,gc,splicebert,logit,whole_dataset,0.6995532968415602,0.9117542130561933,0.21220091621463322,0.002351587971924385,44144
GRWD1:HepG2,gc,kmer,native,within_fold,0.6995296933256492,0.7793829740021159,0.0798532806764668,0.0019430501998828353,44144
GRWD1:HepG2,gc,cnn,probability,within_fold,0.6995296933256492,0.7865960803786771,0.08706638705302805,0.0020008125506152056,44144
GRWD1:HepG2,gc,cnn,logit,within_fold,0.6995296933256492,0.7872964678614166,0.08776677453576753,0.002023826400822013,44144
GRWD1:HepG2,gc,splicebert,probability,within_fold,0.6995296933256492,0.9093423869569963,0.20981269363134725,0.0023704966190262445,44144
GRWD1:HepG2,gc,splicebert,logit,within_fold,0.6995296933256492,0.9117169860482304,0.2121872927225813,0.0023511882555082198,44144
GRWD1:HepG2,dn,kmer,native,whole_dataset,0.5678016246264418,0.7230223644158259,0.1552207397893841,0.0030834669793848445,44156
GRWD1:HepG2,dn,cnn,probability,whole_dataset,0.5678016246264418,0.7563820269735018,0.18858040234705997,0.0030940929743483057,44156
GRWD1:HepG2,dn,cnn,logit,whole_dataset,0.5678016246264418,0.7566445792938904,0.1888429546674486,0.003084038477573047,44156
GRWD1:HepG2,dn,splicebert,probability,whole_dataset,0.5678016246264418,0.8873126396910751,0.3195110150646333,0.002941712048459015,44156
GRWD1:HepG2,dn,splicebert,logit,whole_dataset,0.5678016246264418,0.8901449542871581,0.3223433296607163,0.0029122309715640016,44156
GRWD1:HepG2,dn,kmer,native,within_fold,0.567525909608655,0.7230154158409995,0.15548950623234448,0.0030835973498950647,44156
GRWD1:HepG2,dn,cnn,probability,within_fold,0.567525909608655,0.7563879046430849,0.1888619950344299,0.0030949848810665165,44156
GRWD1:HepG2,dn,cnn,logit,within_fold,0.567525909608655,0.7566717704396687,0.1891458608310137,0.003084615000645475,44156
GRWD1:HepG2,dn,splicebert,probability,within_fold,0.567525909608655,0.8872825271486173,0.3197566175399623,0.002942897696990035,44156
GRWD1:HepG2,dn,splicebert,logit,within_fold,0.567525909608655,0.8901423570342116,0.3226164474255566,0.0029135593435289193,44156
GRWD1:HepG2,neg2,kmer,native,whole_dataset,0.8495007065085093,0.8741173795805641,0.02461667307205473,0.0008846081577844555,44144
GRWD1:HepG2,neg2,cnn,probability,whole_dataset,0.8495007065085093,0.8746053292621295,0.02510462275362013,0.0009038785010049793,44144
GRWD1:HepG2,neg2,cnn,logit,whole_dataset,0.8495007065085093,0.8751491030343739,0.02564839652586448,0.0009377958790231043,44144
GRWD1:HepG2,neg2,splicebert,probability,whole_dataset,0.8495007065085093,0.908113817693217,0.05861311118470758,0.001219528261353176,44144
GRWD1:HepG2,neg2,splicebert,logit,whole_dataset,0.8495007065085093,0.9089679821129071,0.059467275604397685,0.001270852850067458,44144
GRWD1:HepG2,neg2,kmer,native,within_fold,0.8494969419334869,0.874120733623959,0.02462379169047202,0.0008840785608401381,44144
GRWD1:HepG2,neg2,cnn,probability,within_fold,0.8494969419334869,0.8746036830303041,0.025106741096817098,0.0009031453003231668,44144
GRWD1:HepG2,neg2,cnn,logit,within_fold,0.8494969419334869,0.8751422758934121,0.025645333959925076,0.0009384425442201755,44144
GRWD1:HepG2,neg2,splicebert,probability,within_fold,0.8494969419334869,0.9081145381762228,0.05861759624273577,0.0012196978884688287,44144
GRWD1:HepG2,neg2,splicebert,logit,within_fold,0.8494969419334869,0.908968222273909,0.05947128034042204,0.001270976900358569,44144
GRWD1:K562,gc,kmer,native,whole_dataset,0.7715631160570009,0.8198603900020754,0.04829727394507466,0.003165802241132994,8746
GRWD1:K562,gc,cnn,probability,whole_dataset,0.7715631160570009,0.7964885871972102,0.024925471140209376,0.0025114091969288643,8746
GRWD1:K562,gc,cnn,logit,whole_dataset,0.7715631160570009,0.7975293164628028,0.025966200405801998,0.0026326202059178388,8746
GRWD1:K562,gc,splicebert,probability,whole_dataset,0.7715631160570009,0.9023443286922344,0.13078121263523357,0.004255881807472305,8746
GRWD1:K562,gc,splicebert,logit,whole_dataset,0.7715631160570009,0.9056435272700405,0.1340804112130397,0.004424131438716052,8746
GRWD1:K562,gc,kmer,native,within_fold,0.7715353486346299,0.8198470553642137,0.04831170672958374,0.0031653563616506563,8746
GRWD1:K562,gc,cnn,probability,within_fold,0.7715353486346299,0.7964699709969012,0.024934622362271286,0.002510576846151504,8746
GRWD1:K562,gc,cnn,logit,within_fold,0.7715353486346299,0.7975264403644404,0.02599109172981051,0.002633860333310055,8746
GRWD1:K562,gc,splicebert,probability,within_fold,0.7715353486346299,0.9023533230362041,0.13081797440157417,0.004255597161276706,8746
GRWD1:K562,gc,splicebert,logit,within_fold,0.7715353486346299,0.9056357879508108,0.13410043931618087,0.004424369182459236,8746
GRWD1:K562,dn,kmer,native,whole_dataset,0.5837826612244897,0.7192010710204082,0.13541840979591835,0.0065216478926715,8750
GRWD1:K562,dn,cnn,probability,whole_dataset,0.5837826612244897,0.7036040881632653,0.1198214269387754,0.00643902347211566,8750
GRWD1:K562,dn,cnn,logit,whole_dataset,0.5837826612244897,0.7037163624489796,0.11993370122448976,0.006429999110583118,8750
GRWD1:K562,dn,splicebert,probability,whole_dataset,0.5837826612244897,0.8597558334693878,0.2759731722448979,0.006560264144610125,8750
GRWD1:K562,dn,splicebert,logit,whole_dataset,0.5837826612244897,0.8637304163265306,0.27994775510204073,0.0065341668676391785,8750
GRWD1:K562,dn,kmer,native,within_fold,0.5837810938775511,0.7192792293877551,0.13549813551020407,0.0065209411219206,8750
GRWD1:K562,dn,cnn,probability,within_fold,0.5837810938775511,0.703608215510204,0.11982712163265297,0.006439189311078046,8750
GRWD1:K562,dn,cnn,logit,within_fold,0.5837810938775511,0.7037153175510205,0.1199342236734694,0.006429195839732612,8750
GRWD1:K562,dn,splicebert,probability,within_fold,0.5837810938775511,0.8597476832653062,0.2759665893877551,0.006560601967469039,8750
GRWD1:K562,dn,splicebert,logit,within_fold,0.5837810938775511,0.8637393502040817,0.2799582563265306,0.006533937292838333,8750
GRWD1:K562,neg2,kmer,native,whole_dataset,0.8515861604029341,0.8609544494522836,0.00936828904934961,0.0012825799560991962,8746
GRWD1:K562,neg2,cnn,probability,whole_dataset,0.8515861604029341,0.856709223684053,0.005123063281119,0.000953444868916927,8746
GRWD1:K562,neg2,cnn,logit,whole_dataset,0.8515861604029341,0.8571244799948796,0.005538319591945617,0.0010031969713461888,8746
GRWD1:K562,neg2,splicebert,probability,whole_dataset,0.8515861604029341,0.8760719022498881,0.024485741846954068,0.002023086266913748,8746
GRWD1:K562,neg2,splicebert,logit,whole_dataset,0.8515861604029341,0.8770184523672878,0.025432291964353815,0.0021439726400261194,8746
GRWD1:K562,neg2,kmer,native,within_fold,0.8515850099635892,0.8609537696472163,0.00936875968362716,0.0012830141476409193,8746
GRWD1:K562,neg2,cnn,probability,within_fold,0.8515850099635892,0.8567142960757101,0.005129286112121045,0.0009525865729942927,8746
GRWD1:K562,neg2,cnn,logit,within_fold,0.8515850099635892,0.8571234341409295,0.005538424177340406,0.00100492745267188,8746
GRWD1:K562,neg2,splicebert,probability,within_fold,0.8515850099635892,0.8760734187381155,0.024488408774526405,0.0020229550061714357,8746
GRWD1:K562,neg2,splicebert,logit,within_fold,0.8515850099635892,0.8770037581192911,0.025418748155701998,0.0021431927457844107,8746
GTF2F1:HepG2,gc,kmer,native,whole_dataset,0.8778375918412046,0.888426656608563,0.010589064767358436,0.001347213150974807,8502
GTF2F1:HepG2,gc,cnn,probability,whole_dataset,0.8778375918412046,0.9061784679221699,0.02834087608096536,0.002099845772841469,8502
GTF2F1:HepG2,gc,cnn,logit,whole_dataset,0.8778375918412046,0.9079521383458503,0.030114546504645734,0.0022287372630701986,8502
GTF2F1:HepG2,gc,splicebert,probability,whole_dataset,0.8778375918412046,0.9215690929351394,0.043731501093934866,0.002470340351629877,8502
GTF2F1:HepG2,gc,splicebert,logit,whole_dataset,0.8778375918412046,0.9256144692814748,0.04777687744027026,0.002581226833621172,8502
GTF2F1:HepG2,gc,kmer,native,within_fold,0.8778376471784823,0.8884334077564381,0.01059576057795586,0.001346128111344206,8502
GTF2F1:HepG2,gc,cnn,probability,within_fold,0.8778376471784823,0.9062542246552917,0.02841657747680948,0.0020994094905656857,8502
GTF2F1:HepG2,gc,cnn,logit,within_fold,0.8778376471784823,0.907950533564798,0.030112886386315818,0.0022288003652540136,8502
GTF2F1:HepG2,gc,splicebert,probability,within_fold,0.8778376471784823,0.9215566420476653,0.04371899486918307,0.0024707779297960327,8502
GTF2F1:HepG2,gc,splicebert,logit,within_fold,0.8778376471784823,0.9255977020863425,0.04776005490786028,0.0025801391953154543,8502
GTF2F1:HepG2,dn,kmer,native,whole_dataset,0.745236600953911,0.7660821084135349,0.02084550745962399,0.002430382324116106,8940
GTF2F1:HepG2,dn,cnn,probability,whole_dataset,0.745236600953911,0.8223567506969156,0.07712014974300474,0.003947718649268242,8940
GTF2F1:HepG2,dn,cnn,logit,whole_dataset,0.745236600953911,0.8234616058335712,0.07822500487966033,0.004005770736052079,8940
GTF2F1:HepG2,dn,splicebert,probability,whole_dataset,0.745236600953911,0.8553441536667516,0.11010755271284078,0.00441012011877709,8940
GTF2F1:HepG2,dn,splicebert,logit,whole_dataset,0.745236600953911,0.8572758484352556,0.11203924748134475,0.004428855115412212,8940
GTF2F1:HepG2,dn,kmer,native,within_fold,0.745299310841854,0.7660799063105266,0.020780595468672503,0.0024270306086427162,8940
GTF2F1:HepG2,dn,cnn,probability,within_fold,0.745299310841854,0.8223486429540211,0.07704933211216702,0.003947709294602512,8940
GTF2F1:HepG2,dn,cnn,logit,within_fold,0.745299310841854,0.8234452902521908,0.07814597941033674,0.004005767038323302,8940
GTF2F1:HepG2,dn,splicebert,probability,within_fold,0.745299310841854,0.8553194801034989,0.11002016926164482,0.004409407631841081,8940
GTF2F1:HepG2,dn,splicebert,logit,within_fold,0.745299310841854,0.8573191397784885,0.11201982893663442,0.004428987783306098,8940
GTF2F1:HepG2,neg2,kmer,native,whole_dataset,0.891555260275842,0.9016916107746327,0.010136350498790692,0.001232310128274385,8502
GTF2F1:HepG2,neg2,cnn,probability,whole_dataset,0.891555260275842,0.9112314254202077,0.019676165144365765,0.0014343162070520432,8502
GTF2F1:HepG2,neg2,cnn,logit,whole_dataset,0.891555260275842,0.9139283429844313,0.022373082708589287,0.0016213848793353186,8502
GTF2F1:HepG2,neg2,splicebert,probability,whole_dataset,0.891555260275842,0.9244692643202223,0.032914004044380274,0.0019987676334809663,8502
GTF2F1:HepG2,neg2,splicebert,logit,whole_dataset,0.891555260275842,0.9281569405037386,0.03660168022789667,0.002089573701808714,8502
GTF2F1:HepG2,neg2,kmer,native,within_fold,0.8915804940744567,0.9016792705617138,0.0100987764872571,0.0012314330784979253,8502
GTF2F1:HepG2,neg2,cnn,probability,within_fold,0.8915804940744567,0.9112222394321157,0.019641745357658946,0.0014348952316952511,8502
GTF2F1:HepG2,neg2,cnn,logit,within_fold,0.8915804940744567,0.9139140106295164,0.022333516555059663,0.0016210096165539365,8502
GTF2F1:HepG2,neg2,splicebert,probability,within_fold,0.8915804940744567,0.9244462993499917,0.032865805275534954,0.0019987139503927437,8502
GTF2F1:HepG2,neg2,splicebert,logit,within_fold,0.8915804940744567,0.9281717155568749,0.036591221482418224,0.0020903431556973423,8502
HLTF:HepG2,gc,kmer,native,whole_dataset,0.6510926734621194,0.6754623962731461,0.024369722811026562,0.0036040341838944486,7284
HLTF:HepG2,gc,cnn,probability,whole_dataset,0.6510926734621194,0.70589974611291,0.054807072650790434,0.004871948738860124,7284
HLTF:HepG2,gc,cnn,logit,whole_dataset,0.6510926734621194,0.7063111553807687,0.0552184819186492,0.004934058058169685,7284
HLTF:HepG2,gc,splicebert,probability,whole_dataset,0.6510926734621194,0.7888626829402893,0.13777000947816975,0.006073700224766246,7284
HLTF:HepG2,gc,splicebert,logit,whole_dataset,0.6510926734621194,0.7920711022571797,0.14097842879506017,0.006225837370666917,7284
HLTF:HepG2,gc,kmer,native,within_fold,0.6510904871200327,0.6754556864646728,0.02436519934464021,0.0035986563561966113,7284
HLTF:HepG2,gc,cnn,probability,within_fold,0.6510904871200327,0.7059262837823779,0.05483579666234528,0.004869915748178707,7284
HLTF:HepG2,gc,cnn,logit,within_fold,0.6510904871200327,0.7062973588082898,0.05520687168825722,0.0049358862402071714,7284
HLTF:HepG2,gc,splicebert,probability,within_fold,0.6510904871200327,0.7888657739756535,0.1377752868556209,0.00607413715448448,7284
HLTF:HepG2,gc,splicebert,logit,within_fold,0.6510904871200327,0.7920551193426137,0.14096463222258115,0.006226067943620254,7284
HLTF:HepG2,dn,kmer,native,whole_dataset,0.5341973991468479,0.599610492980406,0.06541309383355809,0.007354621113130276,7290
HLTF:HepG2,dn,cnn,probability,whole_dataset,0.5341973991468479,0.6514262166449333,0.11722881749808534,0.008041711857680704,7290
HLTF:HepG2,dn,cnn,logit,whole_dataset,0.5341973991468479,0.6514070988124739,0.117209699665626,0.007996708352294728,7290
HLTF:HepG2,dn,splicebert,probability,whole_dataset,0.5341973991468479,0.7385452759572559,0.204347876810408,0.008142515660362481,7290
HLTF:HepG2,dn,splicebert,logit,whole_dataset,0.5341973991468479,0.7395147156504673,0.2053173165036194,0.008148211999219295,7290
HLTF:HepG2,dn,kmer,native,within_fold,0.5342071838642484,0.5995843000445957,0.06537711618034736,0.007359307303846339,7290
HLTF:HepG2,dn,cnn,probability,within_fold,0.5342071838642484,0.6514324638106583,0.11722527994640997,0.008044558483211759,7290
HLTF:HepG2,dn,cnn,logit,within_fold,0.5342071838642484,0.6514742370272524,0.11726705316300401,0.007999848462041886,7290
HLTF:HepG2,dn,splicebert,probability,within_fold,0.5342071838642484,0.7385478350371913,0.20434065117294298,0.008147109198896225,7290
HLTF:HepG2,dn,splicebert,logit,within_fold,0.5342071838642484,0.7395257799078356,0.20531859604358726,0.008152061772202462,7290
HLTF:HepG2,neg2,kmer,native,whole_dataset,0.7828204627144235,0.7931832718594252,0.010362809145001428,0.0018235347711659318,7284
HLTF:HepG2,neg2,cnn,probability,whole_dataset,0.7828204627144235,0.7829728281405447,0.0001523654261209595,0.0006886067403092888,7284
HLTF:HepG2,neg2,cnn,logit,whole_dataset,0.7828204627144235,0.7829349064140039,0.00011444369958013567,0.0006469843453557343,7284
HLTF:HepG2,neg2,splicebert,probability,whole_dataset,0.7828204627144235,0.8213019682205377,0.038481505506113955,0.0035474774912466825,7284
HLTF:HepG2,neg2,splicebert,logit,whole_dataset,0.7828204627144235,0.819842170226484,0.03702170751206024,0.0035124653753143974,7284
HLTF:HepG2,neg2,kmer,native,within_fold,0.7827936988716364,0.7931834980327443,0.010389799161108049,0.0018283942091455719,7284
HLTF:HepG2,neg2,cnn,probability,within_fold,0.7827936988716364,0.7829407869203063,0.0001470880486700299,0.0006902335521526364,7284
HLTF:HepG2,neg2,cnn,logit,within_fold,0.7827936988716364,0.7829297044276593,0.00013600555602300002,0.0006431175357459078,7284
HLTF:HepG2,neg2,splicebert,probability,within_fold,0.7827936988716364,0.8212972939719383,0.03850359510030199,0.0035475394953751924,7284
HLTF:HepG2,neg2,splicebert,logit,within_fold,0.7827936988716364,0.8198086965752233,0.03701499770358696,0.0035147628173902443,7284
HNRNPC:K562,gc,kmer,native,whole_dataset,0.9479748813172285,0.9546263746169101,0.006651493299681621,0.0023379028886237104,1032
HNRNPC:K562,gc,cnn,probability,whole_dataset,0.9479748813172285,0.9595877651583438,0.011612883841115251,0.0033054804764603234,1032
HNRNPC:K562,gc,cnn,logit,whole_dataset,0.9479748813172285,0.962584880716303,0.01460999939907448,0.0036179855190249855,1032
HNRNPC:K562,gc,splicebert,probability,whole_dataset,0.9479748813172285,0.9640083228171383,0.016033441499909817,0.0036057387172310916,1032
HNRNPC:K562,gc,splicebert,logit,whole_dataset,0.9479748813172285,0.9670542635658915,0.019079382248663013,0.004370812553133659,1032
HNRNPC:K562,gc,kmer,native,within_fold,0.9479974160206718,0.9546451535364461,0.006647737515774299,0.0023351377236484044,1032
HNRNPC:K562,gc,cnn,probability,within_fold,0.9479974160206718,0.9595952767261582,0.011597860705486407,0.00330211765367044,1032
HNRNPC:K562,gc,cnn,logit,within_fold,0.9479974160206718,0.9626149269875608,0.014617510966889014,0.003617543432756991,1032
HNRNPC:K562,gc,splicebert,probability,within_fold,0.9479974160206718,0.963982032329788,0.015984616309116184,0.0036063727743183035,1032
HNRNPC:K562,gc,splicebert,logit,within_fold,0.9479974160206718,0.9670317288624481,0.01903431284177637,0.004381370323181709,1032
HNRNPC:K562,dn,kmer,native,whole_dataset,0.6683041884502133,0.7197321374917373,0.05142794904152381,0.012136810998965906,1032
HNRNPC:K562,dn,cnn,probability,whole_dataset,0.6683041884502133,0.7626569917673217,0.09435280331710827,0.015289858022235443,1032
HNRNPC:K562,dn,cnn,logit,whole_dataset,0.6683041884502133,0.7610795625262904,0.09277537407607694,0.01534577318834929,1032
HNRNPC:K562,dn,splicebert,probability,whole_dataset,0.6683041884502133,0.8071968331230095,0.13889264467279605,0.01605828561598953,1032
HNRNPC:K562,dn,splicebert,logit,whole_dataset,0.6683041884502133,0.8051161288384111,0.13681194038819766,0.015862286087151272,1032
HNRNPC:K562,dn,kmer,native,within_fold,0.6681314223904814,0.7196870680848506,0.05155564569436921,0.012138297106454452,1032
HNRNPC:K562,dn,cnn,probability,within_fold,0.6681314223904814,0.762559341385734,0.0944279189952526,0.015294819894691503,1032
HNRNPC:K562,dn,cnn,logit,within_fold,0.6681314223904814,0.7611546782044349,0.09302325581395354,0.01534075337904785,1032
HNRNPC:K562,dn,splicebert,probability,within_fold,0.6681314223904814,0.8071179616609578,0.13898653927047644,0.01606381304702636,1032
HNRNPC:K562,dn,splicebert,logit,within_fold,0.6681314223904814,0.8049884321855657,0.1368570097950843,0.015883406948420577,1032
HNRNPC:K562,neg2,kmer,native,whole_dataset,0.9536648939366623,0.9625773691484886,0.008912475211826032,0.003031162480831528,1032
HNRNPC:K562,neg2,cnn,probability,whole_dataset,0.9536648939366623,0.9579164413196323,0.004251547382969734,0.0027008903614447887,1032
HNRNPC:K562,neg2,cnn,logit,whole_dataset,0.9536648939366623,0.9568798449612403,0.0032149510245778057,0.0026761056703416804,1032
HNRNPC:K562,neg2,splicebert,probability,whole_dataset,0.9536648939366623,0.971042906075356,0.0173780121386935,0.0039685872337408695,1032
HNRNPC:K562,neg2,splicebert,logit,whole_dataset,0.9536648939366623,0.9750015023135629,0.021336608376900323,0.004309269290398705,1032
HNRNPC:K562,neg2,kmer,native,within_fold,0.9536423592332192,0.9625736133645815,0.008931254131362198,0.0030305234563334283,1032
HNRNPC:K562,neg2,cnn,probability,within_fold,0.9536423592332192,0.9579502433747973,0.004307884141578011,0.002705411667727406,1032
HNRNPC:K562,neg2,cnn,logit,within_fold,0.9536423592332192,0.9569286701520342,0.0032863109188149275,0.0026755260468801787,1032
HNRNPC:K562,neg2,splicebert,probability,within_fold,0.9536423592332192,0.9710917312661499,0.01744937203293062,0.0039707431975216844,1032
HNRNPC:K562,neg2,splicebert,logit,within_fold,0.9536423592332192,0.9748738056607175,0.02123144642749819,0.004344409582359047,1032
HNRNPL:K562,gc,kmer,native,whole_dataset,0.8732692333891269,0.8932302444565438,0.01996101106741688,0.0015353882304509282,11672
HNRNPL:K562,gc,cnn,probability,whole_dataset,0.8732692333891269,0.9002392209072191,0.02696998751809221,0.0016694026047036265,11672
HNRNPL:K562,gc,cnn,logit,whole_dataset,0.8732692333891269,0.9010899237603003,0.027820690371173407,0.0018637375590425354,11672
HNRNPL:K562,gc,splicebert,probability,whole_dataset,0.8732692333891269,0.916521956554317,0.04325272316519013,0.0019933986719979538,11672
HNRNPL:K562,gc,splicebert,logit,whole_dataset,0.8732692333891269,0.9190570357888289,0.04578780239970204,0.002216450798327769,11672
HNRNPL:K562,gc,kmer,native,within_fold,0.8732744889910701,0.8932403152468595,0.019965826255789465,0.001536882534499173,11672
HNRNPL:K562,gc,cnn,probability,within_fold,0.8732744889910701,0.9002262433873371,0.02695175439626707,0.001668479543422015,11672
HNRNPL:K562,gc,cnn,logit,within_fold,0.8732744889910701,0.9011006992123292,0.027826210221259084,0.0018628327153184187,11672
HNRNPL:K562,gc,splicebert,probability,within_fold,0.8732744889910701,0.9165524038125016,0.04327791482143151,0.0019930274040456616,11672
HNRNPL:K562,gc,splicebert,logit,within_fold,0.8732744889910701,0.9190321083807296,0.0457576193896595,0.002215357768749684,11672
HNRNPL:K562,dn,kmer,native,whole_dataset,0.726961408097204,0.7752417784762621,0.04828037037905819,0.0031222020444866905,11680
HNRNPL:K562,dn,cnn,probability,whole_dataset,0.726961408097204,0.7815473998404955,0.054585991743291595,0.0033239602547669228,11680
HNRNPL:K562,dn,cnn,logit,whole_dataset,0.726961408097204,0.7829178199474573,0.05595641185025346,0.0034315951008602177,11680
HNRNPL:K562,dn,splicebert,probability,whole_dataset,0.726961408097204,0.820391489960593,0.09343008186338908,0.003810080513130021,11680
HNRNPL:K562,dn,splicebert,logit,whole_dataset,0.726961408097204,0.8209869053762432,0.0940254972790393,0.00375882650532264,11680
HNRNPL:K562,dn,kmer,native,within_fold,0.72680339885532,0.7751853361324826,0.04838193727716267,0.0031221644310452817,11680
HNRNPL:K562,dn,cnn,probability,within_fold,0.72680339885532,0.7815767498592607,0.05477335100394076,0.0033229604079671195,11680
HNRNPL:K562,dn,cnn,logit,within_fold,0.72680339885532,0.7829162366297617,0.05611283777444176,0.0034308019687202228,11680
HNRNPL:K562,dn,splicebert,probability,within_fold,0.72680339885532,0.8203972661381123,0.09359386728279229,0.0038105275500684393,11680
HNRNPL:K562,dn,splicebert,logit,within_fold,0.72680339885532,0.8210244651904673,0.09422106633514737,0.0037599844633154906,11680
HNRNPL:K562,neg2,kmer,native,whole_dataset,0.9005353549921289,0.9212064889008732,0.0206711339087442,0.0014332543043952474,11672
HNRNPL:K562,neg2,cnn,probability,whole_dataset,0.9005353549921289,0.9095238729992894,0.008988518007160384,0.0009793872117037196,11672
HNRNPL:K562,neg2,cnn,logit,whole_dataset,0.9005353549921289,0.9108384194249868,0.010303064432857778,0.001236001111838925,11672
HNRNPL:K562,neg2,splicebert,probability,whole_dataset,0.9005353549921289,0.9445909814575315,0.04405562646540251,0.00189343473438359,11672
HNRNPL:K562,neg2,splicebert,logit,whole_dataset,0.9005353549921289,0.9471231246015727,0.04658776960944366,0.0020195366860160414,11672
HNRNPL:K562,neg2,kmer,native,within_fold,0.900525108036385,0.9211847618313875,0.020659653795002675,0.0014341960089314198,11672
HNRNPL:K562,neg2,cnn,probability,within_fold,0.900525108036385,0.9095278073605205,0.009002699324135666,0.000979841233887712,11672
HNRNPL:K562,neg2,cnn,logit,within_fold,0.900525108036385,0.9108484314934929,0.010323323457108069,0.0012371272605134261,11672
HNRNPL:K562,neg2,splicebert,probability,within_fold,0.900525108036385,0.9445892785250584,0.044064170488673504,0.0018947736031584249,11672
HNRNPL:K562,neg2,splicebert,logit,within_fold,0.900525108036385,0.9471044217052719,0.04657931366888701,0.0020186790332411683,11672
HNRNPM:HepG2,gc,kmer,native,whole_dataset,0.933878872922699,0.9466254463364497,0.01274657341375085,0.0006864973955951326,26790
HNRNPM:HepG2,gc,cnn,probability,whole_dataset,0.933878872922699,0.9510929810767419,0.017214108154043006,0.0007478829322433206,26790
HNRNPM:HepG2,gc,cnn,logit,whole_dataset,0.933878872922699,0.9532827916128666,0.019403918690167665,0.0008612122808764877,26790
HNRNPM:HepG2,gc,splicebert,probability,whole_dataset,0.933878872922699,0.9666311562104772,0.03275228328777835,0.00105551274671451,26790
HNRNPM:HepG2,gc,splicebert,logit,whole_dataset,0.933878872922699,0.9684094099504239,0.03453053702772502,0.001128049883492929,26790
HNRNPM:HepG2,gc,kmer,native,within_fold,0.9338739182345481,0.9466228826057981,0.012748964371249838,0.0006861786593807935,26790
HNRNPM:HepG2,gc,cnn,probability,within_fold,0.9338739182345481,0.9510919890244462,0.01721807078989801,0.0007475713366569629,26790
HNRNPM:HepG2,gc,cnn,logit,within_fold,0.9338739182345481,0.9532804452419875,0.019406527007439278,0.0008619612527893198,26790
HNRNPM:HepG2,gc,splicebert,probability,within_fold,0.9338739182345481,0.9666258838426587,0.032751965608110445,0.0010550422548702427,26790
HNRNPM:HepG2,gc,splicebert,logit,within_fold,0.9338739182345481,0.9684016630251937,0.034527744790645465,0.0011281296896920945,26790
HNRNPM:HepG2,dn,kmer,native,whole_dataset,0.7025364218523228,0.7705110014390354,0.0679745795867126,0.002441634178402837,26846
HNRNPM:HepG2,dn,cnn,probability,whole_dataset,0.7025364218523228,0.8284910716843221,0.12595464983199933,0.0028563304519816698,26846
HNRNPM:HepG2,dn,cnn,logit,whole_dataset,0.7025364218523228,0.8296006588057676,0.12706423695344482,0.0028944927530410508,26846
HNRNPM:HepG2,dn,splicebert,probability,whole_dataset,0.7025364218523228,0.8770518283170426,0.17451540646471986,0.0030176999551912304,26846
HNRNPM:HepG2,dn,splicebert,logit,whole_dataset,0.7025364218523228,0.8795403267196323,0.17700390486730955,0.003030772650779148,26846
HNRNPM:HepG2,dn,kmer,native,within_fold,0.7024966387344742,0.7705245547835927,0.06802791604911862,0.002441074819854083,26846
HNRNPM:HepG2,dn,cnn,probability,within_fold,0.7024966387344742,0.8284607903379239,0.12596415160344976,0.0028582599179797093,26846
HNRNPM:HepG2,dn,cnn,logit,within_fold,0.7024966387344742,0.829594037536293,0.12709739880181892,0.0028949823888525113,26846
HNRNPM:HepG2,dn,splicebert,probability,within_fold,0.7024966387344742,0.8770268639665848,0.1745302252321107,0.003016732313170122,26846
HNRNPM:HepG2,dn,splicebert,logit,within_fold,0.7024966387344742,0.8795424635081887,0.17704582477371456,0.0030304608762144647,26846
HNRNPM:HepG2,neg2,kmer,native,whole_dataset,0.9224347025466345,0.9365009841799705,0.014066281633336009,0.0007418637810686864,26790
HNRNPM:HepG2,neg2,cnn,probability,whole_dataset,0.9224347025466345,0.9399707093773046,0.017536006830670137,0.0008037032472947524,26790
HNRNPM:HepG2,neg2,cnn,logit,whole_dataset,0.9224347025466345,0.9417925632583122,0.019357860711677666,0.0009043050327374326,26790
HNRNPM:HepG2,neg2,splicebert,probability,whole_dataset,0.9224347025466345,0.9661432392541717,0.04370853670753716,0.0011851380734233757,26790
HNRNPM:HepG2,neg2,splicebert,logit,whole_dataset,0.9224347025466345,0.9683253864649791,0.04589068391834461,0.0012612223040221358,26790
HNRNPM:HepG2,neg2,kmer,native,within_fold,0.9224371046507885,0.9365031354843868,0.014066030833598142,0.0007420455363430087,26790
HNRNPM:HepG2,neg2,cnn,probability,within_fold,0.9224371046507885,0.9399458411899835,0.017508736539194825,0.000804181989964451,26790
HNRNPM:HepG2,neg2,cnn,logit,within_fold,0.9224371046507885,0.9418076948424845,0.019370590191695847,0.0009028849043940896,26790
HNRNPM:HepG2,neg2,splicebert,probability,within_fold,0.9224371046507885,0.9661449558390427,0.04370785118825404,0.0011851392686935338,26790
HNRNPM:HepG2,neg2,splicebert,logit,within_fold,0.9224371046507885,0.968319874444078,0.04588276979328931,0.0012612927365375237,26790
HNRNPUL1:HepG2,gc,kmer,native,whole_dataset,0.804449337357547,0.8092028231693948,0.0047534858118478684,0.0038825675089839253,926
HNRNPUL1:HepG2,gc,cnn,probability,whole_dataset,0.804449337357547,0.8227682174194964,0.018318880061949372,0.005910582279166453,926
HNRNPUL1:HepG2,gc,cnn,logit,whole_dataset,0.804449337357547,0.8249606986084741,0.020511361250927118,0.006398091953521655,926
HNRNPUL1:HepG2,gc,splicebert,probability,whole_dataset,0.804449337357547,0.8300687132934333,0.025619375935886368,0.007331879349658698,926
HNRNPUL1:HepG2,gc,splicebert,logit,whole_dataset,0.804449337357547,0.8441145874636725,0.03966525010612554,0.007956643387368064,926
HNRNPUL1:HepG2,gc,kmer,native,within_fold,0.8043980239680177,0.8092121528765819,0.00481412890856403,0.0038905096045003668,926
HNRNPUL1:HepG2,gc,cnn,probability,within_fold,0.8043980239680177,0.8228475199305869,0.018449495962569062,0.005901810404617983,926
HNRNPUL1:HepG2,gc,cnn,logit,within_fold,0.8043980239680177,0.8249327094869127,0.020534685518894813,0.006393195385814755,926
HNRNPUL1:HepG2,gc,splicebert,probability,within_fold,0.8043980239680177,0.8301246915365561,0.025726667568538253,0.007329131129081908,926
HNRNPUL1:HepG2,gc,splicebert,logit,within_fold,0.8043980239680177,0.8441052577564853,0.03970723378846741,0.007954777348707908,926
HNRNPUL1:HepG2,dn,kmer,native,whole_dataset,0.5906120895597669,0.5926571262191124,0.0020450366593454117,0.006871450089016879,934
HNRNPUL1:HepG2,dn,cnn,probability,whole_dataset,0.5906120895597669,0.6337045884936884,0.04309249893392142,0.014415758738238962,934
HNRNPUL1:HepG2,dn,cnn,logit,whole_dataset,0.5906120895597669,0.6349792974427871,0.04436720788302018,0.014365138936648224,934
HNRNPUL1:HepG2,dn,splicebert,probability,whole_dataset,0.5906120895597669,0.6680116833036054,0.07739959374383842,0.016110541746928306,934
HNRNPUL1:HepG2,dn,splicebert,logit,whole_dataset,0.5906120895597669,0.6895533474865765,0.09894125792680952,0.017481269145257522,934
HNRNPUL1:HepG2,dn,kmer,native,within_fold,0.5906533571156729,0.592808440590768,0.0021550834750950765,0.006868152792543732,934
HNRNPUL1:HepG2,dn,cnn,probability,within_fold,0.5906533571156729,0.6337229296296466,0.0430695725139737,0.01441166890116591,934
HNRNPUL1:HepG2,dn,cnn,logit,within_fold,0.5906533571156729,0.635066417838589,0.044413060722916065,0.01435009460494964,934
HNRNPUL1:HepG2,dn,splicebert,probability,within_fold,0.5906533571156729,0.6679474893277516,0.0772941322120787,0.016113193251695183,934
HNRNPUL1:HepG2,dn,splicebert,logit,within_fold,0.5906533571156729,0.6894203742508792,0.0987670171352063,0.017482876359048927,934
HNRNPUL1:HepG2,neg2,kmer,native,whole_dataset,0.7895218058581231,0.7932583535865727,0.0037365477284496684,0.0038972667969059027,926
HNRNPUL1:HepG2,neg2,cnn,probability,whole_dataset,0.7895218058581231,0.776950025423452,-0.012571780434670998,0.0041957694609660945,926
HNRNPUL1:HepG2,neg2,cnn,logit,whole_dataset,0.7895218058581231,0.7771506141279755,-0.012371191730147557,0.004065257866485623,926
HNRNPUL1:HepG2,neg2,splicebert,probability,whole_dataset,0.7895218058581231,0.7946438151038631,0.005122009245740022,0.006831815779412226,926
HNRNPUL1:HepG2,neg2,splicebert,logit,whole_dataset,0.7895218058581231,0.7962158707648961,0.006694064906773045,0.0078773837389854,926
HNRNPUL1:HepG2,neg2,kmer,native,within_fold,0.7895404652724974,0.7931650565147012,0.003624591242203712,0.003907207743974004,926
HNRNPUL1:HepG2,neg2,cnn,probability,within_fold,0.7895404652724974,0.7766421450862765,-0.012898320186220946,0.004246541821888638,926
HNRNPUL1:HepG2,neg2,cnn,logit,within_fold,0.7895404652724974,0.7767167827437736,-0.01282368252872379,0.004155996300225575,926
HNRNPUL1:HepG2,neg2,splicebert,probability,within_fold,0.7895404652724974,0.7945411883248045,0.005000723052307032,0.006841732421300698,926
HNRNPUL1:HepG2,neg2,splicebert,logit,within_fold,0.7895404652724974,0.7957773745271005,0.0062369092546030735,0.007932747992559636,926
IGF2BP1:K562,gc,kmer,native,whole_dataset,0.68599305568609,0.7267963977139442,0.04080334202785407,0.0033379813207723577,11412
IGF2BP1:K562,gc,cnn,probability,whole_dataset,0.68599305568609,0.7461397408647026,0.060146685178612436,0.0038914936469466544,11412
IGF2BP1:K562,gc,cnn,logit,whole_dataset,0.68599305568609,0.7464815263239303,0.06048847063784013,0.003954930591988472,11412
IGF2BP1:K562,gc,splicebert,probability,whole_dataset,0.68599305568609,0.8248659732918375,0.13887291760574738,0.004614378824701986,11412
IGF2BP1:K562,gc,splicebert,logit,whole_dataset,0.68599305568609,0.8261263225297432,0.14013326684365301,0.004661515284589658,11412
IGF2BP1:K562,gc,kmer,native,within_fold,0.6859112642880021,0.7267812864229719,0.04087002213496993,0.0033414076649558953,11412
IGF2BP1:K562,gc,cnn,probability,within_fold,0.6859112642880021,0.7461339359175606,0.06022267162955863,0.0038907684960716336,11412
IGF2BP1:K562,gc,cnn,logit,within_fold,0.6859112642880021,0.7464871777010419,0.06057591341303992,0.003953511430268312,11412
IGF2BP1:K562,gc,splicebert,probability,within_fold,0.6859112642880021,0.8249103243165611,0.1389990600285591,0.0046141812706911485,11412
IGF2BP1:K562,gc,splicebert,logit,within_fold,0.6859112642880021,0.8261487437541533,0.14023747946615128,0.004661434215884417,11412
IGF2BP1:K562,dn,kmer,native,whole_dataset,0.5682339286813409,0.6326817111239618,0.06444778244262095,0.005312563518403097,11412
IGF2BP1:K562,dn,cnn,probability,whole_dataset,0.5682339286813409,0.6528488960587665,0.08461496737742569,0.00571916438396701,11412
IGF2BP1:K562,dn,cnn,logit,whole_dataset,0.5682339286813409,0.6531098115400875,0.0848758828587467,0.005719519096040735,11412
IGF2BP1:K562,dn,splicebert,probability,whole_dataset,0.5682339286813409,0.7617364052745039,0.1935024765931631,0.006094091243054944,11412
IGF2BP1:K562,dn,splicebert,logit,whole_dataset,0.5682339286813409,0.7621708241759524,0.19393689549461157,0.0060813820945743785,11412
IGF2BP1:K562,dn,kmer,native,within_fold,0.5681272896523654,0.6326754761807355,0.06454818652837013,0.005318357501013181,11412
IGF2BP1:K562,dn,cnn,probability,within_fold,0.5681272896523654,0.6528910971030674,0.084763807450702,0.005715888192622851,11412
IGF2BP1:K562,dn,cnn,logit,within_fold,0.5681272896523654,0.6531210528662986,0.08499376321393326,0.005720405502376352,11412
IGF2BP1:K562,dn,splicebert,probability,within_fold,0.5681272896523654,0.7617316446035677,0.19360435495120232,0.006093202915042105,11412
IGF2BP1:K562,dn,splicebert,logit,within_fold,0.5681272896523654,0.7621738648625506,0.1940465752101852,0.006080616668796122,11412
IGF2BP1:K562,neg2,kmer,native,whole_dataset,0.8133613359069212,0.8362570302824129,0.02289569437549166,0.0022019615029210647,11412
IGF2BP1:K562,neg2,cnn,probability,whole_dataset,0.8133613359069212,0.8473921474606457,0.03403081155372445,0.0025163662173417088,11412
IGF2BP1:K562,neg2,cnn,logit,whole_dataset,0.8133613359069212,0.8472962276197787,0.03393489171285746,0.002600828163086318,11412
IGF2BP1:K562,neg2,splicebert,probability,whole_dataset,0.8133613359069212,0.8875896250053289,0.07422828909840762,0.002991936524046879,11412
IGF2BP1:K562,neg2,splicebert,logit,whole_dataset,0.8133613359069212,0.8881446885225076,0.07478335261558633,0.003138732513756871,11412
IGF2BP1:K562,neg2,kmer,native,within_fold,0.8132892501347424,0.8362598866849748,0.02297063655023246,0.0022026705844309644,11412
IGF2BP1:K562,neg2,cnn,probability,within_fold,0.8132892501347424,0.847429342121962,0.03414009198721968,0.0025163757995343324,11412
IGF2BP1:K562,neg2,cnn,logit,within_fold,0.8132892501347424,0.8472865219938697,0.033997271859127376,0.0026002251399969596,11412
IGF2BP1:K562,neg2,splicebert,probability,within_fold,0.8132892501347424,0.8875820386458367,0.07429278851109444,0.0029914983330181113,11412
IGF2BP1:K562,neg2,splicebert,logit,within_fold,0.8132892501347424,0.8881413714098552,0.07485212127511287,0.003137583960288641,11412
KHSRP:HepG2,gc,kmer,native,whole_dataset,0.8599891672405877,0.8886193612258952,0.02863019398530764,0.001965620591113574,10560
KHSRP:HepG2,gc,cnn,probability,whole_dataset,0.8599891672405877,0.8842585657713499,0.024269398530762265,0.0018744358033225775,10560
KHSRP:HepG2,gc,cnn,logit,whole_dataset,0.8599891672405877,0.8857557463842977,0.025766579143710056,0.0020526204683560304,10560
KHSRP:HepG2,gc,splicebert,probability,whole_dataset,0.8599891672405877,0.9167023573806244,0.05671319014003684,0.002440348848698203,10560
KHSRP:HepG2,gc,splicebert,logit,whole_dataset,0.8599891672405877,0.9198120767332415,0.0598229094926539,0.0026170291163750887,10560
KHSRP:HepG2,gc,kmer,native,within_fold,0.860017863292011,0.888602107724977,0.028584244432965922,0.0019662964329939065,10560
KHSRP:HepG2,gc,cnn,probability,within_fold,0.860017863292011,0.8842677126377412,0.024249849345730046,0.0018748365526737004,10560
KHSRP:HepG2,gc,cnn,logit,within_fold,0.860017863292011,0.8857418646694215,0.025724001377410377,0.002052679560108237,10560
KHSRP:HepG2,gc,splicebert,probability,within_fold,0.860017863292011,0.9167022139003673,0.05668435060835619,0.0024397148478988826,10560
KHSRP:HepG2,gc,splicebert,logit,within_fold,0.860017863292011,0.9198261736685032,0.059808310376492035,0.0026167191666454266,10560
KHSRP:HepG2,dn,kmer,native,whole_dataset,0.6446005849603273,0.7357893559412847,0.09118877098095735,0.004822945241599519,10578
KHSRP:HepG2,dn,cnn,probability,whole_dataset,0.6446005849603273,0.7321167042218246,0.08751611926149727,0.005112624077881924,10578
KHSRP:HepG2,dn,cnn,logit,whole_dataset,0.6446005849603273,0.7330720004821704,0.08847141552184301,0.005127031965545572,10578
KHSRP:HepG2,dn,splicebert,probability,whole_dataset,0.6446005849603273,0.7924682774113421,0.14786769245101472,0.00536687154021317,10578
KHSRP:HepG2,dn,splicebert,logit,whole_dataset,0.6446005849603273,0.7955376800796724,0.15093709511934505,0.005365110771302015,10578
KHSRP:HepG2,dn,kmer,native,within_fold,0.6446435184187217,0.7358150945674662,0.09117157614874438,0.004821743433945309,10578
KHSRP:HepG2,dn,cnn,probability,within_fold,0.6446435184187217,0.732126248962367,0.08748273054364519,0.005110974467971531,10578
KHSRP:HepG2,dn,cnn,logit,within_fold,0.6446435184187217,0.7330728226882844,0.08842930426956264,0.005125844104310248,10578
KHSRP:HepG2,dn,splicebert,probability,within_fold,0.6446435184187217,0.7924495454111764,0.1478060269924546,0.005366173525313519,10578
KHSRP:HepG2,dn,splicebert,logit,within_fold,0.6446435184187217,0.7955400394537392,0.15089652103501738,0.005365905297981678,10578
KHSRP:HepG2,neg2,kmer,native,whole_dataset,0.9313630265725437,0.9442337078168044,0.012870681244260718,0.0010637617857883743,10560
KHSRP:HepG2,neg2,cnn,probability,whole_dataset,0.9313630265725437,0.9389002596992655,0.007537233126721832,0.0007599877885742797,10560
KHSRP:HepG2,neg2,cnn,logit,whole_dataset,0.9313630265725437,0.9404556574265381,0.009092630853994477,0.0010003151922563884,10560
KHSRP:HepG2,neg2,splicebert,probability,whole_dataset,0.9313630265725437,0.9528729051882461,0.021509878615702416,0.0013448552996582583,10560
KHSRP:HepG2,neg2,splicebert,logit,whole_dataset,0.9313630265725437,0.9567970902203857,0.025434063647842065,0.0015393463786297049,10560
KHSRP:HepG2,neg2,kmer,native,within_fold,0.9313389577594123,0.944229295798898,0.012890338039485694,0.0010642403991892365,10560
KHSRP:HepG2,neg2,cnn,probability,within_fold,0.9313389577594123,0.9389246513429751,0.007585693583562758,0.0007599603747447768,10560
KHSRP:HepG2,neg2,cnn,logit,within_fold,0.9313389577594123,0.9404717272153351,0.009132769455922785,0.0009990811428716936,10560
KHSRP:HepG2,neg2,splicebert,probability,within_fold,0.9313389577594123,0.9528746628213958,0.021535705061983434,0.001345742364804784,10560
KHSRP:HepG2,neg2,splicebert,logit,within_fold,0.9313389577594123,0.9568135545798897,0.02547459682047737,0.0015394742754274847,10560
KHSRP:K562,gc,kmer,native,whole_dataset,0.8967359254364908,0.9167757099412523,0.020039784504761515,0.0007081084818807457,46396
KHSRP:K562,gc,cnn,probability,whole_dataset,0.8967359254364908,0.9167393035456521,0.020003378109161307,0.0006890619766452995,46396
KHSRP:K562,gc,cnn,logit,whole_dataset,0.8967359254364908,0.9177686687377086,0.021032743301217738,0.0007619855017582005,46396
KHSRP:K562,gc,splicebert,probability,whole_dataset,0.8967359254364908,0.936837780169903,0.04010185473341221,0.000938657938427976,46396
KHSRP:K562,gc,splicebert,logit,whole_dataset,0.8967359254364908,0.9376487627351865,0.04091283729869566,0.0009924127716716363,46396
KHSRP:K562,gc,kmer,native,within_fold,0.896736033213693,0.9167786719560844,0.02004263874239154,0.0007075606997606688,46396
KHSRP:K562,gc,cnn,probability,within_fold,0.896736033213693,0.9167403515860318,0.02000431837233896,0.0006894284963422836,46396
KHSRP:K562,gc,cnn,logit,within_fold,0.896736033213693,0.9177779728834193,0.02104193966972645,0.0007620351523012865,46396
KHSRP:K562,gc,splicebert,probability,within_fold,0.896736033213693,0.9368402720531462,0.040104238839453354,0.0009385285921920569,46396
KHSRP:K562,gc,splicebert,logit,within_fold,0.896736033213693,0.9376403393893689,0.040904306175675975,0.0009928050367591832,46396
KHSRP:K562,dn,kmer,native,whole_dataset,0.6854298355518864,0.7550431939484789,0.06961335839659244,0.001994891275715068,46384
KHSRP:K562,dn,cnn,probability,whole_dataset,0.6854298355518864,0.7729099857321357,0.08748015018024924,0.0020992380888195435,46384
KHSRP:K562,dn,cnn,logit,whole_dataset,0.6854298355518864,0.7733660615833676,0.08793622603148121,0.0021123181039863015,46384
KHSRP:K562,dn,splicebert,probability,whole_dataset,0.6854298355518864,0.8145740984925278,0.1291442629406414,0.0023084132632813837,46384
KHSRP:K562,dn,splicebert,logit,whole_dataset,0.6854298355518864,0.8156785331228988,0.13024869757101243,0.002262322734916913,46384
KHSRP:K562,dn,kmer,native,within_fold,0.6854506454569567,0.7550456480782647,0.06959500262130802,0.001995032217526244,46384
KHSRP:K562,dn,cnn,probability,within_fold,0.6854506454569567,0.7729064309623246,0.08745578550536792,0.0020990426594020262,46384
KHSRP:K562,dn,cnn,logit,within_fold,0.6854506454569567,0.773306509893088,0.08785586443613136,0.002113242649187469,46384
KHSRP:K562,dn,splicebert,probability,within_fold,0.6854506454569567,0.8146082387843889,0.12915759332743226,0.002308592590968891,46384
KHSRP:K562,dn,splicebert,logit,within_fold,0.6854506454569567,0.8156992351949935,0.13024858973803688,0.00226241629932973,46384
KHSRP:K562,neg2,kmer,native,whole_dataset,0.9732777836749663,0.9809986952937881,0.007720911618821713,0.0003722769389336687,46396
KHSRP:K562,neg2,cnn,probability,whole_dataset,0.9732777836749663,0.9808851315708034,0.007607347895836947,0.0003280159263072409,46396
KHSRP:K562,neg2,cnn,logit,whole_dataset,0.9732777836749663,0.9818604409212911,0.008582657246324676,0.00040355407488633696,46396
KHSRP:K562,neg2,splicebert,probability,whole_dataset,0.9732777836749663,0.9863880831386798,0.013110299463713337,0.00043832027380444924,46396
KHSRP:K562,neg2,splicebert,logit,whole_dataset,0.9732777836749663,0.9874991434499769,0.01422135977501049,0.0004925453409402085,46396
KHSRP:K562,neg2,kmer,native,within_fold,0.97327456708295,0.9809858828143239,0.007711315731373847,0.00037292355632274665,46396
KHSRP:K562,neg2,cnn,probability,within_fold,0.97327456708295,0.980888390902055,0.007613823819105026,0.0003280203118073352,46396
KHSRP:K562,neg2,cnn,logit,within_fold,0.97327456708295,0.9818763938054391,0.008601826722489103,0.00040320299454694406,46396
KHSRP:K562,neg2,splicebert,probability,within_fold,0.97327456708295,0.9863875182374819,0.013112951154531927,0.0004383866119286399,46396
KHSRP:K562,neg2,splicebert,logit,within_fold,0.97327456708295,0.987496190726283,0.014221623643333015,0.0004926569483527488,46396
LARP4:HepG2,gc,kmer,native,whole_dataset,0.6499371955332589,0.6829824548687643,0.03304525933550562,0.0034661854035979854,10842
LARP4:HepG2,gc,cnn,probability,whole_dataset,0.6499371955332589,0.6818572386567354,0.03192004312347674,0.0035021516683611796,10842
LARP4:HepG2,gc,cnn,logit,whole_dataset,0.6499371955332589,0.6819405401139902,0.03200334458073151,0.003476014977256279,10842
LARP4:HepG2,gc,splicebert,probability,whole_dataset,0.6499371955332589,0.8091206656657561,0.15918347013249745,0.0050963718388808334,10842
LARP4:HepG2,gc,splicebert,logit,whole_dataset,0.6499371955332589,0.8106427207644298,0.1607055252311711,0.00502828352417356,10842
LARP4:HepG2,gc,kmer,native,within_fold,0.6499140902679499,0.6830029399493474,0.03308884968139736,0.003469301489085855,10842
LARP4:HepG2,gc,cnn,probability,within_fold,0.6499140902679499,0.6818467919462055,0.03193270167825546,0.0035003826795656245,10842
LARP4:HepG2,gc,cnn,logit,within_fold,0.6499140902679499,0.6819327476165592,0.0320186573486092,0.0034768083942256457,10842
LARP4:HepG2,gc,splicebert,probability,within_fold,0.6499140902679499,0.8091225031979015,0.15920841292995147,0.005096711681199235,10842
LARP4:HepG2,gc,splicebert,logit,within_fold,0.6499140902679499,0.8106417679699839,0.1607276777020339,0.0050285481571295705,10842
LARP4:HepG2,dn,kmer,native,whole_dataset,0.5630388788561432,0.6271867166093716,0.06414783775322841,0.005514416759974921,10858
LARP4:HepG2,dn,cnn,probability,whole_dataset,0.5630388788561432,0.6160238088832135,0.052984930027070276,0.005498818749788889,10858
LARP4:HepG2,dn,cnn,logit,whole_dataset,0.5630388788561432,0.6164177487572878,0.0533788699011446,0.005496532649723724,10858
LARP4:HepG2,dn,splicebert,probability,whole_dataset,0.5630388788561432,0.7728043467130957,0.2097654678569525,0.006273263294795781,10858
LARP4:HepG2,dn,splicebert,logit,whole_dataset,0.5630388788561432,0.7748575432869894,0.21181866443084618,0.006209515882484273,10858
LARP4:HepG2,dn,kmer,native,within_fold,0.5629266445004946,0.6271715167933709,0.06424487229287634,0.005515777721882698,10858
LARP4:HepG2,dn,cnn,probability,within_fold,0.5629266445004946,0.6160170571792312,0.0530904126787366,0.005494827978122818,10858
LARP4:HepG2,dn,cnn,logit,within_fold,0.5629266445004946,0.6161348896813978,0.05320824518090328,0.005498164158755834,10858
LARP4:HepG2,dn,splicebert,probability,within_fold,0.5629266445004946,0.7727799184373801,0.20985327393688558,0.006271339540198404,10858
LARP4:HepG2,dn,splicebert,logit,within_fold,0.5629266445004946,0.7748618860915611,0.21193524159106658,0.006208851104322326,10858
LARP4:HepG2,neg2,kmer,native,whole_dataset,0.6940868317648465,0.6997011390079115,0.005614307243064998,0.0016333818918244738,10842
LARP4:HepG2,neg2,cnn,probability,whole_dataset,0.6940868317648465,0.695246620803906,0.0011597890390594445,0.0016202605651266153,10842
LARP4:HepG2,neg2,cnn,logit,whole_dataset,0.6940868317648465,0.6949890940765756,0.000902262311729074,0.0016429287160058862,10842
LARP4:HepG2,neg2,splicebert,probability,whole_dataset,0.6940868317648465,0.7764864350484619,0.0823996032836154,0.004158269258142046,10842
LARP4:HepG2,neg2,splicebert,logit,whole_dataset,0.6940868317648465,0.7769177446770181,0.0828309129121716,0.004214575933988122,10842
LARP4:HepG2,neg2,kmer,native,within_fold,0.6941247393724371,0.6997178469390849,0.00559310756664777,0.0016331105956037721,10842
LARP4:HepG2,neg2,cnn,probability,within_fold,0.6941247393724371,0.6952396109590554,0.0011148715866182712,0.001624630326799314,10842
LARP4:HepG2,neg2,cnn,logit,within_fold,0.6941247393724371,0.6949776945716,0.0008529551991628415,0.0016426865053816777,10842
LARP4:HepG2,neg2,splicebert,probability,within_fold,0.6941247393724371,0.7765082132072215,0.0823834738347844,0.0041565548032668565,10842
LARP4:HepG2,neg2,splicebert,logit,within_fold,0.6941247393724371,0.7768774891116862,0.08275274973924907,0.004213609809365643,10842
LARP4:K562,gc,kmer,native,whole_dataset,0.7424391563007031,0.7448296376419685,0.0023904813412654047,0.0034562441118386722,860
LARP4:K562,gc,cnn,probability,whole_dataset,0.7424391563007031,0.7397187669010276,-0.00272038939967556,0.0013335078599890676,860
LARP4:K562,gc,cnn,logit,whole_dataset,0.7424391563007031,0.7409085992428339,-0.0015305570578691974,0.0007370559204055768,860
LARP4:K562,gc,splicebert,probability,whole_dataset,0.7424391563007031,0.799588967009194,0.0571498107084909,0.013153007979114336,860
LARP4:K562,gc,splicebert,logit,whole_dataset,0.7424391563007031,0.7979718766901027,0.055532720389399604,0.012878342530779425,860
LARP4:K562,gc,kmer,native,within_fold,0.7423093564088696,0.7448729042725798,0.0025635478637101583,0.0034548767099863483,860
LARP4:K562,gc,cnn,probability,within_fold,0.7423093564088696,0.7397458085451596,-0.0025635478637100473,0.001341877755353892,860
LARP4:K562,gc,cnn,logit,within_fold,0.7423093564088696,0.7409572742022715,-0.0013520822065981042,0.0007438624204601534,860
LARP4:K562,gc,splicebert,probability,within_fold,0.7423093564088696,0.7995186587344512,0.057209302325581524,0.013168722218693201,860
LARP4:K562,gc,splicebert,logit,within_fold,0.7423093564088696,0.7977988101676583,0.055489453758788665,0.01290982044117933,860
LARP4:K562,dn,kmer,native,whole_dataset,0.601087074094105,0.6105949161709032,0.009507842076798334,0.008783724693740025,860
LARP4:K562,dn,cnn,probability,whole_dataset,0.601087074094105,0.6028718226068145,0.0017847485127095997,0.0040382439580550775,860
LARP4:K562,dn,cnn,logit,whole_dataset,0.601087074094105,0.6027961060032451,0.0017090319091401796,0.004041277791887301,860
LARP4:K562,dn,splicebert,probability,whole_dataset,0.601087074094105,0.6805624661979448,0.07947539210383991,0.018333641168311744,860
LARP4:K562,dn,splicebert,logit,whole_dataset,0.601087074094105,0.6959599783666847,0.09487290427257977,0.019091212496667332,860
LARP4:K562,dn,kmer,native,within_fold,0.6010221741481883,0.610827474310438,0.009805300162249897,0.008777712096439828,860
LARP4:K562,dn,cnn,probability,within_fold,0.6010221741481883,0.602769064359113,0.0017468902109248896,0.004040433241285081,860
LARP4:K562,dn,cnn,logit,within_fold,0.6010221741481883,0.6026608977825851,0.001638723634396988,0.004044133054448169,860
LARP4:K562,dn,splicebert,probability,within_fold,0.6010221741481883,0.6804651162790698,0.07944294213088166,0.018340783185446262,860
LARP4:K562,dn,splicebert,logit,within_fold,0.6010221741481883,0.6957869118442402,0.09476473769605209,0.019102097264097274,860
LARP4:K562,neg2,kmer,native,whole_dataset,0.6963872363439697,0.7075013520822067,0.011114115738237063,0.006189676050150237,860
LARP4:K562,neg2,cnn,probability,whole_dataset,0.6963872363439697,0.7006544077879936,0.004267171444023998,0.004329152335212025,860
LARP4:K562,neg2,cnn,logit,whole_dataset,0.6963872363439697,0.7008815575987019,0.004494321254732259,0.004435741217418044,860
LARP4:K562,neg2,splicebert,probability,whole_dataset,0.6963872363439697,0.7409951325040561,0.044607896160086535,0.011460198816788952,860
LARP4:K562,neg2,splicebert,logit,whole_dataset,0.6963872363439697,0.7382422931314224,0.04185505678745283,0.011505992702653147,860
LARP4:K562,neg2,kmer,native,within_fold,0.6963223363980529,0.7075932936722552,0.011270957274202131,0.006206656586440265,860
LARP4:K562,neg2,cnn,probability,within_fold,0.6963223363980529,0.7007030827474311,0.0043807463493780174,0.004340899222394204,860
LARP4:K562,neg2,cnn,logit,within_fold,0.6963223363980529,0.7008869659275285,0.00456462952947545,0.004429208565423382,860
LARP4:K562,neg2,splicebert,probability,within_fold,0.6963223363980529,0.7410546241211466,0.04473228772309357,0.011457454560773904,860
LARP4:K562,neg2,splicebert,logit,within_fold,0.6963223363980529,0.7383504597079502,0.042028123309897136,0.011510832446303148,860
LIN28B:K562,gc,kmer,native,whole_dataset,0.7304572995419546,0.7638091243479969,0.03335182480604226,0.002408516892867928,13832
LIN28B:K562,gc,cnn,probability,whole_dataset,0.7304572995419546,0.7655013721628894,0.035044072620934785,0.0025839396015263695,13832
LIN28B:K562,gc,cnn,logit,whole_dataset,0.7304572995419546,0.7663040724001577,0.035846772858203146,0.0026668958826055853,13832
LIN28B:K562,gc,splicebert,probability,whole_dataset,0.7304572995419546,0.8727243655251935,0.1422670659832389,0.003774184085631448,13832
LIN28B:K562,gc,splicebert,logit,whole_dataset,0.7304572995419546,0.8760929928036711,0.14563569326171655,0.0038232885888611185,13832
LIN28B:K562,gc,kmer,native,within_fold,0.7304449644599107,0.7637522157152458,0.03330725125533507,0.0024087108824026367,13832
LIN28B:K562,gc,cnn,probability,within_fold,0.7304449644599107,0.7655061598472758,0.035061195387365074,0.002584702382412052,13832
LIN28B:K562,gc,cnn,logit,within_fold,0.7304449644599107,0.7662870332614024,0.035842068801491656,0.002666641219683823,13832
LIN28B:K562,gc,splicebert,probability,within_fold,0.7304449644599107,0.8727168599413737,0.14227189548146302,0.0037739349553416283,13832
LIN28B:K562,gc,splicebert,logit,within_fold,0.7304449644599107,0.8760835428764107,0.14563857841649996,0.003823408382697269,13832
LIN28B:K562,dn,kmer,native,whole_dataset,0.5732835168849293,0.6712634151334647,0.09797989824853537,0.005187427766045173,13832
LIN28B:K562,dn,cnn,probability,whole_dataset,0.5732835168849293,0.6325654194212229,0.05928190253629362,0.005044400374457431,13832
LIN28B:K562,dn,cnn,logit,whole_dataset,0.5732835168849293,0.633364356413122,0.060080839528192764,0.005052348968176832,13832
LIN28B:K562,dn,splicebert,probability,whole_dataset,0.5732835168849293,0.8219712941315784,0.24868777724664914,0.0054664146721172075,13832
LIN28B:K562,dn,splicebert,logit,whole_dataset,0.5732835168849293,0.8270690072157303,0.253785490330801,0.005421419811798529,13832
LIN28B:K562,dn,kmer,native,within_fold,0.5735146010575222,0.6712613871623491,0.0977467861048269,0.00518967491019042,13832
LIN28B:K562,dn,cnn,probability,within_fold,0.5735146010575222,0.6325603599468931,0.059045758889370914,0.005044584716345204,13832
LIN28B:K562,dn,cnn,logit,within_fold,0.5735146010575222,0.6332579820106836,0.05974338095316145,0.005050840339512044,13832
LIN28B:K562,dn,splicebert,probability,within_fold,0.5735146010575222,0.8219130474560294,0.24839844639850728,0.0054673409628229405,13832
LIN28B:K562,dn,splicebert,logit,within_fold,0.5735146010575222,0.82706591299176,0.25355131193423786,0.005423195139831451,13832
LIN28B:K562,neg2,kmer,native,whole_dataset,0.7786827035556148,0.7919096538449831,0.013226950289368489,0.001487345531061237,13832
LIN28B:K562,neg2,cnn,probability,whole_dataset,0.7786827035556148,0.7960723049894612,0.017389601433846602,0.0019000564904422194,13832
LIN28B:K562,neg2,cnn,logit,whole_dataset,0.7786827035556148,0.7963353349338557,0.017652631378241024,0.001916280023144294,13832
LIN28B:K562,neg2,splicebert,probability,whole_dataset,0.7786827035556148,0.832740552497942,0.05405784894232735,0.0025950420089992693,13832
LIN28B:K562,neg2,splicebert,logit,whole_dataset,0.7786827035556148,0.8341343958619688,0.05545169230635416,0.0027861909220284423,13832
LIN28B:K562,neg2,kmer,native,within_fold,0.7786815745820038,0.7918850045878142,0.013203430005810368,0.0014869529893347252,13832
LIN28B:K562,neg2,cnn,probability,within_fold,0.7786815745820038,0.7961186765351784,0.017437101953174605,0.0019011984893685598,13832
LIN28B:K562,neg2,cnn,logit,within_fold,0.7786815745820038,0.7963227280618684,0.017641153479864613,0.001918319606911657,13832
LIN28B:K562,neg2,splicebert,probability,within_fold,0.7786815745820038,0.8327330260072032,0.054051451425199404,0.00259425204977137,13832
LIN28B:K562,neg2,splicebert,logit,within_fold,0.7786815745820038,0.8341233361019668,0.05544176151996294,0.00278569724964206,13832
LSM11:K562,gc,kmer,native,whole_dataset,0.7270613607271343,0.7613821668608505,0.03432080613371602,0.005182434762993653,2638
LSM11:K562,gc,cnn,probability,whole_dataset,0.7270613607271343,0.7598348278872787,0.03277346716014429,0.005690260642970311,2638
LSM11:K562,gc,cnn,logit,whole_dataset,0.7270613607271343,0.7609602698301663,0.03389890910303184,0.005845831446004465,2638
LSM11:K562,gc,splicebert,probability,whole_dataset,0.7270613607271343,0.7853992588637175,0.05833789813658308,0.006487186911025862,2638
LSM11:K562,gc,splicebert,logit,whole_dataset,0.7270613607271343,0.7912184489708644,0.0641570882437299,0.006975654578789874,2638
LSM11:K562,gc,kmer,native,within_fold,0.7270717069758432,0.7613810172776606,0.034309310301817275,0.005183080529442714,2638
LSM11:K562,gc,cnn,probability,within_fold,0.7270717069758432,0.7598934566299623,0.03282174965411899,0.005689775284284054,2638
LSM11:K562,gc,cnn,logit,within_fold,0.7270717069758432,0.7609838362855589,0.033912129309715544,0.005840834323077618,2638
LSM11:K562,gc,splicebert,probability,within_fold,0.7270717069758432,0.785413053861996,0.05834134688615267,0.006491426006124716,2638
LSM11:K562,gc,splicebert,logit,within_fold,0.7270717069758432,0.7912190237624595,0.06414731678661612,0.006976237650187749,2638
LSM11:K562,dn,kmer,native,whole_dataset,0.6003504895084613,0.6900041886954306,0.0896536991869693,0.010194458107336653,2678
LSM11:K562,dn,cnn,probability,whole_dataset,0.6003504895084613,0.6828900994522347,0.0825396099437734,0.010252183872898087,2678
LSM11:K562,dn,cnn,logit,whole_dataset,0.6003504895084613,0.6825983966945559,0.08224790718609465,0.010148346161009526,2678
LSM11:K562,dn,splicebert,probability,whole_dataset,0.6003504895084613,0.730581548210992,0.1302310587025307,0.010882658527498342,2678
LSM11:K562,dn,splicebert,logit,whole_dataset,0.6003504895084613,0.7404721122681925,0.14012162275973128,0.011513035001496988,2678
LSM11:K562,dn,kmer,native,within_fold,0.6003605289915172,0.6901023525297545,0.08974182353823734,0.010195943869288257,2678
LSM11:K562,dn,cnn,probability,within_fold,0.6003605289915172,0.682863327497419,0.08250279850590181,0.01025235062445131,2678
LSM11:K562,dn,cnn,logit,within_fold,0.6003605289915172,0.6824768073997683,0.0821162784082512,0.01014995031914352,2678
LSM11:K562,dn,splicebert,probability,within_fold,0.6003605289915172,0.7305118295786596,0.13015130058714242,0.010883335689950103,2678
LSM11:K562,dn,splicebert,logit,within_fold,0.6003605289915172,0.7404392050737317,0.14007867608221458,0.011512409365176411,2678
LSM11:K562,neg2,kmer,native,whole_dataset,0.7472411440421989,0.8017359855750302,0.05449484153283124,0.005899838138336816,2638
LSM11:K562,neg2,cnn,probability,whole_dataset,0.7472411440421989,0.7889060623844311,0.04166491834223207,0.005688171835916168,2638
LSM11:K562,neg2,cnn,logit,whole_dataset,0.7472411440421989,0.7888520319745068,0.04161088793230783,0.005561469653157022,2638
LSM11:K562,neg2,splicebert,probability,whole_dataset,0.7472411440421989,0.7971589201045431,0.049917776062344155,0.006341626401779191,2638
LSM11:K562,neg2,splicebert,logit,whole_dataset,0.7472411440421989,0.8022762896742713,0.055035145632072346,0.006495826089036479,2638
LSM11:K562,neg2,kmer,native,within_fold,0.7472963240353128,0.801773347028701,0.05447702299338819,0.00590085300550792,2638
LSM11:K562,neg2,cnn,probability,within_fold,0.7472963240353128,0.7888664017643803,0.04157007772906751,0.005690705713766122,2638
LSM11:K562,neg2,cnn,logit,within_fold,0.7472963240353128,0.7888652521811904,0.04156892814587765,0.005563634809159768,2638
LSM11:K562,neg2,splicebert,probability,within_fold,0.7472963240353128,0.7971238578172519,0.04982753378193916,0.006341101385303457,2638
LSM11:K562,neg2,splicebert,logit,within_fold,0.7472963240353128,0.8022021415585244,0.054905817523211664,0.00649523835993532,2638
MATR3:HepG2,gc,kmer,native,whole_dataset,0.9202442270271831,0.9300405508778699,0.00979632385068685,0.0008420934151031461,13968
MATR3:HepG2,gc,cnn,probability,whole_dataset,0.9202442270271831,0.9341586816339491,0.013914454606766102,0.0008790343521851855,13968
MATR3:HepG2,gc,cnn,logit,whole_dataset,0.9202442270271831,0.9360571668313369,0.01581293980415388,0.0010757953063958478,13968
MATR3:HepG2,gc,splicebert,probability,whole_dataset,0.9202442270271831,0.9485617756311594,0.028317548603976395,0.0013500453371804808,13968
MATR3:HepG2,gc,splicebert,logit,whole_dataset,0.9202442270271831,0.9507330369924251,0.03048880996524206,0.0015025971562458427,13968
MATR3:HepG2,gc,kmer,native,within_fold,0.9202409672443904,0.9300403663618626,0.009799399117472185,0.000844573980911137,13968
MATR3:HepG2,gc,cnn,probability,within_fold,0.9202409672443904,0.9341941702126543,0.013953202968263856,0.0008788015925053757,13968
MATR3:HepG2,gc,cnn,logit,within_fold,0.9202409672443904,0.9360587249665082,0.015817757722117798,0.001076456145449466,13968
MATR3:HepG2,gc,splicebert,probability,within_fold,0.9202409672443904,0.9485549895424528,0.028314022298062347,0.0013503342814743483,13968
MATR3:HepG2,gc,splicebert,logit,within_fold,0.9202409672443904,0.9507110795875763,0.030470112343185862,0.0015018146694775211,13968
MATR3:HepG2,dn,kmer,native,whole_dataset,0.6458810959534973,0.6977577951798215,0.0518766992263241,0.0036162043183630456,13982
MATR3:HepG2,dn,cnn,probability,whole_dataset,0.6458810959534973,0.7653804682281393,0.11949937227464191,0.004497170163006969,13982
MATR3:HepG2,dn,cnn,logit,whole_dataset,0.6458810959534973,0.7656520436670717,0.11977094771357433,0.0045238539696227245,13982
MATR3:HepG2,dn,splicebert,probability,whole_dataset,0.6458810959534973,0.8146042070847328,0.1687231111312354,0.004659579533261667,13982
MATR3:HepG2,dn,splicebert,logit,whole_dataset,0.6458810959534973,0.8152004331293717,0.16931933717587433,0.004671240682971958,13982
MATR3:HepG2,dn,kmer,native,within_fold,0.6458291870490618,0.6977230528385793,0.05189386578951749,0.003615071699286743,13982
MATR3:HepG2,dn,cnn,probability,within_fold,0.6458291870490618,0.7653782993894044,0.1195491123403426,0.004499000458743936,13982
MATR3:HepG2,dn,cnn,logit,within_fold,0.6458291870490618,0.7656055773202158,0.11977639027115405,0.004524675241833858,13982
MATR3:HepG2,dn,splicebert,probability,within_fold,0.6458291870490618,0.8146095064171129,0.16878031936805116,0.0046599509318120454,13982
MATR3:HepG2,dn,splicebert,logit,within_fold,0.6458291870490618,0.8151595525652954,0.1693303655162336,0.00467114026032685,13982
MATR3:HepG2,neg2,kmer,native,whole_dataset,0.9133700626796778,0.9194573892674338,0.0060873265877561256,0.0007200932446810348,13968
MATR3:HepG2,neg2,cnn,probability,whole_dataset,0.9133700626796778,0.9196382149544239,0.006268152274746197,0.0007213100829120429,13968
MATR3:HepG2,neg2,cnn,logit,whole_dataset,0.9133700626796778,0.9201556388419808,0.006785576162303131,0.0008338912433799001,13968
MATR3:HepG2,neg2,splicebert,probability,whole_dataset,0.9133700626796778,0.941846828096031,0.028476765416353356,0.001369241914655396,13968
MATR3:HepG2,neg2,splicebert,logit,whole_dataset,0.9133700626796778,0.9451396597557631,0.0317695970760854,0.0015050833064587938,13968
MATR3:HepG2,neg2,kmer,native,within_fold,0.9133321753928798,0.9194511567267484,0.006118981333868567,0.000720865840215211,13968
MATR3:HepG2,neg2,cnn,probability,within_fold,0.9133321753928798,0.9196632886296151,0.006331113236735297,0.000721483499974507,13968
MATR3:HepG2,neg2,cnn,logit,within_fold,0.9133321753928798,0.9201329433731036,0.006800767980223776,0.0008342886086109871,13968
MATR3:HepG2,neg2,splicebert,probability,within_fold,0.9133321753928798,0.9418455159822025,0.028513340589322644,0.0013697149300948503,13968
MATR3:HepG2,neg2,splicebert,logit,within_fold,0.9133321753928798,0.9451391677130774,0.03180699232019757,0.001505626196029818,13968
MATR3:K562,gc,kmer,native,whole_dataset,0.9562815404664777,0.9612448737231647,0.004963333256686964,0.0006135227327140711,9728
MATR3:K562,gc,cnn,probability,whole_dataset,0.9562815404664777,0.9614212162937154,0.005139675827237622,0.0005355100218656075,9728
MATR3:K562,gc,cnn,logit,whole_dataset,0.9562815404664777,0.9625436037861409,0.006262063319663169,0.0007009018291082436,9728
MATR3:K562,gc,splicebert,probability,whole_dataset,0.9562815404664777,0.9690613046577433,0.012779764191265586,0.00095263687501817,9728
MATR3:K562,gc,splicebert,logit,whole_dataset,0.9562815404664777,0.9711366267745846,0.014855086308106835,0.0011011918091515277,9728
MATR3:K562,gc,kmer,native,within_fold,0.9562604909458319,0.9612553139472602,0.0049948230014281725,0.0006126687012073765,9728
MATR3:K562,gc,cnn,probability,within_fold,0.9562604909458319,0.961442942104181,0.005182451158349033,0.0005365038016173304,9728
MATR3:K562,gc,cnn,logit,within_fold,0.9562604909458319,0.9625390388298563,0.006278547884024266,0.0007029854475265633,9728
MATR3:K562,gc,splicebert,probability,within_fold,0.9562604909458319,0.9690686170414213,0.012808126095589345,0.0009528032062605926,9728
MATR3:K562,gc,splicebert,logit,within_fold,0.9562604909458319,0.9711313009922524,0.014870810046420435,0.001101571246526247,9728
MATR3:K562,dn,kmer,native,whole_dataset,0.6846286482400203,0.7439165973514766,0.059287949111456295,0.004030468163144619,9734
MATR3:K562,dn,cnn,probability,whole_dataset,0.6846286482400203,0.7553230709842568,0.07069442274423643,0.0044523336557518054,9734
MATR3:K562,dn,cnn,logit,whole_dataset,0.6846286482400203,0.7559621793413448,0.07133353110132445,0.004507878844544503,9734
MATR3:K562,dn,splicebert,probability,whole_dataset,0.6846286482400203,0.8149735501846549,0.13034490194463455,0.004963423012101234,9734
MATR3:K562,dn,splicebert,logit,whole_dataset,0.6846286482400203,0.8161187864295247,0.1314901381895044,0.0049331735991565194,9734
MATR3:K562,dn,kmer,native,within_fold,0.6845498731429647,0.7439884068049019,0.0594385336619373,0.00403110262857183,9734
MATR3:K562,dn,cnn,probability,within_fold,0.6845498731429647,0.7552896781108533,0.07073980496788879,0.004453904148001749,9734
MATR3:K562,dn,cnn,logit,within_fold,0.6845498731429647,0.7559990761445744,0.07144920300160984,0.004509960013530508,9734
MATR3:K562,dn,splicebert,probability,within_fold,0.6845498731429647,0.8149484316515638,0.13039855850859927,0.004964548782735915,9734
MATR3:K562,dn,splicebert,logit,within_fold,0.6845498731429647,0.8161206439344927,0.13157077079152812,0.004932318658937563,9734
MATR3:K562,neg2,kmer,native,whole_dataset,0.9470023369194731,0.9528705036871322,0.005868166767659444,0.0007008415595437279,9728
MATR3:K562,neg2,cnn,probability,whole_dataset,0.9470023369194731,0.9520363424623443,0.005034005542871478,0.0006910294855596747,9728
MATR3:K562,neg2,cnn,logit,whole_dataset,0.9470023369194731,0.9530618937061766,0.006059556786703779,0.0008388202200724864,9728
MATR3:K562,neg2,splicebert,probability,whole_dataset,0.9470023369194731,0.9645529876455377,0.017550650726064876,0.00121546402826527,9728
MATR3:K562,neg2,splicebert,logit,whole_dataset,0.9470023369194731,0.9675436257655601,0.020541288846087302,0.0014247088795946382,9728
MATR3:K562,neg2,kmer,native,within_fold,0.9470108750784496,0.952839352087301,0.005828477008851252,0.000700061796543931,9728
MATR3:K562,neg2,cnn,probability,within_fold,0.9470108750784496,0.952040865150515,0.005029990072065282,0.0006903491139947679,9728
MATR3:K562,neg2,cnn,logit,within_fold,0.9470108750784496,0.9530589772063279,0.006048102127878208,0.0008392723061110143,9728
MATR3:K562,neg2,splicebert,probability,within_fold,0.9470108750784496,0.9645471969139542,0.017536321835504465,0.0012151973712305178,9728
MATR3:K562,neg2,splicebert,logit,within_fold,0.9470108750784496,0.9675358484326307,0.02052497335418102,0.0014246668888208682,9728
MBNL1:K562,gc,kmer,native,whole_dataset,0.7743344023299075,0.8081536942108645,0.03381929188095689,0.005242585739791344,2388
MBNL1:K562,gc,cnn,probability,whole_dataset,0.7743344023299075,0.8084903860452458,0.034155983715338234,0.005472012305983188,2388
MBNL1:K562,gc,cnn,logit,whole_dataset,0.7743344023299075,0.8085338754071868,0.03419947307727922,0.005590845489640371,2388
MBNL1:K562,gc,splicebert,probability,whole_dataset,0.7743344023299075,0.8394148295918454,0.06508042726193786,0.00673392098775514,2388
MBNL1:K562,gc,splicebert,logit,whole_dataset,0.7743344023299075,0.8412252496429664,0.06689084731305883,0.007378176825768882,2388
MBNL1:K562,gc,kmer,native,within_fold,0.7743666686307022,0.8081031904357073,0.03373652180500508,0.005244043232748183,2388
MBNL1:K562,gc,cnn,probability,within_fold,0.7743666686307022,0.8085268609939704,0.03416019236326817,0.005473915159152799,2388
MBNL1:K562,gc,cnn,logit,within_fold,0.7743666686307022,0.8085282638766137,0.03416159524591145,0.005593780603281508,2388
MBNL1:K562,gc,splicebert,probability,within_fold,0.7743666686307022,0.8393937863521965,0.06502711772149428,0.006731162248406951,2388
MBNL1:K562,gc,splicebert,logit,within_fold,0.7743666686307022,0.8411312565058682,0.06676458787516593,0.007384264246318233,2388
MBNL1:K562,dn,kmer,native,whole_dataset,0.6314247468860829,0.7027243833765686,0.07129963649048576,0.009643059859059841,2404
MBNL1:K562,dn,cnn,probability,whole_dataset,0.6314247468860829,0.6815083568428658,0.05008360995678296,0.009117083616362672,2404
MBNL1:K562,dn,cnn,logit,whole_dataset,0.6314247468860829,0.6810363204974517,0.04961157361136881,0.009073033595093701,2404
MBNL1:K562,dn,splicebert,probability,whole_dataset,0.6314247468860829,0.7628536465845885,0.13142889969850569,0.010780615769801695,2404
MBNL1:K562,dn,splicebert,logit,whole_dataset,0.6314247468860829,0.7669067915094365,0.13548204462335367,0.010955366997666159,2404
MBNL1:K562,dn,kmer,native,within_fold,0.6314662750103128,0.702685623793954,0.07121934878364122,0.009641333868623519,2404
MBNL1:K562,dn,cnn,probability,within_fold,0.6314662750103128,0.6814841321037317,0.05001785709341888,0.009120292430360628,2404
MBNL1:K562,dn,cnn,logit,within_fold,0.6314662750103128,0.6810148642999326,0.049548589289619804,0.009076310476900983,2404
MBNL1:K562,dn,splicebert,probability,within_fold,0.6314662750103128,0.7628363431994928,0.13137006818917996,0.010781332664245488,2404
MBNL1:K562,dn,splicebert,logit,within_fold,0.6314662750103128,0.7669164814050903,0.13545020639477745,0.010956062620694006,2404
MBNL1:K562,neg2,kmer,native,whole_dataset,0.7918108128582612,0.8246270436492905,0.032816230791029355,0.00532784433021845,2388
MBNL1:K562,neg2,cnn,probability,whole_dataset,0.7918108128582612,0.8172759385986325,0.025465125740371297,0.0049805898752044026,2388
MBNL1:K562,neg2,cnn,logit,whole_dataset,0.7918108128582612,0.8164861156704797,0.024675302812218525,0.005065546099167041,2388
MBNL1:K562,neg2,splicebert,probability,whole_dataset,0.7918108128582612,0.8591533883824483,0.0673425755241871,0.0067758765875799605,2388
MBNL1:K562,neg2,splicebert,logit,whole_dataset,0.7918108128582612,0.8628492827061045,0.07103846984784334,0.007259770281990186,2388
MBNL1:K562,neg2,kmer,native,within_fold,0.7918164243888342,0.8246614142740503,0.032844989885216,0.005326254974613588,2388
MBNL1:K562,neg2,cnn,probability,within_fold,0.7918164243888342,0.8173053991341408,0.025488974745306536,0.0049810032809227715,2388
MBNL1:K562,neg2,cnn,logit,within_fold,0.7918164243888342,0.8165113675580583,0.02469494316922405,0.0050630919155018024,2388
MBNL1:K562,neg2,splicebert,probability,within_fold,0.7918164243888342,0.8591351509080859,0.06731872651925164,0.006778910186429668,2388
MBNL1:K562,neg2,splicebert,logit,within_fold,0.7918164243888342,0.8628310452317423,0.071014620842908,0.00726347238284378,2388
METTL1:K562,gc,kmer,native,whole_dataset,0.7281304973612667,0.7396881929106461,0.011557695549379465,0.005524334445000646,962
METTL1:K562,gc,cnn,probability,whole_dataset,0.7281304973612667,0.728203975605223,7.34782439563153e-05,0.007065083766735731,962
METTL1:K562,gc,cnn,logit,whole_dataset,0.7281304973612667,0.7284935663314042,0.0003630689701374923,0.007016855010651208,962
METTL1:K562,gc,splicebert,probability,whole_dataset,0.7281304973612667,0.7887025038792191,0.06057200651795247,0.011403247342750058,962
METTL1:K562,gc,splicebert,logit,whole_dataset,0.7281304973612667,0.7941355716823492,0.06600507432108249,0.011974245930487466,962
METTL1:K562,gc,kmer,native,within_fold,0.7280872748648217,0.7396968374099352,0.011609562545113472,0.005531883824712137,962
METTL1:K562,gc,cnn,probability,within_fold,0.7280872748648217,0.728212620104512,0.00012534523969032207,0.007077719371594495,962
METTL1:K562,gc,cnn,logit,within_fold,0.7280872748648217,0.7284892440817597,0.0004019692169380251,0.007015506723981617,962
METTL1:K562,gc,splicebert,probability,within_fold,0.7280872748648217,0.7887630153742421,0.06067574050942037,0.011405682249358222,962
METTL1:K562,gc,splicebert,logit,within_fold,0.7280872748648217,0.794027515441237,0.06594024057641523,0.011974347529532983,962
METTL1:K562,dn,kmer,native,whole_dataset,0.6150950246584341,0.6910196619136328,0.07592463725519871,0.015530973850480663,962
METTL1:K562,dn,cnn,probability,whole_dataset,0.6150950246584341,0.6693435799464905,0.05424855528805639,0.013843144285293556,962
METTL1:K562,dn,cnn,logit,whole_dataset,0.6150950246584341,0.6694646029365365,0.054369578278102404,0.013741104195988733,962
METTL1:K562,dn,splicebert,probability,whole_dataset,0.6150950246584341,0.7796690021222247,0.16457397746379054,0.018402492480285547,962
METTL1:K562,dn,splicebert,logit,whole_dataset,0.6150950246584341,0.7914514546531178,0.1763564299946837,0.018923010441417823,962
METTL1:K562,dn,kmer,native,within_fold,0.6151857919009687,0.6910412731618553,0.07585548126088659,0.015529872212186562,962
METTL1:K562,dn,cnn,probability,within_fold,0.6151857919009687,0.6694040914415135,0.0542182995405448,0.013851022462390833,962
METTL1:K562,dn,cnn,logit,within_fold,0.6151857919009687,0.6694084136911579,0.05422262179018922,0.013745083051981377,962
METTL1:K562,dn,splicebert,probability,within_fold,0.6151857919009687,0.7797468026158254,0.16456101071485674,0.018397462227380233,962
METTL1:K562,dn,splicebert,logit,within_fold,0.6151857919009687,0.7912223754219596,0.17603658352099094,0.01892880699839662,962
METTL1:K562,neg2,kmer,native,whole_dataset,0.7762155246562731,0.7890223503529118,0.012806825696638713,0.006181508588441938,962
METTL1:K562,neg2,cnn,probability,whole_dataset,0.7762155246562731,0.7726756021974317,-0.0035399224588413825,0.0017400365320494502,962
METTL1:K562,neg2,cnn,logit,whole_dataset,0.7762155246562731,0.7725416124584524,-0.00367391219782065,0.0016719953663791101,962
METTL1:K562,neg2,splicebert,probability,whole_dataset,0.7762155246562731,0.851435635219419,0.07522011056314593,0.01169636758016978,962
METTL1:K562,neg2,splicebert,logit,whole_dataset,0.7762155246562731,0.8431585271502112,0.06694300249393814,0.011678026084479359,962
METTL1:K562,neg2,kmer,native,within_fold,0.7762068801569841,0.7891390510933132,0.012932170936328924,0.0061855290419420015,962
METTL1:K562,neg2,cnn,probability,within_fold,0.7762068801569841,0.7726842466967208,-0.0035226334602634912,0.0017356153649649175,962
METTL1:K562,neg2,cnn,logit,within_fold,0.7762068801569841,0.7725718682059639,-0.0036350119510203394,0.0016709161116884633,962
METTL1:K562,neg2,splicebert,probability,within_fold,0.7762068801569841,0.8514658909669305,0.07525901080994624,0.011704402164543284,962
METTL1:K562,neg2,splicebert,logit,within_fold,0.7762068801569841,0.8430547931587432,0.06684791300175896,0.011701903176855766,962
MORC2:K562,gc,kmer,native,whole_dataset,0.7912565385506896,0.7955528258792993,0.004296287328609871,0.00273828639868766,1646
MORC2:K562,gc,cnn,probability,whole_dataset,0.7912565385506896,0.7895778860789955,-0.0016786524716939644,0.002634189767925274,1646
MORC2:K562,gc,cnn,logit,whole_dataset,0.7912565385506896,0.7897978678013197,-0.0014586707493697837,0.0023810225214253153,1646
MORC2:K562,gc,splicebert,probability,whole_dataset,0.7912565385506896,0.8136533353805905,0.022396796829901033,0.005634109225422161,1646
MORC2:K562,gc,splicebert,logit,whole_dataset,0.7912565385506896,0.8140622946898773,0.022805756139187894,0.005879384941249022,1646
MORC2:K562,gc,kmer,native,within_fold,0.7912875426860506,0.7955173925817439,0.004229849895693305,0.002740455541097621,1646
MORC2:K562,gc,cnn,probability,within_fold,0.7912875426860506,0.7895852680159863,-0.001702274670064341,0.002633424539609588,1646
MORC2:K562,gc,cnn,logit,within_fold,0.7912875426860506,0.7897771983777455,-0.0015103443083051005,0.002376146401843937,1646
MORC2:K562,gc,splicebert,probability,within_fold,0.7912875426860506,0.8136341423444146,0.02234659965836394,0.005636250092522514,1646
MORC2:K562,gc,splicebert,logit,within_fold,0.7912875426860506,0.8140637710772756,0.02277622839122495,0.005887358747494686,1646
MORC2:K562,dn,kmer,native,whole_dataset,0.6456912308015936,0.6467392468140691,0.0010480160124753946,0.0029011383638589067,1782
MORC2:K562,dn,cnn,probability,whole_dataset,0.6456912308015936,0.6540766185360275,0.008385387734433758,0.005379920770567721,1782
MORC2:K562,dn,cnn,logit,whole_dataset,0.6456912308015936,0.6541396002675464,0.008448369465952621,0.005261225284848836,1782
MORC2:K562,dn,splicebert,probability,whole_dataset,0.6456912308015936,0.7173657009047955,0.07167447010320172,0.011136004729455003,1782
MORC2:K562,dn,splicebert,logit,whole_dataset,0.6456912308015936,0.7157042428273256,0.07001301202573185,0.010956170005485854,1782
MORC2:K562,dn,kmer,native,within_fold,0.6456232105315531,0.6467430257179602,0.001119815186406914,0.002898829549974481,1782
MORC2:K562,dn,cnn,probability,within_fold,0.6456232105315531,0.6541333020943946,0.008510091562841327,0.005387700693011487,1782
MORC2:K562,dn,cnn,logit,within_fold,0.6456232105315531,0.6541282635558731,0.008505053024319809,0.005263661582664998,1782
MORC2:K562,dn,splicebert,probability,within_fold,0.6456232105315531,0.7172775264806689,0.07165431594911564,0.011141990704079223,1782
MORC2:K562,dn,splicebert,logit,within_fold,0.6456232105315531,0.7156903868463913,0.07006717631483805,0.010964709836573255,1782
MORC2:K562,neg2,kmer,native,whole_dataset,0.8197050473255981,0.8245195466309577,0.004814499305359821,0.0030754819616429204,1646
MORC2:K562,neg2,cnn,probability,whole_dataset,0.8197050473255981,0.8186139970383669,-0.001091050287230999,0.0021851244284325656,1646
MORC2:K562,neg2,cnn,logit,whole_dataset,0.8197050473255981,0.8191469728890982,-0.0005580744364996892,0.001668899965561012,1646
MORC2:K562,neg2,splicebert,probability,whole_dataset,0.8197050473255981,0.8478346564225068,0.02812960909690887,0.005797938853837784,1646
MORC2:K562,neg2,splicebert,logit,whole_dataset,0.8197050473255981,0.8464630925296273,0.026758045204029357,0.006007104585764902,1646
MORC2:K562,neg2,kmer,native,within_fold,0.8196194168565054,0.8245490743789209,0.004929657522415365,0.0030733733511976525,1646
MORC2:K562,neg2,cnn,probability,within_fold,0.8196194168565054,0.8185726581912188,-0.0010467586652866956,0.0021774213332328937,1646
MORC2:K562,neg2,cnn,logit,within_fold,0.8196194168565054,0.8191824061866538,-0.00043701066985168957,0.0016344416897252194,1646
MORC2:K562,neg2,splicebert,probability,within_fold,0.8196194168565054,0.8477431204038214,0.02812370354731586,0.005804084237880324,1646
MORC2:K562,neg2,splicebert,logit,within_fold,0.8196194168565054,0.8465221480255534,0.026902731169047844,0.006014020365302363,1646
MTPAP:K562,gc,kmer,native,whole_dataset,0.7266875817399169,0.7446016092364274,0.0179140274965105,0.005236573462742886,2154
MTPAP:K562,gc,cnn,probability,whole_dataset,0.7266875817399169,0.7327026050732416,0.006015023333324709,0.006031398850796262,2154
MTPAP:K562,gc,cnn,logit,whole_dataset,0.7266875817399169,0.7327724369336399,0.006084855193723038,0.005916680264001222,2154
MTPAP:K562,gc,splicebert,probability,whole_dataset,0.7266875817399169,0.8349993835829607,0.10831180184304379,0.009173246140692147,2154
MTPAP:K562,gc,splicebert,logit,whole_dataset,0.7266875817399169,0.8393237861972587,0.1126362044573418,0.00929575684162268,2154
MTPAP:K562,gc,kmer,native,within_fold,0.7267850014957813,0.744603333479894,0.017818331984112867,0.005229984323397372,2154
MTPAP:K562,gc,cnn,probability,within_fold,0.7267850014957813,0.7326379459432429,0.005852944447461761,0.006033569827927523,2154
MTPAP:K562,gc,cnn,logit,within_fold,0.7267850014957813,0.7327948520987061,0.0060098506029249155,0.005912131653126885,2154
MTPAP:K562,gc,splicebert,probability,within_fold,0.7267850014957813,0.8350045563133607,0.1082195548175795,0.00916995785167485,2154
MTPAP:K562,gc,splicebert,logit,within_fold,0.7267850014957813,0.8393418907536582,0.11255688925787699,0.009291520501538492,2154
MTPAP:K562,dn,kmer,native,whole_dataset,0.5741753908511377,0.627566632477583,0.053391241626445374,0.010615520145509491,2166
MTPAP:K562,dn,cnn,probability,whole_dataset,0.5741753908511377,0.5971417585125276,0.02296636766138993,0.010256008011743669,2166
MTPAP:K562,dn,cnn,logit,whole_dataset,0.5741753908511377,0.597148579277323,0.022973188426185343,0.010260021742475527,2166
MTPAP:K562,dn,splicebert,probability,whole_dataset,0.5741753908511377,0.7580623571369498,0.18388696628581214,0.013327454319237177,2166
MTPAP:K562,dn,splicebert,logit,whole_dataset,0.5741753908511377,0.7623688175095852,0.18819342665844752,0.013325351573377352,2166
MTPAP:K562,dn,kmer,native,within_fold,0.5740014613488573,0.6275035404032264,0.05350207905436899,0.010609490963122373,2166
MTPAP:K562,dn,cnn,probability,within_fold,0.5740014613488573,0.5970999813281563,0.023098519979298904,0.010252267809444993,2166
MTPAP:K562,dn,cnn,logit,within_fold,0.5740014613488573,0.5970880449897645,0.0230865836409071,0.010258175413368577,2166
MTPAP:K562,dn,splicebert,probability,within_fold,0.5740014613488573,0.7580299585041722,0.18402849715531477,0.013327177740390338,2166
MTPAP:K562,dn,splicebert,logit,within_fold,0.5740014613488573,0.7622792949716469,0.1882778336227895,0.01332559285100633,2166
MTPAP:K562,neg2,kmer,native,whole_dataset,0.7427678763096707,0.7420997319663531,-0.0006681443433175227,0.001701897962760771,2154
MTPAP:K562,neg2,cnn,probability,whole_dataset,0.7427678763096707,0.7389969558481597,-0.0037709204615109515,0.0028295775660414886,2154
MTPAP:K562,neg2,cnn,logit,whole_dataset,0.7427678763096707,0.7389848861438932,-0.0037829901657774334,0.002849713239680259,2154
MTPAP:K562,neg2,splicebert,probability,whole_dataset,0.7427678763096707,0.7524469170095756,0.009679040699904884,0.004020371405540147,2154
MTPAP:K562,neg2,splicebert,logit,whole_dataset,0.7427678763096707,0.7535124994719504,0.010744623162279754,0.004174139477115329,2154
MTPAP:K562,neg2,kmer,native,within_fold,0.7427532202402043,0.742074730436087,-0.0006784898041174436,0.0017021818947229278,2154
MTPAP:K562,neg2,cnn,probability,within_fold,0.7427532202402043,0.7389762649265601,-0.0037769553136443035,0.002827995965308193,2154
MTPAP:K562,neg2,cnn,logit,within_fold,0.7427532202402043,0.7390357513261587,-0.003717468914045674,0.002845535295037294,2154
MTPAP:K562,neg2,splicebert,probability,within_fold,0.7427532202402043,0.7524391579139756,0.009685937673771239,0.004018155293830161,2154
MTPAP:K562,neg2,splicebert,logit,within_fold,0.7427532202402043,0.7535504328282162,0.010797212588011806,0.004171576456209097,2154
NCBP2:HepG2,gc,kmer,native,whole_dataset,0.7769400929758213,0.7971100416172605,0.020169948641439284,0.002574783478479383,6372
NCBP2:HepG2,gc,cnn,probability,whole_dataset,0.7769400929758213,0.7826248823221809,0.005684789346359631,0.0022044017733163024,6372
NCBP2:HepG2,gc,cnn,logit,whole_dataset,0.7769400929758213,0.7824985843195809,0.005558491343759631,0.0023783476837373465,6372
NCBP2:HepG2,gc,splicebert,probability,whole_dataset,0.7769400929758213,0.8459962350979194,0.06905614212209821,0.004198562873831921,6372
NCBP2:HepG2,gc,splicebert,logit,whole_dataset,0.7769400929758213,0.8467799329221655,0.06983983994634424,0.004225664647880161,6372
NCBP2:HepG2,gc,kmer,native,within_fold,0.7769164490439773,0.7971271834678476,0.020210734423870225,0.0025747112426721254,6372
NCBP2:HepG2,gc,cnn,probability,within_fold,0.7769164490439773,0.7827105915751154,0.005794142531137969,0.0022023927230872676,6372
NCBP2:HepG2,gc,cnn,logit,within_fold,0.7769164490439773,0.7825334591190507,0.005617010075073314,0.002376639662968871,6372
NCBP2:HepG2,gc,splicebert,probability,within_fold,0.7769164490439773,0.8459937721883524,0.06907732314437498,0.004198580357336344,6372
NCBP2:HepG2,gc,splicebert,logit,within_fold,0.7769164490439773,0.8467655495302937,0.06984910048631632,0.004225339057797479,6372
NCBP2:HepG2,dn,kmer,native,whole_dataset,0.5982998490642328,0.6624687856608331,0.06416893659660039,0.006419426832398562,6452
NCBP2:HepG2,dn,cnn,probability,whole_dataset,0.5982998490642328,0.6388789704235849,0.040579121359352155,0.006018253474142843,6452
NCBP2:HepG2,dn,cnn,logit,whole_dataset,0.5982998490642328,0.6391375444937656,0.04083769542953286,0.006015724795892006,6452
NCBP2:HepG2,dn,splicebert,probability,whole_dataset,0.5982998490642328,0.7600321166098911,0.1617322675456584,0.007546486889950864,6452
NCBP2:HepG2,dn,splicebert,logit,whole_dataset,0.5982998490642328,0.7615803901114973,0.16328054104726453,0.00759387549626346,6452
NCBP2:HepG2,dn,kmer,native,within_fold,0.5981330394819832,0.6624393825893075,0.0643063431073242,0.00641598210702437,6452
NCBP2:HepG2,dn,cnn,probability,within_fold,0.5981330394819832,0.6388944406671,0.04076140118511673,0.006025053013928565,6452
NCBP2:HepG2,dn,cnn,logit,within_fold,0.5981330394819832,0.6391771329430092,0.04104409346102589,0.006016359932207544,6452
NCBP2:HepG2,dn,splicebert,probability,within_fold,0.5981330394819832,0.7600318283444841,0.16189878886250086,0.007549571120103469,6452
NCBP2:HepG2,dn,splicebert,logit,within_fold,0.5981330394819832,0.7615216800569151,0.16338864057493185,0.007593425001734241,6452
NCBP2:HepG2,neg2,kmer,native,whole_dataset,0.9167486322970593,0.9179216668656698,0.0011730345686105093,0.0004680284750574259,6372
NCBP2:HepG2,neg2,cnn,probability,whole_dataset,0.9167486322970593,0.917595577638988,0.0008469453419287509,0.000546810582132272,6372
NCBP2:HepG2,neg2,cnn,logit,whole_dataset,0.9167486322970593,0.9175789283703144,0.0008302960732551323,0.0005429325838022125,6372
NCBP2:HepG2,neg2,splicebert,probability,whole_dataset,0.9167486322970593,0.9274963755822812,0.010747743285221878,0.0013768795753313647,6372
NCBP2:HepG2,neg2,splicebert,logit,whole_dataset,0.9167486322970593,0.9276341014852723,0.010885469188212982,0.0015983680386104824,6372
NCBP2:HepG2,neg2,kmer,native,within_fold,0.9167427213140982,0.9178892549757669,0.001146533661668614,0.0004711914509233081,6372
NCBP2:HepG2,neg2,cnn,probability,within_fold,0.9167427213140982,0.9175984346140857,0.0008557132999874595,0.000546567876735955,6372
NCBP2:HepG2,neg2,cnn,logit,within_fold,0.9167427213140982,0.9175880903939041,0.0008453690798058133,0.0005433820527527765,6372
NCBP2:HepG2,neg2,splicebert,probability,within_fold,0.9167427213140982,0.9274915482795297,0.010748826965431446,0.0013792085086052057,6372
NCBP2:HepG2,neg2,splicebert,logit,within_fold,0.9167427213140982,0.9276494700409711,0.010906748726872806,0.0015998970083194088,6372
NKRF:HepG2,gc,kmer,native,whole_dataset,0.8751378156791378,0.8775095282960879,0.002371712616949906,0.0008442732983012353,7074
NKRF:HepG2,gc,cnn,probability,whole_dataset,0.8751378156791378,0.8879383174069446,0.012800501727806668,0.0015707738035339622,7074
NKRF:HepG2,gc,cnn,logit,whole_dataset,0.8751378156791378,0.889048516474614,0.013910700795476072,0.0017395191399433654,7074
NKRF:HepG2,gc,splicebert,probability,whole_dataset,0.8751378156791378,0.9026944768775406,0.02755666119840261,0.002233984281908535,7074
NKRF:HepG2,gc,splicebert,logit,whole_dataset,0.8751378156791378,0.9040779692429537,0.02894015356381574,0.0024580985737010304,7074
NKRF:HepG2,gc,kmer,native,within_fold,0.8751406133584069,0.877515523323093,0.002374909964686256,0.0008446275366180612,7074
NKRF:HepG2,gc,cnn,probability,within_fold,0.8751406133584069,0.8879252882149201,0.012784674856513356,0.0015720788167296988,7074
NKRF:HepG2,gc,cnn,logit,within_fold,0.8751406133584069,0.8890397237683397,0.013899110409932969,0.0017398590167840757,7074
NKRF:HepG2,gc,splicebert,probability,within_fold,0.8751406133584069,0.9026842453647849,0.027543632006378105,0.0022349749631296275,7074
NKRF:HepG2,gc,splicebert,logit,within_fold,0.8751406133584069,0.9040629417085939,0.028922328350187154,0.0024580448951239003,7074
NKRF:HepG2,dn,kmer,native,whole_dataset,0.7872754822499956,0.7976299760544072,0.010354493804411669,0.0018556073779561694,7584
NKRF:HepG2,dn,cnn,probability,whole_dataset,0.7872754822499956,0.8123384479205612,0.02506296567056565,0.002968671084816538,7584
NKRF:HepG2,dn,cnn,logit,whole_dataset,0.7872754822499956,0.8128941091838915,0.025618626933895938,0.003069770665896054,7584
NKRF:HepG2,dn,splicebert,probability,whole_dataset,0.7872754822499956,0.8476728711566879,0.06039738890669233,0.0036562773134623376,7584
NKRF:HepG2,dn,splicebert,logit,whole_dataset,0.7872754822499956,0.850224948926454,0.0629494666764584,0.0037925273328198736,7584
NKRF:HepG2,dn,kmer,native,within_fold,0.7873071250378322,0.7976257338344993,0.010318608796667017,0.0018529764856420417,7584
NKRF:HepG2,dn,cnn,probability,within_fold,0.7873071250378322,0.812338100197618,0.025030975159785696,0.002969069988674213,7584
NKRF:HepG2,dn,cnn,logit,within_fold,0.7873071250378322,0.8128530778765867,0.025545952838754382,0.0030687176762952953,7584
NKRF:HepG2,dn,splicebert,probability,within_fold,0.7873071250378322,0.8476878927878366,0.06038076775000434,0.0036566378823928796,7584
NKRF:HepG2,dn,splicebert,logit,within_fold,0.7873071250378322,0.8502721697021488,0.06296504466431652,0.0037910420937982423,7584
NKRF:HepG2,neg2,kmer,native,whole_dataset,0.8907523830831849,0.8937667625950921,0.003014379511907306,0.0009044952518813848,7074
NKRF:HepG2,neg2,cnn,probability,whole_dataset,0.8907523830831849,0.8936753184498394,0.0029229353666545554,0.0008480779062549006,7074
NKRF:HepG2,neg2,cnn,logit,whole_dataset,0.8907523830831849,0.8937095300706158,0.002957146987430992,0.000977556900695563,7074
NKRF:HepG2,neg2,splicebert,probability,whole_dataset,0.8907523830831849,0.9070077789072409,0.016255395824056107,0.0017670860345316778,7074
NKRF:HepG2,neg2,splicebert,logit,whole_dataset,0.8907523830831849,0.9070793195628363,0.016326936479651444,0.0018280793622123361,7074
NKRF:HepG2,neg2,kmer,native,within_fold,0.8907622149274733,0.8937628458441155,0.003000630916642044,0.0009082827713513098,7074
NKRF:HepG2,neg2,cnn,probability,within_fold,0.8907622149274733,0.8936169668536554,0.0028547519261820087,0.0008447076633157769,7074
NKRF:HepG2,neg2,cnn,logit,within_fold,0.8907622149274733,0.8936625290588951,0.0029003141314216663,0.0009748000750625163,7074
NKRF:HepG2,neg2,splicebert,probability,within_fold,0.8907622149274733,0.9069176936347761,0.016155478707302717,0.0017668160397300379,7074
NKRF:HepG2,neg2,splicebert,logit,within_fold,0.8907622149274733,0.9070607749459668,0.01629856001849339,0.0018327524822104775,7074
NOLC1:K562,gc,kmer,native,whole_dataset,0.7953063524210453,0.8014867914293243,0.006180439008279026,0.0022316521076003186,3134
NOLC1:K562,gc,cnn,probability,whole_dataset,0.7953063524210453,0.7952033179541834,-0.00010303446686188433,0.00202918246416436,3134
NOLC1:K562,gc,cnn,logit,whole_dataset,0.7953063524210453,0.7953466702559043,4.031783485902718e-05,0.001955236229620477,3134
NOLC1:K562,gc,splicebert,probability,whole_dataset,0.7953063524210453,0.816248820499705,0.020942468078659737,0.004044503921444152,3134
NOLC1:K562,gc,splicebert,logit,whole_dataset,0.7953063524210453,0.8180399097695003,0.022733557348454947,0.00424923457532137,3134
NOLC1:K562,gc,kmer,native,within_fold,0.7953144974381885,0.8015222222538972,0.006207724815708748,0.002229887772926806,3134
NOLC1:K562,gc,cnn,probability,within_fold,0.7953144974381885,0.7952053542084692,-0.00010914322971933288,0.002028537151084991,3134
NOLC1:K562,gc,cnn,logit,within_fold,0.7953144974381885,0.7953324164759036,1.7919037715086183e-05,0.001952506133337942,3134
NOLC1:K562,gc,splicebert,probability,within_fold,0.7953144974381885,0.8162651105339913,0.020950613095802817,0.004043812783181629,3134
NOLC1:K562,gc,splicebert,logit,within_fold,0.7953144974381885,0.8179906324157835,0.02267613497759502,0.004247458009067312,3134
NOLC1:K562,dn,kmer,native,whole_dataset,0.5837620187431539,0.6137421396405534,0.02998012089739943,0.007101822695959436,3140
NOLC1:K562,dn,cnn,probability,whole_dataset,0.5837620187431539,0.5902340865755203,0.006472067832366424,0.005206371925153608,3140
NOLC1:K562,dn,cnn,logit,whole_dataset,0.5837620187431539,0.5903626921984665,0.006600673455312567,0.005100943940183068,3140
NOLC1:K562,dn,splicebert,probability,whole_dataset,0.5837620187431539,0.6634139315996592,0.0796519128565053,0.009974446442793921,3140
NOLC1:K562,dn,splicebert,logit,whole_dataset,0.5837620187431539,0.6668996713862632,0.08313765264310924,0.010109731574092434,3140
NOLC1:K562,dn,kmer,native,within_fold,0.5837113067467239,0.6136565377905797,0.029945231043855713,0.007105392844988271,3140
NOLC1:K562,dn,cnn,probability,within_fold,0.5837113067467239,0.5902267840480344,0.006515477301310413,0.005211710616311532,3140
NOLC1:K562,dn,cnn,logit,within_fold,0.5837113067467239,0.5903379447442088,0.006626637997484752,0.005110495140795039,3140
NOLC1:K562,dn,splicebert,probability,within_fold,0.5837113067467239,0.6633538885958862,0.07964258184916218,0.009977450510200039,3140
NOLC1:K562,dn,splicebert,logit,within_fold,0.5837113067467239,0.6668286745912613,0.08311736784453727,0.010116021637723162,3140
NOLC1:K562,neg2,kmer,native,whole_dataset,0.7174835643735321,0.7260504934047759,0.008566929031243897,0.0038768823280954665,3134
NOLC1:K562,neg2,cnn,probability,whole_dataset,0.7174835643735321,0.7225660550709044,0.005082490697372433,0.0033742008217664933,3134
NOLC1:K562,neg2,cnn,logit,whole_dataset,0.7174835643735321,0.7220753177880251,0.004591753414493138,0.0031094313882982913,3134
NOLC1:K562,neg2,splicebert,probability,whole_dataset,0.7174835643735321,0.7612369674635073,0.04375340308997533,0.006470540223417714,3134
NOLC1:K562,neg2,splicebert,logit,whole_dataset,0.7174835643735321,0.7602929599766075,0.042809395603075506,0.006487344963212533,3134
NOLC1:K562,neg2,kmer,native,within_fold,0.7174065939615286,0.7259735229927725,0.008566929031243897,0.0038767922603247028,3134
NOLC1:K562,neg2,cnn,probability,within_fold,0.7174065939615286,0.7225408055177603,0.005134211556231727,0.003380397316376521,3134
NOLC1:K562,neg2,cnn,logit,within_fold,0.7174065939615286,0.7220362217057377,0.004629627744209053,0.003119708219313233,3134
NOLC1:K562,neg2,splicebert,probability,within_fold,0.7174065939615286,0.7613045711057961,0.043897977144267464,0.006467806084058868,3134
NOLC1:K562,neg2,splicebert,logit,within_fold,0.7174065939615286,0.7602371666091764,0.04283057264764778,0.006487521008706648,3134
NONO:K562,gc,kmer,native,whole_dataset,0.8139088590405691,0.8415991457159799,0.027690286675410736,0.001394467152915547,22328
NONO:K562,gc,cnn,probability,whole_dataset,0.8139088590405691,0.8592156646080885,0.045306805567519315,0.0016599218883525102,22328
NONO:K562,gc,cnn,logit,whole_dataset,0.8139088590405691,0.8610503433966038,0.0471414843560346,0.001710057953674747,22328
NONO:K562,gc,splicebert,probability,whole_dataset,0.8139088590405691,0.8962020716894569,0.08229321264888767,0.0022054707901114534,22328
NONO:K562,gc,splicebert,logit,whole_dataset,0.8139088590405691,0.8978475819484778,0.0839387229079086,0.0022005321259634565,22328
NONO:K562,gc,kmer,native,within_fold,0.8139032586828653,0.8415923578898802,0.0276890992070149,0.001395053611506027,22328
NONO:K562,gc,cnn,probability,within_fold,0.8139032586828653,0.859182094555605,0.04527883587273973,0.0016604168621650178,22328
NONO:K562,gc,cnn,logit,within_fold,0.8139032586828653,0.8610128579077885,0.04710959922492319,0.0017101714438053325,22328
NONO:K562,gc,splicebert,probability,within_fold,0.8139032586828653,0.8962255482605771,0.08232228957771182,0.0022053910172007357,22328
NONO:K562,gc,splicebert,logit,within_fold,0.8139032586828653,0.8978513369161073,0.08394807823324202,0.0022009089390981136,22328
NONO:K562,dn,kmer,native,whole_dataset,0.6624164763118137,0.7190265138524091,0.05661003754059557,0.002725880251751086,22686
NONO:K562,dn,cnn,probability,whole_dataset,0.6624164763118137,0.7658668222599532,0.10345034594813962,0.00321322053269805,22686
NONO:K562,dn,cnn,logit,whole_dataset,0.6624164763118137,0.7666708255724972,0.10425434926068367,0.003190184820418091,22686
NONO:K562,dn,splicebert,probability,whole_dataset,0.6624164763118137,0.8346065173388639,0.17219004102705038,0.003513333247748443,22686
NONO:K562,dn,splicebert,logit,whole_dataset,0.6624164763118137,0.8366075564979507,0.17419108018613716,0.003495436296445968,22686
NONO:K562,dn,kmer,native,within_fold,0.6624359145915409,0.7190402473351272,0.05660433274358623,0.002726024145108198,22686
NONO:K562,dn,cnn,probability,within_fold,0.6624359145915409,0.7658817526619348,0.10344583807039387,0.0032127473818338256,22686
NONO:K562,dn,cnn,logit,within_fold,0.6624359145915409,0.7666573330280723,0.10422141843653132,0.0031903709668257728,22686
NONO:K562,dn,splicebert,probability,within_fold,0.6624359145915409,0.834605771207375,0.17216985661583406,0.0035129588502396457,22686
NONO:K562,dn,splicebert,logit,within_fold,0.6624359145915409,0.8366313394391605,0.17419542484761952,0.0034948742056304318,22686
NONO:K562,neg2,kmer,native,whole_dataset,0.8622011446938584,0.8863117597498538,0.02411061505599532,0.0012330549844636295,22328
NONO:K562,neg2,cnn,probability,whole_dataset,0.8622011446938584,0.884047442058282,0.02184629736442356,0.0011778834189172095,22328
NONO:K562,neg2,cnn,logit,whole_dataset,0.8622011446938584,0.8846033457596016,0.0224022010657432,0.00125125540031629,22328
NONO:K562,neg2,splicebert,probability,whole_dataset,0.8622011446938584,0.9278842740800298,0.06568312938617138,0.0018481732851908744,22328
NONO:K562,neg2,splicebert,logit,whole_dataset,0.8622011446938584,0.929956462594553,0.06775531790069456,0.001930852501570535,22328
NONO:K562,neg2,kmer,native,within_fold,0.8622005589830959,0.8863484509185935,0.024147891935497712,0.0012315784655576529,22328
NONO:K562,neg2,cnn,probability,within_fold,0.8622005589830959,0.8840577762426985,0.021857217259602768,0.0011788501941316773,22328
NONO:K562,neg2,cnn,logit,within_fold,0.8622005589830959,0.8845865206161845,0.022385961633088702,0.0012524798265062173,22328
NONO:K562,neg2,splicebert,probability,within_fold,0.8622005589830959,0.9278890319770475,0.06568847299395175,0.0018478924974713864,22328
NONO:K562,neg2,splicebert,logit,within_fold,0.8622005589830959,0.9299548980247073,0.06775433904161154,0.0019302756386622467,22328
PCBP1:HepG2,gc,kmer,native,whole_dataset,0.8440294261802163,0.8465820279685436,0.002552601788327502,0.001967119060250245,1858
PCBP1:HepG2,gc,cnn,probability,whole_dataset,0.8440294261802163,0.8435033793296031,-0.0005260468506130822,0.0022511017870054037,1858
PCBP1:HepG2,gc,cnn,logit,whole_dataset,0.8440294261802163,0.8435103314906244,-0.0005190946895917703,0.002372022211514166,1858
PCBP1:HepG2,gc,splicebert,probability,whole_dataset,0.8440294261802163,0.8521089959804922,0.00807956980027602,0.0034614344379076357,1858
PCBP1:HepG2,gc,splicebert,logit,whole_dataset,0.8440294261802163,0.8468462100873538,0.0028167839071376877,0.0035138569645395195,1858
PCBP1:HepG2,gc,kmer,native,within_fold,0.8440074110036487,0.8465715997270118,0.00256418872336317,0.001971231609044774,1858
PCBP1:HepG2,gc,cnn,probability,within_fold,0.8440074110036487,0.8435196010386528,-0.0004878099649958667,0.0022500722884983703,1858
PCBP1:HepG2,gc,cnn,logit,within_fold,0.8440074110036487,0.8435149662646386,-0.0004924447390100006,0.00237001646961467,1858
PCBP1:HepG2,gc,splicebert,probability,within_fold,0.8440074110036487,0.8521541850271309,0.008146774023482295,0.0034592949924867242,1858
PCBP1:HepG2,gc,splicebert,logit,within_fold,0.8440074110036487,0.8467535146070697,0.0027461036034210906,0.0035246500494372913,1858
PCBP1:HepG2,dn,kmer,native,whole_dataset,0.6377161611588955,0.6437618832050702,0.006045722046174817,0.005387027365074674,1880
PCBP1:HepG2,dn,cnn,probability,whole_dataset,0.6377161611588955,0.6494148936170213,0.011698732458125916,0.008117618276256391,1880
PCBP1:HepG2,dn,cnn,logit,whole_dataset,0.6377161611588955,0.648914667270258,0.011198506111362638,0.008067809852783027,1880
PCBP1:HepG2,dn,splicebert,probability,whole_dataset,0.6377161611588955,0.6759755545495699,0.03825939339067452,0.010527602666352154,1880
PCBP1:HepG2,dn,splicebert,logit,whole_dataset,0.6377161611588955,0.6736102308736985,0.035894069714803134,0.01021519712604299,1880
PCBP1:HepG2,dn,kmer,native,within_fold,0.6376946582163876,0.6437290629244001,0.006034404708012753,0.005392258636482111,1880
PCBP1:HepG2,dn,cnn,probability,within_fold,0.6376946582163876,0.649440923494794,0.011746265278406609,0.008124846903499726,1880
PCBP1:HepG2,dn,cnn,logit,within_fold,0.6376946582163876,0.6489282480760525,0.01123358985966516,0.008063979512749776,1880
PCBP1:HepG2,dn,splicebert,probability,within_fold,0.6376946582163876,0.6757933454051606,0.038098687188773184,0.010542457387784292,1880
PCBP1:HepG2,dn,splicebert,logit,within_fold,0.6376946582163876,0.673618153010412,0.03592349479402457,0.010221139875916345,1880
PCBP1:HepG2,neg2,kmer,native,whole_dataset,0.9031610317470434,0.9033128205960088,0.00015178884896538403,0.000896426985137513,1858
PCBP1:HepG2,neg2,cnn,probability,whole_dataset,0.9031610317470434,0.9021552857859592,-0.00100574596108427,0.0007761196368900604,1858
PCBP1:HepG2,neg2,cnn,logit,whole_dataset,0.9031610317470434,0.9015886846627217,-0.0015723470843217457,0.0008324624182694071,1858
PCBP1:HepG2,neg2,splicebert,probability,whole_dataset,0.9031610317470434,0.9048504068752237,0.0016893751281802372,0.0015075870713413238,1858
PCBP1:HepG2,neg2,splicebert,logit,whole_dataset,0.9031610317470434,0.90414476253156,0.0009837307845165233,0.0016379029797158144,1858
PCBP1:HepG2,neg2,kmer,native,within_fold,0.9031899990846323,0.9033244075310441,0.00013440844641199323,0.0008944697370797868,1858
PCBP1:HepG2,neg2,cnn,probability,within_fold,0.9031899990846323,0.9021599205599733,-0.0010300785246588617,0.0007753248633978549,1858
PCBP1:HepG2,neg2,cnn,logit,within_fold,0.9031899990846323,0.9016419845638852,-0.001548014520746932,0.0008274843342279982,1858
PCBP1:HepG2,neg2,splicebert,probability,within_fold,0.9031899990846323,0.9048816915998197,0.0016916925151875262,0.0015066022797113213,1858
PCBP1:HepG2,neg2,splicebert,logit,within_fold,0.9031899990846323,0.9041667777081274,0.0009767786234952114,0.0016393792848618616,1858
PCBP2:HepG2,gc,kmer,native,whole_dataset,0.9500497899436555,0.9579819533498843,0.007932163406228931,0.0006336376652595752,17178
PCBP2:HepG2,gc,cnn,probability,whole_dataset,0.9500497899436555,0.9656419227841821,0.01559213284052674,0.0008428582412444915,17178
PCBP2:HepG2,gc,cnn,logit,whole_dataset,0.9500497899436555,0.9660337709488539,0.01598398100519849,0.0009635395765874259,17178
PCBP2:HepG2,gc,splicebert,probability,whole_dataset,0.9500497899436555,0.9703985937765369,0.020348803832881512,0.0009810135917287257,17178
PCBP2:HepG2,gc,splicebert,logit,whole_dataset,0.9500497899436555,0.9706713028565822,0.020621512912926798,0.0010712753934995162,17178
PCBP2:HepG2,gc,kmer,native,within_fold,0.9500493697238781,0.9579844068911652,0.007935037167287051,0.0006338471745951319,17178
PCBP2:HepG2,gc,cnn,probability,within_fold,0.9500493697238781,0.9656744559282375,0.01562508620435943,0.0008426167013420554,17178
PCBP2:HepG2,gc,cnn,logit,within_fold,0.9500493697238781,0.9660315478506769,0.015982178126798807,0.0009639216044393119,17178
PCBP2:HepG2,gc,splicebert,probability,within_fold,0.9500493697238781,0.9703799278851352,0.020330558161257062,0.0009808169714461087,17178
PCBP2:HepG2,gc,splicebert,logit,within_fold,0.9500493697238781,0.9706657857775693,0.020616416053691244,0.0010713110488547732,17178
PCBP2:HepG2,dn,kmer,native,whole_dataset,0.8188068256959599,0.8504678029050673,0.03166097720910743,0.0018684916819109863,17040
PCBP2:HepG2,dn,cnn,probability,whole_dataset,0.8188068256959599,0.8762369955255792,0.05743016982961935,0.002254724628906617,17040
PCBP2:HepG2,dn,cnn,logit,whole_dataset,0.8188068256959599,0.8770372528598823,0.05823042716392246,0.0023458843299772767,17040
PCBP2:HepG2,dn,splicebert,probability,whole_dataset,0.8188068256959599,0.9026625559302607,0.08385573023430082,0.0024457744703888684,17040
PCBP2:HepG2,dn,splicebert,logit,whole_dataset,0.8188068256959599,0.9062470106239944,0.08744018492803451,0.002596418761979792,17040
PCBP2:HepG2,dn,kmer,native,within_fold,0.8187966177345763,0.850503344794904,0.0317067270603274,0.0018691641502701299,17040
PCBP2:HepG2,dn,cnn,probability,within_fold,0.8187966177345763,0.8762064267451344,0.05740980901055781,0.002254679725871082,17040
PCBP2:HepG2,dn,cnn,logit,within_fold,0.8187966177345763,0.8770474470453392,0.05825082931076264,0.0023453751664451366,17040
PCBP2:HepG2,dn,splicebert,probability,within_fold,0.8187966177345763,0.9026677907822521,0.08387117304767555,0.0024457380717711652,17040
PCBP2:HepG2,dn,splicebert,logit,within_fold,0.8187966177345763,0.9062467764332474,0.08745015869867079,0.0025967180208088516,17040
PCBP2:HepG2,neg2,kmer,native,whole_dataset,0.9389332552863207,0.9525305641771775,0.013597308890856752,0.0008607709537419471,17178
PCBP2:HepG2,neg2,cnn,probability,whole_dataset,0.9389332552863207,0.9619966517701466,0.023063396483825827,0.0010508897477221793,17178
PCBP2:HepG2,neg2,cnn,logit,whole_dataset,0.9389332552863207,0.9628529105662108,0.02391965527989004,0.0011872255891733536,17178
PCBP2:HepG2,neg2,splicebert,probability,whole_dataset,0.9389332552863207,0.970483939057776,0.0315506837714552,0.0012478406830326728,17178
PCBP2:HepG2,neg2,splicebert,logit,whole_dataset,0.9389332552863207,0.9718916617565341,0.03295840647021331,0.0013477048764224944,17178
PCBP2:HepG2,neg2,kmer,native,within_fold,0.9389322928474758,0.9525382501324606,0.013605957284984815,0.0008616647555048939,17178
PCBP2:HepG2,neg2,cnn,probability,within_fold,0.9389322928474758,0.9619934391221713,0.023061146274695465,0.0010508208857170976,17178
PCBP2:HepG2,neg2,cnn,logit,within_fold,0.9389322928474758,0.9628496165853752,0.023917323737899343,0.0011860414190743658,17178
PCBP2:HepG2,neg2,splicebert,probability,within_fold,0.9389322928474758,0.9704776222056385,0.03154532935816268,0.0012475922497273255,17178
PCBP2:HepG2,neg2,splicebert,logit,within_fold,0.9389322928474758,0.9718904553191087,0.03295816247163286,0.0013478863677915775,17178
PHF6:K562,gc,kmer,native,whole_dataset,0.7941817513392389,0.8022828332341305,0.00810108189489167,0.0037010625493620257,1352
PHF6:K562,gc,cnn,probability,whole_dataset,0.7941817513392389,0.7937615979832638,-0.0004201533559750059,0.0019404449522512955,1352
PHF6:K562,gc,cnn,logit,whole_dataset,0.7941817513392389,0.793763786281993,-0.00041796505724589483,0.0020920044661794797,1352
PHF6:K562,gc,splicebert,probability,whole_dataset,0.7941817513392389,0.8018955043590911,0.007713753019852221,0.005631076974251078,1352
PHF6:K562,gc,splicebert,logit,whole_dataset,0.7941817513392389,0.7966304576170302,0.002448706277791368,0.005963192462711609,1352
PHF6:K562,gc,kmer,native,within_fold,0.7941489268583033,0.8022478204544659,0.00809889359616256,0.0037009860345700533,1352
PHF6:K562,gc,cnn,probability,within_fold,0.7941489268583033,0.7937397149959735,-0.00040921186232978357,0.001928286299421504,1352
PHF6:K562,gc,cnn,logit,within_fold,0.7941489268583033,0.7937550330870767,-0.0003938937712265611,0.0020857253684646287,1352
PHF6:K562,gc,splicebert,probability,within_fold,0.7941489268583033,0.8018451734883233,0.007696246630019998,0.00564447491908256,1352
PHF6:K562,gc,splicebert,logit,within_fold,0.7941489268583033,0.7965122894856623,0.0023633626273590336,0.005982115489565793,1352
PHF6:K562,dn,kmer,native,whole_dataset,0.6122395321153149,0.6334703172713628,0.021230785156047816,0.008420578689144729,1390
PHF6:K562,dn,cnn,probability,whole_dataset,0.6122395321153149,0.6108627917809637,-0.0013767403343513118,0.0021252470384016827,1390
PHF6:K562,dn,cnn,logit,whole_dataset,0.6122395321153149,0.6107178717457689,-0.0015216603695461517,0.0020614083556001277,1390
PHF6:K562,dn,splicebert,probability,whole_dataset,0.6122395321153149,0.6561627244966617,0.043923192381346676,0.01275886861227442,1390
PHF6:K562,dn,splicebert,logit,whole_dataset,0.6122395321153149,0.6500885047357797,0.037848972620464716,0.01213825778498382,1390
PHF6:K562,dn,kmer,native,within_fold,0.6120966823663372,0.6332487966461363,0.02115211427979924,0.008415305021425972,1390
PHF6:K562,dn,cnn,probability,within_fold,0.6120966823663372,0.6107737694736297,-0.001322912892707362,0.002116420565300852,1390
PHF6:K562,dn,cnn,logit,within_fold,0.6120966823663372,0.610514983696496,-0.0015816986698410362,0.002090623730146756,1390
PHF6:K562,dn,splicebert,probability,within_fold,0.6120966823663372,0.6561295999171886,0.04403291755085148,0.012764513444282541,1390
PHF6:K562,dn,splicebert,logit,within_fold,0.6120966823663372,0.6499601469903213,0.037863464623984266,0.012143778449102131,1390
PHF6:K562,neg2,kmer,native,whole_dataset,0.7641604810755925,0.7710514337733273,0.006890952697734654,0.004140332714098937,1352
PHF6:K562,neg2,cnn,probability,whole_dataset,0.7641604810755925,0.7629022093063967,-0.0012582717691959067,0.0005500221450632407,1352
PHF6:K562,neg2,cnn,logit,whole_dataset,0.7641604810755925,0.7626242953678093,-0.0015361857077833552,0.0005451535163864789,1352
PHF6:K562,neg2,splicebert,probability,whole_dataset,0.7641604810755925,0.8052392248170582,0.041078743741465584,0.009007868496322721,1352
PHF6:K562,neg2,splicebert,logit,whole_dataset,0.7641604810755925,0.8031800357130352,0.039019554637442555,0.009233725646202322,1352
PHF6:K562,neg2,kmer,native,within_fold,0.7642261300374638,0.771033927383495,0.006807797346031319,0.00415025428026188,1352
PHF6:K562,neg2,cnn,probability,within_fold,0.7642261300374638,0.7629240922936872,-0.001302037743776463,0.0005476837859930998,1352
PHF6:K562,neg2,cnn,logit,within_fold,0.7642261300374638,0.7626242953678093,-0.0016018346696543562,0.0005573794610985921,1352
PHF6:K562,neg2,splicebert,probability,within_fold,0.7642261300374638,0.8051998354399356,0.040973705402471916,0.009011701691432658,1352
PHF6:K562,neg2,splicebert,logit,within_fold,0.7642261300374638,0.8030159133083576,0.038789783270893996,0.009260963919536978,1352
PPIL4:K562,gc,kmer,native,whole_dataset,0.697362829242154,0.694302528616698,-0.003060300625456036,0.001193550845106043,1316
PPIL4:K562,gc,cnn,probability,whole_dataset,0.697362829242154,0.6976815624393713,0.0003187331972173135,0.0009846480669161923,1316
PPIL4:K562,gc,cnn,logit,whole_dataset,0.697362829242154,0.6976469175266303,0.00028408828447634704,0.001227861257236775,1316
PPIL4:K562,gc,splicebert,probability,whole_dataset,0.697362829242154,0.715678439777903,0.01831561053574904,0.0072873880493545835,1316
PPIL4:K562,gc,splicebert,logit,whole_dataset,0.697362829242154,0.7067908648294084,0.009428035587254469,0.00600690930898792,1316
PPIL4:K562,gc,kmer,native,within_fold,0.6973951644940456,0.6943741281030293,-0.003021036391016474,0.0011970462835051003,1316
PPIL4:K562,gc,cnn,probability,within_fold,0.6973951644940456,0.6976653948134255,0.0002702303193796718,0.0009774548607542723,1316
PPIL4:K562,gc,cnn,logit,within_fold,0.6973951644940456,0.6976238209181365,0.00022865642409064524,0.001228440251685326,1316
PPIL4:K562,gc,splicebert,probability,within_fold,0.6973951644940456,0.715620698256668,0.018225533762622148,0.007290585084918404,1316
PPIL4:K562,gc,splicebert,logit,within_fold,0.6973951644940456,0.706661523821842,0.009266359327796181,0.006013610060657604,1316
PPIL4:K562,dn,kmer,native,whole_dataset,0.5255583366529966,0.5570195334357247,0.031461196782728185,0.011106175725664807,1318
PPIL4:K562,dn,cnn,probability,whole_dataset,0.5255583366529966,0.5326781507825579,0.007119814129561308,0.008770170990476039,1318
PPIL4:K562,dn,cnn,logit,whole_dataset,0.5255583366529966,0.5322360407201788,0.006677704067182266,0.008779512282329144,1318
PPIL4:K562,dn,splicebert,probability,whole_dataset,0.5255583366529966,0.6361687478844343,0.11061041123143778,0.0170142421109254,1318
PPIL4:K562,dn,splicebert,logit,whole_dataset,0.5255583366529966,0.6397654974544132,0.11420716080141669,0.017212150677331874,1318
PPIL4:K562,dn,kmer,native,within_fold,0.525466230390001,0.5570540732843481,0.03158784289434724,0.011111802839885701,1318
PPIL4:K562,dn,cnn,probability,within_fold,0.525466230390001,0.5323120283871503,0.006845797997149461,0.008781400072286718,1318
PPIL4:K562,dn,cnn,logit,within_fold,0.525466230390001,0.532063341477062,0.0065971110870611804,0.008790654517560892,1318
PPIL4:K562,dn,splicebert,probability,within_fold,0.525466230390001,0.6362171036725071,0.11075087328250621,0.017022657744596503,1318
PPIL4:K562,dn,splicebert,logit,within_fold,0.525466230390001,0.6398345771516598,0.11436834676165897,0.01721268743496941,1318
PPIL4:K562,neg2,kmer,native,whole_dataset,0.7912874973438901,0.7855387514897312,-0.005748745854158854,0.004196636134725496,1316
PPIL4:K562,neg2,cnn,probability,whole_dataset,0.7912874973438901,0.7900056355724725,-0.0012818617714175362,0.0008944134697384964,1316
PPIL4:K562,neg2,cnn,logit,whole_dataset,0.7912874973438901,0.7899063201559483,-0.001381177187941729,0.000871649939278671,1316
PPIL4:K562,neg2,splicebert,probability,whole_dataset,0.7912874973438901,0.8407881486682496,0.049500651324359546,0.008289592293552844,1316
PPIL4:K562,neg2,splicebert,logit,whole_dataset,0.7912874973438901,0.8423656470283905,0.05107814968450042,0.008157317450304588,1316
PPIL4:K562,neg2,kmer,native,within_fold,0.7912043495533116,0.7853770752302732,-0.005827274323038312,0.0042063957011539335,1316
PPIL4:K562,neg2,cnn,probability,within_fold,0.7912043495533116,0.789984848624828,-0.0012195009284835523,0.0008881941233674252,1316
PPIL4:K562,neg2,cnn,logit,within_fold,0.7912043495533116,0.7898254820262194,-0.0013788675270921535,0.000878942883151905,1316
PPIL4:K562,neg2,splicebert,probability,within_fold,0.7912043495533116,0.840744265112111,0.04953991555879944,0.008298197804517612,1316
PPIL4:K562,neg2,splicebert,logit,within_fold,0.7912043495533116,0.8423587180458421,0.05115436849253052,0.008157922684282521,1316
PRPF4:HepG2,gc,kmer,native,whole_dataset,0.8850121240177373,0.8907441750793454,0.005732051061608123,0.0006245232324785304,17734
PRPF4:HepG2,gc,cnn,probability,whole_dataset,0.8850121240177373,0.8973809153116689,0.012368791293931536,0.0008538018360615994,17734
PRPF4:HepG2,gc,cnn,logit,whole_dataset,0.8850121240177373,0.8995157807973115,0.014503656779574214,0.0010527781937966628,17734
PRPF4:HepG2,gc,splicebert,probability,whole_dataset,0.8850121240177373,0.9262740775238874,0.04126195350615003,0.0015853214035021807,17734
PRPF4:HepG2,gc,splicebert,logit,whole_dataset,0.8850121240177373,0.928129396217977,0.04311727220023964,0.0016711493764812236,17734
PRPF4:HepG2,gc,kmer,native,within_fold,0.8849907945682886,0.8907358061003726,0.005745011532084177,0.0006233584832132319,17734
PRPF4:HepG2,gc,cnn,probability,within_fold,0.8849907945682886,0.8973819455355242,0.012391150967235753,0.0008541046644770312,17734
PRPF4:HepG2,gc,cnn,logit,within_fold,0.8849907945682886,0.8995307762778723,0.014539981709583816,0.0010510138303419356,17734
PRPF4:HepG2,gc,splicebert,probability,within_fold,0.8849907945682886,0.9262934991513817,0.041302704583093264,0.0015854657235374982,17734
PRPF4:HepG2,gc,splicebert,logit,within_fold,0.8849907945682886,0.9281298668140591,0.04313907224577063,0.0016718221190072657,17734
PRPF4:HepG2,dn,kmer,native,whole_dataset,0.762673991614172,0.7788367996883576,0.016162808074185686,0.0015487518723685469,18310
PRPF4:HepG2,dn,cnn,probability,whole_dataset,0.762673991614172,0.8183225062869849,0.055648514672812954,0.002483670056054791,18310
PRPF4:HepG2,dn,cnn,logit,whole_dataset,0.762673991614172,0.8185435074857699,0.05586951587159794,0.0025070487422651547,18310
PRPF4:HepG2,dn,splicebert,probability,whole_dataset,0.762673991614172,0.8597650452892579,0.09709105367508597,0.002894497247039512,18310
PRPF4:HepG2,dn,splicebert,logit,whole_dataset,0.762673991614172,0.8611974905154597,0.09852349890128775,0.0029276637503842426,18310
PRPF4:HepG2,dn,kmer,native,within_fold,0.7626472777079969,0.7788658759676558,0.01621859825965888,0.001550023068679772,18310
PRPF4:HepG2,dn,cnn,probability,within_fold,0.7626472777079969,0.818309250748905,0.05566197304090814,0.0024845619656212784,18310
PRPF4:HepG2,dn,cnn,logit,within_fold,0.7626472777079969,0.8185439012146236,0.05589662350662672,0.0025071602280570234,18310
PRPF4:HepG2,dn,splicebert,probability,within_fold,0.7626472777079969,0.8597717983356604,0.09712452062766352,0.0028939086792816376,18310
PRPF4:HepG2,dn,splicebert,logit,within_fold,0.7626472777079969,0.861188434751821,0.09854115704382416,0.0029278011456260705,18310
PRPF4:HepG2,neg2,kmer,native,whole_dataset,0.9281680486907705,0.9309363746592964,0.00276832596852572,0.0003855820202600175,17734
PRPF4:HepG2,neg2,cnn,probability,whole_dataset,0.9281680486907705,0.9325335904805993,0.00436554178982862,0.0004186888700739278,17734
PRPF4:HepG2,neg2,cnn,logit,whole_dataset,0.9281680486907705,0.9330532938997558,0.004885245208985145,0.0005607300864663265,17734
PRPF4:HepG2,neg2,splicebert,probability,whole_dataset,0.9281680486907705,0.9363812603603476,0.008213211669577003,0.0005916380643269612,17734
PRPF4:HepG2,neg2,splicebert,logit,whole_dataset,0.9281680486907705,0.9368322821891504,0.008664233498379748,0.0006967101986415901,17734
PRPF4:HepG2,neg2,kmer,native,within_fold,0.9281693332908864,0.9309280311179498,0.0027586978270632834,0.0003874118609122998,17734
PRPF4:HepG2,neg2,cnn,probability,within_fold,0.9281693332908864,0.9325292660841696,0.004359932793283172,0.0004187510482980976,17734
PRPF4:HepG2,neg2,cnn,logit,within_fold,0.9281693332908864,0.9330695994180583,0.004900266127171871,0.0005606702814303689,17734
PRPF4:HepG2,neg2,splicebert,probability,within_fold,0.9281693332908864,0.9363816037682994,0.008212270477412908,0.0005924951094594783,17734
PRPF4:HepG2,neg2,splicebert,logit,within_fold,0.9281693332908864,0.9368113978981576,0.008642064607271127,0.0006970060813185318,17734
PTBP1:HepG2,gc,kmer,native,whole_dataset,0.9664757313383429,0.970515610314843,0.004039878976500044,0.0004504861970012855,16698
PTBP1:HepG2,gc,cnn,probability,whole_dataset,0.9664757313383429,0.9721972924462914,0.005721561107948414,0.0004562503483230487,16698
PTBP1:HepG2,gc,cnn,logit,whole_dataset,0.9664757313383429,0.9724598100522509,0.0059840787139079366,0.0006161653084592527,16698
PTBP1:HepG2,gc,splicebert,probability,whole_dataset,0.9664757313383429,0.9759912808404569,0.009515549502113974,0.0005662682798886226,16698
PTBP1:HepG2,gc,splicebert,logit,whole_dataset,0.9664757313383429,0.9783005004131579,0.01182476907481489,0.0007335066725725019,16698
PTBP1:HepG2,gc,kmer,native,within_fold,0.9664807094032245,0.9705217790984139,0.004041069695189359,0.000449094920202232,16698
PTBP1:HepG2,gc,cnn,probability,within_fold,0.9664807094032245,0.9721958865374777,0.00571517713425318,0.0004564656178932503,16698
PTBP1:HepG2,gc,cnn,logit,within_fold,0.9664807094032245,0.9724586767175948,0.0059779673143702805,0.0006160515167865096,16698
PTBP1:HepG2,gc,splicebert,probability,within_fold,0.9664807094032245,0.975988497714846,0.009507788311621468,0.0005660666896931142,16698
PTBP1:HepG2,gc,splicebert,logit,within_fold,0.9664807094032245,0.9783087350219245,0.0118280256187,0.0007336305061878166,16698
PTBP1:HepG2,dn,kmer,native,whole_dataset,0.8170257464223671,0.8608282951007827,0.0438025486784156,0.0021104853721399604,16002
PTBP1:HepG2,dn,cnn,probability,whole_dataset,0.8170257464223671,0.9038413849062518,0.08681563848388463,0.0026861418179158305,16002
PTBP1:HepG2,dn,cnn,logit,whole_dataset,0.8170257464223671,0.9053456806838027,0.08831993426143558,0.0027722222331041046,16002
PTBP1:HepG2,dn,splicebert,probability,whole_dataset,0.8170257464223671,0.9192495951129468,0.10222384869057966,0.002823197311220771,16002
PTBP1:HepG2,dn,splicebert,logit,whole_dataset,0.8170257464223671,0.9205195119888853,0.10349376556651813,0.0028340735629627774,16002
PTBP1:HepG2,dn,kmer,native,within_fold,0.8171373903846322,0.8608436818788479,0.04370629149421568,0.002108517232689986,16002
PTBP1:HepG2,dn,cnn,probability,within_fold,0.8171373903846322,0.9038462430666357,0.08670885268200357,0.0026857548932224394,16002
PTBP1:HepG2,dn,cnn,logit,within_fold,0.8171373903846322,0.9053128295221065,0.08817543913747428,0.0027719936229591777,16002
PTBP1:HepG2,dn,splicebert,probability,within_fold,0.8171373903846322,0.919236192213881,0.1020988018292488,0.0028233995993711056,16002
PTBP1:HepG2,dn,splicebert,logit,within_fold,0.8171373903846322,0.9205191839459013,0.10338179356126909,0.0028332601861398993,16002
PTBP1:HepG2,neg2,kmer,native,whole_dataset,0.9537627865434041,0.9578137549843233,0.004050968440919123,0.0004959645714893513,16698
PTBP1:HepG2,neg2,cnn,probability,whole_dataset,0.9537627865434041,0.9569313750515541,0.0031685885081499388,0.0004293777909383704,16698
PTBP1:HepG2,neg2,cnn,logit,whole_dataset,0.9537627865434041,0.9575540061579666,0.0037912196145624133,0.000582981688510464,16698
PTBP1:HepG2,neg2,splicebert,probability,whole_dataset,0.9537627865434041,0.9625380102869774,0.008775223743573202,0.0006805596323156409,16698
PTBP1:HepG2,neg2,splicebert,logit,whole_dataset,0.9537627865434041,0.9676864196711548,0.013923633127750579,0.0009208859459475678,16698
PTBP1:HepG2,neg2,kmer,native,within_fold,0.9537891545066672,0.9578202106880602,0.004031056181392878,0.0004974814820286634,16698
PTBP1:HepG2,neg2,cnn,probability,within_fold,0.9537891545066672,0.9569389210519222,0.003149766545254895,0.00042883577070397934,16698
PTBP1:HepG2,neg2,cnn,logit,within_fold,0.9537891545066672,0.9575445377924859,0.003755383285818592,0.0005848303615607673,16698
PTBP1:HepG2,neg2,splicebert,probability,within_fold,0.9537891545066672,0.9625480524927903,0.008758897986122949,0.0006799299886757379,16698
PTBP1:HepG2,neg2,splicebert,logit,within_fold,0.9537891545066672,0.9676815563743397,0.013892401867672377,0.0009204231849253843,16698
PTBP1:K562,gc,kmer,native,whole_dataset,0.9610079657658929,0.9637202449088356,0.0027122791429428084,0.00039754432419613375,15570
PTBP1:K562,gc,cnn,probability,whole_dataset,0.9610079657658929,0.9671402401320986,0.006132274366205892,0.000489348503647104,15570
PTBP1:K562,gc,cnn,logit,whole_dataset,0.9610079657658929,0.9680847965699892,0.00707683080409649,0.0006402626268193739,15570
PTBP1:K562,gc,splicebert,probability,whole_dataset,0.9610079657658929,0.9721078486574606,0.011099882891567825,0.0007014745319455761,15570
PTBP1:K562,gc,splicebert,logit,whole_dataset,0.9610079657658929,0.974189400511251,0.013181434745358267,0.0008485953789099974,15570
PTBP1:K562,gc,kmer,native,within_fold,0.9609901293142742,0.963723313900511,0.0027331845862368365,0.0003955513713056665,15570
PTBP1:K562,gc,cnn,probability,within_fold,0.9609901293142742,0.9671447116199697,0.006154582305695544,0.0004915392707961165,15570
PTBP1:K562,gc,cnn,logit,within_fold,0.9609901293142742,0.9680914460519525,0.0071013167376783315,0.0006393567010907152,15570
PTBP1:K562,gc,splicebert,probability,within_fold,0.9609901293142742,0.972117897130204,0.011127767815929834,0.0007007875856267678,15570
PTBP1:K562,gc,splicebert,logit,within_fold,0.9609901293142742,0.974182965528706,0.013192836214431791,0.0008492774989620494,15570
PTBP1:K562,dn,kmer,native,whole_dataset,0.8022715454649911,0.840330934388392,0.03805938892340088,0.0021423268516458233,15246
PTBP1:K562,dn,cnn,probability,whole_dataset,0.8022715454649911,0.8897780626162437,0.08750651715125257,0.002871495984833086,15246
PTBP1:K562,dn,cnn,logit,whole_dataset,0.8022715454649911,0.8909457592152309,0.08867421375023976,0.002971999310276959,15246
PTBP1:K562,dn,splicebert,probability,whole_dataset,0.8022715454649911,0.9113355263761331,0.109063980911142,0.0029882442190757724,15246
PTBP1:K562,dn,splicebert,logit,whole_dataset,0.8022715454649911,0.914569386001535,0.1122978405365439,0.0030540850930244456,15246
PTBP1:K562,dn,kmer,native,within_fold,0.8022620118430643,0.8403411047323608,0.03807909288929634,0.00214206335446902,15246
PTBP1:K562,dn,cnn,probability,within_fold,0.8022620118430643,0.8897785960860628,0.08751658424299835,0.0028707492106539913,15246
PTBP1:K562,dn,cnn,logit,within_fold,0.8022620118430643,0.8909346423925508,0.08867263054948638,0.002970938717039351,15246
PTBP1:K562,dn,splicebert,probability,within_fold,0.8022620118430643,0.9112904051546676,0.10902839331160319,0.0029885617683990478,15246
PTBP1:K562,dn,splicebert,logit,within_fold,0.8022620118430643,0.9145730342467491,0.11231102240368462,0.00305382307976346,15246
PTBP1:K562,neg2,kmer,native,whole_dataset,0.955313303212665,0.9597779931021937,0.004464689889528639,0.0005204989730325416,15570
PTBP1:K562,neg2,cnn,probability,whole_dataset,0.955313303212665,0.9575525616386765,0.00223925842601147,0.0003401110739020148,15570
PTBP1:K562,neg2,cnn,logit,whole_dataset,0.955313303212665,0.9589894107412233,0.0036761075285582923,0.0004972512404245505,15570
PTBP1:K562,neg2,splicebert,probability,whole_dataset,0.955313303212665,0.9664124766061574,0.011099173393492312,0.0008011242512261949,15570
PTBP1:K562,neg2,splicebert,logit,whole_dataset,0.955313303212665,0.9702413242204081,0.014928021007743042,0.001010108067760443,15570
PTBP1:K562,neg2,kmer,native,within_fold,0.9553081882265393,0.9597791315991054,0.00447094337256615,0.0005218782962753672,15570
PTBP1:K562,neg2,cnn,probability,within_fold,0.9553081882265393,0.9575552181314708,0.00224702990493153,0.00034085860892437775,15570
PTBP1:K562,neg2,cnn,logit,within_fold,0.9553081882265393,0.9590059601963329,0.003697771969793595,0.0004956384241563478,15570
PTBP1:K562,neg2,splicebert,probability,within_fold,0.9553081882265393,0.9664153145984592,0.011107126371919906,0.0008004482893055943,15570
PTBP1:K562,neg2,splicebert,logit,within_fold,0.9553081882265393,0.9702233887690579,0.014915200542518603,0.0010102121015809374,15570
PUM1:K562,gc,kmer,native,whole_dataset,0.7380557588355162,0.7755420223196416,0.037486263484125426,0.0040177141444486955,5302
PUM1:K562,gc,cnn,probability,whole_dataset,0.7380557588355162,0.7767072516708996,0.03865149283538338,0.003993541752997754,5302
PUM1:K562,gc,cnn,logit,whole_dataset,0.7380557588355162,0.7774821740114723,0.03942641517595613,0.004175217623777721,5302
PUM1:K562,gc,splicebert,probability,whole_dataset,0.7380557588355162,0.8805025924894572,0.14244683365394095,0.006004779872678801,5302
PUM1:K562,gc,splicebert,logit,whole_dataset,0.7380557588355162,0.8842100110688963,0.14615425223338008,0.0061046875256352134,5302
PUM1:K562,gc,kmer,native,within_fold,0.7380435217218018,0.7755609471582933,0.0375174254364915,0.004015622720768207,5302
PUM1:K562,gc,cnn,probability,within_fold,0.7380435217218018,0.7767183504484546,0.03867482872665284,0.003993813682833964,5302
PUM1:K562,gc,cnn,logit,within_fold,0.7380435217218018,0.7775224426531143,0.039478920931312556,0.004170698354135154,5302
PUM1:K562,gc,splicebert,probability,within_fold,0.7380435217218018,0.8804779759700083,0.14243445424820655,0.0060057134616887465,5302
PUM1:K562,gc,splicebert,logit,within_fold,0.7380435217218018,0.884184113921268,0.14614059219946618,0.006105041622985008,5302
PUM1:K562,dn,kmer,native,whole_dataset,0.5828080652640268,0.6940086318911179,0.1112005666270911,0.00820049158254786,5316
PUM1:K562,dn,cnn,probability,whole_dataset,0.5828080652640268,0.6974855073571501,0.11467744209312325,0.008209265101097138,5316
PUM1:K562,dn,cnn,logit,whole_dataset,0.5828080652640268,0.69752542263485,0.11471735737082311,0.00821961958114077,5316
PUM1:K562,dn,splicebert,probability,whole_dataset,0.5828080652640268,0.837079566152071,0.2542715008880442,0.008432612325742894,5316
PUM1:K562,dn,splicebert,logit,whole_dataset,0.5828080652640268,0.8442978619565507,0.2614897966925238,0.008519936321093444,5316
PUM1:K562,dn,kmer,native,within_fold,0.5829746620081857,0.6939875419039644,0.11101287989577868,0.008198532034171441,5316
PUM1:K562,dn,cnn,probability,within_fold,0.5829746620081857,0.6973977503636253,0.11442308835543957,0.008205735104960265,5316
PUM1:K562,dn,cnn,logit,within_fold,0.5829746620081857,0.6974747500482663,0.1145000880400806,0.008221127830469183,5316
PUM1:K562,dn,splicebert,probability,within_fold,0.5829746620081857,0.8369449582474872,0.25397029623930145,0.008432867736760325,5316
PUM1:K562,dn,splicebert,logit,within_fold,0.5829746620081857,0.8442800274707699,0.2613053654625842,0.008520031469964608,5316
PUM1:K562,neg2,kmer,native,whole_dataset,0.7960110139715111,0.8017221887756923,0.005711174804181152,0.0015644762531975241,5302
PUM1:K562,neg2,cnn,probability,whole_dataset,0.7960110139715111,0.8043299746250641,0.008318960653552865,0.0016550523546220762,5302
PUM1:K562,neg2,cnn,logit,whole_dataset,0.7960110139715111,0.8049638855738801,0.008952871602368906,0.0018106245246735416,5302
PUM1:K562,neg2,splicebert,probability,whole_dataset,0.7960110139715111,0.8327234934512232,0.03671247947971201,0.0033294564282725643,5302
PUM1:K562,neg2,splicebert,logit,whole_dataset,0.7960110139715111,0.8325548774075988,0.03654386343608762,0.0033844651478668174,5302
PUM1:K562,neg2,kmer,native,within_fold,0.7960381917473189,0.8016645605076183,0.005626368760299205,0.0015631481479257653,5302
PUM1:K562,neg2,cnn,probability,within_fold,0.7960381917473189,0.8042990972567379,0.008260905509418826,0.0016519534144958828,5302
PUM1:K562,neg2,cnn,logit,within_fold,0.7960381917473189,0.8049862254210101,0.008948033673691014,0.0018126099619377076,5302
PUM1:K562,neg2,splicebert,probability,within_fold,0.7960381917473189,0.8327089796651896,0.036670787917870595,0.003326009932066789,5302
PUM1:K562,neg2,splicebert,logit,within_fold,0.7960381917473189,0.8325413596657049,0.036503167918385815,0.0033815226203401565,5302
QKI:HepG2,gc,kmer,native,whole_dataset,0.7988913889298316,0.9140062087320162,0.11511481980218474,0.0026256771466270715,19976
QKI:HepG2,gc,cnn,probability,whole_dataset,0.7988913889298316,0.9358900885307463,0.13699869960091482,0.0027280291122390326,19976
QKI:HepG2,gc,cnn,logit,whole_dataset,0.7988913889298316,0.938815074284576,0.13992368535474453,0.002793434517995097,19976
QKI:HepG2,gc,splicebert,probability,whole_dataset,0.7988913889298316,0.9465524428272678,0.14766105389743633,0.0027676309189997514,19976
QKI:HepG2,gc,splicebert,logit,whole_dataset,0.7988913889298316,0.9508893651957839,0.15199797626595246,0.0028561831649779415,19976
QKI:HepG2,gc,kmer,native,within_fold,0.7988920505166872,0.9140102183493239,0.11511816783263662,0.0026252848892436144,19976
QKI:HepG2,gc,cnn,probability,within_fold,0.7988920505166872,0.9358841342490444,0.13699208373235705,0.002727935680144517,19976
QKI:HepG2,gc,cnn,logit,within_fold,0.7988920505166872,0.9388147234430616,0.13992267292637428,0.0027934797117581765,19976
QKI:HepG2,gc,splicebert,probability,within_fold,0.7988920505166872,0.9465453959248494,0.1476533454081621,0.002768137258428813,19976
QKI:HepG2,gc,splicebert,logit,within_fold,0.7988920505166872,0.9508789702629138,0.15198691974622647,0.0028560735760311956,19976
QKI:HepG2,dn,kmer,native,whole_dataset,0.6222681339998657,0.8696379161944726,0.2473697821946068,0.004115206010801403,19980
QKI:HepG2,dn,cnn,probability,whole_dataset,0.6222681339998657,0.9050657464271078,0.282797612427242,0.004033684935723596,19980
QKI:HepG2,dn,cnn,logit,whole_dataset,0.6222681339998657,0.9076338400462525,0.28536570604638667,0.0040459045639036455,19980
QKI:HepG2,dn,splicebert,probability,whole_dataset,0.6222681339998657,0.9255204854504154,0.30325235145054963,0.004087432166587801,19980
QKI:HepG2,dn,splicebert,logit,whole_dataset,0.6222681339998657,0.9310789568347126,0.30881082283484684,0.004036926835611238,19980
QKI:HepG2,dn,kmer,native,within_fold,0.6220906091276461,0.8696502308113919,0.2475596216837458,0.0041151816552154755,19980
QKI:HepG2,dn,cnn,probability,within_fold,0.6220906091276461,0.905064554043533,0.2829739449158869,0.004033428422080128,19980
QKI:HepG2,dn,cnn,logit,within_fold,0.6220906091276461,0.9076325274223173,0.2855419182946711,0.004045645611217086,19980
QKI:HepG2,dn,splicebert,probability,within_fold,0.6220906091276461,0.9255252750247746,0.3034346658971284,0.004087676009936869,19980
QKI:HepG2,dn,splicebert,logit,within_fold,0.6220906091276461,0.9310783255728201,0.308987716445174,0.004037166088967988,19980
QKI:HepG2,neg2,kmer,native,whole_dataset,0.9206671052920694,0.9614125957957719,0.040745490503702464,0.0013590155099934818,19976
QKI:HepG2,neg2,cnn,probability,whole_dataset,0.9206671052920694,0.9618060194460024,0.041138914153933004,0.001308310943820353,19976
QKI:HepG2,neg2,cnn,logit,whole_dataset,0.9206671052920694,0.9658069559322208,0.04513985064015136,0.0014064639777181052,19976
QKI:HepG2,neg2,splicebert,probability,whole_dataset,0.9206671052920694,0.9741126977523208,0.05344559246025138,0.0015004043822074398,19976
QKI:HepG2,neg2,splicebert,logit,whole_dataset,0.9206671052920694,0.9773825005705686,0.056715395278499225,0.001576399532156985,19976
QKI:HepG2,neg2,kmer,native,within_fold,0.9206747536370837,0.9613966876391036,0.040721934002019844,0.0013587608929768367,19976
QKI:HepG2,neg2,cnn,probability,within_fold,0.9206747536370837,0.961836161744113,0.041161408107029285,0.0013087279868034085,19976
QKI:HepG2,neg2,cnn,logit,within_fold,0.9206747536370837,0.965803126747692,0.045128373110608244,0.0014062798210609016,19976
QKI:HepG2,neg2,splicebert,probability,within_fold,0.9206747536370837,0.9741142013588112,0.053439447721727484,0.001500334440867676,19976
QKI:HepG2,neg2,splicebert,logit,within_fold,0.9206747536370837,0.9773766866254725,0.05670193298838877,0.0015763972065122069,19976
QKI:K562,gc,kmer,native,whole_dataset,0.8665848867244149,0.9568614282843262,0.09027654155991127,0.004617841251685168,4378
QKI:K562,gc,cnn,probability,whole_dataset,0.8665848867244149,0.9539455656954986,0.08736067897108368,0.004696416750122978,4378
QKI:K562,gc,cnn,logit,whole_dataset,0.8665848867244149,0.9597411869347152,0.0931563002103003,0.004768764971014923,4378
QKI:K562,gc,splicebert,probability,whole_dataset,0.8665848867244149,0.9578214173988845,0.09123653067446957,0.00457364970938888,4378
QKI:K562,gc,splicebert,logit,whole_dataset,0.8665848867244149,0.9645634626890839,0.09797857596466897,0.004932977784633536,4378
QKI:K562,gc,kmer,native,within_fold,0.8665771650728413,0.9568501588468944,0.09027299377405307,0.004618182858374486,4378
QKI:K562,gc,cnn,probability,within_fold,0.8665771650728413,0.9539549568933584,0.08737779182051708,0.004695610718851559,4378
QKI:K562,gc,cnn,logit,within_fold,0.8665771650728413,0.9596946483319876,0.09311748325914626,0.004769761499661713,4378
QKI:K562,gc,splicebert,probability,within_fold,0.8665771650728413,0.9578222521720274,0.0912450870991861,0.004574033299075684,4378
QKI:K562,gc,splicebert,logit,within_fold,0.8665771650728413,0.9645377934149338,0.09796062834209252,0.004934845498986154,4378
QKI:K562,dn,kmer,native,whole_dataset,0.6778184706496893,0.9154833931274379,0.2376649224777485,0.007950893644421857,4378
QKI:K562,dn,cnn,probability,whole_dataset,0.6778184706496893,0.9360565859322778,0.25823811528258844,0.007981408453481598,4378
QKI:K562,dn,cnn,logit,whole_dataset,0.6778184706496893,0.940228782101462,0.2624103114517726,0.007950308531045032,4378
QKI:K562,dn,splicebert,probability,whole_dataset,0.6778184706496893,0.9349436246392476,0.25712515398955826,0.008030938338528812,4378
QKI:K562,dn,splicebert,logit,whole_dataset,0.6778184706496893,0.9444969771821022,0.2666785065324129,0.008086291328139266,4378
QKI:K562,dn,kmer,native,within_fold,0.677847479016412,0.9154696193705768,0.23762214035416496,0.007951695114615317,4378
QKI:K562,dn,cnn,probability,within_fold,0.677847479016412,0.9360743248615685,0.25822684584515665,0.007980092751280103,4378
QKI:K562,dn,cnn,logit,within_fold,0.677847479016412,0.9402317038074629,0.26238422479105106,0.007949689731027615,4378
QKI:K562,dn,splicebert,probability,within_fold,0.677847479016412,0.935060284185995,0.2572128051695831,0.008029568166449397,4378
QKI:K562,dn,splicebert,logit,within_fold,0.677847479016412,0.9444750643870959,0.2666275853706841,0.00808663869592671,4378
QKI:K562,neg2,kmer,native,whole_dataset,0.9403433547153518,0.9762425650408277,0.03589921032547594,0.0025794047011585023,4378
QKI:K562,neg2,cnn,probability,whole_dataset,0.9403433547153518,0.9732346687129738,0.03289131399762202,0.0024929204676797595,4378
QKI:K562,neg2,cnn,logit,whole_dataset,0.9403433547153518,0.9763596419741467,0.03601628725879491,0.0026507929120454746,4378
QKI:K562,neg2,splicebert,probability,whole_dataset,0.9403433547153518,0.9694819460481945,0.02913859133284269,0.0022828374898744242,4378
QKI:K562,neg2,splicebert,logit,whole_dataset,0.9403433547153518,0.9779283894033062,0.03758503468795438,0.0026837824106949477,4378
QKI:K562,neg2,kmer,native,within_fold,0.9403270766390612,0.9762408954945415,0.03591381885548006,0.0025797781874044353,4378
QKI:K562,neg2,cnn,probability,within_fold,0.9403270766390612,0.9732125472246819,0.03288547058562041,0.00249505770314226,4378
QKI:K562,neg2,cnn,logit,within_fold,0.9403270766390612,0.9763360596328543,0.03600898299379285,0.0026526003581550223,4378
QKI:K562,neg2,splicebert,probability,within_fold,0.9403270766390612,0.9694846590609095,0.02915758242184807,0.0022839103626076597,4378
QKI:K562,neg2,splicebert,logit,within_fold,0.9403270766390612,0.9778958332507256,0.037568756611664145,0.002684155785590663,4378
RBFOX2:K562,gc,kmer,native,whole_dataset,0.8076928019972557,0.8435826365830479,0.03588983458579231,0.0028950790606885354,6968
RBFOX2:K562,gc,cnn,probability,whole_dataset,0.8076928019972557,0.842773871304082,0.03508106930682642,0.002981400036716732,6968
RBFOX2:K562,gc,cnn,logit,whole_dataset,0.8076928019972557,0.8439053353298859,0.0362125333326303,0.0031460092964176348,6968
RBFOX2:K562,gc,splicebert,probability,whole_dataset,0.8076928019972557,0.8748319363177048,0.06713913432044927,0.0035986154840102914,6968
RBFOX2:K562,gc,splicebert,logit,whole_dataset,0.8076928019972557,0.8769515159344142,0.06925871393715866,0.0037508458187989337,6968
RBFOX2:K562,gc,kmer,native,within_fold,0.8076825863616651,0.8435706908801395,0.03588810451847435,0.0028957710427115427,6968
RBFOX2:K562,gc,cnn,probability,within_fold,0.8076825863616651,0.842732514456772,0.035049928095106875,0.0029825921992510827,6968
RBFOX2:K562,gc,cnn,logit,within_fold,0.8076825863616651,0.8439029461893042,0.03622035982763905,0.0031460334986779456,6968
RBFOX2:K562,gc,splicebert,probability,within_fold,0.8076825863616651,0.8748677734264297,0.06718518706476462,0.003598556657626216,6968
RBFOX2:K562,gc,splicebert,logit,within_fold,0.8076825863616651,0.8769575299779474,0.06927494361628228,0.0037510403629887833,6968
RBFOX2:K562,dn,kmer,native,whole_dataset,0.6340945725477921,0.7184128767626172,0.08431830421482511,0.006010888385569887,7038
RBFOX2:K562,dn,cnn,probability,whole_dataset,0.6340945725477921,0.7401827339120616,0.10608816136426946,0.006270750716415505,7038
RBFOX2:K562,dn,cnn,logit,whole_dataset,0.6340945725477921,0.7402588844821694,0.10616431193437725,0.006306240286768394,7038
RBFOX2:K562,dn,splicebert,probability,whole_dataset,0.6340945725477921,0.7887099471621637,0.15461537461437158,0.006738512965506424,7038
RBFOX2:K562,dn,splicebert,logit,whole_dataset,0.6340945725477921,0.7897490027142064,0.15565443016641434,0.0067612782897556005,7038
RBFOX2:K562,dn,kmer,native,within_fold,0.6339931461256763,0.7184245052696114,0.08443135914393518,0.006013378871232683,7038
RBFOX2:K562,dn,cnn,probability,within_fold,0.6339931461256763,0.7402070407218201,0.10621389459614383,0.006271105285862645,7038
RBFOX2:K562,dn,cnn,logit,within_fold,0.6339931461256763,0.7403439986930851,0.10635085256740884,0.006307270043654462,7038
RBFOX2:K562,dn,splicebert,probability,within_fold,0.6339931461256763,0.788696542077712,0.15470339595203575,0.0067416796811828085,7038
RBFOX2:K562,dn,splicebert,logit,within_fold,0.6339931461256763,0.7897707254113,0.15577757928562375,0.0067642586000250466,7038
RBFOX2:K562,neg2,kmer,native,whole_dataset,0.7724137635587847,0.8260893492442406,0.05367558568545572,0.0034829718202837863,6968
RBFOX2:K562,neg2,cnn,probability,whole_dataset,0.7724137635587847,0.7936394651752278,0.021225701616442882,0.0033719901561891463,6968
RBFOX2:K562,neg2,cnn,logit,whole_dataset,0.7724137635587847,0.7932552254623729,0.020841461903588043,0.003412749236697361,6968
RBFOX2:K562,neg2,splicebert,probability,whole_dataset,0.7724137635587847,0.840766334142236,0.06835257058345112,0.003974079469827826,6968
RBFOX2:K562,neg2,splicebert,logit,whole_dataset,0.7724137635587847,0.843077209773793,0.07066344621500809,0.004020858664168407,6968
RBFOX2:K562,neg2,kmer,native,within_fold,0.7723816337371694,0.8261386973548754,0.053757063617705936,0.0034841261668657228,6968
RBFOX2:K562,neg2,cnn,probability,within_fold,0.7723816337371694,0.7936187867515728,0.02123715301440332,0.0033741964418746283,6968
RBFOX2:K562,neg2,cnn,logit,within_fold,0.7723816337371694,0.7932271324644989,0.020845498727329437,0.0034165307621514835,6968
RBFOX2:K562,neg2,splicebert,probability,within_fold,0.7723816337371694,0.8407877540233127,0.06840612028614323,0.00397374678182986,6968
RBFOX2:K562,neg2,splicebert,logit,within_fold,0.7723816337371694,0.843050434922447,0.07066880118527752,0.004023209051256472,6968
RBM15:HepG2,gc,kmer,native,whole_dataset,0.6967496003901215,0.7275412070349284,0.030791606644806957,0.005342654292997257,2986
RBM15:HepG2,gc,cnn,probability,whole_dataset,0.6967496003901215,0.7524253616676888,0.05567576127756735,0.006920253153067111,2986
RBM15:HepG2,gc,cnn,logit,whole_dataset,0.6967496003901215,0.7522598202192954,0.055510219829173924,0.00687729924315243,2986
RBM15:HepG2,gc,splicebert,probability,whole_dataset,0.6967496003901215,0.7951861982396977,0.09843659784957626,0.007859758322748382,2986
RBM15:HepG2,gc,splicebert,logit,whole_dataset,0.6967496003901215,0.7985912377879535,0.10184163739783203,0.0082476958886758,2986
RBM15:HepG2,gc,kmer,native,within_fold,0.6968133046873353,0.7275057659118306,0.030692461224495315,0.005337818686834024,2986
RBM15:HepG2,gc,cnn,probability,within_fold,0.6968133046873353,0.7524235671804433,0.055610262493108076,0.006918758984864282,2986
RBM15:HepG2,gc,cnn,logit,within_fold,0.6968133046873353,0.752222584608952,0.055409279921616705,0.006874840615961376,2986
RBM15:HepG2,gc,splicebert,probability,within_fold,0.6968133046873353,0.7951763285598478,0.0983630238725125,0.007856742362096967,2986
RBM15:HepG2,gc,splicebert,logit,within_fold,0.6968133046873353,0.798541440766892,0.10172813607955677,0.008244326648030756,2986
RBM15:HepG2,dn,kmer,native,whole_dataset,0.5977777777777777,0.6399186666666666,0.04214088888888878,0.008030481351972684,3000
RBM15:HepG2,dn,cnn,probability,whole_dataset,0.5977777777777777,0.6549017777777778,0.05712399999999995,0.009102616209851973,3000
RBM15:HepG2,dn,cnn,logit,whole_dataset,0.5977777777777777,0.6546604444444444,0.056882666666666526,0.009060577547263804,3000
RBM15:HepG2,dn,splicebert,probability,whole_dataset,0.5977777777777777,0.7266062222222222,0.1288284444444443,0.010680234971086243,3000
RBM15:HepG2,dn,splicebert,logit,whole_dataset,0.5977777777777777,0.7278368888888889,0.13005911111111101,0.010922427930671252,3000
RBM15:HepG2,dn,kmer,native,within_fold,0.5978315555555556,0.6400004444444444,0.04216888888888892,0.008023955676182087,3000
RBM15:HepG2,dn,cnn,probability,within_fold,0.5978315555555556,0.6549102222222223,0.05707866666666683,0.009096104832001876,3000
RBM15:HepG2,dn,cnn,logit,within_fold,0.5978315555555556,0.6547235555555556,0.056892000000000165,0.009059185384056152,3000
RBM15:HepG2,dn,splicebert,probability,within_fold,0.5978315555555556,0.7265462222222222,0.12871466666666675,0.010678490763614944,3000
RBM15:HepG2,dn,splicebert,logit,within_fold,0.5978315555555556,0.727904,0.13007244444444455,0.010924190559567525,3000
RBM15:HepG2,neg2,kmer,native,whole_dataset,0.796341399403961,0.7991636792192546,0.0028222798152934825,0.0016457472974686256,2986
RBM15:HepG2,neg2,cnn,probability,whole_dataset,0.796341399403961,0.792460820735659,-0.0038805786683020482,0.001519186318442117,2986
RBM15:HepG2,neg2,cnn,logit,whole_dataset,0.796341399403961,0.7921624872311017,-0.0041789121728593726,0.001563142143910237,2986
RBM15:HepG2,neg2,splicebert,probability,whole_dataset,0.796341399403961,0.8280253148315717,0.03168391542761062,0.004718101610002202,2986
RBM15:HepG2,neg2,splicebert,logit,whole_dataset,0.796341399403961,0.8273792994232069,0.03103790001924578,0.004915011719868603,2986
RBM15:HepG2,neg2,kmer,native,within_fold,0.7963391562949043,0.7991636792192546,0.0028245229243503145,0.0016468212482677789,2986
RBM15:HepG2,neg2,cnn,probability,within_fold,0.7963391562949043,0.7924940187497,-0.0038451375452042136,0.0015174619777053532,2986
RBM15:HepG2,neg2,cnn,logit,within_fold,0.7963391562949043,0.7921463368458925,-0.004192819449011731,0.0015642076199913009,2986
RBM15:HepG2,neg2,splicebert,probability,within_fold,0.7963391562949043,0.8280069213373057,0.03166776504240143,0.004718259802418415,2986
RBM15:HepG2,neg2,splicebert,logit,within_fold,0.7963391562949043,0.8274003846483411,0.03106122835343683,0.004913829257321998,2986
RPS3:HepG2,gc,kmer,native,whole_dataset,0.6400096347883972,0.714595986297176,0.07458635150877868,0.004303915049595084,11294
RPS3:HepG2,gc,cnn,probability,whole_dataset,0.6400096347883972,0.7070290209271907,0.06701938613879332,0.004239605736271551,11294
RPS3:HepG2,gc,cnn,logit,whole_dataset,0.6400096347883972,0.7078243519496257,0.06781471716122833,0.004265625367566508,11294
RPS3:HepG2,gc,splicebert,probability,whole_dataset,0.6400096347883972,0.8597140439709992,0.2197044091826018,0.005229885448239807,11294
RPS3:HepG2,gc,splicebert,logit,whole_dataset,0.6400096347883972,0.8691946707365004,0.22918503594810302,0.005237968218778841,11294
RPS3:HepG2,gc,kmer,native,within_fold,0.6399373832831654,0.7145469405705341,0.07460955728736862,0.004306553575747765,11294
RPS3:HepG2,gc,cnn,probability,within_fold,0.6399373832831654,0.7070999553476917,0.06716257206452614,0.004238847492738909,11294
RPS3:HepG2,gc,cnn,logit,within_fold,0.6399373832831654,0.7078925581231843,0.06795517484001878,0.004262978734732502,11294
RPS3:HepG2,gc,splicebert,probability,within_fold,0.6399373832831654,0.8597399779965316,0.21980259471336605,0.005231231623277588,11294
RPS3:HepG2,gc,splicebert,logit,within_fold,0.6399373832831654,0.8692033885830517,0.22926600529988617,0.005238237480416806,11294
RPS3:HepG2,dn,kmer,native,whole_dataset,0.556952146011847,0.6792749025051227,0.12232275649327584,0.006017169421724432,11316
RPS3:HepG2,dn,cnn,probability,whole_dataset,0.556952146011847,0.655825215059749,0.09887306904790216,0.006053542573094451,11316
RPS3:HepG2,dn,cnn,logit,whole_dataset,0.556952146011847,0.6561989386549775,0.09924679264313063,0.006046736648234843,11316
RPS3:HepG2,dn,splicebert,probability,whole_dataset,0.556952146011847,0.8346809123953658,0.27772876638351895,0.006096125226124875,11316
RPS3:HepG2,dn,splicebert,logit,whole_dataset,0.556952146011847,0.8422744610589634,0.2853223150471166,0.006073212954283601,11316
RPS3:HepG2,dn,kmer,native,within_fold,0.5569261253034865,0.67935752528257,0.12243139997908348,0.006018718278198894,11316
RPS3:HepG2,dn,cnn,probability,within_fold,0.5569261253034865,0.6558543595026064,0.09892823419911989,0.006050155791485876,11316
RPS3:HepG2,dn,cnn,logit,within_fold,0.5569261253034865,0.6561393065634286,0.09921318125994205,0.0060472695486694684,11316
RPS3:HepG2,dn,splicebert,probability,within_fold,0.5569261253034865,0.8346548604496604,0.2777287351461739,0.006096889745411064,11316
RPS3:HepG2,dn,splicebert,logit,within_fold,0.5569261253034865,0.8422615287981456,0.28533540349465913,0.006074875648956717,11316
RPS3:HepG2,neg2,kmer,native,whole_dataset,0.8157901148965137,0.8291448523201499,0.013354737423636243,0.00143836043812148,11294
RPS3:HepG2,neg2,cnn,probability,whole_dataset,0.8157901148965137,0.8328731115239301,0.017082996627416414,0.0016172845236863463,11294
RPS3:HepG2,neg2,cnn,logit,whole_dataset,0.8157901148965137,0.8332066475524222,0.01741653265590859,0.001634086799129749,11294
RPS3:HepG2,neg2,splicebert,probability,whole_dataset,0.8157901148965137,0.8798922524340901,0.06410213753757643,0.0028181290206969172,11294
RPS3:HepG2,neg2,splicebert,logit,whole_dataset,0.8157901148965137,0.8813168990845602,0.06552678418804658,0.002962944533597134,11294
RPS3:HepG2,neg2,kmer,native,within_fold,0.8158019059407702,0.829125942746515,0.013324036805744788,0.00143639040489712,11294
RPS3:HepG2,neg2,cnn,probability,within_fold,0.8158019059407702,0.8328476165266412,0.01704571058587101,0.0016163305583320325,11294
RPS3:HepG2,neg2,cnn,logit,within_fold,0.8158019059407702,0.8332080587146338,0.017406152773863592,0.001635690027827857,11294
RPS3:HepG2,neg2,splicebert,probability,within_fold,0.8158019059407702,0.8799024441611736,0.0641005382204034,0.0028177571318548015,11294
RPS3:HepG2,neg2,splicebert,logit,within_fold,0.8158019059407702,0.881292689812842,0.06549078387207186,0.002964398909844493,11294
RPS3:K562,gc,kmer,native,whole_dataset,0.6925141670026929,0.7448852589938172,0.05237109199112433,0.005313668505611956,4738
RPS3:K562,gc,cnn,probability,whole_dataset,0.6925141670026929,0.7196192340169857,0.027105067014292827,0.0051925059326079015,4738
RPS3:K562,gc,cnn,logit,whole_dataset,0.6925141670026929,0.7199189403155042,0.027404773312811326,0.00517650591032489,4738
RPS3:K562,gc,splicebert,probability,whole_dataset,0.6925141670026929,0.8784842416316995,0.1859700746290066,0.007156830759245868,4738
RPS3:K562,gc,splicebert,logit,whole_dataset,0.6925141670026929,0.8829944472369913,0.19048028023429842,0.007295937688046046,4738
RPS3:K562,gc,kmer,native,within_fold,0.6925205816440404,0.7448503348353691,0.0523297531913286,0.00531395189977664,4738
RPS3:K562,gc,cnn,probability,within_fold,0.6925205816440404,0.7196192340169857,0.027098652372945176,0.005191301699736629,4738
RPS3:K562,gc,cnn,logit,within_fold,0.6925205816440404,0.7199780975634875,0.027457515919447006,0.005171592166083933,4738
RPS3:K562,gc,splicebert,probability,within_fold,0.6925205816440404,0.8784840634472175,0.185963481803177,0.007156449347846587,4738
RPS3:K562,gc,splicebert,logit,within_fold,0.6925205816440404,0.8829575630492424,0.19043698140520193,0.007295661858103175,4738
RPS3:K562,dn,kmer,native,whole_dataset,0.566865148201758,0.6933247001982089,0.12645955199645087,0.009006706251162844,4744
RPS3:K562,dn,cnn,probability,whole_dataset,0.566865148201758,0.6226590648629742,0.055793916661216136,0.008278437740021589,4744
RPS3:K562,dn,cnn,logit,whole_dataset,0.566865148201758,0.623319169114657,0.05645402091289897,0.00828631659842333,4744
RPS3:K562,dn,splicebert,probability,whole_dataset,0.566865148201758,0.8625205816026777,0.2956554334009197,0.009092000378379771,4744
RPS3:K562,dn,splicebert,logit,whole_dataset,0.566865148201758,0.8690345344363272,0.3021693862345691,0.009077264417843057,4744
RPS3:K562,dn,kmer,native,within_fold,0.567139214102699,0.6933780204123999,0.12623880630970086,0.009006177050698635,4744
RPS3:K562,dn,cnn,probability,within_fold,0.567139214102699,0.6227683713020653,0.05562915719936623,0.008285674300491156,4744
RPS3:K562,dn,cnn,logit,within_fold,0.567139214102699,0.6232811340285341,0.05614191992583506,0.00829235259612613,4744
RPS3:K562,dn,splicebert,probability,within_fold,0.567139214102699,0.8625081402193665,0.29536892611666743,0.009090428878511058,4744
RPS3:K562,dn,splicebert,logit,within_fold,0.567139214102699,0.869031512957523,0.30189229885482394,0.009074946285687491,4744
RPS3:K562,neg2,kmer,native,whole_dataset,0.762878506158323,0.778734786831668,0.01585628067334499,0.0029202425085006027,4738
RPS3:K562,neg2,cnn,probability,whole_dataset,0.762878506158323,0.77066570256983,0.007787196411507047,0.002152222976772056,4738
RPS3:K562,neg2,cnn,logit,whole_dataset,0.762878506158323,0.7706322038872371,0.0077536977289141,0.0021123628126142255,4738
RPS3:K562,neg2,splicebert,probability,whole_dataset,0.762878506158323,0.8299911567041643,0.06711265054584137,0.004939871759661502,4738
RPS3:K562,neg2,splicebert,logit,whole_dataset,0.762878506158323,0.8325265436968041,0.06964803753848114,0.0051966840550028036,4738
RPS3:K562,neg2,kmer,native,within_fold,0.76289436457721,0.7787485070367725,0.015854142459562293,0.002920781086810766,4738
RPS3:K562,neg2,cnn,probability,within_fold,0.76289436457721,0.770627927459672,0.007733562882461853,0.002150352796947553,4738
RPS3:K562,neg2,cnn,logit,within_fold,0.76289436457721,0.7706343421010197,0.007739977523809505,0.002111672034393497,4738
RPS3:K562,neg2,splicebert,probability,within_fold,0.76289436457721,0.8299792183438786,0.0670848537666684,0.004939095993491306,4738
RPS3:K562,neg2,splicebert,logit,within_fold,0.76289436457721,0.8325229800071665,0.06962861542995635,0.00519384114080508,4738
SAFB2:K562,gc,kmer,native,whole_dataset,0.7989757258336986,0.8062379151371538,0.007262189303455346,0.0014810547099107889,7488
SAFB2:K562,gc,cnn,probability,whole_dataset,0.7989757258336986,0.8212000311609687,0.022224305327270266,0.0023207238964484916,7488
SAFB2:K562,gc,cnn,logit,whole_dataset,0.7989757258336986,0.8217218775111402,0.02274615167744176,0.0025729704432034374,7488
SAFB2:K562,gc,splicebert,probability,whole_dataset,0.7989757258336986,0.8573727936207904,0.05839706778709197,0.0034115238653453913,7488
SAFB2:K562,gc,splicebert,logit,whole_dataset,0.7989757258336986,0.8609546642148805,0.06197893838118207,0.0036175383190593553,7488
SAFB2:K562,gc,kmer,native,within_fold,0.7990315130990211,0.8062369877273724,0.007205474628351194,0.001480637690039428,7488
SAFB2:K562,gc,cnn,probability,within_fold,0.7990315130990211,0.8212184366781723,0.022186923579151085,0.0023199215656730236,7488
SAFB2:K562,gc,cnn,logit,within_fold,0.7990315130990211,0.8216802154101833,0.022648702311162117,0.0025723474781717192,7488
SAFB2:K562,gc,splicebert,probability,within_fold,0.7990315130990211,0.8573566709584337,0.0583251578594125,0.0034117112913622737,7488
SAFB2:K562,gc,splicebert,logit,within_fold,0.7990315130990211,0.8609565903736578,0.061925077274636586,0.0036174331114926495,7488
SAFB2:K562,dn,kmer,native,whole_dataset,0.5432451894541237,0.583907756684199,0.04066256723007533,0.005977463941485371,7488
SAFB2:K562,dn,cnn,probability,whole_dataset,0.5432451894541237,0.6508519043575134,0.10760671490338969,0.007454946105610707,7488
SAFB2:K562,dn,cnn,logit,whole_dataset,0.5432451894541237,0.6509275239243187,0.10768233447019504,0.0074358163883433736,7488
SAFB2:K562,dn,splicebert,probability,whole_dataset,0.5432451894541237,0.7352370630615824,0.19199187360745873,0.0077529761103086,7488
SAFB2:K562,dn,splicebert,logit,whole_dataset,0.5432451894541237,0.7362072763715393,0.19296208691741557,0.007748451640451791,7488
SAFB2:K562,dn,kmer,native,within_fold,0.5433079679624151,0.5839744588492586,0.04066649088684349,0.005977077275988315,7488
SAFB2:K562,dn,cnn,probability,within_fold,0.5433079679624151,0.6508578968514867,0.10754992888907156,0.0074537464994496,7488
SAFB2:K562,dn,cnn,logit,within_fold,0.5433079679624151,0.6509554175569799,0.10764744959456485,0.007434563718335696,7488
SAFB2:K562,dn,splicebert,probability,within_fold,0.5433079679624151,0.7352616037511871,0.191953635788772,0.007754049904092265,7488
SAFB2:K562,dn,splicebert,logit,within_fold,0.5433079679624151,0.7361890848719774,0.19288111690956233,0.007749429227208297,7488
SAFB2:K562,neg2,kmer,native,whole_dataset,0.8975169387829645,0.9075845426756884,0.010067603892723986,0.0013697840087214547,7488
SAFB2:K562,neg2,cnn,probability,whole_dataset,0.8975169387829645,0.9004965637327417,0.0029796249497772154,0.0009352358029033778,7488
SAFB2:K562,neg2,cnn,logit,whole_dataset,0.8975169387829645,0.9011076554395864,0.0035907166566219173,0.0011103402619793384,7488
SAFB2:K562,neg2,splicebert,probability,whole_dataset,0.8975169387829645,0.9403813908521441,0.04286445206917966,0.0024814394116224395,7488
SAFB2:K562,neg2,splicebert,logit,whole_dataset,0.8975169387829645,0.9433033737170355,0.045786434934071085,0.002645995264039705,7488
SAFB2:K562,neg2,kmer,native,within_fold,0.8974703542762437,0.9075669218898386,0.010096567613594787,0.0013718431370233397,7488
SAFB2:K562,neg2,cnn,probability,within_fold,0.8974703542762437,0.9005108315755351,0.0030404772992913554,0.0009342241497255031,7488
SAFB2:K562,neg2,cnn,logit,within_fold,0.8974703542762437,0.9010997367868361,0.003629382510592305,0.0011102610557282742,7488
SAFB2:K562,neg2,splicebert,probability,within_fold,0.8974703542762437,0.940381676209,0.04291132193275626,0.0024819910078759063,7488
SAFB2:K562,neg2,splicebert,logit,within_fold,0.8974703542762437,0.9432737679432391,0.04580341366699536,0.0026475621531549917,7488
SLTM:K562,gc,kmer,native,whole_dataset,0.7343578991341121,0.7526367137653056,0.01827881463119363,0.00255656661167934,7148
SLTM:K562,gc,cnn,probability,whole_dataset,0.7343578991341121,0.7826602562998515,0.048302357165739496,0.003836372293942407,7148
SLTM:K562,gc,cnn,logit,whole_dataset,0.7343578991341121,0.783495580999252,0.049137681865140004,0.003921672854628693,7148
SLTM:K562,gc,splicebert,probability,whole_dataset,0.7343578991341121,0.8148329397573535,0.08047504062324151,0.00469024905577566,7148
SLTM:K562,gc,splicebert,logit,whole_dataset,0.7343578991341121,0.8178304793464206,0.08347258021230863,0.004806906007405951,7148
SLTM:K562,gc,kmer,native,within_fold,0.7343719908347579,0.7526724910275009,0.018300500192742875,0.0025585355562207845,7148
SLTM:K562,gc,cnn,probability,within_fold,0.7343719908347579,0.7827102035499187,0.0483382127151607,0.0038361787172485015,7148
SLTM:K562,gc,cnn,logit,within_fold,0.7343719908347579,0.7834803932774447,0.04910840244268666,0.003920552521774338,7148
SLTM:K562,gc,splicebert,probability,within_fold,0.7343719908347579,0.8148315305872889,0.08045953975253084,0.004690720259343801,7148
SLTM:K562,gc,splicebert,logit,within_fold,0.7343719908347579,0.8178162310713231,0.08344424023656505,0.004808634237190437,7148
SLTM:K562,dn,kmer,native,whole_dataset,0.6312431181814728,0.6652451635933007,0.03400204541182783,0.004581817258800289,7278
SLTM:K562,dn,cnn,probability,whole_dataset,0.6312431181814728,0.7204678092307233,0.08922469104925046,0.006285079384128435,7278
SLTM:K562,dn,cnn,logit,whole_dataset,0.6312431181814728,0.7210417267486569,0.08979860856718402,0.006277982283479135,7278
SLTM:K562,dn,splicebert,probability,whole_dataset,0.6312431181814728,0.7932172162266721,0.16197409804519924,0.006633460966204263,7278
SLTM:K562,dn,splicebert,logit,whole_dataset,0.6312431181814728,0.793280875761885,0.16203775758041217,0.006673360093013346,7278
SLTM:K562,dn,kmer,native,within_fold,0.6312820086448592,0.6652432757067284,0.033961267061869194,0.00458547162938337,7278
SLTM:K562,dn,cnn,probability,within_fold,0.6312820086448592,0.7204688664472035,0.08918685780234437,0.006284942560988704,7278
SLTM:K562,dn,cnn,logit,within_fold,0.6312820086448592,0.7210008728832354,0.08971886423837627,0.006279359329284698,7278
SLTM:K562,dn,splicebert,probability,within_fold,0.6312820086448592,0.793199998701134,0.16191799005627483,0.0066343739429106695,7278
SLTM:K562,dn,splicebert,logit,within_fold,0.6312820086448592,0.7932867659679901,0.1620047573231309,0.006674914744591798,7278
SLTM:K562,neg2,kmer,native,whole_dataset,0.8632220391692911,0.8751594319353636,0.01193739276607253,0.0016106932020180347,7148
SLTM:K562,neg2,cnn,probability,whole_dataset,0.8632220391692911,0.8750647826793584,0.01184274351006731,0.001483350232438793,7148
SLTM:K562,neg2,cnn,logit,whole_dataset,0.8632220391692911,0.8758766994982415,0.012654660328950462,0.0017136739363322589,7148
SLTM:K562,neg2,splicebert,probability,whole_dataset,0.8632220391692911,0.9106529812245313,0.04743094205524023,0.00284301803979487,7148
SLTM:K562,neg2,splicebert,logit,whole_dataset,0.8632220391692911,0.9148018910435969,0.051579851874305804,0.003107464938935388,7148
SLTM:K562,neg2,kmer,native,within_fold,0.8632331559553562,0.8751628765732992,0.01192972061794284,0.0016127915563153995,7148
SLTM:K562,neg2,cnn,probability,within_fold,0.8632331559553562,0.8750614163286485,0.01182826037329221,0.0014845603983927318,7148
SLTM:K562,neg2,cnn,logit,within_fold,0.8632331559553562,0.87587654292379,0.0126433869684337,0.0017115077148133135,7148
SLTM:K562,neg2,splicebert,probability,within_fold,0.8632331559553562,0.910676232530597,0.04744307657524072,0.002843719364326247,7148
SLTM:K562,neg2,splicebert,logit,within_fold,0.8632331559553562,0.9147867816090154,0.05155362565365906,0.0031081182801391896,7148
SMNDC1:K562,gc,kmer,native,whole_dataset,0.7245844279977787,0.7489125109466446,0.024328082948866014,0.0035413267872766614,4896
SMNDC1:K562,gc,cnn,probability,whole_dataset,0.7245844279977787,0.7564311536161304,0.03184672561835189,0.0041164570626875015,4896
SMNDC1:K562,gc,cnn,logit,whole_dataset,0.7245844279977787,0.756871021829211,0.0322865938314324,0.004191491672980345,4896
SMNDC1:K562,gc,splicebert,probability,whole_dataset,0.7245844279977787,0.8286397926545347,0.10405536465675613,0.006106415023622749,4896
SMNDC1:K562,gc,splicebert,logit,whole_dataset,0.7245844279977787,0.8359660346981931,0.11138160670041453,0.0062335874481618545,4896
SMNDC1:K562,gc,kmer,native,within_fold,0.724699401138451,0.7488529385065573,0.024153537368106326,0.0035417525632146295,4896
SMNDC1:K562,gc,cnn,probability,within_fold,0.724699401138451,0.7564426676171558,0.031743266478704846,0.004115696511791971,4896
SMNDC1:K562,gc,cnn,logit,within_fold,0.724699401138451,0.756921416442394,0.032222015303942975,0.004191220770880174,4896
SMNDC1:K562,gc,splicebert,probability,within_fold,0.724699401138451,0.8286958608334402,0.10399645969498916,0.006104356425059327,4896
SMNDC1:K562,gc,splicebert,logit,within_fold,0.724699401138451,0.8359932344397454,0.11129383330129439,0.006231706911797023,4896
SMNDC1:K562,dn,kmer,native,whole_dataset,0.5879448177116549,0.6664401005558549,0.07849528284420004,0.007341934065790132,4930
SMNDC1:K562,dn,cnn,probability,whole_dataset,0.5879448177116549,0.6712707314162987,0.08332591370464382,0.0078054458108306815,4930
SMNDC1:K562,dn,cnn,logit,whole_dataset,0.5879448177116549,0.6719637603939947,0.08401894268233989,0.007827982067726665,4930
SMNDC1:K562,dn,splicebert,probability,whole_dataset,0.5879448177116549,0.7476933457862406,0.15974852807458573,0.00887114658585995,4930
SMNDC1:K562,dn,splicebert,logit,whole_dataset,0.5879448177116549,0.7539584199070969,0.16601360219544203,0.008808473748087233,4930
SMNDC1:K562,dn,kmer,native,within_fold,0.5881515250011314,0.666503955992413,0.07835243099128153,0.007339763853300205,4930
SMNDC1:K562,dn,cnn,probability,within_fold,0.5881515250011314,0.6713406761599513,0.08318915115881986,0.007800222628583994,4930
SMNDC1:K562,dn,cnn,logit,within_fold,0.5881515250011314,0.6719879530465049,0.0838364280453735,0.007821839048833263,4930
SMNDC1:K562,dn,splicebert,probability,within_fold,0.5881515250011314,0.7477221465630387,0.15957062156190727,0.008872261267870697,4930
SMNDC1:K562,dn,splicebert,logit,within_fold,0.5881515250011314,0.7540466325720329,0.16589510757090142,0.008811518894403838,4930
SMNDC1:K562,neg2,kmer,native,whole_dataset,0.7360964265880644,0.761507993720364,0.02541156713229964,0.003644667987282393,4896
SMNDC1:K562,neg2,cnn,probability,whole_dataset,0.7360964265880644,0.7415100095048913,0.00541358291682692,0.0031031166878552245,4896
SMNDC1:K562,neg2,cnn,logit,whole_dataset,0.7360964265880644,0.7415473882908283,0.0054509617027639345,0.0030935487159614162,4896
SMNDC1:K562,neg2,splicebert,probability,whole_dataset,0.7360964265880644,0.835061601574181,0.09896517498611657,0.005776583287464286,4896
SMNDC1:K562,neg2,splicebert,logit,whole_dataset,0.7360964265880644,0.8378885391302491,0.10179211254218468,0.006133962187095607,4896
SMNDC1:K562,neg2,kmer,native,within_fold,0.7360984290230254,0.761488303109915,0.02538987408688964,0.003647942404624667,4896
SMNDC1:K562,neg2,cnn,probability,within_fold,0.7360984290230254,0.7415153493314537,0.00541692030842833,0.0031031293790321824,4896
SMNDC1:K562,neg2,cnn,logit,within_fold,0.7360984290230254,0.7414828097633389,0.005384380740313555,0.0030940546861788687,4896
SMNDC1:K562,neg2,splicebert,probability,within_fold,0.7360984290230254,0.8350627696612414,0.09896434063821602,0.005775002035287802,4896
SMNDC1:K562,neg2,splicebert,logit,within_fold,0.7360984290230254,0.8378408144303474,0.10174238540732206,0.006134727290777919,4896
SND1:K562,gc,kmer,native,whole_dataset,0.6635916843037128,0.7451644788912406,0.08157279458752786,0.004816575272860389,8260
SND1:K562,gc,cnn,probability,whole_dataset,0.6635916843037128,0.7227704917071682,0.05917880740345549,0.004476983029174453,8260
SND1:K562,gc,cnn,logit,whole_dataset,0.6635916843037128,0.7237741324625224,0.06018244815880969,0.004538382812512975,8260
SND1:K562,gc,splicebert,probability,whole_dataset,0.6635916843037128,0.9092844537987559,0.24569276949504315,0.005898760648217591,8260
SND1:K562,gc,splicebert,logit,whole_dataset,0.6635916843037128,0.9124272288633926,0.24883554455967982,0.0059575524445927225,8260
SND1:K562,gc,kmer,native,within_fold,0.6635991885981627,0.7451709278942832,0.0815717392961206,0.004817173030426589,8260
SND1:K562,gc,cnn,probability,within_fold,0.6635991885981627,0.7227352566996347,0.059136068101472095,0.004477092078655618,8260
SND1:K562,gc,cnn,logit,within_fold,0.6635991885981627,0.7237738393260206,0.06017465072785799,0.0045385448982531605,8260
SND1:K562,gc,splicebert,probability,within_fold,0.6635991885981627,0.9092811706699341,0.2456819820717715,0.005899220246937946,8260
SND1:K562,gc,splicebert,logit,within_fold,0.6635991885981627,0.9124063575444542,0.24880716894629162,0.005957131358778748,8260
SND1:K562,dn,kmer,native,whole_dataset,0.5599790059685743,0.7017183547951482,0.1417393488265739,0.0070561635383670305,8264
SND1:K562,dn,cnn,probability,whole_dataset,0.5599790059685743,0.6565432920777929,0.09656428610921863,0.007012049199116002,8264
SND1:K562,dn,cnn,logit,whole_dataset,0.5599790059685743,0.6559277154951461,0.09594870952657175,0.006947950032192699,8264
SND1:K562,dn,splicebert,probability,whole_dataset,0.5599790059685743,0.8803045598820717,0.3203255539134974,0.0069453169487001054,8264
SND1:K562,dn,splicebert,logit,whole_dataset,0.5599790059685743,0.8873261157223061,0.3273471097537318,0.006858215713140307,8264
SND1:K562,dn,kmer,native,within_fold,0.559517997093026,0.7017668512185956,0.14224885412556965,0.007052976197849447,8264
SND1:K562,dn,cnn,probability,within_fold,0.559517997093026,0.6564626404170598,0.09694464332403385,0.007012264693778946,8264
SND1:K562,dn,cnn,logit,within_fold,0.559517997093026,0.6559151228248066,0.09639712573178061,0.006946468582666117,8264
SND1:K562,dn,splicebert,probability,within_fold,0.559517997093026,0.8803676989454488,0.3208497018524228,0.0069433498400567175,8264
SND1:K562,dn,splicebert,logit,within_fold,0.559517997093026,0.8873265257162243,0.3278085286231983,0.006858493618766048,8264
SND1:K562,neg2,kmer,native,whole_dataset,0.7292131630014833,0.7585142669535496,0.02930110395206631,0.0031652653527745986,8260
SND1:K562,neg2,cnn,probability,whole_dataset,0.7292131630014833,0.7557094782756539,0.026496315274170623,0.00312796427449466,8260
SND1:K562,neg2,cnn,logit,whole_dataset,0.7292131630014833,0.7560020285045935,0.026788865503110215,0.0031595206214862226,8260
SND1:K562,neg2,splicebert,probability,whole_dataset,0.7292131630014833,0.8627656842685366,0.1335525212670533,0.004897547352758087,8260
SND1:K562,neg2,splicebert,logit,whole_dataset,0.7292131630014833,0.8643241737947693,0.13511101079328602,0.004959901055278255,8260
SND1:K562,neg2,kmer,native,within_fold,0.729171654872808,0.7584943922987178,0.02932273742590985,0.003164495941190386,8260
SND1:K562,neg2,cnn,probability,within_fold,0.729171654872808,0.7557062537741324,0.02653459890132437,0.003124623385737687,8260
SND1:K562,neg2,cnn,logit,within_fold,0.729171654872808,0.7559430494404025,0.026771394567594475,0.0031546248885556383,8260
SND1:K562,neg2,splicebert,probability,within_fold,0.729171654872808,0.862741647075377,0.13356999220256904,0.0048963481893103955,8260
SND1:K562,neg2,splicebert,logit,within_fold,0.729171654872808,0.8643472729511223,0.13517561807831435,0.004961227090980458,8260
SRSF1:HepG2,gc,kmer,native,whole_dataset,0.81737657001117,0.8564775946656963,0.03910102465452625,0.004071532662344235,3574
SRSF1:HepG2,gc,cnn,probability,whole_dataset,0.81737657001117,0.8512408055567647,0.0338642355455947,0.003842784271388329,3574
SRSF1:HepG2,gc,cnn,logit,whole_dataset,0.81737657001117,0.8518905895309938,0.0345140195198238,0.004059125375299316,3574
SRSF1:HepG2,gc,splicebert,probability,whole_dataset,0.81737657001117,0.911882403818663,0.094505833807493,0.005496716045238867,3574
SRSF1:HepG2,gc,splicebert,logit,whole_dataset,0.81737657001117,0.9173318210328966,0.09995525102172653,0.005843697566775998,3574
SRSF1:HepG2,gc,kmer,native,within_fold,0.8173934800519452,0.8564594320293082,0.03906595197736318,0.00407252372177634,3574
SRSF1:HepG2,gc,cnn,probability,within_fold,0.8173934800519452,0.8512091775175371,0.0338156974655921,0.0038395687857050455,3574
SRSF1:HepG2,gc,cnn,logit,within_fold,0.8173934800519452,0.8518824476595096,0.03448896760756459,0.004057767762068173,3574
SRSF1:HepG2,gc,splicebert,probability,within_fold,0.8173934800519452,0.9118999401572446,0.09450646010529962,0.005496117827241822,3574
SRSF1:HepG2,gc,splicebert,logit,within_fold,0.8173934800519452,0.9172970615046366,0.09990358145269163,0.005844819373112899,3574
SRSF1:HepG2,dn,kmer,native,whole_dataset,0.6091328907082718,0.7270947453939467,0.11796185468567488,0.009218095313226001,3582
SRSF1:HepG2,dn,cnn,probability,whole_dataset,0.6091328907082718,0.711534594618355,0.10240170391008319,0.009188760829409566,3582
SRSF1:HepG2,dn,cnn,logit,whole_dataset,0.6091328907082718,0.7117179046170738,0.10258501390880204,0.009200569834028841,3582
SRSF1:HepG2,dn,splicebert,probability,whole_dataset,0.6091328907082718,0.84401067313115,0.23487778242287816,0.00977219777300054,3582
SRSF1:HepG2,dn,splicebert,logit,whole_dataset,0.6091328907082718,0.8521891671896301,0.2430562764813583,0.009906758327367557,3582
SRSF1:HepG2,dn,kmer,native,within_fold,0.6091568955890564,0.7270345773161359,0.11787768172707946,0.009218572017894007,3582
SRSF1:HepG2,dn,cnn,probability,within_fold,0.6091568955890564,0.7115149542613496,0.1023580586722932,0.009191368304572092,3582
SRSF1:HepG2,dn,cnn,logit,within_fold,0.6091568955890564,0.7116879764540176,0.10253108086496121,0.009201532135708798,3582
SRSF1:HepG2,dn,splicebert,probability,within_fold,0.6091568955890564,0.8439364762269066,0.2347795806378502,0.009773949974552783,3582
SRSF1:HepG2,dn,splicebert,logit,within_fold,0.6091568955890564,0.8521841791624541,0.24302728357339776,0.009906779073533168,3582
SRSF1:HepG2,neg2,kmer,native,whole_dataset,0.8640604953577242,0.8883868416083454,0.024326346250621245,0.002990888436942149,3574
SRSF1:HepG2,neg2,cnn,probability,whole_dataset,0.8640604953577242,0.8728073705231058,0.00874687516538164,0.0025371664026288985,3574
SRSF1:HepG2,neg2,cnn,logit,whole_dataset,0.8640604953577242,0.8737073604710259,0.009646865113301817,0.0027391864891624204,3574
SRSF1:HepG2,neg2,splicebert,probability,whole_dataset,0.8640604953577242,0.909882008624747,0.045821513267022884,0.003840541508736719,3574
SRSF1:HepG2,neg2,splicebert,logit,whole_dataset,0.8640604953577242,0.9115426372586445,0.04748214190092037,0.004121494699422791,3574
SRSF1:HepG2,neg2,kmer,native,within_fold,0.8640842946743705,0.8883796391835708,0.024295344509200234,0.00299006693751195,3574
SRSF1:HepG2,neg2,cnn,probability,within_fold,0.8640842946743705,0.8728283514996232,0.0087440568252527,0.0025386976705193526,3574
SRSF1:HepG2,neg2,cnn,logit,within_fold,0.8640842946743705,0.873690450430251,0.009606155755880419,0.002738968182690028,3574
SRSF1:HepG2,neg2,splicebert,probability,within_fold,0.8640842946743705,0.9098754324977789,0.04579113782340838,0.0038417182627294936,3574
SRSF1:HepG2,neg2,splicebert,logit,within_fold,0.8640842946743705,0.9115479607899994,0.04746366611562891,0.004119968949326761,3574
SRSF1:K562,gc,kmer,native,whole_dataset,0.7931860459702988,0.8615747255995897,0.06838867962929085,0.003619358346341718,7722
SRSF1:K562,gc,cnn,probability,whole_dataset,0.7931860459702988,0.8482991008243534,0.0551130548540546,0.0032373559999792634,7722
SRSF1:K562,gc,cnn,logit,whole_dataset,0.7931860459702988,0.8500656154113808,0.05687956944108197,0.003411075426979043,7722
SRSF1:K562,gc,splicebert,probability,whole_dataset,0.7931860459702988,0.9308640365361422,0.1376779905658434,0.004433288146029799,7722
SRSF1:K562,gc,splicebert,logit,whole_dataset,0.7931860459702988,0.9361718312767263,0.14298578530642747,0.004594745182675869,7722
SRSF1:K562,gc,kmer,native,within_fold,0.7931817527777123,0.8616192674726734,0.06843751469496107,0.0036188172874744577,7722
SRSF1:K562,gc,cnn,probability,within_fold,0.7931817527777123,0.8482970213091943,0.055115268531481965,0.0032363855731807048,7722
SRSF1:K562,gc,cnn,logit,within_fold,0.7931817527777123,0.8500531383204265,0.0568713855427142,0.0034107398802508885,7722
SRSF1:K562,gc,splicebert,probability,within_fold,0.7931817527777123,0.9308651098342888,0.13768335705657653,0.004432364419370025,7722
SRSF1:K562,gc,splicebert,logit,within_fold,0.7931817527777123,0.9361842412865463,0.143002488508834,0.00459505587412815,7722
SRSF1:K562,dn,kmer,native,whole_dataset,0.5956657434555422,0.774495904221802,0.1788301607662598,0.006938685838954542,7728
SRSF1:K562,dn,cnn,probability,whole_dataset,0.5956657434555422,0.7496953215753851,0.15402957811984286,0.006830627700866248,7728
SRSF1:K562,dn,cnn,logit,whole_dataset,0.5956657434555422,0.7497710725752178,0.15410532911967556,0.006882877826133964,7728
SRSF1:K562,dn,splicebert,probability,whole_dataset,0.5956657434555422,0.8935998509359635,0.29793410748042126,0.006820311873659933,7728
SRSF1:K562,dn,splicebert,logit,whole_dataset,0.5956657434555422,0.8967562765496873,0.301090533094145,0.006747404057023817,7728
SRSF1:K562,dn,kmer,native,within_fold,0.5953988400653267,0.7744681087620934,0.17906926869676654,0.006939756593829307,7728
SRSF1:K562,dn,cnn,probability,within_fold,0.5953988400653267,0.7496799838397866,0.15428114377445978,0.006831517636261133,7728
SRSF1:K562,dn,cnn,logit,within_fold,0.5953988400653267,0.7497487692304394,0.1543499291651126,0.006882886766339694,7728
SRSF1:K562,dn,splicebert,probability,within_fold,0.5953988400653267,0.8935837764532404,0.29818493638791355,0.006819780293700038,7728
SRSF1:K562,dn,splicebert,logit,within_fold,0.5953988400653267,0.8967657872852987,0.3013669472199718,0.006746554687531687,7728
SRSF1:K562,neg2,kmer,native,whole_dataset,0.8746017476916208,0.8969924240579512,0.02239067636633041,0.0019196452125546251,7722
SRSF1:K562,neg2,cnn,probability,whole_dataset,0.8746017476916208,0.8995979223899453,0.02499617469832449,0.0019106813493189351,7722
SRSF1:K562,neg2,cnn,logit,whole_dataset,0.8746017476916208,0.9013611500013987,0.026759402309777913,0.002120500107391913,7722
SRSF1:K562,neg2,splicebert,probability,whole_dataset,0.8746017476916208,0.9185946958544732,0.043992948162852374,0.002412665723452758,7722
SRSF1:K562,neg2,splicebert,logit,whole_dataset,0.8746017476916208,0.9202540818702434,0.04565233417862258,0.00262567312225185,7722
SRSF1:K562,neg2,kmer,native,within_fold,0.8746142918637091,0.896988600433304,0.02237430856959477,0.0019196801284515085,7722
SRSF1:K562,neg2,cnn,probability,within_fold,0.8746142918637091,0.8995972515786036,0.024982959714894393,0.0019109876729238593,7722
SRSF1:K562,neg2,cnn,logit,within_fold,0.8746142918637091,0.9013619549750086,0.02674766311129939,0.0021198873533907836,7722
SRSF1:K562,neg2,splicebert,probability,within_fold,0.8746142918637091,0.9185961716394248,0.04398187977571555,0.002411909340871815,7722
SRSF1:K562,neg2,splicebert,logit,within_fold,0.8746142918637091,0.9202503924078645,0.045636100544155345,0.0026252763432655967,7722
STAU2:HepG2,gc,kmer,native,whole_dataset,0.7009862277915381,0.7074957261581688,0.006509498366630728,0.0032853538756318513,1684
STAU2:HepG2,gc,cnn,probability,whole_dataset,0.7009862277915381,0.6961524139448547,-0.004833813846683355,0.0027991970661532723,1684
STAU2:HepG2,gc,cnn,logit,whole_dataset,0.7009862277915381,0.6954781907120813,-0.005508037079456796,0.002036381335040557,1684
STAU2:HepG2,gc,splicebert,probability,whole_dataset,0.7009862277915381,0.7312613898590055,0.030275162067467387,0.006921269513685676,1684
STAU2:HepG2,gc,splicebert,logit,whole_dataset,0.7009862277915381,0.7294333703826992,0.0284471425911611,0.007350128477036787,1684
STAU2:HepG2,gc,kmer,native,within_fold,0.700945323034738,0.707577535671769,0.006632212637030954,0.0032868421904409043,1684
STAU2:HepG2,gc,cnn,probability,within_fold,0.700945323034738,0.6962116553167721,-0.004733667717965906,0.0027872472982208435,1684
STAU2:HepG2,gc,cnn,logit,within_fold,0.700945323034738,0.6953582974593915,-0.005587025575346516,0.0020287990664346594,1684
STAU2:HepG2,gc,splicebert,probability,within_fold,0.700945323034738,0.7312938315626746,0.03034850852793658,0.006921336757386098,1684
STAU2:HepG2,gc,splicebert,logit,within_fold,0.700945323034738,0.7292711618643543,0.028325838829616257,0.007361120519886743,1684
STAU2:HepG2,dn,kmer,native,whole_dataset,0.6106237762548951,0.623314569241723,0.012690792986827959,0.004193998928049296,1696
STAU2:HepG2,dn,cnn,probability,whole_dataset,0.6106237762548951,0.6019337953898185,-0.008689980865076552,0.00981472819796018,1696
STAU2:HepG2,dn,cnn,logit,whole_dataset,0.6106237762548951,0.6004319263972944,-0.010191849857600688,0.009744496503608589,1696
STAU2:HepG2,dn,splicebert,probability,whole_dataset,0.6106237762548951,0.7072217648629405,0.09659798860804547,0.012764169017007039,1696
STAU2:HepG2,dn,splicebert,logit,whole_dataset,0.6106237762548951,0.7098848010857955,0.09926102483090049,0.01270013347104342,1696
STAU2:HepG2,dn,kmer,native,within_fold,0.6093416251334994,0.6226915717337131,0.013349946600213602,0.004214624876745991,1696
STAU2:HepG2,dn,cnn,probability,within_fold,0.6093416251334994,0.6020422637059453,-0.007299361427554274,0.009741144810904274,1696
STAU2:HepG2,dn,cnn,logit,within_fold,0.6093416251334994,0.5998979285332859,-0.009443696600213602,0.00970089986103851,1696
STAU2:HepG2,dn,splicebert,probability,within_fold,0.6093416251334994,0.7071021715913137,0.09776054645781418,0.012803950135663607,1696
STAU2:HepG2,dn,splicebert,logit,within_fold,0.6093416251334994,0.7098528168387327,0.10051119170523315,0.01274162661676882,1696
STAU2:HepG2,neg2,kmer,native,whole_dataset,0.7248379325325405,0.7307465541268668,0.005908621594326369,0.0030559356134166452,1684
STAU2:HepG2,neg2,cnn,probability,whole_dataset,0.7248379325325405,0.7314941238201094,0.006656191287568891,0.004435154602269582,1684
STAU2:HepG2,neg2,cnn,logit,whole_dataset,0.7248379325325405,0.7305251042366044,0.005687171704063965,0.004136867064776254,1684
STAU2:HepG2,neg2,splicebert,probability,whole_dataset,0.7248379325325405,0.7631459425302273,0.0383080099976868,0.0073805621604025075,1684
STAU2:HepG2,neg2,splicebert,logit,whole_dataset,0.7248379325325405,0.7692943506299332,0.04445641809739276,0.007432082412340914,1684
STAU2:HepG2,neg2,kmer,native,within_fold,0.7247674070897817,0.7307366805648806,0.005969273475098902,0.003060249497889777,1684
STAU2:HepG2,neg2,cnn,probability,within_fold,0.7247674070897817,0.7314080827799437,0.006640675690162023,0.004431571970548484,1684
STAU2:HepG2,neg2,cnn,logit,within_fold,0.7247674070897817,0.730537798816301,0.005770391726519275,0.004143083281666237,1684
STAU2:HepG2,neg2,splicebert,probability,within_fold,0.7247674070897817,0.7631501740567926,0.03838276696701093,0.007379227081195447,1684
STAU2:HepG2,neg2,splicebert,logit,within_fold,0.7247674070897817,0.7691829204303744,0.04441551334059268,0.007430992876292915,1684
SUB1:HepG2,gc,kmer,native,whole_dataset,0.8192552093152041,0.8260997995510888,0.006844590235884684,0.0014487582239498028,6592
SUB1:HepG2,gc,cnn,probability,whole_dataset,0.8192552093152041,0.8307673062081722,0.01151209689296806,0.0017508899317115604,6592
SUB1:HepG2,gc,cnn,logit,whole_dataset,0.8192552093152041,0.8313292737887641,0.012074064473559964,0.001840772256758353,6592
SUB1:HepG2,gc,splicebert,probability,whole_dataset,0.8192552093152041,0.8672444791863041,0.04798926987109997,0.003303607520818677,6592
SUB1:HepG2,gc,splicebert,logit,whole_dataset,0.8192552093152041,0.8683784478390988,0.04912323852389466,0.003573510625557,6592
SUB1:HepG2,gc,kmer,native,within_fold,0.8192553934159675,0.8260728287892356,0.006817435373268177,0.0014484471462989758,6592
SUB1:HepG2,gc,cnn,probability,within_fold,0.8192553934159675,0.8307862685868129,0.0115308751708455,0.0017496894775645793,6592
SUB1:HepG2,gc,cnn,logit,within_fold,0.8192553934159675,0.8313540353414555,0.01209864192548804,0.001842907932724857,6592
SUB1:HepG2,gc,splicebert,probability,within_fold,0.8192553934159675,0.8672398766672165,0.047984483251249044,0.00330435004221656,6592
SUB1:HepG2,gc,splicebert,logit,within_fold,0.8192553934159675,0.8683833265093318,0.049127933093364384,0.003575395300100306,6592
SUB1:HepG2,dn,kmer,native,whole_dataset,0.6101404306025763,0.6450175888982447,0.03487715829566851,0.005046680671942859,6594
SUB1:HepG2,dn,cnn,probability,whole_dataset,0.6101404306025763,0.6520350252695233,0.041894594666947116,0.006325455924187609,6594
SUB1:HepG2,dn,cnn,logit,whole_dataset,0.6101404306025763,0.6522555362091015,0.042115105606525316,0.006339471067876695,6594
SUB1:HepG2,dn,splicebert,probability,whole_dataset,0.6101404306025763,0.7495141077784244,0.13937367717584825,0.007121208230834613,6594
SUB1:HepG2,dn,splicebert,logit,whole_dataset,0.6101404306025763,0.7536328878313195,0.14349245722874338,0.007194339826004601,6594
SUB1:HepG2,dn,kmer,native,within_fold,0.6102725347783102,0.6450549386860914,0.03478240390778131,0.005045156378547644,6594
SUB1:HepG2,dn,cnn,probability,within_fold,0.6102725347783102,0.652051124316009,0.04177858953769886,0.0063207035857459366,6594
SUB1:HepG2,dn,cnn,logit,within_fold,0.6102725347783102,0.6523062252068935,0.0420336904285834,0.006338168055103526,6594
SUB1:HepG2,dn,splicebert,probability,within_fold,0.6102725347783102,0.7495133718220136,0.1392408370437035,0.00712096961439737,6594
SUB1:HepG2,dn,splicebert,logit,within_fold,0.6102725347783102,0.753601149711105,0.14332861493279492,0.007193674067731117,6594
SUB1:HepG2,neg2,kmer,native,whole_dataset,0.8126828120581582,0.8202857133389103,0.007602901280752139,0.0015550247308910134,6592
SUB1:HepG2,neg2,cnn,probability,whole_dataset,0.8126828120581582,0.8204901572367801,0.007807345178621916,0.0017989416460957174,6592
SUB1:HepG2,neg2,cnn,logit,whole_dataset,0.8126828120581582,0.8207462413988124,0.008063429340654182,0.0017942649019434284,6592
SUB1:HepG2,neg2,splicebert,probability,whole_dataset,0.8126828120581582,0.8513665247372513,0.038683712679093096,0.0031050230437166255,6592
SUB1:HepG2,neg2,splicebert,logit,whole_dataset,0.8126828120581582,0.8524646857915449,0.03978187373338671,0.003283062865376232,6592
SUB1:HepG2,neg2,kmer,native,within_fold,0.8127449460658404,0.8202876463969272,0.007542700331086838,0.0015538000052118107,6592
SUB1:HepG2,neg2,cnn,probability,within_fold,0.8127449460658404,0.8204501153207182,0.007705169254877853,0.0018008068834138352,6592
SUB1:HepG2,neg2,cnn,logit,within_fold,0.8127449460658404,0.820756366940805,0.008011420874964648,0.0017946932581571274,6592
SUB1:HepG2,neg2,splicebert,probability,within_fold,0.8127449460658404,0.8513618301677821,0.03861688410194175,0.0031037672830320838,6592
SUB1:HepG2,neg2,splicebert,logit,within_fold,0.8127449460658404,0.8524367024754925,0.03969175640965217,0.0032801704290483387,6592
TAF15:HepG2,gc,kmer,native,whole_dataset,0.9356689453125,0.9381239149305557,0.0024549696180556912,0.001203725259688106,1536
TAF15:HepG2,gc,cnn,probability,whole_dataset,0.9356689453125,0.9379696316189235,0.0023006863064235494,0.0013891952796756535,1536
TAF15:HepG2,gc,cnn,logit,whole_dataset,0.9356689453125,0.9383561876085068,0.0026872422960068088,0.001549252109836254,1536
TAF15:HepG2,gc,splicebert,probability,whole_dataset,0.9356689453125,0.9457923041449652,0.010123358832465179,0.002411725989903102,1536
TAF15:HepG2,gc,splicebert,logit,whole_dataset,0.9356689453125,0.9465518527560765,0.01088290744357645,0.0026302668537252372,1536
TAF15:HepG2,gc,kmer,native,within_fold,0.9356774224175347,0.9381120469835068,0.002434624565971988,0.0012009940916085815,1536
TAF15:HepG2,gc,cnn,probability,within_fold,0.9356774224175347,0.9380001491970485,0.0023227267795137285,0.001388569108946775,1536
TAF15:HepG2,gc,cnn,logit,within_fold,0.9356774224175347,0.9383290608723959,0.0026516384548610494,0.0015445710098002602,1536
TAF15:HepG2,gc,splicebert,probability,within_fold,0.9356774224175347,0.9457753499348959,0.01009792751736105,0.0024116674510496505,1536
TAF15:HepG2,gc,splicebert,logit,within_fold,0.9356774224175347,0.946536593967014,0.01085917154947913,0.0026334402358329716,1536
TAF15:HepG2,dn,kmer,native,whole_dataset,0.6490190294053819,0.6792721218532987,0.03025309244791663,0.00854954509115086,1536
TAF15:HepG2,dn,cnn,probability,whole_dataset,0.6490190294053819,0.7178582085503472,0.06883917914496518,0.011693996872059333,1536
TAF15:HepG2,dn,cnn,logit,whole_dataset,0.6490190294053819,0.7172766791449653,0.06825764973958326,0.011732235932785802,1536
TAF15:HepG2,dn,splicebert,probability,whole_dataset,0.6490190294053819,0.7256859673394097,0.07666693793402768,0.012599707172786072,1536
TAF15:HepG2,dn,splicebert,logit,whole_dataset,0.6490190294053819,0.7037692599826388,0.05475023057725681,0.010596520507110215,1536
TAF15:HepG2,dn,kmer,native,within_fold,0.6488969590928819,0.679292466905382,0.0303955078125,0.008540020158183653,1536
TAF15:HepG2,dn,cnn,probability,within_fold,0.6488969590928819,0.7178853352864584,0.06898837619357634,0.011703157565572457,1536
TAF15:HepG2,dn,cnn,logit,within_fold,0.6488969590928819,0.7172376844618055,0.06834072536892344,0.011734457752652902,1536
TAF15:HepG2,dn,splicebert,probability,within_fold,0.6488969590928819,0.725555419921875,0.07665846082899297,0.012602401894940416,1536
TAF15:HepG2,dn,splicebert,logit,within_fold,0.6488969590928819,0.7036471896701388,0.05475023057725681,0.010615441870114282,1536
TAF15:HepG2,neg2,kmer,native,whole_dataset,0.9226972791883681,0.9234059651692709,0.0007086859809026791,0.0011743059831172942,1536
TAF15:HepG2,neg2,cnn,probability,whole_dataset,0.9226972791883681,0.9234534369574652,0.0007561577690969878,0.001101718194948925,1536
TAF15:HepG2,neg2,cnn,logit,whole_dataset,0.9226972791883681,0.9239518907335068,0.0012546115451386175,0.0011919926001977717,1536
TAF15:HepG2,neg2,splicebert,probability,whole_dataset,0.9226972791883681,0.9354671902126735,0.012769911024305358,0.002920289750800696,1536
TAF15:HepG2,neg2,splicebert,logit,whole_dataset,0.9226972791883681,0.9372049967447916,0.014507717556423438,0.0031952113872577926,1536
TAF15:HepG2,neg2,kmer,native,within_fold,0.9226837158203125,0.9234127468532985,0.0007290310329860494,0.0011712523814993506,1536
TAF15:HepG2,neg2,cnn,probability,within_fold,0.9226837158203125,0.9234364827473959,0.0007527669270833703,0.001099263185160546,1536
TAF15:HepG2,neg2,cnn,logit,within_fold,0.9226837158203125,0.9239959716796875,0.001312255859375,0.0011886847579114894,1536
TAF15:HepG2,neg2,splicebert,probability,within_fold,0.9226837158203125,0.935455322265625,0.0127716064453125,0.0029214085564767795,1536
TAF15:HepG2,neg2,splicebert,logit,within_fold,0.9226837158203125,0.937198215060764,0.01451449924045145,0.003195756175286434,1536
TIA1:HepG2,gc,kmer,native,whole_dataset,0.8412251655075313,0.8449044486912436,0.0036792831837123563,0.001431054886265818,3458
TIA1:HepG2,gc,cnn,probability,whole_dataset,0.8412251655075313,0.8711280804672178,0.029902914959686555,0.003630999555229663,3458
TIA1:HepG2,gc,cnn,logit,whole_dataset,0.8412251655075313,0.8727598236593397,0.03153465815180845,0.0039325819385383765,3458
TIA1:HepG2,gc,splicebert,probability,whole_dataset,0.8412251655075313,0.8829874882963069,0.041762322788775674,0.0041120428350466046,3458
TIA1:HepG2,gc,splicebert,logit,whole_dataset,0.8412251655075313,0.8845422940275456,0.04331712852001435,0.0043291316736113,3458
TIA1:HepG2,gc,kmer,native,within_fold,0.8412415565318064,0.8449151530336272,0.003673596501820753,0.0014286283365944074,3458
TIA1:HepG2,gc,cnn,probability,within_fold,0.8412415565318064,0.8711545068124776,0.029912950280671202,0.003631884301733716,3458
TIA1:HepG2,gc,cnn,logit,within_fold,0.8412415565318064,0.8727524644239509,0.0315109078921445,0.003933676143069445,3458
TIA1:HepG2,gc,splicebert,probability,within_fold,0.8412415565318064,0.8830062208954784,0.04176466436367199,0.00411175167912016,3458
TIA1:HepG2,gc,splicebert,logit,within_fold,0.8412415565318064,0.8845195472999803,0.043277990768173846,0.0043329406196091266,3458
TIA1:HepG2,dn,kmer,native,whole_dataset,0.5946673642329787,0.6396981910664903,0.04503082683351156,0.007715835883463806,3458
TIA1:HepG2,dn,cnn,probability,whole_dataset,0.5946673642329787,0.7520158451028136,0.15734848086983488,0.010439783225849463,3458
TIA1:HepG2,dn,cnn,logit,whole_dataset,0.5946673642329787,0.75349304435177,0.15882568011879128,0.01049386678418485,3458
TIA1:HepG2,dn,splicebert,probability,whole_dataset,0.5946673642329787,0.7784753069219295,0.18380794268895073,0.010433365568668121,3458
TIA1:HepG2,dn,splicebert,logit,whole_dataset,0.5946673642329787,0.7832966096337074,0.18862924540072867,0.010537661609404355,3458
TIA1:HepG2,dn,kmer,native,within_fold,0.5944930841585434,0.6396674160821371,0.04517433192359377,0.00771369173347002,3458
TIA1:HepG2,dn,cnn,probability,within_fold,0.5944930841585434,0.7520536448118562,0.15756056065331292,0.010438962175530772,3458
TIA1:HepG2,dn,cnn,logit,within_fold,0.5944930841585434,0.7535101043974441,0.15901702023890085,0.010490925288744403,3458
TIA1:HepG2,dn,splicebert,probability,within_fold,0.5944930841585434,0.7785080889704797,0.18401500481193644,0.010435359669785559,3458
TIA1:HepG2,dn,splicebert,logit,within_fold,0.5944930841585434,0.7832638275851571,0.18877074342661382,0.010536369919490574,3458
TIA1:HepG2,neg2,kmer,native,whole_dataset,0.8871337484165099,0.8921962333426214,0.005062484926111499,0.0013328217260256089,3458
TIA1:HepG2,neg2,cnn,probability,whole_dataset,0.8871337484165099,0.8939791753709138,0.0068454269544038215,0.0016140230213575182,3458
TIA1:HepG2,neg2,cnn,logit,whole_dataset,0.8871337484165099,0.8948422129756032,0.007708464559093242,0.0018159162908187672,3458
TIA1:HepG2,neg2,splicebert,probability,whole_dataset,0.8871337484165099,0.9229575027572043,0.0358237543406944,0.003410634351363595,3458
TIA1:HepG2,neg2,splicebert,logit,whole_dataset,0.8871337484165099,0.9217030876341096,0.03456933921759964,0.0037143974614181068,3458
TIA1:HepG2,neg2,kmer,native,within_fold,0.8871819179572368,0.8921681344438643,0.004986216486627559,0.0013345692314443748,3458
TIA1:HepG2,neg2,cnn,probability,within_fold,0.8871819179572368,0.8939587702182449,0.006776852261008104,0.0016187531423944494,3458
TIA1:HepG2,neg2,cnn,logit,within_fold,0.8871819179572368,0.8948890444735319,0.007707126516295126,0.0018123121640465773,3458
TIA1:HepG2,neg2,splicebert,probability,within_fold,0.8871819179572368,0.9229685416102876,0.03578662365305085,0.003410179379337888,3458
TIA1:HepG2,neg2,splicebert,logit,within_fold,0.8871819179572368,0.9215970477423705,0.034415129785133725,0.003717286888337756,3458
TIA1:K562,gc,kmer,native,whole_dataset,0.8331266945860099,0.8418689915145812,0.008742296928571203,0.001152337522504364,11662
TIA1:K562,gc,cnn,probability,whole_dataset,0.8331266945860099,0.8722467843986457,0.039120089812635706,0.002196521133772238,11662
TIA1:K562,gc,cnn,logit,whole_dataset,0.8331266945860099,0.8737655240453239,0.04063882945931396,0.002367077140922417,11662
TIA1:K562,gc,splicebert,probability,whole_dataset,0.8331266945860099,0.8984281171125381,0.06530142252652815,0.002710231146008638,11662
TIA1:K562,gc,splicebert,logit,whole_dataset,0.8331266945860099,0.9004835243747891,0.0673568297887791,0.0028655580088346854,11662
TIA1:K562,gc,kmer,native,within_fold,0.8331125183493296,0.8419052850333851,0.008792766684055597,0.0011479308935146873,11662
TIA1:K562,gc,cnn,probability,within_fold,0.8331125183493296,0.8722374316117902,0.0391249132624607,0.00219544021335022,11662
TIA1:K562,gc,cnn,logit,within_fold,0.8331125183493296,0.8737641711264706,0.04065165277714111,0.0023668683272567983,11662
TIA1:K562,gc,splicebert,probability,within_fold,0.8331125183493296,0.8984259700891406,0.06531345173981107,0.00270947590934039,11662
TIA1:K562,gc,splicebert,logit,within_fold,0.8331125183493296,0.900483877310142,0.06737135896081248,0.0028649891064645512,11662
TIA1:K562,dn,kmer,native,whole_dataset,0.6161249816489249,0.6624617459001149,0.04633676425118993,0.003954201452920833,11766
TIA1:K562,dn,cnn,probability,whole_dataset,0.6161249816489249,0.7766738094641648,0.16054882781523983,0.005299225870046789,11766
TIA1:K562,dn,cnn,logit,whole_dataset,0.6161249816489249,0.7777444923009854,0.16161951065206048,0.005321775682814368,11766
TIA1:K562,dn,splicebert,probability,whole_dataset,0.6161249816489249,0.8206168220696811,0.2044918404207562,0.005410887014158512,11766
TIA1:K562,dn,splicebert,logit,whole_dataset,0.6161249816489249,0.8229219858057668,0.20679700415684188,0.00541499484730668,11766
TIA1:K562,dn,kmer,native,within_fold,0.6159981096622972,0.6624195033939774,0.046421393731680305,0.003952557665753044,11766
TIA1:K562,dn,cnn,probability,within_fold,0.6159981096622972,0.7766371723247787,0.16063906266248162,0.005299068361964179,11766
TIA1:K562,dn,cnn,logit,within_fold,0.6159981096622972,0.777763764360899,0.16176565469860194,0.00532351943623665,11766
TIA1:K562,dn,splicebert,probability,within_fold,0.6159981096622972,0.8205951229437515,0.2045970132814544,0.005410706564490602,11766
TIA1:K562,dn,splicebert,logit,within_fold,0.6159981096622972,0.8229409978228929,0.2069428881605958,0.0054157210740196,11766
TIA1:K562,neg2,kmer,native,whole_dataset,0.783878860116455,0.7956606951279421,0.011781835011486996,0.0015283672573350416,11662
TIA1:K562,neg2,cnn,probability,whole_dataset,0.783878860116455,0.806729600726294,0.022850740609838827,0.0022886614988288445,11662
TIA1:K562,neg2,cnn,logit,whole_dataset,0.783878860116455,0.8081407539128546,0.024261893796399425,0.0023493935389811505,11662
TIA1:K562,neg2,splicebert,probability,whole_dataset,0.783878860116455,0.8675034214876631,0.083624561371208,0.0032202477804148593,11662
TIA1:K562,neg2,splicebert,logit,whole_dataset,0.783878860116455,0.8701557306657381,0.08627687054928301,0.003370322272351786,11662
TIA1:K562,neg2,kmer,native,within_fold,0.7838894187657668,0.7956663715048702,0.011776952739103397,0.001527149688774116,11662
TIA1:K562,neg2,cnn,probability,within_fold,0.7838894187657668,0.8067301301293235,0.0228407113635567,0.0022871165189217594,11662
TIA1:K562,neg2,cnn,logit,within_fold,0.7838894187657668,0.8081288717559689,0.024239452990202137,0.002347863685291718,11662
TIA1:K562,neg2,splicebert,probability,within_fold,0.7838894187657668,0.8674944804587195,0.08360506169295268,0.0032206022347551094,11662
TIA1:K562,neg2,splicebert,logit,within_fold,0.7838894187657668,0.8701535836423404,0.08626416487657362,0.0033700501581424803,11662
TRA2A:HepG2,gc,kmer,native,whole_dataset,0.9331214555765595,0.9382951323251417,0.005173676748582157,0.0017780816869978748,1840
TRA2A:HepG2,gc,cnn,probability,whole_dataset,0.9331214555765595,0.9417745746691871,0.00865311909262756,0.0022286940094644442,1840
TRA2A:HepG2,gc,cnn,logit,whole_dataset,0.9331214555765595,0.943475897920605,0.010354442344045478,0.00247183902919302,1840
TRA2A:HepG2,gc,splicebert,probability,whole_dataset,0.9331214555765595,0.9613338846880909,0.028212429111531323,0.003816365512173902,1840
TRA2A:HepG2,gc,splicebert,logit,whole_dataset,0.9331214555765595,0.9609168241965973,0.02779536862003773,0.004207354664465174,1840
TRA2A:HepG2,gc,kmer,native,within_fold,0.9330931001890359,0.9382667769376183,0.005173676748582379,0.0017786828016695037,1840
TRA2A:HepG2,gc,cnn,probability,within_fold,0.9330931001890359,0.9417332230623819,0.008640122873346034,0.0022295559785427818,1840
TRA2A:HepG2,gc,cnn,logit,within_fold,0.9330931001890359,0.9434593572778827,0.010366257088846753,0.0024763125910807885,1840
TRA2A:HepG2,gc,splicebert,probability,within_fold,0.9330931001890359,0.9613315217391304,0.028238421550094484,0.003817963991705762,1840
TRA2A:HepG2,gc,splicebert,logit,within_fold,0.9330931001890359,0.9608341209829867,0.0277410207939508,0.004220748955127613,1840
TRA2A:HepG2,dn,kmer,native,whole_dataset,0.6835628082113456,0.8004965569926471,0.11693374878130147,0.011199234882630072,1842
TRA2A:HepG2,dn,cnn,probability,whole_dataset,0.6835628082113456,0.8123563939965176,0.12879358578517197,0.011495798420454114,1842
TRA2A:HepG2,dn,cnn,logit,whole_dataset,0.6835628082113456,0.8134468859675493,0.1298840777562037,0.011552154933069301,1842
TRA2A:HepG2,dn,splicebert,probability,whole_dataset,0.6835628082113456,0.8536713033206363,0.1701084951092907,0.012496508830657683,1842
TRA2A:HepG2,dn,splicebert,logit,whole_dataset,0.6835628082113456,0.8491112785163651,0.1655484703050195,0.012704519674928942,1842
TRA2A:HepG2,dn,kmer,native,within_fold,0.6835698816727793,0.8004717998776291,0.11690191820484963,0.011200479500800341,1842
TRA2A:HepG2,dn,cnn,probability,within_fold,0.6835698816727793,0.8123894034832082,0.12881952181042877,0.011495364427009986,1842
TRA2A:HepG2,dn,cnn,logit,within_fold,0.6835698816727793,0.8133891193658406,0.12981923769306114,0.011548367956421456,1842
TRA2A:HepG2,dn,splicebert,probability,within_fold,0.6835698816727793,0.8536359360134678,0.17006605434068833,0.012504196694290442,1842
TRA2A:HepG2,dn,splicebert,logit,within_fold,0.6835698816727793,0.8489721671081687,0.16540228543538926,0.012711191777965905,1842
TRA2A:HepG2,neg2,kmer,native,whole_dataset,0.9433211247637051,0.9452764650283554,0.0019553402646502738,0.001229392472358801,1840
TRA2A:HepG2,neg2,cnn,probability,whole_dataset,0.9433211247637051,0.9476996691871455,0.004378544423440434,0.0013368968589802426,1840
TRA2A:HepG2,neg2,cnn,logit,whole_dataset,0.9433211247637051,0.9485231568998109,0.005202032136105816,0.00153954116001187,1840
TRA2A:HepG2,neg2,splicebert,probability,whole_dataset,0.9433211247637051,0.9488468809073723,0.0055257561436672376,0.0015296536526905548,1840
TRA2A:HepG2,neg2,splicebert,logit,whole_dataset,0.9433211247637051,0.9482230623818526,0.0049019376181475005,0.001863629208947194,1840
TRA2A:HepG2,neg2,kmer,native,within_fold,0.9433069470699433,0.9452611058601134,0.001954158790170135,0.0012310526894396328,1840
TRA2A:HepG2,neg2,cnn,probability,within_fold,0.9433069470699433,0.9476772211720226,0.004370274102079352,0.001335927912452739,1840
TRA2A:HepG2,neg2,cnn,logit,within_fold,0.9433069470699433,0.9485113421550095,0.005204395085066316,0.001540423939148586,1840
TRA2A:HepG2,neg2,splicebert,probability,within_fold,0.9433069470699433,0.9488173440453685,0.005510396975425325,0.0015325295090640944,1840
TRA2A:HepG2,neg2,splicebert,logit,within_fold,0.9433069470699433,0.9481332703213612,0.004826323251417963,0.0018746392491483333,1840
U2AF1:K562,gc,kmer,native,whole_dataset,0.82696047048511,0.8473353146531378,0.020374844168027928,0.0038019156791624475,2458
U2AF1:K562,gc,cnn,probability,whole_dataset,0.82696047048511,0.9207211668645118,0.09376069637940188,0.006649689296493502,2458
U2AF1:K562,gc,cnn,logit,whole_dataset,0.82696047048511,0.9254350219571634,0.09847455147205353,0.006872312756891157,2458
U2AF1:K562,gc,splicebert,probability,whole_dataset,0.82696047048511,0.9445764515131674,0.11761598102805748,0.007052191805030922,2458
U2AF1:K562,gc,splicebert,logit,whole_dataset,0.82696047048511,0.9528501940823905,0.12588972359728057,0.007505533288448288,2458
U2AF1:K562,gc,kmer,native,within_fold,0.826971725476202,0.8473763622677085,0.020404636791506503,0.0037988626408980387,2458
U2AF1:K562,gc,cnn,probability,within_fold,0.826971725476202,0.920727787447507,0.09375606197130504,0.006647797491283987,2458
U2AF1:K562,gc,cnn,logit,within_fold,0.826971725476202,0.9254257531409702,0.09845402766476818,0.006872414491508164,2458
U2AF1:K562,gc,splicebert,probability,within_fold,0.826971725476202,0.9445625482888773,0.1175908228126753,0.007052538314709055,2458
U2AF1:K562,gc,splicebert,logit,within_fold,0.826971725476202,0.9528071602929211,0.1258354348167191,0.007505831735336606,2458
U2AF1:K562,dn,kmer,native,whole_dataset,0.605424681076079,0.7244365126578095,0.11901183158173034,0.01133854787638025,2460
U2AF1:K562,dn,cnn,probability,whole_dataset,0.605424681076079,0.9003813867406967,0.2949567056646175,0.012026680051825245,2460
U2AF1:K562,dn,cnn,logit,whole_dataset,0.605424681076079,0.9033630775332144,0.29793839645713527,0.011953125251258592,2460
U2AF1:K562,dn,splicebert,probability,whole_dataset,0.605424681076079,0.9263864102055656,0.3209617291294864,0.011567941473386727,2460
U2AF1:K562,dn,splicebert,logit,whole_dataset,0.605424681076079,0.9378114878709762,0.33238680679489707,0.011693907869842398,2460
U2AF1:K562,dn,kmer,native,within_fold,0.6053063652587745,0.7243710754180712,0.11906471015929665,0.011337098080049993,2460
U2AF1:K562,dn,cnn,probability,within_fold,0.6053063652587745,0.9003846916517946,0.29507832639302,0.012026683152035153,2460
U2AF1:K562,dn,cnn,logit,within_fold,0.6053063652587745,0.9033630775332144,0.29805671227443986,0.011954034273313117,2460
U2AF1:K562,dn,splicebert,probability,within_fold,0.6053063652587745,0.9263969859210788,0.3210906206623042,0.011573655402805303,2460
U2AF1:K562,dn,splicebert,logit,within_fold,0.6053063652587745,0.9377619142045079,0.33245554894573337,0.011699984968997991,2460
U2AF1:K562,neg2,kmer,native,whole_dataset,0.8458920275601629,0.8537850866071565,0.007893059046993556,0.0024608477348607443,2458
U2AF1:K562,neg2,cnn,probability,whole_dataset,0.8458920275601629,0.8873137050702411,0.04142167751007819,0.005213265089995167,2458
U2AF1:K562,neg2,cnn,logit,whole_dataset,0.8458920275601629,0.8884815759106115,0.04258954835044859,0.005302664202670502,2458
U2AF1:K562,neg2,splicebert,probability,whole_dataset,0.8458920275601629,0.9076726598390802,0.06178063227891728,0.005921453320796927,2458
U2AF1:K562,neg2,splicebert,logit,whole_dataset,0.8458920275601629,0.9098839345595094,0.06399190699934654,0.006235840731529573,2458
U2AF1:K562,neg2,kmer,native,within_fold,0.8458933516767619,0.8538075965893405,0.007914244912578416,0.002462043647972685,2458
U2AF1:K562,neg2,cnn,probability,within_fold,0.8458933516767619,0.887312380953642,0.041419029276879904,0.0052185147251500915,2458
U2AF1:K562,neg2,cnn,logit,within_fold,0.8458933516767619,0.888458403870128,0.042565052193365926,0.005304538669875643,2458
U2AF1:K562,neg2,splicebert,probability,within_fold,0.8458933516767619,0.9076759701305777,0.06178261845381561,0.005919119875241013,2458
U2AF1:K562,neg2,splicebert,logit,within_fold,0.8458933516767619,0.9098601004607264,0.06396674878396436,0.006239449512782413,2458
U2AF2:HepG2,gc,kmer,native,whole_dataset,0.8068869383666182,0.8596783060186086,0.05279136765199044,0.0019158669662553665,21398
U2AF2:HepG2,gc,cnn,probability,whole_dataset,0.8068869383666182,0.9362032213532513,0.1293162829866331,0.0025293830283731875,21398
U2AF2:HepG2,gc,cnn,logit,whole_dataset,0.8068869383666182,0.9404184034711842,0.13353146510456604,0.0026282799181985158,21398
U2AF2:HepG2,gc,splicebert,probability,whole_dataset,0.8068869383666182,0.9603295404999315,0.1534426021333133,0.002688241942374195,21398
U2AF2:HepG2,gc,splicebert,logit,whole_dataset,0.8068869383666182,0.9651150711626152,0.158228132795997,0.002777500875983723,21398
U2AF2:HepG2,gc,kmer,native,within_fold,0.8068884147540163,0.8596820188271541,0.05279360407313782,0.0019146847386788016,21398
U2AF2:HepG2,gc,cnn,probability,within_fold,0.8068884147540163,0.9362404455349288,0.1293520307809125,0.002529259906926242,21398
U2AF2:HepG2,gc,cnn,logit,within_fold,0.8068884147540163,0.9404197226102204,0.13353130785620415,0.002628456797357518,21398
U2AF2:HepG2,gc,splicebert,probability,within_fold,0.8068884147540163,0.9603165937181324,0.1534281789641161,0.0026883837854851838,21398
U2AF2:HepG2,gc,splicebert,logit,within_fold,0.8068884147540163,0.9651080910825494,0.15821967632853307,0.002777573709577621,21398
U2AF2:HepG2,dn,kmer,native,whole_dataset,0.5982455471883845,0.75031849390503,0.1520729467166455,0.0041170306835846505,21404
U2AF2:HepG2,dn,cnn,probability,whole_dataset,0.5982455471883845,0.902442107328482,0.30419656014009744,0.004037677174188423,21404
U2AF2:HepG2,dn,cnn,logit,whole_dataset,0.5982455471883845,0.9045828826473156,0.30633733545893105,0.004051487658945286,21404
U2AF2:HepG2,dn,splicebert,probability,whole_dataset,0.5982455471883845,0.9404907872507862,0.34224524006240165,0.0039460916513570175,21404
U2AF2:HepG2,dn,splicebert,logit,whole_dataset,0.5982455471883845,0.9437723536393993,0.34552680645101475,0.003954759283212832,21404
U2AF2:HepG2,dn,kmer,native,within_fold,0.5982658732427436,0.7503698591016771,0.15210398585893348,0.004114418516202962,21404
U2AF2:HepG2,dn,cnn,probability,within_fold,0.5982658732427436,0.9024581900570601,0.30419231681431647,0.004036906591124192,21404
U2AF2:HepG2,dn,cnn,logit,within_fold,0.5982658732427436,0.9045872744021879,0.3063214011594443,0.0040523129567497556,21404
U2AF2:HepG2,dn,splicebert,probability,within_fold,0.5982658732427436,0.9405027052336901,0.34223683199094646,0.0039460960362301106,21404
U2AF2:HepG2,dn,splicebert,logit,within_fold,0.5982658732427436,0.9437564717266506,0.34549059848390695,0.003954848298209961,21404
U2AF2:HepG2,neg2,kmer,native,whole_dataset,0.8716278711224923,0.882572942426369,0.010945071303876563,0.0008328299332917179,21398
U2AF2:HepG2,neg2,cnn,probability,whole_dataset,0.8716278711224923,0.9189574702673268,0.04732959914483437,0.0016255803485311806,21398
U2AF2:HepG2,neg2,cnn,logit,whole_dataset,0.8716278711224923,0.9200436196472778,0.04841574852478536,0.0017292628420344973,21398
U2AF2:HepG2,neg2,splicebert,probability,whole_dataset,0.8716278711224923,0.9420489204720864,0.07042104934959403,0.0018473035938191141,21398
U2AF2:HepG2,neg2,splicebert,logit,whole_dataset,0.8716278711224923,0.9453317421080389,0.07370387098554654,0.0019628348949044983,21398
U2AF2:HepG2,neg2,kmer,native,within_fold,0.871640931472553,0.8825839934918048,0.010943062019251992,0.0008338142208274696,21398
U2AF2:HepG2,neg2,cnn,probability,within_fold,0.871640931472553,0.9189534779061377,0.047312546433584846,0.0016254012367549267,21398
U2AF2:HepG2,neg2,cnn,logit,within_fold,0.871640931472553,0.9200211156594812,0.048380184186928354,0.0017290097332407343,21398
U2AF2:HepG2,neg2,splicebert,probability,within_fold,0.871640931472553,0.9420409532217486,0.0704000217491958,0.0018482776045212013,21398
U2AF2:HepG2,neg2,splicebert,logit,within_fold,0.871640931472553,0.9453229361997707,0.07368200472721786,0.0019629160093145854,21398
UCHL5:HepG2,gc,kmer,native,whole_dataset,0.6910033248542753,0.7410031138991124,0.04999978904483726,0.005417715415351902,4462
UCHL5:HepG2,gc,cnn,probability,whole_dataset,0.6910033248542753,0.7149706440822757,0.02396731922800055,0.004186491747258361,4462
UCHL5:HepG2,gc,cnn,logit,whole_dataset,0.6910033248542753,0.7150078123728618,0.024004487518586637,0.004265816160094376,4462
UCHL5:HepG2,gc,splicebert,probability,whole_dataset,0.6910033248542753,0.8622207631714878,0.1712174383172126,0.00739489415198944,4462
UCHL5:HepG2,gc,splicebert,logit,whole_dataset,0.6910033248542753,0.8628154558208657,0.17181213096659054,0.007585557145444612,4462
UCHL5:HepG2,gc,kmer,native,within_fold,0.6910111603317501,0.7410099448281932,0.049998784496442905,0.005418214132637297,4462
UCHL5:HepG2,gc,cnn,probability,within_fold,0.6910111603317501,0.7149853104888314,0.023974150157081153,0.004186921766404334,4462
UCHL5:HepG2,gc,cnn,logit,within_fold,0.6910111603317501,0.7150164514890522,0.02400529115730199,0.004266365164808582,4462
UCHL5:HepG2,gc,splicebert,probability,within_fold,0.6910111603317501,0.8622195577134147,0.1712083973816645,0.0073968074367968,4462
UCHL5:HepG2,gc,splicebert,logit,within_fold,0.6910111603317501,0.862784314820645,0.17177315448889474,0.0075850573747519605,4462
UCHL5:HepG2,dn,kmer,native,whole_dataset,0.5655269881067865,0.6856604179982347,0.12013342989144837,0.00926455877929532,4466
UCHL5:HepG2,dn,cnn,probability,whole_dataset,0.5655269881067865,0.6357607832197452,0.0702337951129588,0.008879327111239132,4466
UCHL5:HepG2,dn,cnn,logit,whole_dataset,0.5655269881067865,0.6359737672645931,0.07044677915780673,0.008894926547847041,4466
UCHL5:HepG2,dn,splicebert,probability,whole_dataset,0.5655269881067865,0.8301582599805185,0.26463127187373214,0.009682002196762381,4466
UCHL5:HepG2,dn,splicebert,logit,whole_dataset,0.5655269881067865,0.8345525098926276,0.26902552178584127,0.009681857578481836,4466
UCHL5:HepG2,dn,kmer,native,within_fold,0.5656808099169542,0.6855972447645935,0.11991643484763925,0.009262783626547881,4466
UCHL5:HepG2,dn,cnn,probability,within_fold,0.5656808099169542,0.6359029731329251,0.07022216321597086,0.0088740311387365,4466
UCHL5:HepG2,dn,cnn,logit,within_fold,0.5656808099169542,0.6359809870627234,0.0703001771457692,0.00889325266446131,4466
UCHL5:HepG2,dn,splicebert,probability,within_fold,0.5656808099169542,0.8301636748291163,0.2644828649121621,0.009676969463833974,4466
UCHL5:HepG2,dn,splicebert,logit,within_fold,0.5656808099169542,0.834556721441537,0.2688759115245828,0.009681195222017977,4466
UCHL5:HepG2,neg2,kmer,native,whole_dataset,0.784176996605229,0.7947504711834242,0.010573474578195019,0.002421346300260699,4462
UCHL5:HepG2,neg2,cnn,probability,whole_dataset,0.784176996605229,0.794846104190554,0.0106691075853248,0.002473991710330476,4462
UCHL5:HepG2,neg2,cnn,logit,whole_dataset,0.784176996605229,0.7957049930676116,0.01152799646238234,0.0025330447823794793,4462
UCHL5:HepG2,neg2,splicebert,probability,whole_dataset,0.784176996605229,0.8266880782808401,0.04251108167561091,0.004135034224823955,4462
UCHL5:HepG2,neg2,splicebert,logit,whole_dataset,0.784176996605229,0.827014958328319,0.042837961723089735,0.004227953478163465,4462
UCHL5:HepG2,neg2,kmer,native,within_fold,0.7841751884181196,0.7947579048415416,0.010582716423422012,0.002423200712193488,4462
UCHL5:HepG2,neg2,cnn,probability,within_fold,0.7841751884181196,0.7947500693640666,0.01057488094594694,0.0024778050471859657,4462
UCHL5:HepG2,neg2,cnn,logit,within_fold,0.7841751884181196,0.7957524077518187,0.01157721933369904,0.002534200052471862,4462
UCHL5:HepG2,neg2,splicebert,probability,within_fold,0.7841751884181196,0.8267158038165204,0.042540615398400816,0.004136839514874419,4462
UCHL5:HepG2,neg2,splicebert,logit,within_fold,0.7841751884181196,0.8269655345473234,0.04279034612920374,0.004227505138401928,4462
XPO5:HepG2,gc,kmer,native,whole_dataset,0.710737553036179,0.7551823634590917,0.044444810422912706,0.0034818431507991792,9114
XPO5:HepG2,gc,cnn,probability,whole_dataset,0.710737553036179,0.7794113900878294,0.06867383705165042,0.004125626538971455,9114
XPO5:HepG2,gc,cnn,logit,whole_dataset,0.710737553036179,0.7831943072627127,0.07245675422653364,0.00422000440905369,9114
XPO5:HepG2,gc,splicebert,probability,whole_dataset,0.710737553036179,0.8355660186873423,0.12482846565116323,0.004730084858748855,9114
XPO5:HepG2,gc,splicebert,logit,whole_dataset,0.710737553036179,0.8394410083400232,0.1287034553038442,0.0047556757700965135,9114
XPO5:HepG2,gc,kmer,native,within_fold,0.7107527218805861,0.7551645942413577,0.0444118723607716,0.0034797919901411313,9114
XPO5:HepG2,gc,cnn,probability,within_fold,0.7107527218805861,0.7793750330163142,0.06862231113572803,0.004125069502948658,9114
XPO5:HepG2,gc,cnn,logit,within_fold,0.7107527218805861,0.783181931411879,0.07242920953129284,0.004221451662746491,9114
XPO5:HepG2,gc,splicebert,probability,within_fold,0.7107527218805861,0.8355565321402051,0.12480381025961895,0.004727959278912505,9114
XPO5:HepG2,gc,splicebert,logit,within_fold,0.7107527218805861,0.8394849739112731,0.12873225203068694,0.004754776372708134,9114
XPO5:HepG2,dn,kmer,native,whole_dataset,0.6403480102433077,0.680219952017085,0.0398719417737774,0.003825435927698725,9236
XPO5:HepG2,dn,cnn,probability,whole_dataset,0.6403480102433077,0.7077407290769675,0.06739271883365994,0.004818023724965704,9236
XPO5:HepG2,dn,cnn,logit,whole_dataset,0.6403480102433077,0.7080062275379018,0.0676582172945942,0.004838698246403675,9236
XPO5:HepG2,dn,splicebert,probability,whole_dataset,0.6403480102433077,0.7680504722796537,0.12770246203634616,0.0056034961320521265,9236
XPO5:HepG2,dn,splicebert,logit,whole_dataset,0.6403480102433077,0.7716481593013274,0.1313001490580198,0.005626810832265895,9236
XPO5:HepG2,dn,kmer,native,within_fold,0.6403136389307211,0.6802547922425308,0.039941153311809696,0.0038234662670057814,9236
XPO5:HepG2,dn,cnn,probability,within_fold,0.6403136389307211,0.7077093119153947,0.06739567298467353,0.004820035108867484,9236
XPO5:HepG2,dn,cnn,logit,within_fold,0.6403136389307211,0.7079784210053455,0.06766478207462434,0.004836578867418308,9236
XPO5:HepG2,dn,splicebert,probability,within_fold,0.6403136389307211,0.7680624764488517,0.1277488375181306,0.005604581326146071,9236
XPO5:HepG2,dn,splicebert,logit,within_fold,0.6403136389307211,0.7716513010174846,0.13133766208676345,0.005631164561242144,9236
XPO5:HepG2,neg2,kmer,native,whole_dataset,0.7829026802096035,0.8206130534214436,0.03771037321184001,0.002725315089196796,9114
XPO5:HepG2,neg2,cnn,probability,whole_dataset,0.7829026802096035,0.8252720556321944,0.04236937542259078,0.0028098128620348776,9114
XPO5:HepG2,neg2,cnn,logit,whole_dataset,0.7829026802096035,0.8265085813042116,0.043605901094607935,0.002909446863432932,9114
XPO5:HepG2,neg2,splicebert,probability,whole_dataset,0.7829026802096035,0.8864794503812412,0.10357677017163758,0.003837288976328032,9114
XPO5:HepG2,neg2,splicebert,logit,whole_dataset,0.7829026802096035,0.8930538201675228,0.11015113995791914,0.003989126192506828,9114
XPO5:HepG2,neg2,kmer,native,within_fold,0.7828088259945261,0.8206249477216612,0.03781612172713522,0.002726282742325551,9114
XPO5:HepG2,neg2,cnn,probability,within_fold,0.7828088259945261,0.8252744633852748,0.04246563739074882,0.0028104827214526376,9114
XPO5:HepG2,neg2,cnn,logit,within_fold,0.7828088259945261,0.8265060290859462,0.04369720309142022,0.0029109603321467283,9114
XPO5:HepG2,neg2,splicebert,probability,within_fold,0.7828088259945261,0.8865094991396857,0.10370067314515974,0.003837570000540702,9114
XPO5:HepG2,neg2,splicebert,logit,within_fold,0.7828088259945261,0.893043803914708,0.110234977920182,0.00398983680454686,9114
YBX3:HepG2,gc,kmer,native,whole_dataset,0.6452402380307085,0.637846008851854,-0.007394229178854461,0.005586290157559833,4082
YBX3:HepG2,gc,cnn,probability,whole_dataset,0.6452402380307085,0.653138586464014,0.007898348433305502,0.004016770991057161,4082
YBX3:HepG2,gc,cnn,logit,whole_dataset,0.6452402380307085,0.6524534643915365,0.007213226360827996,0.004164276262836508,4082
YBX3:HepG2,gc,splicebert,probability,whole_dataset,0.6452402380307085,0.7283457374676554,0.0831054994369469,0.008386909194798042,4082
YBX3:HepG2,gc,splicebert,logit,whole_dataset,0.6452402380307085,0.7375864834585271,0.09234624542781855,0.007988605455929455,4082
YBX3:HepG2,gc,kmer,native,within_fold,0.6453129752374221,0.6377730315883525,-0.007539943649069736,0.005590434268191852,4082
YBX3:HepG2,gc,cnn,probability,within_fold,0.6453129752374221,0.6532706176973225,0.007957642459900272,0.004018270049147985,4082
YBX3:HepG2,gc,cnn,logit,within_fold,0.6453129752374221,0.6526095013036284,0.0072965260662061215,0.004164101335332091,4082
YBX3:HepG2,gc,splicebert,probability,within_fold,0.6453129752374221,0.7283546195688052,0.08304164433138295,0.008384771997116196,4082
YBX3:HepG2,gc,splicebert,logit,within_fold,0.6453129752374221,0.7375365516466575,0.09222357640923529,0.007992410941390552,4082
YBX3:HepG2,dn,kmer,native,whole_dataset,0.571895195987111,0.6048188818359985,0.032923685848887496,0.007795505745574308,4084
YBX3:HepG2,dn,cnn,probability,whole_dataset,0.571895195987111,0.5965584623014636,0.02466326631435256,0.0057783768102708175,4084
YBX3:HepG2,dn,cnn,logit,whole_dataset,0.571895195987111,0.5971122106670785,0.02521701467996751,0.0056973242517718275,4084
YBX3:HepG2,dn,splicebert,probability,whole_dataset,0.571895195987111,0.7101636927173816,0.13826849673027053,0.009851837265279228,4084
YBX3:HepG2,dn,splicebert,logit,whole_dataset,0.571895195987111,0.7179255228833096,0.14603032689619855,0.00973731401559205,4084
YBX3:HepG2,dn,kmer,native,within_fold,0.571942440867157,0.6047757139252964,0.03283327305813932,0.0077884578408699105,4084
YBX3:HepG2,dn,cnn,probability,within_fold,0.571942440867157,0.5965224890425453,0.02458004817538828,0.00577253434201862,4084
YBX3:HepG2,dn,cnn,logit,within_fold,0.571942440867157,0.5970613684611407,0.025118927593983598,0.005688501459147199,4084
YBX3:HepG2,dn,splicebert,probability,within_fold,0.571942440867157,0.7101833580989235,0.13824091723176646,0.009849827676376403,4084
YBX3:HepG2,dn,splicebert,logit,within_fold,0.571942440867157,0.7178068111288791,0.14586437026172205,0.009741785609662205,4084
YBX3:HepG2,neg2,kmer,native,whole_dataset,0.7527784772765845,0.7429047015361954,-0.009873775740389168,0.0018230715837547129,4082
YBX3:HepG2,neg2,cnn,probability,whole_dataset,0.7527784772765845,0.7491973101156809,-0.00358116716090362,0.000583311158421813,4082
YBX3:HepG2,neg2,cnn,logit,whole_dataset,0.7527784772765845,0.7492527632336705,-0.003525714042914019,0.0005191451378779932,4082
YBX3:HepG2,neg2,splicebert,probability,whole_dataset,0.7527784772765845,0.7570565292925695,0.004278052015984968,0.0030280729904436626,4082
YBX3:HepG2,neg2,splicebert,logit,whole_dataset,0.7527784772765845,0.7593157037228726,0.006537226446288069,0.00315010115651222,4082
YBX3:HepG2,neg2,kmer,native,within_fold,0.7526949375144185,0.7429615949949119,-0.009733342519506527,0.0018191973183756473,4082
YBX3:HepG2,neg2,cnn,probability,within_fold,0.7526949375144185,0.7492450814164597,-0.00344985609795867,0.0005814515130298281,4082
YBX3:HepG2,neg2,cnn,logit,within_fold,0.7526949375144185,0.7492988541369345,-0.0033960833774838717,0.0005063236680354973,4082
YBX3:HepG2,neg2,splicebert,probability,within_fold,0.7526949375144185,0.7570085179350026,0.004313580420584162,0.0030299838984774747,4082
YBX3:HepG2,neg2,splicebert,logit,within_fold,0.7526949375144185,0.7593329878115967,0.006638050297178344,0.0031533194033254368,4082
YBX3:K562,gc,kmer,native,whole_dataset,0.6404943341314878,0.7403507304244714,0.09985639629298348,0.0026272942612885247,35958
YBX3:K562,gc,cnn,probability,whole_dataset,0.6404943341314878,0.7468481383721616,0.10635380424067364,0.002714118514785693,35958
YBX3:K562,gc,cnn,logit,whole_dataset,0.6404943341314878,0.7471591630558002,0.10666482892431228,0.002726356791989852,35958
YBX3:K562,gc,splicebert,probability,whole_dataset,0.6404943341314878,0.8773606411378316,0.2368663070063437,0.0029275245485205796,35958
YBX3:K562,gc,splicebert,logit,whole_dataset,0.6404943341314878,0.8808210997200103,0.2403267655885224,0.002895190003251321,35958
YBX3:K562,gc,kmer,native,within_fold,0.640425902946928,0.7403539075866119,0.09992800463968388,0.002628182298886319,35958
YBX3:K562,gc,cnn,probability,within_fold,0.640425902946928,0.7468053224773014,0.10637941953037333,0.0027136666774549728,35958
YBX3:K562,gc,cnn,logit,within_fold,0.640425902946928,0.7472038382247076,0.10677793527777957,0.0027268272498575286,35958
YBX3:K562,gc,splicebert,probability,within_fold,0.640425902946928,0.8774065135431053,0.23698061059617725,0.0029272233731964586,35958
YBX3:K562,gc,splicebert,logit,within_fold,0.640425902946928,0.8807939932987123,0.2403680903517843,0.0028949770171012713,35958
YBX3:K562,dn,kmer,native,whole_dataset,0.5550846828020161,0.7079168578803184,0.15283217507830238,0.003501725394325239,35958
YBX3:K562,dn,cnn,probability,whole_dataset,0.5550846828020161,0.7125642881512075,0.15747960534919148,0.003530039588366452,35958
YBX3:K562,dn,cnn,logit,whole_dataset,0.5550846828020161,0.7126975464366918,0.15761286363467575,0.0035300172748352066,35958
YBX3:K562,dn,splicebert,probability,whole_dataset,0.5550846828020161,0.8590111128933537,0.3039264300913377,0.0033752661967808304,35958
YBX3:K562,dn,splicebert,logit,whole_dataset,0.5550846828020161,0.8618365566880699,0.30675187388605385,0.003340690824180845,35958
YBX3:K562,dn,kmer,native,within_fold,0.5550446047732651,0.7079192245103452,0.15287461973708016,0.0035026673852849893,35958
YBX3:K562,dn,cnn,probability,within_fold,0.5550446047732651,0.7125310872708867,0.15748648249762165,0.0035297955565596387,35958
YBX3:K562,dn,cnn,logit,within_fold,0.5550446047732651,0.7126920057381589,0.15764740096489394,0.0035292664187099414,35958
YBX3:K562,dn,splicebert,probability,within_fold,0.5550446047732651,0.8590080687574764,0.30396346398421137,0.0033750498033507633,35958
YBX3:K562,dn,splicebert,logit,within_fold,0.5550446047732651,0.8618277893292525,0.3067831845559875,0.003340018032593257,35958
YBX3:K562,neg2,kmer,native,whole_dataset,0.8190311801835441,0.8406962611926249,0.02166508100908071,0.0010400306855867026,35958
YBX3:K562,neg2,cnn,probability,whole_dataset,0.8190311801835441,0.8484966644793746,0.029465484295830402,0.0011686127727378837,35958
YBX3:K562,neg2,cnn,logit,whole_dataset,0.8190311801835441,0.8490133910763835,0.029982210892839367,0.001223435557204693,35958
YBX3:K562,neg2,splicebert,probability,whole_dataset,0.8190311801835441,0.8811464169928293,0.0621152368092851,0.0015153450368412212,35958
YBX3:K562,neg2,splicebert,logit,whole_dataset,0.8190311801835441,0.8825925671526089,0.06356138696906477,0.0016314813165556447,35958
YBX3:K562,neg2,kmer,native,within_fold,0.8190264654852951,0.8407017462057453,0.02167528072045022,0.0010393347804896922,35958
YBX3:K562,neg2,cnn,probability,within_fold,0.8190264654852951,0.8484969738427767,0.02947050835748155,0.0011680333108412544,35958
YBX3:K562,neg2,cnn,logit,within_fold,0.8190264654852951,0.8490243208853823,0.029997855400087148,0.001223032786034529,35958
YBX3:K562,neg2,splicebert,probability,within_fold,0.8190264654852951,0.8811480102143504,0.06212154472905529,0.0015154712807724218,35958
YBX3:K562,neg2,splicebert,logit,within_fold,0.8190264654852951,0.8825919948303149,0.0635655293450198,0.0016318057789602531,35958
YWHAG:K562,gc,kmer,native,whole_dataset,0.72081236981253,0.734252523634033,0.013440153821502987,0.005053950226180187,1580
YWHAG:K562,gc,cnn,probability,whole_dataset,0.72081236981253,0.7080580035250761,-0.012754366287453966,0.005541492066844455,1580
YWHAG:K562,gc,cnn,logit,whole_dataset,0.72081236981253,0.7078432943438552,-0.012969075468674873,0.005425911823603007,1580
YWHAG:K562,gc,splicebert,probability,whole_dataset,0.72081236981253,0.7569524114725205,0.03614004165999041,0.008837061487950671,1580
YWHAG:K562,gc,splicebert,logit,whole_dataset,0.72081236981253,0.7607482775196283,0.039935907707098206,0.008503182116315951,1580
YWHAG:K562,gc,kmer,native,within_fold,0.7207418682903382,0.7342765582438712,0.01353468995353313,0.005057068603757758,1580
YWHAG:K562,gc,cnn,probability,within_fold,0.7207418682903382,0.7083816696042301,-0.012360198686107937,0.005497841017468258,1580
YWHAG:K562,gc,cnn,logit,within_fold,0.7207418682903382,0.7081301073545906,-0.012611760935747451,0.005397337125963557,1580
YWHAG:K562,gc,splicebert,probability,within_fold,0.7207418682903382,0.7568642845697805,0.03612241627944246,0.008843750656309865,1580
YWHAG:K562,gc,splicebert,logit,within_fold,0.7207418682903382,0.7607194359878224,0.039977567697484395,0.008513345501707162,1580
YWHAG:K562,dn,kmer,native,whole_dataset,0.5943477113837224,0.6094889479337442,0.015141236550021753,0.008583443222416812,1596
YWHAG:K562,dn,cnn,probability,whole_dataset,0.5943477113837224,0.6218820861678005,0.027534374784078053,0.011534802656187618,1596
YWHAG:K562,dn,cnn,logit,whole_dataset,0.5943477113837224,0.6219778770233855,0.02763016563966303,0.011500220887118965,1596
YWHAG:K562,dn,splicebert,probability,whole_dataset,0.5943477113837224,0.7166239533671271,0.1222762419834047,0.014081407569010461,1596
YWHAG:K562,dn,splicebert,logit,whole_dataset,0.5943477113837224,0.7232994767620807,0.12895176537835829,0.014284011708504582,1596
YWHAG:K562,dn,kmer,native,within_fold,0.5942660536051909,0.6094214232322661,0.0151553696270752,0.008582714104672864,1596
YWHAG:K562,dn,cnn,probability,within_fold,0.5942660536051909,0.6218302648852708,0.02756421128007991,0.011533476002181525,1596
YWHAG:K562,dn,cnn,logit,within_fold,0.5942660536051909,0.6219700253139114,0.02770397170872052,0.011502953797475773,1596
YWHAG:K562,dn,splicebert,probability,within_fold,0.5942660536051909,0.716653789863129,0.12238773625793808,0.014081547812125925,1596
YWHAG:K562,dn,splicebert,logit,within_fold,0.5942660536051909,0.7232178189835491,0.12895176537835817,0.014282875139409455,1596
YWHAG:K562,neg2,kmer,native,whole_dataset,0.7288799871815415,0.7342140682582919,0.005334081076750596,0.003067455245248311,1580
YWHAG:K562,neg2,cnn,probability,whole_dataset,0.7288799871815415,0.7297676654382311,0.0008876782566897834,0.0011248297960618795,1580
YWHAG:K562,neg2,cnn,logit,whole_dataset,0.7288799871815415,0.729658708540298,0.0007787213587566733,0.0010877429296553217,1580
YWHAG:K562,neg2,splicebert,probability,whole_dataset,0.7288799871815415,0.7644896651177696,0.03560967793622827,0.008098634074165422,1580
YWHAG:K562,neg2,splicebert,logit,whole_dataset,0.7288799871815415,0.7624643486620735,0.03358436148053212,0.008505364593840643,1580
YWHAG:K562,neg2,kmer,native,within_fold,0.7288367248838327,0.7342669443999359,0.00543021951610323,0.003070020890410651,1580
YWHAG:K562,neg2,cnn,probability,within_fold,0.7288367248838327,0.7298333600384553,0.0009966351546226715,0.0011192391054418763,1580
YWHAG:K562,neg2,cnn,logit,within_fold,0.7288367248838327,0.7296266623938471,0.0007899375100144379,0.0010861496799034808,1580
YWHAG:K562,neg2,splicebert,probability,within_fold,0.7288367248838327,0.7644608235859638,0.035624098702131124,0.008101244891700974,1580
YWHAG:K562,neg2,splicebert,logit,within_fold,0.7288367248838327,0.7622496394808524,0.03341291459701978,0.00853795239498082,1580
ZNF622:K562,gc,kmer,native,whole_dataset,0.7500904519954367,0.8162982949473541,0.0662078429519174,0.002012014003841254,29934
ZNF622:K562,gc,cnn,probability,whole_dataset,0.7500904519954367,0.8268021321033798,0.07671168010794316,0.002070723025314519,29934
ZNF622:K562,gc,cnn,logit,whole_dataset,0.7500904519954367,0.8279115816449605,0.07782112964952381,0.0021415135726085724,29934
ZNF622:K562,gc,splicebert,probability,whole_dataset,0.7500904519954367,0.9259630848006816,0.1758726328052449,0.002555294952506561,29934
ZNF622:K562,gc,splicebert,logit,whole_dataset,0.7500904519954367,0.92917433654367,0.17908388454823332,0.002583198689812165,29934
ZNF622:K562,gc,kmer,native,within_fold,0.7500920947712548,0.8162540917784654,0.0661619970072107,0.00201187982027293,29934
ZNF622:K562,gc,cnn,probability,within_fold,0.7500920947712548,0.8268172027858853,0.07672510801463062,0.002071008798058583,29934
ZNF622:K562,gc,cnn,logit,within_fold,0.7500920947712548,0.8279002161361753,0.07780812136492055,0.0021411315660438295,29934
ZNF622:K562,gc,splicebert,probability,within_fold,0.7500920947712548,0.9259691559287049,0.17587706115745017,0.0025555042410735445,29934
ZNF622:K562,gc,splicebert,logit,within_fold,0.7500920947712548,0.9291718232752308,0.17907972850397613,0.002583425465419648,29934
ZNF622:K562,dn,kmer,native,whole_dataset,0.5723232159476479,0.7331992787766908,0.16087606282904288,0.003730593018281748,29938
ZNF622:K562,dn,cnn,probability,whole_dataset,0.5723232159476479,0.7702505457634914,0.1979273298158435,0.0037334439663553854,29938
ZNF622:K562,dn,cnn,logit,whole_dataset,0.5723232159476479,0.7706905581576007,0.19836734220995278,0.0037323086348241548,29938
ZNF622:K562,dn,splicebert,probability,whole_dataset,0.5723232159476479,0.8915150500023963,0.3191918340547484,0.0035676854717383425,29938
ZNF622:K562,dn,splicebert,logit,whole_dataset,0.5723232159476479,0.8952050774665086,0.32288186151886067,0.00354507867956021,29938
ZNF622:K562,dn,kmer,native,within_fold,0.5723618733442215,0.733163366046348,0.16080149270212651,0.003731691842854526,29938
ZNF622:K562,dn,cnn,probability,within_fold,0.5723618733442215,0.77026629970137,0.19790442635714844,0.003734049442992268,29938
ZNF622:K562,dn,cnn,logit,within_fold,0.5723618733442215,0.7707339149583063,0.19837204161408484,0.0037329540267795227,29938
ZNF622:K562,dn,splicebert,probability,within_fold,0.5723618733442215,0.8915117742544068,0.31914990091018525,0.003567756829092893,29938
ZNF622:K562,dn,splicebert,logit,within_fold,0.5723618733442215,0.89522111702819,0.32285924368396846,0.003545243584051219,29938
ZNF622:K562,neg2,kmer,native,whole_dataset,0.8517638338877054,0.8693107375590678,0.017546903671362468,0.0009140253546376895,29934
ZNF622:K562,neg2,cnn,probability,whole_dataset,0.8517638338877054,0.866044876912321,0.014281043024615636,0.0008485792050878425,29934
ZNF622:K562,neg2,cnn,logit,whole_dataset,0.8517638338877054,0.8663957702558198,0.01463193636811444,0.0009539205363905491,29934
ZNF622:K562,neg2,splicebert,probability,whole_dataset,0.8517638338877054,0.9063087631344894,0.054544929246784,0.001443378983607974,29934
ZNF622:K562,neg2,splicebert,logit,whole_dataset,0.8517638338877054,0.9076511252530004,0.05588729136529502,0.0015322308626225898,29934
ZNF622:K562,neg2,kmer,native,within_fold,0.8517633517687153,0.8693053226485586,0.017541970879843327,0.000913940968370155,29934
ZNF622:K562,neg2,cnn,probability,within_fold,0.8517633517687153,0.8660491936629084,0.01428584189419313,0.0008484171685201347,29934
ZNF622:K562,neg2,cnn,logit,within_fold,0.8517633517687153,0.8663855520116684,0.014622200242953132,0.0009540684547221245,29934
ZNF622:K562,neg2,splicebert,probability,within_fold,0.8517633517687153,0.9063074640916549,0.05454411232293954,0.0014433455527364488,29934
ZNF622:K562,neg2,splicebert,logit,within_fold,0.8517633517687153,0.9076474691839921,0.05588411741527677,0.0015325294407832735,29934
ZNF800:HepG2,gc,kmer,native,whole_dataset,0.6945457451981973,0.7460869345306594,0.05154118933246221,0.004772173657818315,5872
ZNF800:HepG2,gc,cnn,probability,whole_dataset,0.6945457451981973,0.7377453800978551,0.043199634899657835,0.004843749481366964,5872
ZNF800:HepG2,gc,cnn,logit,whole_dataset,0.6945457451981973,0.738303726547825,0.04375798134962772,0.004925584638752583,5872
ZNF800:HepG2,gc,splicebert,probability,whole_dataset,0.6945457451981973,0.8764773617370386,0.18193161653884138,0.00644212676416534,5872
ZNF800:HepG2,gc,splicebert,logit,whole_dataset,0.6945457451981973,0.8838931724194254,0.18934742722122822,0.006582694525866844,5872
ZNF800:HepG2,gc,kmer,native,within_fold,0.6945165111850262,0.7460571204775446,0.05154060929251825,0.004772241512218088,5872
ZNF800:HepG2,gc,cnn,probability,within_fold,0.6945165111850262,0.7377323872031124,0.043215876018086075,0.004844378049389279,5872
ZNF800:HepG2,gc,cnn,logit,within_fold,0.6945165111850262,0.7382874854293966,0.043770974244370264,0.004926641439661948,5872
ZNF800:HepG2,gc,splicebert,probability,within_fold,0.6945165111850262,0.8764661089621275,0.18194959777710118,0.006440535374886577,5872
ZNF800:HepG2,gc,splicebert,logit,within_fold,0.6945165111850262,0.8838885320998746,0.18937202091484828,0.00658236516421259,5872
ZNF800:HepG2,dn,kmer,native,whole_dataset,0.5676771962051214,0.6874898341536292,0.11981263794850783,0.0081484767866619,5876
ZNF800:HepG2,dn,cnn,probability,whole_dataset,0.5676771962051214,0.6380115303288614,0.07033433412374002,0.00781507942617421,5876
ZNF800:HepG2,dn,cnn,logit,whole_dataset,0.5676771962051214,0.638169086466345,0.0704918902612236,0.007825082186357362,5876
ZNF800:HepG2,dn,splicebert,probability,whole_dataset,0.5676771962051214,0.8512162638713119,0.2835390676661905,0.008254423697676655,5876
ZNF800:HepG2,dn,splicebert,logit,whole_dataset,0.5676771962051214,0.8576400361266956,0.28996283992157423,0.008223812621682328,5876
ZNF800:HepG2,dn,kmer,native,within_fold,0.5675954060337514,0.6874981753609077,0.11990276932715638,0.008150084417372782,5876
ZNF800:HepG2,dn,cnn,probability,within_fold,0.5675954060337514,0.6380335418480686,0.07043813581431724,0.007816786777839167,5876
ZNF800:HepG2,dn,cnn,logit,within_fold,0.5675954060337514,0.6381343314360177,0.07053892540226636,0.00782533760542413,5876
ZNF800:HepG2,dn,splicebert,probability,within_fold,0.5675954060337514,0.8512181174729293,0.28362271143917794,0.00825748031152981,5876
ZNF800:HepG2,dn,splicebert,logit,within_fold,0.5675954060337514,0.8576013421929312,0.2900059361591798,0.0082243624265642,5876
ZNF800:HepG2,neg2,kmer,native,whole_dataset,0.8045220146040137,0.8117846947412187,0.007262680137205102,0.0017050381190829023,5872
ZNF800:HepG2,neg2,cnn,probability,whole_dataset,0.8045220146040137,0.8121955950374568,0.007673580433443128,0.0020286707651031035,5872
ZNF800:HepG2,neg2,cnn,logit,whole_dataset,0.8045220146040137,0.8124631094595699,0.007941094855556274,0.0019496792665159486,5872
ZNF800:HepG2,neg2,splicebert,probability,whole_dataset,0.8045220146040137,0.845504040790265,0.04098202618625135,0.0033329756750065096,5872
ZNF800:HepG2,neg2,splicebert,logit,whole_dataset,0.8045220146040137,0.8470866217731218,0.04256460716910815,0.003516672795576028,5872
ZNF800:HepG2,neg2,kmer,native,within_fold,0.804535239514734,0.8117417717853722,0.007206532270638277,0.001704875492635621,5872
ZNF800:HepG2,neg2,cnn,probability,within_fold,0.804535239514734,0.8121815580708149,0.007646318556081,0.0020265921274626804,5872
ZNF800:HepG2,neg2,cnn,logit,within_fold,0.804535239514734,0.8124254068632182,0.007890167348484245,0.0019562887230999563,5872
ZNF800:HepG2,neg2,splicebert,probability,within_fold,0.804535239514734,0.8455098411897037,0.0409746016749698,0.003333769349051936,5872
ZNF800:HepG2,neg2,splicebert,logit,within_fold,0.804535239514734,0.8471121435306521,0.04257690401591818,0.00352065207815194,5872
ZNF800:K562,gc,kmer,native,whole_dataset,0.7831926027536453,0.8232796491049806,0.04008704635133531,0.0037959516045174605,4860
ZNF800:K562,gc,cnn,probability,whole_dataset,0.7831926027536453,0.8190650138020965,0.03587241104845118,0.003691374670464075,4860
ZNF800:K562,gc,cnn,logit,whole_dataset,0.7831926027536453,0.8198469068062118,0.03665430405256642,0.0038329931018211204,4860
ZNF800:K562,gc,splicebert,probability,whole_dataset,0.7831926027536453,0.9151331944656133,0.13194059171196793,0.00560340768973136,4860
ZNF800:K562,gc,splicebert,logit,whole_dataset,0.7831926027536453,0.9208912936713577,0.13769869091771236,0.005850088644720759,4860
ZNF800:K562,gc,kmer,native,within_fold,0.7832009009466714,0.8232799878067367,0.04007908686006545,0.0037935311279800993,4860
ZNF800:K562,gc,cnn,probability,within_fold,0.7832009009466714,0.8191012548900066,0.03590035394333535,0.0036894689366751376,4860
ZNF800:K562,gc,cnn,logit,within_fold,0.7832009009466714,0.8198531727887008,0.03665227184202957,0.0038340781053809933,4860
ZNF800:K562,gc,splicebert,probability,within_fold,0.7832009009466714,0.915146403834104,0.13194550288743268,0.0056025839711308255,4860
ZNF800:K562,gc,splicebert,logit,within_fold,0.7832009009466714,0.9209007773205303,0.13769987637385905,0.0058503238994459025,4860
ZNF800:K562,dn,kmer,native,whole_dataset,0.5902565445520261,0.740195136715011,0.14993859216298489,0.008614513603675922,4872
ZNF800:K562,dn,cnn,probability,whole_dataset,0.5902565445520261,0.7092283306505321,0.118971786098506,0.008446952259869332,4872
ZNF800:K562,dn,cnn,logit,whole_dataset,0.5902565445520261,0.7104932242417379,0.12023667968971175,0.008449748508218594,4872
ZNF800:K562,dn,splicebert,probability,whole_dataset,0.5902565445520261,0.8740488863004575,0.2837923417484314,0.008787882042627324,4872
ZNF800:K562,dn,splicebert,logit,whole_dataset,0.5902565445520261,0.8807149395628248,0.2904583950107986,0.008700054223318543,4872
ZNF800:K562,dn,kmer,native,within_fold,0.5901173489609874,0.7401894071144113,0.15007205815342373,0.008615526522195391,4872
ZNF800:K562,dn,cnn,probability,within_fold,0.5901173489609874,0.7092991080697043,0.11918175910871676,0.008446320142636804,4872
ZNF800:K562,dn,cnn,logit,within_fold,0.5901173489609874,0.7104212671989129,0.1203039182379253,0.008453359044882027,4872
ZNF800:K562,dn,splicebert,probability,within_fold,0.5901173489609874,0.8740263049333884,0.28390895597240084,0.008790318191126563,4872
ZNF800:K562,dn,splicebert,logit,within_fold,0.5901173489609874,0.8807127488331836,0.29059539987219607,0.008701243154669823,4872
ZNF800:K562,neg2,kmer,native,whole_dataset,0.8453547054141475,0.856207217734424,0.010852512320276508,0.001951834451368162,4860
ZNF800:K562,neg2,cnn,probability,whole_dataset,0.8453547054141475,0.8544449524970787,0.009090247082931269,0.0016951886974394558,4860
ZNF800:K562,neg2,cnn,logit,whole_dataset,0.8453547054141475,0.8563653914545546,0.011010686040407114,0.0018602125590490841,4860
ZNF800:K562,neg2,splicebert,probability,whole_dataset,0.8453547054141475,0.8772854747751868,0.031930769361039335,0.0033714388306226376,4860
ZNF800:K562,neg2,splicebert,logit,whole_dataset,0.8453547054141475,0.8787007400633373,0.03334603464918984,0.003412297783008523,4860
ZNF800:K562,neg2,kmer,native,within_fold,0.8453790919405916,0.8562343138749174,0.010855221934325754,0.001953685010798386,4860
ZNF800:K562,neg2,cnn,probability,within_fold,0.8453790919405916,0.8544557909532762,0.009076699012684486,0.0016971030097117693,4860
ZNF800:K562,neg2,cnn,logit,within_fold,0.8453790919405916,0.8563935037003167,0.011014411759725062,0.0018615240217518757,4860
ZNF800:K562,neg2,splicebert,probability,within_fold,0.8453790919405916,0.8773544005825671,0.0319753086419754,0.0033674960109717263,4860
ZNF800:K562,neg2,splicebert,logit,within_fold,0.8453790919405916,0.8787009094142152,0.033321817473623505,0.0034141853166229402,4860
