dataset,position,mi
AATF:K562,0,0.007595701704849245
AATF:K562,1,0.009235397801170553
AATF:K562,2,0.00567194538662652
AATF:K562,3,0.006686657364126547
AATF:K562,4,0.01219218360883012
AATF:K562,5,0.016155514368581203
AATF:K562,6,0.007027655105990238
AATF:K562,7,0.01178691033155177
AATF:K562,8,0.01236672860840482
AATF:K562,9,0.010983904510694531
AATF:K562,10,0.015856144474630463
AATF:K562,11,0.01531814823064992
AATF:K562,12,0.015622583364728326
AATF:K562,13,0.011862824559774166
AATF:K562,14,0.010063856090110512
AATF:K562,15,0.011082204751388436
AATF:K562,16,0.010897842133275049
AATF:K562,17,0.01157633495744781
AATF:K562,18,0.00834926513022749
AATF:K562,19,0.004559057237602637
AATF:K562,20,0.009685983561731115
AATF:K562,21,0.015416440995383418
AATF:K562,22,0.013253734624107616
AATF:K562,23,0.01547281013056312
AATF:K562,24,0.009673270593930638
AATF:K562,25,0.005835161683665824
AATF:K562,26,0.027500836473795198
AATF:K562,27,0.015334644016656629
AATF:K562,28,0.017066924067774103
AATF:K562,29,0.020699467992810083
AATF:K562,30,0.01616011977405596
AATF:K562,31,0.020188266327039406
AATF:K562,32,0.012421021828973533
AATF:K562,33,0.011503210726843238
AATF:K562,34,0.011712723554766935
AATF:K562,35,0.012408794667498224
AATF:K562,36,0.022284409568880337
AATF:K562,37,0.011726193663047169
AATF:K562,38,0.017341770170185344
AATF:K562,39,0.020808717156616474
AATF:K562,40,0.007278048189032105
AATF:K562,41,0.007822054392850664
AATF:K562,42,0.010391229057181817
AATF:K562,43,0.01937074832558916
AATF:K562,44,0.012625121530846717
AATF:K562,45,0.007917520279247636
AATF:K562,46,0.017515381077369274
AATF:K562,47,0.008997738565231894
AATF:K562,48,0.0075355803847636516
AATF:K562,49,0.015589253528587976
AATF:K562,50,0.010985496520836469
AATF:K562,51,0.005287657876240748
AATF:K562,52,0.008006090610732652
AATF:K562,53,0.009151295374430046
AATF:K562,54,0.010781178296452087
AATF:K562,55,0.0049312080003725
AATF:K562,56,0.006740723455035513
AATF:K562,57,0.0020936450476446433
AATF:K562,58,0.013765943175148232
AATF:K562,59,0.0054166066396657
AATF:K562,60,0.0050891483693511486
AATF:K562,61,0.00767834073022533
AATF:K562,62,0.005685173632836715
AATF:K562,63,0.006702050820020289
AATF:K562,64,0.013689573671933575
AATF:K562,65,0.007086582719354362
AATF:K562,66,0.004768504420442965
AATF:K562,67,0.004541854720730765
AATF:K562,68,0.0034627994765322745
AATF:K562,69,0.005998300277653468
AATF:K562,70,0.010278299932739543
AATF:K562,71,0.01322733414030397
AATF:K562,72,0.007031551405857872
AATF:K562,73,0.004678044467850029
AATF:K562,74,0.0021965586330512377
AATF:K562,75,0.005483167442676851
AATF:K562,76,0.007203239414323326
AATF:K562,77,0.00711777988415041
AATF:K562,78,0.007424600234658074
AATF:K562,79,0.007245888392202415
AATF:K562,80,0.0013930650336948514
AATF:K562,81,0.004102354971061484
AATF:K562,82,0.004897312630139927
AATF:K562,83,0.004628438985383787
AATF:K562,84,0.005437630709581032
AATF:K562,85,0.0028473802377126933
AATF:K562,86,0.004436459954810235
AATF:K562,87,0.006421814542346693
AATF:K562,88,0.002383414783801552
AATF:K562,89,0.004284014340588227
AATF:K562,90,0.0026927701356336264
AATF:K562,91,0.0018282663794768617
AATF:K562,92,0.008568380178892943
AATF:K562,93,0.0049349576393029615
AATF:K562,94,0.00282249266521295
AATF:K562,95,0.0032449997386240215
AATF:K562,96,0.0029198603182200022
AATF:K562,97,0.005523007076852382
AATF:K562,98,0.0034604272705388572
AATF:K562,99,0.002890412068013437
AATF:K562,100,0.003115123982315282
AKAP1:HepG2,0,0.0017918367072941033
AKAP1:HepG2,1,0.0014107171137149876
AKAP1:HepG2,2,0.002337643468338757
AKAP1:HepG2,3,0.0013061051681289015
AKAP1:HepG2,4,0.0034061532648387294
AKAP1:HepG2,5,0.0031333575475577247
AKAP1:HepG2,6,0.0034910617793417753
AKAP1:HepG2,7,0.002689225470492773
AKAP1:HepG2,8,0.004885967028428806
AKAP1:HepG2,9,0.005190921967176632
AKAP1:HepG2,10,0.004852414471546496
AKAP1:HepG2,11,0.006037921436141014
AKAP1:HepG2,12,0.004061014066975899
AKAP1:HepG2,13,0.004004331177479337
AKAP1:HepG2,14,0.00653316019654393
AKAP1:HepG2,15,0.006954815631235345
AKAP1:HepG2,16,0.006817943922231562
AKAP1:HepG2,17,0.004791769843275562
AKAP1:HepG2,18,0.004747976977382273
AKAP1:HepG2,19,0.00800499084593742
AKAP1:HepG2,20,0.005637068029328285
AKAP1:HepG2,21,0.005759890035061055
AKAP1:HepG2,22,0.008163792990282248
AKAP1:HepG2,23,0.005640840511929479
AKAP1:HepG2,24,0.005297004882210299
AKAP1:HepG2,25,0.006031922164312142
AKAP1:HepG2,26,0.006215172074411801
AKAP1:HepG2,27,0.006517291191338481
AKAP1:HepG2,28,0.006993542642875439
AKAP1:HepG2,29,0.005666795448592277
AKAP1:HepG2,30,0.005343617185515237
AKAP1:HepG2,31,0.005560274154374101
AKAP1:HepG2,32,0.007388797221936749
AKAP1:HepG2,33,0.0041366440043202335
AKAP1:HepG2,34,0.003288327230760557
AKAP1:HepG2,35,0.004460737331213105
AKAP1:HepG2,36,0.003223386766182612
AKAP1:HepG2,37,0.0059453815216155
AKAP1:HepG2,38,0.003484702491487135
AKAP1:HepG2,39,0.0036764474915813583
AKAP1:HepG2,40,0.0056908500933006145
AKAP1:HepG2,41,0.003038131643180675
AKAP1:HepG2,42,0.004428017825063191
AKAP1:HepG2,43,0.004070211847959637
AKAP1:HepG2,44,0.004297808140330428
AKAP1:HepG2,45,0.0038179264884552477
AKAP1:HepG2,46,0.0033369054317737845
AKAP1:HepG2,47,0.0034898928250062244
AKAP1:HepG2,48,0.0032394426543909116
AKAP1:HepG2,49,0.002703375888167159
AKAP1:HepG2,50,0.0037599852817303825
AKAP1:HepG2,51,0.0036258315984583067
AKAP1:HepG2,52,0.004216667442967226
AKAP1:HepG2,53,0.004235192465339099
AKAP1:HepG2,54,0.002983656694380832
AKAP1:HepG2,55,0.005317466373158997
AKAP1:HepG2,56,0.0018449479578748207
AKAP1:HepG2,57,0.0019241196312760334
AKAP1:HepG2,58,0.004745193917349955
AKAP1:HepG2,59,0.002162064929953633
AKAP1:HepG2,60,0.0025076951855842466
AKAP1:HepG2,61,0.0036483693168894993
AKAP1:HepG2,62,0.0029888203922354695
AKAP1:HepG2,63,0.0016017908397593095
AKAP1:HepG2,64,0.0014877176413704563
AKAP1:HepG2,65,0.003540257042369266
AKAP1:HepG2,66,0.0008301712361473701
AKAP1:HepG2,67,0.002131024414393501
AKAP1:HepG2,68,0.0029876197170277674
AKAP1:HepG2,69,0.0014985531379104744
AKAP1:HepG2,70,0.0014330112540670292
AKAP1:HepG2,71,0.0016372014066921015
AKAP1:HepG2,72,0.001758199990646081
AKAP1:HepG2,73,0.0007783014135441801
AKAP1:HepG2,74,0.001770888169999818
AKAP1:HepG2,75,0.001064440667223554
AKAP1:HepG2,76,0.0016105087936986173
AKAP1:HepG2,77,0.0017918910797571908
AKAP1:HepG2,78,0.00031081464071180953
AKAP1:HepG2,79,0.0010136631794281925
AKAP1:HepG2,80,0.0010797824588375526
AKAP1:HepG2,81,0.0002283684040207401
AKAP1:HepG2,82,0.00021673109378461675
AKAP1:HepG2,83,0.0006225109742593604
AKAP1:HepG2,84,0.0004173887930500886
AKAP1:HepG2,85,0.0006720376935775985
AKAP1:HepG2,86,0.0009148609603937263
AKAP1:HepG2,87,0.0010933159269634896
AKAP1:HepG2,88,0.00043421594721726464
AKAP1:HepG2,89,0.00021175002838791368
AKAP1:HepG2,90,0.0003390097900275446
AKAP1:HepG2,91,0.001287745075490232
AKAP1:HepG2,92,0.0009958699926067016
AKAP1:HepG2,93,0.0004110180223725335
AKAP1:HepG2,94,0.00018447830956214162
AKAP1:HepG2,95,0.0006651516358822107
AKAP1:HepG2,96,0.00020407936252730963
AKAP1:HepG2,97,0.0003392942058644266
AKAP1:HepG2,98,0.0005996484210433195
AKAP1:HepG2,99,0.00034178377721583164
AKAP1:HepG2,100,0.0002330816062444674
AQR:HepG2,0,0.0006138245988392965
AQR:HepG2,1,0.0012878766936845754
AQR:HepG2,2,0.00043627226693510046
AQR:HepG2,3,0.0006340709721757154
AQR:HepG2,4,0.0008512654959720312
AQR:HepG2,5,0.0007568467327022654
AQR:HepG2,6,0.00025047216908546943
AQR:HepG2,7,0.0002624302557795444
AQR:HepG2,8,0.0009872727228130707
AQR:HepG2,9,0.00044845524631975664
AQR:HepG2,10,0.0009734602954614147
AQR:HepG2,11,0.0007068968790225894
AQR:HepG2,12,0.0008726088433363977
AQR:HepG2,13,0.00026633798039787937
AQR:HepG2,14,0.0006945851140462977
AQR:HepG2,15,0.0006951060893798378
AQR:HepG2,16,0.0011681819418514205
AQR:HepG2,17,0.0009754557440533329
AQR:HepG2,18,0.001176527114627679
AQR:HepG2,19,0.0008526915083495457
AQR:HepG2,20,0.0016465785363688479
AQR:HepG2,21,0.0018843921849474032
AQR:HepG2,22,0.0013161098026108764
AQR:HepG2,23,0.001216861609759201
AQR:HepG2,24,0.0015610681577560293
AQR:HepG2,25,0.0023717480224711984
AQR:HepG2,26,0.0007121754975634165
AQR:HepG2,27,0.0008352372311651868
AQR:HepG2,28,0.0015966098651376548
AQR:HepG2,29,0.001180911544147789
AQR:HepG2,30,0.0017202235982758385
AQR:HepG2,31,0.0015445972516824336
AQR:HepG2,32,0.0023833692598259626
AQR:HepG2,33,0.002262955257610999
AQR:HepG2,34,0.002551135156536821
AQR:HepG2,35,0.002080176841793735
AQR:HepG2,36,0.001277046395584902
AQR:HepG2,37,0.001964307440123214
AQR:HepG2,38,0.000949835883700012
AQR:HepG2,39,0.001133986218001315
AQR:HepG2,40,0.0019118432347693393
AQR:HepG2,41,0.0008878005565736702
AQR:HepG2,42,0.0020508022812231186
AQR:HepG2,43,0.0019990241686355104
AQR:HepG2,44,0.0012075611686531706
AQR:HepG2,45,0.0012827834054764953
AQR:HepG2,46,0.0014250265427110387
AQR:HepG2,47,0.0009523090483959384
AQR:HepG2,48,0.0015970290781284202
AQR:HepG2,49,0.0016666656759644072
AQR:HepG2,50,0.0014651916733419146
AQR:HepG2,51,0.0016773691082654363
AQR:HepG2,52,0.0018232065320616941
AQR:HepG2,53,0.001806157852742074
AQR:HepG2,54,0.002000747454546925
AQR:HepG2,55,0.0024631839196113114
AQR:HepG2,56,0.0014533482330372216
AQR:HepG2,57,0.001868167979627522
AQR:HepG2,58,0.0013822229039175404
AQR:HepG2,59,0.001401723427628121
AQR:HepG2,60,0.0020272130388396814
AQR:HepG2,61,0.0009857163922004641
AQR:HepG2,62,0.0016807675156910173
AQR:HepG2,63,0.0008838204528704985
AQR:HepG2,64,0.0011844882807742207
AQR:HepG2,65,0.0006033832253812266
AQR:HepG2,66,0.001260674047014687
AQR:HepG2,67,0.0010698643140684139
AQR:HepG2,68,0.001088129765241641
AQR:HepG2,69,0.0013894305017073671
AQR:HepG2,70,0.0013693805590128116
AQR:HepG2,71,0.0011159730906713516
AQR:HepG2,72,0.0007469519776097666
AQR:HepG2,73,0.0009857969275829381
AQR:HepG2,74,0.0004887500381538512
AQR:HepG2,75,0.001310913900370525
AQR:HepG2,76,0.0008495339562866189
AQR:HepG2,77,0.000545754728597192
AQR:HepG2,78,0.0004924073652777805
AQR:HepG2,79,0.0010273423756715916
AQR:HepG2,80,0.0008324692516462617
AQR:HepG2,81,0.0005299974996644252
AQR:HepG2,82,0.000571202794028558
AQR:HepG2,83,0.0005350463852951126
AQR:HepG2,84,0.00042491223781604415
AQR:HepG2,85,0.0006048141661980644
AQR:HepG2,86,0.0008950507965445054
AQR:HepG2,87,0.0005208841869019931
AQR:HepG2,88,0.00041751752381102847
AQR:HepG2,89,0.0004160506243805484
AQR:HepG2,90,0.0006866012844193303
AQR:HepG2,91,0.00038010541376320983
AQR:HepG2,92,0.0007727760543532192
AQR:HepG2,93,0.0008138254291840674
AQR:HepG2,94,0.0008541240967844255
AQR:HepG2,95,0.0005234199771664283
AQR:HepG2,96,0.0006743682360657033
AQR:HepG2,97,0.0010505878489542875
AQR:HepG2,98,0.0009933192629348886
AQR:HepG2,99,0.00044644457898335155
AQR:HepG2,100,0.0006010088979853112
BCCIP:HepG2,0,0.01231127797238385
BCCIP:HepG2,1,0.016830939096541098
BCCIP:HepG2,2,0.015416674328360802
BCCIP:HepG2,3,0.014346544452584542
BCCIP:HepG2,4,0.010919746706141265
BCCIP:HepG2,5,0.016809633437093296
BCCIP:HepG2,6,0.007232153622411142
BCCIP:HepG2,7,0.012844657089636113
BCCIP:HepG2,8,0.025366566250016098
BCCIP:HepG2,9,0.011590434490059365
BCCIP:HepG2,10,0.018953713578007347
BCCIP:HepG2,11,0.02125909528815073
BCCIP:HepG2,12,0.0239055228280467
BCCIP:HepG2,13,0.02102280756217667
BCCIP:HepG2,14,0.026943183650631197
BCCIP:HepG2,15,0.030166477820313453
BCCIP:HepG2,16,0.017855723082971564
BCCIP:HepG2,17,0.02670668636986151
BCCIP:HepG2,18,0.01870378848061438
BCCIP:HepG2,19,0.00945999234333994
BCCIP:HepG2,20,0.020602027647670607
BCCIP:HepG2,21,0.016074671955730757
BCCIP:HepG2,22,0.026837131917859525
BCCIP:HepG2,23,0.027334711912700538
BCCIP:HepG2,24,0.02128885385818613
BCCIP:HepG2,25,0.022461094128630954
BCCIP:HepG2,26,0.027182873729628465
BCCIP:HepG2,27,0.01589407023231948
BCCIP:HepG2,28,0.022818592578148778
BCCIP:HepG2,29,0.03529570282869532
BCCIP:HepG2,30,0.03383657090153447
BCCIP:HepG2,31,0.03222438980343312
BCCIP:HepG2,32,0.024820943225752123
BCCIP:HepG2,33,0.03642092124762797
BCCIP:HepG2,34,0.02152656503638406
BCCIP:HepG2,35,0.03775802239655113
BCCIP:HepG2,36,0.04689710240456757
BCCIP:HepG2,37,0.03660261612354343
BCCIP:HepG2,38,0.046326652763845066
BCCIP:HepG2,39,0.026882419883410558
BCCIP:HepG2,40,0.027559037020790766
BCCIP:HepG2,41,0.01899076216020923
BCCIP:HepG2,42,0.0455174178257679
BCCIP:HepG2,43,0.03738932186101318
BCCIP:HepG2,44,0.041899463306398266
BCCIP:HepG2,45,0.021820578515870936
BCCIP:HepG2,46,0.029016574257975547
BCCIP:HepG2,47,0.022780722389639574
BCCIP:HepG2,48,0.035392765495578016
BCCIP:HepG2,49,0.020327748858657513
BCCIP:HepG2,50,0.012893878244225276
BCCIP:HepG2,51,0.016940417030127497
BCCIP:HepG2,52,0.014963581350868949
BCCIP:HepG2,53,0.0079081523045762
BCCIP:HepG2,54,0.015695757776893138
BCCIP:HepG2,55,0.021768388981201592
BCCIP:HepG2,56,0.01409726810298595
BCCIP:HepG2,57,0.016292882668383246
BCCIP:HepG2,58,0.009218948181361708
BCCIP:HepG2,59,0.007095791123548967
BCCIP:HepG2,60,0.019921380350772178
BCCIP:HepG2,61,0.016260701957338752
BCCIP:HepG2,62,0.015244552749083984
BCCIP:HepG2,63,0.006048410199952725
BCCIP:HepG2,64,0.016646958223343722
BCCIP:HepG2,65,0.016268265295955486
BCCIP:HepG2,66,0.01410818980371753
BCCIP:HepG2,67,0.027574968823156132
BCCIP:HepG2,68,0.019938361576526398
BCCIP:HepG2,69,0.018943024023908905
BCCIP:HepG2,70,0.01702717783433627
BCCIP:HepG2,71,0.008192702381329409
BCCIP:HepG2,72,0.01177590537646489
BCCIP:HepG2,73,0.002750394715441251
BCCIP:HepG2,74,0.009574059760202314
BCCIP:HepG2,75,0.009469491057917168
BCCIP:HepG2,76,0.007876379837977177
BCCIP:HepG2,77,0.00559076907022793
BCCIP:HepG2,78,0.012977418231089888
BCCIP:HepG2,79,0.004203368830118848
BCCIP:HepG2,80,0.00835212646143213
BCCIP:HepG2,81,0.012136673721782731
BCCIP:HepG2,82,0.012363199084083787
BCCIP:HepG2,83,0.01078036757243317
BCCIP:HepG2,84,0.009530008131817924
BCCIP:HepG2,85,0.010447520201907312
BCCIP:HepG2,86,0.021922964207426565
BCCIP:HepG2,87,0.012315802567131273
BCCIP:HepG2,88,0.0022398866646637927
BCCIP:HepG2,89,0.01027525641729532
BCCIP:HepG2,90,0.02741610707579345
BCCIP:HepG2,91,0.01605945488455729
BCCIP:HepG2,92,0.0121143638367186
BCCIP:HepG2,93,0.00993275718410025
BCCIP:HepG2,94,0.011771397604733558
BCCIP:HepG2,95,0.007821601231309927
BCCIP:HepG2,96,0.004477483085534306
BCCIP:HepG2,97,0.012899300098580868
BCCIP:HepG2,98,0.016684135954760926
BCCIP:HepG2,99,0.014285110794746592
BCCIP:HepG2,100,0.014552024194256274
BCLAF1:HepG2,0,0.001148901686346404
BCLAF1:HepG2,1,0.0010934608126570433
BCLAF1:HepG2,2,0.0010630337093807674
BCLAF1:HepG2,3,0.0013474106325650492
BCLAF1:HepG2,4,0.0013817029242157997
BCLAF1:HepG2,5,0.0012639527316820054
BCLAF1:HepG2,6,0.0014390461162914203
BCLAF1:HepG2,7,0.0014314955978274035
BCLAF1:HepG2,8,0.001129391024887516
BCLAF1:HepG2,9,0.001202739802462327
BCLAF1:HepG2,10,0.001593279908383538
BCLAF1:HepG2,11,0.0015730093223058628
BCLAF1:HepG2,12,0.0016726862271050358
BCLAF1:HepG2,13,0.0014234181373526944
BCLAF1:HepG2,14,0.0017794107017705674
BCLAF1:HepG2,15,0.001956803045266242
BCLAF1:HepG2,16,0.00207209151183263
BCLAF1:HepG2,17,0.0021822051543967103
BCLAF1:HepG2,18,0.0018952038846367092
BCLAF1:HepG2,19,0.0015058159995703368
BCLAF1:HepG2,20,0.001760534671837899
BCLAF1:HepG2,21,0.001890177883099975
BCLAF1:HepG2,22,0.001383248252348368
BCLAF1:HepG2,23,0.0021166136966660476
BCLAF1:HepG2,24,0.0016708747559257553
BCLAF1:HepG2,25,0.0015840763248133882
BCLAF1:HepG2,26,0.0016119207790161738
BCLAF1:HepG2,27,0.0012670679220456726
BCLAF1:HepG2,28,0.0012037612836777178
BCLAF1:HepG2,29,0.0014819030852664117
BCLAF1:HepG2,30,0.0014958619696556763
BCLAF1:HepG2,31,0.0012930764102141445
BCLAF1:HepG2,32,0.0013627090458148139
BCLAF1:HepG2,33,0.0015375830974414528
BCLAF1:HepG2,34,0.0012282151927627272
BCLAF1:HepG2,35,0.0017947042426891269
BCLAF1:HepG2,36,0.0017657105629100833
BCLAF1:HepG2,37,0.0020951736914944785
BCLAF1:HepG2,38,0.0017939402997451115
BCLAF1:HepG2,39,0.001374154950426254
BCLAF1:HepG2,40,0.0021387536601725765
BCLAF1:HepG2,41,0.0018076404619660202
BCLAF1:HepG2,42,0.002016717042917282
BCLAF1:HepG2,43,0.003164181478703343
BCLAF1:HepG2,44,0.003302982156743406
BCLAF1:HepG2,45,0.003054302922603558
BCLAF1:HepG2,46,0.002773454515032636
BCLAF1:HepG2,47,0.0032523722949517886
BCLAF1:HepG2,48,0.0038633653824839964
BCLAF1:HepG2,49,0.003966204035084631
BCLAF1:HepG2,50,0.0038473056676227024
BCLAF1:HepG2,51,0.005052387970810868
BCLAF1:HepG2,52,0.005030785833854967
BCLAF1:HepG2,53,0.005498708337841052
BCLAF1:HepG2,54,0.0055144540623148774
BCLAF1:HepG2,55,0.005473417089319699
BCLAF1:HepG2,56,0.004932549910191986
BCLAF1:HepG2,57,0.005576071799149762
BCLAF1:HepG2,58,0.004884712790711787
BCLAF1:HepG2,59,0.0061321786284630475
BCLAF1:HepG2,60,0.006097337684519255
BCLAF1:HepG2,61,0.005985771624853475
BCLAF1:HepG2,62,0.0050531126999868725
BCLAF1:HepG2,63,0.00538887414878686
BCLAF1:HepG2,64,0.006058205227822411
BCLAF1:HepG2,65,0.005595750552926826
BCLAF1:HepG2,66,0.005277462986661097
BCLAF1:HepG2,67,0.005405397067439366
BCLAF1:HepG2,68,0.004022976962112734
BCLAF1:HepG2,69,0.0044684553563658636
BCLAF1:HepG2,70,0.004588896649597274
BCLAF1:HepG2,71,0.003744512104613351
BCLAF1:HepG2,72,0.004275988542019604
BCLAF1:HepG2,73,0.003567589366272439
BCLAF1:HepG2,74,0.0036085394607136
BCLAF1:HepG2,75,0.0024165055044405026
BCLAF1:HepG2,76,0.003254863752754744
BCLAF1:HepG2,77,0.0031912220290926108
BCLAF1:HepG2,78,0.0031233029934716328
BCLAF1:HepG2,79,0.00304142049507905
BCLAF1:HepG2,80,0.0027380732285433584
BCLAF1:HepG2,81,0.0021609069247232604
BCLAF1:HepG2,82,0.0023066089446159843
BCLAF1:HepG2,83,0.002333707447638833
BCLAF1:HepG2,84,0.002182116267030354
BCLAF1:HepG2,85,0.0018585699210662554
BCLAF1:HepG2,86,0.001881404428190181
BCLAF1:HepG2,87,0.002310868413358258
BCLAF1:HepG2,88,0.0024278686047861653
BCLAF1:HepG2,89,0.0018114462560450129
BCLAF1:HepG2,90,0.0016473404948420534
BCLAF1:HepG2,91,0.0011517560756488798
BCLAF1:HepG2,92,0.0014345952480727675
BCLAF1:HepG2,93,0.0017449050086508766
BCLAF1:HepG2,94,0.0013391319549795888
BCLAF1:HepG2,95,0.0011416228610616752
BCLAF1:HepG2,96,0.0009644617809557721
BCLAF1:HepG2,97,0.0013556020371192634
BCLAF1:HepG2,98,0.0012941844157307036
BCLAF1:HepG2,99,0.0011887505115720787
BCLAF1:HepG2,100,0.001574969812978333
BUD13:K562,0,0.0008357636300408977
BUD13:K562,1,0.0018655657323436436
BUD13:K562,2,0.000941722072773099
BUD13:K562,3,0.002265919070778777
BUD13:K562,4,0.0020209480170474414
BUD13:K562,5,0.002523151514528754
BUD13:K562,6,0.002657013330174429
BUD13:K562,7,0.003151335322818638
BUD13:K562,8,0.004511357865494836
BUD13:K562,9,0.0029523016936829904
BUD13:K562,10,0.004336551235530894
BUD13:K562,11,0.0033913376313867705
BUD13:K562,12,0.003581782034521086
BUD13:K562,13,0.004477516432366047
BUD13:K562,14,0.005426171095480159
BUD13:K562,15,0.0046245403376456995
BUD13:K562,16,0.005344650174457177
BUD13:K562,17,0.005699716567152291
BUD13:K562,18,0.005150103387417282
BUD13:K562,19,0.006725030178778235
BUD13:K562,20,0.006776537048551745
BUD13:K562,21,0.008165829595426888
BUD13:K562,22,0.006617401332998485
BUD13:K562,23,0.006492952131153973
BUD13:K562,24,0.008789667912103116
BUD13:K562,25,0.006558725653851516
BUD13:K562,26,0.007960960213368895
BUD13:K562,27,0.008636962813770355
BUD13:K562,28,0.0062464445113994405
BUD13:K562,29,0.004009818408516108
BUD13:K562,30,0.005316033994626768
BUD13:K562,31,0.005008329149517099
BUD13:K562,32,0.0028276813435125225
BUD13:K562,33,0.003946310515222096
BUD13:K562,34,0.002964232468534278
BUD13:K562,35,0.0025450874400335666
BUD13:K562,36,0.0024820902434922187
BUD13:K562,37,0.0026270372305660095
BUD13:K562,38,0.0026811703999641834
BUD13:K562,39,0.002165379542830692
BUD13:K562,40,0.0035576859850581233
BUD13:K562,41,0.0036217441613835
BUD13:K562,42,0.002096614725784929
BUD13:K562,43,0.0022182282183972335
BUD13:K562,44,0.0020976556402451108
BUD13:K562,45,0.0014804938166042003
BUD13:K562,46,0.002500177495194711
BUD13:K562,47,0.002057359177633611
BUD13:K562,48,0.003692931028816404
BUD13:K562,49,0.0019402213825590042
BUD13:K562,50,0.002319409452168575
BUD13:K562,51,0.0027982567130526714
BUD13:K562,52,0.0032880830461003985
BUD13:K562,53,0.003519056650741259
BUD13:K562,54,0.001703481865533596
BUD13:K562,55,0.0017782267650264805
BUD13:K562,56,0.0022950664303647006
BUD13:K562,57,0.0022985344155707077
BUD13:K562,58,0.002555981138667507
BUD13:K562,59,0.001612354259136195
BUD13:K562,60,0.0008299246034435548
BUD13:K562,61,0.002203069881201891
BUD13:K562,62,0.0012404460653214766
BUD13:K562,63,0.0006640377468891678
BUD13:K562,64,0.0013187287172667927
BUD13:K562,65,0.0009593835070084156
BUD13:K562,66,0.0011447304722972396
BUD13:K562,67,0.0007574754626349378
BUD13:K562,68,0.0013895078541281691
BUD13:K562,69,0.0009384396042682042
BUD13:K562,70,0.0006630114885174399
BUD13:K562,71,0.0019149016921109485
BUD13:K562,72,0.0010132115871582803
BUD13:K562,73,0.0005358186817538968
BUD13:K562,74,0.0009380115853871995
BUD13:K562,75,0.001068342184384341
BUD13:K562,76,0.0008151564242379061
BUD13:K562,77,0.0010576333257197312
BUD13:K562,78,0.0002652843835284635
BUD13:K562,79,0.0003082847709403591
BUD13:K562,80,0.0007041066365364168
BUD13:K562,81,0.0005667385695313776
BUD13:K562,82,0.0016854381626276727
BUD13:K562,83,0.0002893351379567033
BUD13:K562,84,0.0006669628791955429
BUD13:K562,85,0.0006505924358475301
BUD13:K562,86,0.0004749860123162142
BUD13:K562,87,0.00016530775102385764
BUD13:K562,88,0.0005100128595769693
BUD13:K562,89,0.0004673171770674944
BUD13:K562,90,0.00025147574433248554
BUD13:K562,91,0.0007460090253643692
BUD13:K562,92,0.00022259742232133561
BUD13:K562,93,0.0011966141066992453
BUD13:K562,94,0.00029876813353735265
BUD13:K562,95,0.00020627311875676124
BUD13:K562,96,0.0006194891739593755
BUD13:K562,97,0.0005299230115797249
BUD13:K562,98,0.0006724789162051437
BUD13:K562,99,0.0006032879586803652
BUD13:K562,100,0.0006785853501576344
CDC40:HepG2,0,0.005129324060206719
CDC40:HepG2,1,0.0011165539969227867
CDC40:HepG2,2,0.0018376659332106637
CDC40:HepG2,3,0.0012597922451752508
CDC40:HepG2,4,0.006874184553662399
CDC40:HepG2,5,0.002803796073943321
CDC40:HepG2,6,0.0042889980527955895
CDC40:HepG2,7,0.00265517668168036
CDC40:HepG2,8,0.0036833340108259893
CDC40:HepG2,9,0.0031627821481819973
CDC40:HepG2,10,0.0027640664027616113
CDC40:HepG2,11,0.001324956026255819
CDC40:HepG2,12,0.004948055072488966
CDC40:HepG2,13,0.005153943246783421
CDC40:HepG2,14,0.0033575123629943082
CDC40:HepG2,15,0.006339770991597993
CDC40:HepG2,16,0.00504517738298238
CDC40:HepG2,17,0.003005088405723777
CDC40:HepG2,18,0.0016905373322072537
CDC40:HepG2,19,0.00528098275083988
CDC40:HepG2,20,0.0021162691297365033
CDC40:HepG2,21,0.004178405538137309
CDC40:HepG2,22,0.003718727332127858
CDC40:HepG2,23,0.0062032138446666
CDC40:HepG2,24,0.009737584312922598
CDC40:HepG2,25,0.011104818806621619
CDC40:HepG2,26,0.004876817506391129
CDC40:HepG2,27,0.0033487462245037625
CDC40:HepG2,28,0.0032447458056431566
CDC40:HepG2,29,0.003610512332997251
CDC40:HepG2,30,0.0037649042898189045
CDC40:HepG2,31,0.002953929521413823
CDC40:HepG2,32,0.005168944249156149
CDC40:HepG2,33,0.0032179656181801075
CDC40:HepG2,34,0.006750258942667231
CDC40:HepG2,35,0.002348013664990045
CDC40:HepG2,36,0.0018688892597638063
CDC40:HepG2,37,0.0016527896574849432
CDC40:HepG2,38,0.0006072982791331949
CDC40:HepG2,39,0.0032666877926679216
CDC40:HepG2,40,0.0026814231045094727
CDC40:HepG2,41,0.00451343025084272
CDC40:HepG2,42,0.003563690243325368
CDC40:HepG2,43,0.002077391584745847
CDC40:HepG2,44,0.000755072782425481
CDC40:HepG2,45,0.0006045545028223742
CDC40:HepG2,46,0.0017140104563356795
CDC40:HepG2,47,0.0012015740883490889
CDC40:HepG2,48,0.0010240893132518192
CDC40:HepG2,49,0.0017806755667229002
CDC40:HepG2,50,0.003804568250888374
CDC40:HepG2,51,0.0026283100096989864
CDC40:HepG2,52,0.003979175025702553
CDC40:HepG2,53,0.0005489258946400621
CDC40:HepG2,54,0.0007607878016662184
CDC40:HepG2,55,0.0016667767923649324
CDC40:HepG2,56,0.0011538788740049766
CDC40:HepG2,57,0.0034723119211927944
CDC40:HepG2,58,0.0030758768282221904
CDC40:HepG2,59,0.0017850829042768135
CDC40:HepG2,60,0.0013872768020071202
CDC40:HepG2,61,0.0005012652232827541
CDC40:HepG2,62,0.0007396388456506475
CDC40:HepG2,63,0.004569125873975066
CDC40:HepG2,64,0.0007183068047232899
CDC40:HepG2,65,0.0034105147505839595
CDC40:HepG2,66,0.0022698965275140814
CDC40:HepG2,67,0.0017618886181592908
CDC40:HepG2,68,0.00020105045111074027
CDC40:HepG2,69,0.004784077920337193
CDC40:HepG2,70,0.00181700250897332
CDC40:HepG2,71,0.0013986318045178248
CDC40:HepG2,72,0.0006827882682445274
CDC40:HepG2,73,0.0063663934648747755
CDC40:HepG2,74,0.0023352041827863212
CDC40:HepG2,75,0.0031728860481163856
CDC40:HepG2,76,0.0010938423826019061
CDC40:HepG2,77,0.0016007195880718417
CDC40:HepG2,78,0.0007194285067327888
CDC40:HepG2,79,0.002447627325617985
CDC40:HepG2,80,0.001144109420888162
CDC40:HepG2,81,0.0021751186214040708
CDC40:HepG2,82,0.00017871679400194296
CDC40:HepG2,83,0.0005426260199681288
CDC40:HepG2,84,0.0030426307747863923
CDC40:HepG2,85,0.002727783155103247
CDC40:HepG2,86,0.0020502223850937806
CDC40:HepG2,87,0.00031103513133889926
CDC40:HepG2,88,0.0022782057302054293
CDC40:HepG2,89,0.0011230085680100643
CDC40:HepG2,90,0.000229699591003385
CDC40:HepG2,91,0.0029775634864164235
CDC40:HepG2,92,0.0005159651645323393
CDC40:HepG2,93,0.0030095744966919247
CDC40:HepG2,94,0.0036753130048636784
CDC40:HepG2,95,0.00022233082780598323
CDC40:HepG2,96,2.851226998057399e-05
CDC40:HepG2,97,0.00304498651239804
CDC40:HepG2,98,0.004238811728398462
CDC40:HepG2,99,0.0015962339533033276
CDC40:HepG2,100,0.0005903388887119609
CSTF2T:HepG2,0,0.0007076648586292755
CSTF2T:HepG2,1,0.002300139183398109
CSTF2T:HepG2,2,0.0015549653942020791
CSTF2T:HepG2,3,0.0016128422556315192
CSTF2T:HepG2,4,0.0013741923632620834
CSTF2T:HepG2,5,0.001591549454551311
CSTF2T:HepG2,6,0.0021733714501264156
CSTF2T:HepG2,7,0.00206807636104811
CSTF2T:HepG2,8,0.0023722325619491835
CSTF2T:HepG2,9,0.0023503820197711134
CSTF2T:HepG2,10,0.0027073915126687442
CSTF2T:HepG2,11,0.0021983805500341846
CSTF2T:HepG2,12,0.0032462412507077154
CSTF2T:HepG2,13,0.0035181808412838578
CSTF2T:HepG2,14,0.0035135338067107114
CSTF2T:HepG2,15,0.005215614431754001
CSTF2T:HepG2,16,0.005266289070773533
CSTF2T:HepG2,17,0.005982490946788044
CSTF2T:HepG2,18,0.006338572650576357
CSTF2T:HepG2,19,0.0053547522299715045
CSTF2T:HepG2,20,0.0065110812199660195
CSTF2T:HepG2,21,0.007041819378474257
CSTF2T:HepG2,22,0.0075177210994300525
CSTF2T:HepG2,23,0.008044418548153964
CSTF2T:HepG2,24,0.008671807892379202
CSTF2T:HepG2,25,0.01107039417116984
CSTF2T:HepG2,26,0.013425877697166633
CSTF2T:HepG2,27,0.011420544345852601
CSTF2T:HepG2,28,0.011970885529010156
CSTF2T:HepG2,29,0.013138083491407326
CSTF2T:HepG2,30,0.013358203853641282
CSTF2T:HepG2,31,0.014922501646437825
CSTF2T:HepG2,32,0.01568818496212132
CSTF2T:HepG2,33,0.014712782191720342
CSTF2T:HepG2,34,0.015405994792158206
CSTF2T:HepG2,35,0.016325792426749697
CSTF2T:HepG2,36,0.016074512976038013
CSTF2T:HepG2,37,0.015343157774078575
CSTF2T:HepG2,38,0.014201251599412545
CSTF2T:HepG2,39,0.013587416985713308
CSTF2T:HepG2,40,0.013317759518492567
CSTF2T:HepG2,41,0.0143680840110465
CSTF2T:HepG2,42,0.014273978007152022
CSTF2T:HepG2,43,0.012501523035523765
CSTF2T:HepG2,44,0.012868524513057533
CSTF2T:HepG2,45,0.010499687142183411
CSTF2T:HepG2,46,0.010451237568298466
CSTF2T:HepG2,47,0.009548383406554728
CSTF2T:HepG2,48,0.008917051391676867
CSTF2T:HepG2,49,0.007989127632834547
CSTF2T:HepG2,50,0.007641059528234795
CSTF2T:HepG2,51,0.005951777357424692
CSTF2T:HepG2,52,0.005873595977577084
CSTF2T:HepG2,53,0.0066883604465721724
CSTF2T:HepG2,54,0.005108389787554346
CSTF2T:HepG2,55,0.004812404615928467
CSTF2T:HepG2,56,0.003924587384007916
CSTF2T:HepG2,57,0.004503659721125652
CSTF2T:HepG2,58,0.003843742963891117
CSTF2T:HepG2,59,0.002918236546752495
CSTF2T:HepG2,60,0.0034722685201726833
CSTF2T:HepG2,61,0.0018776246555685105
CSTF2T:HepG2,62,0.0022853465308947385
CSTF2T:HepG2,63,0.002251326465152581
CSTF2T:HepG2,64,0.0019438013173966873
CSTF2T:HepG2,65,0.0016389525468670785
CSTF2T:HepG2,66,0.0013941831311262698
CSTF2T:HepG2,67,0.0010425663691051579
CSTF2T:HepG2,68,0.0012957300548199768
CSTF2T:HepG2,69,0.0007491585178238669
CSTF2T:HepG2,70,0.000766112620981696
CSTF2T:HepG2,71,0.0009260846687779711
CSTF2T:HepG2,72,0.0006463346144379711
CSTF2T:HepG2,73,0.000475857179077388
CSTF2T:HepG2,74,0.0004799802507057249
CSTF2T:HepG2,75,0.0003897240488275333
CSTF2T:HepG2,76,0.0003708187575310884
CSTF2T:HepG2,77,0.0002442730625455969
CSTF2T:HepG2,78,0.0007432197506460625
CSTF2T:HepG2,79,0.000437686197756082
CSTF2T:HepG2,80,0.0005753636594330036
CSTF2T:HepG2,81,0.000652592509648442
CSTF2T:HepG2,82,0.0007605769747101032
CSTF2T:HepG2,83,0.0005786241376661838
CSTF2T:HepG2,84,0.0005891917944150782
CSTF2T:HepG2,85,0.0007169480345642354
CSTF2T:HepG2,86,0.0006993365921268424
CSTF2T:HepG2,87,0.0005987220943172167
CSTF2T:HepG2,88,0.001320061657602123
CSTF2T:HepG2,89,0.0008248527847575238
CSTF2T:HepG2,90,0.0010077970458964858
CSTF2T:HepG2,91,0.0008584147937853448
CSTF2T:HepG2,92,0.0008919603454025093
CSTF2T:HepG2,93,0.0017395965252255952
CSTF2T:HepG2,94,0.0016709382246404836
CSTF2T:HepG2,95,0.0012000935791565137
CSTF2T:HepG2,96,0.0009567309950317959
CSTF2T:HepG2,97,0.0010772114650721143
CSTF2T:HepG2,98,0.001661460185738317
CSTF2T:HepG2,99,0.0012784130277867511
CSTF2T:HepG2,100,0.0019050953947319371
DDX24:K562,0,0.0006840784925217225
DDX24:K562,1,0.0006287961310077472
DDX24:K562,2,0.0005839587498126519
DDX24:K562,3,0.0007455352760066258
DDX24:K562,4,0.0008994110197755312
DDX24:K562,5,0.000577376662536544
DDX24:K562,6,0.0010581820807751274
DDX24:K562,7,0.0014263400930544234
DDX24:K562,8,0.0014669602573129659
DDX24:K562,9,0.001395183838078573
DDX24:K562,10,0.0008132859791762925
DDX24:K562,11,0.0012264171114846345
DDX24:K562,12,0.0006762973059886157
DDX24:K562,13,0.0003996875217288087
DDX24:K562,14,0.0013377345587419764
DDX24:K562,15,0.001349918042795606
DDX24:K562,16,0.0017763024742786238
DDX24:K562,17,0.0014354727474932272
DDX24:K562,18,0.0016043724199321652
DDX24:K562,19,0.0013143103021358016
DDX24:K562,20,0.0017067654313172032
DDX24:K562,21,0.0008666586962717826
DDX24:K562,22,0.0014456093319492602
DDX24:K562,23,0.0014634082061653064
DDX24:K562,24,0.002357062509275143
DDX24:K562,25,0.0020880338543092236
DDX24:K562,26,0.0020806807532888216
DDX24:K562,27,0.002587651333109231
DDX24:K562,28,0.0022196511242693617
DDX24:K562,29,0.00197127865447555
DDX24:K562,30,0.0012002615320692023
DDX24:K562,31,0.0017214641727829605
DDX24:K562,32,0.0023179280065519503
DDX24:K562,33,0.0010786629432683048
DDX24:K562,34,0.00138469481505743
DDX24:K562,35,0.001207317713218914
DDX24:K562,36,0.001255413342716838
DDX24:K562,37,0.0010210240651837843
DDX24:K562,38,0.0009616187184555702
DDX24:K562,39,0.001376680674508246
DDX24:K562,40,0.001091468547877228
DDX24:K562,41,0.0016788575643731374
DDX24:K562,42,0.0023356991673004757
DDX24:K562,43,0.0017099507863427288
DDX24:K562,44,0.0030156439944306612
DDX24:K562,45,0.0031798368583493275
DDX24:K562,46,0.0020647495413486094
DDX24:K562,47,0.0016971627167867709
DDX24:K562,48,0.0021930192253377667
DDX24:K562,49,0.0017896176237404138
DDX24:K562,50,0.0018371663262075622
DDX24:K562,51,0.001640961855507217
DDX24:K562,52,0.0033109100851475004
DDX24:K562,53,0.0013123292229455519
DDX24:K562,54,0.0016614172207358724
DDX24:K562,55,0.002017814484970848
DDX24:K562,56,0.0021510365877924764
DDX24:K562,57,0.0014067157594896962
DDX24:K562,58,0.002611878348643293
DDX24:K562,59,0.0028375898423719237
DDX24:K562,60,0.0017074162648877955
DDX24:K562,61,0.002918705317635717
DDX24:K562,62,0.0025783008449657974
DDX24:K562,63,0.0018046470477951493
DDX24:K562,64,0.001656604640284276
DDX24:K562,65,0.0021919523820221887
DDX24:K562,66,0.0014369227752014657
DDX24:K562,67,0.0029157858029935646
DDX24:K562,68,0.0019821202034925323
DDX24:K562,69,0.0018074752447370113
DDX24:K562,70,0.002261326831434096
DDX24:K562,71,0.001378446105618547
DDX24:K562,72,0.0015519272141802931
DDX24:K562,73,0.0015098971536254835
DDX24:K562,74,0.0014024850275549117
DDX24:K562,75,0.0012212472467419966
DDX24:K562,76,0.0031964708608085424
DDX24:K562,77,0.0018105788540381251
DDX24:K562,78,0.0014561841349831628
DDX24:K562,79,0.0015308403996265874
DDX24:K562,80,0.0008000398773687634
DDX24:K562,81,0.0013531264986929026
DDX24:K562,82,0.0017539216143435121
DDX24:K562,83,0.0019244509449750646
DDX24:K562,84,0.0017908791167201565
DDX24:K562,85,0.0014339065367279247
DDX24:K562,86,0.0010558968122206247
DDX24:K562,87,0.0011852395250916414
DDX24:K562,88,0.001425943122802531
DDX24:K562,89,0.0007041696091059091
DDX24:K562,90,0.0008571196859823438
DDX24:K562,91,0.0007573899749233615
DDX24:K562,92,0.0003581354465946873
DDX24:K562,93,0.0007272680595372671
DDX24:K562,94,0.0010177965191912053
DDX24:K562,95,0.001124483564361789
DDX24:K562,96,0.0014810134878502357
DDX24:K562,97,0.0014241324470634087
DDX24:K562,98,0.0008212576522749204
DDX24:K562,99,0.001244932821776179
DDX24:K562,100,0.001066776202007902
DDX55:HepG2,0,0.0029866642514935204
DDX55:HepG2,1,0.005813629260585262
DDX55:HepG2,2,0.0036184883247233346
DDX55:HepG2,3,0.008854596249976532
DDX55:HepG2,4,0.007546916480237087
DDX55:HepG2,5,0.005417213542156407
DDX55:HepG2,6,0.004965176806940974
DDX55:HepG2,7,0.01078516120540951
DDX55:HepG2,8,0.006076274542640703
DDX55:HepG2,9,0.007380294914167584
DDX55:HepG2,10,0.003078419112776176
DDX55:HepG2,11,0.007900058130216436
DDX55:HepG2,12,0.014363975589157252
DDX55:HepG2,13,0.01803990158207014
DDX55:HepG2,14,0.007463574030480591
DDX55:HepG2,15,0.006078968233005799
DDX55:HepG2,16,0.007214623555919619
DDX55:HepG2,17,0.01197019573023761
DDX55:HepG2,18,0.012134540419978523
DDX55:HepG2,19,0.010508644074939788
DDX55:HepG2,20,0.009383656976031496
DDX55:HepG2,21,0.006660890442413359
DDX55:HepG2,22,0.007576761834560131
DDX55:HepG2,23,0.009926729507076848
DDX55:HepG2,24,0.008861147787823764
DDX55:HepG2,25,0.008145560781286254
DDX55:HepG2,26,0.010112802084444095
DDX55:HepG2,27,0.009169623178592268
DDX55:HepG2,28,0.009108950583235798
DDX55:HepG2,29,0.007143122142333258
DDX55:HepG2,30,0.009196894584656667
DDX55:HepG2,31,0.012908175964377544
DDX55:HepG2,32,0.006039081477193342
DDX55:HepG2,33,0.004166665984661977
DDX55:HepG2,34,0.003992745205359194
DDX55:HepG2,35,0.005658103705491024
DDX55:HepG2,36,0.0028145057368382798
DDX55:HepG2,37,0.003891782290508239
DDX55:HepG2,38,0.005260413956134746
DDX55:HepG2,39,0.005301470709301093
DDX55:HepG2,40,0.011548165378878261
DDX55:HepG2,41,0.00804232328332588
DDX55:HepG2,42,0.007795072777510237
DDX55:HepG2,43,0.0033304835485986617
DDX55:HepG2,44,0.00235329357387537
DDX55:HepG2,45,0.0032019839450525556
DDX55:HepG2,46,0.006209529175937645
DDX55:HepG2,47,0.005169567385500673
DDX55:HepG2,48,0.003877792852400641
DDX55:HepG2,49,0.0024012448553709653
DDX55:HepG2,50,0.002761652868360942
DDX55:HepG2,51,0.006218797082088945
DDX55:HepG2,52,0.0010894889890888937
DDX55:HepG2,53,0.0031032206515860805
DDX55:HepG2,54,0.0044118046448682335
DDX55:HepG2,55,0.004228598132657302
DDX55:HepG2,56,0.0035845311765129173
DDX55:HepG2,57,0.009012870243805704
DDX55:HepG2,58,0.0023543614416156045
DDX55:HepG2,59,0.005861505351991925
DDX55:HepG2,60,0.005095073459861599
DDX55:HepG2,61,0.0013126812495425355
DDX55:HepG2,62,0.007740108971920012
DDX55:HepG2,63,0.0013500187510049333
DDX55:HepG2,64,0.0037714936876590555
DDX55:HepG2,65,0.0010819049807484493
DDX55:HepG2,66,0.0018148211907993428
DDX55:HepG2,67,0.005810376691341768
DDX55:HepG2,68,0.004231941513801907
DDX55:HepG2,69,0.0020781392589456216
DDX55:HepG2,70,0.0016722800657167358
DDX55:HepG2,71,0.0028984328496620693
DDX55:HepG2,72,0.003741302039052652
DDX55:HepG2,73,0.0010992081478025106
DDX55:HepG2,74,0.001900020981536077
DDX55:HepG2,75,0.0017295061160025327
DDX55:HepG2,76,0.0036345935541989283
DDX55:HepG2,77,0.002142064105193242
DDX55:HepG2,78,0.003334391152939986
DDX55:HepG2,79,0.0009593364509454805
DDX55:HepG2,80,0.0005883282608909468
DDX55:HepG2,81,0.0009038902226237155
DDX55:HepG2,82,0.005416569955161377
DDX55:HepG2,83,0.001123321872959826
DDX55:HepG2,84,0.0015218148912304885
DDX55:HepG2,85,0.0008315843533003298
DDX55:HepG2,86,0.0014403187984990407
DDX55:HepG2,87,0.0028467227685728957
DDX55:HepG2,88,0.001515668014722138
DDX55:HepG2,89,0.0016059270592249097
DDX55:HepG2,90,0.004562918521751058
DDX55:HepG2,91,0.0026642372202378972
DDX55:HepG2,92,0.002328508125852835
DDX55:HepG2,93,0.001172281164428579
DDX55:HepG2,94,0.001094547194465667
DDX55:HepG2,95,0.003478750994819868
DDX55:HepG2,96,0.0026992838172181788
DDX55:HepG2,97,0.0011019426924377962
DDX55:HepG2,98,0.00332956257985928
DDX55:HepG2,99,0.002425354228011045
DDX55:HepG2,100,2.851327563235806e-05
DDX55:K562,0,0.0033634096182050266
DDX55:K562,1,0.003196721471087516
DDX55:K562,2,0.0033110061088367226
DDX55:K562,3,0.0008042833726941145
DDX55:K562,4,0.0028658920742548055
DDX55:K562,5,0.0006507607288350759
DDX55:K562,6,0.0025126713210332774
DDX55:K562,7,0.0029723198869096024
DDX55:K562,8,0.003309687909170189
DDX55:K562,9,0.0006624536716084428
DDX55:K562,10,0.0010040443049266212
DDX55:K562,11,0.006888930877291033
DDX55:K562,12,0.0024868919724541083
DDX55:K562,13,0.0033295754023727753
DDX55:K562,14,0.004374050153357345
DDX55:K562,15,0.002713293219185009
DDX55:K562,16,0.0011490126676942936
DDX55:K562,17,0.010273831648057286
DDX55:K562,18,0.005126033211684811
DDX55:K562,19,0.0022811188562783524
DDX55:K562,20,0.0015091990587263737
DDX55:K562,21,0.0019580174937763317
DDX55:K562,22,0.002919315417772017
DDX55:K562,23,0.0018535682532079267
DDX55:K562,24,0.001024990364215661
DDX55:K562,25,0.0023723337905003916
DDX55:K562,26,0.004767234571401713
DDX55:K562,27,0.0027793896709641386
DDX55:K562,28,0.003351055846365747
DDX55:K562,29,0.0034016482209704435
DDX55:K562,30,0.004319900079905459
DDX55:K562,31,0.005544427036572319
DDX55:K562,32,0.005472666907063828
DDX55:K562,33,0.0004738568589442993
DDX55:K562,34,0.0011406415688732796
DDX55:K562,35,0.0011737121432816577
DDX55:K562,36,0.0005677224760025634
DDX55:K562,37,0.0026590355603032245
DDX55:K562,38,0.0030997828681716966
DDX55:K562,39,0.0033320679340744785
DDX55:K562,40,0.0019440634653533628
DDX55:K562,41,0.0027443407989331536
DDX55:K562,42,0.0017618838314585883
DDX55:K562,43,0.0007733041163477949
DDX55:K562,44,0.0008665065287394302
DDX55:K562,45,0.002352650254734856
DDX55:K562,46,0.001204821861984673
DDX55:K562,47,0.00021511833533804925
DDX55:K562,48,0.0005722461011250513
DDX55:K562,49,0.0007052111924308324
DDX55:K562,50,0.0006898379476425465
DDX55:K562,51,0.004346218667780621
DDX55:K562,52,0.00386847530025225
DDX55:K562,53,0.0004901906666163747
DDX55:K562,54,0.0012714833788369795
DDX55:K562,55,0.001452830565286889
DDX55:K562,56,0.0014290002978358807
DDX55:K562,57,0.0024035425901366425
DDX55:K562,58,0.00481954499660886
DDX55:K562,59,0.000766332123038449
DDX55:K562,60,0.004523566167223714
DDX55:K562,61,0.0024342892612064793
DDX55:K562,62,0.0011863973161490016
DDX55:K562,63,0.0013377836930588138
DDX55:K562,64,0.0012564971094564115
DDX55:K562,65,0.0025837521904860106
DDX55:K562,66,0.0025648396730569845
DDX55:K562,67,0.002535109123401824
DDX55:K562,68,0.0020040378696457584
DDX55:K562,69,0.0010539234645990936
DDX55:K562,70,0.0005971348414524069
DDX55:K562,71,0.002234659393960836
DDX55:K562,72,7.855457413730171e-05
DDX55:K562,73,0.0017467521174400202
DDX55:K562,74,0.001721928499848202
DDX55:K562,75,0.0006282132132388041
DDX55:K562,76,0.0016281888205770256
DDX55:K562,77,0.0006749743341573078
DDX55:K562,78,0.0006891426439445958
DDX55:K562,79,0.0009919773077256
DDX55:K562,80,8.93849888901066e-05
DDX55:K562,81,0.0006038611331238286
DDX55:K562,82,0.0002016435078620038
DDX55:K562,83,0.001858380938685844
DDX55:K562,84,0.0007334584411404776
DDX55:K562,85,0.00171392527428893
DDX55:K562,86,0.002068478185347722
DDX55:K562,87,0.0010549151796117595
DDX55:K562,88,0.0013020339604081776
DDX55:K562,89,0.0005162006271369757
DDX55:K562,90,0.0004385744089017152
DDX55:K562,91,0.0003319230090866876
DDX55:K562,92,0.002119496677504218
DDX55:K562,93,0.0006369250522925141
DDX55:K562,94,0.004042917665624257
DDX55:K562,95,0.0035384314338317013
DDX55:K562,96,0.00018778950119979765
DDX55:K562,97,0.002788057141868361
DDX55:K562,98,0.0007774366910564545
DDX55:K562,99,0.0005095868378565127
DDX55:K562,100,0.0018242534746589767
DDX59:HepG2,0,0.02545858995286132
DDX59:HepG2,1,0.02769479191593971
DDX59:HepG2,2,0.03315828673358179
DDX59:HepG2,3,0.02478074108246009
DDX59:HepG2,4,0.019692122120705813
DDX59:HepG2,5,0.027207450132684663
DDX59:HepG2,6,0.02429556141177125
DDX59:HepG2,7,0.022294243119516333
DDX59:HepG2,8,0.02291215954802084
DDX59:HepG2,9,0.018917738159505815
DDX59:HepG2,10,0.021756096464071617
DDX59:HepG2,11,0.024351626741190957
DDX59:HepG2,12,0.022347109820896494
DDX59:HepG2,13,0.024910622514126457
DDX59:HepG2,14,0.02990931961477028
DDX59:HepG2,15,0.025138568635624026
DDX59:HepG2,16,0.024484304305603777
DDX59:HepG2,17,0.017928752106855406
DDX59:HepG2,18,0.027237873173527216
DDX59:HepG2,19,0.03163004787762924
DDX59:HepG2,20,0.02817140566804821
DDX59:HepG2,21,0.03063028474936047
DDX59:HepG2,22,0.023267405831837507
DDX59:HepG2,23,0.023199762419360948
DDX59:HepG2,24,0.02541828081176767
DDX59:HepG2,25,0.02553513461703727
DDX59:HepG2,26,0.028516991053982532
DDX59:HepG2,27,0.025657011733737578
DDX59:HepG2,28,0.026295524849552776
DDX59:HepG2,29,0.02653284267547673
DDX59:HepG2,30,0.023859164575259717
DDX59:HepG2,31,0.028375597887447923
DDX59:HepG2,32,0.025631659955063446
DDX59:HepG2,33,0.021884799917001874
DDX59:HepG2,34,0.026154424588775593
DDX59:HepG2,35,0.021345389784669377
DDX59:HepG2,36,0.015651114958944334
DDX59:HepG2,37,0.022473936310415055
DDX59:HepG2,38,0.02415959455514871
DDX59:HepG2,39,0.024107809958841653
DDX59:HepG2,40,0.021253418164051685
DDX59:HepG2,41,0.019595391251104988
DDX59:HepG2,42,0.018248142413263224
DDX59:HepG2,43,0.01996028132054306
DDX59:HepG2,44,0.01889017503710344
DDX59:HepG2,45,0.02938513669662768
DDX59:HepG2,46,0.025540503260351732
DDX59:HepG2,47,0.018321642431393115
DDX59:HepG2,48,0.01869300431861376
DDX59:HepG2,49,0.02326065139776823
DDX59:HepG2,50,0.018594353244221096
DDX59:HepG2,51,0.01876698404917676
DDX59:HepG2,52,0.02187155614197467
DDX59:HepG2,53,0.02708794710305873
DDX59:HepG2,54,0.01937556559074538
DDX59:HepG2,55,0.021439644096971966
DDX59:HepG2,56,0.020851932123008066
DDX59:HepG2,57,0.02114393191374142
DDX59:HepG2,58,0.01528817622834222
DDX59:HepG2,59,0.022246105836175034
DDX59:HepG2,60,0.019228859995868097
DDX59:HepG2,61,0.02100625794165001
DDX59:HepG2,62,0.017650658330181535
DDX59:HepG2,63,0.020530728239218532
DDX59:HepG2,64,0.015122493613084487
DDX59:HepG2,65,0.0183951521807717
DDX59:HepG2,66,0.01581400630316776
DDX59:HepG2,67,0.014232633047947418
DDX59:HepG2,68,0.01323057488706103
DDX59:HepG2,69,0.017492235807650025
DDX59:HepG2,70,0.013508365751599194
DDX59:HepG2,71,0.014378567357739014
DDX59:HepG2,72,0.015092916674945278
DDX59:HepG2,73,0.010788771359471316
DDX59:HepG2,74,0.01671704320603762
DDX59:HepG2,75,0.01597226298530141
DDX59:HepG2,76,0.016986220472784974
DDX59:HepG2,77,0.015869335412821206
DDX59:HepG2,78,0.013461289576860769
DDX59:HepG2,79,0.013400287994796867
DDX59:HepG2,80,0.012015534746458001
DDX59:HepG2,81,0.013381373052669732
DDX59:HepG2,82,0.013545837474725486
DDX59:HepG2,83,0.00649812574931341
DDX59:HepG2,84,0.012748652092609336
DDX59:HepG2,85,0.012884679018498213
DDX59:HepG2,86,0.011466177291201474
DDX59:HepG2,87,0.010028870095362241
DDX59:HepG2,88,0.01076231664151639
DDX59:HepG2,89,0.01276857821548183
DDX59:HepG2,90,0.010652592427500274
DDX59:HepG2,91,0.010852355988458573
DDX59:HepG2,92,0.008264684351188878
DDX59:HepG2,93,0.008672318607162333
DDX59:HepG2,94,0.007403376799790307
DDX59:HepG2,95,0.008709153722059382
DDX59:HepG2,96,0.005770719605157737
DDX59:HepG2,97,0.007129186227751161
DDX59:HepG2,98,0.006939609587500395
DDX59:HepG2,99,0.008318015413415258
DDX59:HepG2,100,0.007027590679541951
DDX6:HepG2,0,0.0014046816562568454
DDX6:HepG2,1,0.002965735642178613
DDX6:HepG2,2,0.010075427501995415
DDX6:HepG2,3,0.008187653723767174
DDX6:HepG2,4,0.008882655822976426
DDX6:HepG2,5,0.011644111155218795
DDX6:HepG2,6,0.0037758578360633788
DDX6:HepG2,7,0.0062647058399423194
DDX6:HepG2,8,0.0007928946236706036
DDX6:HepG2,9,0.009657300024126791
DDX6:HepG2,10,0.005039606389155571
DDX6:HepG2,11,0.015408707884296602
DDX6:HepG2,12,0.011176048088132218
DDX6:HepG2,13,0.001518086421038345
DDX6:HepG2,14,0.006130451284940608
DDX6:HepG2,15,0.005477909539450154
DDX6:HepG2,16,0.01100622587821476
DDX6:HepG2,17,0.004518278587492874
DDX6:HepG2,18,0.0074073002691018575
DDX6:HepG2,19,0.005420820795314918
DDX6:HepG2,20,0.013459916734976929
DDX6:HepG2,21,0.005946599737480351
DDX6:HepG2,22,0.010144937024600731
DDX6:HepG2,23,0.01305505822199926
DDX6:HepG2,24,0.01858609535287048
DDX6:HepG2,25,0.013211258960179828
DDX6:HepG2,26,0.01395870833214563
DDX6:HepG2,27,0.010033749980907447
DDX6:HepG2,28,0.015373214850963546
DDX6:HepG2,29,0.00907506670457503
DDX6:HepG2,30,0.012429858947000993
DDX6:HepG2,31,0.018360043159698858
DDX6:HepG2,32,0.005395276455870235
DDX6:HepG2,33,0.008363841604629885
DDX6:HepG2,34,0.009135287861590347
DDX6:HepG2,35,0.009413464905749347
DDX6:HepG2,36,0.002751772816966036
DDX6:HepG2,37,0.009042944828957622
DDX6:HepG2,38,0.011092789358485566
DDX6:HepG2,39,0.005696852001428887
DDX6:HepG2,40,0.00757568106220774
DDX6:HepG2,41,0.009732554470119892
DDX6:HepG2,42,0.014117729105020294
DDX6:HepG2,43,0.010703957819248378
DDX6:HepG2,44,0.004550205038378996
DDX6:HepG2,45,0.012009575022196683
DDX6:HepG2,46,0.006343062920582954
DDX6:HepG2,47,0.012276697941119519
DDX6:HepG2,48,0.005666800606525468
DDX6:HepG2,49,0.0062396326626332765
DDX6:HepG2,50,0.010314735158643895
DDX6:HepG2,51,0.005962482138977654
DDX6:HepG2,52,0.006981713710617621
DDX6:HepG2,53,0.002698041225994263
DDX6:HepG2,54,0.004468726113187382
DDX6:HepG2,55,0.0063229673220428495
DDX6:HepG2,56,0.006689359543645357
DDX6:HepG2,57,0.0020479775824061575
DDX6:HepG2,58,0.007013666940757224
DDX6:HepG2,59,0.0028474784100094297
DDX6:HepG2,60,0.008970574137083798
DDX6:HepG2,61,0.0020702412850149843
DDX6:HepG2,62,0.010405848870221668
DDX6:HepG2,63,0.0032211011546912083
DDX6:HepG2,64,0.003404099749561018
DDX6:HepG2,65,0.0014956949857302115
DDX6:HepG2,66,0.0032643711444749757
DDX6:HepG2,67,0.003116555977886404
DDX6:HepG2,68,0.003026992535754669
DDX6:HepG2,69,0.004043415089966307
DDX6:HepG2,70,0.000522499274440591
DDX6:HepG2,71,0.003447503742772362
DDX6:HepG2,72,0.0030982542856665685
DDX6:HepG2,73,0.002763960598917481
DDX6:HepG2,74,0.000636909491521509
DDX6:HepG2,75,0.006416131138352155
DDX6:HepG2,76,0.001356958878945158
DDX6:HepG2,77,0.00576036158048554
DDX6:HepG2,78,0.0029456324626178088
DDX6:HepG2,79,0.001567024302060016
DDX6:HepG2,80,0.0005613228525025438
DDX6:HepG2,81,0.0012207043532761475
DDX6:HepG2,82,0.00919617922416438
DDX6:HepG2,83,0.0011660622525524467
DDX6:HepG2,84,0.0015265254207876833
DDX6:HepG2,85,0.004243155576953539
DDX6:HepG2,86,0.0011528194814878212
DDX6:HepG2,87,0.00708336480115046
DDX6:HepG2,88,0.004623750070396504
DDX6:HepG2,89,0.004306102267927381
DDX6:HepG2,90,0.004839637448889711
DDX6:HepG2,91,0.00326922786322148
DDX6:HepG2,92,0.0006923420050346518
DDX6:HepG2,93,0.002244524146294835
DDX6:HepG2,94,0.001075546804741312
DDX6:HepG2,95,0.004850661765724906
DDX6:HepG2,96,0.002531255141188904
DDX6:HepG2,97,0.00462225862260357
DDX6:HepG2,98,0.003589475016331445
DDX6:HepG2,99,0.0001723216452411691
DDX6:HepG2,100,0.0013187281870822298
DDX6:K562,0,0.01358145288576873
DDX6:K562,1,0.009723342438332061
DDX6:K562,2,0.011064107420803104
DDX6:K562,3,0.015163444188668773
DDX6:K562,4,0.008620738426081465
DDX6:K562,5,0.012002360794952427
DDX6:K562,6,0.011444951862606967
DDX6:K562,7,0.00407524997840536
DDX6:K562,8,0.011810862176822035
DDX6:K562,9,0.010684042548322226
DDX6:K562,10,0.010966481813482698
DDX6:K562,11,0.011453693951819721
DDX6:K562,12,0.015158844193605692
DDX6:K562,13,0.00923463996996654
DDX6:K562,14,0.011124875374062926
DDX6:K562,15,0.015405284042042888
DDX6:K562,16,0.020168900832381875
DDX6:K562,17,0.016060968849787916
DDX6:K562,18,0.01583248192340503
DDX6:K562,19,0.012971920501588352
DDX6:K562,20,0.015478329479985953
DDX6:K562,21,0.011269397966044759
DDX6:K562,22,0.013046412877587787
DDX6:K562,23,0.014886083736574629
DDX6:K562,24,0.01166027939610359
DDX6:K562,25,0.0069577847030525275
DDX6:K562,26,0.010184617110509997
DDX6:K562,27,0.011825231945677084
DDX6:K562,28,0.009146603248801566
DDX6:K562,29,0.013274726121247027
DDX6:K562,30,0.014986878642681223
DDX6:K562,31,0.009046036166185267
DDX6:K562,32,0.00854873374010634
DDX6:K562,33,0.01242328853075314
DDX6:K562,34,0.006015147987308955
DDX6:K562,35,0.005799267512674788
DDX6:K562,36,0.012920395606795365
DDX6:K562,37,0.009484016891490477
DDX6:K562,38,0.010996331108431678
DDX6:K562,39,0.006920163352403752
DDX6:K562,40,0.003862763058983587
DDX6:K562,41,0.00993801178290532
DDX6:K562,42,0.00867173179235814
DDX6:K562,43,0.0038660769359999403
DDX6:K562,44,0.005043950348146309
DDX6:K562,45,0.004929890075844212
DDX6:K562,46,0.01270439615157204
DDX6:K562,47,0.007841518449821616
DDX6:K562,48,0.0040165217973300305
DDX6:K562,49,0.006473954375468827
DDX6:K562,50,0.004341046607452492
DDX6:K562,51,0.009206304357194495
DDX6:K562,52,0.0033519294444758208
DDX6:K562,53,0.007324211677062209
DDX6:K562,54,0.0048460491288170315
DDX6:K562,55,0.0030469338390484157
DDX6:K562,56,0.002705182438373699
DDX6:K562,57,0.002137027064066599
DDX6:K562,58,0.0011230029416440246
DDX6:K562,59,0.004718830927976425
DDX6:K562,60,0.0026440519718898825
DDX6:K562,61,0.0027591659827491677
DDX6:K562,62,0.0011422226892419118
DDX6:K562,63,0.001880921505462707
DDX6:K562,64,0.0014739635476689328
DDX6:K562,65,0.00285985353188567
DDX6:K562,66,0.0015848243569013265
DDX6:K562,67,0.0021084267956862357
DDX6:K562,68,0.0017112315671438116
DDX6:K562,69,0.0036649632793529507
DDX6:K562,70,0.0024663152315145265
DDX6:K562,71,0.0020674327460454833
DDX6:K562,72,0.0008464192774939594
DDX6:K562,73,0.0026753601298016294
DDX6:K562,74,0.0020841500573166583
DDX6:K562,75,8.17609219947446e-05
DDX6:K562,76,0.0010067221689340489
DDX6:K562,77,0.001415827589166696
DDX6:K562,78,0.0019207765493693962
DDX6:K562,79,0.0013452784817417074
DDX6:K562,80,0.0011152897807285012
DDX6:K562,81,0.0014856313051248016
DDX6:K562,82,0.0007579166099128676
DDX6:K562,83,0.0013481935191232974
DDX6:K562,84,0.001974558539094895
DDX6:K562,85,0.0006295927551409619
DDX6:K562,86,0.003148454902919706
DDX6:K562,87,0.0022911069813065232
DDX6:K562,88,0.0030292597836139024
DDX6:K562,89,0.0006112399697112414
DDX6:K562,90,0.000960010072126094
DDX6:K562,91,0.002888913711203811
DDX6:K562,92,0.0004226380274096053
DDX6:K562,93,0.0006143219583436554
DDX6:K562,94,0.0021948168688874503
DDX6:K562,95,0.003268599910202674
DDX6:K562,96,0.0012991514763200929
DDX6:K562,97,0.0010428459868555562
DDX6:K562,98,0.0015828515163393009
DDX6:K562,99,0.0009058278174188805
DDX6:K562,100,0.00220300990387845
DGCR8:K562,0,0.004864139591284733
DGCR8:K562,1,0.006077942988207186
DGCR8:K562,2,0.003271825192251665
DGCR8:K562,3,0.0004163236968089956
DGCR8:K562,4,0.0007706414855120913
DGCR8:K562,5,0.002435671959965413
DGCR8:K562,6,0.001476337360365343
DGCR8:K562,7,0.006365810305247188
DGCR8:K562,8,0.005113700936929311
DGCR8:K562,9,0.004200756496241631
DGCR8:K562,10,0.0029268358395455607
DGCR8:K562,11,0.0017430706026296816
DGCR8:K562,12,0.00161581743299688
DGCR8:K562,13,0.0012375239873473332
DGCR8:K562,14,0.00784004042035813
DGCR8:K562,15,0.0024741046787933874
DGCR8:K562,16,0.005204044006841602
DGCR8:K562,17,0.00938956953369452
DGCR8:K562,18,0.010764891980495017
DGCR8:K562,19,0.0051191885557067
DGCR8:K562,20,0.00363726500315642
DGCR8:K562,21,0.003942516795206297
DGCR8:K562,22,0.006500006254520296
DGCR8:K562,23,0.005199629993127619
DGCR8:K562,24,0.0044331165062766464
DGCR8:K562,25,0.005291738165025595
DGCR8:K562,26,0.0031100817988316543
DGCR8:K562,27,0.004813264556432828
DGCR8:K562,28,0.004027057887016738
DGCR8:K562,29,0.004954229199263027
DGCR8:K562,30,0.005965852995303833
DGCR8:K562,31,0.0043320726041709
DGCR8:K562,32,0.003982137180640222
DGCR8:K562,33,0.004373740698338957
DGCR8:K562,34,0.005311429885556329
DGCR8:K562,35,0.008298911096029093
DGCR8:K562,36,0.005198550104285826
DGCR8:K562,37,0.0035296813967297114
DGCR8:K562,38,0.006083944608862968
DGCR8:K562,39,0.0034821050140436682
DGCR8:K562,40,0.0010943602735025149
DGCR8:K562,41,0.0036617246975232387
DGCR8:K562,42,0.0027704481831778427
DGCR8:K562,43,0.0016988829122075444
DGCR8:K562,44,0.001455835358993518
DGCR8:K562,45,0.0028687406433374196
DGCR8:K562,46,0.0028958208919823702
DGCR8:K562,47,0.0020596709853434314
DGCR8:K562,48,0.0018005134955331181
DGCR8:K562,49,0.001000072961301779
DGCR8:K562,50,0.0042627809635571445
DGCR8:K562,51,0.0009115874590173156
DGCR8:K562,52,0.0010258514677616848
DGCR8:K562,53,0.00323520927472265
DGCR8:K562,54,0.001977283633770366
DGCR8:K562,55,0.0007087657853064311
DGCR8:K562,56,0.0034186622314695825
DGCR8:K562,57,0.0015403637869502163
DGCR8:K562,58,0.0012670987389000743
DGCR8:K562,59,0.0011673808721079926
DGCR8:K562,60,0.0019469314543124616
DGCR8:K562,61,0.0008528031933330293
DGCR8:K562,62,0.0016966477622264442
DGCR8:K562,63,0.0022514617082477484
DGCR8:K562,64,0.0022382156406799414
DGCR8:K562,65,0.0007575574696838672
DGCR8:K562,66,0.00028286774034880224
DGCR8:K562,67,0.00319074850944967
DGCR8:K562,68,0.0015458942692118116
DGCR8:K562,69,0.0023612853054393312
DGCR8:K562,70,0.0013469456227340748
DGCR8:K562,71,0.0010397684751688452
DGCR8:K562,72,0.00017470561988730537
DGCR8:K562,73,0.0018609623783083507
DGCR8:K562,74,0.0007479300751296325
DGCR8:K562,75,0.0014256234735213758
DGCR8:K562,76,0.0012324392432591091
DGCR8:K562,77,0.00033513059710776893
DGCR8:K562,78,0.001329556173429225
DGCR8:K562,79,0.0008663527120974512
DGCR8:K562,80,0.0009262849162721132
DGCR8:K562,81,0.0014197957270130068
DGCR8:K562,82,0.0011067621935187955
DGCR8:K562,83,0.0007286916691486844
DGCR8:K562,84,0.0015383498236047899
DGCR8:K562,85,0.000959756976588233
DGCR8:K562,86,0.0009977336072571896
DGCR8:K562,87,0.001027116316870691
DGCR8:K562,88,0.0006858448750510782
DGCR8:K562,89,0.0006531135457932269
DGCR8:K562,90,0.00036971194523027773
DGCR8:K562,91,0.0008793553177142144
DGCR8:K562,92,0.001220926890748375
DGCR8:K562,93,0.0011651422053429172
DGCR8:K562,94,0.0008650663475172626
DGCR8:K562,95,0.0008299839112808627
DGCR8:K562,96,0.000990353208341288
DGCR8:K562,97,0.0005793066747205033
DGCR8:K562,98,0.0013558968475702038
DGCR8:K562,99,0.0010525659713966906
DGCR8:K562,100,0.002290529630780802
DHX30:K562,0,0.005907412618341157
DHX30:K562,1,0.004276651728900127
DHX30:K562,2,0.010905711009153829
DHX30:K562,3,0.0059649392770352305
DHX30:K562,4,0.007179878475631729
DHX30:K562,5,0.002121258457235986
DHX30:K562,6,0.004905759236529139
DHX30:K562,7,0.00821517939831784
DHX30:K562,8,0.004232397740421501
DHX30:K562,9,0.00932609851476529
DHX30:K562,10,0.007685770887424281
DHX30:K562,11,0.008051728159504945
DHX30:K562,12,0.008388690343841487
DHX30:K562,13,0.010299996076363782
DHX30:K562,14,0.00833515328558776
DHX30:K562,15,0.005996801394001383
DHX30:K562,16,0.005144977447620769
DHX30:K562,17,0.00612999088996613
DHX30:K562,18,0.006049351158570748
DHX30:K562,19,0.014697075346858046
DHX30:K562,20,0.017600403601674697
DHX30:K562,21,0.0030925822467235964
DHX30:K562,22,0.010751354213437758
DHX30:K562,23,0.014920042996013017
DHX30:K562,24,0.006839848015850025
DHX30:K562,25,0.0032911526898931065
DHX30:K562,26,0.0137531689290884
DHX30:K562,27,0.003553317196751671
DHX30:K562,28,0.00548333752606045
DHX30:K562,29,0.012457340331238242
DHX30:K562,30,0.004560013035841304
DHX30:K562,31,0.006937073594489251
DHX30:K562,32,0.007129750921683553
DHX30:K562,33,0.009701523015988478
DHX30:K562,34,0.008029044742365654
DHX30:K562,35,0.007504594805497922
DHX30:K562,36,0.006205967028455328
DHX30:K562,37,0.008621761546180884
DHX30:K562,38,0.009377267376657894
DHX30:K562,39,0.004774848767669537
DHX30:K562,40,0.0034105378482460758
DHX30:K562,41,0.008211015031789448
DHX30:K562,42,0.014388341565023222
DHX30:K562,43,0.004965407416109402
DHX30:K562,44,0.00895627275851707
DHX30:K562,45,0.007348774528226909
DHX30:K562,46,0.003969253519628846
DHX30:K562,47,0.005887369466548109
DHX30:K562,48,0.009394880367892045
DHX30:K562,49,0.006030781353690173
DHX30:K562,50,0.006862823820882102
DHX30:K562,51,0.003427068705948333
DHX30:K562,52,0.004237260351405925
DHX30:K562,53,0.0036753671456414283
DHX30:K562,54,0.004723287150407152
DHX30:K562,55,0.00047981684479914133
DHX30:K562,56,0.004048380783052696
DHX30:K562,57,0.0025633738982541177
DHX30:K562,58,0.003360319300077741
DHX30:K562,59,0.004475035499162283
DHX30:K562,60,0.003364195461444841
DHX30:K562,61,0.0028441160358900763
DHX30:K562,62,0.003972687258888885
DHX30:K562,63,0.0018408287857922812
DHX30:K562,64,0.0069948636658970775
DHX30:K562,65,0.0011290809163206905
DHX30:K562,66,0.0013205808640095462
DHX30:K562,67,0.003637360136740986
DHX30:K562,68,0.001994149729007244
DHX30:K562,69,0.00405321372205425
DHX30:K562,70,0.002167709543464902
DHX30:K562,71,0.00027261339932871387
DHX30:K562,72,0.008527449055603209
DHX30:K562,73,0.0013262083039250472
DHX30:K562,74,0.0024259247798356087
DHX30:K562,75,0.006383959564436936
DHX30:K562,76,0.0018642501782913934
DHX30:K562,77,0.004735740157747914
DHX30:K562,78,0.0014618046274987861
DHX30:K562,79,0.0015936052875413775
DHX30:K562,80,0.0012272572305159768
DHX30:K562,81,0.0007292248628886222
DHX30:K562,82,0.001330047218891961
DHX30:K562,83,0.00035101372940982145
DHX30:K562,84,0.0007383953304256341
DHX30:K562,85,0.000932728064331978
DHX30:K562,86,0.005981372871826207
DHX30:K562,87,0.001583261593515184
DHX30:K562,88,0.0025990549127348217
DHX30:K562,89,0.00029601247362454064
DHX30:K562,90,2.2533428944537803e-05
DHX30:K562,91,0.00020572002118612875
DHX30:K562,92,0.0013164594818894093
DHX30:K562,93,0.0020495496059544926
DHX30:K562,94,0.0005318663103874854
DHX30:K562,95,0.0016830071327379459
DHX30:K562,96,0.003105155940451576
DHX30:K562,97,0.000499560074722849
DHX30:K562,98,0.001080298742962782
DHX30:K562,99,0.003812252389589932
DHX30:K562,100,0.0017994494488347001
DROSHA:HepG2,0,0.0047349067017817825
DROSHA:HepG2,1,0.003642530782651532
DROSHA:HepG2,2,0.010235616797798608
DROSHA:HepG2,3,0.003182489399212618
DROSHA:HepG2,4,0.0021211569944156183
DROSHA:HepG2,5,0.006382776349735608
DROSHA:HepG2,6,0.008744651931195224
DROSHA:HepG2,7,0.005889543995733937
DROSHA:HepG2,8,0.003357872998506539
DROSHA:HepG2,9,0.008397510919400109
DROSHA:HepG2,10,0.008221079035738987
DROSHA:HepG2,11,0.006674313565844692
DROSHA:HepG2,12,0.007191931075886893
DROSHA:HepG2,13,0.005431620988103125
DROSHA:HepG2,14,0.006928446307666869
DROSHA:HepG2,15,0.008497908047703895
DROSHA:HepG2,16,0.010268302376423177
DROSHA:HepG2,17,0.009472188080398958
DROSHA:HepG2,18,0.008601983197299212
DROSHA:HepG2,19,0.010419160548312156
DROSHA:HepG2,20,0.008984136542119048
DROSHA:HepG2,21,0.004654547007886589
DROSHA:HepG2,22,0.005578252169408104
DROSHA:HepG2,23,0.0071618714289473084
DROSHA:HepG2,24,0.009725404096253998
DROSHA:HepG2,25,0.005838462467976924
DROSHA:HepG2,26,0.008479902803696149
DROSHA:HepG2,27,0.008868931786064072
DROSHA:HepG2,28,0.012377380530474547
DROSHA:HepG2,29,0.009062025023461096
DROSHA:HepG2,30,0.00770649369443932
DROSHA:HepG2,31,0.005332996124856715
DROSHA:HepG2,32,0.009253166580757477
DROSHA:HepG2,33,0.008316677458409028
DROSHA:HepG2,34,0.005882348498266854
DROSHA:HepG2,35,0.008184124876374765
DROSHA:HepG2,36,0.006826722665051355
DROSHA:HepG2,37,0.0039121133635312555
DROSHA:HepG2,38,0.007040206101395663
DROSHA:HepG2,39,0.0059397231462277045
DROSHA:HepG2,40,0.0037286213479813535
DROSHA:HepG2,41,0.005483100921303219
DROSHA:HepG2,42,0.007817208039786472
DROSHA:HepG2,43,0.0034394134190749437
DROSHA:HepG2,44,0.0038092300176501004
DROSHA:HepG2,45,0.0019072022129607014
DROSHA:HepG2,46,0.0031202772881513408
DROSHA:HepG2,47,0.00324366532142506
DROSHA:HepG2,48,0.006170556112320313
DROSHA:HepG2,49,0.004430791470804829
DROSHA:HepG2,50,0.004751680902841615
DROSHA:HepG2,51,0.0033263659791886724
DROSHA:HepG2,52,0.00248732376209293
DROSHA:HepG2,53,0.00158564071248668
DROSHA:HepG2,54,0.0026254830689469433
DROSHA:HepG2,55,0.0022555717504229023
DROSHA:HepG2,56,0.0027181801697158114
DROSHA:HepG2,57,0.0039204613672751965
DROSHA:HepG2,58,0.0017737734493556978
DROSHA:HepG2,59,0.0020551324054909337
DROSHA:HepG2,60,0.0024057357810376434
DROSHA:HepG2,61,0.0016158658263396575
DROSHA:HepG2,62,0.0014306052432678795
DROSHA:HepG2,63,0.0015304744200421716
DROSHA:HepG2,64,0.0006455148988600001
DROSHA:HepG2,65,0.000630012281178649
DROSHA:HepG2,66,6.608430116028519e-05
DROSHA:HepG2,67,0.0011031090307135338
DROSHA:HepG2,68,0.0008872589912700679
DROSHA:HepG2,69,0.00012985580143642927
DROSHA:HepG2,70,0.0017459915827371386
DROSHA:HepG2,71,0.00031672284725314803
DROSHA:HepG2,72,0.00034123962344456693
DROSHA:HepG2,73,0.0006523929068664724
DROSHA:HepG2,74,0.00031560074794267923
DROSHA:HepG2,75,0.00019744373804819748
DROSHA:HepG2,76,0.001929265537267577
DROSHA:HepG2,77,8.774244423037647e-05
DROSHA:HepG2,78,0.0005491205294025914
DROSHA:HepG2,79,0.0011544691220753966
DROSHA:HepG2,80,0.0009704044621140495
DROSHA:HepG2,81,6.232344011525282e-05
DROSHA:HepG2,82,0.0011673520166839424
DROSHA:HepG2,83,0.0005528256384598196
DROSHA:HepG2,84,0.0015999991941508807
DROSHA:HepG2,85,0.00078480591651231
DROSHA:HepG2,86,0.002442922180257101
DROSHA:HepG2,87,0.0009498763968018853
DROSHA:HepG2,88,0.0003744609820596212
DROSHA:HepG2,89,0.0026849604889775947
DROSHA:HepG2,90,0.0006124981537716234
DROSHA:HepG2,91,0.0008064144896255954
DROSHA:HepG2,92,0.0004374347604716444
DROSHA:HepG2,93,0.0023102264012666573
DROSHA:HepG2,94,0.0022302953810370285
DROSHA:HepG2,95,0.001521836208327798
DROSHA:HepG2,96,0.00041854585690770385
DROSHA:HepG2,97,0.0027694191924056977
DROSHA:HepG2,98,0.003479696563897794
DROSHA:HepG2,99,0.003020280349247506
DROSHA:HepG2,100,0.0030495047611629467
DROSHA:K562,0,0.011611739453793901
DROSHA:K562,1,0.011428379912941766
DROSHA:K562,2,0.009950543845298254
DROSHA:K562,3,0.010336254242801157
DROSHA:K562,4,0.011597558415854192
DROSHA:K562,5,0.012796721287017365
DROSHA:K562,6,0.011287288727265699
DROSHA:K562,7,0.011386100472978833
DROSHA:K562,8,0.013055593835465285
DROSHA:K562,9,0.014474752581331574
DROSHA:K562,10,0.012322810949015106
DROSHA:K562,11,0.015023680339863676
DROSHA:K562,12,0.01198850935371798
DROSHA:K562,13,0.01291684532906845
DROSHA:K562,14,0.012890248405295068
DROSHA:K562,15,0.017127803339852976
DROSHA:K562,16,0.01395605980725656
DROSHA:K562,17,0.013923073270477815
DROSHA:K562,18,0.013104521114848389
DROSHA:K562,19,0.011902599942104963
DROSHA:K562,20,0.014885663590656573
DROSHA:K562,21,0.011785507226710124
DROSHA:K562,22,0.013095834547265928
DROSHA:K562,23,0.016637962705358444
DROSHA:K562,24,0.018848370021593452
DROSHA:K562,25,0.018185886642468896
DROSHA:K562,26,0.019751948898125704
DROSHA:K562,27,0.013802579461779652
DROSHA:K562,28,0.0100031085443959
DROSHA:K562,29,0.012498073717273628
DROSHA:K562,30,0.014289443085207187
DROSHA:K562,31,0.013297479735827067
DROSHA:K562,32,0.014311158698501636
DROSHA:K562,33,0.016638068689323937
DROSHA:K562,34,0.010114378374582733
DROSHA:K562,35,0.008096942160531917
DROSHA:K562,36,0.013373045663126693
DROSHA:K562,37,0.009121839284239042
DROSHA:K562,38,0.008753156974508514
DROSHA:K562,39,0.007111303366749477
DROSHA:K562,40,0.005223882989929596
DROSHA:K562,41,0.007477885459040934
DROSHA:K562,42,0.009524136779891612
DROSHA:K562,43,0.0064075363981132005
DROSHA:K562,44,0.00690304227799321
DROSHA:K562,45,0.011474949766059561
DROSHA:K562,46,0.006912851866581082
DROSHA:K562,47,0.00513839613586653
DROSHA:K562,48,0.007120598975791537
DROSHA:K562,49,0.005209436890887376
DROSHA:K562,50,0.001964310468456354
DROSHA:K562,51,0.004736779490489007
DROSHA:K562,52,0.004887289598791478
DROSHA:K562,53,0.0033239887246540034
DROSHA:K562,54,0.0032430957308969832
DROSHA:K562,55,0.005634539328787769
DROSHA:K562,56,0.0034781601071145474
DROSHA:K562,57,0.005311035710831358
DROSHA:K562,58,0.004991825259430316
DROSHA:K562,59,0.004140309612793436
DROSHA:K562,60,0.0051013405786575206
DROSHA:K562,61,0.001085125409213683
DROSHA:K562,62,0.003949631589828417
DROSHA:K562,63,0.0009264167612548224
DROSHA:K562,64,0.00404371311384133
DROSHA:K562,65,0.004713387981565731
DROSHA:K562,66,0.004279297671562432
DROSHA:K562,67,0.0032103000325334197
DROSHA:K562,68,0.0014532653496016623
DROSHA:K562,69,0.0012824457768270126
DROSHA:K562,70,0.003587187832490235
DROSHA:K562,71,0.0016289573706254057
DROSHA:K562,72,0.0018411274315917048
DROSHA:K562,73,0.001900372611710055
DROSHA:K562,74,0.001236675074156035
DROSHA:K562,75,0.0009000505564964456
DROSHA:K562,76,0.001441668071125446
DROSHA:K562,77,0.0020419879271715846
DROSHA:K562,78,0.0031461556199933183
DROSHA:K562,79,0.0013468708572831334
DROSHA:K562,80,0.002071896093355896
DROSHA:K562,81,0.0008564098252390462
DROSHA:K562,82,0.002460551178450898
DROSHA:K562,83,0.0030834434797930577
DROSHA:K562,84,0.0021736735347943625
DROSHA:K562,85,0.0019112816933394283
DROSHA:K562,86,0.001918396422734725
DROSHA:K562,87,0.0013682608009122355
DROSHA:K562,88,0.0014478295415673026
DROSHA:K562,89,0.0018409017155401886
DROSHA:K562,90,0.0016595076697675237
DROSHA:K562,91,0.0022704098680650375
DROSHA:K562,92,0.0038851898456957468
DROSHA:K562,93,0.003160272924721763
DROSHA:K562,94,0.0021855140690092423
DROSHA:K562,95,0.0022261602227742205
DROSHA:K562,96,0.0026187039580127802
DROSHA:K562,97,0.0011951508138084987
DROSHA:K562,98,0.0015657046073168646
DROSHA:K562,99,0.004125042121653433
DROSHA:K562,100,0.0019456502316117508
EFTUD2:HepG2,0,0.006777032433022523
EFTUD2:HepG2,1,0.007441130645646332
EFTUD2:HepG2,2,0.007201452221276439
EFTUD2:HepG2,3,0.008373031118495966
EFTUD2:HepG2,4,0.008067276670907453
EFTUD2:HepG2,5,0.006782127384199477
EFTUD2:HepG2,6,0.008564687215021571
EFTUD2:HepG2,7,0.007095941944977424
EFTUD2:HepG2,8,0.010987679664594463
EFTUD2:HepG2,9,0.0072715893638629625
EFTUD2:HepG2,10,0.008140051049450037
EFTUD2:HepG2,11,0.00839194255172071
EFTUD2:HepG2,12,0.010613177059305645
EFTUD2:HepG2,13,0.009767598063519456
EFTUD2:HepG2,14,0.010416587415280065
EFTUD2:HepG2,15,0.008652458082596737
EFTUD2:HepG2,16,0.007823879196089734
EFTUD2:HepG2,17,0.00888728818782325
EFTUD2:HepG2,18,0.011090037406488729
EFTUD2:HepG2,19,0.013619133080972623
EFTUD2:HepG2,20,0.011288268960972125
EFTUD2:HepG2,21,0.00973970141978231
EFTUD2:HepG2,22,0.011159534281387273
EFTUD2:HepG2,23,0.011229298361621676
EFTUD2:HepG2,24,0.011633109266444563
EFTUD2:HepG2,25,0.00974785681682977
EFTUD2:HepG2,26,0.01152514760483081
EFTUD2:HepG2,27,0.011009989457444691
EFTUD2:HepG2,28,0.012103470515417936
EFTUD2:HepG2,29,0.011181864122746132
EFTUD2:HepG2,30,0.011346474825583819
EFTUD2:HepG2,31,0.011321620204056693
EFTUD2:HepG2,32,0.010120993222048735
EFTUD2:HepG2,33,0.012218598951127646
EFTUD2:HepG2,34,0.010730181047296283
EFTUD2:HepG2,35,0.009014727569358283
EFTUD2:HepG2,36,0.006109968727858406
EFTUD2:HepG2,37,0.008873362180069955
EFTUD2:HepG2,38,0.007717067746463302
EFTUD2:HepG2,39,0.010409487203940637
EFTUD2:HepG2,40,0.005609590279233134
EFTUD2:HepG2,41,0.008542974814509274
EFTUD2:HepG2,42,0.007077641933907475
EFTUD2:HepG2,43,0.006607694481598481
EFTUD2:HepG2,44,0.0049338639723717215
EFTUD2:HepG2,45,0.005277286795142833
EFTUD2:HepG2,46,0.006257800977820249
EFTUD2:HepG2,47,0.00445528141543039
EFTUD2:HepG2,48,0.0040996587483795865
EFTUD2:HepG2,49,0.0034587992488128716
EFTUD2:HepG2,50,0.002598049577880901
EFTUD2:HepG2,51,0.0035133274238376977
EFTUD2:HepG2,52,0.002763790897122753
EFTUD2:HepG2,53,0.00527799172303145
EFTUD2:HepG2,54,0.00302950819395853
EFTUD2:HepG2,55,0.0050820005519813805
EFTUD2:HepG2,56,0.0022029236466460933
EFTUD2:HepG2,57,0.001958786982268701
EFTUD2:HepG2,58,0.0023785847877967337
EFTUD2:HepG2,59,0.0025850194397861737
EFTUD2:HepG2,60,0.0018225450976129265
EFTUD2:HepG2,61,0.003436183816192928
EFTUD2:HepG2,62,0.002612856766327609
EFTUD2:HepG2,63,0.001215223589645431
EFTUD2:HepG2,64,0.001744487137741113
EFTUD2:HepG2,65,0.001693052713076515
EFTUD2:HepG2,66,0.001407363050676902
EFTUD2:HepG2,67,0.001322648283700767
EFTUD2:HepG2,68,0.0007098736777342296
EFTUD2:HepG2,69,0.0017399829113020626
EFTUD2:HepG2,70,0.0012338800031669317
EFTUD2:HepG2,71,0.0010639131613501274
EFTUD2:HepG2,72,0.0010251636152009969
EFTUD2:HepG2,73,0.0015925297272145755
EFTUD2:HepG2,74,0.0005948543619775926
EFTUD2:HepG2,75,0.0008933483356667882
EFTUD2:HepG2,76,0.0012208515889642335
EFTUD2:HepG2,77,0.0006374102715356322
EFTUD2:HepG2,78,0.0005031356605318393
EFTUD2:HepG2,79,0.00044460223911113594
EFTUD2:HepG2,80,0.0002858847915524487
EFTUD2:HepG2,81,0.0008947877559993822
EFTUD2:HepG2,82,0.0006328939057577143
EFTUD2:HepG2,83,0.0007356486700043074
EFTUD2:HepG2,84,0.0009078895973428924
EFTUD2:HepG2,85,0.0008437724616534581
EFTUD2:HepG2,86,0.0021677663368843136
EFTUD2:HepG2,87,0.000340041694476656
EFTUD2:HepG2,88,0.0007298135100399783
EFTUD2:HepG2,89,0.0009180871246566857
EFTUD2:HepG2,90,0.0007078444423185282
EFTUD2:HepG2,91,0.001196191428787463
EFTUD2:HepG2,92,0.0011616316002978078
EFTUD2:HepG2,93,0.00047657135239143056
EFTUD2:HepG2,94,0.0011057651678268998
EFTUD2:HepG2,95,0.0010716082995488874
EFTUD2:HepG2,96,0.00146942559778529
EFTUD2:HepG2,97,0.0009618337387498066
EFTUD2:HepG2,98,0.0005524722582936903
EFTUD2:HepG2,99,0.0005901216419725852
EFTUD2:HepG2,100,0.0010647760244135718
EIF3H:HepG2,0,0.0007282106379542519
EIF3H:HepG2,1,0.0016468676479401978
EIF3H:HepG2,2,0.0020881115505470005
EIF3H:HepG2,3,0.0015593308668930828
EIF3H:HepG2,4,0.0009260177819179205
EIF3H:HepG2,5,0.0008078260428606709
EIF3H:HepG2,6,0.001971876426234531
EIF3H:HepG2,7,0.002286015591752899
EIF3H:HepG2,8,0.001867392087575026
EIF3H:HepG2,9,0.0007116472203370083
EIF3H:HepG2,10,0.0035909340554567404
EIF3H:HepG2,11,0.0006460845959264105
EIF3H:HepG2,12,0.0020591165498048403
EIF3H:HepG2,13,0.005135066355550277
EIF3H:HepG2,14,0.0012199333456633932
EIF3H:HepG2,15,0.0025116809450349553
EIF3H:HepG2,16,0.003316972385208228
EIF3H:HepG2,17,0.002695226786292526
EIF3H:HepG2,18,0.0027865710541055133
EIF3H:HepG2,19,0.0022905811322559977
EIF3H:HepG2,20,0.0028075791869810462
EIF3H:HepG2,21,0.00549908024717094
EIF3H:HepG2,22,0.004099820612151528
EIF3H:HepG2,23,0.003046018750386348
EIF3H:HepG2,24,0.0030595899119804093
EIF3H:HepG2,25,0.003739186227314839
EIF3H:HepG2,26,0.0022096061760139563
EIF3H:HepG2,27,0.004898705787118485
EIF3H:HepG2,28,0.001762147432911254
EIF3H:HepG2,29,0.002299607638505341
EIF3H:HepG2,30,0.003466339234711069
EIF3H:HepG2,31,0.002338577182625756
EIF3H:HepG2,32,0.0033477953922536052
EIF3H:HepG2,33,0.0019394634607834416
EIF3H:HepG2,34,0.0025561446236543883
EIF3H:HepG2,35,0.005020107160746079
EIF3H:HepG2,36,0.0027126277538669363
EIF3H:HepG2,37,0.0010038718468657892
EIF3H:HepG2,38,0.0010016797815387557
EIF3H:HepG2,39,0.0017578303514497184
EIF3H:HepG2,40,0.003812233252340369
EIF3H:HepG2,41,0.0024106305366392577
EIF3H:HepG2,42,0.003683700718492111
EIF3H:HepG2,43,0.0027318466509534955
EIF3H:HepG2,44,0.0012754366433045394
EIF3H:HepG2,45,0.004624199179436239
EIF3H:HepG2,46,0.004469627923513242
EIF3H:HepG2,47,0.0033592188951572233
EIF3H:HepG2,48,0.0042550025940647496
EIF3H:HepG2,49,0.0018367438755069188
EIF3H:HepG2,50,0.002979872573310116
EIF3H:HepG2,51,0.003327529671064422
EIF3H:HepG2,52,0.0031838554191647717
EIF3H:HepG2,53,0.0022754384184653365
EIF3H:HepG2,54,0.004609561984208144
EIF3H:HepG2,55,0.0015883270041797681
EIF3H:HepG2,56,0.002677130666699057
EIF3H:HepG2,57,0.0020201420237652146
EIF3H:HepG2,58,0.003779768522929716
EIF3H:HepG2,59,0.002529718061210051
EIF3H:HepG2,60,0.0017455462930540122
EIF3H:HepG2,61,0.004167482009065915
EIF3H:HepG2,62,0.0017501700056740122
EIF3H:HepG2,63,0.001759370581160602
EIF3H:HepG2,64,0.0017377134452853937
EIF3H:HepG2,65,0.0035050270372978254
EIF3H:HepG2,66,0.0015329577799858551
EIF3H:HepG2,67,0.0017942125708982903
EIF3H:HepG2,68,0.001976984283285521
EIF3H:HepG2,69,0.0035226651533986075
EIF3H:HepG2,70,0.0022295234984586187
EIF3H:HepG2,71,0.0032531847521858337
EIF3H:HepG2,72,0.0003872227499710501
EIF3H:HepG2,73,0.0027804019996944263
EIF3H:HepG2,74,0.001751344423670309
EIF3H:HepG2,75,0.0017434966970896193
EIF3H:HepG2,76,0.0016467358273563049
EIF3H:HepG2,77,0.0002616827405428346
EIF3H:HepG2,78,0.0022731116981918875
EIF3H:HepG2,79,0.002631111287833221
EIF3H:HepG2,80,0.0008728926206367227
EIF3H:HepG2,81,0.0005740055083477413
EIF3H:HepG2,82,0.0014046216615543061
EIF3H:HepG2,83,0.0003596292151262226
EIF3H:HepG2,84,0.0006204598435695097
EIF3H:HepG2,85,0.001336491253206784
EIF3H:HepG2,86,0.0011359338296398347
EIF3H:HepG2,87,0.0009604318029341474
EIF3H:HepG2,88,0.0008242726020659674
EIF3H:HepG2,89,0.00020353512986348576
EIF3H:HepG2,90,0.0012564137810914255
EIF3H:HepG2,91,0.001402933365518222
EIF3H:HepG2,92,0.0001395285445631167
EIF3H:HepG2,93,0.0010357525261590617
EIF3H:HepG2,94,0.0012235172896688518
EIF3H:HepG2,95,0.0006498590511251345
EIF3H:HepG2,96,0.0010213060567669796
EIF3H:HepG2,97,0.0011476282907212365
EIF3H:HepG2,98,0.0001953011049667941
EIF3H:HepG2,99,0.00024986489857314886
EIF3H:HepG2,100,0.0004920550624291087
ELAC2:K562,0,0.021006110954709722
ELAC2:K562,1,0.025802140776897575
ELAC2:K562,2,0.027975751886447298
ELAC2:K562,3,0.02509681192053992
ELAC2:K562,4,0.025633964858424618
ELAC2:K562,5,0.025644721282545246
ELAC2:K562,6,0.028278001335787728
ELAC2:K562,7,0.026671624215209855
ELAC2:K562,8,0.028948548745578395
ELAC2:K562,9,0.027969734478753838
ELAC2:K562,10,0.030438984010607517
ELAC2:K562,11,0.030147063361995574
ELAC2:K562,12,0.029820174283923917
ELAC2:K562,13,0.03171468638457309
ELAC2:K562,14,0.034346036716631945
ELAC2:K562,15,0.033398062529536476
ELAC2:K562,16,0.03176199388118506
ELAC2:K562,17,0.03525379878813806
ELAC2:K562,18,0.03568034492602534
ELAC2:K562,19,0.039620597417228454
ELAC2:K562,20,0.03850773020421139
ELAC2:K562,21,0.03576780574219074
ELAC2:K562,22,0.03893199474827069
ELAC2:K562,23,0.03932243922110645
ELAC2:K562,24,0.040377730119786515
ELAC2:K562,25,0.03969128970724034
ELAC2:K562,26,0.03874722421362675
ELAC2:K562,27,0.03997614579544351
ELAC2:K562,28,0.040026862568068866
ELAC2:K562,29,0.04167267938963937
ELAC2:K562,30,0.03933852753779821
ELAC2:K562,31,0.04184783017614779
ELAC2:K562,32,0.04007291054669748
ELAC2:K562,33,0.04153378263499141
ELAC2:K562,34,0.04477554291830621
ELAC2:K562,35,0.03928078394709211
ELAC2:K562,36,0.03872414318623563
ELAC2:K562,37,0.04036745812365594
ELAC2:K562,38,0.038377938338494566
ELAC2:K562,39,0.03682080564642942
ELAC2:K562,40,0.0398669518457575
ELAC2:K562,41,0.0414494267326464
ELAC2:K562,42,0.03671897547884995
ELAC2:K562,43,0.03632359668268992
ELAC2:K562,44,0.035712937977796066
ELAC2:K562,45,0.032572456054395516
ELAC2:K562,46,0.034642670355137684
ELAC2:K562,47,0.03129420797927995
ELAC2:K562,48,0.03671459638568397
ELAC2:K562,49,0.03232901456168302
ELAC2:K562,50,0.03153340473018751
ELAC2:K562,51,0.031094141213272364
ELAC2:K562,52,0.02729568027717133
ELAC2:K562,53,0.023271523323062704
ELAC2:K562,54,0.02408505942458794
ELAC2:K562,55,0.022274789351948487
ELAC2:K562,56,0.022163441496167113
ELAC2:K562,57,0.0242084384604615
ELAC2:K562,58,0.02479288124245449
ELAC2:K562,59,0.024444838648558287
ELAC2:K562,60,0.02451858651450134
ELAC2:K562,61,0.022350247211489815
ELAC2:K562,62,0.02028153205424288
ELAC2:K562,63,0.020009416582605688
ELAC2:K562,64,0.018312716141288155
ELAC2:K562,65,0.017105497802830993
ELAC2:K562,66,0.016827255881724956
ELAC2:K562,67,0.01683583692656876
ELAC2:K562,68,0.017020191545114915
ELAC2:K562,69,0.016576215453843357
ELAC2:K562,70,0.017663120717158032
ELAC2:K562,71,0.01662781842762029
ELAC2:K562,72,0.01456740129307077
ELAC2:K562,73,0.01520120012837256
ELAC2:K562,74,0.016310639339515487
ELAC2:K562,75,0.016995861624793163
ELAC2:K562,76,0.014235323528652755
ELAC2:K562,77,0.013838061628814957
ELAC2:K562,78,0.014265589939332246
ELAC2:K562,79,0.01533270426036415
ELAC2:K562,80,0.014715111127187042
ELAC2:K562,81,0.015058977443785482
ELAC2:K562,82,0.016978700356666154
ELAC2:K562,83,0.013639835375480969
ELAC2:K562,84,0.013493537131926137
ELAC2:K562,85,0.013365378643739989
ELAC2:K562,86,0.014914258126387692
ELAC2:K562,87,0.016102375485236076
ELAC2:K562,88,0.012200274172025294
ELAC2:K562,89,0.013957431571743673
ELAC2:K562,90,0.014764176197435752
ELAC2:K562,91,0.012880628960176166
ELAC2:K562,92,0.01417309449068338
ELAC2:K562,93,0.01537682605094548
ELAC2:K562,94,0.013753477943040826
ELAC2:K562,95,0.013522039991468504
ELAC2:K562,96,0.01410165689649201
ELAC2:K562,97,0.012790563727637982
ELAC2:K562,98,0.011541818518778335
ELAC2:K562,99,0.013703444078896787
ELAC2:K562,100,0.016592904877524628
ELAVL1:K562,0,0.03932911709020048
ELAVL1:K562,1,0.03633655187187523
ELAVL1:K562,2,0.03863968360473957
ELAVL1:K562,3,0.03991232101577913
ELAVL1:K562,4,0.04376877005773416
ELAVL1:K562,5,0.039642417276207986
ELAVL1:K562,6,0.04383383082678127
ELAVL1:K562,7,0.04663575568248912
ELAVL1:K562,8,0.04602027955321475
ELAVL1:K562,9,0.04710020670446369
ELAVL1:K562,10,0.0474714330142505
ELAVL1:K562,11,0.045920253429918234
ELAVL1:K562,12,0.04958497743403667
ELAVL1:K562,13,0.045424895518266784
ELAVL1:K562,14,0.0491494717172829
ELAVL1:K562,15,0.0410244718802667
ELAVL1:K562,16,0.044933844655123845
ELAVL1:K562,17,0.0414852305749851
ELAVL1:K562,18,0.04366783807036956
ELAVL1:K562,19,0.04057337256108118
ELAVL1:K562,20,0.04024812929397026
ELAVL1:K562,21,0.04350915843239522
ELAVL1:K562,22,0.043595463120531086
ELAVL1:K562,23,0.036456446066186254
ELAVL1:K562,24,0.03796902269903146
ELAVL1:K562,25,0.037713431192550106
ELAVL1:K562,26,0.03378657295921661
ELAVL1:K562,27,0.03482733927143955
ELAVL1:K562,28,0.029192428923655145
ELAVL1:K562,29,0.03476762710590675
ELAVL1:K562,30,0.03244024880271956
ELAVL1:K562,31,0.03770114501558164
ELAVL1:K562,32,0.038931605751273635
ELAVL1:K562,33,0.03828262253840342
ELAVL1:K562,34,0.031389972371917985
ELAVL1:K562,35,0.03572326514538915
ELAVL1:K562,36,0.03354744124699116
ELAVL1:K562,37,0.032813687523491564
ELAVL1:K562,38,0.032588341295564094
ELAVL1:K562,39,0.03419633587539428
ELAVL1:K562,40,0.03263931676746701
ELAVL1:K562,41,0.034620402058365696
ELAVL1:K562,42,0.033072646001696016
ELAVL1:K562,43,0.030476460786428294
ELAVL1:K562,44,0.028031083460912654
ELAVL1:K562,45,0.026931982055140136
ELAVL1:K562,46,0.022960675193967717
ELAVL1:K562,47,0.019806385959577066
ELAVL1:K562,48,0.017455982825188787
ELAVL1:K562,49,0.01314813312851959
ELAVL1:K562,50,0.012875115750169752
ELAVL1:K562,51,0.013132726039299492
ELAVL1:K562,52,0.013363932308110615
ELAVL1:K562,53,0.011973190979783666
ELAVL1:K562,54,0.011965087176710298
ELAVL1:K562,55,0.009704116348507208
ELAVL1:K562,56,0.011760169218231642
ELAVL1:K562,57,0.012835470419723993
ELAVL1:K562,58,0.013792195044137756
ELAVL1:K562,59,0.01204362723413177
ELAVL1:K562,60,0.009734413313412515
ELAVL1:K562,61,0.0095072231976987
ELAVL1:K562,62,0.013520115448813597
ELAVL1:K562,63,0.013778310407060346
ELAVL1:K562,64,0.010458232672666545
ELAVL1:K562,65,0.010370709932474131
ELAVL1:K562,66,0.010098940616143914
ELAVL1:K562,67,0.012790042354215325
ELAVL1:K562,68,0.010531770053970435
ELAVL1:K562,69,0.010432605454393284
ELAVL1:K562,70,0.011580184639596758
ELAVL1:K562,71,0.009553911185052
ELAVL1:K562,72,0.007791034395204233
ELAVL1:K562,73,0.0074482662007284706
ELAVL1:K562,74,0.00784818358602779
ELAVL1:K562,75,0.006496015802984201
ELAVL1:K562,76,0.006489857110022035
ELAVL1:K562,77,0.008380774512041334
ELAVL1:K562,78,0.009219258790632234
ELAVL1:K562,79,0.0063456802280201785
ELAVL1:K562,80,0.007000424082949319
ELAVL1:K562,81,0.006599027608866215
ELAVL1:K562,82,0.0077057233266452085
ELAVL1:K562,83,0.0055938961079726734
ELAVL1:K562,84,0.006566568996270616
ELAVL1:K562,85,0.006167986398802894
ELAVL1:K562,86,0.005147895610717934
ELAVL1:K562,87,0.005612741145391231
ELAVL1:K562,88,0.005589435247115304
ELAVL1:K562,89,0.005446848281590366
ELAVL1:K562,90,0.0067310958858251
ELAVL1:K562,91,0.006590189386067591
ELAVL1:K562,92,0.005986114589298541
ELAVL1:K562,93,0.0073741265244335885
ELAVL1:K562,94,0.0066002676758820655
ELAVL1:K562,95,0.005678025602470438
ELAVL1:K562,96,0.00502555443165098
ELAVL1:K562,97,0.005507324070183284
ELAVL1:K562,98,0.00643144018673103
ELAVL1:K562,99,0.0040745826637469396
ELAVL1:K562,100,0.004743567330320109
EXOSC5:HepG2,0,0.018098393020891557
EXOSC5:HepG2,1,0.008977559123527157
EXOSC5:HepG2,2,0.009569003681192512
EXOSC5:HepG2,3,0.014218000456159507
EXOSC5:HepG2,4,0.013833328386854471
EXOSC5:HepG2,5,0.014517030266410602
EXOSC5:HepG2,6,0.01503243090054962
EXOSC5:HepG2,7,0.011007010000178896
EXOSC5:HepG2,8,0.022702533793243718
EXOSC5:HepG2,9,0.014086040793375831
EXOSC5:HepG2,10,0.012361681454979068
EXOSC5:HepG2,11,0.01896557032403423
EXOSC5:HepG2,12,0.021230240250603605
EXOSC5:HepG2,13,0.031200083307989734
EXOSC5:HepG2,14,0.029428262305546404
EXOSC5:HepG2,15,0.014373552775487686
EXOSC5:HepG2,16,0.01605541749580308
EXOSC5:HepG2,17,0.011459599238775153
EXOSC5:HepG2,18,0.007800958755753262
EXOSC5:HepG2,19,0.023113549581924575
EXOSC5:HepG2,20,0.02663856076295157
EXOSC5:HepG2,21,0.02670416282050614
EXOSC5:HepG2,22,0.02536535494013792
EXOSC5:HepG2,23,0.015332636142058154
EXOSC5:HepG2,24,0.01732306389640681
EXOSC5:HepG2,25,0.020080078653739175
EXOSC5:HepG2,26,0.029876065325174395
EXOSC5:HepG2,27,0.024042549986887818
EXOSC5:HepG2,28,0.02051521434999881
EXOSC5:HepG2,29,0.035587318781851285
EXOSC5:HepG2,30,0.02239336300878869
EXOSC5:HepG2,31,0.0189481238916821
EXOSC5:HepG2,32,0.0294501468787407
EXOSC5:HepG2,33,0.017259031744088826
EXOSC5:HepG2,34,0.014845056514744992
EXOSC5:HepG2,35,0.021678002251138473
EXOSC5:HepG2,36,0.01981090722871237
EXOSC5:HepG2,37,0.01959781010261863
EXOSC5:HepG2,38,0.01761633946953589
EXOSC5:HepG2,39,0.011674068578526486
EXOSC5:HepG2,40,0.030220422459530383
EXOSC5:HepG2,41,0.009516452531189157
EXOSC5:HepG2,42,0.006831217066902928
EXOSC5:HepG2,43,0.019136301945021472
EXOSC5:HepG2,44,0.021500478180983995
EXOSC5:HepG2,45,0.025339656782088382
EXOSC5:HepG2,46,0.015223775091702585
EXOSC5:HepG2,47,0.019735683806582527
EXOSC5:HepG2,48,0.018917056185874692
EXOSC5:HepG2,49,0.00954351841441059
EXOSC5:HepG2,50,0.014032469412694426
EXOSC5:HepG2,51,0.015633395020308583
EXOSC5:HepG2,52,0.0172939394428806
EXOSC5:HepG2,53,0.01878228746387056
EXOSC5:HepG2,54,0.026538267565521245
EXOSC5:HepG2,55,0.016935852410755348
EXOSC5:HepG2,56,0.029404438643161557
EXOSC5:HepG2,57,0.012070110451651628
EXOSC5:HepG2,58,0.0329798740415036
EXOSC5:HepG2,59,0.01145487697064973
EXOSC5:HepG2,60,0.022114040338495178
EXOSC5:HepG2,61,0.02857599951233092
EXOSC5:HepG2,62,0.026383679198337395
EXOSC5:HepG2,63,0.020492076140240068
EXOSC5:HepG2,64,0.019072195494638233
EXOSC5:HepG2,65,0.022045626344933678
EXOSC5:HepG2,66,0.008170291830087772
EXOSC5:HepG2,67,0.02382677153656787
EXOSC5:HepG2,68,0.018926211125520176
EXOSC5:HepG2,69,0.011638326161194423
EXOSC5:HepG2,70,0.007344735694462923
EXOSC5:HepG2,71,0.018441788701593076
EXOSC5:HepG2,72,0.03024116669687349
EXOSC5:HepG2,73,0.01990770159576405
EXOSC5:HepG2,74,0.01677174325514552
EXOSC5:HepG2,75,0.020517155835096168
EXOSC5:HepG2,76,0.023977074750072713
EXOSC5:HepG2,77,0.023956172343462145
EXOSC5:HepG2,78,0.01372448593362674
EXOSC5:HepG2,79,0.015815613394884243
EXOSC5:HepG2,80,0.022633058814965246
EXOSC5:HepG2,81,0.011636868801080058
EXOSC5:HepG2,82,0.02433920568364678
EXOSC5:HepG2,83,0.017959360029722315
EXOSC5:HepG2,84,0.012537521825666809
EXOSC5:HepG2,85,0.012757944447849945
EXOSC5:HepG2,86,0.028034760684359172
EXOSC5:HepG2,87,0.015501221423244838
EXOSC5:HepG2,88,0.03441402459104115
EXOSC5:HepG2,89,0.02800970963409055
EXOSC5:HepG2,90,0.01646959599142106
EXOSC5:HepG2,91,0.01141440749992606
EXOSC5:HepG2,92,0.007309642329627053
EXOSC5:HepG2,93,0.007498045268971465
EXOSC5:HepG2,94,0.01127488724500969
EXOSC5:HepG2,95,0.012846194604706818
EXOSC5:HepG2,96,0.014384770204833974
EXOSC5:HepG2,97,0.017483355890222207
EXOSC5:HepG2,98,0.027522703428051076
EXOSC5:HepG2,99,0.011642039229412315
EXOSC5:HepG2,100,0.012830650727925885
FASTKD2:HepG2,0,0.005960517947017574
FASTKD2:HepG2,1,0.004988728803153264
FASTKD2:HepG2,2,0.008086823389636955
FASTKD2:HepG2,3,0.017104715941130055
FASTKD2:HepG2,4,0.01107320356635444
FASTKD2:HepG2,5,0.01064568656427567
FASTKD2:HepG2,6,0.006356601428636033
FASTKD2:HepG2,7,0.015851135348596945
FASTKD2:HepG2,8,0.00776536168406361
FASTKD2:HepG2,9,0.015682801180538775
FASTKD2:HepG2,10,0.013186510556321807
FASTKD2:HepG2,11,0.00880758313377672
FASTKD2:HepG2,12,0.010839283747585915
FASTKD2:HepG2,13,0.011398636189251965
FASTKD2:HepG2,14,0.00905176574673816
FASTKD2:HepG2,15,0.012169440334608872
FASTKD2:HepG2,16,0.015296233982627028
FASTKD2:HepG2,17,0.009077081241926743
FASTKD2:HepG2,18,0.014045593472103102
FASTKD2:HepG2,19,0.016637150817719104
FASTKD2:HepG2,20,0.016668681772679106
FASTKD2:HepG2,21,0.011081435435953524
FASTKD2:HepG2,22,0.015331638101797163
FASTKD2:HepG2,23,0.015507312301568432
FASTKD2:HepG2,24,0.01220599726156435
FASTKD2:HepG2,25,0.01804184342410764
FASTKD2:HepG2,26,0.015161813936600654
FASTKD2:HepG2,27,0.02241842273654715
FASTKD2:HepG2,28,0.009853261450458284
FASTKD2:HepG2,29,0.011158711328563609
FASTKD2:HepG2,30,0.015401215586719808
FASTKD2:HepG2,31,0.02299825755467233
FASTKD2:HepG2,32,0.013312425965297803
FASTKD2:HepG2,33,0.006118255934763228
FASTKD2:HepG2,34,0.01094073667449691
FASTKD2:HepG2,35,0.011243820319810527
FASTKD2:HepG2,36,0.005121936670660632
FASTKD2:HepG2,37,0.012490149828347175
FASTKD2:HepG2,38,0.008715330306799496
FASTKD2:HepG2,39,0.00692395861261863
FASTKD2:HepG2,40,0.017522991587763492
FASTKD2:HepG2,41,0.010976120699813796
FASTKD2:HepG2,42,0.0069066722131165825
FASTKD2:HepG2,43,0.008792946713650163
FASTKD2:HepG2,44,0.00930306806681791
FASTKD2:HepG2,45,0.011880716584423356
FASTKD2:HepG2,46,0.013039900697784601
FASTKD2:HepG2,47,0.005868403247900833
FASTKD2:HepG2,48,0.009084016813154738
FASTKD2:HepG2,49,0.01708313322316346
FASTKD2:HepG2,50,0.003849575182909626
FASTKD2:HepG2,51,0.00819949820498489
FASTKD2:HepG2,52,0.01026933156845733
FASTKD2:HepG2,53,0.006531999801500765
FASTKD2:HepG2,54,0.012182516315834113
FASTKD2:HepG2,55,0.006026789270155208
FASTKD2:HepG2,56,0.003728721379817612
FASTKD2:HepG2,57,0.005498192280192327
FASTKD2:HepG2,58,0.003435614287067401
FASTKD2:HepG2,59,0.010107105144762096
FASTKD2:HepG2,60,0.011255763807805241
FASTKD2:HepG2,61,0.0010334398825818658
FASTKD2:HepG2,62,0.004288297343419067
FASTKD2:HepG2,63,0.008687758915784771
FASTKD2:HepG2,64,0.007975646791173685
FASTKD2:HepG2,65,0.004494123705276021
FASTKD2:HepG2,66,0.005086490022857548
FASTKD2:HepG2,67,0.0076145594486013435
FASTKD2:HepG2,68,0.0020274923992290583
FASTKD2:HepG2,69,0.007285990299750078
FASTKD2:HepG2,70,0.0029747379128907125
FASTKD2:HepG2,71,0.004970423717344241
FASTKD2:HepG2,72,0.0045868790817009675
FASTKD2:HepG2,73,0.0020353742888776782
FASTKD2:HepG2,74,0.0019763126494966032
FASTKD2:HepG2,75,0.006767934368759665
FASTKD2:HepG2,76,0.004734884829544428
FASTKD2:HepG2,77,0.0010456292273011147
FASTKD2:HepG2,78,0.0035716200670894427
FASTKD2:HepG2,79,0.003082786180497732
FASTKD2:HepG2,80,0.0038227948647079346
FASTKD2:HepG2,81,0.0033026234847930436
FASTKD2:HepG2,82,0.001843412422703139
FASTKD2:HepG2,83,0.0007999291281912679
FASTKD2:HepG2,84,0.00045131444400037246
FASTKD2:HepG2,85,0.002148251526593814
FASTKD2:HepG2,86,0.0030750122532516855
FASTKD2:HepG2,87,0.0030809218732721355
FASTKD2:HepG2,88,0.002918414028689642
FASTKD2:HepG2,89,0.012512134034196487
FASTKD2:HepG2,90,0.0016424046468650477
FASTKD2:HepG2,91,0.0001547299992954443
FASTKD2:HepG2,92,0.0018812037846263063
FASTKD2:HepG2,93,0.0046200130729016076
FASTKD2:HepG2,94,0.005853836165170656
FASTKD2:HepG2,95,0.0018989248157830207
FASTKD2:HepG2,96,0.005485174995241593
FASTKD2:HepG2,97,0.006550799393001183
FASTKD2:HepG2,98,0.0029379561020500544
FASTKD2:HepG2,99,0.005642330182953348
FASTKD2:HepG2,100,0.0038505823244945336
FASTKD2:K562,0,0.024773790354053027
FASTKD2:K562,1,0.05270798487268202
FASTKD2:K562,2,0.03593211151638509
FASTKD2:K562,3,0.029648989782289692
FASTKD2:K562,4,0.05829842946499064
FASTKD2:K562,5,0.03646741120766939
FASTKD2:K562,6,0.03402799584534533
FASTKD2:K562,7,0.04210481260960419
FASTKD2:K562,8,0.04644144164352593
FASTKD2:K562,9,0.05553807427056723
FASTKD2:K562,10,0.03788064070978614
FASTKD2:K562,11,0.04251615445991963
FASTKD2:K562,12,0.03441804084943856
FASTKD2:K562,13,0.03443565662343817
FASTKD2:K562,14,0.06598182464920155
FASTKD2:K562,15,0.043960775508859906
FASTKD2:K562,16,0.04084962468562825
FASTKD2:K562,17,0.048419809753818766
FASTKD2:K562,18,0.045819322636275306
FASTKD2:K562,19,0.041422381409750075
FASTKD2:K562,20,0.04473163648998757
FASTKD2:K562,21,0.058577583867524985
FASTKD2:K562,22,0.05198069699669028
FASTKD2:K562,23,0.049970193326752455
FASTKD2:K562,24,0.05724365493853245
FASTKD2:K562,25,0.04121105789569801
FASTKD2:K562,26,0.06332688490243366
FASTKD2:K562,27,0.03632618549864963
FASTKD2:K562,28,0.05063069143767107
FASTKD2:K562,29,0.05408597739774079
FASTKD2:K562,30,0.04846537566139719
FASTKD2:K562,31,0.050125895425587874
FASTKD2:K562,32,0.04101758261747479
FASTKD2:K562,33,0.03899738851591683
FASTKD2:K562,34,0.03984034371761502
FASTKD2:K562,35,0.04173462819883267
FASTKD2:K562,36,0.03378737168916246
FASTKD2:K562,37,0.0359008753098502
FASTKD2:K562,38,0.040624955248805716
FASTKD2:K562,39,0.038615883674460894
FASTKD2:K562,40,0.02820257149560934
FASTKD2:K562,41,0.028270727967607434
FASTKD2:K562,42,0.028368393812171933
FASTKD2:K562,43,0.022991279821112265
FASTKD2:K562,44,0.02389433229687965
FASTKD2:K562,45,0.03166320049101945
FASTKD2:K562,46,0.01482219353355918
FASTKD2:K562,47,0.02356411936518199
FASTKD2:K562,48,0.03740629830332609
FASTKD2:K562,49,0.028803815354075946
FASTKD2:K562,50,0.02486850468028301
FASTKD2:K562,51,0.02314960551064038
FASTKD2:K562,52,0.019358000273034026
FASTKD2:K562,53,0.03674674477359119
FASTKD2:K562,54,0.02833669147947404
FASTKD2:K562,55,0.01718948809316434
FASTKD2:K562,56,0.029566875348156385
FASTKD2:K562,57,0.025457126451421397
FASTKD2:K562,58,0.010429651259617811
FASTKD2:K562,59,0.0258727630465585
FASTKD2:K562,60,0.009071543203263754
FASTKD2:K562,61,0.002743146216506398
FASTKD2:K562,62,0.022582624144402708
FASTKD2:K562,63,0.007234054373742915
FASTKD2:K562,64,0.011541499075284234
FASTKD2:K562,65,0.015758753441905027
FASTKD2:K562,66,0.008690851391612298
FASTKD2:K562,67,0.017231159095293935
FASTKD2:K562,68,0.01090112920111408
FASTKD2:K562,69,0.012405411572600777
FASTKD2:K562,70,0.021093429149873888
FASTKD2:K562,71,0.01845394089594954
FASTKD2:K562,72,0.009570394620343259
FASTKD2:K562,73,0.01563432080753302
FASTKD2:K562,74,0.008671905438202288
FASTKD2:K562,75,0.010386564538423348
FASTKD2:K562,76,0.018996243056857764
FASTKD2:K562,77,0.005405179948411054
FASTKD2:K562,78,0.0026444447559563766
FASTKD2:K562,79,0.00794284851182081
FASTKD2:K562,80,0.01047802925716601
FASTKD2:K562,81,0.004792622599651408
FASTKD2:K562,82,0.0070483241868695146
FASTKD2:K562,83,0.006504972155007782
FASTKD2:K562,84,0.02290660945095213
FASTKD2:K562,85,0.008247919652014879
FASTKD2:K562,86,0.013268860351834944
FASTKD2:K562,87,0.003216409788376229
FASTKD2:K562,88,0.008758799697833553
FASTKD2:K562,89,0.008942893019885712
FASTKD2:K562,90,0.005902474209467434
FASTKD2:K562,91,0.023631223216358688
FASTKD2:K562,92,0.005208346744612791
FASTKD2:K562,93,0.017738651356180135
FASTKD2:K562,94,0.008987783729783039
FASTKD2:K562,95,0.0034614981240214115
FASTKD2:K562,96,0.01744835537261691
FASTKD2:K562,97,0.014797967946301949
FASTKD2:K562,98,0.020092385787508715
FASTKD2:K562,99,0.02491794135431802
FASTKD2:K562,100,0.004518883122042627
FKBP4:HepG2,0,0.0042978658777272916
FKBP4:HepG2,1,0.001877393411812145
FKBP4:HepG2,2,0.005013678445851211
FKBP4:HepG2,3,0.0031579000212139663
FKBP4:HepG2,4,0.003749888128622425
FKBP4:HepG2,5,0.010057056635615735
FKBP4:HepG2,6,0.007292988422288205
FKBP4:HepG2,7,0.004956877858613651
FKBP4:HepG2,8,0.005330456037408227
FKBP4:HepG2,9,0.003273898408744591
FKBP4:HepG2,10,0.008324884588645887
FKBP4:HepG2,11,0.011574368982110061
FKBP4:HepG2,12,0.009053490698758604
FKBP4:HepG2,13,0.006906611709141197
FKBP4:HepG2,14,0.007651300327311095
FKBP4:HepG2,15,0.009064121899360567
FKBP4:HepG2,16,0.006701238881597349
FKBP4:HepG2,17,0.017532284976517598
FKBP4:HepG2,18,0.019497425601827323
FKBP4:HepG2,19,0.018428237025056915
FKBP4:HepG2,20,0.01992661081763991
FKBP4:HepG2,21,0.015513900998693542
FKBP4:HepG2,22,0.017182056611044327
FKBP4:HepG2,23,0.0127619690854055
FKBP4:HepG2,24,0.012937553951372638
FKBP4:HepG2,25,0.015275693776532595
FKBP4:HepG2,26,0.015220206157012472
FKBP4:HepG2,27,0.029537015311413062
FKBP4:HepG2,28,0.029205756815768535
FKBP4:HepG2,29,0.03394480632154284
FKBP4:HepG2,30,0.025892161222326182
FKBP4:HepG2,31,0.02753823935134969
FKBP4:HepG2,32,0.021026354498491995
FKBP4:HepG2,33,0.027887427681685284
FKBP4:HepG2,34,0.015865245051306376
FKBP4:HepG2,35,0.023060890218257635
FKBP4:HepG2,36,0.025351069703777096
FKBP4:HepG2,37,0.019135249482075345
FKBP4:HepG2,38,0.023450599891541746
FKBP4:HepG2,39,0.013402656330188112
FKBP4:HepG2,40,0.01413779433923823
FKBP4:HepG2,41,0.019714620146944917
FKBP4:HepG2,42,0.014953916548359314
FKBP4:HepG2,43,0.016493590394279334
FKBP4:HepG2,44,0.018349890106334255
FKBP4:HepG2,45,0.014051611656020535
FKBP4:HepG2,46,0.008933760273974745
FKBP4:HepG2,47,0.017487437276325957
FKBP4:HepG2,48,0.016785807591647828
FKBP4:HepG2,49,0.011064967111631407
FKBP4:HepG2,50,0.012328940111728803
FKBP4:HepG2,51,0.011810625793678642
FKBP4:HepG2,52,0.013896499322187172
FKBP4:HepG2,53,0.011796972763976732
FKBP4:HepG2,54,0.009735145422446578
FKBP4:HepG2,55,0.008520143056060081
FKBP4:HepG2,56,0.005921924381961707
FKBP4:HepG2,57,0.0058288321752814065
FKBP4:HepG2,58,0.002702883374898102
FKBP4:HepG2,59,0.009538190667274349
FKBP4:HepG2,60,0.0076716353535224435
FKBP4:HepG2,61,0.0021094814088845615
FKBP4:HepG2,62,0.006808325511771907
FKBP4:HepG2,63,0.005595452192979633
FKBP4:HepG2,64,0.006208404965060588
FKBP4:HepG2,65,0.0025396631220486743
FKBP4:HepG2,66,0.002527931187199406
FKBP4:HepG2,67,0.0029139029670069982
FKBP4:HepG2,68,0.003977614809144714
FKBP4:HepG2,69,0.0013020366129133931
FKBP4:HepG2,70,0.005117629661454681
FKBP4:HepG2,71,0.0012791045088709208
FKBP4:HepG2,72,0.0005148242701664696
FKBP4:HepG2,73,0.0030962914607224334
FKBP4:HepG2,74,0.004183700505490995
FKBP4:HepG2,75,0.004047420658107148
FKBP4:HepG2,76,0.000685150587481087
FKBP4:HepG2,77,0.00035641287546317457
FKBP4:HepG2,78,0.0026709662919930377
FKBP4:HepG2,79,0.001951448625776342
FKBP4:HepG2,80,0.0033974517695466444
FKBP4:HepG2,81,0.0020178853811195774
FKBP4:HepG2,82,0.0020504603503457286
FKBP4:HepG2,83,0.001862094315301932
FKBP4:HepG2,84,0.0006159987858164184
FKBP4:HepG2,85,0.002014756580022592
FKBP4:HepG2,86,0.003197775513108736
FKBP4:HepG2,87,0.0015202311153974524
FKBP4:HepG2,88,0.0022808888068549527
FKBP4:HepG2,89,0.00046864723730033475
FKBP4:HepG2,90,0.0009912720661715557
FKBP4:HepG2,91,0.001251350493409964
FKBP4:HepG2,92,0.0039197419320032845
FKBP4:HepG2,93,0.0014954276077081552
FKBP4:HepG2,94,0.0034283557478249627
FKBP4:HepG2,95,0.003217727125851999
FKBP4:HepG2,96,0.0003582585015374784
FKBP4:HepG2,97,0.0037486429809514554
FKBP4:HepG2,98,0.001619559972932172
FKBP4:HepG2,99,0.0008825172485088517
FKBP4:HepG2,100,0.0006718404098469133
FMR1:K562,0,0.0006825717624735494
FMR1:K562,1,3.38467965700362e-05
FMR1:K562,2,0.00016567411890489048
FMR1:K562,3,0.00033606403158348286
FMR1:K562,4,0.00035365303505885404
FMR1:K562,5,0.000568453004520908
FMR1:K562,6,0.001051554993917847
FMR1:K562,7,3.7134249943227005e-05
FMR1:K562,8,0.00013113061658076575
FMR1:K562,9,0.0005926366585184972
FMR1:K562,10,0.00023823232424424745
FMR1:K562,11,0.0006643361688432048
FMR1:K562,12,0.00036084561608995536
FMR1:K562,13,0.0005764886040658945
FMR1:K562,14,0.001820887134189375
FMR1:K562,15,0.0005389192548053146
FMR1:K562,16,0.0008746943204058777
FMR1:K562,17,0.00037506064859538224
FMR1:K562,18,0.0003515334574307749
FMR1:K562,19,0.000504244344556426
FMR1:K562,20,0.00038355343400853226
FMR1:K562,21,0.0008537750868446992
FMR1:K562,22,0.00028648227178174057
FMR1:K562,23,0.0015923114174651865
FMR1:K562,24,0.0014028502759316774
FMR1:K562,25,0.0005740018934732305
FMR1:K562,26,0.0013567870697868134
FMR1:K562,27,0.00024926344252329535
FMR1:K562,28,0.0009415559093115533
FMR1:K562,29,0.001585766184092896
FMR1:K562,30,0.00047028669126114586
FMR1:K562,31,0.00221739901139828
FMR1:K562,32,0.0005346122853343571
FMR1:K562,33,0.0006957895055070829
FMR1:K562,34,0.001116154488925325
FMR1:K562,35,0.0011033900024345344
FMR1:K562,36,0.001823521275264639
FMR1:K562,37,0.0023929865441232323
FMR1:K562,38,0.00249583851027102
FMR1:K562,39,0.003002511711420519
FMR1:K562,40,0.0018585938153423687
FMR1:K562,41,0.0015282853024612963
FMR1:K562,42,0.00338978437070947
FMR1:K562,43,0.003973630705718212
FMR1:K562,44,0.0026402563643405097
FMR1:K562,45,0.0038403731357509185
FMR1:K562,46,0.004334652028283648
FMR1:K562,47,0.007211459202995263
FMR1:K562,48,0.0038999505582528737
FMR1:K562,49,0.005337032217388793
FMR1:K562,50,0.0023899301512469995
FMR1:K562,51,0.004791927302473242
FMR1:K562,52,0.004711360427024247
FMR1:K562,53,0.004728849797739576
FMR1:K562,54,0.0022541266902430523
FMR1:K562,55,0.003280378422793495
FMR1:K562,56,0.001528249084272626
FMR1:K562,57,0.004942878503835901
FMR1:K562,58,0.002411597959744771
FMR1:K562,59,0.0024086491875321414
FMR1:K562,60,0.00158319510526439
FMR1:K562,61,0.0005851502925203755
FMR1:K562,62,0.0021327371347724666
FMR1:K562,63,0.001987136207934781
FMR1:K562,64,0.0012113625773157999
FMR1:K562,65,0.0014582824378767123
FMR1:K562,66,0.00033346962252145396
FMR1:K562,67,0.0009183765131247634
FMR1:K562,68,0.0006383644555059131
FMR1:K562,69,0.00019996232687991
FMR1:K562,70,0.0010977261670634952
FMR1:K562,71,0.0005503534699921042
FMR1:K562,72,0.00010589555408768714
FMR1:K562,73,0.0007736320289507548
FMR1:K562,74,0.00035282180651530215
FMR1:K562,75,0.0011536460954164607
FMR1:K562,76,0.00030566808084353525
FMR1:K562,77,0.0005370709861042267
FMR1:K562,78,0.00034102648302269944
FMR1:K562,79,0.0007568309996119904
FMR1:K562,80,0.0009289907544633991
FMR1:K562,81,0.0008105931270723232
FMR1:K562,82,0.000332776018908465
FMR1:K562,83,0.0007804485710029008
FMR1:K562,84,0.00030937584370738236
FMR1:K562,85,0.00017415941718412764
FMR1:K562,86,0.0009319116651373971
FMR1:K562,87,0.00036282179411673
FMR1:K562,88,0.0011174633705116621
FMR1:K562,89,0.0011703710014925317
FMR1:K562,90,0.00020884981475499664
FMR1:K562,91,0.0008870992635351405
FMR1:K562,92,0.0017100786223668285
FMR1:K562,93,0.0007844205204514676
FMR1:K562,94,0.000656255036839859
FMR1:K562,95,0.001104697457947612
FMR1:K562,96,0.0006088642357040541
FMR1:K562,97,0.0006388500521612439
FMR1:K562,98,0.0019151527178357108
FMR1:K562,99,0.0005667773915197793
FMR1:K562,100,0.0011851454494278268
FXR1:K562,0,0.0007364663537519078
FXR1:K562,1,0.00044193014331672664
FXR1:K562,2,0.00037702882454626607
FXR1:K562,3,0.002930770157194784
FXR1:K562,4,0.0003703474019891573
FXR1:K562,5,0.0002425433610859784
FXR1:K562,6,0.00144921932538844
FXR1:K562,7,0.000725392351770493
FXR1:K562,8,0.0016078459606989615
FXR1:K562,9,0.0004583567834883784
FXR1:K562,10,0.0011459039440815388
FXR1:K562,11,0.0024079465747474105
FXR1:K562,12,0.0014317918175802413
FXR1:K562,13,0.0011942961903143035
FXR1:K562,14,0.0025914476397713715
FXR1:K562,15,0.00010248056841588582
FXR1:K562,16,0.0016180219509274174
FXR1:K562,17,0.0023778162898275834
FXR1:K562,18,0.0026722587344697457
FXR1:K562,19,0.0009275120094185407
FXR1:K562,20,0.0018506904158930304
FXR1:K562,21,0.0012925695488481548
FXR1:K562,22,0.000765845095930251
FXR1:K562,23,0.0015643545661687686
FXR1:K562,24,0.00422566189012219
FXR1:K562,25,0.000995274107288946
FXR1:K562,26,0.0007499177036807136
FXR1:K562,27,0.0004563077317500941
FXR1:K562,28,0.004167844506475005
FXR1:K562,29,0.002110053509706833
FXR1:K562,30,0.0017799513376557385
FXR1:K562,31,0.0008749813033456233
FXR1:K562,32,0.0005929176420352844
FXR1:K562,33,0.00016190678365213262
FXR1:K562,34,0.00363555664406523
FXR1:K562,35,0.001582006802539837
FXR1:K562,36,0.0018303084050605989
FXR1:K562,37,0.0006044802722682263
FXR1:K562,38,0.0016538760388679075
FXR1:K562,39,0.000915751997215053
FXR1:K562,40,0.0005483869914291173
FXR1:K562,41,0.00030965313076691814
FXR1:K562,42,0.0005226397623880885
FXR1:K562,43,0.0002040263113861629
FXR1:K562,44,0.0008439714966006484
FXR1:K562,45,0.003297739711891623
FXR1:K562,46,0.0016522917217098865
FXR1:K562,47,0.0002192777434466553
FXR1:K562,48,0.0012324984432146024
FXR1:K562,49,0.0020171897502150316
FXR1:K562,50,0.0015727495298548666
FXR1:K562,51,0.0011987342252290922
FXR1:K562,52,0.0007249453129680727
FXR1:K562,53,0.0021875795483178306
FXR1:K562,54,0.001198110486392956
FXR1:K562,55,0.0017702557468877167
FXR1:K562,56,0.002809934269388914
FXR1:K562,57,0.005404147158465489
FXR1:K562,58,0.0014881667867487902
FXR1:K562,59,0.0031111665525780374
FXR1:K562,60,0.0005148776833201474
FXR1:K562,61,0.00016919122788294771
FXR1:K562,62,0.0004952704076355285
FXR1:K562,63,0.0011385223786017917
FXR1:K562,64,0.0005515084204316123
FXR1:K562,65,0.0021156242888038523
FXR1:K562,66,0.0001889415966798147
FXR1:K562,67,0.001683822431241433
FXR1:K562,68,0.0014908348940922966
FXR1:K562,69,0.0006242504411745342
FXR1:K562,70,0.000201053090310932
FXR1:K562,71,0.0008587383664838688
FXR1:K562,72,0.001420252129900046
FXR1:K562,73,0.000159490527865902
FXR1:K562,74,0.0033176930304176233
FXR1:K562,75,0.0008395833278130871
FXR1:K562,76,0.00039075660706178184
FXR1:K562,77,0.0004076480681318717
FXR1:K562,78,0.0009668765603119134
FXR1:K562,79,0.0008417407155451029
FXR1:K562,80,0.0005686357648587714
FXR1:K562,81,0.001627695298591525
FXR1:K562,82,0.0014298869396154323
FXR1:K562,83,0.0012999789370118364
FXR1:K562,84,0.00025960274254188676
FXR1:K562,85,0.0004137087099281844
FXR1:K562,86,0.0009529135682014855
FXR1:K562,87,0.002385999581103082
FXR1:K562,88,0.0007130885899959694
FXR1:K562,89,0.0025453636120752465
FXR1:K562,90,0.0032243896763461954
FXR1:K562,91,0.0020378832986311934
FXR1:K562,92,0.0014452637860835615
FXR1:K562,93,0.0015932011847110683
FXR1:K562,94,0.003071616186049453
FXR1:K562,95,0.0014154580535887806
FXR1:K562,96,0.002884625684350217
FXR1:K562,97,0.0017998731892707731
FXR1:K562,98,0.0006086620520782127
FXR1:K562,99,0.0014966323508391888
FXR1:K562,100,0.001823189567874639
FXR2:K562,0,0.0006343554928953665
FXR2:K562,1,0.0008021133660629509
FXR2:K562,2,0.0013490765511673386
FXR2:K562,3,0.0011356738115201326
FXR2:K562,4,0.00017725597399254056
FXR2:K562,5,0.00043585365300924384
FXR2:K562,6,0.0013630086557173682
FXR2:K562,7,0.00048668442346233576
FXR2:K562,8,0.0005100395867327912
FXR2:K562,9,0.00026061348046391153
FXR2:K562,10,0.0002895575486338009
FXR2:K562,11,9.313099785157597e-05
FXR2:K562,12,0.0013493568842533055
FXR2:K562,13,0.0003552498545323912
FXR2:K562,14,0.0007859048774252475
FXR2:K562,15,0.0001843308510587338
FXR2:K562,16,0.00022996613522496823
FXR2:K562,17,9.746200065896549e-05
FXR2:K562,18,0.001074893326490578
FXR2:K562,19,0.0008755702188328884
FXR2:K562,20,0.0003988384164317349
FXR2:K562,21,0.00045675895694397006
FXR2:K562,22,0.00035696750510627595
FXR2:K562,23,0.0013051330078878154
FXR2:K562,24,0.0013726279230394933
FXR2:K562,25,0.0007481376477711521
FXR2:K562,26,0.00025117649882855364
FXR2:K562,27,0.00044225432506950213
FXR2:K562,28,0.0006710040883053381
FXR2:K562,29,0.00037742828268960693
FXR2:K562,30,0.0011984445418057321
FXR2:K562,31,0.0003752542427040151
FXR2:K562,32,0.0009135657592731494
FXR2:K562,33,0.0006498945214935548
FXR2:K562,34,0.0006836794538543911
FXR2:K562,35,0.0005707670386678743
FXR2:K562,36,0.0006404136534203797
FXR2:K562,37,0.0009126424358827379
FXR2:K562,38,0.001071906483168683
FXR2:K562,39,0.0010920465211310404
FXR2:K562,40,0.0007237993475527338
FXR2:K562,41,0.00047517877051339585
FXR2:K562,42,0.0010483103239877778
FXR2:K562,43,0.000898108953698018
FXR2:K562,44,0.000943135544676954
FXR2:K562,45,0.0014662302259305093
FXR2:K562,46,0.002027529643978454
FXR2:K562,47,0.0017936592767202608
FXR2:K562,48,0.0013322518603842148
FXR2:K562,49,0.0015359857200277771
FXR2:K562,50,0.0007158994267227881
FXR2:K562,51,0.00280848938418643
FXR2:K562,52,0.0018009594836126963
FXR2:K562,53,0.0018498636376684807
FXR2:K562,54,0.001995317536564345
FXR2:K562,55,0.0012559509754004328
FXR2:K562,56,0.0013504117134938154
FXR2:K562,57,0.0006337451199431854
FXR2:K562,58,0.0016257336669434075
FXR2:K562,59,0.0016845467174317896
FXR2:K562,60,0.0003047018819686276
FXR2:K562,61,0.002973231967019263
FXR2:K562,62,0.0007399589033538767
FXR2:K562,63,0.0012614567078881311
FXR2:K562,64,0.0013179634613988966
FXR2:K562,65,0.0007186274667494441
FXR2:K562,66,0.0017204447800099887
FXR2:K562,67,0.0016806965733795476
FXR2:K562,68,0.0006821160474720367
FXR2:K562,69,0.0007656232766946047
FXR2:K562,70,0.0003841913021809251
FXR2:K562,71,9.225100421972332e-05
FXR2:K562,72,0.0004827865987118152
FXR2:K562,73,0.0013907350275952357
FXR2:K562,74,0.0007157746924183472
FXR2:K562,75,0.0005390145036201499
FXR2:K562,76,0.0013705264961640928
FXR2:K562,77,0.0012279431584409917
FXR2:K562,78,0.00026549348142090867
FXR2:K562,79,0.0005615354601791189
FXR2:K562,80,0.00015848383565530977
FXR2:K562,81,0.0007318332518723158
FXR2:K562,82,0.0008746338919103369
FXR2:K562,83,0.0005264453251613288
FXR2:K562,84,0.0005722752078307636
FXR2:K562,85,0.0008226468287518829
FXR2:K562,86,0.0005175273490123367
FXR2:K562,87,0.0014808280426730214
FXR2:K562,88,0.000416457708539153
FXR2:K562,89,0.0012227660976735777
FXR2:K562,90,0.0025697731593457007
FXR2:K562,91,0.0013873477373980148
FXR2:K562,92,0.0008674780837234497
FXR2:K562,93,0.00039649739985059274
FXR2:K562,94,0.0010433821837354529
FXR2:K562,95,0.0003429097673632864
FXR2:K562,96,0.0013508090844864817
FXR2:K562,97,0.0022803403778719478
FXR2:K562,98,0.0004478440306634468
FXR2:K562,99,0.0013763193618485658
FXR2:K562,100,0.0006733470707008804
G3BP1:HepG2,0,0.0006087527500481249
G3BP1:HepG2,1,0.00041249326240233586
G3BP1:HepG2,2,0.00032524330713279426
G3BP1:HepG2,3,0.0005773794011219024
G3BP1:HepG2,4,2.1852895382923343e-05
G3BP1:HepG2,5,0.00018206675890386492
G3BP1:HepG2,6,0.00013348537730184518
G3BP1:HepG2,7,0.000241845507463756
G3BP1:HepG2,8,0.0007170213596636721
G3BP1:HepG2,9,0.00044128819823652243
G3BP1:HepG2,10,0.00043562297952504103
G3BP1:HepG2,11,0.0007215844823564854
G3BP1:HepG2,12,0.0008583570398057461
G3BP1:HepG2,13,0.001029609963182132
G3BP1:HepG2,14,0.0004315856169375687
G3BP1:HepG2,15,0.0006948599424034807
G3BP1:HepG2,16,0.0006047224906275961
G3BP1:HepG2,17,0.0007793939407529926
G3BP1:HepG2,18,0.0016884091074285124
G3BP1:HepG2,19,0.0011466788188818633
G3BP1:HepG2,20,0.0007549425474862037
G3BP1:HepG2,21,0.0016622629534639444
G3BP1:HepG2,22,0.0006860772351096056
G3BP1:HepG2,23,0.0009073727989725722
G3BP1:HepG2,24,0.001473312069346533
G3BP1:HepG2,25,0.0011543756794560878
G3BP1:HepG2,26,0.00034022017841994767
G3BP1:HepG2,27,0.0012007371105049458
G3BP1:HepG2,28,0.0010074160841110347
G3BP1:HepG2,29,0.0008658841599229472
G3BP1:HepG2,30,0.0008423689328700412
G3BP1:HepG2,31,0.0015160075673787965
G3BP1:HepG2,32,0.001396169411696624
G3BP1:HepG2,33,0.001064897038534629
G3BP1:HepG2,34,0.0016852526677150204
G3BP1:HepG2,35,0.0017217707891536982
G3BP1:HepG2,36,0.0016464697793400207
G3BP1:HepG2,37,0.0018516530896237615
G3BP1:HepG2,38,0.0008564469929410734
G3BP1:HepG2,39,0.0016362976017528785
G3BP1:HepG2,40,0.0018283987584761796
G3BP1:HepG2,41,0.002829989390161214
G3BP1:HepG2,42,0.0010647959700457177
G3BP1:HepG2,43,0.0018763679762365815
G3BP1:HepG2,44,0.0033241463768813873
G3BP1:HepG2,45,0.004135398784203881
G3BP1:HepG2,46,0.003206002834448496
G3BP1:HepG2,47,0.003228942807901314
G3BP1:HepG2,48,0.004105295949704213
G3BP1:HepG2,49,0.003564058029331796
G3BP1:HepG2,50,0.0058339344308603325
G3BP1:HepG2,51,0.005173504926788697
G3BP1:HepG2,52,0.0054102826946913485
G3BP1:HepG2,53,0.00421789985317933
G3BP1:HepG2,54,0.0032777879326955084
G3BP1:HepG2,55,0.005026943486960311
G3BP1:HepG2,56,0.005060277396506052
G3BP1:HepG2,57,0.004420742463184912
G3BP1:HepG2,58,0.004800761526874364
G3BP1:HepG2,59,0.0032220319612619175
G3BP1:HepG2,60,0.006172056274702742
G3BP1:HepG2,61,0.007335939263883984
G3BP1:HepG2,62,0.005116985987094647
G3BP1:HepG2,63,0.005524714923105911
G3BP1:HepG2,64,0.004422043550837085
G3BP1:HepG2,65,0.005218622704629583
G3BP1:HepG2,66,0.004748863833843431
G3BP1:HepG2,67,0.004068372884490357
G3BP1:HepG2,68,0.00425691060749922
G3BP1:HepG2,69,0.0033035870531842315
G3BP1:HepG2,70,0.0043217081602668905
G3BP1:HepG2,71,0.0030036328490586905
G3BP1:HepG2,72,0.004114082582072687
G3BP1:HepG2,73,0.003421169064525831
G3BP1:HepG2,74,0.002939722621061236
G3BP1:HepG2,75,0.002535484752622885
G3BP1:HepG2,76,0.002465389631611914
G3BP1:HepG2,77,0.0020994956479026827
G3BP1:HepG2,78,0.0016162587000772
G3BP1:HepG2,79,0.003282020344201886
G3BP1:HepG2,80,0.002761102158887141
G3BP1:HepG2,81,0.0018076555345779566
G3BP1:HepG2,82,0.0023736137000526236
G3BP1:HepG2,83,0.002642399103174764
G3BP1:HepG2,84,0.002583991397853591
G3BP1:HepG2,85,0.0023073871743883867
G3BP1:HepG2,86,0.003385040386318594
G3BP1:HepG2,87,0.0020868261708181235
G3BP1:HepG2,88,0.001130486356610727
G3BP1:HepG2,89,0.002109191864355875
G3BP1:HepG2,90,0.0025657069567877056
G3BP1:HepG2,91,0.0020171231415656576
G3BP1:HepG2,92,0.002537785964146555
G3BP1:HepG2,93,0.001862689133277029
G3BP1:HepG2,94,0.0005793567924576859
G3BP1:HepG2,95,0.0010825818019137845
G3BP1:HepG2,96,0.001442268430010496
G3BP1:HepG2,97,0.001860340677286021
G3BP1:HepG2,98,0.001690816032665965
G3BP1:HepG2,99,0.0015284739194751928
G3BP1:HepG2,100,0.0014118433420847731
GARS:K562,0,0.0019016974678809362
GARS:K562,1,0.0038637087571387063
GARS:K562,2,0.0004530840060922303
GARS:K562,3,0.00017862662150802677
GARS:K562,4,0.0019456882626225358
GARS:K562,5,0.002501629463952826
GARS:K562,6,0.00025158288632665116
GARS:K562,7,0.001904054001080957
GARS:K562,8,0.001929502437763242
GARS:K562,9,0.0010081315510523936
GARS:K562,10,0.001500179997599549
GARS:K562,11,0.004550707745042182
GARS:K562,12,0.0010491680875797105
GARS:K562,13,0.0014592237810437947
GARS:K562,14,0.002776718279161594
GARS:K562,15,0.001098760607282534
GARS:K562,16,0.002198108437182711
GARS:K562,17,0.0009455351169539439
GARS:K562,18,0.0041922502788741545
GARS:K562,19,0.0006671244043876534
GARS:K562,20,0.0013578268780437552
GARS:K562,21,0.000968749953805359
GARS:K562,22,0.0014442403526546688
GARS:K562,23,0.002051179727411645
GARS:K562,24,0.0005064421291621768
GARS:K562,25,0.001404576096012189
GARS:K562,26,0.002626169852663951
GARS:K562,27,0.0008186784291943638
GARS:K562,28,0.0010171760819455145
GARS:K562,29,0.005181963309297433
GARS:K562,30,0.0010423568274807726
GARS:K562,31,0.002623953578357874
GARS:K562,32,0.003176333854897795
GARS:K562,33,0.002916406633651114
GARS:K562,34,0.002191947677731565
GARS:K562,35,0.004609128960117559
GARS:K562,36,0.0036987338852836338
GARS:K562,37,0.004525631977726929
GARS:K562,38,0.00068249411020882
GARS:K562,39,0.003910144582968789
GARS:K562,40,0.002077725705758926
GARS:K562,41,0.002986428183187839
GARS:K562,42,0.002902635781408147
GARS:K562,43,0.0019694063889997837
GARS:K562,44,3.4962418974160414e-05
GARS:K562,45,0.0013786735725687116
GARS:K562,46,0.003824666419859568
GARS:K562,47,0.0047480615890146405
GARS:K562,48,0.0017136652465491453
GARS:K562,49,0.0035812936128297723
GARS:K562,50,0.008867132982262493
GARS:K562,51,0.004432527266563402
GARS:K562,52,0.0002376808561040944
GARS:K562,53,0.007304640969558296
GARS:K562,54,0.0008508673896638896
GARS:K562,55,0.0035024470761892967
GARS:K562,56,0.0010469818323913804
GARS:K562,57,0.0029136575791504082
GARS:K562,58,0.001214063902945428
GARS:K562,59,0.0036155538228860307
GARS:K562,60,0.0006778056445101432
GARS:K562,61,0.005290717634152231
GARS:K562,62,0.002493877278837764
GARS:K562,63,0.0017945256680662602
GARS:K562,64,0.003384511686393754
GARS:K562,65,0.0001804433853884735
GARS:K562,66,0.0031342103054996517
GARS:K562,67,0.002207839779836518
GARS:K562,68,0.006135499009166212
GARS:K562,69,0.001128231628938936
GARS:K562,70,0.0008503452380318466
GARS:K562,71,0.0015936551112394337
GARS:K562,72,0.003084965162945874
GARS:K562,73,0.0036191011869661782
GARS:K562,74,0.0014174791317311808
GARS:K562,75,0.0031034844533103234
GARS:K562,76,0.007561758441668065
GARS:K562,77,0.0015297349875404986
GARS:K562,78,0.001922078242645675
GARS:K562,79,0.0006511611201452938
GARS:K562,80,0.002908142503813216
GARS:K562,81,0.0025071172645823037
GARS:K562,82,0.0006670446537271335
GARS:K562,83,0.007519132873137213
GARS:K562,84,0.0031263773786709415
GARS:K562,85,0.0018810375891961106
GARS:K562,86,0.00019575553865891493
GARS:K562,87,0.0013410705490818353
GARS:K562,88,0.0004560247871436829
GARS:K562,89,0.0043876882851257015
GARS:K562,90,0.0036045521365488664
GARS:K562,91,0.003054108991562776
GARS:K562,92,0.0006730776378058856
GARS:K562,93,0.0005469007489873334
GARS:K562,94,0.0014197665077582133
GARS:K562,95,0.00046015439660085367
GARS:K562,96,0.000373173871095811
GARS:K562,97,0.0016417704790702148
GARS:K562,98,0.005789805219856836
GARS:K562,99,0.006828950779328435
GARS:K562,100,0.0019354329071371579
GEMIN5:K562,0,0.004378662802358435
GEMIN5:K562,1,0.0021064650964439657
GEMIN5:K562,2,0.0033380025124088997
GEMIN5:K562,3,0.0036417175698104653
GEMIN5:K562,4,0.0016713339635386903
GEMIN5:K562,5,0.00781393194006097
GEMIN5:K562,6,0.004312663651142579
GEMIN5:K562,7,0.005748257628847009
GEMIN5:K562,8,0.0023804844813536397
GEMIN5:K562,9,0.0024925668963496905
GEMIN5:K562,10,0.0045846585161755105
GEMIN5:K562,11,0.00497528806269476
GEMIN5:K562,12,0.008758913199543028
GEMIN5:K562,13,0.003931774649232445
GEMIN5:K562,14,0.006774191449047451
GEMIN5:K562,15,0.006040705059509932
GEMIN5:K562,16,0.00717849722862407
GEMIN5:K562,17,0.01014109214302672
GEMIN5:K562,18,0.008916828518297781
GEMIN5:K562,19,0.005553548457691626
GEMIN5:K562,20,0.00331066143750669
GEMIN5:K562,21,0.00433348070074524
GEMIN5:K562,22,0.010307285737306993
GEMIN5:K562,23,0.008482409221882592
GEMIN5:K562,24,0.009630481720724338
GEMIN5:K562,25,0.004828527415666528
GEMIN5:K562,26,0.0068994932720054525
GEMIN5:K562,27,0.006497922151460611
GEMIN5:K562,28,0.006904283681325563
GEMIN5:K562,29,0.005743744993988775
GEMIN5:K562,30,0.004231798242836149
GEMIN5:K562,31,0.006767371903251607
GEMIN5:K562,32,0.006054165776970377
GEMIN5:K562,33,0.00518495309346545
GEMIN5:K562,34,0.005294188600823979
GEMIN5:K562,35,0.007446076746561281
GEMIN5:K562,36,0.005234719868002946
GEMIN5:K562,37,0.004537199029773786
GEMIN5:K562,38,0.0050691264400730685
GEMIN5:K562,39,0.002678162832001174
GEMIN5:K562,40,0.0047170116428938424
GEMIN5:K562,41,0.005663287650101934
GEMIN5:K562,42,0.00321748913892006
GEMIN5:K562,43,0.0037676522241550936
GEMIN5:K562,44,0.006970958100521507
GEMIN5:K562,45,0.0035483230466234472
GEMIN5:K562,46,0.004639188536912808
GEMIN5:K562,47,0.003862278326023816
GEMIN5:K562,48,0.003481213877503775
GEMIN5:K562,49,0.005819457516048732
GEMIN5:K562,50,0.00583356326523865
GEMIN5:K562,51,0.0036622319477275234
GEMIN5:K562,52,0.002186753238805128
GEMIN5:K562,53,0.004169143215778437
GEMIN5:K562,54,0.005764196204739669
GEMIN5:K562,55,0.0025254216128272056
GEMIN5:K562,56,0.003945017725074607
GEMIN5:K562,57,0.0018889752465713894
GEMIN5:K562,58,0.0016195429480151402
GEMIN5:K562,59,0.002694583153277863
GEMIN5:K562,60,0.005337149539977215
GEMIN5:K562,61,0.0030288325344405287
GEMIN5:K562,62,0.002455420372172501
GEMIN5:K562,63,0.0004268953766475292
GEMIN5:K562,64,0.0016323100752558828
GEMIN5:K562,65,0.003146029065943301
GEMIN5:K562,66,0.0012839105446565968
GEMIN5:K562,67,0.002798717694623698
GEMIN5:K562,68,0.0012807513187251818
GEMIN5:K562,69,0.0007758513828827196
GEMIN5:K562,70,0.0009481445344073913
GEMIN5:K562,71,0.0008549575540172105
GEMIN5:K562,72,0.0002652277039366657
GEMIN5:K562,73,0.0019063528566679588
GEMIN5:K562,74,0.0012864152834938247
GEMIN5:K562,75,0.0002027437795637521
GEMIN5:K562,76,0.0013600301484638644
GEMIN5:K562,77,0.002446731644683675
GEMIN5:K562,78,0.0002856771565001859
GEMIN5:K562,79,0.001074578942048432
GEMIN5:K562,80,0.002670809539215613
GEMIN5:K562,81,0.0014124565656168375
GEMIN5:K562,82,0.0007955066435041402
GEMIN5:K562,83,0.0005216978820787865
GEMIN5:K562,84,0.0005902980314390627
GEMIN5:K562,85,0.0006731403529078861
GEMIN5:K562,86,0.002038445060127736
GEMIN5:K562,87,0.0014883852169077505
GEMIN5:K562,88,0.000552055818712538
GEMIN5:K562,89,0.0010656616564942434
GEMIN5:K562,90,0.0014589874846261397
GEMIN5:K562,91,0.0023823761676308175
GEMIN5:K562,92,0.002373897634639688
GEMIN5:K562,93,0.000985464288887128
GEMIN5:K562,94,0.0008253564616830245
GEMIN5:K562,95,0.0014500692595115217
GEMIN5:K562,96,0.0006016335051775012
GEMIN5:K562,97,0.0006821211112201242
GEMIN5:K562,98,0.0014457817870651146
GEMIN5:K562,99,0.0006151980191743123
GEMIN5:K562,100,0.004161728632735118
GRSF1:HepG2,0,0.006056036805947684
GRSF1:HepG2,1,0.006705868688883232
GRSF1:HepG2,2,0.006724656465864509
GRSF1:HepG2,3,0.005508804299527159
GRSF1:HepG2,4,0.017215743927828653
GRSF1:HepG2,5,0.003394652392727182
GRSF1:HepG2,6,0.010981376035832269
GRSF1:HepG2,7,0.007534606783722642
GRSF1:HepG2,8,0.008860743777043378
GRSF1:HepG2,9,0.009540681056505074
GRSF1:HepG2,10,0.008310811573403631
GRSF1:HepG2,11,0.017286131959012963
GRSF1:HepG2,12,0.011056541038483192
GRSF1:HepG2,13,0.020044212912357695
GRSF1:HepG2,14,0.009692475301214643
GRSF1:HepG2,15,0.008166447572059754
GRSF1:HepG2,16,0.012670993116293383
GRSF1:HepG2,17,0.014345113184589975
GRSF1:HepG2,18,0.014191603191192503
GRSF1:HepG2,19,0.017525242772568728
GRSF1:HepG2,20,0.022939081165490816
GRSF1:HepG2,21,0.021777584593572374
GRSF1:HepG2,22,0.009947582931879029
GRSF1:HepG2,23,0.013847530863627222
GRSF1:HepG2,24,0.014142737960908813
GRSF1:HepG2,25,0.013938455844357711
GRSF1:HepG2,26,0.01534321452451226
GRSF1:HepG2,27,0.007800715508093914
GRSF1:HepG2,28,0.01116493554797493
GRSF1:HepG2,29,0.017194240298231245
GRSF1:HepG2,30,0.013682480875643166
GRSF1:HepG2,31,0.014284798810535015
GRSF1:HepG2,32,0.013868976274135969
GRSF1:HepG2,33,0.016390744105985733
GRSF1:HepG2,34,0.011655084668642846
GRSF1:HepG2,35,0.013493742257408625
GRSF1:HepG2,36,0.014259039307395138
GRSF1:HepG2,37,0.017854986793201744
GRSF1:HepG2,38,0.014698104359646691
GRSF1:HepG2,39,0.023039805946489134
GRSF1:HepG2,40,0.016506377445415055
GRSF1:HepG2,41,0.011420512568891983
GRSF1:HepG2,42,0.019153669722509203
GRSF1:HepG2,43,0.008265529974613717
GRSF1:HepG2,44,0.013398900555206206
GRSF1:HepG2,45,0.009204971808427165
GRSF1:HepG2,46,0.01211915749811987
GRSF1:HepG2,47,0.009553549952648233
GRSF1:HepG2,48,0.015594798960348655
GRSF1:HepG2,49,0.006697836818545966
GRSF1:HepG2,50,0.007260706384975668
GRSF1:HepG2,51,0.010443116340214997
GRSF1:HepG2,52,0.015302113713620002
GRSF1:HepG2,53,0.010804016651009829
GRSF1:HepG2,54,0.004700583155652693
GRSF1:HepG2,55,0.0055480256392137495
GRSF1:HepG2,56,0.004089277142383163
GRSF1:HepG2,57,0.010070809988388052
GRSF1:HepG2,58,0.014273723502824742
GRSF1:HepG2,59,0.014377440722241897
GRSF1:HepG2,60,0.005734179721570087
GRSF1:HepG2,61,0.0030714142701218083
GRSF1:HepG2,62,0.009017791649357565
GRSF1:HepG2,63,0.005681288510291482
GRSF1:HepG2,64,0.004356877350750743
GRSF1:HepG2,65,0.004883644922367147
GRSF1:HepG2,66,0.008443641898154719
GRSF1:HepG2,67,0.003272020083550542
GRSF1:HepG2,68,0.0076729214760127284
GRSF1:HepG2,69,0.009031261566704085
GRSF1:HepG2,70,0.008031232420296686
GRSF1:HepG2,71,0.0064918055119771445
GRSF1:HepG2,72,0.0016580734006730324
GRSF1:HepG2,73,0.005197762621987456
GRSF1:HepG2,74,0.0044365524619834895
GRSF1:HepG2,75,0.0041336166295035115
GRSF1:HepG2,76,0.008571745937743347
GRSF1:HepG2,77,0.0060500254548605525
GRSF1:HepG2,78,0.007018764481801387
GRSF1:HepG2,79,0.0044191372360806724
GRSF1:HepG2,80,0.009783141338827295
GRSF1:HepG2,81,0.004759190630243437
GRSF1:HepG2,82,0.007465594934725317
GRSF1:HepG2,83,0.008765721255480141
GRSF1:HepG2,84,0.0034895236281506925
GRSF1:HepG2,85,0.006422422403949857
GRSF1:HepG2,86,0.009682005842485686
GRSF1:HepG2,87,0.007513005357867808
GRSF1:HepG2,88,0.005329854556403113
GRSF1:HepG2,89,0.0021125566708848353
GRSF1:HepG2,90,0.0005877129218563315
GRSF1:HepG2,91,0.002691166373173459
GRSF1:HepG2,92,0.004629272360005432
GRSF1:HepG2,93,0.005976851849653464
GRSF1:HepG2,94,0.004892321998877236
GRSF1:HepG2,95,0.007571096832791224
GRSF1:HepG2,96,0.007373008933985514
GRSF1:HepG2,97,0.006257831841304018
GRSF1:HepG2,98,0.00881596009753638
GRSF1:HepG2,99,0.004310212775055611
GRSF1:HepG2,100,0.00196220171565864
GRWD1:HepG2,0,0.000330048083759249
GRWD1:HepG2,1,0.0003260955896300377
GRWD1:HepG2,2,0.0003758281139060182
GRWD1:HepG2,3,0.0006543890018068099
GRWD1:HepG2,4,0.0002822908593613782
GRWD1:HepG2,5,0.00045388925802691826
GRWD1:HepG2,6,0.0003483579554841576
GRWD1:HepG2,7,0.00032435524877039157
GRWD1:HepG2,8,0.0004778369583982034
GRWD1:HepG2,9,0.0007252411110736379
GRWD1:HepG2,10,0.0006332103900577035
GRWD1:HepG2,11,0.0004906041302130681
GRWD1:HepG2,12,0.0004622617358416292
GRWD1:HepG2,13,0.0009624237433771832
GRWD1:HepG2,14,0.0006063804861842215
GRWD1:HepG2,15,0.0005203653756929993
GRWD1:HepG2,16,0.0009579155911141335
GRWD1:HepG2,17,0.0010268574534371133
GRWD1:HepG2,18,0.0009731956706833245
GRWD1:HepG2,19,0.0005031810615335752
GRWD1:HepG2,20,0.0007955811975426386
GRWD1:HepG2,21,0.0004882999271427213
GRWD1:HepG2,22,0.00036647100418063516
GRWD1:HepG2,23,0.0003243674415817077
GRWD1:HepG2,24,0.0008005462904510097
GRWD1:HepG2,25,0.0004035590633355568
GRWD1:HepG2,26,0.000630675825666005
GRWD1:HepG2,27,0.0004752777805629993
GRWD1:HepG2,28,0.00017617255567381473
GRWD1:HepG2,29,0.00037928742658044357
GRWD1:HepG2,30,0.00045501643400736036
GRWD1:HepG2,31,0.0002854198321294854
GRWD1:HepG2,32,0.0006520153216507119
GRWD1:HepG2,33,0.00032318788418594924
GRWD1:HepG2,34,0.0003135169280897854
GRWD1:HepG2,35,0.0007238862228209353
GRWD1:HepG2,36,0.0007826308619967026
GRWD1:HepG2,37,0.00149668443786799
GRWD1:HepG2,38,0.0010285295444296683
GRWD1:HepG2,39,0.0008995080423609414
GRWD1:HepG2,40,0.0008802179784619391
GRWD1:HepG2,41,0.001808386286455188
GRWD1:HepG2,42,0.0019831368070022393
GRWD1:HepG2,43,0.0014451270979296549
GRWD1:HepG2,44,0.00167008346419939
GRWD1:HepG2,45,0.0014993418012808624
GRWD1:HepG2,46,0.0017780112708906115
GRWD1:HepG2,47,0.0022412746796898197
GRWD1:HepG2,48,0.0019874051857277086
GRWD1:HepG2,49,0.0027386901977835
GRWD1:HepG2,50,0.002080380584610353
GRWD1:HepG2,51,0.0037338311257125723
GRWD1:HepG2,52,0.003677308877923613
GRWD1:HepG2,53,0.0041546594263608405
GRWD1:HepG2,54,0.0042651704671961
GRWD1:HepG2,55,0.00452383958389746
GRWD1:HepG2,56,0.003980887036976188
GRWD1:HepG2,57,0.00439817384396024
GRWD1:HepG2,58,0.004653331847213726
GRWD1:HepG2,59,0.004462935855621963
GRWD1:HepG2,60,0.003746329880558563
GRWD1:HepG2,61,0.004827284010785027
GRWD1:HepG2,62,0.004415965460734639
GRWD1:HepG2,63,0.003687386911994328
GRWD1:HepG2,64,0.004663144834136768
GRWD1:HepG2,65,0.0029649377008994504
GRWD1:HepG2,66,0.004140042507191799
GRWD1:HepG2,67,0.003650428370376768
GRWD1:HepG2,68,0.0027707572671585856
GRWD1:HepG2,69,0.0033319814895732547
GRWD1:HepG2,70,0.0035345302860402272
GRWD1:HepG2,71,0.0019963571966432614
GRWD1:HepG2,72,0.002303089053098284
GRWD1:HepG2,73,0.0032310285048986476
GRWD1:HepG2,74,0.002500403053950606
GRWD1:HepG2,75,0.002588035884301787
GRWD1:HepG2,76,0.002198119477585969
GRWD1:HepG2,77,0.002109031471538625
GRWD1:HepG2,78,0.0017385639466959146
GRWD1:HepG2,79,0.002301231330612441
GRWD1:HepG2,80,0.0017955673580783982
GRWD1:HepG2,81,0.0023986852890557353
GRWD1:HepG2,82,0.002166851057350261
GRWD1:HepG2,83,0.002241204500067706
GRWD1:HepG2,84,0.0020937187793181877
GRWD1:HepG2,85,0.0016013666948764271
GRWD1:HepG2,86,0.0014514735146187174
GRWD1:HepG2,87,0.0015533101160247753
GRWD1:HepG2,88,0.0015651050313150172
GRWD1:HepG2,89,0.0014648897077195189
GRWD1:HepG2,90,0.001179285450987777
GRWD1:HepG2,91,0.0011663953011706862
GRWD1:HepG2,92,0.0009153496524924032
GRWD1:HepG2,93,0.0014216681290614153
GRWD1:HepG2,94,0.0018032521453525963
GRWD1:HepG2,95,0.0012482865569403145
GRWD1:HepG2,96,0.0015752835381432906
GRWD1:HepG2,97,0.0017192874024465343
GRWD1:HepG2,98,0.0006347992807368419
GRWD1:HepG2,99,0.0010228038584673138
GRWD1:HepG2,100,0.0006103909944070729
GRWD1:K562,0,0.000669234169959898
GRWD1:K562,1,0.0005649191412286925
GRWD1:K562,2,0.0020533244553215813
GRWD1:K562,3,0.0007228158616676694
GRWD1:K562,4,0.000983553829312478
GRWD1:K562,5,0.002632118578192566
GRWD1:K562,6,0.0004967495759460316
GRWD1:K562,7,0.0008664792841168723
GRWD1:K562,8,0.0018964604658466833
GRWD1:K562,9,0.0022058909973766694
GRWD1:K562,10,0.003120359689030461
GRWD1:K562,11,0.00154557666244437
GRWD1:K562,12,0.0018070951848843109
GRWD1:K562,13,0.001513465611027165
GRWD1:K562,14,0.0027801358654349073
GRWD1:K562,15,0.002317622121182583
GRWD1:K562,16,0.001577508952220752
GRWD1:K562,17,0.0017552048307465373
GRWD1:K562,18,0.0031329984155135104
GRWD1:K562,19,0.0036039474510253244
GRWD1:K562,20,0.0023444772591931784
GRWD1:K562,21,0.0024573962988094777
GRWD1:K562,22,0.001346835885428166
GRWD1:K562,23,0.00294961803059135
GRWD1:K562,24,0.002787102040478162
GRWD1:K562,25,0.0030235093738015806
GRWD1:K562,26,0.0016778083842531322
GRWD1:K562,27,0.0025900994098491115
GRWD1:K562,28,0.002477323275568266
GRWD1:K562,29,0.0040969117236043795
GRWD1:K562,30,0.0033975992723949133
GRWD1:K562,31,0.0047433165526235
GRWD1:K562,32,0.0032684412346936087
GRWD1:K562,33,0.0030038172885636927
GRWD1:K562,34,0.004068162962368671
GRWD1:K562,35,0.0051623132978955155
GRWD1:K562,36,0.004892273491811205
GRWD1:K562,37,0.0036103871258369447
GRWD1:K562,38,0.004507308035359925
GRWD1:K562,39,0.003366352623433433
GRWD1:K562,40,0.0037500728359773916
GRWD1:K562,41,0.0052683661153172245
GRWD1:K562,42,0.008139991636146093
GRWD1:K562,43,0.005439837466868713
GRWD1:K562,44,0.004095032856772374
GRWD1:K562,45,0.007258066685748021
GRWD1:K562,46,0.005666815739372888
GRWD1:K562,47,0.005440422303125914
GRWD1:K562,48,0.004898100388493587
GRWD1:K562,49,0.008270349284289935
GRWD1:K562,50,0.007284517618296404
GRWD1:K562,51,0.007622899421050988
GRWD1:K562,52,0.00931627351208053
GRWD1:K562,53,0.004172479484393921
GRWD1:K562,54,0.005353216783505754
GRWD1:K562,55,0.008393790776191068
GRWD1:K562,56,0.00908664308634255
GRWD1:K562,57,0.008271417028418604
GRWD1:K562,58,0.008681599933952455
GRWD1:K562,59,0.00664006291424557
GRWD1:K562,60,0.007145617858151376
GRWD1:K562,61,0.007759586993179246
GRWD1:K562,62,0.006403494263401477
GRWD1:K562,63,0.007303512784506472
GRWD1:K562,64,0.0071077221140987135
GRWD1:K562,65,0.0076432688730571074
GRWD1:K562,66,0.005573234673863392
GRWD1:K562,67,0.007222890202645105
GRWD1:K562,68,0.005982875848426161
GRWD1:K562,69,0.0029721766751517054
GRWD1:K562,70,0.004976540476157254
GRWD1:K562,71,0.003948972223738023
GRWD1:K562,72,0.0046680462096382325
GRWD1:K562,73,0.005872706521666826
GRWD1:K562,74,0.005043982119055546
GRWD1:K562,75,0.004951726417127933
GRWD1:K562,76,0.003443679689968948
GRWD1:K562,77,0.004042035663381571
GRWD1:K562,78,0.005809698313168465
GRWD1:K562,79,0.004037808069266902
GRWD1:K562,80,0.0014285864952798821
GRWD1:K562,81,0.002521487384334997
GRWD1:K562,82,0.0024791003302669923
GRWD1:K562,83,0.0028112776486379776
GRWD1:K562,84,0.004014665538652373
GRWD1:K562,85,0.002535595867049434
GRWD1:K562,86,0.004444938496961148
GRWD1:K562,87,0.003206697471640152
GRWD1:K562,88,0.0034134243718655366
GRWD1:K562,89,0.0009511601506688727
GRWD1:K562,90,0.00107001465567369
GRWD1:K562,91,0.003486758202100426
GRWD1:K562,92,0.0026903527000021743
GRWD1:K562,93,0.0021521931667002336
GRWD1:K562,94,0.0028988061175259094
GRWD1:K562,95,0.0021601030496629647
GRWD1:K562,96,0.0024975156706119606
GRWD1:K562,97,0.0019151005873484506
GRWD1:K562,98,0.0008339864071800207
GRWD1:K562,99,0.0016138006227744972
GRWD1:K562,100,0.0015824673854557547
GTF2F1:HepG2,0,0.006341481839041707
GTF2F1:HepG2,1,0.008987038066488595
GTF2F1:HepG2,2,0.008849635512902632
GTF2F1:HepG2,3,0.008581533945904884
GTF2F1:HepG2,4,0.007861399626286958
GTF2F1:HepG2,5,0.0062124736409203685
GTF2F1:HepG2,6,0.01316724353330756
GTF2F1:HepG2,7,0.011175995586381493
GTF2F1:HepG2,8,0.014197968476676759
GTF2F1:HepG2,9,0.0150719578755667
GTF2F1:HepG2,10,0.013840821461316155
GTF2F1:HepG2,11,0.014156342650247011
GTF2F1:HepG2,12,0.015021539119784766
GTF2F1:HepG2,13,0.016364002477739503
GTF2F1:HepG2,14,0.0159750327158783
GTF2F1:HepG2,15,0.013880693853187132
GTF2F1:HepG2,16,0.01797925774914444
GTF2F1:HepG2,17,0.01710715398078755
GTF2F1:HepG2,18,0.019693728283032508
GTF2F1:HepG2,19,0.016285830598066098
GTF2F1:HepG2,20,0.019690086664048145
GTF2F1:HepG2,21,0.017681674313985818
GTF2F1:HepG2,22,0.019956466275794282
GTF2F1:HepG2,23,0.0187050923919998
GTF2F1:HepG2,24,0.018202244205582474
GTF2F1:HepG2,25,0.01745293721463248
GTF2F1:HepG2,26,0.018601224890236634
GTF2F1:HepG2,27,0.0148415843543932
GTF2F1:HepG2,28,0.01561774439192809
GTF2F1:HepG2,29,0.01623977294793688
GTF2F1:HepG2,30,0.016440845501197066
GTF2F1:HepG2,31,0.019163460271530486
GTF2F1:HepG2,32,0.017574921536407717
GTF2F1:HepG2,33,0.01862138731396812
GTF2F1:HepG2,34,0.01416776430980038
GTF2F1:HepG2,35,0.01305468525996234
GTF2F1:HepG2,36,0.014352917473975824
GTF2F1:HepG2,37,0.016306526572483326
GTF2F1:HepG2,38,0.010941462719788686
GTF2F1:HepG2,39,0.01331746715560922
GTF2F1:HepG2,40,0.012604398298321606
GTF2F1:HepG2,41,0.014327728328079936
GTF2F1:HepG2,42,0.011358838011100936
GTF2F1:HepG2,43,0.007862386282161515
GTF2F1:HepG2,44,0.0077815829282950055
GTF2F1:HepG2,45,0.009182762584672988
GTF2F1:HepG2,46,0.007618628921739257
GTF2F1:HepG2,47,0.008299102773283051
GTF2F1:HepG2,48,0.00667848126041426
GTF2F1:HepG2,49,0.0066159268783869685
GTF2F1:HepG2,50,0.00632056976009765
GTF2F1:HepG2,51,0.0048950562883786075
GTF2F1:HepG2,52,0.00397999439493224
GTF2F1:HepG2,53,0.005442698876133689
GTF2F1:HepG2,54,0.0036294000382729452
GTF2F1:HepG2,55,0.0045335199604140675
GTF2F1:HepG2,56,0.00279699790510457
GTF2F1:HepG2,57,0.0017870451363034556
GTF2F1:HepG2,58,0.0031816165892813997
GTF2F1:HepG2,59,0.002369484989891424
GTF2F1:HepG2,60,0.0028704429413878296
GTF2F1:HepG2,61,0.00301836106081943
GTF2F1:HepG2,62,0.0016398667295837166
GTF2F1:HepG2,63,0.0025365563332157004
GTF2F1:HepG2,64,0.0029817524925448424
GTF2F1:HepG2,65,0.0018528162568125506
GTF2F1:HepG2,66,0.001636586643763649
GTF2F1:HepG2,67,0.0011559046747741109
GTF2F1:HepG2,68,0.0023983847792337087
GTF2F1:HepG2,69,0.0016770943968067442
GTF2F1:HepG2,70,0.001405560609829215
GTF2F1:HepG2,71,0.0008189101071741645
GTF2F1:HepG2,72,0.001964206696168702
GTF2F1:HepG2,73,0.0008623905559065337
GTF2F1:HepG2,74,0.0010002164620569465
GTF2F1:HepG2,75,0.0018052338100081888
GTF2F1:HepG2,76,0.0015308125278966633
GTF2F1:HepG2,77,0.0002775012911776509
GTF2F1:HepG2,78,0.0013290828812571043
GTF2F1:HepG2,79,0.0013067682878071807
GTF2F1:HepG2,80,0.0011184037937129743
GTF2F1:HepG2,81,0.0005507224639140773
GTF2F1:HepG2,82,0.000673563754703066
GTF2F1:HepG2,83,0.0015105142412905614
GTF2F1:HepG2,84,0.002161984817862672
GTF2F1:HepG2,85,0.0003485592629630663
GTF2F1:HepG2,86,0.0009691055568235019
GTF2F1:HepG2,87,0.0015337408270749142
GTF2F1:HepG2,88,0.0009339158588074215
GTF2F1:HepG2,89,0.0007732994005378302
GTF2F1:HepG2,90,0.0015371651665356811
GTF2F1:HepG2,91,0.00043785829960096834
GTF2F1:HepG2,92,0.00044716422420809643
GTF2F1:HepG2,93,0.0006115845683359877
GTF2F1:HepG2,94,0.001537108599470871
GTF2F1:HepG2,95,0.0014949160381078075
GTF2F1:HepG2,96,0.0017211964061289997
GTF2F1:HepG2,97,0.000896710593854988
GTF2F1:HepG2,98,0.0006432507346204597
GTF2F1:HepG2,99,0.00041971439774934893
GTF2F1:HepG2,100,0.001440044487116543
HLTF:HepG2,0,0.0013169387393306975
HLTF:HepG2,1,0.0030922780233102465
HLTF:HepG2,2,0.003769928706398362
HLTF:HepG2,3,0.003039891227222702
HLTF:HepG2,4,0.002757764316973832
HLTF:HepG2,5,0.004054954848827119
HLTF:HepG2,6,0.0021912844449365476
HLTF:HepG2,7,0.001971090116190788
HLTF:HepG2,8,0.004283610461486842
HLTF:HepG2,9,0.0032598460182167166
HLTF:HepG2,10,0.0015800412247048978
HLTF:HepG2,11,0.002989489061308248
HLTF:HepG2,12,0.003651950603319243
HLTF:HepG2,13,0.0026370080693343123
HLTF:HepG2,14,0.005099573750267039
HLTF:HepG2,15,0.004074291720817191
HLTF:HepG2,16,0.003737898200046663
HLTF:HepG2,17,0.004028462578774539
HLTF:HepG2,18,0.0020719007681315738
HLTF:HepG2,19,0.0040958966846048606
HLTF:HepG2,20,0.004301782809411958
HLTF:HepG2,21,0.0033526149350415757
HLTF:HepG2,22,0.0030478769453603505
HLTF:HepG2,23,0.0012708576132189897
HLTF:HepG2,24,0.0014658873841859599
HLTF:HepG2,25,0.002990884397261029
HLTF:HepG2,26,0.001991667811629849
HLTF:HepG2,27,0.00100632835917569
HLTF:HepG2,28,0.0016554327024270732
HLTF:HepG2,29,0.0011945229735386143
HLTF:HepG2,30,0.00045602248769816
HLTF:HepG2,31,0.002633447796334676
HLTF:HepG2,32,0.0029937757785383212
HLTF:HepG2,33,0.0011279001197922467
HLTF:HepG2,34,0.0023148964815388196
HLTF:HepG2,35,0.0025498228869157424
HLTF:HepG2,36,0.002306665393031704
HLTF:HepG2,37,0.0018566009045906107
HLTF:HepG2,38,0.0007859739408837552
HLTF:HepG2,39,0.0009471330609048811
HLTF:HepG2,40,0.0025791710163871606
HLTF:HepG2,41,0.0008830559733719046
HLTF:HepG2,42,0.002791517333089244
HLTF:HepG2,43,0.0015258130661501834
HLTF:HepG2,44,0.0015169894103770343
HLTF:HepG2,45,0.0013018930590165123
HLTF:HepG2,46,0.0023408585297455264
HLTF:HepG2,47,0.001239802364682463
HLTF:HepG2,48,0.0029598552593953498
HLTF:HepG2,49,0.003712493445905518
HLTF:HepG2,50,0.004664607370289731
HLTF:HepG2,51,0.0008400635674891133
HLTF:HepG2,52,0.00409823977686552
HLTF:HepG2,53,0.0035055819566268687
HLTF:HepG2,54,0.0021380912760631254
HLTF:HepG2,55,0.0018803433808024517
HLTF:HepG2,56,0.0027637944547713733
HLTF:HepG2,57,0.0034048663769379317
HLTF:HepG2,58,0.0023296177083109715
HLTF:HepG2,59,0.0035506243980157892
HLTF:HepG2,60,0.0021246665097289785
HLTF:HepG2,61,0.003942606696360262
HLTF:HepG2,62,0.0031518983344082097
HLTF:HepG2,63,0.004039896436843882
HLTF:HepG2,64,0.002192656020776673
HLTF:HepG2,65,0.00279469391908449
HLTF:HepG2,66,0.0020577808732586966
HLTF:HepG2,67,0.0030557684294933996
HLTF:HepG2,68,0.0016594885055567499
HLTF:HepG2,69,0.0010347767092755422
HLTF:HepG2,70,0.004772724415169183
HLTF:HepG2,71,0.004068216329420227
HLTF:HepG2,72,0.0017237980920615792
HLTF:HepG2,73,0.0012732974135434283
HLTF:HepG2,74,0.001029396134644811
HLTF:HepG2,75,0.003941103648015254
HLTF:HepG2,76,0.0023265991524867857
HLTF:HepG2,77,0.002187797152781168
HLTF:HepG2,78,0.002592133997397106
HLTF:HepG2,79,0.004190937009055817
HLTF:HepG2,80,0.0019546686805710367
HLTF:HepG2,81,0.0016731973277614998
HLTF:HepG2,82,0.0021816249020349954
HLTF:HepG2,83,0.0023169192981216113
HLTF:HepG2,84,0.002305882174013396
HLTF:HepG2,85,0.0034525340335392896
HLTF:HepG2,86,0.0015724041819500378
HLTF:HepG2,87,0.0013433499468569199
HLTF:HepG2,88,0.0008610028863021979
HLTF:HepG2,89,0.0015280623180961017
HLTF:HepG2,90,0.00035088518893855447
HLTF:HepG2,91,0.0007058572091228621
HLTF:HepG2,92,0.002570966452272394
HLTF:HepG2,93,0.001146913091450541
HLTF:HepG2,94,0.0015310419683928211
HLTF:HepG2,95,0.0015606492105704195
HLTF:HepG2,96,0.0007581380254286785
HLTF:HepG2,97,0.0017350821354989998
HLTF:HepG2,98,0.0009076237112775054
HLTF:HepG2,99,0.001626591266652655
HLTF:HepG2,100,0.0015843023518133936
HNRNPC:K562,0,0.06841545874112076
HNRNPC:K562,1,0.06012671202836506
HNRNPC:K562,2,0.08757748565799917
HNRNPC:K562,3,0.06656732450702452
HNRNPC:K562,4,0.053693567897015404
HNRNPC:K562,5,0.09916604796401018
HNRNPC:K562,6,0.0998419301910769
HNRNPC:K562,7,0.09772616875683093
HNRNPC:K562,8,0.0875056929538367
HNRNPC:K562,9,0.09597899983935387
HNRNPC:K562,10,0.09740187902833064
HNRNPC:K562,11,0.09918323089427883
HNRNPC:K562,12,0.12778313599732471
HNRNPC:K562,13,0.11858639480649491
HNRNPC:K562,14,0.10067124176223063
HNRNPC:K562,15,0.13889445665604983
HNRNPC:K562,16,0.09275783608347887
HNRNPC:K562,17,0.11346485301892062
HNRNPC:K562,18,0.1198469810900793
HNRNPC:K562,19,0.09779126190762566
HNRNPC:K562,20,0.10124636397544728
HNRNPC:K562,21,0.09246681821148584
HNRNPC:K562,22,0.09117648198235506
HNRNPC:K562,23,0.0710764646382318
HNRNPC:K562,24,0.09030815056906005
HNRNPC:K562,25,0.05303671872340754
HNRNPC:K562,26,0.059598517961605424
HNRNPC:K562,27,0.06223066564162716
HNRNPC:K562,28,0.03689573856447326
HNRNPC:K562,29,0.05114749389196993
HNRNPC:K562,30,0.03383100097073055
HNRNPC:K562,31,0.021229079735326062
HNRNPC:K562,32,0.03545590409880661
HNRNPC:K562,33,0.03643940978481419
HNRNPC:K562,34,0.006746361835404224
HNRNPC:K562,35,0.014700853974725092
HNRNPC:K562,36,0.014475493204207046
HNRNPC:K562,37,0.011905048947612906
HNRNPC:K562,38,0.013343612876925537
HNRNPC:K562,39,0.009694551583049105
HNRNPC:K562,40,0.01668788307849567
HNRNPC:K562,41,0.011314617084172252
HNRNPC:K562,42,0.025602480564599017
HNRNPC:K562,43,0.0282715489295422
HNRNPC:K562,44,0.025777992852356713
HNRNPC:K562,45,0.03127855691291126
HNRNPC:K562,46,0.030784041927684358
HNRNPC:K562,47,0.014976666383528126
HNRNPC:K562,48,0.03176962251896809
HNRNPC:K562,49,0.01710487428499241
HNRNPC:K562,50,0.019661955699794675
HNRNPC:K562,51,0.017758442685563702
HNRNPC:K562,52,0.010810165346658573
HNRNPC:K562,53,0.008770303007614721
HNRNPC:K562,54,0.021698986709006496
HNRNPC:K562,55,0.012104677353409365
HNRNPC:K562,56,0.017314883465468833
HNRNPC:K562,57,0.03296064276290456
HNRNPC:K562,58,0.014197798994172395
HNRNPC:K562,59,0.026498415078234028
HNRNPC:K562,60,0.016092040070158853
HNRNPC:K562,61,0.018334795922071767
HNRNPC:K562,62,0.016241298495166756
HNRNPC:K562,63,0.017923847423498618
HNRNPC:K562,64,0.02166844988621286
HNRNPC:K562,65,0.005601946339917174
HNRNPC:K562,66,0.00726313458783745
HNRNPC:K562,67,0.02358539511205815
HNRNPC:K562,68,0.009767089263479134
HNRNPC:K562,69,0.014955654535066198
HNRNPC:K562,70,0.012734811641175958
HNRNPC:K562,71,0.01540316741143477
HNRNPC:K562,72,0.0051410587587178425
HNRNPC:K562,73,0.004798415421639612
HNRNPC:K562,74,0.01800953174973552
HNRNPC:K562,75,0.011085286879194411
HNRNPC:K562,76,0.005395456167277546
HNRNPC:K562,77,0.009108037332147378
HNRNPC:K562,78,0.023179966367466553
HNRNPC:K562,79,0.0189218036677401
HNRNPC:K562,80,0.010932624127979018
HNRNPC:K562,81,0.016046604379191587
HNRNPC:K562,82,0.010428032365129125
HNRNPC:K562,83,0.008325032854718528
HNRNPC:K562,84,0.015977153924628285
HNRNPC:K562,85,0.018729124616243542
HNRNPC:K562,86,0.021816929902208848
HNRNPC:K562,87,0.01458361829723609
HNRNPC:K562,88,0.012740976098732815
HNRNPC:K562,89,0.010459454183122552
HNRNPC:K562,90,0.010178755686664598
HNRNPC:K562,91,0.019345026711118152
HNRNPC:K562,92,0.019870745683925994
HNRNPC:K562,93,0.024408134019628047
HNRNPC:K562,94,0.030358366488891453
HNRNPC:K562,95,0.021985282512624993
HNRNPC:K562,96,0.016032780874436492
HNRNPC:K562,97,0.013934610619328103
HNRNPC:K562,98,0.014900032636890215
HNRNPC:K562,99,0.017433281986031668
HNRNPC:K562,100,0.0165304298191582
HNRNPL:K562,0,0.007305915435269483
HNRNPL:K562,1,0.010341590476088625
HNRNPL:K562,2,0.006906835911493769
HNRNPL:K562,3,0.0077313716781699515
HNRNPL:K562,4,0.008312340637470106
HNRNPL:K562,5,0.008824218551308771
HNRNPL:K562,6,0.011033512297563774
HNRNPL:K562,7,0.007918442970377138
HNRNPL:K562,8,0.00841097561118409
HNRNPL:K562,9,0.009172328462175194
HNRNPL:K562,10,0.0074913297346028696
HNRNPL:K562,11,0.009992323600097164
HNRNPL:K562,12,0.008512260173747288
HNRNPL:K562,13,0.010613514784026501
HNRNPL:K562,14,0.010043877195273776
HNRNPL:K562,15,0.00616771772616842
HNRNPL:K562,16,0.008288647822799033
HNRNPL:K562,17,0.007595918086239273
HNRNPL:K562,18,0.010261381822249893
HNRNPL:K562,19,0.008492319180419594
HNRNPL:K562,20,0.007453187755870783
HNRNPL:K562,21,0.010559787419841427
HNRNPL:K562,22,0.006380652575180945
HNRNPL:K562,23,0.007395173664087484
HNRNPL:K562,24,0.006510592219337807
HNRNPL:K562,25,0.008476163458033703
HNRNPL:K562,26,0.008855037614622585
HNRNPL:K562,27,0.007646886840699807
HNRNPL:K562,28,0.007661736606709102
HNRNPL:K562,29,0.008253005695490367
HNRNPL:K562,30,0.007859611681209966
HNRNPL:K562,31,0.009391989703973036
HNRNPL:K562,32,0.00896109200093509
HNRNPL:K562,33,0.01047567354538792
HNRNPL:K562,34,0.00737906436457425
HNRNPL:K562,35,0.006893029764164504
HNRNPL:K562,36,0.008335901593933714
HNRNPL:K562,37,0.009433820292288786
HNRNPL:K562,38,0.009536286321625953
HNRNPL:K562,39,0.007455281649833667
HNRNPL:K562,40,0.007508262804878707
HNRNPL:K562,41,0.01307830033615942
HNRNPL:K562,42,0.007624844782336826
HNRNPL:K562,43,0.007994852353683024
HNRNPL:K562,44,0.00904745329846568
HNRNPL:K562,45,0.008196031944415205
HNRNPL:K562,46,0.009461210542429765
HNRNPL:K562,47,0.009772143817985857
HNRNPL:K562,48,0.007006563919737863
HNRNPL:K562,49,0.01092053171316476
HNRNPL:K562,50,0.011015093356841366
HNRNPL:K562,51,0.010021847305138998
HNRNPL:K562,52,0.011053743397069105
HNRNPL:K562,53,0.009941306370533476
HNRNPL:K562,54,0.009586418366986482
HNRNPL:K562,55,0.010082536268677833
HNRNPL:K562,56,0.0092093870338108
HNRNPL:K562,57,0.007283022112532844
HNRNPL:K562,58,0.011697657342149004
HNRNPL:K562,59,0.008568812343482168
HNRNPL:K562,60,0.010689492489431962
HNRNPL:K562,61,0.008573293930115078
HNRNPL:K562,62,0.007806008642359696
HNRNPL:K562,63,0.006300344722766527
HNRNPL:K562,64,0.006480960713480366
HNRNPL:K562,65,0.007550111588481068
HNRNPL:K562,66,0.005805149398916187
HNRNPL:K562,67,0.005335603008253864
HNRNPL:K562,68,0.005185083149941927
HNRNPL:K562,69,0.007468477549059882
HNRNPL:K562,70,0.0054181543164391055
HNRNPL:K562,71,0.005681237969298647
HNRNPL:K562,72,0.005139693714889093
HNRNPL:K562,73,0.006861591634180542
HNRNPL:K562,74,0.006661387202854696
HNRNPL:K562,75,0.005793209751994932
HNRNPL:K562,76,0.004797185408701443
HNRNPL:K562,77,0.005081514094644302
HNRNPL:K562,78,0.0037343641507840974
HNRNPL:K562,79,0.003267244410949388
HNRNPL:K562,80,0.0030223371745553562
HNRNPL:K562,81,0.0033320197080193292
HNRNPL:K562,82,0.004014719482412721
HNRNPL:K562,83,0.005368353691349248
HNRNPL:K562,84,0.003981901742637239
HNRNPL:K562,85,0.003992774477988403
HNRNPL:K562,86,0.002685098431040589
HNRNPL:K562,87,0.0034479721929181473
HNRNPL:K562,88,0.0023728346391163058
HNRNPL:K562,89,0.003265690788101905
HNRNPL:K562,90,0.0020432359258817367
HNRNPL:K562,91,0.0042869950270576496
HNRNPL:K562,92,0.002514681936273022
HNRNPL:K562,93,0.003410394254907967
HNRNPL:K562,94,0.0054138489234969445
HNRNPL:K562,95,0.002643742922687875
HNRNPL:K562,96,0.0014041852367050467
HNRNPL:K562,97,0.002604484502631621
HNRNPL:K562,98,0.001991928248280317
HNRNPL:K562,99,0.001982890861376152
HNRNPL:K562,100,0.002119767247725113
HNRNPM:HepG2,0,0.006404120655401635
HNRNPM:HepG2,1,0.005805345846565002
HNRNPM:HepG2,2,0.009335211254920095
HNRNPM:HepG2,3,0.008672544424696893
HNRNPM:HepG2,4,0.00647521231930448
HNRNPM:HepG2,5,0.006792830450486509
HNRNPM:HepG2,6,0.009279255692412391
HNRNPM:HepG2,7,0.009492341931715997
HNRNPM:HepG2,8,0.00940108886212565
HNRNPM:HepG2,9,0.011053396090182077
HNRNPM:HepG2,10,0.009642114729830453
HNRNPM:HepG2,11,0.010953099313488313
HNRNPM:HepG2,12,0.010341403795047999
HNRNPM:HepG2,13,0.012313686576411076
HNRNPM:HepG2,14,0.011435297078312145
HNRNPM:HepG2,15,0.01296891544794998
HNRNPM:HepG2,16,0.013238766771913824
HNRNPM:HepG2,17,0.013999526566252807
HNRNPM:HepG2,18,0.011599994370985578
HNRNPM:HepG2,19,0.01300157890881759
HNRNPM:HepG2,20,0.013159291207027746
HNRNPM:HepG2,21,0.014865514040194538
HNRNPM:HepG2,22,0.01546300842477466
HNRNPM:HepG2,23,0.015291025694889049
HNRNPM:HepG2,24,0.01632025417431371
HNRNPM:HepG2,25,0.016198658192233983
HNRNPM:HepG2,26,0.016073382340600295
HNRNPM:HepG2,27,0.01801752013289515
HNRNPM:HepG2,28,0.019151060191087366
HNRNPM:HepG2,29,0.017392619891745564
HNRNPM:HepG2,30,0.021722290781581943
HNRNPM:HepG2,31,0.022001352093810267
HNRNPM:HepG2,32,0.024877243368238933
HNRNPM:HepG2,33,0.022406375441555326
HNRNPM:HepG2,34,0.021862355608174733
HNRNPM:HepG2,35,0.02242203903680573
HNRNPM:HepG2,36,0.021230141086050258
HNRNPM:HepG2,37,0.020096428340404593
HNRNPM:HepG2,38,0.020616751084841733
HNRNPM:HepG2,39,0.023270591573592125
HNRNPM:HepG2,40,0.019935937664096848
HNRNPM:HepG2,41,0.021215356074353764
HNRNPM:HepG2,42,0.020999258194339454
HNRNPM:HepG2,43,0.02238609885961762
HNRNPM:HepG2,44,0.020344212510837956
HNRNPM:HepG2,45,0.02136885273989997
HNRNPM:HepG2,46,0.02191687292899336
HNRNPM:HepG2,47,0.019710304564466874
HNRNPM:HepG2,48,0.019948228293956483
HNRNPM:HepG2,49,0.020354873230726267
HNRNPM:HepG2,50,0.017585330084140427
HNRNPM:HepG2,51,0.016942409460305008
HNRNPM:HepG2,52,0.017944707656203374
HNRNPM:HepG2,53,0.015484686641152878
HNRNPM:HepG2,54,0.014183087788744997
HNRNPM:HepG2,55,0.013751361012859231
HNRNPM:HepG2,56,0.014673755203691297
HNRNPM:HepG2,57,0.013109697654628993
HNRNPM:HepG2,58,0.013660557341365398
HNRNPM:HepG2,59,0.013049150589156011
HNRNPM:HepG2,60,0.012094520106118334
HNRNPM:HepG2,61,0.013205869302839401
HNRNPM:HepG2,62,0.012973862099678435
HNRNPM:HepG2,63,0.010388213862870144
HNRNPM:HepG2,64,0.011845102731241175
HNRNPM:HepG2,65,0.010600139713665246
HNRNPM:HepG2,66,0.00925720678827302
HNRNPM:HepG2,67,0.01228401291934278
HNRNPM:HepG2,68,0.00816538113336207
HNRNPM:HepG2,69,0.010159282524502933
HNRNPM:HepG2,70,0.010676191706643356
HNRNPM:HepG2,71,0.009540887922149022
HNRNPM:HepG2,72,0.006546601876891045
HNRNPM:HepG2,73,0.008411052125775864
HNRNPM:HepG2,74,0.0102162936868202
HNRNPM:HepG2,75,0.008041299140079339
HNRNPM:HepG2,76,0.009084143950076173
HNRNPM:HepG2,77,0.008943213104480763
HNRNPM:HepG2,78,0.008400447209309325
HNRNPM:HepG2,79,0.007585419263200555
HNRNPM:HepG2,80,0.00818295874084174
HNRNPM:HepG2,81,0.007454636800147241
HNRNPM:HepG2,82,0.007808124886996781
HNRNPM:HepG2,83,0.008128738834780824
HNRNPM:HepG2,84,0.006800025465139914
HNRNPM:HepG2,85,0.007390900644604681
HNRNPM:HepG2,86,0.007502820359905682
HNRNPM:HepG2,87,0.008205083645367983
HNRNPM:HepG2,88,0.009086249551552683
HNRNPM:HepG2,89,0.006904902528590884
HNRNPM:HepG2,90,0.009892784940191968
HNRNPM:HepG2,91,0.006881920012737908
HNRNPM:HepG2,92,0.006273184257536757
HNRNPM:HepG2,93,0.007468925503539614
HNRNPM:HepG2,94,0.0064798147087112845
HNRNPM:HepG2,95,0.006628522499244949
HNRNPM:HepG2,96,0.006416161080207372
HNRNPM:HepG2,97,0.006919597292396773
HNRNPM:HepG2,98,0.005238429152892854
HNRNPM:HepG2,99,0.006447779445526436
HNRNPM:HepG2,100,0.007875640215195823
HNRNPUL1:HepG2,0,0.010551094441212938
HNRNPUL1:HepG2,1,0.01969461106786985
HNRNPUL1:HepG2,2,0.027441463712367442
HNRNPUL1:HepG2,3,0.021054517984439247
HNRNPUL1:HepG2,4,0.02579986838347137
HNRNPUL1:HepG2,5,0.029656710638041206
HNRNPUL1:HepG2,6,0.027663819102468956
HNRNPUL1:HepG2,7,0.02437402785772902
HNRNPUL1:HepG2,8,0.025972264487432062
HNRNPUL1:HepG2,9,0.024699984407402176
HNRNPUL1:HepG2,10,0.013065615901588945
HNRNPUL1:HepG2,11,0.019337335973587
HNRNPUL1:HepG2,12,0.014975913817279363
HNRNPUL1:HepG2,13,0.02887049930712471
HNRNPUL1:HepG2,14,0.01894725247930351
HNRNPUL1:HepG2,15,0.0196686158073055
HNRNPUL1:HepG2,16,0.016279260899181525
HNRNPUL1:HepG2,17,0.017289423783762414
HNRNPUL1:HepG2,18,0.023879252273952933
HNRNPUL1:HepG2,19,0.028691515935019174
HNRNPUL1:HepG2,20,0.022895128480209026
HNRNPUL1:HepG2,21,0.022837450737863807
HNRNPUL1:HepG2,22,0.020581663721574772
HNRNPUL1:HepG2,23,0.024157515164895838
HNRNPUL1:HepG2,24,0.014596364942863982
HNRNPUL1:HepG2,25,0.023365696227779065
HNRNPUL1:HepG2,26,0.021277971759914083
HNRNPUL1:HepG2,27,0.025916309688557515
HNRNPUL1:HepG2,28,0.017056008321820526
HNRNPUL1:HepG2,29,0.024324168647058553
HNRNPUL1:HepG2,30,0.017424559351771896
HNRNPUL1:HepG2,31,0.019848946928465727
HNRNPUL1:HepG2,32,0.014149865986541332
HNRNPUL1:HepG2,33,0.026580861680403745
HNRNPUL1:HepG2,34,0.011091480186259939
HNRNPUL1:HepG2,35,0.02427312364584777
HNRNPUL1:HepG2,36,0.00830086671816277
HNRNPUL1:HepG2,37,0.011643947354310513
HNRNPUL1:HepG2,38,0.009864638312090501
HNRNPUL1:HepG2,39,0.008640866240273604
HNRNPUL1:HepG2,40,0.008698969090950692
HNRNPUL1:HepG2,41,0.035310410598210606
HNRNPUL1:HepG2,42,0.014080317732051761
HNRNPUL1:HepG2,43,0.011213257334574567
HNRNPUL1:HepG2,44,0.017066764235635246
HNRNPUL1:HepG2,45,0.007323205593672721
HNRNPUL1:HepG2,46,0.004061379577949498
HNRNPUL1:HepG2,47,0.005280657614781692
HNRNPUL1:HepG2,48,0.014944321966234964
HNRNPUL1:HepG2,49,0.007173854914160227
HNRNPUL1:HepG2,50,0.0085677463169066
HNRNPUL1:HepG2,51,0.006914898974302086
HNRNPUL1:HepG2,52,0.0043597127367003274
HNRNPUL1:HepG2,53,0.0025939476657037552
HNRNPUL1:HepG2,54,0.0012308430665325387
HNRNPUL1:HepG2,55,0.002217648190262933
HNRNPUL1:HepG2,56,0.0032340922753177903
HNRNPUL1:HepG2,57,0.007574863419583799
HNRNPUL1:HepG2,58,0.004833040160318269
HNRNPUL1:HepG2,59,0.0018449810068642547
HNRNPUL1:HepG2,60,0.006712077309525166
HNRNPUL1:HepG2,61,0.0008092636603728165
HNRNPUL1:HepG2,62,0.004022248466571621
HNRNPUL1:HepG2,63,0.004658937193949941
HNRNPUL1:HepG2,64,0.004096632273214218
HNRNPUL1:HepG2,65,0.0006925045481853687
HNRNPUL1:HepG2,66,0.007539146440937672
HNRNPUL1:HepG2,67,0.0011062046703396167
HNRNPUL1:HepG2,68,0.00201440686777965
HNRNPUL1:HepG2,69,0.0030364940496618864
HNRNPUL1:HepG2,70,0.0019371924116365902
HNRNPUL1:HepG2,71,0.004926970331059266
HNRNPUL1:HepG2,72,0.005038195807147372
HNRNPUL1:HepG2,73,0.010929677524170178
HNRNPUL1:HepG2,74,0.005722650036284027
HNRNPUL1:HepG2,75,0.0031237223820037574
HNRNPUL1:HepG2,76,0.0025951562000802175
HNRNPUL1:HepG2,77,0.00230049735114779
HNRNPUL1:HepG2,78,0.01192432926626319
HNRNPUL1:HepG2,79,0.0014018644634266053
HNRNPUL1:HepG2,80,0.00449943718133583
HNRNPUL1:HepG2,81,0.002565078337784854
HNRNPUL1:HepG2,82,0.004288201450058482
HNRNPUL1:HepG2,83,0.007892563387037699
HNRNPUL1:HepG2,84,0.0003464700386967001
HNRNPUL1:HepG2,85,0.004412229169744153
HNRNPUL1:HepG2,86,0.00394562252711661
HNRNPUL1:HepG2,87,0.003514823205006623
HNRNPUL1:HepG2,88,0.005195563637203304
HNRNPUL1:HepG2,89,0.0033156306197044128
HNRNPUL1:HepG2,90,0.0006092779654592873
HNRNPUL1:HepG2,91,0.0012150893768814175
HNRNPUL1:HepG2,92,0.011193244628759036
HNRNPUL1:HepG2,93,0.0019601219200099385
HNRNPUL1:HepG2,94,0.008305901542066896
HNRNPUL1:HepG2,95,0.004196698347190719
HNRNPUL1:HepG2,96,0.0009177957489326927
HNRNPUL1:HepG2,97,0.0013257976334626331
HNRNPUL1:HepG2,98,0.001407831588694286
HNRNPUL1:HepG2,99,0.0019278326145996116
HNRNPUL1:HepG2,100,0.0008373063162606664
IGF2BP1:K562,0,0.0009385861856121558
IGF2BP1:K562,1,0.0021797917150826462
IGF2BP1:K562,2,0.0019520329939954895
IGF2BP1:K562,3,0.003181347432707371
IGF2BP1:K562,4,0.0023226339749439218
IGF2BP1:K562,5,0.003163911421110388
IGF2BP1:K562,6,0.003229228882288604
IGF2BP1:K562,7,0.0030929140340254513
IGF2BP1:K562,8,0.0027826196930980096
IGF2BP1:K562,9,0.003064171939984872
IGF2BP1:K562,10,0.0031273016709626456
IGF2BP1:K562,11,0.003184076756020282
IGF2BP1:K562,12,0.0033900963405177897
IGF2BP1:K562,13,0.004178141494276755
IGF2BP1:K562,14,0.004096805255488167
IGF2BP1:K562,15,0.005016712707195725
IGF2BP1:K562,16,0.005978654932742078
IGF2BP1:K562,17,0.0036068436218221755
IGF2BP1:K562,18,0.004495991306217917
IGF2BP1:K562,19,0.003688222503525296
IGF2BP1:K562,20,0.007025971547594656
IGF2BP1:K562,21,0.005379053586900939
IGF2BP1:K562,22,0.004442816231626789
IGF2BP1:K562,23,0.003948708692553149
IGF2BP1:K562,24,0.006171317952041289
IGF2BP1:K562,25,0.0047262720364378286
IGF2BP1:K562,26,0.002656772901826421
IGF2BP1:K562,27,0.003446420227172564
IGF2BP1:K562,28,0.006336607350857171
IGF2BP1:K562,29,0.00446767254652114
IGF2BP1:K562,30,0.003116354772575436
IGF2BP1:K562,31,0.0030881241870412968
IGF2BP1:K562,32,0.0017613943498846485
IGF2BP1:K562,33,0.0029624324990358275
IGF2BP1:K562,34,0.0030267011278416467
IGF2BP1:K562,35,0.0031146569333038165
IGF2BP1:K562,36,0.002712269747783491
IGF2BP1:K562,37,0.004130669492698136
IGF2BP1:K562,38,0.002168317068178771
IGF2BP1:K562,39,0.0036990860858038266
IGF2BP1:K562,40,0.002244757868628988
IGF2BP1:K562,41,0.002907189840799962
IGF2BP1:K562,42,0.0022299992012871916
IGF2BP1:K562,43,0.0015021092476350528
IGF2BP1:K562,44,0.002212421054105018
IGF2BP1:K562,45,0.0016983707363862344
IGF2BP1:K562,46,0.0015618633389006265
IGF2BP1:K562,47,0.0017291203337828076
IGF2BP1:K562,48,0.0019811452048001943
IGF2BP1:K562,49,0.0022576750833109838
IGF2BP1:K562,50,0.0028712116015741085
IGF2BP1:K562,51,0.0015631424863399301
IGF2BP1:K562,52,0.0018185709907898584
IGF2BP1:K562,53,0.0003903030520284734
IGF2BP1:K562,54,0.0006565298616962867
IGF2BP1:K562,55,0.0007700468425322349
IGF2BP1:K562,56,0.0008892258243335949
IGF2BP1:K562,57,0.00025729061088153315
IGF2BP1:K562,58,0.0005182701584147686
IGF2BP1:K562,59,0.0006751185013799121
IGF2BP1:K562,60,0.0004649767427467033
IGF2BP1:K562,61,0.0002662035911463745
IGF2BP1:K562,62,0.0003855694246774899
IGF2BP1:K562,63,0.0002008773443784584
IGF2BP1:K562,64,0.0002590430084331574
IGF2BP1:K562,65,0.00021274970193529974
IGF2BP1:K562,66,0.00016876395467280147
IGF2BP1:K562,67,0.00016680854250661348
IGF2BP1:K562,68,5.4111107296805905e-05
IGF2BP1:K562,69,0.0004262837907720307
IGF2BP1:K562,70,0.00011847265051301292
IGF2BP1:K562,71,0.000185065516551286
IGF2BP1:K562,72,0.00025206584526293874
IGF2BP1:K562,73,0.0004634303101047621
IGF2BP1:K562,74,0.00017119963419531814
IGF2BP1:K562,75,0.0002125671463513168
IGF2BP1:K562,76,0.00012942153516515287
IGF2BP1:K562,77,0.00011677697810807963
IGF2BP1:K562,78,0.0001191671178966125
IGF2BP1:K562,79,0.0009156014772402354
IGF2BP1:K562,80,0.00026741666638419037
IGF2BP1:K562,81,0.00014899487202635342
IGF2BP1:K562,82,7.680478495830645e-05
IGF2BP1:K562,83,0.00023037871732634052
IGF2BP1:K562,84,0.0003089506651736684
IGF2BP1:K562,85,0.0001825165462951972
IGF2BP1:K562,86,0.0007266271498371779
IGF2BP1:K562,87,0.0004857078455122732
IGF2BP1:K562,88,0.00018503593780483385
IGF2BP1:K562,89,1.3894896863986261e-05
IGF2BP1:K562,90,0.0005978746965485948
IGF2BP1:K562,91,0.0015285463483415418
IGF2BP1:K562,92,0.00046576933496911277
IGF2BP1:K562,93,0.0007258498176025974
IGF2BP1:K562,94,6.857197322363007e-05
IGF2BP1:K562,95,0.00041367917161405643
IGF2BP1:K562,96,0.00018174536184545342
IGF2BP1:K562,97,0.00016304795487509516
IGF2BP1:K562,98,0.00048232751669430307
IGF2BP1:K562,99,6.82946415565544e-05
IGF2BP1:K562,100,0.00024202354864710784
KHSRP:HepG2,0,0.006841278862074196
KHSRP:HepG2,1,0.00698999237536202
KHSRP:HepG2,2,0.006852851669752358
KHSRP:HepG2,3,0.00637776163497672
KHSRP:HepG2,4,0.007202853953938382
KHSRP:HepG2,5,0.0097861513938029
KHSRP:HepG2,6,0.00905194115746455
KHSRP:HepG2,7,0.008356186846089075
KHSRP:HepG2,8,0.012265224947754394
KHSRP:HepG2,9,0.012005824409821786
KHSRP:HepG2,10,0.012649137222187523
KHSRP:HepG2,11,0.010040725863707745
KHSRP:HepG2,12,0.009892693729344537
KHSRP:HepG2,13,0.008772610116505541
KHSRP:HepG2,14,0.010101389264149718
KHSRP:HepG2,15,0.009455870475451489
KHSRP:HepG2,16,0.010017495864240278
KHSRP:HepG2,17,0.01164164555540359
KHSRP:HepG2,18,0.01143904970551235
KHSRP:HepG2,19,0.01169340621119419
KHSRP:HepG2,20,0.011156868036860446
KHSRP:HepG2,21,0.009826268301273977
KHSRP:HepG2,22,0.00944358474351814
KHSRP:HepG2,23,0.010390323018955816
KHSRP:HepG2,24,0.012428381864749038
KHSRP:HepG2,25,0.010753303427087468
KHSRP:HepG2,26,0.008017245373537207
KHSRP:HepG2,27,0.005619584408721678
KHSRP:HepG2,28,0.008808893004319973
KHSRP:HepG2,29,0.009112587175134301
KHSRP:HepG2,30,0.008971290241979624
KHSRP:HepG2,31,0.0055222935648195914
KHSRP:HepG2,32,0.0069499470174536615
KHSRP:HepG2,33,0.008482256740310667
KHSRP:HepG2,34,0.010980062266129798
KHSRP:HepG2,35,0.007727673083553155
KHSRP:HepG2,36,0.006518230694670835
KHSRP:HepG2,37,0.005924279552555145
KHSRP:HepG2,38,0.007819174460027667
KHSRP:HepG2,39,0.005406027210470121
KHSRP:HepG2,40,0.006186453596402242
KHSRP:HepG2,41,0.00789791495891179
KHSRP:HepG2,42,0.007602011768845118
KHSRP:HepG2,43,0.005911722303042044
KHSRP:HepG2,44,0.007825965914569855
KHSRP:HepG2,45,0.005551486578396214
KHSRP:HepG2,46,0.0061983754083343445
KHSRP:HepG2,47,0.004481579837744332
KHSRP:HepG2,48,0.005686079650610187
KHSRP:HepG2,49,0.005762996672068477
KHSRP:HepG2,50,0.005936248554639034
KHSRP:HepG2,51,0.0042341631101461275
KHSRP:HepG2,52,0.005041255698773339
KHSRP:HepG2,53,0.006422028376992239
KHSRP:HepG2,54,0.004421816786003396
KHSRP:HepG2,55,0.002706012438305372
KHSRP:HepG2,56,0.006850740894314145
KHSRP:HepG2,57,0.0032058346795676984
KHSRP:HepG2,58,0.004350854628200729
KHSRP:HepG2,59,0.0042127522818045104
KHSRP:HepG2,60,0.0029408387348244247
KHSRP:HepG2,61,0.0031755483377645666
KHSRP:HepG2,62,0.0027791376836743265
KHSRP:HepG2,63,0.004393325524924885
KHSRP:HepG2,64,0.004405791467117726
KHSRP:HepG2,65,0.0036129280099725936
KHSRP:HepG2,66,0.0024270134634886142
KHSRP:HepG2,67,0.002193705245074007
KHSRP:HepG2,68,0.00374542799570321
KHSRP:HepG2,69,0.002403055750424432
KHSRP:HepG2,70,0.0023055228736713618
KHSRP:HepG2,71,0.0031498517698190787
KHSRP:HepG2,72,0.0018750017306405908
KHSRP:HepG2,73,0.0026887940939972488
KHSRP:HepG2,74,0.0036460045048838374
KHSRP:HepG2,75,0.0028268810141305334
KHSRP:HepG2,76,0.0027266300665571563
KHSRP:HepG2,77,0.0035896586911843276
KHSRP:HepG2,78,0.001618335008110483
KHSRP:HepG2,79,0.0012421021578237212
KHSRP:HepG2,80,0.0021969169768829566
KHSRP:HepG2,81,0.0026286279441238847
KHSRP:HepG2,82,0.0023142875879382796
KHSRP:HepG2,83,0.0014945981660178242
KHSRP:HepG2,84,0.0015460144020651434
KHSRP:HepG2,85,0.0020859669926093227
KHSRP:HepG2,86,0.002228633024224491
KHSRP:HepG2,87,0.0018565020793130937
KHSRP:HepG2,88,0.0012161295037538267
KHSRP:HepG2,89,0.0034045445955376286
KHSRP:HepG2,90,0.0024088049258572664
KHSRP:HepG2,91,0.0018776200161265688
KHSRP:HepG2,92,0.002783397510459751
KHSRP:HepG2,93,0.001167558046281103
KHSRP:HepG2,94,0.0014300123019137523
KHSRP:HepG2,95,0.0031518056280379625
KHSRP:HepG2,96,0.002151425298186016
KHSRP:HepG2,97,0.0019614725686667445
KHSRP:HepG2,98,0.0023052960536669165
KHSRP:HepG2,99,0.0014731626614795656
KHSRP:HepG2,100,0.0012612601183219496
KHSRP:K562,0,0.0042418865550205576
KHSRP:K562,1,0.003992279471076499
KHSRP:K562,2,0.00497848122309219
KHSRP:K562,3,0.0038549013739470617
KHSRP:K562,4,0.0056497759040571305
KHSRP:K562,5,0.004635327692459668
KHSRP:K562,6,0.005712785443832247
KHSRP:K562,7,0.005029267216150046
KHSRP:K562,8,0.005310784596171958
KHSRP:K562,9,0.005928093832424763
KHSRP:K562,10,0.006379097816288981
KHSRP:K562,11,0.005843723025825476
KHSRP:K562,12,0.007126934666247919
KHSRP:K562,13,0.007029232511999384
KHSRP:K562,14,0.00574259270229871
KHSRP:K562,15,0.006719809638999097
KHSRP:K562,16,0.006968957169763312
KHSRP:K562,17,0.00691557169343926
KHSRP:K562,18,0.006321771255482722
KHSRP:K562,19,0.0067282292817041345
KHSRP:K562,20,0.007117793768893432
KHSRP:K562,21,0.006430152797761046
KHSRP:K562,22,0.006731434921101398
KHSRP:K562,23,0.00667388810241476
KHSRP:K562,24,0.006430011476328712
KHSRP:K562,25,0.007556734637298779
KHSRP:K562,26,0.007111305633826004
KHSRP:K562,27,0.007932862298113186
KHSRP:K562,28,0.008099177529295343
KHSRP:K562,29,0.007740240515837216
KHSRP:K562,30,0.0075748933427401965
KHSRP:K562,31,0.008029514615187416
KHSRP:K562,32,0.0064794231666287505
KHSRP:K562,33,0.008432073249331928
KHSRP:K562,34,0.008454530857899156
KHSRP:K562,35,0.008149549496115238
KHSRP:K562,36,0.008627549061451356
KHSRP:K562,37,0.008601470876857364
KHSRP:K562,38,0.007814758607582739
KHSRP:K562,39,0.011525100495836327
KHSRP:K562,40,0.009320250689646703
KHSRP:K562,41,0.009847703902581495
KHSRP:K562,42,0.009852391203885702
KHSRP:K562,43,0.010547435845862596
KHSRP:K562,44,0.009780871495227883
KHSRP:K562,45,0.008806140868582224
KHSRP:K562,46,0.008821415144873113
KHSRP:K562,47,0.008852122654351202
KHSRP:K562,48,0.008401341672076068
KHSRP:K562,49,0.009445802865994724
KHSRP:K562,50,0.008372794580518761
KHSRP:K562,51,0.00743439149210845
KHSRP:K562,52,0.009107772078209675
KHSRP:K562,53,0.009255069313264253
KHSRP:K562,54,0.007654455920670378
KHSRP:K562,55,0.008586132505561395
KHSRP:K562,56,0.007901111479472589
KHSRP:K562,57,0.008276721755756888
KHSRP:K562,58,0.00652443865035468
KHSRP:K562,59,0.007911401044479405
KHSRP:K562,60,0.007196455757176423
KHSRP:K562,61,0.00739701737687759
KHSRP:K562,62,0.0076292705135690975
KHSRP:K562,63,0.007173854995170759
KHSRP:K562,64,0.006541394423971392
KHSRP:K562,65,0.0077496043071966225
KHSRP:K562,66,0.008583822818200693
KHSRP:K562,67,0.005656062286567343
KHSRP:K562,68,0.0065529560058406044
KHSRP:K562,69,0.004905417001150436
KHSRP:K562,70,0.005712095099199566
KHSRP:K562,71,0.0068714782364069915
KHSRP:K562,72,0.006451667127498784
KHSRP:K562,73,0.0051424402066437835
KHSRP:K562,74,0.00619456369873328
KHSRP:K562,75,0.005659591896860494
KHSRP:K562,76,0.005272815632144212
KHSRP:K562,77,0.0055168926546284025
KHSRP:K562,78,0.005152685786016686
KHSRP:K562,79,0.00443314812464668
KHSRP:K562,80,0.004288625940950586
KHSRP:K562,81,0.003751848248688461
KHSRP:K562,82,0.004037503384211938
KHSRP:K562,83,0.004212425447456147
KHSRP:K562,84,0.0040468454961992695
KHSRP:K562,85,0.005403834095701887
KHSRP:K562,86,0.004217197492274005
KHSRP:K562,87,0.0037578930779545994
KHSRP:K562,88,0.0040722026298389835
KHSRP:K562,89,0.0036153593509204995
KHSRP:K562,90,0.003456415978432492
KHSRP:K562,91,0.0036161762988381474
KHSRP:K562,92,0.0035409376841049056
KHSRP:K562,93,0.00401868871177935
KHSRP:K562,94,0.004052035213468974
KHSRP:K562,95,0.0035467098692050225
KHSRP:K562,96,0.0036194698187415053
KHSRP:K562,97,0.004999495553241973
KHSRP:K562,98,0.003827676052512885
KHSRP:K562,99,0.003390306817254274
KHSRP:K562,100,0.003665782949871854
LARP4:HepG2,0,0.0005390308042277914
LARP4:HepG2,1,0.0007392167460660293
LARP4:HepG2,2,0.00131691179671245
LARP4:HepG2,3,0.0008957486808143234
LARP4:HepG2,4,0.001129770880270775
LARP4:HepG2,5,0.0008271500467990078
LARP4:HepG2,6,0.0008574634885173404
LARP4:HepG2,7,0.000907266219049907
LARP4:HepG2,8,0.0009616249635595597
LARP4:HepG2,9,0.0009454389689071974
LARP4:HepG2,10,0.0013941118202571712
LARP4:HepG2,11,0.0011969656252804883
LARP4:HepG2,12,0.0008057969529411402
LARP4:HepG2,13,0.001359049211020924
LARP4:HepG2,14,0.0009693459908168833
LARP4:HepG2,15,0.0012209980961455091
LARP4:HepG2,16,0.0018176028530929589
LARP4:HepG2,17,0.001278175080116406
LARP4:HepG2,18,0.0024054581516879114
LARP4:HepG2,19,0.0038970071397783634
LARP4:HepG2,20,0.002851259543076412
LARP4:HepG2,21,0.0024135822938524676
LARP4:HepG2,22,0.0031307965693339046
LARP4:HepG2,23,0.002329412579578305
LARP4:HepG2,24,0.0024055645909010215
LARP4:HepG2,25,0.002759094417994268
LARP4:HepG2,26,0.0028771933852971276
LARP4:HepG2,27,0.004487797596879561
LARP4:HepG2,28,0.004131207574064932
LARP4:HepG2,29,0.0018276223490197863
LARP4:HepG2,30,0.002796947158868246
LARP4:HepG2,31,0.0033619604979102657
LARP4:HepG2,32,0.002972098993209049
LARP4:HepG2,33,0.002317787142809169
LARP4:HepG2,34,0.003810218008882038
LARP4:HepG2,35,0.002840455595844338
LARP4:HepG2,36,0.0014101534568289331
LARP4:HepG2,37,0.0021862667125871482
LARP4:HepG2,38,0.0015696095519880382
LARP4:HepG2,39,0.002141337941488075
LARP4:HepG2,40,0.0005592081111341907
LARP4:HepG2,41,0.0008969229614672614
LARP4:HepG2,42,0.00031673639542584286
LARP4:HepG2,43,0.0011273197360242015
LARP4:HepG2,44,0.0017358303417257526
LARP4:HepG2,45,0.0018022580884027306
LARP4:HepG2,46,0.0010992068955677503
LARP4:HepG2,47,0.0007680064687127786
LARP4:HepG2,48,0.001948461018616121
LARP4:HepG2,49,0.0017590503880177133
LARP4:HepG2,50,0.001170531175333167
LARP4:HepG2,51,0.0011480747131930036
LARP4:HepG2,52,0.0033591583885551612
LARP4:HepG2,53,0.0007385526131873377
LARP4:HepG2,54,0.0015141368168050118
LARP4:HepG2,55,0.0030495063930399136
LARP4:HepG2,56,0.0011967300002966308
LARP4:HepG2,57,0.001757058803795175
LARP4:HepG2,58,0.0029513175447622997
LARP4:HepG2,59,0.001459986788640677
LARP4:HepG2,60,0.00023554055840302457
LARP4:HepG2,61,0.0010924103887035574
LARP4:HepG2,62,0.0007212708188460981
LARP4:HepG2,63,0.0006578355632627098
LARP4:HepG2,64,0.0004716116179968033
LARP4:HepG2,65,0.0004892607961290985
LARP4:HepG2,66,0.000584774975036062
LARP4:HepG2,67,0.0010047682000359215
LARP4:HepG2,68,0.0004543428476947442
LARP4:HepG2,69,0.00034642685366947923
LARP4:HepG2,70,0.0003461782626805743
LARP4:HepG2,71,0.00015217949014112442
LARP4:HepG2,72,0.00036713161241874737
LARP4:HepG2,73,0.0004242840915702484
LARP4:HepG2,74,0.0003632510509073983
LARP4:HepG2,75,5.205428331989115e-05
LARP4:HepG2,76,0.0003161310564294695
LARP4:HepG2,77,9.756536951122108e-05
LARP4:HepG2,78,5.8680008397593575e-05
LARP4:HepG2,79,6.972240280389563e-05
LARP4:HepG2,80,0.00010868906558880731
LARP4:HepG2,81,0.00018664448953331636
LARP4:HepG2,82,3.516135505621243e-05
LARP4:HepG2,83,7.375740796944363e-05
LARP4:HepG2,84,0.0003327288654195737
LARP4:HepG2,85,0.00016639380298155704
LARP4:HepG2,86,7.010123331241402e-05
LARP4:HepG2,87,0.0005346280912742474
LARP4:HepG2,88,0.00015775733994183305
LARP4:HepG2,89,8.430461603015083e-05
LARP4:HepG2,90,0.0004258276038241471
LARP4:HepG2,91,0.0001429237588168597
LARP4:HepG2,92,4.440774550751314e-05
LARP4:HepG2,93,0.0004787132425116969
LARP4:HepG2,94,4.1984099482861303e-05
LARP4:HepG2,95,0.00033342561491778167
LARP4:HepG2,96,0.0002451249348818241
LARP4:HepG2,97,0.00030701297184998477
LARP4:HepG2,98,0.00019036280576956166
LARP4:HepG2,99,0.00023939714437437587
LARP4:HepG2,100,0.0006521230005238632
LARP4:K562,0,0.0033729526981776115
LARP4:K562,1,0.0020763786867692424
LARP4:K562,2,0.003255329245321237
LARP4:K562,3,0.0003411528415905307
LARP4:K562,4,0.0022221488765682418
LARP4:K562,5,0.00405033746068395
LARP4:K562,6,0.0024356592231639107
LARP4:K562,7,0.004154831700190931
LARP4:K562,8,0.0076282356747283675
LARP4:K562,9,0.0018465393784262707
LARP4:K562,10,0.004371988055023812
LARP4:K562,11,0.0020053247680327235
LARP4:K562,12,0.00563271728663306
LARP4:K562,13,0.0066609053021127185
LARP4:K562,14,0.00671172050632618
LARP4:K562,15,0.0049948587157939706
LARP4:K562,16,0.006671997022730469
LARP4:K562,17,0.0016389800270342203
LARP4:K562,18,0.0021158413842692347
LARP4:K562,19,0.008092847687794391
LARP4:K562,20,0.0051876646937192294
LARP4:K562,21,0.002331094585479754
LARP4:K562,22,0.006136521452845711
LARP4:K562,23,0.005034510376243917
LARP4:K562,24,0.003960754511465936
LARP4:K562,25,0.003171357790764384
LARP4:K562,26,0.005816857381425566
LARP4:K562,27,0.0014085651286923628
LARP4:K562,28,0.007996722582643834
LARP4:K562,29,0.0040616641279533905
LARP4:K562,30,0.001496564402000189
LARP4:K562,31,0.003145283129726728
LARP4:K562,32,0.002985125472410477
LARP4:K562,33,0.0057015614689022165
LARP4:K562,34,0.012708432438877537
LARP4:K562,35,0.004724388499811827
LARP4:K562,36,0.008860420500451771
LARP4:K562,37,0.0015886468333712322
LARP4:K562,38,0.009317546949114464
LARP4:K562,39,0.009571422636316607
LARP4:K562,40,0.00869660916665893
LARP4:K562,41,0.004557891472644293
LARP4:K562,42,0.004290109235582484
LARP4:K562,43,0.018219245846560317
LARP4:K562,44,0.013951273125876629
LARP4:K562,45,0.023691808738627862
LARP4:K562,46,0.006363655717846695
LARP4:K562,47,0.007560028357814774
LARP4:K562,48,0.004953477769815473
LARP4:K562,49,0.005086920522513028
LARP4:K562,50,0.008137101421517023
LARP4:K562,51,0.0065782147085218234
LARP4:K562,52,0.01906822281857745
LARP4:K562,53,0.006581356791096948
LARP4:K562,54,0.009041738831483292
LARP4:K562,55,0.0022578546872203953
LARP4:K562,56,0.0034268268352029008
LARP4:K562,57,0.008303139197652576
LARP4:K562,58,0.0011799161090675359
LARP4:K562,59,0.003957508770923934
LARP4:K562,60,0.0031223360521948074
LARP4:K562,61,0.005460192894483962
LARP4:K562,62,0.007783301313863178
LARP4:K562,63,0.0031726378943963685
LARP4:K562,64,0.008840997103964576
LARP4:K562,65,0.006695682480642673
LARP4:K562,66,0.0050550188350331204
LARP4:K562,67,0.0034260221482145248
LARP4:K562,68,0.0042846540432772695
LARP4:K562,69,0.00022079925248663645
LARP4:K562,70,0.0009190914654080284
LARP4:K562,71,0.006175944383166931
LARP4:K562,72,0.006855486298823044
LARP4:K562,73,0.006372856036777952
LARP4:K562,74,0.011468269817279886
LARP4:K562,75,0.002254149796513394
LARP4:K562,76,0.006181613705454003
LARP4:K562,77,0.0031465077891001947
LARP4:K562,78,0.003282135694171573
LARP4:K562,79,0.004336379018877845
LARP4:K562,80,0.0018554666040146994
LARP4:K562,81,0.0021421488820363432
LARP4:K562,82,0.006717726759014608
LARP4:K562,83,0.0015769919978116942
LARP4:K562,84,0.0011896966519197028
LARP4:K562,85,0.004796619239909705
LARP4:K562,86,0.00040166618500814266
LARP4:K562,87,0.000909424132208958
LARP4:K562,88,0.0016131225343956057
LARP4:K562,89,0.0038786812032954865
LARP4:K562,90,0.0010258834751368795
LARP4:K562,91,0.0027117840755428446
LARP4:K562,92,0.0012855263185317378
LARP4:K562,93,0.004081995479999434
LARP4:K562,94,0.002561188292650174
LARP4:K562,95,0.00471023235871626
LARP4:K562,96,0.0034327228163681944
LARP4:K562,97,0.006182687856969515
LARP4:K562,98,0.004619921737626154
LARP4:K562,99,0.0009109592836377134
LARP4:K562,100,0.0027549363016827755
LIN28B:K562,0,0.001167411010804864
LIN28B:K562,1,0.0010222788878420097
LIN28B:K562,2,0.00021934715283944417
LIN28B:K562,3,0.0011775174312851355
LIN28B:K562,4,0.0017034832011126877
LIN28B:K562,5,0.0016037236669734778
LIN28B:K562,6,0.0014292658852532725
LIN28B:K562,7,0.0022045364952643087
LIN28B:K562,8,0.0010826347144641257
LIN28B:K562,9,0.0013559145426508268
LIN28B:K562,10,0.0013409729009126181
LIN28B:K562,11,0.0008010042023252062
LIN28B:K562,12,0.0019309444839676893
LIN28B:K562,13,0.0009629042548842115
LIN28B:K562,14,0.0014960880955614542
LIN28B:K562,15,0.001397321384826955
LIN28B:K562,16,0.0027384061129136494
LIN28B:K562,17,0.002077954662815684
LIN28B:K562,18,0.002164400369935149
LIN28B:K562,19,0.003168764123133272
LIN28B:K562,20,0.0023416759316996494
LIN28B:K562,21,0.001809724728994766
LIN28B:K562,22,0.001887532949683024
LIN28B:K562,23,0.0022465471239999646
LIN28B:K562,24,0.001449020925664346
LIN28B:K562,25,0.002344713440935342
LIN28B:K562,26,0.0023262792783529385
LIN28B:K562,27,0.0026446128797160684
LIN28B:K562,28,0.003288548955561743
LIN28B:K562,29,0.004678304595141292
LIN28B:K562,30,0.004526977689696676
LIN28B:K562,31,0.0032404794804663517
LIN28B:K562,32,0.0053393135546980774
LIN28B:K562,33,0.002683183297037983
LIN28B:K562,34,0.003140414073234399
LIN28B:K562,35,0.00459432709260954
LIN28B:K562,36,0.002544848446227266
LIN28B:K562,37,0.004424104671732709
LIN28B:K562,38,0.0028509153044359303
LIN28B:K562,39,0.00331253909768936
LIN28B:K562,40,0.003473266057590796
LIN28B:K562,41,0.0037771817830398735
LIN28B:K562,42,0.002687919056136745
LIN28B:K562,43,0.002870009306877863
LIN28B:K562,44,0.0035123748795549137
LIN28B:K562,45,0.0038172682393708968
LIN28B:K562,46,0.0018932524449754018
LIN28B:K562,47,0.004200710780736472
LIN28B:K562,48,0.0036174268166052626
LIN28B:K562,49,0.004023465246842828
LIN28B:K562,50,0.0032754627662232583
LIN28B:K562,51,0.002337181760919238
LIN28B:K562,52,0.00345143272243853
LIN28B:K562,53,0.0023310278537613804
LIN28B:K562,54,0.0017028280767301673
LIN28B:K562,55,0.0018138586360676445
LIN28B:K562,56,0.003915691212794448
LIN28B:K562,57,0.0013741630731690657
LIN28B:K562,58,0.00156247768464568
LIN28B:K562,59,0.0006863203738800561
LIN28B:K562,60,0.0023204757011255905
LIN28B:K562,61,0.0022308190076202328
LIN28B:K562,62,0.001071185483003112
LIN28B:K562,63,0.0022711383306244226
LIN28B:K562,64,0.0014486782234800488
LIN28B:K562,65,0.0006537806394808499
LIN28B:K562,66,0.002224808332559558
LIN28B:K562,67,0.0018768596347789046
LIN28B:K562,68,0.0024277250087341162
LIN28B:K562,69,0.0009034374722702854
LIN28B:K562,70,0.0011860859541898972
LIN28B:K562,71,0.0009149773806501615
LIN28B:K562,72,0.001103397527569272
LIN28B:K562,73,0.001494693260122193
LIN28B:K562,74,0.0017363445183757875
LIN28B:K562,75,0.0007911782596458083
LIN28B:K562,76,0.0013593380304881553
LIN28B:K562,77,0.0010998929919456835
LIN28B:K562,78,0.0009357292480280943
LIN28B:K562,79,0.001708744405503615
LIN28B:K562,80,0.00242587649338577
LIN28B:K562,81,0.0016378759064892279
LIN28B:K562,82,0.0006894205661595043
LIN28B:K562,83,0.00033078304684619475
LIN28B:K562,84,0.000935140756095687
LIN28B:K562,85,0.0006487375484783842
LIN28B:K562,86,0.0018097890063859534
LIN28B:K562,87,0.00031540826214171425
LIN28B:K562,88,0.0005827579461707977
LIN28B:K562,89,0.0005001617473423536
LIN28B:K562,90,0.000499840551052122
LIN28B:K562,91,0.00023083918966904093
LIN28B:K562,92,0.0013026054951172927
LIN28B:K562,93,0.0011497493319754248
LIN28B:K562,94,0.0014165106386552218
LIN28B:K562,95,0.0009266417918429859
LIN28B:K562,96,0.0007493005038398115
LIN28B:K562,97,0.0006736289646137594
LIN28B:K562,98,0.0009922531713706384
LIN28B:K562,99,0.0003221516617849529
LIN28B:K562,100,0.0006479219980339845
LSM11:K562,0,0.005164751777215093
LSM11:K562,1,0.0034753616154450384
LSM11:K562,2,0.0012898551969253713
LSM11:K562,3,0.005159612597395835
LSM11:K562,4,0.002599008714747275
LSM11:K562,5,0.002823626323177675
LSM11:K562,6,0.005949980636593022
LSM11:K562,7,0.007794006067701531
LSM11:K562,8,0.006528742878089355
LSM11:K562,9,0.0041416143356082236
LSM11:K562,10,0.005527952296467631
LSM11:K562,11,0.004378542366051397
LSM11:K562,12,0.004161604745232084
LSM11:K562,13,0.009205821962621208
LSM11:K562,14,0.005590579519948569
LSM11:K562,15,0.004819116487287056
LSM11:K562,16,0.00537225509852135
LSM11:K562,17,0.00611650987641188
LSM11:K562,18,0.00818112283802086
LSM11:K562,19,0.009862898530272557
LSM11:K562,20,0.00866733789527041
LSM11:K562,21,0.008183007943180609
LSM11:K562,22,0.008573071591625014
LSM11:K562,23,0.010129197021633729
LSM11:K562,24,0.010584941040308271
LSM11:K562,25,0.01367807292313128
LSM11:K562,26,0.007566960265857681
LSM11:K562,27,0.003256533241746018
LSM11:K562,28,0.009095230288305611
LSM11:K562,29,0.007671199531075423
LSM11:K562,30,0.006560502976673543
LSM11:K562,31,0.009521262763086624
LSM11:K562,32,0.006313661464283693
LSM11:K562,33,0.011676940997798924
LSM11:K562,34,0.0056634312865099234
LSM11:K562,35,0.008796672932478988
LSM11:K562,36,0.010370669608626204
LSM11:K562,37,0.009109405067780796
LSM11:K562,38,0.0017784450196556278
LSM11:K562,39,0.0039401778154749545
LSM11:K562,40,0.006127244779871477
LSM11:K562,41,0.0011322624582443819
LSM11:K562,42,0.004780176247621171
LSM11:K562,43,0.003775082397021068
LSM11:K562,44,0.005249068915369692
LSM11:K562,45,0.00322486644504949
LSM11:K562,46,0.003596469382636136
LSM11:K562,47,0.0004819302712174567
LSM11:K562,48,0.001589297983795146
LSM11:K562,49,0.003596376940271151
LSM11:K562,50,0.0010334773504568906
LSM11:K562,51,0.00245955590678526
LSM11:K562,52,0.00815907536117444
LSM11:K562,53,0.0007658708553951454
LSM11:K562,54,0.0014728946394965137
LSM11:K562,55,0.0008278226084914575
LSM11:K562,56,0.0005623466528301702
LSM11:K562,57,0.0037819489368213777
LSM11:K562,58,0.0018882026301551003
LSM11:K562,59,0.003753224247854181
LSM11:K562,60,0.0014267451197151892
LSM11:K562,61,0.000856707356867048
LSM11:K562,62,0.004612756607882296
LSM11:K562,63,0.0011816327849660802
LSM11:K562,64,0.00010116175215479917
LSM11:K562,65,0.0009472034527739925
LSM11:K562,66,0.0010197877227480223
LSM11:K562,67,0.0010565878386068484
LSM11:K562,68,0.0007446144722109693
LSM11:K562,69,0.0017122003186997858
LSM11:K562,70,0.00045571133163258004
LSM11:K562,71,0.0007085699967075421
LSM11:K562,72,0.00037001220568266824
LSM11:K562,73,0.0001976361955422501
LSM11:K562,74,0.0015308374821400017
LSM11:K562,75,0.0017518532510372165
LSM11:K562,76,0.000561080035973549
LSM11:K562,77,0.00020543274268380873
LSM11:K562,78,0.00206337173633242
LSM11:K562,79,0.0010688375726082278
LSM11:K562,80,0.0013236829475478107
LSM11:K562,81,0.0002850966734546656
LSM11:K562,82,0.0015076651108946182
LSM11:K562,83,0.0011550761339600424
LSM11:K562,84,0.0007683267668149307
LSM11:K562,85,0.0012351018353645715
LSM11:K562,86,0.00046440402940928216
LSM11:K562,87,0.0014595497089354703
LSM11:K562,88,0.0014715180024171826
LSM11:K562,89,0.0007590102185309755
LSM11:K562,90,0.0011903438156438684
LSM11:K562,91,0.0005707921579811703
LSM11:K562,92,0.001309134765892228
LSM11:K562,93,0.0019395441289035142
LSM11:K562,94,5.1159277796086755e-05
LSM11:K562,95,0.0002993026726955117
LSM11:K562,96,0.0013552783163305326
LSM11:K562,97,0.001021934398965918
LSM11:K562,98,0.001355657359152107
LSM11:K562,99,0.0027094709109183324
LSM11:K562,100,0.0015361591254099416
MATR3:HepG2,0,0.015224413068980924
MATR3:HepG2,1,0.013675855295975925
MATR3:HepG2,2,0.018061677393711784
MATR3:HepG2,3,0.017883923227501097
MATR3:HepG2,4,0.014383642297245314
MATR3:HepG2,5,0.018755422758525375
MATR3:HepG2,6,0.018006995995279107
MATR3:HepG2,7,0.016846894944084978
MATR3:HepG2,8,0.018778954874332676
MATR3:HepG2,9,0.021439300004264306
MATR3:HepG2,10,0.020478537855592505
MATR3:HepG2,11,0.020107021158692784
MATR3:HepG2,12,0.024637807095368558
MATR3:HepG2,13,0.020988783479389816
MATR3:HepG2,14,0.023686150722566524
MATR3:HepG2,15,0.02519143025491899
MATR3:HepG2,16,0.023981057199845446
MATR3:HepG2,17,0.024007135468575913
MATR3:HepG2,18,0.02623076594871221
MATR3:HepG2,19,0.025367103236262345
MATR3:HepG2,20,0.024862405168172397
MATR3:HepG2,21,0.025987655338181037
MATR3:HepG2,22,0.03235526220661977
MATR3:HepG2,23,0.024963807880512112
MATR3:HepG2,24,0.025785741538141616
MATR3:HepG2,25,0.029718212207162087
MATR3:HepG2,26,0.031941295124817914
MATR3:HepG2,27,0.02578017951769651
MATR3:HepG2,28,0.02857337297681717
MATR3:HepG2,29,0.028654584773640357
MATR3:HepG2,30,0.02619399511119891
MATR3:HepG2,31,0.026085385066323075
MATR3:HepG2,32,0.02526605653359426
MATR3:HepG2,33,0.027060585431470385
MATR3:HepG2,34,0.027505808968349976
MATR3:HepG2,35,0.026091316221317218
MATR3:HepG2,36,0.027504856973939562
MATR3:HepG2,37,0.02395244913681749
MATR3:HepG2,38,0.023092204580186237
MATR3:HepG2,39,0.024484343981607815
MATR3:HepG2,40,0.024947417237839442
MATR3:HepG2,41,0.020173713000809723
MATR3:HepG2,42,0.021340235848309574
MATR3:HepG2,43,0.020466494903145005
MATR3:HepG2,44,0.01952659178172733
MATR3:HepG2,45,0.02396079072556989
MATR3:HepG2,46,0.020942712640590444
MATR3:HepG2,47,0.023525957276986253
MATR3:HepG2,48,0.01697991762720341
MATR3:HepG2,49,0.018384924691000837
MATR3:HepG2,50,0.018455031014951384
MATR3:HepG2,51,0.021078426895074887
MATR3:HepG2,52,0.02019354593583733
MATR3:HepG2,53,0.017156191873961002
MATR3:HepG2,54,0.014660934649100454
MATR3:HepG2,55,0.01537857151930444
MATR3:HepG2,56,0.01779802513585449
MATR3:HepG2,57,0.014977995996071414
MATR3:HepG2,58,0.015546093753515233
MATR3:HepG2,59,0.014315572628702644
MATR3:HepG2,60,0.017307401394772937
MATR3:HepG2,61,0.015741479881877574
MATR3:HepG2,62,0.015703327388183252
MATR3:HepG2,63,0.010481060778265272
MATR3:HepG2,64,0.012421840693106256
MATR3:HepG2,65,0.012103685103032946
MATR3:HepG2,66,0.011407656823970047
MATR3:HepG2,67,0.012324129011730856
MATR3:HepG2,68,0.011429707002809986
MATR3:HepG2,69,0.011566419014118257
MATR3:HepG2,70,0.011629567969200005
MATR3:HepG2,71,0.012793889036051942
MATR3:HepG2,72,0.009951969696440077
MATR3:HepG2,73,0.008570106707461278
MATR3:HepG2,74,0.011464430564447126
MATR3:HepG2,75,0.006809147239420499
MATR3:HepG2,76,0.008450923798979826
MATR3:HepG2,77,0.00697478958657749
MATR3:HepG2,78,0.006913864092849886
MATR3:HepG2,79,0.0064784905697803374
MATR3:HepG2,80,0.006902967970709106
MATR3:HepG2,81,0.006313591074737168
MATR3:HepG2,82,0.0059075448583870704
MATR3:HepG2,83,0.005566974186548945
MATR3:HepG2,84,0.007768295125979763
MATR3:HepG2,85,0.007868833221067462
MATR3:HepG2,86,0.005911916603987266
MATR3:HepG2,87,0.005589695117176663
MATR3:HepG2,88,0.0063045246020723145
MATR3:HepG2,89,0.0069651105971243465
MATR3:HepG2,90,0.007147675382984664
MATR3:HepG2,91,0.006311032456608245
MATR3:HepG2,92,0.006753007601201455
MATR3:HepG2,93,0.00594784265592363
MATR3:HepG2,94,0.005399127158913775
MATR3:HepG2,95,0.006378867145779399
MATR3:HepG2,96,0.007751668945621182
MATR3:HepG2,97,0.007594018771326039
MATR3:HepG2,98,0.006904487976483242
MATR3:HepG2,99,0.007363448622367708
MATR3:HepG2,100,0.00636563042660343
MATR3:K562,0,0.025423756014863574
MATR3:K562,1,0.02858944913982986
MATR3:K562,2,0.031831744995807765
MATR3:K562,3,0.02766069074170585
MATR3:K562,4,0.024753174467333716
MATR3:K562,5,0.026156001307493293
MATR3:K562,6,0.026991915121583387
MATR3:K562,7,0.026225818773128462
MATR3:K562,8,0.035350914314632664
MATR3:K562,9,0.031344487934229615
MATR3:K562,10,0.03287396769518591
MATR3:K562,11,0.030100201735968946
MATR3:K562,12,0.03288626750111945
MATR3:K562,13,0.034952559385504234
MATR3:K562,14,0.03879275767247137
MATR3:K562,15,0.0372297469639884
MATR3:K562,16,0.03388397477917848
MATR3:K562,17,0.03350001016163129
MATR3:K562,18,0.03981805467693578
MATR3:K562,19,0.03255454853409345
MATR3:K562,20,0.038890371862975615
MATR3:K562,21,0.04340796277141523
MATR3:K562,22,0.04032135962739125
MATR3:K562,23,0.03628129078062814
MATR3:K562,24,0.034904744234745766
MATR3:K562,25,0.035376127431649196
MATR3:K562,26,0.03218898014107996
MATR3:K562,27,0.03588494311711199
MATR3:K562,28,0.03804617416711209
MATR3:K562,29,0.04092828244280167
MATR3:K562,30,0.041657801589417676
MATR3:K562,31,0.03605501074368189
MATR3:K562,32,0.0352588578296531
MATR3:K562,33,0.031013753305149994
MATR3:K562,34,0.0368965011405713
MATR3:K562,35,0.036193509911127686
MATR3:K562,36,0.03681875234551524
MATR3:K562,37,0.030421653042245422
MATR3:K562,38,0.029336903032711192
MATR3:K562,39,0.03013242076113798
MATR3:K562,40,0.034234145265087834
MATR3:K562,41,0.03123887226628741
MATR3:K562,42,0.0360050627476769
MATR3:K562,43,0.030195570548602002
MATR3:K562,44,0.031185629328925324
MATR3:K562,45,0.028862438793600953
MATR3:K562,46,0.03022902308810127
MATR3:K562,47,0.02978834608535952
MATR3:K562,48,0.03289521222244929
MATR3:K562,49,0.02796993213723309
MATR3:K562,50,0.02664238296937871
MATR3:K562,51,0.02878310995780131
MATR3:K562,52,0.028339972773550492
MATR3:K562,53,0.032967984160266806
MATR3:K562,54,0.025378889652430403
MATR3:K562,55,0.026047634574047462
MATR3:K562,56,0.02167737412116688
MATR3:K562,57,0.02580134653181343
MATR3:K562,58,0.023595409224840047
MATR3:K562,59,0.02077274975951182
MATR3:K562,60,0.025361770809220197
MATR3:K562,61,0.023314059508538043
MATR3:K562,62,0.025994709968360397
MATR3:K562,63,0.019908238992351057
MATR3:K562,64,0.02401135579371394
MATR3:K562,65,0.018096439750714177
MATR3:K562,66,0.019362907020992193
MATR3:K562,67,0.024154988576022607
MATR3:K562,68,0.022910838754375162
MATR3:K562,69,0.021138680704621216
MATR3:K562,70,0.019873060036717738
MATR3:K562,71,0.021656223644222483
MATR3:K562,72,0.01793459038448253
MATR3:K562,73,0.018791142870146604
MATR3:K562,74,0.018846608983829505
MATR3:K562,75,0.018699877615558913
MATR3:K562,76,0.015259333448127466
MATR3:K562,77,0.013424789941827164
MATR3:K562,78,0.014741472891719898
MATR3:K562,79,0.016175012527391397
MATR3:K562,80,0.013509061703271152
MATR3:K562,81,0.013133239987833
MATR3:K562,82,0.01442156773145542
MATR3:K562,83,0.01775957952470497
MATR3:K562,84,0.014517895388286961
MATR3:K562,85,0.01415041438042941
MATR3:K562,86,0.013249039059971768
MATR3:K562,87,0.013053820533378113
MATR3:K562,88,0.012891387073638017
MATR3:K562,89,0.012479638274472071
MATR3:K562,90,0.011152755238774903
MATR3:K562,91,0.009891518140902944
MATR3:K562,92,0.011600722097076188
MATR3:K562,93,0.01000012656792415
MATR3:K562,94,0.012340426880265931
MATR3:K562,95,0.011768445649075643
MATR3:K562,96,0.011543927294275003
MATR3:K562,97,0.012673311736696835
MATR3:K562,98,0.012789607485115817
MATR3:K562,99,0.01181677792286362
MATR3:K562,100,0.014099020175804
MBNL1:K562,0,0.006104114617131895
MBNL1:K562,1,0.0013675856454526958
MBNL1:K562,2,0.0037134035552426337
MBNL1:K562,3,0.005522863562675173
MBNL1:K562,4,0.0009549060467369808
MBNL1:K562,5,0.0040469425109879165
MBNL1:K562,6,0.0034108391044559427
MBNL1:K562,7,0.001301715522757596
MBNL1:K562,8,0.0016198574346677486
MBNL1:K562,9,0.002523032232148781
MBNL1:K562,10,0.007393819031976889
MBNL1:K562,11,0.00040410420563197214
MBNL1:K562,12,0.003474659418954973
MBNL1:K562,13,0.0016421324670128357
MBNL1:K562,14,0.007722853624661297
MBNL1:K562,15,0.003723864922328901
MBNL1:K562,16,0.005437293863240544
MBNL1:K562,17,0.008263230340084693
MBNL1:K562,18,0.00665930917100499
MBNL1:K562,19,0.004020771245298094
MBNL1:K562,20,0.006545261423107407
MBNL1:K562,21,0.003985660418366788
MBNL1:K562,22,0.0033732459856840036
MBNL1:K562,23,0.005289742669225328
MBNL1:K562,24,0.006265454943990667
MBNL1:K562,25,0.009324838484866538
MBNL1:K562,26,0.005781423083819459
MBNL1:K562,27,0.004689590217643147
MBNL1:K562,28,0.007220978373621678
MBNL1:K562,29,0.0043554791271245286
MBNL1:K562,30,0.004943212153387666
MBNL1:K562,31,0.006443815392590535
MBNL1:K562,32,0.006313435169530979
MBNL1:K562,33,0.009602865213970802
MBNL1:K562,34,0.004573462725608879
MBNL1:K562,35,0.005675039214274258
MBNL1:K562,36,0.006445366013945519
MBNL1:K562,37,0.012351684344432678
MBNL1:K562,38,0.0053802393550436145
MBNL1:K562,39,0.005914207319401177
MBNL1:K562,40,0.002008795699562249
MBNL1:K562,41,0.009645856687522603
MBNL1:K562,42,0.0031613843259077345
MBNL1:K562,43,0.004671023080183523
MBNL1:K562,44,0.0045042779583575054
MBNL1:K562,45,0.003761072041384539
MBNL1:K562,46,0.005345574858663493
MBNL1:K562,47,0.007110069613105674
MBNL1:K562,48,0.004674216113904173
MBNL1:K562,49,0.004105770986825519
MBNL1:K562,50,0.004316857357541615
MBNL1:K562,51,0.00629683808763859
MBNL1:K562,52,0.007179710869206213
MBNL1:K562,53,0.0007392296398418541
MBNL1:K562,54,0.006049698223703492
MBNL1:K562,55,0.003322196468650729
MBNL1:K562,56,0.001686945296863196
MBNL1:K562,57,0.0018715969905969132
MBNL1:K562,58,0.0070054314909262505
MBNL1:K562,59,0.004841141507584301
MBNL1:K562,60,0.0043250480726914065
MBNL1:K562,61,0.0062915345230436515
MBNL1:K562,62,0.003005421319191015
MBNL1:K562,63,0.0025779303816300114
MBNL1:K562,64,0.0033468249820666207
MBNL1:K562,65,0.0036493736754262818
MBNL1:K562,66,0.005492070096445589
MBNL1:K562,67,0.0005857652878412667
MBNL1:K562,68,0.004285731302809959
MBNL1:K562,69,0.0036930634744973823
MBNL1:K562,70,0.00234086268366851
MBNL1:K562,71,0.0010026805863936339
MBNL1:K562,72,0.0035844519691046184
MBNL1:K562,73,0.0022334517586680702
MBNL1:K562,74,0.0017664842007503179
MBNL1:K562,75,0.002989718249787554
MBNL1:K562,76,0.0012329542878506405
MBNL1:K562,77,0.0039458744860843
MBNL1:K562,78,0.0015046862371437264
MBNL1:K562,79,0.00012592885514473018
MBNL1:K562,80,0.001031324712447601
MBNL1:K562,81,0.001967749773590599
MBNL1:K562,82,0.0018332978794652899
MBNL1:K562,83,0.0020922828142743155
MBNL1:K562,84,0.0028077367784633545
MBNL1:K562,85,0.0015495037546778834
MBNL1:K562,86,0.002000808138063803
MBNL1:K562,87,0.0008892512745032333
MBNL1:K562,88,0.00027596229635085123
MBNL1:K562,89,7.578337533398205e-05
MBNL1:K562,90,0.0012056613511783887
MBNL1:K562,91,0.004754051770889944
MBNL1:K562,92,0.0034896706415439294
MBNL1:K562,93,0.00047109197571448824
MBNL1:K562,94,0.005405734001317164
MBNL1:K562,95,0.002702294451874643
MBNL1:K562,96,0.0038259229577276566
MBNL1:K562,97,0.0012577734162464438
MBNL1:K562,98,0.002787899629175028
MBNL1:K562,99,0.0012554936392632499
MBNL1:K562,100,0.0030320585287898494
METTL1:K562,0,0.0029418443202821054
METTL1:K562,1,0.005175124663930775
METTL1:K562,2,0.0015069879370868122
METTL1:K562,3,0.00047306862766449687
METTL1:K562,4,0.002820714925995005
METTL1:K562,5,0.004264176228188976
METTL1:K562,6,0.003910712818100737
METTL1:K562,7,0.004791874414352915
METTL1:K562,8,0.002834489465947998
METTL1:K562,9,0.00962905796792457
METTL1:K562,10,0.0021934680087964953
METTL1:K562,11,0.0016860272445133884
METTL1:K562,12,0.003029331839325744
METTL1:K562,13,0.004943251429279982
METTL1:K562,14,0.007234869576389524
METTL1:K562,15,0.0018194806341794711
METTL1:K562,16,0.00485491061689336
METTL1:K562,17,0.004830186829465788
METTL1:K562,18,0.0037386665081438064
METTL1:K562,19,0.005974157583787498
METTL1:K562,20,0.0056499401851481945
METTL1:K562,21,0.0009608967525387424
METTL1:K562,22,0.0020204654187913063
METTL1:K562,23,0.0007691273063208381
METTL1:K562,24,0.004301357667666372
METTL1:K562,25,0.013156391072730367
METTL1:K562,26,0.005667521338259096
METTL1:K562,27,0.0017147155239073397
METTL1:K562,28,0.0023034597679574276
METTL1:K562,29,0.0086534500873372
METTL1:K562,30,0.009070826507907581
METTL1:K562,31,0.0077457903879274426
METTL1:K562,32,0.00683509264665072
METTL1:K562,33,0.0033084795662959854
METTL1:K562,34,0.0012874855619460224
METTL1:K562,35,0.012962560405119339
METTL1:K562,36,0.003833347433539025
METTL1:K562,37,0.0012601727507917104
METTL1:K562,38,0.007262709974715009
METTL1:K562,39,0.007221974775772466
METTL1:K562,40,0.009174007085664515
METTL1:K562,41,0.00025077441771137465
METTL1:K562,42,0.0020648089510260093
METTL1:K562,43,0.006951998836814521
METTL1:K562,44,0.0019040436042576658
METTL1:K562,45,0.0011610067470700924
METTL1:K562,46,0.0027218113303681957
METTL1:K562,47,0.005710224952441334
METTL1:K562,48,0.004796766166132782
METTL1:K562,49,0.006407213108788556
METTL1:K562,50,0.007359623686603811
METTL1:K562,51,0.0027456267847316695
METTL1:K562,52,0.0017600047567882804
METTL1:K562,53,0.002204067964745038
METTL1:K562,54,0.0035604495036926087
METTL1:K562,55,0.003313434049628361
METTL1:K562,56,0.002781603186587267
METTL1:K562,57,0.004304277584865401
METTL1:K562,58,0.0010455469855039645
METTL1:K562,59,0.00174206349631989
METTL1:K562,60,0.0006046909384871402
METTL1:K562,61,0.002036059419103231
METTL1:K562,62,0.0012973617467764154
METTL1:K562,63,0.0026264168012890554
METTL1:K562,64,0.0031094096123678305
METTL1:K562,65,0.006076673331744331
METTL1:K562,66,9.555605013988888e-05
METTL1:K562,67,0.001408635325750529
METTL1:K562,68,0.00019068145140910264
METTL1:K562,69,0.0016274273510563653
METTL1:K562,70,0.00025667203039947406
METTL1:K562,71,0.0044894208134511615
METTL1:K562,72,0.0018479288558486129
METTL1:K562,73,0.0019587071316011784
METTL1:K562,74,0.0018025689771221654
METTL1:K562,75,0.0030687466208707548
METTL1:K562,76,0.0072901887586900305
METTL1:K562,77,0.003257343722706363
METTL1:K562,78,0.0010038316448341966
METTL1:K562,79,0.005095658775464473
METTL1:K562,80,0.0011011290932410045
METTL1:K562,81,0.0028433446808979745
METTL1:K562,82,0.003329920011702181
METTL1:K562,83,0.0009054090020917949
METTL1:K562,84,0.0011771240348550371
METTL1:K562,85,0.0015992437328613551
METTL1:K562,86,0.004269257183831421
METTL1:K562,87,0.003227024430010994
METTL1:K562,88,0.0014058245806343184
METTL1:K562,89,0.000915254711255864
METTL1:K562,90,0.0027349497751456564
METTL1:K562,91,0.0011407058096997158
METTL1:K562,92,0.00028807722681423176
METTL1:K562,93,0.0040607995252404105
METTL1:K562,94,0.0009533247450674853
METTL1:K562,95,0.000992092912077469
METTL1:K562,96,0.0034332750047953997
METTL1:K562,97,0.004585053899167524
METTL1:K562,98,0.006236267159156039
METTL1:K562,99,0.006237644265874587
METTL1:K562,100,0.008571902623171979
MORC2:K562,0,0.005051817949485615
MORC2:K562,1,0.007449243419866081
MORC2:K562,2,0.0019515889874527348
MORC2:K562,3,0.005018339352046319
MORC2:K562,4,0.006788837581731322
MORC2:K562,5,0.0033423811551094307
MORC2:K562,6,0.0025645373078262423
MORC2:K562,7,0.005439375708688354
MORC2:K562,8,0.009020127721069304
MORC2:K562,9,0.005385900326744242
MORC2:K562,10,0.0056268537736670066
MORC2:K562,11,0.00576995125346369
MORC2:K562,12,0.005432720526751922
MORC2:K562,13,0.015578000913014645
MORC2:K562,14,0.006406262460813772
MORC2:K562,15,0.009669634381053505
MORC2:K562,16,0.008552352669938257
MORC2:K562,17,0.009409610280035174
MORC2:K562,18,0.016273495484637968
MORC2:K562,19,0.012016511561354304
MORC2:K562,20,0.007414150746797632
MORC2:K562,21,0.010368795840081768
MORC2:K562,22,0.006897460544554868
MORC2:K562,23,0.006635401658242834
MORC2:K562,24,0.008621026540309495
MORC2:K562,25,0.0064579192509161
MORC2:K562,26,0.005026483140419091
MORC2:K562,27,0.007977782790990817
MORC2:K562,28,0.004916934421207331
MORC2:K562,29,0.004299661190321102
MORC2:K562,30,0.003795306911784868
MORC2:K562,31,0.006455800370567477
MORC2:K562,32,0.0057056639063375325
MORC2:K562,33,0.0076653670681892105
MORC2:K562,34,0.00487738658581871
MORC2:K562,35,0.0033868489071203767
MORC2:K562,36,0.00662227441278429
MORC2:K562,37,0.007593220356253205
MORC2:K562,38,0.009567502645647652
MORC2:K562,39,0.008990259756654684
MORC2:K562,40,0.0072939923667346696
MORC2:K562,41,0.007208540821211029
MORC2:K562,42,0.008276784400247372
MORC2:K562,43,0.01346824232991406
MORC2:K562,44,0.005293481493407581
MORC2:K562,45,0.008374790572267865
MORC2:K562,46,0.005882855747608606
MORC2:K562,47,0.003368729436462381
MORC2:K562,48,0.004230249275064102
MORC2:K562,49,0.01623500942693834
MORC2:K562,50,0.004827495682284355
MORC2:K562,51,0.006947111859308297
MORC2:K562,52,0.008331430634875625
MORC2:K562,53,0.003349122891466605
MORC2:K562,54,0.009977345641241087
MORC2:K562,55,0.002704237596908743
MORC2:K562,56,0.0031352902032704133
MORC2:K562,57,0.003953020319436229
MORC2:K562,58,0.006026680493067982
MORC2:K562,59,0.011052248784409913
MORC2:K562,60,0.0014886406820283637
MORC2:K562,61,0.0071176637564350775
MORC2:K562,62,0.0030331647850327936
MORC2:K562,63,0.0013042917514534125
MORC2:K562,64,0.0027627041882470893
MORC2:K562,65,0.00603642040666863
MORC2:K562,66,0.005782867358816612
MORC2:K562,67,0.0044872132744020465
MORC2:K562,68,0.00618188400437214
MORC2:K562,69,0.007808462564029894
MORC2:K562,70,0.0035592000157114168
MORC2:K562,71,0.0006677876168789121
MORC2:K562,72,0.0032049774596093483
MORC2:K562,73,0.004529790247069343
MORC2:K562,74,0.0023179084614937118
MORC2:K562,75,0.0023972057723704587
MORC2:K562,76,0.004678919443256047
MORC2:K562,77,0.0013411262469330554
MORC2:K562,78,0.0015081764706907919
MORC2:K562,79,0.007569517933225134
MORC2:K562,80,0.002017475123159085
MORC2:K562,81,0.006860547315792553
MORC2:K562,82,0.0038635625621674663
MORC2:K562,83,0.002777078514698883
MORC2:K562,84,0.004352549048741272
MORC2:K562,85,0.0037583127643487924
MORC2:K562,86,0.0003130077162383227
MORC2:K562,87,0.003051503638765496
MORC2:K562,88,0.003259905885304004
MORC2:K562,89,0.001862570599584057
MORC2:K562,90,0.009290559264661935
MORC2:K562,91,0.0016833511547723612
MORC2:K562,92,0.00409472815679901
MORC2:K562,93,0.005049608657028415
MORC2:K562,94,0.0025300063015630814
MORC2:K562,95,0.0015518470726976208
MORC2:K562,96,0.0005643245098130301
MORC2:K562,97,0.005704346833766527
MORC2:K562,98,0.0017553522179468706
MORC2:K562,99,0.0012633710752901761
MORC2:K562,100,0.01137682856524791
MTPAP:K562,0,0.0033683989785895374
MTPAP:K562,1,0.002483299001251882
MTPAP:K562,2,0.003238759847740691
MTPAP:K562,3,0.0037646364803425314
MTPAP:K562,4,0.004206694880480977
MTPAP:K562,5,0.003575675024136582
MTPAP:K562,6,0.00621673419820401
MTPAP:K562,7,0.005057234670123423
MTPAP:K562,8,0.004419009095265269
MTPAP:K562,9,0.004114092817652182
MTPAP:K562,10,0.0011859957201517668
MTPAP:K562,11,0.003205812696564614
MTPAP:K562,12,0.0028489148468402448
MTPAP:K562,13,0.001316398291120291
MTPAP:K562,14,0.003028265260243357
MTPAP:K562,15,0.0022618800536691186
MTPAP:K562,16,0.005641625388856375
MTPAP:K562,17,0.010104830222518402
MTPAP:K562,18,0.006441774159675173
MTPAP:K562,19,0.006460561761531092
MTPAP:K562,20,0.0022026490543188837
MTPAP:K562,21,0.008281989353132402
MTPAP:K562,22,0.007877858872469501
MTPAP:K562,23,0.00823101327929443
MTPAP:K562,24,0.005801725095701649
MTPAP:K562,25,0.005953955548911205
MTPAP:K562,26,0.007574056834578791
MTPAP:K562,27,0.006858215453323657
MTPAP:K562,28,0.009190268982105065
MTPAP:K562,29,0.0044079135738768205
MTPAP:K562,30,0.0035312823551008066
MTPAP:K562,31,0.009307967912092985
MTPAP:K562,32,0.005546351451997555
MTPAP:K562,33,0.004944162407304775
MTPAP:K562,34,0.011112527342173606
MTPAP:K562,35,0.005789017392033191
MTPAP:K562,36,0.006098417188031835
MTPAP:K562,37,0.008337290837635125
MTPAP:K562,38,0.006876552418968451
MTPAP:K562,39,0.006254061069234984
MTPAP:K562,40,0.010372959157120554
MTPAP:K562,41,0.007622710553104262
MTPAP:K562,42,0.005891488737381434
MTPAP:K562,43,0.0055266591074392135
MTPAP:K562,44,0.0037791530857608224
MTPAP:K562,45,0.0065456695431489464
MTPAP:K562,46,0.0077211688799859735
MTPAP:K562,47,0.008903109135614984
MTPAP:K562,48,0.0014601056159534442
MTPAP:K562,49,0.0032435193504435356
MTPAP:K562,50,0.0016753493514811701
MTPAP:K562,51,0.005281230793340086
MTPAP:K562,52,0.00509276770721212
MTPAP:K562,53,0.007252616386238975
MTPAP:K562,54,0.0038452463356193345
MTPAP:K562,55,0.0020871430481537168
MTPAP:K562,56,0.0026884363586092697
MTPAP:K562,57,0.005981347705066975
MTPAP:K562,58,0.003353361413720002
MTPAP:K562,59,0.004655030273649996
MTPAP:K562,60,0.003576509605961009
MTPAP:K562,61,0.004179606365508626
MTPAP:K562,62,0.0022997275411880125
MTPAP:K562,63,0.0025909534532909673
MTPAP:K562,64,0.0010050467494583382
MTPAP:K562,65,0.0029668751370045543
MTPAP:K562,66,0.0023555622546699295
MTPAP:K562,67,0.002856264134556974
MTPAP:K562,68,0.0036894995525168506
MTPAP:K562,69,0.0027879161009212172
MTPAP:K562,70,0.0025736505850868507
MTPAP:K562,71,0.0051101532254643756
MTPAP:K562,72,0.008017007287376643
MTPAP:K562,73,0.0011153121381276554
MTPAP:K562,74,0.002024980303724999
MTPAP:K562,75,0.004721011881867909
MTPAP:K562,76,0.0017308378391798218
MTPAP:K562,77,0.0015871993477980517
MTPAP:K562,78,0.004055569265164816
MTPAP:K562,79,0.0026474280847341713
MTPAP:K562,80,0.00019441460850588843
MTPAP:K562,81,0.00018275756922847552
MTPAP:K562,82,0.001283464360967601
MTPAP:K562,83,0.0010858523809034182
MTPAP:K562,84,0.000698975747669417
MTPAP:K562,85,0.0012747076379098221
MTPAP:K562,86,0.0003728520379275846
MTPAP:K562,87,0.001818955314559667
MTPAP:K562,88,0.0007630091905290737
MTPAP:K562,89,0.0010836621519150214
MTPAP:K562,90,0.003388285124263035
MTPAP:K562,91,0.0016629968582762
MTPAP:K562,92,0.002497109958038757
MTPAP:K562,93,0.001498677616656896
MTPAP:K562,94,0.003015408268777775
MTPAP:K562,95,0.0029409179061760105
MTPAP:K562,96,0.0016095130000967073
MTPAP:K562,97,0.0011908540219986996
MTPAP:K562,98,0.002262302726977028
MTPAP:K562,99,0.004293398323228281
MTPAP:K562,100,0.003446603102090995
NCBP2:HepG2,0,0.0021119215116524037
NCBP2:HepG2,1,0.0060087361675980056
NCBP2:HepG2,2,0.0032530184757417757
NCBP2:HepG2,3,0.004294140406375213
NCBP2:HepG2,4,0.003749990670661729
NCBP2:HepG2,5,0.003127428024718437
NCBP2:HepG2,6,0.004510602407295061
NCBP2:HepG2,7,0.004955799342013512
NCBP2:HepG2,8,0.004549088383416167
NCBP2:HepG2,9,0.003556988697941077
NCBP2:HepG2,10,0.0022431115847659777
NCBP2:HepG2,11,0.006967354417198424
NCBP2:HepG2,12,0.005901363488746703
NCBP2:HepG2,13,0.011773722931094244
NCBP2:HepG2,14,0.007203538388051434
NCBP2:HepG2,15,0.003868387630936443
NCBP2:HepG2,16,0.004717810283106694
NCBP2:HepG2,17,0.007725599027035512
NCBP2:HepG2,18,0.005985733491700618
NCBP2:HepG2,19,0.004849320822987724
NCBP2:HepG2,20,0.00842465477195653
NCBP2:HepG2,21,0.005005531632933158
NCBP2:HepG2,22,0.008522831231992045
NCBP2:HepG2,23,0.005942642574906842
NCBP2:HepG2,24,0.005002437348532784
NCBP2:HepG2,25,0.0057322657052640835
NCBP2:HepG2,26,0.008364769551846285
NCBP2:HepG2,27,0.004923020502494158
NCBP2:HepG2,28,0.007923351422220781
NCBP2:HepG2,29,0.008049577690535714
NCBP2:HepG2,30,0.007805084324385092
NCBP2:HepG2,31,0.006892552237378391
NCBP2:HepG2,32,0.005549423207801607
NCBP2:HepG2,33,0.00666413057115256
NCBP2:HepG2,34,0.006192352046869076
NCBP2:HepG2,35,0.006457950673683155
NCBP2:HepG2,36,0.003858771792561555
NCBP2:HepG2,37,0.0075698709324594216
NCBP2:HepG2,38,0.004012836526870123
NCBP2:HepG2,39,0.0032898632020718077
NCBP2:HepG2,40,0.005381484082673138
NCBP2:HepG2,41,0.005420274276666692
NCBP2:HepG2,42,0.006892909329714647
NCBP2:HepG2,43,0.005453637056869742
NCBP2:HepG2,44,0.005241948949939679
NCBP2:HepG2,45,0.00613214345727664
NCBP2:HepG2,46,0.006264763385534833
NCBP2:HepG2,47,0.003853759097680709
NCBP2:HepG2,48,0.004719836404694089
NCBP2:HepG2,49,0.0048394214001142855
NCBP2:HepG2,50,0.004906991492393931
NCBP2:HepG2,51,0.005710120866098567
NCBP2:HepG2,52,0.003953100552640532
NCBP2:HepG2,53,0.004104261469929482
NCBP2:HepG2,54,0.0031339174556854754
NCBP2:HepG2,55,0.0033329575937097733
NCBP2:HepG2,56,0.0039695924800948745
NCBP2:HepG2,57,0.0022208158975539627
NCBP2:HepG2,58,0.004274045256041692
NCBP2:HepG2,59,0.004272051050204784
NCBP2:HepG2,60,0.0024287611754694183
NCBP2:HepG2,61,0.0033726379229651604
NCBP2:HepG2,62,0.002295317182526735
NCBP2:HepG2,63,0.002487163241926882
NCBP2:HepG2,64,0.00348596053576522
NCBP2:HepG2,65,0.003143726418864956
NCBP2:HepG2,66,0.002000186625189304
NCBP2:HepG2,67,0.0027494926284410415
NCBP2:HepG2,68,0.0022288755529411564
NCBP2:HepG2,69,0.0009323168150241479
NCBP2:HepG2,70,0.004191224301330676
NCBP2:HepG2,71,0.004115451655201441
NCBP2:HepG2,72,0.001643324827683923
NCBP2:HepG2,73,0.0014782126152823594
NCBP2:HepG2,74,0.0026847928756390527
NCBP2:HepG2,75,0.0018113543175390934
NCBP2:HepG2,76,0.0029560839385653903
NCBP2:HepG2,77,0.0022841566111828637
NCBP2:HepG2,78,0.0017961052935316912
NCBP2:HepG2,79,0.0026031978322504923
NCBP2:HepG2,80,0.0017410701885909319
NCBP2:HepG2,81,0.0015984184158228665
NCBP2:HepG2,82,0.002006693719037944
NCBP2:HepG2,83,0.004150763085874476
NCBP2:HepG2,84,0.002734168006861437
NCBP2:HepG2,85,0.003314374820634347
NCBP2:HepG2,86,0.0013544510455757441
NCBP2:HepG2,87,0.0009950846016115733
NCBP2:HepG2,88,0.0015837832080066727
NCBP2:HepG2,89,0.001281399980157305
NCBP2:HepG2,90,0.00380452162924394
NCBP2:HepG2,91,0.0008871076946501688
NCBP2:HepG2,92,0.002716234929178829
NCBP2:HepG2,93,0.004417180968949053
NCBP2:HepG2,94,0.0032489802959416725
NCBP2:HepG2,95,0.0021844699690333202
NCBP2:HepG2,96,0.0036518566577283806
NCBP2:HepG2,97,0.002736986169590061
NCBP2:HepG2,98,0.0014699713960474314
NCBP2:HepG2,99,0.0005609763409494262
NCBP2:HepG2,100,0.0019984228097007506
NKRF:HepG2,0,0.009756242163860285
NKRF:HepG2,1,0.01086882142345691
NKRF:HepG2,2,0.011747476500511222
NKRF:HepG2,3,0.007891037977713733
NKRF:HepG2,4,0.011310350316933837
NKRF:HepG2,5,0.01139516376625449
NKRF:HepG2,6,0.013458105828479838
NKRF:HepG2,7,0.014414423955450673
NKRF:HepG2,8,0.013080486317833984
NKRF:HepG2,9,0.011612696189369887
NKRF:HepG2,10,0.013796589558706662
NKRF:HepG2,11,0.009578557662951459
NKRF:HepG2,12,0.01822935346759258
NKRF:HepG2,13,0.018206199832786707
NKRF:HepG2,14,0.015950977898467444
NKRF:HepG2,15,0.015557854213913869
NKRF:HepG2,16,0.016406955631664832
NKRF:HepG2,17,0.013865877560227058
NKRF:HepG2,18,0.022622531310252825
NKRF:HepG2,19,0.01759220579671239
NKRF:HepG2,20,0.01804344442579775
NKRF:HepG2,21,0.019769340519854905
NKRF:HepG2,22,0.01750033764902581
NKRF:HepG2,23,0.019104295569768004
NKRF:HepG2,24,0.02161587983961666
NKRF:HepG2,25,0.01642267851338919
NKRF:HepG2,26,0.024027658965459664
NKRF:HepG2,27,0.01662594247160276
NKRF:HepG2,28,0.019383672414452047
NKRF:HepG2,29,0.02633146455817248
NKRF:HepG2,30,0.02192144082946701
NKRF:HepG2,31,0.02365196662138591
NKRF:HepG2,32,0.015914381464528726
NKRF:HepG2,33,0.016109009556763754
NKRF:HepG2,34,0.018084810479530145
NKRF:HepG2,35,0.016356926989238962
NKRF:HepG2,36,0.018666951549254573
NKRF:HepG2,37,0.01374690552086899
NKRF:HepG2,38,0.00872353008223914
NKRF:HepG2,39,0.013416978087810394
NKRF:HepG2,40,0.012117172441273194
NKRF:HepG2,41,0.011221561844972472
NKRF:HepG2,42,0.013260014929943664
NKRF:HepG2,43,0.013340537512880668
NKRF:HepG2,44,0.011789908115315217
NKRF:HepG2,45,0.010405711768970316
NKRF:HepG2,46,0.0121175832124093
NKRF:HepG2,47,0.012356797487317328
NKRF:HepG2,48,0.009118531175377087
NKRF:HepG2,49,0.010500843107663416
NKRF:HepG2,50,0.0101558659401636
NKRF:HepG2,51,0.00810331803662967
NKRF:HepG2,52,0.0071764271128181845
NKRF:HepG2,53,0.00496575740652383
NKRF:HepG2,54,0.009096566106287063
NKRF:HepG2,55,0.007019901971401787
NKRF:HepG2,56,0.006941323789868226
NKRF:HepG2,57,0.0067224222885979845
NKRF:HepG2,58,0.008872876177994815
NKRF:HepG2,59,0.005203887636626048
NKRF:HepG2,60,0.0035496851728044065
NKRF:HepG2,61,0.005208302889106231
NKRF:HepG2,62,0.004084144776249854
NKRF:HepG2,63,0.0034364977736836
NKRF:HepG2,64,0.008608012498805273
NKRF:HepG2,65,0.0058182099284788125
NKRF:HepG2,66,0.002906077998299117
NKRF:HepG2,67,0.004979385626270316
NKRF:HepG2,68,0.0020585782076834036
NKRF:HepG2,69,0.003073903242967413
NKRF:HepG2,70,0.0024197113523543035
NKRF:HepG2,71,0.0032534143696656415
NKRF:HepG2,72,0.004059118188724842
NKRF:HepG2,73,0.0017768856323436832
NKRF:HepG2,74,0.002885063712305236
NKRF:HepG2,75,0.002817775703144565
NKRF:HepG2,76,0.002183892002656007
NKRF:HepG2,77,0.0013646092970613921
NKRF:HepG2,78,0.002584098757831943
NKRF:HepG2,79,0.001512316775813649
NKRF:HepG2,80,0.0032008275977675194
NKRF:HepG2,81,0.0029172285158498568
NKRF:HepG2,82,0.0016210048544869071
NKRF:HepG2,83,0.0020109804048935587
NKRF:HepG2,84,0.0019356003922218479
NKRF:HepG2,85,0.0018676096042209434
NKRF:HepG2,86,0.0027469556634367454
NKRF:HepG2,87,0.0017886731354612717
NKRF:HepG2,88,0.0024116651165818626
NKRF:HepG2,89,0.0018424755055224118
NKRF:HepG2,90,0.003712074261628673
NKRF:HepG2,91,0.003305681728099197
NKRF:HepG2,92,0.0017408030139276498
NKRF:HepG2,93,0.0016998874403789666
NKRF:HepG2,94,0.0017577227518575933
NKRF:HepG2,95,0.0017377429074150186
NKRF:HepG2,96,0.002610406187819714
NKRF:HepG2,97,0.003080350378309449
NKRF:HepG2,98,0.002229287927018375
NKRF:HepG2,99,0.003913049796700485
NKRF:HepG2,100,0.0012160466526549563
NOLC1:K562,0,0.0063073921602341265
NOLC1:K562,1,0.0029759586233488733
NOLC1:K562,2,0.0007914017990675593
NOLC1:K562,3,0.0014650715149406857
NOLC1:K562,4,0.006021866866801284
NOLC1:K562,5,0.006019584043429949
NOLC1:K562,6,0.002305447121136117
NOLC1:K562,7,0.0020521367547259306
NOLC1:K562,8,0.003496413605027837
NOLC1:K562,9,0.0059172928715637285
NOLC1:K562,10,0.00620975968674764
NOLC1:K562,11,0.004291362757375072
NOLC1:K562,12,0.00433635848850189
NOLC1:K562,13,0.00415081152859631
NOLC1:K562,14,0.0057188358264291805
NOLC1:K562,15,0.0056103606221376
NOLC1:K562,16,0.007155178745289481
NOLC1:K562,17,0.00427902814389558
NOLC1:K562,18,0.008496772447029177
NOLC1:K562,19,0.006850102311532158
NOLC1:K562,20,0.0034268610374852404
NOLC1:K562,21,0.0042760139178068535
NOLC1:K562,22,0.009860571611451263
NOLC1:K562,23,0.01512913601875554
NOLC1:K562,24,0.008656207461025911
NOLC1:K562,25,0.00773118668882633
NOLC1:K562,26,0.005768079281708083
NOLC1:K562,27,0.014697623865730813
NOLC1:K562,28,0.007077028232897353
NOLC1:K562,29,0.010150178647880148
NOLC1:K562,30,0.0099110655414687
NOLC1:K562,31,0.007808924353494895
NOLC1:K562,32,0.00375100626579572
NOLC1:K562,33,0.004662382480008054
NOLC1:K562,34,0.005803811691551197
NOLC1:K562,35,0.008539179845641454
NOLC1:K562,36,0.007288141049508257
NOLC1:K562,37,0.008622517724707235
NOLC1:K562,38,0.005885720997141464
NOLC1:K562,39,0.008019603751567184
NOLC1:K562,40,0.00786066228885629
NOLC1:K562,41,0.004718579960945157
NOLC1:K562,42,0.009595961120978602
NOLC1:K562,43,0.011898332630392305
NOLC1:K562,44,0.007366215596412262
NOLC1:K562,45,0.010964872135970083
NOLC1:K562,46,0.00910980377830628
NOLC1:K562,47,0.006948126347519956
NOLC1:K562,48,0.009850010983324053
NOLC1:K562,49,0.007122195848706547
NOLC1:K562,50,0.005044157259897486
NOLC1:K562,51,0.0036463043993002486
NOLC1:K562,52,0.005270305553953136
NOLC1:K562,53,0.003474494247718951
NOLC1:K562,54,0.0077994760243058625
NOLC1:K562,55,0.005128720267490561
NOLC1:K562,56,0.0024501485828624103
NOLC1:K562,57,0.006207248115001729
NOLC1:K562,58,0.003973465355339156
NOLC1:K562,59,0.007217958758799936
NOLC1:K562,60,0.0066743119856331745
NOLC1:K562,61,0.003471480246410197
NOLC1:K562,62,0.0020942796847542855
NOLC1:K562,63,0.004548394416430179
NOLC1:K562,64,0.002608403525180325
NOLC1:K562,65,0.0032012373150123175
NOLC1:K562,66,0.0053170098142254485
NOLC1:K562,67,0.005204983550981979
NOLC1:K562,68,0.003055562683505375
NOLC1:K562,69,0.002717588710827057
NOLC1:K562,70,0.00493240054066113
NOLC1:K562,71,0.0014590374288292463
NOLC1:K562,72,0.0033512580008643322
NOLC1:K562,73,0.0014459766883492264
NOLC1:K562,74,0.003026523784443347
NOLC1:K562,75,0.0025331890316555583
NOLC1:K562,76,0.0033053207503963566
NOLC1:K562,77,0.0037283772935541304
NOLC1:K562,78,0.003988455919331502
NOLC1:K562,79,0.0023356742632181238
NOLC1:K562,80,0.00345227591921915
NOLC1:K562,81,0.0037023378726201983
NOLC1:K562,82,0.003344096608693947
NOLC1:K562,83,0.0019659004258048007
NOLC1:K562,84,0.0006246571848274041
NOLC1:K562,85,0.002301136269993176
NOLC1:K562,86,0.004221872875105115
NOLC1:K562,87,0.0016696336125165967
NOLC1:K562,88,0.004315766073604621
NOLC1:K562,89,0.00039881272505193355
NOLC1:K562,90,0.0011169812080644714
NOLC1:K562,91,0.0006638709514147356
NOLC1:K562,92,0.0011396607201438202
NOLC1:K562,93,0.001392016847945321
NOLC1:K562,94,0.0016327544055736443
NOLC1:K562,95,0.0015542171117081116
NOLC1:K562,96,0.001414920576604084
NOLC1:K562,97,0.0006323089325344089
NOLC1:K562,98,0.0005978431967268438
NOLC1:K562,99,0.0011275156169587852
NOLC1:K562,100,0.0027604079914593793
NONO:K562,0,0.003865742691545604
NONO:K562,1,0.004345685433385649
NONO:K562,2,0.005160899548327547
NONO:K562,3,0.004020991489217307
NONO:K562,4,0.005316165178758658
NONO:K562,5,0.004527993439690348
NONO:K562,6,0.004270565966483231
NONO:K562,7,0.006033198646343441
NONO:K562,8,0.0037579275266382828
NONO:K562,9,0.006785804185914568
NONO:K562,10,0.006767019691632958
NONO:K562,11,0.006819458085234542
NONO:K562,12,0.00690980797469154
NONO:K562,13,0.007389635416134244
NONO:K562,14,0.00740948304714284
NONO:K562,15,0.0074317416031022265
NONO:K562,16,0.007866017832782624
NONO:K562,17,0.008990265321111357
NONO:K562,18,0.01124808500993002
NONO:K562,19,0.009349285726239831
NONO:K562,20,0.008711331972969472
NONO:K562,21,0.008992937467819262
NONO:K562,22,0.01029401078931469
NONO:K562,23,0.011654577845317649
NONO:K562,24,0.011175589715955114
NONO:K562,25,0.01366420184380368
NONO:K562,26,0.012642595470501838
NONO:K562,27,0.008448037610975678
NONO:K562,28,0.010304817223519724
NONO:K562,29,0.011211946993151312
NONO:K562,30,0.01256720364682351
NONO:K562,31,0.009675488722484138
NONO:K562,32,0.009415919980483523
NONO:K562,33,0.008459612477327738
NONO:K562,34,0.010831580295700749
NONO:K562,35,0.008687019049175682
NONO:K562,36,0.00890100647418035
NONO:K562,37,0.008028331811563372
NONO:K562,38,0.00915863928045979
NONO:K562,39,0.0062826655574717005
NONO:K562,40,0.006101032570544174
NONO:K562,41,0.007451317012023395
NONO:K562,42,0.005723528230852759
NONO:K562,43,0.006015728063473613
NONO:K562,44,0.005916671837912668
NONO:K562,45,0.006155104440400461
NONO:K562,46,0.004898115456751229
NONO:K562,47,0.005746885611011221
NONO:K562,48,0.005580792144991742
NONO:K562,49,0.006791610790176983
NONO:K562,50,0.004677663002265686
NONO:K562,51,0.004194203852744716
NONO:K562,52,0.003298869309403374
NONO:K562,53,0.003209648158603362
NONO:K562,54,0.0036648408496857687
NONO:K562,55,0.005692061134587201
NONO:K562,56,0.0034260740808036427
NONO:K562,57,0.0030162633112277293
NONO:K562,58,0.002780837694297378
NONO:K562,59,0.0016064830161457433
NONO:K562,60,0.00193482135552836
NONO:K562,61,0.0028353190482660606
NONO:K562,62,0.0029723180847830433
NONO:K562,63,0.0022422685003484766
NONO:K562,64,0.0011252993325893135
NONO:K562,65,0.0014707133687443807
NONO:K562,66,0.0017812154697087745
NONO:K562,67,0.0017421318044550382
NONO:K562,68,0.0010456047741307373
NONO:K562,69,0.0009420569155453862
NONO:K562,70,0.0013377218355276055
NONO:K562,71,0.0008192583808329656
NONO:K562,72,0.0010109716965825966
NONO:K562,73,0.00037641911619878954
NONO:K562,74,0.0014913205227617965
NONO:K562,75,0.0009118606846043598
NONO:K562,76,0.0007616652000078661
NONO:K562,77,0.0011143351659819167
NONO:K562,78,0.0005761213680078869
NONO:K562,79,0.00042723995929594416
NONO:K562,80,0.00093961481016136
NONO:K562,81,0.0007962579421630922
NONO:K562,82,0.0011115342523213556
NONO:K562,83,0.0007307411685335552
NONO:K562,84,0.0009658191868926469
NONO:K562,85,0.0015214619652593742
NONO:K562,86,0.0009327002485839397
NONO:K562,87,0.0012917945916653961
NONO:K562,88,0.0016916184304840431
NONO:K562,89,0.0006965206143083602
NONO:K562,90,0.00137327062508108
NONO:K562,91,0.0014474322109272464
NONO:K562,92,0.0016843624326526863
NONO:K562,93,0.001367593166144765
NONO:K562,94,0.0017849898965164313
NONO:K562,95,0.0009810449915473862
NONO:K562,96,0.001907247963836678
NONO:K562,97,0.001368226353258395
NONO:K562,98,0.0017728297782571012
NONO:K562,99,0.001878218866759207
NONO:K562,100,0.002125144370487053
PCBP1:HepG2,0,0.00992829632777037
PCBP1:HepG2,1,0.009022675277721826
PCBP1:HepG2,2,0.009419843777698333
PCBP1:HepG2,3,0.014403004127265029
PCBP1:HepG2,4,0.009399974755518237
PCBP1:HepG2,5,0.009572100600856781
PCBP1:HepG2,6,0.015518308967014338
PCBP1:HepG2,7,0.017610405178894784
PCBP1:HepG2,8,0.010973709120809971
PCBP1:HepG2,9,0.008714589881696155
PCBP1:HepG2,10,0.011589672088636593
PCBP1:HepG2,11,0.01901238974156838
PCBP1:HepG2,12,0.01647713348787383
PCBP1:HepG2,13,0.023418515816767016
PCBP1:HepG2,14,0.01823355036694929
PCBP1:HepG2,15,0.015778281846874465
PCBP1:HepG2,16,0.02164778321713612
PCBP1:HepG2,17,0.018347421125201047
PCBP1:HepG2,18,0.011803071694612144
PCBP1:HepG2,19,0.013100124384983758
PCBP1:HepG2,20,0.009915885297948623
PCBP1:HepG2,21,0.020868048094308977
PCBP1:HepG2,22,0.015934997428019626
PCBP1:HepG2,23,0.026630442708956314
PCBP1:HepG2,24,0.008568644785385438
PCBP1:HepG2,25,0.02184852639939483
PCBP1:HepG2,26,0.010888023215928633
PCBP1:HepG2,27,0.014311731723064325
PCBP1:HepG2,28,0.03269922531364422
PCBP1:HepG2,29,0.024994987251573564
PCBP1:HepG2,30,0.022252730759748207
PCBP1:HepG2,31,0.02519453668036875
PCBP1:HepG2,32,0.022178527964202388
PCBP1:HepG2,33,0.016848840389615094
PCBP1:HepG2,34,0.023483438954638003
PCBP1:HepG2,35,0.027979264128263015
PCBP1:HepG2,36,0.020735023882754722
PCBP1:HepG2,37,0.03117265324462215
PCBP1:HepG2,38,0.020171429597342527
PCBP1:HepG2,39,0.028917077079862352
PCBP1:HepG2,40,0.015511109559333658
PCBP1:HepG2,41,0.026543068038890505
PCBP1:HepG2,42,0.026755648197404502
PCBP1:HepG2,43,0.02709827344570437
PCBP1:HepG2,44,0.02483748798722929
PCBP1:HepG2,45,0.02907360272081938
PCBP1:HepG2,46,0.025205588664271583
PCBP1:HepG2,47,0.020734596478667044
PCBP1:HepG2,48,0.025896696114276474
PCBP1:HepG2,49,0.024665628364353598
PCBP1:HepG2,50,0.026133785302346002
PCBP1:HepG2,51,0.01660227494251587
PCBP1:HepG2,52,0.019337130065192665
PCBP1:HepG2,53,0.015496648286422277
PCBP1:HepG2,54,0.020528966343145272
PCBP1:HepG2,55,0.019678944762453243
PCBP1:HepG2,56,0.01460559056732813
PCBP1:HepG2,57,0.01316445686275225
PCBP1:HepG2,58,0.017355610072120164
PCBP1:HepG2,59,0.017370320974871345
PCBP1:HepG2,60,0.02409324862527007
PCBP1:HepG2,61,0.014686196319798617
PCBP1:HepG2,62,0.019467643353339392
PCBP1:HepG2,63,0.025887487923305974
PCBP1:HepG2,64,0.008602247542982777
PCBP1:HepG2,65,0.00623348957331904
PCBP1:HepG2,66,0.0167494709491105
PCBP1:HepG2,67,0.018397456957719438
PCBP1:HepG2,68,0.010076967184231345
PCBP1:HepG2,69,0.00530730551577463
PCBP1:HepG2,70,0.005992368512695245
PCBP1:HepG2,71,0.003935270513416356
PCBP1:HepG2,72,0.014779575143347823
PCBP1:HepG2,73,0.00575812869158987
PCBP1:HepG2,74,0.007653511098647536
PCBP1:HepG2,75,0.012565951221527483
PCBP1:HepG2,76,0.009240789168318275
PCBP1:HepG2,77,0.011756364985433199
PCBP1:HepG2,78,0.009470861665617947
PCBP1:HepG2,79,0.012172058991927637
PCBP1:HepG2,80,0.012824162873760647
PCBP1:HepG2,81,0.010381104786348239
PCBP1:HepG2,82,0.009580115783871634
PCBP1:HepG2,83,0.0027151991142226883
PCBP1:HepG2,84,0.008974168044122988
PCBP1:HepG2,85,0.005911652822401026
PCBP1:HepG2,86,0.0035111885244876184
PCBP1:HepG2,87,0.0033316364922300057
PCBP1:HepG2,88,0.009723818880743695
PCBP1:HepG2,89,0.005645441080649349
PCBP1:HepG2,90,0.004031854764717346
PCBP1:HepG2,91,0.008041941889046722
PCBP1:HepG2,92,0.002204517324049804
PCBP1:HepG2,93,0.001652245353026105
PCBP1:HepG2,94,0.006503171479336767
PCBP1:HepG2,95,0.003526173793023557
PCBP1:HepG2,96,0.00339302380625639
PCBP1:HepG2,97,0.004608595107465918
PCBP1:HepG2,98,0.005501378567627668
PCBP1:HepG2,99,0.0023590256346597283
PCBP1:HepG2,100,0.0035996352062701575
PCBP2:HepG2,0,0.02660940276815449
PCBP2:HepG2,1,0.028571652449370433
PCBP2:HepG2,2,0.03115039744402537
PCBP2:HepG2,3,0.03402356072985091
PCBP2:HepG2,4,0.032810082563073606
PCBP2:HepG2,5,0.034341620075460044
PCBP2:HepG2,6,0.03244499148704749
PCBP2:HepG2,7,0.030371061117373532
PCBP2:HepG2,8,0.03362636572389244
PCBP2:HepG2,9,0.03167094542127946
PCBP2:HepG2,10,0.03469557844459481
PCBP2:HepG2,11,0.03333372570091109
PCBP2:HepG2,12,0.032235980654236274
PCBP2:HepG2,13,0.03877214726381928
PCBP2:HepG2,14,0.040558602752885364
PCBP2:HepG2,15,0.040107968267173444
PCBP2:HepG2,16,0.04263664203627693
PCBP2:HepG2,17,0.04110489214186619
PCBP2:HepG2,18,0.042890308726836635
PCBP2:HepG2,19,0.044519797740947054
PCBP2:HepG2,20,0.047104605240039565
PCBP2:HepG2,21,0.050502566056289
PCBP2:HepG2,22,0.04853229663680514
PCBP2:HepG2,23,0.05106975033207484
PCBP2:HepG2,24,0.05097036039328562
PCBP2:HepG2,25,0.05302879325521803
PCBP2:HepG2,26,0.05055943116816053
PCBP2:HepG2,27,0.04998933283231932
PCBP2:HepG2,28,0.0534307354890774
PCBP2:HepG2,29,0.05924303520805496
PCBP2:HepG2,30,0.05335166865039298
PCBP2:HepG2,31,0.059126205798385456
PCBP2:HepG2,32,0.05647884197085351
PCBP2:HepG2,33,0.0629556090586576
PCBP2:HepG2,34,0.06270880885778118
PCBP2:HepG2,35,0.05900418166273558
PCBP2:HepG2,36,0.06335225948364509
PCBP2:HepG2,37,0.05928858172749829
PCBP2:HepG2,38,0.06221796520480005
PCBP2:HepG2,39,0.06165071440125747
PCBP2:HepG2,40,0.06245221614292895
PCBP2:HepG2,41,0.05751162777837693
PCBP2:HepG2,42,0.06128511624062938
PCBP2:HepG2,43,0.06177797648538352
PCBP2:HepG2,44,0.063247396343733
PCBP2:HepG2,45,0.06354631739663064
PCBP2:HepG2,46,0.057962410129317465
PCBP2:HepG2,47,0.053160463075070385
PCBP2:HepG2,48,0.05499541984018863
PCBP2:HepG2,49,0.05707628068882342
PCBP2:HepG2,50,0.052751397534320676
PCBP2:HepG2,51,0.05122913602388102
PCBP2:HepG2,52,0.048466034807264524
PCBP2:HepG2,53,0.04525334328808217
PCBP2:HepG2,54,0.04820104403879033
PCBP2:HepG2,55,0.047347283140202534
PCBP2:HepG2,56,0.04655791702112244
PCBP2:HepG2,57,0.041652990497318854
PCBP2:HepG2,58,0.041511824568315925
PCBP2:HepG2,59,0.037862480341888105
PCBP2:HepG2,60,0.03204081413696758
PCBP2:HepG2,61,0.03132848476750372
PCBP2:HepG2,62,0.03323353644054805
PCBP2:HepG2,63,0.030344085177764435
PCBP2:HepG2,64,0.031204497888695393
PCBP2:HepG2,65,0.03148572441086073
PCBP2:HepG2,66,0.02592700462454134
PCBP2:HepG2,67,0.024385027051522012
PCBP2:HepG2,68,0.024450595217503368
PCBP2:HepG2,69,0.01924946934467564
PCBP2:HepG2,70,0.02044221906887378
PCBP2:HepG2,71,0.022319859449094537
PCBP2:HepG2,72,0.020236500137356783
PCBP2:HepG2,73,0.016582140804532353
PCBP2:HepG2,74,0.015532192074909634
PCBP2:HepG2,75,0.016323038146051738
PCBP2:HepG2,76,0.017869244467645595
PCBP2:HepG2,77,0.013821913599645796
PCBP2:HepG2,78,0.016412614245292723
PCBP2:HepG2,79,0.01804410032089554
PCBP2:HepG2,80,0.01678189518186335
PCBP2:HepG2,81,0.015893424333929262
PCBP2:HepG2,82,0.01469691840127707
PCBP2:HepG2,83,0.01434785366749769
PCBP2:HepG2,84,0.012041980214703152
PCBP2:HepG2,85,0.010017451840570346
PCBP2:HepG2,86,0.012180521277280532
PCBP2:HepG2,87,0.01218732381822707
PCBP2:HepG2,88,0.01545566319723779
PCBP2:HepG2,89,0.011344512087351655
PCBP2:HepG2,90,0.01074969996086228
PCBP2:HepG2,91,0.009616751711560845
PCBP2:HepG2,92,0.011716747500188918
PCBP2:HepG2,93,0.010028818528150074
PCBP2:HepG2,94,0.01089062575828037
PCBP2:HepG2,95,0.011151524393236523
PCBP2:HepG2,96,0.009239615782160149
PCBP2:HepG2,97,0.00946521619027152
PCBP2:HepG2,98,0.009830583133677795
PCBP2:HepG2,99,0.009284946766314306
PCBP2:HepG2,100,0.007131988312055526
PHF6:K562,0,0.0012250829612332481
PHF6:K562,1,0.004347973819361917
PHF6:K562,2,0.004793180907084471
PHF6:K562,3,0.0013683748953716712
PHF6:K562,4,0.008037906736267586
PHF6:K562,5,0.002976542320132558
PHF6:K562,6,0.01019482403534655
PHF6:K562,7,0.009109558656420047
PHF6:K562,8,0.00764734482635443
PHF6:K562,9,0.005487115513356899
PHF6:K562,10,0.007426955889470843
PHF6:K562,11,0.00852002180414757
PHF6:K562,12,0.008497966367119969
PHF6:K562,13,0.004935502298448968
PHF6:K562,14,0.005692695106828238
PHF6:K562,15,0.00704538944250821
PHF6:K562,16,0.011382443610467474
PHF6:K562,17,0.01666298074477468
PHF6:K562,18,0.011436790539778752
PHF6:K562,19,0.004373245593279451
PHF6:K562,20,0.016088549925933227
PHF6:K562,21,0.01606363260621435
PHF6:K562,22,0.013864537480927974
PHF6:K562,23,0.008171944978581758
PHF6:K562,24,0.011018296198862743
PHF6:K562,25,0.01206590343331182
PHF6:K562,26,0.018349423738440285
PHF6:K562,27,0.028205365948203664
PHF6:K562,28,0.01656246745415635
PHF6:K562,29,0.00635322957708051
PHF6:K562,30,0.002337793431955615
PHF6:K562,31,0.010767146763801971
PHF6:K562,32,0.01307649403162281
PHF6:K562,33,0.009001083447911173
PHF6:K562,34,0.006909891709069305
PHF6:K562,35,0.022255525668470888
PHF6:K562,36,0.007298299197668001
PHF6:K562,37,0.011538261711259046
PHF6:K562,38,0.010934658070326009
PHF6:K562,39,0.008928005524531879
PHF6:K562,40,0.010950880275924613
PHF6:K562,41,0.010256814768337175
PHF6:K562,42,0.00986006082326818
PHF6:K562,43,0.008837303046522305
PHF6:K562,44,0.007247866300597816
PHF6:K562,45,0.004486845527191474
PHF6:K562,46,0.004488873513796565
PHF6:K562,47,0.0058757746168411895
PHF6:K562,48,0.007936762351094084
PHF6:K562,49,0.007139287674053474
PHF6:K562,50,0.007447486591005026
PHF6:K562,51,0.007005709555580664
PHF6:K562,52,0.0026556081376951646
PHF6:K562,53,0.004410664803163877
PHF6:K562,54,0.004609654218897363
PHF6:K562,55,0.004362533906568933
PHF6:K562,56,0.005065931343037566
PHF6:K562,57,0.007213733954309687
PHF6:K562,58,0.01051422859152984
PHF6:K562,59,0.003221201658504036
PHF6:K562,60,0.000316351663815273
PHF6:K562,61,0.008622737251066548
PHF6:K562,62,0.0023676233490413923
PHF6:K562,63,0.0010836686941664286
PHF6:K562,64,0.004417091149757746
PHF6:K562,65,0.0022538829098374125
PHF6:K562,66,0.011862426496181744
PHF6:K562,67,0.006203469359504776
PHF6:K562,68,0.005364479819295331
PHF6:K562,69,0.0027069854243826352
PHF6:K562,70,0.006691226416879803
PHF6:K562,71,0.0025567295655595235
PHF6:K562,72,0.004596650841612426
PHF6:K562,73,0.001194612235887682
PHF6:K562,74,0.0011457785094002304
PHF6:K562,75,0.000490414975131026
PHF6:K562,76,0.0037338889285332133
PHF6:K562,77,0.007108910207674124
PHF6:K562,78,0.001251674953272497
PHF6:K562,79,0.005391033095148656
PHF6:K562,80,0.0008652431680518102
PHF6:K562,81,0.0034226360290958713
PHF6:K562,82,0.005331786740451427
PHF6:K562,83,0.0035285166537075696
PHF6:K562,84,0.0026958050387140275
PHF6:K562,85,0.0038545859895475765
PHF6:K562,86,0.001071805292057526
PHF6:K562,87,0.004736746936220726
PHF6:K562,88,0.004866229321789262
PHF6:K562,89,0.006900760280907803
PHF6:K562,90,0.003988672665039328
PHF6:K562,91,0.0031943587228355774
PHF6:K562,92,0.002924562878066639
PHF6:K562,93,0.0035218455871657284
PHF6:K562,94,0.0043061044782999325
PHF6:K562,95,0.0035316070694044743
PHF6:K562,96,0.0009810833965129273
PHF6:K562,97,0.0013282431858550048
PHF6:K562,98,0.0013729294120361502
PHF6:K562,99,0.0010427162339958773
PHF6:K562,100,0.0008925788448496119
PPIL4:K562,0,0.014833826179838638
PPIL4:K562,1,0.007171033986564268
PPIL4:K562,2,0.00805269249487317
PPIL4:K562,3,0.011736581737716523
PPIL4:K562,4,0.01334777941476084
PPIL4:K562,5,0.005418358559473924
PPIL4:K562,6,0.0074842844342526416
PPIL4:K562,7,0.005752630679112913
PPIL4:K562,8,0.0073513590555061015
PPIL4:K562,9,0.012031572214933117
PPIL4:K562,10,0.0034230049257915063
PPIL4:K562,11,0.01500268326278853
PPIL4:K562,12,0.002809709802907845
PPIL4:K562,13,0.005238449947397195
PPIL4:K562,14,0.0047776634592651135
PPIL4:K562,15,0.006247747505196299
PPIL4:K562,16,0.012928163007724924
PPIL4:K562,17,0.012359516632237222
PPIL4:K562,18,0.007426042139783817
PPIL4:K562,19,0.001753757087118446
PPIL4:K562,20,0.007871694600850576
PPIL4:K562,21,0.006005100471496716
PPIL4:K562,22,0.0016555964395492673
PPIL4:K562,23,0.009406315751958827
PPIL4:K562,24,0.007837740385117975
PPIL4:K562,25,0.005194338728648162
PPIL4:K562,26,0.0025148256571296823
PPIL4:K562,27,0.0036220441583947327
PPIL4:K562,28,0.0030344664729617943
PPIL4:K562,29,0.005425789734067155
PPIL4:K562,30,0.010535166924778072
PPIL4:K562,31,0.018973585467700227
PPIL4:K562,32,0.011676761333611618
PPIL4:K562,33,0.003949218221488193
PPIL4:K562,34,0.004983755897437492
PPIL4:K562,35,0.005957421843215016
PPIL4:K562,36,0.006403695525167841
PPIL4:K562,37,0.01688551464246668
PPIL4:K562,38,0.005687012824145077
PPIL4:K562,39,0.004405156572684588
PPIL4:K562,40,0.009428019791393849
PPIL4:K562,41,0.008259210235597392
PPIL4:K562,42,0.009399174720044368
PPIL4:K562,43,0.00830050490905787
PPIL4:K562,44,0.00541581229362742
PPIL4:K562,45,0.0031945040267846725
PPIL4:K562,46,0.0041387182943399825
PPIL4:K562,47,0.009320871750694293
PPIL4:K562,48,0.008504703782775902
PPIL4:K562,49,0.006874812243994
PPIL4:K562,50,0.0045227506627779634
PPIL4:K562,51,0.00972998023927829
PPIL4:K562,52,0.006143753454985301
PPIL4:K562,53,0.005889772579571018
PPIL4:K562,54,0.002162305722237301
PPIL4:K562,55,0.007368967567819684
PPIL4:K562,56,0.007950373015924939
PPIL4:K562,57,0.013190027914308233
PPIL4:K562,58,0.00307115361226884
PPIL4:K562,59,0.0007468003850319427
PPIL4:K562,60,0.0007244204376727348
PPIL4:K562,61,0.003712814544702736
PPIL4:K562,62,0.005613145682514364
PPIL4:K562,63,0.005850307516664266
PPIL4:K562,64,0.009023425671098373
PPIL4:K562,65,0.005263433623738711
PPIL4:K562,66,0.0024730988687765576
PPIL4:K562,67,0.003918665066775073
PPIL4:K562,68,0.0023011727076788224
PPIL4:K562,69,0.0014477985576120123
PPIL4:K562,70,0.0018172506766302998
PPIL4:K562,71,0.006132060162342912
PPIL4:K562,72,0.005454032949548049
PPIL4:K562,73,0.004248520693697744
PPIL4:K562,74,0.006230096594903256
PPIL4:K562,75,0.00917774413502892
PPIL4:K562,76,0.004018564906021593
PPIL4:K562,77,0.0013184550870147804
PPIL4:K562,78,0.00708970859006508
PPIL4:K562,79,0.0006932797414089809
PPIL4:K562,80,0.0033077435799100385
PPIL4:K562,81,0.00011316718553988636
PPIL4:K562,82,0.0043141340055981026
PPIL4:K562,83,0.005942345616497313
PPIL4:K562,84,0.0016079231444907638
PPIL4:K562,85,0.004981744392554388
PPIL4:K562,86,0.010729375222419568
PPIL4:K562,87,0.005745575891981547
PPIL4:K562,88,0.0030048680104213243
PPIL4:K562,89,0.004847512694966083
PPIL4:K562,90,0.003032047302381491
PPIL4:K562,91,0.0020558816368192456
PPIL4:K562,92,0.002539349511967659
PPIL4:K562,93,0.003809306617863939
PPIL4:K562,94,0.002328828169920527
PPIL4:K562,95,0.0029931066837801668
PPIL4:K562,96,0.006756482064448122
PPIL4:K562,97,0.003038964519871623
PPIL4:K562,98,0.003404988186417768
PPIL4:K562,99,0.0017435507852102683
PPIL4:K562,100,0.002321316450815236
PRPF4:HepG2,0,0.01426254346272604
PRPF4:HepG2,1,0.016356437260370282
PRPF4:HepG2,2,0.015284777439434016
PRPF4:HepG2,3,0.01725925686092622
PRPF4:HepG2,4,0.017405080266207795
PRPF4:HepG2,5,0.016156812678143395
PRPF4:HepG2,6,0.017711913302817184
PRPF4:HepG2,7,0.0191202026240731
PRPF4:HepG2,8,0.020730949401164267
PRPF4:HepG2,9,0.018134884527708395
PRPF4:HepG2,10,0.021179117271792336
PRPF4:HepG2,11,0.02005935753195165
PRPF4:HepG2,12,0.019772129193804555
PRPF4:HepG2,13,0.024015214874181012
PRPF4:HepG2,14,0.02365760791092686
PRPF4:HepG2,15,0.02430025791633117
PRPF4:HepG2,16,0.02663716979506181
PRPF4:HepG2,17,0.02757775976569654
PRPF4:HepG2,18,0.029175520359433937
PRPF4:HepG2,19,0.02611942094245201
PRPF4:HepG2,20,0.028722606168321563
PRPF4:HepG2,21,0.03011158478169884
PRPF4:HepG2,22,0.02864282521152972
PRPF4:HepG2,23,0.03010343097731183
PRPF4:HepG2,24,0.02727296685030034
PRPF4:HepG2,25,0.026099806749701582
PRPF4:HepG2,26,0.030391774248567094
PRPF4:HepG2,27,0.03106614326220325
PRPF4:HepG2,28,0.029284576766005044
PRPF4:HepG2,29,0.0286869748257903
PRPF4:HepG2,30,0.02625953171948614
PRPF4:HepG2,31,0.029809775398487948
PRPF4:HepG2,32,0.026817965310098613
PRPF4:HepG2,33,0.02706217858960147
PRPF4:HepG2,34,0.02738906553928666
PRPF4:HepG2,35,0.022800313678971396
PRPF4:HepG2,36,0.024860903669876255
PRPF4:HepG2,37,0.026428109506793307
PRPF4:HepG2,38,0.024073481207513625
PRPF4:HepG2,39,0.019529747454374302
PRPF4:HepG2,40,0.01806404737751388
PRPF4:HepG2,41,0.02017569517539264
PRPF4:HepG2,42,0.018666446749047605
PRPF4:HepG2,43,0.01568322653895149
PRPF4:HepG2,44,0.016848188914355244
PRPF4:HepG2,45,0.015941699556548894
PRPF4:HepG2,46,0.01659678091377903
PRPF4:HepG2,47,0.017611369769407692
PRPF4:HepG2,48,0.017963046626775503
PRPF4:HepG2,49,0.01424428735261507
PRPF4:HepG2,50,0.012915795991548129
PRPF4:HepG2,51,0.01134165796387665
PRPF4:HepG2,52,0.012724353626493046
PRPF4:HepG2,53,0.011065452378028917
PRPF4:HepG2,54,0.011227659313720717
PRPF4:HepG2,55,0.00944096184089116
PRPF4:HepG2,56,0.013109413875701414
PRPF4:HepG2,57,0.012072020874960843
PRPF4:HepG2,58,0.00964645778580231
PRPF4:HepG2,59,0.010333978864703663
PRPF4:HepG2,60,0.010253162508869651
PRPF4:HepG2,61,0.007537827813902442
PRPF4:HepG2,62,0.009529894973388076
PRPF4:HepG2,63,0.008297432212859057
PRPF4:HepG2,64,0.00687111629968129
PRPF4:HepG2,65,0.007348390429991247
PRPF4:HepG2,66,0.008992689810429888
PRPF4:HepG2,67,0.00784759547745617
PRPF4:HepG2,68,0.005670735713117714
PRPF4:HepG2,69,0.00501508699187303
PRPF4:HepG2,70,0.004493547553298449
PRPF4:HepG2,71,0.006103871018899865
PRPF4:HepG2,72,0.005117786206574992
PRPF4:HepG2,73,0.0064631523110074696
PRPF4:HepG2,74,0.004313487853408127
PRPF4:HepG2,75,0.005500586407818253
PRPF4:HepG2,76,0.003946594869487563
PRPF4:HepG2,77,0.005274484181716055
PRPF4:HepG2,78,0.005434203773553747
PRPF4:HepG2,79,0.004832356547232575
PRPF4:HepG2,80,0.003478818126904759
PRPF4:HepG2,81,0.004603192589570204
PRPF4:HepG2,82,0.004082525523812497
PRPF4:HepG2,83,0.005228644740785993
PRPF4:HepG2,84,0.004596704117545314
PRPF4:HepG2,85,0.004635316609691076
PRPF4:HepG2,86,0.0049556784777422536
PRPF4:HepG2,87,0.004790045068103321
PRPF4:HepG2,88,0.005020130340261608
PRPF4:HepG2,89,0.004532819851827075
PRPF4:HepG2,90,0.0038659728977556984
PRPF4:HepG2,91,0.0029553162087168072
PRPF4:HepG2,92,0.005217671005485314
PRPF4:HepG2,93,0.006023542826346429
PRPF4:HepG2,94,0.004645145290695041
PRPF4:HepG2,95,0.003952883493127279
PRPF4:HepG2,96,0.005540018856075246
PRPF4:HepG2,97,0.003231697435117642
PRPF4:HepG2,98,0.002716591327831752
PRPF4:HepG2,99,0.0045756182493778
PRPF4:HepG2,100,0.004011684242735347
PTBP1:HepG2,0,0.0646798649029634
PTBP1:HepG2,1,0.06989283220097442
PTBP1:HepG2,2,0.0695968729515557
PTBP1:HepG2,3,0.06837787917257776
PTBP1:HepG2,4,0.07416937307182281
PTBP1:HepG2,5,0.07430594682846392
PTBP1:HepG2,6,0.0789138068676094
PTBP1:HepG2,7,0.08253519249165775
PTBP1:HepG2,8,0.07644744396731395
PTBP1:HepG2,9,0.08192322471890723
PTBP1:HepG2,10,0.08049211095440001
PTBP1:HepG2,11,0.08664731520272173
PTBP1:HepG2,12,0.08406956554879574
PTBP1:HepG2,13,0.0804582954489852
PTBP1:HepG2,14,0.08353648614456788
PTBP1:HepG2,15,0.08589829772585134
PTBP1:HepG2,16,0.08106694618675658
PTBP1:HepG2,17,0.0878487565856989
PTBP1:HepG2,18,0.08126639428124993
PTBP1:HepG2,19,0.0865240617997538
PTBP1:HepG2,20,0.0916272669869923
PTBP1:HepG2,21,0.08847490435761274
PTBP1:HepG2,22,0.092809519833287
PTBP1:HepG2,23,0.0846623818310126
PTBP1:HepG2,24,0.08148072724265076
PTBP1:HepG2,25,0.08955010188139745
PTBP1:HepG2,26,0.0869679038219967
PTBP1:HepG2,27,0.08796810334226668
PTBP1:HepG2,28,0.08371813282505502
PTBP1:HepG2,29,0.08881145217826636
PTBP1:HepG2,30,0.08852215271846742
PTBP1:HepG2,31,0.08483919889409541
PTBP1:HepG2,32,0.08231421283818563
PTBP1:HepG2,33,0.08170170572748092
PTBP1:HepG2,34,0.08005640941621373
PTBP1:HepG2,35,0.0829803205102223
PTBP1:HepG2,36,0.08052690189789913
PTBP1:HepG2,37,0.07929211986895335
PTBP1:HepG2,38,0.08483732191886995
PTBP1:HepG2,39,0.07190261038612289
PTBP1:HepG2,40,0.07429745289023515
PTBP1:HepG2,41,0.07426649025887677
PTBP1:HepG2,42,0.07475156422279072
PTBP1:HepG2,43,0.07163226430005498
PTBP1:HepG2,44,0.07162710469007116
PTBP1:HepG2,45,0.07352318391269574
PTBP1:HepG2,46,0.06794922805718429
PTBP1:HepG2,47,0.06662749240334942
PTBP1:HepG2,48,0.06850355441026068
PTBP1:HepG2,49,0.0691414754441797
PTBP1:HepG2,50,0.06879330892440261
PTBP1:HepG2,51,0.06760261862084849
PTBP1:HepG2,52,0.05546666304817671
PTBP1:HepG2,53,0.056819191566676364
PTBP1:HepG2,54,0.062077438468627566
PTBP1:HepG2,55,0.05823215447326402
PTBP1:HepG2,56,0.05863870909195179
PTBP1:HepG2,57,0.05240300643487106
PTBP1:HepG2,58,0.047222246007381896
PTBP1:HepG2,59,0.04934319303860146
PTBP1:HepG2,60,0.053678368970819346
PTBP1:HepG2,61,0.04692188640641615
PTBP1:HepG2,62,0.04750199831461421
PTBP1:HepG2,63,0.04279210373154285
PTBP1:HepG2,64,0.040685853800257576
PTBP1:HepG2,65,0.04101014423750904
PTBP1:HepG2,66,0.042146106081743184
PTBP1:HepG2,67,0.045230638193606953
PTBP1:HepG2,68,0.038516563793041136
PTBP1:HepG2,69,0.03326519549469098
PTBP1:HepG2,70,0.033658707828067014
PTBP1:HepG2,71,0.03232647752685969
PTBP1:HepG2,72,0.02821312563066014
PTBP1:HepG2,73,0.02797792090624507
PTBP1:HepG2,74,0.02751767207522071
PTBP1:HepG2,75,0.02636759509316622
PTBP1:HepG2,76,0.023272162650518013
PTBP1:HepG2,77,0.020728802687089543
PTBP1:HepG2,78,0.022642160926812815
PTBP1:HepG2,79,0.019244597404942998
PTBP1:HepG2,80,0.0195827632086375
PTBP1:HepG2,81,0.017279266252647085
PTBP1:HepG2,82,0.017793313699598468
PTBP1:HepG2,83,0.021282681271721504
PTBP1:HepG2,84,0.017444932404665936
PTBP1:HepG2,85,0.015218264541330684
PTBP1:HepG2,86,0.014725679957463877
PTBP1:HepG2,87,0.012716004146101856
PTBP1:HepG2,88,0.0126492524964964
PTBP1:HepG2,89,0.01345587493999334
PTBP1:HepG2,90,0.014260212324212374
PTBP1:HepG2,91,0.012516434623713879
PTBP1:HepG2,92,0.011837895684054578
PTBP1:HepG2,93,0.009684230436157959
PTBP1:HepG2,94,0.009288767621263405
PTBP1:HepG2,95,0.013679725689806466
PTBP1:HepG2,96,0.01049730388701775
PTBP1:HepG2,97,0.009513929558547574
PTBP1:HepG2,98,0.009993672994209168
PTBP1:HepG2,99,0.010183578114318137
PTBP1:HepG2,100,0.009407935198192163
PTBP1:K562,0,0.061315501108493486
PTBP1:K562,1,0.054604217992656356
PTBP1:K562,2,0.060991038713375856
PTBP1:K562,3,0.06055097245696506
PTBP1:K562,4,0.05714407134629407
PTBP1:K562,5,0.06508254205334607
PTBP1:K562,6,0.06871848029983074
PTBP1:K562,7,0.06521784903414307
PTBP1:K562,8,0.06765014217863718
PTBP1:K562,9,0.06884127161875897
PTBP1:K562,10,0.07607942366505016
PTBP1:K562,11,0.07351142418692946
PTBP1:K562,12,0.07783598677858983
PTBP1:K562,13,0.07670965555886178
PTBP1:K562,14,0.08036087710731088
PTBP1:K562,15,0.08078177399755981
PTBP1:K562,16,0.08800986492361318
PTBP1:K562,17,0.08228509151833574
PTBP1:K562,18,0.08413053650210123
PTBP1:K562,19,0.08649083488790554
PTBP1:K562,20,0.08408395053747308
PTBP1:K562,21,0.0901289509894665
PTBP1:K562,22,0.090915968637588
PTBP1:K562,23,0.08850838540997974
PTBP1:K562,24,0.08498603126047088
PTBP1:K562,25,0.09196573128993912
PTBP1:K562,26,0.09079033485368038
PTBP1:K562,27,0.0844066727847157
PTBP1:K562,28,0.08892314084902342
PTBP1:K562,29,0.0808474510022773
PTBP1:K562,30,0.08242191483970496
PTBP1:K562,31,0.08154468463053499
PTBP1:K562,32,0.08859877837433028
PTBP1:K562,33,0.0837653965785603
PTBP1:K562,34,0.07674100220116209
PTBP1:K562,35,0.07580097139451003
PTBP1:K562,36,0.07845043151111075
PTBP1:K562,37,0.07687978083134195
PTBP1:K562,38,0.07305524079634651
PTBP1:K562,39,0.07470481295170339
PTBP1:K562,40,0.07479795721226856
PTBP1:K562,41,0.07603616889770892
PTBP1:K562,42,0.07138378633115983
PTBP1:K562,43,0.06969110399214684
PTBP1:K562,44,0.0712635836085197
PTBP1:K562,45,0.07209184644467803
PTBP1:K562,46,0.06721955814230995
PTBP1:K562,47,0.06394338883039885
PTBP1:K562,48,0.06810633339703276
PTBP1:K562,49,0.0589052777112089
PTBP1:K562,50,0.06320807365660785
PTBP1:K562,51,0.053322734004386585
PTBP1:K562,52,0.05739387860067402
PTBP1:K562,53,0.05500979509561077
PTBP1:K562,54,0.05177759312900476
PTBP1:K562,55,0.04888275506343398
PTBP1:K562,56,0.048614345309582974
PTBP1:K562,57,0.046181352404804143
PTBP1:K562,58,0.04474829230813382
PTBP1:K562,59,0.045266517219837876
PTBP1:K562,60,0.041037124615450615
PTBP1:K562,61,0.04149574378306853
PTBP1:K562,62,0.034916380606447084
PTBP1:K562,63,0.03322065577899025
PTBP1:K562,64,0.03524560377207364
PTBP1:K562,65,0.03264971967099328
PTBP1:K562,66,0.029605726441734648
PTBP1:K562,67,0.029163501293206107
PTBP1:K562,68,0.024848602921262453
PTBP1:K562,69,0.02811859309083875
PTBP1:K562,70,0.031137106256410974
PTBP1:K562,71,0.025320969553335626
PTBP1:K562,72,0.022765018983711416
PTBP1:K562,73,0.022526845399102435
PTBP1:K562,74,0.02157750360188082
PTBP1:K562,75,0.017422832964287815
PTBP1:K562,76,0.019244719515412623
PTBP1:K562,77,0.014486284411487804
PTBP1:K562,78,0.0166845271511723
PTBP1:K562,79,0.017644383264812102
PTBP1:K562,80,0.017923492404195995
PTBP1:K562,81,0.01613733992500277
PTBP1:K562,82,0.015321536092251176
PTBP1:K562,83,0.015245263592438496
PTBP1:K562,84,0.015449536071242775
PTBP1:K562,85,0.013458105915388874
PTBP1:K562,86,0.01378169340671076
PTBP1:K562,87,0.014190208677412608
PTBP1:K562,88,0.012400541686243827
PTBP1:K562,89,0.010764718022035935
PTBP1:K562,90,0.01087454015481415
PTBP1:K562,91,0.011727371711634738
PTBP1:K562,92,0.012225854876468878
PTBP1:K562,93,0.01053872666636857
PTBP1:K562,94,0.012700730320112985
PTBP1:K562,95,0.008119110736658053
PTBP1:K562,96,0.011347084738067226
PTBP1:K562,97,0.010877724392434063
PTBP1:K562,98,0.013330126160389977
PTBP1:K562,99,0.010351200294020813
PTBP1:K562,100,0.009423875095922352
PUM1:K562,0,0.0007441991232204348
PUM1:K562,1,0.0023018787858752887
PUM1:K562,2,0.0028924215760335326
PUM1:K562,3,0.0014204184522336183
PUM1:K562,4,0.00152532227792479
PUM1:K562,5,0.00031778300346041455
PUM1:K562,6,0.0010923547312893245
PUM1:K562,7,0.0027781481894594284
PUM1:K562,8,0.0016303396022676608
PUM1:K562,9,0.003960413346488667
PUM1:K562,10,0.0011976900692826087
PUM1:K562,11,0.00017055596268011897
PUM1:K562,12,0.0012361449594213703
PUM1:K562,13,0.0014666499637033814
PUM1:K562,14,0.0019511421251807715
PUM1:K562,15,0.0024765823325855196
PUM1:K562,16,0.0012804852762917651
PUM1:K562,17,0.0013564137169987944
PUM1:K562,18,0.0008319402313348156
PUM1:K562,19,0.001105530228391105
PUM1:K562,20,0.002653876180332859
PUM1:K562,21,0.0032240401293831544
PUM1:K562,22,0.0026115013123007014
PUM1:K562,23,0.0026051215723468246
PUM1:K562,24,0.0015968369769758795
PUM1:K562,25,0.0011828979497188197
PUM1:K562,26,0.006074623585158756
PUM1:K562,27,0.002802965957480419
PUM1:K562,28,0.0036278636323345825
PUM1:K562,29,0.002086090157329412
PUM1:K562,30,0.0021174666520867857
PUM1:K562,31,0.001203866677554788
PUM1:K562,32,0.001813490583787436
PUM1:K562,33,0.0018041624112064003
PUM1:K562,34,0.002999381088795605
PUM1:K562,35,0.004049089770918446
PUM1:K562,36,0.003178989744020755
PUM1:K562,37,0.004505885192481518
PUM1:K562,38,0.004967592997546566
PUM1:K562,39,0.0033876082764587867
PUM1:K562,40,0.0076669399830326945
PUM1:K562,41,0.003901119733431546
PUM1:K562,42,0.007236731615437364
PUM1:K562,43,0.00707813210321262
PUM1:K562,44,0.004183529980645639
PUM1:K562,45,0.0035840156714026516
PUM1:K562,46,0.005683658371790856
PUM1:K562,47,0.005415159089610988
PUM1:K562,48,0.0021290586262070477
PUM1:K562,49,0.0026424461012114486
PUM1:K562,50,0.005748111679475976
PUM1:K562,51,0.00898513592002248
PUM1:K562,52,0.008387661803275992
PUM1:K562,53,0.0053472999424623024
PUM1:K562,54,0.0039094732909600305
PUM1:K562,55,0.00978065598915312
PUM1:K562,56,0.004592322698745432
PUM1:K562,57,0.006416828636432115
PUM1:K562,58,0.00689001206340123
PUM1:K562,59,0.004938905138842431
PUM1:K562,60,0.003989810833572749
PUM1:K562,61,0.007857249527091215
PUM1:K562,62,0.007798981994980414
PUM1:K562,63,0.008860000719616679
PUM1:K562,64,0.005554570718114826
PUM1:K562,65,0.007938088100317375
PUM1:K562,66,0.008178165117486591
PUM1:K562,67,0.0064857080239693055
PUM1:K562,68,0.005590172539169602
PUM1:K562,69,0.005365151888952591
PUM1:K562,70,0.0044137280014255875
PUM1:K562,71,0.004965218754291012
PUM1:K562,72,0.006182739905996493
PUM1:K562,73,0.005710702200738216
PUM1:K562,74,0.0033683444059582346
PUM1:K562,75,0.004038941152482267
PUM1:K562,76,0.002712673751996131
PUM1:K562,77,0.005278440231638815
PUM1:K562,78,0.0031156852213064523
PUM1:K562,79,0.004118450975846288
PUM1:K562,80,0.0028528116693788963
PUM1:K562,81,0.002555181602147627
PUM1:K562,82,0.004345701475461983
PUM1:K562,83,0.0025349411489247187
PUM1:K562,84,0.004659782464052964
PUM1:K562,85,0.003597696661918337
PUM1:K562,86,0.003836774613493521
PUM1:K562,87,0.0010474029859053324
PUM1:K562,88,0.0024533872492693565
PUM1:K562,89,0.0022918935865622325
PUM1:K562,90,0.0019430239334884414
PUM1:K562,91,0.0035295336462932703
PUM1:K562,92,0.0021688567573625583
PUM1:K562,93,0.001904591849458015
PUM1:K562,94,0.00098463803486748
PUM1:K562,95,0.0031200774948322296
PUM1:K562,96,0.0020410627093998546
PUM1:K562,97,0.0017336457442412856
PUM1:K562,98,0.002330126071879546
PUM1:K562,99,0.0024008013223870694
PUM1:K562,100,0.0020345884411907544
QKI:HepG2,0,0.00443398618089863
QKI:HepG2,1,0.0048546586449049745
QKI:HepG2,2,0.005610393550849024
QKI:HepG2,3,0.00570675215947225
QKI:HepG2,4,0.007158202206061337
QKI:HepG2,5,0.004232775882995754
QKI:HepG2,6,0.00617898330680644
QKI:HepG2,7,0.006550436868752563
QKI:HepG2,8,0.006735790926295282
QKI:HepG2,9,0.007140695836864719
QKI:HepG2,10,0.004616669356413805
QKI:HepG2,11,0.006527929531709331
QKI:HepG2,12,0.006665612589139003
QKI:HepG2,13,0.00722090061474856
QKI:HepG2,14,0.006171526198215371
QKI:HepG2,15,0.006901895752058795
QKI:HepG2,16,0.007236898550300852
QKI:HepG2,17,0.0064975908535702676
QKI:HepG2,18,0.007949959638553383
QKI:HepG2,19,0.008723905086482686
QKI:HepG2,20,0.007284228039754037
QKI:HepG2,21,0.006569027329352606
QKI:HepG2,22,0.008820581835050856
QKI:HepG2,23,0.006973415437586006
QKI:HepG2,24,0.0064251796931003025
QKI:HepG2,25,0.0067906570416675915
QKI:HepG2,26,0.006223821576513133
QKI:HepG2,27,0.008329089656664568
QKI:HepG2,28,0.008174989469817318
QKI:HepG2,29,0.005517982799678411
QKI:HepG2,30,0.007195394813326539
QKI:HepG2,31,0.004669105065770229
QKI:HepG2,32,0.004315691032332758
QKI:HepG2,33,0.004854391278978021
QKI:HepG2,34,0.005431963541018048
QKI:HepG2,35,0.0053099702503514035
QKI:HepG2,36,0.006132911117282758
QKI:HepG2,37,0.004400076409026621
QKI:HepG2,38,0.004091537013791724
QKI:HepG2,39,0.003969801161809339
QKI:HepG2,40,0.003990671294156867
QKI:HepG2,41,0.006214702269250472
QKI:HepG2,42,0.004500313198244288
QKI:HepG2,43,0.005028553424797799
QKI:HepG2,44,0.004546845506640196
QKI:HepG2,45,0.004229192928051351
QKI:HepG2,46,0.0035881909547337276
QKI:HepG2,47,0.004921844765619854
QKI:HepG2,48,0.003922355259414534
QKI:HepG2,49,0.003795287854231111
QKI:HepG2,50,0.004475273753368425
QKI:HepG2,51,0.0033187404766590323
QKI:HepG2,52,0.0034627656240036053
QKI:HepG2,53,0.003094730788721245
QKI:HepG2,54,0.0029115086058362216
QKI:HepG2,55,0.0035863615708813246
QKI:HepG2,56,0.002323357158429795
QKI:HepG2,57,0.0016705071273610539
QKI:HepG2,58,0.003662672592277705
QKI:HepG2,59,0.0027844954750205764
QKI:HepG2,60,0.0019082988314071958
QKI:HepG2,61,0.0016114458322793457
QKI:HepG2,62,0.0020330164845479004
QKI:HepG2,63,0.0025541057130984424
QKI:HepG2,64,0.0014787649155295624
QKI:HepG2,65,0.001402148516457924
QKI:HepG2,66,0.0017421034602564944
QKI:HepG2,67,0.002536009502830394
QKI:HepG2,68,0.002047508477394544
QKI:HepG2,69,0.001338241669381568
QKI:HepG2,70,0.0020931695856483135
QKI:HepG2,71,0.0011543212320248575
QKI:HepG2,72,0.0012536207178824865
QKI:HepG2,73,0.0013751391160417015
QKI:HepG2,74,0.0024496075438196208
QKI:HepG2,75,0.000985070495566065
QKI:HepG2,76,0.0009449488784432081
QKI:HepG2,77,0.0012919846776999755
QKI:HepG2,78,0.0015951322647453914
QKI:HepG2,79,0.001893909323520182
QKI:HepG2,80,0.0021667331954704494
QKI:HepG2,81,0.0017540449928806767
QKI:HepG2,82,0.0013089122502334405
QKI:HepG2,83,0.0013143414683105537
QKI:HepG2,84,0.0015232397393184494
QKI:HepG2,85,0.0011725118412955204
QKI:HepG2,86,0.0020650653948566244
QKI:HepG2,87,0.001517921910849429
QKI:HepG2,88,0.0021893771971943643
QKI:HepG2,89,0.0017324114487984321
QKI:HepG2,90,0.0015179387078022577
QKI:HepG2,91,0.0017440730593903941
QKI:HepG2,92,0.0016008068664087327
QKI:HepG2,93,0.001302582963165655
QKI:HepG2,94,0.0020088850861068597
QKI:HepG2,95,0.0016803053827514347
QKI:HepG2,96,0.0014616243452180155
QKI:HepG2,97,0.001711614665694139
QKI:HepG2,98,0.002005067473225486
QKI:HepG2,99,0.0023933038301782172
QKI:HepG2,100,0.0014517695999751723
QKI:K562,0,0.003985275679793343
QKI:K562,1,0.003996243563256785
QKI:K562,2,0.0038242800764445306
QKI:K562,3,0.00543748856152948
QKI:K562,4,0.004563876855366633
QKI:K562,5,0.0064349633670884865
QKI:K562,6,0.007157857454159977
QKI:K562,7,0.00795099721133341
QKI:K562,8,0.004732375870028838
QKI:K562,9,0.007266984915260455
QKI:K562,10,0.00886247441125998
QKI:K562,11,0.009132396147390365
QKI:K562,12,0.007294878237904978
QKI:K562,13,0.007123084682784331
QKI:K562,14,0.005881975000117667
QKI:K562,15,0.010841991410716512
QKI:K562,16,0.008044699671448052
QKI:K562,17,0.007187091237353949
QKI:K562,18,0.007940837333982653
QKI:K562,19,0.00907150245335453
QKI:K562,20,0.008235621541870408
QKI:K562,21,0.007678448468104282
QKI:K562,22,0.007580294507382401
QKI:K562,23,0.013934151818547846
QKI:K562,24,0.012404897838005802
QKI:K562,25,0.01871957132922164
QKI:K562,26,0.0074007745025626015
QKI:K562,27,0.008465106457661298
QKI:K562,28,0.00735017395395432
QKI:K562,29,0.01086711138786467
QKI:K562,30,0.010391467014661537
QKI:K562,31,0.015735756268018042
QKI:K562,32,0.012770484979080843
QKI:K562,33,0.00710726086595681
QKI:K562,34,0.011149988636397157
QKI:K562,35,0.008689312799623372
QKI:K562,36,0.005965553429980508
QKI:K562,37,0.011285242302670695
QKI:K562,38,0.010678242520872572
QKI:K562,39,0.012633532349825005
QKI:K562,40,0.012296696542356322
QKI:K562,41,0.007313843031391376
QKI:K562,42,0.006474700308310766
QKI:K562,43,0.008054053516575843
QKI:K562,44,0.009182282260201569
QKI:K562,45,0.00781902860988204
QKI:K562,46,0.012672997334855274
QKI:K562,47,0.008330711187585438
QKI:K562,48,0.0031898396114700134
QKI:K562,49,0.00630599951019617
QKI:K562,50,0.008360039700307964
QKI:K562,51,0.006543584615128939
QKI:K562,52,0.004784936973392884
QKI:K562,53,0.005824411343441471
QKI:K562,54,0.006570485637860446
QKI:K562,55,0.005157725800380986
QKI:K562,56,0.004883940265188014
QKI:K562,57,0.0038582167625059727
QKI:K562,58,0.006012880998191639
QKI:K562,59,0.004963093809072894
QKI:K562,60,0.007009497499652184
QKI:K562,61,0.0050351815921254595
QKI:K562,62,0.004136502415195253
QKI:K562,63,0.005764575591008958
QKI:K562,64,0.006162662172882305
QKI:K562,65,0.003988066068408291
QKI:K562,66,0.0022933203582422568
QKI:K562,67,0.006767113373044253
QKI:K562,68,0.004850127664762893
QKI:K562,69,0.004958774975478919
QKI:K562,70,0.0013792416013539421
QKI:K562,71,0.002245812291467919
QKI:K562,72,0.003628424231709837
QKI:K562,73,0.0025741320215582064
QKI:K562,74,0.0018128493888597275
QKI:K562,75,0.0016407480175977263
QKI:K562,76,0.00288549255974091
QKI:K562,77,0.003132949280734043
QKI:K562,78,0.0035374475459620802
QKI:K562,79,0.0032748406093332516
QKI:K562,80,0.0024259835700559673
QKI:K562,81,0.003821945430129481
QKI:K562,82,0.0013140086466572054
QKI:K562,83,0.0020860005744167687
QKI:K562,84,0.003482378115880924
QKI:K562,85,0.002616827384367304
QKI:K562,86,0.004018262102460257
QKI:K562,87,0.004269000045346805
QKI:K562,88,0.00342274509015561
QKI:K562,89,0.0020020346696927316
QKI:K562,90,0.005755653858444232
QKI:K562,91,0.002594068789303128
QKI:K562,92,0.002597748739945116
QKI:K562,93,0.004134414619324511
QKI:K562,94,0.002789518852550854
QKI:K562,95,0.0022086586154896892
QKI:K562,96,0.00312643222702369
QKI:K562,97,0.00122491508738376
QKI:K562,98,0.005240002351908801
QKI:K562,99,0.0026380047955953945
QKI:K562,100,0.003583311550321988
RBFOX2:K562,0,0.010296482881997138
RBFOX2:K562,1,0.00845090037963947
RBFOX2:K562,2,0.007909529760025125
RBFOX2:K562,3,0.007691788004214661
RBFOX2:K562,4,0.0109634920291527
RBFOX2:K562,5,0.010664974294095186
RBFOX2:K562,6,0.009123780184745023
RBFOX2:K562,7,0.008931019014634334
RBFOX2:K562,8,0.008993547988634276
RBFOX2:K562,9,0.008127251924587187
RBFOX2:K562,10,0.007919570370951812
RBFOX2:K562,11,0.012598524956482837
RBFOX2:K562,12,0.015984902324670758
RBFOX2:K562,13,0.012003301195132154
RBFOX2:K562,14,0.013933903781318091
RBFOX2:K562,15,0.014945706608444409
RBFOX2:K562,16,0.0115395898253281
RBFOX2:K562,17,0.012079829676929332
RBFOX2:K562,18,0.013021264443158431
RBFOX2:K562,19,0.018749570070621835
RBFOX2:K562,20,0.015585097624697397
RBFOX2:K562,21,0.01361204611357869
RBFOX2:K562,22,0.013339510269195665
RBFOX2:K562,23,0.015807348539142896
RBFOX2:K562,24,0.014426222673519118
RBFOX2:K562,25,0.010606245636189282
RBFOX2:K562,26,0.013646232282636062
RBFOX2:K562,27,0.013703343016830738
RBFOX2:K562,28,0.012557251730215824
RBFOX2:K562,29,0.016233227476553314
RBFOX2:K562,30,0.014001322764263802
RBFOX2:K562,31,0.009615891034327473
RBFOX2:K562,32,0.009372595915297377
RBFOX2:K562,33,0.010851055987871838
RBFOX2:K562,34,0.014967937726233616
RBFOX2:K562,35,0.0119056745913233
RBFOX2:K562,36,0.011962042668485218
RBFOX2:K562,37,0.00922107144060802
RBFOX2:K562,38,0.010989528852525576
RBFOX2:K562,39,0.007148836034144956
RBFOX2:K562,40,0.007988310410241173
RBFOX2:K562,41,0.009971608204355165
RBFOX2:K562,42,0.00607032259956819
RBFOX2:K562,43,0.007936846911789197
RBFOX2:K562,44,0.00665102789616534
RBFOX2:K562,45,0.010028854906670714
RBFOX2:K562,46,0.007206708490000269
RBFOX2:K562,47,0.0050621331370767075
RBFOX2:K562,48,0.0037892392516549744
RBFOX2:K562,49,0.009212578787533898
RBFOX2:K562,50,0.003485226869876068
RBFOX2:K562,51,0.005422166342861301
RBFOX2:K562,52,0.005044415655050871
RBFOX2:K562,53,0.00394539389860149
RBFOX2:K562,54,0.004266038856694965
RBFOX2:K562,55,0.004688801407171539
RBFOX2:K562,56,0.004138228705997671
RBFOX2:K562,57,0.0033009407211438413
RBFOX2:K562,58,0.0038257234789267347
RBFOX2:K562,59,0.004025972571981229
RBFOX2:K562,60,0.003453357039615801
RBFOX2:K562,61,0.002886606119055224
RBFOX2:K562,62,0.002671843737096058
RBFOX2:K562,63,0.0060302429613647845
RBFOX2:K562,64,0.002660928599044765
RBFOX2:K562,65,0.002009334543041752
RBFOX2:K562,66,0.001790585859144933
RBFOX2:K562,67,0.0020067635749333457
RBFOX2:K562,68,0.0033397914614837765
RBFOX2:K562,69,0.003438034432388104
RBFOX2:K562,70,0.0017039700424256177
RBFOX2:K562,71,0.0015454242855510447
RBFOX2:K562,72,0.0013617648613389877
RBFOX2:K562,73,0.0008788931105007114
RBFOX2:K562,74,0.0013509274804166527
RBFOX2:K562,75,0.002717128455559048
RBFOX2:K562,76,0.0018061503273927304
RBFOX2:K562,77,0.001392665245346869
RBFOX2:K562,78,0.0008184851057853049
RBFOX2:K562,79,0.0007656822009135533
RBFOX2:K562,80,0.0014233197272974785
RBFOX2:K562,81,0.0016328024527145768
RBFOX2:K562,82,0.001225140814555048
RBFOX2:K562,83,0.001441584011522834
RBFOX2:K562,84,0.002448592858872556
RBFOX2:K562,85,0.0016729583759915734
RBFOX2:K562,86,0.0014060520093025497
RBFOX2:K562,87,0.001406143765755652
RBFOX2:K562,88,0.0023859743101952713
RBFOX2:K562,89,0.003054108576099668
RBFOX2:K562,90,0.0017841764999566578
RBFOX2:K562,91,0.0031678602644700238
RBFOX2:K562,92,0.0021036373730899394
RBFOX2:K562,93,0.0010537319187108318
RBFOX2:K562,94,0.0010709330225329161
RBFOX2:K562,95,0.0019274819778670738
RBFOX2:K562,96,0.002334148517703527
RBFOX2:K562,97,0.0011751986494726863
RBFOX2:K562,98,0.001765240140627844
RBFOX2:K562,99,0.0016059177074396747
RBFOX2:K562,100,0.0017721996822107622
RBM15:HepG2,0,0.0008736808300310317
RBM15:HepG2,1,0.000867423427820535
RBM15:HepG2,2,8.951023285663773e-05
RBM15:HepG2,3,0.0007439564304160262
RBM15:HepG2,4,0.0023186590853646605
RBM15:HepG2,5,0.00038110463952967244
RBM15:HepG2,6,0.00015267556162523732
RBM15:HepG2,7,0.0016721285509682104
RBM15:HepG2,8,0.0006399257100196953
RBM15:HepG2,9,0.0007372440600268426
RBM15:HepG2,10,0.00031684045712110365
RBM15:HepG2,11,0.0017569661324637886
RBM15:HepG2,12,0.0007576556655994882
RBM15:HepG2,13,0.002270250152032194
RBM15:HepG2,14,0.0010755963989644846
RBM15:HepG2,15,0.002690414099506322
RBM15:HepG2,16,0.0023751118810082517
RBM15:HepG2,17,0.0013269969212187371
RBM15:HepG2,18,0.0027886224130249104
RBM15:HepG2,19,0.003978325557059681
RBM15:HepG2,20,0.005717972413876504
RBM15:HepG2,21,0.0029640060996782847
RBM15:HepG2,22,0.009873215398156998
RBM15:HepG2,23,0.005320220353863703
RBM15:HepG2,24,0.013434109769953406
RBM15:HepG2,25,0.0062920806796719075
RBM15:HepG2,26,0.005643402350910431
RBM15:HepG2,27,0.009998665434704401
RBM15:HepG2,28,0.013903527778652669
RBM15:HepG2,29,0.007869349871568398
RBM15:HepG2,30,0.006702506798381691
RBM15:HepG2,31,0.01059116257729209
RBM15:HepG2,32,0.004744009772544411
RBM15:HepG2,33,0.005382643579446178
RBM15:HepG2,34,0.00434294341082575
RBM15:HepG2,35,0.0032654671312662975
RBM15:HepG2,36,0.0008504457821426614
RBM15:HepG2,37,0.0018838009851460669
RBM15:HepG2,38,0.002102052799004883
RBM15:HepG2,39,0.0021589716105316903
RBM15:HepG2,40,0.002723969491559064
RBM15:HepG2,41,0.0026378003215374868
RBM15:HepG2,42,0.0011891752615004192
RBM15:HepG2,43,0.0039990961399233305
RBM15:HepG2,44,0.0005349681291781927
RBM15:HepG2,45,0.0036511770500857743
RBM15:HepG2,46,0.0015750731276498176
RBM15:HepG2,47,0.005773934111877432
RBM15:HepG2,48,0.005421072565765961
RBM15:HepG2,49,0.0018429186505889428
RBM15:HepG2,50,0.001321049265761487
RBM15:HepG2,51,0.003139461350797901
RBM15:HepG2,52,0.001252685250785368
RBM15:HepG2,53,0.0025042843067482057
RBM15:HepG2,54,0.0014112628314373321
RBM15:HepG2,55,0.0030478699861447023
RBM15:HepG2,56,0.0024433537341349565
RBM15:HepG2,57,0.0015774268889254817
RBM15:HepG2,58,0.002555361692924918
RBM15:HepG2,59,0.003166622895885318
RBM15:HepG2,60,0.002161170897034159
RBM15:HepG2,61,0.0019257559047590744
RBM15:HepG2,62,0.004679471329060769
RBM15:HepG2,63,0.001398305310568393
RBM15:HepG2,64,0.0014537900764536316
RBM15:HepG2,65,0.00019473880173381808
RBM15:HepG2,66,0.0028885826575906215
RBM15:HepG2,67,0.0007299900273378679
RBM15:HepG2,68,0.0019781875833995155
RBM15:HepG2,69,0.002121862811774178
RBM15:HepG2,70,0.00102895075803211
RBM15:HepG2,71,0.00047451869429704363
RBM15:HepG2,72,0.00019958143487808222
RBM15:HepG2,73,0.0005935586938263793
RBM15:HepG2,74,0.00019879824329382956
RBM15:HepG2,75,0.001350320939776939
RBM15:HepG2,76,0.001352334298499125
RBM15:HepG2,77,0.0010146089704566874
RBM15:HepG2,78,0.0007369132396801703
RBM15:HepG2,79,0.0017904767300742641
RBM15:HepG2,80,0.0011386338367683768
RBM15:HepG2,81,0.0005999983065509973
RBM15:HepG2,82,0.0008900943886481771
RBM15:HepG2,83,0.0005449714179508458
RBM15:HepG2,84,0.003216297470021834
RBM15:HepG2,85,0.0020092603223609284
RBM15:HepG2,86,0.0012232747928415666
RBM15:HepG2,87,0.0007266083600561135
RBM15:HepG2,88,0.00038718230667911246
RBM15:HepG2,89,0.0012202558507844463
RBM15:HepG2,90,0.0004939970614150635
RBM15:HepG2,91,0.0002966253071308156
RBM15:HepG2,92,0.001356662778136064
RBM15:HepG2,93,0.0007698434693640399
RBM15:HepG2,94,0.0013382707201254895
RBM15:HepG2,95,0.0016788079484313378
RBM15:HepG2,96,0.0006199982889401046
RBM15:HepG2,97,0.0022452090046142237
RBM15:HepG2,98,0.000711579061925538
RBM15:HepG2,99,0.0006846463527003799
RBM15:HepG2,100,0.0009522917990869573
RPS3:HepG2,0,0.0009593138201193785
RPS3:HepG2,1,7.573024783091853e-05
RPS3:HepG2,2,0.00024383618909396
RPS3:HepG2,3,0.0008197534195639733
RPS3:HepG2,4,5.222139269811521e-05
RPS3:HepG2,5,0.0004312808265671819
RPS3:HepG2,6,0.0008315313596676255
RPS3:HepG2,7,0.0005747663155476479
RPS3:HepG2,8,0.001699208233869487
RPS3:HepG2,9,0.000822080582587259
RPS3:HepG2,10,0.0004203832936909846
RPS3:HepG2,11,0.0003083315184556623
RPS3:HepG2,12,0.000965784370947631
RPS3:HepG2,13,0.0015383645236045629
RPS3:HepG2,14,0.001370529251179864
RPS3:HepG2,15,0.0014712497525499746
RPS3:HepG2,16,0.0010388687722927559
RPS3:HepG2,17,0.001065581503641
RPS3:HepG2,18,0.00045703169298150215
RPS3:HepG2,19,0.0012643529978005885
RPS3:HepG2,20,0.000851018849922891
RPS3:HepG2,21,0.0014435463264867998
RPS3:HepG2,22,0.0025409912090543774
RPS3:HepG2,23,0.001273799568078271
RPS3:HepG2,24,0.002245271829545481
RPS3:HepG2,25,0.0008453482237713583
RPS3:HepG2,26,0.0009994989153179201
RPS3:HepG2,27,0.0019080592722872103
RPS3:HepG2,28,0.0012875560113287943
RPS3:HepG2,29,0.0011727624554600524
RPS3:HepG2,30,0.0017776010180349244
RPS3:HepG2,31,0.0020394313871896497
RPS3:HepG2,32,0.0013686365509114617
RPS3:HepG2,33,0.001303045323379881
RPS3:HepG2,34,0.0014968040924798753
RPS3:HepG2,35,0.0010521472175616386
RPS3:HepG2,36,0.0006388080198608259
RPS3:HepG2,37,0.0017134697942554622
RPS3:HepG2,38,0.0002756465070491432
RPS3:HepG2,39,0.0015156537680052207
RPS3:HepG2,40,0.0012511948775276727
RPS3:HepG2,41,0.0020509083357740376
RPS3:HepG2,42,0.0010754131927883659
RPS3:HepG2,43,0.0028764247848165336
RPS3:HepG2,44,0.002733470637885649
RPS3:HepG2,45,0.002632449474223586
RPS3:HepG2,46,0.0015952890537972442
RPS3:HepG2,47,0.0012824298161447922
RPS3:HepG2,48,0.0015863114620648933
RPS3:HepG2,49,0.003093008181477952
RPS3:HepG2,50,0.0033447843731962967
RPS3:HepG2,51,0.0040112597550041595
RPS3:HepG2,52,0.003253294377372984
RPS3:HepG2,53,0.0031374404638203623
RPS3:HepG2,54,0.0018693137285562544
RPS3:HepG2,55,0.0029645761308022545
RPS3:HepG2,56,0.003339985510713128
RPS3:HepG2,57,0.002110348593483913
RPS3:HepG2,58,0.0021550674204151576
RPS3:HepG2,59,0.0016593138909686278
RPS3:HepG2,60,0.0015392237808824483
RPS3:HepG2,61,0.0033410623206845402
RPS3:HepG2,62,0.0005722460010280095
RPS3:HepG2,63,0.0011523297412894262
RPS3:HepG2,64,0.0008254058488463833
RPS3:HepG2,65,0.0012884681116885899
RPS3:HepG2,66,0.00048556769064711514
RPS3:HepG2,67,0.00032011788256669504
RPS3:HepG2,68,0.002140714333201954
RPS3:HepG2,69,0.0006475946118914555
RPS3:HepG2,70,0.0009488523048525321
RPS3:HepG2,71,0.00010627127801254854
RPS3:HepG2,72,0.00045645738680455406
RPS3:HepG2,73,0.0008800005088981377
RPS3:HepG2,74,0.0002764267332726611
RPS3:HepG2,75,0.0006776694759433877
RPS3:HepG2,76,0.0007999214046425784
RPS3:HepG2,77,0.0008115186292085852
RPS3:HepG2,78,0.0005733399235082759
RPS3:HepG2,79,0.0002640152268114093
RPS3:HepG2,80,0.0002967443081886012
RPS3:HepG2,81,0.0009239892188027676
RPS3:HepG2,82,0.00047370190281137425
RPS3:HepG2,83,0.00021343759616854197
RPS3:HepG2,84,0.0007451963205609147
RPS3:HepG2,85,0.001356563019159207
RPS3:HepG2,86,0.0007716740402636812
RPS3:HepG2,87,0.000962657297313041
RPS3:HepG2,88,0.0010195781263981907
RPS3:HepG2,89,0.0005430559754535658
RPS3:HepG2,90,9.823181433810113e-05
RPS3:HepG2,91,0.001149874447329946
RPS3:HepG2,92,0.0005311190285577361
RPS3:HepG2,93,0.0007053814164090788
RPS3:HepG2,94,0.00010667594384394796
RPS3:HepG2,95,0.00024824439971826706
RPS3:HepG2,96,0.000385975752626333
RPS3:HepG2,97,0.00026374696860198554
RPS3:HepG2,98,0.00046558979505983977
RPS3:HepG2,99,0.0007474536939681142
RPS3:HepG2,100,0.0003696905477406087
RPS3:K562,0,0.0008103073807420591
RPS3:K562,1,0.0017527177691600837
RPS3:K562,2,0.0010077767668439375
RPS3:K562,3,0.0022830194972085494
RPS3:K562,4,0.0032313638261034505
RPS3:K562,5,0.0007235787165079666
RPS3:K562,6,0.00047124996745129266
RPS3:K562,7,0.00048448391353161924
RPS3:K562,8,0.0007002410025783723
RPS3:K562,9,0.0013196825980804627
RPS3:K562,10,0.00027692761766973106
RPS3:K562,11,0.0013964054806210324
RPS3:K562,12,0.001444137301384596
RPS3:K562,13,0.0002792647516351998
RPS3:K562,14,0.0006013845147929686
RPS3:K562,15,0.0010263204342192411
RPS3:K562,16,0.00042431248295238255
RPS3:K562,17,0.000988098782308211
RPS3:K562,18,0.0005121880361013131
RPS3:K562,19,0.001184227009562222
RPS3:K562,20,0.0014827284372422866
RPS3:K562,21,0.0025178938204916124
RPS3:K562,22,0.004769790303178256
RPS3:K562,23,0.0017925894594056357
RPS3:K562,24,0.001521848736636966
RPS3:K562,25,0.0014591626389759416
RPS3:K562,26,0.00290613752765545
RPS3:K562,27,0.003185459722084838
RPS3:K562,28,0.002777946121602093
RPS3:K562,29,0.0037119880959454177
RPS3:K562,30,0.0037722385154493887
RPS3:K562,31,0.0028304440397384223
RPS3:K562,32,0.004038835560254528
RPS3:K562,33,0.004032218533762566
RPS3:K562,34,0.003509784804236804
RPS3:K562,35,0.002988359232352411
RPS3:K562,36,0.0034424915731060546
RPS3:K562,37,0.0019735104585052454
RPS3:K562,38,0.001585473290399042
RPS3:K562,39,0.0030022789977856013
RPS3:K562,40,0.002494383674968681
RPS3:K562,41,0.001496402430137489
RPS3:K562,42,0.0008121020105433807
RPS3:K562,43,0.002752480840928273
RPS3:K562,44,0.0029995809467853185
RPS3:K562,45,0.0016882156370396917
RPS3:K562,46,0.0015790920681281184
RPS3:K562,47,0.0031057179398338297
RPS3:K562,48,0.003737080289939243
RPS3:K562,49,0.004309972631200254
RPS3:K562,50,0.005831761706362348
RPS3:K562,51,0.0017778721613469495
RPS3:K562,52,0.002393950621761509
RPS3:K562,53,0.0037394374077337478
RPS3:K562,54,0.0015361417333874527
RPS3:K562,55,0.00361146694876302
RPS3:K562,56,0.001808893709134507
RPS3:K562,57,0.000666810021118458
RPS3:K562,58,0.0017539633959116063
RPS3:K562,59,0.0026477402221884994
RPS3:K562,60,0.0022850407537891027
RPS3:K562,61,0.0034612915667708855
RPS3:K562,62,0.002654491190233643
RPS3:K562,63,0.002646888113932433
RPS3:K562,64,0.0011601329936585802
RPS3:K562,65,0.0003217936078334649
RPS3:K562,66,0.0014716333336270981
RPS3:K562,67,0.002038833641607729
RPS3:K562,68,0.001482145243603905
RPS3:K562,69,0.0010109366535304698
RPS3:K562,70,0.00035182515559606387
RPS3:K562,71,0.0008769251334073136
RPS3:K562,72,0.0008797219392507882
RPS3:K562,73,0.00040804319189402527
RPS3:K562,74,0.001429502168158736
RPS3:K562,75,0.00026463695202672
RPS3:K562,76,0.001660434052041193
RPS3:K562,77,0.002558883965313785
RPS3:K562,78,0.0008203561573287832
RPS3:K562,79,0.0014197042463257592
RPS3:K562,80,0.001505556383930795
RPS3:K562,81,0.00048638922277199903
RPS3:K562,82,0.0024355553022097354
RPS3:K562,83,0.0021674781572150748
RPS3:K562,84,0.0006174054021070852
RPS3:K562,85,0.001411427932160425
RPS3:K562,86,0.0002867081674012839
RPS3:K562,87,0.0017306909181364905
RPS3:K562,88,0.00039229994703715576
RPS3:K562,89,0.0016568098711744472
RPS3:K562,90,0.0006604747169174363
RPS3:K562,91,0.00031601880418186123
RPS3:K562,92,0.0016505537676820836
RPS3:K562,93,0.0002552896252951964
RPS3:K562,94,0.0005623963282620492
RPS3:K562,95,0.0016542178893788062
RPS3:K562,96,0.0013106890483953748
RPS3:K562,97,6.026591160579464e-05
RPS3:K562,98,0.0011826463020305766
RPS3:K562,99,0.0016548313897285505
RPS3:K562,100,0.00023303349174175203
SAFB2:K562,0,0.005353558378478951
SAFB2:K562,1,0.006118008336807423
SAFB2:K562,2,0.010692292575783413
SAFB2:K562,3,0.006597507755126575
SAFB2:K562,4,0.007999655314207432
SAFB2:K562,5,0.009398622773506782
SAFB2:K562,6,0.00898818522488476
SAFB2:K562,7,0.00663451972482787
SAFB2:K562,8,0.0065191791399894505
SAFB2:K562,9,0.004713568706306015
SAFB2:K562,10,0.010943133723767318
SAFB2:K562,11,0.0070066573396423415
SAFB2:K562,12,0.009084486948685688
SAFB2:K562,13,0.010348546684728843
SAFB2:K562,14,0.007250430243220807
SAFB2:K562,15,0.008559647368193701
SAFB2:K562,16,0.007119147376022816
SAFB2:K562,17,0.008442989150792113
SAFB2:K562,18,0.007590490100677583
SAFB2:K562,19,0.011201298163264872
SAFB2:K562,20,0.01040734076104477
SAFB2:K562,21,0.00965967223255948
SAFB2:K562,22,0.0067092179623098325
SAFB2:K562,23,0.006580037611122136
SAFB2:K562,24,0.00675003213829628
SAFB2:K562,25,0.0064743873319332845
SAFB2:K562,26,0.006442691685805135
SAFB2:K562,27,0.005757362293340562
SAFB2:K562,28,0.00598274610419347
SAFB2:K562,29,0.0058478502990884085
SAFB2:K562,30,0.010493938189174101
SAFB2:K562,31,0.012878255918652659
SAFB2:K562,32,0.007312485335739138
SAFB2:K562,33,0.0049988167290275776
SAFB2:K562,34,0.0082974038345478
SAFB2:K562,35,0.009662174775399324
SAFB2:K562,36,0.009951908267271437
SAFB2:K562,37,0.011220927331119235
SAFB2:K562,38,0.007634120286244661
SAFB2:K562,39,0.010170733243198837
SAFB2:K562,40,0.011055722174826421
SAFB2:K562,41,0.010205628455789206
SAFB2:K562,42,0.011821509711634537
SAFB2:K562,43,0.012110012550942573
SAFB2:K562,44,0.010020415666566862
SAFB2:K562,45,0.005961119905532719
SAFB2:K562,46,0.008901932535370083
SAFB2:K562,47,0.010609327853750017
SAFB2:K562,48,0.01090390380381967
SAFB2:K562,49,0.012755808192769447
SAFB2:K562,50,0.011110442501012563
SAFB2:K562,51,0.011845204019999445
SAFB2:K562,52,0.010161501092398106
SAFB2:K562,53,0.00851058370677027
SAFB2:K562,54,0.012631378586685171
SAFB2:K562,55,0.012704629977812631
SAFB2:K562,56,0.007658889612858655
SAFB2:K562,57,0.007626746724186839
SAFB2:K562,58,0.006526424476864023
SAFB2:K562,59,0.00836752701360477
SAFB2:K562,60,0.007743306516009074
SAFB2:K562,61,0.008265595790291513
SAFB2:K562,62,0.005730598173631085
SAFB2:K562,63,0.005033617688716463
SAFB2:K562,64,0.007299884292899073
SAFB2:K562,65,0.0069682326592772625
SAFB2:K562,66,0.005773290757238536
SAFB2:K562,67,0.0067744011513444224
SAFB2:K562,68,0.0049250736974244536
SAFB2:K562,69,0.005326656572194666
SAFB2:K562,70,0.009554924150452448
SAFB2:K562,71,0.006315000612835853
SAFB2:K562,72,0.006326597166432801
SAFB2:K562,73,0.0040329385073464286
SAFB2:K562,74,0.005238919846498713
SAFB2:K562,75,0.005877664906879909
SAFB2:K562,76,0.005063504066728841
SAFB2:K562,77,0.005816933096611798
SAFB2:K562,78,0.004384542251542056
SAFB2:K562,79,0.0067082504034461365
SAFB2:K562,80,0.005498028667572208
SAFB2:K562,81,0.005101858909642987
SAFB2:K562,82,0.0036301666654882103
SAFB2:K562,83,0.004005886212195886
SAFB2:K562,84,0.004062837059707336
SAFB2:K562,85,0.006149868360939115
SAFB2:K562,86,0.004292289454601583
SAFB2:K562,87,0.004600803308426382
SAFB2:K562,88,0.0024537566663036525
SAFB2:K562,89,0.0030445935285864367
SAFB2:K562,90,0.005238289098087323
SAFB2:K562,91,0.0024237021976150075
SAFB2:K562,92,0.004240382814419963
SAFB2:K562,93,0.0034028349615444764
SAFB2:K562,94,0.005668630182367407
SAFB2:K562,95,0.003594801116839741
SAFB2:K562,96,0.004541505345014629
SAFB2:K562,97,0.002296279032646842
SAFB2:K562,98,0.0045970911908099765
SAFB2:K562,99,0.0033729725625648577
SAFB2:K562,100,0.0029393587551040934
SLTM:K562,0,0.0016658886562166408
SLTM:K562,1,0.0027266685456547313
SLTM:K562,2,0.003318783643933454
SLTM:K562,3,0.0025272368791088295
SLTM:K562,4,0.002069956031863107
SLTM:K562,5,0.0017237365329798582
SLTM:K562,6,0.00425188153062217
SLTM:K562,7,0.004146964033956646
SLTM:K562,8,0.0026783151149534223
SLTM:K562,9,0.0028191282783370797
SLTM:K562,10,0.0029486984481754686
SLTM:K562,11,0.0025288612566646274
SLTM:K562,12,0.003491793369082785
SLTM:K562,13,0.002611822703220912
SLTM:K562,14,0.004606162897330179
SLTM:K562,15,0.007216918428039398
SLTM:K562,16,0.008050683295820038
SLTM:K562,17,0.004756941580634444
SLTM:K562,18,0.004851499695833539
SLTM:K562,19,0.006077784345907888
SLTM:K562,20,0.008080775219263425
SLTM:K562,21,0.0044809790077129374
SLTM:K562,22,0.004542904798174874
SLTM:K562,23,0.007975222886314692
SLTM:K562,24,0.00831644097342854
SLTM:K562,25,0.009806759011384614
SLTM:K562,26,0.010785455415461165
SLTM:K562,27,0.00917349880313556
SLTM:K562,28,0.010101534392895406
SLTM:K562,29,0.008095813354702663
SLTM:K562,30,0.009914673835176413
SLTM:K562,31,0.012793521571266009
SLTM:K562,32,0.009510093428771849
SLTM:K562,33,0.010429691221551352
SLTM:K562,34,0.00966863920083938
SLTM:K562,35,0.014886504711226545
SLTM:K562,36,0.01365139798252668
SLTM:K562,37,0.014524060205678091
SLTM:K562,38,0.012363879197012762
SLTM:K562,39,0.010505678227067716
SLTM:K562,40,0.01588337454293076
SLTM:K562,41,0.00882781908388175
SLTM:K562,42,0.013379043809070623
SLTM:K562,43,0.01288946352153686
SLTM:K562,44,0.015737826335072036
SLTM:K562,45,0.012308723587246662
SLTM:K562,46,0.007054273613374962
SLTM:K562,47,0.006690264135821189
SLTM:K562,48,0.01061433592236427
SLTM:K562,49,0.00951294634447164
SLTM:K562,50,0.00803641732647753
SLTM:K562,51,0.009058137956328371
SLTM:K562,52,0.007272297624242086
SLTM:K562,53,0.005265621639264251
SLTM:K562,54,0.0063365938776065445
SLTM:K562,55,0.00702621315807006
SLTM:K562,56,0.00451120812642769
SLTM:K562,57,0.004614413268835493
SLTM:K562,58,0.0028114361133055876
SLTM:K562,59,0.0020799933645593294
SLTM:K562,60,0.004575836261563548
SLTM:K562,61,0.002814990812749607
SLTM:K562,62,0.003361615613768465
SLTM:K562,63,0.0012587270971713416
SLTM:K562,64,0.0020372067096784408
SLTM:K562,65,0.004555845985600548
SLTM:K562,66,0.0022889602680069565
SLTM:K562,67,0.0018145446155961586
SLTM:K562,68,0.0019277357763862746
SLTM:K562,69,0.0012713892832006968
SLTM:K562,70,0.0017702569851232308
SLTM:K562,71,0.001964815062411307
SLTM:K562,72,0.0020032481733849306
SLTM:K562,73,0.0007873203123187622
SLTM:K562,74,0.002314954505221234
SLTM:K562,75,0.0014838076390230048
SLTM:K562,76,0.0002667886186281665
SLTM:K562,77,0.0006680632750498683
SLTM:K562,78,0.0007300307862148081
SLTM:K562,79,0.0023742461375485524
SLTM:K562,80,0.0009665653635965166
SLTM:K562,81,0.0020209978545476792
SLTM:K562,82,0.0012759271961999552
SLTM:K562,83,0.0008083386491966049
SLTM:K562,84,0.0011607854561124231
SLTM:K562,85,0.00114124639125468
SLTM:K562,86,0.0018145567597069867
SLTM:K562,87,0.001093129473963672
SLTM:K562,88,0.0007913707058655461
SLTM:K562,89,0.0010772590593295384
SLTM:K562,90,0.0016264839886840354
SLTM:K562,91,0.0013605456826364382
SLTM:K562,92,0.0015573626429170595
SLTM:K562,93,0.0003124036270123476
SLTM:K562,94,0.0014014247485281128
SLTM:K562,95,0.0009263477581877844
SLTM:K562,96,0.0023484550367116608
SLTM:K562,97,0.0020714587917107785
SLTM:K562,98,0.000837847182187712
SLTM:K562,99,0.001270606392044793
SLTM:K562,100,0.0020876009673467255
SMNDC1:K562,0,0.003640720906416206
SMNDC1:K562,1,0.004466808976616443
SMNDC1:K562,2,0.005234411635055336
SMNDC1:K562,3,0.006808270094216473
SMNDC1:K562,4,0.005626772975466654
SMNDC1:K562,5,0.0038292854781929453
SMNDC1:K562,6,0.007913720475943742
SMNDC1:K562,7,0.009320189456143213
SMNDC1:K562,8,0.002781435644525043
SMNDC1:K562,9,0.005969796205680389
SMNDC1:K562,10,0.004517470095405041
SMNDC1:K562,11,0.003642744622376015
SMNDC1:K562,12,0.004347528356392516
SMNDC1:K562,13,0.0054027256820692315
SMNDC1:K562,14,0.006834592085396385
SMNDC1:K562,15,0.007122806633762968
SMNDC1:K562,16,0.007899622413367502
SMNDC1:K562,17,0.006771726261048494
SMNDC1:K562,18,0.009735288614585613
SMNDC1:K562,19,0.007590019169963158
SMNDC1:K562,20,0.008809945939179498
SMNDC1:K562,21,0.010555036531345041
SMNDC1:K562,22,0.006085627730298304
SMNDC1:K562,23,0.009051571279597326
SMNDC1:K562,24,0.008087502403370861
SMNDC1:K562,25,0.008245156162211664
SMNDC1:K562,26,0.004287442285749066
SMNDC1:K562,27,0.0094535240848872
SMNDC1:K562,28,0.006933034845003849
SMNDC1:K562,29,0.0031195111569118916
SMNDC1:K562,30,0.00808905248611591
SMNDC1:K562,31,0.00493441015918783
SMNDC1:K562,32,0.006181440140081151
SMNDC1:K562,33,0.005671935814399731
SMNDC1:K562,34,0.0060069424887974066
SMNDC1:K562,35,0.007756635137342371
SMNDC1:K562,36,0.003457188210822526
SMNDC1:K562,37,0.00405498513100766
SMNDC1:K562,38,0.003882616853568055
SMNDC1:K562,39,0.0038831866216907374
SMNDC1:K562,40,0.004202679035830825
SMNDC1:K562,41,0.00517825218947543
SMNDC1:K562,42,0.0033243418095331156
SMNDC1:K562,43,0.0026158336832776685
SMNDC1:K562,44,0.0021974897786827263
SMNDC1:K562,45,0.004387147928719526
SMNDC1:K562,46,0.001960142451828073
SMNDC1:K562,47,0.0023041919270420097
SMNDC1:K562,48,0.0026787712224757287
SMNDC1:K562,49,0.0038922516583402844
SMNDC1:K562,50,0.001959304523719285
SMNDC1:K562,51,0.0016804221236700334
SMNDC1:K562,52,0.0021403124057639555
SMNDC1:K562,53,0.0024932743613692576
SMNDC1:K562,54,0.002016476816012913
SMNDC1:K562,55,0.0019817819979403017
SMNDC1:K562,56,0.0030321741788710277
SMNDC1:K562,57,0.0012316566112735572
SMNDC1:K562,58,0.0028976109775034065
SMNDC1:K562,59,0.0010540991132526045
SMNDC1:K562,60,0.0017661498753539506
SMNDC1:K562,61,0.0002671927677908581
SMNDC1:K562,62,0.0007647437131563795
SMNDC1:K562,63,0.0003431601675928375
SMNDC1:K562,64,0.001411280234192458
SMNDC1:K562,65,0.00011309462365693967
SMNDC1:K562,66,0.0010662353821384585
SMNDC1:K562,67,0.0005063724747791376
SMNDC1:K562,68,0.0011515088688444086
SMNDC1:K562,69,0.0007447952416851367
SMNDC1:K562,70,0.0005677023409215165
SMNDC1:K562,71,0.0006242967287672929
SMNDC1:K562,72,0.00015066282381626106
SMNDC1:K562,73,0.0011262440181639688
SMNDC1:K562,74,0.0011255261472050693
SMNDC1:K562,75,0.0008394873454415919
SMNDC1:K562,76,0.0006424017275248328
SMNDC1:K562,77,0.0002448165246694556
SMNDC1:K562,78,0.0024620296619041193
SMNDC1:K562,79,0.0011149399521717118
SMNDC1:K562,80,0.00039913940453184527
SMNDC1:K562,81,0.0006873841312770024
SMNDC1:K562,82,0.0004984459257150187
SMNDC1:K562,83,0.0005573306276094314
SMNDC1:K562,84,0.0006810820581193422
SMNDC1:K562,85,0.0004271616345672413
SMNDC1:K562,86,9.67737257908663e-05
SMNDC1:K562,87,0.0007905193306974034
SMNDC1:K562,88,0.00047803392401635225
SMNDC1:K562,89,0.00047838740003147695
SMNDC1:K562,90,0.0014414481082940522
SMNDC1:K562,91,0.0008957672805787187
SMNDC1:K562,92,0.000820097370081041
SMNDC1:K562,93,0.0018423813482313367
SMNDC1:K562,94,9.501551254342822e-05
SMNDC1:K562,95,8.226398455879469e-05
SMNDC1:K562,96,0.0004809322513269487
SMNDC1:K562,97,0.0008766019186898788
SMNDC1:K562,98,0.0005590969113508093
SMNDC1:K562,99,0.001056321929118642
SMNDC1:K562,100,0.002459651087752035
SND1:K562,0,0.0011304294845284613
SND1:K562,1,0.0018440998805688835
SND1:K562,2,0.0015972682351877987
SND1:K562,3,0.0010385857484485062
SND1:K562,4,0.0008493448027333539
SND1:K562,5,0.0012750536470580442
SND1:K562,6,0.002188504272599312
SND1:K562,7,0.0025227055025873746
SND1:K562,8,0.002132253219177982
SND1:K562,9,0.0030614433058315793
SND1:K562,10,0.0013787952073144316
SND1:K562,11,0.00173732564863327
SND1:K562,12,0.001542099885915249
SND1:K562,13,0.0031880165852781195
SND1:K562,14,0.0029722686072750637
SND1:K562,15,0.0022724153647764034
SND1:K562,16,0.002487396109966733
SND1:K562,17,0.0032233772174992126
SND1:K562,18,0.004207157737391665
SND1:K562,19,0.002709448770366274
SND1:K562,20,0.0030334989479150476
SND1:K562,21,0.0020615619591966006
SND1:K562,22,0.0011081968987172175
SND1:K562,23,0.002765336720928935
SND1:K562,24,0.0008996169450978808
SND1:K562,25,0.002454824081750129
SND1:K562,26,0.0017378923833912818
SND1:K562,27,0.005667208286471492
SND1:K562,28,0.0012882536994001104
SND1:K562,29,0.0029899130253256967
SND1:K562,30,0.0030699248148698954
SND1:K562,31,0.002275092482686425
SND1:K562,32,0.001967642716384388
SND1:K562,33,0.0016568732956582233
SND1:K562,34,0.000186004652732219
SND1:K562,35,0.0027884598579615005
SND1:K562,36,0.0010568943280560017
SND1:K562,37,0.0007690480231273833
SND1:K562,38,0.0003015811170453686
SND1:K562,39,0.0027884117047254353
SND1:K562,40,0.0012882903562716486
SND1:K562,41,0.0013238411848981446
SND1:K562,42,0.0021192566013308323
SND1:K562,43,0.0016295206043223098
SND1:K562,44,0.001011060545593745
SND1:K562,45,0.001722446514204945
SND1:K562,46,0.0005652038025885098
SND1:K562,47,0.0014211536831112426
SND1:K562,48,0.0022367881571736525
SND1:K562,49,0.0031008869168460684
SND1:K562,50,0.0025435548719010548
SND1:K562,51,0.0007389587803449116
SND1:K562,52,0.0007884129057326161
SND1:K562,53,0.0020643797305626155
SND1:K562,54,0.002483661501858192
SND1:K562,55,0.0015091605170686195
SND1:K562,56,0.0018288322548695168
SND1:K562,57,0.0018641009288566934
SND1:K562,58,0.0010892780453628514
SND1:K562,59,0.00016806879056607826
SND1:K562,60,0.00046466906109787764
SND1:K562,61,0.0011786389636032624
SND1:K562,62,0.0002828802463488156
SND1:K562,63,6.921551776095658e-05
SND1:K562,64,0.002310305615772723
SND1:K562,65,0.0003767042334342774
SND1:K562,66,0.0007302017372781133
SND1:K562,67,0.0014837769827358294
SND1:K562,68,0.0006837953719243117
SND1:K562,69,0.0004656304554111479
SND1:K562,70,0.0009198219467139168
SND1:K562,71,0.00041585402745614175
SND1:K562,72,0.00048036604203760547
SND1:K562,73,0.0004973973027389
SND1:K562,74,0.0002392800549660956
SND1:K562,75,0.00019022434727555826
SND1:K562,76,0.0002713330557717608
SND1:K562,77,0.0018799456940993275
SND1:K562,78,0.0003655670785041032
SND1:K562,79,0.000552939607520786
SND1:K562,80,0.0002110418460672392
SND1:K562,81,0.00043793993889740257
SND1:K562,82,0.00027310305201044827
SND1:K562,83,0.000701161411572726
SND1:K562,84,0.0010386591245410415
SND1:K562,85,0.00025482862755965563
SND1:K562,86,0.0003357156781966797
SND1:K562,87,0.0006979226767764857
SND1:K562,88,0.0018155834075040955
SND1:K562,89,0.0012297609538194365
SND1:K562,90,0.0016714116993621353
SND1:K562,91,0.00048177545909044994
SND1:K562,92,0.0009648294039655836
SND1:K562,93,0.0010281738233686166
SND1:K562,94,0.0013525945834667041
SND1:K562,95,0.001469656815986209
SND1:K562,96,0.0023877235694220733
SND1:K562,97,0.0022399515798923186
SND1:K562,98,0.0007526081684237074
SND1:K562,99,0.0016461841065846805
SND1:K562,100,0.00020675344241927185
SRSF1:HepG2,0,0.003267147288739891
SRSF1:HepG2,1,0.0018109393063676649
SRSF1:HepG2,2,0.0009912294892984175
SRSF1:HepG2,3,0.0005532313441134473
SRSF1:HepG2,4,0.002273820408358107
SRSF1:HepG2,5,0.0009554092745336362
SRSF1:HepG2,6,0.004032212165466897
SRSF1:HepG2,7,0.0028386408200207214
SRSF1:HepG2,8,0.0005138563148719966
SRSF1:HepG2,9,0.0015495293771450314
SRSF1:HepG2,10,0.0015402246674174336
SRSF1:HepG2,11,0.0020574687177542517
SRSF1:HepG2,12,0.0028826358372486816
SRSF1:HepG2,13,0.00446817413925249
SRSF1:HepG2,14,0.0027743722663355896
SRSF1:HepG2,15,0.004405760990868979
SRSF1:HepG2,16,0.0026022784784486275
SRSF1:HepG2,17,0.002828366373534452
SRSF1:HepG2,18,0.0071797217744831165
SRSF1:HepG2,19,0.004685544867557345
SRSF1:HepG2,20,0.006366473742742018
SRSF1:HepG2,21,0.00562752982840542
SRSF1:HepG2,22,0.003324482894902614
SRSF1:HepG2,23,0.005798981655781965
SRSF1:HepG2,24,0.006765448541310004
SRSF1:HepG2,25,0.008254647756047118
SRSF1:HepG2,26,0.006893973149848076
SRSF1:HepG2,27,0.008567668221040603
SRSF1:HepG2,28,0.008340141126153222
SRSF1:HepG2,29,0.013678377811217168
SRSF1:HepG2,30,0.007559134425116021
SRSF1:HepG2,31,0.005881053206715281
SRSF1:HepG2,32,0.001637264892388468
SRSF1:HepG2,33,0.008152171032838496
SRSF1:HepG2,34,0.010405980826570183
SRSF1:HepG2,35,0.010320492468045561
SRSF1:HepG2,36,0.013818683743471394
SRSF1:HepG2,37,0.011068984268749582
SRSF1:HepG2,38,0.009816639248963033
SRSF1:HepG2,39,0.01039089454391584
SRSF1:HepG2,40,0.012313681580966462
SRSF1:HepG2,41,0.008253442517807685
SRSF1:HepG2,42,0.006931484700129276
SRSF1:HepG2,43,0.013072322382013057
SRSF1:HepG2,44,0.007549888377051284
SRSF1:HepG2,45,0.013108654856148316
SRSF1:HepG2,46,0.009331723844090756
SRSF1:HepG2,47,0.013024577667776094
SRSF1:HepG2,48,0.013557513558193013
SRSF1:HepG2,49,0.010813529409606004
SRSF1:HepG2,50,0.01503510257145202
SRSF1:HepG2,51,0.01310007153873749
SRSF1:HepG2,52,0.007438867252743231
SRSF1:HepG2,53,0.01209884657216831
SRSF1:HepG2,54,0.012387757818901557
SRSF1:HepG2,55,0.009258388602428336
SRSF1:HepG2,56,0.012264918367953515
SRSF1:HepG2,57,0.009914892087547589
SRSF1:HepG2,58,0.004244867927186147
SRSF1:HepG2,59,0.014970008874835017
SRSF1:HepG2,60,0.008671863275550584
SRSF1:HepG2,61,0.007064701627262693
SRSF1:HepG2,62,0.006164625517907529
SRSF1:HepG2,63,0.009060048214384775
SRSF1:HepG2,64,0.008944356035962109
SRSF1:HepG2,65,0.006524662685652549
SRSF1:HepG2,66,0.004977834503864131
SRSF1:HepG2,67,0.004877909410679893
SRSF1:HepG2,68,0.003462733104272475
SRSF1:HepG2,69,0.0023358863929863194
SRSF1:HepG2,70,0.007607793008132302
SRSF1:HepG2,71,0.005827560455743175
SRSF1:HepG2,72,0.008449100962476419
SRSF1:HepG2,73,0.00804082117489957
SRSF1:HepG2,74,0.003918281657604994
SRSF1:HepG2,75,0.005249557641184177
SRSF1:HepG2,76,0.0028125115084967067
SRSF1:HepG2,77,0.0029243526332706216
SRSF1:HepG2,78,0.0029222050760338014
SRSF1:HepG2,79,0.003376729243668164
SRSF1:HepG2,80,0.008319340042959311
SRSF1:HepG2,81,0.002742041279333196
SRSF1:HepG2,82,0.0026390650281629124
SRSF1:HepG2,83,0.0032500527076660957
SRSF1:HepG2,84,0.003242370183571208
SRSF1:HepG2,85,0.003852640112807504
SRSF1:HepG2,86,0.005626519867246715
SRSF1:HepG2,87,0.003288686988261569
SRSF1:HepG2,88,0.004448219802090314
SRSF1:HepG2,89,0.0036968625955557943
SRSF1:HepG2,90,0.000980723323311894
SRSF1:HepG2,91,0.006638042497896679
SRSF1:HepG2,92,0.00403332823760949
SRSF1:HepG2,93,0.001510719872834132
SRSF1:HepG2,94,0.0018503877141387015
SRSF1:HepG2,95,0.005135160189043031
SRSF1:HepG2,96,0.0030430710075167733
SRSF1:HepG2,97,0.003425697139365136
SRSF1:HepG2,98,0.0035997043524957917
SRSF1:HepG2,99,0.004589718160065814
SRSF1:HepG2,100,0.002183800193271135
SRSF1:K562,0,0.0004905231330195603
SRSF1:K562,1,0.000934265642752008
SRSF1:K562,2,0.00041764037626312867
SRSF1:K562,3,0.0009153399007145735
SRSF1:K562,4,9.783252768491568e-05
SRSF1:K562,5,0.0008256442725349533
SRSF1:K562,6,0.00031516084136962164
SRSF1:K562,7,0.0008042219965145314
SRSF1:K562,8,0.00012268217518729418
SRSF1:K562,9,0.0006000273079164176
SRSF1:K562,10,0.00020731014648334156
SRSF1:K562,11,0.0012971041472378264
SRSF1:K562,12,0.0009438949493432158
SRSF1:K562,13,0.0007920817211810594
SRSF1:K562,14,0.0016597169575340853
SRSF1:K562,15,0.002210587525057539
SRSF1:K562,16,0.0020563830658480997
SRSF1:K562,17,0.0006952324643931806
SRSF1:K562,18,0.001279591314402695
SRSF1:K562,19,0.0014482766789132295
SRSF1:K562,20,0.002314955827377174
SRSF1:K562,21,0.0017987094388973723
SRSF1:K562,22,0.0018263853956932419
SRSF1:K562,23,0.003121720243214443
SRSF1:K562,24,0.003172125219614963
SRSF1:K562,25,0.0031145902485900656
SRSF1:K562,26,0.002637280804608011
SRSF1:K562,27,0.0011994220705815462
SRSF1:K562,28,0.002251230410560079
SRSF1:K562,29,0.0028666803069258284
SRSF1:K562,30,0.002557424222461191
SRSF1:K562,31,0.0043996740909082455
SRSF1:K562,32,0.004045712490202136
SRSF1:K562,33,0.0038796762400515883
SRSF1:K562,34,0.005423158755768598
SRSF1:K562,35,0.004088604831067988
SRSF1:K562,36,0.0027462788571035457
SRSF1:K562,37,0.003581605179640901
SRSF1:K562,38,0.004567219405259948
SRSF1:K562,39,0.0059865417383617725
SRSF1:K562,40,0.007609356756259733
SRSF1:K562,41,0.005619770555197023
SRSF1:K562,42,0.005546475970814035
SRSF1:K562,43,0.006816258029056055
SRSF1:K562,44,0.004031276041367993
SRSF1:K562,45,0.0070551302961727735
SRSF1:K562,46,0.005817187850549743
SRSF1:K562,47,0.009345881767995667
SRSF1:K562,48,0.01021166326162437
SRSF1:K562,49,0.007194216592062652
SRSF1:K562,50,0.009497171814322636
SRSF1:K562,51,0.010275337477271052
SRSF1:K562,52,0.0083771178826626
SRSF1:K562,53,0.007042558681206623
SRSF1:K562,54,0.009115816488072248
SRSF1:K562,55,0.009010281123796982
SRSF1:K562,56,0.00981773986010237
SRSF1:K562,57,0.0073934867912470725
SRSF1:K562,58,0.0073657586833437705
SRSF1:K562,59,0.010311114792366127
SRSF1:K562,60,0.010460912310613302
SRSF1:K562,61,0.008798030943224289
SRSF1:K562,62,0.009249256904021563
SRSF1:K562,63,0.0073140360107109
SRSF1:K562,64,0.006898633217006123
SRSF1:K562,65,0.006997533669247602
SRSF1:K562,66,0.0049284944461930325
SRSF1:K562,67,0.006129253425400716
SRSF1:K562,68,0.008570999629296638
SRSF1:K562,69,0.006422550854698894
SRSF1:K562,70,0.009307428912124993
SRSF1:K562,71,0.004651854262875732
SRSF1:K562,72,0.007160887550020867
SRSF1:K562,73,0.008886557316808097
SRSF1:K562,74,0.007833390720655586
SRSF1:K562,75,0.006674564085856094
SRSF1:K562,76,0.008106088516595555
SRSF1:K562,77,0.005992522974654024
SRSF1:K562,78,0.006157016078758959
SRSF1:K562,79,0.006652589497705863
SRSF1:K562,80,0.004864840855373753
SRSF1:K562,81,0.006767537151312952
SRSF1:K562,82,0.005207325158328668
SRSF1:K562,83,0.006083802085228074
SRSF1:K562,84,0.0036282127949975873
SRSF1:K562,85,0.006112519146493245
SRSF1:K562,86,0.004329167531588518
SRSF1:K562,87,0.0036750623323669185
SRSF1:K562,88,0.004059533249263669
SRSF1:K562,89,0.002655456354281993
SRSF1:K562,90,0.00477529313809355
SRSF1:K562,91,0.0026357962122995904
SRSF1:K562,92,0.003703127421878172
SRSF1:K562,93,0.00408463838878137
SRSF1:K562,94,0.004943961339594627
SRSF1:K562,95,0.005798125533932219
SRSF1:K562,96,0.0038388252313965587
SRSF1:K562,97,0.003273996751794961
SRSF1:K562,98,0.004785066373266145
SRSF1:K562,99,0.0042392626921060605
SRSF1:K562,100,0.003030480617954412
STAU2:HepG2,0,0.0014014227437855187
STAU2:HepG2,1,0.0024464340679510865
STAU2:HepG2,2,0.005361673978962589
STAU2:HepG2,3,0.003996749884738193
STAU2:HepG2,4,0.004497384050173525
STAU2:HepG2,5,0.004127132522476873
STAU2:HepG2,6,0.007075593139642122
STAU2:HepG2,7,0.0007206284586980249
STAU2:HepG2,8,0.004260648146541035
STAU2:HepG2,9,0.0036684269895962407
STAU2:HepG2,10,0.007614998247510774
STAU2:HepG2,11,0.011447882949054522
STAU2:HepG2,12,0.008414712281814118
STAU2:HepG2,13,0.0062851402754002805
STAU2:HepG2,14,0.004222087971949451
STAU2:HepG2,15,0.010746705355105357
STAU2:HepG2,16,0.008705063258083512
STAU2:HepG2,17,0.010911082118145066
STAU2:HepG2,18,0.006471904462615474
STAU2:HepG2,19,0.009521652479762444
STAU2:HepG2,20,0.0064557631708250796
STAU2:HepG2,21,0.007089831508699795
STAU2:HepG2,22,0.008112880680914092
STAU2:HepG2,23,0.00751869358198598
STAU2:HepG2,24,0.004509901678313444
STAU2:HepG2,25,0.008755818425752127
STAU2:HepG2,26,0.008754847231808638
STAU2:HepG2,27,0.010673838407321723
STAU2:HepG2,28,0.008201223133894375
STAU2:HepG2,29,0.005745237609699916
STAU2:HepG2,30,0.007809446421428223
STAU2:HepG2,31,0.004745060858142636
STAU2:HepG2,32,0.004758629885754484
STAU2:HepG2,33,0.00669305535898046
STAU2:HepG2,34,0.002387967947215186
STAU2:HepG2,35,0.0015142489356529953
STAU2:HepG2,36,0.004106299855871409
STAU2:HepG2,37,0.0015012870413777524
STAU2:HepG2,38,0.004079277391266678
STAU2:HepG2,39,0.0016989281664838707
STAU2:HepG2,40,0.0028772073231349005
STAU2:HepG2,41,0.0033726437110680463
STAU2:HepG2,42,0.003582556326795494
STAU2:HepG2,43,0.0031383047116168017
STAU2:HepG2,44,0.0012892814020661891
STAU2:HepG2,45,0.004765978467455634
STAU2:HepG2,46,0.004897943963142359
STAU2:HepG2,47,0.008102968523508114
STAU2:HepG2,48,0.005528248774457456
STAU2:HepG2,49,0.0021564140354149997
STAU2:HepG2,50,0.004764479374723463
STAU2:HepG2,51,0.003447753165718548
STAU2:HepG2,52,0.002507263508109814
STAU2:HepG2,53,0.005864472380929575
STAU2:HepG2,54,0.001779021549986104
STAU2:HepG2,55,0.0024634422750082763
STAU2:HepG2,56,0.0036887732020866038
STAU2:HepG2,57,0.0011029960623665236
STAU2:HepG2,58,0.0031674680652912235
STAU2:HepG2,59,0.0023480998654498153
STAU2:HepG2,60,0.002995875290894179
STAU2:HepG2,61,0.0027356034293768428
STAU2:HepG2,62,0.00028017830132087695
STAU2:HepG2,63,0.0013394797212720189
STAU2:HepG2,64,0.00254587959321928
STAU2:HepG2,65,0.0010043686868913548
STAU2:HepG2,66,0.0016970558342666031
STAU2:HepG2,67,0.002831418898287086
STAU2:HepG2,68,0.002152509669160807
STAU2:HepG2,69,0.00023410856890460074
STAU2:HepG2,70,0.0033349946664933405
STAU2:HepG2,71,0.00138134093734954
STAU2:HepG2,72,0.0027191601919701602
STAU2:HepG2,73,0.0020477216744602122
STAU2:HepG2,74,0.0007414076496323752
STAU2:HepG2,75,0.0039609395022648375
STAU2:HepG2,76,0.001581786802615337
STAU2:HepG2,77,0.002270806728481567
STAU2:HepG2,78,0.000628446813705219
STAU2:HepG2,79,0.0026874983750591053
STAU2:HepG2,80,0.001813913741196993
STAU2:HepG2,81,0.004406926853581794
STAU2:HepG2,82,0.0036591770902096865
STAU2:HepG2,83,0.0039516061086559695
STAU2:HepG2,84,0.00397964666492423
STAU2:HepG2,85,0.00071288321229801
STAU2:HepG2,86,0.001748189624356411
STAU2:HepG2,87,0.004089723375524157
STAU2:HepG2,88,0.002140386867914623
STAU2:HepG2,89,0.0002449302109621687
STAU2:HepG2,90,0.001242361721920826
STAU2:HepG2,91,9.563177860449912e-05
STAU2:HepG2,92,0.005319132293061468
STAU2:HepG2,93,0.002222867499431125
STAU2:HepG2,94,0.0011935984643776099
STAU2:HepG2,95,6.630340741520246e-05
STAU2:HepG2,96,0.0007532416769910899
STAU2:HepG2,97,0.0006586357254801944
STAU2:HepG2,98,0.004233637209265062
STAU2:HepG2,99,0.00431438171865961
STAU2:HepG2,100,0.0025712431352502563
SUB1:HepG2,0,0.0030610004915607725
SUB1:HepG2,1,0.0035502466912453734
SUB1:HepG2,2,0.0023601539025170926
SUB1:HepG2,3,0.002594240190669783
SUB1:HepG2,4,0.004455044151171261
SUB1:HepG2,5,0.005915196613823004
SUB1:HepG2,6,0.0050521964201963865
SUB1:HepG2,7,0.004858182521822574
SUB1:HepG2,8,0.009481515498819815
SUB1:HepG2,9,0.007114653704876739
SUB1:HepG2,10,0.004871632242882118
SUB1:HepG2,11,0.006712393968122177
SUB1:HepG2,12,0.004490384387415336
SUB1:HepG2,13,0.006908909781425443
SUB1:HepG2,14,0.007166851238044281
SUB1:HepG2,15,0.008794222750563296
SUB1:HepG2,16,0.006320518762728655
SUB1:HepG2,17,0.005682599645351782
SUB1:HepG2,18,0.005321620319297171
SUB1:HepG2,19,0.006403957305353147
SUB1:HepG2,20,0.009544536229898926
SUB1:HepG2,21,0.009541069067775743
SUB1:HepG2,22,0.006948717552820449
SUB1:HepG2,23,0.011902041148204034
SUB1:HepG2,24,0.013574471762870965
SUB1:HepG2,25,0.011322072723912058
SUB1:HepG2,26,0.010482542991142152
SUB1:HepG2,27,0.008301278836688741
SUB1:HepG2,28,0.009138536370923878
SUB1:HepG2,29,0.00989459964987005
SUB1:HepG2,30,0.011375766666305687
SUB1:HepG2,31,0.007644422954924401
SUB1:HepG2,32,0.011716529136969411
SUB1:HepG2,33,0.008338005293853867
SUB1:HepG2,34,0.008890083693370299
SUB1:HepG2,35,0.009654346327236163
SUB1:HepG2,36,0.007804510936018527
SUB1:HepG2,37,0.012366743163830796
SUB1:HepG2,38,0.009032332286857625
SUB1:HepG2,39,0.006801093853215812
SUB1:HepG2,40,0.007674819475613992
SUB1:HepG2,41,0.0074505743768288335
SUB1:HepG2,42,0.0072217497389458485
SUB1:HepG2,43,0.007919207792096428
SUB1:HepG2,44,0.007495845270621526
SUB1:HepG2,45,0.007226780808319511
SUB1:HepG2,46,0.007837774086054017
SUB1:HepG2,47,0.0077506814936461055
SUB1:HepG2,48,0.005899790691203499
SUB1:HepG2,49,0.004232075602492058
SUB1:HepG2,50,0.006678906488880032
SUB1:HepG2,51,0.006853807782242316
SUB1:HepG2,52,0.0021145651171000646
SUB1:HepG2,53,0.005213028305192102
SUB1:HepG2,54,0.0036525414241550536
SUB1:HepG2,55,0.0020657258741243467
SUB1:HepG2,56,0.004546114427656622
SUB1:HepG2,57,0.0034902027128602686
SUB1:HepG2,58,0.004249753748092777
SUB1:HepG2,59,0.004416716968251189
SUB1:HepG2,60,0.0020941209606631928
SUB1:HepG2,61,0.002038667601997335
SUB1:HepG2,62,0.0015183610033682182
SUB1:HepG2,63,0.0012330735670040838
SUB1:HepG2,64,0.004622261341219125
SUB1:HepG2,65,0.002013663398903076
SUB1:HepG2,66,0.0017645917006032796
SUB1:HepG2,67,0.0018048008375961544
SUB1:HepG2,68,0.0007016148145340129
SUB1:HepG2,69,0.0012630005011085021
SUB1:HepG2,70,0.002009893320840006
SUB1:HepG2,71,0.00016497492749945053
SUB1:HepG2,72,0.0009848416606333954
SUB1:HepG2,73,0.0008286849440669597
SUB1:HepG2,74,0.0004644080927568295
SUB1:HepG2,75,0.0009176428406555415
SUB1:HepG2,76,0.0018428914682930841
SUB1:HepG2,77,0.0004100392395408603
SUB1:HepG2,78,0.00030883638317891204
SUB1:HepG2,79,0.0010526009969709094
SUB1:HepG2,80,0.0005455217772676324
SUB1:HepG2,81,0.0009403974021930939
SUB1:HepG2,82,0.0008277373567791013
SUB1:HepG2,83,0.0009564565298634253
SUB1:HepG2,84,0.0002622585956157941
SUB1:HepG2,85,0.0006967751061669469
SUB1:HepG2,86,0.00013613155597425042
SUB1:HepG2,87,0.0008740918173754109
SUB1:HepG2,88,0.0007571250412490294
SUB1:HepG2,89,0.0009679280285530556
SUB1:HepG2,90,0.001104734100505489
SUB1:HepG2,91,0.0010841507748911017
SUB1:HepG2,92,0.0011051389575380544
SUB1:HepG2,93,0.0004779998574127031
SUB1:HepG2,94,0.0011195596244668593
SUB1:HepG2,95,0.0011825436116618127
SUB1:HepG2,96,0.0005216722354973724
SUB1:HepG2,97,0.001728720967286712
SUB1:HepG2,98,0.00044795844197143
SUB1:HepG2,99,0.000401792955647462
SUB1:HepG2,100,0.0004771548839104245
TAF15:HepG2,0,0.024939454327488453
TAF15:HepG2,1,0.023327767654755638
TAF15:HepG2,2,0.04050511289092107
TAF15:HepG2,3,0.030717307368367086
TAF15:HepG2,4,0.03658272749603875
TAF15:HepG2,5,0.03526560009018209
TAF15:HepG2,6,0.015660690250355436
TAF15:HepG2,7,0.02161221651931111
TAF15:HepG2,8,0.036049627817167584
TAF15:HepG2,9,0.035594124364693114
TAF15:HepG2,10,0.028118459344281477
TAF15:HepG2,11,0.03275565474568842
TAF15:HepG2,12,0.03596530051544489
TAF15:HepG2,13,0.02234132479859674
TAF15:HepG2,14,0.024200665287062884
TAF15:HepG2,15,0.028952717992221322
TAF15:HepG2,16,0.031339247853186425
TAF15:HepG2,17,0.04412647398526848
TAF15:HepG2,18,0.03697292259709051
TAF15:HepG2,19,0.03233637985128257
TAF15:HepG2,20,0.03094606101202202
TAF15:HepG2,21,0.02094368836461613
TAF15:HepG2,22,0.03032564121358594
TAF15:HepG2,23,0.04030425901557855
TAF15:HepG2,24,0.037886877276327224
TAF15:HepG2,25,0.04375258756817113
TAF15:HepG2,26,0.041126831026734756
TAF15:HepG2,27,0.029422225490825515
TAF15:HepG2,28,0.03320281630140853
TAF15:HepG2,29,0.031680913879408745
TAF15:HepG2,30,0.03812362335250763
TAF15:HepG2,31,0.027428702977883357
TAF15:HepG2,32,0.02408982985795749
TAF15:HepG2,33,0.04501242662342453
TAF15:HepG2,34,0.03891205541574794
TAF15:HepG2,35,0.05099851116513787
TAF15:HepG2,36,0.034101603817376924
TAF15:HepG2,37,0.02390632040461038
TAF15:HepG2,38,0.029846330093465157
TAF15:HepG2,39,0.03364817352689853
TAF15:HepG2,40,0.02682757749138953
TAF15:HepG2,41,0.02803264254433857
TAF15:HepG2,42,0.03219810728294159
TAF15:HepG2,43,0.03022863389289121
TAF15:HepG2,44,0.01513191583668172
TAF15:HepG2,45,0.017658148758679437
TAF15:HepG2,46,0.02242535200397411
TAF15:HepG2,47,0.026520507462511778
TAF15:HepG2,48,0.02225035079248805
TAF15:HepG2,49,0.019337346798396493
TAF15:HepG2,50,0.023892235240854043
TAF15:HepG2,51,0.015620303155148063
TAF15:HepG2,52,0.01942392545325311
TAF15:HepG2,53,0.013770237489502013
TAF15:HepG2,54,0.012538398168593368
TAF15:HepG2,55,0.020878753005044492
TAF15:HepG2,56,0.022670433494180964
TAF15:HepG2,57,0.015246704856781257
TAF15:HepG2,58,0.015711426625524716
TAF15:HepG2,59,0.013236433434240857
TAF15:HepG2,60,0.011976241146244737
TAF15:HepG2,61,0.01835173735329887
TAF15:HepG2,62,0.01939112416638311
TAF15:HepG2,63,0.015692084158596353
TAF15:HepG2,64,0.017474780723125694
TAF15:HepG2,65,0.013668360166840143
TAF15:HepG2,66,0.00631010209436722
TAF15:HepG2,67,0.011412666326871879
TAF15:HepG2,68,0.00808279345166385
TAF15:HepG2,69,0.004435226829887728
TAF15:HepG2,70,0.011471714380765885
TAF15:HepG2,71,0.008208368028269408
TAF15:HepG2,72,0.01130832336094556
TAF15:HepG2,73,0.005642935792763204
TAF15:HepG2,74,0.006597306290488714
TAF15:HepG2,75,0.008604949940641982
TAF15:HepG2,76,0.007034157803880725
TAF15:HepG2,77,0.008001642499118389
TAF15:HepG2,78,0.00609311796915879
TAF15:HepG2,79,0.004101321010876013
TAF15:HepG2,80,0.00610099613167614
TAF15:HepG2,81,0.007323456140948759
TAF15:HepG2,82,0.012617617221830857
TAF15:HepG2,83,0.0033634855004082143
TAF15:HepG2,84,0.009746938273935912
TAF15:HepG2,85,0.011145063141454581
TAF15:HepG2,86,0.00824826506920684
TAF15:HepG2,87,0.005696701705055429
TAF15:HepG2,88,0.012136043263176965
TAF15:HepG2,89,0.00809580867291293
TAF15:HepG2,90,0.006598027280171115
TAF15:HepG2,91,0.002281956905432203
TAF15:HepG2,92,0.0015796797201909074
TAF15:HepG2,93,0.005267281985466887
TAF15:HepG2,94,0.008189168752291365
TAF15:HepG2,95,0.011092954378388531
TAF15:HepG2,96,0.004952788393133956
TAF15:HepG2,97,0.0031400159484284984
TAF15:HepG2,98,0.000772183301368301
TAF15:HepG2,99,0.010246776079484543
TAF15:HepG2,100,0.006068393228799263
TIA1:HepG2,0,0.007702344633979008
TIA1:HepG2,1,0.005905960043649072
TIA1:HepG2,2,0.004108960671339812
TIA1:HepG2,3,0.009062970375085522
TIA1:HepG2,4,0.0059892843670742435
TIA1:HepG2,5,0.008783997419769651
TIA1:HepG2,6,0.01076346790381244
TIA1:HepG2,7,0.01067639849152191
TIA1:HepG2,8,0.01614430440313641
TIA1:HepG2,9,0.01484815590779176
TIA1:HepG2,10,0.014925022793827125
TIA1:HepG2,11,0.022326596807531907
TIA1:HepG2,12,0.026761179259609413
TIA1:HepG2,13,0.013826739030623703
TIA1:HepG2,14,0.032797343067587414
TIA1:HepG2,15,0.019388188842541454
TIA1:HepG2,16,0.02410492244962814
TIA1:HepG2,17,0.017733481719370836
TIA1:HepG2,18,0.016564337245735805
TIA1:HepG2,19,0.022909167911288608
TIA1:HepG2,20,0.03311024789484773
TIA1:HepG2,21,0.022143128854198224
TIA1:HepG2,22,0.023270737057219604
TIA1:HepG2,23,0.03804902176763858
TIA1:HepG2,24,0.029921972360809068
TIA1:HepG2,25,0.03284414391705748
TIA1:HepG2,26,0.022874527832267066
TIA1:HepG2,27,0.02747571902560475
TIA1:HepG2,28,0.016147311216822335
TIA1:HepG2,29,0.023909374566652764
TIA1:HepG2,30,0.015943610402405772
TIA1:HepG2,31,0.018527000622319933
TIA1:HepG2,32,0.015998463930775086
TIA1:HepG2,33,0.008375672582948246
TIA1:HepG2,34,0.017936380530007567
TIA1:HepG2,35,0.011095319735086817
TIA1:HepG2,36,0.018804819734764333
TIA1:HepG2,37,0.01592565588569661
TIA1:HepG2,38,0.010349626173436377
TIA1:HepG2,39,0.014662038338801642
TIA1:HepG2,40,0.017818981622832686
TIA1:HepG2,41,0.011082092450764414
TIA1:HepG2,42,0.016358235949054167
TIA1:HepG2,43,0.012730944617918238
TIA1:HepG2,44,0.010060446413623358
TIA1:HepG2,45,0.010513961106856762
TIA1:HepG2,46,0.009396796437094013
TIA1:HepG2,47,0.008528001484717995
TIA1:HepG2,48,0.008791694867012922
TIA1:HepG2,49,0.007352338333389996
TIA1:HepG2,50,0.007655144374036027
TIA1:HepG2,51,0.010258901829720335
TIA1:HepG2,52,0.007119131999162032
TIA1:HepG2,53,0.015550320901721593
TIA1:HepG2,54,0.006231525438289198
TIA1:HepG2,55,0.005102588725135582
TIA1:HepG2,56,0.007549988240091343
TIA1:HepG2,57,0.0029554405112383053
TIA1:HepG2,58,0.0066896532673687
TIA1:HepG2,59,0.008523110218170427
TIA1:HepG2,60,0.005353091203142979
TIA1:HepG2,61,0.002999774296287283
TIA1:HepG2,62,0.006899784538037745
TIA1:HepG2,63,0.006194953031952277
TIA1:HepG2,64,0.0057272183887995265
TIA1:HepG2,65,0.0032763076180217787
TIA1:HepG2,66,0.002753167311374205
TIA1:HepG2,67,0.0036738128116687863
TIA1:HepG2,68,0.004186442056197226
TIA1:HepG2,69,0.0034559536787630574
TIA1:HepG2,70,0.0014662830338970645
TIA1:HepG2,71,0.0005060345681923151
TIA1:HepG2,72,0.002119813633556622
TIA1:HepG2,73,0.0016430508245737219
TIA1:HepG2,74,0.002161794500904035
TIA1:HepG2,75,0.0015871588383454815
TIA1:HepG2,76,0.001201294266048536
TIA1:HepG2,77,0.001605948330562268
TIA1:HepG2,78,0.001306923458947784
TIA1:HepG2,79,0.0031660721266428826
TIA1:HepG2,80,0.0028465750596622375
TIA1:HepG2,81,0.004370069993640979
TIA1:HepG2,82,0.0022703737756439857
TIA1:HepG2,83,0.0004129526913270176
TIA1:HepG2,84,0.00029816575575025706
TIA1:HepG2,85,0.0008407260812798301
TIA1:HepG2,86,0.0010719065191384658
TIA1:HepG2,87,0.0015473686405468312
TIA1:HepG2,88,0.0024743463469873994
TIA1:HepG2,89,0.00196074752165587
TIA1:HepG2,90,0.0026193900133275605
TIA1:HepG2,91,0.0024052067387208
TIA1:HepG2,92,0.00443697265721088
TIA1:HepG2,93,0.00166135049306404
TIA1:HepG2,94,0.0004601475509097286
TIA1:HepG2,95,0.00015367928772691553
TIA1:HepG2,96,0.0029498256120272792
TIA1:HepG2,97,0.0024124775939071696
TIA1:HepG2,98,0.0052379759394920455
TIA1:HepG2,99,0.0022734515835378666
TIA1:HepG2,100,0.0008245839426594959
TIA1:K562,0,0.009501522330545908
TIA1:K562,1,0.010617308773646972
TIA1:K562,2,0.008470903132487884
TIA1:K562,3,0.013164086592036606
TIA1:K562,4,0.011674450189723906
TIA1:K562,5,0.014786613840306773
TIA1:K562,6,0.013928413539311402
TIA1:K562,7,0.01547083082284506
TIA1:K562,8,0.016036608127563245
TIA1:K562,9,0.016049955511059366
TIA1:K562,10,0.014617163058975313
TIA1:K562,11,0.019274849210943024
TIA1:K562,12,0.018416211299314034
TIA1:K562,13,0.014543751874890765
TIA1:K562,14,0.01932689889337791
TIA1:K562,15,0.02043419290542592
TIA1:K562,16,0.020180674147101785
TIA1:K562,17,0.01947316897350504
TIA1:K562,18,0.022355415805106693
TIA1:K562,19,0.01925234375299556
TIA1:K562,20,0.020499729816005896
TIA1:K562,21,0.02004395932609493
TIA1:K562,22,0.01952173659370038
TIA1:K562,23,0.016482829116731046
TIA1:K562,24,0.019580654129373265
TIA1:K562,25,0.014921418880564308
TIA1:K562,26,0.01700905994484747
TIA1:K562,27,0.015376034328457466
TIA1:K562,28,0.014310525884783543
TIA1:K562,29,0.013610118078509092
TIA1:K562,30,0.013348029422985741
TIA1:K562,31,0.010708678710733333
TIA1:K562,32,0.013009607184555794
TIA1:K562,33,0.01216895255720507
TIA1:K562,34,0.012186855396951524
TIA1:K562,35,0.016717045472536052
TIA1:K562,36,0.012216630977886167
TIA1:K562,37,0.012138222330568826
TIA1:K562,38,0.014901994016170872
TIA1:K562,39,0.010368656940018983
TIA1:K562,40,0.012606310226891404
TIA1:K562,41,0.01116011696078889
TIA1:K562,42,0.01107779681428478
TIA1:K562,43,0.009933366488082518
TIA1:K562,44,0.010782069830444718
TIA1:K562,45,0.00845973666553923
TIA1:K562,46,0.007761690007720201
TIA1:K562,47,0.01032683042046978
TIA1:K562,48,0.010650614383157508
TIA1:K562,49,0.007699320590144332
TIA1:K562,50,0.009746042401769128
TIA1:K562,51,0.008993905275784586
TIA1:K562,52,0.007045881254236774
TIA1:K562,53,0.005860990764387286
TIA1:K562,54,0.006188370998909121
TIA1:K562,55,0.005155702958021813
TIA1:K562,56,0.0068193389507256175
TIA1:K562,57,0.003427843307557632
TIA1:K562,58,0.004025019632886373
TIA1:K562,59,0.004151791221267742
TIA1:K562,60,0.0038432132505610284
TIA1:K562,61,0.0022197136322223976
TIA1:K562,62,0.0019438894774871374
TIA1:K562,63,0.0042839301557310305
TIA1:K562,64,0.0033317681757878415
TIA1:K562,65,0.002637474837619669
TIA1:K562,66,0.0013766214797343856
TIA1:K562,67,0.0019867417271755006
TIA1:K562,68,0.0013718165106098024
TIA1:K562,69,0.0017959222905328254
TIA1:K562,70,0.002068800192302822
TIA1:K562,71,0.0008492566264948209
TIA1:K562,72,0.0006451827001363597
TIA1:K562,73,0.0018937146507198577
TIA1:K562,74,0.002205251674483155
TIA1:K562,75,0.0007160760021949208
TIA1:K562,76,0.002133690174031755
TIA1:K562,77,0.0014394651468624398
TIA1:K562,78,0.0015172120319466575
TIA1:K562,79,0.001237328311589625
TIA1:K562,80,0.0025104645319393715
TIA1:K562,81,0.001445035682497986
TIA1:K562,82,0.00012367954289926875
TIA1:K562,83,0.0008890895194180182
TIA1:K562,84,0.0013062808992317931
TIA1:K562,85,0.0008691118727948144
TIA1:K562,86,0.0015949900687950436
TIA1:K562,87,0.002699327831622522
TIA1:K562,88,0.0013767330154642599
TIA1:K562,89,0.0016596464458327187
TIA1:K562,90,0.0014613273504633373
TIA1:K562,91,0.0014924802670189807
TIA1:K562,92,0.0008804670428605998
TIA1:K562,93,0.00175820336512289
TIA1:K562,94,0.001645569262917368
TIA1:K562,95,0.0008713054805151721
TIA1:K562,96,0.0014665034637044716
TIA1:K562,97,0.001916084704980836
TIA1:K562,98,0.0016957526001533108
TIA1:K562,99,0.0019595244413029844
TIA1:K562,100,0.0013191724184828946
TRA2A:HepG2,0,0.007475617711872773
TRA2A:HepG2,1,0.009100507788259993
TRA2A:HepG2,2,0.0026835903743613887
TRA2A:HepG2,3,0.008451496073792919
TRA2A:HepG2,4,0.016295912660040157
TRA2A:HepG2,5,0.010996829296629596
TRA2A:HepG2,6,0.007823713628335227
TRA2A:HepG2,7,0.01418857382428218
TRA2A:HepG2,8,0.009116493991875307
TRA2A:HepG2,9,0.009613435970343032
TRA2A:HepG2,10,0.012680931934918371
TRA2A:HepG2,11,0.010189215651989048
TRA2A:HepG2,12,0.009866491735822436
TRA2A:HepG2,13,0.006578369523520644
TRA2A:HepG2,14,0.008824090823865816
TRA2A:HepG2,15,0.02229562581203426
TRA2A:HepG2,16,0.013740393794818728
TRA2A:HepG2,17,0.010740631223234098
TRA2A:HepG2,18,0.009163842058685034
TRA2A:HepG2,19,0.010349763166111359
TRA2A:HepG2,20,0.02493421654515915
TRA2A:HepG2,21,0.013186119983464972
TRA2A:HepG2,22,0.017488378528061288
TRA2A:HepG2,23,0.013750621144938968
TRA2A:HepG2,24,0.02165875864000244
TRA2A:HepG2,25,0.020027799553602454
TRA2A:HepG2,26,0.017541230661560547
TRA2A:HepG2,27,0.019124277354733876
TRA2A:HepG2,28,0.011070079807002697
TRA2A:HepG2,29,0.024715821732555376
TRA2A:HepG2,30,0.018943592199822223
TRA2A:HepG2,31,0.02688286294715536
TRA2A:HepG2,32,0.02628394587356031
TRA2A:HepG2,33,0.020189800288190618
TRA2A:HepG2,34,0.035359434696932146
TRA2A:HepG2,35,0.03877819704028962
TRA2A:HepG2,36,0.023908756092986483
TRA2A:HepG2,37,0.02575047116999929
TRA2A:HepG2,38,0.025261487295540785
TRA2A:HepG2,39,0.030356333976057526
TRA2A:HepG2,40,0.02494882408300403
TRA2A:HepG2,41,0.0391289486844163
TRA2A:HepG2,42,0.03947614106220043
TRA2A:HepG2,43,0.028194628023728185
TRA2A:HepG2,44,0.04155016723515881
TRA2A:HepG2,45,0.04777205436460574
TRA2A:HepG2,46,0.03821843046598061
TRA2A:HepG2,47,0.03386534041671674
TRA2A:HepG2,48,0.038430196267309036
TRA2A:HepG2,49,0.03973343122371886
TRA2A:HepG2,50,0.052360959103510574
TRA2A:HepG2,51,0.044979657258002126
TRA2A:HepG2,52,0.047186434634778895
TRA2A:HepG2,53,0.03419879922896607
TRA2A:HepG2,54,0.053111612023239
TRA2A:HepG2,55,0.0336618860102178
TRA2A:HepG2,56,0.045201831291193484
TRA2A:HepG2,57,0.033827714523130714
TRA2A:HepG2,58,0.03512812940957688
TRA2A:HepG2,59,0.0351498307931597
TRA2A:HepG2,60,0.04293142600619648
TRA2A:HepG2,61,0.03502868562724093
TRA2A:HepG2,62,0.03776805005679251
TRA2A:HepG2,63,0.028227310081719637
TRA2A:HepG2,64,0.02552090595899492
TRA2A:HepG2,65,0.04279579857758897
TRA2A:HepG2,66,0.03861598767820129
TRA2A:HepG2,67,0.027985121212577457
TRA2A:HepG2,68,0.03137918067700518
TRA2A:HepG2,69,0.0348438216493171
TRA2A:HepG2,70,0.018474928492584697
TRA2A:HepG2,71,0.028956694480661405
TRA2A:HepG2,72,0.03355421020979121
TRA2A:HepG2,73,0.01888452359375714
TRA2A:HepG2,74,0.02926751336119282
TRA2A:HepG2,75,0.02431090141740433
TRA2A:HepG2,76,0.022549973208880747
TRA2A:HepG2,77,0.02131723827069265
TRA2A:HepG2,78,0.022797447205109123
TRA2A:HepG2,79,0.018790819148349347
TRA2A:HepG2,80,0.013004465452483904
TRA2A:HepG2,81,0.022747544408069142
TRA2A:HepG2,82,0.014252294382016473
TRA2A:HepG2,83,0.018794663429354097
TRA2A:HepG2,84,0.020753577225904207
TRA2A:HepG2,85,0.005688287495238642
TRA2A:HepG2,86,0.018313677441548992
TRA2A:HepG2,87,0.013791275014220616
TRA2A:HepG2,88,0.018493221799282367
TRA2A:HepG2,89,0.0185513306665257
TRA2A:HepG2,90,0.00843932145200399
TRA2A:HepG2,91,0.01476393423447031
TRA2A:HepG2,92,0.010041824579576142
TRA2A:HepG2,93,0.012494016443837408
TRA2A:HepG2,94,0.008870982150490314
TRA2A:HepG2,95,0.016212518615254523
TRA2A:HepG2,96,0.009248844002308632
TRA2A:HepG2,97,0.008407681621667384
TRA2A:HepG2,98,0.005230024753842821
TRA2A:HepG2,99,0.008127066701670738
TRA2A:HepG2,100,0.004419794788060871
U2AF1:K562,0,0.01879701218888863
U2AF1:K562,1,0.011391779185252027
U2AF1:K562,2,0.014658588191200028
U2AF1:K562,3,0.013662777291809869
U2AF1:K562,4,0.024164252380084572
U2AF1:K562,5,0.024045087378155694
U2AF1:K562,6,0.024235190354927827
U2AF1:K562,7,0.025135593736507755
U2AF1:K562,8,0.035760054479848424
U2AF1:K562,9,0.05379930810182132
U2AF1:K562,10,0.03538072123809277
U2AF1:K562,11,0.044558030248427416
U2AF1:K562,12,0.042317228068861956
U2AF1:K562,13,0.03153998256011581
U2AF1:K562,14,0.06510130682747362
U2AF1:K562,15,0.05253149102193788
U2AF1:K562,16,0.05315175606267242
U2AF1:K562,17,0.045811464445971506
U2AF1:K562,18,0.05877954139865027
U2AF1:K562,19,0.056333658579252655
U2AF1:K562,20,0.05668812121503897
U2AF1:K562,21,0.06190351059008603
U2AF1:K562,22,0.050371152701174315
U2AF1:K562,23,0.04876365231900803
U2AF1:K562,24,0.047727362837220344
U2AF1:K562,25,0.0453712881391497
U2AF1:K562,26,0.04389786360461645
U2AF1:K562,27,0.04978833442864539
U2AF1:K562,28,0.039122783029070685
U2AF1:K562,29,0.03698704486513171
U2AF1:K562,30,0.028333572195169188
U2AF1:K562,31,0.022336021577662013
U2AF1:K562,32,0.01463660633622954
U2AF1:K562,33,0.016037067931192084
U2AF1:K562,34,0.015273742150536895
U2AF1:K562,35,0.013513887365444677
U2AF1:K562,36,0.013883289508396013
U2AF1:K562,37,0.014832325881754649
U2AF1:K562,38,0.01000514866853408
U2AF1:K562,39,0.009246570298323098
U2AF1:K562,40,0.010262908783446711
U2AF1:K562,41,0.01106871382201391
U2AF1:K562,42,0.009930275746900197
U2AF1:K562,43,0.009327585599109511
U2AF1:K562,44,0.019215935371451942
U2AF1:K562,45,0.011161186338597195
U2AF1:K562,46,0.0092146918012177
U2AF1:K562,47,0.006387400599148885
U2AF1:K562,48,0.019783143845267803
U2AF1:K562,49,0.004670385065213001
U2AF1:K562,50,0.005893054803376985
U2AF1:K562,51,0.0037354372778012346
U2AF1:K562,52,0.004112400662716231
U2AF1:K562,53,0.0030478291119152567
U2AF1:K562,54,0.005727274525854753
U2AF1:K562,55,0.005026733237535885
U2AF1:K562,56,0.001606837168087294
U2AF1:K562,57,0.007139385938551124
U2AF1:K562,58,0.0019448207219545655
U2AF1:K562,59,0.0016123983368629968
U2AF1:K562,60,0.0013818800679188392
U2AF1:K562,61,0.0019061800609264656
U2AF1:K562,62,0.0015298004058863501
U2AF1:K562,63,0.0013032412919263825
U2AF1:K562,64,0.0014637607828462684
U2AF1:K562,65,0.001649147819000163
U2AF1:K562,66,0.001350558187596107
U2AF1:K562,67,0.0004931102240537388
U2AF1:K562,68,0.002050095447106992
U2AF1:K562,69,0.0008914047688106663
U2AF1:K562,70,0.0033284105599442615
U2AF1:K562,71,0.0006193850631408537
U2AF1:K562,72,0.0011842738731120406
U2AF1:K562,73,0.0016293095623186593
U2AF1:K562,74,0.0007935535207410638
U2AF1:K562,75,0.0010048891157160567
U2AF1:K562,76,0.0011278865798023396
U2AF1:K562,77,9.123438412639295e-05
U2AF1:K562,78,0.004792559160145871
U2AF1:K562,79,0.001463635033110311
U2AF1:K562,80,0.000557326221753307
U2AF1:K562,81,0.0010927985424176168
U2AF1:K562,82,0.0004066511528403316
U2AF1:K562,83,6.737020431502039e-05
U2AF1:K562,84,0.0005288941405429126
U2AF1:K562,85,0.0009390145204541955
U2AF1:K562,86,0.0023206003518135843
U2AF1:K562,87,0.0032971615033450252
U2AF1:K562,88,0.0005153416979263303
U2AF1:K562,89,0.0012582168314232423
U2AF1:K562,90,0.0016685351929539571
U2AF1:K562,91,0.0005476810925044706
U2AF1:K562,92,0.0009720330773652641
U2AF1:K562,93,0.0002391332241498123
U2AF1:K562,94,0.00043225596842644265
U2AF1:K562,95,0.0006197590639123174
U2AF1:K562,96,0.0007384941538836065
U2AF1:K562,97,0.0027471520868405097
U2AF1:K562,98,0.00024573235355285217
U2AF1:K562,99,0.0013485038797365068
U2AF1:K562,100,0.0018945852996604673
U2AF2:HepG2,0,0.01368943358357444
U2AF2:HepG2,1,0.012400329014677691
U2AF2:HepG2,2,0.015155802488021508
U2AF2:HepG2,3,0.015123468145839092
U2AF2:HepG2,4,0.01668635996591661
U2AF2:HepG2,5,0.016405742963642722
U2AF2:HepG2,6,0.019054195859656398
U2AF2:HepG2,7,0.017298237955158835
U2AF2:HepG2,8,0.01956894987144442
U2AF2:HepG2,9,0.026992272197903233
U2AF2:HepG2,10,0.02620158284772356
U2AF2:HepG2,11,0.027491145612662526
U2AF2:HepG2,12,0.026671259475448905
U2AF2:HepG2,13,0.0335154548776313
U2AF2:HepG2,14,0.035211871128408956
U2AF2:HepG2,15,0.03518904120861899
U2AF2:HepG2,16,0.037790873429324634
U2AF2:HepG2,17,0.04182523703353813
U2AF2:HepG2,18,0.039581897081957584
U2AF2:HepG2,19,0.04144944120236271
U2AF2:HepG2,20,0.042324392133641364
U2AF2:HepG2,21,0.04272153581272864
U2AF2:HepG2,22,0.04518053175841541
U2AF2:HepG2,23,0.04636935828555844
U2AF2:HepG2,24,0.04472705712602243
U2AF2:HepG2,25,0.04676056072034229
U2AF2:HepG2,26,0.041530697529565286
U2AF2:HepG2,27,0.041392094701257154
U2AF2:HepG2,28,0.040498538950306084
U2AF2:HepG2,29,0.03986618531042885
U2AF2:HepG2,30,0.03782381644594546
U2AF2:HepG2,31,0.03452798642862431
U2AF2:HepG2,32,0.02874508406142051
U2AF2:HepG2,33,0.026999005060146297
U2AF2:HepG2,34,0.021554495407288377
U2AF2:HepG2,35,0.02406077242632143
U2AF2:HepG2,36,0.018165179354944327
U2AF2:HepG2,37,0.016925326300290422
U2AF2:HepG2,38,0.01134453863390461
U2AF2:HepG2,39,0.011729336339169283
U2AF2:HepG2,40,0.008779274891580036
U2AF2:HepG2,41,0.010112277073392573
U2AF2:HepG2,42,0.007575406950081076
U2AF2:HepG2,43,0.005679095274707668
U2AF2:HepG2,44,0.0036888100423062564
U2AF2:HepG2,45,0.0052898350438119746
U2AF2:HepG2,46,0.005073304095680742
U2AF2:HepG2,47,0.0051913200587415664
U2AF2:HepG2,48,0.004085504188237055
U2AF2:HepG2,49,0.003549003912131643
U2AF2:HepG2,50,0.003009877183808629
U2AF2:HepG2,51,0.00322880949531712
U2AF2:HepG2,52,0.003775484409636487
U2AF2:HepG2,53,0.002986944765976496
U2AF2:HepG2,54,0.0034781094441820315
U2AF2:HepG2,55,0.0025635924364990625
U2AF2:HepG2,56,0.0012857477882506352
U2AF2:HepG2,57,0.0020029668851244686
U2AF2:HepG2,58,0.0010435556782285582
U2AF2:HepG2,59,0.0013478392075607637
U2AF2:HepG2,60,0.0011384622270331768
U2AF2:HepG2,61,0.0009634174284288699
U2AF2:HepG2,62,0.000781338894401129
U2AF2:HepG2,63,0.0012275877163430149
U2AF2:HepG2,64,0.0010764688297577596
U2AF2:HepG2,65,0.0002886457690612909
U2AF2:HepG2,66,0.000524288507578019
U2AF2:HepG2,67,0.00021968142862927031
U2AF2:HepG2,68,0.00028925281459846186
U2AF2:HepG2,69,0.00037368109055169185
U2AF2:HepG2,70,0.00021321428518106256
U2AF2:HepG2,71,0.00035085756062236406
U2AF2:HepG2,72,0.0003860177757581962
U2AF2:HepG2,73,0.00017381144958539263
U2AF2:HepG2,74,8.18895516121465e-05
U2AF2:HepG2,75,0.0002835671351266722
U2AF2:HepG2,76,0.0002596303824993207
U2AF2:HepG2,77,0.0002846041517043929
U2AF2:HepG2,78,0.00031679957674413117
U2AF2:HepG2,79,0.00041058153973927425
U2AF2:HepG2,80,0.00011639353760206639
U2AF2:HepG2,81,0.0002805478305514253
U2AF2:HepG2,82,0.00015126863073477992
U2AF2:HepG2,83,0.00032192388398044613
U2AF2:HepG2,84,0.00015926544650135543
U2AF2:HepG2,85,0.0002949850238005425
U2AF2:HepG2,86,0.00017911230442235748
U2AF2:HepG2,87,0.0001676860546935277
U2AF2:HepG2,88,0.0002673688263543639
U2AF2:HepG2,89,0.00010346517723802684
U2AF2:HepG2,90,0.00026775807600065704
U2AF2:HepG2,91,0.0003165352508829322
U2AF2:HepG2,92,0.0004007226164057798
U2AF2:HepG2,93,0.0002588161097168973
U2AF2:HepG2,94,7.172319461834498e-05
U2AF2:HepG2,95,0.00044512275063923745
U2AF2:HepG2,96,0.0002434873863976783
U2AF2:HepG2,97,0.00021911960178933043
U2AF2:HepG2,98,0.00032857779772665907
U2AF2:HepG2,99,0.00038936419800716937
U2AF2:HepG2,100,0.00014760265262703243
UCHL5:HepG2,0,0.0031162727623300635
UCHL5:HepG2,1,0.0002294954864485721
UCHL5:HepG2,2,4.3103807851663234e-05
UCHL5:HepG2,3,0.00043339910305839613
UCHL5:HepG2,4,0.0016881174116838427
UCHL5:HepG2,5,0.0017148657384619126
UCHL5:HepG2,6,0.00022381561084072743
UCHL5:HepG2,7,0.0007552491200836231
UCHL5:HepG2,8,0.0011763444021926084
UCHL5:HepG2,9,0.00030594433545749755
UCHL5:HepG2,10,0.0006906721107642344
UCHL5:HepG2,11,0.0005290389850850508
UCHL5:HepG2,12,0.00206852640172972
UCHL5:HepG2,13,0.000573819295463518
UCHL5:HepG2,14,0.0018681333381831422
UCHL5:HepG2,15,0.0002581284084113289
UCHL5:HepG2,16,0.0007427593065887361
UCHL5:HepG2,17,0.0020132976267432934
UCHL5:HepG2,18,0.0012077164170101184
UCHL5:HepG2,19,0.002979585622023162
UCHL5:HepG2,20,0.0010926872521527242
UCHL5:HepG2,21,0.0030269358051432382
UCHL5:HepG2,22,0.002214953099504924
UCHL5:HepG2,23,0.0021825542077452686
UCHL5:HepG2,24,0.003130356383313826
UCHL5:HepG2,25,0.001295637398391225
UCHL5:HepG2,26,0.0020450769133188995
UCHL5:HepG2,27,0.000974290588660276
UCHL5:HepG2,28,0.0024823708851952064
UCHL5:HepG2,29,0.0007769009493654444
UCHL5:HepG2,30,0.0007346479457581712
UCHL5:HepG2,31,0.0005884233339337186
UCHL5:HepG2,32,0.0027321669296901385
UCHL5:HepG2,33,0.0009500205107528803
UCHL5:HepG2,34,0.0009044117325129886
UCHL5:HepG2,35,0.0012573659608025034
UCHL5:HepG2,36,0.002195725255757064
UCHL5:HepG2,37,0.00093249550767871
UCHL5:HepG2,38,0.001910304242303873
UCHL5:HepG2,39,0.0008406194724762672
UCHL5:HepG2,40,0.0028591466790433007
UCHL5:HepG2,41,0.0013958343885875912
UCHL5:HepG2,42,0.0012859825374568201
UCHL5:HepG2,43,0.0022753906282977354
UCHL5:HepG2,44,0.0013943421556614766
UCHL5:HepG2,45,0.0012696902845674707
UCHL5:HepG2,46,0.002227814174151632
UCHL5:HepG2,47,0.0029509628133511656
UCHL5:HepG2,48,0.002898287311162706
UCHL5:HepG2,49,0.002871679364728652
UCHL5:HepG2,50,0.0013807676395294344
UCHL5:HepG2,51,0.004538441253374881
UCHL5:HepG2,52,0.005985313457809172
UCHL5:HepG2,53,0.007348267691949628
UCHL5:HepG2,54,0.005716067618486975
UCHL5:HepG2,55,0.004604817180921428
UCHL5:HepG2,56,0.00585107833172871
UCHL5:HepG2,57,0.004233700829298304
UCHL5:HepG2,58,0.0034723047998151957
UCHL5:HepG2,59,0.004946128488620971
UCHL5:HepG2,60,0.0027978860573472097
UCHL5:HepG2,61,0.0051206092358953015
UCHL5:HepG2,62,0.0022001925196953875
UCHL5:HepG2,63,0.006147571375046845
UCHL5:HepG2,64,0.006375962487608078
UCHL5:HepG2,65,0.004192878966661984
UCHL5:HepG2,66,0.005467296663596688
UCHL5:HepG2,67,0.006107295277842262
UCHL5:HepG2,68,0.003739046028548243
UCHL5:HepG2,69,0.0035383138868546604
UCHL5:HepG2,70,0.0016858389510501226
UCHL5:HepG2,71,0.002383117605006646
UCHL5:HepG2,72,0.0015672674923241647
UCHL5:HepG2,73,0.00506090273324622
UCHL5:HepG2,74,0.0033469871324111056
UCHL5:HepG2,75,0.0028143753783497205
UCHL5:HepG2,76,0.0033627586135224208
UCHL5:HepG2,77,0.0027906374493227304
UCHL5:HepG2,78,0.0017079573335775367
UCHL5:HepG2,79,0.0022214248740828335
UCHL5:HepG2,80,0.0026870818073067015
UCHL5:HepG2,81,0.004719338604493362
UCHL5:HepG2,82,0.002940308063934305
UCHL5:HepG2,83,0.0027146688054736634
UCHL5:HepG2,84,0.0024867183093175704
UCHL5:HepG2,85,0.002151945853708259
UCHL5:HepG2,86,0.0031649280979351158
UCHL5:HepG2,87,0.004006787773685128
UCHL5:HepG2,88,0.0031443171450662444
UCHL5:HepG2,89,0.0029372194411851904
UCHL5:HepG2,90,0.005926459762297442
UCHL5:HepG2,91,0.002039093619021104
UCHL5:HepG2,92,0.0011582918165127243
UCHL5:HepG2,93,0.0013559057175296374
UCHL5:HepG2,94,0.0014571577442072936
UCHL5:HepG2,95,0.0014154027071100472
UCHL5:HepG2,96,0.003044658174062964
UCHL5:HepG2,97,0.0024756710857223307
UCHL5:HepG2,98,0.001163219899068535
UCHL5:HepG2,99,0.0018904118171056972
UCHL5:HepG2,100,0.0008476375303871908
XPO5:HepG2,0,0.0006553448643141779
XPO5:HepG2,1,0.00019090615937189526
XPO5:HepG2,2,0.00036483530838116174
XPO5:HepG2,3,0.0008580392619729205
XPO5:HepG2,4,0.0006425214305932903
XPO5:HepG2,5,0.0008102056271990232
XPO5:HepG2,6,0.0003521216175204067
XPO5:HepG2,7,0.0003927671983526837
XPO5:HepG2,8,0.0001281535378659937
XPO5:HepG2,9,0.00028202003130195497
XPO5:HepG2,10,0.000515849552483405
XPO5:HepG2,11,0.00011923307672778716
XPO5:HepG2,12,0.00044245461084657656
XPO5:HepG2,13,0.00028646427464418256
XPO5:HepG2,14,0.0011875069415345774
XPO5:HepG2,15,0.00020095705890854632
XPO5:HepG2,16,0.00020396702948599632
XPO5:HepG2,17,0.0002893699370258851
XPO5:HepG2,18,0.0004217664361578777
XPO5:HepG2,19,0.0008890864606881932
XPO5:HepG2,20,0.0007048751076809134
XPO5:HepG2,21,0.000512696435096105
XPO5:HepG2,22,0.0006853387935170652
XPO5:HepG2,23,0.0006387846866694469
XPO5:HepG2,24,0.0003584957474843664
XPO5:HepG2,25,0.0005722859079391185
XPO5:HepG2,26,0.0010926759931240149
XPO5:HepG2,27,0.0012024464350006703
XPO5:HepG2,28,0.0006840674677818237
XPO5:HepG2,29,0.0007604272478918261
XPO5:HepG2,30,0.0007648709315190017
XPO5:HepG2,31,0.001821022008798856
XPO5:HepG2,32,0.0011130896565997306
XPO5:HepG2,33,0.0016230290042400508
XPO5:HepG2,34,0.0018425536611008653
XPO5:HepG2,35,0.001333927369352006
XPO5:HepG2,36,0.0009593340898472746
XPO5:HepG2,37,0.002183966528695569
XPO5:HepG2,38,0.002170151037436119
XPO5:HepG2,39,0.002462734564664615
XPO5:HepG2,40,0.0025008511501825037
XPO5:HepG2,41,0.002455595117891729
XPO5:HepG2,42,0.001581352358286825
XPO5:HepG2,43,0.004125333848354229
XPO5:HepG2,44,0.0016206098115730816
XPO5:HepG2,45,0.0009889799764658536
XPO5:HepG2,46,0.003889059982373766
XPO5:HepG2,47,0.0020204143002503505
XPO5:HepG2,48,0.0035197731270795174
XPO5:HepG2,49,0.0016985378183503874
XPO5:HepG2,50,0.003198815232577923
XPO5:HepG2,51,0.003156767799661564
XPO5:HepG2,52,0.0033056271433448137
XPO5:HepG2,53,0.0017672077515398232
XPO5:HepG2,54,0.0012647603709414756
XPO5:HepG2,55,0.0018808890978163628
XPO5:HepG2,56,0.002481626741588583
XPO5:HepG2,57,0.0011059270400812782
XPO5:HepG2,58,0.000881419801468053
XPO5:HepG2,59,0.0029058753883145494
XPO5:HepG2,60,0.001812779625530836
XPO5:HepG2,61,0.002811881360327617
XPO5:HepG2,62,0.001344479435177126
XPO5:HepG2,63,0.002288412430585973
XPO5:HepG2,64,0.0013118079616312173
XPO5:HepG2,65,0.002404785654596786
XPO5:HepG2,66,0.002439086764100984
XPO5:HepG2,67,0.002523548898392569
XPO5:HepG2,68,0.0013010925507326299
XPO5:HepG2,69,0.0015908606115082602
XPO5:HepG2,70,0.002310541127771293
XPO5:HepG2,71,0.0013931833039464436
XPO5:HepG2,72,0.0006978587702379802
XPO5:HepG2,73,0.00041159957675951375
XPO5:HepG2,74,0.0019004308508906442
XPO5:HepG2,75,0.0014197584151567355
XPO5:HepG2,76,0.0005337082076094513
XPO5:HepG2,77,0.0008465540622790702
XPO5:HepG2,78,0.0004925006086532457
XPO5:HepG2,79,0.00013196851449537306
XPO5:HepG2,80,0.0009869057566851414
XPO5:HepG2,81,0.0007139376622367077
XPO5:HepG2,82,0.000519975566326214
XPO5:HepG2,83,0.0019603594521597767
XPO5:HepG2,84,0.0006078365906984073
XPO5:HepG2,85,0.0006238548801305033
XPO5:HepG2,86,0.000638587650726663
XPO5:HepG2,87,0.0011638134010695245
XPO5:HepG2,88,0.0010923812383542009
XPO5:HepG2,89,0.001144782640887021
XPO5:HepG2,90,0.000568920715398713
XPO5:HepG2,91,0.0004837781218189896
XPO5:HepG2,92,0.0005872329213671978
XPO5:HepG2,93,0.0007246367543221055
XPO5:HepG2,94,0.0002778974655310851
XPO5:HepG2,95,0.0010265848661628052
XPO5:HepG2,96,0.0006531610328234239
XPO5:HepG2,97,0.0011160206195208744
XPO5:HepG2,98,0.0005234352457381686
XPO5:HepG2,99,0.0007446303319796899
XPO5:HepG2,100,0.0005536989732752851
YBX3:HepG2,0,0.0004965093849711444
YBX3:HepG2,1,0.0007135882777919988
YBX3:HepG2,2,0.001868977357427859
YBX3:HepG2,3,0.0012792825732278468
YBX3:HepG2,4,0.0020802084846718305
YBX3:HepG2,5,0.0015201491432617065
YBX3:HepG2,6,0.00461664041721721
YBX3:HepG2,7,0.0024601107916210063
YBX3:HepG2,8,0.0012943312947514274
YBX3:HepG2,9,0.0006192654193182268
YBX3:HepG2,10,0.0021981712943738296
YBX3:HepG2,11,0.002927476911236071
YBX3:HepG2,12,0.0022334904547206547
YBX3:HepG2,13,0.004007362191188135
YBX3:HepG2,14,0.003688285417826398
YBX3:HepG2,15,0.002235874088506562
YBX3:HepG2,16,0.0032643804750434047
YBX3:HepG2,17,0.0033487224674837446
YBX3:HepG2,18,0.003415394739680666
YBX3:HepG2,19,0.003130563798527053
YBX3:HepG2,20,0.007976995688592114
YBX3:HepG2,21,0.0025410340448928093
YBX3:HepG2,22,0.004783306751889982
YBX3:HepG2,23,0.003145091711453496
YBX3:HepG2,24,0.0007619324219790835
YBX3:HepG2,25,0.0016322731200788532
YBX3:HepG2,26,0.001918023234345756
YBX3:HepG2,27,0.0013149628708218897
YBX3:HepG2,28,0.004273172163614669
YBX3:HepG2,29,0.004429084680270146
YBX3:HepG2,30,0.0020727571575490655
YBX3:HepG2,31,0.0019111803314675324
YBX3:HepG2,32,0.003222133511451619
YBX3:HepG2,33,0.0024612020325118777
YBX3:HepG2,34,0.002299728262611822
YBX3:HepG2,35,0.0023744187331771194
YBX3:HepG2,36,0.001732935648111389
YBX3:HepG2,37,0.0028975465241325438
YBX3:HepG2,38,0.0014188806649703123
YBX3:HepG2,39,0.0033456753910213743
YBX3:HepG2,40,0.0010420066827320218
YBX3:HepG2,41,0.004137143920100117
YBX3:HepG2,42,0.0025659090612905056
YBX3:HepG2,43,0.0038809689639429656
YBX3:HepG2,44,0.0017744615948289688
YBX3:HepG2,45,0.004429124706958332
YBX3:HepG2,46,0.0008601556026927026
YBX3:HepG2,47,0.0019512935692984623
YBX3:HepG2,48,0.0011488473660281606
YBX3:HepG2,49,0.00025734682417655197
YBX3:HepG2,50,0.005125402744755814
YBX3:HepG2,51,0.005459596424156943
YBX3:HepG2,52,0.002336843390189136
YBX3:HepG2,53,0.0028484106431970746
YBX3:HepG2,54,0.0032141914382374237
YBX3:HepG2,55,0.0037235912365591872
YBX3:HepG2,56,0.0032366220274323565
YBX3:HepG2,57,0.0024737834922937685
YBX3:HepG2,58,0.000804954338245345
YBX3:HepG2,59,0.0010697901372384022
YBX3:HepG2,60,0.001749636089257045
YBX3:HepG2,61,0.007460354025144
YBX3:HepG2,62,0.0036790109221085388
YBX3:HepG2,63,0.0020801001419554765
YBX3:HepG2,64,0.0017749251349987727
YBX3:HepG2,65,0.003164938278827467
YBX3:HepG2,66,0.0018054712357599145
YBX3:HepG2,67,0.0018084176992892997
YBX3:HepG2,68,0.0012256454226404756
YBX3:HepG2,69,0.0038294608428958155
YBX3:HepG2,70,0.0004730661532467151
YBX3:HepG2,71,0.00044400883220652165
YBX3:HepG2,72,0.0016099066505985693
YBX3:HepG2,73,0.0004838862485442297
YBX3:HepG2,74,0.000356520378323566
YBX3:HepG2,75,0.0006667174202379389
YBX3:HepG2,76,0.0010769756004493924
YBX3:HepG2,77,0.0014282131273418708
YBX3:HepG2,78,0.0015527230011310733
YBX3:HepG2,79,0.0018020477833120552
YBX3:HepG2,80,0.002278972949963043
YBX3:HepG2,81,0.0004390348005507416
YBX3:HepG2,82,0.0009536655567118357
YBX3:HepG2,83,0.0026671665556599056
YBX3:HepG2,84,0.0013310422995023163
YBX3:HepG2,85,0.001348834144804023
YBX3:HepG2,86,0.00029302511736761794
YBX3:HepG2,87,0.0016053657232517615
YBX3:HepG2,88,0.0004157059923345363
YBX3:HepG2,89,0.0009701607909138321
YBX3:HepG2,90,0.0008343872833533883
YBX3:HepG2,91,6.200068700545902e-05
YBX3:HepG2,92,0.001764008459190225
YBX3:HepG2,93,0.000253729164108929
YBX3:HepG2,94,0.0003598426276083533
YBX3:HepG2,95,0.0007609552728623514
YBX3:HepG2,96,0.0027208255440669404
YBX3:HepG2,97,0.0012016014095979077
YBX3:HepG2,98,0.002414722514241352
YBX3:HepG2,99,0.0006432201653179259
YBX3:HepG2,100,3.319398576318022e-05
YBX3:K562,0,0.0005492731556381303
YBX3:K562,1,0.0008476074976728754
YBX3:K562,2,0.0005356328000852839
YBX3:K562,3,0.0005003502220679579
YBX3:K562,4,0.0001986276870875603
YBX3:K562,5,0.0004565503223949996
YBX3:K562,6,0.00024968466555197466
YBX3:K562,7,0.0007468785065127825
YBX3:K562,8,0.0004919909182059534
YBX3:K562,9,0.0006514593555473347
YBX3:K562,10,0.0003466873916591062
YBX3:K562,11,0.0011459273400948877
YBX3:K562,12,0.0012146490041647917
YBX3:K562,13,0.0011609517048392082
YBX3:K562,14,0.0015657975024538917
YBX3:K562,15,0.0016342687706989434
YBX3:K562,16,0.002243558173564475
YBX3:K562,17,0.0012347575728615112
YBX3:K562,18,0.0018126515291505552
YBX3:K562,19,0.0013961361013328233
YBX3:K562,20,0.0017338608285895063
YBX3:K562,21,0.001518734803156896
YBX3:K562,22,0.0013352481866953925
YBX3:K562,23,0.0017132376516902914
YBX3:K562,24,0.0014914724421115633
YBX3:K562,25,0.0014016143131250214
YBX3:K562,26,0.0014252150641325123
YBX3:K562,27,0.0019861867974924063
YBX3:K562,28,0.0024250045135386644
YBX3:K562,29,0.0019241170972618127
YBX3:K562,30,0.0021512091832287528
YBX3:K562,31,0.0025029644012524166
YBX3:K562,32,0.0015278005744810974
YBX3:K562,33,0.0014639637155673402
YBX3:K562,34,0.0016882037658039195
YBX3:K562,35,0.0015301483696830154
YBX3:K562,36,0.0007389838753282252
YBX3:K562,37,0.0016692203699403274
YBX3:K562,38,0.0010640907417369672
YBX3:K562,39,0.0012964632903647022
YBX3:K562,40,0.0010756811100381958
YBX3:K562,41,0.0008049835898640278
YBX3:K562,42,0.0013669025947858904
YBX3:K562,43,0.0019498925700559555
YBX3:K562,44,0.0019463240295470863
YBX3:K562,45,0.0009890667278592558
YBX3:K562,46,0.0012884671304125295
YBX3:K562,47,0.0008130091072980905
YBX3:K562,48,0.001288758714355076
YBX3:K562,49,0.0022800318865544567
YBX3:K562,50,0.0026523386762820067
YBX3:K562,51,0.0023097699941400096
YBX3:K562,52,0.002695333518422438
YBX3:K562,53,0.0013942827460911023
YBX3:K562,54,0.001224514037450386
YBX3:K562,55,0.0014414640211166674
YBX3:K562,56,0.0010643650809288863
YBX3:K562,57,0.000906710401854971
YBX3:K562,58,0.0006149816495963911
YBX3:K562,59,0.0007885729728327462
YBX3:K562,60,0.0010648937997623786
YBX3:K562,61,0.0007329473747211823
YBX3:K562,62,0.0003384950680166421
YBX3:K562,63,0.0003225958721915223
YBX3:K562,64,0.000621342727806562
YBX3:K562,65,0.00031866428425741944
YBX3:K562,66,0.00038171667153374944
YBX3:K562,67,0.00020937342045801444
YBX3:K562,68,0.00020225325344613854
YBX3:K562,69,0.0003961705847935759
YBX3:K562,70,1.990759359460359e-05
YBX3:K562,71,0.00025961723343814747
YBX3:K562,72,8.503396371706273e-05
YBX3:K562,73,0.000292195438583831
YBX3:K562,74,0.0005741531821428225
YBX3:K562,75,0.0003336145539973856
YBX3:K562,76,0.00015270212785023496
YBX3:K562,77,4.605428954351787e-05
YBX3:K562,78,0.0005796138576761312
YBX3:K562,79,0.0003208183914951146
YBX3:K562,80,0.0002283651134495912
YBX3:K562,81,0.0001752630616230766
YBX3:K562,82,0.0001328759017064085
YBX3:K562,83,0.0001716338927842953
YBX3:K562,84,9.901785571608812e-05
YBX3:K562,85,8.727637294791979e-05
YBX3:K562,86,0.00019697996513767801
YBX3:K562,87,7.067879187439008e-05
YBX3:K562,88,0.0001334268698799379
YBX3:K562,89,6.265589277232309e-05
YBX3:K562,90,0.0003392675024681546
YBX3:K562,91,0.0002312016372021386
YBX3:K562,92,0.0002797115931506555
YBX3:K562,93,0.00027193071071485164
YBX3:K562,94,3.4425290716066925e-05
YBX3:K562,95,0.00013314369048456065
YBX3:K562,96,0.00019932954443047102
YBX3:K562,97,0.0001806390642282718
YBX3:K562,98,3.6912510373854346e-06
YBX3:K562,99,0.00019343163904950167
YBX3:K562,100,7.81398718057158e-05
YWHAG:K562,0,0.0018776298457408025
YWHAG:K562,1,0.0008540243563298633
YWHAG:K562,2,0.005553390779707623
YWHAG:K562,3,0.005483234453860453
YWHAG:K562,4,0.0038068609422625688
YWHAG:K562,5,0.0015530580558329454
YWHAG:K562,6,0.0009563303398537615
YWHAG:K562,7,0.006011219904502374
YWHAG:K562,8,0.006006419506931593
YWHAG:K562,9,0.003136045205881288
YWHAG:K562,10,0.003326366381276591
YWHAG:K562,11,0.001304142647543638
YWHAG:K562,12,0.005813464171442906
YWHAG:K562,13,0.001623152283857232
YWHAG:K562,14,0.0036715253771241185
YWHAG:K562,15,0.006033253858524046
YWHAG:K562,16,0.009072831992535058
YWHAG:K562,17,0.012474532615344813
YWHAG:K562,18,0.00783274199223416
YWHAG:K562,19,0.0037011845373129404
YWHAG:K562,20,0.005469139323317163
YWHAG:K562,21,0.010912203109946006
YWHAG:K562,22,0.008733402994144823
YWHAG:K562,23,0.006709447860122619
YWHAG:K562,24,0.010750194769676202
YWHAG:K562,25,0.0043334392186028525
YWHAG:K562,26,0.0081513781342476
YWHAG:K562,27,0.005839971942563804
YWHAG:K562,28,0.004965143766129998
YWHAG:K562,29,0.004535051292865688
YWHAG:K562,30,0.009424801527850968
YWHAG:K562,31,0.00991704975748886
YWHAG:K562,32,0.012230634334904456
YWHAG:K562,33,0.007985959360564454
YWHAG:K562,34,0.004579131167163464
YWHAG:K562,35,0.0063559792205512
YWHAG:K562,36,0.006105425427384681
YWHAG:K562,37,0.0073186517804633144
YWHAG:K562,38,0.006498768869211635
YWHAG:K562,39,0.0057726648844691475
YWHAG:K562,40,0.0087304547383813
YWHAG:K562,41,0.0039236383862252255
YWHAG:K562,42,0.007778359142930458
YWHAG:K562,43,0.004053637878029148
YWHAG:K562,44,0.004067070220437952
YWHAG:K562,45,0.008428312172455987
YWHAG:K562,46,0.007103129610263714
YWHAG:K562,47,0.001215514945357099
YWHAG:K562,48,0.0009888270753233286
YWHAG:K562,49,0.001316604522673348
YWHAG:K562,50,0.00619662620998418
YWHAG:K562,51,0.004157068721046375
YWHAG:K562,52,0.0005719947508251444
YWHAG:K562,53,0.00799512603786856
YWHAG:K562,54,0.007706038438180851
YWHAG:K562,55,0.0009561781137656933
YWHAG:K562,56,0.001827865716118593
YWHAG:K562,57,0.009506379231969286
YWHAG:K562,58,0.004641275687704338
YWHAG:K562,59,0.0023897555983818375
YWHAG:K562,60,0.0009236832941640349
YWHAG:K562,61,0.002178932766503272
YWHAG:K562,62,0.0034182451842621475
YWHAG:K562,63,0.0020913171248835294
YWHAG:K562,64,0.005257244493339752
YWHAG:K562,65,0.00468017750511962
YWHAG:K562,66,0.002161553521201731
YWHAG:K562,67,0.0007426893852924277
YWHAG:K562,68,0.0023997039857540647
YWHAG:K562,69,0.0029007114434886905
YWHAG:K562,70,0.0009400848168421572
YWHAG:K562,71,0.0032532526259846373
YWHAG:K562,72,0.0012665063737686832
YWHAG:K562,73,0.002286659195326335
YWHAG:K562,74,0.002483285116416045
YWHAG:K562,75,0.0007672810904764127
YWHAG:K562,76,0.003990094039689751
YWHAG:K562,77,0.0035211717045733337
YWHAG:K562,78,0.0020446227292233443
YWHAG:K562,79,0.0009067673945690746
YWHAG:K562,80,0.0023558679579532837
YWHAG:K562,81,0.002057402925075169
YWHAG:K562,82,0.001047193109288025
YWHAG:K562,83,0.0013936859716330297
YWHAG:K562,84,0.0015369556981845722
YWHAG:K562,85,4.406459191030887e-05
YWHAG:K562,86,0.003445511877606222
YWHAG:K562,87,0.002327981796992784
YWHAG:K562,88,0.005316178974286823
YWHAG:K562,89,0.0011817219825823733
YWHAG:K562,90,0.001109244993837244
YWHAG:K562,91,0.004905769363497736
YWHAG:K562,92,0.0050080064951534276
YWHAG:K562,93,0.0003224773150191096
YWHAG:K562,94,0.0008784215979027454
YWHAG:K562,95,0.0023878578772557058
YWHAG:K562,96,0.00203390084422983
YWHAG:K562,97,0.0009976397539690485
YWHAG:K562,98,0.003736528996324928
YWHAG:K562,99,0.006451086889380675
YWHAG:K562,100,0.0030741609210764853
ZNF622:K562,0,0.0009925820325600299
ZNF622:K562,1,0.0007185046326472211
ZNF622:K562,2,0.0015333646991728678
ZNF622:K562,3,0.0009999867013887886
ZNF622:K562,4,0.0012867152251510028
ZNF622:K562,5,0.0012443381504426698
ZNF622:K562,6,0.0007955422947099056
ZNF622:K562,7,0.0013082531492747407
ZNF622:K562,8,0.0012435203347718193
ZNF622:K562,9,0.0013001800115364226
ZNF622:K562,10,0.0022882344609871375
ZNF622:K562,11,0.0012218103920870194
ZNF622:K562,12,0.0016709482616001914
ZNF622:K562,13,0.0021606418503008484
ZNF622:K562,14,0.001992380838973018
ZNF622:K562,15,0.0013440975641709763
ZNF622:K562,16,0.0016431860626413552
ZNF622:K562,17,0.0019781336355140233
ZNF622:K562,18,0.0015489286276334502
ZNF622:K562,19,0.0017836362930334637
ZNF622:K562,20,0.0018912733416867056
ZNF622:K562,21,0.0019983098078572015
ZNF622:K562,22,0.0016586300420664557
ZNF622:K562,23,0.0019230932235343445
ZNF622:K562,24,0.00316612637552649
ZNF622:K562,25,0.002346574758085862
ZNF622:K562,26,0.002450834925865064
ZNF622:K562,27,0.0026704638911665413
ZNF622:K562,28,0.002505136472519487
ZNF622:K562,29,0.00278134952783915
ZNF622:K562,30,0.0025821354634876226
ZNF622:K562,31,0.004268486313190323
ZNF622:K562,32,0.0030943364116529093
ZNF622:K562,33,0.0031765469827857995
ZNF622:K562,34,0.00332610252828891
ZNF622:K562,35,0.0030436910856006527
ZNF622:K562,36,0.003453001668374256
ZNF622:K562,37,0.004000860892343638
ZNF622:K562,38,0.0033927329781091586
ZNF622:K562,39,0.004118071312801841
ZNF622:K562,40,0.005435459470655157
ZNF622:K562,41,0.004609217182278913
ZNF622:K562,42,0.006018150294838098
ZNF622:K562,43,0.0043152045927543625
ZNF622:K562,44,0.00485071558589012
ZNF622:K562,45,0.00562399275678771
ZNF622:K562,46,0.005553177310979152
ZNF622:K562,47,0.007135128829046433
ZNF622:K562,48,0.006813529944196928
ZNF622:K562,49,0.0073159594443237275
ZNF622:K562,50,0.008173693790520353
ZNF622:K562,51,0.008441135281020529
ZNF622:K562,52,0.0069692890200980795
ZNF622:K562,53,0.006924176348902522
ZNF622:K562,54,0.008367716561167082
ZNF622:K562,55,0.008577954036734559
ZNF622:K562,56,0.007590508955270581
ZNF622:K562,57,0.0088502813370126
ZNF622:K562,58,0.007260156839385412
ZNF622:K562,59,0.009046118339231302
ZNF622:K562,60,0.008791886361974699
ZNF622:K562,61,0.0074071287748225245
ZNF622:K562,62,0.0066875947835671745
ZNF622:K562,63,0.006380040431702261
ZNF622:K562,64,0.007556362235251579
ZNF622:K562,65,0.007316608411059855
ZNF622:K562,66,0.004886620447069445
ZNF622:K562,67,0.0055674014569842
ZNF622:K562,68,0.007834549907654975
ZNF622:K562,69,0.0054405559472859855
ZNF622:K562,70,0.004629435653802028
ZNF622:K562,71,0.00487606541535035
ZNF622:K562,72,0.005515064450731577
ZNF622:K562,73,0.005256176441610805
ZNF622:K562,74,0.004731217235566243
ZNF622:K562,75,0.00511499002696314
ZNF622:K562,76,0.004280053809053497
ZNF622:K562,77,0.003544794709287924
ZNF622:K562,78,0.0038884887471750673
ZNF622:K562,79,0.003797347266845108
ZNF622:K562,80,0.004106663425882062
ZNF622:K562,81,0.003819969688645619
ZNF622:K562,82,0.004472380817777455
ZNF622:K562,83,0.004067984069795916
ZNF622:K562,84,0.0036118309249815184
ZNF622:K562,85,0.0025318559528991758
ZNF622:K562,86,0.0035889217249032157
ZNF622:K562,87,0.0035339175418218627
ZNF622:K562,88,0.00340656353171942
ZNF622:K562,89,0.0025192551227670723
ZNF622:K562,90,0.002508051489089169
ZNF622:K562,91,0.002442036708178774
ZNF622:K562,92,0.0020963083796172732
ZNF622:K562,93,0.0029358049257768304
ZNF622:K562,94,0.0030182317533253844
ZNF622:K562,95,0.002680948929343341
ZNF622:K562,96,0.0023168993518782877
ZNF622:K562,97,0.0018140171340293998
ZNF622:K562,98,0.002585898252827734
ZNF622:K562,99,0.002571151064494792
ZNF622:K562,100,0.0013727477120568654
ZNF800:HepG2,0,0.001986879149114329
ZNF800:HepG2,1,0.002236674518106385
ZNF800:HepG2,2,0.0012018176571134687
ZNF800:HepG2,3,0.0010449787734045923
ZNF800:HepG2,4,0.002492436333352943
ZNF800:HepG2,5,0.001427924026066174
ZNF800:HepG2,6,0.0024995370845160014
ZNF800:HepG2,7,0.002900068288088864
ZNF800:HepG2,8,0.0018407072368131772
ZNF800:HepG2,9,0.001773528818643344
ZNF800:HepG2,10,0.002569023368782619
ZNF800:HepG2,11,0.001420846178830426
ZNF800:HepG2,12,0.002299895265344687
ZNF800:HepG2,13,0.0025978404722722948
ZNF800:HepG2,14,0.0010016869267870376
ZNF800:HepG2,15,0.0024740967886174303
ZNF800:HepG2,16,0.0008807477719825485
ZNF800:HepG2,17,0.0018662240260116647
ZNF800:HepG2,18,0.002013691264833861
ZNF800:HepG2,19,0.0014593612018151125
ZNF800:HepG2,20,0.0010018473952109197
ZNF800:HepG2,21,0.0017193481030661761
ZNF800:HepG2,22,0.0014958015567559935
ZNF800:HepG2,23,0.0014386647154617238
ZNF800:HepG2,24,0.0008444329938019912
ZNF800:HepG2,25,0.0015581704804263907
ZNF800:HepG2,26,0.0014189646253975896
ZNF800:HepG2,27,0.00200785467779685
ZNF800:HepG2,28,0.0027702819518224953
ZNF800:HepG2,29,0.0020246763457900663
ZNF800:HepG2,30,0.0008929429090986929
ZNF800:HepG2,31,0.0008382541363201046
ZNF800:HepG2,32,0.0006368894272731351
ZNF800:HepG2,33,0.0004801903047895184
ZNF800:HepG2,34,0.0021438238526005904
ZNF800:HepG2,35,0.0013195882328700392
ZNF800:HepG2,36,0.0013097286398345842
ZNF800:HepG2,37,0.0007683979492276727
ZNF800:HepG2,38,0.0010527880313891957
ZNF800:HepG2,39,0.0018555338916925734
ZNF800:HepG2,40,0.0014403682701225051
ZNF800:HepG2,41,0.0021441500135701563
ZNF800:HepG2,42,0.0009330173172754641
ZNF800:HepG2,43,0.0011319766826775046
ZNF800:HepG2,44,0.0025274315061042385
ZNF800:HepG2,45,0.004272949562349582
ZNF800:HepG2,46,0.004551733411218395
ZNF800:HepG2,47,0.0009532121899409329
ZNF800:HepG2,48,0.002301810781582758
ZNF800:HepG2,49,0.005904454001762316
ZNF800:HepG2,50,0.0020426754743788633
ZNF800:HepG2,51,0.0030814811923555174
ZNF800:HepG2,52,0.004963088794486703
ZNF800:HepG2,53,0.004421000981696066
ZNF800:HepG2,54,0.004745738519426723
ZNF800:HepG2,55,0.00453719154045551
ZNF800:HepG2,56,0.0061667418614796965
ZNF800:HepG2,57,0.003785952147989713
ZNF800:HepG2,58,0.004914961079437785
ZNF800:HepG2,59,0.004609733869868071
ZNF800:HepG2,60,0.008956197065856042
ZNF800:HepG2,61,0.005404364887190982
ZNF800:HepG2,62,0.004946384836368001
ZNF800:HepG2,63,0.0032637195059268542
ZNF800:HepG2,64,0.0039081790610722145
ZNF800:HepG2,65,0.006997573101096721
ZNF800:HepG2,66,0.003036854494145924
ZNF800:HepG2,67,0.002757246757822518
ZNF800:HepG2,68,0.0034084100015590035
ZNF800:HepG2,69,0.003616857829649156
ZNF800:HepG2,70,0.003103874857865785
ZNF800:HepG2,71,0.0039644487262830985
ZNF800:HepG2,72,0.002463526650546388
ZNF800:HepG2,73,0.002065766910064215
ZNF800:HepG2,74,0.002617183004848589
ZNF800:HepG2,75,0.0036066574395497986
ZNF800:HepG2,76,0.0036327878151326543
ZNF800:HepG2,77,0.0014273632001098324
ZNF800:HepG2,78,0.002486492987003097
ZNF800:HepG2,79,0.003454833893188791
ZNF800:HepG2,80,0.0024044711794328766
ZNF800:HepG2,81,0.0013845672946000143
ZNF800:HepG2,82,0.0018528303899045806
ZNF800:HepG2,83,0.0005240805191686349
ZNF800:HepG2,84,0.0008280759558578765
ZNF800:HepG2,85,0.002932379084804926
ZNF800:HepG2,86,0.0022953929405863382
ZNF800:HepG2,87,0.0020712563198089784
ZNF800:HepG2,88,0.0016998433384391998
ZNF800:HepG2,89,0.0020947514527797084
ZNF800:HepG2,90,0.0009244240702082074
ZNF800:HepG2,91,0.002153365871500279
ZNF800:HepG2,92,0.0030117869962374977
ZNF800:HepG2,93,0.0014278905766613725
ZNF800:HepG2,94,0.0005623672903360966
ZNF800:HepG2,95,0.0030752148984876104
ZNF800:HepG2,96,0.0016942918884955693
ZNF800:HepG2,97,0.0008231005003114245
ZNF800:HepG2,98,0.0017180576832943606
ZNF800:HepG2,99,0.0013191351449840516
ZNF800:HepG2,100,0.000782453767157909
ZNF800:K562,0,0.0011205724269305328
ZNF800:K562,1,0.0010192109079348866
ZNF800:K562,2,0.0007741653559704131
ZNF800:K562,3,0.0008330987750535535
ZNF800:K562,4,0.0026779809082414507
ZNF800:K562,5,0.0009963157264663014
ZNF800:K562,6,0.0015780397535333224
ZNF800:K562,7,0.003182050773349321
ZNF800:K562,8,0.003020183404459864
ZNF800:K562,9,0.0023906932893072996
ZNF800:K562,10,0.001513102897192864
ZNF800:K562,11,0.0005382482954321421
ZNF800:K562,12,0.0009464513417511977
ZNF800:K562,13,0.0020210594429500572
ZNF800:K562,14,0.002470935151387854
ZNF800:K562,15,0.004106113633495001
ZNF800:K562,16,0.003371838279062178
ZNF800:K562,17,0.004276152533985611
ZNF800:K562,18,0.0015402840412135355
ZNF800:K562,19,0.001282869714041679
ZNF800:K562,20,0.0037839929872102163
ZNF800:K562,21,0.0023020825692665614
ZNF800:K562,22,0.004586398210175258
ZNF800:K562,23,0.0021048948998330097
ZNF800:K562,24,0.004674863831266807
ZNF800:K562,25,0.003740002267773046
ZNF800:K562,26,0.0044913297307830335
ZNF800:K562,27,0.006088740796581726
ZNF800:K562,28,0.0038753214724128737
ZNF800:K562,29,0.0038595870588203907
ZNF800:K562,30,0.0015431422433627162
ZNF800:K562,31,0.005109088875654089
ZNF800:K562,32,0.0024045974230255673
ZNF800:K562,33,0.004261511280111097
ZNF800:K562,34,0.003491788922197925
ZNF800:K562,35,0.004772406152315778
ZNF800:K562,36,0.0027429653790822517
ZNF800:K562,37,0.005597009709071399
ZNF800:K562,38,0.00466758656190569
ZNF800:K562,39,0.004203409869534713
ZNF800:K562,40,0.00731757309326575
ZNF800:K562,41,0.008223261708533713
ZNF800:K562,42,0.009278744250216242
ZNF800:K562,43,0.006697684667853698
ZNF800:K562,44,0.004942564704662256
ZNF800:K562,45,0.005952900674817352
ZNF800:K562,46,0.007965999995851791
ZNF800:K562,47,0.006434533243601881
ZNF800:K562,48,0.011613977616534044
ZNF800:K562,49,0.010204794284017327
ZNF800:K562,50,0.011895673563390052
ZNF800:K562,51,0.008846241595435456
ZNF800:K562,52,0.00945120437013236
ZNF800:K562,53,0.007944389515103456
ZNF800:K562,54,0.006721181388199993
ZNF800:K562,55,0.009703737498143128
ZNF800:K562,56,0.010149002396339868
ZNF800:K562,57,0.011612133670449332
ZNF800:K562,58,0.007951148168468092
ZNF800:K562,59,0.007622967321479379
ZNF800:K562,60,0.0072108803549479905
ZNF800:K562,61,0.014402338157382122
ZNF800:K562,62,0.011043342623221153
ZNF800:K562,63,0.009638155400713888
ZNF800:K562,64,0.005536966472111882
ZNF800:K562,65,0.008091079663910539
ZNF800:K562,66,0.008422788606047615
ZNF800:K562,67,0.005274773236706776
ZNF800:K562,68,0.008945577685056327
ZNF800:K562,69,0.00951955211036537
ZNF800:K562,70,0.007266299425224498
ZNF800:K562,71,0.007834560255198686
ZNF800:K562,72,0.00765014747597792
ZNF800:K562,73,0.008150428127687293
ZNF800:K562,74,0.00673927490037407
ZNF800:K562,75,0.007039630172791078
ZNF800:K562,76,0.009093761319260318
ZNF800:K562,77,0.0053650168526298
ZNF800:K562,78,0.003569139540818278
ZNF800:K562,79,0.0029357698308520863
ZNF800:K562,80,0.004155398719563941
ZNF800:K562,81,0.0036193316404745657
ZNF800:K562,82,0.003439637782466365
ZNF800:K562,83,0.0042530230517344725
ZNF800:K562,84,0.0023394212947889237
ZNF800:K562,85,0.005342575804937466
ZNF800:K562,86,0.0040057516938210025
ZNF800:K562,87,0.0049119023973612785
ZNF800:K562,88,0.003741122824045595
ZNF800:K562,89,0.004621574426022401
ZNF800:K562,90,0.0021459162244752417
ZNF800:K562,91,0.0047981168851610745
ZNF800:K562,92,0.003439406440277959
ZNF800:K562,93,0.0032963274151101007
ZNF800:K562,94,0.0025424465248208294
ZNF800:K562,95,0.0024613812628808684
ZNF800:K562,96,0.0031233234609199245
ZNF800:K562,97,0.0025534643695341863
ZNF800:K562,98,0.0006152629812099519
ZNF800:K562,99,0.004051684167582281
ZNF800:K562,100,0.002686377742576962
