arm,dataset,rows,n_pos,n_neg,pos_mismatch,neg_mismatch,auroc_stored,tv_stored,agree_published,none_published,auroc_published,tv_published,agree_reversed,none_reversed,auroc_reversed,tv_reversed,agree_coding_first,none_coding_first,auroc_coding_first,tv_coding_first,agree_majority,none_majority,auroc_majority,tv_majority
gc,HepG2:AGGF1,7516,3758,3758,0,294,0.5,0.0,7222,0,0.5294686219867724,0.05561468866418312,6331,0,0.5358888442636903,0.05295369877594466,7038,0,0.529497264094537,0.05561468866418313,7189,0,0.5292111616559146,0.05614688664183076
gc,HepG2:AKAP1,11850,5925,5925,0,64,0.5,0.0,11786,0,0.5052057469422636,0.0070886075949367295,4744,0,0.582384361480532,0.13029535864978906,10689,0,0.5726167814986916,0.14362869198312236,11736,0,0.51014847335719,0.013164556962025342
gc,HepG2:AQR,21858,10929,10929,0,1633,0.5,0.0,20225,0,0.5597227301002826,0.09781315765394824,12242,0,0.551637930919726,0.09342117302589445,19279,0,0.5716797640810235,0.12343306798426205,18583,0,0.6285163612001472,0.22609570866501966
gc,HepG2:BCCIP,1076,538,538,0,48,0.5,0.0,1028,0,0.5348564834648499,0.06691449814126399,949,0,0.525383148381034,0.05018587360594795,1017,0,0.534891032462238,0.06691449814126399,1028,0,0.5355111869653543,0.06877323420074352
gc,HepG2:BCLAF1,64768,32384,32384,0,4427,0.5,0.0,60341,0,0.5682130065754913,0.13451086956521735,21237,0,0.70676068486829,0.31456892292490113,52409,0,0.6696681636917636,0.33213932806324115,52177,0,0.6876429824031703,0.25515686758893286
gc,HepG2:BUD13,8512,4256,4256,0,621,0.5,0.0,7891,0,0.5634020326014755,0.11066729323308272,3786,0,0.5755825643320002,0.08952067669172929,7247,0,0.6128354783958251,0.19619360902255642,7001,0,0.6563441008978037,0.25493421052631576
gc,HepG2:CDC40,2316,1158,1158,0,133,0.5,0.0,2183,0,0.538627808054504,0.06649395509499136,1747,0,0.5404280055243839,0.045768566493955054,2133,0,0.5416267699953168,0.06649395509499136,2153,0,0.5483454440238515,0.08635578583765113
gc,HepG2:CSTF2,6066,3033,3033,0,196,0.5,0.0,5870,0,0.5228377505642136,0.041213320145070856,5091,0,0.5132489749800225,0.021760633036597418,5821,0,0.5238460025769943,0.041213320145070856,5858,0,0.5255130154735974,0.04451038575667661
gc,HepG2:CSTF2T,39066,19533,19533,0,2749,0.5,0.0,36317,0,0.5596580044201038,0.11314186248912096,34130,0,0.5257072826613649,0.05083704500076797,36075,0,0.5603809047227262,0.11314186248912096,36257,0,0.5612766042868134,0.11918292121025954
gc,HepG2:DDX3X,16726,8363,8363,0,508,0.5,0.0,16218,0,0.5442012040388637,0.05739567140978118,5645,0,0.5663593984704182,0.10618199210809517,15652,0,0.521300577930133,0.03503527442305395,13976,0,0.6539089012432969,0.26318306827693416
gc,HepG2:DDX55,3370,1685,1685,0,45,0.5,0.0,3325,0,0.5125731493629424,0.019584569732937714,1292,0,0.6298769910803124,0.2047477744807122,3088,0,0.5217314584085445,0.04094955489614245,3201,0,0.5460646831441679,0.07002967359050447
gc,HepG2:DDX59,6104,3052,3052,0,347,0.5,0.0,5757,0,0.5411028090640346,0.07044560943643516,4596,0,0.5291872935522159,0.055701179554390565,5657,0,0.5383830769072211,0.07044560943643517,5694,0,0.5468760467321345,0.08289646133682835
gc,HepG2:DDX6,980,490,490,0,44,0.5,0.0,936,0,0.5318513119533528,0.05714285714285714,630,0,0.5646043315285298,0.10816326530612248,913,0,0.5535485214493961,0.08775510204081635,936,0,0.5311724281549355,0.055102040816326525
gc,HepG2:DGCR8,3350,1675,1675,0,253,0.5,0.0,3097,0,0.57012911561595,0.11761194029850748,2172,0,0.556040810871018,0.11044776119402987,3086,0,0.5702404989975496,0.11761194029850748,2899,0,0.6030558253508577,0.1826865671641791
gc,HepG2:DKC1,5292,2646,2646,0,418,0.5,0.0,4874,0,0.5829406928640273,0.1417233560090703,2227,0,0.605128164476507,0.20975056689342406,4850,0,0.5838308112360591,0.14172335600907032,4352,0,0.646033045787392,0.2312925170068027
gc,HepG2:DROSHA,4304,2152,2152,0,273,0.5,0.0,4031,0,0.5451395606749492,0.08596654275092935,3378,0,0.5288399915009466,0.0571561338289963,3995,0,0.5455615982711682,0.08596654275092935,3999,0,0.5534476228562346,0.09154275092936803
gc,HepG2:EFTUD2,14248,7124,7124,0,1246,0.5,0.0,13002,0,0.5725093345252353,0.12619314991577768,8982,0,0.5780036486104337,0.15328467153284667,12768,0,0.5725747711746771,0.12619314991577768,12576,0,0.5873455726599413,0.1687254351487928
gc,HepG2:EIF3D,1628,814,814,0,94,0.5,0.0,1534,0,0.5569924961816854,0.09336609336609338,897,0,0.600787659448593,0.1523341523341523,1471,0,0.5739507935453881,0.12039312039312039,1440,0,0.6070343014446209,0.1511056511056511
gc,HepG2:EIF3H,5654,2827,2827,0,384,0.5,0.0,5270,0,0.5695024943289662,0.132295719844358,2319,0,0.6422991245292595,0.25857799787760877,5020,0,0.5662727984695559,0.12168376370711001,5041,0,0.605727540872798,0.16342412451361865
gc,HepG2:EXOSC5,1426,713,713,0,57,0.5,0.0,1369,0,0.5315912260582373,0.05890603085554,1244,0,0.5119204750879774,0.01963534361851331,1351,0,0.5318331762951715,0.05890603085554,1359,0,0.5361686098090167,0.06872370266479665
gc,HepG2:FAM120A,15510,7755,7755,0,914,0.5,0.0,14596,0,0.551710894699495,0.09451966473243067,12699,0,0.5339500191428255,0.048484848484848526,14365,0,0.5562748934673705,0.09451966473243069,14520,0,0.5590344367166459,0.10689877498388135
gc,HepG2:FASTKD2,1646,823,823,0,131,0.5,0.0,1515,0,0.5612021632028157,0.10328068043742406,990,0,0.5505655301928604,0.0643985419198056,1466,0,0.5591322680706127,0.10449574726609964,1451,0,0.5885027807756644,0.1470230862697448
gc,HepG2:FKBP4,2740,1370,1370,0,238,0.5,0.0,2502,0,0.5708468751664979,0.12043795620437953,2190,0,0.5503721562150354,0.09708029197080291,2484,0,0.5717049389951515,0.12043795620437953,2495,0,0.5731914326815494,0.13138686131386865
gc,HepG2:FTO,1058,529,529,0,48,0.5,0.0,1010,0,0.5398333339289096,0.0661625708884688,499,0,0.58022234054338,0.1342155009451796,929,0,0.5559085337745362,0.09451795841209826,942,0,0.599915666396275,0.15311909262759923
gc,HepG2:FUBP3,5518,2759,2759,0,41,0.5,0.0,5477,0,0.5082203539347518,0.01159840521928232,2963,0,0.5878926537959857,0.14534251540413193,5411,0,0.5190686357646483,0.029720913374411045,5456,0,0.511465918452523,0.01848495831823123
gc,HepG2:FUS,1736,868,868,0,114,0.5,0.0,1622,0,0.5463404404425662,0.08064516129032254,1445,0,0.5212237730680201,0.0414746543778802,1616,0,0.5465163042324109,0.08064516129032254,1620,0,0.5480758510480155,0.0864055299539171
gc,HepG2:FXR2,7740,3870,3870,0,657,0.5,0.0,7083,0,0.5858210310544906,0.16847545219638238,2730,0,0.6780036589681443,0.2757105943152455,6541,0,0.6257062542982861,0.24987080103359172,6455,0,0.6631467793735686,0.2369509043927648
gc,HepG2:G3BP1,12956,6478,6478,0,834,0.5,0.0,12122,0,0.563492762117604,0.12627354121642484,3877,0,0.6694598818372222,0.26258104353195433,10228,0,0.6600252013107084,0.31954306884841,10159,0,0.709660709756374,0.2922198209323865
gc,HepG2:GRSF1,1990,995,995,0,78,0.5,0.0,1912,0,0.5292068382111563,0.055276381909547714,947,0,0.5407807883639302,0.059296482412060314,1789,0,0.522942349940658,0.030150753768844227,1815,0,0.5700573217848034,0.10753768844221107
gc,HepG2:GRWD1,44144,22072,22072,0,2907,0.5,0.0,41237,0,0.5675261879767175,0.12771837622326931,13875,0,0.6870468746900487,0.27940376948169626,35823,0,0.6528549557850869,0.29353932584269665,35441,0,0.6865036756620825,0.25575389633925333
gc,HepG2:GTF2F1,8502,4251,4251,0,467,0.5,0.0,8035,0,0.5424734634235259,0.07386497294754173,6501,0,0.5352167265111656,0.06704304869442482,7928,0,0.5436987967628357,0.07386497294754173,7896,0,0.5571943690335693,0.10491649023759117
gc,HepG2:HLTF,7284,3642,3642,0,438,0.5,0.0,6846,0,0.5573549150930281,0.09198242723778143,4657,0,0.5382146209893063,0.05216913783635367,6615,0,0.5742165507000667,0.1161449752883031,6724,0,0.5573103589491204,0.10516199890170236
gc,HepG2:HNRNPC,6540,3270,3270,0,229,0.5,0.0,6311,0,0.5273132171814943,0.05290519877675839,5964,0,0.5139096035687233,0.027522935779816543,6301,0,0.5275642248594862,0.05290519877675839,6307,0,0.5288015412095877,0.05626911314984713
gc,HepG2:HNRNPK,11236,5618,5618,0,689,0.5,0.0,10547,0,0.5433441890297942,0.07796368814524739,8872,0,0.5337294868335657,0.06621573513705946,10411,0,0.5440890105432101,0.07796368814524739,10551,0,0.5437148888641896,0.08027767888928442
gc,HepG2:HNRNPL,17754,8877,8877,0,517,0.5,0.0,17237,0,0.5235169536720724,0.04596147347076711,16170,0,0.5193117664595898,0.025571702151627795,17175,0,0.5244485139292865,0.045961473470767115,17277,0,0.5223399400787773,0.04359580939506591
gc,HepG2:HNRNPM,26790,13395,13395,0,948,0.5,0.0,25842,0,0.5297531949448248,0.05830533781261668,24828,0,0.514345393874718,0.028518103770063464,25786,0,0.530026981871777,0.05830533781261668,25855,0,0.5299238976062698,0.05920119447555054
gc,HepG2:HNRNPUL1,926,463,463,0,76,0.5,0.0,850,0,0.5876199450480246,0.14038876889848814,766,0,0.5562418073508764,0.11015118790496764,846,0,0.5880747682733977,0.14038876889848814,858,0,0.569044498038429,0.12095032397408205
gc,HepG2:IGF2BP1,8872,4436,4436,0,392,0.5,0.0,8480,0,0.5422118583017381,0.07551848512173123,4039,0,0.5601441572396029,0.10933273219116324,7881,0,0.5398638160927764,0.0719116321009919,8070,0,0.5775596378836652,0.11880072137060416
gc,HepG2:IGF2BP3,4432,2216,2216,0,133,0.5,0.0,4299,0,0.5299324570892362,0.055956678700361015,1686,0,0.5866882143648425,0.1430505415162455,3947,0,0.5256668355510954,0.04106498194945846,4045,0,0.5787649348681724,0.11687725631768955
gc,HepG2:ILF3,7022,3511,3511,0,252,0.5,0.0,6770,0,0.5295513039906075,0.05724864710908573,6429,0,0.5115741542571051,0.022785531187695794,6731,0,0.5305428980538116,0.05724864710908573,6782,0,0.528615724628646,0.05582455140985475
gc,HepG2:KHSRP,10560,5280,5280,0,327,0.5,0.0,10233,0,0.5273708139634986,0.04526515151515151,8105,0,0.5378306861225896,0.07518939393939388,10198,0,0.52812525109045,0.045265151515151515,10138,0,0.5272782512626263,0.05189393939393938
gc,HepG2:LARP4,10842,5421,5421,0,290,0.5,0.0,10552,0,0.5266977087097083,0.04630142040213983,3749,0,0.6303505150415448,0.2263420033204206,9321,0,0.5481480551372618,0.08135030437188712,9429,0,0.6190149153505087,0.20236118797269873
gc,HepG2:LIN28B,7522,3761,3761,0,410,0.5,0.0,7112,0,0.5555132755668898,0.10582291943632015,2824,0,0.613393444990679,0.18718425950545065,6445,0,0.596387227793951,0.18080297793140124,6382,0,0.6360161924383679,0.19569263493751662
gc,HepG2:LSM11,4890,2445,2445,0,162,0.5,0.0,4728,0,0.5291719255105156,0.04826175869120654,1890,0,0.6733104997051702,0.28179959100204494,4021,0,0.5736416291333676,0.13333333333333333,4408,0,0.582575097962956,0.15092024539877297
gc,HepG2:MATR3,13968,6984,6984,0,369,0.5,0.0,13599,0,0.5217736269056814,0.04281214203894614,13260,0,0.5087514507058516,0.016752577319587653,13588,0,0.5218306218501068,0.04281214203894614,13631,0,0.5198979089333958,0.03923253150057272
gc,HepG2:NCBP2,6372,3186,3186,0,231,0.5,0.0,6141,0,0.5413913133770668,0.05084745762711864,2206,0,0.5775644109961623,0.1274325172630257,5893,0,0.5332485895409491,0.040803515379786534,5345,0,0.6590615959890433,0.27620841180163214
gc,HepG2:NKRF,7074,3537,3537,0,487,0.5,0.0,6587,0,0.5577159234871489,0.1048911506926774,5877,0,0.5317686472717151,0.062199604184336996,6534,0,0.558848104320504,0.1048911506926774,6521,0,0.564379955539281,0.12355103194797853
gc,HepG2:NOLC1,3246,1623,1623,0,286,0.5,0.0,2960,0,0.5824092138236205,0.13863216266173747,870,0,0.6198394232021287,0.2230437461491066,2855,0,0.5909680201690958,0.14602587800369682,2558,0,0.6700611473469978,0.23475046210720887
gc,HepG2:NSUN2,948,474,474,0,56,0.5,0.0,892,0,0.5570866492193203,0.08649789029535862,716,0,0.5240479623991883,0.04008438818565405,869,0,0.5573358970250494,0.08227848101265822,863,0,0.5583684950773559,0.10759493670886076
gc,HepG2:PABPN1,7890,3945,3945,0,317,0.5,0.0,7573,0,0.5402898858030492,0.07427122940430926,2153,0,0.7079369210034682,0.37186311787072246,6004,0,0.6324634189047438,0.26032953105196444,6571,0,0.6437655597160578,0.24765525982256015
gc,HepG2:PCBP1,1858,929,929,0,49,0.5,0.0,1809,0,0.5205077163193869,0.036598493003229295,746,0,0.5462347675255289,0.061356297093649106,1647,0,0.5069289871512477,0.009687836383207771,1737,0,0.5463842389874873,0.08180839612486548
gc,HepG2:PCBP2,17178,8589,8589,0,649,0.5,0.0,16529,0,0.5251833171501274,0.04540691582256374,12059,0,0.5092041822278456,0.016299918500407483,16034,0,0.531807349944838,0.0532075911049016,16417,0,0.5300884748341423,0.05390615904063334
gc,HepG2:PPIG,46252,23126,23126,0,3034,0.5,0.0,43218,0,0.5640980128496622,0.12436218974314621,13506,0,0.6980941967713522,0.3196834731471072,36178,0,0.669571560710817,0.33049381648361154,35110,0,0.7278165631086322,0.3450661593012194
gc,HepG2:PRPF4,17734,8867,8867,0,1195,0.5,0.0,16539,0,0.5486894287038605,0.08875606180218788,12192,0,0.5417196781494188,0.080974399458667,16089,0,0.548961019877864,0.0887560618021879,16058,0,0.5676156902279159,0.1316115935491147
gc,HepG2:PRPF8,39012,19506,19506,0,2760,0.5,0.0,36252,0,0.5558539123570483,0.08869065928432275,24699,0,0.5583006549583593,0.11176048395365525,35284,0,0.5597937675366753,0.09315082538706038,34420,0,0.6005470831370177,0.17410027683789603
gc,HepG2:PTBP1,16698,8349,8349,0,499,0.5,0.0,16199,0,0.5222874061801541,0.042280512636243814,14957,0,0.5124782727910981,0.024673613606419936,16138,0,0.5226401243133265,0.042280512636243814,16170,0,0.5245862320698388,0.04790992933285423
gc,HepG2:QKI,19976,9988,9988,0,522,0.5,0.0,19454,0,0.5196251671408975,0.037444933920704825,18061,0,0.5141485260887353,0.028133760512615104,19400,0,0.5197982222238975,0.037444933920704825,19420,0,0.52142419722249,0.04134961954345211
gc,HepG2:RBFOX2,14698,7349,7349,0,985,0.5,0.0,13713,0,0.5487253869121611,0.09239352292828952,11235,0,0.5506706984792807,0.1000136072935093,13569,0,0.5503190178026319,0.09239352292828953,13653,0,0.5518347988284137,0.0911688665124507
gc,HepG2:RBM15,2986,1493,1493,0,171,0.5,0.0,2815,0,0.5531197385073185,0.09444072337575349,1259,0,0.555021670676598,0.09912926992632282,2691,0,0.542121999112626,0.07032819825853985,2746,0,0.5723866994399854,0.11922304085733418
gc,HepG2:RBM22,3600,1800,1800,0,284,0.5,0.0,3316,0,0.565941049382716,0.1172222222222222,2619,0,0.5711398148148148,0.1416666666666667,3299,0,0.5667975308641976,0.1172222222222222,3292,0,0.5620149691358025,0.11166666666666668
gc,HepG2:RBM5,1272,636,636,0,98,0.5,0.0,1174,0,0.5695284996637792,0.11792452830188681,804,0,0.5591464439697797,0.11792452830188681,1162,0,0.5711972429888058,0.1179245283018868,1158,0,0.564025355009691,0.1242138364779874
gc,HepG2:RPS3,11294,5647,5647,0,689,0.5,0.0,10605,0,0.5648361300425491,0.11970958030812819,3534,0,0.6286083064959027,0.20347086948822385,9383,0,0.6258240207341751,0.2348149459890207,8967,0,0.6972822803277495,0.28121126261731894
gc,HepG2:SDAD1,1816,908,908,0,129,0.5,0.0,1687,0,0.5723645908129402,0.13656387665198236,668,0,0.6426763327446682,0.23348017621145373,1556,0,0.60504036561936,0.19823788546255514,1482,0,0.6736406926196898,0.23127753303964757
gc,HepG2:SF3A3,4704,2352,2352,0,419,0.5,0.0,4285,0,0.5947756866351983,0.15391156462585037,2508,0,0.5957588924175112,0.19090136054421766,4217,0,0.5950579583449026,0.15391156462585034,4193,0,0.5830507000844556,0.15858843537414968
gc,HepG2:SF3B4,11770,5885,5885,0,976,0.5,0.0,10794,0,0.5817084028414912,0.13423959218351741,7397,0,0.589692152550044,0.1789294817332201,10681,0,0.582175771964638,0.13423959218351744,10683,0,0.5783246290231417,0.1395072217502124
gc,HepG2:SFPQ,5070,2535,2535,0,222,0.5,0.0,4848,0,0.5328703087738135,0.060355029585798775,4651,0,0.5056544083034752,0.011045364891518741,4843,0,0.532958074141506,0.060355029585798775,4849,0,0.5347599873953993,0.06548323471400395
gc,HepG2:SLTM,2470,1235,1235,0,165,0.5,0.0,2305,0,0.5488947532331295,0.08502024291497975,1888,0,0.5554626366601648,0.10607287449392712,2291,0,0.5464770771525513,0.08502024291497977,2284,0,0.5581369961808913,0.10121457489878541
gc,HepG2:SND1,14180,7090,7090,0,1005,0.5,0.0,13175,0,0.5712410455139542,0.14047954866008458,4560,0,0.6386863438244135,0.18631875881523272,11359,0,0.6490542709989039,0.2976022566995769,11217,0,0.702560619955797,0.2699576868829337
gc,HepG2:SRSF1,3574,1787,1787,0,201,0.5,0.0,3373,0,0.5584764867448766,0.10296586457750422,1161,0,0.6448194680915359,0.2260772243984331,2951,0,0.6364079754015273,0.2417459429210968,2927,0,0.6645509804848735,0.2590934527140459
gc,HepG2:SRSF7,860,430,430,0,53,0.5,0.0,807,0,0.5419983775013522,0.07209302325581399,574,0,0.5543834505137912,0.06279069767441864,779,0,0.5476095186587344,0.08837209302325583,782,0,0.57,0.12325581395348839
gc,HepG2:SRSF9,1328,664,664,0,84,0.5,0.0,1244,0,0.5519578313253013,0.08283132530120482,699,0,0.563108987153433,0.08885542168674697,1141,0,0.5823266711424009,0.12951807228915663,1178,0,0.585841105385397,0.13855421686746988
gc,HepG2:STAU2,1684,842,842,0,67,0.5,0.0,1617,0,0.5365025586630634,0.06294536817102138,1331,0,0.5403342059681451,0.05581947743467932,1575,0,0.5432864010020255,0.07363420427553445,1623,0,0.5333493661173205,0.05700712589073633
gc,HepG2:SUB1,6592,3296,3296,0,139,0.5,0.0,6453,0,0.5201244226600057,0.03701456310679612,2254,0,0.650748608934631,0.27154126213592233,6080,0,0.5287766982927231,0.040048543689320364,5913,0,0.6094219456946932,0.15958737864077668
gc,HepG2:SUGP2,28822,14411,14411,0,748,0.5,0.0,28074,0,0.5214921233351684,0.042328776628964025,27363,0,0.5087795239414206,0.017486642148358912,28071,0,0.5214822474183349,0.04232877662896402,28128,0,0.5203011002845136,0.04003885920477413
gc,HepG2:TAF15,1536,768,768,0,83,0.5,0.0,1453,0,0.5449735853407118,0.08333333333333334,1359,0,0.5208680894639758,0.041666666666666644,1445,0,0.5454856024848092,0.08333333333333336,1464,0,0.537994384765625,0.07161458333333336
gc,HepG2:TARDBP,38874,19437,19437,0,1320,0.5,0.0,37554,0,0.5279542171234306,0.054175027010341124,35507,0,0.5123358228953924,0.021916962494212117,37401,0,0.5288175538539062,0.05417502701034113,37665,0,0.5255526110374907,0.04985337243401757
gc,HepG2:TIA1,3458,1729,1729,0,73,0.5,0.0,3385,0,0.5202203355075413,0.03412377096587625,1614,0,0.5486552502625074,0.0780798149219202,3292,0,0.531445343795044,0.03759398496240604,3340,0,0.5327021004930352,0.053209947946790036
gc,HepG2:TIAL1,4750,2375,2375,0,135,0.5,0.0,4615,0,0.5255086094182825,0.040842105263157895,2739,0,0.5209484764542937,0.03368421052631573,4530,0,0.5306216066481995,0.040842105263157895,4576,0,0.5307039556786703,0.050105263157894736
gc,HepG2:TRA2A,1840,920,920,0,138,0.5,0.0,1702,0,0.5769730623818525,0.14347826086956522,601,0,0.6860160680529301,0.26304347826086955,1500,0,0.6661637523629489,0.3130434782608696,1475,0,0.6848682655954631,0.266304347826087
gc,HepG2:U2AF1,2184,1092,1092,0,131,0.5,0.0,2053,0,0.55187032899945,0.0860805860805861,924,0,0.5618576325993908,0.11904761904761904,1880,0,0.5975572428182319,0.16025641025641027,1777,0,0.654610956808759,0.2912087912087912
gc,HepG2:U2AF2,21398,10699,10699,0,1004,0.5,0.0,20394,0,0.5476394832500836,0.074306009907468,11973,0,0.5675907928672947,0.08776521170202822,18967,0,0.6113423234726176,0.1609496214599495,17821,0,0.6403030993625929,0.24824749976633326
gc,HepG2:UCHL5,4462,2231,2231,0,298,0.5,0.0,4164,0,0.5688285418718875,0.13088301210219636,1387,0,0.6910192971737432,0.29269385925593905,3612,0,0.6492467594775625,0.2823845809054235,3631,0,0.6776981818276794,0.24518153294486775
gc,HepG2:UPF1,19460,9730,9730,0,129,0.5,0.0,19331,0,0.5058200657210248,0.007297019527235351,7547,0,0.5711711429564321,0.11438848920863309,17442,0,0.5777962014472992,0.15395683453237413,19238,0,0.5101857976252971,0.013669064748201475
gc,HepG2:XPO5,9114,4557,4557,0,464,0.5,0.0,8650,0,0.5369622843297314,0.06473557164801405,7423,0,0.5373307909387006,0.05420232609172706,8561,0,0.5383075682083943,0.06473557164801405,8634,0,0.5391017655619944,0.07087996488918148
gc,HepG2:XRN2,2580,1290,1290,0,222,0.5,0.0,2358,0,0.5668523526230396,0.12170542635658912,1922,0,0.5698864250946457,0.13643410852713178,2342,0,0.5678228471846644,0.12170542635658912,2314,0,0.5820170061895318,0.14651162790697672
gc,HepG2:YBX3,4082,2041,2041,0,176,0.5,0.0,3906,0,0.5409922171188817,0.07153356197942183,1973,0,0.591653681594918,0.14208721215090636,3496,0,0.5661934987340606,0.11464968152866244,3581,0,0.6041056672366415,0.17344439000489958
gc,HepG2:ZC3H11A,2308,1154,1154,0,41,0.5,0.0,2267,0,0.5180477669412998,0.028596187175043343,953,0,0.668481493051071,0.28942807625649913,2134,0,0.5222919150930079,0.0337954939341421,2212,0,0.5348801846639974,0.06499133448873486
gc,HepG2:ZNF800,5872,2936,2936,0,474,0.5,0.0,5398,0,0.582299489472043,0.15940054495912806,2044,0,0.6863948498949431,0.2905313351498638,4873,0,0.6423894235052603,0.2786103542234333,4794,0,0.6799156297099245,0.2564713896457766
gc,K562:AATF,2086,1043,1043,0,185,0.5,0.0,1901,0,0.5914598441511644,0.15244487056567593,1123,0,0.5736706105351019,0.14669223394055608,1882,0,0.5919654290255356,0.15244487056567596,1775,0,0.6188758733978704,0.18120805369127518
gc,K562:ADAT1,1852,926,926,0,66,0.5,0.0,1786,0,0.5278054429511729,0.04967602591792654,1453,0,0.5268987120339228,0.04319654427645787,1765,0,0.5308504261343757,0.04967602591792656,1775,0,0.5302953085567409,0.05291576673866092
gc,K562:AGGF1,13976,6988,6988,0,586,0.5,0.0,13390,0,0.5312945198556098,0.05981682884945619,12348,0,0.5134518668686757,0.025615340583858042,13305,0,0.531241911065793,0.05981682884945618,13379,0,0.5307778110254591,0.05867200915855758
gc,K562:AKAP1,2968,1484,1484,0,30,0.5,0.0,2938,0,0.5082835510494693,0.011455525606469053,1276,0,0.551666109662092,0.06940700808625336,2695,0,0.5737682176822313,0.14083557951482478,2936,0,0.5096773490457059,0.01078167115902969
gc,K562:AKAP8L,4196,2098,2098,0,278,0.5,0.0,3918,0,0.5502931431360023,0.08722592945662538,3335,0,0.5389213795698112,0.07387988560533842,3863,0,0.5512743763409884,0.08722592945662538,3902,0,0.5556274485392143,0.10009532888465203
gc,K562:APOBEC3C,2038,1019,1019,0,51,0.5,0.0,1987,0,0.5250837618130881,0.04416094210009813,703,0,0.6389979015005378,0.2306182531894014,1784,0,0.5603528060087003,0.10893032384690877,1727,0,0.6407737771353123,0.239450441609421
gc,K562:AQR,48802,24401,24401,0,3423,0.5,0.0,45379,0,0.5568910435034029,0.09618458259907386,31817,0,0.5638861256940003,0.1249129134051883,44374,0,0.5588598773500495,0.09618458259907386,43733,0,0.5851493527049829,0.15241178640219666
gc,K562:BUD13,17608,8804,8804,0,1351,0.5,0.0,16257,0,0.5675266276470508,0.12005906406179012,7137,0,0.5942118411543552,0.11597001363016815,14689,0,0.626520015064814,0.22432985006815084,14216,0,0.6687840702596668,0.2813493866424352
gc,K562:CPSF6,1582,791,791,0,69,0.5,0.0,1513,0,0.5417481112579734,0.07585335018963339,657,0,0.6085705015814769,0.16814159292035397,1387,0,0.595604629196028,0.1643489254108723,1390,0,0.6028727098952981,0.16182048040455121
gc,K562:CSTF2T,21186,10593,10593,0,1268,0.5,0.0,19918,0,0.5467615487942789,0.08382894364202775,17453,0,0.5320801942764427,0.06296610969508167,19740,0,0.54746193062362,0.08382894364202775,19723,0,0.5549320775064984,0.10270933635419618
gc,K562:DDX1,7128,3564,3564,0,531,0.5,0.0,6597,0,0.5641563408117841,0.12457912457912458,6430,0,0.5182815891172605,0.036195286195286155,6572,0,0.5645866634923873,0.12457912457912458,6640,0,0.5587313306402344,0.11588103254769921
gc,K562:DDX24,19180,9590,9590,0,1422,0.5,0.0,17758,0,0.5707627862269635,0.13712200208550576,5714,0,0.6813981423993756,0.2859228362877998,15136,0,0.6603629247532569,0.3087591240875912,14826,0,0.7120413871766406,0.31762252346193953
gc,K562:DDX3X,13336,6668,6668,0,433,0.5,0.0,12903,0,0.5485902482071071,0.06193761247750447,3561,0,0.6176986220932178,0.20770845830833828,12160,0,0.545350711651311,0.08143371325734852,10329,0,0.7045656105731464,0.37297540491901626
gc,K562:DDX43,18188,9094,9094,0,1235,0.5,0.0,16953,0,0.5666028817411229,0.12733670552012322,5822,0,0.698201974645093,0.3120738948757422,14547,0,0.6618144525165381,0.3075654277545634,14631,0,0.679647011065281,0.25346382230041786
gc,K562:DDX52,2372,1186,1186,0,173,0.5,0.0,2199,0,0.5585690560758029,0.10202360876897133,1950,0,0.5372750953365429,0.06745362563237772,2182,0,0.5592469337322159,0.10202360876897132,2183,0,0.5642693424408998,0.11635750421585157
gc,K562:DDX55,2200,1100,1100,0,52,0.5,0.0,2148,0,0.5219115702479339,0.04000000000000001,725,0,0.6173190082644628,0.18363636363636365,1884,0,0.523249173553719,0.039999999999999994,1964,0,0.598700826446281,0.1636363636363636
gc,K562:DDX6,3878,1939,1939,0,98,0.5,0.0,3780,0,0.5154816008953855,0.029912325941206786,1817,0,0.5811334138889561,0.13047962867457452,3532,0,0.5197316503006473,0.027333677153171775,3624,0,0.5608671494507173,0.09541000515729756
gc,K562:DGCR8,2472,1236,1236,0,185,0.5,0.0,2287,0,0.5755703359830752,0.12216828478964402,1365,0,0.5807330123270599,0.15938511326860846,2279,0,0.5752234083220746,0.12216828478964403,2083,0,0.6182565117667389,0.20792880258899674
gc,K562:DHX30,1590,795,795,0,106,0.5,0.0,1484,0,0.5497606898461296,0.0880503144654088,1166,0,0.5237482694513667,0.045283018867924525,1449,0,0.5491214746252127,0.08805031446540881,1431,0,0.5729504370871406,0.12955974842767295
gc,K562:DROSHA,7572,3786,3786,0,496,0.5,0.0,7076,0,0.548280232256689,0.08610670892762809,5070,0,0.540314687051497,0.07976756471209721,6979,0,0.5462739946905899,0.08610670892762809,6813,0,0.5744980603881904,0.13919704173269945
gc,K562:EFTUD2,10960,5480,5480,0,778,0.5,0.0,10182,0,0.5614659145399329,0.10255474452554741,6960,0,0.5658828720230167,0.12828467153284673,9922,0,0.564180596995045,0.10255474452554743,9740,0,0.5875583242314455,0.16569343065693426
gc,K562:EIF4E,4130,2065,2065,0,97,0.5,0.0,4033,0,0.5311135083162826,0.03874092009685226,1465,0,0.5732100205781825,0.12542372881355932,3906,0,0.5158428553840382,0.020338983050847494,3517,0,0.6357698057677539,0.2484261501210654
gc,K562:EIF4G2,9198,4599,4599,0,504,0.5,0.0,8694,0,0.5444448179527575,0.08284409654272665,8030,0,0.5175045380078039,0.02978908458360513,8641,0,0.5454331493166618,0.08284409654272665,8735,0,0.5406702091329781,0.07740813220265275
gc,K562:ELAC2,26288,13144,13144,0,1227,0.5,0.0,25061,0,0.5384881408900484,0.07341752891052954,23127,0,0.5120141647425085,0.02206329884357884,24895,0,0.539991236984844,0.07341752891052954,25039,0,0.5392136274847201,0.07516737674984786
gc,K562:ELAVL1,17642,8821,8821,0,279,0.5,0.0,17363,0,0.5115818728330962,0.02051921550844573,13062,0,0.5168027028799534,0.02720779956920981,17162,0,0.5164780596889803,0.028001360389978438,17275,0,0.5172769411598177,0.02958848203151573
gc,K562:EWSR1,17298,8649,8649,0,1187,0.5,0.0,16111,0,0.5564862796104245,0.10405827263267431,15051,0,0.5250354049580056,0.04983235056075849,16030,0,0.5566664542482815,0.10405827263267431,16105,0,0.5573596881318453,0.1079893629321309
gc,K562:EXOSC10,2712,1356,1356,0,164,0.5,0.0,2548,0,0.5547596283533907,0.09144542772861354,1457,0,0.6100769767927533,0.15412979351032446,2364,0,0.607040107987226,0.16666666666666663,2306,0,0.6126526592180715,0.18067846607669613
gc,K562:EXOSC5,23994,11997,11997,0,577,0.5,0.0,23417,0,0.5211808390957454,0.04209385679753273,23205,0,0.5048515400501371,0.009419021422022148,23390,0,0.5211945403899806,0.04209385679753273,23451,0,0.5196637368894612,0.03917646078186217
gc,K562:FAM120A,11650,5825,5825,0,180,0.5,0.0,11470,0,0.5162619315146715,0.02077253218884121,6407,0,0.5536221333971892,0.08875536480686695,11008,0,0.5456028440383871,0.0830901287553648,11430,0,0.5228517894969514,0.0290128755364807
gc,K562:FASTKD2,1016,508,508,0,71,0.5,0.0,945,0,0.5580766786533572,0.1043307086614173,741,0,0.531496062992126,0.061023622047244104,930,0,0.5618993737987475,0.1043307086614173,928,0,0.5713447051894104,0.12598425196850394
gc,K562:FMR1,8864,4432,4432,0,556,0.5,0.0,8308,0,0.5649732439006112,0.12251805054151622,3441,0,0.634727519093172,0.20961191335740073,7551,0,0.6132717553418525,0.20848375451263537,7589,0,0.6479143519725267,0.20103790613718409
gc,K562:FTO,1664,832,832,0,101,0.5,0.0,1563,0,0.5487421701645709,0.07331730769230768,949,0,0.5308780105861687,0.05048076923076923,1516,0,0.5394720495099852,0.0637019230769231,1426,0,0.6233451888406065,0.21875
gc,K562:FUS,8778,4389,4389,0,579,0.5,0.0,8199,0,0.5481692642717213,0.08247892458418775,6949,0,0.5294938759521268,0.0576441102756892,8134,0,0.5492193168561121,0.08247892458418773,8165,0,0.5523384311562892,0.09204830257461837
gc,K562:FXR1,2846,1423,1423,0,227,0.5,0.0,2619,0,0.5808201176436308,0.1595221363316936,973,0,0.6334994955378683,0.17427969079409694,2358,0,0.6362025532747073,0.2712579058327477,2350,0,0.6784121813653714,0.2522839072382291
gc,K562:FXR2,9424,4712,4712,0,585,0.5,0.0,8839,0,0.5640963198393871,0.11502546689303901,3982,0,0.6049934864493645,0.15683361629881157,8141,0,0.6006117477033676,0.1742359932088285,8086,0,0.6365439646201874,0.19291171477079794
gc,K562:GARS,1114,557,557,0,77,0.5,0.0,1037,0,0.5564514309474002,0.0933572710951526,615,0,0.5563225022481941,0.07001795332136448,1018,0,0.553411936863616,0.08258527827648113,940,0,0.5977634093905217,0.15619389587073607
gc,K562:GEMIN5,5020,2510,2510,0,228,0.5,0.0,4792,0,0.5391696957191155,0.05737051792828686,2300,0,0.5629712226790051,0.08127490039840637,4626,0,0.5278362248218282,0.03784860557768924,4249,0,0.6272178219393343,0.23187250996015937
gc,K562:GPKOW,2158,1079,1079,0,127,0.5,0.0,2031,0,0.5678549372509644,0.10379981464318819,1037,0,0.5959964474709274,0.12418906394810011,1876,0,0.649136218360288,0.22150139017608902,1741,0,0.6709293866132527,0.28452270620945325
gc,K562:GRWD1,8746,4373,4373,0,599,0.5,0.0,8147,0,0.5695083947820464,0.13331808826892294,2737,0,0.6962174704777654,0.3023096272581751,7088,0,0.6540082953997748,0.2965927281042762,6894,0,0.6932838762945123,0.27738394694717583
gc,K562:GTF2F1,9578,4789,4789,0,568,0.5,0.0,9010,0,0.547290218095246,0.08373355606598454,7647,0,0.5317809122763018,0.06180831071204848,8918,0,0.5483393570766096,0.08373355606598454,8907,0,0.5580824644212103,0.10691167258300271
gc,K562:HNRNPC,1032,516,516,0,33,0.5,0.0,999,0,0.5239788023556278,0.040697674418604696,755,0,0.5169611201249926,0.02519379844961242,982,0,0.5283430232558141,0.05038759689922482,987,0,0.5302960308875668,0.05038759689922481
gc,K562:HNRNPK,9492,4746,4746,0,597,0.5,0.0,8895,0,0.5409750868786704,0.07016434892541087,6682,0,0.5410555103603558,0.07711757269279396,8685,0,0.5416222040020748,0.07016434892541087,8825,0,0.5474782010854307,0.08175305520438261
gc,K562:HNRNPL,11672,5836,5836,0,374,0.5,0.0,11298,0,0.5244965661834723,0.0472926662097327,10548,0,0.515678106536395,0.030843043180260446,11282,0,0.5247783868273358,0.0472926662097327,11299,0,0.525125241875133,0.049348869088416736
gc,K562:HNRNPM,12796,6398,6398,0,541,0.5,0.0,12255,0,0.531954025762779,0.06017505470459517,11250,0,0.5179246655209637,0.03547983744920289,12193,0,0.5325563797142374,0.06017505470459517,12210,0,0.5357002266357659,0.06845889340418879
gc,K562:IGF2BP1,11412,5706,5706,0,349,0.5,0.0,11063,0,0.5312500115177522,0.055555555555555594,4733,0,0.5836323034681395,0.1442341395022783,10395,0,0.5407063932677848,0.06992639327024183,10476,0,0.5674043433781647,0.10620399579390115
gc,K562:IGF2BP2,7614,3807,3807,0,264,0.5,0.0,7350,0,0.533748919928168,0.06356711321250327,2733,0,0.5857746941351798,0.15760441292356184,6545,0,0.5460690353143038,0.08825847123719463,6833,0,0.5940186703478287,0.14289466771736276
gc,K562:ILF3,5824,2912,2912,0,216,0.5,0.0,5608,0,0.5273056592274484,0.05357142857142859,5134,0,0.5117246464044197,0.023008241758241718,5570,0,0.5282745564017027,0.05357142857142858,5591,0,0.5293913353988045,0.0573489010989011
gc,K562:KHDRBS1,2440,1220,1220,0,62,0.5,0.0,2378,0,0.5190341977962913,0.0360655737704918,2193,0,0.51839324106423,0.034426229508196744,2377,0,0.5190872749260952,0.0360655737704918,2380,0,0.5183918973394249,0.03524590163934426
gc,K562:KHSRP,46396,23198,23198,0,1087,0.5,0.0,45309,0,0.5168365782311117,0.03146823001982931,39243,0,0.5243403113546605,0.048366238468833554,45252,0,0.5170050330689817,0.03146823001982931,45021,0,0.520797917218204,0.03724459005086647
gc,K562:LARP4,860,430,430,0,24,0.5,0.0,836,0,0.5280692266089778,0.04651162790697677,359,0,0.6332990805840994,0.20232558139534879,781,0,0.5337804218496485,0.05581395348837212,732,0,0.6477041644131963,0.23255813953488375
gc,K562:LIN28B,13832,6916,6916,0,727,0.5,0.0,13105,0,0.5520632348154721,0.09759976865240022,5010,0,0.6153848558141806,0.19028340080971656,11523,0,0.6168072998430141,0.2152978600347022,11417,0,0.656121317915289,0.2440717177559283
gc,K562:LSM11,2638,1319,1319,0,175,0.5,0.0,2463,0,0.5483744606299371,0.08188021228203182,1850,0,0.5302837573666727,0.054586808188021266,2374,0,0.5490147784666974,0.08188021228203182,2397,0,0.5670031688260629,0.11751326762699017
gc,K562:MATR3,9728,4864,4864,0,276,0.5,0.0,9452,0,0.5221744864931397,0.04337993421052632,9091,0,0.5090406000449056,0.017886513157894714,9429,0,0.5222896459690421,0.04337993421052632,9468,0,0.5211686110562564,0.04194078947368419
gc,K562:MBNL1,2388,1194,1194,0,99,0.5,0.0,2289,0,0.5334650640135351,0.05862646566164153,1671,0,0.5121801778294038,0.017587939698492445,2233,0,0.5402195932201487,0.05946398659966499,2277,0,0.5314186089576862,0.05695142378559461
gc,K562:METAP2,6208,3104,3104,0,356,0.5,0.0,5852,0,0.5556166822490435,0.1063144329896907,2049,0,0.6477596977461739,0.2271262886597938,5062,0,0.6157510428844724,0.22358247422680413,4952,0,0.6847533985080774,0.2896262886597938
gc,K562:METTL1,962,481,481,0,44,0.5,0.0,918,0,0.5289115278720268,0.05405405405405403,771,0,0.545182636658728,0.05405405405405406,917,0,0.5284382415359545,0.05405405405405403,912,0,0.5346082529034712,0.058212058212058215
gc,K562:MORC2,1646,823,823,0,133,0.5,0.0,1513,0,0.5588325614287887,0.10449574726609961,1211,0,0.5171925312514302,0.03159173754556502,1501,0,0.5589986550110803,0.10449574726609963,1472,0,0.5797677347345235,0.14337788578371813
gc,K562:MTPAP,2154,1077,1077,0,169,0.5,0.0,1985,0,0.562217170188865,0.1104921077065924,1122,0,0.5857005040825776,0.11142061281337048,1862,0,0.6104778826979927,0.18384401114206128,1836,0,0.6161950429724579,0.17548746518105848
gc,K562:NOLC1,3134,1567,1567,0,98,0.5,0.0,3036,0,0.5225716751327332,0.04084237396298662,1360,0,0.6157789751857979,0.19463943841735803,2884,0,0.5225853180364481,0.03318442884492662,2883,0,0.5705889946971866,0.11104020421186978
gc,K562:NONO,22328,11164,11164,0,1352,0.5,0.0,20976,0,0.5480056604692798,0.08572196345395913,18645,0,0.5333476910030076,0.0661949122178431,20846,0,0.5484957639792952,0.08572196345395913,20822,0,0.5547211793717869,0.10148692225008957
gc,K562:PABPC4,11648,5824,5824,0,240,0.5,0.0,11408,0,0.5198800370624397,0.03605769230769234,3835,0,0.6394363438330213,0.2524038461538461,10217,0,0.5325178153963138,0.04773351648351651,10251,0,0.6182734113199644,0.19024725274725274
gc,K562:PCBP1,4022,2011,2011,0,153,0.5,0.0,3869,0,0.5317619082119451,0.0606663351566385,1583,0,0.5837385923912761,0.11685728493286922,3550,0,0.5183594902328591,0.02486325211337642,3681,0,0.5752763084981879,0.1178518150174043
gc,K562:PHF6,1352,676,676,0,111,0.5,0.0,1241,0,0.5599243723959245,0.11390532544378695,898,0,0.5301613213823044,0.059171597633136085,1235,0,0.5599079601554569,0.11390532544378697,1178,0,0.6031181068590035,0.1804733727810651
gc,K562:PPIL4,1316,658,658,0,73,0.5,0.0,1243,0,0.5518068476824863,0.0775075987841945,919,0,0.5638632773163589,0.12462006079027355,1245,0,0.5503482968560897,0.0714285714285714,1245,0,0.5478215278868451,0.07294832826747716
gc,K562:PRPF8,22404,11202,11202,0,1278,0.5,0.0,21126,0,0.5520643639049714,0.08480628459203712,14819,0,0.5658634889368755,0.13015532940546334,20877,0,0.552272759656221,0.08480628459203712,20546,0,0.5628058637283284,0.11881806820210676
gc,K562:PTBP1,15570,7785,7785,0,471,0.5,0.0,15099,0,0.5217242618229398,0.04084778420038536,13684,0,0.5157261733427548,0.030828516377649356,15044,0,0.5221031255452719,0.040847784200385366,15024,0,0.5267690323889996,0.052280025690430325
gc,K562:PUM1,5302,2651,2651,0,344,0.5,0.0,4958,0,0.5657921304260038,0.1259901923802339,1801,0,0.666441394683771,0.25122595247076573,4415,0,0.6290555182197105,0.2463221425877027,4308,0,0.6707626610372149,0.24141833270463972
gc,K562:PUM2,10762,5381,5381,0,142,0.5,0.0,10620,0,0.513144323390224,0.02192900947779223,4789,0,0.5977780437829374,0.13993681471845384,10210,0,0.5063503532237309,0.008176918788329341,10292,0,0.5379376063562554,0.0643003159264077
gc,K562:QKI,4378,2189,2189,0,109,0.5,0.0,4269,0,0.5163708404558612,0.030607583371402465,3782,0,0.5143019595673454,0.02786660575605303,4260,0,0.5165396733240519,0.030607583371402465,4232,0,0.5253940077062083,0.0497944266788488
gc,K562:RBFOX2,6968,3484,3484,0,466,0.5,0.0,6502,0,0.5558841401927922,0.09644087256027559,5000,0,0.5571427229743713,0.11337543053960963,6434,0,0.5572759793499166,0.09644087256027559,6453,0,0.5511886551082792,0.09873708381171072
gc,K562:RBM15,18736,9368,9368,0,1180,0.5,0.0,17556,0,0.5625400583759528,0.11005550811272417,7298,0,0.5712351758370702,0.10450469684030739,16406,0,0.5760202516826,0.1336464560204953,16750,0,0.5955804245023304,0.1525405636208369
gc,K562:RBM22,1980,990,990,0,106,0.5,0.0,1874,0,0.5514932149780635,0.08383838383838382,1294,0,0.5683838383838384,0.13636363636363635,1868,0,0.5516977859402102,0.08383838383838384,1826,0,0.5575385164779104,0.08989898989898992
gc,K562:RNF187,1392,696,696,0,63,0.5,0.0,1329,0,0.5311952949530983,0.05603448275862066,1137,0,0.5339924775399656,0.06609195402298851,1332,0,0.5266134892323953,0.04885057471264365,1330,0,0.5330810708151672,0.06034482758620689
gc,K562:RPS3,4738,2369,2369,0,305,0.5,0.0,4433,0,0.5681780155629891,0.12494723512030394,1290,0,0.6969924775857286,0.28999577880962424,3822,0,0.6430370582739875,0.266357112705783,3520,0,0.7299385210082177,0.36893203883495146
gc,K562:RYBP,1512,756,756,0,66,0.5,0.0,1446,0,0.5285038912684417,0.05026455026455027,1263,0,0.5353844727191288,0.07010582010582012,1453,0,0.5263229262898576,0.048941798941798946,1445,0,0.5322315654656925,0.060846560846560836
gc,K562:SAFB,1052,526,526,0,56,0.5,0.0,996,0,0.5518024693142882,0.07794676806083646,726,0,0.5645303531929043,0.12357414448669202,976,0,0.5627846289522762,0.09315589353612162,992,0,0.5453111220344373,0.07794676806083653
gc,K562:SAFB2,7488,3744,3744,0,269,0.5,0.0,7219,0,0.5274603896148368,0.048344017094017123,6386,0,0.5346660782608299,0.06784188034188034,7181,0,0.5251158263477975,0.04620726495726499,7232,0,0.5271858763194901,0.04780982905982905
gc,K562:SF3B4,20480,10240,10240,0,1488,0.5,0.0,18992,0,0.567268681526184,0.10683593749999999,12208,0,0.5637411546707154,0.12236328125000002,18467,0,0.5711807250976562,0.10683593749999998,18215,0,0.5925467491149903,0.16621093750000002
gc,K562:SLTM,7148,3574,3574,0,539,0.5,0.0,6609,0,0.5525403578477777,0.08953553441522104,5550,0,0.554703981907509,0.10716284275321772,6544,0,0.5507132905718067,0.08953553441522104,6613,0,0.5546857018402822,0.0956911024062675
gc,K562:SMNDC1,4896,2448,2448,0,415,0.5,0.0,4481,0,0.5770418495557265,0.1352124183006536,2768,0,0.5658015146418044,0.130718954248366,4423,0,0.5771911978298945,0.1352124183006536,4205,0,0.6089595781804007,0.16299019607843132
gc,K562:SND1,8260,4130,4130,0,523,0.5,0.0,7737,0,0.5631744924341469,0.12469733656174332,2476,0,0.6698154705720266,0.24624697336561743,6389,0,0.6875251657686918,0.37021791767554485,6353,0,0.7221393688184841,0.3222760290556901
gc,K562:SRSF1,7722,3861,3861,0,512,0.5,0.0,7210,0,0.5690357442494194,0.13001813001813006,2355,0,0.6775900914725054,0.2828282828282829,6275,0,0.6445715162368879,0.2784252784252784,6097,0,0.6990497823183656,0.28438228438228436
gc,K562:SRSF7,1008,504,504,0,61,0.5,0.0,947,0,0.5521778155706727,0.09325396825396824,376,0,0.6375464537666918,0.22023809523809526,814,0,0.6554567428823381,0.2718253968253968,842,0,0.6438019652305367,0.23809523809523814
gc,K562:TAF15,1090,545,545,0,68,0.5,0.0,1022,0,0.5550526049995791,0.09724770642201835,857,0,0.5405252083157983,0.08073394495412844,1019,0,0.5552276744381787,0.09724770642201835,1033,0,0.5394057739247538,0.06788990825688074
gc,K562:TARDBP,9146,4573,4573,0,343,0.5,0.0,8803,0,0.5291400111388838,0.05401268314017059,8075,0,0.5125401862222041,0.024710255849551683,8745,0,0.5304056999103257,0.05401268314017059,8830,0,0.5269920198749741,0.05160726000437346
gc,K562:TIA1,11662,5831,5831,0,393,0.5,0.0,11269,0,0.5275114284143724,0.04613273880980966,6818,0,0.5126552323651365,0.018178700051449174,11086,0,0.5343968000998571,0.04613273880980966,11082,0,0.5411137186824653,0.06842737094837936
gc,K562:TRA2A,3480,1740,1740,0,254,0.5,0.0,3226,0,0.571930241775664,0.1402298850574713,1113,0,0.6679236028537455,0.24022988505747128,2791,0,0.662620062095389,0.306896551724138,2946,0,0.6438712181265689,0.2195402298850575
gc,K562:TROVE2,938,469,469,0,74,0.5,0.0,864,0,0.5741245038893259,0.12153518123667377,402,0,0.5427484872318276,0.059701492537313466,826,0,0.5807211278362983,0.13219616204690832,694,0,0.6884538622755852,0.35607675906183367
gc,K562:U2AF1,2458,1229,1229,0,126,0.5,0.0,2332,0,0.5556238211224405,0.09194467046379165,947,0,0.608317703240312,0.13913751017087062,2043,0,0.654585316473798,0.24816924328722537,1914,0,0.6876180532705348,0.3417412530512612
gc,K562:U2AF2,7274,3637,3637,0,410,0.5,0.0,6864,0,0.5596770702602987,0.09925762991476492,3018,0,0.6189802301506777,0.15067363211437998,6113,0,0.6545944746993995,0.24608193566125927,5687,0,0.6876082807312405,0.3293923563376409
gc,K562:UCHL5,37110,18555,18555,0,2514,0.5,0.0,34596,0,0.5683066046226848,0.12966855295068716,12832,0,0.6704171325738093,0.24300727566693614,30284,0,0.6525503043563599,0.2852600377256804,30116,0,0.6758225877882333,0.243761789275128
gc,K562:UPF1,26814,13407,13407,0,168,0.5,0.0,26646,0,0.5054700186927062,0.005967032147385722,11379,0,0.5667665255527209,0.10636234802715001,24801,0,0.5577385382103107,0.1132990228984859,26556,0,0.5091324921863095,0.011411948981875164
gc,K562:XRCC6,1698,849,849,0,104,0.5,0.0,1594,0,0.545525047828735,0.07420494699646643,1008,0,0.5349624931152981,0.06595995288574792,1537,0,0.5471517103888591,0.07420494699646643,1518,0,0.5718242621749969,0.11660777385159013
gc,K562:XRN2,2522,1261,1261,0,213,0.5,0.0,2309,0,0.5742789385210308,0.1292624900872324,1653,0,0.5786075399293513,0.15543219666931007,2271,0,0.5755967627620792,0.12926249008723237,2248,0,0.584726571122575,0.15781126090404443
gc,K562:YBX3,35958,17979,17979,0,1982,0.5,0.0,33976,0,0.5554163528522986,0.1056788475443573,12072,0,0.6275598905040412,0.20751988430947219,29946,0,0.6181466334946191,0.2270426608821403,29001,0,0.6723756712648308,0.2663106958117804
gc,K562:YWHAG,1580,790,790,0,90,0.5,0.0,1490,0,0.5321903541099182,0.059493670886075926,1147,0,0.5555760294824548,0.10506329113924051,1452,0,0.5337822464348662,0.05696202531645566,1475,0,0.5456313090850824,0.07974683544303796
gc,K562:ZC3H11A,2382,1191,1191,0,30,0.5,0.0,2352,0,0.5115937400641954,0.020151133501259473,969,0,0.6138531288046861,0.21998320738874894,2235,0,0.5110392737019389,0.019311502938706936,2298,0,0.5315936554666576,0.056255247691015975
gc,K562:ZNF622,29934,14967,14967,0,2074,0.5,0.0,27860,0,0.5704727144110264,0.13476314558695796,9579,0,0.6941050315593975,0.28435892296385384,24338,0,0.658481998183581,0.30346762878332334,23955,0,0.6879100480601654,0.2570321373688782
gc,K562:ZNF800,4860,2430,2430,0,345,0.5,0.0,4515,0,0.5708851970397466,0.13786008230452673,1503,0,0.6873521143457129,0.28312757201646094,3874,0,0.6618040949042321,0.31646090534979426,3761,0,0.7115845314907958,0.2934156378600823
dn,HepG2:AGGF1,7422,3711,3711,0,253,0.5,0.0,7169,0,0.5264326286108848,0.049043384532471035,6243,0,0.5415716608209071,0.05631905146860687,6982,0,0.526277671144676,0.049043384532471035,7127,0,0.5267322324091871,0.0514686068445163
dn,HepG2:AKAP1,11886,5943,5943,0,55,0.5,0.0,11831,0,0.5047926415422933,0.006057546693589105,4789,0,0.5875848464388357,0.1366313309776207,10898,0,0.5575878326291704,0.11307420494699644,11776,0,0.5102864304957334,0.013124684502776372
dn,HepG2:AQR,22216,11108,11108,0,1645,0.5,0.0,20571,0,0.557427118484065,0.0939863161685272,12521,0,0.546786832758257,0.08408354339214984,19637,0,0.5723521477803486,0.12621534029528272,18951,0,0.6241069001841221,0.21993158084263592
dn,HepG2:BCCIP,1078,539,539,0,68,0.5,0.0,1010,0,0.547965551543606,0.09090909090909087,956,0,0.5225043972724863,0.04452690166975881,1004,0,0.5479225253940334,0.09090909090909087,1013,0,0.5474991480822384,0.09090909090909093
dn,HepG2:BCLAF1,64774,32387,32387,0,4491,0.5,0.0,60283,0,0.5692337055832639,0.13622749868774506,21213,0,0.7073414055206075,0.31487942693055854,52239,0,0.6668955929375622,0.3271065550992682,52119,0,0.6883577925163359,0.2573563466823108
dn,HepG2:BUD13,8594,4297,4297,0,633,0.5,0.0,7961,0,0.5635867748247434,0.11147312078194088,3852,0,0.5742604787456641,0.08727018850360714,7301,0,0.60779010354573,0.18687456364905744,7087,0,0.6524677553205773,0.24808005585292064
dn,HepG2:CDC40,2344,1172,1172,0,107,0.5,0.0,2237,0,0.5340754551596407,0.059726962457337884,1789,0,0.5523368064858064,0.061433447098976066,2186,0,0.5358976953721069,0.05972696245733787,2211,0,0.541502012254074,0.0742320819112628
dn,HepG2:CSTF2,6074,3037,3037,0,178,0.5,0.0,5896,0,0.5211437382587644,0.038195587751070105,5087,0,0.5128056244957782,0.02140270003292728,5845,0,0.5222826930159685,0.03819558775107012,5884,0,0.5238775549368132,0.04346394468225223
dn,HepG2:CSTF2T,37744,18872,18872,0,2301,0.5,0.0,35443,0,0.5507569366712425,0.09633319203052144,32726,0,0.5242257173828155,0.04790165324289953,35248,0,0.5513729931960809,0.09633319203052146,35256,0,0.5553645683303919,0.10799067401441288
dn,HepG2:DDX3X,16796,8398,8398,0,495,0.5,0.0,16301,0,0.542270012802581,0.05525125029768997,5717,0,0.5664885097501923,0.10502500595379852,15708,0,0.5227359529063753,0.03786615860919272,14063,0,0.6511826549387092,0.26422957847106454
dn,HepG2:DDX55,3372,1686,1686,0,43,0.5,0.0,3329,0,0.5134058796958836,0.020759193357058135,1309,0,0.6311793867295951,0.2117437722419929,3110,0,0.5160268993553779,0.027876631079478048,3204,0,0.5477025226236862,0.07176749703440097
dn,HepG2:DDX59,6178,3089,3089,0,373,0.5,0.0,5805,0,0.543116632384611,0.0764001294917449,4630,0,0.5222477737973308,0.04176108773065719,5744,0,0.5407109847168091,0.07251537714470703,5753,0,0.5473537770853478,0.08255098737455485
dn,HepG2:DDX6,986,493,493,0,34,0.5,0.0,952,0,0.5256676637221301,0.04259634888438134,633,0,0.5576406403647001,0.09939148073022315,935,0,0.5365090989882698,0.05882352941176471,949,0,0.5289859246489391,0.048681541582150115
dn,HepG2:DGCR8,3448,1724,1724,0,246,0.5,0.0,3202,0,0.5616987352027605,0.10672853828306264,2259,0,0.5514702023029592,0.10208816705336425,3185,0,0.5612761491917033,0.10672853828306264,3008,0,0.5978429608475406,0.17517401392111367
dn,HepG2:DKC1,5308,2654,2654,0,451,0.5,0.0,4857,0,0.5955609936573253,0.158251695553881,2198,0,0.5995272949675995,0.19856819894498867,4831,0,0.5964192054307698,0.15825169555388097,4354,0,0.6453327334605768,0.2245666917859834
dn,HepG2:DROSHA,4368,2184,2184,0,271,0.5,0.0,4097,0,0.5454246417501911,0.07783882783882781,3427,0,0.5264844473292275,0.05265567765567768,4070,0,0.5454260044747683,0.07783882783882781,4060,0,0.5547730371734493,0.09569597069597069
dn,HepG2:EFTUD2,14818,7409,7409,0,1170,0.5,0.0,13648,0,0.565130967485802,0.11256579835335398,9420,0,0.5669704275829313,0.13146173572681874,13427,0,0.5656163456507546,0.11256579835335398,13211,0,0.5803212691913969,0.15467674449993252
dn,HepG2:EIF3D,1632,816,816,0,113,0.5,0.0,1519,0,0.570564806805075,0.11642156862745101,897,0,0.6083620182141485,0.16176470588235292,1460,0,0.573400254709727,0.12500000000000006,1420,0,0.6175734693387158,0.17524509803921567
dn,HepG2:EIF3H,5664,2832,2832,0,418,0.5,0.0,5246,0,0.5759220690095439,0.14300847457627122,2253,0,0.6414440544303999,0.2722457627118644,5031,0,0.568357130673657,0.12499999999999996,5008,0,0.6117551704291551,0.1754943502824859
dn,HepG2:EXOSC5,1454,727,727,0,64,0.5,0.0,1390,0,0.5385201190473938,0.0742778541953232,1278,0,0.5184985119075775,0.03163686382393398,1373,0,0.5396269646509463,0.0742778541953232,1382,0,0.5425549023800019,0.08253094910591473
dn,HepG2:FAM120A,15992,7996,7996,0,864,0.5,0.0,15128,0,0.5483974869500784,0.08929464732366185,13241,0,0.5259167540248364,0.039394697348674367,14950,0,0.5514712083405384,0.08929464732366187,15034,0,0.5564218530600968,0.10280140070035017
dn,HepG2:FASTKD2,1736,868,868,0,141,0.5,0.0,1595,0,0.5594041336617894,0.09792626728110598,1092,0,0.5433235469005501,0.05414746543778799,1540,0,0.5759134298880842,0.13018433179723504,1538,0,0.5871043396546964,0.1347926267281106
dn,HepG2:FKBP4,2906,1453,1453,0,246,0.5,0.0,2660,0,0.5687485227658654,0.11837577426015142,2341,0,0.5410608329161157,0.08121128699242948,2643,0,0.5693690203101636,0.11837577426015142,2649,0,0.5731339246848607,0.1314521679284239
dn,HepG2:FTO,1080,540,540,0,44,0.5,0.0,1036,0,0.5369238683127572,0.06666666666666668,530,0,0.5736248285322358,0.137037037037037,948,0,0.5576406035665296,0.10555555555555554,968,0,0.6009156378600823,0.15555555555555556
dn,HepG2:FUBP3,5520,2760,2760,0,42,0.5,0.0,5478,0,0.5076717732619197,0.010869565217391297,2909,0,0.5910641146817897,0.15978260869565217,5433,0,0.5156500735139677,0.022826086956521788,5459,0,0.5102381327452216,0.016666666666666653
dn,HepG2:FUS,1764,882,882,0,100,0.5,0.0,1664,0,0.5453945372555674,0.08163265306122447,1469,0,0.5231333652130543,0.0453514739229025,1653,0,0.5456349206349207,0.08163265306122448,1663,0,0.5466594423105599,0.08616780045351477
dn,HepG2:FXR2,7748,3874,3874,0,640,0.5,0.0,7108,0,0.5832725763459132,0.16365513680949922,2769,0,0.6506869126583934,0.22715539494062983,6511,0,0.6208922235231686,0.24032008260196175,6490,0,0.6601143959345079,0.22922044398554461
dn,HepG2:G3BP1,12964,6482,6482,0,861,0.5,0.0,12103,0,0.5658342338563459,0.13128663992594877,3783,0,0.6631375700549149,0.2489972230792965,10202,0,0.6572318416051819,0.31348349274915155,10135,0,0.7113751788471547,0.2918852206109225
dn,HepG2:GRSF1,2016,1008,1008,0,71,0.5,0.0,1945,0,0.529638881015369,0.05357142857142861,983,0,0.5553065554925674,0.0793650793650794,1829,0,0.5334230914588057,0.05357142857142861,1855,0,0.5720156407470396,0.11309523809523808
dn,HepG2:GRWD1,44156,22078,22078,0,2983,0.5,0.0,41173,0,0.5686079906304572,0.1309448319594166,13711,0,0.6831692884300766,0.27692725790379563,35624,0,0.6477508043872913,0.28381193948727235,35427,0,0.6867162332765119,0.25545792191321676
dn,HepG2:GTF2F1,8940,4470,4470,0,471,0.5,0.0,8469,0,0.541600803767598,0.07427293064876958,6909,0,0.5331296638289567,0.06152125279642061,8372,0,0.542288610623145,0.0742729306487696,8330,0,0.5551713136044922,0.10201342281879197
dn,HepG2:HLTF,7290,3645,3645,0,409,0.5,0.0,6881,0,0.5567081952653258,0.08559670781893004,4669,0,0.5353619686851411,0.05075445816186559,6640,0,0.5760074965988699,0.11220850480109741,6764,0,0.556313908787617,0.10013717421124832
dn,HepG2:HNRNPC,6542,3271,3271,0,208,0.5,0.0,6334,0,0.5246030143070092,0.04708040354631613,5956,0,0.5125233178069771,0.024763069397737727,6327,0,0.5248626073081761,0.04708040354631613,6321,0,0.5269722969639254,0.05227759095077956
dn,HepG2:HNRNPK,11326,5663,5663,0,528,0.5,0.0,10798,0,0.531762743677659,0.05721349108246511,8926,0,0.525698708330006,0.050679851668726864,10689,0,0.531333738847566,0.057213491082465116,10772,0,0.5340381874168624,0.06233445170404376
dn,HepG2:HNRNPL,17636,8818,8818,0,463,0.5,0.0,17173,0,0.5207624641569819,0.040031753232025374,16029,0,0.5174435463945399,0.02177364481741892,17111,0,0.5211233121225007,0.040031753232025374,17202,0,0.5194247282088262,0.037990474030392365
dn,HepG2:HNRNPM,26846,13423,13423,0,976,0.5,0.0,25870,0,0.5306536748664419,0.059673694405125516,24856,0,0.5130769073103693,0.026000148997988526,25815,0,0.5308958590364252,0.059673694405125516,25909,0,0.5298159927012631,0.05870520747969906
dn,HepG2:HNRNPUL1,934,467,467,0,70,0.5,0.0,864,0,0.5628138053730358,0.10920770877944329,760,0,0.5783395769616991,0.14989293361884365,860,0,0.5631118488323574,0.10920770877944327,871,0,0.5584577855829501,0.10278372591006424
dn,HepG2:IGF2BP1,8888,4444,4444,0,407,0.5,0.0,8481,0,0.5451791410014089,0.07853285328532852,4135,0,0.5703413050575985,0.12443744374437445,7948,0,0.5461415628511546,0.0807830783078308,8072,0,0.5792511125549997,0.12196219621962201
dn,HepG2:IGF2BP3,4436,2218,2218,0,142,0.5,0.0,4294,0,0.5326482806060098,0.06131650135256987,1698,0,0.5774713163306043,0.13029756537421106,3957,0,0.5265439298598807,0.04328223624887286,4044,0,0.5801990192547084,0.12037871956717763
dn,HepG2:ILF3,7026,3513,3513,0,213,0.5,0.0,6813,0,0.5255341288981621,0.049814972957586155,6423,0,0.5099830899325664,0.019641332194705402,6787,0,0.5262943486147869,0.04981497295758615,6821,0,0.5252454204297826,0.04924565898092795
dn,HepG2:KHSRP,10578,5289,5289,0,320,0.5,0.0,10258,0,0.5238966342492245,0.04291926640196641,8077,0,0.5331000877579909,0.06560786538097939,10225,0,0.524395963597146,0.042919266401966395,10164,0,0.5278652622957261,0.050293061070145625
dn,HepG2:LARP4,10858,5429,5429,0,321,0.5,0.0,10537,0,0.5284408066067358,0.05120648369865539,3830,0,0.633852124315088,0.2285872167986738,9389,0,0.5540453207620903,0.09301897218640634,9410,0,0.6166917016909897,0.20187879904218087
dn,HepG2:LIN28B,7524,3762,3762,0,401,0.5,0.0,7123,0,0.5546442417402713,0.10287081339712915,2831,0,0.619300075660774,0.195906432748538,6425,0,0.5928148125537532,0.17490696438064862,6389,0,0.6356804071380585,0.19377990430622014
dn,HepG2:LSM11,4892,2446,2446,0,167,0.5,0.0,4725,0,0.529591590455223,0.05233033524121017,1851,0,0.6711790705401848,0.28822567457072773,4091,0,0.5883441285152591,0.15658217497955843,4395,0,0.5822063187917063,0.151676206050695
dn,HepG2:MATR3,13982,6991,6991,0,335,0.5,0.0,13647,0,0.5195527870897461,0.0383350021456158,13295,0,0.5099343044424712,0.01973966528393647,13633,0,0.519603765030385,0.0383350021456158,13669,0,0.518549586640821,0.03647546845944784
dn,HepG2:NCBP2,6452,3226,3226,0,246,0.5,0.0,6206,0,0.5395318531353092,0.05176689398636083,2348,0,0.5792200902539772,0.1326720396776193,5969,0,0.5330540970393606,0.047737135771853706,5417,0,0.6577408005860628,0.277743335399876
dn,HepG2:NKRF,7584,3792,3792,0,458,0.5,0.0,7126,0,0.5500250916875857,0.09388185654008441,6361,0,0.5266230942000926,0.05300632911392408,7084,0,0.5506103094010931,0.09388185654008441,7059,0,0.5579291123662519,0.1128691983122363
dn,HepG2:NOLC1,3256,1628,1628,0,283,0.5,0.0,2973,0,0.5837288106176313,0.1412776412776413,820,0,0.5977739452094488,0.1775184275184275,2853,0,0.5928139092297569,0.1418918918918919,2580,0,0.667225390735833,0.23218673218673216
dn,HepG2:NSUN2,968,484,484,0,49,0.5,0.0,919,0,0.5360225565193635,0.06404958677685954,727,0,0.514405180657059,0.018595041322314064,893,0,0.5374803633631583,0.06404958677685953,891,0,0.554956970152312,0.0971074380165289
dn,HepG2:PABPN1,7898,3949,3949,0,296,0.5,0.0,7602,0,0.53748021510778,0.06786528234996204,2162,0,0.7096972214935156,0.3752848822486705,6011,0,0.6326239446587958,0.2608255254494809,6595,0,0.6422257292764336,0.24791086350974934
dn,HepG2:PCBP1,1880,940,940,0,48,0.5,0.0,1832,0,0.5212449071978271,0.0404255319148936,760,0,0.5444177229515618,0.05957446808510635,1685,0,0.5192038252602988,0.03510638297872339,1757,0,0.547544137618832,0.08297872340425527
dn,HepG2:PCBP2,17040,8520,8520,0,559,0.5,0.0,16481,0,0.5217088278890872,0.0407276995305164,11988,0,0.511557754193392,0.017957746478873278,16125,0,0.5217141798364522,0.03826291079812206,16336,0,0.5288029546606714,0.04964788732394368
dn,HepG2:PPIG,46270,23135,23135,0,3058,0.5,0.0,43212,0,0.5639286810780579,0.12556732223903178,13318,0,0.6978517192362192,0.3209855197752324,35975,0,0.6640577447125476,0.31843527123406096,35114,0,0.7275266350163053,0.3433758374756862
dn,HepG2:PRPF4,18310,9155,9155,0,1081,0.5,0.0,17229,0,0.5419830929250802,0.07558711086837794,12695,0,0.5360768379755059,0.0693610049153468,16834,0,0.5424541835331258,0.07558711086837795,16718,0,0.5623972121610912,0.12015292190060078
dn,HepG2:PRPF8,39400,19700,19700,0,2818,0.5,0.0,36582,0,0.5564521837718055,0.0916243654822335,24987,0,0.5561846942719472,0.10761421319796952,35616,0,0.5610316640469994,0.09959390862944162,34808,0,0.599166205003994,0.17350253807106594
dn,HepG2:PTBP1,16002,8001,8001,0,459,0.5,0.0,15543,0,0.520887449686212,0.03924509436320458,14268,0,0.5135326166343942,0.02649668791401073,15484,0,0.5212350893333684,0.03924509436320458,15501,0,0.5241683715919712,0.0469941257342832
dn,HepG2:QKI,19980,9990,9990,0,480,0.5,0.0,19500,0,0.5176003330657986,0.033633633633633614,18029,0,0.5122384697009321,0.024324324324324312,19454,0,0.5177028329630933,0.03363363363363361,19446,0,0.5205019634248863,0.03943943943943942
dn,HepG2:RBFOX2,14914,7457,7457,0,918,0.5,0.0,13996,0,0.5425033254446768,0.08233874212149658,11382,0,0.5434139416890893,0.08582539895400297,13847,0,0.5439214780898664,0.08233874212149658,13923,0,0.5485576426026225,0.08274104867909343
dn,HepG2:RBM15,3000,1500,1500,0,174,0.5,0.0,2826,0,0.5574982222222222,0.10466666666666666,1251,0,0.5486284444444445,0.09333333333333337,2709,0,0.5467851111111112,0.08066666666666665,2753,0,0.575246,0.128
dn,HepG2:RBM22,3762,1881,1881,0,287,0.5,0.0,3475,0,0.5658983579322705,0.11695906432748536,2729,0,0.5560606201922411,0.11164274322169063,3464,0,0.5660388263846671,0.11695906432748537,3461,0,0.5593463666577072,0.11057947900053161
dn,HepG2:RBM5,1282,641,641,0,90,0.5,0.0,1192,0,0.5627261907949016,0.10608424336973482,801,0,0.5584074221003161,0.11544461778471138,1182,0,0.5647790966240833,0.10608424336973481,1180,0,0.5569507959725566,0.11076443057722309
dn,HepG2:RPS3,11316,5658,5658,0,711,0.5,0.0,10605,0,0.5675101187131564,0.12407211028632027,3553,0,0.6207111281542065,0.18504772004241782,9349,0,0.6208304235746493,0.22552138564863905,8955,0,0.6994869172376541,0.28066454577589256
dn,HepG2:SDAD1,1826,913,913,0,129,0.5,0.0,1697,0,0.5717199176073007,0.13691128148959475,670,0,0.6614581396381103,0.26834611171960565,1581,0,0.6059450387430434,0.20262869660460026,1492,0,0.6708712776026939,0.22562979189485222
dn,HepG2:SF3A3,4714,2357,2357,0,409,0.5,0.0,4305,0,0.5863569263258469,0.1429783623249894,2535,0,0.5959813509223107,0.19134492999575733,4245,0,0.5864807687011437,0.1429783623249894,4216,0,0.57634981438944,0.14722104369961816
dn,HepG2:SF3B4,11816,5908,5908,0,940,0.5,0.0,10876,0,0.5736439041149579,0.12474610697359512,7325,0,0.5801832109497513,0.15995260663507113,10767,0,0.5742343443520577,0.12474610697359512,10771,0,0.5709943146527046,0.13050101557210564
dn,HepG2:SFPQ,5128,2564,2564,0,263,0.5,0.0,4865,0,0.5400396495579012,0.07410296411856475,4702,0,0.5039720290059652,0.0074102964118565135,4860,0,0.5401314492517297,0.07410296411856475,4882,0,0.5384949504844468,0.07293291731669263
dn,HepG2:SLTM,2548,1274,1274,0,179,0.5,0.0,2369,0,0.5518312143115911,0.09183673469387756,1967,0,0.5547746993979333,0.10439560439560437,2349,0,0.5491652886248086,0.09183673469387757,2363,0,0.5554958609455134,0.09654631083202513
dn,HepG2:SND1,14190,7095,7095,0,1027,0.5,0.0,13163,0,0.5722318022647438,0.14249471458773785,4536,0,0.6300636037348757,0.1722339675828048,11338,0,0.6474382747778686,0.29429175475687097,11216,0,0.7025676897794504,0.26976744186046514
dn,HepG2:SRSF1,3582,1791,1791,0,218,0.5,0.0,3364,0,0.5588054111365812,0.10720268006700168,1171,0,0.6503555060493857,0.23506420993858176,2940,0,0.6299229879779192,0.231714126186488,2932,0,0.6627081994749477,0.25516471245114464
dn,HepG2:SRSF7,866,433,433,0,49,0.5,0.0,817,0,0.5344580215372635,0.06466512702078521,577,0,0.5350153875694041,0.03926096997690531,790,0,0.5367968254137575,0.062355658198614314,791,0,0.5657798590850662,0.11085450346420327
dn,HepG2:SRSF9,1332,666,666,0,66,0.5,0.0,1266,0,0.544224404584765,0.07057057057057053,695,0,0.5455579453327201,0.0690690690690691,1153,0,0.5944085977869762,0.15315315315315314,1192,0,0.5891657423188955,0.15165165165165162
dn,HepG2:STAU2,1696,848,848,0,68,0.5,0.0,1628,0,0.5351812811498755,0.06014150943396226,1352,0,0.536538525720897,0.04245283018867927,1582,0,0.5429680546902812,0.07547169811320754,1636,0,0.5289005484603061,0.050707547169811316
dn,HepG2:SUB1,6594,3297,3297,0,164,0.5,0.0,6430,0,0.5246550457309515,0.0448892932969366,2235,0,0.6417154904749303,0.25113739763421294,6054,0,0.5257394775022265,0.03457688808007279,5889,0,0.606957005150499,0.15984228086138919
dn,HepG2:SUGP2,28826,14413,14413,0,754,0.5,0.0,28072,0,0.5218133627051741,0.04294733920765978,27363,0,0.5080440631910427,0.016027197668771254,28078,0,0.5217633132596241,0.042947339207659786,28106,0,0.5209534985965673,0.041282175813501694
dn,HepG2:TAF15,1536,768,768,0,53,0.5,0.0,1483,0,0.5254152086046008,0.0455729166666667,1352,0,0.5143678453233507,0.028645833333333297,1482,0,0.5254999796549479,0.045572916666666706,1482,0,0.5256932576497396,0.04687499999999999
dn,HepG2:TARDBP,35504,17752,17752,0,1274,0.5,0.0,34230,0,0.5287041488295704,0.05481072555205047,32121,0,0.5136952337508359,0.02371563767462821,34063,0,0.529452050899672,0.05481072555205048,34318,0,0.5270515809705845,0.052444794952681395
dn,HepG2:TIA1,3458,1729,1729,0,57,0.5,0.0,3401,0,0.5140655058922386,0.024291497975708537,1669,0,0.5343943901217653,0.06130711393869285,3324,0,0.5229733585643604,0.029496818970503224,3353,0,0.527861396160687,0.04511278195488723
dn,HepG2:TIAL1,4764,2382,2382,0,156,0.5,0.0,4608,0,0.5318039155970364,0.05121746431570108,2726,0,0.5222038575067273,0.028127623845507984,4545,0,0.5349985301177809,0.05121746431570105,4561,0,0.5368137641603941,0.06339210747271204
dn,HepG2:TRA2A,1842,921,921,0,134,0.5,0.0,1708,0,0.5742625032272668,0.14115092290988057,558,0,0.6660394864195435,0.24538545059717698,1482,0,0.6547372739586981,0.29315960912052114,1490,0,0.6799836367258834,0.25515743756786097
dn,HepG2:U2AF1,2188,1094,1094,0,109,0.5,0.0,2079,0,0.5432611485617077,0.07221206581352835,934,0,0.5880454799153769,0.1416819012797075,1900,0,0.6000968386646124,0.16361974405850088,1809,0,0.6521102306414579,0.28519195612431447
dn,HepG2:U2AF2,21404,10702,10702,0,978,0.5,0.0,20426,0,0.5473200673581693,0.07325733507755561,11961,0,0.569675531562119,0.08643244253410573,19016,0,0.6130721814861008,0.16211923005045786,17876,0,0.6394128358195089,0.2465894225378434
dn,HepG2:UCHL5,4466,2233,2233,0,301,0.5,0.0,4165,0,0.5660527297956456,0.12718316166592028,1368,0,0.678302340678609,0.27630989699955216,3590,0,0.6446104507781238,0.277653381101657,3619,0,0.680195933288263,0.24988804299149125
dn,HepG2:UPF1,19520,9760,9760,0,111,0.5,0.0,19409,0,0.5054987791000404,0.007479508196721288,7920,0,0.5706702089911987,0.09979508196721311,17843,0,0.5595513323871271,0.11772540983606555,19310,0,0.5102047500671861,0.012807377049180325
dn,HepG2:XPO5,9236,4618,4618,0,436,0.5,0.0,8800,0,0.5329507645249041,0.06084885231702038,7545,0,0.5370386296040444,0.053919445647466466,8707,0,0.5349973112536648,0.060848852317020384,8784,0,0.5350653270639059,0.06344737981810308
dn,HepG2:XRN2,3142,1571,1571,0,266,0.5,0.0,2876,0,0.5653109085302879,0.11584977721196696,2436,0,0.5480279703619186,0.09420751113940169,2859,0,0.5666036342183942,0.11584977721196693,2832,0,0.5778923445761234,0.14513049013367282
dn,HepG2:YBX3,4084,2042,2042,0,168,0.5,0.0,3916,0,0.538650868490399,0.06758080313418217,1980,0,0.5842480533670491,0.1297747306562194,3512,0,0.5634815303695845,0.11067580803134183,3584,0,0.6000096168512175,0.16846229187071504
dn,HepG2:ZC3H11A,2310,1155,1155,0,39,0.5,0.0,2271,0,0.5131819118832106,0.023376623376623384,951,0,0.6721448248720976,0.2961038961038961,2153,0,0.5136845261520586,0.019913419913419956,2208,0,0.5387245366466146,0.07099567099567099
dn,HepG2:ZNF800,5876,2938,2938,0,451,0.5,0.0,5425,0,0.5771280736769571,0.15146358066712046,2027,0,0.6849596100207557,0.2882913546630361,4843,0,0.63513954839777,0.26446562287270253,4826,0,0.6750600451073955,0.24608577263444523
dn,K562:AATF,2162,1081,1081,0,183,0.5,0.0,1979,0,0.5773840646744158,0.13691026827012026,1200,0,0.572455781084599,0.14431082331174838,1969,0,0.5775192737050099,0.13691026827012026,1846,0,0.61513690770101,0.18038852913968545
dn,K562:ADAT1,1872,936,936,0,62,0.5,0.0,1810,0,0.5250132405581124,0.04273504273504271,1482,0,0.5188837752940316,0.03418803418803418,1802,0,0.5268309637300022,0.04273504273504271,1790,0,0.5324730394842574,0.05662393162393163
dn,K562:AGGF1,13924,6962,6962,0,589,0.5,0.0,13335,0,0.5313473989922393,0.06018385521401895,12278,0,0.5115172664245953,0.022407354208560763,13240,0,0.5313036807271814,0.06018385521401894,13303,0,0.5323381159478536,0.06205113473139902
dn,K562:AKAP1,2988,1494,1494,0,22,0.5,0.0,2966,0,0.505164343227439,0.0073627844712182275,1323,0,0.5339376246619678,0.05153949129852743,2777,0,0.5473646034382957,0.0937081659973226,2954,0,0.5106532779937242,0.014725568942436458
dn,K562:AKAP8L,4374,2187,2187,0,277,0.5,0.0,4097,0,0.5486458306545579,0.08641975308641978,3504,0,0.5306048397972054,0.05944215820759028,4060,0,0.5485538375849812,0.08641975308641978,4077,0,0.5543492964307316,0.09922267946959305
dn,K562:APOBEC3C,2042,1021,1021,0,55,0.5,0.0,1987,0,0.5254935291301858,0.04505386875612148,719,0,0.64846163955562,0.25073457394711063,1801,0,0.5655384813145301,0.1194906953966699,1727,0,0.6394927866421216,0.23800195886385894
dn,K562:AQR,49192,24596,24596,0,3468,0.5,0.0,45724,0,0.5558321226922331,0.0955033338754269,32198,0,0.563579844166922,0.12432915921288012,44748,0,0.5581222908600776,0.0955033338754269,44127,0,0.5838025365165342,0.15002439421044073
dn,K562:BUD13,17700,8850,8850,0,1338,0.5,0.0,16362,0,0.5697019885728878,0.12384180790960456,7168,0,0.5960880270675732,0.12101694915254235,14786,0,0.6248505218806857,0.21672316384180795,14315,0,0.667731909732197,0.27638418079096044
dn,K562:CPSF6,1582,791,791,0,74,0.5,0.0,1508,0,0.5425871969901596,0.07838179519595448,653,0,0.6017563263068559,0.14917825537294566,1384,0,0.593193656192213,0.16308470290771176,1389,0,0.6028103778123357,0.16308470290771176
dn,K562:CSTF2T,21630,10815,10815,0,1231,0.5,0.0,20399,0,0.5444944853864504,0.08072122052704578,17853,0,0.5290932163231963,0.057235321312991236,20261,0,0.5449724306727121,0.08072122052704578,20180,0,0.5534830842507613,0.10078594544613961
dn,K562:DDX1,7194,3597,3597,0,525,0.5,0.0,6669,0,0.5639742490749828,0.12427022518765639,6505,0,0.5215228549352552,0.04197942730052821,6642,0,0.5645115253351474,0.12427022518765639,6700,0,0.560175520807852,0.11843202668890741
dn,K562:DDX24,19200,9600,9600,0,1413,0.5,0.0,17787,0,0.5704960503472223,0.13656250000000003,5827,0,0.6861934678819446,0.2977083333333333,15111,0,0.6582019585503471,0.30302083333333335,14845,0,0.7115161349826389,0.3165625
dn,K562:DDX3X,13344,6672,6672,0,438,0.5,0.0,12906,0,0.5477419323533979,0.062050359712230205,3744,0,0.6115673558275683,0.1945443645083933,12137,0,0.5462987972931008,0.08168465227817745,10339,0,0.7043826157599101,0.37455035971223016
dn,K562:DDX43,18196,9098,9098,0,1229,0.5,0.0,16967,0,0.5671200084510033,0.1287096065069246,5717,0,0.6921576653832785,0.3039129479006375,14405,0,0.6523629199472818,0.2884150362717081,14652,0,0.6789513297016765,0.2524730710046164
dn,K562:DDX52,2484,1242,1242,0,184,0.5,0.0,2300,0,0.5604898727054437,0.10950080515297902,2057,0,0.5304807450452622,0.05555555555555555,2290,0,0.5603936044144684,0.10950080515297902,2292,0,0.5645072100736177,0.11996779388083734
dn,K562:DDX55,2202,1101,1101,0,59,0.5,0.0,2143,0,0.5259152566282325,0.04541326067211624,711,0,0.6237579411335249,0.20435967302452318,1896,0,0.5284247414413946,0.04904632152588559,1960,0,0.5991621851491625,0.1634877384196185
dn,K562:DDX6,3910,1955,1955,0,84,0.5,0.0,3826,0,0.5145183508742093,0.023017902813299247,1830,0,0.5787473917622203,0.13350383631713555,3574,0,0.5212898921383298,0.030690537084398985,3678,0,0.560738613693003,0.09053708439897697
dn,K562:DGCR8,2506,1253,1253,0,213,0.5,0.0,2293,0,0.5827558950299011,0.13567438148443733,1359,0,0.567941648742141,0.1340782122905028,2272,0,0.5825310555544586,0.13567438148443733,2100,0,0.6213072663914666,0.21388667198723066
dn,K562:DHX30,1648,824,824,0,108,0.5,0.0,1540,0,0.5508280115939297,0.08980582524271843,1220,0,0.5227659004147422,0.0436893203883495,1514,0,0.5524790272410217,0.08980582524271843,1490,0,0.5692506067961165,0.12257281553398058
dn,K562:DROSHA,7832,3916,3916,0,500,0.5,0.0,7332,0,0.5463538574622747,0.07941777323799798,5308,0,0.5357507008777797,0.0702247191011236,7250,0,0.5447876095137834,0.07941777323799798,7058,0,0.5725743681666372,0.13202247191011235
dn,K562:EFTUD2,11126,5563,5563,0,755,0.5,0.0,10371,0,0.5548508967065563,0.09509257594822941,7039,0,0.5546263512914625,0.10641740068308468,10107,0,0.5582366079211183,0.09509257594822941,9922,0,0.5812274378146693,0.15818802804242316
dn,K562:EIF4E,4284,2142,2142,0,124,0.5,0.0,4160,0,0.5350408137111053,0.04575163398692814,1649,0,0.5678799842377038,0.10784313725490194,4047,0,0.5187804969482347,0.028011204481792732,3648,0,0.6328403910583842,0.2436974789915966
dn,K562:EIF4G2,9250,4625,4625,0,449,0.5,0.0,8801,0,0.540168788897005,0.07437837837837837,8076,0,0.5156416186997809,0.027675675675675655,8743,0,0.5413608531775018,0.07437837837837835,8817,0,0.538854965668371,0.07351351351351347
dn,K562:ELAC2,25866,12933,12933,0,1275,0.5,0.0,24591,0,0.5411060455999791,0.07801747467718242,22717,0,0.5133025672002285,0.024820227325446538,24412,0,0.5425840817184061,0.07801747467718241,24620,0,0.540121649750172,0.0767030078094796
dn,K562:ELAVL1,17608,8804,8804,0,262,0.5,0.0,17346,0,0.5110061143266215,0.01965015901862791,13099,0,0.5138719872178212,0.020672421626533388,17169,0,0.5152524403945916,0.024647887323943646,17246,0,0.5169484834141518,0.02907769195820084
dn,K562:EWSR1,17426,8713,8713,0,1194,0.5,0.0,16232,0,0.5579573161619465,0.1079995409158729,15199,0,0.5260109186728885,0.05176173533800068,16137,0,0.5582441844656717,0.1079995409158729,16243,0,0.5575690072848453,0.10914725123378863
dn,K562:EXOSC10,2726,1363,1363,0,150,0.5,0.0,2576,0,0.5531704964395465,0.08804108584005868,1484,0,0.5987908076838401,0.13646368305209094,2387,0,0.6082699194571554,0.16654438738077768,2344,0,0.6109255241098328,0.17681584739545123
dn,K562:EXOSC5,23996,11998,11998,0,503,0.5,0.0,23493,0,0.5182897696929597,0.03633938989831641,23199,0,0.5047270165130873,0.008918153025504276,23452,0,0.5183268862307746,0.03633938989831641,23517,0,0.5173922934758171,0.03467244540756789
dn,K562:FAM120A,11724,5862,5862,0,187,0.5,0.0,11537,0,0.5164456035967012,0.021835551006482417,6485,0,0.5518467310404749,0.09297168201978849,11191,0,0.5372383919189465,0.06294779938587515,11498,0,0.5225766087544513,0.029000341180484487
dn,K562:FASTKD2,1084,542,542,0,80,0.5,0.0,1004,0,0.561707697335276,0.10885608856088558,811,0,0.522283193311638,0.040590405904059025,998,0,0.5635969689955201,0.1088560885608856,985,0,0.578564766274969,0.14206642066420663
dn,K562:FMR1,8890,4445,4445,0,597,0.5,0.0,8293,0,0.5704420608841219,0.13228346456692916,3380,0,0.6194342045826948,0.19145106861642297,7514,0,0.6060180610157139,0.19482564679415074,7578,0,0.651236092676267,0.2085489313835771
dn,K562:FTO,1680,840,840,0,80,0.5,0.0,1600,0,0.5436139455782313,0.06904761904761902,983,0,0.5363839285714286,0.06666666666666662,1556,0,0.5366695011337869,0.059523809523809534,1459,0,0.6077749433106576,0.1964285714285714
dn,K562:FUS,8928,4464,4464,0,606,0.5,0.0,8322,0,0.5517093237336365,0.0896057347670251,7041,0,0.523752419796444,0.04637096774193543,8246,0,0.5524300436948395,0.0896057347670251,8270,0,0.5560753952769105,0.09767025089605731
dn,K562:FXR1,2850,1425,1425,0,242,0.5,0.0,2608,0,0.5863436134195137,0.16982456140350877,967,0,0.6122164358264082,0.14385964912280705,2334,0,0.6269806094182825,0.25263157894736843,2344,0,0.681123053247153,0.2589473684210526
dn,K562:FXR2,9490,4745,4745,0,575,0.5,0.0,8915,0,0.5631594013331098,0.11190727081138042,4047,0,0.5952155282972149,0.1405690200210748,8151,0,0.5939227693506891,0.16206533192834557,8159,0,0.6352220350632523,0.19114857744994732
dn,K562:GARS,1132,566,566,0,79,0.5,0.0,1053,0,0.5569928454594264,0.09540636042402828,631,0,0.528716490404425,0.035335689045936355,1023,0,0.5580026595412603,0.08833922261484102,960,0,0.5973073705502628,0.1537102473498233
dn,K562:GEMIN5,5280,2640,2640,0,255,0.5,0.0,5025,0,0.541608628902663,0.0609848484848485,2520,0,0.5531328914141415,0.06477272727272729,4858,0,0.5361459050734619,0.05037878787878787,4502,0,0.6231041236225896,0.22803030303030303
dn,K562:GPKOW,2164,1082,1082,0,125,0.5,0.0,2039,0,0.5636174708983501,0.10166358595194085,1047,0,0.60629704353887,0.13955637707948243,1863,0,0.6449743919147468,0.2208872458410351,1761,0,0.6672345488774467,0.2828096118299445
dn,K562:GRWD1,8750,4375,4375,0,599,0.5,0.0,8151,0,0.5660866873469388,0.13005714285714282,2692,0,0.6902906253061225,0.2923428571428572,7018,0,0.6466071510204082,0.28617142857142863,6903,0,0.6934891363265305,0.28068571428571426
dn,K562:GTF2F1,9918,4959,4959,0,542,0.5,0.0,9376,0,0.5436540308082233,0.07844323452308932,7948,0,0.5238758993335999,0.046581972171808865,9298,0,0.5447280322154471,0.07844323452308932,9273,0,0.5543466711364708,0.10002016535591851
dn,K562:HNRNPC,1032,516,516,0,22,0.5,0.0,1010,0,0.5161611381527552,0.02713178294573647,767,0,0.520705636680488,0.03682170542635662,1001,0,0.5183920737936422,0.029069767441860496,997,0,0.5226323538248904,0.03875968992248062
dn,K562:HNRNPK,9642,4821,4821,0,499,0.5,0.0,9143,0,0.5350106946287548,0.05953121758971164,6823,0,0.5316072930083894,0.06077577266127363,8982,0,0.532963735844025,0.05932379174445132,9058,0,0.5421612069267066,0.07073221323376896
dn,K562:HNRNPL,11680,5840,5840,0,360,0.5,0.0,11320,0,0.5248043136610996,0.048116438356164394,10540,0,0.513823287084819,0.027054794520547907,11300,0,0.5250421045224245,0.0481164383561644,11328,0,0.5249355091246013,0.04931506849315069
dn,K562:HNRNPM,12882,6441,6441,0,561,0.5,0.0,12321,0,0.5341412181958745,0.06458624437199191,11331,0,0.5191833214294556,0.03788231641049525,12242,0,0.5344497524386318,0.06458624437199192,12282,0,0.5368730960815885,0.07064120478186618
dn,K562:IGF2BP1,11412,5706,5706,0,371,0.5,0.0,11041,0,0.5342210848211505,0.061864703820539824,4716,0,0.587320779167648,0.14879074658254468,10441,0,0.5444271647446456,0.07746232036452855,10442,0,0.5702391539937606,0.11373992288818789
dn,K562:IGF2BP2,7666,3833,3833,0,297,0.5,0.0,7369,0,0.5377803017705892,0.06913644664753456,2798,0,0.5944095752425028,0.15966605791807986,6593,0,0.5547905378266881,0.1017479780850509,6843,0,0.5991663495415736,0.15131750587007564
dn,K562:ILF3,5826,2913,2913,0,222,0.5,0.0,5604,0,0.5308886769997392,0.06041881222107792,5149,0,0.5118133504070264,0.02334363199450739,5575,0,0.5318504863963748,0.060418812221077936,5582,0,0.5330185282801896,0.06453827669069682
dn,K562:KHDRBS1,2440,1220,1220,0,38,0.5,0.0,2402,0,0.5105059123891428,0.01967213114754103,2179,0,0.5147470438054287,0.027049180327868867,2400,0,0.5105253963988176,0.01967213114754103,2397,0,0.5119762832571889,0.022950819672131115
dn,K562:KHSRP,46384,23192,23192,0,1100,0.5,0.0,45284,0,0.5177755976222488,0.0319937909624008,39220,0,0.5241660883720535,0.04803380476026217,45245,0,0.5179130344678216,0.0319937909624008,44989,0,0.5202143193772971,0.03759917212832012
dn,K562:LARP4,860,430,430,0,21,0.5,0.0,839,0,0.5236938885884262,0.03953488372093027,368,0,0.6402677122769064,0.20930232558139533,787,0,0.5434910762574364,0.07209302325581399,731,0,0.6510086533261221,0.2372093023255814
dn,K562:LIN28B,13832,6916,6916,0,653,0.5,0.0,13179,0,0.5479298533571996,0.09065934065934067,5087,0,0.619204591677842,0.19491035280508962,11562,0,0.6177637286536178,0.21602082128397918,11471,0,0.6531847007517458,0.24204742625795256
dn,K562:LSM11,2678,1339,1339,0,146,0.5,0.0,2532,0,0.5393246551298133,0.06721433905899928,1895,0,0.5393452918449837,0.06348020911127704,2447,0,0.5380775282346517,0.06721433905899926,2471,0,0.5566466676445866,0.09783420463032112
dn,K562:MATR3,9734,4867,4867,0,268,0.5,0.0,9466,0,0.5221870314153483,0.0435586603657284,9100,0,0.5090343553564892,0.017875487980275308,9447,0,0.5222423977282038,0.04355866036572839,9485,0,0.5206310332763995,0.040887610437641234
dn,K562:MBNL1,2404,1202,1202,0,108,0.5,0.0,2296,0,0.5305349376109146,0.05241264559068216,1683,0,0.5212810872616631,0.02662229617304493,2248,0,0.5360872478204656,0.0574043261231281,2285,0,0.5343396059257866,0.05990016638935109
dn,K562:METAP2,6240,3120,3120,0,416,0.5,0.0,5824,0,0.5605121527777778,0.11955128205128207,2003,0,0.6403436267258382,0.2237179487179487,5031,0,0.6066098578238002,0.20897435897435904,4938,0,0.6856659886587771,0.28846153846153844
dn,K562:METTL1,962,481,481,0,56,0.5,0.0,906,0,0.5406334689078972,0.0665280665280665,777,0,0.5292508244691198,0.031185031185031187,905,0,0.5397041852343308,0.0665280665280665,907,0,0.5330046982853636,0.05405405405405406
dn,K562:MORC2,1782,891,891,0,162,0.5,0.0,1620,0,0.5689183895319324,0.12682379349046016,1351,0,0.5223194660156875,0.04377104377104378,1612,0,0.5702435251630912,0.1268237934904602,1584,0,0.5854025981223886,0.15375982042648711
dn,K562:MTPAP,2166,1083,1083,0,178,0.5,0.0,1988,0,0.5676683812364172,0.123730378578024,1096,0,0.5768137479335215,0.10710987996306556,1859,0,0.6065957648166194,0.18374884579870726,1850,0,0.6192406101515148,0.18190212373037856
dn,K562:NOLC1,3140,1570,1570,0,106,0.5,0.0,3034,0,0.5295072822426874,0.04904458598726115,1356,0,0.621976550772851,0.21146496815286622,2902,0,0.5252359122073919,0.03949044585987262,2885,0,0.5678169499776867,0.1089171974522293
dn,K562:NONO,22686,11343,11343,0,1482,0.5,0.0,21204,0,0.5523516475115672,0.09415498545358375,18989,0,0.53438914980563,0.06832407652296575,21080,0,0.5527930464648956,0.09415498545358375,21105,0,0.5572195298145166,0.10693819977078377
dn,K562:PABPC4,11656,5828,5828,0,238,0.5,0.0,11418,0,0.5200668712188197,0.03603294440631435,3839,0,0.634917362233489,0.2505147563486616,10353,0,0.5426500100807923,0.06811942347288952,10255,0,0.6171395286475863,0.18874399450926566
dn,K562:PCBP1,4052,2026,2026,0,141,0.5,0.0,3911,0,0.529956201171542,0.05676209279368215,1580,0,0.581704621753337,0.11648568608094773,3662,0,0.5280405810348978,0.0493583415597236,3715,0,0.5749300310182826,0.1164856860809477
dn,K562:PHF6,1390,695,695,0,113,0.5,0.0,1277,0,0.5627244966616636,0.11798561151079139,946,0,0.536840743232752,0.07194244604316546,1267,0,0.5624356917343823,0.11798561151079139,1217,0,0.5994617255835619,0.17266187050359716
dn,K562:PPIL4,1318,659,659,0,78,0.5,0.0,1240,0,0.5497132041235975,0.07738998482549314,919,0,0.5598287744570911,0.1168437025796662,1235,0,0.5502715983430084,0.07738998482549315,1242,0,0.5457445755167738,0.07587253414264036
dn,K562:PRPF8,22560,11280,11280,0,1369,0.5,0.0,21191,0,0.5537074813892662,0.0897163120567376,14983,0,0.5657096403287059,0.1297872340425532,20956,0,0.5541857843229716,0.0897163120567376,20661,0,0.5611089773213118,0.11897163120567378
dn,K562:PTBP1,15246,7623,7623,0,408,0.5,0.0,14838,0,0.5185666770762116,0.0343696707333071,13378,0,0.5168575000065823,0.03305785123966942,14767,0,0.5190934096876639,0.0343696707333071,14749,0,0.5241472360180098,0.046700773973501246
dn,K562:PUM1,5316,2658,2658,0,341,0.5,0.0,4975,0,0.5629991886724406,0.12001504890895412,1789,0,0.6458221867797204,0.21708051166290446,4398,0,0.6242500315642089,0.23852520692249812,4326,0,0.6679370906914741,0.24040632054176073
dn,K562:PUM2,10764,5382,5382,0,126,0.5,0.0,10638,0,0.5119890703296742,0.020810107766629466,4794,0,0.6031067056586906,0.14845782237086583,10257,0,0.506091502553138,0.007617985878855433,10310,0,0.5361773717282419,0.06280193236714977
dn,K562:QKI,4378,2189,2189,0,110,0.5,0.0,4268,0,0.5172630042525431,0.03334856098675194,3801,0,0.5174817148160338,0.03426222019186844,4256,0,0.5172928473924087,0.03334856098675193,4242,0,0.5229171314440053,0.043398812243033394
dn,K562:RBFOX2,7038,3519,3519,0,429,0.5,0.0,6609,0,0.5452862514465985,0.08297811878374538,5035,0,0.549862311209372,0.09917590224495598,6546,0,0.546559007687816,0.08297811878374539,6536,0,0.5484199725744893,0.09292412617220806
dn,K562:RBM15,18820,9410,9410,0,1234,0.5,0.0,17586,0,0.5624733167623021,0.11264612114771518,7374,0,0.5610735521146133,0.08767268862911798,16412,0,0.5716032190414023,0.12848034006376194,16806,0,0.5953412213249071,0.15409139213602552
dn,K562:RBM22,1982,991,991,0,104,0.5,0.0,1878,0,0.549294813767907,0.08274470232088799,1278,0,0.5612693861300646,0.12209889001009079,1872,0,0.5497881539302766,0.08274470232088799,1826,0,0.5591045952421441,0.09384460141271443
dn,K562:RNF187,1392,696,696,0,47,0.5,0.0,1345,0,0.5219790428061831,0.038793103448275856,1122,0,0.5348151175848856,0.0675287356321839,1347,0,0.5216642307438235,0.037356321839080456,1346,0,0.5191137369533625,0.034482758620689676
dn,K562:RPS3,4744,2372,2372,0,317,0.5,0.0,4427,0,0.5708621203245281,0.13069139966273188,1263,0,0.685437751849145,0.27023608768971336,3832,0,0.6431653971716114,0.26686340640809436,3510,0,0.7314524746266874,0.368043844856661
dn,K562:RYBP,1512,756,756,0,57,0.5,0.0,1455,0,0.5214842109683381,0.039682539682539666,1256,0,0.5322254416169759,0.06349206349206349,1463,0,0.5191938915483889,0.0357142857142857,1454,0,0.525714040760337,0.04629629629629628
dn,K562:SAFB,1054,527,527,0,58,0.5,0.0,996,0,0.5455209934864562,0.07400379506641368,721,0,0.5545513792221914,0.10436432637571158,974,0,0.5507761162860199,0.0872865275142315,993,0,0.5394593290581826,0.07210626185958255
dn,K562:SAFB2,7488,3744,3744,0,227,0.5,0.0,7261,0,0.5255367633798123,0.043803418803418794,6341,0,0.5292675189134524,0.05742521367521368,7225,0,0.5250398857545292,0.043536324786324784,7273,0,0.5252737000283074,0.04353632478632479
dn,K562:SF3B4,20540,10270,10270,0,1415,0.5,0.0,19125,0,0.5631950434661415,0.10009737098344694,12197,0,0.5581981722319194,0.11187925998052577,18592,0,0.5676104383211232,0.10009737098344695,18363,0,0.5889090752221661,0.1596884128529698
dn,K562:SLTM,7278,3639,3639,0,485,0.5,0.0,6793,0,0.5457239708960385,0.08298983237153068,5679,0,0.5538727312228725,0.1055234954657873,6733,0,0.5448986624021576,0.08298983237153068,6784,0,0.548324006040935,0.08189062929376202
dn,K562:SMNDC1,4930,2465,2465,0,395,0.5,0.0,4535,0,0.5771455961555076,0.13225152129817447,2820,0,0.5703240910269123,0.13955375253549696,4467,0,0.5774864327769297,0.13225152129817444,4252,0,0.6056860962192808,0.15659229208924952
dn,K562:SND1,8264,4132,4132,0,529,0.5,0.0,7735,0,0.5643521182394347,0.12657308809293316,2449,0,0.6590264202423604,0.2366892545982575,6320,0,0.6780185392221267,0.350677637947725,6350,0,0.7229235330886178,0.32212003872216843
dn,K562:SRSF1,7728,3864,3864,0,514,0.5,0.0,7214,0,0.5666232722610154,0.12758799171842647,2314,0,0.6711182267487966,0.27018633540372666,6225,0,0.6376008539836855,0.2660455486542443,6112,0,0.6969372953182532,0.2831262939958592
dn,K562:SRSF7,1008,504,504,0,58,0.5,0.0,950,0,0.5534041162761401,0.08730158730158731,379,0,0.6511715797430082,0.22222222222222227,810,0,0.6502110103300579,0.26785714285714285,844,0,0.6429122574955908,0.24206349206349206
dn,K562:TAF15,1090,545,545,0,55,0.5,0.0,1035,0,0.5476357208989142,0.07889908256880734,856,0,0.5395219257638245,0.07889908256880732,1030,0,0.5479016917767865,0.07889908256880734,1035,0,0.5371652217826781,0.07155963302752297
dn,K562:TARDBP,9172,4586,4586,0,349,0.5,0.0,8823,0,0.5296838830860301,0.05451373746184039,8059,0,0.5128330758452743,0.01897078063672048,8760,0,0.5305335176038719,0.05451373746184039,8844,0,0.5278965076783301,0.05255124291321413
dn,K562:TIA1,11766,5883,5883,0,416,0.5,0.0,11350,0,0.5294528217228418,0.05014448410674827,7011,0,0.521116962362765,0.03348631650518446,11194,0,0.5354849909226286,0.05014448410674825,11178,0,0.5401949725696754,0.06816250212476624
dn,K562:TRA2A,3480,1740,1740,0,257,0.5,0.0,3223,0,0.5715672479852028,0.1396551724137931,1056,0,0.6515576694411415,0.232183908045977,2773,0,0.6562640375214692,0.2936781609195402,2949,0,0.641204749636676,0.2149425287356322
dn,K562:TROVE2,944,472,472,0,49,0.5,0.0,895,0,0.5431875718184429,0.07415254237288138,410,0,0.5379268708704396,0.05508474576271187,858,0,0.5654827097098536,0.11228813559322036,724,0,0.6952294599253087,0.3516949152542373
dn,K562:U2AF1,2460,1230,1230,0,131,0.5,0.0,2329,0,0.5571438958292022,0.09756097560975613,950,0,0.6288829400489128,0.16016260162601625,2043,0,0.6604706193403398,0.26097560975609757,1913,0,0.6914108665476898,0.34715447154471546
dn,K562:U2AF2,7280,3640,3640,0,395,0.5,0.0,6885,0,0.5576009464436662,0.09532967032967038,3066,0,0.6214857429658254,0.1486263736263736,6141,0,0.655898102584229,0.24642857142857144,5703,0,0.6847587851708731,0.3266483516483516
dn,K562:UCHL5,37130,18565,18565,0,2496,0.5,0.0,34634,0,0.566609051302776,0.12712092647454887,12559,0,0.6681893194647553,0.2434688930783733,30161,0,0.6485285197284361,0.2778346350659844,30143,0,0.6748659128447817,0.24341502827901967
dn,K562:UPF1,26824,13412,13412,0,138,0.5,0.0,26686,0,0.5047273919025379,0.005070086489710706,11560,0,0.5661336427781132,0.10125260960334032,25147,0,0.5456786515256379,0.0885773933790635,26574,0,0.5093605413343112,0.011855055174470653
dn,K562:XRCC6,1720,860,860,0,109,0.5,0.0,1611,0,0.5474607896160086,0.07906976744186048,1020,0,0.5348708761492699,0.06395348837209303,1557,0,0.5491928069226609,0.0755813953488372,1533,0,0.5722796106003245,0.11976744186046509
dn,K562:XRN2,2870,1435,1435,0,264,0.5,0.0,2606,0,0.5723320666755697,0.1337979094076655,1976,0,0.5655943376755819,0.129616724738676,2579,0,0.5725430683873787,0.1337979094076655,2560,0,0.587049739586495,0.14703832752613238
dn,K562:YBX3,35958,17979,17979,0,1973,0.5,0.0,33985,0,0.5541595980609609,0.10428833639245785,12078,0,0.6236229921739009,0.2074086434173202,29777,0,0.6137073166248201,0.21936703932365542,29052,0,0.6715973794581048,0.2669781411646921
dn,K562:YWHAG,1596,798,798,0,89,0.5,0.0,1507,0,0.5419030031218397,0.07268170426065161,1163,0,0.5474769316775648,0.0914786967418546,1464,0,0.5460078768349445,0.08646616541353382,1492,0,0.547195840478389,0.07644110275689221
dn,K562:ZC3H11A,2388,1194,1194,0,30,0.5,0.0,2358,0,0.5117670288909651,0.019262981574539394,992,0,0.611857444677323,0.21608040201005027,2240,0,0.5091552121298845,0.016750418760468986,2300,0,0.5303047201389416,0.05443886097152427
dn,K562:ZNF622,29938,14969,14969,0,2082,0.5,0.0,27856,0,0.5700323925508579,0.13447792103680936,9487,0,0.6916316300352726,0.2800454272162469,24186,0,0.6526888662739301,0.29146903600774926,23961,0,0.6873196946747597,0.2562629434163939
dn,K562:ZNF800,4872,2436,2436,0,334,0.5,0.0,4538,0,0.5682240395167183,0.13423645320197045,1532,0,0.6818909737894366,0.2811986863711002,3868,0,0.657127387221238,0.3066502463054187,3789,0,0.7090040336388221,0.29187192118226607
neg2,HepG2:AKAP1,11850,5925,5925,0,0,0.8952183588812335,0.7834599156118143,11850,0,0.8952183588812335,0.7834599156118143,5771,0,0.7681347219996796,0.42683544303797466,10867,0,0.9469174669301572,0.8779746835443037,10973,0,0.914844643842689,0.8216033755274261
neg2,HepG2:AQR,21858,10929,10929,0,0,0.6260844028577605,0.17567938512215206,21858,0,0.6260844028577605,0.17567938512215206,11605,0,0.5748181135140389,0.14420349528776652,19329,0,0.6200656846973612,0.1652484216305243,18640,0,0.6471370567331755,0.18839784060755785
neg2,HepG2:BCCIP,1076,538,538,0,0,0.7512213070576692,0.4776951672862454,1076,0,0.7512213070576692,0.4776951672862454,759,0,0.6634409419438648,0.3234200743494424,992,0,0.7537848426638659,0.4776951672862454,983,0,0.7053091444286287,0.3736059479553903
neg2,HepG2:BCLAF1,64768,32384,32384,0,0,0.8559371475524622,0.6071208003952568,64768,0,0.8559371475524622,0.6071208003952568,28503,0,0.7877225275869103,0.5479866600790514,50905,0,0.8828541821038473,0.7415699110671937,53103,0,0.7821095087626229,0.4490489130434783
neg2,HepG2:CDC40,2316,1158,1158,0,0,0.6629458359806826,0.27892918825561314,2316,0,0.6629458359806826,0.27892918825561314,1520,0,0.6496054331063325,0.25734024179620035,2134,0,0.6753723440748596,0.32728842832469773,2117,0,0.6196329655382248,0.20293609671848012
neg2,HepG2:CSTF2T,39066,19533,19533,0,0,0.778041233780987,0.49265345825014084,39066,0,0.778041233780987,0.49265345825014084,26403,0,0.6953587758311596,0.3856550453079405,35844,0,0.7824419988642339,0.5128756463420877,35468,0,0.7450898250947626,0.45118517380842676
neg2,HepG2:DDX55,3370,1685,1685,0,0,0.8728475200098618,0.6943620178041543,3370,0,0.8728475200098618,0.6943620178041543,1520,0,0.7659558506282524,0.456973293768546,3024,0,0.9184768730903679,0.7560830860534126,3011,0,0.8853715362466871,0.7127596439169139
neg2,HepG2:DDX59,6104,3052,3052,0,0,0.6527959449919182,0.2732634338138925,6104,0,0.6527959449919182,0.2732634338138925,3883,0,0.6283340834018988,0.24672346002621237,5591,0,0.6601930667898841,0.2880078636959371,5596,0,0.6285274872932086,0.24344692005242466
neg2,HepG2:DDX6,980,490,490,0,0,0.6732694710537276,0.263265306122449,980,0,0.6732694710537276,0.263265306122449,598,0,0.6282569762598917,0.18775510204081633,907,0,0.760585172844648,0.3816326530612245,912,0,0.6865556018325698,0.30612244897959184
neg2,HepG2:DROSHA,4304,2152,2152,0,0,0.7271105334710687,0.4098513011152416,4304,0,0.7271105334710687,0.4098513011152416,2794,0,0.6530511947043297,0.30111524163568776,4004,0,0.7296695345213582,0.4098513011152416,3945,0,0.6753831267879107,0.32620817843866173
neg2,HepG2:EFTUD2,14248,7124,7124,0,0,0.7278302464153878,0.35724312184166196,14248,0,0.7278302464153878,0.35724312184166196,7917,0,0.6554955081414935,0.30670971364402017,13041,0,0.7350909461055795,0.3700168444693992,12667,0,0.6967179569673145,0.3081134194272881
neg2,HepG2:EIF3H,5654,2827,2827,0,0,0.7823908345532099,0.4740007074637425,5654,0,0.7823908345532099,0.4740007074637425,2771,0,0.760519331440507,0.4725857799787761,4814,0,0.7603094947415073,0.47400070746374245,4991,0,0.7934752673603582,0.5058365758754864
neg2,HepG2:EXOSC5,1426,713,713,0,0,0.7481888156044133,0.44460028050490885,1426,0,0.7481888156044133,0.44460028050490885,997,0,0.6568240785728476,0.3127629733520336,1328,0,0.7465522091236876,0.44460028050490885,1310,0,0.7160546768193969,0.39691444600280507
neg2,HepG2:FASTKD2,1646,823,823,0,0,0.5836240586184853,0.12150668286755772,1646,0,0.5836240586184853,0.12150668286755772,889,0,0.5422645420467749,0.06682867557715674,1438,0,0.591657082451807,0.13122721749696237,1443,0,0.5659184827461987,0.103280680437424
neg2,HepG2:FKBP4,2740,1370,1370,0,0,0.7147429271671373,0.4145985401459854,2740,0,0.7147429271671373,0.4145985401459854,1779,0,0.6602917044062018,0.3175182481751825,2537,0,0.7172033672545155,0.4277372262773722,2480,0,0.6846896478235387,0.3262773722627737
neg2,HepG2:G3BP1,12956,6478,6478,0,0,0.7985821295932055,0.5398271071318308,12956,0,0.7985821295932055,0.5398271071318308,4933,0,0.7036233067943836,0.39117011423278786,9799,0,0.8220309941139751,0.6205619018215498,10102,0,0.7333231596509087,0.3974992281568385
neg2,HepG2:GRSF1,1990,995,995,0,0,0.6831973940052019,0.29246231155778896,1990,0,0.6831973940052019,0.29246231155778896,1007,0,0.6126703871114366,0.18492462311557786,1767,0,0.7103684250397717,0.33567839195979904,1754,0,0.686908916441504,0.2974874371859296
neg2,HepG2:GRWD1,44144,22072,22072,0,0,0.8227889365930289,0.5423160565422255,44144,0,0.8227889365930289,0.5423160565422255,18791,0,0.752697566375082,0.489851395433128,34914,0,0.8517039743304098,0.6569409206234142,35868,0,0.7693093027468441,0.4359369336716201
neg2,HepG2:GTF2F1,8502,4251,4251,0,0,0.7194147684458653,0.39520112914608324,8502,0,0.7194147684458653,0.39520112914608324,5370,0,0.6610799257882837,0.30463420371677247,7802,0,0.7399869271215247,0.4114326040931545,7625,0,0.6934261693638333,0.3330980945659845
neg2,HepG2:HLTF,7284,3642,3642,0,0,0.5733068439141735,0.12795167490389892,7284,0,0.5733068439141735,0.12795167490389892,4173,0,0.5661672684384783,0.10982976386600772,6381,0,0.5678195022317276,0.10516199890170233,6599,0,0.5710626014575814,0.09719934102141678
neg2,HepG2:HNRNPM,26790,13395,13395,0,0,0.7934270349019881,0.5500559910414333,26790,0,0.7934270349019881,0.5500559910414333,19015,0,0.6906591476905315,0.379096677864875,24725,0,0.7953921149398477,0.5500559910414333,24676,0,0.7553887263567256,0.48786860768943635
neg2,HepG2:HNRNPUL1,926,463,463,0,0,0.7835018122956211,0.4773218142548596,926,0,0.7835018122956211,0.4773218142548596,655,0,0.5843685420933064,0.15766738660907126,859,0,0.7845257476594096,0.4773218142548596,852,0,0.7094705857656658,0.3585313174946004
neg2,HepG2:KHSRP,10560,5280,5280,0,0,0.7248038983585859,0.3924242424242424,10560,0,0.7248038983585859,0.3924242424242424,6682,0,0.6586587824265381,0.30549242424242423,9803,0,0.7340585901629937,0.41420454545454544,9701,0,0.6623638193009642,0.284469696969697
neg2,HepG2:LARP4,10842,5421,5421,0,0,0.808861641690011,0.5008301051466519,10842,0,0.808861641690011,0.5008301051466519,4495,0,0.6895323722291589,0.34606161224866255,9144,0,0.8314174338448443,0.4720531267293857,8959,0,0.7902870500840824,0.47426674045379086
neg2,HepG2:MATR3,13968,6984,6984,0,0,0.7888817768219029,0.5529782359679267,13968,0,0.7888817768219029,0.5529782359679267,10248,0,0.6833097234851317,0.36440435280641464,12943,0,0.7903470799398788,0.5529782359679267,12957,0,0.7519714202746517,0.4869702176403207
neg2,HepG2:NCBP2,6372,3186,3186,0,0,0.8839372092042674,0.6446955430006278,6372,0,0.8839372092042674,0.6446955430006278,2743,0,0.6604844188459476,0.23666038920276206,5762,0,0.8635657453020492,0.6173885750156938,5147,0,0.8401518984698042,0.5590081607030759
neg2,HepG2:NKRF,7074,3537,3537,0,0,0.7346848841948627,0.4178682499293186,7074,0,0.7346848841948627,0.4178682499293186,4718,0,0.6716277113808553,0.3353124116482895,6571,0,0.740417408950927,0.43256997455470736,6467,0,0.7114635467586927,0.38959570257280185
neg2,HepG2:PCBP1,1858,929,929,0,0,0.737828793765302,0.418729817007535,1858,0,0.737828793765302,0.418729817007535,820,0,0.5954751859992747,0.16146393972012915,1633,0,0.7687954569945112,0.4477933261571583,1654,0,0.7461528478948277,0.44779332615715817
neg2,HepG2:PCBP2,17178,8589,8589,0,0,0.61624238092405,0.20677610897659798,17178,0,0.61624238092405,0.20677610897659798,10567,0,0.6301804134992431,0.21457678425893584,15676,0,0.7038942756319932,0.3301897776225404,15702,0,0.6260362467211166,0.20712539294446383
neg2,HepG2:PRPF4,17734,8867,8867,0,0,0.6919960344267234,0.3376564790797339,17734,0,0.6919960344267234,0.3376564790797339,10437,0,0.6350185120415808,0.25972707792940114,16107,0,0.7032732335924864,0.34600202999887225,15788,0,0.6539780968557708,0.26006541107477166
neg2,HepG2:PTBP1,16698,8349,8349,0,0,0.7674404171899553,0.4880824050784525,16698,0,0.7674404171899553,0.4880824050784525,11749,0,0.676415360322737,0.3451910408432148,15432,0,0.7725827295206034,0.48808240507845246,15425,0,0.7287996159745729,0.426637920709067
neg2,HepG2:QKI,19976,9988,9988,0,0,0.7723506042653667,0.4949939927913496,19976,0,0.7723506042653667,0.4949939927913496,14078,0,0.6749965898204798,0.3445134160993192,18519,0,0.7757461787545135,0.49499399279134965,18413,0,0.7327081644950313,0.4333199839807769
neg2,HepG2:RBM15,2986,1493,1493,0,0,0.7172931146870257,0.35699933020763563,2986,0,0.7172931146870257,0.35699933020763563,1457,0,0.6466188047010182,0.2531815137307435,2613,0,0.7121442821579965,0.35699933020763563,2681,0,0.7552588570282663,0.42665773610180846
neg2,HepG2:RPS3,11294,5647,5647,0,0,0.7887899092744999,0.5022135647246325,11294,0,0.7887899092744999,0.5022135647246325,4506,0,0.6841286335192607,0.35523286700903134,8981,0,0.7936607865209799,0.561891269700726,8842,0,0.7382193121060878,0.38728528422171066
neg2,HepG2:SRSF1,3574,1787,1787,0,0,0.7213140730056564,0.36653609401231113,3574,0,0.7213140730056564,0.36653609401231113,1390,0,0.6703177741125439,0.315053161723559,2842,0,0.739371178213354,0.4432008953553441,2850,0,0.6939738251357735,0.33016228315612756
neg2,HepG2:STAU2,1684,842,842,0,0,0.6897021569501414,0.33847980997624705,1684,0,0.6897021569501414,0.33847980997624705,1114,0,0.6850072782256927,0.2826603325415677,1551,0,0.7617537702901699,0.4524940617577198,1562,0,0.6778461247679712,0.3266033254156769
neg2,HepG2:SUB1,6592,3296,3296,0,0,0.8338288098548402,0.5606796116504854,6592,0,0.8338288098548402,0.5606796116504854,2743,0,0.7106964200501933,0.38228155339805825,5844,0,0.8719091783067443,0.6113470873786407,5603,0,0.8319776306526298,0.564623786407767
neg2,HepG2:TAF15,1536,768,768,0,0,0.7733052571614583,0.5195312500000001,1536,0,0.7733052571614583,0.5195312500000001,1056,0,0.6827604505750867,0.36328125,1426,0,0.7750328911675347,0.51953125,1423,0,0.7307908799913194,0.41406250000000006
neg2,HepG2:TIA1,3458,1729,1729,0,0,0.8082171549798106,0.5668016194331984,3458,0,0.8082171549798106,0.5668016194331984,1762,0,0.6844958639424562,0.2654713707345286,3176,0,0.8736641733354162,0.6720647773279352,3153,0,0.8219755800499156,0.5569693464430306
neg2,HepG2:TRA2A,1840,920,920,0,0,0.7421739130434784,0.40543478260869564,1840,0,0.7421739130434784,0.40543478260869564,706,0,0.6959623109640832,0.37826086956521743,1421,0,0.772226488657845,0.5076086956521739,1470,0,0.7116369328922496,0.341304347826087
neg2,HepG2:U2AF2,21398,10699,10699,0,0,0.5427220168437282,0.06701560893541451,21398,0,0.5427220168437282,0.06701560893541451,11247,0,0.5443162662571546,0.07804467707262364,18274,0,0.562876360304255,0.07767081035610807,17399,0,0.6035661779425434,0.16179082157210953
neg2,HepG2:UCHL5,4462,2231,2231,0,0,0.7696862855637757,0.4513670999551771,4462,0,0.7696862855637757,0.4513670999551771,1786,0,0.7247640868323595,0.43074854325414613,3464,0,0.7949711704656344,0.5383236216943076,3621,0,0.7407266621810231,0.40161362617660235
neg2,HepG2:XPO5,9114,4557,4557,0,0,0.7031526974370768,0.3728330041694097,9114,0,0.7031526974370768,0.3728330041694097,6116,0,0.6464335229727814,0.29010313802940535,8460,0,0.7114204640423989,0.37283300416940973,8374,0,0.6631282327395767,0.2811059907834101
neg2,HepG2:YBX3,4082,2041,2041,0,0,0.6427753349332318,0.22292993630573246,4082,0,0.6427753349332318,0.22292993630573246,2051,0,0.634084919128469,0.22146006859382653,3427,0,0.6461962641882564,0.2234198922097011,3470,0,0.6438698738573597,0.23517883390494856
neg2,HepG2:ZNF800,5872,2936,2936,0,0,0.8081782963902027,0.5037465940054496,5872,0,0.8081782963902027,0.5037465940054496,2462,0,0.7502661223262478,0.4727520435967303,4564,0,0.8135705797244022,0.6062670299727522,4827,0,0.7712122927633288,0.420299727520436
neg2,K562:AATF,2086,1043,1043,0,0,0.8049628211268292,0.4189837008628955,2086,0,0.8049628211268292,0.4189837008628955,1053,0,0.6441937254159354,0.2799616490891659,1943,0,0.8115873618489331,0.4285714285714286,1766,0,0.719024423426413,0.3135186960690317
neg2,K562:BUD13,17608,8804,8804,0,0,0.6557694774854518,0.2406860517946388,17608,0,0.6557694774854518,0.2406860517946388,7770,0,0.5928287302702646,0.15481599273057706,14567,0,0.6842178604743909,0.33462062698773287,14287,0,0.6394503094913075,0.24409359382099047
neg2,K562:DDX24,19180,9590,9590,0,0,0.7670180040688022,0.4412930135557873,19180,0,0.7670180040688022,0.4412930135557873,7493,0,0.7253111187466089,0.42481751824817515,14786,0,0.8048907664722877,0.5664233576642336,14893,0,0.7044582904289639,0.3279457768508864
neg2,K562:DDX55,2200,1100,1100,0,0,0.8292338842975207,0.5445454545454546,2200,0,0.8292338842975207,0.5445454545454546,915,0,0.6776214876033058,0.3245454545454546,1896,0,0.8409177685950413,0.500909090909091,1876,0,0.8116380165289256,0.5181818181818183
neg2,K562:DDX6,3878,1939,1939,0,0,0.7428150918645293,0.44559051057246,3878,0,0.7428150918645293,0.44559051057246,1827,0,0.664791350209231,0.24806601340897375,3465,0,0.7757696648235335,0.520371325425477,3388,0,0.7520520804602258,0.4657039711191336
neg2,K562:DGCR8,2472,1236,1236,0,0,0.7583364098616479,0.3567961165048544,2472,0,0.7583364098616479,0.3567961165048544,1245,0,0.643377347325646,0.27750809061488674,2287,0,0.7713478336004023,0.3802588996763754,2066,0,0.6707528853908107,0.2823624595469255
neg2,K562:DHX30,1590,795,795,0,0,0.6830054190894347,0.3257861635220126,1590,0,0.6830054190894347,0.3257861635220126,972,0,0.6449309758316523,0.27798742138364785,1442,0,0.68457893279538,0.32704402515723274,1417,0,0.669601677148847,0.30440251572327043
neg2,K562:DROSHA,7572,3786,3786,0,0,0.7220530416367025,0.3808769149498151,7572,0,0.7220530416367025,0.3808769149498151,4349,0,0.6418308171819943,0.27073428420496565,6929,0,0.7248903919101402,0.38351822503961963,6637,0,0.6747871603586377,0.2910723718964607
neg2,K562:ELAC2,26288,13144,13144,0,0,0.7687651981246914,0.48044735240413877,26288,0,0.7687651981246914,0.48044735240413877,17888,0,0.672615674879392,0.33224284844796104,24214,0,0.7752336680559626,0.4804473524041387,23991,0,0.7276924672868426,0.42057212416311623
neg2,K562:ELAVL1,17642,8821,8821,0,0,0.6884474395791669,0.3271737898197484,17642,0,0.6884474395791669,0.3271737898197484,11151,0,0.6787665938898553,0.25688697426595625,16312,0,0.7894768491382751,0.4517628386804217,16178,0,0.7040935629374621,0.31345652420360504
neg2,K562:FASTKD2,1016,508,508,0,0,0.6920124465248931,0.33858267716535434,1016,0,0.6920124465248931,0.33858267716535434,640,0,0.6547329344658689,0.2893700787401574,940,0,0.715498868497737,0.3681102362204724,913,0,0.6522122419244838,0.25393700787401574
neg2,K562:FMR1,8864,4432,4432,0,0,0.8042024324245071,0.4887184115523466,8864,0,0.8042024324245071,0.4887184115523466,3971,0,0.7467497468769958,0.4327617328519855,7157,0,0.8047592063056341,0.5976985559566786,7472,0,0.7811625625985612,0.4562274368231047
neg2,K562:FXR1,2846,1423,1423,0,0,0.817246678772441,0.5291637385804638,2846,0,0.817246678772441,0.5291637385804638,1168,0,0.707706541809614,0.37174982431482784,2226,0,0.8243839660551061,0.6444132115249473,2381,0,0.7666523122539112,0.42726633872101194
neg2,K562:FXR2,9424,4712,4712,0,0,0.7595012850548107,0.4193548387096774,9424,0,0.7595012850548107,0.4193548387096774,4458,0,0.6961114255839225,0.3459252971137521,7798,0,0.7616204409649459,0.492572156196944,7983,0,0.7367657640356162,0.393251273344652
neg2,K562:GARS,1114,557,557,0,0,0.6183871664372811,0.1741472172351885,1114,0,0.6183871664372811,0.1741472172351885,561,0,0.5516214395533909,0.08976660682226212,984,0,0.6301406289786591,0.18491921005385997,931,0,0.5732008805830157,0.13824057450628363
neg2,K562:GEMIN5,5020,2510,2510,0,0,0.7590680306661799,0.38286852589641435,5020,0,0.7590680306661799,0.38286852589641435,2365,0,0.5730093173124237,0.09880478087649398,4513,0,0.7264699766670369,0.36254980079681276,4096,0,0.7122476627355121,0.3191235059760956
neg2,K562:GRWD1,8746,4373,4373,0,0,0.7799799133290373,0.4706151383489595,8746,0,0.7799799133290373,0.4706151383489595,3407,0,0.7150372724045316,0.4187056940315573,6745,0,0.7990614140604291,0.5575120054882232,6870,0,0.7234708817788135,0.3651955179510633
neg2,K562:HNRNPC,1032,516,516,0,0,0.6646779790877952,0.2945736434108528,1032,0,0.6646779790877952,0.2945736434108528,653,0,0.6733613514812812,0.28875968992248063,958,0,0.7393598641908539,0.40503875968992253,937,0,0.6459272279310138,0.24224806201550386
neg2,K562:HNRNPL,11672,5836,5836,0,0,0.7693679795140747,0.49126113776559294,11672,0,0.7693679795140747,0.49126113776559294,8245,0,0.6763975555754949,0.3464701850582591,10829,0,0.7731880387432406,0.4912611377655929,10737,0,0.7304779491384571,0.43231665524331736
neg2,K562:IGF2BP1,11412,5706,5706,0,0,0.8051504224588675,0.49281458114265686,11412,0,0.8051504224588675,0.49281458114265686,5303,0,0.6903794150308694,0.30844724851034,9966,0,0.8350880859264862,0.5042060988433229,9945,0,0.8042899081516077,0.5
neg2,K562:KHSRP,46396,23198,23198,0,0,0.7633501074549855,0.48655056470385377,46396,0,0.7633501074549855,0.48655056470385377,30852,0,0.682116606332865,0.3585653935684111,43020,0,0.7684425718952541,0.48655056470385377,42483,0,0.7193681814613683,0.3841710492283818
neg2,K562:LARP4,860,430,430,0,0,0.6990102758247702,0.3395348837209302,860,0,0.6990102758247702,0.3395348837209302,359,0,0.6180043266630612,0.19302325581395346,750,0,0.7242942130881558,0.3720930232558139,684,0,0.640689561925365,0.2441860465116279
neg2,K562:LIN28B,13832,6916,6916,0,0,0.748639889949325,0.44838056680161936,13832,0,0.748639889949325,0.44838056680161936,5893,0,0.6577294467427188,0.29930595720069403,11132,0,0.7469416836625978,0.4671775592828224,11159,0,0.7049121913595218,0.3513591671486408
neg2,K562:LSM11,2638,1319,1319,0,0,0.6585154512602593,0.25549658832448824,2638,0,0.6585154512602593,0.25549658832448824,1602,0,0.6106287012986267,0.20090978013646704,2400,0,0.6683897960696901,0.3169067475360121,2352,0,0.6164335216159001,0.17513267626990148
neg2,K562:MATR3,9728,4864,4864,0,0,0.7732416084268416,0.5150082236842105,9728,0,0.7732416084268416,0.5150082236842105,7081,0,0.6651629503413911,0.3262746710526316,9073,0,0.7753211150869439,0.5150082236842106,8986,0,0.734404524277452,0.4496299342105263
neg2,K562:MBNL1,2388,1194,1194,0,0,0.6381246685689755,0.21859296482412058,2388,0,0.6381246685689755,0.21859296482412058,1478,0,0.5985153292986428,0.17169179229480735,2218,0,0.6912129042757057,0.3165829145728643,2188,0,0.5926193642697014,0.1515912897822445
neg2,K562:METTL1,962,481,481,0,0,0.7260882344042427,0.41787941787941785,962,0,0.7260882344042427,0.41787941787941785,641,0,0.6063856916247768,0.1995841995841996,894,0,0.7269483620834972,0.41787941787941785,888,0,0.6618379934388251,0.30977130977130973
neg2,K562:MORC2,1646,823,823,0,0,0.6876525292730711,0.35601458080194404,1646,0,0.6876525292730711,0.35601458080194404,1042,0,0.6229446841933536,0.24058323207776428,1531,0,0.7047970779340615,0.37181044957472664,1463,0,0.6609542777586668,0.27703523693803167
neg2,K562:MTPAP,2154,1077,1077,0,0,0.5926854143658793,0.16248839368616527,2154,0,0.5926854143658793,0.16248839368616527,1057,0,0.5757218760803463,0.10120705663881158,1801,0,0.6194461040287811,0.19312906220984216,1831,0,0.5950075392545577,0.1476323119777159
neg2,K562:NOLC1,3134,1567,1567,0,0,0.7174155534803861,0.402680280791321,3134,0,0.7174155534803861,0.402680280791321,1453,0,0.6579003204656996,0.26738991703892784,2790,0,0.7534568470882987,0.4696873005743458,2766,0,0.7293712168940688,0.4211869814932994
neg2,K562:NONO,22328,11164,11164,0,0,0.7626494669679028,0.4808312432819778,22328,0,0.7626494669679028,0.4808312432819778,14588,0,0.688779256493302,0.37441777140809746,20540,0,0.7689716530112081,0.49883554281619497,20174,0,0.7287796027847611,0.41812970261555005
neg2,K562:PHF6,1352,676,676,0,0,0.7595311351143167,0.4363905325443787,1352,0,0.7595311351143167,0.4363905325443787,745,0,0.6529161268863135,0.29881656804733725,1232,0,0.7619316988200694,0.45857988165680474,1162,0,0.6753691659955884,0.3328402366863905
neg2,K562:PPIL4,1316,658,658,0,0,0.7271886346208922,0.3890577507598785,1316,0,0.7271886346208922,0.3890577507598785,778,0,0.6613979453257084,0.31762917933130697,1225,0,0.7247507875943496,0.3890577507598785,1220,0,0.6522759398009996,0.27355623100303944
neg2,K562:PTBP1,15570,7785,7785,0,0,0.7562107110284464,0.46795118818240206,15570,0,0.7562107110284464,0.46795118818240206,10802,0,0.6682914997593069,0.32909441233140657,14483,0,0.7610740315866893,0.46795118818240206,14324,0,0.7191944639350165,0.40372511239563263
neg2,K562:PUM1,5302,2651,2651,0,0,0.7653995182845957,0.4688796680497925,5302,0,0.7653995182845957,0.4688796680497925,2215,0,0.6968570254052442,0.38061109015465866,4216,0,0.7753039677702883,0.4884949075820445,4275,0,0.720276015214432,0.3719351188230856
neg2,K562:QKI,4378,2189,2189,0,0,0.7383841838871671,0.4285061671996345,4378,0,0.7383841838871671,0.4285061671996345,3004,0,0.6481519896504826,0.2868889904065784,4067,0,0.7436133072021514,0.4285061671996345,4000,0,0.6963225738727274,0.3563270899954317
neg2,K562:RBFOX2,6968,3484,3484,0,0,0.7272731766408618,0.38605051664753154,6968,0,0.7272731766408618,0.38605051664753154,4191,0,0.6600872893107543,0.31371986222732484,6458,0,0.733428303044523,0.38662456946039037,6349,0,0.6619475647901971,0.2893226176808266
neg2,K562:RPS3,4738,2369,2369,0,0,0.7698821363107722,0.48205994090333476,4738,0,0.7698821363107722,0.48205994090333476,1640,0,0.6630517192931564,0.30265934993668214,3662,0,0.7823568318870396,0.5310257492612916,3474,0,0.6916121971554273,0.33896158716758124
neg2,K562:SAFB2,7488,3744,3744,0,0,0.7275402039274235,0.42174145299145305,7488,0,0.7275402039274235,0.42174145299145305,5119,0,0.6645673676172474,0.3253205128205128,6918,0,0.7258181109718569,0.421741452991453,6916,0,0.6857582530909855,0.34294871794871795
neg2,K562:SLTM,7148,3574,3574,0,0,0.6894001288294588,0.3628987129266928,7148,0,0.6894001288294588,0.3628987129266928,4479,0,0.6605755943018173,0.3153329602686066,6532,0,0.689143190154348,0.3628987129266928,6496,0,0.6479597252932562,0.2562954672635703
neg2,K562:SMNDC1,4896,2448,2448,0,0,0.7741262541917638,0.40114379084967317,4896,0,0.7741262541917638,0.40114379084967317,2506,0,0.6485223531814688,0.29084967320261446,4491,0,0.7757991217320261,0.40890522875816987,4184,0,0.7098544329905164,0.32475490196078427
neg2,K562:SND1,8260,4130,4130,0,0,0.764372863767742,0.4835351089588378,8260,0,0.764372863767742,0.4835351089588378,3038,0,0.6851832396273648,0.3564164648910411,6078,0,0.8048062367722153,0.6046004842615013,6263,0,0.6966828673440073,0.3409200968523002
neg2,K562:SRSF1,7722,3861,3861,0,0,0.7932966627605322,0.4975394975394976,7722,0,0.7932966627605322,0.4975394975394976,2992,0,0.7358612590417823,0.4545454545454545,6035,0,0.8152745889083626,0.6006216006216006,6054,0,0.7414008191008968,0.38487438487438486
neg2,K562:TIA1,11662,5831,5831,0,0,0.6967474154323512,0.29548962442119703,11662,0,0.6967474154323512,0.29548962442119703,6395,0,0.6581783900565641,0.2071685817184017,10720,0,0.7916189676987977,0.4163951294803636,10554,0,0.6912377416360864,0.2749099639855942
neg2,K562:U2AF1,2458,1229,1229,0,0,0.6263376060369124,0.22945484133441824,2458,0,0.6263376060369124,0.22945484133441824,1027,0,0.5514041925503876,0.09031733116354757,1957,0,0.6337615967786892,0.2367778681855167,1855,0,0.601212162540609,0.1676159479251424
neg2,K562:YBX3,35958,17979,17979,0,0,0.7675089190474277,0.512097447021525,35958,0,0.7675089190474277,0.512097447021525,15372,0,0.6755491983851316,0.34684910172979583,29042,0,0.7760493458880551,0.5120974470215252,28729,0,0.7123263644926844,0.3838923188163969
neg2,K562:YWHAG,1580,790,790,0,0,0.6443246274635475,0.2746835443037975,1580,0,0.6443246274635475,0.2746835443037975,973,0,0.6335907707098222,0.2556962025316456,1432,0,0.6451065534369492,0.27468354430379743,1439,0,0.6031453292741548,0.17721518987341772
neg2,K562:ZNF622,29934,14967,14967,0,0,0.798296322286081,0.4951560098884212,29934,0,0.798296322286081,0.4951560098884212,12337,0,0.7521136754975554,0.4814592102625777,23390,0,0.8285750376402126,0.6134161822676555,24023,0,0.744087934414711,0.38551479922496157
neg2,K562:ZNF800,4860,2430,2430,0,0,0.7898596081220681,0.4921810699588477,4860,0,0.7898596081220681,0.4921810699588477,1874,0,0.7285231756676659,0.4374485596707819,3727,0,0.8222472014767397,0.6238683127572016,3784,0,0.7337579806601296,0.37037037037037035
