protein,cell,vid,label,fold,delta,platform,accelerator,weights_from
GRWD1,HepG2,chr10:100529822:T:C,0,2,-0.37515056133270264,modal,cuda,QKI:K562
GRWD1,HepG2,chr10:100979179:A:G,0,2,-0.2815694808959961,modal,cuda,QKI:K562
GRWD1,HepG2,chr10:103174874:G:A,1,2,-1.5962045192718506,modal,cuda,QKI:K562
GRWD1,HepG2,chr10:104254948:G:A,0,2,-0.3823881447315216,modal,cuda,QKI:K562
GRWD1,HepG2,chr10:104254967:G:A,0,2,-0.4771040678024292,modal,cuda,QKI:K562
GRWD1,HepG2,chr10:110575410:G:A,0,2,0.1934795379638672,modal,cuda,QKI:K562
GRWD1,HepG2,chr10:121836739:T:C,0,2,-0.22673821449279785,modal,cuda,QKI:K562
GRWD1,HepG2,chr10:123008776:G:A,0,2,-0.15549468994140625,modal,cuda,QKI:K562
GRWD1,HepG2,chr10:21538867:G:A,0,2,-0.41054272651672363,modal,cuda,QKI:K562
GRWD1,HepG2,chr10:24542917:C:T,0,2,0.34448790550231934,modal,cuda,QKI:K562
GRWD1,HepG2,chr10:27538022:G:A,0,2,0.29357218742370605,modal,cuda,QKI:K562
GRWD1,HepG2,chr10:27538049:T:C,1,2,0.22430944442749023,modal,cuda,QKI:K562
GRWD1,HepG2,chr10:31461070:C:G,1,2,-1.5421650409698486,modal,cuda,QKI:K562
GRWD1,HepG2,chr10:31461158:C:T,0,2,0.5787750482559204,modal,cuda,QKI:K562
GRWD1,HepG2,chr10:31461170:C:T,0,2,0.6533271074295044,modal,cuda,QKI:K562
GRWD1,HepG2,chr10:31461211:A:C,0,2,0.4337046146392822,modal,cuda,QKI:K562
GRWD1,HepG2,chr10:31461220:A:G,0,2,-0.4181986451148987,modal,cuda,QKI:K562
GRWD1,HepG2,chr10:3151235:G:A,0,2,0.3518502712249756,modal,cuda,QKI:K562
GRWD1,HepG2,chr10:3151260:G:A,0,2,0.24408984184265137,modal,cuda,QKI:K562
GRWD1,HepG2,chr10:3151264:A:G,0,2,-0.4969865083694458,modal,cuda,QKI:K562
GRWD1,HepG2,chr10:32935487:T:C,0,2,0.4273662567138672,modal,cuda,QKI:K562
GRWD1,HepG2,chr10:33263767:C:T,0,2,0.36205053329467773,modal,cuda,QKI:K562
GRWD1,HepG2,chr10:5456847:A:G,0,2,-0.21292193233966827,modal,cuda,QKI:K562
GRWD1,HepG2,chr10:56359679:G:A,0,2,-0.07299232482910156,modal,cuda,QKI:K562
GRWD1,HepG2,chr10:63184621:C:T,0,2,0.1946113109588623,modal,cuda,QKI:K562
GRWD1,HepG2,chr10:63217190:T:A,0,2,6.207455158233643,modal,cuda,QKI:K562
GRWD1,HepG2,chr10:74176853:C:T,0,2,-0.4943418502807617,modal,cuda,QKI:K562
GRWD1,HepG2,chr10:78033866:T:G,0,2,-0.34189173579216003,modal,cuda,QKI:K562
GRWD1,HepG2,chr10:78033870:C:T,0,2,-0.37901735305786133,modal,cuda,QKI:K562
GRWD1,HepG2,chr10:78033895:C:A,0,2,-0.23012900352478027,modal,cuda,QKI:K562
GRWD1,HepG2,chr10:78033930:C:T,0,2,-1.3995361328125,modal,cuda,QKI:K562
GRWD1,HepG2,chr10:78040616:C:T,0,2,0.5815557241439819,modal,cuda,QKI:K562
GRWD1,HepG2,chr10:78040694:T:C,0,2,0.8077875375747681,modal,cuda,QKI:K562
GRWD1,HepG2,chr10:79208452:G:A,0,2,0.17261195182800293,modal,cuda,QKI:K562
GRWD1,HepG2,chr10:79208469:G:A,0,2,0.5397896766662598,modal,cuda,QKI:K562
GRWD1,HepG2,chr10:79306083:C:T,0,2,-0.4620177745819092,modal,cuda,QKI:K562
GRWD1,HepG2,chr10:80285498:C:T,0,2,-0.1859571933746338,modal,cuda,QKI:K562
GRWD1,HepG2,chr10:80285598:G:C,0,2,-0.3591797351837158,modal,cuda,QKI:K562
GRWD1,HepG2,chr10:80289496:T:C,0,2,-0.37846726179122925,modal,cuda,QKI:K562
GRWD1,HepG2,chr10:94545972:T:C,0,2,-0.13752174377441406,modal,cuda,QKI:K562
GRWD1,HepG2,chr10:94546436:C:T,0,2,0.17269164323806763,modal,cuda,QKI:K562
GRWD1,HepG2,chr10:99800372:C:A,0,2,1.0352081060409546,modal,cuda,QKI:K562
GRWD1,HepG2,chr10:99811617:T:C,0,2,0.3771042823791504,modal,cuda,QKI:K562
GRWD1,HepG2,chr10:99817203:T:C,0,2,0.6327356100082397,modal,cuda,QKI:K562
GRWD1,HepG2,chr10:99830703:T:G,0,2,-0.32807350158691406,modal,cuda,QKI:K562
GRWD1,HepG2,chr11:102114192:C:T,1,3,0.9387290477752686,modal,cuda,QKI:K562
GRWD1,HepG2,chr11:102206084:C:T,0,3,0.2473745346069336,modal,cuda,QKI:K562
GRWD1,HepG2,chr11:108133862:T:A,1,3,-0.1345970630645752,modal,cuda,QKI:K562
GRWD1,HepG2,chr11:108147295:C:A,1,3,-0.64737868309021,modal,cuda,QKI:K562
GRWD1,HepG2,chr11:108310170:G:T,1,3,-0.4902360439300537,modal,cuda,QKI:K562
GRWD1,HepG2,chr11:108310196:G:A,1,3,-0.2995421886444092,modal,cuda,QKI:K562
GRWD1,HepG2,chr11:108310211:T:C,0,3,0.16345691680908203,modal,cuda,QKI:K562
GRWD1,HepG2,chr11:108310215:G:T,1,3,0.42409706115722656,modal,cuda,QKI:K562
GRWD1,HepG2,chr11:108310224:A:T,1,3,-0.8151681423187256,modal,cuda,QKI:K562
GRWD1,HepG2,chr11:108310268:T:G,1,3,0.3953521251678467,modal,cuda,QKI:K562
GRWD1,HepG2,chr11:108310271:A:C,0,3,-0.12742257118225098,modal,cuda,QKI:K562
GRWD1,HepG2,chr11:108310272:G:T,1,3,0.6501049995422363,modal,cuda,QKI:K562
GRWD1,HepG2,chr11:108310280:T:A,1,3,0.20377278327941895,modal,cuda,QKI:K562
GRWD1,HepG2,chr11:108310280:T:C,0,3,-0.17695379257202148,modal,cuda,QKI:K562
GRWD1,HepG2,chr11:108310314:A:T,1,3,0.3956958055496216,modal,cuda,QKI:K562
GRWD1,HepG2,chr11:108330224:A:T,1,3,-0.2747807502746582,modal,cuda,QKI:K562
GRWD1,HepG2,chr11:108330233:C:T,1,3,1.4278156757354736,modal,cuda,QKI:K562
GRWD1,HepG2,chr11:108330242:G:T,1,3,0.7340874671936035,modal,cuda,QKI:K562
GRWD1,HepG2,chr11:108330246:T:A,1,3,0.5640873908996582,modal,cuda,QKI:K562
GRWD1,HepG2,chr11:108330255:T:A,1,3,0.6943380832672119,modal,cuda,QKI:K562
GRWD1,HepG2,chr11:108330255:T:G,1,3,0.8197190761566162,modal,cuda,QKI:K562
GRWD1,HepG2,chr11:108330259:C:A,0,3,-0.07728362083435059,modal,cuda,QKI:K562
GRWD1,HepG2,chr11:108330265:T:A,0,3,-0.1768033504486084,modal,cuda,QKI:K562
GRWD1,HepG2,chr11:108330275:G:T,1,3,1.0760464668273926,modal,cuda,QKI:K562
GRWD1,HepG2,chr11:108330286:A:G,0,3,-0.19367098808288574,modal,cuda,QKI:K562
GRWD1,HepG2,chr11:108330294:T:A,1,3,0.812058687210083,modal,cuda,QKI:K562
GRWD1,HepG2,chr11:108330299:A:T,1,3,-0.5975911617279053,modal,cuda,QKI:K562
GRWD1,HepG2,chr11:108330316:T:A,1,3,0.6559185981750488,modal,cuda,QKI:K562
GRWD1,HepG2,chr11:108330319:C:T,0,3,-3.210101366043091,modal,cuda,QKI:K562
GRWD1,HepG2,chr11:110237635:G:A,1,3,-0.44336968660354614,modal,cuda,QKI:K562
GRWD1,HepG2,chr11:110257751:C:A,0,3,0.3559749126434326,modal,cuda,QKI:K562
GRWD1,HepG2,chr11:111764842:C:T,1,3,-0.3126344680786133,modal,cuda,QKI:K562
GRWD1,HepG2,chr11:117344290:G:T,0,3,1.479604721069336,modal,cuda,QKI:K562
GRWD1,HepG2,chr11:118498085:T:C,0,3,-0.280376672744751,modal,cuda,QKI:K562
GRWD1,HepG2,chr11:118581318:C:T,1,3,0.32275867462158203,modal,cuda,QKI:K562
GRWD1,HepG2,chr11:118590509:G:A,0,3,0.7193171977996826,modal,cuda,QKI:K562
GRWD1,HepG2,chr11:118597753:C:T,1,3,-1.4744598865509033,modal,cuda,QKI:K562
GRWD1,HepG2,chr11:118754900:C:T,0,3,0.377307653427124,modal,cuda,QKI:K562
GRWD1,HepG2,chr11:119018306:G:A,0,3,-0.28572165966033936,modal,cuda,QKI:K562
GRWD1,HepG2,chr11:119018318:G:A,0,3,-0.5173496007919312,modal,cuda,QKI:K562
GRWD1,HepG2,chr11:119070247:C:G,0,3,-0.1067347526550293,modal,cuda,QKI:K562
GRWD1,HepG2,chr11:119089666:C:T,0,3,0.2252790927886963,modal,cuda,QKI:K562
GRWD1,HepG2,chr11:119093040:G:A,0,3,0.30953121185302734,modal,cuda,QKI:K562
GRWD1,HepG2,chr11:124922644:C:A,0,3,-0.4858565926551819,modal,cuda,QKI:K562
GRWD1,HepG2,chr11:126271441:G:A,1,3,0.3759593963623047,modal,cuda,QKI:K562
GRWD1,HepG2,chr11:126271535:G:T,1,3,-0.41011714935302734,modal,cuda,QKI:K562
GRWD1,HepG2,chr11:126275811:C:T,1,3,-0.7538273334503174,modal,cuda,QKI:K562
GRWD1,HepG2,chr11:126276080:G:T,1,3,-0.8134462833404541,modal,cuda,QKI:K562
GRWD1,HepG2,chr11:126276235:A:G,0,3,-0.30991125106811523,modal,cuda,QKI:K562
GRWD1,HepG2,chr11:12862323:A:G,0,3,-1.8206133842468262,modal,cuda,QKI:K562
GRWD1,HepG2,chr11:129947260:T:C,0,3,-0.06203794479370117,modal,cuda,QKI:K562
GRWD1,HepG2,chr11:130122522:A:C,0,3,0.5243961811065674,modal,cuda,QKI:K562
GRWD1,HepG2,chr11:130140492:G:A,0,3,0.14811158180236816,modal,cuda,QKI:K562
GRWD1,HepG2,chr11:17169660:T:C,0,3,-0.9865845441818237,modal,cuda,QKI:K562
GRWD1,HepG2,chr11:17169735:G:A,1,3,-0.33151698112487793,modal,cuda,QKI:K562
GRWD1,HepG2,chr11:3017133:G:T,0,3,-0.1796414852142334,modal,cuda,QKI:K562
GRWD1,HepG2,chr11:3017136:G:A,0,3,-0.04590415954589844,modal,cuda,QKI:K562
GRWD1,HepG2,chr11:3029392:G:A,0,3,0.11671733856201172,modal,cuda,QKI:K562
GRWD1,HepG2,chr11:3029397:G:C,0,3,-0.12121748924255371,modal,cuda,QKI:K562
GRWD1,HepG2,chr11:34957479:C:T,0,3,0.28215622901916504,modal,cuda,QKI:K562
GRWD1,HepG2,chr11:34957548:C:T,0,3,0.05499124526977539,modal,cuda,QKI:K562
GRWD1,HepG2,chr11:34957572:C:T,0,3,0.2702171802520752,modal,cuda,QKI:K562
GRWD1,HepG2,chr11:34960443:G:A,0,3,0.5088362693786621,modal,cuda,QKI:K562
GRWD1,HepG2,chr11:34960519:G:A,1,3,0.6066112518310547,modal,cuda,QKI:K562
GRWD1,HepG2,chr11:34960522:T:C,0,3,0.27712178230285645,modal,cuda,QKI:K562
GRWD1,HepG2,chr11:3723274:G:A,0,3,0.2548311948776245,modal,cuda,QKI:K562
GRWD1,HepG2,chr11:3744549:C:T,0,3,-0.39949703216552734,modal,cuda,QKI:K562
GRWD1,HepG2,chr11:3778975:T:C,0,3,-0.12417960166931152,modal,cuda,QKI:K562
GRWD1,HepG2,chr11:45971183:G:A,0,3,0.23311066627502441,modal,cuda,QKI:K562
GRWD1,HepG2,chr11:45971199:G:C,0,3,-0.20710676908493042,modal,cuda,QKI:K562
GRWD1,HepG2,chr11:45971262:T:C,0,3,0.21477282047271729,modal,cuda,QKI:K562
GRWD1,HepG2,chr11:46542715:G:C,0,3,-1.2406646013259888,modal,cuda,QKI:K562
GRWD1,HepG2,chr11:47216971:C:T,0,3,-0.6665952205657959,modal,cuda,QKI:K562
GRWD1,HepG2,chr11:47234610:C:T,1,3,0.7631444931030273,modal,cuda,QKI:K562
GRWD1,HepG2,chr11:47234684:G:C,0,3,0.18982815742492676,modal,cuda,QKI:K562
GRWD1,HepG2,chr11:47808377:T:C,0,3,-0.0531463623046875,modal,cuda,QKI:K562
GRWD1,HepG2,chr11:47808401:G:A,0,3,-0.12021923065185547,modal,cuda,QKI:K562
GRWD1,HepG2,chr11:47835659:G:A,1,3,-0.19869494438171387,modal,cuda,QKI:K562
GRWD1,HepG2,chr11:47835701:T:C,0,3,-0.3317372798919678,modal,cuda,QKI:K562
GRWD1,HepG2,chr11:57796519:C:T,0,3,0.2529301643371582,modal,cuda,QKI:K562
GRWD1,HepG2,chr11:57796774:A:G,0,3,-0.4984816908836365,modal,cuda,QKI:K562
GRWD1,HepG2,chr11:57801864:G:A,1,3,-0.9523677825927734,modal,cuda,QKI:K562
GRWD1,HepG2,chr11:57801869:C:T,1,3,-1.14193594455719,modal,cuda,QKI:K562
GRWD1,HepG2,chr11:57803651:C:G,1,3,0.7707102298736572,modal,cuda,QKI:K562
GRWD1,HepG2,chr11:57805909:C:T,1,3,0.438124418258667,modal,cuda,QKI:K562
GRWD1,HepG2,chr11:57808471:C:T,0,3,-0.6781237721443176,modal,cuda,QKI:K562
GRWD1,HepG2,chr11:61364367:G:A,0,3,0.2598152160644531,modal,cuda,QKI:K562
GRWD1,HepG2,chr11:61366177:G:A,0,3,0.24906349182128906,modal,cuda,QKI:K562
GRWD1,HepG2,chr11:61366209:G:A,1,3,0.1690082550048828,modal,cuda,QKI:K562
GRWD1,HepG2,chr11:61367933:G:A,1,3,-0.39379024505615234,modal,cuda,QKI:K562
GRWD1,HepG2,chr11:61367998:G:A,1,3,-0.2885560989379883,modal,cuda,QKI:K562
GRWD1,HepG2,chr11:61778370:C:T,0,3,-0.1355266571044922,modal,cuda,QKI:K562
GRWD1,HepG2,chr11:61964896:A:G,0,3,-0.34048426151275635,modal,cuda,QKI:K562
GRWD1,HepG2,chr11:61964975:T:C,0,3,-0.48542141914367676,modal,cuda,QKI:K562
GRWD1,HepG2,chr11:62707136:G:C,0,3,0.6933772563934326,modal,cuda,QKI:K562
GRWD1,HepG2,chr11:62833013:G:A,0,3,-0.34546995162963867,modal,cuda,QKI:K562
GRWD1,HepG2,chr11:65185912:C:A,0,3,0.171566903591156,modal,cuda,QKI:K562
GRWD1,HepG2,chr11:65185922:G:A,1,3,-0.7039722204208374,modal,cuda,QKI:K562
GRWD1,HepG2,chr11:65185943:C:T,0,3,0.055822134017944336,modal,cuda,QKI:K562
GRWD1,HepG2,chr11:65208201:C:T,0,3,-0.05987882614135742,modal,cuda,QKI:K562
GRWD1,HepG2,chr11:65208274:C:T,0,3,0.15851998329162598,modal,cuda,QKI:K562
GRWD1,HepG2,chr11:65210007:C:T,0,3,0.27454280853271484,modal,cuda,QKI:K562
GRWD1,HepG2,chr11:65210013:C:T,0,3,-0.2131364345550537,modal,cuda,QKI:K562
GRWD1,HepG2,chr11:65547431:C:T,0,3,-0.2512807846069336,modal,cuda,QKI:K562
GRWD1,HepG2,chr11:65553919:G:A,0,3,-0.8322394490242004,modal,cuda,QKI:K562
GRWD1,HepG2,chr11:65864605:A:C,0,3,0.7092666625976562,modal,cuda,QKI:K562
GRWD1,HepG2,chr11:66220794:G:A,0,3,-0.19269061088562012,modal,cuda,QKI:K562
GRWD1,HepG2,chr11:66220807:T:C,0,3,-0.1023859977722168,modal,cuda,QKI:K562
GRWD1,HepG2,chr11:67255019:C:T,0,3,0.08389997482299805,modal,cuda,QKI:K562
GRWD1,HepG2,chr11:68041789:G:C,0,3,0.15874147415161133,modal,cuda,QKI:K562
GRWD1,HepG2,chr11:68043370:G:C,1,3,0.4775543212890625,modal,cuda,QKI:K562
GRWD1,HepG2,chr11:68043587:G:A,1,3,-0.2414255142211914,modal,cuda,QKI:K562
GRWD1,HepG2,chr11:68043625:G:T,1,3,-0.3392753601074219,modal,cuda,QKI:K562
GRWD1,HepG2,chr11:68043628:C:T,1,3,-0.32550740242004395,modal,cuda,QKI:K562
GRWD1,HepG2,chr11:68043794:G:A,0,3,0.24684715270996094,modal,cuda,QKI:K562
GRWD1,HepG2,chr11:68043795:C:A,0,3,0.17072296142578125,modal,cuda,QKI:K562
GRWD1,HepG2,chr11:68043803:C:T,0,3,-0.18587875366210938,modal,cuda,QKI:K562
GRWD1,HepG2,chr11:68044201:C:T,1,3,-0.6555749177932739,modal,cuda,QKI:K562
GRWD1,HepG2,chr11:686839:G:A,0,3,0.13761138916015625,modal,cuda,QKI:K562
GRWD1,HepG2,chr11:686900:T:G,1,3,-0.24320459365844727,modal,cuda,QKI:K562
GRWD1,HepG2,chr11:686907:C:T,1,3,-1.7673249244689941,modal,cuda,QKI:K562
GRWD1,HepG2,chr11:686911:C:T,1,3,-0.14577627182006836,modal,cuda,QKI:K562
GRWD1,HepG2,chr11:686943:A:G,1,3,-0.3880906105041504,modal,cuda,QKI:K562
GRWD1,HepG2,chr11:686953:G:T,1,3,-0.2216167449951172,modal,cuda,QKI:K562
GRWD1,HepG2,chr11:68903809:A:G,0,3,0.5776040554046631,modal,cuda,QKI:K562
GRWD1,HepG2,chr11:70272259:G:T,0,3,-0.2179431915283203,modal,cuda,QKI:K562
GRWD1,HepG2,chr11:70272383:G:A,0,3,-0.13303112983703613,modal,cuda,QKI:K562
GRWD1,HepG2,chr11:70339219:C:T,0,3,0.10126018524169922,modal,cuda,QKI:K562
GRWD1,HepG2,chr11:70354423:C:T,0,3,-0.25738525390625,modal,cuda,QKI:K562
GRWD1,HepG2,chr11:70378212:A:G,0,3,0.9978480339050293,modal,cuda,QKI:K562
GRWD1,HepG2,chr11:71478390:T:C,0,3,0.22593903541564941,modal,cuda,QKI:K562
GRWD1,HepG2,chr11:72001333:C:T,0,3,-0.16698002815246582,modal,cuda,QKI:K562
GRWD1,HepG2,chr11:72022387:C:T,0,3,0.24487018585205078,modal,cuda,QKI:K562
GRWD1,HepG2,chr11:76451851:C:T,0,3,0.13740205764770508,modal,cuda,QKI:K562
GRWD1,HepG2,chr11:76451964:T:C,0,3,0.23456668853759766,modal,cuda,QKI:K562
GRWD1,HepG2,chr11:836227:A:G,0,3,-0.19703269004821777,modal,cuda,QKI:K562
GRWD1,HepG2,chr11:836864:A:G,0,3,-0.15099334716796875,modal,cuda,QKI:K562
GRWD1,HepG2,chr11:85664513:G:A,0,3,-0.36011940240859985,modal,cuda,QKI:K562
GRWD1,HepG2,chr11:86245361:C:T,0,3,-0.4228857159614563,modal,cuda,QKI:K562
GRWD1,HepG2,chr11:87321245:G:C,0,3,0.22650660574436188,modal,cuda,QKI:K562
GRWD1,HepG2,chr11:9179008:G:A,0,3,-0.09648704528808594,modal,cuda,QKI:K562
GRWD1,HepG2,chr11:9203939:C:G,0,3,-0.3348047733306885,modal,cuda,QKI:K562
GRWD1,HepG2,chr11:94435822:C:T,0,3,0.2286701202392578,modal,cuda,QKI:K562
GRWD1,HepG2,chr11:94445909:A:C,0,3,-1.079408884048462,modal,cuda,QKI:K562
GRWD1,HepG2,chr11:94456263:G:A,0,3,-0.2783493995666504,modal,cuda,QKI:K562
GRWD1,HepG2,chr11:95821981:G:A,0,3,0.39693188667297363,modal,cuda,QKI:K562
GRWD1,HepG2,chr12:100510780:G:A,0,1,2.1493608951568604,modal,cuda,QKI:K562
GRWD1,HepG2,chr12:100532538:C:T,1,1,1.2192777395248413,modal,cuda,QKI:K562
GRWD1,HepG2,chr12:100532559:C:T,1,1,-1.814321517944336,modal,cuda,QKI:K562
GRWD1,HepG2,chr12:100532577:G:T,1,1,1.2162967920303345,modal,cuda,QKI:K562
GRWD1,HepG2,chr12:1027951:G:C,0,1,2.059307336807251,modal,cuda,QKI:K562
GRWD1,HepG2,chr12:1028051:A:G,0,1,-2.1755740642547607,modal,cuda,QKI:K562
GRWD1,HepG2,chr12:102840394:A:T,1,1,1.8424735069274902,modal,cuda,QKI:K562
GRWD1,HepG2,chr12:102846890:C:T,1,1,-0.6348271369934082,modal,cuda,QKI:K562
GRWD1,HepG2,chr12:102855080:C:T,0,1,1.6257789134979248,modal,cuda,QKI:K562
GRWD1,HepG2,chr12:102877457:C:A,1,1,-2.638859987258911,modal,cuda,QKI:K562
GRWD1,HepG2,chr12:102877457:C:T,1,1,-2.9080381393432617,modal,cuda,QKI:K562
GRWD1,HepG2,chr12:102877459:C:G,1,1,-4.568084716796875,modal,cuda,QKI:K562
GRWD1,HepG2,chr12:102877556:A:T,1,1,-1.43440580368042,modal,cuda,QKI:K562
GRWD1,HepG2,chr12:102877572:G:A,0,1,-0.3319063186645508,modal,cuda,QKI:K562
GRWD1,HepG2,chr12:102917066:C:A,1,1,-1.4244617223739624,modal,cuda,QKI:K562
GRWD1,HepG2,chr12:102917066:C:G,1,1,-1.143871784210205,modal,cuda,QKI:K562
GRWD1,HepG2,chr12:10847109:T:C,0,1,-0.4493541717529297,modal,cuda,QKI:K562
GRWD1,HepG2,chr12:10847181:C:T,0,1,0.5561041831970215,modal,cuda,QKI:K562
GRWD1,HepG2,chr12:110282701:T:C,0,1,-0.3112907409667969,modal,cuda,QKI:K562
GRWD1,HepG2,chr12:1112269:A:G,0,1,0.3889533281326294,modal,cuda,QKI:K562
GRWD1,HepG2,chr12:111456065:C:T,0,1,2.3620364665985107,modal,cuda,QKI:K562
GRWD1,HepG2,chr12:111456268:C:T,0,1,-0.5900800228118896,modal,cuda,QKI:K562
GRWD1,HepG2,chr12:111518422:T:C,0,1,0.33254194259643555,modal,cuda,QKI:K562
GRWD1,HepG2,chr12:1115991:C:T,0,1,0.5737330913543701,modal,cuda,QKI:K562
GRWD1,HepG2,chr12:112489201:G:A,0,1,-0.6017088890075684,modal,cuda,QKI:K562
GRWD1,HepG2,chr12:113292931:C:T,0,1,-0.24017667770385742,modal,cuda,QKI:K562
GRWD1,HepG2,chr12:117046847:G:T,0,1,-3.6841297149658203,modal,cuda,QKI:K562
GRWD1,HepG2,chr12:117049071:G:A,0,1,0.1416010856628418,modal,cuda,QKI:K562
GRWD1,HepG2,chr12:119757357:C:T,0,1,-0.4338642656803131,modal,cuda,QKI:K562
GRWD1,HepG2,chr12:119757359:C:A,0,1,-2.0087459087371826,modal,cuda,QKI:K562
GRWD1,HepG2,chr12:119832768:T:A,1,1,-0.3397057056427002,modal,cuda,QKI:K562
GRWD1,HepG2,chr12:120440429:T:C,0,1,0.42128610610961914,modal,cuda,QKI:K562
GRWD1,HepG2,chr12:120446488:C:T,0,1,1.1723278760910034,modal,cuda,QKI:K562
GRWD1,HepG2,chr12:120446525:C:T,0,1,1.4976898431777954,modal,cuda,QKI:K562
GRWD1,HepG2,chr12:12147466:A:G,0,1,-3.660508871078491,modal,cuda,QKI:K562
GRWD1,HepG2,chr12:12158881:A:C,0,1,-0.9120148420333862,modal,cuda,QKI:K562
GRWD1,HepG2,chr12:12162324:C:T,0,1,-0.45767056941986084,modal,cuda,QKI:K562
GRWD1,HepG2,chr12:122500624:A:G,0,1,-1.2129911184310913,modal,cuda,QKI:K562
GRWD1,HepG2,chr12:12266785:G:T,0,1,1.5337741374969482,modal,cuda,QKI:K562
GRWD1,HepG2,chr12:130801294:G:A,0,1,-1.844404697418213,modal,cuda,QKI:K562
GRWD1,HepG2,chr12:131960613:G:A,0,1,0.42475080490112305,modal,cuda,QKI:K562
GRWD1,HepG2,chr12:132632300:C:T,0,1,1.9252179861068726,modal,cuda,QKI:K562
GRWD1,HepG2,chr12:132643832:G:A,0,1,-0.6312205791473389,modal,cuda,QKI:K562
GRWD1,HepG2,chr12:132657119:T:C,0,1,-0.4822957515716553,modal,cuda,QKI:K562
GRWD1,HepG2,chr12:132672338:G:C,0,1,0.4791039526462555,modal,cuda,QKI:K562
GRWD1,HepG2,chr12:132672553:T:A,0,1,0.9599461555480957,modal,cuda,QKI:K562
GRWD1,HepG2,chr12:132718142:C:T,0,1,2.408672332763672,modal,cuda,QKI:K562
GRWD1,HepG2,chr12:132718183:A:G,0,1,-1.1191818714141846,modal,cuda,QKI:K562
GRWD1,HepG2,chr12:132728018:C:T,0,1,0.5425877571105957,modal,cuda,QKI:K562
GRWD1,HepG2,chr12:132747814:T:C,0,1,-0.31850099563598633,modal,cuda,QKI:K562
GRWD1,HepG2,chr12:23845954:T:C,0,1,1.2605805397033691,modal,cuda,QKI:K562
GRWD1,HepG2,chr12:24901853:G:A,0,1,2.1780734062194824,modal,cuda,QKI:K562
GRWD1,HepG2,chr12:26790237:A:T,0,1,-1.8976068496704102,modal,cuda,QKI:K562
GRWD1,HepG2,chr12:31084054:G:A,0,1,-1.1753389835357666,modal,cuda,QKI:K562
GRWD1,HepG2,chr12:31089501:G:A,0,1,-2.539285898208618,modal,cuda,QKI:K562
GRWD1,HepG2,chr12:31089506:A:G,0,1,-1.4757599830627441,modal,cuda,QKI:K562
GRWD1,HepG2,chr12:323593:T:C,0,1,-0.47594404220581055,modal,cuda,QKI:K562
GRWD1,HepG2,chr12:32701427:A:G,1,1,1.8576874732971191,modal,cuda,QKI:K562
GRWD1,HepG2,chr12:32701432:A:C,0,1,-1.5799496173858643,modal,cuda,QKI:K562
GRWD1,HepG2,chr12:39333207:T:A,0,1,-0.27581357955932617,modal,cuda,QKI:K562
GRWD1,HepG2,chr12:47999944:G:T,1,1,-5.405316352844238,modal,cuda,QKI:K562
GRWD1,HepG2,chr12:47999949:T:A,0,1,-1.0521657466888428,modal,cuda,QKI:K562
GRWD1,HepG2,chr12:47999953:G:T,1,1,-3.0260329246520996,modal,cuda,QKI:K562
GRWD1,HepG2,chr12:47999986:G:T,1,1,-2.6032555103302,modal,cuda,QKI:K562
GRWD1,HepG2,chr12:50096916:A:G,1,1,-0.28418827056884766,modal,cuda,QKI:K562
GRWD1,HepG2,chr12:52898859:C:T,0,1,0.6935420036315918,modal,cuda,QKI:K562
GRWD1,HepG2,chr12:52898882:G:A,0,1,0.36580467224121094,modal,cuda,QKI:K562
GRWD1,HepG2,chr12:56100038:A:C,0,1,-1.5864348411560059,modal,cuda,QKI:K562
GRWD1,HepG2,chr12:56181404:G:A,0,1,0.7462246417999268,modal,cuda,QKI:K562
GRWD1,HepG2,chr12:56254282:G:A,0,1,-0.5583491325378418,modal,cuda,QKI:K562
GRWD1,HepG2,chr12:56355369:C:T,0,1,2.0250632762908936,modal,cuda,QKI:K562
GRWD1,HepG2,chr12:56355703:C:G,1,1,-1.1682732105255127,modal,cuda,QKI:K562
GRWD1,HepG2,chr12:56420619:A:G,0,1,3.356020212173462,modal,cuda,QKI:K562
GRWD1,HepG2,chr12:57105475:C:T,0,1,1.958620548248291,modal,cuda,QKI:K562
GRWD1,HepG2,chr12:6560439:G:A,0,1,-0.5309743881225586,modal,cuda,QKI:K562
GRWD1,HepG2,chr12:6601957:C:T,0,1,0.746957540512085,modal,cuda,QKI:K562
GRWD1,HepG2,chr12:6606256:C:T,0,1,0.3266158103942871,modal,cuda,QKI:K562
GRWD1,HepG2,chr12:68828854:C:T,0,1,-1.5743430852890015,modal,cuda,QKI:K562
GRWD1,HepG2,chr12:6917572:A:C,0,1,0.3244619369506836,modal,cuda,QKI:K562
GRWD1,HepG2,chr12:6934323:C:T,0,1,-1.7429540157318115,modal,cuda,QKI:K562
GRWD1,HepG2,chr12:6970938:T:C,0,1,-0.453836053609848,modal,cuda,QKI:K562
GRWD1,HepG2,chr12:6971024:C:G,0,1,-1.8941645622253418,modal,cuda,QKI:K562
GRWD1,HepG2,chr12:70338488:A:T,1,1,1.79060697555542,modal,cuda,QKI:K562
GRWD1,HepG2,chr12:79793941:T:G,0,1,0.38934803009033203,modal,cuda,QKI:K562
GRWD1,HepG2,chr12:79845286:T:A,0,1,0.6318950653076172,modal,cuda,QKI:K562
GRWD1,HepG2,chr12:79872796:G:T,0,1,0.3508150577545166,modal,cuda,QKI:K562
GRWD1,HepG2,chr12:89655748:G:A,1,1,0.6346406936645508,modal,cuda,QKI:K562
GRWD1,HepG2,chr12:914052:G:T,0,1,-0.5030827522277832,modal,cuda,QKI:K562
GRWD1,HepG2,chr12:92864856:G:A,0,1,1.8790102005004883,modal,cuda,QKI:K562
GRWD1,HepG2,chr12:94378966:C:T,0,1,0.3073434829711914,modal,cuda,QKI:K562
GRWD1,HepG2,chr12:94994203:C:T,1,1,1.6022047996520996,modal,cuda,QKI:K562
GRWD1,HepG2,chr12:94994211:G:A,0,1,0.6764979362487793,modal,cuda,QKI:K562
GRWD1,HepG2,chr12:94994249:G:A,1,1,0.9592862129211426,modal,cuda,QKI:K562
GRWD1,HepG2,chr12:98516092:G:A,0,1,0.25052952766418457,modal,cuda,QKI:K562
GRWD1,HepG2,chr13:102633930:T:A,0,0,-1.0458414554595947,modal,cuda,QKI:K562
GRWD1,HepG2,chr13:102807511:A:G,0,0,0.39780616760253906,modal,cuda,QKI:K562
GRWD1,HepG2,chr13:110634592:C:T,0,0,0.3224496841430664,modal,cuda,QKI:K562
GRWD1,HepG2,chr13:110634665:T:G,0,0,-1.4065687656402588,modal,cuda,QKI:K562
GRWD1,HepG2,chr13:110635494:C:T,0,0,0.4648629426956177,modal,cuda,QKI:K562
GRWD1,HepG2,chr13:110635598:G:A,0,0,0.1912827491760254,modal,cuda,QKI:K562
GRWD1,HepG2,chr13:110642449:C:T,0,0,0.55457603931427,modal,cuda,QKI:K562
GRWD1,HepG2,chr13:113045368:G:C,0,0,-0.37557196617126465,modal,cuda,QKI:K562
GRWD1,HepG2,chr13:113115689:G:T,1,0,-0.6956487894058228,modal,cuda,QKI:K562
GRWD1,HepG2,chr13:113115754:C:T,0,0,-0.1725144386291504,modal,cuda,QKI:K562
GRWD1,HepG2,chr13:113115778:C:T,0,0,0.11171627044677734,modal,cuda,QKI:K562
GRWD1,HepG2,chr13:20003015:T:G,1,0,-1.966404676437378,modal,cuda,QKI:K562
GRWD1,HepG2,chr13:20061170:A:G,0,0,-1.151194453239441,modal,cuda,QKI:K562
GRWD1,HepG2,chr13:24883942:G:C,0,0,-0.403409481048584,modal,cuda,QKI:K562
GRWD1,HepG2,chr13:24912045:G:A,1,0,-0.6010827422142029,modal,cuda,QKI:K562
GRWD1,HepG2,chr13:39655754:G:A,0,0,0.8152099847793579,modal,cuda,QKI:K562
GRWD1,HepG2,chr13:39655820:T:A,0,0,-0.398572713136673,modal,cuda,QKI:K562
GRWD1,HepG2,chr13:39655838:A:T,1,0,-1.6063377857208252,modal,cuda,QKI:K562
GRWD1,HepG2,chr13:51950271:C:T,1,0,-0.5241303443908691,modal,cuda,QKI:K562
GRWD1,HepG2,chr13:51970491:C:G,1,0,1.17976713180542,modal,cuda,QKI:K562
GRWD1,HepG2,chr13:51970558:G:A,1,0,0.5971705913543701,modal,cuda,QKI:K562
GRWD1,HepG2,chr13:51970573:G:A,1,0,0.36641740798950195,modal,cuda,QKI:K562
GRWD1,HepG2,chr13:51974317:A:C,1,0,0.6424188613891602,modal,cuda,QKI:K562
GRWD1,HepG2,chr13:51974317:A:T,1,0,-0.8203961849212646,modal,cuda,QKI:K562
GRWD1,HepG2,chr13:51974350:C:G,0,0,0.36321306228637695,modal,cuda,QKI:K562
GRWD1,HepG2,chr13:75804311:G:A,0,0,1.559409499168396,modal,cuda,QKI:K562
GRWD1,HepG2,chr14:102027301:G:A,0,2,0.7748771905899048,modal,cuda,QKI:K562
GRWD1,HepG2,chr14:104712504:T:C,0,2,-0.20387506484985352,modal,cuda,QKI:K562
GRWD1,HepG2,chr14:104712520:C:T,0,2,0.10676312446594238,modal,cuda,QKI:K562
GRWD1,HepG2,chr14:104773098:C:T,0,2,0.1715402603149414,modal,cuda,QKI:K562
GRWD1,HepG2,chr14:104773099:G:A,0,2,0.16965126991271973,modal,cuda,QKI:K562
GRWD1,HepG2,chr14:104773774:G:A,0,2,-0.4018822908401489,modal,cuda,QKI:K562
GRWD1,HepG2,chr14:105226625:C:T,0,2,-0.3610420227050781,modal,cuda,QKI:K562
GRWD1,HepG2,chr14:105369913:C:T,0,2,1.0320940017700195,modal,cuda,QKI:K562
GRWD1,HepG2,chr14:105384992:C:T,0,2,0.2590761184692383,modal,cuda,QKI:K562
GRWD1,HepG2,chr14:105384993:G:A,0,2,-0.30182743072509766,modal,cuda,QKI:K562
GRWD1,HepG2,chr14:105385001:C:T,0,2,0.16036653518676758,modal,cuda,QKI:K562
GRWD1,HepG2,chr14:105385007:C:T,0,2,-0.5503665208816528,modal,cuda,QKI:K562
GRWD1,HepG2,chr14:105466467:G:A,0,2,-0.18781161308288574,modal,cuda,QKI:K562
GRWD1,HepG2,chr14:105469951:C:T,0,2,0.1705787181854248,modal,cuda,QKI:K562
GRWD1,HepG2,chr14:20448090:T:C,0,2,-0.8617276549339294,modal,cuda,QKI:K562
GRWD1,HepG2,chr14:20449275:G:A,0,2,-0.42960309982299805,modal,cuda,QKI:K562
GRWD1,HepG2,chr14:20449283:A:T,0,2,-0.25560569763183594,modal,cuda,QKI:K562
GRWD1,HepG2,chr14:20469429:G:A,0,2,0.4477749466896057,modal,cuda,QKI:K562
GRWD1,HepG2,chr14:20469434:G:T,0,2,1.159681797027588,modal,cuda,QKI:K562
GRWD1,HepG2,chr14:20469442:C:G,0,2,-0.6455527544021606,modal,cuda,QKI:K562
GRWD1,HepG2,chr14:20472290:A:T,0,2,-0.2831599712371826,modal,cuda,QKI:K562
GRWD1,HepG2,chr14:20472299:C:A,0,2,0.507622241973877,modal,cuda,QKI:K562
GRWD1,HepG2,chr14:21074934:C:T,0,2,-0.2768141031265259,modal,cuda,QKI:K562
GRWD1,HepG2,chr14:21368447:G:C,0,2,-0.6365036964416504,modal,cuda,QKI:K562
GRWD1,HepG2,chr14:24155532:C:G,0,2,-0.18294000625610352,modal,cuda,QKI:K562
GRWD1,HepG2,chr14:24163515:G:A,0,2,0.058167457580566406,modal,cuda,QKI:K562
GRWD1,HepG2,chr14:24184909:G:T,0,2,-0.27701497077941895,modal,cuda,QKI:K562
GRWD1,HepG2,chr14:30889673:T:C,1,2,-0.3580319881439209,modal,cuda,QKI:K562
GRWD1,HepG2,chr14:30889691:A:G,0,2,-0.1355072259902954,modal,cuda,QKI:K562
GRWD1,HepG2,chr14:31562122:C:T,1,2,1.6098179817199707,modal,cuda,QKI:K562
GRWD1,HepG2,chr14:31599348:G:A,1,2,0.28884077072143555,modal,cuda,QKI:K562
GRWD1,HepG2,chr14:34516452:C:T,0,2,-1.1686806678771973,modal,cuda,QKI:K562
GRWD1,HepG2,chr14:35085702:C:T,1,2,0.5998141765594482,modal,cuda,QKI:K562
GRWD1,HepG2,chr14:35278712:C:T,0,2,0.2660982608795166,modal,cuda,QKI:K562
GRWD1,HepG2,chr14:35403670:G:T,0,2,0.11832523345947266,modal,cuda,QKI:K562
GRWD1,HepG2,chr14:35403687:C:T,0,2,0.2272942066192627,modal,cuda,QKI:K562
GRWD1,HepG2,chr14:39154235:T:C,0,2,-0.13723349571228027,modal,cuda,QKI:K562
GRWD1,HepG2,chr14:39154279:G:A,1,2,-0.17764568328857422,modal,cuda,QKI:K562
GRWD1,HepG2,chr14:39176159:C:T,0,2,-0.341658353805542,modal,cuda,QKI:K562
GRWD1,HepG2,chr14:39299939:A:G,0,2,-0.6115924119949341,modal,cuda,QKI:K562
GRWD1,HepG2,chr14:49679806:A:G,0,2,0.37760794162750244,modal,cuda,QKI:K562
GRWD1,HepG2,chr14:55628008:C:A,0,2,-0.40378567576408386,modal,cuda,QKI:K562
GRWD1,HepG2,chr14:55629968:A:C,0,2,-0.44991612434387207,modal,cuda,QKI:K562
GRWD1,HepG2,chr14:59330495:G:A,0,2,0.23017311096191406,modal,cuda,QKI:K562
GRWD1,HepG2,chr14:64431881:C:A,0,2,0.12191987037658691,modal,cuda,QKI:K562
GRWD1,HepG2,chr14:64439078:C:A,0,2,1.1111236810684204,modal,cuda,QKI:K562
GRWD1,HepG2,chr14:67825470:T:C,0,2,0.30946314334869385,modal,cuda,QKI:K562
GRWD1,HepG2,chr14:68880117:C:T,0,2,0.2772634029388428,modal,cuda,QKI:K562
GRWD1,HepG2,chr14:68909403:G:A,0,2,0.43095457553863525,modal,cuda,QKI:K562
GRWD1,HepG2,chr14:68925547:T:G,0,2,-0.0602569580078125,modal,cuda,QKI:K562
GRWD1,HepG2,chr14:72938062:T:C,0,2,0.24480581283569336,modal,cuda,QKI:K562
GRWD1,HepG2,chr14:74286660:G:A,0,2,1.128157138824463,modal,cuda,QKI:K562
GRWD1,HepG2,chr14:74286696:G:A,0,2,-0.5476971864700317,modal,cuda,QKI:K562
GRWD1,HepG2,chr14:74292774:C:T,0,2,0.2677571773529053,modal,cuda,QKI:K562
GRWD1,HepG2,chr14:74292826:G:A,0,2,0.19302749633789062,modal,cuda,QKI:K562
GRWD1,HepG2,chr14:74296346:G:A,1,2,-1.7598167657852173,modal,cuda,QKI:K562
GRWD1,HepG2,chr14:74296383:G:C,0,2,-0.19051599502563477,modal,cuda,QKI:K562
GRWD1,HepG2,chr14:75017075:T:A,0,2,0.18555545806884766,modal,cuda,QKI:K562
GRWD1,HepG2,chr14:75771860:G:C,0,2,-0.3202863931655884,modal,cuda,QKI:K562
GRWD1,HepG2,chr14:77512278:A:C,0,2,0.2422802448272705,modal,cuda,QKI:K562
GRWD1,HepG2,chr14:77616609:C:A,0,2,-0.5155839920043945,modal,cuda,QKI:K562
GRWD1,HepG2,chr14:77616621:T:C,0,2,-0.5042638182640076,modal,cuda,QKI:K562
GRWD1,HepG2,chr14:77616622:G:A,0,2,-0.39491477608680725,modal,cuda,QKI:K562
GRWD1,HepG2,chr14:81526729:C:T,0,2,-0.23870611190795898,modal,cuda,QKI:K562
GRWD1,HepG2,chr14:88574794:C:T,0,2,0.48675575852394104,modal,cuda,QKI:K562
GRWD1,HepG2,chr14:90397013:C:T,0,2,0.1975853443145752,modal,cuda,QKI:K562
GRWD1,HepG2,chr14:90397145:G:A,0,2,-0.12245917320251465,modal,cuda,QKI:K562
GRWD1,HepG2,chr14:95094089:A:C,1,2,-1.6543409824371338,modal,cuda,QKI:K562
GRWD1,HepG2,chr14:95094119:A:T,0,2,-0.08573508262634277,modal,cuda,QKI:K562
GRWD1,HepG2,chr14:95094168:C:T,1,2,0.8309001922607422,modal,cuda,QKI:K562
GRWD1,HepG2,chr14:95096581:G:A,1,2,-1.1616284847259521,modal,cuda,QKI:K562
GRWD1,HepG2,chr14:95096605:C:A,1,2,-0.8173196911811829,modal,cuda,QKI:K562
GRWD1,HepG2,chr14:95096633:C:T,1,2,-0.43869268894195557,modal,cuda,QKI:K562
GRWD1,HepG2,chr14:95105699:C:T,1,2,-0.3509315252304077,modal,cuda,QKI:K562
GRWD1,HepG2,chr14:95105716:T:A,1,2,0.6467947959899902,modal,cuda,QKI:K562
GRWD1,HepG2,chr14:95105784:C:A,1,2,-1.148411750793457,modal,cuda,QKI:K562
GRWD1,HepG2,chr15:101370529:G:C,0,1,-1.8513882160186768,modal,cuda,QKI:K562
GRWD1,HepG2,chr15:22918835:C:T,0,1,0.5146596431732178,modal,cuda,QKI:K562
GRWD1,HepG2,chr15:22932292:C:T,0,1,-0.2955356240272522,modal,cuda,QKI:K562
GRWD1,HepG2,chr15:22943270:G:A,0,1,-1.1065144538879395,modal,cuda,QKI:K562
GRWD1,HepG2,chr15:24962126:C:T,0,1,-1.7736196517944336,modal,cuda,QKI:K562
GRWD1,HepG2,chr15:25340160:C:T,1,1,-0.8348159790039062,modal,cuda,QKI:K562
GRWD1,HepG2,chr15:25340173:G:A,1,1,1.5824215412139893,modal,cuda,QKI:K562
GRWD1,HepG2,chr15:25360477:A:T,1,1,0.8679413795471191,modal,cuda,QKI:K562
GRWD1,HepG2,chr15:25370844:C:A,1,1,-0.5502591133117676,modal,cuda,QKI:K562
GRWD1,HepG2,chr15:25370865:G:A,1,1,-0.9595468044281006,modal,cuda,QKI:K562
GRWD1,HepG2,chr15:25370905:G:A,0,1,-0.685828685760498,modal,cuda,QKI:K562
GRWD1,HepG2,chr15:25370913:G:A,1,1,-0.7294933795928955,modal,cuda,QKI:K562
GRWD1,HepG2,chr15:25370937:C:A,1,1,1.1707115173339844,modal,cuda,QKI:K562
GRWD1,HepG2,chr15:25370955:G:A,1,1,-1.3901588916778564,modal,cuda,QKI:K562
GRWD1,HepG2,chr15:25370967:C:A,1,1,1.6196675300598145,modal,cuda,QKI:K562
GRWD1,HepG2,chr15:25371276:C:A,1,1,0.7750651836395264,modal,cuda,QKI:K562
GRWD1,HepG2,chr15:25371285:C:A,1,1,0.623070478439331,modal,cuda,QKI:K562
GRWD1,HepG2,chr15:25371316:G:T,0,1,4.267694473266602,modal,cuda,QKI:K562
GRWD1,HepG2,chr15:25371326:A:C,1,1,-3.1888625621795654,modal,cuda,QKI:K562
GRWD1,HepG2,chr15:25371348:G:A,1,1,2.4399850368499756,modal,cuda,QKI:K562
GRWD1,HepG2,chr15:32633113:T:G,0,1,-8.562189102172852,modal,cuda,QKI:K562
GRWD1,HepG2,chr15:34342999:C:T,0,1,0.8172488212585449,modal,cuda,QKI:K562
GRWD1,HepG2,chr15:40030347:T:G,0,1,-2.41909122467041,modal,cuda,QKI:K562
GRWD1,HepG2,chr15:40030351:G:T,0,1,1.0588703155517578,modal,cuda,QKI:K562
GRWD1,HepG2,chr15:40161106:A:G,0,1,-0.44664859771728516,modal,cuda,QKI:K562
GRWD1,HepG2,chr15:40199751:A:G,0,1,-0.19848155975341797,modal,cuda,QKI:K562
GRWD1,HepG2,chr15:40411601:C:T,0,1,-2.865314483642578,modal,cuda,QKI:K562
GRWD1,HepG2,chr15:41736499:C:G,0,1,0.9263830184936523,modal,cuda,QKI:K562
GRWD1,HepG2,chr15:41736607:A:G,0,1,-0.5845532417297363,modal,cuda,QKI:K562
GRWD1,HepG2,chr15:41736622:A:G,0,1,1.7491753101348877,modal,cuda,QKI:K562
GRWD1,HepG2,chr15:43800658:G:A,0,1,-1.2055158615112305,modal,cuda,QKI:K562
GRWD1,HepG2,chr15:43801716:T:C,0,1,-1.9662261009216309,modal,cuda,QKI:K562
GRWD1,HepG2,chr15:50439016:G:C,0,1,1.083385944366455,modal,cuda,QKI:K562
GRWD1,HepG2,chr15:50439193:C:T,0,1,3.6409449577331543,modal,cuda,QKI:K562
GRWD1,HepG2,chr15:50449392:A:C,0,1,0.7999453544616699,modal,cuda,QKI:K562
GRWD1,HepG2,chr15:55850653:C:T,0,1,-0.7239930629730225,modal,cuda,QKI:K562
GRWD1,HepG2,chr15:56142758:A:G,0,1,1.386171817779541,modal,cuda,QKI:K562
GRWD1,HepG2,chr15:56920007:G:C,0,1,1.4538378715515137,modal,cuda,QKI:K562
GRWD1,HepG2,chr15:56921008:A:G,0,1,-4.166602611541748,modal,cuda,QKI:K562
GRWD1,HepG2,chr15:56921085:A:G,0,1,-1.27787446975708,modal,cuda,QKI:K562
GRWD1,HepG2,chr15:57091863:A:G,0,1,-0.21556425094604492,modal,cuda,QKI:K562
GRWD1,HepG2,chr15:57262215:A:G,0,1,-0.968724250793457,modal,cuda,QKI:K562
GRWD1,HepG2,chr15:58621444:T:A,0,1,7.9298601150512695,modal,cuda,QKI:K562
GRWD1,HepG2,chr15:58621464:A:G,0,1,1.5452046394348145,modal,cuda,QKI:K562
GRWD1,HepG2,chr15:63042757:C:T,0,1,-0.7116159200668335,modal,cuda,QKI:K562
GRWD1,HepG2,chr15:63042816:T:C,0,1,0.9746851921081543,modal,cuda,QKI:K562
GRWD1,HepG2,chr15:63043708:C:G,0,1,-0.21916580200195312,modal,cuda,QKI:K562
GRWD1,HepG2,chr15:63057025:T:A,1,1,-0.24964523315429688,modal,cuda,QKI:K562
GRWD1,HepG2,chr15:63060873:C:T,1,1,-0.378953218460083,modal,cuda,QKI:K562
GRWD1,HepG2,chr15:63060929:C:T,1,1,-1.0997086763381958,modal,cuda,QKI:K562
GRWD1,HepG2,chr15:63061252:A:G,0,1,0.7529562711715698,modal,cuda,QKI:K562
GRWD1,HepG2,chr15:67165369:C:T,1,1,-2.745278835296631,modal,cuda,QKI:K562
GRWD1,HepG2,chr15:68787929:G:C,0,1,-3.0382585525512695,modal,cuda,QKI:K562
GRWD1,HepG2,chr15:72544973:C:T,0,1,-0.371279239654541,modal,cuda,QKI:K562
GRWD1,HepG2,chr15:74893263:G:T,1,1,-2.5605390071868896,modal,cuda,QKI:K562
GRWD1,HepG2,chr15:74893306:G:A,1,1,-0.6298571228981018,modal,cuda,QKI:K562
GRWD1,HepG2,chr15:74893329:A:G,0,1,-1.535485029220581,modal,cuda,QKI:K562
GRWD1,HepG2,chr15:75361037:T:C,0,1,-0.3124065399169922,modal,cuda,QKI:K562
GRWD1,HepG2,chr15:75392820:T:C,0,1,-2.316105604171753,modal,cuda,QKI:K562
GRWD1,HepG2,chr15:75392834:A:C,0,1,-1.0561203956604004,modal,cuda,QKI:K562
GRWD1,HepG2,chr15:75394873:C:A,0,1,1.182465672492981,modal,cuda,QKI:K562
GRWD1,HepG2,chr15:76702873:G:A,1,1,0.14748764038085938,modal,cuda,QKI:K562
GRWD1,HepG2,chr15:76841797:A:C,0,1,-2.9291176795959473,modal,cuda,QKI:K562
GRWD1,HepG2,chr15:76841903:G:A,0,1,0.784794807434082,modal,cuda,QKI:K562
GRWD1,HepG2,chr15:78471943:A:G,0,1,-1.9958019256591797,modal,cuda,QKI:K562
GRWD1,HepG2,chr15:79313860:G:A,0,1,0.2418346405029297,modal,cuda,QKI:K562
GRWD1,HepG2,chr15:79889252:G:A,1,1,-0.6025362014770508,modal,cuda,QKI:K562
GRWD1,HepG2,chr15:79896882:A:G,1,1,-2.741223096847534,modal,cuda,QKI:K562
GRWD1,HepG2,chr15:79896888:C:A,0,1,0.6703083515167236,modal,cuda,QKI:K562
GRWD1,HepG2,chr15:80989559:G:A,0,1,-0.8471630215644836,modal,cuda,QKI:K562
GRWD1,HepG2,chr15:84648523:A:G,0,1,0.42643022537231445,modal,cuda,QKI:K562
GRWD1,HepG2,chr15:84648595:G:A,0,1,1.058034896850586,modal,cuda,QKI:K562
GRWD1,HepG2,chr15:92972440:T:C,0,1,-2.98895001411438,modal,cuda,QKI:K562
GRWD1,HepG2,chr15:92981478:G:A,0,1,1.2999569177627563,modal,cuda,QKI:K562
GRWD1,HepG2,chr15:92985689:G:A,0,1,0.538459062576294,modal,cuda,QKI:K562
GRWD1,HepG2,chr15:92985715:C:T,0,1,-0.7629443407058716,modal,cuda,QKI:K562
GRWD1,HepG2,chr15:92998475:G:A,0,1,-1.2329188585281372,modal,cuda,QKI:K562
GRWD1,HepG2,chr15:93004766:C:T,0,1,0.7838745713233948,modal,cuda,QKI:K562
GRWD1,HepG2,chr16:1459097:G:A,0,2,0.1284557580947876,modal,cuda,QKI:K562
GRWD1,HepG2,chr16:14628177:T:A,1,2,-0.9904162883758545,modal,cuda,QKI:K562
GRWD1,HepG2,chr16:15036083:C:T,0,2,-0.16760921478271484,modal,cuda,QKI:K562
GRWD1,HepG2,chr16:16159508:G:A,1,2,-0.8454022407531738,modal,cuda,QKI:K562
GRWD1,HepG2,chr16:16159549:C:T,1,2,-0.3847215175628662,modal,cuda,QKI:K562
GRWD1,HepG2,chr16:16159555:C:T,1,2,0.1834874153137207,modal,cuda,QKI:K562
GRWD1,HepG2,chr16:16178848:G:A,1,2,0.6071487665176392,modal,cuda,QKI:K562
GRWD1,HepG2,chr16:16178854:C:A,1,2,0.8298981189727783,modal,cuda,QKI:K562
GRWD1,HepG2,chr16:16178909:G:T,1,2,-0.4845848083496094,modal,cuda,QKI:K562
GRWD1,HepG2,chr16:16178916:G:T,1,2,-0.26650547981262207,modal,cuda,QKI:K562
GRWD1,HepG2,chr16:16188935:C:A,1,2,1.2129660844802856,modal,cuda,QKI:K562
GRWD1,HepG2,chr16:16190247:G:A,1,2,0.15404963493347168,modal,cuda,QKI:K562
GRWD1,HepG2,chr16:16190294:T:C,1,2,-0.18404626846313477,modal,cuda,QKI:K562
GRWD1,HepG2,chr16:16198025:C:T,1,2,0.1692657470703125,modal,cuda,QKI:K562
GRWD1,HepG2,chr16:16198051:C:T,1,2,-0.9772125482559204,modal,cuda,QKI:K562
GRWD1,HepG2,chr16:1772158:T:C,0,2,-0.22362637519836426,modal,cuda,QKI:K562
GRWD1,HepG2,chr16:1772946:C:G,0,2,0.22721359133720398,modal,cuda,QKI:K562
GRWD1,HepG2,chr16:1772956:C:T,1,2,-0.4282774031162262,modal,cuda,QKI:K562
GRWD1,HepG2,chr16:1772999:A:G,0,2,0.22837302088737488,modal,cuda,QKI:K562
GRWD1,HepG2,chr16:1959761:A:G,0,2,-0.22031211853027344,modal,cuda,QKI:K562
GRWD1,HepG2,chr16:2050400:G:T,1,2,-1.454702377319336,modal,cuda,QKI:K562
GRWD1,HepG2,chr16:2050423:C:G,0,2,-0.9062179327011108,modal,cuda,QKI:K562
GRWD1,HepG2,chr16:2050423:C:T,0,2,-5.564282417297363,modal,cuda,QKI:K562
GRWD1,HepG2,chr16:2050429:T:C,0,2,0.7818468809127808,modal,cuda,QKI:K562
GRWD1,HepG2,chr16:2050448:C:T,1,2,-2.5055861473083496,modal,cuda,QKI:K562
GRWD1,HepG2,chr16:2050456:T:A,1,2,-1.3308639526367188,modal,cuda,QKI:K562
GRWD1,HepG2,chr16:2050457:G:C,0,2,-0.4045143127441406,modal,cuda,QKI:K562
GRWD1,HepG2,chr16:2050471:C:T,0,2,-4.547319412231445,modal,cuda,QKI:K562
GRWD1,HepG2,chr16:2050481:G:T,1,2,0.770522952079773,modal,cuda,QKI:K562
GRWD1,HepG2,chr16:2053361:G:A,1,2,-1.4560973644256592,modal,cuda,QKI:K562
GRWD1,HepG2,chr16:2053362:G:A,1,2,-0.7127934694290161,modal,cuda,QKI:K562
GRWD1,HepG2,chr16:2053373:C:A,0,2,0.8097189664840698,modal,cuda,QKI:K562
GRWD1,HepG2,chr16:2053384:C:T,1,2,-0.9117447733879089,modal,cuda,QKI:K562
GRWD1,HepG2,chr16:2053386:G:T,0,2,0.681492805480957,modal,cuda,QKI:K562
GRWD1,HepG2,chr16:2053390:G:T,1,2,-1.3204957246780396,modal,cuda,QKI:K562
GRWD1,HepG2,chr16:2053404:G:A,0,2,-0.23123377561569214,modal,cuda,QKI:K562
GRWD1,HepG2,chr16:2053428:G:C,0,2,0.32442188262939453,modal,cuda,QKI:K562
GRWD1,HepG2,chr16:2053444:C:T,1,2,-0.2639174163341522,modal,cuda,QKI:K562
GRWD1,HepG2,chr16:2060741:T:A,1,2,-0.6597182750701904,modal,cuda,QKI:K562
GRWD1,HepG2,chr16:2074385:G:T,0,2,-0.15822291374206543,modal,cuda,QKI:K562
GRWD1,HepG2,chr16:2076095:C:G,0,2,-0.4569356441497803,modal,cuda,QKI:K562
GRWD1,HepG2,chr16:2076104:C:G,0,2,-0.05578041076660156,modal,cuda,QKI:K562
GRWD1,HepG2,chr16:2076175:G:A,1,2,0.9076116681098938,modal,cuda,QKI:K562
GRWD1,HepG2,chr16:2076175:G:C,1,2,-0.6126490831375122,modal,cuda,QKI:K562
GRWD1,HepG2,chr16:2076482:C:G,1,2,0.38147878646850586,modal,cuda,QKI:K562
GRWD1,HepG2,chr16:2076513:T:A,1,2,-0.21995806694030762,modal,cuda,QKI:K562
GRWD1,HepG2,chr16:2076524:G:A,0,2,-0.19646108150482178,modal,cuda,QKI:K562
GRWD1,HepG2,chr16:2076556:G:A,0,2,-0.25126928091049194,modal,cuda,QKI:K562
GRWD1,HepG2,chr16:23403679:C:T,0,2,-8.511260032653809,modal,cuda,QKI:K562
GRWD1,HepG2,chr16:23529614:G:A,1,2,0.2052922248840332,modal,cuda,QKI:K562
GRWD1,HepG2,chr16:23534897:C:A,1,2,0.10179352760314941,modal,cuda,QKI:K562
GRWD1,HepG2,chr16:23629742:A:T,0,2,-0.3649008274078369,modal,cuda,QKI:K562
GRWD1,HepG2,chr16:23629754:A:T,1,2,0.5183401107788086,modal,cuda,QKI:K562
GRWD1,HepG2,chr16:23629775:G:T,0,2,0.3181028366088867,modal,cuda,QKI:K562
GRWD1,HepG2,chr16:23629778:T:A,0,2,0.5789718627929688,modal,cuda,QKI:K562
GRWD1,HepG2,chr16:23629793:G:A,0,2,-0.7937263250350952,modal,cuda,QKI:K562
GRWD1,HepG2,chr16:23629799:T:C,0,2,-0.8257573843002319,modal,cuda,QKI:K562
GRWD1,HepG2,chr16:23629817:T:A,0,2,1.8369176387786865,modal,cuda,QKI:K562
GRWD1,HepG2,chr16:23629844:G:A,0,2,-1.2255785465240479,modal,cuda,QKI:K562
GRWD1,HepG2,chr16:23629857:G:T,1,2,-2.5713841915130615,modal,cuda,QKI:K562
GRWD1,HepG2,chr16:23634914:T:C,0,2,-0.3798973560333252,modal,cuda,QKI:K562
GRWD1,HepG2,chr16:23634954:A:T,1,2,-0.7413866519927979,modal,cuda,QKI:K562
GRWD1,HepG2,chr16:23634964:C:A,1,2,-7.360683917999268,modal,cuda,QKI:K562
GRWD1,HepG2,chr16:23634986:G:T,1,2,-0.31238436698913574,modal,cuda,QKI:K562
GRWD1,HepG2,chr16:23634992:T:A,0,2,-0.09258747100830078,modal,cuda,QKI:K562
GRWD1,HepG2,chr16:23635003:T:A,1,2,0.8824055790901184,modal,cuda,QKI:K562
GRWD1,HepG2,chr16:23636207:T:C,0,2,0.1258106231689453,modal,cuda,QKI:K562
GRWD1,HepG2,chr16:23636233:C:A,1,2,1.3439593315124512,modal,cuda,QKI:K562
GRWD1,HepG2,chr16:23636243:A:G,0,2,0.18482351303100586,modal,cuda,QKI:K562
GRWD1,HepG2,chr16:23636263:T:A,1,2,0.838768482208252,modal,cuda,QKI:K562
GRWD1,HepG2,chr16:23636266:C:A,1,2,1.2748053073883057,modal,cuda,QKI:K562
GRWD1,HepG2,chr16:23636275:C:A,1,2,1.3532438278198242,modal,cuda,QKI:K562
GRWD1,HepG2,chr16:23636278:C:A,1,2,0.8389317989349365,modal,cuda,QKI:K562
GRWD1,HepG2,chr16:23636288:G:C,0,2,0.4591374397277832,modal,cuda,QKI:K562
GRWD1,HepG2,chr16:23636309:A:C,1,2,-0.35318827629089355,modal,cuda,QKI:K562
GRWD1,HepG2,chr16:23637862:G:A,0,2,0.18793320655822754,modal,cuda,QKI:K562
GRWD1,HepG2,chr16:23637869:T:G,0,2,-0.49676036834716797,modal,cuda,QKI:K562
GRWD1,HepG2,chr16:23637870:G:T,1,2,-1.519883394241333,modal,cuda,QKI:K562
GRWD1,HepG2,chr16:23637896:T:C,0,2,-0.18947696685791016,modal,cuda,QKI:K562
GRWD1,HepG2,chr16:23637901:C:A,1,2,-4.9999847412109375,modal,cuda,QKI:K562
GRWD1,HepG2,chr16:23637914:C:T,0,2,-0.33033180236816406,modal,cuda,QKI:K562
GRWD1,HepG2,chr16:24806293:G:A,0,2,0.996705174446106,modal,cuda,QKI:K562
GRWD1,HepG2,chr16:28723156:G:T,0,2,-0.3299996852874756,modal,cuda,QKI:K562
GRWD1,HepG2,chr16:28833044:G:A,0,2,0.5401251316070557,modal,cuda,QKI:K562
GRWD1,HepG2,chr16:28873442:T:C,0,2,-0.6183984279632568,modal,cuda,QKI:K562
GRWD1,HepG2,chr16:28904206:G:A,0,2,-0.1416316032409668,modal,cuda,QKI:K562
GRWD1,HepG2,chr16:29804082:G:A,0,2,0.7791427373886108,modal,cuda,QKI:K562
GRWD1,HepG2,chr16:29819546:C:T,0,2,-0.8893070816993713,modal,cuda,QKI:K562
GRWD1,HepG2,chr16:29978788:C:T,0,2,-0.4419306516647339,modal,cuda,QKI:K562
GRWD1,HepG2,chr16:30704319:C:T,0,2,-0.8211536407470703,modal,cuda,QKI:K562
GRWD1,HepG2,chr16:30751319:C:T,0,2,0.12104272842407227,modal,cuda,QKI:K562
GRWD1,HepG2,chr16:30925907:G:A,0,2,0.38342535495758057,modal,cuda,QKI:K562
GRWD1,HepG2,chr16:31180161:A:G,0,2,0.3575010895729065,modal,cuda,QKI:K562
GRWD1,HepG2,chr16:31182621:C:A,0,2,0.6436676383018494,modal,cuda,QKI:K562
GRWD1,HepG2,chr16:31182627:C:T,0,2,0.3555307984352112,modal,cuda,QKI:K562
GRWD1,HepG2,chr16:31183904:C:T,0,2,0.30900120735168457,modal,cuda,QKI:K562
GRWD1,HepG2,chr16:31183920:C:T,1,2,-0.9684029817581177,modal,cuda,QKI:K562
GRWD1,HepG2,chr16:31183958:C:T,0,2,-0.263454794883728,modal,cuda,QKI:K562
GRWD1,HepG2,chr16:31185031:G:A,1,2,0.3020923137664795,modal,cuda,QKI:K562
GRWD1,HepG2,chr16:31189158:C:T,1,2,-0.5313379764556885,modal,cuda,QKI:K562
GRWD1,HepG2,chr16:3479490:C:T,1,2,0.21920204162597656,modal,cuda,QKI:K562
GRWD1,HepG2,chr16:3663412:G:A,0,2,-0.6729937195777893,modal,cuda,QKI:K562
GRWD1,HepG2,chr16:3671706:G:A,0,2,0.2676442861557007,modal,cuda,QKI:K562
GRWD1,HepG2,chr16:3671707:C:T,0,2,0.6141473054885864,modal,cuda,QKI:K562
GRWD1,HepG2,chr16:3671713:G:C,0,2,0.09250688552856445,modal,cuda,QKI:K562
GRWD1,HepG2,chr16:3675316:G:C,0,2,-0.5791127681732178,modal,cuda,QKI:K562
GRWD1,HepG2,chr16:3685978:G:A,0,2,-0.4088094234466553,modal,cuda,QKI:K562
GRWD1,HepG2,chr16:3686146:T:C,0,2,-0.5358586311340332,modal,cuda,QKI:K562
GRWD1,HepG2,chr16:3744985:G:A,0,2,-0.25106191635131836,modal,cuda,QKI:K562
GRWD1,HepG2,chr16:3745362:G:A,0,2,-0.43625950813293457,modal,cuda,QKI:K562
GRWD1,HepG2,chr16:4341353:G:A,0,2,-0.06476378440856934,modal,cuda,QKI:K562
GRWD1,HepG2,chr16:46691098:G:A,1,2,0.43673253059387207,modal,cuda,QKI:K562
GRWD1,HepG2,chr16:46693173:C:G,1,2,0.15264225006103516,modal,cuda,QKI:K562
GRWD1,HepG2,chr16:46697501:T:C,0,2,-0.4187964200973511,modal,cuda,QKI:K562
GRWD1,HepG2,chr16:46697521:A:C,1,2,-0.9893302917480469,modal,cuda,QKI:K562
GRWD1,HepG2,chr16:4800503:G:A,1,2,-0.21649646759033203,modal,cuda,QKI:K562
GRWD1,HepG2,chr16:4800511:C:T,1,2,-0.7945550680160522,modal,cuda,QKI:K562
GRWD1,HepG2,chr16:4800548:G:A,1,2,-1.365934133529663,modal,cuda,QKI:K562
GRWD1,HepG2,chr16:53470624:A:T,0,2,-1.260785698890686,modal,cuda,QKI:K562
GRWD1,HepG2,chr16:53934119:G:C,0,2,0.16991662979125977,modal,cuda,QKI:K562
GRWD1,HepG2,chr16:56502748:T:C,0,2,-0.6809478998184204,modal,cuda,QKI:K562
GRWD1,HepG2,chr16:56502799:G:A,1,2,-1.0016947984695435,modal,cuda,QKI:K562
GRWD1,HepG2,chr16:58546309:T:C,0,2,2.5409750938415527,modal,cuda,QKI:K562
GRWD1,HepG2,chr16:58549799:G:A,0,2,-0.16641521453857422,modal,cuda,QKI:K562
GRWD1,HepG2,chr16:66541955:T:G,1,2,-0.5420585870742798,modal,cuda,QKI:K562
GRWD1,HepG2,chr16:66541965:C:T,0,2,0.94178307056427,modal,cuda,QKI:K562
GRWD1,HepG2,chr16:670683:C:T,0,2,0.6507401466369629,modal,cuda,QKI:K562
GRWD1,HepG2,chr16:672123:C:T,0,2,0.24340391159057617,modal,cuda,QKI:K562
GRWD1,HepG2,chr16:67610850:C:T,0,2,0.5658721923828125,modal,cuda,QKI:K562
GRWD1,HepG2,chr16:67610907:C:A,1,2,-1.226251482963562,modal,cuda,QKI:K562
GRWD1,HepG2,chr16:67832554:A:T,0,2,0.20324397087097168,modal,cuda,QKI:K562
GRWD1,HepG2,chr16:67833865:C:A,0,2,-0.2769309878349304,modal,cuda,QKI:K562
GRWD1,HepG2,chr16:682177:C:T,1,2,-0.04550313949584961,modal,cuda,QKI:K562
GRWD1,HepG2,chr16:682214:T:C,1,2,-0.06715202331542969,modal,cuda,QKI:K562
GRWD1,HepG2,chr16:68324760:C:T,0,2,-0.5848351716995239,modal,cuda,QKI:K562
GRWD1,HepG2,chr16:68337544:T:A,1,2,-1.0163705348968506,modal,cuda,QKI:K562
GRWD1,HepG2,chr16:68337580:C:T,0,2,0.16056323051452637,modal,cuda,QKI:K562
GRWD1,HepG2,chr16:69328874:T:A,0,2,0.17862820625305176,modal,cuda,QKI:K562
GRWD1,HepG2,chr16:69328876:C:A,0,2,0.43537473678588867,modal,cuda,QKI:K562
GRWD1,HepG2,chr16:69647317:G:A,0,2,0.15321436524391174,modal,cuda,QKI:K562
GRWD1,HepG2,chr16:69647467:A:G,0,2,-0.20425835251808167,modal,cuda,QKI:K562
GRWD1,HepG2,chr16:69647605:T:A,0,2,0.07430529594421387,modal,cuda,QKI:K562
GRWD1,HepG2,chr16:69659915:C:T,0,2,1.4187031984329224,modal,cuda,QKI:K562
GRWD1,HepG2,chr16:70136319:G:T,0,2,0.10903429985046387,modal,cuda,QKI:K562
GRWD1,HepG2,chr16:70481160:T:C,0,2,-0.5525335073471069,modal,cuda,QKI:K562
GRWD1,HepG2,chr16:70500950:G:A,0,2,0.6312158107757568,modal,cuda,QKI:K562
GRWD1,HepG2,chr16:70509336:C:T,0,2,0.3371962308883667,modal,cuda,QKI:K562
GRWD1,HepG2,chr16:70509350:C:A,1,2,0.8249720335006714,modal,cuda,QKI:K562
GRWD1,HepG2,chr16:70514316:A:T,0,2,0.702268123626709,modal,cuda,QKI:K562
GRWD1,HepG2,chr16:70514394:G:A,0,2,0.1206972599029541,modal,cuda,QKI:K562
GRWD1,HepG2,chr16:72097020:C:T,0,2,0.7922439575195312,modal,cuda,QKI:K562
GRWD1,HepG2,chr16:72097021:A:G,0,2,-1.740389108657837,modal,cuda,QKI:K562
GRWD1,HepG2,chr16:72958864:T:G,0,2,0.5468482375144958,modal,cuda,QKI:K562
GRWD1,HepG2,chr16:739693:C:T,0,2,2.050649642944336,modal,cuda,QKI:K562
GRWD1,HepG2,chr16:74661181:G:T,0,2,0.20521414279937744,modal,cuda,QKI:K562
GRWD1,HepG2,chr16:75641616:T:C,0,2,0.8355003595352173,modal,cuda,QKI:K562
GRWD1,HepG2,chr16:75641711:T:C,0,2,0.32262682914733887,modal,cuda,QKI:K562
GRWD1,HepG2,chr16:75656381:A:G,0,2,-0.5624985694885254,modal,cuda,QKI:K562
GRWD1,HepG2,chr16:78099774:C:T,0,2,-0.6909223794937134,modal,cuda,QKI:K562
GRWD1,HepG2,chr16:78099779:A:C,1,2,0.8096503019332886,modal,cuda,QKI:K562
GRWD1,HepG2,chr16:78099780:T:C,1,2,0.7061479687690735,modal,cuda,QKI:K562
GRWD1,HepG2,chr16:78115000:C:G,1,2,-0.8461712598800659,modal,cuda,QKI:K562
GRWD1,HepG2,chr16:78115038:C:T,0,2,1.6412042379379272,modal,cuda,QKI:K562
GRWD1,HepG2,chr16:78115066:C:G,1,2,0.7252006530761719,modal,cuda,QKI:K562
GRWD1,HepG2,chr16:78115096:C:G,0,2,-0.5333343744277954,modal,cuda,QKI:K562
GRWD1,HepG2,chr16:84065783:C:G,0,2,-0.530714750289917,modal,cuda,QKI:K562
GRWD1,HepG2,chr16:84067836:G:A,0,2,-0.7391513586044312,modal,cuda,QKI:K562
GRWD1,HepG2,chr16:8772774:A:G,0,2,-0.4946553409099579,modal,cuda,QKI:K562
GRWD1,HepG2,chr16:8772778:A:G,1,2,-0.5308149456977844,modal,cuda,QKI:K562
GRWD1,HepG2,chr16:88717006:G:A,0,2,-0.1638636589050293,modal,cuda,QKI:K562
GRWD1,HepG2,chr16:88717010:C:A,0,2,-0.1721043586730957,modal,cuda,QKI:K562
GRWD1,HepG2,chr16:88717330:A:G,0,2,0.32778453826904297,modal,cuda,QKI:K562
GRWD1,HepG2,chr16:88858694:G:T,1,2,0.10372233390808105,modal,cuda,QKI:K562
GRWD1,HepG2,chr16:8903270:T:G,0,2,-0.05604219436645508,modal,cuda,QKI:K562
GRWD1,HepG2,chr16:8903305:G:A,0,2,0.13964271545410156,modal,cuda,QKI:K562
GRWD1,HepG2,chr16:8903379:A:T,1,2,0.4483315944671631,modal,cuda,QKI:K562
GRWD1,HepG2,chr16:8903412:T:C,0,2,-0.5916903018951416,modal,cuda,QKI:K562
GRWD1,HepG2,chr16:89101129:C:T,1,2,-0.6333290338516235,modal,cuda,QKI:K562
GRWD1,HepG2,chr16:89146003:C:T,1,2,-1.2932735681533813,modal,cuda,QKI:K562
GRWD1,HepG2,chr16:89146009:G:T,1,2,-2.0262486934661865,modal,cuda,QKI:K562
GRWD1,HepG2,chr16:89198679:A:G,0,2,0.8776268362998962,modal,cuda,QKI:K562
GRWD1,HepG2,chr16:8921250:G:C,1,2,-1.3682368993759155,modal,cuda,QKI:K562
GRWD1,HepG2,chr16:89290646:C:T,0,2,0.07249724864959717,modal,cuda,QKI:K562
GRWD1,HepG2,chr16:89290658:C:A,1,2,0.30381155014038086,modal,cuda,QKI:K562
GRWD1,HepG2,chr16:89290680:C:A,0,2,0.23925364017486572,modal,cuda,QKI:K562
GRWD1,HepG2,chr16:89290682:G:A,0,2,0.1918264627456665,modal,cuda,QKI:K562
GRWD1,HepG2,chr16:89290686:G:A,0,2,0.21243011951446533,modal,cuda,QKI:K562
GRWD1,HepG2,chr16:89290706:G:A,1,2,-0.42848753929138184,modal,cuda,QKI:K562
GRWD1,HepG2,chr16:89290721:C:A,1,2,-0.1862621307373047,modal,cuda,QKI:K562
GRWD1,HepG2,chr16:89290749:A:G,0,2,0.14929533004760742,modal,cuda,QKI:K562
GRWD1,HepG2,chr16:89290787:G:A,1,2,0.5979547500610352,modal,cuda,QKI:K562
GRWD1,HepG2,chr16:89290802:G:A,1,2,0.8279294967651367,modal,cuda,QKI:K562
GRWD1,HepG2,chr16:89291055:G:A,0,2,-0.08558177947998047,modal,cuda,QKI:K562
GRWD1,HepG2,chr16:89291130:C:G,0,2,-0.3457014560699463,modal,cuda,QKI:K562
GRWD1,HepG2,chr16:89291161:C:T,0,2,-0.0805732011795044,modal,cuda,QKI:K562
GRWD1,HepG2,chr16:89291165:C:T,0,2,0.2168186902999878,modal,cuda,QKI:K562
GRWD1,HepG2,chr16:89291166:G:A,0,2,0.5541939735412598,modal,cuda,QKI:K562
GRWD1,HepG2,chr16:8930299:C:A,1,2,0.898163914680481,modal,cuda,QKI:K562
GRWD1,HepG2,chr16:8930314:C:T,0,2,0.6886273622512817,modal,cuda,QKI:K562
GRWD1,HepG2,chr16:89316939:C:T,0,2,-0.16739976406097412,modal,cuda,QKI:K562
GRWD1,HepG2,chr16:89317037:G:A,0,2,0.5197064280509949,modal,cuda,QKI:K562
GRWD1,HepG2,chr16:89544791:G:A,0,2,-0.1801462173461914,modal,cuda,QKI:K562
GRWD1,HepG2,chr16:89550629:G:A,0,2,0.3708348870277405,modal,cuda,QKI:K562
GRWD1,HepG2,chr16:89556997:C:T,0,2,-2.1514780521392822,modal,cuda,QKI:K562
GRWD1,HepG2,chr16:89649390:T:C,0,2,-1.1492717266082764,modal,cuda,QKI:K562
GRWD1,HepG2,chr16:89711882:A:G,0,2,0.2838101387023926,modal,cuda,QKI:K562
GRWD1,HepG2,chr16:89740100:C:G,1,2,0.2809927463531494,modal,cuda,QKI:K562
GRWD1,HepG2,chr16:89770373:G:A,0,2,-0.45418763160705566,modal,cuda,QKI:K562
GRWD1,HepG2,chr16:89770397:T:C,1,2,-0.2552611827850342,modal,cuda,QKI:K562
GRWD1,HepG2,chr16:89770457:A:G,0,2,-0.48395973443984985,modal,cuda,QKI:K562
GRWD1,HepG2,chr16:89770464:T:C,0,2,-0.9863484501838684,modal,cuda,QKI:K562
GRWD1,HepG2,chr16:89770491:T:C,0,2,-0.1335463523864746,modal,cuda,QKI:K562
GRWD1,HepG2,chr16:89770644:C:G,0,2,-0.2587622404098511,modal,cuda,QKI:K562
GRWD1,HepG2,chr16:89771670:A:G,0,2,0.14696645736694336,modal,cuda,QKI:K562
GRWD1,HepG2,chr16:89783004:T:G,1,2,0.27756595611572266,modal,cuda,QKI:K562
GRWD1,HepG2,chr16:89791907:G:A,0,2,0.20135387778282166,modal,cuda,QKI:K562
GRWD1,HepG2,chr16:89810716:C:T,1,2,-0.31201767921447754,modal,cuda,QKI:K562
GRWD1,HepG2,chr16:89810724:C:A,1,2,-0.7026417255401611,modal,cuda,QKI:K562
GRWD1,HepG2,chr16:89810765:A:T,1,2,-0.9331278800964355,modal,cuda,QKI:K562
GRWD1,HepG2,chr16:89810767:A:T,1,2,0.329357385635376,modal,cuda,QKI:K562
GRWD1,HepG2,chr16:89810772:G:A,1,2,0.49852585792541504,modal,cuda,QKI:K562
GRWD1,HepG2,chr16:90031353:C:T,1,2,0.4584258794784546,modal,cuda,QKI:K562
GRWD1,HepG2,chr16:90031397:G:A,1,2,-0.6532802581787109,modal,cuda,QKI:K562
GRWD1,HepG2,chr16:90036627:G:A,0,2,-0.2806990146636963,modal,cuda,QKI:K562
GRWD1,HepG2,chr16:90040357:C:T,1,2,-0.6898717880249023,modal,cuda,QKI:K562
GRWD1,HepG2,chr17:1362023:A:T,0,1,0.47676825523376465,modal,cuda,QKI:K562
GRWD1,HepG2,chr17:1362024:T:A,0,1,-0.7962615489959717,modal,cuda,QKI:K562
GRWD1,HepG2,chr17:1362031:T:A,0,1,0.5444772243499756,modal,cuda,QKI:K562
GRWD1,HepG2,chr17:1400164:C:G,0,1,-1.1237022876739502,modal,cuda,QKI:K562
GRWD1,HepG2,chr17:16139000:T:C,0,1,-0.5713405609130859,modal,cuda,QKI:K562
GRWD1,HepG2,chr17:1674691:A:C,0,1,-0.5302584171295166,modal,cuda,QKI:K562
GRWD1,HepG2,chr17:1683704:G:A,0,1,-1.245956301689148,modal,cuda,QKI:K562
GRWD1,HepG2,chr17:19649021:C:A,1,1,-0.983174204826355,modal,cuda,QKI:K562
GRWD1,HepG2,chr17:19649044:C:T,1,1,-1.6239628791809082,modal,cuda,QKI:K562
GRWD1,HepG2,chr17:19649074:C:T,1,1,-2.100506067276001,modal,cuda,QKI:K562
GRWD1,HepG2,chr17:19651685:C:T,1,1,-1.2049932479858398,modal,cuda,QKI:K562
GRWD1,HepG2,chr17:2330940:T:C,0,1,-0.8808753490447998,modal,cuda,QKI:K562
GRWD1,HepG2,chr17:2696265:G:A,0,1,-0.44663381576538086,modal,cuda,QKI:K562
GRWD1,HepG2,chr17:29121649:G:A,0,1,0.2653951644897461,modal,cuda,QKI:K562
GRWD1,HepG2,chr17:29498311:C:T,0,1,1.274396300315857,modal,cuda,QKI:K562
GRWD1,HepG2,chr17:31226425:T:A,1,1,-0.3462502956390381,modal,cuda,QKI:K562
GRWD1,HepG2,chr17:31226432:C:G,1,1,1.5327847003936768,modal,cuda,QKI:K562
GRWD1,HepG2,chr17:3592058:C:T,0,1,0.3798537254333496,modal,cuda,QKI:K562
GRWD1,HepG2,chr17:39509778:A:C,0,1,-6.683195114135742,modal,cuda,QKI:K562
GRWD1,HepG2,chr17:40392210:A:G,0,1,2.8989980220794678,modal,cuda,QKI:K562
GRWD1,HepG2,chr17:40629011:T:C,0,1,3.543488025665283,modal,cuda,QKI:K562
GRWD1,HepG2,chr17:40818360:T:C,0,1,-1.0843992233276367,modal,cuda,QKI:K562
GRWD1,HepG2,chr17:41990284:T:C,0,1,-3.149282455444336,modal,cuda,QKI:K562
GRWD1,HepG2,chr17:42781204:C:T,1,1,0.6078917384147644,modal,cuda,QKI:K562
GRWD1,HepG2,chr17:43213177:G:A,0,1,1.3492231369018555,modal,cuda,QKI:K562
GRWD1,HepG2,chr17:44209421:C:T,0,1,0.0639796257019043,modal,cuda,QKI:K562
GRWD1,HepG2,chr17:44872440:G:A,0,1,0.2807137966156006,modal,cuda,QKI:K562
GRWD1,HepG2,chr17:44883139:A:C,1,1,-2.101332902908325,modal,cuda,QKI:K562
GRWD1,HepG2,chr17:44883641:C:T,0,1,-0.8888645172119141,modal,cuda,QKI:K562
GRWD1,HepG2,chr17:44883742:A:G,0,1,0.924501895904541,modal,cuda,QKI:K562
GRWD1,HepG2,chr17:44886777:C:T,0,1,-1.3719534873962402,modal,cuda,QKI:K562
GRWD1,HepG2,chr17:44894519:C:A,1,1,-1.1495026350021362,modal,cuda,QKI:K562
GRWD1,HepG2,chr17:46929572:C:T,1,1,-1.450797200202942,modal,cuda,QKI:K562
GRWD1,HepG2,chr17:46931204:G:A,0,1,-0.9915485382080078,modal,cuda,QKI:K562
GRWD1,HepG2,chr17:46935122:G:T,1,1,1.5932285785675049,modal,cuda,QKI:K562
GRWD1,HepG2,chr17:46935129:A:G,0,1,-2.0334699153900146,modal,cuda,QKI:K562
GRWD1,HepG2,chr17:4719367:C:T,0,1,0.5712976455688477,modal,cuda,QKI:K562
GRWD1,HepG2,chr17:47613665:G:T,0,1,0.41709429025650024,modal,cuda,QKI:K562
GRWD1,HepG2,chr17:48940932:G:A,1,1,1.0278980731964111,modal,cuda,QKI:K562
GRWD1,HepG2,chr17:5005012:A:G,0,1,-0.6082944869995117,modal,cuda,QKI:K562
GRWD1,HepG2,chr17:5020689:G:T,0,1,0.43133544921875,modal,cuda,QKI:K562
GRWD1,HepG2,chr17:5020802:C:G,0,1,-3.7624568939208984,modal,cuda,QKI:K562
GRWD1,HepG2,chr17:5387361:A:C,0,1,1.318406105041504,modal,cuda,QKI:K562
GRWD1,HepG2,chr17:5387383:G:A,0,1,0.2624626159667969,modal,cuda,QKI:K562
GRWD1,HepG2,chr17:57849228:C:G,0,1,2.7694249153137207,modal,cuda,QKI:K562
GRWD1,HepG2,chr17:58005893:G:A,1,1,-4.125619411468506,modal,cuda,QKI:K562
GRWD1,HepG2,chr17:58006471:A:C,1,1,-0.7761638164520264,modal,cuda,QKI:K562
GRWD1,HepG2,chr17:58006491:A:C,1,1,-3.077331781387329,modal,cuda,QKI:K562
GRWD1,HepG2,chr17:58006514:C:T,1,1,1.3926076889038086,modal,cuda,QKI:K562
GRWD1,HepG2,chr17:58216121:G:T,1,1,-7.719174861907959,modal,cuda,QKI:K562
GRWD1,HepG2,chr17:58216208:A:T,1,1,-4.071922302246094,modal,cuda,QKI:K562
GRWD1,HepG2,chr17:58218649:A:T,1,1,-1.5686190128326416,modal,cuda,QKI:K562
GRWD1,HepG2,chr17:58218674:C:A,1,1,1.2890307903289795,modal,cuda,QKI:K562
GRWD1,HepG2,chr17:58218686:G:A,1,1,-3.064138889312744,modal,cuda,QKI:K562
GRWD1,HepG2,chr17:58415425:G:A,0,1,-0.4253859519958496,modal,cuda,QKI:K562
GRWD1,HepG2,chr17:58415425:G:T,0,1,1.0327188968658447,modal,cuda,QKI:K562
GRWD1,HepG2,chr17:58415451:C:A,1,1,-0.6547428369522095,modal,cuda,QKI:K562
GRWD1,HepG2,chr17:58415461:T:C,0,1,0.2313862442970276,modal,cuda,QKI:K562
GRWD1,HepG2,chr17:58415467:C:T,0,1,0.6138768196105957,modal,cuda,QKI:K562
GRWD1,HepG2,chr17:58415476:T:A,0,1,0.6725130081176758,modal,cuda,QKI:K562
GRWD1,HepG2,chr17:58415488:C:A,0,1,1.6090097427368164,modal,cuda,QKI:K562
GRWD1,HepG2,chr17:58415497:G:A,0,1,0.5459933280944824,modal,cuda,QKI:K562
GRWD1,HepG2,chr17:58415514:G:A,1,1,-0.6209678649902344,modal,cuda,QKI:K562
GRWD1,HepG2,chr17:58415518:G:A,0,1,-0.8869439363479614,modal,cuda,QKI:K562
GRWD1,HepG2,chr17:58415548:A:G,0,1,-1.4194530248641968,modal,cuda,QKI:K562
GRWD1,HepG2,chr17:61859925:A:C,0,1,-0.7669134140014648,modal,cuda,QKI:K562
GRWD1,HepG2,chr17:61863272:C:T,0,1,2.391798496246338,modal,cuda,QKI:K562
GRWD1,HepG2,chr17:61863281:T:C,0,1,-2.025834321975708,modal,cuda,QKI:K562
GRWD1,HepG2,chr17:61863291:G:C,0,1,1.4921830892562866,modal,cuda,QKI:K562
GRWD1,HepG2,chr17:61863294:G:A,0,1,1.13130784034729,modal,cuda,QKI:K562
GRWD1,HepG2,chr17:63550698:G:A,0,1,-3.2023913860321045,modal,cuda,QKI:K562
GRWD1,HepG2,chr17:63752432:G:A,0,1,0.5610284805297852,modal,cuda,QKI:K562
GRWD1,HepG2,chr17:63760899:G:A,0,1,-0.722898006439209,modal,cuda,QKI:K562
GRWD1,HepG2,chr17:63829486:T:C,0,1,-1.183359146118164,modal,cuda,QKI:K562
GRWD1,HepG2,chr17:63832927:T:C,0,1,-1.4302442073822021,modal,cuda,QKI:K562
GRWD1,HepG2,chr17:6589759:G:A,0,1,1.2943222522735596,modal,cuda,QKI:K562
GRWD1,HepG2,chr17:6589787:T:C,0,1,-0.7430727481842041,modal,cuda,QKI:K562
GRWD1,HepG2,chr17:6589856:A:G,0,1,0.9454338550567627,modal,cuda,QKI:K562
GRWD1,HepG2,chr17:6589878:T:C,0,1,-4.1504316329956055,modal,cuda,QKI:K562
GRWD1,HepG2,chr17:6589903:G:C,0,1,0.6555361747741699,modal,cuda,QKI:K562
GRWD1,HepG2,chr17:6635035:G:A,0,1,1.1307330131530762,modal,cuda,QKI:K562
GRWD1,HepG2,chr17:6635102:A:G,1,1,-1.1306943893432617,modal,cuda,QKI:K562
GRWD1,HepG2,chr17:6713208:G:A,0,1,-2.7323427200317383,modal,cuda,QKI:K562
GRWD1,HepG2,chr17:67366436:T:A,0,1,-0.8013039827346802,modal,cuda,QKI:K562
GRWD1,HepG2,chr17:67854771:A:G,0,1,-2.5637078285217285,modal,cuda,QKI:K562
GRWD1,HepG2,chr17:68250275:A:G,0,1,-1.293074131011963,modal,cuda,QKI:K562
GRWD1,HepG2,chr17:68427131:C:T,0,1,-1.4253185987472534,modal,cuda,QKI:K562
GRWD1,HepG2,chr17:68530405:C:T,1,1,1.9596275091171265,modal,cuda,QKI:K562
GRWD1,HepG2,chr17:68542098:G:T,0,1,-0.3714923858642578,modal,cuda,QKI:K562
GRWD1,HepG2,chr17:7314165:G:A,0,1,-0.35904067754745483,modal,cuda,QKI:K562
GRWD1,HepG2,chr17:73200026:G:A,1,1,-0.7942397594451904,modal,cuda,QKI:K562
GRWD1,HepG2,chr17:7408721:G:A,0,1,1.7819766998291016,modal,cuda,QKI:K562
GRWD1,HepG2,chr17:75261905:C:T,0,1,-3.0081372261047363,modal,cuda,QKI:K562
GRWD1,HepG2,chr17:75262005:G:C,0,1,1.1466338634490967,modal,cuda,QKI:K562
GRWD1,HepG2,chr17:75262006:C:G,0,1,-0.48168182373046875,modal,cuda,QKI:K562
GRWD1,HepG2,chr17:75262012:G:T,0,1,0.38118934631347656,modal,cuda,QKI:K562
GRWD1,HepG2,chr17:75629852:G:A,0,1,0.5827875137329102,modal,cuda,QKI:K562
GRWD1,HepG2,chr17:76487805:C:T,0,1,0.15728330612182617,modal,cuda,QKI:K562
GRWD1,HepG2,chr17:7673708:A:T,0,1,3.6469342708587646,modal,cuda,QKI:K562
GRWD1,HepG2,chr17:7673746:T:A,1,1,-1.6473578214645386,modal,cuda,QKI:K562
GRWD1,HepG2,chr17:7673767:C:A,1,1,-1.9504752159118652,modal,cuda,QKI:K562
GRWD1,HepG2,chr17:7673780:T:C,0,1,0.8355309963226318,modal,cuda,QKI:K562
GRWD1,HepG2,chr17:7673798:A:G,0,1,1.832270860671997,modal,cuda,QKI:K562
GRWD1,HepG2,chr17:7673800:C:T,0,1,-3.160707712173462,modal,cuda,QKI:K562
GRWD1,HepG2,chr17:7673815:T:A,0,1,0.15377283096313477,modal,cuda,QKI:K562
GRWD1,HepG2,chr17:77281529:A:C,0,1,0.8154082298278809,modal,cuda,QKI:K562
GRWD1,HepG2,chr17:77402259:G:T,0,1,-0.6437191963195801,modal,cuda,QKI:K562
GRWD1,HepG2,chr17:77402298:C:T,1,1,0.934759259223938,modal,cuda,QKI:K562
GRWD1,HepG2,chr17:77402304:A:G,0,1,-1.6886401176452637,modal,cuda,QKI:K562
GRWD1,HepG2,chr17:77402314:C:T,1,1,1.9618701934814453,modal,cuda,QKI:K562
GRWD1,HepG2,chr17:77402710:C:T,0,1,2.753521680831909,modal,cuda,QKI:K562
GRWD1,HepG2,chr17:77482154:G:A,0,1,1.2729809284210205,modal,cuda,QKI:K562
GRWD1,HepG2,chr17:77493085:C:T,0,1,1.4438483715057373,modal,cuda,QKI:K562
GRWD1,HepG2,chr17:77493091:C:T,0,1,0.973933219909668,modal,cuda,QKI:K562
GRWD1,HepG2,chr17:77493097:G:A,0,1,-2.6181952953338623,modal,cuda,QKI:K562
GRWD1,HepG2,chr17:77498660:C:T,0,1,-0.27536582946777344,modal,cuda,QKI:K562
GRWD1,HepG2,chr17:77498664:A:G,0,1,-0.8937664031982422,modal,cuda,QKI:K562
GRWD1,HepG2,chr17:78113215:C:T,0,1,-1.5823771953582764,modal,cuda,QKI:K562
GRWD1,HepG2,chr17:78223604:G:C,0,1,0.5869112014770508,modal,cuda,QKI:K562
GRWD1,HepG2,chr17:78821009:G:A,0,1,0.41255950927734375,modal,cuda,QKI:K562
GRWD1,HepG2,chr17:80047415:T:C,0,1,-0.18139886856079102,modal,cuda,QKI:K562
GRWD1,HepG2,chr17:80047461:T:C,0,1,-0.260040283203125,modal,cuda,QKI:K562
GRWD1,HepG2,chr17:80212105:C:T,1,1,0.6367740631103516,modal,cuda,QKI:K562
GRWD1,HepG2,chr17:80212128:A:G,1,1,1.2957326173782349,modal,cuda,QKI:K562
GRWD1,HepG2,chr17:80214155:A:G,0,1,0.5381150245666504,modal,cuda,QKI:K562
GRWD1,HepG2,chr17:80214237:C:A,1,1,-0.8572924137115479,modal,cuda,QKI:K562
GRWD1,HepG2,chr17:80214253:A:T,1,1,-3.8133416175842285,modal,cuda,QKI:K562
GRWD1,HepG2,chr17:80214257:A:G,1,1,-0.2227482795715332,modal,cuda,QKI:K562
GRWD1,HepG2,chr17:80337566:C:T,0,1,-1.28023099899292,modal,cuda,QKI:K562
GRWD1,HepG2,chr17:80885016:C:T,0,1,0.6082384586334229,modal,cuda,QKI:K562
GRWD1,HepG2,chr17:81100004:A:T,1,1,-0.2309255599975586,modal,cuda,QKI:K562
GRWD1,HepG2,chr17:81239341:C:T,0,1,-0.1584644317626953,modal,cuda,QKI:K562
GRWD1,HepG2,chr17:81239364:A:C,1,1,0.26126766204833984,modal,cuda,QKI:K562
GRWD1,HepG2,chr17:81239364:A:G,1,1,-0.4243040084838867,modal,cuda,QKI:K562
GRWD1,HepG2,chr17:81572047:C:A,0,1,-0.36623644828796387,modal,cuda,QKI:K562
GRWD1,HepG2,chr17:81696600:C:T,0,1,1.7665553092956543,modal,cuda,QKI:K562
GRWD1,HepG2,chr17:81704238:G:T,0,1,1.7344427108764648,modal,cuda,QKI:K562
GRWD1,HepG2,chr17:81904948:A:G,0,1,0.6127066612243652,modal,cuda,QKI:K562
GRWD1,HepG2,chr17:81905059:A:G,0,1,1.72684645652771,modal,cuda,QKI:K562
GRWD1,HepG2,chr17:81906207:G:A,0,1,1.303612470626831,modal,cuda,QKI:K562
GRWD1,HepG2,chr17:81906551:A:G,0,1,-0.6894381046295166,modal,cuda,QKI:K562
GRWD1,HepG2,chr17:81934651:A:C,1,1,-1.0537667274475098,modal,cuda,QKI:K562
GRWD1,HepG2,chr17:81934670:C:A,1,1,0.36388683319091797,modal,cuda,QKI:K562
GRWD1,HepG2,chr17:81934710:A:G,0,1,-0.8532445430755615,modal,cuda,QKI:K562
GRWD1,HepG2,chr17:8232368:G:A,1,1,0.813578188419342,modal,cuda,QKI:K562
GRWD1,HepG2,chr17:8232377:G:A,1,1,-2.369250535964966,modal,cuda,QKI:K562
GRWD1,HepG2,chr17:8232427:A:C,1,1,-1.8303817510604858,modal,cuda,QKI:K562
GRWD1,HepG2,chr17:8257799:C:G,0,1,-0.9070415496826172,modal,cuda,QKI:K562
GRWD1,HepG2,chr17:82644032:G:A,0,1,-2.341047763824463,modal,cuda,QKI:K562
GRWD1,HepG2,chr17:8478333:C:A,0,1,3.8548779487609863,modal,cuda,QKI:K562
GRWD1,HepG2,chr17:8478334:G:A,0,1,1.635263204574585,modal,cuda,QKI:K562
GRWD1,HepG2,chr17:8487415:A:G,0,1,0.13213443756103516,modal,cuda,QKI:K562
GRWD1,HepG2,chr18:12009876:A:G,0,4,-0.5071388483047485,modal,cuda,QKI:K562
GRWD1,HepG2,chr18:203081:A:C,0,4,-0.7992737293243408,modal,cuda,QKI:K562
GRWD1,HepG2,chr18:21804032:A:G,0,4,-0.17740201950073242,modal,cuda,QKI:K562
GRWD1,HepG2,chr18:2951049:T:C,0,4,0.39334380626678467,modal,cuda,QKI:K562
GRWD1,HepG2,chr18:3456385:G:A,0,4,0.20239901542663574,modal,cuda,QKI:K562
GRWD1,HepG2,chr18:3456397:C:T,0,4,0.33159053325653076,modal,cuda,QKI:K562
GRWD1,HepG2,chr18:36159822:T:C,0,4,-0.7434123754501343,modal,cuda,QKI:K562
GRWD1,HepG2,chr18:47176347:C:A,0,4,0.8895567655563354,modal,cuda,QKI:K562
GRWD1,HepG2,chr18:49331908:G:T,1,4,1.458554744720459,modal,cuda,QKI:K562
GRWD1,HepG2,chr18:49331954:G:A,1,4,1.3084509372711182,modal,cuda,QKI:K562
GRWD1,HepG2,chr18:50194891:G:A,0,4,-0.47868990898132324,modal,cuda,QKI:K562
GRWD1,HepG2,chr18:50283881:C:G,0,4,-0.38245153427124023,modal,cuda,QKI:K562
GRWD1,HepG2,chr18:58342903:T:C,0,4,0.21198010444641113,modal,cuda,QKI:K562
GRWD1,HepG2,chr18:58385600:G:A,0,4,-1.446329116821289,modal,cuda,QKI:K562
GRWD1,HepG2,chr18:669174:G:A,1,4,1.2999787330627441,modal,cuda,QKI:K562
GRWD1,HepG2,chr18:79110412:A:C,0,4,-3.389219284057617,modal,cuda,QKI:K562
GRWD1,HepG2,chr18:79973859:G:C,1,4,-1.0657830238342285,modal,cuda,QKI:K562
GRWD1,HepG2,chr19:10151737:C:T,0,4,1.2791494131088257,modal,cuda,QKI:K562
GRWD1,HepG2,chr19:10154274:C:T,0,4,0.8089891672134399,modal,cuda,QKI:K562
GRWD1,HepG2,chr19:10160426:G:C,0,4,-1.2274266481399536,modal,cuda,QKI:K562
GRWD1,HepG2,chr19:10180437:C:G,0,4,0.7681965827941895,modal,cuda,QKI:K562
GRWD1,HepG2,chr19:10180505:T:C,0,4,-1.2624049186706543,modal,cuda,QKI:K562
GRWD1,HepG2,chr19:10180797:C:T,0,4,0.6267955303192139,modal,cuda,QKI:K562
GRWD1,HepG2,chr19:10182083:A:G,0,4,-0.5702462196350098,modal,cuda,QKI:K562
GRWD1,HepG2,chr19:10795451:G:A,0,4,0.23139262199401855,modal,cuda,QKI:K562
GRWD1,HepG2,chr19:10812257:C:A,0,4,-0.3499048948287964,modal,cuda,QKI:K562
GRWD1,HepG2,chr19:10986353:C:T,1,4,0.6044014692306519,modal,cuda,QKI:K562
GRWD1,HepG2,chr19:10986359:C:T,1,4,-1.72284734249115,modal,cuda,QKI:K562
GRWD1,HepG2,chr19:10986394:C:G,1,4,-1.2608283758163452,modal,cuda,QKI:K562
GRWD1,HepG2,chr19:10989339:C:T,1,4,0.7025339603424072,modal,cuda,QKI:K562
GRWD1,HepG2,chr19:10989387:C:T,1,4,1.0469262599945068,modal,cuda,QKI:K562
GRWD1,HepG2,chr19:10989441:C:T,1,4,-0.7034986019134521,modal,cuda,QKI:K562
GRWD1,HepG2,chr19:10996285:C:T,1,4,-1.2375147342681885,modal,cuda,QKI:K562
GRWD1,HepG2,chr19:10996294:G:A,1,4,-0.19251489639282227,modal,cuda,QKI:K562
GRWD1,HepG2,chr19:10996299:C:G,1,4,-1.8847827911376953,modal,cuda,QKI:K562
GRWD1,HepG2,chr19:11003047:C:T,1,4,-1.2838486433029175,modal,cuda,QKI:K562
GRWD1,HepG2,chr19:11003392:G:T,1,4,-0.5638184547424316,modal,cuda,QKI:K562
GRWD1,HepG2,chr19:11007956:G:T,1,4,-0.3635096549987793,modal,cuda,QKI:K562
GRWD1,HepG2,chr19:11007965:A:T,1,4,0.7253546714782715,modal,cuda,QKI:K562
GRWD1,HepG2,chr19:11008035:C:T,0,4,1.029789924621582,modal,cuda,QKI:K562
GRWD1,HepG2,chr19:11008036:G:A,0,4,0.7438806295394897,modal,cuda,QKI:K562
GRWD1,HepG2,chr19:11010406:G:T,1,4,-1.7067713737487793,modal,cuda,QKI:K562
GRWD1,HepG2,chr19:11010413:G:A,1,4,0.07088041305541992,modal,cuda,QKI:K562
GRWD1,HepG2,chr19:11010421:C:T,1,4,-0.7156946659088135,modal,cuda,QKI:K562
GRWD1,HepG2,chr19:11010451:T:G,1,4,-0.7748901844024658,modal,cuda,QKI:K562
GRWD1,HepG2,chr19:11010523:C:T,1,4,-1.3822011947631836,modal,cuda,QKI:K562
GRWD1,HepG2,chr19:11012932:C:G,0,4,-1.9942997694015503,modal,cuda,QKI:K562
GRWD1,HepG2,chr19:11012961:G:T,1,4,-0.657050609588623,modal,cuda,QKI:K562
GRWD1,HepG2,chr19:11012965:G:A,1,4,1.0827152729034424,modal,cuda,QKI:K562
GRWD1,HepG2,chr19:11012966:G:A,1,4,-1.2413674592971802,modal,cuda,QKI:K562
GRWD1,HepG2,chr19:11013022:T:C,1,4,0.11311590671539307,modal,cuda,QKI:K562
GRWD1,HepG2,chr19:11018993:G:T,1,4,-0.15759491920471191,modal,cuda,QKI:K562
GRWD1,HepG2,chr19:11021722:C:G,1,4,-1.6543190479278564,modal,cuda,QKI:K562
GRWD1,HepG2,chr19:11021762:G:A,1,4,0.16786760091781616,modal,cuda,QKI:K562
GRWD1,HepG2,chr19:11021791:C:T,1,4,-1.2504626512527466,modal,cuda,QKI:K562
GRWD1,HepG2,chr19:11021933:G:A,1,4,-0.2543473243713379,modal,cuda,QKI:K562
GRWD1,HepG2,chr19:11021934:G:A,1,4,-0.5075873136520386,modal,cuda,QKI:K562
GRWD1,HepG2,chr19:11021936:T:G,1,4,-1.1974010467529297,modal,cuda,QKI:K562
GRWD1,HepG2,chr19:11026300:G:T,1,4,-0.5222410559654236,modal,cuda,QKI:K562
GRWD1,HepG2,chr19:11030816:C:G,1,4,-0.2703979015350342,modal,cuda,QKI:K562
GRWD1,HepG2,chr19:11030843:C:T,1,4,-0.5454998016357422,modal,cuda,QKI:K562
GRWD1,HepG2,chr19:11030880:G:A,1,4,-0.715983510017395,modal,cuda,QKI:K562
GRWD1,HepG2,chr19:11033296:C:T,1,4,-0.6162064075469971,modal,cuda,QKI:K562
GRWD1,HepG2,chr19:11033299:G:A,1,4,0.4263252019882202,modal,cuda,QKI:K562
GRWD1,HepG2,chr19:11033302:C:T,1,4,-0.6690248250961304,modal,cuda,QKI:K562
GRWD1,HepG2,chr19:11033308:C:T,1,4,-1.2014644145965576,modal,cuda,QKI:K562
GRWD1,HepG2,chr19:11033350:C:T,1,4,0.22403664886951447,modal,cuda,QKI:K562
GRWD1,HepG2,chr19:11033431:C:T,1,4,-0.5113732814788818,modal,cuda,QKI:K562
GRWD1,HepG2,chr19:11033467:G:A,1,4,-0.19952654838562012,modal,cuda,QKI:K562
GRWD1,HepG2,chr19:11035000:G:A,1,4,-1.3931427001953125,modal,cuda,QKI:K562
GRWD1,HepG2,chr19:11035015:C:T,0,4,-0.26156044006347656,modal,cuda,QKI:K562
GRWD1,HepG2,chr19:11035039:T:A,1,4,-1.684738278388977,modal,cuda,QKI:K562
GRWD1,HepG2,chr19:11035107:C:A,1,4,-3.8533754348754883,modal,cuda,QKI:K562
GRWD1,HepG2,chr19:11041379:C:T,1,4,-0.39337360858917236,modal,cuda,QKI:K562
GRWD1,HepG2,chr19:11058277:G:T,1,4,-0.6131327152252197,modal,cuda,QKI:K562
GRWD1,HepG2,chr19:11058289:C:T,1,4,-0.823387622833252,modal,cuda,QKI:K562
GRWD1,HepG2,chr19:11058307:G:T,1,4,-0.642283022403717,modal,cuda,QKI:K562
GRWD1,HepG2,chr19:11058324:C:G,1,4,-0.8813050985336304,modal,cuda,QKI:K562
GRWD1,HepG2,chr19:11058833:A:T,1,4,-0.6321918964385986,modal,cuda,QKI:K562
GRWD1,HepG2,chr19:11058838:C:T,0,4,0.22822213172912598,modal,cuda,QKI:K562
GRWD1,HepG2,chr19:11058854:C:T,1,4,-0.8196273446083069,modal,cuda,QKI:K562
GRWD1,HepG2,chr19:11059777:C:T,1,4,-0.5973759889602661,modal,cuda,QKI:K562
GRWD1,HepG2,chr19:11059801:C:T,1,4,-0.755129337310791,modal,cuda,QKI:K562
GRWD1,HepG2,chr19:11059855:G:T,1,4,-0.4064215421676636,modal,cuda,QKI:K562
GRWD1,HepG2,chr19:11059876:G:T,1,4,-1.5795912742614746,modal,cuda,QKI:K562
GRWD1,HepG2,chr19:11062217:G:A,0,4,0.5819196701049805,modal,cuda,QKI:K562
GRWD1,HepG2,chr19:11252109:G:A,0,4,-0.48306775093078613,modal,cuda,QKI:K562
GRWD1,HepG2,chr19:11252470:A:T,0,4,-0.6864320039749146,modal,cuda,QKI:K562
GRWD1,HepG2,chr19:11448203:C:T,0,4,-0.6045701503753662,modal,cuda,QKI:K562
GRWD1,HepG2,chr19:1218423:T:C,0,4,-0.20745480060577393,modal,cuda,QKI:K562
GRWD1,HepG2,chr19:1218424:C:T,1,4,-2.7435989379882812,modal,cuda,QKI:K562
GRWD1,HepG2,chr19:1221225:C:A,0,4,-0.5095769166946411,modal,cuda,QKI:K562
GRWD1,HepG2,chr19:1221237:C:G,1,4,-0.9709562063217163,modal,cuda,QKI:K562
GRWD1,HepG2,chr19:1221246:A:G,0,4,-0.3115663528442383,modal,cuda,QKI:K562
GRWD1,HepG2,chr19:1221261:C:A,1,4,-1.073533296585083,modal,cuda,QKI:K562
GRWD1,HepG2,chr19:1221261:C:G,1,4,-0.6931934356689453,modal,cuda,QKI:K562
GRWD1,HepG2,chr19:1223115:G:T,1,4,-0.9172207117080688,modal,cuda,QKI:K562
GRWD1,HepG2,chr19:1223144:C:A,0,4,-0.39253073930740356,modal,cuda,QKI:K562
GRWD1,HepG2,chr19:1226461:C:A,0,4,-1.424547553062439,modal,cuda,QKI:K562
GRWD1,HepG2,chr19:1226491:G:A,0,4,0.4992779493331909,modal,cuda,QKI:K562
GRWD1,HepG2,chr19:1226542:G:A,0,4,0.8321696519851685,modal,cuda,QKI:K562
GRWD1,HepG2,chr19:12706227:G:A,1,4,-0.09684038162231445,modal,cuda,QKI:K562
GRWD1,HepG2,chr19:12715306:G:A,0,4,0.18593478202819824,modal,cuda,QKI:K562
GRWD1,HepG2,chr19:12715329:C:T,0,4,0.3043527603149414,modal,cuda,QKI:K562
GRWD1,HepG2,chr19:12897776:C:T,1,4,-1.5412507057189941,modal,cuda,QKI:K562
GRWD1,HepG2,chr19:12897788:G:A,1,4,0.10738086700439453,modal,cuda,QKI:K562
GRWD1,HepG2,chr19:12897789:G:C,1,4,0.3509707450866699,modal,cuda,QKI:K562
GRWD1,HepG2,chr19:12897793:G:T,0,4,-0.8099981546401978,modal,cuda,QKI:K562
GRWD1,HepG2,chr19:12897802:T:G,1,4,0.344740629196167,modal,cuda,QKI:K562
GRWD1,HepG2,chr19:12897818:G:A,1,4,1.2119735479354858,modal,cuda,QKI:K562
GRWD1,HepG2,chr19:12897824:C:G,1,4,-0.6076086759567261,modal,cuda,QKI:K562
GRWD1,HepG2,chr19:12897828:A:G,1,4,-0.8098914623260498,modal,cuda,QKI:K562
GRWD1,HepG2,chr19:12897831:C:G,1,4,-0.3126751780509949,modal,cuda,QKI:K562
GRWD1,HepG2,chr19:12897858:A:G,1,4,-0.45758819580078125,modal,cuda,QKI:K562
GRWD1,HepG2,chr19:12897859:C:A,1,4,-1.1699328422546387,modal,cuda,QKI:K562
GRWD1,HepG2,chr19:12897860:G:T,1,4,-2.8739213943481445,modal,cuda,QKI:K562
GRWD1,HepG2,chr19:13772146:C:T,0,4,0.933579683303833,modal,cuda,QKI:K562
GRWD1,HepG2,chr19:13772285:A:G,0,4,0.27071458101272583,modal,cuda,QKI:K562
GRWD1,HepG2,chr19:14518308:G:C,0,4,-0.6731016635894775,modal,cuda,QKI:K562
GRWD1,HepG2,chr19:15254275:C:A,0,4,2.4707303047180176,modal,cuda,QKI:K562
GRWD1,HepG2,chr19:15255604:C:T,0,4,0.5530135631561279,modal,cuda,QKI:K562
GRWD1,HepG2,chr19:15255612:A:G,0,4,-0.6890555620193481,modal,cuda,QKI:K562
GRWD1,HepG2,chr19:15257181:G:A,0,4,-0.16792535781860352,modal,cuda,QKI:K562
GRWD1,HepG2,chr19:15263414:C:G,0,4,0.45983266830444336,modal,cuda,QKI:K562
GRWD1,HepG2,chr19:15264394:T:A,0,4,-0.30249738693237305,modal,cuda,QKI:K562
GRWD1,HepG2,chr19:15370139:T:G,0,4,0.2555079460144043,modal,cuda,QKI:K562
GRWD1,HepG2,chr19:15401582:G:A,0,4,0.143792986869812,modal,cuda,QKI:K562
GRWD1,HepG2,chr19:1632021:C:A,0,4,0.26043176651000977,modal,cuda,QKI:K562
GRWD1,HepG2,chr19:17339045:G:A,1,4,0.302783727645874,modal,cuda,QKI:K562
GRWD1,HepG2,chr19:19526169:C:T,0,4,0.5387188792228699,modal,cuda,QKI:K562
GRWD1,HepG2,chr19:2111662:G:A,0,4,-0.40539467334747314,modal,cuda,QKI:K562
GRWD1,HepG2,chr19:2112840:T:C,0,4,-0.3144495487213135,modal,cuda,QKI:K562
GRWD1,HepG2,chr19:2112842:G:A,0,4,1.1056067943572998,modal,cuda,QKI:K562
GRWD1,HepG2,chr19:2112845:G:T,0,4,-0.947754979133606,modal,cuda,QKI:K562
GRWD1,HepG2,chr19:2121317:C:T,0,4,-0.8945879936218262,modal,cuda,QKI:K562
GRWD1,HepG2,chr19:2121727:C:T,0,4,-0.36382055282592773,modal,cuda,QKI:K562
GRWD1,HepG2,chr19:2123882:G:A,0,4,0.3150259256362915,modal,cuda,QKI:K562
GRWD1,HepG2,chr19:2137107:T:G,0,4,-0.16877871751785278,modal,cuda,QKI:K562
GRWD1,HepG2,chr19:2151228:G:A,0,4,0.38363146781921387,modal,cuda,QKI:K562
GRWD1,HepG2,chr19:30009016:C:T,0,4,0.24014024436473846,modal,cuda,QKI:K562
GRWD1,HepG2,chr19:34451967:A:T,0,4,-0.3777449131011963,modal,cuda,QKI:K562
GRWD1,HepG2,chr19:35719554:G:A,0,4,0.18339252471923828,modal,cuda,QKI:K562
GRWD1,HepG2,chr19:38110395:C:G,0,4,0.46050894260406494,modal,cuda,QKI:K562
GRWD1,HepG2,chr19:38647913:C:T,0,4,-0.20636725425720215,modal,cuda,QKI:K562
GRWD1,HepG2,chr19:38710261:C:T,0,4,0.3632521331310272,modal,cuda,QKI:K562
GRWD1,HepG2,chr19:38710286:A:G,1,4,-0.1381690502166748,modal,cuda,QKI:K562
GRWD1,HepG2,chr19:38710299:C:T,1,4,0.1892637014389038,modal,cuda,QKI:K562
GRWD1,HepG2,chr19:38710307:T:C,1,4,-0.14856362342834473,modal,cuda,QKI:K562
GRWD1,HepG2,chr19:38725907:C:T,0,4,0.2756836414337158,modal,cuda,QKI:K562
GRWD1,HepG2,chr19:39389023:A:G,0,4,0.1027214527130127,modal,cuda,QKI:K562
GRWD1,HepG2,chr19:40237951:G:A,0,4,0.6442400813102722,modal,cuda,QKI:K562
GRWD1,HepG2,chr19:40257052:C:T,1,4,-0.18274593353271484,modal,cuda,QKI:K562
GRWD1,HepG2,chr19:4110494:C:A,0,4,1.1028928756713867,modal,cuda,QKI:K562
GRWD1,HepG2,chr19:41273979:C:T,0,4,0.738048791885376,modal,cuda,QKI:K562
GRWD1,HepG2,chr19:41904307:G:A,0,4,-0.3488043546676636,modal,cuda,QKI:K562
GRWD1,HepG2,chr19:41905934:T:C,0,4,0.5292605757713318,modal,cuda,QKI:K562
GRWD1,HepG2,chr19:43495251:C:T,0,4,0.0984196662902832,modal,cuda,QKI:K562
GRWD1,HepG2,chr19:44100937:G:A,0,4,1.010332465171814,modal,cuda,QKI:K562
GRWD1,HepG2,chr19:44974602:G:A,0,4,0.515895426273346,modal,cuda,QKI:K562
GRWD1,HepG2,chr19:45408178:G:A,0,4,-0.7624363303184509,modal,cuda,QKI:K562
GRWD1,HepG2,chr19:46601421:C:A,0,4,-0.9392696619033813,modal,cuda,QKI:K562
GRWD1,HepG2,chr19:46608183:C:G,0,4,0.1960444450378418,modal,cuda,QKI:K562
GRWD1,HepG2,chr19:4702053:G:A,0,4,0.54222571849823,modal,cuda,QKI:K562
GRWD1,HepG2,chr19:4702073:A:G,0,4,-0.4693560004234314,modal,cuda,QKI:K562
GRWD1,HepG2,chr19:4705953:G:A,1,4,0.6274750232696533,modal,cuda,QKI:K562
GRWD1,HepG2,chr19:47082303:A:G,0,4,-0.5695991516113281,modal,cuda,QKI:K562
GRWD1,HepG2,chr19:47197285:T:C,0,4,-0.27716922760009766,modal,cuda,QKI:K562
GRWD1,HepG2,chr19:48127976:G:A,0,4,0.3104987144470215,modal,cuda,QKI:K562
GRWD1,HepG2,chr19:48128001:G:A,0,4,0.06227540969848633,modal,cuda,QKI:K562
GRWD1,HepG2,chr19:48143528:G:T,0,4,1.0703169107437134,modal,cuda,QKI:K562
GRWD1,HepG2,chr19:48143940:T:C,0,4,1.2270203828811646,modal,cuda,QKI:K562
GRWD1,HepG2,chr19:48143968:G:A,0,4,0.38648176193237305,modal,cuda,QKI:K562
GRWD1,HepG2,chr19:48143984:T:C,0,4,0.15011072158813477,modal,cuda,QKI:K562
GRWD1,HepG2,chr19:48151296:G:T,0,4,-0.2268620729446411,modal,cuda,QKI:K562
GRWD1,HepG2,chr19:48151299:C:T,0,4,-0.6945858001708984,modal,cuda,QKI:K562
GRWD1,HepG2,chr19:48161516:T:C,0,4,-0.9213252067565918,modal,cuda,QKI:K562
GRWD1,HepG2,chr19:48162298:G:A,0,4,0.32336026430130005,modal,cuda,QKI:K562
GRWD1,HepG2,chr19:48165538:G:A,0,4,0.4315311312675476,modal,cuda,QKI:K562
GRWD1,HepG2,chr19:48165573:G:A,0,4,1.0038793087005615,modal,cuda,QKI:K562
GRWD1,HepG2,chr19:48231685:T:C,0,4,-0.21083509922027588,modal,cuda,QKI:K562
GRWD1,HepG2,chr19:48955799:G:A,1,4,0.27930665016174316,modal,cuda,QKI:K562
GRWD1,HepG2,chr19:48982291:G:A,0,4,-0.1472618579864502,modal,cuda,QKI:K562
GRWD1,HepG2,chr19:48982330:G:A,0,4,0.39905381202697754,modal,cuda,QKI:K562
GRWD1,HepG2,chr19:49015801:T:C,0,4,-0.8643331527709961,modal,cuda,QKI:K562
GRWD1,HepG2,chr19:49680531:G:A,0,4,0.440778911113739,modal,cuda,QKI:K562
GRWD1,HepG2,chr19:49835196:C:T,0,4,0.5730090141296387,modal,cuda,QKI:K562
GRWD1,HepG2,chr19:50320579:G:C,0,4,0.2490246295928955,modal,cuda,QKI:K562
GRWD1,HepG2,chr19:50320579:G:T,0,4,-1.3061420917510986,modal,cuda,QKI:K562
GRWD1,HepG2,chr19:54121963:C:T,0,4,0.151167631149292,modal,cuda,QKI:K562
GRWD1,HepG2,chr19:54142984:G:A,0,4,1.74403715133667,modal,cuda,QKI:K562
GRWD1,HepG2,chr19:54143000:C:T,1,4,-0.4334285259246826,modal,cuda,QKI:K562
GRWD1,HepG2,chr19:54143767:G:A,0,4,-0.8394995331764221,modal,cuda,QKI:K562
GRWD1,HepG2,chr19:54145833:T:C,0,4,-0.5131282806396484,modal,cuda,QKI:K562
GRWD1,HepG2,chr19:54145835:A:G,0,4,-0.3567674160003662,modal,cuda,QKI:K562
GRWD1,HepG2,chr19:54145837:C:T,0,4,-0.47074711322784424,modal,cuda,QKI:K562
GRWD1,HepG2,chr19:56814275:G:A,0,4,0.19200313091278076,modal,cuda,QKI:K562
GRWD1,HepG2,chr19:56814509:G:A,0,4,0.366527795791626,modal,cuda,QKI:K562
GRWD1,HepG2,chr19:56814611:G:A,0,4,0.43211233615875244,modal,cuda,QKI:K562
GRWD1,HepG2,chr19:56815927:C:G,0,4,-0.5529310703277588,modal,cuda,QKI:K562
GRWD1,HepG2,chr19:56817509:G:A,0,4,0.8219373226165771,modal,cuda,QKI:K562
GRWD1,HepG2,chr19:56821692:C:T,0,4,0.7652665376663208,modal,cuda,QKI:K562
GRWD1,HepG2,chr19:56823683:A:C,0,4,-0.5466693639755249,modal,cuda,QKI:K562
GRWD1,HepG2,chr19:56824431:C:T,0,4,0.32510387897491455,modal,cuda,QKI:K562
GRWD1,HepG2,chr19:5696090:C:T,0,4,0.368563175201416,modal,cuda,QKI:K562
GRWD1,HepG2,chr19:5696234:A:G,0,4,-0.38929474353790283,modal,cuda,QKI:K562
GRWD1,HepG2,chr19:5696237:C:G,0,4,0.9430485963821411,modal,cuda,QKI:K562
GRWD1,HepG2,chr19:5696246:C:T,0,4,0.36113250255584717,modal,cuda,QKI:K562
GRWD1,HepG2,chr19:5696253:G:T,1,4,0.24365121126174927,modal,cuda,QKI:K562
GRWD1,HepG2,chr19:5696355:C:T,0,4,-0.48971691727638245,modal,cuda,QKI:K562
GRWD1,HepG2,chr19:5696676:G:A,0,4,-0.7378047704696655,modal,cuda,QKI:K562
GRWD1,HepG2,chr19:5696739:G:A,0,4,0.9586459994316101,modal,cuda,QKI:K562
GRWD1,HepG2,chr19:5696742:G:A,0,4,0.3828963041305542,modal,cuda,QKI:K562
GRWD1,HepG2,chr19:5705780:C:T,0,4,0.24415922164916992,modal,cuda,QKI:K562
GRWD1,HepG2,chr19:5708373:G:C,1,4,-0.07291007041931152,modal,cuda,QKI:K562
GRWD1,HepG2,chr19:5711764:G:A,0,4,-0.32528674602508545,modal,cuda,QKI:K562
GRWD1,HepG2,chr19:5711807:A:G,0,4,0.2398207187652588,modal,cuda,QKI:K562
GRWD1,HepG2,chr19:5713208:C:T,0,4,0.3002333641052246,modal,cuda,QKI:K562
GRWD1,HepG2,chr19:5713209:G:A,0,4,0.1899421215057373,modal,cuda,QKI:K562
GRWD1,HepG2,chr19:58548289:A:C,0,4,0.3648700714111328,modal,cuda,QKI:K562
GRWD1,HepG2,chr19:7174562:C:T,0,4,0.5318665504455566,modal,cuda,QKI:K562
GRWD1,HepG2,chr19:7642425:C:T,0,4,-0.2904653549194336,modal,cuda,QKI:K562
GRWD1,HepG2,chr19:7642450:C:T,0,4,0.3130831718444824,modal,cuda,QKI:K562
GRWD1,HepG2,chr19:7642498:G:A,1,4,-0.9113969802856445,modal,cuda,QKI:K562
GRWD1,HepG2,chr19:7644719:C:T,1,4,0.17548620700836182,modal,cuda,QKI:K562
GRWD1,HepG2,chr19:7934012:G:A,0,4,0.37886643409729004,modal,cuda,QKI:K562
GRWD1,HepG2,chr19:7935158:C:T,0,4,0.5983028411865234,modal,cuda,QKI:K562
GRWD1,HepG2,chr19:7935160:C:T,0,4,0.32297688722610474,modal,cuda,QKI:K562
GRWD1,HepG2,chr19:7941205:G:C,0,4,0.6458116769790649,modal,cuda,QKI:K562
GRWD1,HepG2,chr19:8399857:G:A,0,4,0.37271344661712646,modal,cuda,QKI:K562
GRWD1,HepG2,chr19:8402477:T:C,0,4,-0.7009224891662598,modal,cuda,QKI:K562
GRWD1,HepG2,chr19:8402571:C:G,0,4,-1.1857120990753174,modal,cuda,QKI:K562
GRWD1,HepG2,chr19:8402571:C:T,0,4,-0.1896810531616211,modal,cuda,QKI:K562
GRWD1,HepG2,chr19:8468767:C:G,0,4,-0.4069514274597168,modal,cuda,QKI:K562
GRWD1,HepG2,chr1:100133310:G:A,0,0,1.6491514444351196,modal,cuda,QKI:K562
GRWD1,HepG2,chr1:100133311:C:T,0,0,1.122567892074585,modal,cuda,QKI:K562
GRWD1,HepG2,chr1:10119504:C:T,0,0,-0.13784265518188477,modal,cuda,QKI:K562
GRWD1,HepG2,chr1:10258474:C:T,0,0,0.979773998260498,modal,cuda,QKI:K562
GRWD1,HepG2,chr1:10295776:C:T,0,0,0.6437374949455261,modal,cuda,QKI:K562
GRWD1,HepG2,chr1:108934848:G:A,0,0,0.6584255695343018,modal,cuda,QKI:K562
GRWD1,HepG2,chr1:109573889:T:C,0,0,-0.26577329635620117,modal,cuda,QKI:K562
GRWD1,HepG2,chr1:110043255:C:A,0,0,-0.1856069564819336,modal,cuda,QKI:K562
GRWD1,HepG2,chr1:11020412:C:T,0,0,-1.1237468719482422,modal,cuda,QKI:K562
GRWD1,HepG2,chr1:111159398:A:G,0,0,-0.42082667350769043,modal,cuda,QKI:K562
GRWD1,HepG2,chr1:11816635:G:A,0,0,0.3520158529281616,modal,cuda,QKI:K562
GRWD1,HepG2,chr1:11819529:A:G,0,0,-0.5244026184082031,modal,cuda,QKI:K562
GRWD1,HepG2,chr1:11823775:C:T,0,0,0.4582490921020508,modal,cuda,QKI:K562
GRWD1,HepG2,chr1:11824498:A:G,0,0,-0.8352859020233154,modal,cuda,QKI:K562
GRWD1,HepG2,chr1:11824504:A:C,1,0,-1.0950722694396973,modal,cuda,QKI:K562
GRWD1,HepG2,chr1:11824529:G:A,0,0,0.9037272930145264,modal,cuda,QKI:K562
GRWD1,HepG2,chr1:11989357:G:A,0,0,2.0651862621307373,modal,cuda,QKI:K562
GRWD1,HepG2,chr1:1319313:G:A,1,0,-0.29075098037719727,modal,cuda,QKI:K562
GRWD1,HepG2,chr1:1321072:C:A,1,0,0.23276996612548828,modal,cuda,QKI:K562
GRWD1,HepG2,chr1:145926631:G:T,1,0,1.15907883644104,modal,cuda,QKI:K562
GRWD1,HepG2,chr1:145926888:T:C,1,0,-1.3104579448699951,modal,cuda,QKI:K562
GRWD1,HepG2,chr1:145927445:C:T,1,0,0.450954794883728,modal,cuda,QKI:K562
GRWD1,HepG2,chr1:147267409:T:C,0,0,0.35302090644836426,modal,cuda,QKI:K562
GRWD1,HepG2,chr1:147268843:C:G,0,0,2.9489355087280273,modal,cuda,QKI:K562
GRWD1,HepG2,chr1:147295468:T:G,0,0,-0.933915376663208,modal,cuda,QKI:K562
GRWD1,HepG2,chr1:1485177:G:A,0,0,0.38634705543518066,modal,cuda,QKI:K562
GRWD1,HepG2,chr1:150325734:G:A,0,0,0.2887566089630127,modal,cuda,QKI:K562
GRWD1,HepG2,chr1:150328421:C:T,0,0,0.2877488136291504,modal,cuda,QKI:K562
GRWD1,HepG2,chr1:150344199:A:G,0,0,-0.15933728218078613,modal,cuda,QKI:K562
GRWD1,HepG2,chr1:150344201:C:A,1,0,0.1414148211479187,modal,cuda,QKI:K562
GRWD1,HepG2,chr1:150344212:C:T,1,0,-0.8050632476806641,modal,cuda,QKI:K562
GRWD1,HepG2,chr1:150344216:C:T,1,0,-0.3698115348815918,modal,cuda,QKI:K562
GRWD1,HepG2,chr1:150344231:A:C,1,0,0.2860724925994873,modal,cuda,QKI:K562
GRWD1,HepG2,chr1:150353021:C:T,0,0,-0.6250334978103638,modal,cuda,QKI:K562
GRWD1,HepG2,chr1:150579173:T:C,0,0,0.1640167236328125,modal,cuda,QKI:K562
GRWD1,HepG2,chr1:154170417:G:T,1,0,0.8903478384017944,modal,cuda,QKI:K562
GRWD1,HepG2,chr1:154173127:T:G,1,0,-0.1717212200164795,modal,cuda,QKI:K562
GRWD1,HepG2,chr1:154173134:G:T,1,0,0.1586921215057373,modal,cuda,QKI:K562
GRWD1,HepG2,chr1:154176194:G:T,1,0,0.11593151092529297,modal,cuda,QKI:K562
GRWD1,HepG2,chr1:154176220:C:G,1,0,0.8592936992645264,modal,cuda,QKI:K562
GRWD1,HepG2,chr1:154585209:C:T,0,0,0.5156615972518921,modal,cuda,QKI:K562
GRWD1,HepG2,chr1:154601879:G:A,1,0,-1.4530954360961914,modal,cuda,QKI:K562
GRWD1,HepG2,chr1:154602122:G:A,1,0,0.385845422744751,modal,cuda,QKI:K562
GRWD1,HepG2,chr1:154602509:C:A,1,0,1.0153775215148926,modal,cuda,QKI:K562
GRWD1,HepG2,chr1:154602557:G:A,1,0,-0.6569023132324219,modal,cuda,QKI:K562
GRWD1,HepG2,chr1:154602564:C:T,0,0,0.807910680770874,modal,cuda,QKI:K562
GRWD1,HepG2,chr1:155312274:T:C,0,0,-0.9024484157562256,modal,cuda,QKI:K562
GRWD1,HepG2,chr1:155320440:T:C,0,0,-0.5555591583251953,modal,cuda,QKI:K562
GRWD1,HepG2,chr1:155688145:C:T,0,0,-0.37275949120521545,modal,cuda,QKI:K562
GRWD1,HepG2,chr1:156134455:G:C,1,0,-0.2460031509399414,modal,cuda,QKI:K562
GRWD1,HepG2,chr1:156134988:G:T,0,0,0.6037194728851318,modal,cuda,QKI:K562
GRWD1,HepG2,chr1:160238682:T:C,0,0,0.9495081901550293,modal,cuda,QKI:K562
GRWD1,HepG2,chr1:160282419:G:A,1,0,-0.6189101934432983,modal,cuda,QKI:K562
GRWD1,HepG2,chr1:160282515:A:T,0,0,0.804556131362915,modal,cuda,QKI:K562
GRWD1,HepG2,chr1:160282964:G:C,1,0,-0.8843995332717896,modal,cuda,QKI:K562
GRWD1,HepG2,chr1:161210647:A:G,1,0,-0.12865042686462402,modal,cuda,QKI:K562
GRWD1,HepG2,chr1:165759546:G:A,1,0,-0.5938056111335754,modal,cuda,QKI:K562
GRWD1,HepG2,chr1:165768841:C:T,0,0,0.38391387462615967,modal,cuda,QKI:K562
GRWD1,HepG2,chr1:172551552:G:A,0,0,0.7845815420150757,modal,cuda,QKI:K562
GRWD1,HepG2,chr1:17623185:C:T,0,0,-0.6315345764160156,modal,cuda,QKI:K562
GRWD1,HepG2,chr1:177958344:T:C,0,0,-0.5116753578186035,modal,cuda,QKI:K562
GRWD1,HepG2,chr1:177967930:C:T,0,0,-0.15762627124786377,modal,cuda,QKI:K562
GRWD1,HepG2,chr1:183132551:G:A,0,0,-1.5767357349395752,modal,cuda,QKI:K562
GRWD1,HepG2,chr1:183136367:G:A,0,0,0.4639640748500824,modal,cuda,QKI:K562
GRWD1,HepG2,chr1:183142906:G:C,0,0,0.727128267288208,modal,cuda,QKI:K562
GRWD1,HepG2,chr1:19232613:G:C,0,0,-0.7461361885070801,modal,cuda,QKI:K562
GRWD1,HepG2,chr1:193212113:A:G,0,0,-1.518645167350769,modal,cuda,QKI:K562
GRWD1,HepG2,chr1:193212495:C:G,0,0,-0.7551114559173584,modal,cuda,QKI:K562
GRWD1,HepG2,chr1:193249713:C:G,0,0,-0.528364896774292,modal,cuda,QKI:K562
GRWD1,HepG2,chr1:202742649:G:T,0,0,1.9756619930267334,modal,cuda,QKI:K562
GRWD1,HepG2,chr1:20744866:T:C,0,0,-1.7052178382873535,modal,cuda,QKI:K562
GRWD1,HepG2,chr1:207783280:C:A,0,0,0.387819766998291,modal,cuda,QKI:K562
GRWD1,HepG2,chr1:213104476:C:A,0,0,0.1682114601135254,modal,cuda,QKI:K562
GRWD1,HepG2,chr1:213167847:T:C,0,0,-2.460361957550049,modal,cuda,QKI:K562
GRWD1,HepG2,chr1:226392320:G:T,0,0,0.5752034187316895,modal,cuda,QKI:K562
GRWD1,HepG2,chr1:231275503:G:A,1,0,0.41298115253448486,modal,cuda,QKI:K562
GRWD1,HepG2,chr1:232008993:G:C,0,0,1.56674325466156,modal,cuda,QKI:K562
GRWD1,HepG2,chr1:232009005:C:T,0,0,-0.6120338439941406,modal,cuda,QKI:K562
GRWD1,HepG2,chr1:235182498:G:A,0,0,-0.12558603286743164,modal,cuda,QKI:K562
GRWD1,HepG2,chr1:235414614:C:T,1,0,1.2990612983703613,modal,cuda,QKI:K562
GRWD1,HepG2,chr1:236795637:C:T,0,0,-0.4725329875946045,modal,cuda,QKI:K562
GRWD1,HepG2,chr1:236825363:T:A,1,0,1.5721640586853027,modal,cuda,QKI:K562
GRWD1,HepG2,chr1:236826841:G:A,0,0,0.7746615409851074,modal,cuda,QKI:K562
GRWD1,HepG2,chr1:236826895:A:G,1,0,0.47505784034729004,modal,cuda,QKI:K562
GRWD1,HepG2,chr1:244855410:T:A,0,0,0.4987577199935913,modal,cuda,QKI:K562
GRWD1,HepG2,chr1:244855614:A:T,0,0,0.6479625701904297,modal,cuda,QKI:K562
GRWD1,HepG2,chr1:244855889:T:G,0,0,-1.0832724571228027,modal,cuda,QKI:K562
GRWD1,HepG2,chr1:244856161:G:A,0,0,-0.42452287673950195,modal,cuda,QKI:K562
GRWD1,HepG2,chr1:244856629:T:A,0,0,-0.6027644276618958,modal,cuda,QKI:K562
GRWD1,HepG2,chr1:244856718:T:G,0,0,0.7818808555603027,modal,cuda,QKI:K562
GRWD1,HepG2,chr1:244856723:C:T,0,0,1.0849876403808594,modal,cuda,QKI:K562
GRWD1,HepG2,chr1:244856724:G:A,0,0,-0.3809000849723816,modal,cuda,QKI:K562
GRWD1,HepG2,chr1:244856866:A:G,0,0,1.2212927341461182,modal,cuda,QKI:K562
GRWD1,HepG2,chr1:244857593:C:T,0,0,1.0799062252044678,modal,cuda,QKI:K562
GRWD1,HepG2,chr1:244858724:C:T,1,0,0.7799458503723145,modal,cuda,QKI:K562
GRWD1,HepG2,chr1:244862608:G:A,0,0,1.0905598402023315,modal,cuda,QKI:K562
GRWD1,HepG2,chr1:244864348:C:T,0,0,0.4693359136581421,modal,cuda,QKI:K562
GRWD1,HepG2,chr1:26438213:C:A,1,0,-0.26821503043174744,modal,cuda,QKI:K562
GRWD1,HepG2,chr1:26438213:C:T,1,0,0.2797243297100067,modal,cuda,QKI:K562
GRWD1,HepG2,chr1:26438228:A:G,1,0,-0.32955336570739746,modal,cuda,QKI:K562
GRWD1,HepG2,chr1:28987461:G:A,0,0,-1.2643613815307617,modal,cuda,QKI:K562
GRWD1,HepG2,chr1:28987557:A:G,0,0,-0.9033522605895996,modal,cuda,QKI:K562
GRWD1,HepG2,chr1:29064973:C:T,0,0,-0.5878019332885742,modal,cuda,QKI:K562
GRWD1,HepG2,chr1:29109317:G:C,0,0,0.39269566535949707,modal,cuda,QKI:K562
GRWD1,HepG2,chr1:32180465:A:G,0,0,-0.17484092712402344,modal,cuda,QKI:K562
GRWD1,HepG2,chr1:33013319:G:A,0,0,0.17501521110534668,modal,cuda,QKI:K562
GRWD1,HepG2,chr1:33013330:G:C,0,0,-0.37591981887817383,modal,cuda,QKI:K562
GRWD1,HepG2,chr1:33013358:C:G,0,0,-0.5416879653930664,modal,cuda,QKI:K562
GRWD1,HepG2,chr1:33013413:G:A,0,0,0.25962311029434204,modal,cuda,QKI:K562
GRWD1,HepG2,chr1:33021383:G:A,1,0,-0.2546525001525879,modal,cuda,QKI:K562
GRWD1,HepG2,chr1:35189008:T:C,0,0,-0.3905525207519531,modal,cuda,QKI:K562
GRWD1,HepG2,chr1:35190780:T:C,0,0,-0.5746860504150391,modal,cuda,QKI:K562
GRWD1,HepG2,chr1:35460440:T:A,0,0,-0.7376866340637207,modal,cuda,QKI:K562
GRWD1,HepG2,chr1:35460441:G:A,0,0,0.6434974670410156,modal,cuda,QKI:K562
GRWD1,HepG2,chr1:3834873:C:T,0,0,1.1636706590652466,modal,cuda,QKI:K562
GRWD1,HepG2,chr1:3834895:C:A,0,0,-0.269852876663208,modal,cuda,QKI:K562
GRWD1,HepG2,chr1:39257917:G:A,0,0,0.7191989421844482,modal,cuda,QKI:K562
GRWD1,HepG2,chr1:39310231:C:A,0,0,0.8885610699653625,modal,cuda,QKI:K562
GRWD1,HepG2,chr1:39310231:C:G,0,0,0.5020025968551636,modal,cuda,QKI:K562
GRWD1,HepG2,chr1:39318629:T:C,0,0,-0.6448421478271484,modal,cuda,QKI:K562
GRWD1,HepG2,chr1:39422905:G:A,0,0,1.2541382312774658,modal,cuda,QKI:K562
GRWD1,HepG2,chr1:39452140:C:G,0,0,-0.8472079038619995,modal,cuda,QKI:K562
GRWD1,HepG2,chr1:40311080:C:A,0,0,0.9581829309463501,modal,cuda,QKI:K562
GRWD1,HepG2,chr1:41008728:C:G,0,0,0.7706509828567505,modal,cuda,QKI:K562
GRWD1,HepG2,chr1:45013663:C:T,1,0,0.7629568576812744,modal,cuda,QKI:K562
GRWD1,HepG2,chr1:45013717:G:C,1,0,0.2070779800415039,modal,cuda,QKI:K562
GRWD1,HepG2,chr1:45013747:C:T,1,0,-3.184267044067383,modal,cuda,QKI:K562
GRWD1,HepG2,chr1:45607496:A:C,0,0,-0.10727429389953613,modal,cuda,QKI:K562
GRWD1,HepG2,chr1:5978374:G:A,1,0,-0.9020968675613403,modal,cuda,QKI:K562
GRWD1,HepG2,chr1:5986204:G:A,0,0,0.40080690383911133,modal,cuda,QKI:K562
GRWD1,HepG2,chr1:5986211:C:A,1,0,0.8622531890869141,modal,cuda,QKI:K562
GRWD1,HepG2,chr1:5986215:C:T,1,0,0.9628642797470093,modal,cuda,QKI:K562
GRWD1,HepG2,chr1:62535637:T:C,0,0,-1.000746488571167,modal,cuda,QKI:K562
GRWD1,HepG2,chr1:62648398:A:C,0,0,-0.41817641258239746,modal,cuda,QKI:K562
GRWD1,HepG2,chr1:64869304:G:A,0,0,0.12179040908813477,modal,cuda,QKI:K562
GRWD1,HepG2,chr1:67686488:G:A,0,0,0.4972109794616699,modal,cuda,QKI:K562
GRWD1,HepG2,chr1:8364152:G:A,0,0,0.23436355590820312,modal,cuda,QKI:K562
GRWD1,HepG2,chr1:8364188:G:A,0,0,-0.31147241592407227,modal,cuda,QKI:K562
GRWD1,HepG2,chr1:8364736:G:A,0,0,-0.5160069465637207,modal,cuda,QKI:K562
GRWD1,HepG2,chr1:8624304:G:A,0,0,0.5157644748687744,modal,cuda,QKI:K562
GRWD1,HepG2,chr1:91734825:T:C,0,0,-1.7953823804855347,modal,cuda,QKI:K562
GRWD1,HepG2,chr1:92289004:A:G,0,0,-2.244126319885254,modal,cuda,QKI:K562
GRWD1,HepG2,chr1:92289027:A:G,0,0,-0.3561110496520996,modal,cuda,QKI:K562
GRWD1,HepG2,chr1:92836250:G:T,1,0,-2.6542582511901855,modal,cuda,QKI:K562
GRWD1,HepG2,chr1:92837585:C:A,1,0,1.6307437419891357,modal,cuda,QKI:K562
GRWD1,HepG2,chr1:92837592:C:T,1,0,0.7330520153045654,modal,cuda,QKI:K562
GRWD1,HepG2,chr1:92841745:A:G,0,0,0.28875207901000977,modal,cuda,QKI:K562
GRWD1,HepG2,chr1:92841757:C:A,0,0,0.6317932605743408,modal,cuda,QKI:K562
GRWD1,HepG2,chr1:92841817:A:G,0,0,-0.5720274448394775,modal,cuda,QKI:K562
GRWD1,HepG2,chr1:93118449:G:A,0,0,-0.1284480094909668,modal,cuda,QKI:K562
GRWD1,HepG2,chr1:94489702:G:C,0,0,-0.580632209777832,modal,cuda,QKI:K562
GRWD1,HepG2,chr1:94517033:T:C,0,0,0.2630162239074707,modal,cuda,QKI:K562
GRWD1,HepG2,chr20:13534015:T:C,0,0,0.30314159393310547,modal,cuda,QKI:K562
GRWD1,HepG2,chr20:13534052:C:T,0,0,0.9403551816940308,modal,cuda,QKI:K562
GRWD1,HepG2,chr20:13787297:C:T,0,0,1.1353785991668701,modal,cuda,QKI:K562
GRWD1,HepG2,chr20:13787310:A:T,1,0,-0.5886266231536865,modal,cuda,QKI:K562
GRWD1,HepG2,chr20:13787360:G:A,0,0,0.384344220161438,modal,cuda,QKI:K562
GRWD1,HepG2,chr20:17616724:G:A,0,0,0.3398957848548889,modal,cuda,QKI:K562
GRWD1,HepG2,chr20:17627494:G:A,0,0,0.4867737591266632,modal,cuda,QKI:K562
GRWD1,HepG2,chr20:17970274:C:T,1,0,0.37370574474334717,modal,cuda,QKI:K562
GRWD1,HepG2,chr20:18142268:C:G,0,0,0.7865734100341797,modal,cuda,QKI:K562
GRWD1,HepG2,chr20:20048481:C:T,1,0,0.6752954721450806,modal,cuda,QKI:K562
GRWD1,HepG2,chr20:20048482:G:A,1,0,1.184945821762085,modal,cuda,QKI:K562
GRWD1,HepG2,chr20:23390028:G:T,1,0,-0.915496826171875,modal,cuda,QKI:K562
GRWD1,HepG2,chr20:2654566:A:G,0,0,0.46787214279174805,modal,cuda,QKI:K562
GRWD1,HepG2,chr20:2654858:T:C,0,0,-0.2968789339065552,modal,cuda,QKI:K562
GRWD1,HepG2,chr20:2656425:T:C,0,0,0.23998451232910156,modal,cuda,QKI:K562
GRWD1,HepG2,chr20:2657166:C:T,0,0,0.4258309602737427,modal,cuda,QKI:K562
GRWD1,HepG2,chr20:2657933:T:C,0,0,-0.5057318210601807,modal,cuda,QKI:K562
GRWD1,HepG2,chr20:2658081:G:A,0,0,0.18197768926620483,modal,cuda,QKI:K562
GRWD1,HepG2,chr20:2658084:C:T,0,0,-0.3353532552719116,modal,cuda,QKI:K562
GRWD1,HepG2,chr20:2658234:G:A,0,0,0.6446281671524048,modal,cuda,QKI:K562
GRWD1,HepG2,chr20:2658236:T:C,0,0,0.34240877628326416,modal,cuda,QKI:K562
GRWD1,HepG2,chr20:2663692:C:A,1,0,-1.1843456029891968,modal,cuda,QKI:K562
GRWD1,HepG2,chr20:2986784:G:A,0,0,0.4216369390487671,modal,cuda,QKI:K562
GRWD1,HepG2,chr20:3200326:C:G,0,0,-1.0234205722808838,modal,cuda,QKI:K562
GRWD1,HepG2,chr20:3200327:A:C,0,0,-1.3933031558990479,modal,cuda,QKI:K562
GRWD1,HepG2,chr20:3204528:A:T,0,0,0.41911688446998596,modal,cuda,QKI:K562
GRWD1,HepG2,chr20:3213332:G:A,0,0,1.0009262561798096,modal,cuda,QKI:K562
GRWD1,HepG2,chr20:3213336:G:T,1,0,1.2488762140274048,modal,cuda,QKI:K562
GRWD1,HepG2,chr20:32215468:C:T,0,0,0.0871891975402832,modal,cuda,QKI:K562
GRWD1,HepG2,chr20:33811394:C:G,0,0,-0.19910383224487305,modal,cuda,QKI:K562
GRWD1,HepG2,chr20:33853561:T:C,0,0,-1.042957067489624,modal,cuda,QKI:K562
GRWD1,HepG2,chr20:34408774:G:A,1,0,0.8633460998535156,modal,cuda,QKI:K562
GRWD1,HepG2,chr20:35384111:C:T,0,0,0.9437500238418579,modal,cuda,QKI:K562
GRWD1,HepG2,chr20:35463587:C:T,1,0,-1.4060900211334229,modal,cuda,QKI:K562
GRWD1,HepG2,chr20:35466146:G:A,1,0,-1.7658417224884033,modal,cuda,QKI:K562
GRWD1,HepG2,chr20:35467369:G:A,0,0,1.766000509262085,modal,cuda,QKI:K562
GRWD1,HepG2,chr20:35467383:G:A,0,0,1.0014008283615112,modal,cuda,QKI:K562
GRWD1,HepG2,chr20:35467533:G:T,1,0,-1.3436521291732788,modal,cuda,QKI:K562
GRWD1,HepG2,chr20:35472734:T:A,1,0,0.37016916275024414,modal,cuda,QKI:K562
GRWD1,HepG2,chr20:35473370:A:G,0,0,-0.8046319484710693,modal,cuda,QKI:K562
GRWD1,HepG2,chr20:35475582:C:A,1,0,-1.2845968008041382,modal,cuda,QKI:K562
GRWD1,HepG2,chr20:35476559:G:A,0,0,0.18042480945587158,modal,cuda,QKI:K562
GRWD1,HepG2,chr20:35491196:C:G,0,0,1.4664299488067627,modal,cuda,QKI:K562
GRWD1,HepG2,chr20:35507857:C:G,0,0,-1.1356123685836792,modal,cuda,QKI:K562
GRWD1,HepG2,chr20:36771156:T:C,0,0,-0.8057710528373718,modal,cuda,QKI:K562
GRWD1,HepG2,chr20:37234013:C:G,0,0,0.25402820110321045,modal,cuda,QKI:K562
GRWD1,HepG2,chr20:3907935:G:A,1,0,0.41262125968933105,modal,cuda,QKI:K562
GRWD1,HepG2,chr20:3907977:A:G,1,0,-0.5590263605117798,modal,cuda,QKI:K562
GRWD1,HepG2,chr20:3907980:T:C,1,0,-0.19339561462402344,modal,cuda,QKI:K562
GRWD1,HepG2,chr20:3912573:C:T,1,0,1.691760778427124,modal,cuda,QKI:K562
GRWD1,HepG2,chr20:3917074:A:G,0,0,-0.8994369506835938,modal,cuda,QKI:K562
GRWD1,HepG2,chr20:41487827:C:T,0,0,1.1999099254608154,modal,cuda,QKI:K562
GRWD1,HepG2,chr20:41512842:A:G,0,0,-0.49469733238220215,modal,cuda,QKI:K562
GRWD1,HepG2,chr20:417752:C:T,0,0,-0.3519465923309326,modal,cuda,QKI:K562
GRWD1,HepG2,chr20:417773:G:A,1,0,-1.2225686311721802,modal,cuda,QKI:K562
GRWD1,HepG2,chr20:417795:C:T,1,0,-2.8632326126098633,modal,cuda,QKI:K562
GRWD1,HepG2,chr20:417801:C:T,1,0,-3.062541961669922,modal,cuda,QKI:K562
GRWD1,HepG2,chr20:419373:C:T,1,0,1.1052378416061401,modal,cuda,QKI:K562
GRWD1,HepG2,chr20:419439:C:T,1,0,0.19742608070373535,modal,cuda,QKI:K562
GRWD1,HepG2,chr20:422158:C:T,1,0,-0.4885859489440918,modal,cuda,QKI:K562
GRWD1,HepG2,chr20:422166:G:A,0,0,0.4884544014930725,modal,cuda,QKI:K562
GRWD1,HepG2,chr20:427419:G:A,1,0,-0.36795544624328613,modal,cuda,QKI:K562
GRWD1,HepG2,chr20:441907:G:A,1,0,0.49587923288345337,modal,cuda,QKI:K562
GRWD1,HepG2,chr20:445095:G:A,1,0,-2.0680181980133057,modal,cuda,QKI:K562
GRWD1,HepG2,chr20:44916778:C:T,1,0,0.31537437438964844,modal,cuda,QKI:K562
GRWD1,HepG2,chr20:44930524:C:T,1,0,-0.29830050468444824,modal,cuda,QKI:K562
GRWD1,HepG2,chr20:44930558:C:T,0,0,0.3763974905014038,modal,cuda,QKI:K562
GRWD1,HepG2,chr20:44930608:G:A,1,0,0.05926108360290527,modal,cuda,QKI:K562
GRWD1,HepG2,chr20:44930688:C:T,1,0,-1.1259980201721191,modal,cuda,QKI:K562
GRWD1,HepG2,chr20:44972066:C:G,0,0,-0.5390965938568115,modal,cuda,QKI:K562
GRWD1,HepG2,chr20:45075056:C:T,0,0,-0.1658792495727539,modal,cuda,QKI:K562
GRWD1,HepG2,chr20:45420648:C:T,1,0,-0.4188704490661621,modal,cuda,QKI:K562
GRWD1,HepG2,chr20:45891698:C:T,1,0,-1.4628466367721558,modal,cuda,QKI:K562
GRWD1,HepG2,chr20:45891761:T:C,1,0,0.6806795597076416,modal,cuda,QKI:K562
GRWD1,HepG2,chr20:45892860:G:A,1,0,0.17918753623962402,modal,cuda,QKI:K562
GRWD1,HepG2,chr20:45894040:T:A,1,0,0.4903404712677002,modal,cuda,QKI:K562
GRWD1,HepG2,chr20:45894081:C:G,1,0,-1.0437297821044922,modal,cuda,QKI:K562
GRWD1,HepG2,chr20:45894718:T:C,0,0,-0.34755468368530273,modal,cuda,QKI:K562
GRWD1,HepG2,chr20:45894826:T:G,1,0,-0.8583531379699707,modal,cuda,QKI:K562
GRWD1,HepG2,chr20:45894908:G:A,0,0,0.6714783906936646,modal,cuda,QKI:K562
GRWD1,HepG2,chr20:45894914:G:T,0,0,0.44780951738357544,modal,cuda,QKI:K562
GRWD1,HepG2,chr20:47276304:C:T,0,0,0.7878975868225098,modal,cuda,QKI:K562
GRWD1,HepG2,chr20:47291786:G:A,0,0,0.600884199142456,modal,cuda,QKI:K562
GRWD1,HepG2,chr20:48988288:G:A,0,0,1.1083455085754395,modal,cuda,QKI:K562
GRWD1,HepG2,chr20:50958342:G:C,0,0,0.35746073722839355,modal,cuda,QKI:K562
GRWD1,HepG2,chr20:58418191:G:A,0,0,-0.6186841726303101,modal,cuda,QKI:K562
GRWD1,HepG2,chr20:58418257:G:A,0,0,-0.6984143257141113,modal,cuda,QKI:K562
GRWD1,HepG2,chr20:58418289:C:T,1,0,0.3316683769226074,modal,cuda,QKI:K562
GRWD1,HepG2,chr20:58418318:C:T,1,0,-0.31052398681640625,modal,cuda,QKI:K562
GRWD1,HepG2,chr20:58444184:G:A,0,0,0.5198667049407959,modal,cuda,QKI:K562
GRWD1,HepG2,chr20:58670524:G:A,0,0,0.5836927890777588,modal,cuda,QKI:K562
GRWD1,HepG2,chr20:58673636:A:T,0,0,-0.5230324268341064,modal,cuda,QKI:K562
GRWD1,HepG2,chr20:58673672:C:G,0,0,-0.30751681327819824,modal,cuda,QKI:K562
GRWD1,HepG2,chr20:59030427:T:C,1,0,-0.9828531742095947,modal,cuda,QKI:K562
GRWD1,HepG2,chr20:6116048:C:T,0,0,0.3578357696533203,modal,cuda,QKI:K562
GRWD1,HepG2,chr20:6119384:G:A,0,0,0.551105260848999,modal,cuda,QKI:K562
GRWD1,HepG2,chr20:62140809:G:A,0,0,0.8208260536193848,modal,cuda,QKI:K562
GRWD1,HepG2,chr20:62162852:G:A,0,0,0.44478774070739746,modal,cuda,QKI:K562
GRWD1,HepG2,chr20:62174536:G:A,0,0,0.4160834550857544,modal,cuda,QKI:K562
GRWD1,HepG2,chr20:62256244:G:A,0,0,-1.2287774085998535,modal,cuda,QKI:K562
GRWD1,HepG2,chr20:62281182:G:A,0,0,-0.45357048511505127,modal,cuda,QKI:K562
GRWD1,HepG2,chr20:62281887:C:T,0,0,-0.33629512786865234,modal,cuda,QKI:K562
GRWD1,HepG2,chr20:62289198:G:A,0,0,0.37602782249450684,modal,cuda,QKI:K562
GRWD1,HepG2,chr20:62289334:C:T,0,0,1.1824790239334106,modal,cuda,QKI:K562
GRWD1,HepG2,chr20:62323765:C:A,0,0,0.3446643352508545,modal,cuda,QKI:K562
GRWD1,HepG2,chr20:62338612:G:C,0,0,-0.2918130159378052,modal,cuda,QKI:K562
GRWD1,HepG2,chr20:62824511:G:A,0,0,0.5105327367782593,modal,cuda,QKI:K562
GRWD1,HepG2,chr20:63659344:A:C,0,0,-0.7426996231079102,modal,cuda,QKI:K562
GRWD1,HepG2,chr20:63659448:C:T,1,0,0.8359627723693848,modal,cuda,QKI:K562
GRWD1,HepG2,chr20:63659463:C:T,1,0,-3.9551146030426025,modal,cuda,QKI:K562
GRWD1,HepG2,chr20:63659474:C:G,1,0,-0.7729229927062988,modal,cuda,QKI:K562
GRWD1,HepG2,chr20:63661909:C:T,1,0,-0.9016058444976807,modal,cuda,QKI:K562
GRWD1,HepG2,chr20:63661919:A:G,0,0,-0.25668346881866455,modal,cuda,QKI:K562
GRWD1,HepG2,chr20:63662625:C:T,1,0,-2.5985991954803467,modal,cuda,QKI:K562
GRWD1,HepG2,chr20:63662646:G:A,0,0,1.5074447393417358,modal,cuda,QKI:K562
GRWD1,HepG2,chr20:63662805:C:T,0,0,1.269476294517517,modal,cuda,QKI:K562
GRWD1,HepG2,chr20:63662886:G:T,1,0,-0.42632174491882324,modal,cuda,QKI:K562
GRWD1,HepG2,chr20:63666047:T:C,0,0,-0.44959282875061035,modal,cuda,QKI:K562
GRWD1,HepG2,chr20:63679914:C:A,1,0,-0.3144359588623047,modal,cuda,QKI:K562
GRWD1,HepG2,chr20:63679922:C:T,1,0,-0.25622010231018066,modal,cuda,QKI:K562
GRWD1,HepG2,chr20:63679931:C:T,1,0,-0.7733600735664368,modal,cuda,QKI:K562
GRWD1,HepG2,chr20:63685892:C:T,0,0,-0.3348757028579712,modal,cuda,QKI:K562
GRWD1,HepG2,chr20:63688001:G:C,1,0,1.2866942882537842,modal,cuda,QKI:K562
GRWD1,HepG2,chr20:63688130:C:T,0,0,0.35957658290863037,modal,cuda,QKI:K562
GRWD1,HepG2,chr20:63688146:G:T,1,0,-1.5872284173965454,modal,cuda,QKI:K562
GRWD1,HepG2,chr20:63688149:G:T,1,0,0.4078712463378906,modal,cuda,QKI:K562
GRWD1,HepG2,chr20:63688363:G:T,1,0,-0.37137436866760254,modal,cuda,QKI:K562
GRWD1,HepG2,chr20:63688366:A:T,1,0,-1.3889122009277344,modal,cuda,QKI:K562
GRWD1,HepG2,chr20:63688578:G:T,1,0,-0.568457841873169,modal,cuda,QKI:K562
GRWD1,HepG2,chr20:63689115:G:A,1,0,0.366119384765625,modal,cuda,QKI:K562
GRWD1,HepG2,chr20:63692901:C:T,1,0,-0.802933931350708,modal,cuda,QKI:K562
GRWD1,HepG2,chr20:63692936:C:T,0,0,0.201507568359375,modal,cuda,QKI:K562
GRWD1,HepG2,chr20:63692975:G:C,0,0,-0.21473121643066406,modal,cuda,QKI:K562
GRWD1,HepG2,chr20:63693172:A:T,1,0,-3.201887607574463,modal,cuda,QKI:K562
GRWD1,HepG2,chr20:63693178:C:T,1,0,-2.2623796463012695,modal,cuda,QKI:K562
GRWD1,HepG2,chr20:63693189:G:C,0,0,1.4371646642684937,modal,cuda,QKI:K562
GRWD1,HepG2,chr20:63693211:C:T,1,0,-1.2342897653579712,modal,cuda,QKI:K562
GRWD1,HepG2,chr20:63700673:C:T,0,0,0.25126075744628906,modal,cuda,QKI:K562
GRWD1,HepG2,chr20:63981221:C:T,0,0,-0.41516897082328796,modal,cuda,QKI:K562
GRWD1,HepG2,chr20:63981322:G:A,0,0,-0.2101740837097168,modal,cuda,QKI:K562
GRWD1,HepG2,chr20:63983032:G:C,0,0,0.9589323997497559,modal,cuda,QKI:K562
GRWD1,HepG2,chr20:63995103:A:G,0,0,-0.32601189613342285,modal,cuda,QKI:K562
GRWD1,HepG2,chr20:8685104:C:G,0,0,-0.7957501411437988,modal,cuda,QKI:K562
GRWD1,HepG2,chr20:8697799:G:A,0,0,-0.2395157814025879,modal,cuda,QKI:K562
GRWD1,HepG2,chr20:8790285:A:C,0,0,1.692183494567871,modal,cuda,QKI:K562
GRWD1,HepG2,chr21:25976039:A:T,0,0,-0.3244051933288574,modal,cuda,QKI:K562
GRWD1,HepG2,chr21:26089927:C:T,0,0,0.35782361030578613,modal,cuda,QKI:K562
GRWD1,HepG2,chr21:32602313:G:A,1,0,-1.7130762338638306,modal,cuda,QKI:K562
GRWD1,HepG2,chr21:32602346:G:A,1,0,1.4007710218429565,modal,cuda,QKI:K562
GRWD1,HepG2,chr21:32603197:C:T,0,0,-0.8249064087867737,modal,cuda,QKI:K562
GRWD1,HepG2,chr21:32604220:G:A,1,0,-1.8266570568084717,modal,cuda,QKI:K562
GRWD1,HepG2,chr21:33543175:C:G,0,0,-0.964684009552002,modal,cuda,QKI:K562
GRWD1,HepG2,chr21:33549618:T:A,1,0,-0.20110130310058594,modal,cuda,QKI:K562
GRWD1,HepG2,chr21:33549625:C:T,1,0,-0.24386024475097656,modal,cuda,QKI:K562
GRWD1,HepG2,chr21:33549634:G:T,1,0,1.2156462669372559,modal,cuda,QKI:K562
GRWD1,HepG2,chr21:33549650:C:T,0,0,0.3116731643676758,modal,cuda,QKI:K562
GRWD1,HepG2,chr21:33549679:T:C,0,0,0.5676703453063965,modal,cuda,QKI:K562
GRWD1,HepG2,chr21:33549715:C:T,0,0,-0.7375446557998657,modal,cuda,QKI:K562
GRWD1,HepG2,chr21:33549729:G:T,0,0,1.4223703145980835,modal,cuda,QKI:K562
GRWD1,HepG2,chr21:33549782:C:T,0,0,0.5988962650299072,modal,cuda,QKI:K562
GRWD1,HepG2,chr21:33549888:A:G,0,0,-1.0190788507461548,modal,cuda,QKI:K562
GRWD1,HepG2,chr21:33550212:T:A,0,0,-1.053708553314209,modal,cuda,QKI:K562
GRWD1,HepG2,chr21:33550255:C:T,1,0,0.37504374980926514,modal,cuda,QKI:K562
GRWD1,HepG2,chr21:33550301:G:C,0,0,0.7801345586776733,modal,cuda,QKI:K562
GRWD1,HepG2,chr21:33550338:G:A,0,0,0.44529539346694946,modal,cuda,QKI:K562
GRWD1,HepG2,chr21:33550358:C:T,0,0,0.10641741752624512,modal,cuda,QKI:K562
GRWD1,HepG2,chr21:33550367:C:A,1,0,1.6372337341308594,modal,cuda,QKI:K562
GRWD1,HepG2,chr21:33550370:C:T,0,0,0.38892316818237305,modal,cuda,QKI:K562
GRWD1,HepG2,chr21:33550373:T:C,0,0,-0.32709336280822754,modal,cuda,QKI:K562
GRWD1,HepG2,chr21:33550406:C:T,0,0,0.19755637645721436,modal,cuda,QKI:K562
GRWD1,HepG2,chr21:33550463:C:T,0,0,0.5537934303283691,modal,cuda,QKI:K562
GRWD1,HepG2,chr21:33550466:C:T,0,0,0.35712289810180664,modal,cuda,QKI:K562
GRWD1,HepG2,chr21:33550730:C:T,0,0,-0.38820314407348633,modal,cuda,QKI:K562
GRWD1,HepG2,chr21:33550792:A:G,0,0,0.6640670299530029,modal,cuda,QKI:K562
GRWD1,HepG2,chr21:33551220:G:T,0,0,-1.0193424224853516,modal,cuda,QKI:K562
GRWD1,HepG2,chr21:33551313:A:G,0,0,-1.1221113204956055,modal,cuda,QKI:K562
GRWD1,HepG2,chr21:33553139:C:T,0,0,0.5544859766960144,modal,cuda,QKI:K562
GRWD1,HepG2,chr21:33553180:G:A,0,0,1.0883333683013916,modal,cuda,QKI:K562
GRWD1,HepG2,chr21:33553196:C:T,0,0,0.3403395414352417,modal,cuda,QKI:K562
GRWD1,HepG2,chr21:33554985:T:C,0,0,0.27483052015304565,modal,cuda,QKI:K562
GRWD1,HepG2,chr21:33554992:C:T,1,0,-0.39999690651893616,modal,cuda,QKI:K562
GRWD1,HepG2,chr21:33554998:C:T,1,0,0.519289493560791,modal,cuda,QKI:K562
GRWD1,HepG2,chr21:33555043:C:T,1,0,-0.7082833051681519,modal,cuda,QKI:K562
GRWD1,HepG2,chr21:33559604:A:G,0,0,-0.9532322883605957,modal,cuda,QKI:K562
GRWD1,HepG2,chr21:33559629:T:C,0,0,-4.884764194488525,modal,cuda,QKI:K562
GRWD1,HepG2,chr21:33559727:A:G,0,0,-0.4098362922668457,modal,cuda,QKI:K562
GRWD1,HepG2,chr21:33559779:A:C,0,0,0.7697954177856445,modal,cuda,QKI:K562
GRWD1,HepG2,chr21:33750246:T:C,0,0,-0.21184945106506348,modal,cuda,QKI:K562
GRWD1,HepG2,chr21:39313313:A:G,0,0,0.2245335578918457,modal,cuda,QKI:K562
GRWD1,HepG2,chr21:43674628:T:A,0,0,0.39653468132019043,modal,cuda,QKI:K562
GRWD1,HepG2,chr21:44509290:G:A,1,0,0.7554991245269775,modal,cuda,QKI:K562
GRWD1,HepG2,chr21:44509309:G:A,0,0,0.9188705682754517,modal,cuda,QKI:K562
GRWD1,HepG2,chr21:44509356:G:A,1,0,1.1689749956130981,modal,cuda,QKI:K562
GRWD1,HepG2,chr21:45491328:G:A,0,0,0.32178497314453125,modal,cuda,QKI:K562
GRWD1,HepG2,chr21:46001401:C:T,0,0,0.8584637641906738,modal,cuda,QKI:K562
GRWD1,HepG2,chr21:46150104:G:A,0,0,0.41210877895355225,modal,cuda,QKI:K562
GRWD1,HepG2,chr21:46191874:G:A,0,0,0.7705581188201904,modal,cuda,QKI:K562
GRWD1,HepG2,chr21:46205744:T:C,0,0,-0.5324643850326538,modal,cuda,QKI:K562
GRWD1,HepG2,chr21:46275166:G:A,0,0,0.2675604820251465,modal,cuda,QKI:K562
GRWD1,HepG2,chr21:46277515:C:A,0,0,-0.1599407196044922,modal,cuda,QKI:K562
GRWD1,HepG2,chr21:46280157:A:G,0,0,-0.4868438243865967,modal,cuda,QKI:K562
GRWD1,HepG2,chr21:46334436:C:T,1,0,-1.1726914644241333,modal,cuda,QKI:K562
GRWD1,HepG2,chr21:46346225:T:C,0,0,-0.6092435121536255,modal,cuda,QKI:K562
GRWD1,HepG2,chr21:46346736:G:A,0,0,1.0592604875564575,modal,cuda,QKI:K562
GRWD1,HepG2,chr22:19467853:C:T,0,3,0.3046438694000244,modal,cuda,QKI:K562
GRWD1,HepG2,chr22:19962824:C:T,0,3,0.18537259101867676,modal,cuda,QKI:K562
GRWD1,HepG2,chr22:20729303:G:A,0,3,-0.4231867790222168,modal,cuda,QKI:K562
GRWD1,HepG2,chr22:20859043:A:T,0,3,-0.21647655963897705,modal,cuda,QKI:K562
GRWD1,HepG2,chr22:20859092:C:T,0,3,0.33595341444015503,modal,cuda,QKI:K562
GRWD1,HepG2,chr22:20994748:A:G,0,3,-0.41748833656311035,modal,cuda,QKI:K562
GRWD1,HepG2,chr22:21958485:C:T,0,3,-0.39026474952697754,modal,cuda,QKI:K562
GRWD1,HepG2,chr22:21959742:A:G,0,3,0.502322793006897,modal,cuda,QKI:K562
GRWD1,HepG2,chr22:21971869:A:G,0,3,-0.3759927749633789,modal,cuda,QKI:K562
GRWD1,HepG2,chr22:23287285:G:T,0,3,1.0663079023361206,modal,cuda,QKI:K562
GRWD1,HepG2,chr22:23787153:C:T,0,3,-0.5357828140258789,modal,cuda,QKI:K562
GRWD1,HepG2,chr22:24321443:C:T,0,3,1.134080410003662,modal,cuda,QKI:K562
GRWD1,HepG2,chr22:24321892:C:T,0,3,-0.49135255813598633,modal,cuda,QKI:K562
GRWD1,HepG2,chr22:24322011:A:G,0,3,-0.17378449440002441,modal,cuda,QKI:K562
GRWD1,HepG2,chr22:24322633:G:A,0,3,0.18415379524230957,modal,cuda,QKI:K562
GRWD1,HepG2,chr22:24322709:A:C,0,3,-0.16309309005737305,modal,cuda,QKI:K562
GRWD1,HepG2,chr22:24338420:G:A,0,3,0.1971898078918457,modal,cuda,QKI:K562
GRWD1,HepG2,chr22:24338491:A:G,0,3,-0.17411327362060547,modal,cuda,QKI:K562
GRWD1,HepG2,chr22:24363291:G:A,0,3,-0.31133508682250977,modal,cuda,QKI:K562
GRWD1,HepG2,chr22:24365482:G:A,0,3,5.5580525398254395,modal,cuda,QKI:K562
GRWD1,HepG2,chr22:24365499:G:A,0,3,3.8056373596191406,modal,cuda,QKI:K562
GRWD1,HepG2,chr22:24365531:G:A,0,3,3.144050121307373,modal,cuda,QKI:K562
GRWD1,HepG2,chr22:24369246:T:C,0,3,-0.11391854286193848,modal,cuda,QKI:K562
GRWD1,HepG2,chr22:26477124:G:A,1,3,-6.3856000900268555,modal,cuda,QKI:K562
GRWD1,HepG2,chr22:26477148:G:A,0,3,0.44033312797546387,modal,cuda,QKI:K562
GRWD1,HepG2,chr22:29604041:A:T,1,3,-0.7093031406402588,modal,cuda,QKI:K562
GRWD1,HepG2,chr22:29604056:A:T,1,3,-1.1614835262298584,modal,cuda,QKI:K562
GRWD1,HepG2,chr22:29604109:C:A,1,3,-0.42417311668395996,modal,cuda,QKI:K562
GRWD1,HepG2,chr22:29604110:G:T,1,3,-2.294832468032837,modal,cuda,QKI:K562
GRWD1,HepG2,chr22:29636754:A:T,1,3,-0.36015617847442627,modal,cuda,QKI:K562
GRWD1,HepG2,chr22:29636758:G:A,1,3,0.28652966022491455,modal,cuda,QKI:K562
GRWD1,HepG2,chr22:29636805:C:T,1,3,0.3778367042541504,modal,cuda,QKI:K562
GRWD1,HepG2,chr22:29636815:G:A,1,3,-0.2868325710296631,modal,cuda,QKI:K562
GRWD1,HepG2,chr22:29636816:G:A,1,3,0.3033909797668457,modal,cuda,QKI:K562
GRWD1,HepG2,chr22:29636829:C:T,1,3,-0.21741485595703125,modal,cuda,QKI:K562
GRWD1,HepG2,chr22:29636858:G:A,1,3,0.2304699420928955,modal,cuda,QKI:K562
GRWD1,HepG2,chr22:29636877:G:C,1,3,0.27835869789123535,modal,cuda,QKI:K562
GRWD1,HepG2,chr22:29636878:T:C,1,3,-0.3124535083770752,modal,cuda,QKI:K562
GRWD1,HepG2,chr22:29642270:C:A,1,3,0.46358203887939453,modal,cuda,QKI:K562
GRWD1,HepG2,chr22:29642270:C:G,1,3,0.3781449794769287,modal,cuda,QKI:K562
GRWD1,HepG2,chr22:29642277:C:T,1,3,-0.6709072589874268,modal,cuda,QKI:K562
GRWD1,HepG2,chr22:29671829:G:T,1,3,-0.43935519456863403,modal,cuda,QKI:K562
GRWD1,HepG2,chr22:29671847:C:T,1,3,0.49915456771850586,modal,cuda,QKI:K562
GRWD1,HepG2,chr22:29671865:G:T,1,3,-0.509650707244873,modal,cuda,QKI:K562
GRWD1,HepG2,chr22:29671905:T:C,1,3,-0.560441792011261,modal,cuda,QKI:K562
GRWD1,HepG2,chr22:29671910:C:T,1,3,-0.3378651738166809,modal,cuda,QKI:K562
GRWD1,HepG2,chr22:29671940:G:T,1,3,-2.3035881519317627,modal,cuda,QKI:K562
GRWD1,HepG2,chr22:29671949:G:A,1,3,0.20300745964050293,modal,cuda,QKI:K562
GRWD1,HepG2,chr22:29671949:G:T,1,3,0.4171130657196045,modal,cuda,QKI:K562
GRWD1,HepG2,chr22:30344925:C:G,0,3,0.11570358276367188,modal,cuda,QKI:K562
GRWD1,HepG2,chr22:30937046:A:G,0,3,0.15446341037750244,modal,cuda,QKI:K562
GRWD1,HepG2,chr22:30937049:A:C,0,3,0.40917372703552246,modal,cuda,QKI:K562
GRWD1,HepG2,chr22:30949850:G:C,0,3,-0.17350172996520996,modal,cuda,QKI:K562
GRWD1,HepG2,chr22:35381210:G:A,0,3,1.0544134378433228,modal,cuda,QKI:K562
GRWD1,HepG2,chr22:36261743:T:C,0,3,-0.6213600635528564,modal,cuda,QKI:K562
GRWD1,HepG2,chr22:36298908:C:G,0,3,0.7724919319152832,modal,cuda,QKI:K562
GRWD1,HepG2,chr22:36314138:T:C,0,3,0.11216521263122559,modal,cuda,QKI:K562
GRWD1,HepG2,chr22:36519398:C:T,0,3,0.15502643585205078,modal,cuda,QKI:K562
GRWD1,HepG2,chr22:36519417:A:G,0,3,-0.05909395217895508,modal,cuda,QKI:K562
GRWD1,HepG2,chr22:38069027:G:A,0,3,0.22182440757751465,modal,cuda,QKI:K562
GRWD1,HepG2,chr22:40264852:A:G,0,3,-0.16817617416381836,modal,cuda,QKI:K562
GRWD1,HepG2,chr22:40358931:C:T,1,3,0.3656749725341797,modal,cuda,QKI:K562
GRWD1,HepG2,chr22:40358949:C:T,1,3,0.39745497703552246,modal,cuda,QKI:K562
GRWD1,HepG2,chr22:40359009:C:T,1,3,-0.33912205696105957,modal,cuda,QKI:K562
GRWD1,HepG2,chr22:41157156:C:T,0,3,0.2809404134750366,modal,cuda,QKI:K562
GRWD1,HepG2,chr22:41164133:A:G,0,3,0.2517683506011963,modal,cuda,QKI:K562
GRWD1,HepG2,chr22:41209711:G:A,1,3,0.5425025224685669,modal,cuda,QKI:K562
GRWD1,HepG2,chr22:41209772:G:C,0,3,0.449293851852417,modal,cuda,QKI:K562
GRWD1,HepG2,chr22:41647092:G:A,0,3,0.41406333446502686,modal,cuda,QKI:K562
GRWD1,HepG2,chr22:41880821:G:A,0,3,0.1682746410369873,modal,cuda,QKI:K562
GRWD1,HepG2,chr22:45518661:C:T,0,3,-0.08003473281860352,modal,cuda,QKI:K562
GRWD1,HepG2,chr22:46337760:T:C,0,3,-2.055098295211792,modal,cuda,QKI:K562
GRWD1,HepG2,chr22:46337813:G:A,1,3,0.5596129894256592,modal,cuda,QKI:K562
GRWD1,HepG2,chr22:46337880:C:T,1,3,-0.3327815532684326,modal,cuda,QKI:K562
GRWD1,HepG2,chr22:46355497:C:T,0,3,0.7700799703598022,modal,cuda,QKI:K562
GRWD1,HepG2,chr22:46355505:G:A,1,3,-1.9019191265106201,modal,cuda,QKI:K562
GRWD1,HepG2,chr22:46355506:G:A,1,3,-1.3447142839431763,modal,cuda,QKI:K562
GRWD1,HepG2,chr22:46355513:G:T,1,3,-1.9286975860595703,modal,cuda,QKI:K562
GRWD1,HepG2,chr22:46355516:G:T,1,3,-2.7047650814056396,modal,cuda,QKI:K562
GRWD1,HepG2,chr22:46793719:C:T,0,3,-0.17401933670043945,modal,cuda,QKI:K562
GRWD1,HepG2,chr22:49794205:C:T,0,3,0.25708723068237305,modal,cuda,QKI:K562
GRWD1,HepG2,chr22:49823110:T:C,0,3,-2.6345174312591553,modal,cuda,QKI:K562
GRWD1,HepG2,chr22:50572947:G:C,0,3,0.13429498672485352,modal,cuda,QKI:K562
GRWD1,HepG2,chr22:50574574:G:A,0,3,0.08475971221923828,modal,cuda,QKI:K562
GRWD1,HepG2,chr22:50580198:A:T,1,3,-0.3341507911682129,modal,cuda,QKI:K562
GRWD1,HepG2,chr22:50580372:T:C,1,3,-0.6554274559020996,modal,cuda,QKI:K562
GRWD1,HepG2,chr22:50582800:C:A,0,3,-0.23003911972045898,modal,cuda,QKI:K562
GRWD1,HepG2,chr22:50582808:C:T,0,3,-0.33711326122283936,modal,cuda,QKI:K562
GRWD1,HepG2,chr22:50582829:C:A,0,3,-0.3279426097869873,modal,cuda,QKI:K562
GRWD1,HepG2,chr2:101002821:C:G,0,4,-0.22565817832946777,modal,cuda,QKI:K562
GRWD1,HepG2,chr2:101002859:T:C,0,4,0.5898064374923706,modal,cuda,QKI:K562
GRWD1,HepG2,chr2:101004304:C:G,0,4,-0.7444393634796143,modal,cuda,QKI:K562
GRWD1,HepG2,chr2:101698156:G:A,0,4,0.20850849151611328,modal,cuda,QKI:K562
GRWD1,HepG2,chr2:101831730:G:A,1,4,0.34291672706604004,modal,cuda,QKI:K562
GRWD1,HepG2,chr2:101831841:A:G,1,4,-0.2580375671386719,modal,cuda,QKI:K562
GRWD1,HepG2,chr2:101834405:G:A,0,4,0.6175327301025391,modal,cuda,QKI:K562
GRWD1,HepG2,chr2:101844282:C:T,1,4,-1.6996755599975586,modal,cuda,QKI:K562
GRWD1,HepG2,chr2:101855997:A:G,0,4,0.6097584366798401,modal,cuda,QKI:K562
GRWD1,HepG2,chr2:101859759:G:A,0,4,0.49492329359054565,modal,cuda,QKI:K562
GRWD1,HepG2,chr2:101876990:G:A,0,4,0.1343674659729004,modal,cuda,QKI:K562
GRWD1,HepG2,chr2:108483075:C:G,0,4,-0.8198020458221436,modal,cuda,QKI:K562
GRWD1,HepG2,chr2:108719689:C:G,0,4,-0.3602745532989502,modal,cuda,QKI:K562
GRWD1,HepG2,chr2:110666253:C:T,0,4,0.7662217617034912,modal,cuda,QKI:K562
GRWD1,HepG2,chr2:112008483:C:G,0,4,-0.17175507545471191,modal,cuda,QKI:K562
GRWD1,HepG2,chr2:11201419:T:C,0,4,-0.3410158157348633,modal,cuda,QKI:K562
GRWD1,HepG2,chr2:112542706:C:G,0,4,-0.8076779246330261,modal,cuda,QKI:K562
GRWD1,HepG2,chr2:112740989:A:G,0,4,-0.6405606269836426,modal,cuda,QKI:K562
GRWD1,HepG2,chr2:11773666:G:T,1,4,1.9137241840362549,modal,cuda,QKI:K562
GRWD1,HepG2,chr2:11773680:G:A,0,4,-0.820905864238739,modal,cuda,QKI:K562
GRWD1,HepG2,chr2:11773719:G:C,0,4,-0.715813398361206,modal,cuda,QKI:K562
GRWD1,HepG2,chr2:11784989:G:T,1,4,-0.5231524109840393,modal,cuda,QKI:K562
GRWD1,HepG2,chr2:11785064:G:T,1,4,-0.15380269289016724,modal,cuda,QKI:K562
GRWD1,HepG2,chr2:127289525:C:G,0,4,0.4926236867904663,modal,cuda,QKI:K562
GRWD1,HepG2,chr2:127289834:G:C,0,4,0.21088647842407227,modal,cuda,QKI:K562
GRWD1,HepG2,chr2:127293601:G:C,1,4,-0.9745561480522156,modal,cuda,QKI:K562
GRWD1,HepG2,chr2:127293614:G:A,1,4,0.23674559593200684,modal,cuda,QKI:K562
GRWD1,HepG2,chr2:127293711:C:G,0,4,0.6433420181274414,modal,cuda,QKI:K562
GRWD1,HepG2,chr2:128155519:T:C,1,4,-0.12441325187683105,modal,cuda,QKI:K562
GRWD1,HepG2,chr2:128170312:A:T,0,4,1.0015034675598145,modal,cuda,QKI:K562
GRWD1,HepG2,chr2:128173894:T:C,0,4,-0.1339883804321289,modal,cuda,QKI:K562
GRWD1,HepG2,chr2:128173902:A:G,0,4,0.5403962135314941,modal,cuda,QKI:K562
GRWD1,HepG2,chr2:128177917:A:G,0,4,-0.6087987422943115,modal,cuda,QKI:K562
GRWD1,HepG2,chr2:128178569:G:A,1,4,1.6065752506256104,modal,cuda,QKI:K562
GRWD1,HepG2,chr2:128187475:G:A,0,4,1.400073766708374,modal,cuda,QKI:K562
GRWD1,HepG2,chr2:128187547:C:T,0,4,0.2981274127960205,modal,cuda,QKI:K562
GRWD1,HepG2,chr2:147972798:G:C,0,4,-0.3064466714859009,modal,cuda,QKI:K562
GRWD1,HepG2,chr2:152718791:G:T,0,4,0.48861217498779297,modal,cuda,QKI:K562
GRWD1,HepG2,chr2:15539332:C:T,1,4,-0.4138348698616028,modal,cuda,QKI:K562
GRWD1,HepG2,chr2:15556799:G:A,1,4,-1.1927473545074463,modal,cuda,QKI:K562
GRWD1,HepG2,chr2:158621122:G:T,0,4,0.6570059061050415,modal,cuda,QKI:K562
GRWD1,HepG2,chr2:165994294:A:T,1,4,1.3583741188049316,modal,cuda,QKI:K562
GRWD1,HepG2,chr2:165994305:G:A,1,4,1.2061898708343506,modal,cuda,QKI:K562
GRWD1,HepG2,chr2:165994317:C:A,1,4,0.7558848857879639,modal,cuda,QKI:K562
GRWD1,HepG2,chr2:165994322:A:C,1,4,1.5603489875793457,modal,cuda,QKI:K562
GRWD1,HepG2,chr2:165994342:A:T,1,4,-2.602940559387207,modal,cuda,QKI:K562
GRWD1,HepG2,chr2:165994365:T:C,1,4,-0.6946702003479004,modal,cuda,QKI:K562
GRWD1,HepG2,chr2:165994367:T:C,1,4,0.3635549545288086,modal,cuda,QKI:K562
GRWD1,HepG2,chr2:165994404:C:A,1,4,1.5340454578399658,modal,cuda,QKI:K562
GRWD1,HepG2,chr2:166009735:C:A,1,4,2.5893125534057617,modal,cuda,QKI:K562
GRWD1,HepG2,chr2:166009735:C:G,1,4,2.3951618671417236,modal,cuda,QKI:K562
GRWD1,HepG2,chr2:166009736:G:A,1,4,1.3874951601028442,modal,cuda,QKI:K562
GRWD1,HepG2,chr2:166009748:T:A,1,4,4.990452289581299,modal,cuda,QKI:K562
GRWD1,HepG2,chr2:166009750:A:G,1,4,3.532052516937256,modal,cuda,QKI:K562
GRWD1,HepG2,chr2:166009754:G:T,1,4,-1.7237930297851562,modal,cuda,QKI:K562
GRWD1,HepG2,chr2:166009756:C:G,1,4,1.727600336074829,modal,cuda,QKI:K562
GRWD1,HepG2,chr2:166009771:G:C,1,4,-1.2839465141296387,modal,cuda,QKI:K562
GRWD1,HepG2,chr2:166009784:T:A,1,4,-4.283586502075195,modal,cuda,QKI:K562
GRWD1,HepG2,chr2:166009792:C:T,1,4,0.9649325609207153,modal,cuda,QKI:K562
GRWD1,HepG2,chr2:166009795:A:T,1,4,1.1701257228851318,modal,cuda,QKI:K562
GRWD1,HepG2,chr2:166009801:G:C,1,4,-2.2514214515686035,modal,cuda,QKI:K562
GRWD1,HepG2,chr2:166009822:G:C,1,4,1.3147845268249512,modal,cuda,QKI:K562
GRWD1,HepG2,chr2:166009837:G:C,1,4,-0.6702651977539062,modal,cuda,QKI:K562
GRWD1,HepG2,chr2:166037915:T:C,1,4,-0.2795689105987549,modal,cuda,QKI:K562
GRWD1,HepG2,chr2:166037915:T:G,1,4,0.38148725032806396,modal,cuda,QKI:K562
GRWD1,HepG2,chr2:166037916:C:A,1,4,0.4656718969345093,modal,cuda,QKI:K562
GRWD1,HepG2,chr2:166037920:C:T,1,4,0.5090733766555786,modal,cuda,QKI:K562
GRWD1,HepG2,chr2:166037922:T:C,1,4,-0.44717085361480713,modal,cuda,QKI:K562
GRWD1,HepG2,chr2:166037926:C:T,1,4,-2.0639724731445312,modal,cuda,QKI:K562
GRWD1,HepG2,chr2:166037930:C:T,1,4,0.24904334545135498,modal,cuda,QKI:K562
GRWD1,HepG2,chr2:166037974:G:T,1,4,-0.8870214223861694,modal,cuda,QKI:K562
GRWD1,HepG2,chr2:166037993:T:A,1,4,0.126015305519104,modal,cuda,QKI:K562
GRWD1,HepG2,chr2:166037994:G:T,1,4,-0.26469242572784424,modal,cuda,QKI:K562
GRWD1,HepG2,chr2:166038009:C:T,1,4,-0.147271990776062,modal,cuda,QKI:K562
GRWD1,HepG2,chr2:166038031:C:A,1,4,0.3581334352493286,modal,cuda,QKI:K562
GRWD1,HepG2,chr2:166038032:A:G,1,4,-1.622681975364685,modal,cuda,QKI:K562
GRWD1,HepG2,chr2:166038038:A:G,1,4,-0.6750059127807617,modal,cuda,QKI:K562
GRWD1,HepG2,chr2:166038044:A:T,1,4,-0.8608545064926147,modal,cuda,QKI:K562
GRWD1,HepG2,chr2:166042275:T:C,0,4,-0.8780686855316162,modal,cuda,QKI:K562
GRWD1,HepG2,chr2:166042289:A:T,1,4,2.562983512878418,modal,cuda,QKI:K562
GRWD1,HepG2,chr2:166042292:C:A,1,4,1.785818338394165,modal,cuda,QKI:K562
GRWD1,HepG2,chr2:166042295:C:A,1,4,1.9113013744354248,modal,cuda,QKI:K562
GRWD1,HepG2,chr2:166042334:G:A,1,4,1.3458452224731445,modal,cuda,QKI:K562
GRWD1,HepG2,chr2:166042337:G:A,1,4,-3.0927486419677734,modal,cuda,QKI:K562
GRWD1,HepG2,chr2:166043742:G:A,1,4,0.41953539848327637,modal,cuda,QKI:K562
GRWD1,HepG2,chr2:166043754:A:T,1,4,0.8102552890777588,modal,cuda,QKI:K562
GRWD1,HepG2,chr2:166043829:G:T,1,4,-1.04656982421875,modal,cuda,QKI:K562
GRWD1,HepG2,chr2:166043836:T:C,1,4,-0.7221330404281616,modal,cuda,QKI:K562
GRWD1,HepG2,chr2:166043864:C:G,1,4,1.022613286972046,modal,cuda,QKI:K562
GRWD1,HepG2,chr2:166043869:C:A,1,4,0.7616509795188904,modal,cuda,QKI:K562
GRWD1,HepG2,chr2:166043875:G:A,1,4,-1.3551229238510132,modal,cuda,QKI:K562
GRWD1,HepG2,chr2:166043878:G:A,1,4,-1.3098829984664917,modal,cuda,QKI:K562
GRWD1,HepG2,chr2:166043908:C:A,1,4,0.35929325222969055,modal,cuda,QKI:K562
GRWD1,HepG2,chr2:166043917:C:A,1,4,-1.1377627849578857,modal,cuda,QKI:K562
GRWD1,HepG2,chr2:166043974:G:A,1,4,2.668189525604248,modal,cuda,QKI:K562
GRWD1,HepG2,chr2:166054633:C:G,1,4,1.6340508460998535,modal,cuda,QKI:K562
GRWD1,HepG2,chr2:166054635:T:G,1,4,1.0900602340698242,modal,cuda,QKI:K562
GRWD1,HepG2,chr2:166054638:G:T,1,4,0.4748530387878418,modal,cuda,QKI:K562
GRWD1,HepG2,chr2:166054660:C:A,1,4,0.8562648296356201,modal,cuda,QKI:K562
GRWD1,HepG2,chr2:166054665:C:T,1,4,0.9124875068664551,modal,cuda,QKI:K562
GRWD1,HepG2,chr2:166054667:G:C,1,4,0.34803342819213867,modal,cuda,QKI:K562
GRWD1,HepG2,chr2:166054670:C:T,1,4,1.275540828704834,modal,cuda,QKI:K562
GRWD1,HepG2,chr2:166054672:A:G,1,4,-0.5780267715454102,modal,cuda,QKI:K562
GRWD1,HepG2,chr2:166054680:C:G,1,4,0.43462586402893066,modal,cuda,QKI:K562
GRWD1,HepG2,chr2:166054699:C:A,1,4,0.6392035484313965,modal,cuda,QKI:K562
GRWD1,HepG2,chr2:166054701:A:T,1,4,0.21532630920410156,modal,cuda,QKI:K562
GRWD1,HepG2,chr2:166054710:C:A,1,4,0.5714430809020996,modal,cuda,QKI:K562
GRWD1,HepG2,chr2:166054710:C:G,1,4,0.38344335556030273,modal,cuda,QKI:K562
GRWD1,HepG2,chr2:166054710:C:T,1,4,0.20172929763793945,modal,cuda,QKI:K562
GRWD1,HepG2,chr2:166054716:G:A,1,4,0.38517308235168457,modal,cuda,QKI:K562
GRWD1,HepG2,chr2:169824480:C:T,0,4,-0.06687164306640625,modal,cuda,QKI:K562
GRWD1,HepG2,chr2:172427775:C:G,0,4,0.11197501420974731,modal,cuda,QKI:K562
GRWD1,HepG2,chr2:173364779:T:C,0,4,-0.6159330606460571,modal,cuda,QKI:K562
GRWD1,HepG2,chr2:173365003:A:G,0,4,-0.5188770294189453,modal,cuda,QKI:K562
GRWD1,HepG2,chr2:173365447:T:C,0,4,-0.9035513997077942,modal,cuda,QKI:K562
GRWD1,HepG2,chr2:175093202:G:A,0,4,3.022552013397217,modal,cuda,QKI:K562
GRWD1,HepG2,chr2:175964389:G:C,0,4,-0.44644856452941895,modal,cuda,QKI:K562
GRWD1,HepG2,chr2:175964419:C:T,0,4,0.5440993309020996,modal,cuda,QKI:K562
GRWD1,HepG2,chr2:177232570:G:A,0,4,0.48070216178894043,modal,cuda,QKI:K562
GRWD1,HepG2,chr2:177232576:G:A,0,4,-1.2833995819091797,modal,cuda,QKI:K562
GRWD1,HepG2,chr2:177392624:G:C,0,4,-0.5329103469848633,modal,cuda,QKI:K562
GRWD1,HepG2,chr2:177392663:G:A,0,4,-0.34732329845428467,modal,cuda,QKI:K562
GRWD1,HepG2,chr2:187484116:A:G,0,4,1.1596797704696655,modal,cuda,QKI:K562
GRWD1,HepG2,chr2:190294639:A:C,1,4,-0.648802638053894,modal,cuda,QKI:K562
GRWD1,HepG2,chr2:190296956:G:C,1,4,-1.0732300281524658,modal,cuda,QKI:K562
GRWD1,HepG2,chr2:196916468:G:A,1,4,1.030348539352417,modal,cuda,QKI:K562
GRWD1,HepG2,chr2:197416735:A:T,0,4,-0.41600465774536133,modal,cuda,QKI:K562
GRWD1,HepG2,chr2:201160763:G:A,0,4,0.19761908054351807,modal,cuda,QKI:K562
GRWD1,HepG2,chr2:201209215:G:T,0,4,-0.19696831703186035,modal,cuda,QKI:K562
GRWD1,HepG2,chr2:201276955:A:G,0,4,-1.4518539905548096,modal,cuda,QKI:K562
GRWD1,HepG2,chr2:201284973:G:A,0,4,0.1463632583618164,modal,cuda,QKI:K562
GRWD1,HepG2,chr2:201633304:T:C,0,4,-0.6322040557861328,modal,cuda,QKI:K562
GRWD1,HepG2,chr2:201761837:A:T,0,4,-0.2664604187011719,modal,cuda,QKI:K562
GRWD1,HepG2,chr2:206771881:G:A,0,4,-0.15563011169433594,modal,cuda,QKI:K562
GRWD1,HepG2,chr2:207575339:A:G,0,4,0.6438789367675781,modal,cuda,QKI:K562
GRWD1,HepG2,chr2:208300927:G:T,0,4,0.6581604480743408,modal,cuda,QKI:K562
GRWD1,HepG2,chr2:21033279:G:C,0,4,-2.5722031593322754,modal,cuda,QKI:K562
GRWD1,HepG2,chr2:214809500:G:A,0,4,-0.3984774947166443,modal,cuda,QKI:K562
GRWD1,HepG2,chr2:214809548:T:G,0,4,1.2658541202545166,modal,cuda,QKI:K562
GRWD1,HepG2,chr2:214809549:C:G,0,4,1.0002710819244385,modal,cuda,QKI:K562
GRWD1,HepG2,chr2:214809599:C:G,0,4,0.6567071080207825,modal,cuda,QKI:K562
GRWD1,HepG2,chr2:214809617:A:G,0,4,1.1581953763961792,modal,cuda,QKI:K562
GRWD1,HepG2,chr2:218662282:C:T,0,4,-0.924387514591217,modal,cuda,QKI:K562
GRWD1,HepG2,chr2:219214374:C:T,0,4,0.6986597776412964,modal,cuda,QKI:K562
GRWD1,HepG2,chr2:219232535:G:C,0,4,0.33702725172042847,modal,cuda,QKI:K562
GRWD1,HepG2,chr2:219232564:G:A,0,4,0.18628525733947754,modal,cuda,QKI:K562
GRWD1,HepG2,chr2:219234127:T:C,0,4,-0.9464876651763916,modal,cuda,QKI:K562
GRWD1,HepG2,chr2:219504278:G:A,0,4,-0.5707565546035767,modal,cuda,QKI:K562
GRWD1,HepG2,chr2:219506440:C:T,0,4,0.33313488960266113,modal,cuda,QKI:K562
GRWD1,HepG2,chr2:219563635:G:A,0,4,-0.30416297912597656,modal,cuda,QKI:K562
GRWD1,HepG2,chr2:222634537:T:C,1,4,0.33005964756011963,modal,cuda,QKI:K562
GRWD1,HepG2,chr2:222639607:T:C,0,4,-0.5534920692443848,modal,cuda,QKI:K562
GRWD1,HepG2,chr2:224502952:C:T,0,4,-0.6861231327056885,modal,cuda,QKI:K562
GRWD1,HepG2,chr2:224502958:A:C,0,4,0.3504021167755127,modal,cuda,QKI:K562
GRWD1,HepG2,chr2:227332522:G:A,0,4,0.2169637680053711,modal,cuda,QKI:K562
GRWD1,HepG2,chr2:227340266:C:T,0,4,-0.39806509017944336,modal,cuda,QKI:K562
GRWD1,HepG2,chr2:227340295:C:T,1,4,-1.055176854133606,modal,cuda,QKI:K562
GRWD1,HepG2,chr2:229858787:G:A,1,4,1.5603998899459839,modal,cuda,QKI:K562
GRWD1,HepG2,chr2:231455391:C:T,0,4,0.9154684543609619,modal,cuda,QKI:K562
GRWD1,HepG2,chr2:232014961:C:T,0,4,0.615159273147583,modal,cuda,QKI:K562
GRWD1,HepG2,chr2:232087576:A:G,0,4,0.13571596145629883,modal,cuda,QKI:K562
GRWD1,HepG2,chr2:232087625:C:T,1,4,1.4760911464691162,modal,cuda,QKI:K562
GRWD1,HepG2,chr2:232136589:C:T,1,4,1.8075034618377686,modal,cuda,QKI:K562
GRWD1,HepG2,chr2:232136640:G:A,0,4,0.36434149742126465,modal,cuda,QKI:K562
GRWD1,HepG2,chr2:232163439:C:T,0,4,-0.6097908020019531,modal,cuda,QKI:K562
GRWD1,HepG2,chr2:232163460:C:T,1,4,-1.1574246883392334,modal,cuda,QKI:K562
GRWD1,HepG2,chr2:232163481:C:T,1,4,-1.0271717309951782,modal,cuda,QKI:K562
GRWD1,HepG2,chr2:232791432:C:T,0,4,0.6624090671539307,modal,cuda,QKI:K562
GRWD1,HepG2,chr2:232794843:C:A,0,4,-1.918700933456421,modal,cuda,QKI:K562
GRWD1,HepG2,chr2:232844096:A:G,0,4,0.1265621781349182,modal,cuda,QKI:K562
GRWD1,HepG2,chr2:232847339:G:A,0,4,0.5810980796813965,modal,cuda,QKI:K562
GRWD1,HepG2,chr2:233556972:G:A,0,4,0.5480303764343262,modal,cuda,QKI:K562
GRWD1,HepG2,chr2:235968636:C:T,0,4,2.7226369380950928,modal,cuda,QKI:K562
GRWD1,HepG2,chr2:236049289:C:T,0,4,-0.42604100704193115,modal,cuda,QKI:K562
GRWD1,HepG2,chr2:240007349:T:C,0,4,-0.17422175407409668,modal,cuda,QKI:K562
GRWD1,HepG2,chr2:240014693:A:G,0,4,0.823166012763977,modal,cuda,QKI:K562
GRWD1,HepG2,chr2:240021232:T:C,1,4,-0.4389899969100952,modal,cuda,QKI:K562
GRWD1,HepG2,chr2:241253501:C:T,0,4,-0.5749857425689697,modal,cuda,QKI:K562
GRWD1,HepG2,chr2:241337694:G:A,0,4,1.5634229183197021,modal,cuda,QKI:K562
GRWD1,HepG2,chr2:241441561:C:T,0,4,-0.3761107921600342,modal,cuda,QKI:K562
GRWD1,HepG2,chr2:241651116:C:T,0,4,-0.13089632987976074,modal,cuda,QKI:K562
GRWD1,HepG2,chr2:241767718:A:G,1,4,0.4643986225128174,modal,cuda,QKI:K562
GRWD1,HepG2,chr2:241767734:T:C,1,4,0.37065789103507996,modal,cuda,QKI:K562
GRWD1,HepG2,chr2:241767780:C:A,0,4,-0.07961905002593994,modal,cuda,QKI:K562
GRWD1,HepG2,chr2:25235768:G:A,1,4,0.932100772857666,modal,cuda,QKI:K562
GRWD1,HepG2,chr2:25244249:C:A,1,4,0.41981446743011475,modal,cuda,QKI:K562
GRWD1,HepG2,chr2:25244258:C:T,1,4,-0.6890242099761963,modal,cuda,QKI:K562
GRWD1,HepG2,chr2:25244322:A:C,1,4,-1.5116890668869019,modal,cuda,QKI:K562
GRWD1,HepG2,chr2:25246077:G:A,0,4,0.7011475563049316,modal,cuda,QKI:K562
GRWD1,HepG2,chr2:25246184:C:A,1,4,-0.5131080746650696,modal,cuda,QKI:K562
GRWD1,HepG2,chr2:25246226:T:A,1,4,-0.8784295916557312,modal,cuda,QKI:K562
GRWD1,HepG2,chr2:25246270:C:T,1,4,-0.4995803236961365,modal,cuda,QKI:K562
GRWD1,HepG2,chr2:25246316:G:A,0,4,0.20666450262069702,modal,cuda,QKI:K562
GRWD1,HepG2,chr2:25247078:G:T,1,4,-1.1882715225219727,modal,cuda,QKI:K562
GRWD1,HepG2,chr2:25247107:G:A,1,4,-1.2371680736541748,modal,cuda,QKI:K562
GRWD1,HepG2,chr2:25248150:G:A,1,4,-1.3663793802261353,modal,cuda,QKI:K562
GRWD1,HepG2,chr2:25756001:T:C,0,4,-0.4738907814025879,modal,cuda,QKI:K562
GRWD1,HepG2,chr2:27053542:G:A,1,4,-2.0684757232666016,modal,cuda,QKI:K562
GRWD1,HepG2,chr2:27367797:G:A,1,4,0.316617488861084,modal,cuda,QKI:K562
GRWD1,HepG2,chr2:27368454:G:A,1,4,0.5753998756408691,modal,cuda,QKI:K562
GRWD1,HepG2,chr2:27369556:C:T,0,4,0.8891282081604004,modal,cuda,QKI:K562
GRWD1,HepG2,chr2:27457760:A:T,1,4,0.7190176844596863,modal,cuda,QKI:K562
GRWD1,HepG2,chr2:27661323:C:T,1,4,0.8402125835418701,modal,cuda,QKI:K562
GRWD1,HepG2,chr2:3550384:T:C,0,4,-0.9181232452392578,modal,cuda,QKI:K562
GRWD1,HepG2,chr2:3550440:A:G,1,4,-1.0110211372375488,modal,cuda,QKI:K562
GRWD1,HepG2,chr2:38676074:C:T,0,4,0.6262741088867188,modal,cuda,QKI:K562
GRWD1,HepG2,chr2:43949590:T:C,0,4,1.0372761487960815,modal,cuda,QKI:K562
GRWD1,HepG2,chr2:46956927:G:A,0,4,0.12337255477905273,modal,cuda,QKI:K562
GRWD1,HepG2,chr2:46956989:G:T,1,4,-0.2619011402130127,modal,cuda,QKI:K562
GRWD1,HepG2,chr2:46957018:G:A,0,4,0.5192713737487793,modal,cuda,QKI:K562
GRWD1,HepG2,chr2:46975025:A:G,0,4,-0.3534684181213379,modal,cuda,QKI:K562
GRWD1,HepG2,chr2:46975095:T:C,0,4,0.8671058416366577,modal,cuda,QKI:K562
GRWD1,HepG2,chr2:46975123:G:A,0,4,1.0549049377441406,modal,cuda,QKI:K562
GRWD1,HepG2,chr2:47006072:A:G,0,4,0.16491985321044922,modal,cuda,QKI:K562
GRWD1,HepG2,chr2:47161705:T:C,0,4,-0.650780200958252,modal,cuda,QKI:K562
GRWD1,HepG2,chr2:47403248:C:A,0,4,-0.3678606152534485,modal,cuda,QKI:K562
GRWD1,HepG2,chr2:47403273:G:T,1,4,-1.3621673583984375,modal,cuda,QKI:K562
GRWD1,HepG2,chr2:47403278:G:A,0,4,-0.7166933417320251,modal,cuda,QKI:K562
GRWD1,HepG2,chr2:47403293:G:A,0,4,-0.39930349588394165,modal,cuda,QKI:K562
GRWD1,HepG2,chr2:47403299:T:A,0,4,0.07023501396179199,modal,cuda,QKI:K562
GRWD1,HepG2,chr2:47403311:C:G,0,4,-0.2913684844970703,modal,cuda,QKI:K562
GRWD1,HepG2,chr2:47403320:T:G,1,4,-0.4835306406021118,modal,cuda,QKI:K562
GRWD1,HepG2,chr2:47416319:C:A,0,4,0.2659950256347656,modal,cuda,QKI:K562
GRWD1,HepG2,chr2:47416322:T:G,0,4,-0.6116416454315186,modal,cuda,QKI:K562
GRWD1,HepG2,chr2:47416341:C:T,0,4,0.24112462997436523,modal,cuda,QKI:K562
GRWD1,HepG2,chr2:47416346:T:C,0,4,-0.6295654773712158,modal,cuda,QKI:K562
GRWD1,HepG2,chr2:47416352:T:A,1,4,1.1210205554962158,modal,cuda,QKI:K562
GRWD1,HepG2,chr2:47416361:T:C,0,4,-0.7354394197463989,modal,cuda,QKI:K562
GRWD1,HepG2,chr2:47429883:A:G,0,4,-0.04166984558105469,modal,cuda,QKI:K562
GRWD1,HepG2,chr2:47783347:C:A,0,4,-0.14312505722045898,modal,cuda,QKI:K562
GRWD1,HepG2,chr2:47783349:G:A,0,4,-0.37005364894866943,modal,cuda,QKI:K562
GRWD1,HepG2,chr2:47783350:G:T,0,4,-0.19733983278274536,modal,cuda,QKI:K562
GRWD1,HepG2,chr2:47783356:T:A,0,4,-0.9684275984764099,modal,cuda,QKI:K562
GRWD1,HepG2,chr2:47783371:G:A,0,4,0.33029115200042725,modal,cuda,QKI:K562
GRWD1,HepG2,chr2:47783382:G:A,1,4,-0.18382632732391357,modal,cuda,QKI:K562
GRWD1,HepG2,chr2:47783383:G:A,1,4,0.20726066827774048,modal,cuda,QKI:K562
GRWD1,HepG2,chr2:47783395:G:T,0,4,0.6174551248550415,modal,cuda,QKI:K562
GRWD1,HepG2,chr2:47783401:G:C,0,4,0.48681145906448364,modal,cuda,QKI:K562
GRWD1,HepG2,chr2:47783412:T:A,1,4,-0.3563486337661743,modal,cuda,QKI:K562
GRWD1,HepG2,chr2:47783419:C:A,0,4,-0.8969636559486389,modal,cuda,QKI:K562
GRWD1,HepG2,chr2:47783427:C:A,1,4,-2.2665374279022217,modal,cuda,QKI:K562
GRWD1,HepG2,chr2:47783427:C:G,1,4,-0.9307729601860046,modal,cuda,QKI:K562
GRWD1,HepG2,chr2:47783435:A:T,1,4,-1.0408923625946045,modal,cuda,QKI:K562
GRWD1,HepG2,chr2:47783453:G:T,1,4,-0.5373075604438782,modal,cuda,QKI:K562
GRWD1,HepG2,chr2:47783455:A:C,0,4,0.3418492078781128,modal,cuda,QKI:K562
GRWD1,HepG2,chr2:47783455:A:G,0,4,-0.895238995552063,modal,cuda,QKI:K562
GRWD1,HepG2,chr2:47796001:A:T,1,4,2.0171449184417725,modal,cuda,QKI:K562
GRWD1,HepG2,chr2:47796010:G:T,1,4,1.015047311782837,modal,cuda,QKI:K562
GRWD1,HepG2,chr2:47796014:T:A,1,4,1.362360954284668,modal,cuda,QKI:K562
GRWD1,HepG2,chr2:47796024:T:A,1,4,-1.1516650915145874,modal,cuda,QKI:K562
GRWD1,HepG2,chr2:47796035:C:A,1,4,1.7126721143722534,modal,cuda,QKI:K562
GRWD1,HepG2,chr2:47796035:C:G,1,4,1.7054226398468018,modal,cuda,QKI:K562
GRWD1,HepG2,chr2:47796037:G:T,1,4,1.966184139251709,modal,cuda,QKI:K562
GRWD1,HepG2,chr2:47796052:G:T,1,4,1.8654483556747437,modal,cuda,QKI:K562
GRWD1,HepG2,chr2:47800309:C:T,1,4,-3.2633190155029297,modal,cuda,QKI:K562
GRWD1,HepG2,chr2:47800365:C:G,0,4,-1.4478214979171753,modal,cuda,QKI:K562
GRWD1,HepG2,chr2:47800411:G:T,1,4,2.4518730640411377,modal,cuda,QKI:K562
GRWD1,HepG2,chr2:47800423:A:T,1,4,2.3069941997528076,modal,cuda,QKI:K562
GRWD1,HepG2,chr2:47800431:A:T,0,4,0.15894651412963867,modal,cuda,QKI:K562
GRWD1,HepG2,chr2:47800434:T:C,0,4,0.14375948905944824,modal,cuda,QKI:K562
GRWD1,HepG2,chr2:47800438:G:T,1,4,1.8503329753875732,modal,cuda,QKI:K562
GRWD1,HepG2,chr2:47818950:T:C,0,4,0.2652010917663574,modal,cuda,QKI:K562
GRWD1,HepG2,chr2:47839416:T:C,1,4,-2.6195125579833984,modal,cuda,QKI:K562
GRWD1,HepG2,chr2:48454661:C:T,1,4,0.7442654371261597,modal,cuda,QKI:K562
GRWD1,HepG2,chr2:48454692:T:G,1,4,1.6069271564483643,modal,cuda,QKI:K562
GRWD1,HepG2,chr2:48454711:T:C,0,4,-0.8735116124153137,modal,cuda,QKI:K562
GRWD1,HepG2,chr2:48454729:C:G,0,4,0.5159256458282471,modal,cuda,QKI:K562
GRWD1,HepG2,chr2:54628093:A:G,0,4,-0.5308921337127686,modal,cuda,QKI:K562
GRWD1,HepG2,chr2:62747391:G:C,0,4,0.4305776357650757,modal,cuda,QKI:K562
GRWD1,HepG2,chr2:69345897:T:C,0,4,-0.5347275733947754,modal,cuda,QKI:K562
GRWD1,HepG2,chr2:70236109:T:C,0,4,0.3696279525756836,modal,cuda,QKI:K562
GRWD1,HepG2,chr2:70236127:T:C,0,4,-0.4280126094818115,modal,cuda,QKI:K562
GRWD1,HepG2,chr2:70236172:G:A,0,4,-0.056884765625,modal,cuda,QKI:K562
GRWD1,HepG2,chr2:70236189:A:C,0,4,0.3140113353729248,modal,cuda,QKI:K562
GRWD1,HepG2,chr2:70248567:G:A,0,4,-0.2533003091812134,modal,cuda,QKI:K562
GRWD1,HepG2,chr2:70301905:T:G,0,4,0.5838136672973633,modal,cuda,QKI:K562
GRWD1,HepG2,chr2:72718220:C:T,0,4,0.1960914134979248,modal,cuda,QKI:K562
GRWD1,HepG2,chr2:72718301:A:G,0,4,-0.1994020938873291,modal,cuda,QKI:K562
GRWD1,HepG2,chr2:72718326:A:T,0,4,1.5916478633880615,modal,cuda,QKI:K562
GRWD1,HepG2,chr2:72731172:A:C,1,4,0.23940420150756836,modal,cuda,QKI:K562
GRWD1,HepG2,chr2:72731204:T:C,0,4,-0.4525880813598633,modal,cuda,QKI:K562
GRWD1,HepG2,chr2:73847660:C:T,1,4,2.1294374465942383,modal,cuda,QKI:K562
GRWD1,HepG2,chr2:73850446:C:T,1,4,0.2032485008239746,modal,cuda,QKI:K562
GRWD1,HepG2,chr2:74135676:A:C,0,4,0.521369218826294,modal,cuda,QKI:K562
GRWD1,HepG2,chr2:74366379:C:T,0,4,0.9985541105270386,modal,cuda,QKI:K562
GRWD1,HepG2,chr2:74369194:T:C,0,4,1.1060738563537598,modal,cuda,QKI:K562
GRWD1,HepG2,chr2:74369230:G:A,0,4,-0.18888378143310547,modal,cuda,QKI:K562
GRWD1,HepG2,chr2:74369513:T:G,0,4,0.40622568130493164,modal,cuda,QKI:K562
GRWD1,HepG2,chr2:74370670:G:A,0,4,0.1540888547897339,modal,cuda,QKI:K562
GRWD1,HepG2,chr2:74529115:G:A,0,4,0.27682822942733765,modal,cuda,QKI:K562
GRWD1,HepG2,chr2:86105686:G:A,0,4,-0.2966461181640625,modal,cuda,QKI:K562
GRWD1,HepG2,chr2:8731212:C:A,0,4,-0.34534788131713867,modal,cuda,QKI:K562
GRWD1,HepG2,chr2:8813350:T:C,0,4,-0.6838778257369995,modal,cuda,QKI:K562
GRWD1,HepG2,chr2:8817705:T:C,0,4,-1.2533985376358032,modal,cuda,QKI:K562
GRWD1,HepG2,chr2:96286294:G:C,0,4,0.38896799087524414,modal,cuda,QKI:K562
GRWD1,HepG2,chr2:96303341:T:A,0,4,1.3015422821044922,modal,cuda,QKI:K562
GRWD1,HepG2,chr2:99402793:A:T,0,4,0.4116625189781189,modal,cuda,QKI:K562
GRWD1,HepG2,chr3:100713880:T:C,0,3,1.2515403032302856,modal,cuda,QKI:K562
GRWD1,HepG2,chr3:100728874:A:G,0,3,-0.5194216966629028,modal,cuda,QKI:K562
GRWD1,HepG2,chr3:10141822:C:G,0,3,0.1417931318283081,modal,cuda,QKI:K562
GRWD1,HepG2,chr3:10141943:G:A,0,3,0.21010291576385498,modal,cuda,QKI:K562
GRWD1,HepG2,chr3:10141952:C:T,0,3,0.12576985359191895,modal,cuda,QKI:K562
GRWD1,HepG2,chr3:10141967:G:C,0,3,-0.2531318664550781,modal,cuda,QKI:K562
GRWD1,HepG2,chr3:10142004:G:A,0,3,-0.14551019668579102,modal,cuda,QKI:K562
GRWD1,HepG2,chr3:10142006:G:T,0,3,-0.10834920406341553,modal,cuda,QKI:K562
GRWD1,HepG2,chr3:10142033:G:A,0,3,0.17639309167861938,modal,cuda,QKI:K562
GRWD1,HepG2,chr3:10142049:T:C,1,3,0.39306503534317017,modal,cuda,QKI:K562
GRWD1,HepG2,chr3:10149840:G:T,1,3,0.5433626174926758,modal,cuda,QKI:K562
GRWD1,HepG2,chr3:10149848:C:A,1,3,-0.3875305652618408,modal,cuda,QKI:K562
GRWD1,HepG2,chr3:10149848:C:G,1,3,-0.6997270584106445,modal,cuda,QKI:K562
GRWD1,HepG2,chr3:10149849:A:T,1,3,0.1166219711303711,modal,cuda,QKI:K562
GRWD1,HepG2,chr3:10149852:A:T,1,3,-0.1731107234954834,modal,cuda,QKI:K562
GRWD1,HepG2,chr3:10149856:T:A,1,3,-0.09193086624145508,modal,cuda,QKI:K562
GRWD1,HepG2,chr3:10149856:T:G,1,3,-0.22681236267089844,modal,cuda,QKI:K562
GRWD1,HepG2,chr3:10149871:C:A,1,3,0.12677741050720215,modal,cuda,QKI:K562
GRWD1,HepG2,chr3:10149878:C:A,1,3,0.2946786880493164,modal,cuda,QKI:K562
GRWD1,HepG2,chr3:10149878:C:G,1,3,0.2587859630584717,modal,cuda,QKI:K562
GRWD1,HepG2,chr3:10149887:G:A,0,3,0.19295120239257812,modal,cuda,QKI:K562
GRWD1,HepG2,chr3:10149906:C:T,1,3,0.3637058734893799,modal,cuda,QKI:K562
GRWD1,HepG2,chr3:10149909:A:T,1,3,0.3998372554779053,modal,cuda,QKI:K562
GRWD1,HepG2,chr3:10149923:G:A,0,3,0.17226481437683105,modal,cuda,QKI:K562
GRWD1,HepG2,chr3:10149944:A:G,0,3,-0.7657921314239502,modal,cuda,QKI:K562
GRWD1,HepG2,chr3:10149966:A:C,0,3,-0.594836413860321,modal,cuda,QKI:K562
GRWD1,HepG2,chr3:10149967:G:T,0,3,0.3643784523010254,modal,cuda,QKI:K562
GRWD1,HepG2,chr3:10149968:A:G,0,3,-0.3044753074645996,modal,cuda,QKI:K562
GRWD1,HepG2,chr3:10149970:T:A,0,3,0.680330753326416,modal,cuda,QKI:K562
GRWD1,HepG2,chr3:10149972:C:T,0,3,-0.14417648315429688,modal,cuda,QKI:K562
GRWD1,HepG2,chr3:10149974:G:A,0,3,0.19756793975830078,modal,cuda,QKI:K562
GRWD1,HepG2,chr3:101574253:A:G,0,3,-0.29946649074554443,modal,cuda,QKI:K562
GRWD1,HepG2,chr3:113723951:T:C,0,3,-0.32875996828079224,modal,cuda,QKI:K562
GRWD1,HepG2,chr3:121781772:G:A,1,3,-1.5534520149230957,modal,cuda,QKI:K562
GRWD1,HepG2,chr3:121781790:G:A,1,3,-1.3478752374649048,modal,cuda,QKI:K562
GRWD1,HepG2,chr3:121781811:G:A,1,3,-1.694320797920227,modal,cuda,QKI:K562
GRWD1,HepG2,chr3:121781820:G:A,1,3,2.0406863689422607,modal,cuda,QKI:K562
GRWD1,HepG2,chr3:121781821:C:T,1,3,-0.19718718528747559,modal,cuda,QKI:K562
GRWD1,HepG2,chr3:121828519:G:A,1,3,0.49857497215270996,modal,cuda,QKI:K562
GRWD1,HepG2,chr3:124650803:T:C,0,3,0.12916231155395508,modal,cuda,QKI:K562
GRWD1,HepG2,chr3:12584624:G:C,1,3,-0.8875172138214111,modal,cuda,QKI:K562
GRWD1,HepG2,chr3:12584631:T:C,0,3,-0.5493122339248657,modal,cuda,QKI:K562
GRWD1,HepG2,chr3:12584653:A:G,1,3,-0.2656238079071045,modal,cuda,QKI:K562
GRWD1,HepG2,chr3:12591760:C:T,0,3,0.46690833568573,modal,cuda,QKI:K562
GRWD1,HepG2,chr3:128895342:A:C,0,3,-0.27878284454345703,modal,cuda,QKI:K562
GRWD1,HepG2,chr3:128908230:C:T,1,3,-0.5909333229064941,modal,cuda,QKI:K562
GRWD1,HepG2,chr3:128909044:G:A,0,3,0.26439380645751953,modal,cuda,QKI:K562
GRWD1,HepG2,chr3:128909090:C:T,0,3,-0.7485959529876709,modal,cuda,QKI:K562
GRWD1,HepG2,chr3:128909376:C:G,1,3,-0.5418518781661987,modal,cuda,QKI:K562
GRWD1,HepG2,chr3:129433084:G:A,0,3,0.40162205696105957,modal,cuda,QKI:K562
GRWD1,HepG2,chr3:129437769:G:A,1,3,-0.23127388954162598,modal,cuda,QKI:K562
GRWD1,HepG2,chr3:129437786:C:T,1,3,0.1627659797668457,modal,cuda,QKI:K562
GRWD1,HepG2,chr3:131382112:C:G,0,3,-0.2869536280632019,modal,cuda,QKI:K562
GRWD1,HepG2,chr3:132660538:A:G,1,3,-0.19910287857055664,modal,cuda,QKI:K562
GRWD1,HepG2,chr3:132699927:A:G,0,3,0.15412092208862305,modal,cuda,QKI:K562
GRWD1,HepG2,chr3:132719020:G:T,1,3,0.40204572677612305,modal,cuda,QKI:K562
GRWD1,HepG2,chr3:133746509:G:T,0,3,0.834854245185852,modal,cuda,QKI:K562
GRWD1,HepG2,chr3:134191843:A:C,0,3,-0.18712711334228516,modal,cuda,QKI:K562
GRWD1,HepG2,chr3:139368152:G:C,0,3,0.09900093078613281,modal,cuda,QKI:K562
GRWD1,HepG2,chr3:139368155:T:A,0,3,0.3168604373931885,modal,cuda,QKI:K562
GRWD1,HepG2,chr3:140959543:A:T,1,3,-0.18762898445129395,modal,cuda,QKI:K562
GRWD1,HepG2,chr3:14132954:G:T,0,3,0.12947416305541992,modal,cuda,QKI:K562
GRWD1,HepG2,chr3:14158179:A:T,1,3,-0.5532016754150391,modal,cuda,QKI:K562
GRWD1,HepG2,chr3:14158206:G:C,1,3,0.3615744113922119,modal,cuda,QKI:K562
GRWD1,HepG2,chr3:14158206:G:T,1,3,0.6665799617767334,modal,cuda,QKI:K562
GRWD1,HepG2,chr3:14158640:G:A,1,3,-0.7074168920516968,modal,cuda,QKI:K562
GRWD1,HepG2,chr3:14164836:G:A,1,3,0.6693383455276489,modal,cuda,QKI:K562
GRWD1,HepG2,chr3:14165443:G:C,1,3,0.2935471534729004,modal,cuda,QKI:K562
GRWD1,HepG2,chr3:14165468:G:A,1,3,0.30504345893859863,modal,cuda,QKI:K562
GRWD1,HepG2,chr3:14165549:G:A,1,3,-1.6902881860733032,modal,cuda,QKI:K562
GRWD1,HepG2,chr3:14165601:G:C,0,3,-0.07324767112731934,modal,cuda,QKI:K562
GRWD1,HepG2,chr3:14167147:C:T,0,3,0.09872269630432129,modal,cuda,QKI:K562
GRWD1,HepG2,chr3:168030041:G:A,0,3,0.6125089526176453,modal,cuda,QKI:K562
GRWD1,HepG2,chr3:182965756:A:G,0,3,-0.24641942977905273,modal,cuda,QKI:K562
GRWD1,HepG2,chr3:184164391:G:A,0,3,-0.26848626136779785,modal,cuda,QKI:K562
GRWD1,HepG2,chr3:184164937:G:A,0,3,0.22442030906677246,modal,cuda,QKI:K562
GRWD1,HepG2,chr3:184165219:G:A,0,3,-0.08072292804718018,modal,cuda,QKI:K562
GRWD1,HepG2,chr3:184166530:T:C,0,3,-0.11636972427368164,modal,cuda,QKI:K562
GRWD1,HepG2,chr3:184179133:C:T,0,3,1.1639020442962646,modal,cuda,QKI:K562
GRWD1,HepG2,chr3:184181693:C:T,0,3,0.38387131690979004,modal,cuda,QKI:K562
GRWD1,HepG2,chr3:184322818:C:T,0,3,0.12567877769470215,modal,cuda,QKI:K562
GRWD1,HepG2,chr3:184325848:C:T,0,3,-0.2715160846710205,modal,cuda,QKI:K562
GRWD1,HepG2,chr3:184326645:C:T,0,3,-0.6762762069702148,modal,cuda,QKI:K562
GRWD1,HepG2,chr3:184331611:G:A,0,3,0.34127700328826904,modal,cuda,QKI:K562
GRWD1,HepG2,chr3:185248471:T:C,0,3,-0.14430713653564453,modal,cuda,QKI:K562
GRWD1,HepG2,chr3:185926600:C:T,1,3,0.6041150093078613,modal,cuda,QKI:K562
GRWD1,HepG2,chr3:185937842:G:A,1,3,-0.45970726013183594,modal,cuda,QKI:K562
GRWD1,HepG2,chr3:185937859:A:C,1,3,-0.9162389039993286,modal,cuda,QKI:K562
GRWD1,HepG2,chr3:185937860:T:C,1,3,-0.84440678358078,modal,cuda,QKI:K562
GRWD1,HepG2,chr3:186570900:G:A,1,3,0.2853713631629944,modal,cuda,QKI:K562
GRWD1,HepG2,chr3:186786157:C:T,0,3,2.2992429733276367,modal,cuda,QKI:K562
GRWD1,HepG2,chr3:188760231:G:A,0,3,-0.03816866874694824,modal,cuda,QKI:K562
GRWD1,HepG2,chr3:188760267:C:T,0,3,0.3975036144256592,modal,cuda,QKI:K562
GRWD1,HepG2,chr3:188866398:G:A,0,3,0.11767244338989258,modal,cuda,QKI:K562
GRWD1,HepG2,chr3:191329743:A:G,0,3,-0.12058643996715546,modal,cuda,QKI:K562
GRWD1,HepG2,chr3:191357084:C:G,0,3,-0.0938723087310791,modal,cuda,QKI:K562
GRWD1,HepG2,chr3:191380942:G:A,0,3,0.37342989444732666,modal,cuda,QKI:K562
GRWD1,HepG2,chr3:196247530:C:G,0,3,0.45867109298706055,modal,cuda,QKI:K562
GRWD1,HepG2,chr3:196257893:G:A,0,3,-0.09314250946044922,modal,cuda,QKI:K562
GRWD1,HepG2,chr3:197065292:C:T,0,3,1.080202579498291,modal,cuda,QKI:K562
GRWD1,HepG2,chr3:197115960:A:G,0,3,-1.581291913986206,modal,cuda,QKI:K562
GRWD1,HepG2,chr3:197870173:C:T,0,3,-0.44114112854003906,modal,cuda,QKI:K562
GRWD1,HepG2,chr3:30672014:G:C,1,3,0.11634635925292969,modal,cuda,QKI:K562
GRWD1,HepG2,chr3:30672350:C:T,0,3,-0.23352885246276855,modal,cuda,QKI:K562
GRWD1,HepG2,chr3:30672453:T:C,0,3,-1.184553623199463,modal,cuda,QKI:K562
GRWD1,HepG2,chr3:3140600:C:T,1,3,0.2441868782043457,modal,cuda,QKI:K562
GRWD1,HepG2,chr3:3140611:G:T,0,3,0.12238216400146484,modal,cuda,QKI:K562
GRWD1,HepG2,chr3:3140628:C:T,1,3,-0.2346506118774414,modal,cuda,QKI:K562
GRWD1,HepG2,chr3:38365626:G:A,0,3,-0.14734172821044922,modal,cuda,QKI:K562
GRWD1,HepG2,chr3:42176807:C:G,0,3,-0.22788023948669434,modal,cuda,QKI:K562
GRWD1,HepG2,chr3:42184818:C:T,0,3,-0.13668489456176758,modal,cuda,QKI:K562
GRWD1,HepG2,chr3:42188029:T:C,0,3,-0.5198514461517334,modal,cuda,QKI:K562
GRWD1,HepG2,chr3:42188035:G:T,0,3,0.8312797546386719,modal,cuda,QKI:K562
GRWD1,HepG2,chr3:42209771:C:T,0,3,0.3699452877044678,modal,cuda,QKI:K562
GRWD1,HepG2,chr3:42209837:C:T,0,3,0.11992955207824707,modal,cuda,QKI:K562
GRWD1,HepG2,chr3:42222930:T:C,0,3,0.15113615989685059,modal,cuda,QKI:K562
GRWD1,HepG2,chr3:42633618:T:G,0,3,-0.35768425464630127,modal,cuda,QKI:K562
GRWD1,HepG2,chr3:4683371:C:T,0,3,-0.065704345703125,modal,cuda,QKI:K562
GRWD1,HepG2,chr3:47046517:A:G,0,3,0.16595673561096191,modal,cuda,QKI:K562
GRWD1,HepG2,chr3:47046522:T:C,0,3,-0.19862985610961914,modal,cuda,QKI:K562
GRWD1,HepG2,chr3:47046536:G:T,0,3,0.48520755767822266,modal,cuda,QKI:K562
GRWD1,HepG2,chr3:47083741:C:T,0,3,0.21626663208007812,modal,cuda,QKI:K562
GRWD1,HepG2,chr3:47083771:C:T,0,3,0.15356874465942383,modal,cuda,QKI:K562
GRWD1,HepG2,chr3:47084336:A:C,1,3,-0.25089073181152344,modal,cuda,QKI:K562
GRWD1,HepG2,chr3:47088119:G:A,0,3,-0.31014060974121094,modal,cuda,QKI:K562
GRWD1,HepG2,chr3:47088154:C:A,1,3,-0.46559810638427734,modal,cuda,QKI:K562
GRWD1,HepG2,chr3:47088171:C:T,1,3,0.11899328231811523,modal,cuda,QKI:K562
GRWD1,HepG2,chr3:47097970:A:C,0,3,-0.6114833354949951,modal,cuda,QKI:K562
GRWD1,HepG2,chr3:47916506:C:G,0,3,2.141538619995117,modal,cuda,QKI:K562
GRWD1,HepG2,chr3:47916547:G:T,0,3,1.059845209121704,modal,cuda,QKI:K562
GRWD1,HepG2,chr3:47916671:T:C,0,3,0.6741259694099426,modal,cuda,QKI:K562
GRWD1,HepG2,chr3:47928240:G:A,0,3,0.2658100128173828,modal,cuda,QKI:K562
GRWD1,HepG2,chr3:47928244:G:A,0,3,0.2202346920967102,modal,cuda,QKI:K562
GRWD1,HepG2,chr3:47977856:A:C,0,3,-0.6508416533470154,modal,cuda,QKI:K562
GRWD1,HepG2,chr3:49100273:G:A,1,3,-0.25097227096557617,modal,cuda,QKI:K562
GRWD1,HepG2,chr3:49419764:G:A,1,3,-0.5495935678482056,modal,cuda,QKI:K562
GRWD1,HepG2,chr3:49420332:G:A,1,3,0.12297296524047852,modal,cuda,QKI:K562
GRWD1,HepG2,chr3:49968593:G:A,0,3,0.16915202140808105,modal,cuda,QKI:K562
GRWD1,HepG2,chr3:50274469:C:T,0,3,-0.31725311279296875,modal,cuda,QKI:K562
GRWD1,HepG2,chr3:52291023:G:A,0,3,0.5746244192123413,modal,cuda,QKI:K562
GRWD1,HepG2,chr3:52291035:G:A,0,3,0.5792028903961182,modal,cuda,QKI:K562
GRWD1,HepG2,chr3:52291090:C:G,0,3,0.5027153491973877,modal,cuda,QKI:K562
GRWD1,HepG2,chr3:53822645:G:A,0,3,0.2574312686920166,modal,cuda,QKI:K562
GRWD1,HepG2,chr3:57890029:T:C,0,3,0.2850884795188904,modal,cuda,QKI:K562
GRWD1,HepG2,chr3:58533426:G:C,0,3,1.1714117527008057,modal,cuda,QKI:K562
GRWD1,HepG2,chr3:70959326:A:C,0,3,0.6800792217254639,modal,cuda,QKI:K562
GRWD1,HepG2,chr3:70959406:C:A,0,3,-0.34749460220336914,modal,cuda,QKI:K562
GRWD1,HepG2,chr3:70959408:G:A,0,3,-0.32273244857788086,modal,cuda,QKI:K562
GRWD1,HepG2,chr3:71041359:G:A,1,3,0.5834624767303467,modal,cuda,QKI:K562
GRWD1,HepG2,chr3:71041430:G:A,0,3,0.20090627670288086,modal,cuda,QKI:K562
GRWD1,HepG2,chr3:71052539:C:A,1,3,0.2857985496520996,modal,cuda,QKI:K562
GRWD1,HepG2,chr3:78661975:A:G,0,3,-0.25309038162231445,modal,cuda,QKI:K562
GRWD1,HepG2,chr3:78938586:G:A,0,3,1.8158706426620483,modal,cuda,QKI:K562
GRWD1,HepG2,chr3:8627716:G:A,0,3,1.0418546199798584,modal,cuda,QKI:K562
GRWD1,HepG2,chr3:8630911:G:T,1,3,-0.18740463256835938,modal,cuda,QKI:K562
GRWD1,HepG2,chr3:93884905:T:C,1,3,-0.6954092383384705,modal,cuda,QKI:K562
GRWD1,HepG2,chr3:9442122:C:G,1,3,0.15717458724975586,modal,cuda,QKI:K562
GRWD1,HepG2,chr3:9453732:A:G,1,3,-0.22353839874267578,modal,cuda,QKI:K562
GRWD1,HepG2,chr3:9474902:T:C,0,3,-0.23755788803100586,modal,cuda,QKI:K562
GRWD1,HepG2,chr3:9688993:G:A,0,3,-0.21404743194580078,modal,cuda,QKI:K562
GRWD1,HepG2,chr3:9825800:C:T,0,3,0.19065570831298828,modal,cuda,QKI:K562
GRWD1,HepG2,chr3:9826993:G:A,0,3,0.4683191776275635,modal,cuda,QKI:K562
GRWD1,HepG2,chr3:9907090:A:G,0,3,0.275162935256958,modal,cuda,QKI:K562
GRWD1,HepG2,chr3:9910984:G:A,0,3,-0.1095418930053711,modal,cuda,QKI:K562
GRWD1,HepG2,chr3:99851036:G:C,0,3,-0.2676128149032593,modal,cuda,QKI:K562
GRWD1,HepG2,chr4:10021307:A:G,0,1,-0.5559598803520203,modal,cuda,QKI:K562
GRWD1,HepG2,chr4:10021357:C:T,0,1,0.42581963539123535,modal,cuda,QKI:K562
GRWD1,HepG2,chr4:10098980:G:A,0,1,0.33059239387512207,modal,cuda,QKI:K562
GRWD1,HepG2,chr4:10099008:C:T,1,1,1.8171172142028809,modal,cuda,QKI:K562
GRWD1,HepG2,chr4:10116104:G:A,0,1,-0.6829569339752197,modal,cuda,QKI:K562
GRWD1,HepG2,chr4:10116726:C:A,0,1,1.1343073844909668,modal,cuda,QKI:K562
GRWD1,HepG2,chr4:10116753:C:G,0,1,-0.21953487396240234,modal,cuda,QKI:K562
GRWD1,HepG2,chr4:106308907:A:G,0,1,0.8466939926147461,modal,cuda,QKI:K562
GRWD1,HepG2,chr4:106324979:C:A,0,1,-1.259329915046692,modal,cuda,QKI:K562
GRWD1,HepG2,chr4:106331906:C:T,0,1,-0.3856339454650879,modal,cuda,QKI:K562
GRWD1,HepG2,chr4:109746434:C:T,0,1,0.9801669120788574,modal,cuda,QKI:K562
GRWD1,HepG2,chr4:109746511:G:A,0,1,-0.9856667518615723,modal,cuda,QKI:K562
GRWD1,HepG2,chr4:109749321:C:T,1,1,0.2890772819519043,modal,cuda,QKI:K562
GRWD1,HepG2,chr4:109757769:T:C,0,1,-1.0211539268493652,modal,cuda,QKI:K562
GRWD1,HepG2,chr4:109757790:A:G,0,1,0.5365445613861084,modal,cuda,QKI:K562
GRWD1,HepG2,chr4:109760556:A:C,1,1,-0.767827033996582,modal,cuda,QKI:K562
GRWD1,HepG2,chr4:109760567:C:T,1,1,0.13245010375976562,modal,cuda,QKI:K562
GRWD1,HepG2,chr4:109764523:A:T,0,1,-7.467930793762207,modal,cuda,QKI:K562
GRWD1,HepG2,chr4:109764531:G:A,0,1,-1.1278080940246582,modal,cuda,QKI:K562
GRWD1,HepG2,chr4:109764574:C:A,1,1,1.3115570545196533,modal,cuda,QKI:K562
GRWD1,HepG2,chr4:109764585:C:T,1,1,0.4071934223175049,modal,cuda,QKI:K562
GRWD1,HepG2,chr4:109766567:T:A,0,1,-0.765782356262207,modal,cuda,QKI:K562
GRWD1,HepG2,chr4:109766572:C:A,1,1,-1.1855697631835938,modal,cuda,QKI:K562
GRWD1,HepG2,chr4:118797833:C:T,0,1,-2.2413034439086914,modal,cuda,QKI:K562
GRWD1,HepG2,chr4:121814070:C:A,0,1,-0.6091365814208984,modal,cuda,QKI:K562
GRWD1,HepG2,chr4:127881837:A:T,1,1,-2.165799617767334,modal,cuda,QKI:K562
GRWD1,HepG2,chr4:1315453:C:T,0,1,0.9448093175888062,modal,cuda,QKI:K562
GRWD1,HepG2,chr4:1315477:C:T,0,1,-0.6020233631134033,modal,cuda,QKI:K562
GRWD1,HepG2,chr4:143513921:C:T,0,1,-1.0392725467681885,modal,cuda,QKI:K562
GRWD1,HepG2,chr4:151174661:T:C,0,1,-0.9860429167747498,modal,cuda,QKI:K562
GRWD1,HepG2,chr4:163515469:C:T,0,1,-4.823860168457031,modal,cuda,QKI:K562
GRWD1,HepG2,chr4:1744840:C:T,0,1,0.20527219772338867,modal,cuda,QKI:K562
GRWD1,HepG2,chr4:1801509:C:T,0,1,0.34607839584350586,modal,cuda,QKI:K562
GRWD1,HepG2,chr4:1801524:T:C,0,1,-0.23851513862609863,modal,cuda,QKI:K562
GRWD1,HepG2,chr4:1801544:C:G,0,1,-0.36212635040283203,modal,cuda,QKI:K562
GRWD1,HepG2,chr4:1801658:G:C,0,1,-0.23956632614135742,modal,cuda,QKI:K562
GRWD1,HepG2,chr4:1801667:G:A,0,1,0.22632455825805664,modal,cuda,QKI:K562
GRWD1,HepG2,chr4:1801688:C:T,0,1,0.36684656143188477,modal,cuda,QKI:K562
GRWD1,HepG2,chr4:1805644:C:A,1,1,0.3694028854370117,modal,cuda,QKI:K562
GRWD1,HepG2,chr4:1805644:C:G,1,1,0.39648866653442383,modal,cuda,QKI:K562
GRWD1,HepG2,chr4:1805684:G:A,0,1,0.6420408487319946,modal,cuda,QKI:K562
GRWD1,HepG2,chr4:1805746:C:T,0,1,-0.3965056836605072,modal,cuda,QKI:K562
GRWD1,HepG2,chr4:1805751:G:T,0,1,-0.5053906440734863,modal,cuda,QKI:K562
GRWD1,HepG2,chr4:1805772:G:A,0,1,0.47541022300720215,modal,cuda,QKI:K562
GRWD1,HepG2,chr4:186271791:C:T,0,1,0.9026446342468262,modal,cuda,QKI:K562
GRWD1,HepG2,chr4:1904379:G:C,1,1,1.540891408920288,modal,cuda,QKI:K562
GRWD1,HepG2,chr4:1938441:T:A,0,1,-0.43706655502319336,modal,cuda,QKI:K562
GRWD1,HepG2,chr4:1951223:C:T,0,1,4.160027980804443,modal,cuda,QKI:K562
GRWD1,HepG2,chr4:1952088:C:T,0,1,1.9711506366729736,modal,cuda,QKI:K562
GRWD1,HepG2,chr4:1952089:G:A,0,1,1.5010406970977783,modal,cuda,QKI:K562
GRWD1,HepG2,chr4:2663247:A:G,0,1,-0.5963640213012695,modal,cuda,QKI:K562
GRWD1,HepG2,chr4:2823056:T:C,0,1,-0.2749612331390381,modal,cuda,QKI:K562
GRWD1,HepG2,chr4:2824745:G:T,0,1,-1.683422327041626,modal,cuda,QKI:K562
GRWD1,HepG2,chr4:2827588:C:A,0,1,0.9724979400634766,modal,cuda,QKI:K562
GRWD1,HepG2,chr4:2827588:C:T,0,1,-0.8319684267044067,modal,cuda,QKI:K562
GRWD1,HepG2,chr4:2827591:C:G,0,1,-0.6746807098388672,modal,cuda,QKI:K562
GRWD1,HepG2,chr4:2827682:G:A,0,1,0.994314432144165,modal,cuda,QKI:K562
GRWD1,HepG2,chr4:3130443:G:C,0,1,-1.1785149574279785,modal,cuda,QKI:K562
GRWD1,HepG2,chr4:3225756:C:A,0,1,0.5071432590484619,modal,cuda,QKI:K562
GRWD1,HepG2,chr4:3518035:A:G,0,1,0.3029022812843323,modal,cuda,QKI:K562
GRWD1,HepG2,chr4:3518190:T:C,0,1,-0.24774527549743652,modal,cuda,QKI:K562
GRWD1,HepG2,chr4:3524915:T:C,0,1,-1.2281603813171387,modal,cuda,QKI:K562
GRWD1,HepG2,chr4:3524929:C:T,0,1,2.648252487182617,modal,cuda,QKI:K562
GRWD1,HepG2,chr4:39342473:T:A,0,1,-2.962134599685669,modal,cuda,QKI:K562
GRWD1,HepG2,chr4:500593:C:T,1,1,-1.0719821453094482,modal,cuda,QKI:K562
GRWD1,HepG2,chr4:507457:G:A,1,1,-1.0389461517333984,modal,cuda,QKI:K562
GRWD1,HepG2,chr4:507458:G:A,1,1,1.6550610065460205,modal,cuda,QKI:K562
GRWD1,HepG2,chr4:507474:C:T,1,1,1.5491816997528076,modal,cuda,QKI:K562
GRWD1,HepG2,chr4:507606:G:A,0,1,0.6802945137023926,modal,cuda,QKI:K562
GRWD1,HepG2,chr4:523587:T:C,0,1,-0.957641065120697,modal,cuda,QKI:K562
GRWD1,HepG2,chr4:523672:T:C,0,1,-0.4722869396209717,modal,cuda,QKI:K562
GRWD1,HepG2,chr4:523741:C:T,1,1,1.0446043014526367,modal,cuda,QKI:K562
GRWD1,HepG2,chr4:523833:C:T,0,1,-2.9927937984466553,modal,cuda,QKI:K562
GRWD1,HepG2,chr4:55396043:T:C,0,1,-1.4895942211151123,modal,cuda,QKI:K562
GRWD1,HepG2,chr4:56474263:A:G,0,1,-1.9899327754974365,modal,cuda,QKI:K562
GRWD1,HepG2,chr4:75514275:C:T,0,1,0.31814050674438477,modal,cuda,QKI:K562
GRWD1,HepG2,chr4:761356:G:A,0,1,0.7903046607971191,modal,cuda,QKI:K562
GRWD1,HepG2,chr4:761398:C:T,0,1,-2.006089210510254,modal,cuda,QKI:K562
GRWD1,HepG2,chr4:78265017:G:A,0,1,1.0124001502990723,modal,cuda,QKI:K562
GRWD1,HepG2,chr4:82426113:A:G,0,1,-3.1839230060577393,modal,cuda,QKI:K562
GRWD1,HepG2,chr4:82427174:A:C,0,1,-1.099034309387207,modal,cuda,QKI:K562
GRWD1,HepG2,chr4:82427499:T:C,0,1,-0.3057522773742676,modal,cuda,QKI:K562
GRWD1,HepG2,chr4:82428060:A:C,0,1,-1.326033353805542,modal,cuda,QKI:K562
GRWD1,HepG2,chr4:82428194:T:A,0,1,-5.0295000076293945,modal,cuda,QKI:K562
GRWD1,HepG2,chr4:82428196:T:C,0,1,0.7508542537689209,modal,cuda,QKI:K562
GRWD1,HepG2,chr4:82429335:G:A,0,1,1.0179001092910767,modal,cuda,QKI:K562
GRWD1,HepG2,chr4:88043232:G:C,1,1,1.5523347854614258,modal,cuda,QKI:K562
GRWD1,HepG2,chr4:88043277:G:A,1,1,1.0023610591888428,modal,cuda,QKI:K562
GRWD1,HepG2,chr4:88043278:G:A,1,1,0.613723635673523,modal,cuda,QKI:K562
GRWD1,HepG2,chr4:88043296:T:A,1,1,-0.7164707183837891,modal,cuda,QKI:K562
GRWD1,HepG2,chr4:88043296:T:G,1,1,-0.9329676628112793,modal,cuda,QKI:K562
GRWD1,HepG2,chr4:88043314:T:A,1,1,-5.393146514892578,modal,cuda,QKI:K562
GRWD1,HepG2,chr4:88043325:C:G,1,1,1.8616082668304443,modal,cuda,QKI:K562
GRWD1,HepG2,chr4:88043351:C:T,1,1,1.6033201217651367,modal,cuda,QKI:K562
GRWD1,HepG2,chr4:88043380:G:A,1,1,-7.023624420166016,modal,cuda,QKI:K562
GRWD1,HepG2,chr4:88043390:G:T,1,1,-5.468273639678955,modal,cuda,QKI:K562
GRWD1,HepG2,chr4:94233997:A:G,0,1,-1.2481051683425903,modal,cuda,QKI:K562
GRWD1,HepG2,chr4:991392:C:T,0,1,0.13903188705444336,modal,cuda,QKI:K562
GRWD1,HepG2,chr5:10250318:G:A,0,1,0.4132676124572754,modal,cuda,QKI:K562
GRWD1,HepG2,chr5:10250331:T:C,0,1,1.507747769355774,modal,cuda,QKI:K562
GRWD1,HepG2,chr5:10254705:A:G,0,1,-0.3966970443725586,modal,cuda,QKI:K562
GRWD1,HepG2,chr5:10255937:C:G,0,1,-1.4926939010620117,modal,cuda,QKI:K562
GRWD1,HepG2,chr5:10262628:C:A,0,1,-0.5466711521148682,modal,cuda,QKI:K562
GRWD1,HepG2,chr5:1076130:G:A,0,1,0.883777379989624,modal,cuda,QKI:K562
GRWD1,HepG2,chr5:119475838:G:A,0,1,0.7131905555725098,modal,cuda,QKI:K562
GRWD1,HepG2,chr5:119475838:G:C,1,1,0.4549088478088379,modal,cuda,QKI:K562
GRWD1,HepG2,chr5:119477487:A:T,0,1,-1.6890113353729248,modal,cuda,QKI:K562
GRWD1,HepG2,chr5:119477488:C:T,1,1,0.586876630783081,modal,cuda,QKI:K562
GRWD1,HepG2,chr5:119478848:C:A,1,1,-2.0214171409606934,modal,cuda,QKI:K562
GRWD1,HepG2,chr5:119478931:C:T,1,1,-0.9165990352630615,modal,cuda,QKI:K562
GRWD1,HepG2,chr5:119493818:T:G,1,1,-2.402439832687378,modal,cuda,QKI:K562
GRWD1,HepG2,chr5:119493838:G:A,1,1,1.1716909408569336,modal,cuda,QKI:K562
GRWD1,HepG2,chr5:119493896:G:A,1,1,-1.4431488513946533,modal,cuda,QKI:K562
GRWD1,HepG2,chr5:119529917:C:T,0,1,0.5950603485107422,modal,cuda,QKI:K562
GRWD1,HepG2,chr5:1264408:A:G,1,1,-0.29825854301452637,modal,cuda,QKI:K562
GRWD1,HepG2,chr5:1264457:C:T,1,1,-2.178330183029175,modal,cuda,QKI:K562
GRWD1,HepG2,chr5:126577223:A:C,0,1,-0.933350145816803,modal,cuda,QKI:K562
GRWD1,HepG2,chr5:126819073:T:C,1,1,-0.9037532806396484,modal,cuda,QKI:K562
GRWD1,HepG2,chr5:126820946:A:C,0,1,-2.5817933082580566,modal,cuda,QKI:K562
GRWD1,HepG2,chr5:132579521:G:A,0,1,-1.3451621532440186,modal,cuda,QKI:K562
GRWD1,HepG2,chr5:132637224:A:G,0,1,-0.8341388702392578,modal,cuda,QKI:K562
GRWD1,HepG2,chr5:132867593:C:T,0,1,1.091346263885498,modal,cuda,QKI:K562
GRWD1,HepG2,chr5:132892418:C:T,0,1,1.8412449359893799,modal,cuda,QKI:K562
GRWD1,HepG2,chr5:132893131:T:C,0,1,-2.123826026916504,modal,cuda,QKI:K562
GRWD1,HepG2,chr5:132934136:G:A,0,1,1.008488655090332,modal,cuda,QKI:K562
GRWD1,HepG2,chr5:132937047:T:G,0,1,-1.463437557220459,modal,cuda,QKI:K562
GRWD1,HepG2,chr5:134201961:G:A,1,1,0.48557233810424805,modal,cuda,QKI:K562
GRWD1,HepG2,chr5:134202009:C:T,0,1,0.3054724335670471,modal,cuda,QKI:K562
GRWD1,HepG2,chr5:134225824:C:T,1,1,-0.9990218281745911,modal,cuda,QKI:K562
GRWD1,HepG2,chr5:134225898:G:C,0,1,-0.5445089936256409,modal,cuda,QKI:K562
GRWD1,HepG2,chr5:135360551:T:C,0,1,-0.4585062861442566,modal,cuda,QKI:K562
GRWD1,HepG2,chr5:138887556:T:C,0,1,0.5074830055236816,modal,cuda,QKI:K562
GRWD1,HepG2,chr5:138887567:T:A,0,1,-0.3730130195617676,modal,cuda,QKI:K562
GRWD1,HepG2,chr5:138887586:A:T,1,1,-2.0058066844940186,modal,cuda,QKI:K562
GRWD1,HepG2,chr5:138887598:G:T,1,1,2.811185359954834,modal,cuda,QKI:K562
GRWD1,HepG2,chr5:138887607:C:T,1,1,-6.801068305969238,modal,cuda,QKI:K562
GRWD1,HepG2,chr5:139279060:C:T,0,1,1.2051520347595215,modal,cuda,QKI:K562
GRWD1,HepG2,chr5:139314772:G:A,0,1,-0.840242862701416,modal,cuda,QKI:K562
GRWD1,HepG2,chr5:139317048:T:A,0,1,0.9007861614227295,modal,cuda,QKI:K562
GRWD1,HepG2,chr5:139319314:G:A,0,1,0.8444874286651611,modal,cuda,QKI:K562
GRWD1,HepG2,chr5:139321881:T:C,0,1,0.484710693359375,modal,cuda,QKI:K562
GRWD1,HepG2,chr5:140647238:C:T,0,1,-0.40993404388427734,modal,cuda,QKI:K562
GRWD1,HepG2,chr5:140647251:C:T,1,1,1.1093196868896484,modal,cuda,QKI:K562
GRWD1,HepG2,chr5:140647294:T:G,1,1,-4.477652549743652,modal,cuda,QKI:K562
GRWD1,HepG2,chr5:140647330:T:G,1,1,-2.330772876739502,modal,cuda,QKI:K562
GRWD1,HepG2,chr5:140647335:C:T,0,1,-0.3192436695098877,modal,cuda,QKI:K562
GRWD1,HepG2,chr5:140647376:G:A,0,1,-1.5249475240707397,modal,cuda,QKI:K562
GRWD1,HepG2,chr5:142879388:C:T,0,1,0.4042109251022339,modal,cuda,QKI:K562
GRWD1,HepG2,chr5:14290809:G:T,1,1,1.4801874160766602,modal,cuda,QKI:K562
GRWD1,HepG2,chr5:14290824:A:T,1,1,0.9091253280639648,modal,cuda,QKI:K562
GRWD1,HepG2,chr5:14290992:G:T,1,1,1.070063829421997,modal,cuda,QKI:K562
GRWD1,HepG2,chr5:14291013:C:T,1,1,-0.6429245471954346,modal,cuda,QKI:K562
GRWD1,HepG2,chr5:14291150:G:A,0,1,0.2930779457092285,modal,cuda,QKI:K562
GRWD1,HepG2,chr5:14293093:G:T,1,1,-2.2400357723236084,modal,cuda,QKI:K562
GRWD1,HepG2,chr5:14316533:G:A,0,1,1.4253263473510742,modal,cuda,QKI:K562
GRWD1,HepG2,chr5:14330831:T:C,0,1,-2.0113611221313477,modal,cuda,QKI:K562
GRWD1,HepG2,chr5:14358155:C:T,0,1,-1.6962742805480957,modal,cuda,QKI:K562
GRWD1,HepG2,chr5:14363754:G:A,1,1,-0.6714959144592285,modal,cuda,QKI:K562
GRWD1,HepG2,chr5:14368866:C:T,0,1,0.5049581527709961,modal,cuda,QKI:K562
GRWD1,HepG2,chr5:14368884:C:G,1,1,-0.7879376411437988,modal,cuda,QKI:K562
GRWD1,HepG2,chr5:14369364:C:T,0,1,-2.353893756866455,modal,cuda,QKI:K562
GRWD1,HepG2,chr5:14369426:G:A,1,1,-4.657146453857422,modal,cuda,QKI:K562
GRWD1,HepG2,chr5:14369534:C:T,0,1,0.3250613212585449,modal,cuda,QKI:K562
GRWD1,HepG2,chr5:14387434:G:A,0,1,1.515203833580017,modal,cuda,QKI:K562
GRWD1,HepG2,chr5:14420041:G:A,0,1,-1.4389458894729614,modal,cuda,QKI:K562
GRWD1,HepG2,chr5:14461059:A:G,0,1,-1.3419190645217896,modal,cuda,QKI:K562
GRWD1,HepG2,chr5:14461143:G:A,1,1,-5.623239994049072,modal,cuda,QKI:K562
GRWD1,HepG2,chr5:14498145:G:A,0,1,0.5688281059265137,modal,cuda,QKI:K562
GRWD1,HepG2,chr5:14498160:C:T,1,1,-0.5869851112365723,modal,cuda,QKI:K562
GRWD1,HepG2,chr5:14498203:C:T,0,1,-0.512995719909668,modal,cuda,QKI:K562
GRWD1,HepG2,chr5:146120521:A:C,0,1,-0.7011858224868774,modal,cuda,QKI:K562
GRWD1,HepG2,chr5:146128661:G:A,0,1,-0.5923950672149658,modal,cuda,QKI:K562
GRWD1,HepG2,chr5:146130010:G:A,0,1,0.5811314582824707,modal,cuda,QKI:K562
GRWD1,HepG2,chr5:146130165:A:C,0,1,1.5206410884857178,modal,cuda,QKI:K562
GRWD1,HepG2,chr5:146157709:A:T,0,1,0.9248504638671875,modal,cuda,QKI:K562
GRWD1,HepG2,chr5:14681446:T:C,0,1,1.0807394981384277,modal,cuda,QKI:K562
GRWD1,HepG2,chr5:148402169:T:G,0,1,0.7116129398345947,modal,cuda,QKI:K562
GRWD1,HepG2,chr5:150364257:G:C,1,1,-4.08597993850708,modal,cuda,QKI:K562
GRWD1,HepG2,chr5:150374398:G:A,0,1,0.47861146926879883,modal,cuda,QKI:K562
GRWD1,HepG2,chr5:157287128:G:A,0,1,1.1609653234481812,modal,cuda,QKI:K562
GRWD1,HepG2,chr5:157341057:A:G,0,1,-2.0346457958221436,modal,cuda,QKI:K562
GRWD1,HepG2,chr5:157341173:C:G,0,1,-0.8362655639648438,modal,cuda,QKI:K562
GRWD1,HepG2,chr5:175492180:A:G,0,1,0.7905011177062988,modal,cuda,QKI:K562
GRWD1,HepG2,chr5:177516101:T:G,0,1,-1.9336371421813965,modal,cuda,QKI:K562
GRWD1,HepG2,chr5:177516122:G:A,1,1,0.9199118614196777,modal,cuda,QKI:K562
GRWD1,HepG2,chr5:177516167:G:A,1,1,-4.26924467086792,modal,cuda,QKI:K562
GRWD1,HepG2,chr5:177516188:T:A,1,1,-2.7602105140686035,modal,cuda,QKI:K562
GRWD1,HepG2,chr5:177516312:G:A,1,1,-2.238637685775757,modal,cuda,QKI:K562
GRWD1,HepG2,chr5:177516342:G:A,1,1,-3.7336745262145996,modal,cuda,QKI:K562
GRWD1,HepG2,chr5:177516396:G:A,1,1,-6.038662910461426,modal,cuda,QKI:K562
GRWD1,HepG2,chr5:32387639:A:G,0,1,-0.8318074941635132,modal,cuda,QKI:K562
GRWD1,HepG2,chr5:32395185:T:C,0,1,-1.2773654460906982,modal,cuda,QKI:K562
GRWD1,HepG2,chr5:32400161:A:G,0,1,0.4473397731781006,modal,cuda,QKI:K562
GRWD1,HepG2,chr5:32403241:C:T,0,1,1.4360575675964355,modal,cuda,QKI:K562
GRWD1,HepG2,chr5:33441049:G:A,0,1,1.298869013786316,modal,cuda,QKI:K562
GRWD1,HepG2,chr5:33448633:A:C,0,1,-2.2186667919158936,modal,cuda,QKI:K562
GRWD1,HepG2,chr5:36217895:T:A,0,1,-1.902855396270752,modal,cuda,QKI:K562
GRWD1,HepG2,chr5:53060024:T:C,0,1,-1.2592921257019043,modal,cuda,QKI:K562
GRWD1,HepG2,chr5:6604216:C:T,0,1,-0.5719270706176758,modal,cuda,QKI:K562
GRWD1,HepG2,chr5:6611712:G:A,0,1,-1.0197210311889648,modal,cuda,QKI:K562
GRWD1,HepG2,chr5:6611749:C:T,1,1,0.8532497882843018,modal,cuda,QKI:K562
GRWD1,HepG2,chr5:6616737:T:C,0,1,-1.5369921922683716,modal,cuda,QKI:K562
GRWD1,HepG2,chr5:6616795:T:G,1,1,-2.3129031658172607,modal,cuda,QKI:K562
GRWD1,HepG2,chr5:6620242:G:A,1,1,-0.7848091125488281,modal,cuda,QKI:K562
GRWD1,HepG2,chr5:73753111:A:G,0,1,-1.6591235399246216,modal,cuda,QKI:K562
GRWD1,HepG2,chr5:7878009:C:G,1,1,1.7233927249908447,modal,cuda,QKI:K562
GRWD1,HepG2,chr5:7878079:T:C,0,1,-0.8979628086090088,modal,cuda,QKI:K562
GRWD1,HepG2,chr5:7892735:T:G,1,1,-2.9052813053131104,modal,cuda,QKI:K562
GRWD1,HepG2,chr5:7892820:A:G,0,1,0.5155656337738037,modal,cuda,QKI:K562
GRWD1,HepG2,chr5:79401974:C:T,0,1,0.2468733787536621,modal,cuda,QKI:K562
GRWD1,HepG2,chr5:79439026:A:G,0,1,-0.7608842849731445,modal,cuda,QKI:K562
GRWD1,HepG2,chr5:81080117:A:G,0,1,-0.9201450347900391,modal,cuda,QKI:K562
GRWD1,HepG2,chr5:892722:C:T,0,1,-0.3440895080566406,modal,cuda,QKI:K562
GRWD1,HepG2,chr5:892731:C:T,0,1,0.32450491189956665,modal,cuda,QKI:K562
GRWD1,HepG2,chr5:892754:G:A,0,1,-0.43531060218811035,modal,cuda,QKI:K562
GRWD1,HepG2,chr5:96695865:A:G,0,1,-0.35946226119995117,modal,cuda,QKI:K562
GRWD1,HepG2,chr5:96695918:T:C,0,1,-0.31003665924072266,modal,cuda,QKI:K562
GRWD1,HepG2,chr5:96736204:G:T,0,1,3.6681461334228516,modal,cuda,QKI:K562
GRWD1,HepG2,chr5:96736234:G:A,0,1,0.9705536961555481,modal,cuda,QKI:K562
GRWD1,HepG2,chr5:96736235:G:T,1,1,-1.1831375360488892,modal,cuda,QKI:K562
GRWD1,HepG2,chr5:96746348:G:C,0,1,-0.9930315017700195,modal,cuda,QKI:K562
GRWD1,HepG2,chr5:96746383:T:A,0,1,1.4365432262420654,modal,cuda,QKI:K562
GRWD1,HepG2,chr5:96746424:C:T,0,1,1.5112018585205078,modal,cuda,QKI:K562
GRWD1,HepG2,chr5:96750630:G:C,0,1,0.41927480697631836,modal,cuda,QKI:K562
GRWD1,HepG2,chr5:96757668:T:C,0,1,0.6067720651626587,modal,cuda,QKI:K562
GRWD1,HepG2,chr5:96762275:A:G,0,1,1.242957592010498,modal,cuda,QKI:K562
GRWD1,HepG2,chr5:96762299:C:T,0,1,-0.5141825675964355,modal,cuda,QKI:K562
GRWD1,HepG2,chr5:96767912:T:G,0,1,-1.1225552558898926,modal,cuda,QKI:K562
GRWD1,HepG2,chr6:107912781:T:C,0,3,0.23626399040222168,modal,cuda,QKI:K562
GRWD1,HepG2,chr6:107912792:T:C,0,3,0.6122207641601562,modal,cuda,QKI:K562
GRWD1,HepG2,chr6:11190126:G:A,0,3,-0.23843300342559814,modal,cuda,QKI:K562
GRWD1,HepG2,chr6:136268287:G:T,0,3,-0.11653637886047363,modal,cuda,QKI:K562
GRWD1,HepG2,chr6:136269502:A:C,0,3,-0.7313446402549744,modal,cuda,QKI:K562
GRWD1,HepG2,chr6:136269560:C:T,0,3,1.024205207824707,modal,cuda,QKI:K562
GRWD1,HepG2,chr6:143857408:A:G,1,3,-0.31125712394714355,modal,cuda,QKI:K562
GRWD1,HepG2,chr6:144291828:G:A,0,3,0.48387908935546875,modal,cuda,QKI:K562
GRWD1,HepG2,chr6:144444270:C:T,0,3,-0.16881561279296875,modal,cuda,QKI:K562
GRWD1,HepG2,chr6:145919501:T:C,0,3,-0.6355717778205872,modal,cuda,QKI:K562
GRWD1,HepG2,chr6:147204527:G:A,0,3,0.41981446743011475,modal,cuda,QKI:K562
GRWD1,HepG2,chr6:154450098:T:A,0,3,-0.08908486366271973,modal,cuda,QKI:K562
GRWD1,HepG2,chr6:157181183:G:A,0,3,0.23420310020446777,modal,cuda,QKI:K562
GRWD1,HepG2,chr6:158770756:C:T,0,3,0.17134952545166016,modal,cuda,QKI:K562
GRWD1,HepG2,chr6:163415344:C:T,0,3,-0.3753615617752075,modal,cuda,QKI:K562
GRWD1,HepG2,chr6:166382789:C:T,0,3,-0.23984748125076294,modal,cuda,QKI:K562
GRWD1,HepG2,chr6:24301859:G:A,0,3,0.14808940887451172,modal,cuda,QKI:K562
GRWD1,HepG2,chr6:24777238:A:G,0,3,-0.4282951354980469,modal,cuda,QKI:K562
GRWD1,HepG2,chr6:2948696:C:A,1,3,0.4698154926300049,modal,cuda,QKI:K562
GRWD1,HepG2,chr6:2948918:C:T,0,3,0.524620532989502,modal,cuda,QKI:K562
GRWD1,HepG2,chr6:30608824:T:C,0,3,1.1085649728775024,modal,cuda,QKI:K562
GRWD1,HepG2,chr6:30712862:A:G,0,3,0.09950757026672363,modal,cuda,QKI:K562
GRWD1,HepG2,chr6:30914857:C:T,0,3,-0.1891946792602539,modal,cuda,QKI:K562
GRWD1,HepG2,chr6:30914912:C:T,0,3,0.2804710865020752,modal,cuda,QKI:K562
GRWD1,HepG2,chr6:31531137:T:C,0,3,-0.12149763107299805,modal,cuda,QKI:K562
GRWD1,HepG2,chr6:31741268:C:T,0,3,-0.22712111473083496,modal,cuda,QKI:K562
GRWD1,HepG2,chr6:31892479:C:T,0,3,0.21236276626586914,modal,cuda,QKI:K562
GRWD1,HepG2,chr6:31892503:G:A,0,3,0.6362406611442566,modal,cuda,QKI:K562
GRWD1,HepG2,chr6:31968853:C:T,0,3,-2.2238054275512695,modal,cuda,QKI:K562
GRWD1,HepG2,chr6:31969734:T:C,0,3,-0.3238074779510498,modal,cuda,QKI:K562
GRWD1,HepG2,chr6:32977753:G:C,0,3,0.2451484203338623,modal,cuda,QKI:K562
GRWD1,HepG2,chr6:33444420:C:T,0,3,0.14769601821899414,modal,cuda,QKI:K562
GRWD1,HepG2,chr6:33444621:C:T,0,3,0.25401878356933594,modal,cuda,QKI:K562
GRWD1,HepG2,chr6:33444623:A:C,0,3,0.14530634880065918,modal,cuda,QKI:K562
GRWD1,HepG2,chr6:36131273:C:T,0,3,0.3456641435623169,modal,cuda,QKI:K562
GRWD1,HepG2,chr6:36135780:G:A,0,3,0.32169246673583984,modal,cuda,QKI:K562
GRWD1,HepG2,chr6:43521064:T:C,0,3,0.34237146377563477,modal,cuda,QKI:K562
GRWD1,HepG2,chr6:43531525:C:T,0,3,0.2103419303894043,modal,cuda,QKI:K562
GRWD1,HepG2,chr6:43531526:G:A,0,3,0.20093989372253418,modal,cuda,QKI:K562
GRWD1,HepG2,chr6:43626216:G:C,0,3,0.21289968490600586,modal,cuda,QKI:K562
GRWD1,HepG2,chr6:47478191:T:A,0,3,0.40029287338256836,modal,cuda,QKI:K562
GRWD1,HepG2,chr6:47554621:G:A,0,3,0.5758792757987976,modal,cuda,QKI:K562
GRWD1,HepG2,chr6:47624247:C:G,0,3,-0.41550660133361816,modal,cuda,QKI:K562
GRWD1,HepG2,chr6:52424092:A:G,0,3,-1.117020606994629,modal,cuda,QKI:K562
GRWD1,HepG2,chr6:56466063:T:G,0,3,0.3931553363800049,modal,cuda,QKI:K562
GRWD1,HepG2,chr6:56482902:T:C,0,3,1.6265296936035156,modal,cuda,QKI:K562
GRWD1,HepG2,chr6:56515684:A:G,0,3,0.07470536231994629,modal,cuda,QKI:K562
GRWD1,HepG2,chr6:56624631:G:T,0,3,0.3278660774230957,modal,cuda,QKI:K562
GRWD1,HepG2,chr6:56624634:A:T,0,3,0.17255592346191406,modal,cuda,QKI:K562
GRWD1,HepG2,chr6:7189334:C:T,0,3,0.20464754104614258,modal,cuda,QKI:K562
GRWD1,HepG2,chr6:7246415:G:A,0,3,-0.6402902603149414,modal,cuda,QKI:K562
GRWD1,HepG2,chr6:7246699:G:C,0,3,0.33663058280944824,modal,cuda,QKI:K562
GRWD1,HepG2,chr6:7246757:C:T,0,3,-0.27840614318847656,modal,cuda,QKI:K562
GRWD1,HepG2,chr6:7246761:C:T,0,3,0.28208982944488525,modal,cuda,QKI:K562
GRWD1,HepG2,chr6:7571591:T:C,0,3,-0.3447434902191162,modal,cuda,QKI:K562
GRWD1,HepG2,chr6:7579902:C:T,1,3,0.49347424507141113,modal,cuda,QKI:K562
GRWD1,HepG2,chr6:7579929:C:T,1,3,0.8757271766662598,modal,cuda,QKI:K562
GRWD1,HepG2,chr6:7579974:C:T,1,3,0.2669944763183594,modal,cuda,QKI:K562
GRWD1,HepG2,chr6:7579982:T:A,0,3,0.13679075241088867,modal,cuda,QKI:K562
GRWD1,HepG2,chr6:7579986:C:T,1,3,0.7466211318969727,modal,cuda,QKI:K562
GRWD1,HepG2,chr6:7580016:C:T,1,3,0.6802699565887451,modal,cuda,QKI:K562
GRWD1,HepG2,chr6:7581141:C:T,1,3,0.13101720809936523,modal,cuda,QKI:K562
GRWD1,HepG2,chr6:7581402:C:T,1,3,-0.696094274520874,modal,cuda,QKI:K562
GRWD1,HepG2,chr6:7581403:G:A,0,3,0.40236902236938477,modal,cuda,QKI:K562
GRWD1,HepG2,chr6:7581489:C:T,1,3,-0.3548128604888916,modal,cuda,QKI:K562
GRWD1,HepG2,chr6:75855242:C:A,0,3,-0.43679216504096985,modal,cuda,QKI:K562
GRWD1,HepG2,chr6:78954977:G:T,0,3,0.769394040107727,modal,cuda,QKI:K562
GRWD1,HepG2,chr6:79016535:A:T,0,3,0.09398746490478516,modal,cuda,QKI:K562
GRWD1,HepG2,chr6:79042824:T:C,0,3,0.18152379989624023,modal,cuda,QKI:K562
GRWD1,HepG2,chr6:79042827:T:G,0,3,-4.707396507263184,modal,cuda,QKI:K562
GRWD1,HepG2,chr6:83170286:T:C,0,3,0.27594947814941406,modal,cuda,QKI:K562
GRWD1,HepG2,chr6:83170340:C:A,1,3,0.7371606826782227,modal,cuda,QKI:K562
GRWD1,HepG2,chr6:83181739:G:A,1,3,-0.2534346580505371,modal,cuda,QKI:K562
GRWD1,HepG2,chr6:83181808:C:G,1,3,0.17824435234069824,modal,cuda,QKI:K562
GRWD1,HepG2,chr6:87564153:G:A,1,3,-0.9635460376739502,modal,cuda,QKI:K562
GRWD1,HepG2,chr6:87564159:G:A,1,3,1.226240634918213,modal,cuda,QKI:K562
GRWD1,HepG2,chr6:87564188:T:A,0,3,0.2232067584991455,modal,cuda,QKI:K562
GRWD1,HepG2,chr6:90550552:A:G,0,3,-0.11633586883544922,modal,cuda,QKI:K562
GRWD1,HepG2,chr6:98905543:C:T,1,3,-0.11732292175292969,modal,cuda,QKI:K562
GRWD1,HepG2,chr6:98905551:T:C,0,3,-0.15484154224395752,modal,cuda,QKI:K562
GRWD1,HepG2,chr7:100099732:G:A,1,2,-0.6829434633255005,modal,cuda,QKI:K562
GRWD1,HepG2,chr7:100683384:G:A,1,2,-1.0324325561523438,modal,cuda,QKI:K562
GRWD1,HepG2,chr7:100687818:C:G,0,2,-0.29061445593833923,modal,cuda,QKI:K562
GRWD1,HepG2,chr7:101916233:G:A,0,2,1.5611298084259033,modal,cuda,QKI:K562
GRWD1,HepG2,chr7:102111780:A:G,0,2,-0.14980459213256836,modal,cuda,QKI:K562
GRWD1,HepG2,chr7:103299440:A:G,0,2,-0.12087798118591309,modal,cuda,QKI:K562
GRWD1,HepG2,chr7:105542548:G:A,0,2,1.4840625524520874,modal,cuda,QKI:K562
GRWD1,HepG2,chr7:105542599:C:T,0,2,0.797418475151062,modal,cuda,QKI:K562
GRWD1,HepG2,chr7:107283555:T:C,0,2,-0.23251104354858398,modal,cuda,QKI:K562
GRWD1,HepG2,chr7:107548274:G:T,0,2,-0.5123807191848755,modal,cuda,QKI:K562
GRWD1,HepG2,chr7:107548350:T:C,0,2,1.4664812088012695,modal,cuda,QKI:K562
GRWD1,HepG2,chr7:107893265:C:A,1,2,-0.9602396488189697,modal,cuda,QKI:K562
GRWD1,HepG2,chr7:107893272:C:T,1,2,-1.078692078590393,modal,cuda,QKI:K562
GRWD1,HepG2,chr7:107951207:G:A,0,2,0.38758599758148193,modal,cuda,QKI:K562
GRWD1,HepG2,chr7:112004038:G:C,0,2,-0.6291046142578125,modal,cuda,QKI:K562
GRWD1,HepG2,chr7:112450727:T:C,0,2,0.5219979286193848,modal,cuda,QKI:K562
GRWD1,HepG2,chr7:112462016:C:G,0,2,-0.20617103576660156,modal,cuda,QKI:K562
GRWD1,HepG2,chr7:112472825:A:G,0,2,-1.6318442821502686,modal,cuda,QKI:K562
GRWD1,HepG2,chr7:112472837:G:A,0,2,1.8313519954681396,modal,cuda,QKI:K562
GRWD1,HepG2,chr7:124859064:G:A,1,2,0.37692737579345703,modal,cuda,QKI:K562
GRWD1,HepG2,chr7:124859077:C:T,1,2,0.19158720970153809,modal,cuda,QKI:K562
GRWD1,HepG2,chr7:124859107:C:T,1,2,0.33563685417175293,modal,cuda,QKI:K562
GRWD1,HepG2,chr7:124859108:C:T,1,2,0.2023305892944336,modal,cuda,QKI:K562
GRWD1,HepG2,chr7:124863434:A:T,1,2,0.8043868541717529,modal,cuda,QKI:K562
GRWD1,HepG2,chr7:124863438:A:T,1,2,2.280391216278076,modal,cuda,QKI:K562
GRWD1,HepG2,chr7:124863447:A:C,1,2,3.8696839809417725,modal,cuda,QKI:K562
GRWD1,HepG2,chr7:124863453:C:T,1,2,-1.7475558519363403,modal,cuda,QKI:K562
GRWD1,HepG2,chr7:124863480:C:T,1,2,-0.2959730625152588,modal,cuda,QKI:K562
GRWD1,HepG2,chr7:129054645:C:T,0,2,0.3332803249359131,modal,cuda,QKI:K562
GRWD1,HepG2,chr7:129657483:G:A,0,2,-0.7213762998580933,modal,cuda,QKI:K562
GRWD1,HepG2,chr7:134448001:C:T,0,2,-0.6095974445343018,modal,cuda,QKI:K562
GRWD1,HepG2,chr7:134450843:G:A,0,2,0.26901721954345703,modal,cuda,QKI:K562
GRWD1,HepG2,chr7:140800310:A:G,0,2,0.20746803283691406,modal,cuda,QKI:K562
GRWD1,HepG2,chr7:140800335:C:T,0,2,0.9905914068222046,modal,cuda,QKI:K562
GRWD1,HepG2,chr7:143268784:C:G,0,2,-0.36664342880249023,modal,cuda,QKI:K562
GRWD1,HepG2,chr7:148816664:G:C,0,2,-0.28718799352645874,modal,cuda,QKI:K562
GRWD1,HepG2,chr7:148827145:C:G,0,2,0.13785243034362793,modal,cuda,QKI:K562
GRWD1,HepG2,chr7:148846483:C:T,0,2,3.5074758529663086,modal,cuda,QKI:K562
GRWD1,HepG2,chr7:148846484:G:A,0,2,1.1918561458587646,modal,cuda,QKI:K562
GRWD1,HepG2,chr7:152309960:A:G,0,2,-1.2601442337036133,modal,cuda,QKI:K562
GRWD1,HepG2,chr7:152309963:T:C,0,2,-0.7081270217895508,modal,cuda,QKI:K562
GRWD1,HepG2,chr7:2225505:G:A,1,2,-0.6062896251678467,modal,cuda,QKI:K562
GRWD1,HepG2,chr7:23319261:G:T,0,2,2.943575382232666,modal,cuda,QKI:K562
GRWD1,HepG2,chr7:2355408:G:C,0,2,0.11711627244949341,modal,cuda,QKI:K562
GRWD1,HepG2,chr7:2360759:C:T,0,2,0.49061107635498047,modal,cuda,QKI:K562
GRWD1,HepG2,chr7:2364367:T:C,0,2,-0.47827160358428955,modal,cuda,QKI:K562
GRWD1,HepG2,chr7:26195828:A:G,0,2,0.3625524044036865,modal,cuda,QKI:K562
GRWD1,HepG2,chr7:26196674:C:T,0,2,0.24286293983459473,modal,cuda,QKI:K562
GRWD1,HepG2,chr7:26196798:G:A,0,2,2.8072452545166016,modal,cuda,QKI:K562
GRWD1,HepG2,chr7:26197609:G:A,0,2,0.19870448112487793,modal,cuda,QKI:K562
GRWD1,HepG2,chr7:26197618:A:G,0,2,-0.12920618057250977,modal,cuda,QKI:K562
GRWD1,HepG2,chr7:26360970:T:C,0,2,0.3736107349395752,modal,cuda,QKI:K562
GRWD1,HepG2,chr7:27792000:C:A,0,2,0.28304851055145264,modal,cuda,QKI:K562
GRWD1,HepG2,chr7:27794316:T:G,0,2,0.29326343536376953,modal,cuda,QKI:K562
GRWD1,HepG2,chr7:33026888:G:A,1,2,0.11280369758605957,modal,cuda,QKI:K562
GRWD1,HepG2,chr7:33177507:C:T,1,2,-2.56247615814209,modal,cuda,QKI:K562
GRWD1,HepG2,chr7:33177557:C:A,1,2,-0.6536272764205933,modal,cuda,QKI:K562
GRWD1,HepG2,chr7:33177574:C:A,1,2,-0.3003082275390625,modal,cuda,QKI:K562
GRWD1,HepG2,chr7:36422818:G:A,0,2,0.49416685104370117,modal,cuda,QKI:K562
GRWD1,HepG2,chr7:36449844:A:G,0,2,-0.2308673858642578,modal,cuda,QKI:K562
GRWD1,HepG2,chr7:36449849:C:G,0,2,0.1584022045135498,modal,cuda,QKI:K562
GRWD1,HepG2,chr7:36449854:A:G,0,2,-0.26158857345581055,modal,cuda,QKI:K562
GRWD1,HepG2,chr7:36452603:C:T,0,2,0.5477511882781982,modal,cuda,QKI:K562
GRWD1,HepG2,chr7:36452604:G:A,0,2,0.8509550094604492,modal,cuda,QKI:K562
GRWD1,HepG2,chr7:44520983:C:T,0,2,-0.34432995319366455,modal,cuda,QKI:K562
GRWD1,HepG2,chr7:44624574:C:T,0,2,-0.5361485481262207,modal,cuda,QKI:K562
GRWD1,HepG2,chr7:5357285:G:A,0,2,-0.4799318313598633,modal,cuda,QKI:K562
GRWD1,HepG2,chr7:5712876:G:A,0,2,0.3376331329345703,modal,cuda,QKI:K562
GRWD1,HepG2,chr7:65974348:C:T,1,2,-0.6732523441314697,modal,cuda,QKI:K562
GRWD1,HepG2,chr7:65974349:C:T,1,2,-1.0341051816940308,modal,cuda,QKI:K562
GRWD1,HepG2,chr7:66089180:G:A,1,2,-1.2849246263504028,modal,cuda,QKI:K562
GRWD1,HepG2,chr7:73573979:C:T,0,2,0.05692338943481445,modal,cuda,QKI:K562
GRWD1,HepG2,chr7:73595675:C:T,0,2,0.18729019165039062,modal,cuda,QKI:K562
GRWD1,HepG2,chr7:73595904:C:T,0,2,0.2592923641204834,modal,cuda,QKI:K562
GRWD1,HepG2,chr7:73596855:G:A,0,2,0.14180421829223633,modal,cuda,QKI:K562
GRWD1,HepG2,chr7:73605715:T:G,0,2,0.319655179977417,modal,cuda,QKI:K562
GRWD1,HepG2,chr7:842037:G:A,0,2,-0.48984575271606445,modal,cuda,QKI:K562
GRWD1,HepG2,chr7:842045:C:T,0,2,-0.506321907043457,modal,cuda,QKI:K562
GRWD1,HepG2,chr7:860183:G:T,0,2,-0.11985433101654053,modal,cuda,QKI:K562
GRWD1,HepG2,chr7:860249:C:T,0,2,-0.10394549369812012,modal,cuda,QKI:K562
GRWD1,HepG2,chr7:92045220:G:C,0,2,0.5886518955230713,modal,cuda,QKI:K562
GRWD1,HepG2,chr7:92532521:A:C,0,2,0.9318981170654297,modal,cuda,QKI:K562
GRWD1,HepG2,chr7:95269499:G:A,0,2,0.20611166954040527,modal,cuda,QKI:K562
GRWD1,HepG2,chr7:95405509:A:T,0,2,0.5283582210540771,modal,cuda,QKI:K562
GRWD1,HepG2,chr7:96208849:G:A,1,2,-1.3386609554290771,modal,cuda,QKI:K562
GRWD1,HepG2,chr7:97858410:A:C,1,2,-0.824264407157898,modal,cuda,QKI:K562
GRWD1,HepG2,chr7:97858418:G:A,0,2,-0.2772407531738281,modal,cuda,QKI:K562
GRWD1,HepG2,chr7:98983477:G:A,0,2,0.6290907859802246,modal,cuda,QKI:K562
GRWD1,HepG2,chr7:98984362:C:A,0,2,0.2191934585571289,modal,cuda,QKI:K562
GRWD1,HepG2,chr7:99385711:C:T,0,2,0.550146222114563,modal,cuda,QKI:K562
GRWD1,HepG2,chr7:99385798:C:T,0,2,-0.1735832691192627,modal,cuda,QKI:K562
GRWD1,HepG2,chr7:99404853:C:A,0,2,-0.8491048812866211,modal,cuda,QKI:K562
GRWD1,HepG2,chr8:100923937:A:C,0,0,-0.9702777862548828,modal,cuda,QKI:K562
GRWD1,HepG2,chr8:100924055:G:A,0,0,-0.4007558822631836,modal,cuda,QKI:K562
GRWD1,HepG2,chr8:102232195:C:T,1,0,1.1755318641662598,modal,cuda,QKI:K562
GRWD1,HepG2,chr8:140572797:T:C,0,0,1.0367896556854248,modal,cuda,QKI:K562
GRWD1,HepG2,chr8:140668299:G:A,0,0,-0.20800042152404785,modal,cuda,QKI:K562
GRWD1,HepG2,chr8:140668359:G:A,0,0,0.23557806015014648,modal,cuda,QKI:K562
GRWD1,HepG2,chr8:140800487:C:T,0,0,1.249814748764038,modal,cuda,QKI:K562
GRWD1,HepG2,chr8:140800505:C:A,0,0,-0.43216127157211304,modal,cuda,QKI:K562
GRWD1,HepG2,chr8:143315717:G:A,0,0,0.8787435293197632,modal,cuda,QKI:K562
GRWD1,HepG2,chr8:143821588:G:A,0,0,0.3317985534667969,modal,cuda,QKI:K562
GRWD1,HepG2,chr8:143938609:C:G,0,0,0.9577789306640625,modal,cuda,QKI:K562
GRWD1,HepG2,chr8:143938609:C:T,0,0,0.5171478986740112,modal,cuda,QKI:K562
GRWD1,HepG2,chr8:144438635:G:A,0,0,0.12929487228393555,modal,cuda,QKI:K562
GRWD1,HepG2,chr8:144443098:C:T,0,0,1.220056414604187,modal,cuda,QKI:K562
GRWD1,HepG2,chr8:144515758:T:A,0,0,-0.3272523880004883,modal,cuda,QKI:K562
GRWD1,HepG2,chr8:144515800:G:A,1,0,0.9052133560180664,modal,cuda,QKI:K562
GRWD1,HepG2,chr8:144516578:G:A,1,0,-0.6608922481536865,modal,cuda,QKI:K562
GRWD1,HepG2,chr8:144517085:G:A,1,0,-1.843317985534668,modal,cuda,QKI:K562
GRWD1,HepG2,chr8:17655975:T:C,0,0,0.4284369945526123,modal,cuda,QKI:K562
GRWD1,HepG2,chr8:17953081:G:A,0,0,0.5045473575592041,modal,cuda,QKI:K562
GRWD1,HepG2,chr8:17960417:A:G,0,0,-0.21199798583984375,modal,cuda,QKI:K562
GRWD1,HepG2,chr8:17964628:C:T,0,0,0.3702058792114258,modal,cuda,QKI:K562
GRWD1,HepG2,chr8:18011284:G:C,0,0,0.45144832134246826,modal,cuda,QKI:K562
GRWD1,HepG2,chr8:18011290:T:C,0,0,-0.17988991737365723,modal,cuda,QKI:K562
GRWD1,HepG2,chr8:18075586:C:T,1,0,0.2787132263183594,modal,cuda,QKI:K562
GRWD1,HepG2,chr8:18075590:G:A,0,0,0.4070875644683838,modal,cuda,QKI:K562
GRWD1,HepG2,chr8:22630437:G:A,0,0,0.22034287452697754,modal,cuda,QKI:K562
GRWD1,HepG2,chr8:27606346:C:G,0,0,-0.8821970224380493,modal,cuda,QKI:K562
GRWD1,HepG2,chr8:27606389:C:T,0,0,1.1072574853897095,modal,cuda,QKI:K562
GRWD1,HepG2,chr8:27609061:G:A,0,0,0.44591593742370605,modal,cuda,QKI:K562
GRWD1,HepG2,chr8:30612288:A:C,0,0,-0.4598374366760254,modal,cuda,QKI:K562
GRWD1,HepG2,chr8:30612294:A:G,0,0,-0.829803466796875,modal,cuda,QKI:K562
GRWD1,HepG2,chr8:30614598:A:C,0,0,0.5989829301834106,modal,cuda,QKI:K562
GRWD1,HepG2,chr8:37753541:G:A,0,0,1.1192803382873535,modal,cuda,QKI:K562
GRWD1,HepG2,chr8:38252199:G:A,1,0,-0.613222599029541,modal,cuda,QKI:K562
GRWD1,HepG2,chr8:38252216:C:T,1,0,2.026888370513916,modal,cuda,QKI:K562
GRWD1,HepG2,chr8:38421777:G:A,0,0,0.9172470569610596,modal,cuda,QKI:K562
GRWD1,HepG2,chr8:38428101:G:T,0,0,1.3856170177459717,modal,cuda,QKI:K562
GRWD1,HepG2,chr8:38428118:C:G,0,0,-0.08040690422058105,modal,cuda,QKI:K562
GRWD1,HepG2,chr8:38819724:G:A,0,0,1.1019551753997803,modal,cuda,QKI:K562
GRWD1,HepG2,chr8:41974831:A:T,0,0,0.7860808372497559,modal,cuda,QKI:K562
GRWD1,HepG2,chr8:42316223:C:T,1,0,-1.7247143983840942,modal,cuda,QKI:K562
GRWD1,HepG2,chr8:42316265:C:T,1,0,-1.6552447080612183,modal,cuda,QKI:K562
GRWD1,HepG2,chr8:42316288:G:A,0,0,-0.24266862869262695,modal,cuda,QKI:K562
GRWD1,HepG2,chr8:42317785:A:T,0,0,0.6100516319274902,modal,cuda,QKI:K562
GRWD1,HepG2,chr8:42318584:C:T,1,0,-1.3013629913330078,modal,cuda,QKI:K562
GRWD1,HepG2,chr8:42319372:C:T,0,0,0.06112384796142578,modal,cuda,QKI:K562
GRWD1,HepG2,chr8:42329148:T:C,0,0,0.12685394287109375,modal,cuda,QKI:K562
GRWD1,HepG2,chr8:47700499:G:A,0,0,1.0299931764602661,modal,cuda,QKI:K562
GRWD1,HepG2,chr8:47712652:C:T,0,0,-1.118209958076477,modal,cuda,QKI:K562
GRWD1,HepG2,chr8:47712654:A:C,0,0,-0.8018309473991394,modal,cuda,QKI:K562
GRWD1,HepG2,chr8:47826879:C:A,0,0,-0.8086061477661133,modal,cuda,QKI:K562
GRWD1,HepG2,chr8:47933959:T:C,0,0,-0.7774519920349121,modal,cuda,QKI:K562
GRWD1,HepG2,chr8:47966411:C:T,0,0,0.3792839050292969,modal,cuda,QKI:K562
GRWD1,HepG2,chr8:47970896:G:A,0,0,0.3495771884918213,modal,cuda,QKI:K562
GRWD1,HepG2,chr8:56074162:A:G,0,0,-0.5489205121994019,modal,cuda,QKI:K562
GRWD1,HepG2,chr8:60678877:C:T,0,0,1.0115807056427002,modal,cuda,QKI:K562
GRWD1,HepG2,chr8:60800447:G:T,0,0,0.20923972129821777,modal,cuda,QKI:K562
GRWD1,HepG2,chr8:60800520:C:T,1,0,-0.4795140027999878,modal,cuda,QKI:K562
GRWD1,HepG2,chr8:60822607:T:G,1,0,-0.7105879783630371,modal,cuda,QKI:K562
GRWD1,HepG2,chr8:60822634:A:G,1,0,-1.3019204139709473,modal,cuda,QKI:K562
GRWD1,HepG2,chr8:60822636:T:G,1,0,-0.840334415435791,modal,cuda,QKI:K562
GRWD1,HepG2,chr8:60822638:G:C,1,0,-0.7313346862792969,modal,cuda,QKI:K562
GRWD1,HepG2,chr8:60822651:C:T,1,0,1.1912137269973755,modal,cuda,QKI:K562
GRWD1,HepG2,chr8:60823911:T:A,1,0,-1.726965308189392,modal,cuda,QKI:K562
GRWD1,HepG2,chr8:60824016:G:C,1,0,0.3948519229888916,modal,cuda,QKI:K562
GRWD1,HepG2,chr8:60824021:G:C,1,0,0.4456169605255127,modal,cuda,QKI:K562
GRWD1,HepG2,chr8:60830440:A:C,1,0,-0.6311564445495605,modal,cuda,QKI:K562
GRWD1,HepG2,chr8:60830440:A:G,1,0,0.34485530853271484,modal,cuda,QKI:K562
GRWD1,HepG2,chr8:60830450:T:C,0,0,0.6908085346221924,modal,cuda,QKI:K562
GRWD1,HepG2,chr8:60830454:C:T,1,0,-1.4771020412445068,modal,cuda,QKI:K562
GRWD1,HepG2,chr8:60830494:G:A,0,0,1.0861363410949707,modal,cuda,QKI:K562
GRWD1,HepG2,chr8:60830495:C:T,0,0,0.5228203535079956,modal,cuda,QKI:K562
GRWD1,HepG2,chr8:60830496:G:A,0,0,1.1018487215042114,modal,cuda,QKI:K562
GRWD1,HepG2,chr8:60830567:C:G,1,0,1.5165448188781738,modal,cuda,QKI:K562
GRWD1,HepG2,chr8:60830569:T:G,1,0,-1.7221012115478516,modal,cuda,QKI:K562
GRWD1,HepG2,chr8:60830578:G:A,1,0,2.3423850536346436,modal,cuda,QKI:K562
GRWD1,HepG2,chr8:60836199:T:C,1,0,-0.3996772766113281,modal,cuda,QKI:K562
GRWD1,HepG2,chr8:60838075:G:A,1,0,0.42432308197021484,modal,cuda,QKI:K562
GRWD1,HepG2,chr8:60838082:C:T,1,0,1.113774299621582,modal,cuda,QKI:K562
GRWD1,HepG2,chr8:60838097:G:T,1,0,1.0963809490203857,modal,cuda,QKI:K562
GRWD1,HepG2,chr8:60838115:C:T,1,0,1.250739574432373,modal,cuda,QKI:K562
GRWD1,HepG2,chr8:60838129:T:G,1,0,-1.3483712673187256,modal,cuda,QKI:K562
GRWD1,HepG2,chr8:60841940:G:T,1,0,-1.6967750787734985,modal,cuda,QKI:K562
GRWD1,HepG2,chr8:60841985:C:T,1,0,-0.6216244697570801,modal,cuda,QKI:K562
GRWD1,HepG2,chr8:60841995:C:G,1,0,-0.4431190490722656,modal,cuda,QKI:K562
GRWD1,HepG2,chr8:60841997:C:T,1,0,-0.36377787590026855,modal,cuda,QKI:K562
GRWD1,HepG2,chr8:60845007:G:A,1,0,0.934868335723877,modal,cuda,QKI:K562
GRWD1,HepG2,chr8:60845036:C:T,1,0,0.9411501884460449,modal,cuda,QKI:K562
GRWD1,HepG2,chr8:60845042:C:T,1,0,0.7024390697479248,modal,cuda,QKI:K562
GRWD1,HepG2,chr8:60845052:T:C,0,0,0.8102314472198486,modal,cuda,QKI:K562
GRWD1,HepG2,chr8:60845063:G:A,1,0,0.8396823406219482,modal,cuda,QKI:K562
GRWD1,HepG2,chr8:60845064:G:A,1,0,0.64870285987854,modal,cuda,QKI:K562
GRWD1,HepG2,chr8:60845064:G:C,1,0,-0.7513341903686523,modal,cuda,QKI:K562
GRWD1,HepG2,chr8:60845300:C:T,1,0,-1.5298444032669067,modal,cuda,QKI:K562
GRWD1,HepG2,chr8:60845309:C:T,1,0,-0.7391835451126099,modal,cuda,QKI:K562
GRWD1,HepG2,chr8:60845313:C:T,0,0,1.0178828239440918,modal,cuda,QKI:K562
GRWD1,HepG2,chr8:60845322:A:G,0,0,-0.7261035442352295,modal,cuda,QKI:K562
GRWD1,HepG2,chr8:60845347:C:T,0,0,-0.15746787190437317,modal,cuda,QKI:K562
GRWD1,HepG2,chr8:60845380:C:G,1,0,-1.002593755722046,modal,cuda,QKI:K562
GRWD1,HepG2,chr8:60845380:C:T,0,0,0.30152273178100586,modal,cuda,QKI:K562
GRWD1,HepG2,chr8:60848573:G:A,0,0,0.6451753377914429,modal,cuda,QKI:K562
GRWD1,HepG2,chr8:60848576:G:A,0,0,-1.2665536403656006,modal,cuda,QKI:K562
GRWD1,HepG2,chr8:60848605:G:A,1,0,-0.3677252531051636,modal,cuda,QKI:K562
GRWD1,HepG2,chr8:60850475:C:A,1,0,0.6767131090164185,modal,cuda,QKI:K562
GRWD1,HepG2,chr8:60850476:G:A,1,0,0.5219610929489136,modal,cuda,QKI:K562
GRWD1,HepG2,chr8:60850480:G:A,1,0,0.6013891696929932,modal,cuda,QKI:K562
GRWD1,HepG2,chr8:60850486:G:A,1,0,0.8377350568771362,modal,cuda,QKI:K562
GRWD1,HepG2,chr8:60850491:A:G,1,0,-0.7539318799972534,modal,cuda,QKI:K562
GRWD1,HepG2,chr8:60850493:G:T,1,0,0.4611858129501343,modal,cuda,QKI:K562
GRWD1,HepG2,chr8:60850506:C:G,1,0,-1.164199948310852,modal,cuda,QKI:K562
GRWD1,HepG2,chr8:60850516:C:T,1,0,0.8626575469970703,modal,cuda,QKI:K562
GRWD1,HepG2,chr8:60850523:A:G,1,0,0.41171741485595703,modal,cuda,QKI:K562
GRWD1,HepG2,chr8:60850546:C:T,1,0,0.8009240627288818,modal,cuda,QKI:K562
GRWD1,HepG2,chr8:60852942:C:T,1,0,-1.4242061376571655,modal,cuda,QKI:K562
GRWD1,HepG2,chr8:60852968:C:A,1,0,1.5072687864303589,modal,cuda,QKI:K562
GRWD1,HepG2,chr8:60852986:G:A,0,0,0.8351055383682251,modal,cuda,QKI:K562
GRWD1,HepG2,chr8:60852997:G:A,1,0,-0.9325109720230103,modal,cuda,QKI:K562
GRWD1,HepG2,chr8:60852998:G:A,1,0,-1.2200242280960083,modal,cuda,QKI:K562
GRWD1,HepG2,chr8:60853001:G:A,0,0,0.8190770149230957,modal,cuda,QKI:K562
GRWD1,HepG2,chr8:60853014:G:C,1,0,0.7659969329833984,modal,cuda,QKI:K562
GRWD1,HepG2,chr8:60853017:C:T,1,0,-1.6938482522964478,modal,cuda,QKI:K562
GRWD1,HepG2,chr8:60853047:G:T,1,0,0.5103919506072998,modal,cuda,QKI:K562
GRWD1,HepG2,chr8:60853109:T:G,0,0,-0.3515744209289551,modal,cuda,QKI:K562
GRWD1,HepG2,chr8:60853117:T:G,0,0,0.17701387405395508,modal,cuda,QKI:K562
GRWD1,HepG2,chr8:60853144:C:T,0,0,-0.2765679359436035,modal,cuda,QKI:K562
GRWD1,HepG2,chr8:60853164:G:A,0,0,0.26036739349365234,modal,cuda,QKI:K562
GRWD1,HepG2,chr8:60853171:G:A,0,0,-0.4207601547241211,modal,cuda,QKI:K562
GRWD1,HepG2,chr8:60853179:C:T,1,0,-0.43899238109588623,modal,cuda,QKI:K562
GRWD1,HepG2,chr8:60853198:C:A,1,0,-1.1420209407806396,modal,cuda,QKI:K562
GRWD1,HepG2,chr8:60853200:T:C,0,0,-0.42909789085388184,modal,cuda,QKI:K562
GRWD1,HepG2,chr8:60853210:T:C,0,0,-0.5937213897705078,modal,cuda,QKI:K562
GRWD1,HepG2,chr8:60853397:C:T,0,0,0.5326367616653442,modal,cuda,QKI:K562
GRWD1,HepG2,chr8:60853402:A:G,0,0,-0.586464524269104,modal,cuda,QKI:K562
GRWD1,HepG2,chr8:60853405:C:G,0,0,-0.5055006742477417,modal,cuda,QKI:K562
GRWD1,HepG2,chr8:60853406:T:G,0,0,-1.8185679912567139,modal,cuda,QKI:K562
GRWD1,HepG2,chr8:60853457:G:A,0,0,-0.23856353759765625,modal,cuda,QKI:K562
GRWD1,HepG2,chr8:60853463:G:A,0,0,-0.21950769424438477,modal,cuda,QKI:K562
GRWD1,HepG2,chr8:60853501:G:A,1,0,1.1863443851470947,modal,cuda,QKI:K562
GRWD1,HepG2,chr8:60853501:G:T,1,0,0.725191593170166,modal,cuda,QKI:K562
GRWD1,HepG2,chr8:60856721:C:T,1,0,-0.3654160499572754,modal,cuda,QKI:K562
GRWD1,HepG2,chr8:60856726:G:A,0,0,0.47809505462646484,modal,cuda,QKI:K562
GRWD1,HepG2,chr8:60856749:C:T,0,0,0.9410396814346313,modal,cuda,QKI:K562
GRWD1,HepG2,chr8:61555978:A:T,1,0,-0.8776841163635254,modal,cuda,QKI:K562
GRWD1,HepG2,chr8:61714403:C:T,0,0,0.4434589743614197,modal,cuda,QKI:K562
GRWD1,HepG2,chr8:61714445:A:G,0,0,0.20884078741073608,modal,cuda,QKI:K562
GRWD1,HepG2,chr8:61714548:C:G,0,0,1.0938780307769775,modal,cuda,QKI:K562
GRWD1,HepG2,chr8:67201570:G:A,1,0,-0.47263216972351074,modal,cuda,QKI:K562
GRWD1,HepG2,chr8:70216728:T:C,0,0,-0.6189754009246826,modal,cuda,QKI:K562
GRWD1,HepG2,chr8:91071196:A:G,0,0,0.42039012908935547,modal,cuda,QKI:K562
GRWD1,HepG2,chr8:96231837:C:T,0,0,-0.7226176261901855,modal,cuda,QKI:K562
GRWD1,HepG2,chr8:96233140:C:G,0,0,0.8078546524047852,modal,cuda,QKI:K562
GRWD1,HepG2,chr8:99038429:A:T,1,0,0.5693770051002502,modal,cuda,QKI:K562
GRWD1,HepG2,chr8:99038453:G:T,1,0,-0.6517161130905151,modal,cuda,QKI:K562
GRWD1,HepG2,chr8:99111181:G:T,1,0,1.6132221221923828,modal,cuda,QKI:K562
GRWD1,HepG2,chr9:104845460:G:A,0,4,-0.16315507888793945,modal,cuda,QKI:K562
GRWD1,HepG2,chr9:108912460:A:C,1,4,-1.1268925666809082,modal,cuda,QKI:K562
GRWD1,HepG2,chr9:112409029:T:C,0,4,-2.1759769916534424,modal,cuda,QKI:K562
GRWD1,HepG2,chr9:113390398:C:A,0,4,1.8169317245483398,modal,cuda,QKI:K562
GRWD1,HepG2,chr9:113390786:G:A,0,4,0.9980916976928711,modal,cuda,QKI:K562
GRWD1,HepG2,chr9:114240286:C:T,0,4,0.08769285678863525,modal,cuda,QKI:K562
GRWD1,HepG2,chr9:114258525:T:C,0,4,0.2828841209411621,modal,cuda,QKI:K562
GRWD1,HepG2,chr9:114258602:G:A,0,4,0.5812711715698242,modal,cuda,QKI:K562
GRWD1,HepG2,chr9:114275643:T:G,0,4,-0.12798941135406494,modal,cuda,QKI:K562
GRWD1,HepG2,chr9:114275787:T:A,0,4,-2.845846652984619,modal,cuda,QKI:K562
GRWD1,HepG2,chr9:114288530:C:G,0,4,-0.39551883935928345,modal,cuda,QKI:K562
GRWD1,HepG2,chr9:114289306:C:G,0,4,-0.9098615050315857,modal,cuda,QKI:K562
GRWD1,HepG2,chr9:114289307:G:A,0,4,0.951633632183075,modal,cuda,QKI:K562
GRWD1,HepG2,chr9:120402886:G:A,1,4,1.1015710830688477,modal,cuda,QKI:K562
GRWD1,HepG2,chr9:120408401:G:A,1,4,-1.6248438358306885,modal,cuda,QKI:K562
GRWD1,HepG2,chr9:120409173:G:A,1,4,-2.568418025970459,modal,cuda,QKI:K562
GRWD1,HepG2,chr9:120409185:C:A,1,4,-1.5881977081298828,modal,cuda,QKI:K562
GRWD1,HepG2,chr9:120437349:G:A,1,4,-0.6852371096611023,modal,cuda,QKI:K562
GRWD1,HepG2,chr9:120439661:G:A,1,4,0.44745802879333496,modal,cuda,QKI:K562
GRWD1,HepG2,chr9:120443703:C:T,0,4,0.5537344217300415,modal,cuda,QKI:K562
GRWD1,HepG2,chr9:120477335:G:C,0,4,-0.8166790008544922,modal,cuda,QKI:K562
GRWD1,HepG2,chr9:120518459:G:A,1,4,2.7506237030029297,modal,cuda,QKI:K562
GRWD1,HepG2,chr9:120530076:C:A,1,4,2.2217586040496826,modal,cuda,QKI:K562
GRWD1,HepG2,chr9:120530103:C:A,1,4,1.746227741241455,modal,cuda,QKI:K562
GRWD1,HepG2,chr9:120545742:C:A,1,4,-0.4071044325828552,modal,cuda,QKI:K562
GRWD1,HepG2,chr9:120545794:C:T,0,4,0.2159939408302307,modal,cuda,QKI:K562
GRWD1,HepG2,chr9:120550848:G:A,1,4,-0.11199951171875,modal,cuda,QKI:K562
GRWD1,HepG2,chr9:120550852:A:T,1,4,1.368218183517456,modal,cuda,QKI:K562
GRWD1,HepG2,chr9:120571998:G:C,0,4,-0.6017796993255615,modal,cuda,QKI:K562
GRWD1,HepG2,chr9:124861577:C:G,0,4,0.2983092963695526,modal,cuda,QKI:K562
GRWD1,HepG2,chr9:127455612:C:T,1,4,1.3218986988067627,modal,cuda,QKI:K562
GRWD1,HepG2,chr9:127462332:C:T,1,4,-0.4551151990890503,modal,cuda,QKI:K562
GRWD1,HepG2,chr9:127482992:T:A,0,4,-0.3711279034614563,modal,cuda,QKI:K562
GRWD1,HepG2,chr9:127483005:C:T,1,4,-1.8058781623840332,modal,cuda,QKI:K562
GRWD1,HepG2,chr9:128177546:C:T,0,4,1.4306350946426392,modal,cuda,QKI:K562
GRWD1,HepG2,chr9:128179427:C:A,0,4,0.3563879728317261,modal,cuda,QKI:K562
GRWD1,HepG2,chr9:128325935:G:A,0,4,-2.5315284729003906,modal,cuda,QKI:K562
GRWD1,HepG2,chr9:128574820:G:A,0,4,1.3898844718933105,modal,cuda,QKI:K562
GRWD1,HepG2,chr9:128576976:T:C,0,4,0.44226527214050293,modal,cuda,QKI:K562
GRWD1,HepG2,chr9:128584269:T:G,0,4,0.48894453048706055,modal,cuda,QKI:K562
GRWD1,HepG2,chr9:128585985:G:A,0,4,1.0206977128982544,modal,cuda,QKI:K562
GRWD1,HepG2,chr9:128607590:G:T,0,4,0.46726298332214355,modal,cuda,QKI:K562
GRWD1,HepG2,chr9:128607723:G:C,0,4,-1.6371803283691406,modal,cuda,QKI:K562
GRWD1,HepG2,chr9:128608114:C:T,0,4,-0.4034240245819092,modal,cuda,QKI:K562
GRWD1,HepG2,chr9:128608282:G:A,0,4,-0.24764752388000488,modal,cuda,QKI:K562
GRWD1,HepG2,chr9:128611865:G:A,0,4,0.3215625286102295,modal,cuda,QKI:K562
GRWD1,HepG2,chr9:128617624:C:T,0,4,-0.21150624752044678,modal,cuda,QKI:K562
GRWD1,HepG2,chr9:128617972:G:A,0,4,2.875138521194458,modal,cuda,QKI:K562
GRWD1,HepG2,chr9:128692656:G:A,0,4,-2.640622138977051,modal,cuda,QKI:K562
GRWD1,HepG2,chr9:128693624:C:T,0,4,2.6580023765563965,modal,cuda,QKI:K562
GRWD1,HepG2,chr9:128826609:G:C,0,4,-0.6161044836044312,modal,cuda,QKI:K562
GRWD1,HepG2,chr9:128827130:C:T,0,4,0.4187955856323242,modal,cuda,QKI:K562
GRWD1,HepG2,chr9:128987723:G:T,0,4,0.2005448341369629,modal,cuda,QKI:K562
GRWD1,HepG2,chr9:130699309:C:T,0,4,-0.786462128162384,modal,cuda,QKI:K562
GRWD1,HepG2,chr9:130702190:C:G,0,4,-0.6176098585128784,modal,cuda,QKI:K562
GRWD1,HepG2,chr9:131474730:G:A,0,4,1.033491611480713,modal,cuda,QKI:K562
GRWD1,HepG2,chr9:132901697:C:G,0,4,0.4518660306930542,modal,cuda,QKI:K562
GRWD1,HepG2,chr9:132927200:C:A,1,4,1.6547486782073975,modal,cuda,QKI:K562
GRWD1,HepG2,chr9:132927200:C:T,1,4,1.3301961421966553,modal,cuda,QKI:K562
GRWD1,HepG2,chr9:132927218:G:A,1,4,1.3584787845611572,modal,cuda,QKI:K562
GRWD1,HepG2,chr9:132927220:A:T,1,4,1.6264398097991943,modal,cuda,QKI:K562
GRWD1,HepG2,chr9:132927229:A:G,1,4,-0.2807208299636841,modal,cuda,QKI:K562
GRWD1,HepG2,chr9:132927248:G:A,1,4,1.1222326755523682,modal,cuda,QKI:K562
GRWD1,HepG2,chr9:132927264:G:C,1,4,1.302506446838379,modal,cuda,QKI:K562
GRWD1,HepG2,chr9:133705039:G:A,0,4,0.1809161901473999,modal,cuda,QKI:K562
GRWD1,HepG2,chr9:135503554:G:A,0,4,0.6285029649734497,modal,cuda,QKI:K562
GRWD1,HepG2,chr9:135503570:C:T,1,4,0.3012886047363281,modal,cuda,QKI:K562
GRWD1,HepG2,chr9:135503577:A:G,0,4,-0.2531641721725464,modal,cuda,QKI:K562
GRWD1,HepG2,chr9:135503714:A:G,0,4,-0.159529447555542,modal,cuda,QKI:K562
GRWD1,HepG2,chr9:135503721:G:A,0,4,0.3944288492202759,modal,cuda,QKI:K562
GRWD1,HepG2,chr9:136461169:G:A,0,4,0.417657732963562,modal,cuda,QKI:K562
GRWD1,HepG2,chr9:137096361:C:T,0,4,0.4869701862335205,modal,cuda,QKI:K562
GRWD1,HepG2,chr9:137096401:G:A,0,4,0.5568175315856934,modal,cuda,QKI:K562
GRWD1,HepG2,chr9:137106119:C:T,0,4,0.682742714881897,modal,cuda,QKI:K562
GRWD1,HepG2,chr9:137106120:C:T,0,4,-0.4180335998535156,modal,cuda,QKI:K562
GRWD1,HepG2,chr9:137107414:C:G,1,4,-1.0434203147888184,modal,cuda,QKI:K562
GRWD1,HepG2,chr9:137107444:C:G,0,4,-0.32701802253723145,modal,cuda,QKI:K562
GRWD1,HepG2,chr9:137450159:G:A,0,4,-0.25278234481811523,modal,cuda,QKI:K562
GRWD1,HepG2,chr9:137710980:G:T,0,4,0.9719221591949463,modal,cuda,QKI:K562
GRWD1,HepG2,chr9:137710987:G:A,0,4,0.3064280152320862,modal,cuda,QKI:K562
GRWD1,HepG2,chr9:137710991:C:T,1,4,-1.1845061779022217,modal,cuda,QKI:K562
GRWD1,HepG2,chr9:137711036:G:A,0,4,-0.6932847499847412,modal,cuda,QKI:K562
GRWD1,HepG2,chr9:137728555:T:C,0,4,-0.7410452365875244,modal,cuda,QKI:K562
GRWD1,HepG2,chr9:137743893:G:A,0,4,0.3790079355239868,modal,cuda,QKI:K562
GRWD1,HepG2,chr9:137777864:C:T,0,4,2.9681308269500732,modal,cuda,QKI:K562
GRWD1,HepG2,chr9:137790994:C:T,0,4,0.12267518043518066,modal,cuda,QKI:K562
GRWD1,HepG2,chr9:137814410:C:T,0,4,0.3479034900665283,modal,cuda,QKI:K562
GRWD1,HepG2,chr9:137814416:C:T,0,4,-0.3891065716743469,modal,cuda,QKI:K562
GRWD1,HepG2,chr9:137814421:C:G,0,4,-0.22023719549179077,modal,cuda,QKI:K562
GRWD1,HepG2,chr9:14750218:A:G,0,4,0.33888745307922363,modal,cuda,QKI:K562
GRWD1,HepG2,chr9:14770660:G:T,0,4,0.4473154544830322,modal,cuda,QKI:K562
GRWD1,HepG2,chr9:14857742:T:C,0,4,-0.3580430746078491,modal,cuda,QKI:K562
GRWD1,HepG2,chr9:14857746:A:C,0,4,-1.309298038482666,modal,cuda,QKI:K562
GRWD1,HepG2,chr9:14863865:A:G,0,4,-0.4482991695404053,modal,cuda,QKI:K562
GRWD1,HepG2,chr9:15225949:C:T,0,4,1.6080818176269531,modal,cuda,QKI:K562
GRWD1,HepG2,chr9:15510109:T:C,0,4,-0.42321813106536865,modal,cuda,QKI:K562
GRWD1,HepG2,chr9:2104184:C:T,0,4,-0.4340486526489258,modal,cuda,QKI:K562
GRWD1,HepG2,chr9:2104193:C:T,0,4,1.0688449144363403,modal,cuda,QKI:K562
GRWD1,HepG2,chr9:2104194:G:A,0,4,1.6000083684921265,modal,cuda,QKI:K562
GRWD1,HepG2,chr9:34646706:T:G,1,4,1.1588951349258423,modal,cuda,QKI:K562
GRWD1,HepG2,chr9:34647166:C:T,1,4,-0.4749244451522827,modal,cuda,QKI:K562
GRWD1,HepG2,chr9:34647172:C:T,1,4,-0.7154784202575684,modal,cuda,QKI:K562
GRWD1,HepG2,chr9:34647190:C:A,0,4,-0.48328638076782227,modal,cuda,QKI:K562
GRWD1,HepG2,chr9:35684743:G:A,1,4,-2.6264424324035645,modal,cuda,QKI:K562
GRWD1,HepG2,chr9:35684765:G:C,1,4,0.7165982723236084,modal,cuda,QKI:K562
GRWD1,HepG2,chr9:35689952:A:T,0,4,0.38172388076782227,modal,cuda,QKI:K562
GRWD1,HepG2,chr9:35689953:A:T,0,4,-0.17267489433288574,modal,cuda,QKI:K562
GRWD1,HepG2,chr9:35689954:A:T,0,4,-1.601082444190979,modal,cuda,QKI:K562
GRWD1,HepG2,chr9:35744592:A:G,0,4,0.2211928367614746,modal,cuda,QKI:K562
GRWD1,HepG2,chr9:5720172:C:G,0,4,0.224806547164917,modal,cuda,QKI:K562
GRWD1,HepG2,chr9:6605121:G:A,0,4,0.11806932091712952,modal,cuda,QKI:K562
GRWD1,HepG2,chr9:6849518:A:G,0,4,-0.6618137359619141,modal,cuda,QKI:K562
GRWD1,HepG2,chr9:69246793:A:G,1,4,-1.4503945112228394,modal,cuda,QKI:K562
GRWD1,HepG2,chr9:69248122:C:T,0,4,0.8489711880683899,modal,cuda,QKI:K562
GRWD1,HepG2,chr9:69248154:T:C,0,4,-0.6170129776000977,modal,cuda,QKI:K562
GRWD1,HepG2,chr9:69248213:C:T,1,4,-0.47378969192504883,modal,cuda,QKI:K562
GRWD1,HepG2,chr9:712674:C:T,0,4,0.5908350944519043,modal,cuda,QKI:K562
GRWD1,HepG2,chr9:713307:A:G,0,4,0.11738443374633789,modal,cuda,QKI:K562
GRWD1,HepG2,chr9:730054:A:G,0,4,-0.3557877540588379,modal,cuda,QKI:K562
GRWD1,HepG2,chr9:738509:G:A,0,4,1.3941895961761475,modal,cuda,QKI:K562
GRWD1,HepG2,chr9:740901:C:T,0,4,0.37678492069244385,modal,cuda,QKI:K562
GRWD1,HepG2,chr9:78317658:T:A,0,4,0.2739889621734619,modal,cuda,QKI:K562
GRWD1,HepG2,chr9:83973901:C:T,1,4,0.6028343439102173,modal,cuda,QKI:K562
GRWD1,HepG2,chr9:83977684:T:C,0,4,-0.794426441192627,modal,cuda,QKI:K562
GRWD1,HepG2,chr9:87637937:T:C,0,4,0.41461318731307983,modal,cuda,QKI:K562
GRWD1,HepG2,chr9:87728350:C:A,0,4,-0.1877608299255371,modal,cuda,QKI:K562
GRWD1,HepG2,chr9:92265060:C:G,0,4,1.3484256267547607,modal,cuda,QKI:K562
GRWD1,HepG2,chr9:92271034:G:A,1,4,1.188838005065918,modal,cuda,QKI:K562
GRWD1,HepG2,chr9:92271064:T:C,0,4,-0.7947717905044556,modal,cuda,QKI:K562
GRWD1,HepG2,chr9:92274465:T:G,0,4,-0.4019935131072998,modal,cuda,QKI:K562
GRWD1,HepG2,chr9:92274466:T:C,0,4,0.13529634475708008,modal,cuda,QKI:K562
GRWD1,HepG2,chr9:95921268:C:A,0,4,-0.7068631649017334,modal,cuda,QKI:K562
GRWD1,HepG2,chr9:97675549:C:A,1,4,1.7576229572296143,modal,cuda,QKI:K562
GRWD1,HepG2,chr9:97675557:C:T,1,4,1.3041200637817383,modal,cuda,QKI:K562
GRWD1,HepG2,chr9:97983620:A:G,0,4,-0.39543747901916504,modal,cuda,QKI:K562
GRWD1,HepG2,chrX:119931930:G:A,0,2,0.6472707986831665,modal,cuda,QKI:K562
GRWD1,HepG2,chrX:123624678:G:A,0,2,-0.16532301902770996,modal,cuda,QKI:K562
GRWD1,HepG2,chrX:123624688:T:A,0,2,-1.7753233909606934,modal,cuda,QKI:K562
GRWD1,HepG2,chrX:124045161:T:C,0,2,-0.2071821689605713,modal,cuda,QKI:K562
GRWD1,HepG2,chrX:147945624:C:A,0,2,-0.15135860443115234,modal,cuda,QKI:K562
GRWD1,HepG2,chrX:153672995:G:A,0,2,0.2229628562927246,modal,cuda,QKI:K562
GRWD1,HepG2,chrX:154412084:A:G,1,2,-0.25772154331207275,modal,cuda,QKI:K562
GRWD1,HepG2,chrX:154412129:C:A,1,2,-0.33063220977783203,modal,cuda,QKI:K562
GRWD1,HepG2,chrX:154412130:G:T,1,2,-1.3971655368804932,modal,cuda,QKI:K562
GRWD1,HepG2,chrX:154412183:C:G,1,2,-0.08747029304504395,modal,cuda,QKI:K562
GRWD1,HepG2,chrX:154412212:G:A,1,2,-0.549866795539856,modal,cuda,QKI:K562
GRWD1,HepG2,chrX:154419579:T:A,1,2,-0.1918320655822754,modal,cuda,QKI:K562
GRWD1,HepG2,chrX:154419608:C:T,1,2,-0.04239487648010254,modal,cuda,QKI:K562
GRWD1,HepG2,chrX:154420676:G:C,1,2,-0.15280938148498535,modal,cuda,QKI:K562
GRWD1,HepG2,chrX:154764985:G:T,0,2,-0.9588395357131958,modal,cuda,QKI:K562
GRWD1,HepG2,chrX:154765450:C:A,1,2,-0.53936767578125,modal,cuda,QKI:K562
GRWD1,HepG2,chrX:154765465:T:G,1,2,-0.45847225189208984,modal,cuda,QKI:K562
GRWD1,HepG2,chrX:154765472:T:C,1,2,-0.8280950784683228,modal,cuda,QKI:K562
GRWD1,HepG2,chrX:154765478:C:G,1,2,-0.2662777900695801,modal,cuda,QKI:K562
GRWD1,HepG2,chrX:154765497:G:A,0,2,-0.29033708572387695,modal,cuda,QKI:K562
GRWD1,HepG2,chrX:154765505:C:T,1,2,0.26732540130615234,modal,cuda,QKI:K562
GRWD1,HepG2,chrX:154767358:G:A,1,2,-0.42176008224487305,modal,cuda,QKI:K562
GRWD1,HepG2,chrX:154774602:G:A,1,2,0.39530467987060547,modal,cuda,QKI:K562
GRWD1,HepG2,chrX:154774651:G:A,1,2,-0.2395765781402588,modal,cuda,QKI:K562
GRWD1,HepG2,chrX:154774706:G:A,1,2,0.9687527418136597,modal,cuda,QKI:K562
GRWD1,HepG2,chrX:154776216:C:T,0,2,0.6379131078720093,modal,cuda,QKI:K562
GRWD1,HepG2,chrX:154776279:G:A,0,2,0.44070813059806824,modal,cuda,QKI:K562
GRWD1,HepG2,chrX:154776964:A:G,0,2,-0.939672589302063,modal,cuda,QKI:K562
GRWD1,HepG2,chrX:18894339:G:A,0,2,0.4752172827720642,modal,cuda,QKI:K562
GRWD1,HepG2,chrX:18894344:G:A,1,2,-2.055037021636963,modal,cuda,QKI:K562
GRWD1,HepG2,chrX:18894364:G:T,1,2,-0.7638578414916992,modal,cuda,QKI:K562
GRWD1,HepG2,chrX:18894400:G:A,1,2,-0.5280474424362183,modal,cuda,QKI:K562
GRWD1,HepG2,chrX:19350122:G:A,0,2,0.3887118101119995,modal,cuda,QKI:K562
GRWD1,HepG2,chrX:19351254:T:G,0,2,0.29189538955688477,modal,cuda,QKI:K562
GRWD1,HepG2,chrX:19351270:C:T,0,2,-1.173558235168457,modal,cuda,QKI:K562
GRWD1,HepG2,chrX:19355513:A:G,0,2,-0.7214522361755371,modal,cuda,QKI:K562
GRWD1,HepG2,chrX:19355514:C:G,0,2,-0.3450690507888794,modal,cuda,QKI:K562
GRWD1,HepG2,chrX:20188479:C:T,0,2,0.3358151912689209,modal,cuda,QKI:K562
GRWD1,HepG2,chrX:20188484:A:G,0,2,-0.2425394058227539,modal,cuda,QKI:K562
GRWD1,HepG2,chrX:24179316:C:A,0,2,-1.2470635175704956,modal,cuda,QKI:K562
GRWD1,HepG2,chrX:24717403:A:G,0,2,-0.690764307975769,modal,cuda,QKI:K562
GRWD1,HepG2,chrX:24717480:C:T,0,2,0.17709892988204956,modal,cuda,QKI:K562
GRWD1,HepG2,chrX:48803118:T:C,0,2,-0.2360222339630127,modal,cuda,QKI:K562
GRWD1,HepG2,chrX:48815933:C:T,0,2,0.35105085372924805,modal,cuda,QKI:K562
GRWD1,HepG2,chrX:48816207:C:T,0,2,-0.2486777901649475,modal,cuda,QKI:K562
GRWD1,HepG2,chrX:48902240:A:G,0,2,-0.13822054862976074,modal,cuda,QKI:K562
GRWD1,HepG2,chrX:49076420:G:A,0,2,0.21023835241794586,modal,cuda,QKI:K562
GRWD1,HepG2,chrX:49076423:C:T,0,2,0.45454835891723633,modal,cuda,QKI:K562
GRWD1,HepG2,chrX:53211492:C:T,0,2,1.094097375869751,modal,cuda,QKI:K562
GRWD1,HepG2,chrX:53211545:G:C,1,2,1.039086937904358,modal,cuda,QKI:K562
GRWD1,HepG2,chrX:53216084:C:T,0,2,0.7544639706611633,modal,cuda,QKI:K562
GRWD1,HepG2,chrX:53217974:A:G,0,2,0.16884827613830566,modal,cuda,QKI:K562
GRWD1,HepG2,chrX:53405674:T:C,1,2,1.1051833629608154,modal,cuda,QKI:K562
GRWD1,HepG2,chrX:53405967:T:C,0,2,-0.2259526252746582,modal,cuda,QKI:K562
GRWD1,HepG2,chrX:53413227:C:T,1,2,-0.5346705913543701,modal,cuda,QKI:K562
GRWD1,HepG2,chrX:53538459:G:A,0,2,-0.22454047203063965,modal,cuda,QKI:K562
GRWD1,HepG2,chrX:53538464:G:A,0,2,-0.3843376636505127,modal,cuda,QKI:K562
GRWD1,HepG2,chrX:53554938:A:G,0,2,0.5853044986724854,modal,cuda,QKI:K562
GRWD1,HepG2,chrX:53561737:C:T,0,2,0.5086296796798706,modal,cuda,QKI:K562
GRWD1,HepG2,chrX:53561747:G:A,0,2,-0.09013700485229492,modal,cuda,QKI:K562
GRWD1,HepG2,chrX:53985957:A:G,0,2,0.6003977060317993,modal,cuda,QKI:K562
GRWD1,HepG2,chrX:65524123:G:T,0,2,-0.4712851047515869,modal,cuda,QKI:K562
GRWD1,HepG2,chrX:65524147:G:C,0,2,-0.3361928462982178,modal,cuda,QKI:K562
GRWD1,HepG2,chrX:71290740:C:T,1,2,0.3914695978164673,modal,cuda,QKI:K562
GRWD1,HepG2,chrX:71294213:C:T,0,2,-0.5752443075180054,modal,cuda,QKI:K562
GRWD1,HepG2,chrX:71294535:G:A,0,2,-0.3245874047279358,modal,cuda,QKI:K562
GRWD1,HepG2,chrX:71296841:T:C,0,2,0.25054144859313965,modal,cuda,QKI:K562
GRWD1,HepG2,chrX:71297065:A:C,0,2,-0.20421111583709717,modal,cuda,QKI:K562
GRWD1,HepG2,chrX:71297821:G:A,0,2,-1.0570588111877441,modal,cuda,QKI:K562
GRWD1,HepG2,chrX:71297828:C:T,0,2,-0.24957680702209473,modal,cuda,QKI:K562
GRWD1,HepG2,chrX:71368069:C:T,0,2,0.2067134976387024,modal,cuda,QKI:K562
GRWD1,HepG2,chrX:71368099:A:G,0,2,-0.8150995969772339,modal,cuda,QKI:K562
GRWD1,HepG2,chrX:71375250:A:G,0,2,-0.27069544792175293,modal,cuda,QKI:K562
GRWD1,HepG2,chrX:71375282:T:C,0,2,-0.3062248229980469,modal,cuda,QKI:K562
GRWD1,HepG2,chrX:71377722:G:A,0,2,-0.3814265727996826,modal,cuda,QKI:K562
GRWD1,HepG2,chrX:71377781:C:G,0,2,0.26096606254577637,modal,cuda,QKI:K562
GRWD1,HepG2,chrX:71378276:A:T,0,2,0.17506694793701172,modal,cuda,QKI:K562
GRWD1,HepG2,chrX:71392653:G:C,1,2,0.41103580594062805,modal,cuda,QKI:K562
GRWD1,HepG2,chrX:71394166:G:A,0,2,0.24640429019927979,modal,cuda,QKI:K562
GRWD1,HepG2,chrX:71394241:A:G,0,2,-0.7960296869277954,modal,cuda,QKI:K562
GRWD1,HepG2,chrX:71398752:G:A,0,2,0.8669687509536743,modal,cuda,QKI:K562
GRWD1,HepG2,chrX:71460710:A:G,0,2,-0.5682907104492188,modal,cuda,QKI:K562
GRWD1,HepG2,chrX:77618786:A:C,0,2,4.1196136474609375,modal,cuda,QKI:K562
GRWD1,HepG2,chrX:77636059:A:C,1,2,0.45893025398254395,modal,cuda,QKI:K562
GRWD1,HepG2,chrX:77676304:G:A,0,2,0.3271636962890625,modal,cuda,QKI:K562
GRWD1,HepG2,chrX:77684928:A:G,0,2,0.34205031394958496,modal,cuda,QKI:K562
GRWD1,HepG2,chrX:77688944:G:C,0,2,-0.44728028774261475,modal,cuda,QKI:K562
GRWD1,HepG2,chrX:77688945:C:T,0,2,-5.139218807220459,modal,cuda,QKI:K562
GRWD1,HepG2,chrX:77696569:C:T,0,2,0.4816439151763916,modal,cuda,QKI:K562
GRWD1,HepG2,chrX:77786015:C:T,0,2,0.898287296295166,modal,cuda,QKI:K562
