protein,cell,vid,label,fold,delta,platform,accelerator,weights_from
BCLAF1,HepG2,chr10:100152307:T:C,0,2,0.2699524164199829,modal,cuda,PPIL4:K562
BCLAF1,HepG2,chr10:100179248:C:T,1,2,1.444566011428833,modal,cuda,PPIL4:K562
BCLAF1,HepG2,chr10:100529822:T:C,0,2,-0.42839500308036804,modal,cuda,PPIL4:K562
BCLAF1,HepG2,chr10:103099964:G:A,1,2,2.420905828475952,modal,cuda,PPIL4:K562
BCLAF1,HepG2,chr10:103101271:T:A,1,2,-1.6561939716339111,modal,cuda,PPIL4:K562
BCLAF1,HepG2,chr10:103101286:G:A,1,2,1.3471444845199585,modal,cuda,PPIL4:K562
BCLAF1,HepG2,chr10:103139405:C:T,1,2,1.872404932975769,modal,cuda,PPIL4:K562
BCLAF1,HepG2,chr10:103139466:G:A,1,2,0.8328289985656738,modal,cuda,PPIL4:K562
BCLAF1,HepG2,chr10:103174874:G:A,1,2,-1.4171067476272583,modal,cuda,PPIL4:K562
BCLAF1,HepG2,chr10:103174952:T:C,0,2,0.7231404185295105,modal,cuda,PPIL4:K562
BCLAF1,HepG2,chr10:104263031:C:A,0,2,-0.4456971287727356,modal,cuda,PPIL4:K562
BCLAF1,HepG2,chr10:110284819:G:T,0,2,0.29484879970550537,modal,cuda,PPIL4:K562
BCLAF1,HepG2,chr10:112438345:A:G,0,2,-0.4968825578689575,modal,cuda,PPIL4:K562
BCLAF1,HepG2,chr10:113879701:T:A,0,2,0.540900468826294,modal,cuda,PPIL4:K562
BCLAF1,HepG2,chr10:119073061:G:C,0,2,-0.9830283522605896,modal,cuda,PPIL4:K562
BCLAF1,HepG2,chr10:119155116:C:T,0,2,0.7303698062896729,modal,cuda,PPIL4:K562
BCLAF1,HepG2,chr10:119155180:G:A,0,2,0.4335259199142456,modal,cuda,PPIL4:K562
BCLAF1,HepG2,chr10:11956529:A:T,0,2,-0.4382593631744385,modal,cuda,PPIL4:K562
BCLAF1,HepG2,chr10:119909036:T:A,0,2,0.1922142505645752,modal,cuda,PPIL4:K562
BCLAF1,HepG2,chr10:119912139:T:C,0,2,1.1340104341506958,modal,cuda,PPIL4:K562
BCLAF1,HepG2,chr10:119915739:C:A,0,2,-0.3672908544540405,modal,cuda,PPIL4:K562
BCLAF1,HepG2,chr10:119926047:G:A,0,2,0.20872411131858826,modal,cuda,PPIL4:K562
BCLAF1,HepG2,chr10:121913824:T:C,0,2,-0.9800552725791931,modal,cuda,PPIL4:K562
BCLAF1,HepG2,chr10:123034481:A:G,0,2,-0.60338294506073,modal,cuda,PPIL4:K562
BCLAF1,HepG2,chr10:123037819:C:G,1,2,-2.5710391998291016,modal,cuda,PPIL4:K562
BCLAF1,HepG2,chr10:125734126:T:C,0,2,-0.22535967826843262,modal,cuda,PPIL4:K562
BCLAF1,HepG2,chr10:13119060:G:A,0,2,0.1374257504940033,modal,cuda,PPIL4:K562
BCLAF1,HepG2,chr10:14935470:C:T,0,2,-0.3252711594104767,modal,cuda,PPIL4:K562
BCLAF1,HepG2,chr10:17695245:A:G,0,2,-0.10060077905654907,modal,cuda,PPIL4:K562
BCLAF1,HepG2,chr10:180034:C:T,1,2,0.9009000062942505,modal,cuda,PPIL4:K562
BCLAF1,HepG2,chr10:180058:C:T,1,2,-1.1539716720581055,modal,cuda,PPIL4:K562
BCLAF1,HepG2,chr10:180094:C:T,1,2,2.7370781898498535,modal,cuda,PPIL4:K562
BCLAF1,HepG2,chr10:180143:A:G,0,2,0.07365083694458008,modal,cuda,PPIL4:K562
BCLAF1,HepG2,chr10:180148:A:G,0,2,-0.19346261024475098,modal,cuda,PPIL4:K562
BCLAF1,HepG2,chr10:21538867:G:A,0,2,1.0762741565704346,modal,cuda,PPIL4:K562
BCLAF1,HepG2,chr10:22326571:G:A,0,2,0.9392911195755005,modal,cuda,PPIL4:K562
BCLAF1,HepG2,chr10:27022691:C:T,0,2,1.8801456689834595,modal,cuda,PPIL4:K562
BCLAF1,HepG2,chr10:27082783:A:G,0,2,0.543524980545044,modal,cuda,PPIL4:K562
BCLAF1,HepG2,chr10:27082839:A:G,0,2,-0.2730269432067871,modal,cuda,PPIL4:K562
BCLAF1,HepG2,chr10:27112127:C:T,0,2,0.15930193662643433,modal,cuda,PPIL4:K562
BCLAF1,HepG2,chr10:27158690:A:C,0,2,-1.3004614114761353,modal,cuda,PPIL4:K562
BCLAF1,HepG2,chr10:28589865:A:T,0,2,0.18479935824871063,modal,cuda,PPIL4:K562
BCLAF1,HepG2,chr10:31461158:C:T,0,2,0.1515188217163086,modal,cuda,PPIL4:K562
BCLAF1,HepG2,chr10:31461170:C:T,0,2,0.08492422103881836,modal,cuda,PPIL4:K562
BCLAF1,HepG2,chr10:31461211:A:C,0,2,0.7865023612976074,modal,cuda,PPIL4:K562
BCLAF1,HepG2,chr10:31461220:A:G,0,2,0.3377004861831665,modal,cuda,PPIL4:K562
BCLAF1,HepG2,chr10:31495787:G:A,0,2,0.19064539670944214,modal,cuda,PPIL4:K562
BCLAF1,HepG2,chr10:31510794:T:C,0,2,0.30933690071105957,modal,cuda,PPIL4:K562
BCLAF1,HepG2,chr10:32023041:A:G,0,2,1.2299531698226929,modal,cuda,PPIL4:K562
BCLAF1,HepG2,chr10:32935487:T:C,0,2,0.2746056914329529,modal,cuda,PPIL4:K562
BCLAF1,HepG2,chr10:35179179:G:A,0,2,-0.3141223192214966,modal,cuda,PPIL4:K562
BCLAF1,HepG2,chr10:5000472:C:T,0,2,-0.09857779741287231,modal,cuda,PPIL4:K562
BCLAF1,HepG2,chr10:63168063:C:G,0,2,0.7617093324661255,modal,cuda,PPIL4:K562
BCLAF1,HepG2,chr10:63177741:G:C,0,2,-0.41331613063812256,modal,cuda,PPIL4:K562
BCLAF1,HepG2,chr10:63177773:G:C,0,2,2.317518711090088,modal,cuda,PPIL4:K562
BCLAF1,HepG2,chr10:63184621:C:T,0,2,0.39186394214630127,modal,cuda,PPIL4:K562
BCLAF1,HepG2,chr10:63185604:G:A,0,2,0.5403199195861816,modal,cuda,PPIL4:K562
BCLAF1,HepG2,chr10:63186330:C:T,0,2,0.964655876159668,modal,cuda,PPIL4:K562
BCLAF1,HepG2,chr10:63186398:A:G,0,2,-0.7683935761451721,modal,cuda,PPIL4:K562
BCLAF1,HepG2,chr10:63189449:A:G,0,2,-0.12424194812774658,modal,cuda,PPIL4:K562
BCLAF1,HepG2,chr10:63214218:G:A,0,2,0.21554803848266602,modal,cuda,PPIL4:K562
BCLAF1,HepG2,chr10:63214620:G:C,0,2,0.211639404296875,modal,cuda,PPIL4:K562
BCLAF1,HepG2,chr10:63214777:A:T,0,2,0.2977389097213745,modal,cuda,PPIL4:K562
BCLAF1,HepG2,chr10:63214788:A:G,0,2,-0.19214653968811035,modal,cuda,PPIL4:K562
BCLAF1,HepG2,chr10:63217190:T:A,0,2,0.25251200795173645,modal,cuda,PPIL4:K562
BCLAF1,HepG2,chr10:63264644:T:G,0,2,-0.2311704158782959,modal,cuda,PPIL4:K562
BCLAF1,HepG2,chr10:68645057:A:G,0,2,0.8384435176849365,modal,cuda,PPIL4:K562
BCLAF1,HepG2,chr10:72477264:G:A,0,2,-0.2035386562347412,modal,cuda,PPIL4:K562
BCLAF1,HepG2,chr10:72508209:C:A,1,2,-0.897050142288208,modal,cuda,PPIL4:K562
BCLAF1,HepG2,chr10:72508273:T:C,0,2,0.25943660736083984,modal,cuda,PPIL4:K562
BCLAF1,HepG2,chr10:72562912:C:A,1,2,2.312363862991333,modal,cuda,PPIL4:K562
BCLAF1,HepG2,chr10:74525404:A:C,1,2,0.2945483922958374,modal,cuda,PPIL4:K562
BCLAF1,HepG2,chr10:74525405:T:C,0,2,-0.2912328243255615,modal,cuda,PPIL4:K562
BCLAF1,HepG2,chr10:74589271:T:C,0,2,0.2534027099609375,modal,cuda,PPIL4:K562
BCLAF1,HepG2,chr10:74960085:T:A,0,2,-0.1443871259689331,modal,cuda,PPIL4:K562
BCLAF1,HepG2,chr10:74960097:A:G,0,2,0.22651422023773193,modal,cuda,PPIL4:K562
BCLAF1,HepG2,chr10:74970018:A:G,1,2,-0.12007522583007812,modal,cuda,PPIL4:K562
BCLAF1,HepG2,chr10:74970107:C:G,0,2,0.7121810913085938,modal,cuda,PPIL4:K562
BCLAF1,HepG2,chr10:74977330:A:G,0,2,0.1870126724243164,modal,cuda,PPIL4:K562
BCLAF1,HepG2,chr10:74977345:G:T,1,2,1.6133248805999756,modal,cuda,PPIL4:K562
BCLAF1,HepG2,chr10:74977406:T:C,0,2,0.2568711042404175,modal,cuda,PPIL4:K562
BCLAF1,HepG2,chr10:74979232:G:C,0,2,0.42527759075164795,modal,cuda,PPIL4:K562
BCLAF1,HepG2,chr10:74979348:A:G,0,2,-2.6826260089874268,modal,cuda,PPIL4:K562
BCLAF1,HepG2,chr10:76058744:G:A,0,2,-0.33349770307540894,modal,cuda,PPIL4:K562
BCLAF1,HepG2,chr10:76058747:G:T,0,2,-0.7401562929153442,modal,cuda,PPIL4:K562
BCLAF1,HepG2,chr10:78040201:C:A,0,2,1.3525700569152832,modal,cuda,PPIL4:K562
BCLAF1,HepG2,chr10:78040616:C:T,0,2,0.9058372974395752,modal,cuda,PPIL4:K562
BCLAF1,HepG2,chr10:78040694:T:C,0,2,0.28619861602783203,modal,cuda,PPIL4:K562
BCLAF1,HepG2,chr10:79201626:G:A,0,2,0.14856670796871185,modal,cuda,PPIL4:K562
BCLAF1,HepG2,chr10:80289496:T:C,0,2,-0.6251596808433533,modal,cuda,PPIL4:K562
BCLAF1,HepG2,chr10:86890186:A:C,0,2,-1.486817717552185,modal,cuda,PPIL4:K562
BCLAF1,HepG2,chr10:86890195:T:A,1,2,0.49563276767730713,modal,cuda,PPIL4:K562
BCLAF1,HepG2,chr10:86890210:T:A,0,2,-1.1212708950042725,modal,cuda,PPIL4:K562
BCLAF1,HepG2,chr10:89738973:C:T,0,2,0.26036930084228516,modal,cuda,PPIL4:K562
BCLAF1,HepG2,chr10:91840723:G:A,0,2,1.8931611776351929,modal,cuda,PPIL4:K562
BCLAF1,HepG2,chr10:92014035:G:A,0,2,-0.5073055624961853,modal,cuda,PPIL4:K562
BCLAF1,HepG2,chr10:92028774:G:T,0,2,0.18581485748291016,modal,cuda,PPIL4:K562
BCLAF1,HepG2,chr10:92607141:A:G,0,2,-0.19842422008514404,modal,cuda,PPIL4:K562
BCLAF1,HepG2,chr10:93698371:G:A,1,2,0.8347664475440979,modal,cuda,PPIL4:K562
BCLAF1,HepG2,chr10:94546436:C:T,0,2,0.30087006092071533,modal,cuda,PPIL4:K562
BCLAF1,HepG2,chr10:94546508:G:T,0,2,-0.18122625350952148,modal,cuda,PPIL4:K562
BCLAF1,HepG2,chr10:94554203:A:C,0,2,0.556381344795227,modal,cuda,PPIL4:K562
BCLAF1,HepG2,chr10:94554242:A:G,0,2,0.6566972136497498,modal,cuda,PPIL4:K562
BCLAF1,HepG2,chr10:94562672:C:T,0,2,-0.5082167387008667,modal,cuda,PPIL4:K562
BCLAF1,HepG2,chr10:94574092:A:T,1,2,1.667315125465393,modal,cuda,PPIL4:K562
BCLAF1,HepG2,chr10:94576815:A:T,0,2,-0.25548839569091797,modal,cuda,PPIL4:K562
BCLAF1,HepG2,chr10:94588396:G:A,0,2,-0.9389745593070984,modal,cuda,PPIL4:K562
BCLAF1,HepG2,chr10:94588404:G:A,0,2,0.5979346036911011,modal,cuda,PPIL4:K562
BCLAF1,HepG2,chr10:99794393:G:A,0,2,1.8234961032867432,modal,cuda,PPIL4:K562
BCLAF1,HepG2,chr10:99811617:T:C,0,2,0.2178739309310913,modal,cuda,PPIL4:K562
BCLAF1,HepG2,chr10:99830703:T:G,0,2,0.25475311279296875,modal,cuda,PPIL4:K562
BCLAF1,HepG2,chr10:99830862:C:T,0,2,1.7486467361450195,modal,cuda,PPIL4:K562
BCLAF1,HepG2,chr11:108134298:C:T,1,3,0.7921456694602966,modal,cuda,PPIL4:K562
BCLAF1,HepG2,chr11:108134317:G:A,1,3,-1.6599360704421997,modal,cuda,PPIL4:K562
BCLAF1,HepG2,chr11:108138894:G:A,0,3,-0.33513855934143066,modal,cuda,PPIL4:K562
BCLAF1,HepG2,chr11:108138945:T:G,1,3,2.445876121520996,modal,cuda,PPIL4:K562
BCLAF1,HepG2,chr11:108141637:G:T,1,3,-2.104714870452881,modal,cuda,PPIL4:K562
BCLAF1,HepG2,chr11:108142451:G:A,1,3,0.158929705619812,modal,cuda,PPIL4:K562
BCLAF1,HepG2,chr11:108146296:T:A,1,3,-1.989250659942627,modal,cuda,PPIL4:K562
BCLAF1,HepG2,chr11:108146313:A:T,1,3,2.3212873935699463,modal,cuda,PPIL4:K562
BCLAF1,HepG2,chr11:108147295:C:A,1,3,1.4039779901504517,modal,cuda,PPIL4:K562
BCLAF1,HepG2,chr11:108229161:A:G,0,3,-0.11661875247955322,modal,cuda,PPIL4:K562
BCLAF1,HepG2,chr11:108235839:G:A,1,3,-0.2139592170715332,modal,cuda,PPIL4:K562
BCLAF1,HepG2,chr11:108245051:T:G,0,3,0.8429604768753052,modal,cuda,PPIL4:K562
BCLAF1,HepG2,chr11:108248911:T:G,0,3,0.1508256196975708,modal,cuda,PPIL4:K562
BCLAF1,HepG2,chr11:108248927:T:G,0,3,0.516075074672699,modal,cuda,PPIL4:K562
BCLAF1,HepG2,chr11:108268393:G:T,0,3,1.171404480934143,modal,cuda,PPIL4:K562
BCLAF1,HepG2,chr11:108271230:T:G,0,3,-0.4521602392196655,modal,cuda,PPIL4:K562
BCLAF1,HepG2,chr11:108280981:A:T,0,3,0.5878908038139343,modal,cuda,PPIL4:K562
BCLAF1,HepG2,chr11:108280982:A:T,0,3,-0.08630025386810303,modal,cuda,PPIL4:K562
BCLAF1,HepG2,chr11:108280986:C:T,0,3,0.7196096181869507,modal,cuda,PPIL4:K562
BCLAF1,HepG2,chr11:108293300:A:T,0,3,0.12739133834838867,modal,cuda,PPIL4:K562
BCLAF1,HepG2,chr11:108293302:A:T,0,3,-0.18442797660827637,modal,cuda,PPIL4:K562
BCLAF1,HepG2,chr11:108294907:A:G,0,3,-1.7809474468231201,modal,cuda,PPIL4:K562
BCLAF1,HepG2,chr11:108312424:G:T,1,3,-0.9908945560455322,modal,cuda,PPIL4:K562
BCLAF1,HepG2,chr11:108312440:G:A,0,3,-0.3666292428970337,modal,cuda,PPIL4:K562
BCLAF1,HepG2,chr11:108312458:T:A,1,3,-2.217358350753784,modal,cuda,PPIL4:K562
BCLAF1,HepG2,chr11:108312463:G:T,1,3,1.6481516361236572,modal,cuda,PPIL4:K562
BCLAF1,HepG2,chr11:108312478:G:T,1,3,-1.8446019887924194,modal,cuda,PPIL4:K562
BCLAF1,HepG2,chr11:108312496:C:T,1,3,-1.996539831161499,modal,cuda,PPIL4:K562
BCLAF1,HepG2,chr11:108315843:C:A,1,3,-0.16522681713104248,modal,cuda,PPIL4:K562
BCLAF1,HepG2,chr11:108315883:G:C,0,3,1.1747734546661377,modal,cuda,PPIL4:K562
BCLAF1,HepG2,chr11:108315888:G:C,0,3,0.7874637842178345,modal,cuda,PPIL4:K562
BCLAF1,HepG2,chr11:108315889:A:T,1,3,-1.320517897605896,modal,cuda,PPIL4:K562
BCLAF1,HepG2,chr11:108315896:T:G,1,3,0.7148864269256592,modal,cuda,PPIL4:K562
BCLAF1,HepG2,chr11:108315898:C:T,1,3,-0.6227411031723022,modal,cuda,PPIL4:K562
BCLAF1,HepG2,chr11:108315926:T:C,0,3,1.1304943561553955,modal,cuda,PPIL4:K562
BCLAF1,HepG2,chr11:108317421:G:T,1,3,1.4230568408966064,modal,cuda,PPIL4:K562
BCLAF1,HepG2,chr11:108317432:T:G,1,3,-1.3541719913482666,modal,cuda,PPIL4:K562
BCLAF1,HepG2,chr11:108317447:G:A,1,3,0.832600474357605,modal,cuda,PPIL4:K562
BCLAF1,HepG2,chr11:108317474:C:A,1,3,1.7036473751068115,modal,cuda,PPIL4:K562
BCLAF1,HepG2,chr11:108317485:G:A,1,3,-1.3149584531784058,modal,cuda,PPIL4:K562
BCLAF1,HepG2,chr11:108317496:C:T,1,3,0.3424437642097473,modal,cuda,PPIL4:K562
BCLAF1,HepG2,chr11:108317500:G:A,1,3,-0.6019968390464783,modal,cuda,PPIL4:K562
BCLAF1,HepG2,chr11:108317501:G:A,1,3,-0.7719705700874329,modal,cuda,PPIL4:K562
BCLAF1,HepG2,chr11:108317516:C:A,0,3,0.8846713900566101,modal,cuda,PPIL4:K562
BCLAF1,HepG2,chr11:108317516:C:G,0,3,0.7629109025001526,modal,cuda,PPIL4:K562
BCLAF1,HepG2,chr11:108320017:C:T,0,3,-0.4511224031448364,modal,cuda,PPIL4:K562
BCLAF1,HepG2,chr11:108320039:G:T,1,3,0.28970980644226074,modal,cuda,PPIL4:K562
BCLAF1,HepG2,chr11:108320059:G:C,1,3,1.0064224004745483,modal,cuda,PPIL4:K562
BCLAF1,HepG2,chr11:108320059:G:T,1,3,0.7519544363021851,modal,cuda,PPIL4:K562
BCLAF1,HepG2,chr11:108321304:A:C,0,3,-0.1337045431137085,modal,cuda,PPIL4:K562
BCLAF1,HepG2,chr11:108321308:G:T,1,3,0.5078204870223999,modal,cuda,PPIL4:K562
BCLAF1,HepG2,chr11:108321317:G:T,1,3,0.5014334321022034,modal,cuda,PPIL4:K562
BCLAF1,HepG2,chr11:108321326:A:T,1,3,-0.36258769035339355,modal,cuda,PPIL4:K562
BCLAF1,HepG2,chr11:108321337:T:C,0,3,-0.3300354480743408,modal,cuda,PPIL4:K562
BCLAF1,HepG2,chr11:108321338:G:T,1,3,0.46742913126945496,modal,cuda,PPIL4:K562
BCLAF1,HepG2,chr11:108325388:T:C,0,3,-0.7557989358901978,modal,cuda,PPIL4:K562
BCLAF1,HepG2,chr11:108325391:T:C,0,3,-0.4121701717376709,modal,cuda,PPIL4:K562
BCLAF1,HepG2,chr11:108325395:C:T,1,3,1.2231242656707764,modal,cuda,PPIL4:K562
BCLAF1,HepG2,chr11:108325397:G:A,0,3,-1.0136429071426392,modal,cuda,PPIL4:K562
BCLAF1,HepG2,chr11:108325398:G:T,1,3,2.509821891784668,modal,cuda,PPIL4:K562
BCLAF1,HepG2,chr11:108325421:A:C,0,3,-1.144913911819458,modal,cuda,PPIL4:K562
BCLAF1,HepG2,chr11:108325433:G:A,0,3,0.8769007921218872,modal,cuda,PPIL4:K562
BCLAF1,HepG2,chr11:108325436:C:A,0,3,1.461637020111084,modal,cuda,PPIL4:K562
BCLAF1,HepG2,chr11:108325443:G:T,1,3,1.8328802585601807,modal,cuda,PPIL4:K562
BCLAF1,HepG2,chr11:108325451:A:G,0,3,-1.0464156866073608,modal,cuda,PPIL4:K562
BCLAF1,HepG2,chr11:108325462:C:A,1,3,1.3120572566986084,modal,cuda,PPIL4:K562
BCLAF1,HepG2,chr11:108325517:A:C,0,3,0.7609355449676514,modal,cuda,PPIL4:K562
BCLAF1,HepG2,chr11:108325524:A:C,0,3,-0.4998433589935303,modal,cuda,PPIL4:K562
BCLAF1,HepG2,chr11:108325533:A:T,1,3,-1.3300434350967407,modal,cuda,PPIL4:K562
BCLAF1,HepG2,chr11:108325542:C:T,1,3,1.5054084062576294,modal,cuda,PPIL4:K562
BCLAF1,HepG2,chr11:108325544:G:A,1,3,0.7353003025054932,modal,cuda,PPIL4:K562
BCLAF1,HepG2,chr11:108326060:C:G,0,3,-1.0228443145751953,modal,cuda,PPIL4:K562
BCLAF1,HepG2,chr11:108326079:C:T,1,3,-0.4599771499633789,modal,cuda,PPIL4:K562
BCLAF1,HepG2,chr11:108326085:A:T,1,3,-2.203765869140625,modal,cuda,PPIL4:K562
BCLAF1,HepG2,chr11:108326088:C:T,1,3,1.0512622594833374,modal,cuda,PPIL4:K562
BCLAF1,HepG2,chr11:108326093:C:G,1,3,0.6753790974617004,modal,cuda,PPIL4:K562
BCLAF1,HepG2,chr11:108326118:G:T,1,3,-1.587731122970581,modal,cuda,PPIL4:K562
BCLAF1,HepG2,chr11:108326124:C:T,1,3,1.0179455280303955,modal,cuda,PPIL4:K562
BCLAF1,HepG2,chr11:108326127:C:T,0,3,2.032968521118164,modal,cuda,PPIL4:K562
BCLAF1,HepG2,chr11:108326139:C:T,1,3,1.3161464929580688,modal,cuda,PPIL4:K562
BCLAF1,HepG2,chr11:108326150:G:A,1,3,-0.576055645942688,modal,cuda,PPIL4:K562
BCLAF1,HepG2,chr11:108326153:A:T,0,3,1.4398291110992432,modal,cuda,PPIL4:K562
BCLAF1,HepG2,chr11:108326154:A:T,1,3,1.2938586473464966,modal,cuda,PPIL4:K562
BCLAF1,HepG2,chr11:108326157:A:T,1,3,0.9019268155097961,modal,cuda,PPIL4:K562
BCLAF1,HepG2,chr11:108326163:C:T,1,3,-1.8420984745025635,modal,cuda,PPIL4:K562
BCLAF1,HepG2,chr11:108326183:T:C,0,3,0.8572625517845154,modal,cuda,PPIL4:K562
BCLAF1,HepG2,chr11:108326187:A:T,1,3,-1.2747743129730225,modal,cuda,PPIL4:K562
BCLAF1,HepG2,chr11:108326202:A:T,1,3,-1.9264757633209229,modal,cuda,PPIL4:K562
BCLAF1,HepG2,chr11:108327643:A:C,1,3,-1.0979501008987427,modal,cuda,PPIL4:K562
BCLAF1,HepG2,chr11:108327643:A:T,1,3,0.8184988498687744,modal,cuda,PPIL4:K562
BCLAF1,HepG2,chr11:108327644:G:A,1,3,0.4954444169998169,modal,cuda,PPIL4:K562
BCLAF1,HepG2,chr11:108327650:T:C,0,3,1.2823808193206787,modal,cuda,PPIL4:K562
BCLAF1,HepG2,chr11:108327659:A:C,0,3,0.5917315483093262,modal,cuda,PPIL4:K562
BCLAF1,HepG2,chr11:108327660:A:T,1,3,1.2954462766647339,modal,cuda,PPIL4:K562
BCLAF1,HepG2,chr11:108327664:T:C,0,3,0.5262523889541626,modal,cuda,PPIL4:K562
BCLAF1,HepG2,chr11:108327671:C:A,1,3,1.1341582536697388,modal,cuda,PPIL4:K562
BCLAF1,HepG2,chr11:108327671:C:G,1,3,2.1467299461364746,modal,cuda,PPIL4:K562
BCLAF1,HepG2,chr11:108327680:T:A,1,3,2.151557683944702,modal,cuda,PPIL4:K562
BCLAF1,HepG2,chr11:108327689:T:G,0,3,-1.539336919784546,modal,cuda,PPIL4:K562
BCLAF1,HepG2,chr11:108327713:G:C,0,3,-0.9843952655792236,modal,cuda,PPIL4:K562
BCLAF1,HepG2,chr11:108327716:C:A,1,3,1.6089918613433838,modal,cuda,PPIL4:K562
BCLAF1,HepG2,chr11:108329171:C:T,1,3,-0.3808767795562744,modal,cuda,PPIL4:K562
BCLAF1,HepG2,chr11:108329191:C:T,0,3,-0.25615671277046204,modal,cuda,PPIL4:K562
BCLAF1,HepG2,chr11:108329198:G:T,1,3,-1.2399232387542725,modal,cuda,PPIL4:K562
BCLAF1,HepG2,chr11:108329202:T:G,1,3,-1.0294618606567383,modal,cuda,PPIL4:K562
BCLAF1,HepG2,chr11:108329228:C:T,1,3,-1.2700085639953613,modal,cuda,PPIL4:K562
BCLAF1,HepG2,chr11:108330224:A:T,1,3,0.6720385551452637,modal,cuda,PPIL4:K562
BCLAF1,HepG2,chr11:108330233:C:T,1,3,2.3189857006073,modal,cuda,PPIL4:K562
BCLAF1,HepG2,chr11:108330242:G:T,1,3,1.1246095895767212,modal,cuda,PPIL4:K562
BCLAF1,HepG2,chr11:108330246:T:A,1,3,2.450514316558838,modal,cuda,PPIL4:K562
BCLAF1,HepG2,chr11:108330255:T:A,1,3,1.6647374629974365,modal,cuda,PPIL4:K562
BCLAF1,HepG2,chr11:108330255:T:G,1,3,2.1604957580566406,modal,cuda,PPIL4:K562
BCLAF1,HepG2,chr11:108330259:C:A,0,3,-0.1909782886505127,modal,cuda,PPIL4:K562
BCLAF1,HepG2,chr11:108330265:T:A,0,3,-0.1260467767715454,modal,cuda,PPIL4:K562
BCLAF1,HepG2,chr11:108330275:G:T,1,3,2.762186288833618,modal,cuda,PPIL4:K562
BCLAF1,HepG2,chr11:108330286:A:G,0,3,0.3282865285873413,modal,cuda,PPIL4:K562
BCLAF1,HepG2,chr11:108330294:T:A,1,3,0.7870168089866638,modal,cuda,PPIL4:K562
BCLAF1,HepG2,chr11:108330299:A:T,1,3,1.477297306060791,modal,cuda,PPIL4:K562
BCLAF1,HepG2,chr11:108330316:T:A,1,3,1.737548828125,modal,cuda,PPIL4:K562
BCLAF1,HepG2,chr11:108330319:C:T,0,3,-0.9480979442596436,modal,cuda,PPIL4:K562
BCLAF1,HepG2,chr11:108330354:G:A,1,3,0.9189337491989136,modal,cuda,PPIL4:K562
BCLAF1,HepG2,chr11:108330355:G:A,1,3,0.7424405217170715,modal,cuda,PPIL4:K562
BCLAF1,HepG2,chr11:108330376:C:T,0,3,0.13110217452049255,modal,cuda,PPIL4:K562
BCLAF1,HepG2,chr11:108330401:G:T,1,3,0.8683710098266602,modal,cuda,PPIL4:K562
BCLAF1,HepG2,chr11:108331470:T:A,1,3,1.0400830507278442,modal,cuda,PPIL4:K562
BCLAF1,HepG2,chr11:108331470:T:G,1,3,1.6804826259613037,modal,cuda,PPIL4:K562
BCLAF1,HepG2,chr11:108331491:C:G,1,3,0.7723520994186401,modal,cuda,PPIL4:K562
BCLAF1,HepG2,chr11:108331492:C:T,1,3,0.9204622507095337,modal,cuda,PPIL4:K562
BCLAF1,HepG2,chr11:108331506:A:G,0,3,-0.7559102773666382,modal,cuda,PPIL4:K562
BCLAF1,HepG2,chr11:108331512:G:A,0,3,0.5891689658164978,modal,cuda,PPIL4:K562
BCLAF1,HepG2,chr11:108331534:G:T,1,3,0.46433550119400024,modal,cuda,PPIL4:K562
BCLAF1,HepG2,chr11:108331543:G:T,1,3,1.2908803224563599,modal,cuda,PPIL4:K562
BCLAF1,HepG2,chr11:108331545:A:G,0,3,-0.7016247510910034,modal,cuda,PPIL4:K562
BCLAF1,HepG2,chr11:108331877:A:C,1,3,-2.2852797508239746,modal,cuda,PPIL4:K562
BCLAF1,HepG2,chr11:108331878:G:C,1,3,-2.465832471847534,modal,cuda,PPIL4:K562
BCLAF1,HepG2,chr11:108331895:C:A,1,3,1.128178358078003,modal,cuda,PPIL4:K562
BCLAF1,HepG2,chr11:108331919:T:A,1,3,0.6564013361930847,modal,cuda,PPIL4:K562
BCLAF1,HepG2,chr11:108331937:T:A,1,3,2.7312371730804443,modal,cuda,PPIL4:K562
BCLAF1,HepG2,chr11:108331993:A:T,1,3,-1.176979660987854,modal,cuda,PPIL4:K562
BCLAF1,HepG2,chr11:108331995:A:G,0,3,0.7099839448928833,modal,cuda,PPIL4:K562
BCLAF1,HepG2,chr11:108332017:C:T,1,3,-1.4830005168914795,modal,cuda,PPIL4:K562
BCLAF1,HepG2,chr11:108332026:C:T,1,3,1.2939937114715576,modal,cuda,PPIL4:K562
BCLAF1,HepG2,chr11:108332747:G:T,0,3,0.40220940113067627,modal,cuda,PPIL4:K562
BCLAF1,HepG2,chr11:108332765:C:T,1,3,1.564110279083252,modal,cuda,PPIL4:K562
BCLAF1,HepG2,chr11:108332776:T:C,0,3,-1.1900931596755981,modal,cuda,PPIL4:K562
BCLAF1,HepG2,chr11:108332779:A:C,0,3,-0.37940239906311035,modal,cuda,PPIL4:K562
BCLAF1,HepG2,chr11:108332824:C:T,0,3,0.9999233484268188,modal,cuda,PPIL4:K562
BCLAF1,HepG2,chr11:108332848:T:G,1,3,3.1236305236816406,modal,cuda,PPIL4:K562
BCLAF1,HepG2,chr11:108332849:G:C,1,3,2.2582976818084717,modal,cuda,PPIL4:K562
BCLAF1,HepG2,chr11:108332854:T:G,1,3,1.7248904705047607,modal,cuda,PPIL4:K562
BCLAF1,HepG2,chr11:108332857:T:C,0,3,-1.719836711883545,modal,cuda,PPIL4:K562
BCLAF1,HepG2,chr11:108332878:C:G,0,3,1.0452373027801514,modal,cuda,PPIL4:K562
BCLAF1,HepG2,chr11:108332888:A:T,1,3,0.8158238530158997,modal,cuda,PPIL4:K562
BCLAF1,HepG2,chr11:108333909:C:T,1,3,2.041715621948242,modal,cuda,PPIL4:K562
BCLAF1,HepG2,chr11:108333921:A:T,1,3,2.981701612472534,modal,cuda,PPIL4:K562
BCLAF1,HepG2,chr11:108333927:A:T,1,3,2.7756199836730957,modal,cuda,PPIL4:K562
BCLAF1,HepG2,chr11:108333934:T:A,1,3,1.507032036781311,modal,cuda,PPIL4:K562
BCLAF1,HepG2,chr11:108333934:T:G,1,3,2.2316229343414307,modal,cuda,PPIL4:K562
BCLAF1,HepG2,chr11:108333936:G:T,1,3,2.763855457305908,modal,cuda,PPIL4:K562
BCLAF1,HepG2,chr11:108333960:G:T,1,3,1.8467137813568115,modal,cuda,PPIL4:K562
BCLAF1,HepG2,chr11:108333966:A:T,1,3,1.2541595697402954,modal,cuda,PPIL4:K562
BCLAF1,HepG2,chr11:108334948:T:G,0,3,-0.26020383834838867,modal,cuda,PPIL4:K562
BCLAF1,HepG2,chr11:108334967:A:C,1,3,-1.0664492845535278,modal,cuda,PPIL4:K562
BCLAF1,HepG2,chr11:108334968:G:T,1,3,-0.9685045480728149,modal,cuda,PPIL4:K562
BCLAF1,HepG2,chr11:108334984:G:T,1,3,-1.4969897270202637,modal,cuda,PPIL4:K562
BCLAF1,HepG2,chr11:108334990:G:T,1,3,-1.7147464752197266,modal,cuda,PPIL4:K562
BCLAF1,HepG2,chr11:108334992:A:C,0,3,-0.5431167483329773,modal,cuda,PPIL4:K562
BCLAF1,HepG2,chr11:108335001:G:A,0,3,0.5291019678115845,modal,cuda,PPIL4:K562
BCLAF1,HepG2,chr11:108335003:C:G,1,3,0.6345134377479553,modal,cuda,PPIL4:K562
BCLAF1,HepG2,chr11:108335008:C:T,1,3,0.7213664054870605,modal,cuda,PPIL4:K562
BCLAF1,HepG2,chr11:108335031:C:T,0,3,-0.5263708829879761,modal,cuda,PPIL4:K562
BCLAF1,HepG2,chr11:108335037:A:G,0,3,-1.1719846725463867,modal,cuda,PPIL4:K562
BCLAF1,HepG2,chr11:108335038:G:T,1,3,1.8406659364700317,modal,cuda,PPIL4:K562
BCLAF1,HepG2,chr11:108335051:T:G,1,3,0.9603793621063232,modal,cuda,PPIL4:K562
BCLAF1,HepG2,chr11:108335056:A:T,1,3,0.9632652401924133,modal,cuda,PPIL4:K562
BCLAF1,HepG2,chr11:108335064:A:C,0,3,1.1786638498306274,modal,cuda,PPIL4:K562
BCLAF1,HepG2,chr11:108335082:T:A,1,3,-0.8456389904022217,modal,cuda,PPIL4:K562
BCLAF1,HepG2,chr11:108335089:G:T,1,3,1.2864798307418823,modal,cuda,PPIL4:K562
BCLAF1,HepG2,chr11:108335098:C:T,1,3,-1.199354887008667,modal,cuda,PPIL4:K562
BCLAF1,HepG2,chr11:108335843:A:C,1,3,-0.8154808878898621,modal,cuda,PPIL4:K562
BCLAF1,HepG2,chr11:108335889:C:T,0,3,0.5011229515075684,modal,cuda,PPIL4:K562
BCLAF1,HepG2,chr11:108335890:C:T,1,3,1.897507905960083,modal,cuda,PPIL4:K562
BCLAF1,HepG2,chr11:108335911:C:T,1,3,-1.753218412399292,modal,cuda,PPIL4:K562
BCLAF1,HepG2,chr11:108335916:A:G,0,3,0.15543681383132935,modal,cuda,PPIL4:K562
BCLAF1,HepG2,chr11:108343233:C:G,0,3,0.760039210319519,modal,cuda,PPIL4:K562
BCLAF1,HepG2,chr11:108343237:C:T,1,3,-0.6404764652252197,modal,cuda,PPIL4:K562
BCLAF1,HepG2,chr11:108343239:G:A,0,3,-0.22317391633987427,modal,cuda,PPIL4:K562
BCLAF1,HepG2,chr11:108343240:C:T,1,3,-0.8210725784301758,modal,cuda,PPIL4:K562
BCLAF1,HepG2,chr11:108343255:G:T,1,3,-0.6141524314880371,modal,cuda,PPIL4:K562
BCLAF1,HepG2,chr11:108343259:G:A,1,3,1.427574872970581,modal,cuda,PPIL4:K562
BCLAF1,HepG2,chr11:108343260:G:A,1,3,1.6547701358795166,modal,cuda,PPIL4:K562
BCLAF1,HepG2,chr11:108345796:C:A,1,3,0.386207640171051,modal,cuda,PPIL4:K562
BCLAF1,HepG2,chr11:108345797:C:T,1,3,0.37684911489486694,modal,cuda,PPIL4:K562
BCLAF1,HepG2,chr11:108345806:C:T,1,3,0.45737671852111816,modal,cuda,PPIL4:K562
BCLAF1,HepG2,chr11:108345819:G:T,1,3,0.6525202393531799,modal,cuda,PPIL4:K562
BCLAF1,HepG2,chr11:108345823:C:A,1,3,-0.4712032675743103,modal,cuda,PPIL4:K562
BCLAF1,HepG2,chr11:108345823:C:G,1,3,-0.6133418679237366,modal,cuda,PPIL4:K562
BCLAF1,HepG2,chr11:108345850:A:C,0,3,-0.3846767544746399,modal,cuda,PPIL4:K562
BCLAF1,HepG2,chr11:108347277:A:C,1,3,1.4313870668411255,modal,cuda,PPIL4:K562
BCLAF1,HepG2,chr11:108347278:G:C,1,3,-0.9975720643997192,modal,cuda,PPIL4:K562
BCLAF1,HepG2,chr11:108347286:C:A,1,3,1.1929216384887695,modal,cuda,PPIL4:K562
BCLAF1,HepG2,chr11:108347286:C:G,1,3,1.0733342170715332,modal,cuda,PPIL4:K562
BCLAF1,HepG2,chr11:108347292:T:G,0,3,-1.6043318510055542,modal,cuda,PPIL4:K562
BCLAF1,HepG2,chr11:108347295:A:T,0,3,0.5710659623146057,modal,cuda,PPIL4:K562
BCLAF1,HepG2,chr11:108347314:C:T,1,3,-1.611931324005127,modal,cuda,PPIL4:K562
BCLAF1,HepG2,chr11:108347324:T:A,1,3,1.1283363103866577,modal,cuda,PPIL4:K562
BCLAF1,HepG2,chr11:108347332:G:T,1,3,-2.088624954223633,modal,cuda,PPIL4:K562
BCLAF1,HepG2,chr11:108347339:C:G,1,3,-1.7209378480911255,modal,cuda,PPIL4:K562
BCLAF1,HepG2,chr11:108347358:A:T,0,3,-0.38445037603378296,modal,cuda,PPIL4:K562
BCLAF1,HepG2,chr11:108353777:G:T,1,3,0.6421469449996948,modal,cuda,PPIL4:K562
BCLAF1,HepG2,chr11:108353780:C:T,1,3,0.5532693266868591,modal,cuda,PPIL4:K562
BCLAF1,HepG2,chr11:108353785:C:G,0,3,-0.4032248556613922,modal,cuda,PPIL4:K562
BCLAF1,HepG2,chr11:108353785:C:T,0,3,-0.35170403122901917,modal,cuda,PPIL4:K562
BCLAF1,HepG2,chr11:108353791:C:A,0,3,-0.5511782169342041,modal,cuda,PPIL4:K562
BCLAF1,HepG2,chr11:108353797:T:G,0,3,0.48357099294662476,modal,cuda,PPIL4:K562
BCLAF1,HepG2,chr11:108353803:T:G,0,3,0.2600889205932617,modal,cuda,PPIL4:K562
BCLAF1,HepG2,chr11:108353857:G:C,0,3,0.37086665630340576,modal,cuda,PPIL4:K562
BCLAF1,HepG2,chr11:108353879:A:T,1,3,-0.7827557921409607,modal,cuda,PPIL4:K562
BCLAF1,HepG2,chr11:108353881:G:A,1,3,2.2022006511688232,modal,cuda,PPIL4:K562
BCLAF1,HepG2,chr11:108353882:T:C,1,3,1.427337884902954,modal,cuda,PPIL4:K562
BCLAF1,HepG2,chr11:108354818:G:T,1,3,0.7811063528060913,modal,cuda,PPIL4:K562
BCLAF1,HepG2,chr11:108354821:A:T,1,3,2.4141335487365723,modal,cuda,PPIL4:K562
BCLAF1,HepG2,chr11:108354848:C:T,1,3,0.9894698858261108,modal,cuda,PPIL4:K562
BCLAF1,HepG2,chr11:108354859:G:A,0,3,-0.24007779359817505,modal,cuda,PPIL4:K562
BCLAF1,HepG2,chr11:108365114:C:T,0,3,0.3336109519004822,modal,cuda,PPIL4:K562
BCLAF1,HepG2,chr11:108365134:T:A,1,3,1.8160821199417114,modal,cuda,PPIL4:K562
BCLAF1,HepG2,chr11:108365138:T:G,1,3,-1.2829046249389648,modal,cuda,PPIL4:K562
BCLAF1,HepG2,chr11:108365145:C:T,1,3,1.4814035892486572,modal,cuda,PPIL4:K562
BCLAF1,HepG2,chr11:108365154:G:T,1,3,1.887510895729065,modal,cuda,PPIL4:K562
BCLAF1,HepG2,chr11:108365196:C:T,1,3,2.052934408187866,modal,cuda,PPIL4:K562
BCLAF1,HepG2,chr11:108365199:G:T,1,3,1.8417081832885742,modal,cuda,PPIL4:K562
BCLAF1,HepG2,chr11:108365204:C:A,1,3,1.2035456895828247,modal,cuda,PPIL4:K562
BCLAF1,HepG2,chr11:108365208:C:T,1,3,1.7207365036010742,modal,cuda,PPIL4:K562
BCLAF1,HepG2,chr11:110237635:G:A,1,3,-1.609844446182251,modal,cuda,PPIL4:K562
BCLAF1,HepG2,chr11:110257751:C:A,0,3,-1.5901209115982056,modal,cuda,PPIL4:K562
BCLAF1,HepG2,chr11:110258104:A:G,1,3,0.7041473388671875,modal,cuda,PPIL4:K562
BCLAF1,HepG2,chr11:110264842:C:T,1,3,-0.543667197227478,modal,cuda,PPIL4:K562
BCLAF1,HepG2,chr11:111764842:C:T,1,3,1.1147384643554688,modal,cuda,PPIL4:K562
BCLAF1,HepG2,chr11:111853677:C:T,1,3,1.2910765409469604,modal,cuda,PPIL4:K562
BCLAF1,HepG2,chr11:112028650:C:T,0,3,0.33513498306274414,modal,cuda,PPIL4:K562
BCLAF1,HepG2,chr11:115229275:G:A,0,3,1.1597204208374023,modal,cuda,PPIL4:K562
BCLAF1,HepG2,chr11:118491320:T:G,1,3,1.6579070091247559,modal,cuda,PPIL4:K562
BCLAF1,HepG2,chr11:118496399:A:T,0,3,1.4417778253555298,modal,cuda,PPIL4:K562
BCLAF1,HepG2,chr11:118498085:T:C,0,3,-1.083571434020996,modal,cuda,PPIL4:K562
BCLAF1,HepG2,chr11:118597753:C:T,1,3,-0.9774619340896606,modal,cuda,PPIL4:K562
BCLAF1,HepG2,chr11:119015081:A:T,1,3,1.247985601425171,modal,cuda,PPIL4:K562
BCLAF1,HepG2,chr11:120431918:T:A,0,3,-0.4628039002418518,modal,cuda,PPIL4:K562
BCLAF1,HepG2,chr11:121612844:G:T,0,3,-0.7162290215492249,modal,cuda,PPIL4:K562
BCLAF1,HepG2,chr11:12930169:C:T,0,3,0.16977334022521973,modal,cuda,PPIL4:K562
BCLAF1,HepG2,chr11:130122522:A:C,0,3,0.330552339553833,modal,cuda,PPIL4:K562
BCLAF1,HepG2,chr11:130140492:G:A,0,3,-0.5127391815185547,modal,cuda,PPIL4:K562
BCLAF1,HepG2,chr11:14830855:T:C,0,3,-0.676941990852356,modal,cuda,PPIL4:K562
BCLAF1,HepG2,chr11:14859255:T:C,0,3,-0.5048721432685852,modal,cuda,PPIL4:K562
BCLAF1,HepG2,chr11:17102841:A:C,0,3,0.7096454501152039,modal,cuda,PPIL4:K562
BCLAF1,HepG2,chr11:17168713:T:C,0,3,0.5391666889190674,modal,cuda,PPIL4:K562
BCLAF1,HepG2,chr11:17168732:T:C,0,3,-0.5698911547660828,modal,cuda,PPIL4:K562
BCLAF1,HepG2,chr11:17168843:G:A,0,3,-0.10979592800140381,modal,cuda,PPIL4:K562
BCLAF1,HepG2,chr11:20044127:G:T,0,3,0.11899685859680176,modal,cuda,PPIL4:K562
BCLAF1,HepG2,chr11:2641110:A:G,0,3,-0.12282361090183258,modal,cuda,PPIL4:K562
BCLAF1,HepG2,chr11:26567044:A:G,0,3,-0.05527496337890625,modal,cuda,PPIL4:K562
BCLAF1,HepG2,chr11:3039191:C:T,0,3,0.1565917581319809,modal,cuda,PPIL4:K562
BCLAF1,HepG2,chr11:3042264:G:A,0,3,0.44826775789260864,modal,cuda,PPIL4:K562
BCLAF1,HepG2,chr11:34086238:G:A,0,3,-0.5687442421913147,modal,cuda,PPIL4:K562
BCLAF1,HepG2,chr11:34108810:T:C,0,3,2.2770798206329346,modal,cuda,PPIL4:K562
BCLAF1,HepG2,chr11:34960443:G:A,0,3,1.3376580476760864,modal,cuda,PPIL4:K562
BCLAF1,HepG2,chr11:34960519:G:A,1,3,-0.2194129228591919,modal,cuda,PPIL4:K562
BCLAF1,HepG2,chr11:34960522:T:C,0,3,0.37203216552734375,modal,cuda,PPIL4:K562
BCLAF1,HepG2,chr11:3778975:T:C,0,3,-0.07795286178588867,modal,cuda,PPIL4:K562
BCLAF1,HepG2,chr11:45935682:C:T,0,3,0.17257463932037354,modal,cuda,PPIL4:K562
BCLAF1,HepG2,chr11:45935700:G:T,1,3,-0.29367852210998535,modal,cuda,PPIL4:K562
BCLAF1,HepG2,chr11:47750906:C:T,0,3,0.2997644543647766,modal,cuda,PPIL4:K562
BCLAF1,HepG2,chr11:47798388:C:T,0,3,-0.12675797939300537,modal,cuda,PPIL4:K562
BCLAF1,HepG2,chr11:47798468:C:T,0,3,0.4178392291069031,modal,cuda,PPIL4:K562
BCLAF1,HepG2,chr11:47812384:C:T,0,3,0.5817859172821045,modal,cuda,PPIL4:K562
BCLAF1,HepG2,chr11:47812399:T:C,0,3,0.7844763398170471,modal,cuda,PPIL4:K562
BCLAF1,HepG2,chr11:47813040:G:A,0,3,-0.48447495698928833,modal,cuda,PPIL4:K562
BCLAF1,HepG2,chr11:47822082:C:T,1,3,-0.7262969017028809,modal,cuda,PPIL4:K562
BCLAF1,HepG2,chr11:47835659:G:A,1,3,-0.16193491220474243,modal,cuda,PPIL4:K562
BCLAF1,HepG2,chr11:47835701:T:C,0,3,-0.19912785291671753,modal,cuda,PPIL4:K562
BCLAF1,HepG2,chr11:57796519:C:T,0,3,0.5171180963516235,modal,cuda,PPIL4:K562
BCLAF1,HepG2,chr11:57801864:G:A,1,3,0.7003308534622192,modal,cuda,PPIL4:K562
BCLAF1,HepG2,chr11:57801869:C:T,1,3,-1.1472219228744507,modal,cuda,PPIL4:K562
BCLAF1,HepG2,chr11:57802166:C:T,0,3,0.3592091202735901,modal,cuda,PPIL4:K562
BCLAF1,HepG2,chr11:57804760:C:T,1,3,0.4887067675590515,modal,cuda,PPIL4:K562
BCLAF1,HepG2,chr11:57806980:C:T,1,3,-0.8844419717788696,modal,cuda,PPIL4:K562
BCLAF1,HepG2,chr11:57810152:C:T,1,3,0.824918270111084,modal,cuda,PPIL4:K562
BCLAF1,HepG2,chr11:62520206:G:A,0,3,-0.16257429122924805,modal,cuda,PPIL4:K562
BCLAF1,HepG2,chr11:62522036:C:T,0,3,-0.24628818035125732,modal,cuda,PPIL4:K562
BCLAF1,HepG2,chr11:62526000:C:T,0,3,0.2534736394882202,modal,cuda,PPIL4:K562
BCLAF1,HepG2,chr11:62526008:A:G,0,3,0.173191100358963,modal,cuda,PPIL4:K562
BCLAF1,HepG2,chr11:62527040:A:G,0,3,0.10009133815765381,modal,cuda,PPIL4:K562
BCLAF1,HepG2,chr11:62527677:T:G,0,3,-0.44411301612854004,modal,cuda,PPIL4:K562
BCLAF1,HepG2,chr11:62527799:A:C,0,3,-0.08328604698181152,modal,cuda,PPIL4:K562
BCLAF1,HepG2,chr11:62529526:C:T,0,3,-0.06918597221374512,modal,cuda,PPIL4:K562
BCLAF1,HepG2,chr11:62529773:A:C,0,3,-0.3879830837249756,modal,cuda,PPIL4:K562
BCLAF1,HepG2,chr11:62529848:A:G,0,3,0.1440662145614624,modal,cuda,PPIL4:K562
BCLAF1,HepG2,chr11:62529927:G:C,0,3,0.3730265498161316,modal,cuda,PPIL4:K562
BCLAF1,HepG2,chr11:62529938:A:G,0,3,0.14960813522338867,modal,cuda,PPIL4:K562
BCLAF1,HepG2,chr11:62530602:C:G,0,3,-0.320528507232666,modal,cuda,PPIL4:K562
BCLAF1,HepG2,chr11:62531360:A:G,0,3,0.17892104387283325,modal,cuda,PPIL4:K562
BCLAF1,HepG2,chr11:62532272:A:G,0,3,0.13494694232940674,modal,cuda,PPIL4:K562
BCLAF1,HepG2,chr11:62707136:G:C,0,3,0.2643061876296997,modal,cuda,PPIL4:K562
BCLAF1,HepG2,chr11:67180094:C:T,1,3,-0.45954394340515137,modal,cuda,PPIL4:K562
BCLAF1,HepG2,chr11:68044201:C:T,1,3,-0.8720665574073792,modal,cuda,PPIL4:K562
BCLAF1,HepG2,chr11:72018840:T:C,0,3,-0.1643109917640686,modal,cuda,PPIL4:K562
BCLAF1,HepG2,chr11:77179026:G:A,0,3,-0.18514347076416016,modal,cuda,PPIL4:K562
BCLAF1,HepG2,chr11:78559588:A:T,1,3,-0.7231038808822632,modal,cuda,PPIL4:K562
BCLAF1,HepG2,chr11:78566227:G:A,1,3,-1.2716522216796875,modal,cuda,PPIL4:K562
BCLAF1,HepG2,chr11:78566231:A:G,0,3,0.8474375605583191,modal,cuda,PPIL4:K562
BCLAF1,HepG2,chr11:78568693:T:C,0,3,-0.18228203058242798,modal,cuda,PPIL4:K562
BCLAF1,HepG2,chr11:78568698:T:C,0,3,-0.5701236128807068,modal,cuda,PPIL4:K562
BCLAF1,HepG2,chr11:78568744:T:G,0,3,1.01400887966156,modal,cuda,PPIL4:K562
BCLAF1,HepG2,chr11:78568755:A:T,0,3,0.9518492221832275,modal,cuda,PPIL4:K562
BCLAF1,HepG2,chr11:78568757:A:G,0,3,-0.5361649990081787,modal,cuda,PPIL4:K562
BCLAF1,HepG2,chr11:78571414:C:A,1,3,2.2704906463623047,modal,cuda,PPIL4:K562
BCLAF1,HepG2,chr11:85664513:G:A,0,3,-0.6010651588439941,modal,cuda,PPIL4:K562
BCLAF1,HepG2,chr11:86266075:G:A,0,3,-0.3055133819580078,modal,cuda,PPIL4:K562
BCLAF1,HepG2,chr11:86266128:C:T,1,3,0.5573061108589172,modal,cuda,PPIL4:K562
BCLAF1,HepG2,chr11:9165958:G:A,1,3,-1.8670668601989746,modal,cuda,PPIL4:K562
BCLAF1,HepG2,chr11:9178842:G:A,0,3,-0.545706570148468,modal,cuda,PPIL4:K562
BCLAF1,HepG2,chr11:9179008:G:A,0,3,0.18170952796936035,modal,cuda,PPIL4:K562
BCLAF1,HepG2,chr11:9179071:C:T,0,3,0.37163540720939636,modal,cuda,PPIL4:K562
BCLAF1,HepG2,chr11:94445909:A:C,0,3,-0.13281738758087158,modal,cuda,PPIL4:K562
BCLAF1,HepG2,chr11:94456263:G:A,0,3,-0.6759331822395325,modal,cuda,PPIL4:K562
BCLAF1,HepG2,chr11:95813131:T:G,0,3,-0.646035373210907,modal,cuda,PPIL4:K562
BCLAF1,HepG2,chr11:95849665:C:G,0,3,1.4466363191604614,modal,cuda,PPIL4:K562
BCLAF1,HepG2,chr11:9842776:A:G,0,3,0.4989333152770996,modal,cuda,PPIL4:K562
BCLAF1,HepG2,chr11:9858406:C:T,0,3,0.9381377696990967,modal,cuda,PPIL4:K562
BCLAF1,HepG2,chr12:100283076:C:T,1,1,-6.854191780090332,modal,cuda,PPIL4:K562
BCLAF1,HepG2,chr12:100283145:C:T,1,1,-3.7539281845092773,modal,cuda,PPIL4:K562
BCLAF1,HepG2,chr12:100510780:G:A,0,1,2.1140546798706055,modal,cuda,PPIL4:K562
BCLAF1,HepG2,chr12:100532538:C:T,1,1,1.9964985847473145,modal,cuda,PPIL4:K562
BCLAF1,HepG2,chr12:100532559:C:T,1,1,-6.1108222007751465,modal,cuda,PPIL4:K562
BCLAF1,HepG2,chr12:100532577:G:T,1,1,-3.6506004333496094,modal,cuda,PPIL4:K562
BCLAF1,HepG2,chr12:102838988:C:T,0,1,-3.287869691848755,modal,cuda,PPIL4:K562
BCLAF1,HepG2,chr12:102840394:A:T,1,1,-2.8844361305236816,modal,cuda,PPIL4:K562
BCLAF1,HepG2,chr12:102855080:C:T,0,1,0.6273201704025269,modal,cuda,PPIL4:K562
BCLAF1,HepG2,chr12:102917066:C:A,1,1,1.9034984111785889,modal,cuda,PPIL4:K562
BCLAF1,HepG2,chr12:102917066:C:G,1,1,-2.3023910522460938,modal,cuda,PPIL4:K562
BCLAF1,HepG2,chr12:108568930:G:A,0,1,2.3177695274353027,modal,cuda,PPIL4:K562
BCLAF1,HepG2,chr12:110129066:T:A,1,1,5.159677505493164,modal,cuda,PPIL4:K562
BCLAF1,HepG2,chr12:110129102:A:G,0,1,3.6539716720581055,modal,cuda,PPIL4:K562
BCLAF1,HepG2,chr12:110292002:G:A,0,1,-1.0506367683410645,modal,cuda,PPIL4:K562
BCLAF1,HepG2,chr12:110339273:C:G,0,1,-0.5969009399414062,modal,cuda,PPIL4:K562
BCLAF1,HepG2,chr12:1110209:T:A,0,1,1.5660042762756348,modal,cuda,PPIL4:K562
BCLAF1,HepG2,chr12:1112269:A:G,0,1,2.0265655517578125,modal,cuda,PPIL4:K562
BCLAF1,HepG2,chr12:1115991:C:T,0,1,-0.775196373462677,modal,cuda,PPIL4:K562
BCLAF1,HepG2,chr12:112450529:T:G,0,1,3.0292389392852783,modal,cuda,PPIL4:K562
BCLAF1,HepG2,chr12:112450541:C:G,0,1,-3.5890719890594482,modal,cuda,PPIL4:K562
BCLAF1,HepG2,chr12:112478025:A:G,0,1,0.20940876007080078,modal,cuda,PPIL4:K562
BCLAF1,HepG2,chr12:1181934:A:G,0,1,2.0344972610473633,modal,cuda,PPIL4:K562
BCLAF1,HepG2,chr12:119752254:C:G,0,1,0.266998291015625,modal,cuda,PPIL4:K562
BCLAF1,HepG2,chr12:120138423:G:C,0,1,1.2707066535949707,modal,cuda,PPIL4:K562
BCLAF1,HepG2,chr12:12147390:G:A,1,1,-4.638668537139893,modal,cuda,PPIL4:K562
BCLAF1,HepG2,chr12:12147466:A:G,0,1,1.12554931640625,modal,cuda,PPIL4:K562
BCLAF1,HepG2,chr12:12159952:C:T,1,1,0.45380210876464844,modal,cuda,PPIL4:K562
BCLAF1,HepG2,chr12:12162182:A:C,0,1,-2.1720657348632812,modal,cuda,PPIL4:K562
BCLAF1,HepG2,chr12:12165192:C:T,1,1,4.288571357727051,modal,cuda,PPIL4:K562
BCLAF1,HepG2,chr12:12179858:A:G,0,1,-0.31678125262260437,modal,cuda,PPIL4:K562
BCLAF1,HepG2,chr12:12179938:G:A,1,1,-4.589513301849365,modal,cuda,PPIL4:K562
BCLAF1,HepG2,chr12:12179987:G:C,0,1,2.9083268642425537,modal,cuda,PPIL4:K562
BCLAF1,HepG2,chr12:12187043:A:G,1,1,1.0981154441833496,modal,cuda,PPIL4:K562
BCLAF1,HepG2,chr12:123327582:G:A,0,1,-1.0386390686035156,modal,cuda,PPIL4:K562
BCLAF1,HepG2,chr12:130808702:T:C,0,1,1.224302053451538,modal,cuda,PPIL4:K562
BCLAF1,HepG2,chr12:130873046:C:T,0,1,-5.453213691711426,modal,cuda,PPIL4:K562
BCLAF1,HepG2,chr12:131979801:G:A,0,1,-0.6009089946746826,modal,cuda,PPIL4:K562
BCLAF1,HepG2,chr12:132632296:C:T,0,1,1.4308325052261353,modal,cuda,PPIL4:K562
BCLAF1,HepG2,chr12:132632300:C:T,0,1,0.9466304779052734,modal,cuda,PPIL4:K562
BCLAF1,HepG2,chr12:132741392:G:A,0,1,0.6734514236450195,modal,cuda,PPIL4:K562
BCLAF1,HepG2,chr12:132807172:G:A,0,1,1.3935222625732422,modal,cuda,PPIL4:K562
BCLAF1,HepG2,chr12:14434364:A:G,0,1,-0.6358035802841187,modal,cuda,PPIL4:K562
BCLAF1,HepG2,chr12:14434367:A:G,0,1,-0.9849582314491272,modal,cuda,PPIL4:K562
BCLAF1,HepG2,chr12:1792859:C:T,0,1,-3.979271173477173,modal,cuda,PPIL4:K562
BCLAF1,HepG2,chr12:1792998:C:T,0,1,-0.9832911491394043,modal,cuda,PPIL4:K562
BCLAF1,HepG2,chr12:19274579:A:G,0,1,1.6147098541259766,modal,cuda,PPIL4:K562
BCLAF1,HepG2,chr12:23845954:T:C,0,1,1.3912901878356934,modal,cuda,PPIL4:K562
BCLAF1,HepG2,chr12:24818032:G:A,0,1,0.2730071544647217,modal,cuda,PPIL4:K562
BCLAF1,HepG2,chr12:26481127:C:T,0,1,-1.219782829284668,modal,cuda,PPIL4:K562
BCLAF1,HepG2,chr12:26550237:A:T,0,1,1.1341545581817627,modal,cuda,PPIL4:K562
BCLAF1,HepG2,chr12:26599964:C:T,0,1,0.6430788040161133,modal,cuda,PPIL4:K562
BCLAF1,HepG2,chr12:27647774:C:T,1,1,4.286843299865723,modal,cuda,PPIL4:K562
BCLAF1,HepG2,chr12:27755435:A:G,0,1,0.6563138961791992,modal,cuda,PPIL4:K562
BCLAF1,HepG2,chr12:28306836:A:G,0,1,4.431753158569336,modal,cuda,PPIL4:K562
BCLAF1,HepG2,chr12:30665215:C:T,1,1,2.8989901542663574,modal,cuda,PPIL4:K562
BCLAF1,HepG2,chr12:30713872:A:G,0,1,-4.5012335777282715,modal,cuda,PPIL4:K562
BCLAF1,HepG2,chr12:30715074:C:T,0,1,-1.1917469501495361,modal,cuda,PPIL4:K562
BCLAF1,HepG2,chr12:30731402:A:G,0,1,-1.065382719039917,modal,cuda,PPIL4:K562
BCLAF1,HepG2,chr12:323593:T:C,0,1,-1.4100759029388428,modal,cuda,PPIL4:K562
BCLAF1,HepG2,chr12:32582302:C:G,0,1,-0.633102536201477,modal,cuda,PPIL4:K562
BCLAF1,HepG2,chr12:32582302:C:T,0,1,-0.7730238437652588,modal,cuda,PPIL4:K562
BCLAF1,HepG2,chr12:32582450:C:T,1,1,5.929417133331299,modal,cuda,PPIL4:K562
BCLAF1,HepG2,chr12:32601410:C:T,1,1,4.004169464111328,modal,cuda,PPIL4:K562
BCLAF1,HepG2,chr12:32601433:G:T,0,1,1.3217179775238037,modal,cuda,PPIL4:K562
BCLAF1,HepG2,chr12:32602217:T:G,1,1,-0.6502132415771484,modal,cuda,PPIL4:K562
BCLAF1,HepG2,chr12:32602325:G:A,0,1,1.627453327178955,modal,cuda,PPIL4:K562
BCLAF1,HepG2,chr12:32625647:T:C,0,1,-0.6163675785064697,modal,cuda,PPIL4:K562
BCLAF1,HepG2,chr12:32701427:A:G,1,1,-2.487250804901123,modal,cuda,PPIL4:K562
BCLAF1,HepG2,chr12:32701432:A:C,0,1,2.3429181575775146,modal,cuda,PPIL4:K562
BCLAF1,HepG2,chr12:32708177:C:T,1,1,-2.954641580581665,modal,cuda,PPIL4:K562
BCLAF1,HepG2,chr12:32713251:A:T,1,1,-5.422595977783203,modal,cuda,PPIL4:K562
BCLAF1,HepG2,chr12:32713327:C:A,1,1,-1.6026597023010254,modal,cuda,PPIL4:K562
BCLAF1,HepG2,chr12:32722643:A:G,0,1,1.7538461685180664,modal,cuda,PPIL4:K562
BCLAF1,HepG2,chr12:39333207:T:A,0,1,1.421665906906128,modal,cuda,PPIL4:K562
BCLAF1,HepG2,chr12:39341637:G:A,0,1,-0.1367049217224121,modal,cuda,PPIL4:K562
BCLAF1,HepG2,chr12:45302107:C:T,0,1,-1.8848686218261719,modal,cuda,PPIL4:K562
BCLAF1,HepG2,chr12:45367669:T:C,0,1,1.9447410106658936,modal,cuda,PPIL4:K562
BCLAF1,HepG2,chr12:49047944:C:A,0,1,-1.4486548900604248,modal,cuda,PPIL4:K562
BCLAF1,HepG2,chr12:49053096:C:A,0,1,-2.96039080619812,modal,cuda,PPIL4:K562
BCLAF1,HepG2,chr12:49484628:G:A,0,1,-1.181241750717163,modal,cuda,PPIL4:K562
BCLAF1,HepG2,chr12:50999214:C:A,1,1,-1.715907096862793,modal,cuda,PPIL4:K562
BCLAF1,HepG2,chr12:50999224:C:T,0,1,-0.9252161979675293,modal,cuda,PPIL4:K562
BCLAF1,HepG2,chr12:54283877:T:C,1,1,0.5239295959472656,modal,cuda,PPIL4:K562
BCLAF1,HepG2,chr12:54283877:T:G,1,1,0.6885452270507812,modal,cuda,PPIL4:K562
BCLAF1,HepG2,chr12:54283901:T:C,1,1,0.4549858570098877,modal,cuda,PPIL4:K562
BCLAF1,HepG2,chr12:56355703:C:G,1,1,3.3497121334075928,modal,cuda,PPIL4:K562
BCLAF1,HepG2,chr12:57718406:A:G,0,1,1.5151934623718262,modal,cuda,PPIL4:K562
BCLAF1,HepG2,chr12:62302818:C:T,0,1,-2.970151424407959,modal,cuda,PPIL4:K562
BCLAF1,HepG2,chr12:6591833:C:A,0,1,-2.203644275665283,modal,cuda,PPIL4:K562
BCLAF1,HepG2,chr12:68689025:G:A,0,1,1.7329001426696777,modal,cuda,PPIL4:K562
BCLAF1,HepG2,chr12:68713999:G:C,0,1,4.666767120361328,modal,cuda,PPIL4:K562
BCLAF1,HepG2,chr12:68731733:G:T,0,1,0.7711529731750488,modal,cuda,PPIL4:K562
BCLAF1,HepG2,chr12:68731734:G:T,0,1,-1.0214622020721436,modal,cuda,PPIL4:K562
BCLAF1,HepG2,chr12:68734687:T:C,0,1,3.331073760986328,modal,cuda,PPIL4:K562
BCLAF1,HepG2,chr12:68828854:C:T,0,1,-2.8748371601104736,modal,cuda,PPIL4:K562
BCLAF1,HepG2,chr12:68836764:A:T,0,1,0.7201290726661682,modal,cuda,PPIL4:K562
BCLAF1,HepG2,chr12:6974359:A:C,0,1,1.5943794250488281,modal,cuda,PPIL4:K562
BCLAF1,HepG2,chr12:6974427:A:G,1,1,0.7221536636352539,modal,cuda,PPIL4:K562
BCLAF1,HepG2,chr12:70338488:A:T,1,1,3.9545936584472656,modal,cuda,PPIL4:K562
BCLAF1,HepG2,chr12:71577986:C:G,0,1,2.377427577972412,modal,cuda,PPIL4:K562
BCLAF1,HepG2,chr12:71578805:G:A,0,1,1.6584343910217285,modal,cuda,PPIL4:K562
BCLAF1,HepG2,chr12:71578813:G:T,0,1,3.4191818237304688,modal,cuda,PPIL4:K562
BCLAF1,HepG2,chr12:71634147:A:C,0,1,-0.8205513954162598,modal,cuda,PPIL4:K562
BCLAF1,HepG2,chr12:79793941:T:G,0,1,2.3144919872283936,modal,cuda,PPIL4:K562
BCLAF1,HepG2,chr12:88049360:C:A,1,1,-4.784019470214844,modal,cuda,PPIL4:K562
BCLAF1,HepG2,chr12:883063:C:T,0,1,-1.7189970016479492,modal,cuda,PPIL4:K562
BCLAF1,HepG2,chr12:89591132:G:A,0,1,-1.6691431999206543,modal,cuda,PPIL4:K562
BCLAF1,HepG2,chr12:89616944:G:T,1,1,7.583288669586182,modal,cuda,PPIL4:K562
BCLAF1,HepG2,chr12:89627708:G:A,1,1,6.4400835037231445,modal,cuda,PPIL4:K562
BCLAF1,HepG2,chr12:89635099:G:A,1,1,-6.380467414855957,modal,cuda,PPIL4:K562
BCLAF1,HepG2,chr12:94220010:G:A,0,1,-1.768178105354309,modal,cuda,PPIL4:K562
BCLAF1,HepG2,chr12:94375909:C:A,1,1,5.7474365234375,modal,cuda,PPIL4:K562
BCLAF1,HepG2,chr12:94378949:G:A,1,1,3.6716370582580566,modal,cuda,PPIL4:K562
BCLAF1,HepG2,chr12:94378966:C:T,0,1,-1.4136117696762085,modal,cuda,PPIL4:K562
BCLAF1,HepG2,chr12:94400900:C:A,1,1,3.848264694213867,modal,cuda,PPIL4:K562
BCLAF1,HepG2,chr12:94403220:G:A,1,1,3.008052349090576,modal,cuda,PPIL4:K562
BCLAF1,HepG2,chr12:94403241:C:A,1,1,4.3951592445373535,modal,cuda,PPIL4:K562
BCLAF1,HepG2,chr13:100112045:A:G,1,0,-0.34083133935928345,modal,cuda,PPIL4:K562
BCLAF1,HepG2,chr13:100157303:G:T,1,0,-0.9171960353851318,modal,cuda,PPIL4:K562
BCLAF1,HepG2,chr13:100209411:T:G,1,0,-1.2398459911346436,modal,cuda,PPIL4:K562
BCLAF1,HepG2,chr13:100209419:A:T,1,0,1.9454400539398193,modal,cuda,PPIL4:K562
BCLAF1,HepG2,chr13:100268731:A:T,1,0,0.6355030536651611,modal,cuda,PPIL4:K562
BCLAF1,HepG2,chr13:100268741:C:G,1,0,-0.9763702750205994,modal,cuda,PPIL4:K562
BCLAF1,HepG2,chr13:100273218:C:T,1,0,1.9028375148773193,modal,cuda,PPIL4:K562
BCLAF1,HepG2,chr13:100273236:C:T,1,0,1.3703289031982422,modal,cuda,PPIL4:K562
BCLAF1,HepG2,chr13:100273240:C:A,1,0,0.3625185489654541,modal,cuda,PPIL4:K562
BCLAF1,HepG2,chr13:102604820:G:A,0,0,0.43616414070129395,modal,cuda,PPIL4:K562
BCLAF1,HepG2,chr13:102618856:G:A,0,0,-0.4264129400253296,modal,cuda,PPIL4:K562
BCLAF1,HepG2,chr13:102623036:T:C,0,0,0.3279632031917572,modal,cuda,PPIL4:K562
BCLAF1,HepG2,chr13:102636248:G:A,0,0,0.3387068808078766,modal,cuda,PPIL4:K562
BCLAF1,HepG2,chr13:102647279:C:T,1,0,0.39760974049568176,modal,cuda,PPIL4:K562
BCLAF1,HepG2,chr13:102647335:T:G,1,0,-0.8294322490692139,modal,cuda,PPIL4:K562
BCLAF1,HepG2,chr13:112833033:G:A,0,0,0.3134954571723938,modal,cuda,PPIL4:K562
BCLAF1,HepG2,chr13:113116822:C:T,1,0,-2.156871795654297,modal,cuda,PPIL4:K562
BCLAF1,HepG2,chr13:113116828:C:T,1,0,-1.1946258544921875,modal,cuda,PPIL4:K562
BCLAF1,HepG2,chr13:113190934:C:A,0,0,-0.3425710201263428,modal,cuda,PPIL4:K562
BCLAF1,HepG2,chr13:19993348:A:G,0,0,-0.1783757209777832,modal,cuda,PPIL4:K562
BCLAF1,HepG2,chr13:19993463:C:T,1,0,1.1195552349090576,modal,cuda,PPIL4:K562
BCLAF1,HepG2,chr13:19993493:C:T,1,0,3.1450939178466797,modal,cuda,PPIL4:K562
BCLAF1,HepG2,chr13:19993641:T:G,1,0,1.8364759683609009,modal,cuda,PPIL4:K562
BCLAF1,HepG2,chr13:20005113:G:A,0,0,0.3255195617675781,modal,cuda,PPIL4:K562
BCLAF1,HepG2,chr13:20005173:C:T,0,0,-0.7917668223381042,modal,cuda,PPIL4:K562
BCLAF1,HepG2,chr13:20006442:T:G,1,0,-0.675906777381897,modal,cuda,PPIL4:K562
BCLAF1,HepG2,chr13:20019580:C:T,1,0,-2.689331531524658,modal,cuda,PPIL4:K562
BCLAF1,HepG2,chr13:20026675:C:T,1,0,-2.6159722805023193,modal,cuda,PPIL4:K562
BCLAF1,HepG2,chr13:20026715:C:G,1,0,-2.4701035022735596,modal,cuda,PPIL4:K562
BCLAF1,HepG2,chr13:20026757:C:G,1,0,1.2831708192825317,modal,cuda,PPIL4:K562
BCLAF1,HepG2,chr13:20034266:C:T,1,0,0.8178884983062744,modal,cuda,PPIL4:K562
BCLAF1,HepG2,chr13:20034325:T:C,0,0,-0.291243314743042,modal,cuda,PPIL4:K562
BCLAF1,HepG2,chr13:20059523:C:G,1,0,-0.7888796329498291,modal,cuda,PPIL4:K562
BCLAF1,HepG2,chr13:20061170:A:G,0,0,-0.21568727493286133,modal,cuda,PPIL4:K562
BCLAF1,HepG2,chr13:20596997:G:C,0,0,0.6508462429046631,modal,cuda,PPIL4:K562
BCLAF1,HepG2,chr13:20598669:A:G,0,0,0.8520631194114685,modal,cuda,PPIL4:K562
BCLAF1,HepG2,chr13:20598768:T:C,0,0,-1.12215256690979,modal,cuda,PPIL4:K562
BCLAF1,HepG2,chr13:20601932:G:A,0,0,-0.45179325342178345,modal,cuda,PPIL4:K562
BCLAF1,HepG2,chr13:20615801:T:A,0,0,-1.0783458948135376,modal,cuda,PPIL4:K562
BCLAF1,HepG2,chr13:20615802:G:A,0,0,0.5673017501831055,modal,cuda,PPIL4:K562
BCLAF1,HepG2,chr13:20615814:T:C,0,0,0.34746477007865906,modal,cuda,PPIL4:K562
BCLAF1,HepG2,chr13:20615891:A:G,0,0,0.46648284792900085,modal,cuda,PPIL4:K562
BCLAF1,HepG2,chr13:20625734:A:G,0,0,-0.2657291889190674,modal,cuda,PPIL4:K562
BCLAF1,HepG2,chr13:20625763:G:T,0,0,-0.5791113376617432,modal,cuda,PPIL4:K562
BCLAF1,HepG2,chr13:20643565:G:A,0,0,0.4070981740951538,modal,cuda,PPIL4:K562
BCLAF1,HepG2,chr13:23365209:G:C,1,0,1.794567584991455,modal,cuda,PPIL4:K562
BCLAF1,HepG2,chr13:24906906:G:A,1,0,0.7946815490722656,modal,cuda,PPIL4:K562
BCLAF1,HepG2,chr13:32184697:A:G,0,0,-0.679844856262207,modal,cuda,PPIL4:K562
BCLAF1,HepG2,chr13:32354928:A:T,1,0,3.720644474029541,modal,cuda,PPIL4:K562
BCLAF1,HepG2,chr13:32354942:T:A,1,0,1.5708682537078857,modal,cuda,PPIL4:K562
BCLAF1,HepG2,chr13:32354986:C:A,1,0,2.1488523483276367,modal,cuda,PPIL4:K562
BCLAF1,HepG2,chr13:32355018:A:T,1,0,3.2450461387634277,modal,cuda,PPIL4:K562
BCLAF1,HepG2,chr13:36326559:A:G,0,0,0.6611682176589966,modal,cuda,PPIL4:K562
BCLAF1,HepG2,chr13:39680037:G:A,1,0,-0.6401795148849487,modal,cuda,PPIL4:K562
BCLAF1,HepG2,chr13:39689842:T:C,0,0,0.8848297595977783,modal,cuda,PPIL4:K562
BCLAF1,HepG2,chr13:39723394:G:T,1,0,0.8381855487823486,modal,cuda,PPIL4:K562
BCLAF1,HepG2,chr13:39723420:C:T,1,0,-1.35947585105896,modal,cuda,PPIL4:K562
BCLAF1,HepG2,chr13:47988873:G:A,0,0,-0.2407839298248291,modal,cuda,PPIL4:K562
BCLAF1,HepG2,chr13:48077193:A:T,0,0,-0.3817920684814453,modal,cuda,PPIL4:K562
BCLAF1,HepG2,chr13:48342717:A:T,1,0,-0.5514907836914062,modal,cuda,PPIL4:K562
BCLAF1,HepG2,chr13:48345222:T:G,0,0,0.574216365814209,modal,cuda,PPIL4:K562
BCLAF1,HepG2,chr13:48360005:T:G,1,0,-0.6133379340171814,modal,cuda,PPIL4:K562
BCLAF1,HepG2,chr13:48362806:C:G,1,0,-1.7895199060440063,modal,cuda,PPIL4:K562
BCLAF1,HepG2,chr13:48412896:A:G,0,0,2.643782138824463,modal,cuda,PPIL4:K562
BCLAF1,HepG2,chr13:49131203:A:G,0,0,2.72212290763855,modal,cuda,PPIL4:K562
BCLAF1,HepG2,chr13:49145783:C:T,0,0,-0.7122492790222168,modal,cuda,PPIL4:K562
BCLAF1,HepG2,chr13:49482767:A:T,0,0,0.6643785238265991,modal,cuda,PPIL4:K562
BCLAF1,HepG2,chr13:49482790:G:A,0,0,-0.35278892517089844,modal,cuda,PPIL4:K562
BCLAF1,HepG2,chr13:51430313:G:A,1,0,-0.629889726638794,modal,cuda,PPIL4:K562
BCLAF1,HepG2,chr13:51949661:C:T,1,0,-0.4181278347969055,modal,cuda,PPIL4:K562
BCLAF1,HepG2,chr13:51949672:C:T,0,0,0.4876558780670166,modal,cuda,PPIL4:K562
BCLAF1,HepG2,chr13:51949676:G:A,1,0,-0.8154540657997131,modal,cuda,PPIL4:K562
BCLAF1,HepG2,chr13:51949700:C:T,1,0,-0.22268688678741455,modal,cuda,PPIL4:K562
BCLAF1,HepG2,chr13:51949720:A:T,1,0,0.735295295715332,modal,cuda,PPIL4:K562
BCLAF1,HepG2,chr13:51949732:G:C,1,0,0.6403518915176392,modal,cuda,PPIL4:K562
BCLAF1,HepG2,chr13:51949732:G:T,1,0,0.7169814109802246,modal,cuda,PPIL4:K562
BCLAF1,HepG2,chr13:51949797:C:T,1,0,0.7650591731071472,modal,cuda,PPIL4:K562
BCLAF1,HepG2,chr13:51950271:C:T,1,0,1.3001086711883545,modal,cuda,PPIL4:K562
BCLAF1,HepG2,chr13:51950400:C:T,1,0,-1.2289153337478638,modal,cuda,PPIL4:K562
BCLAF1,HepG2,chr13:51960231:G:A,1,0,-1.1586220264434814,modal,cuda,PPIL4:K562
BCLAF1,HepG2,chr13:51960269:A:T,1,0,-1.7976676225662231,modal,cuda,PPIL4:K562
BCLAF1,HepG2,chr13:51970491:C:G,1,0,-1.5637400150299072,modal,cuda,PPIL4:K562
BCLAF1,HepG2,chr13:51970558:G:A,1,0,-0.9680784940719604,modal,cuda,PPIL4:K562
BCLAF1,HepG2,chr13:51974317:A:C,1,0,-1.4388811588287354,modal,cuda,PPIL4:K562
BCLAF1,HepG2,chr13:51974317:A:T,1,0,-0.9093928933143616,modal,cuda,PPIL4:K562
BCLAF1,HepG2,chr13:51974350:C:G,0,0,0.9779438972473145,modal,cuda,PPIL4:K562
BCLAF1,HepG2,chr13:51974364:G:A,1,0,1.2165868282318115,modal,cuda,PPIL4:K562
BCLAF1,HepG2,chr13:52024872:T:C,1,0,-0.40980076789855957,modal,cuda,PPIL4:K562
BCLAF1,HepG2,chr13:72772152:T:C,0,0,-1.0632927417755127,modal,cuda,PPIL4:K562
BCLAF1,HepG2,chr13:72783562:G:A,0,0,-0.24743890762329102,modal,cuda,PPIL4:K562
BCLAF1,HepG2,chr13:72792566:A:T,0,0,-0.18975937366485596,modal,cuda,PPIL4:K562
BCLAF1,HepG2,chr13:72893914:C:T,1,0,2.0753588676452637,modal,cuda,PPIL4:K562
BCLAF1,HepG2,chr13:75804311:G:A,0,0,0.2802765369415283,modal,cuda,PPIL4:K562
BCLAF1,HepG2,chr13:79371937:A:T,0,0,-0.19603216648101807,modal,cuda,PPIL4:K562
BCLAF1,HepG2,chr14:101892987:G:C,0,2,0.2809319496154785,modal,cuda,PPIL4:K562
BCLAF1,HepG2,chr14:101979995:G:A,0,2,-1.8815650939941406,modal,cuda,PPIL4:K562
BCLAF1,HepG2,chr14:102000160:G:A,0,2,0.9056243300437927,modal,cuda,PPIL4:K562
BCLAF1,HepG2,chr14:103457138:A:G,0,2,-0.1498115062713623,modal,cuda,PPIL4:K562
BCLAF1,HepG2,chr14:103571695:C:T,1,2,-1.846099853515625,modal,cuda,PPIL4:K562
BCLAF1,HepG2,chr14:21368447:G:C,0,2,0.10732311010360718,modal,cuda,PPIL4:K562
BCLAF1,HepG2,chr14:21401392:A:G,0,2,-0.7832363843917847,modal,cuda,PPIL4:K562
BCLAF1,HepG2,chr14:21412897:T:C,0,2,0.21516835689544678,modal,cuda,PPIL4:K562
BCLAF1,HepG2,chr14:22927601:G:A,0,2,0.6208162307739258,modal,cuda,PPIL4:K562
BCLAF1,HepG2,chr14:30650657:C:T,0,2,0.2085602730512619,modal,cuda,PPIL4:K562
BCLAF1,HepG2,chr14:30880739:C:T,0,2,1.2678664922714233,modal,cuda,PPIL4:K562
BCLAF1,HepG2,chr14:31599348:G:A,1,2,-0.7753579616546631,modal,cuda,PPIL4:K562
BCLAF1,HepG2,chr14:34516452:C:T,0,2,-0.5948183536529541,modal,cuda,PPIL4:K562
BCLAF1,HepG2,chr14:35008705:A:C,0,2,0.6382880806922913,modal,cuda,PPIL4:K562
BCLAF1,HepG2,chr14:35008759:C:T,0,2,0.2996988296508789,modal,cuda,PPIL4:K562
BCLAF1,HepG2,chr14:35109915:A:G,1,2,0.943031907081604,modal,cuda,PPIL4:K562
BCLAF1,HepG2,chr14:35775609:C:A,0,2,0.25929462909698486,modal,cuda,PPIL4:K562
BCLAF1,HepG2,chr14:39151732:C:T,0,2,-0.622468113899231,modal,cuda,PPIL4:K562
BCLAF1,HepG2,chr14:39176159:C:T,0,2,-0.5630412101745605,modal,cuda,PPIL4:K562
BCLAF1,HepG2,chr14:39299939:A:G,0,2,-1.1014554500579834,modal,cuda,PPIL4:K562
BCLAF1,HepG2,chr14:45028290:C:T,1,2,1.550971269607544,modal,cuda,PPIL4:K562
BCLAF1,HepG2,chr14:49654140:C:T,0,2,-0.18452608585357666,modal,cuda,PPIL4:K562
BCLAF1,HepG2,chr14:49840873:T:C,0,2,0.1414656788110733,modal,cuda,PPIL4:K562
BCLAF1,HepG2,chr14:50294228:G:A,1,2,0.9591737389564514,modal,cuda,PPIL4:K562
BCLAF1,HepG2,chr14:52658016:A:C,0,2,-2.1334402561187744,modal,cuda,PPIL4:K562
BCLAF1,HepG2,chr14:55628008:C:A,0,2,0.7532988786697388,modal,cuda,PPIL4:K562
BCLAF1,HepG2,chr14:55629968:A:C,0,2,-2.0235722064971924,modal,cuda,PPIL4:K562
BCLAF1,HepG2,chr14:55639190:C:T,0,2,0.39105263352394104,modal,cuda,PPIL4:K562
BCLAF1,HepG2,chr14:55640948:G:C,0,2,0.45790672302246094,modal,cuda,PPIL4:K562
BCLAF1,HepG2,chr14:55671640:C:T,0,2,-1.1300034523010254,modal,cuda,PPIL4:K562
BCLAF1,HepG2,chr14:55678416:T:C,0,2,-0.5507858395576477,modal,cuda,PPIL4:K562
BCLAF1,HepG2,chr14:58252212:A:G,0,2,0.20800244808197021,modal,cuda,PPIL4:K562
BCLAF1,HepG2,chr14:58430732:T:C,0,2,0.14471328258514404,modal,cuda,PPIL4:K562
BCLAF1,HepG2,chr14:58459894:C:T,1,2,1.9511449337005615,modal,cuda,PPIL4:K562
BCLAF1,HepG2,chr14:58459945:C:T,1,2,-1.2566848993301392,modal,cuda,PPIL4:K562
BCLAF1,HepG2,chr14:58459990:C:T,1,2,-2.551821231842041,modal,cuda,PPIL4:K562
BCLAF1,HepG2,chr14:65102437:C:A,0,2,0.13807010650634766,modal,cuda,PPIL4:K562
BCLAF1,HepG2,chr14:67302402:A:T,0,2,-0.43098029494285583,modal,cuda,PPIL4:K562
BCLAF1,HepG2,chr14:67825470:T:C,0,2,-0.6369030475616455,modal,cuda,PPIL4:K562
BCLAF1,HepG2,chr14:74286404:C:G,0,2,0.6797327995300293,modal,cuda,PPIL4:K562
BCLAF1,HepG2,chr14:74286409:C:T,0,2,-0.698235273361206,modal,cuda,PPIL4:K562
BCLAF1,HepG2,chr14:74286438:C:T,0,2,-0.4776018261909485,modal,cuda,PPIL4:K562
BCLAF1,HepG2,chr14:74894391:T:A,0,2,-1.2458183765411377,modal,cuda,PPIL4:K562
BCLAF1,HepG2,chr14:75032203:T:C,0,2,-1.8317826986312866,modal,cuda,PPIL4:K562
BCLAF1,HepG2,chr14:75124143:A:T,0,2,-0.21596872806549072,modal,cuda,PPIL4:K562
BCLAF1,HepG2,chr14:75124179:C:G,0,2,-0.6286709904670715,modal,cuda,PPIL4:K562
BCLAF1,HepG2,chr14:75124221:A:G,0,2,-2.662705659866333,modal,cuda,PPIL4:K562
BCLAF1,HepG2,chr14:75719836:G:A,0,2,0.47951143980026245,modal,cuda,PPIL4:K562
BCLAF1,HepG2,chr14:75745468:T:C,0,2,0.1287691593170166,modal,cuda,PPIL4:K562
BCLAF1,HepG2,chr14:75776861:T:A,0,2,0.4270755648612976,modal,cuda,PPIL4:K562
BCLAF1,HepG2,chr14:75779563:T:C,0,2,0.4159037470817566,modal,cuda,PPIL4:K562
BCLAF1,HepG2,chr14:81526729:C:T,0,2,1.357527256011963,modal,cuda,PPIL4:K562
BCLAF1,HepG2,chr14:88575836:T:G,0,2,0.5457170009613037,modal,cuda,PPIL4:K562
BCLAF1,HepG2,chr14:88870170:C:T,1,2,1.0531582832336426,modal,cuda,PPIL4:K562
BCLAF1,HepG2,chr14:89989101:G:A,0,2,0.3633681535720825,modal,cuda,PPIL4:K562
BCLAF1,HepG2,chr14:91475932:G:A,0,2,1.2808951139450073,modal,cuda,PPIL4:K562
BCLAF1,HepG2,chr14:92007634:T:C,0,2,1.9542393684387207,modal,cuda,PPIL4:K562
BCLAF1,HepG2,chr14:92014598:A:C,0,2,0.1773553192615509,modal,cuda,PPIL4:K562
BCLAF1,HepG2,chr14:92039746:G:A,0,2,0.23118221759796143,modal,cuda,PPIL4:K562
BCLAF1,HepG2,chr14:95091236:G:A,1,2,-0.9777427315711975,modal,cuda,PPIL4:K562
BCLAF1,HepG2,chr14:95091238:C:T,1,2,-1.5948070287704468,modal,cuda,PPIL4:K562
BCLAF1,HepG2,chr14:95091253:G:T,1,2,1.2177895307540894,modal,cuda,PPIL4:K562
BCLAF1,HepG2,chr14:95091270:G:C,1,2,-0.9904319047927856,modal,cuda,PPIL4:K562
BCLAF1,HepG2,chr14:95091289:G:A,1,2,-0.7867780923843384,modal,cuda,PPIL4:K562
BCLAF1,HepG2,chr14:95091291:C:A,1,2,1.1061360836029053,modal,cuda,PPIL4:K562
BCLAF1,HepG2,chr14:95091291:C:G,1,2,0.6871120929718018,modal,cuda,PPIL4:K562
BCLAF1,HepG2,chr14:95091291:C:T,1,2,0.34755420684814453,modal,cuda,PPIL4:K562
BCLAF1,HepG2,chr14:95091292:T:A,1,2,-0.6976951360702515,modal,cuda,PPIL4:K562
BCLAF1,HepG2,chr14:95091300:A:G,0,2,-0.13554096221923828,modal,cuda,PPIL4:K562
BCLAF1,HepG2,chr14:95091301:T:A,1,2,1.7454192638397217,modal,cuda,PPIL4:K562
BCLAF1,HepG2,chr14:95091301:T:C,1,2,-0.7752046585083008,modal,cuda,PPIL4:K562
BCLAF1,HepG2,chr14:95091302:C:A,1,2,0.5133621692657471,modal,cuda,PPIL4:K562
BCLAF1,HepG2,chr14:95091302:C:T,1,2,-0.3639543056488037,modal,cuda,PPIL4:K562
BCLAF1,HepG2,chr14:95091304:C:T,1,2,0.5574671626091003,modal,cuda,PPIL4:K562
BCLAF1,HepG2,chr14:95091305:C:A,1,2,0.5227173566818237,modal,cuda,PPIL4:K562
BCLAF1,HepG2,chr14:95091305:C:T,1,2,0.6448310613632202,modal,cuda,PPIL4:K562
BCLAF1,HepG2,chr14:95096581:G:A,1,2,2.157182216644287,modal,cuda,PPIL4:K562
BCLAF1,HepG2,chr14:95096605:C:A,1,2,0.8452062606811523,modal,cuda,PPIL4:K562
BCLAF1,HepG2,chr14:95096633:C:T,1,2,0.7751249670982361,modal,cuda,PPIL4:K562
BCLAF1,HepG2,chr14:95099767:C:A,0,2,-0.4868309199810028,modal,cuda,PPIL4:K562
BCLAF1,HepG2,chr14:95099804:T:C,0,2,-0.5028940439224243,modal,cuda,PPIL4:K562
BCLAF1,HepG2,chr14:95099815:T:A,1,2,1.8513636589050293,modal,cuda,PPIL4:K562
BCLAF1,HepG2,chr14:95103696:C:A,1,2,4.302970886230469,modal,cuda,PPIL4:K562
BCLAF1,HepG2,chr14:95105699:C:T,1,2,1.7172751426696777,modal,cuda,PPIL4:K562
BCLAF1,HepG2,chr14:95105716:T:A,1,2,2.8688580989837646,modal,cuda,PPIL4:K562
BCLAF1,HepG2,chr14:95105784:C:A,1,2,-2.532304286956787,modal,cuda,PPIL4:K562
BCLAF1,HepG2,chr14:95107673:C:T,0,2,0.10846054553985596,modal,cuda,PPIL4:K562
BCLAF1,HepG2,chr14:95107682:G:T,0,2,0.5759905576705933,modal,cuda,PPIL4:K562
BCLAF1,HepG2,chr14:95108456:A:T,1,2,-1.7115110158920288,modal,cuda,PPIL4:K562
BCLAF1,HepG2,chr14:95115661:C:T,0,2,0.7990397214889526,modal,cuda,PPIL4:K562
BCLAF1,HepG2,chr14:95115708:A:T,0,2,0.08652102947235107,modal,cuda,PPIL4:K562
BCLAF1,HepG2,chr14:95116458:C:A,1,2,1.1715704202651978,modal,cuda,PPIL4:K562
BCLAF1,HepG2,chr14:95116517:A:C,1,2,-0.45529794692993164,modal,cuda,PPIL4:K562
BCLAF1,HepG2,chr14:95116612:G:T,1,2,2.52827525138855,modal,cuda,PPIL4:K562
BCLAF1,HepG2,chr14:95116671:C:A,1,2,2.742933511734009,modal,cuda,PPIL4:K562
BCLAF1,HepG2,chr14:95124308:C:A,1,2,0.5943665504455566,modal,cuda,PPIL4:K562
BCLAF1,HepG2,chr14:95124345:A:C,1,2,0.809736967086792,modal,cuda,PPIL4:K562
BCLAF1,HepG2,chr14:95124510:T:C,0,2,-2.1794705390930176,modal,cuda,PPIL4:K562
BCLAF1,HepG2,chr14:95124566:C:A,1,2,-1.5806708335876465,modal,cuda,PPIL4:K562
BCLAF1,HepG2,chr14:95124644:A:G,0,2,-0.569664716720581,modal,cuda,PPIL4:K562
BCLAF1,HepG2,chr14:95126696:T:A,1,2,1.5125932693481445,modal,cuda,PPIL4:K562
BCLAF1,HepG2,chr14:95129515:T:A,1,2,1.6206482648849487,modal,cuda,PPIL4:K562
BCLAF1,HepG2,chr14:95130190:A:T,0,2,-0.14213156700134277,modal,cuda,PPIL4:K562
BCLAF1,HepG2,chr14:96303043:G:A,0,2,-0.28443145751953125,modal,cuda,PPIL4:K562
BCLAF1,HepG2,chr14:96531537:T:C,0,2,-1.248755931854248,modal,cuda,PPIL4:K562
BCLAF1,HepG2,chr15:22943270:G:A,0,1,-2.7412362098693848,modal,cuda,PPIL4:K562
BCLAF1,HepG2,chr15:24976416:T:C,0,1,-0.2437288761138916,modal,cuda,PPIL4:K562
BCLAF1,HepG2,chr15:24977017:A:T,0,1,1.5142052173614502,modal,cuda,PPIL4:K562
BCLAF1,HepG2,chr15:25339138:T:A,1,1,1.3289594650268555,modal,cuda,PPIL4:K562
BCLAF1,HepG2,chr15:25339138:T:C,0,1,0.5973868370056152,modal,cuda,PPIL4:K562
BCLAF1,HepG2,chr15:25339207:G:C,1,1,2.2992336750030518,modal,cuda,PPIL4:K562
BCLAF1,HepG2,chr15:25339211:A:G,1,1,2.0421364307403564,modal,cuda,PPIL4:K562
BCLAF1,HepG2,chr15:25339222:A:T,1,1,-10.229316711425781,modal,cuda,PPIL4:K562
BCLAF1,HepG2,chr15:25354402:C:A,1,1,3.6967246532440186,modal,cuda,PPIL4:K562
BCLAF1,HepG2,chr15:25354414:G:A,1,1,-5.157162666320801,modal,cuda,PPIL4:K562
BCLAF1,HepG2,chr15:25354536:C:T,1,1,-3.6596250534057617,modal,cuda,PPIL4:K562
BCLAF1,HepG2,chr15:25354571:A:T,1,1,-5.891262054443359,modal,cuda,PPIL4:K562
BCLAF1,HepG2,chr15:25354679:A:C,1,1,-1.5288200378417969,modal,cuda,PPIL4:K562
BCLAF1,HepG2,chr15:25355920:T:G,0,1,1.09586763381958,modal,cuda,PPIL4:K562
BCLAF1,HepG2,chr15:25355984:G:A,1,1,4.6681294441223145,modal,cuda,PPIL4:K562
BCLAF1,HepG2,chr15:25355989:G:A,1,1,-2.7612271308898926,modal,cuda,PPIL4:K562
BCLAF1,HepG2,chr15:25356840:C:G,1,1,2.093231201171875,modal,cuda,PPIL4:K562
BCLAF1,HepG2,chr15:25356859:C:T,1,1,2.0186100006103516,modal,cuda,PPIL4:K562
BCLAF1,HepG2,chr15:25356860:C:T,1,1,-1.808739423751831,modal,cuda,PPIL4:K562
BCLAF1,HepG2,chr15:25356877:T:C,0,1,1.8591068983078003,modal,cuda,PPIL4:K562
BCLAF1,HepG2,chr15:25356883:G:A,0,1,1.952822208404541,modal,cuda,PPIL4:K562
BCLAF1,HepG2,chr15:25356883:G:C,1,1,2.7153944969177246,modal,cuda,PPIL4:K562
BCLAF1,HepG2,chr15:25360477:A:T,1,1,3.473015785217285,modal,cuda,PPIL4:K562
BCLAF1,HepG2,chr15:25360509:C:A,1,1,3.251110315322876,modal,cuda,PPIL4:K562
BCLAF1,HepG2,chr15:25370770:T:C,0,1,-1.0287017822265625,modal,cuda,PPIL4:K562
BCLAF1,HepG2,chr15:25370829:C:A,1,1,9.225608825683594,modal,cuda,PPIL4:K562
BCLAF1,HepG2,chr15:25370836:A:G,0,1,0.6708098649978638,modal,cuda,PPIL4:K562
BCLAF1,HepG2,chr15:25370844:C:A,1,1,5.68502140045166,modal,cuda,PPIL4:K562
BCLAF1,HepG2,chr15:25370865:G:A,1,1,2.885166883468628,modal,cuda,PPIL4:K562
BCLAF1,HepG2,chr15:25370905:G:A,0,1,-1.37897789478302,modal,cuda,PPIL4:K562
BCLAF1,HepG2,chr15:25370913:G:A,1,1,4.175812244415283,modal,cuda,PPIL4:K562
BCLAF1,HepG2,chr15:25370937:C:A,1,1,7.710562705993652,modal,cuda,PPIL4:K562
BCLAF1,HepG2,chr15:25370955:G:A,1,1,4.730302810668945,modal,cuda,PPIL4:K562
BCLAF1,HepG2,chr15:25370967:C:A,1,1,4.42882776260376,modal,cuda,PPIL4:K562
BCLAF1,HepG2,chr15:25370989:T:C,0,1,0.49422407150268555,modal,cuda,PPIL4:K562
BCLAF1,HepG2,chr15:25371000:C:A,1,1,5.221127510070801,modal,cuda,PPIL4:K562
BCLAF1,HepG2,chr15:25371005:T:C,0,1,-1.2579389810562134,modal,cuda,PPIL4:K562
BCLAF1,HepG2,chr15:25371024:C:A,1,1,2.4509963989257812,modal,cuda,PPIL4:K562
BCLAF1,HepG2,chr15:25371043:A:T,1,1,-2.9588255882263184,modal,cuda,PPIL4:K562
BCLAF1,HepG2,chr15:25371214:T:C,0,1,-1.4203062057495117,modal,cuda,PPIL4:K562
BCLAF1,HepG2,chr15:25371238:C:T,0,1,2.109618663787842,modal,cuda,PPIL4:K562
BCLAF1,HepG2,chr15:25371348:G:A,1,1,-8.278955459594727,modal,cuda,PPIL4:K562
BCLAF1,HepG2,chr15:25371359:T:C,0,1,4.669516086578369,modal,cuda,PPIL4:K562
BCLAF1,HepG2,chr15:25371364:A:T,1,1,5.573477745056152,modal,cuda,PPIL4:K562
BCLAF1,HepG2,chr15:25371395:A:T,1,1,3.3785972595214844,modal,cuda,PPIL4:K562
BCLAF1,HepG2,chr15:25371397:A:T,1,1,-4.736036777496338,modal,cuda,PPIL4:K562
BCLAF1,HepG2,chr15:25371404:A:G,1,1,2.021744728088379,modal,cuda,PPIL4:K562
BCLAF1,HepG2,chr15:25371426:C:A,1,1,-2.819065570831299,modal,cuda,PPIL4:K562
BCLAF1,HepG2,chr15:25371548:G:C,1,1,9.462112426757812,modal,cuda,PPIL4:K562
BCLAF1,HepG2,chr15:25371556:T:A,0,1,0.35150790214538574,modal,cuda,PPIL4:K562
BCLAF1,HepG2,chr15:25371639:G:A,1,1,3.2362961769104004,modal,cuda,PPIL4:K562
BCLAF1,HepG2,chr15:25371697:T:A,0,1,-1.7778849601745605,modal,cuda,PPIL4:K562
BCLAF1,HepG2,chr15:28198512:G:T,0,1,1.694521188735962,modal,cuda,PPIL4:K562
BCLAF1,HepG2,chr15:29732824:G:C,0,1,2.801776885986328,modal,cuda,PPIL4:K562
BCLAF1,HepG2,chr15:39943372:G:T,0,1,-1.7148003578186035,modal,cuda,PPIL4:K562
BCLAF1,HepG2,chr15:39972904:C:A,1,1,3.431643486022949,modal,cuda,PPIL4:K562
BCLAF1,HepG2,chr15:40199751:A:G,0,1,-0.5388772487640381,modal,cuda,PPIL4:K562
BCLAF1,HepG2,chr15:40411601:C:T,0,1,0.21361780166625977,modal,cuda,PPIL4:K562
BCLAF1,HepG2,chr15:41749552:A:G,0,1,-1.7292075157165527,modal,cuda,PPIL4:K562
BCLAF1,HepG2,chr15:42444880:C:T,0,1,1.179432988166809,modal,cuda,PPIL4:K562
BCLAF1,HepG2,chr15:42665334:T:G,0,1,-1.0031994581222534,modal,cuda,PPIL4:K562
BCLAF1,HepG2,chr15:43047301:A:T,0,1,-3.3481192588806152,modal,cuda,PPIL4:K562
BCLAF1,HepG2,chr15:43059686:C:T,0,1,-0.7719883918762207,modal,cuda,PPIL4:K562
BCLAF1,HepG2,chr15:43070776:G:A,0,1,-1.5586813688278198,modal,cuda,PPIL4:K562
BCLAF1,HepG2,chr15:44337899:A:C,0,1,-1.3981680870056152,modal,cuda,PPIL4:K562
BCLAF1,HepG2,chr15:48767476:C:T,0,1,-1.773636817932129,modal,cuda,PPIL4:K562
BCLAF1,HepG2,chr15:50439016:G:C,0,1,1.7445793151855469,modal,cuda,PPIL4:K562
BCLAF1,HepG2,chr15:50439193:C:T,0,1,0.775442361831665,modal,cuda,PPIL4:K562
BCLAF1,HepG2,chr15:50449392:A:C,0,1,5.548914432525635,modal,cuda,PPIL4:K562
BCLAF1,HepG2,chr15:50574314:G:A,0,1,1.9893383979797363,modal,cuda,PPIL4:K562
BCLAF1,HepG2,chr15:50574885:G:A,0,1,3.4616904258728027,modal,cuda,PPIL4:K562
BCLAF1,HepG2,chr15:50574892:C:T,0,1,-1.6776528358459473,modal,cuda,PPIL4:K562
BCLAF1,HepG2,chr15:50599148:C:T,1,1,4.307548522949219,modal,cuda,PPIL4:K562
BCLAF1,HepG2,chr15:50604917:A:G,0,1,-3.261984348297119,modal,cuda,PPIL4:K562
BCLAF1,HepG2,chr15:50632866:T:C,0,1,-0.8186297416687012,modal,cuda,PPIL4:K562
BCLAF1,HepG2,chr15:50639403:A:C,0,1,1.751378059387207,modal,cuda,PPIL4:K562
BCLAF1,HepG2,chr15:50648785:T:C,0,1,-2.6640632152557373,modal,cuda,PPIL4:K562
BCLAF1,HepG2,chr15:50722112:A:G,0,1,2.669287919998169,modal,cuda,PPIL4:K562
BCLAF1,HepG2,chr15:50748096:T:C,0,1,-1.9280164241790771,modal,cuda,PPIL4:K562
BCLAF1,HepG2,chr15:50912167:G:A,0,1,-2.912191390991211,modal,cuda,PPIL4:K562
BCLAF1,HepG2,chr15:51486215:T:A,0,1,3.2406773567199707,modal,cuda,PPIL4:K562
BCLAF1,HepG2,chr15:51486261:G:C,1,1,7.237208366394043,modal,cuda,PPIL4:K562
BCLAF1,HepG2,chr15:51491623:T:C,0,1,-1.0589838027954102,modal,cuda,PPIL4:K562
BCLAF1,HepG2,chr15:51507169:C:T,1,1,-6.623767375946045,modal,cuda,PPIL4:K562
BCLAF1,HepG2,chr15:55834113:C:T,0,1,-1.46905517578125,modal,cuda,PPIL4:K562
BCLAF1,HepG2,chr15:56921085:A:G,0,1,-1.1335068941116333,modal,cuda,PPIL4:K562
BCLAF1,HepG2,chr15:57091863:A:G,0,1,-0.6670136451721191,modal,cuda,PPIL4:K562
BCLAF1,HepG2,chr15:57166423:C:A,1,1,2.6078059673309326,modal,cuda,PPIL4:K562
BCLAF1,HepG2,chr15:57192224:G:T,1,1,4.853941917419434,modal,cuda,PPIL4:K562
BCLAF1,HepG2,chr15:58621444:T:A,0,1,-1.5286948680877686,modal,cuda,PPIL4:K562
BCLAF1,HepG2,chr15:58621464:A:G,0,1,1.1022522449493408,modal,cuda,PPIL4:K562
BCLAF1,HepG2,chr15:58633367:A:G,0,1,2.404398202896118,modal,cuda,PPIL4:K562
BCLAF1,HepG2,chr15:60442498:A:G,0,1,1.33024263381958,modal,cuda,PPIL4:K562
BCLAF1,HepG2,chr15:60455347:T:A,0,1,-2.04074764251709,modal,cuda,PPIL4:K562
BCLAF1,HepG2,chr15:60466693:G:A,0,1,-1.35899019241333,modal,cuda,PPIL4:K562
BCLAF1,HepG2,chr15:61920052:A:C,0,1,-3.395552396774292,modal,cuda,PPIL4:K562
BCLAF1,HepG2,chr15:61920666:C:T,0,1,2.368732452392578,modal,cuda,PPIL4:K562
BCLAF1,HepG2,chr15:61929480:T:C,0,1,0.8347258567810059,modal,cuda,PPIL4:K562
BCLAF1,HepG2,chr15:61945694:A:C,0,1,-3.7391016483306885,modal,cuda,PPIL4:K562
BCLAF1,HepG2,chr15:61951990:G:A,0,1,-1.4668498039245605,modal,cuda,PPIL4:K562
BCLAF1,HepG2,chr15:62013021:A:G,0,1,-1.7872437238693237,modal,cuda,PPIL4:K562
BCLAF1,HepG2,chr15:62020472:A:G,0,1,-1.484349250793457,modal,cuda,PPIL4:K562
BCLAF1,HepG2,chr15:63060873:C:T,1,1,1.1340625286102295,modal,cuda,PPIL4:K562
BCLAF1,HepG2,chr15:63060929:C:T,1,1,0.7873688340187073,modal,cuda,PPIL4:K562
BCLAF1,HepG2,chr15:63061252:A:G,0,1,1.1618516445159912,modal,cuda,PPIL4:K562
BCLAF1,HepG2,chr15:63588415:C:T,0,1,-2.9999313354492188,modal,cuda,PPIL4:K562
BCLAF1,HepG2,chr15:63659945:T:C,0,1,1.3248744010925293,modal,cuda,PPIL4:K562
BCLAF1,HepG2,chr15:65154950:A:G,0,1,-0.6142191886901855,modal,cuda,PPIL4:K562
BCLAF1,HepG2,chr15:65154995:C:T,0,1,-4.307482719421387,modal,cuda,PPIL4:K562
BCLAF1,HepG2,chr15:65157816:G:A,0,1,1.1983773708343506,modal,cuda,PPIL4:K562
BCLAF1,HepG2,chr15:68142041:G:C,0,1,4.855239391326904,modal,cuda,PPIL4:K562
BCLAF1,HepG2,chr15:68787929:G:C,0,1,-1.3069374561309814,modal,cuda,PPIL4:K562
BCLAF1,HepG2,chr15:69423149:C:T,0,1,-3.7098965644836426,modal,cuda,PPIL4:K562
BCLAF1,HepG2,chr15:69436191:A:C,0,1,6.81679630279541,modal,cuda,PPIL4:K562
BCLAF1,HepG2,chr15:69436610:A:G,0,1,-2.273613214492798,modal,cuda,PPIL4:K562
BCLAF1,HepG2,chr15:71935496:A:G,0,1,-1.037344217300415,modal,cuda,PPIL4:K562
BCLAF1,HepG2,chr15:72346235:C:T,1,1,1.1328881978988647,modal,cuda,PPIL4:K562
BCLAF1,HepG2,chr15:72346271:T:A,1,1,-5.029625415802002,modal,cuda,PPIL4:K562
BCLAF1,HepG2,chr15:72346278:A:G,1,1,-1.2192306518554688,modal,cuda,PPIL4:K562
BCLAF1,HepG2,chr15:72563514:T:C,0,1,1.4841809272766113,modal,cuda,PPIL4:K562
BCLAF1,HepG2,chr15:72572174:A:G,0,1,1.5973472595214844,modal,cuda,PPIL4:K562
BCLAF1,HepG2,chr15:72735903:T:G,1,1,1.3182058334350586,modal,cuda,PPIL4:K562
BCLAF1,HepG2,chr15:75394673:C:A,0,1,2.1123340129852295,modal,cuda,PPIL4:K562
BCLAF1,HepG2,chr15:75394873:C:A,0,1,0.3366985321044922,modal,cuda,PPIL4:K562
BCLAF1,HepG2,chr15:76231279:C:A,0,1,2.0154216289520264,modal,cuda,PPIL4:K562
BCLAF1,HepG2,chr15:76702873:G:A,1,1,-4.348235130310059,modal,cuda,PPIL4:K562
BCLAF1,HepG2,chr15:76705971:G:A,1,1,2.6704626083374023,modal,cuda,PPIL4:K562
BCLAF1,HepG2,chr15:76795444:T:C,0,1,-0.5738403797149658,modal,cuda,PPIL4:K562
BCLAF1,HepG2,chr15:76841797:A:C,0,1,-2.106854200363159,modal,cuda,PPIL4:K562
BCLAF1,HepG2,chr15:76841903:G:A,0,1,1.3221778869628906,modal,cuda,PPIL4:K562
BCLAF1,HepG2,chr15:78466335:C:G,0,1,-2.7490453720092773,modal,cuda,PPIL4:K562
BCLAF1,HepG2,chr15:80979351:G:A,0,1,-1.6058909893035889,modal,cuda,PPIL4:K562
BCLAF1,HepG2,chr15:80979368:C:A,1,1,-1.9078044891357422,modal,cuda,PPIL4:K562
BCLAF1,HepG2,chr15:89263479:C:T,0,1,-2.4524478912353516,modal,cuda,PPIL4:K562
BCLAF1,HepG2,chr15:92927222:G:A,0,1,1.63545560836792,modal,cuda,PPIL4:K562
BCLAF1,HepG2,chr15:92937638:C:T,0,1,2.187553644180298,modal,cuda,PPIL4:K562
BCLAF1,HepG2,chr15:92939554:C:T,0,1,-1.946774959564209,modal,cuda,PPIL4:K562
BCLAF1,HepG2,chr15:92953350:T:C,0,1,-1.6926589012145996,modal,cuda,PPIL4:K562
BCLAF1,HepG2,chr15:92972255:A:G,0,1,-2.2235500812530518,modal,cuda,PPIL4:K562
BCLAF1,HepG2,chr15:92972440:T:C,0,1,0.8523377180099487,modal,cuda,PPIL4:K562
BCLAF1,HepG2,chr15:92979294:G:A,0,1,-2.383166790008545,modal,cuda,PPIL4:K562
BCLAF1,HepG2,chr15:92985689:G:A,0,1,-0.6345095634460449,modal,cuda,PPIL4:K562
BCLAF1,HepG2,chr15:92998475:G:A,0,1,-0.7875393629074097,modal,cuda,PPIL4:K562
BCLAF1,HepG2,chr15:98913024:T:C,0,1,3.4460549354553223,modal,cuda,PPIL4:K562
BCLAF1,HepG2,chr15:98913035:G:A,0,1,0.8325991630554199,modal,cuda,PPIL4:K562
BCLAF1,HepG2,chr15:99675391:G:A,0,1,1.4937646389007568,modal,cuda,PPIL4:K562
BCLAF1,HepG2,chr16:119118:A:C,0,2,-0.4435957670211792,modal,cuda,PPIL4:K562
BCLAF1,HepG2,chr16:119125:C:A,1,2,-0.9806739091873169,modal,cuda,PPIL4:K562
BCLAF1,HepG2,chr16:119128:G:A,1,2,0.6238534450531006,modal,cuda,PPIL4:K562
BCLAF1,HepG2,chr16:119200:G:A,1,2,1.7059717178344727,modal,cuda,PPIL4:K562
BCLAF1,HepG2,chr16:119250:G:C,1,2,0.5883305072784424,modal,cuda,PPIL4:K562
BCLAF1,HepG2,chr16:119256:C:T,1,2,-1.8456209897994995,modal,cuda,PPIL4:K562
BCLAF1,HepG2,chr16:119257:T:A,1,2,-1.0552520751953125,modal,cuda,PPIL4:K562
BCLAF1,HepG2,chr16:14599898:A:G,0,2,-0.44241952896118164,modal,cuda,PPIL4:K562
BCLAF1,HepG2,chr16:14628177:T:A,1,2,2.944790840148926,modal,cuda,PPIL4:K562
BCLAF1,HepG2,chr16:14629645:G:A,1,2,-0.784172534942627,modal,cuda,PPIL4:K562
BCLAF1,HepG2,chr16:1607283:C:G,0,2,0.3583287000656128,modal,cuda,PPIL4:K562
BCLAF1,HepG2,chr16:16173393:G:C,1,2,3.1870760917663574,modal,cuda,PPIL4:K562
BCLAF1,HepG2,chr16:16182484:T:A,0,2,-0.1059190034866333,modal,cuda,PPIL4:K562
BCLAF1,HepG2,chr16:16182488:C:T,0,2,-0.27540457248687744,modal,cuda,PPIL4:K562
BCLAF1,HepG2,chr16:16182497:C:T,1,2,0.4035860002040863,modal,cuda,PPIL4:K562
BCLAF1,HepG2,chr16:16182506:T:C,1,2,0.45457184314727783,modal,cuda,PPIL4:K562
BCLAF1,HepG2,chr16:16182520:G:A,0,2,0.3900940418243408,modal,cuda,PPIL4:K562
BCLAF1,HepG2,chr16:16182534:C:A,1,2,-1.6400072574615479,modal,cuda,PPIL4:K562
BCLAF1,HepG2,chr16:21976160:G:C,0,2,0.18519677221775055,modal,cuda,PPIL4:K562
BCLAF1,HepG2,chr16:22317165:C:T,0,2,0.151747465133667,modal,cuda,PPIL4:K562
BCLAF1,HepG2,chr16:23532740:C:T,0,2,0.2933601438999176,modal,cuda,PPIL4:K562
BCLAF1,HepG2,chr16:23630366:T:C,0,2,0.9001425504684448,modal,cuda,PPIL4:K562
BCLAF1,HepG2,chr16:23630372:C:T,0,2,1.0641993284225464,modal,cuda,PPIL4:K562
BCLAF1,HepG2,chr16:23630405:C:T,0,2,-0.7811018824577332,modal,cuda,PPIL4:K562
BCLAF1,HepG2,chr16:23630414:A:C,1,2,4.257109642028809,modal,cuda,PPIL4:K562
BCLAF1,HepG2,chr16:23630417:A:T,0,2,-1.0873113870620728,modal,cuda,PPIL4:K562
BCLAF1,HepG2,chr16:23634886:C:A,1,2,1.8456363677978516,modal,cuda,PPIL4:K562
BCLAF1,HepG2,chr16:23634892:G:A,1,2,4.0077290534973145,modal,cuda,PPIL4:K562
BCLAF1,HepG2,chr16:23634914:T:C,0,2,-0.881932258605957,modal,cuda,PPIL4:K562
BCLAF1,HepG2,chr16:23634954:A:T,1,2,4.00865364074707,modal,cuda,PPIL4:K562
BCLAF1,HepG2,chr16:23634964:C:A,1,2,1.3663660287857056,modal,cuda,PPIL4:K562
BCLAF1,HepG2,chr16:23636027:C:G,0,2,-2.065631151199341,modal,cuda,PPIL4:K562
BCLAF1,HepG2,chr16:23636057:G:A,0,2,-0.817489743232727,modal,cuda,PPIL4:K562
BCLAF1,HepG2,chr16:23636076:G:T,1,2,1.7452647686004639,modal,cuda,PPIL4:K562
BCLAF1,HepG2,chr16:23636084:T:G,0,2,1.1272996664047241,modal,cuda,PPIL4:K562
BCLAF1,HepG2,chr16:23636104:T:A,1,2,1.4517393112182617,modal,cuda,PPIL4:K562
BCLAF1,HepG2,chr16:23636134:C:A,1,2,3.6725311279296875,modal,cuda,PPIL4:K562
BCLAF1,HepG2,chr16:23636180:A:G,0,2,0.6700414419174194,modal,cuda,PPIL4:K562
BCLAF1,HepG2,chr16:23636189:T:C,0,2,-0.7009831666946411,modal,cuda,PPIL4:K562
BCLAF1,HepG2,chr16:23636191:G:A,1,2,2.595541000366211,modal,cuda,PPIL4:K562
BCLAF1,HepG2,chr16:23637862:G:A,0,2,0.5586873888969421,modal,cuda,PPIL4:K562
BCLAF1,HepG2,chr16:23637869:T:G,0,2,2.090984582901001,modal,cuda,PPIL4:K562
BCLAF1,HepG2,chr16:23637870:G:T,1,2,2.3189239501953125,modal,cuda,PPIL4:K562
BCLAF1,HepG2,chr16:23637896:T:C,0,2,0.283039391040802,modal,cuda,PPIL4:K562
BCLAF1,HepG2,chr16:23637901:C:A,1,2,2.7736592292785645,modal,cuda,PPIL4:K562
BCLAF1,HepG2,chr16:23637914:C:T,0,2,-1.2987806797027588,modal,cuda,PPIL4:K562
BCLAF1,HepG2,chr16:24806293:G:A,0,2,0.08148711919784546,modal,cuda,PPIL4:K562
BCLAF1,HepG2,chr16:29803433:T:C,0,2,-0.4944990277290344,modal,cuda,PPIL4:K562
BCLAF1,HepG2,chr16:29803442:C:G,0,2,0.6970244646072388,modal,cuda,PPIL4:K562
BCLAF1,HepG2,chr16:29978788:C:T,0,2,0.5910236835479736,modal,cuda,PPIL4:K562
BCLAF1,HepG2,chr16:30716288:C:T,0,2,0.2615492343902588,modal,cuda,PPIL4:K562
BCLAF1,HepG2,chr16:31191052:C:T,1,2,-0.44389861822128296,modal,cuda,PPIL4:K562
BCLAF1,HepG2,chr16:31191109:A:G,1,2,-0.1483212113380432,modal,cuda,PPIL4:K562
BCLAF1,HepG2,chr16:31191399:G:T,1,2,2.2042551040649414,modal,cuda,PPIL4:K562
BCLAF1,HepG2,chr16:31191408:C:G,1,2,0.7960072755813599,modal,cuda,PPIL4:K562
BCLAF1,HepG2,chr16:31191410:G:A,1,2,-0.4745955169200897,modal,cuda,PPIL4:K562
BCLAF1,HepG2,chr16:31191412:C:T,1,2,-0.9442052841186523,modal,cuda,PPIL4:K562
BCLAF1,HepG2,chr16:31191418:C:A,1,2,-0.6374053955078125,modal,cuda,PPIL4:K562
BCLAF1,HepG2,chr16:31191418:C:G,1,2,0.9903621673583984,modal,cuda,PPIL4:K562
BCLAF1,HepG2,chr16:31191418:C:T,1,2,0.9330685138702393,modal,cuda,PPIL4:K562
BCLAF1,HepG2,chr16:31191419:G:A,1,2,0.613025426864624,modal,cuda,PPIL4:K562
BCLAF1,HepG2,chr16:31191429:G:C,1,2,0.41236793994903564,modal,cuda,PPIL4:K562
BCLAF1,HepG2,chr16:31191430:C:A,1,2,0.8829659223556519,modal,cuda,PPIL4:K562
BCLAF1,HepG2,chr16:31191431:C:T,1,2,1.2036268711090088,modal,cuda,PPIL4:K562
BCLAF1,HepG2,chr16:31191434:A:G,1,2,0.9316459894180298,modal,cuda,PPIL4:K562
BCLAF1,HepG2,chr16:46697501:T:C,0,2,0.1811600774526596,modal,cuda,PPIL4:K562
BCLAF1,HepG2,chr16:46697521:A:C,1,2,0.22865299880504608,modal,cuda,PPIL4:K562
BCLAF1,HepG2,chr16:47587650:T:C,0,2,0.3249284029006958,modal,cuda,PPIL4:K562
BCLAF1,HepG2,chr16:47587662:G:C,0,2,1.5365793704986572,modal,cuda,PPIL4:K562
BCLAF1,HepG2,chr16:47596544:G:T,0,2,-0.2597630023956299,modal,cuda,PPIL4:K562
BCLAF1,HepG2,chr16:50102409:G:C,0,2,1.2562187910079956,modal,cuda,PPIL4:K562
BCLAF1,HepG2,chr16:53934119:G:C,0,2,-0.6784749031066895,modal,cuda,PPIL4:K562
BCLAF1,HepG2,chr16:56498550:G:A,1,2,-0.2147306203842163,modal,cuda,PPIL4:K562
BCLAF1,HepG2,chr16:56505962:C:T,1,2,2.339984655380249,modal,cuda,PPIL4:K562
BCLAF1,HepG2,chr16:56505979:C:A,1,2,2.4880967140197754,modal,cuda,PPIL4:K562
BCLAF1,HepG2,chr16:56506137:G:A,1,2,2.312370538711548,modal,cuda,PPIL4:K562
BCLAF1,HepG2,chr16:56506150:A:C,1,2,2.704436779022217,modal,cuda,PPIL4:K562
BCLAF1,HepG2,chr16:56506191:G:A,1,2,2.555899143218994,modal,cuda,PPIL4:K562
BCLAF1,HepG2,chr16:56509945:G:T,0,2,0.15600979328155518,modal,cuda,PPIL4:K562
BCLAF1,HepG2,chr16:56510004:G:A,1,2,2.1997644901275635,modal,cuda,PPIL4:K562
BCLAF1,HepG2,chr16:58542223:A:G,0,2,0.5577456951141357,modal,cuda,PPIL4:K562
BCLAF1,HepG2,chr16:58542479:C:T,0,2,0.6555877327919006,modal,cuda,PPIL4:K562
BCLAF1,HepG2,chr16:58547643:C:A,1,2,0.772718608379364,modal,cuda,PPIL4:K562
BCLAF1,HepG2,chr16:58549799:G:A,0,2,0.6412945985794067,modal,cuda,PPIL4:K562
BCLAF1,HepG2,chr16:58551122:G:C,0,2,0.42719995975494385,modal,cuda,PPIL4:K562
BCLAF1,HepG2,chr16:58553768:C:T,0,2,-0.41815996170043945,modal,cuda,PPIL4:K562
BCLAF1,HepG2,chr16:58553775:C:T,0,2,-0.12416493892669678,modal,cuda,PPIL4:K562
BCLAF1,HepG2,chr16:58553833:C:T,0,2,-1.0934137105941772,modal,cuda,PPIL4:K562
BCLAF1,HepG2,chr16:58555444:G:A,1,2,1.1009794473648071,modal,cuda,PPIL4:K562
BCLAF1,HepG2,chr16:58555529:T:C,0,2,-0.6236754655838013,modal,cuda,PPIL4:K562
BCLAF1,HepG2,chr16:58576454:T:G,0,2,0.26900845766067505,modal,cuda,PPIL4:K562
BCLAF1,HepG2,chr16:58580777:T:C,0,2,0.20547637343406677,modal,cuda,PPIL4:K562
BCLAF1,HepG2,chr16:58582911:A:G,0,2,0.7795478701591492,modal,cuda,PPIL4:K562
BCLAF1,HepG2,chr16:58583080:T:C,0,2,0.6473118662834167,modal,cuda,PPIL4:K562
BCLAF1,HepG2,chr16:58583093:C:T,0,2,0.5559995174407959,modal,cuda,PPIL4:K562
BCLAF1,HepG2,chr16:58599241:G:A,1,2,1.0311908721923828,modal,cuda,PPIL4:K562
BCLAF1,HepG2,chr16:66536996:T:A,1,2,1.4890570640563965,modal,cuda,PPIL4:K562
BCLAF1,HepG2,chr16:66541955:T:G,1,2,-0.679350733757019,modal,cuda,PPIL4:K562
BCLAF1,HepG2,chr16:66541965:C:T,0,2,0.5348936319351196,modal,cuda,PPIL4:K562
BCLAF1,HepG2,chr16:67611509:A:G,1,2,0.558443546295166,modal,cuda,PPIL4:K562
BCLAF1,HepG2,chr16:67942776:G:A,0,2,0.4279855489730835,modal,cuda,PPIL4:K562
BCLAF1,HepG2,chr16:67942789:G:T,0,2,0.5221611857414246,modal,cuda,PPIL4:K562
BCLAF1,HepG2,chr16:68329187:C:T,0,2,-0.3850417137145996,modal,cuda,PPIL4:K562
BCLAF1,HepG2,chr16:68337544:T:A,1,2,1.276849389076233,modal,cuda,PPIL4:K562
BCLAF1,HepG2,chr16:68337580:C:T,0,2,-0.3447439670562744,modal,cuda,PPIL4:K562
BCLAF1,HepG2,chr16:68347613:G:A,0,2,-0.24440458416938782,modal,cuda,PPIL4:K562
BCLAF1,HepG2,chr16:69647317:G:A,0,2,0.33262670040130615,modal,cuda,PPIL4:K562
BCLAF1,HepG2,chr16:69647467:A:G,0,2,-0.2839500904083252,modal,cuda,PPIL4:K562
BCLAF1,HepG2,chr16:69647605:T:A,0,2,0.31153011322021484,modal,cuda,PPIL4:K562
BCLAF1,HepG2,chr16:69659711:T:A,0,2,0.3043607473373413,modal,cuda,PPIL4:K562
BCLAF1,HepG2,chr16:69659915:C:T,0,2,-0.5613741874694824,modal,cuda,PPIL4:K562
BCLAF1,HepG2,chr16:69669960:C:A,0,2,0.6410572528839111,modal,cuda,PPIL4:K562
BCLAF1,HepG2,chr16:69690920:T:C,0,2,-0.935534656047821,modal,cuda,PPIL4:K562
BCLAF1,HepG2,chr16:69690920:T:G,0,2,-0.3586658835411072,modal,cuda,PPIL4:K562
BCLAF1,HepG2,chr16:70500950:G:A,0,2,-0.27206218242645264,modal,cuda,PPIL4:K562
BCLAF1,HepG2,chr16:70509208:T:C,0,2,-0.5639472603797913,modal,cuda,PPIL4:K562
BCLAF1,HepG2,chr16:70510030:G:C,0,2,2.3684487342834473,modal,cuda,PPIL4:K562
BCLAF1,HepG2,chr16:70512280:C:A,1,2,1.7933650016784668,modal,cuda,PPIL4:K562
BCLAF1,HepG2,chr16:70514316:A:T,0,2,-1.436962604522705,modal,cuda,PPIL4:K562
BCLAF1,HepG2,chr16:70514394:G:A,0,2,0.4557276964187622,modal,cuda,PPIL4:K562
BCLAF1,HepG2,chr16:70784234:G:A,0,2,0.4845699071884155,modal,cuda,PPIL4:K562
BCLAF1,HepG2,chr16:72109515:G:A,0,2,0.49220776557922363,modal,cuda,PPIL4:K562
BCLAF1,HepG2,chr16:72958583:C:A,0,2,-0.5163000822067261,modal,cuda,PPIL4:K562
BCLAF1,HepG2,chr16:75656381:A:G,0,2,-1.0470645427703857,modal,cuda,PPIL4:K562
BCLAF1,HepG2,chr16:78108411:G:T,0,2,0.8880578875541687,modal,cuda,PPIL4:K562
BCLAF1,HepG2,chr16:78108442:C:T,1,2,0.4021068215370178,modal,cuda,PPIL4:K562
BCLAF1,HepG2,chr16:78108446:G:A,1,2,-0.5860081911087036,modal,cuda,PPIL4:K562
BCLAF1,HepG2,chr16:78108447:G:A,1,2,-1.7737780809402466,modal,cuda,PPIL4:K562
BCLAF1,HepG2,chr16:78108454:C:A,1,2,0.4095917344093323,modal,cuda,PPIL4:K562
BCLAF1,HepG2,chr16:78108455:C:G,1,2,-0.4414933919906616,modal,cuda,PPIL4:K562
BCLAF1,HepG2,chr16:78108475:C:T,1,2,0.6578401327133179,modal,cuda,PPIL4:K562
BCLAF1,HepG2,chr16:78108488:G:C,1,2,0.811434805393219,modal,cuda,PPIL4:K562
BCLAF1,HepG2,chr16:78115000:C:G,1,2,2.5683789253234863,modal,cuda,PPIL4:K562
BCLAF1,HepG2,chr16:78115038:C:T,0,2,0.6789672374725342,modal,cuda,PPIL4:K562
BCLAF1,HepG2,chr16:78115066:C:G,1,2,2.660464286804199,modal,cuda,PPIL4:K562
BCLAF1,HepG2,chr16:78115096:C:G,0,2,-0.9222047328948975,modal,cuda,PPIL4:K562
BCLAF1,HepG2,chr16:81351581:A:C,1,2,-1.1813714504241943,modal,cuda,PPIL4:K562
BCLAF1,HepG2,chr16:81351630:A:T,1,2,0.47759512066841125,modal,cuda,PPIL4:K562
BCLAF1,HepG2,chr16:81354506:C:A,1,2,1.3176606893539429,modal,cuda,PPIL4:K562
BCLAF1,HepG2,chr16:81354554:C:G,1,2,1.1165612936019897,modal,cuda,PPIL4:K562
BCLAF1,HepG2,chr16:81354606:C:T,1,2,2.94730806350708,modal,cuda,PPIL4:K562
BCLAF1,HepG2,chr16:81354624:G:T,1,2,2.2241697311401367,modal,cuda,PPIL4:K562
BCLAF1,HepG2,chr16:81354704:T:A,1,2,1.8559949398040771,modal,cuda,PPIL4:K562
BCLAF1,HepG2,chr16:81354723:C:T,1,2,1.8827455043792725,modal,cuda,PPIL4:K562
BCLAF1,HepG2,chr16:81354727:G:A,1,2,-2.6435775756835938,modal,cuda,PPIL4:K562
BCLAF1,HepG2,chr16:8811197:T:C,0,2,0.17316383123397827,modal,cuda,PPIL4:K562
BCLAF1,HepG2,chr16:8894533:G:A,0,2,0.8829559087753296,modal,cuda,PPIL4:K562
BCLAF1,HepG2,chr16:8894534:G:C,0,2,1.5603857040405273,modal,cuda,PPIL4:K562
BCLAF1,HepG2,chr16:8894652:A:C,0,2,0.9570183753967285,modal,cuda,PPIL4:K562
BCLAF1,HepG2,chr16:8895654:C:T,0,2,-0.8734985589981079,modal,cuda,PPIL4:K562
BCLAF1,HepG2,chr16:8895687:T:C,0,2,0.6079398393630981,modal,cuda,PPIL4:K562
BCLAF1,HepG2,chr16:8895755:A:C,0,2,-0.7258302569389343,modal,cuda,PPIL4:K562
BCLAF1,HepG2,chr16:8896991:A:T,0,2,0.3689051866531372,modal,cuda,PPIL4:K562
BCLAF1,HepG2,chr16:8897013:T:C,0,2,-0.5125477910041809,modal,cuda,PPIL4:K562
BCLAF1,HepG2,chr16:8901124:A:G,0,2,-0.7403948307037354,modal,cuda,PPIL4:K562
BCLAF1,HepG2,chr16:8901130:C:T,0,2,1.1506991386413574,modal,cuda,PPIL4:K562
BCLAF1,HepG2,chr16:8902441:T:C,0,2,0.8728111386299133,modal,cuda,PPIL4:K562
BCLAF1,HepG2,chr16:8903270:T:G,0,2,1.3387267589569092,modal,cuda,PPIL4:K562
BCLAF1,HepG2,chr16:8903305:G:A,0,2,0.7463559508323669,modal,cuda,PPIL4:K562
BCLAF1,HepG2,chr16:8903379:A:T,1,2,1.9944679737091064,modal,cuda,PPIL4:K562
BCLAF1,HepG2,chr16:8906591:A:C,0,2,0.3493926525115967,modal,cuda,PPIL4:K562
BCLAF1,HepG2,chr16:8910769:G:A,0,2,-0.17880681157112122,modal,cuda,PPIL4:K562
BCLAF1,HepG2,chr16:8915534:G:C,0,2,-1.3999884128570557,modal,cuda,PPIL4:K562
BCLAF1,HepG2,chr16:8919014:G:A,0,2,0.45474112033843994,modal,cuda,PPIL4:K562
BCLAF1,HepG2,chr16:8919036:G:A,1,2,0.5206388235092163,modal,cuda,PPIL4:K562
BCLAF1,HepG2,chr16:8921250:G:C,1,2,1.2951008081436157,modal,cuda,PPIL4:K562
BCLAF1,HepG2,chr16:8930299:C:A,1,2,-1.522141456604004,modal,cuda,PPIL4:K562
BCLAF1,HepG2,chr16:8930314:C:T,0,2,0.1862596869468689,modal,cuda,PPIL4:K562
BCLAF1,HepG2,chr16:89305242:C:T,0,2,-0.09231197834014893,modal,cuda,PPIL4:K562
BCLAF1,HepG2,chr16:89305272:G:A,1,2,1.0408726930618286,modal,cuda,PPIL4:K562
BCLAF1,HepG2,chr16:89305281:C:A,0,2,-0.16924989223480225,modal,cuda,PPIL4:K562
BCLAF1,HepG2,chr16:89305291:G:A,0,2,0.22283560037612915,modal,cuda,PPIL4:K562
BCLAF1,HepG2,chr16:89305297:G:A,0,2,0.20700953900814056,modal,cuda,PPIL4:K562
BCLAF1,HepG2,chr16:89305321:G:A,0,2,-0.7023218870162964,modal,cuda,PPIL4:K562
BCLAF1,HepG2,chr16:89550629:G:A,0,2,-0.20028281211853027,modal,cuda,PPIL4:K562
BCLAF1,HepG2,chr16:89740803:C:A,1,2,-1.8555529117584229,modal,cuda,PPIL4:K562
BCLAF1,HepG2,chr16:89740803:C:G,1,2,-1.726379156112671,modal,cuda,PPIL4:K562
BCLAF1,HepG2,chr16:89740808:G:C,1,2,0.14029741287231445,modal,cuda,PPIL4:K562
BCLAF1,HepG2,chr16:89740823:G:T,1,2,0.8013144731521606,modal,cuda,PPIL4:K562
BCLAF1,HepG2,chr16:89740825:C:G,0,2,0.2103586196899414,modal,cuda,PPIL4:K562
BCLAF1,HepG2,chr16:89740846:G:C,1,2,0.2991328835487366,modal,cuda,PPIL4:K562
BCLAF1,HepG2,chr16:89749906:A:G,0,2,0.3977113962173462,modal,cuda,PPIL4:K562
BCLAF1,HepG2,chr16:89749925:C:T,0,2,-0.4975109100341797,modal,cuda,PPIL4:K562
BCLAF1,HepG2,chr16:89752122:G:A,0,2,-0.6579382419586182,modal,cuda,PPIL4:K562
BCLAF1,HepG2,chr16:89778786:A:G,0,2,-0.3327842056751251,modal,cuda,PPIL4:K562
BCLAF1,HepG2,chr16:89791907:G:A,0,2,0.30280160903930664,modal,cuda,PPIL4:K562
BCLAF1,HepG2,chr17:1362023:A:T,0,1,0.8425758481025696,modal,cuda,PPIL4:K562
BCLAF1,HepG2,chr17:1362024:T:A,0,1,-0.6493992805480957,modal,cuda,PPIL4:K562
BCLAF1,HepG2,chr17:1362031:T:A,0,1,-1.071220874786377,modal,cuda,PPIL4:K562
BCLAF1,HepG2,chr17:16070530:A:T,0,1,2.4058279991149902,modal,cuda,PPIL4:K562
BCLAF1,HepG2,chr17:16139000:T:C,0,1,-0.867804765701294,modal,cuda,PPIL4:K562
BCLAF1,HepG2,chr17:17219013:G:A,0,1,1.7370491027832031,modal,cuda,PPIL4:K562
BCLAF1,HepG2,chr17:19657867:G:A,1,1,3.3342843055725098,modal,cuda,PPIL4:K562
BCLAF1,HepG2,chr17:2680326:T:C,1,1,-4.04999303817749,modal,cuda,PPIL4:K562
BCLAF1,HepG2,chr17:2680328:C:T,0,1,-4.008913516998291,modal,cuda,PPIL4:K562
BCLAF1,HepG2,chr17:29121649:G:A,0,1,0.35803937911987305,modal,cuda,PPIL4:K562
BCLAF1,HepG2,chr17:29498311:C:T,0,1,-1.383011817932129,modal,cuda,PPIL4:K562
BCLAF1,HepG2,chr17:29517510:C:T,1,1,-2.9005966186523438,modal,cuda,PPIL4:K562
BCLAF1,HepG2,chr17:29517561:C:T,1,1,3.5545010566711426,modal,cuda,PPIL4:K562
BCLAF1,HepG2,chr17:29517567:C:T,1,1,4.076811790466309,modal,cuda,PPIL4:K562
BCLAF1,HepG2,chr17:29517575:A:G,0,1,-0.4373503625392914,modal,cuda,PPIL4:K562
BCLAF1,HepG2,chr17:29522454:C:T,1,1,3.9333479404449463,modal,cuda,PPIL4:K562
BCLAF1,HepG2,chr17:29522463:C:T,1,1,2.800299644470215,modal,cuda,PPIL4:K562
BCLAF1,HepG2,chr17:29534311:T:C,0,1,4.3191728591918945,modal,cuda,PPIL4:K562
BCLAF1,HepG2,chr17:31159098:G:C,1,1,1.5484627485275269,modal,cuda,PPIL4:K562
BCLAF1,HepG2,chr17:31169883:C:G,1,1,-1.7624850273132324,modal,cuda,PPIL4:K562
BCLAF1,HepG2,chr17:31170002:G:A,1,1,-1.183445692062378,modal,cuda,PPIL4:K562
BCLAF1,HepG2,chr17:31170002:G:T,1,1,1.3201932907104492,modal,cuda,PPIL4:K562
BCLAF1,HepG2,chr17:31181688:A:C,0,1,-2.451508045196533,modal,cuda,PPIL4:K562
BCLAF1,HepG2,chr17:31182503:T:G,1,1,-2.3958492279052734,modal,cuda,PPIL4:K562
BCLAF1,HepG2,chr17:31227517:T:G,1,1,-4.258678913116455,modal,cuda,PPIL4:K562
BCLAF1,HepG2,chr17:31229011:A:G,1,1,1.3738808631896973,modal,cuda,PPIL4:K562
BCLAF1,HepG2,chr17:31229016:T:A,1,1,-4.12830924987793,modal,cuda,PPIL4:K562
BCLAF1,HepG2,chr17:31230257:T:G,1,1,2.7670326232910156,modal,cuda,PPIL4:K562
BCLAF1,HepG2,chr17:31230839:T:G,1,1,-5.230452537536621,modal,cuda,PPIL4:K562
BCLAF1,HepG2,chr17:31252953:C:T,0,1,4.650262355804443,modal,cuda,PPIL4:K562
BCLAF1,HepG2,chr17:31252955:A:G,0,1,2.240630626678467,modal,cuda,PPIL4:K562
BCLAF1,HepG2,chr17:31252991:C:T,0,1,-0.3850063383579254,modal,cuda,PPIL4:K562
BCLAF1,HepG2,chr17:31325810:T:G,1,1,1.6161165237426758,modal,cuda,PPIL4:K562
BCLAF1,HepG2,chr17:31330502:A:T,1,1,2.285647392272949,modal,cuda,PPIL4:K562
BCLAF1,HepG2,chr17:31330503:G:A,1,1,2.742555618286133,modal,cuda,PPIL4:K562
BCLAF1,HepG2,chr17:31338695:T:G,1,1,3.783453941345215,modal,cuda,PPIL4:K562
BCLAF1,HepG2,chr17:31349100:T:A,1,1,-2.2390151023864746,modal,cuda,PPIL4:K562
BCLAF1,HepG2,chr17:37248577:A:G,0,1,-1.020505666732788,modal,cuda,PPIL4:K562
BCLAF1,HepG2,chr17:37248579:G:T,0,1,1.7729177474975586,modal,cuda,PPIL4:K562
BCLAF1,HepG2,chr17:37259341:C:T,0,1,-2.597862720489502,modal,cuda,PPIL4:K562
BCLAF1,HepG2,chr17:37263902:A:G,0,1,-1.7558197975158691,modal,cuda,PPIL4:K562
BCLAF1,HepG2,chr17:37278020:G:A,0,1,1.3099048137664795,modal,cuda,PPIL4:K562
BCLAF1,HepG2,chr17:37330157:T:C,0,1,-0.9068999290466309,modal,cuda,PPIL4:K562
BCLAF1,HepG2,chr17:39509778:A:C,0,1,0.6963618993759155,modal,cuda,PPIL4:K562
BCLAF1,HepG2,chr17:40392210:A:G,0,1,-0.5292420387268066,modal,cuda,PPIL4:K562
BCLAF1,HepG2,chr17:41990284:T:C,0,1,-1.2105050086975098,modal,cuda,PPIL4:K562
BCLAF1,HepG2,chr17:42120388:G:C,0,1,3.093963623046875,modal,cuda,PPIL4:K562
BCLAF1,HepG2,chr17:42217366:T:G,0,1,0.9911322593688965,modal,cuda,PPIL4:K562
BCLAF1,HepG2,chr17:42315759:T:C,0,1,-3.054625988006592,modal,cuda,PPIL4:K562
BCLAF1,HepG2,chr17:42315763:G:A,0,1,-0.6118764877319336,modal,cuda,PPIL4:K562
BCLAF1,HepG2,chr17:42315764:C:T,0,1,-1.4495468139648438,modal,cuda,PPIL4:K562
BCLAF1,HepG2,chr17:42315766:C:T,0,1,2.1990504264831543,modal,cuda,PPIL4:K562
BCLAF1,HepG2,chr17:42331448:C:A,0,1,-2.423443078994751,modal,cuda,PPIL4:K562
BCLAF1,HepG2,chr17:43090934:C:G,0,1,0.7787284851074219,modal,cuda,PPIL4:K562
BCLAF1,HepG2,chr17:43090946:G:A,1,1,5.994011878967285,modal,cuda,PPIL4:K562
BCLAF1,HepG2,chr17:43090967:G:A,1,1,4.595362186431885,modal,cuda,PPIL4:K562
BCLAF1,HepG2,chr17:43090981:G:C,1,1,3.865213632583618,modal,cuda,PPIL4:K562
BCLAF1,HepG2,chr17:43090983:G:T,1,1,3.1691954135894775,modal,cuda,PPIL4:K562
BCLAF1,HepG2,chr17:43090997:C:T,0,1,1.233978271484375,modal,cuda,PPIL4:K562
BCLAF1,HepG2,chr17:43091006:C:A,1,1,8.10265827178955,modal,cuda,PPIL4:K562
BCLAF1,HepG2,chr17:43104187:G:A,1,1,6.805234432220459,modal,cuda,PPIL4:K562
BCLAF1,HepG2,chr17:43104193:T:C,0,1,-2.1718056201934814,modal,cuda,PPIL4:K562
BCLAF1,HepG2,chr17:43104208:T:A,1,1,9.421138763427734,modal,cuda,PPIL4:K562
BCLAF1,HepG2,chr17:43104217:C:A,1,1,7.598860263824463,modal,cuda,PPIL4:K562
BCLAF1,HepG2,chr17:43104232:C:A,1,1,9.621628761291504,modal,cuda,PPIL4:K562
BCLAF1,HepG2,chr17:43104235:T:A,1,1,7.2715864181518555,modal,cuda,PPIL4:K562
BCLAF1,HepG2,chr17:43104248:A:T,1,1,7.933209419250488,modal,cuda,PPIL4:K562
BCLAF1,HepG2,chr17:43104249:T:C,0,1,-2.581993579864502,modal,cuda,PPIL4:K562
BCLAF1,HepG2,chr17:43104258:G:C,0,1,1.8343000411987305,modal,cuda,PPIL4:K562
BCLAF1,HepG2,chr17:43104260:A:C,1,1,0.9001719951629639,modal,cuda,PPIL4:K562
BCLAF1,HepG2,chr17:43104260:A:T,1,1,0.6167706251144409,modal,cuda,PPIL4:K562
BCLAF1,HepG2,chr17:43104262:C:G,1,1,-2.908024549484253,modal,cuda,PPIL4:K562
BCLAF1,HepG2,chr17:43104263:T:A,1,1,-2.1227498054504395,modal,cuda,PPIL4:K562
BCLAF1,HepG2,chr17:43124013:T:A,1,1,-4.252880573272705,modal,cuda,PPIL4:K562
BCLAF1,HepG2,chr17:43124014:T:G,1,1,1.5604438781738281,modal,cuda,PPIL4:K562
BCLAF1,HepG2,chr17:43124015:A:C,1,1,-6.690131187438965,modal,cuda,PPIL4:K562
BCLAF1,HepG2,chr17:43124015:A:G,1,1,-2.6868557929992676,modal,cuda,PPIL4:K562
BCLAF1,HepG2,chr17:43124015:A:T,1,1,-3.659900188446045,modal,cuda,PPIL4:K562
BCLAF1,HepG2,chr17:43124016:C:A,1,1,1.6555938720703125,modal,cuda,PPIL4:K562
BCLAF1,HepG2,chr17:43124016:C:G,1,1,1.9877195358276367,modal,cuda,PPIL4:K562
BCLAF1,HepG2,chr17:43124020:A:T,1,1,-1.148118495941162,modal,cuda,PPIL4:K562
BCLAF1,HepG2,chr17:43124025:A:C,1,1,1.8910281658172607,modal,cuda,PPIL4:K562
BCLAF1,HepG2,chr17:43124030:C:A,1,1,8.447305679321289,modal,cuda,PPIL4:K562
BCLAF1,HepG2,chr17:43124032:A:C,1,1,6.841244697570801,modal,cuda,PPIL4:K562
BCLAF1,HepG2,chr17:43124032:A:G,1,1,-0.7079792022705078,modal,cuda,PPIL4:K562
BCLAF1,HepG2,chr17:43124032:A:T,1,1,6.189330101013184,modal,cuda,PPIL4:K562
BCLAF1,HepG2,chr17:43124042:G:A,1,1,4.585787296295166,modal,cuda,PPIL4:K562
BCLAF1,HepG2,chr17:43124044:A:G,1,1,2.2123026847839355,modal,cuda,PPIL4:K562
BCLAF1,HepG2,chr17:43124063:G:A,1,1,6.576237201690674,modal,cuda,PPIL4:K562
BCLAF1,HepG2,chr17:43124076:G:A,0,1,-0.8189301490783691,modal,cuda,PPIL4:K562
BCLAF1,HepG2,chr17:43124089:A:C,1,1,4.628725051879883,modal,cuda,PPIL4:K562
BCLAF1,HepG2,chr17:43124094:C:A,1,1,-1.9764540195465088,modal,cuda,PPIL4:K562
BCLAF1,HepG2,chr17:43124094:C:G,1,1,-3.3374547958374023,modal,cuda,PPIL4:K562
BCLAF1,HepG2,chr17:43124095:A:C,1,1,2.0627641677856445,modal,cuda,PPIL4:K562
BCLAF1,HepG2,chr17:43124095:A:G,1,1,-2.510289192199707,modal,cuda,PPIL4:K562
BCLAF1,HepG2,chr17:43124095:A:T,1,1,1.1045002937316895,modal,cuda,PPIL4:K562
BCLAF1,HepG2,chr17:43124118:T:C,0,1,-1.4236270189285278,modal,cuda,PPIL4:K562
BCLAF1,HepG2,chr17:47137288:C:T,1,1,0.8277134895324707,modal,cuda,PPIL4:K562
BCLAF1,HepG2,chr17:47613665:G:T,0,1,0.9298803806304932,modal,cuda,PPIL4:K562
BCLAF1,HepG2,chr17:49039981:C:T,0,1,1.2166213989257812,modal,cuda,PPIL4:K562
BCLAF1,HepG2,chr17:4953081:A:G,0,1,-1.0898597240447998,modal,cuda,PPIL4:K562
BCLAF1,HepG2,chr17:4953095:G:C,0,1,-2.717806100845337,modal,cuda,PPIL4:K562
BCLAF1,HepG2,chr17:5007245:C:T,0,1,0.655369758605957,modal,cuda,PPIL4:K562
BCLAF1,HepG2,chr17:5007253:A:T,0,1,-1.266338586807251,modal,cuda,PPIL4:K562
BCLAF1,HepG2,chr17:5020689:G:T,0,1,1.060936450958252,modal,cuda,PPIL4:K562
BCLAF1,HepG2,chr17:50995048:C:T,0,1,-0.28526100516319275,modal,cuda,PPIL4:K562
BCLAF1,HepG2,chr17:51005202:G:A,0,1,-1.9143495559692383,modal,cuda,PPIL4:K562
BCLAF1,HepG2,chr17:58005893:G:A,1,1,-2.6900768280029297,modal,cuda,PPIL4:K562
BCLAF1,HepG2,chr17:58370894:G:A,0,1,-0.5564674139022827,modal,cuda,PPIL4:K562
BCLAF1,HepG2,chr17:58370926:C:G,0,1,0.9790749549865723,modal,cuda,PPIL4:K562
BCLAF1,HepG2,chr17:59056907:G:C,1,1,2.370309829711914,modal,cuda,PPIL4:K562
BCLAF1,HepG2,chr17:59056958:G:A,0,1,-0.8326296806335449,modal,cuda,PPIL4:K562
BCLAF1,HepG2,chr17:59647682:T:G,0,1,-1.5895423889160156,modal,cuda,PPIL4:K562
BCLAF1,HepG2,chr17:59651334:A:C,0,1,3.1509485244750977,modal,cuda,PPIL4:K562
BCLAF1,HepG2,chr17:59664771:C:T,0,1,-2.3875513076782227,modal,cuda,PPIL4:K562
BCLAF1,HepG2,chr17:59664779:G:C,0,1,3.873443603515625,modal,cuda,PPIL4:K562
BCLAF1,HepG2,chr17:59673621:T:C,0,1,0.9282941818237305,modal,cuda,PPIL4:K562
BCLAF1,HepG2,chr17:59682620:T:G,0,1,6.63372802734375,modal,cuda,PPIL4:K562
BCLAF1,HepG2,chr17:59683089:G:A,0,1,-0.8608393669128418,modal,cuda,PPIL4:K562
BCLAF1,HepG2,chr17:59914627:T:A,0,1,1.8435792922973633,modal,cuda,PPIL4:K562
BCLAF1,HepG2,chr17:60647880:C:A,0,1,-2.6989693641662598,modal,cuda,PPIL4:K562
BCLAF1,HepG2,chr17:62052710:A:G,0,1,-1.940025806427002,modal,cuda,PPIL4:K562
BCLAF1,HepG2,chr17:62522231:C:T,1,1,-6.28800106048584,modal,cuda,PPIL4:K562
BCLAF1,HepG2,chr17:62522252:G:T,1,1,-6.169285774230957,modal,cuda,PPIL4:K562
BCLAF1,HepG2,chr17:63760899:G:A,0,1,1.188153624534607,modal,cuda,PPIL4:K562
BCLAF1,HepG2,chr17:65529829:G:A,0,1,-1.2813313007354736,modal,cuda,PPIL4:K562
BCLAF1,HepG2,chr17:6623043:G:A,1,1,-6.918745517730713,modal,cuda,PPIL4:K562
BCLAF1,HepG2,chr17:6623565:C:A,1,1,-4.490018367767334,modal,cuda,PPIL4:K562
BCLAF1,HepG2,chr17:67345860:A:G,0,1,1.4333415031433105,modal,cuda,PPIL4:K562
BCLAF1,HepG2,chr17:67854771:A:G,0,1,-0.5795106887817383,modal,cuda,PPIL4:K562
BCLAF1,HepG2,chr17:67903776:C:G,0,1,-2.39966082572937,modal,cuda,PPIL4:K562
BCLAF1,HepG2,chr17:67909578:T:C,0,1,3.2552437782287598,modal,cuda,PPIL4:K562
BCLAF1,HepG2,chr17:68523831:T:C,0,1,0.40900611877441406,modal,cuda,PPIL4:K562
BCLAF1,HepG2,chr17:68525736:A:G,0,1,-0.3191568851470947,modal,cuda,PPIL4:K562
BCLAF1,HepG2,chr17:68525746:C:T,0,1,-0.31389856338500977,modal,cuda,PPIL4:K562
BCLAF1,HepG2,chr17:69255854:A:G,0,1,-1.1413284540176392,modal,cuda,PPIL4:K562
BCLAF1,HepG2,chr17:75630844:G:T,0,1,0.9932966232299805,modal,cuda,PPIL4:K562
BCLAF1,HepG2,chr17:75630845:G:T,0,1,2.9712281227111816,modal,cuda,PPIL4:K562
BCLAF1,HepG2,chr17:75630846:G:T,0,1,2.336181879043579,modal,cuda,PPIL4:K562
BCLAF1,HepG2,chr17:75949484:C:T,0,1,1.4372532367706299,modal,cuda,PPIL4:K562
BCLAF1,HepG2,chr17:78814538:C:T,0,1,0.343569278717041,modal,cuda,PPIL4:K562
BCLAF1,HepG2,chr17:80331997:C:T,0,1,-1.0084009170532227,modal,cuda,PPIL4:K562
BCLAF1,HepG2,chr17:80343344:C:T,0,1,2.709794759750366,modal,cuda,PPIL4:K562
BCLAF1,HepG2,chr17:80354550:C:T,0,1,1.3467944860458374,modal,cuda,PPIL4:K562
BCLAF1,HepG2,chr17:80354565:G:A,0,1,-1.7818900346755981,modal,cuda,PPIL4:K562
BCLAF1,HepG2,chr17:82927172:A:C,0,1,-0.49631327390670776,modal,cuda,PPIL4:K562
BCLAF1,HepG2,chr18:10797364:T:G,0,4,-0.9085367918014526,modal,cuda,PPIL4:K562
BCLAF1,HepG2,chr18:12344256:A:G,0,4,-0.428445041179657,modal,cuda,PPIL4:K562
BCLAF1,HepG2,chr18:12366938:C:T,0,4,-0.4328949451446533,modal,cuda,PPIL4:K562
BCLAF1,HepG2,chr18:12794489:T:C,0,4,-0.4288365840911865,modal,cuda,PPIL4:K562
BCLAF1,HepG2,chr18:203081:A:C,0,4,0.3453725576400757,modal,cuda,PPIL4:K562
BCLAF1,HepG2,chr18:20970516:G:A,0,4,0.871008038520813,modal,cuda,PPIL4:K562
BCLAF1,HepG2,chr18:21804032:A:G,0,4,0.5070759057998657,modal,cuda,PPIL4:K562
BCLAF1,HepG2,chr18:21838514:A:G,0,4,0.8211365938186646,modal,cuda,PPIL4:K562
BCLAF1,HepG2,chr18:2688754:T:C,0,4,-0.5053427219390869,modal,cuda,PPIL4:K562
BCLAF1,HepG2,chr18:2700921:A:G,1,4,1.9301272630691528,modal,cuda,PPIL4:K562
BCLAF1,HepG2,chr18:2707802:C:T,0,4,-1.319591999053955,modal,cuda,PPIL4:K562
BCLAF1,HepG2,chr18:2951049:T:C,0,4,-1.0214797258377075,modal,cuda,PPIL4:K562
BCLAF1,HepG2,chr18:31092098:T:C,1,4,1.0939056873321533,modal,cuda,PPIL4:K562
BCLAF1,HepG2,chr18:31524601:C:A,0,4,0.46956872940063477,modal,cuda,PPIL4:K562
BCLAF1,HepG2,chr18:31531269:C:T,0,4,-0.7154855728149414,modal,cuda,PPIL4:K562
BCLAF1,HepG2,chr18:31545906:C:A,1,4,-1.5163860321044922,modal,cuda,PPIL4:K562
BCLAF1,HepG2,chr18:36145962:C:T,1,4,1.4686524868011475,modal,cuda,PPIL4:K562
BCLAF1,HepG2,chr18:36146372:A:T,0,4,-0.778050422668457,modal,cuda,PPIL4:K562
BCLAF1,HepG2,chr18:36156575:G:T,1,4,1.708760142326355,modal,cuda,PPIL4:K562
BCLAF1,HepG2,chr18:36159822:T:C,0,4,-0.5066487193107605,modal,cuda,PPIL4:K562
BCLAF1,HepG2,chr18:36159984:C:T,1,4,1.812321424484253,modal,cuda,PPIL4:K562
BCLAF1,HepG2,chr18:36159990:A:C,1,4,-0.3052979111671448,modal,cuda,PPIL4:K562
BCLAF1,HepG2,chr18:36171049:A:G,0,4,-0.4449632167816162,modal,cuda,PPIL4:K562
BCLAF1,HepG2,chr18:36171050:C:T,0,4,-0.44487202167510986,modal,cuda,PPIL4:K562
BCLAF1,HepG2,chr18:45939771:G:A,0,4,-1.9838809967041016,modal,cuda,PPIL4:K562
BCLAF1,HepG2,chr18:46090014:T:C,0,4,0.3589611053466797,modal,cuda,PPIL4:K562
BCLAF1,HepG2,chr18:46855381:T:C,0,4,0.23821234703063965,modal,cuda,PPIL4:K562
BCLAF1,HepG2,chr18:47848464:A:G,0,4,-0.30768251419067383,modal,cuda,PPIL4:K562
BCLAF1,HepG2,chr18:49331908:G:T,1,4,2.05340313911438,modal,cuda,PPIL4:K562
BCLAF1,HepG2,chr18:49331954:G:A,1,4,0.8716239929199219,modal,cuda,PPIL4:K562
BCLAF1,HepG2,chr18:49363144:G:A,0,4,1.4491825103759766,modal,cuda,PPIL4:K562
BCLAF1,HepG2,chr18:49363235:T:C,1,4,0.4429199695587158,modal,cuda,PPIL4:K562
BCLAF1,HepG2,chr18:49379676:T:C,0,4,-1.0734913349151611,modal,cuda,PPIL4:K562
BCLAF1,HepG2,chr18:49379693:C:T,1,4,1.480339527130127,modal,cuda,PPIL4:K562
BCLAF1,HepG2,chr18:50276696:C:T,0,4,-0.20670783519744873,modal,cuda,PPIL4:K562
BCLAF1,HepG2,chr18:51047061:T:G,0,4,-1.4393852949142456,modal,cuda,PPIL4:K562
BCLAF1,HepG2,chr18:51047103:T:C,0,4,2.154545783996582,modal,cuda,PPIL4:K562
BCLAF1,HepG2,chr18:51047124:T:C,0,4,0.7514010667800903,modal,cuda,PPIL4:K562
BCLAF1,HepG2,chr18:51047167:G:T,1,4,3.8183202743530273,modal,cuda,PPIL4:K562
BCLAF1,HepG2,chr18:51047226:T:C,0,4,0.8614746332168579,modal,cuda,PPIL4:K562
BCLAF1,HepG2,chr18:51047268:A:C,0,4,-1.345635175704956,modal,cuda,PPIL4:K562
BCLAF1,HepG2,chr18:51047292:T:G,0,4,0.9628105163574219,modal,cuda,PPIL4:K562
BCLAF1,HepG2,chr18:51048760:A:G,0,4,1.6892565488815308,modal,cuda,PPIL4:K562
BCLAF1,HepG2,chr18:51048814:C:G,0,4,-2.3637211322784424,modal,cuda,PPIL4:K562
BCLAF1,HepG2,chr18:51048832:C:T,0,4,-0.24265789985656738,modal,cuda,PPIL4:K562
BCLAF1,HepG2,chr18:51048849:C:A,1,4,-2.339169502258301,modal,cuda,PPIL4:K562
BCLAF1,HepG2,chr18:51048853:T:C,0,4,0.5905680656433105,modal,cuda,PPIL4:K562
BCLAF1,HepG2,chr18:51067020:T:C,0,4,1.2041071653366089,modal,cuda,PPIL4:K562
BCLAF1,HepG2,chr18:51067107:C:T,1,4,-1.3739984035491943,modal,cuda,PPIL4:K562
BCLAF1,HepG2,chr18:51067120:T:G,1,4,0.9203084707260132,modal,cuda,PPIL4:K562
BCLAF1,HepG2,chr18:51067142:A:T,0,4,0.8134784698486328,modal,cuda,PPIL4:K562
BCLAF1,HepG2,chr18:58245441:A:G,0,4,-0.7732651233673096,modal,cuda,PPIL4:K562
BCLAF1,HepG2,chr18:58245461:G:A,0,4,-1.141817331314087,modal,cuda,PPIL4:K562
BCLAF1,HepG2,chr18:58323338:C:T,0,4,-0.6303188800811768,modal,cuda,PPIL4:K562
BCLAF1,HepG2,chr18:58323348:G:A,0,4,-0.39107561111450195,modal,cuda,PPIL4:K562
BCLAF1,HepG2,chr18:58370393:T:G,0,4,0.7392215728759766,modal,cuda,PPIL4:K562
BCLAF1,HepG2,chr18:58370394:T:C,0,4,0.3643050193786621,modal,cuda,PPIL4:K562
BCLAF1,HepG2,chr18:58370482:G:A,0,4,0.47019028663635254,modal,cuda,PPIL4:K562
BCLAF1,HepG2,chr18:58383323:T:C,0,4,0.29695653915405273,modal,cuda,PPIL4:K562
BCLAF1,HepG2,chr18:58383333:T:C,0,4,0.5162122249603271,modal,cuda,PPIL4:K562
BCLAF1,HepG2,chr18:58733594:T:C,0,4,0.6791646480560303,modal,cuda,PPIL4:K562
BCLAF1,HepG2,chr18:62146032:A:T,0,4,1.2959511280059814,modal,cuda,PPIL4:K562
BCLAF1,HepG2,chr18:62228347:A:G,0,4,0.4492373466491699,modal,cuda,PPIL4:K562
BCLAF1,HepG2,chr18:70150601:G:A,0,4,-1.0546388626098633,modal,cuda,PPIL4:K562
BCLAF1,HepG2,chr18:70150610:C:A,1,4,1.0088527202606201,modal,cuda,PPIL4:K562
BCLAF1,HepG2,chr18:70166044:G:A,0,4,0.3496311902999878,modal,cuda,PPIL4:K562
BCLAF1,HepG2,chr18:70166059:C:T,0,4,-0.8029758930206299,modal,cuda,PPIL4:K562
BCLAF1,HepG2,chr18:70166070:T:C,0,4,-1.1694915294647217,modal,cuda,PPIL4:K562
BCLAF1,HepG2,chr18:70166149:T:C,0,4,0.6888792514801025,modal,cuda,PPIL4:K562
BCLAF1,HepG2,chr18:70166157:G:A,1,4,1.6131991147994995,modal,cuda,PPIL4:K562
BCLAF1,HepG2,chr18:70190723:C:A,0,4,0.5144426822662354,modal,cuda,PPIL4:K562
BCLAF1,HepG2,chr18:74501372:C:T,0,4,0.9496434926986694,modal,cuda,PPIL4:K562
BCLAF1,HepG2,chr18:79110412:A:C,0,4,-0.40498971939086914,modal,cuda,PPIL4:K562
BCLAF1,HepG2,chr18:79253425:A:G,0,4,0.3049135208129883,modal,cuda,PPIL4:K562
BCLAF1,HepG2,chr19:10151737:C:T,0,4,-0.5753686428070068,modal,cuda,PPIL4:K562
BCLAF1,HepG2,chr19:10994833:C:A,1,4,-0.6976796388626099,modal,cuda,PPIL4:K562
BCLAF1,HepG2,chr19:10994932:T:C,0,4,0.39204469323158264,modal,cuda,PPIL4:K562
BCLAF1,HepG2,chr19:10994951:C:T,1,4,-0.4343726634979248,modal,cuda,PPIL4:K562
BCLAF1,HepG2,chr19:10996285:C:T,1,4,-0.2850216031074524,modal,cuda,PPIL4:K562
BCLAF1,HepG2,chr19:10996294:G:A,1,4,-0.20795130729675293,modal,cuda,PPIL4:K562
BCLAF1,HepG2,chr19:10996299:C:G,1,4,-0.7018316984176636,modal,cuda,PPIL4:K562
BCLAF1,HepG2,chr19:11003047:C:T,1,4,-1.0211539268493652,modal,cuda,PPIL4:K562
BCLAF1,HepG2,chr19:12943967:G:T,0,4,-1.3997918367385864,modal,cuda,PPIL4:K562
BCLAF1,HepG2,chr19:23373748:G:A,0,4,2.005847454071045,modal,cuda,PPIL4:K562
BCLAF1,HepG2,chr19:23373803:A:G,0,4,0.17401790618896484,modal,cuda,PPIL4:K562
BCLAF1,HepG2,chr19:30009016:C:T,0,4,0.7188546657562256,modal,cuda,PPIL4:K562
BCLAF1,HepG2,chr19:34451967:A:T,0,4,-0.39816558361053467,modal,cuda,PPIL4:K562
BCLAF1,HepG2,chr19:56814075:G:A,0,4,-0.13112497329711914,modal,cuda,PPIL4:K562
BCLAF1,HepG2,chr19:56814275:G:A,0,4,-0.11913478374481201,modal,cuda,PPIL4:K562
BCLAF1,HepG2,chr19:56814509:G:A,0,4,-2.096351146697998,modal,cuda,PPIL4:K562
BCLAF1,HepG2,chr19:56814611:G:A,0,4,0.1931544542312622,modal,cuda,PPIL4:K562
BCLAF1,HepG2,chr19:56815927:C:G,0,4,1.2847175598144531,modal,cuda,PPIL4:K562
BCLAF1,HepG2,chr19:56816052:C:A,0,4,1.6455583572387695,modal,cuda,PPIL4:K562
BCLAF1,HepG2,chr19:56816064:A:G,0,4,-1.2038367986679077,modal,cuda,PPIL4:K562
BCLAF1,HepG2,chr19:56816350:A:C,0,4,-0.21747827529907227,modal,cuda,PPIL4:K562
BCLAF1,HepG2,chr19:56816571:T:C,0,4,-0.22761273384094238,modal,cuda,PPIL4:K562
BCLAF1,HepG2,chr19:56816845:C:A,0,4,0.24639004468917847,modal,cuda,PPIL4:K562
BCLAF1,HepG2,chr1:100015402:G:A,1,0,-1.25300931930542,modal,cuda,PPIL4:K562
BCLAF1,HepG2,chr1:100015418:C:T,1,0,-1.4123525619506836,modal,cuda,PPIL4:K562
BCLAF1,HepG2,chr1:100214875:A:T,1,0,0.9720990657806396,modal,cuda,PPIL4:K562
BCLAF1,HepG2,chr1:10258474:C:T,0,0,-0.9374330043792725,modal,cuda,PPIL4:K562
BCLAF1,HepG2,chr1:10258678:A:C,0,0,-0.14517545700073242,modal,cuda,PPIL4:K562
BCLAF1,HepG2,chr1:10261983:G:A,0,0,0.41373002529144287,modal,cuda,PPIL4:K562
BCLAF1,HepG2,chr1:10261996:G:A,0,0,0.4238613247871399,modal,cuda,PPIL4:K562
BCLAF1,HepG2,chr1:10268280:C:T,0,0,0.6882833242416382,modal,cuda,PPIL4:K562
BCLAF1,HepG2,chr1:10295776:C:T,0,0,0.6279829740524292,modal,cuda,PPIL4:K562
BCLAF1,HepG2,chr1:103544934:C:G,0,0,-0.3148534297943115,modal,cuda,PPIL4:K562
BCLAF1,HepG2,chr1:108937207:C:T,0,0,-0.3411036729812622,modal,cuda,PPIL4:K562
BCLAF1,HepG2,chr1:108937337:G:A,0,0,1.82493257522583,modal,cuda,PPIL4:K562
BCLAF1,HepG2,chr1:108939681:C:T,0,0,-0.3624594211578369,modal,cuda,PPIL4:K562
BCLAF1,HepG2,chr1:108939682:G:A,0,0,-0.33829039335250854,modal,cuda,PPIL4:K562
BCLAF1,HepG2,chr1:108943574:A:G,0,0,0.8000164031982422,modal,cuda,PPIL4:K562
BCLAF1,HepG2,chr1:108949856:T:C,0,0,-0.2559671998023987,modal,cuda,PPIL4:K562
BCLAF1,HepG2,chr1:11013974:C:T,0,0,-0.44181299209594727,modal,cuda,PPIL4:K562
BCLAF1,HepG2,chr1:111159398:A:G,0,0,-0.21572256088256836,modal,cuda,PPIL4:K562
BCLAF1,HepG2,chr1:11232419:G:A,0,0,0.5174950361251831,modal,cuda,PPIL4:K562
BCLAF1,HepG2,chr1:11232433:C:A,0,0,-1.6702919006347656,modal,cuda,PPIL4:K562
BCLAF1,HepG2,chr1:11247729:C:A,0,0,1.086378812789917,modal,cuda,PPIL4:K562
BCLAF1,HepG2,chr1:11253894:T:G,0,0,-0.9407874941825867,modal,cuda,PPIL4:K562
BCLAF1,HepG2,chr1:11253918:C:A,0,0,0.5013753175735474,modal,cuda,PPIL4:K562
BCLAF1,HepG2,chr1:11253942:T:C,0,0,0.6956183910369873,modal,cuda,PPIL4:K562
BCLAF1,HepG2,chr1:11253957:G:A,0,0,0.455092191696167,modal,cuda,PPIL4:K562
BCLAF1,HepG2,chr1:11259273:T:C,0,0,0.38495877385139465,modal,cuda,PPIL4:K562
BCLAF1,HepG2,chr1:11259312:T:A,0,0,-0.3680747449398041,modal,cuda,PPIL4:K562
BCLAF1,HepG2,chr1:11259350:G:A,0,0,0.41076555848121643,modal,cuda,PPIL4:K562
BCLAF1,HepG2,chr1:113116443:A:G,0,0,-0.4298664331436157,modal,cuda,PPIL4:K562
BCLAF1,HepG2,chr1:11815922:C:A,0,0,1.2645657062530518,modal,cuda,PPIL4:K562
BCLAF1,HepG2,chr1:11816605:G:A,0,0,-0.29231810569763184,modal,cuda,PPIL4:K562
BCLAF1,HepG2,chr1:11816629:T:C,0,0,0.2492067813873291,modal,cuda,PPIL4:K562
BCLAF1,HepG2,chr1:11816635:G:A,0,0,-0.6327521800994873,modal,cuda,PPIL4:K562
BCLAF1,HepG2,chr1:119950690:C:T,0,0,-0.4576824903488159,modal,cuda,PPIL4:K562
BCLAF1,HepG2,chr1:12256527:A:G,0,0,0.2744431495666504,modal,cuda,PPIL4:K562
BCLAF1,HepG2,chr1:147201336:G:A,0,0,-0.5661501288414001,modal,cuda,PPIL4:K562
BCLAF1,HepG2,chr1:147275406:T:C,0,0,-0.37531787157058716,modal,cuda,PPIL4:K562
BCLAF1,HepG2,chr1:147280037:A:G,0,0,-0.4379471242427826,modal,cuda,PPIL4:K562
BCLAF1,HepG2,chr1:147280109:C:A,0,0,-0.3935617208480835,modal,cuda,PPIL4:K562
BCLAF1,HepG2,chr1:147285415:A:C,0,0,0.6679960489273071,modal,cuda,PPIL4:K562
BCLAF1,HepG2,chr1:147285455:G:A,0,0,-0.5061023235321045,modal,cuda,PPIL4:K562
BCLAF1,HepG2,chr1:147295468:T:G,0,0,-0.4095303416252136,modal,cuda,PPIL4:K562
BCLAF1,HepG2,chr1:150076219:C:T,0,0,-0.7719731330871582,modal,cuda,PPIL4:K562
BCLAF1,HepG2,chr1:150076341:C:T,0,0,0.19150471687316895,modal,cuda,PPIL4:K562
BCLAF1,HepG2,chr1:150082811:A:G,0,0,-0.48000478744506836,modal,cuda,PPIL4:K562
BCLAF1,HepG2,chr1:150325734:G:A,0,0,-0.1748408079147339,modal,cuda,PPIL4:K562
BCLAF1,HepG2,chr1:151429635:C:A,1,0,0.389930784702301,modal,cuda,PPIL4:K562
BCLAF1,HepG2,chr1:151429642:G:A,1,0,2.517124891281128,modal,cuda,PPIL4:K562
BCLAF1,HepG2,chr1:151429712:C:T,1,0,0.22404122352600098,modal,cuda,PPIL4:K562
BCLAF1,HepG2,chr1:151429713:T:G,1,0,-2.050347328186035,modal,cuda,PPIL4:K562
BCLAF1,HepG2,chr1:151441087:C:A,1,0,-1.0260941982269287,modal,cuda,PPIL4:K562
BCLAF1,HepG2,chr1:151441097:G:T,0,0,1.1242344379425049,modal,cuda,PPIL4:K562
BCLAF1,HepG2,chr1:153827982:T:C,0,0,0.3768167495727539,modal,cuda,PPIL4:K562
BCLAF1,HepG2,chr1:153827983:A:G,0,0,-0.5883723497390747,modal,cuda,PPIL4:K562
BCLAF1,HepG2,chr1:154170417:G:T,1,0,0.12376785278320312,modal,cuda,PPIL4:K562
BCLAF1,HepG2,chr1:154172971:C:T,1,0,0.5745632648468018,modal,cuda,PPIL4:K562
BCLAF1,HepG2,chr1:154172972:G:A,1,0,0.4277251958847046,modal,cuda,PPIL4:K562
BCLAF1,HepG2,chr1:154173127:T:G,1,0,0.7465139031410217,modal,cuda,PPIL4:K562
BCLAF1,HepG2,chr1:154173134:G:T,1,0,-0.12170839309692383,modal,cuda,PPIL4:K562
BCLAF1,HepG2,chr1:154602122:G:A,1,0,-1.5152027606964111,modal,cuda,PPIL4:K562
BCLAF1,HepG2,chr1:156268420:A:G,0,0,-0.4658958911895752,modal,cuda,PPIL4:K562
BCLAF1,HepG2,chr1:156334921:A:G,0,0,1.0748538970947266,modal,cuda,PPIL4:K562
BCLAF1,HepG2,chr1:160238682:T:C,0,0,-0.8907269835472107,modal,cuda,PPIL4:K562
BCLAF1,HepG2,chr1:160293382:T:C,0,0,-0.6722443103790283,modal,cuda,PPIL4:K562
BCLAF1,HepG2,chr1:160295878:G:C,0,0,-0.12343811988830566,modal,cuda,PPIL4:K562
BCLAF1,HepG2,chr1:160297336:T:C,0,0,-0.29289907217025757,modal,cuda,PPIL4:K562
BCLAF1,HepG2,chr1:160297765:G:A,0,0,-0.456035852432251,modal,cuda,PPIL4:K562
BCLAF1,HepG2,chr1:160313067:A:G,0,0,0.2983749806880951,modal,cuda,PPIL4:K562
BCLAF1,HepG2,chr1:161819835:C:G,0,0,-1.0552268028259277,modal,cuda,PPIL4:K562
BCLAF1,HepG2,chr1:161821166:G:C,1,0,-1.2330350875854492,modal,cuda,PPIL4:K562
BCLAF1,HepG2,chr1:162590324:A:C,0,0,0.6962111592292786,modal,cuda,PPIL4:K562
BCLAF1,HepG2,chr1:162590419:G:A,0,0,-0.9657867550849915,modal,cuda,PPIL4:K562
BCLAF1,HepG2,chr1:165759546:G:A,1,0,0.4520193934440613,modal,cuda,PPIL4:K562
BCLAF1,HepG2,chr1:169546601:C:A,0,0,-0.603400707244873,modal,cuda,PPIL4:K562
BCLAF1,HepG2,chr1:169558942:C:A,0,0,-0.5035700798034668,modal,cuda,PPIL4:K562
BCLAF1,HepG2,chr1:174221067:A:G,0,0,0.28371477127075195,modal,cuda,PPIL4:K562
BCLAF1,HepG2,chr1:175008715:A:G,0,0,0.17215943336486816,modal,cuda,PPIL4:K562
BCLAF1,HepG2,chr1:17622992:G:T,0,0,-1.2210760116577148,modal,cuda,PPIL4:K562
BCLAF1,HepG2,chr1:180803395:C:T,0,0,0.31108996272087097,modal,cuda,PPIL4:K562
BCLAF1,HepG2,chr1:182385715:A:G,0,0,0.40967869758605957,modal,cuda,PPIL4:K562
BCLAF1,HepG2,chr1:182858115:C:T,1,0,-0.2984694242477417,modal,cuda,PPIL4:K562
BCLAF1,HepG2,chr1:182858162:G:A,0,0,0.9580612182617188,modal,cuda,PPIL4:K562
BCLAF1,HepG2,chr1:182876110:C:T,1,0,2.6552603244781494,modal,cuda,PPIL4:K562
BCLAF1,HepG2,chr1:183132551:G:A,0,0,0.8136191964149475,modal,cuda,PPIL4:K562
BCLAF1,HepG2,chr1:183136367:G:A,0,0,0.7827401161193848,modal,cuda,PPIL4:K562
BCLAF1,HepG2,chr1:184721300:T:A,1,0,-1.3946442604064941,modal,cuda,PPIL4:K562
BCLAF1,HepG2,chr1:184732874:G:A,0,0,2.2927656173706055,modal,cuda,PPIL4:K562
BCLAF1,HepG2,chr1:19128202:A:G,0,0,-0.18714189529418945,modal,cuda,PPIL4:K562
BCLAF1,HepG2,chr1:19147986:C:A,0,0,-0.6598008275032043,modal,cuda,PPIL4:K562
BCLAF1,HepG2,chr1:19157805:G:A,0,0,-0.6442673802375793,modal,cuda,PPIL4:K562
BCLAF1,HepG2,chr1:19162618:G:A,0,0,-0.4376416504383087,modal,cuda,PPIL4:K562
BCLAF1,HepG2,chr1:19165007:G:A,0,0,-0.8446213006973267,modal,cuda,PPIL4:K562
BCLAF1,HepG2,chr1:19165363:T:C,0,0,-0.28941893577575684,modal,cuda,PPIL4:K562
BCLAF1,HepG2,chr1:19165646:C:T,0,0,-0.12751394510269165,modal,cuda,PPIL4:K562
BCLAF1,HepG2,chr1:19201715:T:C,0,0,-0.3004930019378662,modal,cuda,PPIL4:K562
BCLAF1,HepG2,chr1:193212495:C:G,0,0,0.598968505859375,modal,cuda,PPIL4:K562
BCLAF1,HepG2,chr1:197133615:A:G,0,0,0.718875527381897,modal,cuda,PPIL4:K562
BCLAF1,HepG2,chr1:200598216:T:C,0,0,1.0412499904632568,modal,cuda,PPIL4:K562
BCLAF1,HepG2,chr1:200598225:G:A,0,0,0.603141188621521,modal,cuda,PPIL4:K562
BCLAF1,HepG2,chr1:204549613:G:A,0,0,1.3453503847122192,modal,cuda,PPIL4:K562
BCLAF1,HepG2,chr1:20744866:T:C,0,0,0.2148953676223755,modal,cuda,PPIL4:K562
BCLAF1,HepG2,chr1:207785659:T:A,1,0,-1.51995849609375,modal,cuda,PPIL4:K562
BCLAF1,HepG2,chr1:207785684:T:A,1,0,-0.9514446258544922,modal,cuda,PPIL4:K562
BCLAF1,HepG2,chr1:212895062:T:C,0,0,0.29105764627456665,modal,cuda,PPIL4:K562
BCLAF1,HepG2,chr1:213104476:C:A,0,0,1.2871732711791992,modal,cuda,PPIL4:K562
BCLAF1,HepG2,chr1:213129907:T:C,0,0,0.1438382863998413,modal,cuda,PPIL4:K562
BCLAF1,HepG2,chr1:213167847:T:C,0,0,0.594164252281189,modal,cuda,PPIL4:K562
BCLAF1,HepG2,chr1:213241036:G:A,0,0,-0.2935559153556824,modal,cuda,PPIL4:K562
BCLAF1,HepG2,chr1:213241112:G:C,0,0,-0.5650020837783813,modal,cuda,PPIL4:K562
BCLAF1,HepG2,chr1:22501551:T:C,0,0,0.27900874614715576,modal,cuda,PPIL4:K562
BCLAF1,HepG2,chr1:227030478:A:C,0,0,-0.6924718618392944,modal,cuda,PPIL4:K562
BCLAF1,HepG2,chr1:23073280:G:T,0,0,-1.5440375804901123,modal,cuda,PPIL4:K562
BCLAF1,HepG2,chr1:231275503:G:A,1,0,-0.661159336566925,modal,cuda,PPIL4:K562
BCLAF1,HepG2,chr1:231373965:A:G,0,0,0.5113665461540222,modal,cuda,PPIL4:K562
BCLAF1,HepG2,chr1:231373973:T:C,0,0,-0.16576486825942993,modal,cuda,PPIL4:K562
BCLAF1,HepG2,chr1:231561210:A:G,0,0,0.3934260606765747,modal,cuda,PPIL4:K562
BCLAF1,HepG2,chr1:235182498:G:A,0,0,-0.2949850559234619,modal,cuda,PPIL4:K562
BCLAF1,HepG2,chr1:235414614:C:T,1,0,1.3058295249938965,modal,cuda,PPIL4:K562
BCLAF1,HepG2,chr1:236803547:C:T,1,0,-1.8932836055755615,modal,cuda,PPIL4:K562
BCLAF1,HepG2,chr1:236816464:G:A,0,0,0.5573101043701172,modal,cuda,PPIL4:K562
BCLAF1,HepG2,chr1:236825363:T:A,1,0,-2.082049608230591,modal,cuda,PPIL4:K562
BCLAF1,HepG2,chr1:236826841:G:A,0,0,0.46871235966682434,modal,cuda,PPIL4:K562
BCLAF1,HepG2,chr1:236826895:A:G,1,0,-0.48169803619384766,modal,cuda,PPIL4:K562
BCLAF1,HepG2,chr1:236861168:T:G,1,0,0.3414280414581299,modal,cuda,PPIL4:K562
BCLAF1,HepG2,chr1:236861188:C:T,1,0,0.888434648513794,modal,cuda,PPIL4:K562
BCLAF1,HepG2,chr1:236874861:T:C,0,0,-0.5961182117462158,modal,cuda,PPIL4:K562
BCLAF1,HepG2,chr1:236897550:T:C,0,0,-0.5448591709136963,modal,cuda,PPIL4:K562
BCLAF1,HepG2,chr1:243304716:A:T,1,0,1.448943853378296,modal,cuda,PPIL4:K562
BCLAF1,HepG2,chr1:244843041:G:T,1,0,-0.2538466453552246,modal,cuda,PPIL4:K562
BCLAF1,HepG2,chr1:244843137:C:T,0,0,-0.16807913780212402,modal,cuda,PPIL4:K562
BCLAF1,HepG2,chr1:244843172:A:G,0,0,0.4155004024505615,modal,cuda,PPIL4:K562
BCLAF1,HepG2,chr1:244855614:A:T,0,0,0.9278346300125122,modal,cuda,PPIL4:K562
BCLAF1,HepG2,chr1:244855889:T:G,0,0,0.6844336986541748,modal,cuda,PPIL4:K562
BCLAF1,HepG2,chr1:244856161:G:A,0,0,0.6494890451431274,modal,cuda,PPIL4:K562
BCLAF1,HepG2,chr1:244856629:T:A,0,0,0.44200772047042847,modal,cuda,PPIL4:K562
BCLAF1,HepG2,chr1:244856718:T:G,0,0,-0.46417999267578125,modal,cuda,PPIL4:K562
BCLAF1,HepG2,chr1:244856723:C:T,0,0,0.7080745100975037,modal,cuda,PPIL4:K562
BCLAF1,HepG2,chr1:244856724:G:A,0,0,0.5251116156578064,modal,cuda,PPIL4:K562
BCLAF1,HepG2,chr1:244856866:A:G,0,0,0.6747910976409912,modal,cuda,PPIL4:K562
BCLAF1,HepG2,chr1:244857593:C:T,0,0,1.6139274835586548,modal,cuda,PPIL4:K562
BCLAF1,HepG2,chr1:244858724:C:T,1,0,0.8107070922851562,modal,cuda,PPIL4:K562
BCLAF1,HepG2,chr1:244859251:A:C,0,0,-1.1376287937164307,modal,cuda,PPIL4:K562
BCLAF1,HepG2,chr1:244860327:G:A,0,0,0.15754461288452148,modal,cuda,PPIL4:K562
BCLAF1,HepG2,chr1:244860330:T:C,0,0,-0.7120876312255859,modal,cuda,PPIL4:K562
BCLAF1,HepG2,chr1:244860483:A:G,0,0,0.708135187625885,modal,cuda,PPIL4:K562
BCLAF1,HepG2,chr1:244862608:G:A,0,0,0.8307637572288513,modal,cuda,PPIL4:K562
BCLAF1,HepG2,chr1:26432980:G:A,1,0,-0.7969071865081787,modal,cuda,PPIL4:K562
BCLAF1,HepG2,chr1:26766572:G:A,0,0,-0.3360229730606079,modal,cuda,PPIL4:K562
BCLAF1,HepG2,chr1:28987461:G:A,0,0,0.3675163984298706,modal,cuda,PPIL4:K562
BCLAF1,HepG2,chr1:28987557:A:G,0,0,-0.30582499504089355,modal,cuda,PPIL4:K562
BCLAF1,HepG2,chr1:28997275:G:T,1,0,-2.8778443336486816,modal,cuda,PPIL4:K562
BCLAF1,HepG2,chr1:32180465:A:G,0,0,-0.9734401702880859,modal,cuda,PPIL4:K562
BCLAF1,HepG2,chr1:32780294:G:A,0,0,0.4998132586479187,modal,cuda,PPIL4:K562
BCLAF1,HepG2,chr1:35189008:T:C,0,0,0.13726980984210968,modal,cuda,PPIL4:K562
BCLAF1,HepG2,chr1:35190780:T:C,0,0,0.32221436500549316,modal,cuda,PPIL4:K562
BCLAF1,HepG2,chr1:3826360:C:T,0,0,-1.1978437900543213,modal,cuda,PPIL4:K562
BCLAF1,HepG2,chr1:39001114:C:G,0,0,0.6421144008636475,modal,cuda,PPIL4:K562
BCLAF1,HepG2,chr1:39303095:G:A,0,0,-1.025154948234558,modal,cuda,PPIL4:K562
BCLAF1,HepG2,chr1:39361019:A:G,0,0,-1.1411114931106567,modal,cuda,PPIL4:K562
BCLAF1,HepG2,chr1:39422905:G:A,0,0,0.6811990141868591,modal,cuda,PPIL4:K562
BCLAF1,HepG2,chr1:39424005:G:A,0,0,0.36812782287597656,modal,cuda,PPIL4:K562
BCLAF1,HepG2,chr1:39448165:A:C,0,0,-0.8400103449821472,modal,cuda,PPIL4:K562
BCLAF1,HepG2,chr1:39459254:T:C,0,0,-0.17280125617980957,modal,cuda,PPIL4:K562
BCLAF1,HepG2,chr1:40307503:G:C,0,0,0.5240277051925659,modal,cuda,PPIL4:K562
BCLAF1,HepG2,chr1:40310095:G:A,0,0,-0.2969341278076172,modal,cuda,PPIL4:K562
BCLAF1,HepG2,chr1:41009488:G:C,0,0,-1.690017580986023,modal,cuda,PPIL4:K562
BCLAF1,HepG2,chr1:41009515:A:G,0,0,1.9145938158035278,modal,cuda,PPIL4:K562
BCLAF1,HepG2,chr1:45607496:A:C,0,0,-0.18680691719055176,modal,cuda,PPIL4:K562
BCLAF1,HepG2,chr1:52461623:T:A,0,0,0.1132206916809082,modal,cuda,PPIL4:K562
BCLAF1,HepG2,chr1:52948032:C:T,1,0,-1.650122880935669,modal,cuda,PPIL4:K562
BCLAF1,HepG2,chr1:52988011:C:T,0,0,-0.24301719665527344,modal,cuda,PPIL4:K562
BCLAF1,HepG2,chr1:56876220:G:T,0,0,-0.5896114706993103,modal,cuda,PPIL4:K562
BCLAF1,HepG2,chr1:58660162:G:T,0,0,0.4200704097747803,modal,cuda,PPIL4:K562
BCLAF1,HepG2,chr1:58660171:A:C,0,0,0.6508985161781311,modal,cuda,PPIL4:K562
BCLAF1,HepG2,chr1:58667234:C:T,0,0,-0.30026543140411377,modal,cuda,PPIL4:K562
BCLAF1,HepG2,chr1:58667830:T:A,0,0,-0.0863351821899414,modal,cuda,PPIL4:K562
BCLAF1,HepG2,chr1:58668978:T:C,0,0,-0.5286401510238647,modal,cuda,PPIL4:K562
BCLAF1,HepG2,chr1:58673657:T:C,0,0,-0.9765855073928833,modal,cuda,PPIL4:K562
BCLAF1,HepG2,chr1:58685269:G:A,0,0,-0.37127864360809326,modal,cuda,PPIL4:K562
BCLAF1,HepG2,chr1:62510677:T:C,0,0,-1.0885552167892456,modal,cuda,PPIL4:K562
BCLAF1,HepG2,chr1:62648398:A:C,0,0,-0.38004517555236816,modal,cuda,PPIL4:K562
BCLAF1,HepG2,chr1:67052009:T:C,1,0,-1.0124187469482422,modal,cuda,PPIL4:K562
BCLAF1,HepG2,chr1:75732682:C:T,1,0,-0.6443644762039185,modal,cuda,PPIL4:K562
BCLAF1,HepG2,chr1:75732688:T:C,1,0,-0.3474559783935547,modal,cuda,PPIL4:K562
BCLAF1,HepG2,chr1:75732751:T:C,0,0,1.3251681327819824,modal,cuda,PPIL4:K562
BCLAF1,HepG2,chr1:75734772:T:A,1,0,-0.37422752380371094,modal,cuda,PPIL4:K562
BCLAF1,HepG2,chr1:75734798:C:A,1,0,-0.5652663707733154,modal,cuda,PPIL4:K562
BCLAF1,HepG2,chr1:75734846:G:T,1,0,0.444674551486969,modal,cuda,PPIL4:K562
BCLAF1,HepG2,chr1:75734873:T:C,1,0,-1.4034984111785889,modal,cuda,PPIL4:K562
BCLAF1,HepG2,chr1:75734873:T:G,1,0,-0.4846595525741577,modal,cuda,PPIL4:K562
BCLAF1,HepG2,chr1:75739958:C:A,0,0,-0.5777300596237183,modal,cuda,PPIL4:K562
BCLAF1,HepG2,chr1:75739988:T:G,0,0,0.764845609664917,modal,cuda,PPIL4:K562
BCLAF1,HepG2,chr1:75739995:G:T,1,0,-1.0151643753051758,modal,cuda,PPIL4:K562
BCLAF1,HepG2,chr1:75740000:T:G,0,0,0.5531570911407471,modal,cuda,PPIL4:K562
BCLAF1,HepG2,chr1:75740014:A:G,1,0,0.4343988001346588,modal,cuda,PPIL4:K562
BCLAF1,HepG2,chr1:77962911:G:A,0,0,0.24583029747009277,modal,cuda,PPIL4:K562
BCLAF1,HepG2,chr1:8624304:G:A,0,0,0.4528743624687195,modal,cuda,PPIL4:K562
BCLAF1,HepG2,chr1:90937849:A:G,0,0,0.828298807144165,modal,cuda,PPIL4:K562
BCLAF1,HepG2,chr1:90941120:C:T,0,0,0.6578936576843262,modal,cuda,PPIL4:K562
BCLAF1,HepG2,chr1:90941218:T:C,0,0,-0.4437600374221802,modal,cuda,PPIL4:K562
BCLAF1,HepG2,chr1:92247100:C:A,1,0,2.1374857425689697,modal,cuda,PPIL4:K562
BCLAF1,HepG2,chr1:92290213:G:A,1,0,3.3668370246887207,modal,cuda,PPIL4:K562
BCLAF1,HepG2,chr1:92297425:A:C,0,0,-0.22780483961105347,modal,cuda,PPIL4:K562
BCLAF1,HepG2,chr1:92297511:C:T,0,0,0.42305636405944824,modal,cuda,PPIL4:K562
BCLAF1,HepG2,chr1:92833544:G:C,1,0,0.4087095856666565,modal,cuda,PPIL4:K562
BCLAF1,HepG2,chr1:92833603:C:G,1,0,-2.6226844787597656,modal,cuda,PPIL4:K562
BCLAF1,HepG2,chr1:92833632:G:C,1,0,0.8014481067657471,modal,cuda,PPIL4:K562
BCLAF1,HepG2,chr1:92833658:C:T,1,0,-1.2998725175857544,modal,cuda,PPIL4:K562
BCLAF1,HepG2,chr1:92836250:G:T,1,0,1.1075968742370605,modal,cuda,PPIL4:K562
BCLAF1,HepG2,chr1:92837585:C:A,1,0,-0.795897364616394,modal,cuda,PPIL4:K562
BCLAF1,HepG2,chr1:92837592:C:T,1,0,0.6709078550338745,modal,cuda,PPIL4:K562
BCLAF1,HepG2,chr1:92840587:C:T,1,0,1.4953831434249878,modal,cuda,PPIL4:K562
BCLAF1,HepG2,chr1:92841745:A:G,0,0,0.3150244951248169,modal,cuda,PPIL4:K562
BCLAF1,HepG2,chr1:92841757:C:A,0,0,-0.29452526569366455,modal,cuda,PPIL4:K562
BCLAF1,HepG2,chr1:92841817:A:G,0,0,-0.36453819274902344,modal,cuda,PPIL4:K562
BCLAF1,HepG2,chr1:93118449:G:A,0,0,-0.5479881167411804,modal,cuda,PPIL4:K562
BCLAF1,HepG2,chr1:93530747:G:T,0,0,0.1904289722442627,modal,cuda,PPIL4:K562
BCLAF1,HepG2,chr1:94464884:T:C,0,0,-0.1887010931968689,modal,cuda,PPIL4:K562
BCLAF1,HepG2,chr1:94506651:G:A,0,0,-0.6066290140151978,modal,cuda,PPIL4:K562
BCLAF1,HepG2,chr1:96769734:A:G,0,0,0.7933558225631714,modal,cuda,PPIL4:K562
BCLAF1,HepG2,chr1:96785115:C:T,0,0,-1.306532621383667,modal,cuda,PPIL4:K562
BCLAF1,HepG2,chr1:99862421:C:G,1,0,-0.6264975070953369,modal,cuda,PPIL4:K562
BCLAF1,HepG2,chr20:13534052:C:T,0,0,0.8066482543945312,modal,cuda,PPIL4:K562
BCLAF1,HepG2,chr20:13587326:C:A,0,0,-1.1826484203338623,modal,cuda,PPIL4:K562
BCLAF1,HepG2,chr20:13625199:G:A,1,0,-0.4463539123535156,modal,cuda,PPIL4:K562
BCLAF1,HepG2,chr20:13625256:A:T,0,0,1.1637359857559204,modal,cuda,PPIL4:K562
BCLAF1,HepG2,chr20:13785231:C:A,1,0,-0.796733021736145,modal,cuda,PPIL4:K562
BCLAF1,HepG2,chr20:13785288:G:T,1,0,-0.3964022994041443,modal,cuda,PPIL4:K562
BCLAF1,HepG2,chr20:13785298:C:G,0,0,-0.11028653383255005,modal,cuda,PPIL4:K562
BCLAF1,HepG2,chr20:17970274:C:T,1,0,2.995589017868042,modal,cuda,PPIL4:K562
BCLAF1,HepG2,chr20:17988280:T:C,0,0,-0.34365928173065186,modal,cuda,PPIL4:K562
BCLAF1,HepG2,chr20:18142268:C:G,0,0,-0.1923971176147461,modal,cuda,PPIL4:K562
BCLAF1,HepG2,chr20:18530812:A:G,0,0,-0.4262838363647461,modal,cuda,PPIL4:K562
BCLAF1,HepG2,chr20:20048481:C:T,1,0,-0.3834265470504761,modal,cuda,PPIL4:K562
BCLAF1,HepG2,chr20:20048482:G:A,1,0,-0.42873358726501465,modal,cuda,PPIL4:K562
BCLAF1,HepG2,chr20:21136463:C:T,1,0,-0.6783738136291504,modal,cuda,PPIL4:K562
BCLAF1,HepG2,chr20:21136484:C:T,1,0,-1.5267314910888672,modal,cuda,PPIL4:K562
BCLAF1,HepG2,chr20:21145597:A:G,0,0,-0.43105506896972656,modal,cuda,PPIL4:K562
BCLAF1,HepG2,chr20:21232723:G:A,0,0,-0.5541525483131409,modal,cuda,PPIL4:K562
BCLAF1,HepG2,chr20:23402998:C:T,1,0,-0.8907740116119385,modal,cuda,PPIL4:K562
BCLAF1,HepG2,chr20:2654858:T:C,0,0,-0.14040780067443848,modal,cuda,PPIL4:K562
BCLAF1,HepG2,chr20:2657166:C:T,0,0,0.46105313301086426,modal,cuda,PPIL4:K562
BCLAF1,HepG2,chr20:2657933:T:C,0,0,0.6798127293586731,modal,cuda,PPIL4:K562
BCLAF1,HepG2,chr20:2658081:G:A,0,0,-0.17228233814239502,modal,cuda,PPIL4:K562
BCLAF1,HepG2,chr20:2658084:C:T,0,0,0.1766681671142578,modal,cuda,PPIL4:K562
BCLAF1,HepG2,chr20:2658234:G:A,0,0,0.36668121814727783,modal,cuda,PPIL4:K562
BCLAF1,HepG2,chr20:2658236:T:C,0,0,0.6546643972396851,modal,cuda,PPIL4:K562
BCLAF1,HepG2,chr20:2660340:G:A,1,0,-2.0288259983062744,modal,cuda,PPIL4:K562
BCLAF1,HepG2,chr20:33853561:T:C,0,0,-0.4091741442680359,modal,cuda,PPIL4:K562
BCLAF1,HepG2,chr20:34408774:G:A,1,0,0.9512937068939209,modal,cuda,PPIL4:K562
BCLAF1,HepG2,chr20:34412548:T:C,0,0,-0.20001697540283203,modal,cuda,PPIL4:K562
BCLAF1,HepG2,chr20:34479809:T:A,0,0,-0.311556339263916,modal,cuda,PPIL4:K562
BCLAF1,HepG2,chr20:35384111:C:T,0,0,-0.3384082317352295,modal,cuda,PPIL4:K562
BCLAF1,HepG2,chr20:35466146:G:A,1,0,-0.7491765022277832,modal,cuda,PPIL4:K562
BCLAF1,HepG2,chr20:35472734:T:A,1,0,-0.8940349817276001,modal,cuda,PPIL4:K562
BCLAF1,HepG2,chr20:35473370:A:G,0,0,-0.3948580026626587,modal,cuda,PPIL4:K562
BCLAF1,HepG2,chr20:35473949:C:T,1,0,-0.6812254786491394,modal,cuda,PPIL4:K562
BCLAF1,HepG2,chr20:35473991:C:T,1,0,-0.5410994291305542,modal,cuda,PPIL4:K562
BCLAF1,HepG2,chr20:35475582:C:A,1,0,1.5738590955734253,modal,cuda,PPIL4:K562
BCLAF1,HepG2,chr20:35491196:C:G,0,0,-0.5579757690429688,modal,cuda,PPIL4:K562
BCLAF1,HepG2,chr20:35497699:G:A,0,0,-0.33329224586486816,modal,cuda,PPIL4:K562
BCLAF1,HepG2,chr20:37777430:C:G,0,0,0.09968817234039307,modal,cuda,PPIL4:K562
BCLAF1,HepG2,chr20:38499437:T:C,0,0,0.4387093782424927,modal,cuda,PPIL4:K562
BCLAF1,HepG2,chr20:41487827:C:T,0,0,0.49021488428115845,modal,cuda,PPIL4:K562
BCLAF1,HepG2,chr20:41512842:A:G,0,0,0.5032103061676025,modal,cuda,PPIL4:K562
BCLAF1,HepG2,chr20:43460026:C:T,0,0,-0.6839432120323181,modal,cuda,PPIL4:K562
BCLAF1,HepG2,chr20:43460203:C:T,0,0,-0.33698391914367676,modal,cuda,PPIL4:K562
BCLAF1,HepG2,chr20:44972066:C:G,0,0,-0.19699430465698242,modal,cuda,PPIL4:K562
BCLAF1,HepG2,chr20:48988288:G:A,0,0,0.7100926041603088,modal,cuda,PPIL4:K562
BCLAF1,HepG2,chr20:49153924:A:C,0,0,-0.23968911170959473,modal,cuda,PPIL4:K562
BCLAF1,HepG2,chr20:50942116:C:A,1,0,0.8751393556594849,modal,cuda,PPIL4:K562
BCLAF1,HepG2,chr20:58441038:G:A,0,0,0.09784600138664246,modal,cuda,PPIL4:K562
BCLAF1,HepG2,chr20:58673636:A:T,0,0,0.5880515575408936,modal,cuda,PPIL4:K562
BCLAF1,HepG2,chr20:58673672:C:G,0,0,-0.5081937909126282,modal,cuda,PPIL4:K562
BCLAF1,HepG2,chr20:5944037:G:A,0,0,0.36056071519851685,modal,cuda,PPIL4:K562
BCLAF1,HepG2,chr20:6087773:T:C,1,0,-1.194284200668335,modal,cuda,PPIL4:K562
BCLAF1,HepG2,chr20:6112469:A:G,0,0,0.1992119550704956,modal,cuda,PPIL4:K562
BCLAF1,HepG2,chr20:62140809:G:A,0,0,-0.5855273008346558,modal,cuda,PPIL4:K562
BCLAF1,HepG2,chr20:62836349:G:A,0,0,0.2971932888031006,modal,cuda,PPIL4:K562
BCLAF1,HepG2,chr20:63662805:C:T,0,0,-0.36886143684387207,modal,cuda,PPIL4:K562
BCLAF1,HepG2,chr20:63662886:G:T,1,0,-0.1211705207824707,modal,cuda,PPIL4:K562
BCLAF1,HepG2,chr20:63666047:T:C,0,0,-0.4844290316104889,modal,cuda,PPIL4:K562
BCLAF1,HepG2,chr20:63995103:A:G,0,0,0.8627341389656067,modal,cuda,PPIL4:K562
BCLAF1,HepG2,chr20:63995108:A:T,0,0,-1.1997792720794678,modal,cuda,PPIL4:K562
BCLAF1,HepG2,chr20:8646203:G:A,0,0,-0.5860978364944458,modal,cuda,PPIL4:K562
BCLAF1,HepG2,chr20:8649470:A:G,0,0,0.14143800735473633,modal,cuda,PPIL4:K562
BCLAF1,HepG2,chr20:8697799:G:A,0,0,0.3022136688232422,modal,cuda,PPIL4:K562
BCLAF1,HepG2,chr20:8741450:T:G,0,0,-1.5366578102111816,modal,cuda,PPIL4:K562
BCLAF1,HepG2,chr20:8788533:C:T,0,0,-0.27942144870758057,modal,cuda,PPIL4:K562
BCLAF1,HepG2,chr20:8790285:A:C,0,0,0.45201385021209717,modal,cuda,PPIL4:K562
BCLAF1,HepG2,chr21:25975945:A:G,0,0,0.7159762382507324,modal,cuda,PPIL4:K562
BCLAF1,HepG2,chr21:25976039:A:T,0,0,-1.6011236906051636,modal,cuda,PPIL4:K562
BCLAF1,HepG2,chr21:25982324:G:A,0,0,0.23531979322433472,modal,cuda,PPIL4:K562
BCLAF1,HepG2,chr21:26000158:G:A,0,0,-0.7776058912277222,modal,cuda,PPIL4:K562
BCLAF1,HepG2,chr21:32603197:C:T,0,0,0.34799647331237793,modal,cuda,PPIL4:K562
BCLAF1,HepG2,chr21:32604220:G:A,1,0,-1.9098068475723267,modal,cuda,PPIL4:K562
BCLAF1,HepG2,chr21:32604303:G:A,0,0,0.4073915481567383,modal,cuda,PPIL4:K562
BCLAF1,HepG2,chr21:32607716:G:T,1,0,0.9712259769439697,modal,cuda,PPIL4:K562
BCLAF1,HepG2,chr21:32607732:G:C,0,0,-0.549609363079071,modal,cuda,PPIL4:K562
BCLAF1,HepG2,chr21:32744819:T:G,0,0,-0.5645204782485962,modal,cuda,PPIL4:K562
BCLAF1,HepG2,chr21:33263038:G:A,0,0,0.22407150268554688,modal,cuda,PPIL4:K562
BCLAF1,HepG2,chr21:33263044:C:T,0,0,0.2544649839401245,modal,cuda,PPIL4:K562
BCLAF1,HepG2,chr21:33343257:T:C,0,0,0.2789483070373535,modal,cuda,PPIL4:K562
BCLAF1,HepG2,chr21:33355333:A:G,0,0,0.6057014465332031,modal,cuda,PPIL4:K562
BCLAF1,HepG2,chr21:33546246:A:G,0,0,-0.8886263370513916,modal,cuda,PPIL4:K562
BCLAF1,HepG2,chr21:33549618:T:A,1,0,-0.3614197373390198,modal,cuda,PPIL4:K562
BCLAF1,HepG2,chr21:33549625:C:T,1,0,-0.4245262145996094,modal,cuda,PPIL4:K562
BCLAF1,HepG2,chr21:33549634:G:T,1,0,-0.6426163911819458,modal,cuda,PPIL4:K562
BCLAF1,HepG2,chr21:33549650:C:T,0,0,0.20627975463867188,modal,cuda,PPIL4:K562
BCLAF1,HepG2,chr21:33549679:T:C,0,0,0.20801591873168945,modal,cuda,PPIL4:K562
BCLAF1,HepG2,chr21:33549715:C:T,0,0,-0.15600824356079102,modal,cuda,PPIL4:K562
BCLAF1,HepG2,chr21:33549729:G:T,0,0,0.18057918548583984,modal,cuda,PPIL4:K562
BCLAF1,HepG2,chr21:33549782:C:T,0,0,0.1507260799407959,modal,cuda,PPIL4:K562
BCLAF1,HepG2,chr21:33553885:G:A,0,0,0.3799428641796112,modal,cuda,PPIL4:K562
BCLAF1,HepG2,chr21:33554381:C:T,0,0,-0.17699933052062988,modal,cuda,PPIL4:K562
BCLAF1,HepG2,chr21:33554386:T:A,0,0,0.388791561126709,modal,cuda,PPIL4:K562
BCLAF1,HepG2,chr21:33554495:C:G,0,0,0.2622361183166504,modal,cuda,PPIL4:K562
BCLAF1,HepG2,chr21:33554681:A:G,0,0,0.06728756427764893,modal,cuda,PPIL4:K562
BCLAF1,HepG2,chr21:33554704:C:T,1,0,1.0697669982910156,modal,cuda,PPIL4:K562
BCLAF1,HepG2,chr21:33554985:T:C,0,0,-0.07370495796203613,modal,cuda,PPIL4:K562
BCLAF1,HepG2,chr21:33554992:C:T,1,0,-0.08466458320617676,modal,cuda,PPIL4:K562
BCLAF1,HepG2,chr21:33554998:C:T,1,0,-0.1531693935394287,modal,cuda,PPIL4:K562
BCLAF1,HepG2,chr21:33555043:C:T,1,0,0.5532993078231812,modal,cuda,PPIL4:K562
BCLAF1,HepG2,chr21:33557320:A:G,0,0,-0.7867677211761475,modal,cuda,PPIL4:K562
BCLAF1,HepG2,chr21:33559604:A:G,0,0,-0.3139536380767822,modal,cuda,PPIL4:K562
BCLAF1,HepG2,chr21:33559629:T:C,0,0,1.0027616024017334,modal,cuda,PPIL4:K562
BCLAF1,HepG2,chr21:33559727:A:G,0,0,0.44474783539772034,modal,cuda,PPIL4:K562
BCLAF1,HepG2,chr21:33559779:A:C,0,0,1.830892562866211,modal,cuda,PPIL4:K562
BCLAF1,HepG2,chr21:33573415:T:C,0,0,-0.20566260814666748,modal,cuda,PPIL4:K562
BCLAF1,HepG2,chr21:33582064:T:C,1,0,-0.633217453956604,modal,cuda,PPIL4:K562
BCLAF1,HepG2,chr21:33750246:T:C,0,0,0.23114967346191406,modal,cuda,PPIL4:K562
BCLAF1,HepG2,chr21:37095344:T:C,0,0,-0.9489481449127197,modal,cuda,PPIL4:K562
BCLAF1,HepG2,chr21:37126118:T:C,0,0,-0.19641923904418945,modal,cuda,PPIL4:K562
BCLAF1,HepG2,chr21:37129055:A:G,0,0,0.3041083812713623,modal,cuda,PPIL4:K562
BCLAF1,HepG2,chr21:37144636:A:G,0,0,0.6792345643043518,modal,cuda,PPIL4:K562
BCLAF1,HepG2,chr21:37197706:C:T,0,0,-0.22041630744934082,modal,cuda,PPIL4:K562
BCLAF1,HepG2,chr21:37486464:T:C,0,0,0.22857916355133057,modal,cuda,PPIL4:K562
BCLAF1,HepG2,chr21:37486464:T:G,1,0,1.6081687211990356,modal,cuda,PPIL4:K562
BCLAF1,HepG2,chr21:37505276:C:T,0,0,-0.9181361794471741,modal,cuda,PPIL4:K562
BCLAF1,HepG2,chr21:37505280:C:G,1,0,-0.7344452142715454,modal,cuda,PPIL4:K562
BCLAF1,HepG2,chr21:39213562:C:G,0,0,-0.7262605428695679,modal,cuda,PPIL4:K562
BCLAF1,HepG2,chr21:39293802:C:G,0,0,0.837822675704956,modal,cuda,PPIL4:K562
BCLAF1,HepG2,chr21:46251526:C:A,1,0,0.33718550205230713,modal,cuda,PPIL4:K562
BCLAF1,HepG2,chr21:46334436:C:T,1,0,1.8774909973144531,modal,cuda,PPIL4:K562
BCLAF1,HepG2,chr22:21964299:G:A,0,3,-0.7688539028167725,modal,cuda,PPIL4:K562
BCLAF1,HepG2,chr22:21971869:A:G,0,3,0.1530141830444336,modal,cuda,PPIL4:K562
BCLAF1,HepG2,chr22:24321443:C:T,0,3,-0.3649231195449829,modal,cuda,PPIL4:K562
BCLAF1,HepG2,chr22:24322011:A:G,0,3,0.07065939903259277,modal,cuda,PPIL4:K562
BCLAF1,HepG2,chr22:24322309:T:G,0,3,0.15990149974822998,modal,cuda,PPIL4:K562
BCLAF1,HepG2,chr22:24322709:A:C,0,3,-0.25797224044799805,modal,cuda,PPIL4:K562
BCLAF1,HepG2,chr22:24338420:G:A,0,3,0.10260705649852753,modal,cuda,PPIL4:K562
BCLAF1,HepG2,chr22:26479280:G:C,1,3,-1.3236364126205444,modal,cuda,PPIL4:K562
BCLAF1,HepG2,chr22:28724966:A:G,0,3,0.502047061920166,modal,cuda,PPIL4:K562
BCLAF1,HepG2,chr22:28724980:T:A,1,3,1.8531196117401123,modal,cuda,PPIL4:K562
BCLAF1,HepG2,chr22:28724986:T:A,1,3,0.8814860582351685,modal,cuda,PPIL4:K562
BCLAF1,HepG2,chr22:28724994:G:C,1,3,2.1531243324279785,modal,cuda,PPIL4:K562
BCLAF1,HepG2,chr22:28724994:G:T,1,3,2.2233853340148926,modal,cuda,PPIL4:K562
BCLAF1,HepG2,chr22:28724999:T:G,0,3,0.3078864812850952,modal,cuda,PPIL4:K562
BCLAF1,HepG2,chr22:28725021:A:T,1,3,2.5202391147613525,modal,cuda,PPIL4:K562
BCLAF1,HepG2,chr22:28725022:A:G,0,3,-0.32393980026245117,modal,cuda,PPIL4:K562
BCLAF1,HepG2,chr22:28725029:G:C,0,3,0.821155846118927,modal,cuda,PPIL4:K562
BCLAF1,HepG2,chr22:28725040:T:A,1,3,1.6873419284820557,modal,cuda,PPIL4:K562
BCLAF1,HepG2,chr22:28725052:C:A,1,3,2.713369369506836,modal,cuda,PPIL4:K562
BCLAF1,HepG2,chr22:28725068:T:C,0,3,1.5095592737197876,modal,cuda,PPIL4:K562
BCLAF1,HepG2,chr22:28725083:A:G,0,3,0.8770049214363098,modal,cuda,PPIL4:K562
BCLAF1,HepG2,chr22:28725092:G:T,1,3,2.354800224304199,modal,cuda,PPIL4:K562
BCLAF1,HepG2,chr22:28725101:G:T,1,3,2.4132189750671387,modal,cuda,PPIL4:K562
BCLAF1,HepG2,chr22:28725104:A:T,0,3,2.5158278942108154,modal,cuda,PPIL4:K562
BCLAF1,HepG2,chr22:29292471:C:G,0,3,0.3874819278717041,modal,cuda,PPIL4:K562
BCLAF1,HepG2,chr22:36300109:G:A,0,3,-0.4869699478149414,modal,cuda,PPIL4:K562
BCLAF1,HepG2,chr22:40265320:C:T,1,3,2.3951570987701416,modal,cuda,PPIL4:K562
BCLAF1,HepG2,chr22:40266980:G:C,0,3,0.2860463857650757,modal,cuda,PPIL4:K562
BCLAF1,HepG2,chr22:40278049:G:C,1,3,0.3086356520652771,modal,cuda,PPIL4:K562
BCLAF1,HepG2,chr22:41141036:A:G,1,3,0.33986449241638184,modal,cuda,PPIL4:K562
BCLAF1,HepG2,chr22:41141230:G:T,0,3,-1.0833641290664673,modal,cuda,PPIL4:K562
BCLAF1,HepG2,chr22:41157156:C:T,0,3,-0.24409079551696777,modal,cuda,PPIL4:K562
BCLAF1,HepG2,chr22:41164133:A:G,0,3,-0.3388407230377197,modal,cuda,PPIL4:K562
BCLAF1,HepG2,chr22:41168704:C:A,0,3,-1.1595948934555054,modal,cuda,PPIL4:K562
BCLAF1,HepG2,chr22:41168712:A:G,1,3,-0.23609304428100586,modal,cuda,PPIL4:K562
BCLAF1,HepG2,chr22:41170591:C:T,0,3,0.33507323265075684,modal,cuda,PPIL4:K562
BCLAF1,HepG2,chr22:41173605:C:T,0,3,-0.5444800853729248,modal,cuda,PPIL4:K562
BCLAF1,HepG2,chr22:41209772:G:C,0,3,-0.07969808578491211,modal,cuda,PPIL4:K562
BCLAF1,HepG2,chr22:41647092:G:A,0,3,0.15613025426864624,modal,cuda,PPIL4:K562
BCLAF1,HepG2,chr22:46350347:C:T,1,3,-0.6109540462493896,modal,cuda,PPIL4:K562
BCLAF1,HepG2,chr22:46350364:C:T,0,3,-0.11732404679059982,modal,cuda,PPIL4:K562
BCLAF1,HepG2,chr22:50224499:G:A,0,3,0.7563608884811401,modal,cuda,PPIL4:K562
BCLAF1,HepG2,chr22:50579755:C:A,1,3,1.5966038703918457,modal,cuda,PPIL4:K562
BCLAF1,HepG2,chr22:50579976:G:A,1,3,-0.7951031923294067,modal,cuda,PPIL4:K562
BCLAF1,HepG2,chr22:50579979:G:A,1,3,0.4087844491004944,modal,cuda,PPIL4:K562
BCLAF1,HepG2,chr2:101006165:C:A,0,4,1.1742641925811768,modal,cuda,PPIL4:K562
BCLAF1,HepG2,chr2:101011463:C:T,0,4,1.18934166431427,modal,cuda,PPIL4:K562
BCLAF1,HepG2,chr2:101054214:G:A,0,4,-0.38054296374320984,modal,cuda,PPIL4:K562
BCLAF1,HepG2,chr2:101831730:G:A,1,4,1.1563951969146729,modal,cuda,PPIL4:K562
BCLAF1,HepG2,chr2:101831841:A:G,1,4,-0.3374142646789551,modal,cuda,PPIL4:K562
BCLAF1,HepG2,chr2:101844282:C:T,1,4,-0.5084410905838013,modal,cuda,PPIL4:K562
BCLAF1,HepG2,chr2:101887813:C:T,0,4,0.3784935474395752,modal,cuda,PPIL4:K562
BCLAF1,HepG2,chr2:108452435:C:G,0,4,0.4756886959075928,modal,cuda,PPIL4:K562
BCLAF1,HepG2,chr2:108470358:A:G,0,4,0.13584303855895996,modal,cuda,PPIL4:K562
BCLAF1,HepG2,chr2:108483075:C:G,0,4,0.13150787353515625,modal,cuda,PPIL4:K562
BCLAF1,HepG2,chr2:108752009:A:G,0,4,0.39659738540649414,modal,cuda,PPIL4:K562
BCLAF1,HepG2,chr2:111825773:T:C,0,4,0.9906721115112305,modal,cuda,PPIL4:K562
BCLAF1,HepG2,chr2:11193868:T:G,0,4,-0.7078062295913696,modal,cuda,PPIL4:K562
BCLAF1,HepG2,chr2:111945070:C:T,0,4,-0.33048295974731445,modal,cuda,PPIL4:K562
BCLAF1,HepG2,chr2:11201419:T:C,0,4,-0.24317246675491333,modal,cuda,PPIL4:K562
BCLAF1,HepG2,chr2:112550841:A:T,0,4,-1.4156821966171265,modal,cuda,PPIL4:K562
BCLAF1,HepG2,chr2:112752314:T:C,0,4,-0.37274622917175293,modal,cuda,PPIL4:K562
BCLAF1,HepG2,chr2:11771503:C:T,0,4,0.42281949520111084,modal,cuda,PPIL4:K562
BCLAF1,HepG2,chr2:11771635:C:T,0,4,-0.3315293490886688,modal,cuda,PPIL4:K562
BCLAF1,HepG2,chr2:117821760:C:G,0,4,-0.3627570867538452,modal,cuda,PPIL4:K562
BCLAF1,HepG2,chr2:119946590:G:T,0,4,0.45964372158050537,modal,cuda,PPIL4:K562
BCLAF1,HepG2,chr2:128129068:G:A,0,4,-1.118850588798523,modal,cuda,PPIL4:K562
BCLAF1,HepG2,chr2:128155519:T:C,1,4,-0.8767505884170532,modal,cuda,PPIL4:K562
BCLAF1,HepG2,chr2:128170312:A:T,0,4,-0.45261669158935547,modal,cuda,PPIL4:K562
BCLAF1,HepG2,chr2:128177917:A:G,0,4,-1.2437410354614258,modal,cuda,PPIL4:K562
BCLAF1,HepG2,chr2:128178569:G:A,1,4,0.8604201078414917,modal,cuda,PPIL4:K562
BCLAF1,HepG2,chr2:128187578:C:T,0,4,-0.11706534028053284,modal,cuda,PPIL4:K562
BCLAF1,HepG2,chr2:128187595:A:G,0,4,-0.8949693441390991,modal,cuda,PPIL4:K562
BCLAF1,HepG2,chr2:128187608:C:T,1,4,1.0789108276367188,modal,cuda,PPIL4:K562
BCLAF1,HepG2,chr2:135090993:T:G,1,4,1.7208722829818726,modal,cuda,PPIL4:K562
BCLAF1,HepG2,chr2:135164720:C:A,0,4,-0.3705167770385742,modal,cuda,PPIL4:K562
BCLAF1,HepG2,chr2:135979383:C:T,0,4,1.3708155155181885,modal,cuda,PPIL4:K562
BCLAF1,HepG2,chr2:142960779:G:A,0,4,0.29254570603370667,modal,cuda,PPIL4:K562
BCLAF1,HepG2,chr2:147972798:G:C,0,4,-0.613567590713501,modal,cuda,PPIL4:K562
BCLAF1,HepG2,chr2:147975958:T:C,1,4,-0.9955371618270874,modal,cuda,PPIL4:K562
BCLAF1,HepG2,chr2:148342233:A:T,0,4,2.0853171348571777,modal,cuda,PPIL4:K562
BCLAF1,HepG2,chr2:15394305:G:T,1,4,-1.3063910007476807,modal,cuda,PPIL4:K562
BCLAF1,HepG2,chr2:15402193:C:A,1,4,1.0634739398956299,modal,cuda,PPIL4:K562
BCLAF1,HepG2,chr2:15402213:C:G,0,4,-0.17695903778076172,modal,cuda,PPIL4:K562
BCLAF1,HepG2,chr2:15402228:C:T,0,4,0.6228935718536377,modal,cuda,PPIL4:K562
BCLAF1,HepG2,chr2:15402229:G:A,1,4,1.2762813568115234,modal,cuda,PPIL4:K562
BCLAF1,HepG2,chr2:15415617:C:A,1,4,1.7149913311004639,modal,cuda,PPIL4:K562
BCLAF1,HepG2,chr2:15415638:C:G,0,4,-0.38687825202941895,modal,cuda,PPIL4:K562
BCLAF1,HepG2,chr2:15415656:C:A,1,4,-2.289903163909912,modal,cuda,PPIL4:K562
BCLAF1,HepG2,chr2:15415681:C:T,1,4,-0.9323277473449707,modal,cuda,PPIL4:K562
BCLAF1,HepG2,chr2:15415708:A:G,0,4,-0.8565037250518799,modal,cuda,PPIL4:K562
BCLAF1,HepG2,chr2:15461759:C:T,0,4,0.3985120356082916,modal,cuda,PPIL4:K562
BCLAF1,HepG2,chr2:15461781:C:G,0,4,-0.9642530679702759,modal,cuda,PPIL4:K562
BCLAF1,HepG2,chr2:15467346:G:A,1,4,2.365537405014038,modal,cuda,PPIL4:K562
BCLAF1,HepG2,chr2:15467394:G:A,1,4,1.620929479598999,modal,cuda,PPIL4:K562
BCLAF1,HepG2,chr2:15467665:T:A,1,4,1.5031911134719849,modal,cuda,PPIL4:K562
BCLAF1,HepG2,chr2:15467683:T:A,1,4,1.6365573406219482,modal,cuda,PPIL4:K562
BCLAF1,HepG2,chr2:15468401:T:A,1,4,0.7952115535736084,modal,cuda,PPIL4:K562
BCLAF1,HepG2,chr2:15468413:A:G,0,4,0.4841834604740143,modal,cuda,PPIL4:K562
BCLAF1,HepG2,chr2:15468449:G:A,1,4,4.618278503417969,modal,cuda,PPIL4:K562
BCLAF1,HepG2,chr2:15473333:C:T,0,4,0.13037729263305664,modal,cuda,PPIL4:K562
BCLAF1,HepG2,chr2:15473336:T:C,0,4,-0.6293693780899048,modal,cuda,PPIL4:K562
BCLAF1,HepG2,chr2:15474138:G:A,1,4,-1.2242896556854248,modal,cuda,PPIL4:K562
BCLAF1,HepG2,chr2:15474280:T:C,0,4,0.2843841314315796,modal,cuda,PPIL4:K562
BCLAF1,HepG2,chr2:15474295:A:C,0,4,-1.1414613723754883,modal,cuda,PPIL4:K562
BCLAF1,HepG2,chr2:15504147:G:A,1,4,-1.1993825435638428,modal,cuda,PPIL4:K562
BCLAF1,HepG2,chr2:15504166:G:C,1,4,-1.841536521911621,modal,cuda,PPIL4:K562
BCLAF1,HepG2,chr2:15504208:C:T,0,4,0.407611608505249,modal,cuda,PPIL4:K562
BCLAF1,HepG2,chr2:15511306:G:C,1,4,1.2929446697235107,modal,cuda,PPIL4:K562
BCLAF1,HepG2,chr2:15534554:G:A,0,4,0.46970605850219727,modal,cuda,PPIL4:K562
BCLAF1,HepG2,chr2:15534562:T:C,0,4,0.580008864402771,modal,cuda,PPIL4:K562
BCLAF1,HepG2,chr2:15534565:C:T,0,4,0.2119002342224121,modal,cuda,PPIL4:K562
BCLAF1,HepG2,chr2:15534578:A:G,0,4,-0.5757761001586914,modal,cuda,PPIL4:K562
BCLAF1,HepG2,chr2:15534655:G:A,0,4,-1.9416751861572266,modal,cuda,PPIL4:K562
BCLAF1,HepG2,chr2:15536446:G:A,1,4,-0.821176290512085,modal,cuda,PPIL4:K562
BCLAF1,HepG2,chr2:15539332:C:T,1,4,-1.6724046468734741,modal,cuda,PPIL4:K562
BCLAF1,HepG2,chr2:15551480:T:C,0,4,-0.7261528968811035,modal,cuda,PPIL4:K562
BCLAF1,HepG2,chr2:15553414:A:C,0,4,-0.6972198486328125,modal,cuda,PPIL4:K562
BCLAF1,HepG2,chr2:15553470:A:T,0,4,-0.6421899795532227,modal,cuda,PPIL4:K562
BCLAF1,HepG2,chr2:15553484:G:C,0,4,1.1508009433746338,modal,cuda,PPIL4:K562
BCLAF1,HepG2,chr2:15554052:C:G,0,4,-0.8916069269180298,modal,cuda,PPIL4:K562
BCLAF1,HepG2,chr2:15554053:T:C,0,4,0.23322343826293945,modal,cuda,PPIL4:K562
BCLAF1,HepG2,chr2:159163390:C:T,0,4,1.1122777462005615,modal,cuda,PPIL4:K562
BCLAF1,HepG2,chr2:159439221:C:T,0,4,0.632037878036499,modal,cuda,PPIL4:K562
BCLAF1,HepG2,chr2:162008558:A:G,0,4,-0.528570294380188,modal,cuda,PPIL4:K562
BCLAF1,HepG2,chr2:162009238:C:T,0,4,2.4474573135375977,modal,cuda,PPIL4:K562
BCLAF1,HepG2,chr2:165898670:A:G,0,4,-0.7460838556289673,modal,cuda,PPIL4:K562
BCLAF1,HepG2,chr2:165907803:T:G,0,4,-2.518231153488159,modal,cuda,PPIL4:K562
BCLAF1,HepG2,chr2:165913561:T:C,0,4,-0.9354991912841797,modal,cuda,PPIL4:K562
BCLAF1,HepG2,chr2:165929627:G:C,0,4,0.8041650056838989,modal,cuda,PPIL4:K562
BCLAF1,HepG2,chr2:165998033:C:T,1,4,-0.80902099609375,modal,cuda,PPIL4:K562
BCLAF1,HepG2,chr2:165998040:T:A,1,4,-2.3607308864593506,modal,cuda,PPIL4:K562
BCLAF1,HepG2,chr2:165998047:C:G,1,4,-0.48616862297058105,modal,cuda,PPIL4:K562
BCLAF1,HepG2,chr2:165998049:G:T,1,4,1.340761423110962,modal,cuda,PPIL4:K562
BCLAF1,HepG2,chr2:165998061:T:C,1,4,2.4482452869415283,modal,cuda,PPIL4:K562
BCLAF1,HepG2,chr2:165998065:T:C,1,4,1.6857572793960571,modal,cuda,PPIL4:K562
BCLAF1,HepG2,chr2:165998069:A:T,1,4,2.173027992248535,modal,cuda,PPIL4:K562
BCLAF1,HepG2,chr2:165998075:C:A,1,4,-1.1111023426055908,modal,cuda,PPIL4:K562
BCLAF1,HepG2,chr2:165998086:G:T,1,4,-1.0068531036376953,modal,cuda,PPIL4:K562
BCLAF1,HepG2,chr2:165998087:T:C,1,4,0.605009913444519,modal,cuda,PPIL4:K562
BCLAF1,HepG2,chr2:165998091:A:C,1,4,0.45803213119506836,modal,cuda,PPIL4:K562
BCLAF1,HepG2,chr2:165998096:A:G,1,4,0.279455304145813,modal,cuda,PPIL4:K562
BCLAF1,HepG2,chr2:165998099:A:G,1,4,-0.2510662078857422,modal,cuda,PPIL4:K562
BCLAF1,HepG2,chr2:165998102:G:A,1,4,-0.2859596014022827,modal,cuda,PPIL4:K562
BCLAF1,HepG2,chr2:165998121:T:C,0,4,-0.20367050170898438,modal,cuda,PPIL4:K562
BCLAF1,HepG2,chr2:165998124:C:G,0,4,-1.1402729749679565,modal,cuda,PPIL4:K562
BCLAF1,HepG2,chr2:165998127:A:G,1,4,0.13888216018676758,modal,cuda,PPIL4:K562
BCLAF1,HepG2,chr2:165998128:G:C,1,4,-1.3666529655456543,modal,cuda,PPIL4:K562
BCLAF1,HepG2,chr2:165998130:A:G,1,4,1.2907859086990356,modal,cuda,PPIL4:K562
BCLAF1,HepG2,chr2:165998134:A:T,1,4,-2.2174131870269775,modal,cuda,PPIL4:K562
BCLAF1,HepG2,chr2:165998140:G:T,1,4,0.7004508972167969,modal,cuda,PPIL4:K562
BCLAF1,HepG2,chr2:165998154:C:T,1,4,-0.34730052947998047,modal,cuda,PPIL4:K562
BCLAF1,HepG2,chr2:165998155:A:C,1,4,-1.7310175895690918,modal,cuda,PPIL4:K562
BCLAF1,HepG2,chr2:165998156:T:C,1,4,-0.9338656663894653,modal,cuda,PPIL4:K562
BCLAF1,HepG2,chr2:165998163:G:C,1,4,0.6517717838287354,modal,cuda,PPIL4:K562
BCLAF1,HepG2,chr2:165998163:G:T,1,4,-0.3954765796661377,modal,cuda,PPIL4:K562
BCLAF1,HepG2,chr2:165998166:G:A,1,4,-0.9149558544158936,modal,cuda,PPIL4:K562
BCLAF1,HepG2,chr2:165999718:C:A,1,4,2.6636910438537598,modal,cuda,PPIL4:K562
BCLAF1,HepG2,chr2:165999719:T:G,1,4,-2.6889777183532715,modal,cuda,PPIL4:K562
BCLAF1,HepG2,chr2:165999728:T:A,1,4,-1.5927302837371826,modal,cuda,PPIL4:K562
BCLAF1,HepG2,chr2:165999730:G:T,1,4,-0.38922834396362305,modal,cuda,PPIL4:K562
BCLAF1,HepG2,chr2:165999733:T:C,1,4,0.4877755641937256,modal,cuda,PPIL4:K562
BCLAF1,HepG2,chr2:165999743:C:T,1,4,-1.171614408493042,modal,cuda,PPIL4:K562
BCLAF1,HepG2,chr2:165999759:C:T,1,4,0.8145396709442139,modal,cuda,PPIL4:K562
BCLAF1,HepG2,chr2:165999760:C:T,1,4,0.907524585723877,modal,cuda,PPIL4:K562
BCLAF1,HepG2,chr2:165999764:C:G,1,4,-0.6482639312744141,modal,cuda,PPIL4:K562
BCLAF1,HepG2,chr2:165999766:T:A,1,4,0.581519603729248,modal,cuda,PPIL4:K562
BCLAF1,HepG2,chr2:165999769:A:G,1,4,-0.9704809188842773,modal,cuda,PPIL4:K562
BCLAF1,HepG2,chr2:165999775:G:A,1,4,2.3590173721313477,modal,cuda,PPIL4:K562
BCLAF1,HepG2,chr2:165999776:C:T,1,4,-4.5848894119262695,modal,cuda,PPIL4:K562
BCLAF1,HepG2,chr2:166009771:G:C,1,4,-0.7662383317947388,modal,cuda,PPIL4:K562
BCLAF1,HepG2,chr2:166009784:T:A,1,4,1.0563040971755981,modal,cuda,PPIL4:K562
BCLAF1,HepG2,chr2:166009792:C:T,1,4,0.3922692537307739,modal,cuda,PPIL4:K562
BCLAF1,HepG2,chr2:166009795:A:T,1,4,1.2597562074661255,modal,cuda,PPIL4:K562
BCLAF1,HepG2,chr2:166009801:G:C,1,4,-0.8615219593048096,modal,cuda,PPIL4:K562
BCLAF1,HepG2,chr2:166009822:G:C,1,4,-3.1225483417510986,modal,cuda,PPIL4:K562
BCLAF1,HepG2,chr2:166009837:G:C,1,4,-1.3015516996383667,modal,cuda,PPIL4:K562
BCLAF1,HepG2,chr2:166013834:C:T,1,4,-0.5362752079963684,modal,cuda,PPIL4:K562
BCLAF1,HepG2,chr2:166013835:C:T,1,4,-1.4677547216415405,modal,cuda,PPIL4:K562
BCLAF1,HepG2,chr2:166013837:C:T,1,4,-2.2367279529571533,modal,cuda,PPIL4:K562
BCLAF1,HepG2,chr2:166013838:C:T,1,4,-2.434835910797119,modal,cuda,PPIL4:K562
BCLAF1,HepG2,chr2:166013839:A:G,1,4,0.6369109153747559,modal,cuda,PPIL4:K562
BCLAF1,HepG2,chr2:166013842:G:A,1,4,-0.5153968334197998,modal,cuda,PPIL4:K562
BCLAF1,HepG2,chr2:166013873:A:T,1,4,1.3423556089401245,modal,cuda,PPIL4:K562
BCLAF1,HepG2,chr2:166015596:C:A,0,4,0.8720231056213379,modal,cuda,PPIL4:K562
BCLAF1,HepG2,chr2:166015631:C:A,1,4,2.0510547161102295,modal,cuda,PPIL4:K562
BCLAF1,HepG2,chr2:166015640:C:A,1,4,2.40966796875,modal,cuda,PPIL4:K562
BCLAF1,HepG2,chr2:166036043:C:T,1,4,0.5941708087921143,modal,cuda,PPIL4:K562
BCLAF1,HepG2,chr2:166036070:G:T,1,4,-0.5900421142578125,modal,cuda,PPIL4:K562
BCLAF1,HepG2,chr2:166036074:C:A,1,4,2.75577974319458,modal,cuda,PPIL4:K562
BCLAF1,HepG2,chr2:166036097:A:C,1,4,-1.2421048879623413,modal,cuda,PPIL4:K562
BCLAF1,HepG2,chr2:166036278:C:T,0,4,0.5884978771209717,modal,cuda,PPIL4:K562
BCLAF1,HepG2,chr2:166036294:A:T,1,4,1.894219160079956,modal,cuda,PPIL4:K562
BCLAF1,HepG2,chr2:166036305:T:A,1,4,-1.231494426727295,modal,cuda,PPIL4:K562
BCLAF1,HepG2,chr2:166036338:C:A,1,4,-3.714466094970703,modal,cuda,PPIL4:K562
BCLAF1,HepG2,chr2:166036353:G:A,1,4,-0.8966736793518066,modal,cuda,PPIL4:K562
BCLAF1,HepG2,chr2:166036371:G:A,1,4,2.212851047515869,modal,cuda,PPIL4:K562
BCLAF1,HepG2,chr2:166036374:G:A,1,4,1.3718903064727783,modal,cuda,PPIL4:K562
BCLAF1,HepG2,chr2:166036383:C:A,1,4,2.591592788696289,modal,cuda,PPIL4:K562
BCLAF1,HepG2,chr2:166036384:A:T,1,4,1.8031375408172607,modal,cuda,PPIL4:K562
BCLAF1,HepG2,chr2:166036494:A:G,1,4,-0.8497496843338013,modal,cuda,PPIL4:K562
BCLAF1,HepG2,chr2:166036503:G:T,1,4,0.55023193359375,modal,cuda,PPIL4:K562
BCLAF1,HepG2,chr2:166036516:A:T,1,4,-1.2405335903167725,modal,cuda,PPIL4:K562
BCLAF1,HepG2,chr2:166036521:G:A,1,4,-0.6446104049682617,modal,cuda,PPIL4:K562
BCLAF1,HepG2,chr2:166036521:G:C,1,4,-0.47509443759918213,modal,cuda,PPIL4:K562
BCLAF1,HepG2,chr2:166036526:A:G,1,4,-0.4154820442199707,modal,cuda,PPIL4:K562
BCLAF1,HepG2,chr2:166036527:G:C,1,4,-0.7017741203308105,modal,cuda,PPIL4:K562
BCLAF1,HepG2,chr2:166041354:A:G,0,4,0.4459000825881958,modal,cuda,PPIL4:K562
BCLAF1,HepG2,chr2:166041374:T:G,1,4,2.9769515991210938,modal,cuda,PPIL4:K562
BCLAF1,HepG2,chr2:166041380:T:A,1,4,3.8902268409729004,modal,cuda,PPIL4:K562
BCLAF1,HepG2,chr2:166041382:A:C,1,4,-0.6479599475860596,modal,cuda,PPIL4:K562
BCLAF1,HepG2,chr2:166041385:C:A,1,4,1.085294485092163,modal,cuda,PPIL4:K562
BCLAF1,HepG2,chr2:166041385:C:T,1,4,-1.250596284866333,modal,cuda,PPIL4:K562
BCLAF1,HepG2,chr2:166041387:A:C,1,4,3.1920976638793945,modal,cuda,PPIL4:K562
BCLAF1,HepG2,chr2:166041402:C:T,1,4,-0.7625222206115723,modal,cuda,PPIL4:K562
BCLAF1,HepG2,chr2:166041403:C:T,1,4,-0.30431413650512695,modal,cuda,PPIL4:K562
BCLAF1,HepG2,chr2:166041429:A:C,1,4,1.686206340789795,modal,cuda,PPIL4:K562
BCLAF1,HepG2,chr2:166041432:C:T,1,4,-0.8401350975036621,modal,cuda,PPIL4:K562
BCLAF1,HepG2,chr2:166041433:C:A,1,4,1.7037420272827148,modal,cuda,PPIL4:K562
BCLAF1,HepG2,chr2:166041433:C:T,1,4,-0.8204514980316162,modal,cuda,PPIL4:K562
BCLAF1,HepG2,chr2:166041452:G:A,1,4,-0.9927297830581665,modal,cuda,PPIL4:K562
BCLAF1,HepG2,chr2:166041479:G:A,0,4,-0.43337321281433105,modal,cuda,PPIL4:K562
BCLAF1,HepG2,chr2:166042275:T:C,0,4,0.6886438131332397,modal,cuda,PPIL4:K562
BCLAF1,HepG2,chr2:166042289:A:T,1,4,-1.370638132095337,modal,cuda,PPIL4:K562
BCLAF1,HepG2,chr2:166042292:C:A,1,4,0.9037790298461914,modal,cuda,PPIL4:K562
BCLAF1,HepG2,chr2:166042295:C:A,1,4,0.7190994024276733,modal,cuda,PPIL4:K562
BCLAF1,HepG2,chr2:166042334:G:A,1,4,1.5369012355804443,modal,cuda,PPIL4:K562
BCLAF1,HepG2,chr2:166042337:G:A,1,4,0.8054770231246948,modal,cuda,PPIL4:K562
BCLAF1,HepG2,chr2:166043742:G:A,1,4,2.2138073444366455,modal,cuda,PPIL4:K562
BCLAF1,HepG2,chr2:166043754:A:T,1,4,-2.3663511276245117,modal,cuda,PPIL4:K562
BCLAF1,HepG2,chr2:166043829:G:T,1,4,-3.280211925506592,modal,cuda,PPIL4:K562
BCLAF1,HepG2,chr2:166043836:T:C,1,4,-1.157334566116333,modal,cuda,PPIL4:K562
BCLAF1,HepG2,chr2:166043864:C:G,1,4,0.6503796577453613,modal,cuda,PPIL4:K562
BCLAF1,HepG2,chr2:166043869:C:A,1,4,-1.0299072265625,modal,cuda,PPIL4:K562
BCLAF1,HepG2,chr2:166043875:G:A,1,4,-1.2268234491348267,modal,cuda,PPIL4:K562
BCLAF1,HepG2,chr2:166043878:G:A,1,4,-1.3990572690963745,modal,cuda,PPIL4:K562
BCLAF1,HepG2,chr2:166043908:C:A,1,4,1.2621904611587524,modal,cuda,PPIL4:K562
BCLAF1,HepG2,chr2:166043974:G:A,1,4,1.6102442741394043,modal,cuda,PPIL4:K562
BCLAF1,HepG2,chr2:166044010:G:A,1,4,-2.4967212677001953,modal,cuda,PPIL4:K562
BCLAF1,HepG2,chr2:166045043:C:G,1,4,1.8621031045913696,modal,cuda,PPIL4:K562
BCLAF1,HepG2,chr2:166045043:C:T,1,4,-2.9748611450195312,modal,cuda,PPIL4:K562
BCLAF1,HepG2,chr2:166045070:A:C,1,4,-3.8370418548583984,modal,cuda,PPIL4:K562
BCLAF1,HepG2,chr2:166045070:A:T,1,4,-2.916978597640991,modal,cuda,PPIL4:K562
BCLAF1,HepG2,chr2:166045081:G:A,1,4,-1.9871128797531128,modal,cuda,PPIL4:K562
BCLAF1,HepG2,chr2:166045144:G:A,1,4,2.3938779830932617,modal,cuda,PPIL4:K562
BCLAF1,HepG2,chr2:166045151:A:C,0,4,-0.3176743984222412,modal,cuda,PPIL4:K562
BCLAF1,HepG2,chr2:166046760:G:A,0,4,0.07772889733314514,modal,cuda,PPIL4:K562
BCLAF1,HepG2,chr2:166046793:T:A,1,4,-0.4913881719112396,modal,cuda,PPIL4:K562
BCLAF1,HepG2,chr2:166046799:G:A,1,4,-0.43809008598327637,modal,cuda,PPIL4:K562
BCLAF1,HepG2,chr2:166046802:C:A,1,4,0.6480269432067871,modal,cuda,PPIL4:K562
BCLAF1,HepG2,chr2:166046814:G:A,1,4,-0.5726770758628845,modal,cuda,PPIL4:K562
BCLAF1,HepG2,chr2:166046820:C:A,1,4,1.7518231868743896,modal,cuda,PPIL4:K562
BCLAF1,HepG2,chr2:166046832:G:A,1,4,1.1112356185913086,modal,cuda,PPIL4:K562
BCLAF1,HepG2,chr2:166046841:C:A,1,4,1.38507080078125,modal,cuda,PPIL4:K562
BCLAF1,HepG2,chr2:166046862:G:A,1,4,1.227799654006958,modal,cuda,PPIL4:K562
BCLAF1,HepG2,chr2:166046862:G:T,1,4,0.895247220993042,modal,cuda,PPIL4:K562
BCLAF1,HepG2,chr2:166046869:G:C,1,4,1.0017306804656982,modal,cuda,PPIL4:K562
BCLAF1,HepG2,chr2:166046869:G:T,1,4,-1.113853096961975,modal,cuda,PPIL4:K562
BCLAF1,HepG2,chr2:166046871:A:G,1,4,-1.153941035270691,modal,cuda,PPIL4:K562
BCLAF1,HepG2,chr2:166046882:A:G,1,4,-0.8882113695144653,modal,cuda,PPIL4:K562
BCLAF1,HepG2,chr2:166046883:C:A,1,4,-0.5382497310638428,modal,cuda,PPIL4:K562
BCLAF1,HepG2,chr2:166046899:A:C,1,4,0.08813810348510742,modal,cuda,PPIL4:K562
BCLAF1,HepG2,chr2:166046899:A:T,1,4,-0.4728069305419922,modal,cuda,PPIL4:K562
BCLAF1,HepG2,chr2:166046910:A:T,1,4,-1.4154725074768066,modal,cuda,PPIL4:K562
BCLAF1,HepG2,chr2:166046913:A:C,1,4,-0.3931403160095215,modal,cuda,PPIL4:K562
BCLAF1,HepG2,chr2:166046915:G:A,1,4,-0.07788991928100586,modal,cuda,PPIL4:K562
BCLAF1,HepG2,chr2:166046915:G:T,1,4,0.29866957664489746,modal,cuda,PPIL4:K562
BCLAF1,HepG2,chr2:166046930:A:G,1,4,0.263034462928772,modal,cuda,PPIL4:K562
BCLAF1,HepG2,chr2:166046935:T:C,0,4,0.5249677300453186,modal,cuda,PPIL4:K562
BCLAF1,HepG2,chr2:166046941:A:T,1,4,1.4080374240875244,modal,cuda,PPIL4:K562
BCLAF1,HepG2,chr2:166046948:A:G,1,4,-0.6892911195755005,modal,cuda,PPIL4:K562
BCLAF1,HepG2,chr2:166046948:A:T,1,4,0.4000062942504883,modal,cuda,PPIL4:K562
BCLAF1,HepG2,chr2:166047716:C:A,1,4,-0.466292142868042,modal,cuda,PPIL4:K562
BCLAF1,HepG2,chr2:166047721:T:A,1,4,-0.3996872901916504,modal,cuda,PPIL4:K562
BCLAF1,HepG2,chr2:166047725:G:A,1,4,-0.14523029327392578,modal,cuda,PPIL4:K562
BCLAF1,HepG2,chr2:166047733:C:T,1,4,-0.8742697238922119,modal,cuda,PPIL4:K562
BCLAF1,HepG2,chr2:166047749:T:C,1,4,0.33751749992370605,modal,cuda,PPIL4:K562
BCLAF1,HepG2,chr2:166047750:A:C,1,4,-2.8936901092529297,modal,cuda,PPIL4:K562
BCLAF1,HepG2,chr2:166047750:A:T,1,4,-2.3214569091796875,modal,cuda,PPIL4:K562
BCLAF1,HepG2,chr2:166047751:T:C,1,4,1.2037267684936523,modal,cuda,PPIL4:K562
BCLAF1,HepG2,chr2:166047755:C:A,1,4,2.5700528621673584,modal,cuda,PPIL4:K562
BCLAF1,HepG2,chr2:166047761:G:A,1,4,1.6533983945846558,modal,cuda,PPIL4:K562
BCLAF1,HepG2,chr2:166047763:C:T,1,4,0.9088196158409119,modal,cuda,PPIL4:K562
BCLAF1,HepG2,chr2:166047764:A:G,1,4,-0.6986159682273865,modal,cuda,PPIL4:K562
BCLAF1,HepG2,chr2:166047767:G:A,1,4,0.605880618095398,modal,cuda,PPIL4:K562
BCLAF1,HepG2,chr2:166047780:G:A,0,4,1.3515067100524902,modal,cuda,PPIL4:K562
BCLAF1,HepG2,chr2:166048865:A:G,0,4,0.7786176800727844,modal,cuda,PPIL4:K562
BCLAF1,HepG2,chr2:166048887:C:A,1,4,0.4909489154815674,modal,cuda,PPIL4:K562
BCLAF1,HepG2,chr2:166048887:C:G,1,4,-0.8309650421142578,modal,cuda,PPIL4:K562
BCLAF1,HepG2,chr2:166048889:G:A,1,4,0.3460824489593506,modal,cuda,PPIL4:K562
BCLAF1,HepG2,chr2:166048895:G:A,1,4,0.831863284111023,modal,cuda,PPIL4:K562
BCLAF1,HepG2,chr2:166048895:G:T,1,4,0.6566339731216431,modal,cuda,PPIL4:K562
BCLAF1,HepG2,chr2:166048896:A:G,1,4,-0.9616401791572571,modal,cuda,PPIL4:K562
BCLAF1,HepG2,chr2:166048901:T:C,1,4,-0.4680250883102417,modal,cuda,PPIL4:K562
BCLAF1,HepG2,chr2:166048904:C:G,1,4,-1.3315107822418213,modal,cuda,PPIL4:K562
BCLAF1,HepG2,chr2:166048904:C:T,1,4,-0.7258223295211792,modal,cuda,PPIL4:K562
BCLAF1,HepG2,chr2:166048906:A:T,1,4,-1.7593995332717896,modal,cuda,PPIL4:K562
BCLAF1,HepG2,chr2:166048907:C:T,1,4,0.35202133655548096,modal,cuda,PPIL4:K562
BCLAF1,HepG2,chr2:166048913:A:G,1,4,-1.4633110761642456,modal,cuda,PPIL4:K562
BCLAF1,HepG2,chr2:166048932:C:A,1,4,-1.2294878959655762,modal,cuda,PPIL4:K562
BCLAF1,HepG2,chr2:166048940:T:C,1,4,-1.485095739364624,modal,cuda,PPIL4:K562
BCLAF1,HepG2,chr2:166048944:G:T,1,4,0.41046571731567383,modal,cuda,PPIL4:K562
BCLAF1,HepG2,chr2:166048945:A:C,1,4,-1.2388026714324951,modal,cuda,PPIL4:K562
BCLAF1,HepG2,chr2:166048949:C:A,1,4,-2.1217567920684814,modal,cuda,PPIL4:K562
BCLAF1,HepG2,chr2:166048954:T:C,1,4,-1.8499221801757812,modal,cuda,PPIL4:K562
BCLAF1,HepG2,chr2:166051841:G:A,1,4,0.7585153579711914,modal,cuda,PPIL4:K562
BCLAF1,HepG2,chr2:166051841:G:C,1,4,0.21239042282104492,modal,cuda,PPIL4:K562
BCLAF1,HepG2,chr2:166051842:G:A,1,4,-0.45675790309906006,modal,cuda,PPIL4:K562
BCLAF1,HepG2,chr2:166051843:C:T,1,4,1.3961989879608154,modal,cuda,PPIL4:K562
BCLAF1,HepG2,chr2:166051844:C:T,1,4,-0.41312074661254883,modal,cuda,PPIL4:K562
BCLAF1,HepG2,chr2:166051845:A:G,1,4,1.9029710292816162,modal,cuda,PPIL4:K562
BCLAF1,HepG2,chr2:166051848:G:A,1,4,0.551262378692627,modal,cuda,PPIL4:K562
BCLAF1,HepG2,chr2:166051854:A:G,1,4,0.5623217821121216,modal,cuda,PPIL4:K562
BCLAF1,HepG2,chr2:166051855:T:G,1,4,-1.3872331380844116,modal,cuda,PPIL4:K562
BCLAF1,HepG2,chr2:166051857:T:C,1,4,-0.6146985292434692,modal,cuda,PPIL4:K562
BCLAF1,HepG2,chr2:166051857:T:G,1,4,-0.8037775754928589,modal,cuda,PPIL4:K562
BCLAF1,HepG2,chr2:166051871:C:T,1,4,0.6865479946136475,modal,cuda,PPIL4:K562
BCLAF1,HepG2,chr2:166051884:G:A,1,4,0.40769433975219727,modal,cuda,PPIL4:K562
BCLAF1,HepG2,chr2:166051896:G:C,1,4,0.4907255172729492,modal,cuda,PPIL4:K562
BCLAF1,HepG2,chr2:166051928:A:G,1,4,0.056550025939941406,modal,cuda,PPIL4:K562
BCLAF1,HepG2,chr2:166051936:A:C,1,4,-0.21407175064086914,modal,cuda,PPIL4:K562
BCLAF1,HepG2,chr2:166051943:A:G,1,4,0.21845293045043945,modal,cuda,PPIL4:K562
BCLAF1,HepG2,chr2:166051944:G:C,1,4,0.12064051628112793,modal,cuda,PPIL4:K562
BCLAF1,HepG2,chr2:166051955:G:T,1,4,0.40070080757141113,modal,cuda,PPIL4:K562
BCLAF1,HepG2,chr2:166051967:G:A,1,4,0.22562575340270996,modal,cuda,PPIL4:K562
BCLAF1,HepG2,chr2:166051967:G:C,1,4,-0.19762825965881348,modal,cuda,PPIL4:K562
BCLAF1,HepG2,chr2:166051967:G:T,1,4,-0.4963831901550293,modal,cuda,PPIL4:K562
BCLAF1,HepG2,chr2:166051968:C:T,1,4,0.19148707389831543,modal,cuda,PPIL4:K562
BCLAF1,HepG2,chr2:166051970:C:A,1,4,0.650806188583374,modal,cuda,PPIL4:K562
BCLAF1,HepG2,chr2:166051980:T:C,1,4,-0.16773080825805664,modal,cuda,PPIL4:K562
BCLAF1,HepG2,chr2:166051985:A:C,1,4,-0.23646116256713867,modal,cuda,PPIL4:K562
BCLAF1,HepG2,chr2:166052887:A:T,1,4,-1.6800521612167358,modal,cuda,PPIL4:K562
BCLAF1,HepG2,chr2:166052892:G:T,1,4,1.1715900897979736,modal,cuda,PPIL4:K562
BCLAF1,HepG2,chr2:166052896:G:T,1,4,0.8538351058959961,modal,cuda,PPIL4:K562
BCLAF1,HepG2,chr2:166052902:A:C,1,4,1.6893978118896484,modal,cuda,PPIL4:K562
BCLAF1,HepG2,chr2:166052902:A:T,1,4,2.555760622024536,modal,cuda,PPIL4:K562
BCLAF1,HepG2,chr2:166052920:A:G,1,4,-0.7520498037338257,modal,cuda,PPIL4:K562
BCLAF1,HepG2,chr2:166052933:C:A,1,4,-2.1403491497039795,modal,cuda,PPIL4:K562
BCLAF1,HepG2,chr2:166054633:C:G,1,4,-2.021101474761963,modal,cuda,PPIL4:K562
BCLAF1,HepG2,chr2:166054635:T:G,1,4,-1.0450190305709839,modal,cuda,PPIL4:K562
BCLAF1,HepG2,chr2:166054638:G:T,1,4,-0.6110347509384155,modal,cuda,PPIL4:K562
BCLAF1,HepG2,chr2:166054660:C:A,1,4,1.1144616603851318,modal,cuda,PPIL4:K562
BCLAF1,HepG2,chr2:166054665:C:T,1,4,-1.940894603729248,modal,cuda,PPIL4:K562
BCLAF1,HepG2,chr2:166054667:G:C,1,4,-0.5082106590270996,modal,cuda,PPIL4:K562
BCLAF1,HepG2,chr2:166054670:C:T,1,4,-0.5623409748077393,modal,cuda,PPIL4:K562
BCLAF1,HepG2,chr2:166054672:A:G,1,4,-0.36348462104797363,modal,cuda,PPIL4:K562
BCLAF1,HepG2,chr2:166054680:C:G,1,4,-0.49415260553359985,modal,cuda,PPIL4:K562
BCLAF1,HepG2,chr2:166054699:C:A,1,4,-1.6669738292694092,modal,cuda,PPIL4:K562
BCLAF1,HepG2,chr2:166054701:A:T,1,4,-0.8995382785797119,modal,cuda,PPIL4:K562
BCLAF1,HepG2,chr2:166054710:C:A,1,4,0.26606082916259766,modal,cuda,PPIL4:K562
BCLAF1,HepG2,chr2:166054710:C:G,1,4,0.31050825119018555,modal,cuda,PPIL4:K562
BCLAF1,HepG2,chr2:166054710:C:T,1,4,-0.22437715530395508,modal,cuda,PPIL4:K562
BCLAF1,HepG2,chr2:166054716:G:A,1,4,-0.5264477729797363,modal,cuda,PPIL4:K562
BCLAF1,HepG2,chr2:166054723:T:A,1,4,-0.969092607498169,modal,cuda,PPIL4:K562
BCLAF1,HepG2,chr2:166054726:T:A,1,4,-0.9273269176483154,modal,cuda,PPIL4:K562
BCLAF1,HepG2,chr2:166056406:C:T,1,4,-1.4967684745788574,modal,cuda,PPIL4:K562
BCLAF1,HepG2,chr2:166056425:C:T,1,4,-0.35260772705078125,modal,cuda,PPIL4:K562
BCLAF1,HepG2,chr2:166056426:C:T,1,4,0.31894776225090027,modal,cuda,PPIL4:K562
BCLAF1,HepG2,chr2:166056447:G:C,1,4,0.932969868183136,modal,cuda,PPIL4:K562
BCLAF1,HepG2,chr2:166056450:A:G,1,4,0.8778886198997498,modal,cuda,PPIL4:K562
BCLAF1,HepG2,chr2:166056450:A:T,1,4,-2.3755764961242676,modal,cuda,PPIL4:K562
BCLAF1,HepG2,chr2:166056451:T:C,1,4,-1.3951208591461182,modal,cuda,PPIL4:K562
BCLAF1,HepG2,chr2:166056461:G:T,1,4,0.566213846206665,modal,cuda,PPIL4:K562
BCLAF1,HepG2,chr2:166056475:T:G,1,4,-0.47228193283081055,modal,cuda,PPIL4:K562
BCLAF1,HepG2,chr2:166056486:A:G,1,4,0.5772973895072937,modal,cuda,PPIL4:K562
BCLAF1,HepG2,chr2:166056498:A:C,1,4,4.134303092956543,modal,cuda,PPIL4:K562
BCLAF1,HepG2,chr2:166056520:C:G,0,4,0.5899865627288818,modal,cuda,PPIL4:K562
BCLAF1,HepG2,chr2:166058564:G:A,1,4,-1.4518510103225708,modal,cuda,PPIL4:K562
BCLAF1,HepG2,chr2:166058570:G:T,1,4,-1.890686273574829,modal,cuda,PPIL4:K562
BCLAF1,HepG2,chr2:166058573:T:A,1,4,1.1034274101257324,modal,cuda,PPIL4:K562
BCLAF1,HepG2,chr2:166058586:T:A,1,4,1.3185396194458008,modal,cuda,PPIL4:K562
BCLAF1,HepG2,chr2:166058608:A:T,1,4,1.5466067790985107,modal,cuda,PPIL4:K562
BCLAF1,HepG2,chr2:166058615:G:A,1,4,-0.7435662746429443,modal,cuda,PPIL4:K562
BCLAF1,HepG2,chr2:166058616:G:A,1,4,0.4624216556549072,modal,cuda,PPIL4:K562
BCLAF1,HepG2,chr2:166058616:G:T,1,4,0.9184322357177734,modal,cuda,PPIL4:K562
BCLAF1,HepG2,chr2:166058621:A:T,1,4,1.1431446075439453,modal,cuda,PPIL4:K562
BCLAF1,HepG2,chr2:166058626:G:C,1,4,0.6426520347595215,modal,cuda,PPIL4:K562
BCLAF1,HepG2,chr2:166058630:A:G,1,4,0.712040901184082,modal,cuda,PPIL4:K562
BCLAF1,HepG2,chr2:166073353:C:G,1,4,-1.0775806903839111,modal,cuda,PPIL4:K562
BCLAF1,HepG2,chr2:166073370:A:T,1,4,-3.855811357498169,modal,cuda,PPIL4:K562
BCLAF1,HepG2,chr2:166073373:G:C,1,4,-1.2993252277374268,modal,cuda,PPIL4:K562
BCLAF1,HepG2,chr2:166073373:G:T,1,4,-2.8033018112182617,modal,cuda,PPIL4:K562
BCLAF1,HepG2,chr2:166073374:T:C,1,4,-0.6950165033340454,modal,cuda,PPIL4:K562
BCLAF1,HepG2,chr2:166073375:A:C,1,4,-0.9617036581039429,modal,cuda,PPIL4:K562
BCLAF1,HepG2,chr2:166073379:G:T,1,4,0.5001325607299805,modal,cuda,PPIL4:K562
BCLAF1,HepG2,chr2:166073381:C:T,1,4,0.36062729358673096,modal,cuda,PPIL4:K562
BCLAF1,HepG2,chr2:166073386:T:C,1,4,0.911795973777771,modal,cuda,PPIL4:K562
BCLAF1,HepG2,chr2:166073387:C:T,1,4,-0.3773154616355896,modal,cuda,PPIL4:K562
BCLAF1,HepG2,chr2:166073396:G:T,1,4,0.5252335071563721,modal,cuda,PPIL4:K562
BCLAF1,HepG2,chr2:166073402:A:G,1,4,0.5967791080474854,modal,cuda,PPIL4:K562
BCLAF1,HepG2,chr2:166073427:A:C,1,4,1.5325253009796143,modal,cuda,PPIL4:K562
BCLAF1,HepG2,chr2:166073441:G:A,1,4,0.43357598781585693,modal,cuda,PPIL4:K562
BCLAF1,HepG2,chr2:166073615:G:A,1,4,-2.8696024417877197,modal,cuda,PPIL4:K562
BCLAF1,HepG2,chr2:166073619:C:T,1,4,-1.6807796955108643,modal,cuda,PPIL4:K562
BCLAF1,HepG2,chr2:166073620:A:G,1,4,1.8018749952316284,modal,cuda,PPIL4:K562
BCLAF1,HepG2,chr2:166233466:T:C,0,4,0.48056983947753906,modal,cuda,PPIL4:K562
BCLAF1,HepG2,chr2:166280609:G:A,0,4,-1.071283221244812,modal,cuda,PPIL4:K562
BCLAF1,HepG2,chr2:166280610:C:T,0,4,-0.757082462310791,modal,cuda,PPIL4:K562
BCLAF1,HepG2,chr2:166294649:G:T,1,4,0.42694950103759766,modal,cuda,PPIL4:K562
BCLAF1,HepG2,chr2:166305767:G:A,0,4,2.117079257965088,modal,cuda,PPIL4:K562
BCLAF1,HepG2,chr2:166306949:A:C,1,4,-1.8710296154022217,modal,cuda,PPIL4:K562
BCLAF1,HepG2,chr2:169631944:A:G,0,4,0.43898284435272217,modal,cuda,PPIL4:K562
BCLAF1,HepG2,chr2:169824480:C:T,0,4,-0.9928659200668335,modal,cuda,PPIL4:K562
BCLAF1,HepG2,chr2:171473883:A:G,0,4,-0.7364003658294678,modal,cuda,PPIL4:K562
BCLAF1,HepG2,chr2:171473922:T:G,1,4,-1.1154234409332275,modal,cuda,PPIL4:K562
BCLAF1,HepG2,chr2:171473977:T:C,1,4,1.02150559425354,modal,cuda,PPIL4:K562
BCLAF1,HepG2,chr2:171473981:T:G,1,4,1.319372296333313,modal,cuda,PPIL4:K562
BCLAF1,HepG2,chr2:171480198:G:T,1,4,-0.3830118179321289,modal,cuda,PPIL4:K562
BCLAF1,HepG2,chr2:171725602:T:G,0,4,0.5019417405128479,modal,cuda,PPIL4:K562
BCLAF1,HepG2,chr2:173191003:A:G,0,4,0.34803473949432373,modal,cuda,PPIL4:K562
BCLAF1,HepG2,chr2:173363481:G:A,0,4,-0.31746697425842285,modal,cuda,PPIL4:K562
BCLAF1,HepG2,chr2:175093202:G:A,0,4,0.39441394805908203,modal,cuda,PPIL4:K562
BCLAF1,HepG2,chr2:177234146:T:C,0,4,-0.2863779067993164,modal,cuda,PPIL4:K562
BCLAF1,HepG2,chr2:177234189:C:T,0,4,-0.18971467018127441,modal,cuda,PPIL4:K562
BCLAF1,HepG2,chr2:177234190:G:A,0,4,-0.5840991735458374,modal,cuda,PPIL4:K562
BCLAF1,HepG2,chr2:177538058:G:T,0,4,-0.6726229190826416,modal,cuda,PPIL4:K562
BCLAF1,HepG2,chr2:17773154:C:G,0,4,0.3780425786972046,modal,cuda,PPIL4:K562
BCLAF1,HepG2,chr2:186640975:T:A,0,4,-0.8770599365234375,modal,cuda,PPIL4:K562
BCLAF1,HepG2,chr2:187484116:A:G,0,4,0.8327820301055908,modal,cuda,PPIL4:K562
BCLAF1,HepG2,chr2:187496871:A:G,0,4,-1.002753734588623,modal,cuda,PPIL4:K562
BCLAF1,HepG2,chr2:189795777:T:C,0,4,-0.5759251117706299,modal,cuda,PPIL4:K562
BCLAF1,HepG2,chr2:189805681:T:C,0,4,-0.5491321086883545,modal,cuda,PPIL4:K562
BCLAF1,HepG2,chr2:189854875:A:G,0,4,-0.6175673007965088,modal,cuda,PPIL4:K562
BCLAF1,HepG2,chr2:189864116:G:A,0,4,-1.7243201732635498,modal,cuda,PPIL4:K562
BCLAF1,HepG2,chr2:189864224:G:A,0,4,-0.9621251821517944,modal,cuda,PPIL4:K562
BCLAF1,HepG2,chr2:190252143:C:A,0,4,-0.7604931592941284,modal,cuda,PPIL4:K562
BCLAF1,HepG2,chr2:190261141:A:T,0,4,0.5447952747344971,modal,cuda,PPIL4:K562
BCLAF1,HepG2,chr2:190294639:A:C,1,4,0.532944917678833,modal,cuda,PPIL4:K562
BCLAF1,HepG2,chr2:190931645:A:C,0,4,2.019251585006714,modal,cuda,PPIL4:K562
BCLAF1,HepG2,chr2:190985669:C:A,0,4,-3.9805352687835693,modal,cuda,PPIL4:K562
BCLAF1,HepG2,chr2:190991304:T:C,1,4,0.6427518129348755,modal,cuda,PPIL4:K562
BCLAF1,HepG2,chr2:190991307:C:G,1,4,-0.5362598896026611,modal,cuda,PPIL4:K562
BCLAF1,HepG2,chr2:190998020:G:A,0,4,-0.5798184871673584,modal,cuda,PPIL4:K562
BCLAF1,HepG2,chr2:190998023:G:A,0,4,-1.381168246269226,modal,cuda,PPIL4:K562
BCLAF1,HepG2,chr2:191001165:T:G,1,4,-1.8197076320648193,modal,cuda,PPIL4:K562
BCLAF1,HepG2,chr2:196842706:A:G,0,4,0.18936097621917725,modal,cuda,PPIL4:K562
BCLAF1,HepG2,chr2:196875837:T:C,0,4,0.2500724792480469,modal,cuda,PPIL4:K562
BCLAF1,HepG2,chr2:196885478:T:C,1,4,2.3316946029663086,modal,cuda,PPIL4:K562
BCLAF1,HepG2,chr2:196885815:A:G,0,4,-1.061657190322876,modal,cuda,PPIL4:K562
BCLAF1,HepG2,chr2:196902616:A:C,1,4,0.7142230868339539,modal,cuda,PPIL4:K562
BCLAF1,HepG2,chr2:196912997:A:C,0,4,-0.21973872184753418,modal,cuda,PPIL4:K562
BCLAF1,HepG2,chr2:196916468:G:A,1,4,1.7992093563079834,modal,cuda,PPIL4:K562
BCLAF1,HepG2,chr2:197393196:G:A,0,4,0.5416150093078613,modal,cuda,PPIL4:K562
BCLAF1,HepG2,chr2:197416735:A:T,0,4,0.13265275955200195,modal,cuda,PPIL4:K562
BCLAF1,HepG2,chr2:201633304:T:C,0,4,0.5471712946891785,modal,cuda,PPIL4:K562
BCLAF1,HepG2,chr2:201741867:A:G,0,4,0.9180734157562256,modal,cuda,PPIL4:K562
BCLAF1,HepG2,chr2:201754689:G:A,0,4,-0.3131992816925049,modal,cuda,PPIL4:K562
BCLAF1,HepG2,chr2:202542450:A:T,1,4,0.7676167488098145,modal,cuda,PPIL4:K562
BCLAF1,HepG2,chr2:206126692:T:A,0,4,-1.1590994596481323,modal,cuda,PPIL4:K562
BCLAF1,HepG2,chr2:206132921:A:G,0,4,-1.3823529481887817,modal,cuda,PPIL4:K562
BCLAF1,HepG2,chr2:208324127:A:T,0,4,0.544013500213623,modal,cuda,PPIL4:K562
BCLAF1,HepG2,chr2:208324136:A:T,0,4,0.4646354913711548,modal,cuda,PPIL4:K562
BCLAF1,HepG2,chr2:208324294:T:A,0,4,-0.14089488983154297,modal,cuda,PPIL4:K562
BCLAF1,HepG2,chr2:208340002:T:C,0,4,1.1849033832550049,modal,cuda,PPIL4:K562
BCLAF1,HepG2,chr2:208345103:G:A,0,4,1.2000739574432373,modal,cuda,PPIL4:K562
BCLAF1,HepG2,chr2:21029803:A:G,0,4,0.4055759906768799,modal,cuda,PPIL4:K562
BCLAF1,HepG2,chr2:210556758:A:T,1,4,2.239065170288086,modal,cuda,PPIL4:K562
BCLAF1,HepG2,chr2:210590886:C:G,1,4,-1.6374982595443726,modal,cuda,PPIL4:K562
BCLAF1,HepG2,chr2:210590905:A:T,1,4,0.7634780406951904,modal,cuda,PPIL4:K562
BCLAF1,HepG2,chr2:210595552:C:G,1,4,-1.9856748580932617,modal,cuda,PPIL4:K562
BCLAF1,HepG2,chr2:210595589:G:A,0,4,0.6667805910110474,modal,cuda,PPIL4:K562
BCLAF1,HepG2,chr2:214780927:A:C,1,4,2.6722755432128906,modal,cuda,PPIL4:K562
BCLAF1,HepG2,chr2:214780940:T:A,1,4,4.862691402435303,modal,cuda,PPIL4:K562
BCLAF1,HepG2,chr2:214780947:T:G,0,4,-0.9060595035552979,modal,cuda,PPIL4:K562
BCLAF1,HepG2,chr2:214780970:T:A,1,4,2.833009958267212,modal,cuda,PPIL4:K562
BCLAF1,HepG2,chr2:214780995:G:A,0,4,-0.18167293071746826,modal,cuda,PPIL4:K562
BCLAF1,HepG2,chr2:214781015:C:A,1,4,4.73380184173584,modal,cuda,PPIL4:K562
BCLAF1,HepG2,chr2:214781025:A:C,0,4,1.4986064434051514,modal,cuda,PPIL4:K562
BCLAF1,HepG2,chr2:214781040:G:T,0,4,-0.42896604537963867,modal,cuda,PPIL4:K562
BCLAF1,HepG2,chr2:214781045:C:A,1,4,1.6651287078857422,modal,cuda,PPIL4:K562
BCLAF1,HepG2,chr2:214781050:A:C,1,4,-2.469618082046509,modal,cuda,PPIL4:K562
BCLAF1,HepG2,chr2:214781050:A:T,1,4,-1.1061949729919434,modal,cuda,PPIL4:K562
BCLAF1,HepG2,chr2:215349087:C:T,0,4,0.6789591312408447,modal,cuda,PPIL4:K562
BCLAF1,HepG2,chr2:215365493:G:C,0,4,-0.42057108879089355,modal,cuda,PPIL4:K562
BCLAF1,HepG2,chr2:222634537:T:C,1,4,0.9866888523101807,modal,cuda,PPIL4:K562
BCLAF1,HepG2,chr2:222639607:T:C,0,4,0.8712368011474609,modal,cuda,PPIL4:K562
BCLAF1,HepG2,chr2:222640924:C:G,0,4,-0.2628495693206787,modal,cuda,PPIL4:K562
BCLAF1,HepG2,chr2:222642894:A:G,1,4,-0.5661513805389404,modal,cuda,PPIL4:K562
BCLAF1,HepG2,chr2:224495980:A:T,0,4,0.6430009007453918,modal,cuda,PPIL4:K562
BCLAF1,HepG2,chr2:224502952:C:T,0,4,-0.326308012008667,modal,cuda,PPIL4:K562
BCLAF1,HepG2,chr2:224502958:A:C,0,4,-0.3752458691596985,modal,cuda,PPIL4:K562
BCLAF1,HepG2,chr2:224503825:G:A,1,4,1.163313627243042,modal,cuda,PPIL4:K562
BCLAF1,HepG2,chr2:224503827:A:T,1,4,1.478482723236084,modal,cuda,PPIL4:K562
BCLAF1,HepG2,chr2:224503834:A:C,1,4,-1.3570754528045654,modal,cuda,PPIL4:K562
BCLAF1,HepG2,chr2:224503848:T:C,1,4,-0.7362189292907715,modal,cuda,PPIL4:K562
BCLAF1,HepG2,chr2:224503850:A:C,1,4,-2.892028570175171,modal,cuda,PPIL4:K562
BCLAF1,HepG2,chr2:224506150:A:T,0,4,0.5447227954864502,modal,cuda,PPIL4:K562
BCLAF1,HepG2,chr2:227332522:G:A,0,4,0.11853504180908203,modal,cuda,PPIL4:K562
BCLAF1,HepG2,chr2:227340266:C:T,0,4,-0.4722709655761719,modal,cuda,PPIL4:K562
BCLAF1,HepG2,chr2:227340295:C:T,1,4,-1.9075214862823486,modal,cuda,PPIL4:K562
BCLAF1,HepG2,chr2:229791861:C:T,1,4,1.2808887958526611,modal,cuda,PPIL4:K562
BCLAF1,HepG2,chr2:229858787:G:A,1,4,1.1556082963943481,modal,cuda,PPIL4:K562
BCLAF1,HepG2,chr2:232029988:C:T,1,4,1.3410166501998901,modal,cuda,PPIL4:K562
BCLAF1,HepG2,chr2:232030077:G:A,1,4,-1.5418436527252197,modal,cuda,PPIL4:K562
BCLAF1,HepG2,chr2:232087550:G:T,1,4,2.9998269081115723,modal,cuda,PPIL4:K562
BCLAF1,HepG2,chr2:232087576:A:G,0,4,-0.47872447967529297,modal,cuda,PPIL4:K562
BCLAF1,HepG2,chr2:232087701:C:G,1,4,-1.0643997192382812,modal,cuda,PPIL4:K562
BCLAF1,HepG2,chr2:232130712:C:G,1,4,1.7585879564285278,modal,cuda,PPIL4:K562
BCLAF1,HepG2,chr2:232136499:T:C,0,4,-0.5035116672515869,modal,cuda,PPIL4:K562
BCLAF1,HepG2,chr2:232163439:C:T,0,4,-1.1095247268676758,modal,cuda,PPIL4:K562
BCLAF1,HepG2,chr2:232163460:C:T,1,4,-1.4091190099716187,modal,cuda,PPIL4:K562
BCLAF1,HepG2,chr2:232163481:C:T,1,4,-2.272836685180664,modal,cuda,PPIL4:K562
BCLAF1,HepG2,chr2:232249324:G:A,1,4,-1.5283786058425903,modal,cuda,PPIL4:K562
BCLAF1,HepG2,chr2:232263229:G:A,0,4,0.24795150756835938,modal,cuda,PPIL4:K562
BCLAF1,HepG2,chr2:232791432:C:T,0,4,0.3996908664703369,modal,cuda,PPIL4:K562
BCLAF1,HepG2,chr2:232794843:C:A,0,4,0.6670920848846436,modal,cuda,PPIL4:K562
BCLAF1,HepG2,chr2:232796136:G:A,0,4,-0.24697399139404297,modal,cuda,PPIL4:K562
BCLAF1,HepG2,chr2:238068120:A:G,0,4,1.5934709310531616,modal,cuda,PPIL4:K562
BCLAF1,HepG2,chr2:239190094:C:A,0,4,0.7302993535995483,modal,cuda,PPIL4:K562
BCLAF1,HepG2,chr2:239352670:G:A,0,4,0.6006139516830444,modal,cuda,PPIL4:K562
BCLAF1,HepG2,chr2:240007349:T:C,0,4,-0.5617845058441162,modal,cuda,PPIL4:K562
BCLAF1,HepG2,chr2:24252336:T:C,0,4,-0.8921964168548584,modal,cuda,PPIL4:K562
BCLAF1,HepG2,chr2:24298659:C:T,0,4,-0.7959733009338379,modal,cuda,PPIL4:K562
BCLAF1,HepG2,chr2:27234001:C:T,0,4,0.8752155303955078,modal,cuda,PPIL4:K562
BCLAF1,HepG2,chr2:28776842:G:A,0,4,0.9777576327323914,modal,cuda,PPIL4:K562
BCLAF1,HepG2,chr2:28781721:A:G,0,4,0.5083801746368408,modal,cuda,PPIL4:K562
BCLAF1,HepG2,chr2:28906450:T:A,0,4,-0.6203598976135254,modal,cuda,PPIL4:K562
BCLAF1,HepG2,chr2:36499357:C:G,0,4,-1.2119420766830444,modal,cuda,PPIL4:K562
BCLAF1,HepG2,chr2:36899508:A:C,0,4,-1.7432060241699219,modal,cuda,PPIL4:K562
BCLAF1,HepG2,chr2:37126291:G:A,0,4,1.1961677074432373,modal,cuda,PPIL4:K562
BCLAF1,HepG2,chr2:37126321:A:G,0,4,1.0309377908706665,modal,cuda,PPIL4:K562
BCLAF1,HepG2,chr2:37138497:G:A,0,4,1.2981159687042236,modal,cuda,PPIL4:K562
BCLAF1,HepG2,chr2:37237883:A:C,0,4,-0.211420938372612,modal,cuda,PPIL4:K562
BCLAF1,HepG2,chr2:37243971:C:A,0,4,0.9594526290893555,modal,cuda,PPIL4:K562
BCLAF1,HepG2,chr2:38997049:T:G,0,4,0.6888906359672546,modal,cuda,PPIL4:K562
BCLAF1,HepG2,chr2:38997236:T:C,0,4,-0.7796249389648438,modal,cuda,PPIL4:K562
BCLAF1,HepG2,chr2:39007017:A:G,0,4,0.4123929738998413,modal,cuda,PPIL4:K562
BCLAF1,HepG2,chr2:39012120:A:C,0,4,-1.264714002609253,modal,cuda,PPIL4:K562
BCLAF1,HepG2,chr2:39013454:A:C,0,4,0.5260957479476929,modal,cuda,PPIL4:K562
BCLAF1,HepG2,chr2:39023245:A:G,0,4,0.36330318450927734,modal,cuda,PPIL4:K562
BCLAF1,HepG2,chr2:39035207:C:G,0,4,0.38583001494407654,modal,cuda,PPIL4:K562
BCLAF1,HepG2,chr2:39056693:G:C,0,4,-0.45165884494781494,modal,cuda,PPIL4:K562
BCLAF1,HepG2,chr2:42263316:G:A,0,4,-0.1357276439666748,modal,cuda,PPIL4:K562
BCLAF1,HepG2,chr2:43551817:T:C,0,4,1.0618581771850586,modal,cuda,PPIL4:K562
BCLAF1,HepG2,chr2:43556523:T:G,0,4,1.683314323425293,modal,cuda,PPIL4:K562
BCLAF1,HepG2,chr2:43556551:G:A,0,4,1.3754003047943115,modal,cuda,PPIL4:K562
BCLAF1,HepG2,chr2:43570490:T:G,0,4,1.5040702819824219,modal,cuda,PPIL4:K562
BCLAF1,HepG2,chr2:43575014:T:C,0,4,-1.4255598783493042,modal,cuda,PPIL4:K562
BCLAF1,HepG2,chr2:43590938:T:C,0,4,1.3761610984802246,modal,cuda,PPIL4:K562
BCLAF1,HepG2,chr2:43823981:C:G,1,4,0.24591851234436035,modal,cuda,PPIL4:K562
BCLAF1,HepG2,chr2:43823981:C:T,1,4,0.38207364082336426,modal,cuda,PPIL4:K562
BCLAF1,HepG2,chr2:43899608:G:A,0,4,-0.37383419275283813,modal,cuda,PPIL4:K562
BCLAF1,HepG2,chr2:43918235:G:T,0,4,1.8748142719268799,modal,cuda,PPIL4:K562
BCLAF1,HepG2,chr2:43925051:T:C,0,4,-0.26892638206481934,modal,cuda,PPIL4:K562
BCLAF1,HepG2,chr2:43925175:G:C,0,4,-1.0136569738388062,modal,cuda,PPIL4:K562
BCLAF1,HepG2,chr2:43963572:C:T,0,4,-0.4005967080593109,modal,cuda,PPIL4:K562
BCLAF1,HepG2,chr2:44218547:A:G,0,4,-0.39183831214904785,modal,cuda,PPIL4:K562
BCLAF1,HepG2,chr2:44338367:G:C,1,4,1.1338796615600586,modal,cuda,PPIL4:K562
BCLAF1,HepG2,chr2:44343970:G:A,0,4,0.4417368769645691,modal,cuda,PPIL4:K562
BCLAF1,HepG2,chr2:44346251:G:C,0,4,-1.2606875896453857,modal,cuda,PPIL4:K562
BCLAF1,HepG2,chr2:46623886:C:T,0,4,0.626143217086792,modal,cuda,PPIL4:K562
BCLAF1,HepG2,chr2:46623887:G:A,0,4,1.0884097814559937,modal,cuda,PPIL4:K562
BCLAF1,HepG2,chr2:46950458:A:T,1,4,2.285039186477661,modal,cuda,PPIL4:K562
BCLAF1,HepG2,chr2:46950464:G:T,1,4,2.0142228603363037,modal,cuda,PPIL4:K562
BCLAF1,HepG2,chr2:46950478:C:T,0,4,0.7274959087371826,modal,cuda,PPIL4:K562
BCLAF1,HepG2,chr2:47161705:T:C,0,4,-0.6362738609313965,modal,cuda,PPIL4:K562
BCLAF1,HepG2,chr2:47408531:G:A,0,4,-0.5873770713806152,modal,cuda,PPIL4:K562
BCLAF1,HepG2,chr2:47408553:A:T,1,4,1.5820233821868896,modal,cuda,PPIL4:K562
BCLAF1,HepG2,chr2:47410186:C:A,0,4,-1.3676856756210327,modal,cuda,PPIL4:K562
BCLAF1,HepG2,chr2:47410210:T:C,0,4,-0.5010939836502075,modal,cuda,PPIL4:K562
BCLAF1,HepG2,chr2:47410210:T:G,0,4,1.52251398563385,modal,cuda,PPIL4:K562
BCLAF1,HepG2,chr2:47410213:A:C,0,4,0.7711138725280762,modal,cuda,PPIL4:K562
BCLAF1,HepG2,chr2:47410255:T:C,0,4,-1.713350534439087,modal,cuda,PPIL4:K562
BCLAF1,HepG2,chr2:47410264:T:G,0,4,-0.5382319688796997,modal,cuda,PPIL4:K562
BCLAF1,HepG2,chr2:47410316:A:T,1,4,-0.6475920677185059,modal,cuda,PPIL4:K562
BCLAF1,HepG2,chr2:47410334:G:T,1,4,0.7107230424880981,modal,cuda,PPIL4:K562
BCLAF1,HepG2,chr2:47412497:G:A,0,4,0.6294431686401367,modal,cuda,PPIL4:K562
BCLAF1,HepG2,chr2:47412535:C:G,0,4,-1.9336493015289307,modal,cuda,PPIL4:K562
BCLAF1,HepG2,chr2:47412541:T:A,1,4,-2.042564630508423,modal,cuda,PPIL4:K562
BCLAF1,HepG2,chr2:47412546:G:T,1,4,2.1991686820983887,modal,cuda,PPIL4:K562
BCLAF1,HepG2,chr2:47414246:G:A,0,4,-0.7178870439529419,modal,cuda,PPIL4:K562
BCLAF1,HepG2,chr2:47414279:C:G,1,4,-1.5219494104385376,modal,cuda,PPIL4:K562
BCLAF1,HepG2,chr2:47414280:A:C,0,4,0.6068729162216187,modal,cuda,PPIL4:K562
BCLAF1,HepG2,chr2:47416319:C:A,0,4,-1.2044849395751953,modal,cuda,PPIL4:K562
BCLAF1,HepG2,chr2:47416322:T:G,0,4,0.5276566743850708,modal,cuda,PPIL4:K562
BCLAF1,HepG2,chr2:47416341:C:T,0,4,0.8203327655792236,modal,cuda,PPIL4:K562
BCLAF1,HepG2,chr2:47416346:T:C,0,4,0.7617456912994385,modal,cuda,PPIL4:K562
BCLAF1,HepG2,chr2:47416352:T:A,1,4,-0.9960479736328125,modal,cuda,PPIL4:K562
BCLAF1,HepG2,chr2:47416361:T:C,0,4,0.6113331317901611,modal,cuda,PPIL4:K562
BCLAF1,HepG2,chr2:47445588:T:C,0,4,-0.5822997093200684,modal,cuda,PPIL4:K562
BCLAF1,HepG2,chr2:47445621:T:C,0,4,0.5639963150024414,modal,cuda,PPIL4:K562
BCLAF1,HepG2,chr2:47466649:A:T,0,4,0.6368326544761658,modal,cuda,PPIL4:K562
BCLAF1,HepG2,chr2:47466668:T:C,0,4,-2.7991621494293213,modal,cuda,PPIL4:K562
BCLAF1,HepG2,chr2:47470956:G:A,0,4,1.2574398517608643,modal,cuda,PPIL4:K562
BCLAF1,HepG2,chr2:47470963:A:T,1,4,0.6709976196289062,modal,cuda,PPIL4:K562
BCLAF1,HepG2,chr2:47470964:G:A,1,4,-1.1396536827087402,modal,cuda,PPIL4:K562
BCLAF1,HepG2,chr2:47470971:G:A,0,4,-0.5079635381698608,modal,cuda,PPIL4:K562
BCLAF1,HepG2,chr2:47470979:T:G,1,4,0.6995244026184082,modal,cuda,PPIL4:K562
BCLAF1,HepG2,chr2:47471013:T:G,1,4,1.1204912662506104,modal,cuda,PPIL4:K562
BCLAF1,HepG2,chr2:47471017:G:T,1,4,1.7871112823486328,modal,cuda,PPIL4:K562
BCLAF1,HepG2,chr2:47471022:C:A,0,4,-0.35398387908935547,modal,cuda,PPIL4:K562
BCLAF1,HepG2,chr2:47475050:C:A,0,4,-0.9882071018218994,modal,cuda,PPIL4:K562
BCLAF1,HepG2,chr2:47475083:C:G,0,4,-0.9013651609420776,modal,cuda,PPIL4:K562
BCLAF1,HepG2,chr2:47475083:C:T,0,4,-0.8854219913482666,modal,cuda,PPIL4:K562
BCLAF1,HepG2,chr2:47475231:T:A,0,4,-1.6064239740371704,modal,cuda,PPIL4:K562
BCLAF1,HepG2,chr2:47475266:T:C,0,4,-0.1209072470664978,modal,cuda,PPIL4:K562
BCLAF1,HepG2,chr2:47475272:T:C,1,4,-0.7871625423431396,modal,cuda,PPIL4:K562
BCLAF1,HepG2,chr2:47476408:G:C,1,4,-2.531912326812744,modal,cuda,PPIL4:K562
BCLAF1,HepG2,chr2:47476437:G:T,0,4,2.2617413997650146,modal,cuda,PPIL4:K562
BCLAF1,HepG2,chr2:47476457:C:A,1,4,-1.0750477313995361,modal,cuda,PPIL4:K562
BCLAF1,HepG2,chr2:47476462:G:T,1,4,-1.7405996322631836,modal,cuda,PPIL4:K562
BCLAF1,HepG2,chr2:47476476:G:A,0,4,-0.3837568759918213,modal,cuda,PPIL4:K562
BCLAF1,HepG2,chr2:47476524:A:G,0,4,-1.4238219261169434,modal,cuda,PPIL4:K562
BCLAF1,HepG2,chr2:47790990:T:A,1,4,-2.8406519889831543,modal,cuda,PPIL4:K562
BCLAF1,HepG2,chr2:47790999:C:G,1,4,-2.394552230834961,modal,cuda,PPIL4:K562
BCLAF1,HepG2,chr2:47791014:T:C,0,4,0.17752766609191895,modal,cuda,PPIL4:K562
BCLAF1,HepG2,chr2:47791015:G:T,1,4,-3.360804557800293,modal,cuda,PPIL4:K562
BCLAF1,HepG2,chr2:47791017:A:T,0,4,0.2050478458404541,modal,cuda,PPIL4:K562
BCLAF1,HepG2,chr2:47791033:A:T,1,4,-1.875455379486084,modal,cuda,PPIL4:K562
BCLAF1,HepG2,chr2:47791039:A:T,1,4,-1.9355281591415405,modal,cuda,PPIL4:K562
BCLAF1,HepG2,chr2:47791043:C:G,1,4,0.9856960773468018,modal,cuda,PPIL4:K562
BCLAF1,HepG2,chr2:47791053:T:G,0,4,-1.4503538608551025,modal,cuda,PPIL4:K562
BCLAF1,HepG2,chr2:47791060:C:T,1,4,-2.068410634994507,modal,cuda,PPIL4:K562
BCLAF1,HepG2,chr2:47791071:T:C,0,4,-1.0581834316253662,modal,cuda,PPIL4:K562
BCLAF1,HepG2,chr2:47791091:G:A,1,4,-2.209916114807129,modal,cuda,PPIL4:K562
BCLAF1,HepG2,chr2:47791092:G:A,1,4,-1.3954389095306396,modal,cuda,PPIL4:K562
BCLAF1,HepG2,chr2:47791095:T:C,0,4,1.9187850952148438,modal,cuda,PPIL4:K562
BCLAF1,HepG2,chr2:47791097:G:T,0,4,1.4952385425567627,modal,cuda,PPIL4:K562
BCLAF1,HepG2,chr2:47791099:A:T,1,4,-2.485295295715332,modal,cuda,PPIL4:K562
BCLAF1,HepG2,chr2:47791101:A:G,0,4,-1.2157456874847412,modal,cuda,PPIL4:K562
BCLAF1,HepG2,chr2:47791102:A:C,0,4,0.3372270464897156,modal,cuda,PPIL4:K562
BCLAF1,HepG2,chr2:47791109:T:G,1,4,0.6600689888000488,modal,cuda,PPIL4:K562
BCLAF1,HepG2,chr2:47791125:T:A,1,4,-1.5964024066925049,modal,cuda,PPIL4:K562
BCLAF1,HepG2,chr2:47796001:A:T,1,4,2.4413931369781494,modal,cuda,PPIL4:K562
BCLAF1,HepG2,chr2:47796010:G:T,1,4,4.606415748596191,modal,cuda,PPIL4:K562
BCLAF1,HepG2,chr2:47796014:T:A,1,4,-2.053208589553833,modal,cuda,PPIL4:K562
BCLAF1,HepG2,chr2:47796024:T:A,1,4,-0.9200608730316162,modal,cuda,PPIL4:K562
BCLAF1,HepG2,chr2:47796035:C:A,1,4,2.478175640106201,modal,cuda,PPIL4:K562
BCLAF1,HepG2,chr2:47796035:C:G,1,4,1.1951720714569092,modal,cuda,PPIL4:K562
BCLAF1,HepG2,chr2:47796037:G:T,1,4,1.7076098918914795,modal,cuda,PPIL4:K562
BCLAF1,HepG2,chr2:47796052:G:T,1,4,2.0599544048309326,modal,cuda,PPIL4:K562
BCLAF1,HepG2,chr2:47798625:C:A,1,4,-0.9024770259857178,modal,cuda,PPIL4:K562
BCLAF1,HepG2,chr2:47798625:C:G,1,4,-0.7621332406997681,modal,cuda,PPIL4:K562
BCLAF1,HepG2,chr2:47798625:C:T,0,4,0.3526591658592224,modal,cuda,PPIL4:K562
BCLAF1,HepG2,chr2:47798631:A:G,0,4,-0.3726497292518616,modal,cuda,PPIL4:K562
BCLAF1,HepG2,chr2:47798635:A:T,1,4,1.3254749774932861,modal,cuda,PPIL4:K562
BCLAF1,HepG2,chr2:47798641:G:T,1,4,-1.863881230354309,modal,cuda,PPIL4:K562
BCLAF1,HepG2,chr2:47798644:G:T,1,4,1.460490107536316,modal,cuda,PPIL4:K562
BCLAF1,HepG2,chr2:47798653:G:T,1,4,2.7221269607543945,modal,cuda,PPIL4:K562
BCLAF1,HepG2,chr2:47798659:G:T,1,4,1.638753056526184,modal,cuda,PPIL4:K562
BCLAF1,HepG2,chr2:47798668:G:T,1,4,2.774263381958008,modal,cuda,PPIL4:K562
BCLAF1,HepG2,chr2:47798677:C:T,1,4,1.8216897249221802,modal,cuda,PPIL4:K562
BCLAF1,HepG2,chr2:47798689:C:T,1,4,0.6732672452926636,modal,cuda,PPIL4:K562
BCLAF1,HepG2,chr2:47798692:G:T,1,4,1.8202990293502808,modal,cuda,PPIL4:K562
BCLAF1,HepG2,chr2:47798701:C:T,1,4,1.4327099323272705,modal,cuda,PPIL4:K562
BCLAF1,HepG2,chr2:47798703:A:C,0,4,0.49065983295440674,modal,cuda,PPIL4:K562
BCLAF1,HepG2,chr2:47798713:C:T,1,4,1.807163953781128,modal,cuda,PPIL4:K562
BCLAF1,HepG2,chr2:47798714:A:G,0,4,-0.7069305181503296,modal,cuda,PPIL4:K562
BCLAF1,HepG2,chr2:47798718:A:C,0,4,-0.713547945022583,modal,cuda,PPIL4:K562
BCLAF1,HepG2,chr2:47798719:A:T,1,4,2.167022943496704,modal,cuda,PPIL4:K562
BCLAF1,HepG2,chr2:47798725:C:T,1,4,2.0424816608428955,modal,cuda,PPIL4:K562
BCLAF1,HepG2,chr2:47798797:G:T,1,4,1.4568617343902588,modal,cuda,PPIL4:K562
BCLAF1,HepG2,chr2:47798800:G:T,1,4,1.2893598079681396,modal,cuda,PPIL4:K562
BCLAF1,HepG2,chr2:47798812:G:T,1,4,1.5741462707519531,modal,cuda,PPIL4:K562
BCLAF1,HepG2,chr2:47798814:A:G,0,4,0.3524351716041565,modal,cuda,PPIL4:K562
BCLAF1,HepG2,chr2:47798824:G:T,1,4,2.1718406677246094,modal,cuda,PPIL4:K562
BCLAF1,HepG2,chr2:47798859:C:T,0,4,-0.2029935121536255,modal,cuda,PPIL4:K562
BCLAF1,HepG2,chr2:47798866:A:T,1,4,1.4240111112594604,modal,cuda,PPIL4:K562
BCLAF1,HepG2,chr2:47798875:C:T,1,4,1.778592824935913,modal,cuda,PPIL4:K562
BCLAF1,HepG2,chr2:47798877:A:C,0,4,0.5605277419090271,modal,cuda,PPIL4:K562
BCLAF1,HepG2,chr2:47798881:C:A,0,4,0.7384127974510193,modal,cuda,PPIL4:K562
BCLAF1,HepG2,chr2:47798883:G:T,0,4,-0.4684344232082367,modal,cuda,PPIL4:K562
BCLAF1,HepG2,chr2:47798887:A:T,1,4,1.7461400032043457,modal,cuda,PPIL4:K562
BCLAF1,HepG2,chr2:47798901:A:G,0,4,0.7289735078811646,modal,cuda,PPIL4:K562
BCLAF1,HepG2,chr2:47798982:C:A,0,4,1.3793818950653076,modal,cuda,PPIL4:K562
BCLAF1,HepG2,chr2:47799003:C:T,0,4,-1.273268461227417,modal,cuda,PPIL4:K562
BCLAF1,HepG2,chr2:47799006:T:A,0,4,-0.5909523963928223,modal,cuda,PPIL4:K562
BCLAF1,HepG2,chr2:47799009:C:T,0,4,0.5201737880706787,modal,cuda,PPIL4:K562
BCLAF1,HepG2,chr2:47799012:T:G,0,4,0.6721984148025513,modal,cuda,PPIL4:K562
BCLAF1,HepG2,chr2:47799077:G:A,1,4,-1.1279855966567993,modal,cuda,PPIL4:K562
BCLAF1,HepG2,chr2:47799133:A:C,0,4,-1.1056045293807983,modal,cuda,PPIL4:K562
BCLAF1,HepG2,chr2:47799156:T:C,0,4,0.43882107734680176,modal,cuda,PPIL4:K562
BCLAF1,HepG2,chr2:47799177:G:T,0,4,1.333325982093811,modal,cuda,PPIL4:K562
BCLAF1,HepG2,chr2:47799477:G:A,0,4,-1.4876619577407837,modal,cuda,PPIL4:K562
BCLAF1,HepG2,chr2:47799493:A:T,1,4,-1.6210527420043945,modal,cuda,PPIL4:K562
BCLAF1,HepG2,chr2:47799514:A:C,0,4,-1.0788896083831787,modal,cuda,PPIL4:K562
BCLAF1,HepG2,chr2:47799526:A:C,0,4,-0.5722730755805969,modal,cuda,PPIL4:K562
BCLAF1,HepG2,chr2:47799540:G:A,0,4,0.45535629987716675,modal,cuda,PPIL4:K562
BCLAF1,HepG2,chr2:47799546:A:C,0,4,0.4004638195037842,modal,cuda,PPIL4:K562
BCLAF1,HepG2,chr2:47800581:A:G,0,4,-1.121277093887329,modal,cuda,PPIL4:K562
BCLAF1,HepG2,chr2:47800591:A:T,1,4,0.7144851684570312,modal,cuda,PPIL4:K562
BCLAF1,HepG2,chr2:47800596:T:A,0,4,1.2147647142410278,modal,cuda,PPIL4:K562
BCLAF1,HepG2,chr2:47800599:A:C,0,4,0.4769132137298584,modal,cuda,PPIL4:K562
BCLAF1,HepG2,chr2:47800617:T:A,0,4,1.0743775367736816,modal,cuda,PPIL4:K562
BCLAF1,HepG2,chr2:47800650:G:C,0,4,1.1558654308319092,modal,cuda,PPIL4:K562
BCLAF1,HepG2,chr2:47800704:A:G,0,4,-0.436678409576416,modal,cuda,PPIL4:K562
BCLAF1,HepG2,chr2:47800738:G:T,1,4,3.0705416202545166,modal,cuda,PPIL4:K562
BCLAF1,HepG2,chr2:47800750:A:T,1,4,1.9571595191955566,modal,cuda,PPIL4:K562
BCLAF1,HepG2,chr2:47800756:G:T,1,4,2.1838302612304688,modal,cuda,PPIL4:K562
BCLAF1,HepG2,chr2:47801017:G:T,1,4,2.8082380294799805,modal,cuda,PPIL4:K562
BCLAF1,HepG2,chr2:47801040:A:C,0,4,2.8060214519500732,modal,cuda,PPIL4:K562
BCLAF1,HepG2,chr2:47801067:A:G,0,4,-0.3076801300048828,modal,cuda,PPIL4:K562
BCLAF1,HepG2,chr2:47801069:T:A,1,4,1.2737531661987305,modal,cuda,PPIL4:K562
BCLAF1,HepG2,chr2:47803562:A:T,0,4,-0.6976406574249268,modal,cuda,PPIL4:K562
BCLAF1,HepG2,chr2:47803643:T:C,0,4,0.3869289755821228,modal,cuda,PPIL4:K562
BCLAF1,HepG2,chr2:47803670:T:G,0,4,-0.5659971833229065,modal,cuda,PPIL4:K562
BCLAF1,HepG2,chr2:47803680:A:T,1,4,1.977725625038147,modal,cuda,PPIL4:K562
BCLAF1,HepG2,chr2:47803699:A:T,0,4,0.5897161960601807,modal,cuda,PPIL4:K562
BCLAF1,HepG2,chr2:47805649:A:G,0,4,0.31296515464782715,modal,cuda,PPIL4:K562
BCLAF1,HepG2,chr2:47805655:C:G,0,4,-0.839484453201294,modal,cuda,PPIL4:K562
BCLAF1,HepG2,chr2:47805661:A:T,0,4,0.9455165863037109,modal,cuda,PPIL4:K562
BCLAF1,HepG2,chr2:47805688:G:T,0,4,-0.9388030767440796,modal,cuda,PPIL4:K562
BCLAF1,HepG2,chr2:47806214:T:A,0,4,0.48709315061569214,modal,cuda,PPIL4:K562
BCLAF1,HepG2,chr2:47806254:A:T,1,4,2.9958620071411133,modal,cuda,PPIL4:K562
BCLAF1,HepG2,chr2:47806520:T:A,0,4,-1.4715955257415771,modal,cuda,PPIL4:K562
BCLAF1,HepG2,chr2:47806536:A:T,1,4,1.422166347503662,modal,cuda,PPIL4:K562
BCLAF1,HepG2,chr2:47806544:T:A,1,4,1.1774933338165283,modal,cuda,PPIL4:K562
BCLAF1,HepG2,chr2:47806547:C:T,0,4,0.3904604911804199,modal,cuda,PPIL4:K562
BCLAF1,HepG2,chr2:47806653:T:C,1,4,1.1979198455810547,modal,cuda,PPIL4:K562
BCLAF1,HepG2,chr2:47806806:A:C,0,4,1.6459819078445435,modal,cuda,PPIL4:K562
BCLAF1,HepG2,chr2:47806862:C:G,0,4,1.315629243850708,modal,cuda,PPIL4:K562
BCLAF1,HepG2,chr2:47806867:T:C,0,4,1.158862829208374,modal,cuda,PPIL4:K562
BCLAF1,HepG2,chr2:47808430:A:G,0,4,0.4030778408050537,modal,cuda,PPIL4:K562
BCLAF1,HepG2,chr2:47809154:T:G,0,4,0.7792541980743408,modal,cuda,PPIL4:K562
BCLAF1,HepG2,chr2:47813381:T:C,0,4,1.0065429210662842,modal,cuda,PPIL4:K562
BCLAF1,HepG2,chr2:47818950:T:C,0,4,0.8995785713195801,modal,cuda,PPIL4:K562
BCLAF1,HepG2,chr2:47822214:T:C,0,4,-1.8486878871917725,modal,cuda,PPIL4:K562
BCLAF1,HepG2,chr2:47823133:A:G,0,4,-0.2601351737976074,modal,cuda,PPIL4:K562
BCLAF1,HepG2,chr2:47823138:A:G,0,4,1.281160831451416,modal,cuda,PPIL4:K562
BCLAF1,HepG2,chr2:47832697:T:G,0,4,0.44063830375671387,modal,cuda,PPIL4:K562
BCLAF1,HepG2,chr2:47832753:T:G,0,4,1.022150993347168,modal,cuda,PPIL4:K562
BCLAF1,HepG2,chr2:47832948:T:C,0,4,-0.6758652925491333,modal,cuda,PPIL4:K562
BCLAF1,HepG2,chr2:47835867:C:G,1,4,-1.205106258392334,modal,cuda,PPIL4:K562
BCLAF1,HepG2,chr2:47839023:T:C,0,4,-0.35742712020874023,modal,cuda,PPIL4:K562
BCLAF1,HepG2,chr2:47839416:T:C,1,4,-1.1413342952728271,modal,cuda,PPIL4:K562
BCLAF1,HepG2,chr2:48454661:C:T,1,4,2.1942968368530273,modal,cuda,PPIL4:K562
BCLAF1,HepG2,chr2:48454692:T:G,1,4,-0.48026129603385925,modal,cuda,PPIL4:K562
BCLAF1,HepG2,chr2:48454711:T:C,0,4,0.3970934748649597,modal,cuda,PPIL4:K562
BCLAF1,HepG2,chr2:48454729:C:G,0,4,1.144615888595581,modal,cuda,PPIL4:K562
BCLAF1,HepG2,chr2:48458162:C:T,1,4,3.767160654067993,modal,cuda,PPIL4:K562
BCLAF1,HepG2,chr2:48459793:G:T,1,4,-1.2081409692764282,modal,cuda,PPIL4:K562
BCLAF1,HepG2,chr2:48459805:C:T,1,4,-1.2432377338409424,modal,cuda,PPIL4:K562
BCLAF1,HepG2,chr2:54628093:A:G,0,4,0.8948931694030762,modal,cuda,PPIL4:K562
BCLAF1,HepG2,chr2:55362298:T:A,0,4,1.0152645111083984,modal,cuda,PPIL4:K562
BCLAF1,HepG2,chr2:55643155:T:C,1,4,-1.6723177433013916,modal,cuda,PPIL4:K562
BCLAF1,HepG2,chr2:55646250:C:G,0,4,0.8767938017845154,modal,cuda,PPIL4:K562
BCLAF1,HepG2,chr2:58204239:G:A,0,4,1.6406595706939697,modal,cuda,PPIL4:K562
BCLAF1,HepG2,chr2:61018063:A:G,0,4,-0.6660122871398926,modal,cuda,PPIL4:K562
BCLAF1,HepG2,chr2:61339689:G:A,0,4,-0.5845412015914917,modal,cuda,PPIL4:K562
BCLAF1,HepG2,chr2:61483031:C:A,1,4,-2.864279270172119,modal,cuda,PPIL4:K562
BCLAF1,HepG2,chr2:61490715:T:G,1,4,0.6441705226898193,modal,cuda,PPIL4:K562
BCLAF1,HepG2,chr2:61496870:T:C,0,4,1.4124881029129028,modal,cuda,PPIL4:K562
BCLAF1,HepG2,chr2:62747391:G:C,0,4,-0.9645750522613525,modal,cuda,PPIL4:K562
BCLAF1,HepG2,chr2:68158384:G:C,0,4,-0.8825781345367432,modal,cuda,PPIL4:K562
BCLAF1,HepG2,chr2:69345897:T:C,0,4,0.45990967750549316,modal,cuda,PPIL4:K562
BCLAF1,HepG2,chr2:69359261:T:A,0,4,-0.37849974632263184,modal,cuda,PPIL4:K562
BCLAF1,HepG2,chr2:70214405:A:G,0,4,0.410022497177124,modal,cuda,PPIL4:K562
BCLAF1,HepG2,chr2:70214459:C:T,0,4,0.9066815376281738,modal,cuda,PPIL4:K562
BCLAF1,HepG2,chr2:70229206:C:T,0,4,0.581920862197876,modal,cuda,PPIL4:K562
BCLAF1,HepG2,chr2:70236109:T:C,0,4,0.4256553649902344,modal,cuda,PPIL4:K562
BCLAF1,HepG2,chr2:70236127:T:C,0,4,0.5124191045761108,modal,cuda,PPIL4:K562
BCLAF1,HepG2,chr2:72492312:G:C,0,4,1.5235323905944824,modal,cuda,PPIL4:K562
BCLAF1,HepG2,chr2:72492402:C:A,0,4,1.5150102376937866,modal,cuda,PPIL4:K562
BCLAF1,HepG2,chr2:72498563:T:C,0,4,-0.35624802112579346,modal,cuda,PPIL4:K562
BCLAF1,HepG2,chr2:72513174:T:G,0,4,-1.837525725364685,modal,cuda,PPIL4:K562
BCLAF1,HepG2,chr2:72513186:A:G,0,4,-0.9379181861877441,modal,cuda,PPIL4:K562
BCLAF1,HepG2,chr2:72559462:A:T,1,4,1.4066359996795654,modal,cuda,PPIL4:K562
BCLAF1,HepG2,chr2:72559534:G:A,0,4,-0.725242555141449,modal,cuda,PPIL4:K562
BCLAF1,HepG2,chr2:72718092:C:A,0,4,2.094536781311035,modal,cuda,PPIL4:K562
BCLAF1,HepG2,chr2:72718220:C:T,0,4,-0.7803322076797485,modal,cuda,PPIL4:K562
BCLAF1,HepG2,chr2:72718301:A:G,0,4,-1.0368437767028809,modal,cuda,PPIL4:K562
BCLAF1,HepG2,chr2:72718326:A:T,0,4,1.2467888593673706,modal,cuda,PPIL4:K562
BCLAF1,HepG2,chr2:72731172:A:C,1,4,1.537135124206543,modal,cuda,PPIL4:K562
BCLAF1,HepG2,chr2:72731204:T:C,0,4,-0.22583377361297607,modal,cuda,PPIL4:K562
BCLAF1,HepG2,chr2:73845186:T:A,1,4,-1.2066171169281006,modal,cuda,PPIL4:K562
BCLAF1,HepG2,chr2:73847383:G:A,0,4,0.38571953773498535,modal,cuda,PPIL4:K562
BCLAF1,HepG2,chr2:73847660:C:T,1,4,2.4899353981018066,modal,cuda,PPIL4:K562
BCLAF1,HepG2,chr2:74369513:T:G,0,4,0.6434822082519531,modal,cuda,PPIL4:K562
BCLAF1,HepG2,chr2:86078000:T:C,0,4,0.35682833194732666,modal,cuda,PPIL4:K562
BCLAF1,HepG2,chr2:8750329:C:T,0,4,-0.28156232833862305,modal,cuda,PPIL4:K562
BCLAF1,HepG2,chr2:8751481:G:A,0,4,-0.6969130039215088,modal,cuda,PPIL4:K562
BCLAF1,HepG2,chr2:8785753:T:C,0,4,0.18517565727233887,modal,cuda,PPIL4:K562
BCLAF1,HepG2,chr2:8793961:A:G,0,4,0.4816080331802368,modal,cuda,PPIL4:K562
BCLAF1,HepG2,chr2:8796755:C:T,0,4,0.6669022440910339,modal,cuda,PPIL4:K562
BCLAF1,HepG2,chr2:8802913:T:A,0,4,1.686771035194397,modal,cuda,PPIL4:K562
BCLAF1,HepG2,chr2:8813350:T:C,0,4,0.30967187881469727,modal,cuda,PPIL4:K562
BCLAF1,HepG2,chr2:8817705:T:C,0,4,-0.6816824078559875,modal,cuda,PPIL4:K562
BCLAF1,HepG2,chr2:9521321:A:G,0,4,0.9057364463806152,modal,cuda,PPIL4:K562
BCLAF1,HepG2,chr2:9526150:G:T,1,4,-4.864433765411377,modal,cuda,PPIL4:K562
BCLAF1,HepG2,chr2:9526233:G:A,1,4,0.849662184715271,modal,cuda,PPIL4:K562
BCLAF1,HepG2,chr2:96298427:A:G,0,4,-0.28395527601242065,modal,cuda,PPIL4:K562
BCLAF1,HepG2,chr2:96301514:G:A,0,4,0.67713463306427,modal,cuda,PPIL4:K562
BCLAF1,HepG2,chr2:99360559:A:T,0,4,-0.4008340835571289,modal,cuda,PPIL4:K562
BCLAF1,HepG2,chr2:99402793:A:T,0,4,-0.1593545526266098,modal,cuda,PPIL4:K562
BCLAF1,HepG2,chr2:99404456:T:C,0,4,-1.5032864809036255,modal,cuda,PPIL4:K562
BCLAF1,HepG2,chr3:100279642:T:G,0,3,1.7600926160812378,modal,cuda,PPIL4:K562
BCLAF1,HepG2,chr3:100713880:T:C,0,3,0.30155864357948303,modal,cuda,PPIL4:K562
BCLAF1,HepG2,chr3:100719965:T:C,0,3,0.24244219064712524,modal,cuda,PPIL4:K562
BCLAF1,HepG2,chr3:100728874:A:G,0,3,-0.24051445722579956,modal,cuda,PPIL4:K562
BCLAF1,HepG2,chr3:101590212:T:C,0,3,-0.07160723209381104,modal,cuda,PPIL4:K562
BCLAF1,HepG2,chr3:10449546:T:C,0,3,-1.127118706703186,modal,cuda,PPIL4:K562
BCLAF1,HepG2,chr3:105737189:G:A,0,3,0.538672924041748,modal,cuda,PPIL4:K562
BCLAF1,HepG2,chr3:105745922:G:A,0,3,0.5535817742347717,modal,cuda,PPIL4:K562
BCLAF1,HepG2,chr3:105745937:T:C,0,3,-0.43833017349243164,modal,cuda,PPIL4:K562
BCLAF1,HepG2,chr3:105745992:T:A,1,3,0.34935086965560913,modal,cuda,PPIL4:K562
BCLAF1,HepG2,chr3:107773045:G:A,0,3,2.368079662322998,modal,cuda,PPIL4:K562
BCLAF1,HepG2,chr3:107791303:A:G,0,3,0.5640411376953125,modal,cuda,PPIL4:K562
BCLAF1,HepG2,chr3:108624534:A:G,0,3,0.45792269706726074,modal,cuda,PPIL4:K562
BCLAF1,HepG2,chr3:11340637:G:T,0,3,-0.4302137494087219,modal,cuda,PPIL4:K562
BCLAF1,HepG2,chr3:11340638:C:T,0,3,-0.38871538639068604,modal,cuda,PPIL4:K562
BCLAF1,HepG2,chr3:120641571:T:C,0,3,1.1510186195373535,modal,cuda,PPIL4:K562
BCLAF1,HepG2,chr3:120647871:A:G,1,3,0.34904879331588745,modal,cuda,PPIL4:K562
BCLAF1,HepG2,chr3:120647872:C:T,1,3,0.7622418403625488,modal,cuda,PPIL4:K562
BCLAF1,HepG2,chr3:120652567:G:A,0,3,0.5196046829223633,modal,cuda,PPIL4:K562
BCLAF1,HepG2,chr3:120652655:G:A,0,3,-0.36168667674064636,modal,cuda,PPIL4:K562
BCLAF1,HepG2,chr3:120670413:C:T,0,3,-1.111356258392334,modal,cuda,PPIL4:K562
BCLAF1,HepG2,chr3:121828596:A:T,1,3,-0.8310403823852539,modal,cuda,PPIL4:K562
BCLAF1,HepG2,chr3:12416775:C:G,0,3,0.3595241904258728,modal,cuda,PPIL4:K562
BCLAF1,HepG2,chr3:124737895:G:C,0,3,-0.5855140089988708,modal,cuda,PPIL4:K562
BCLAF1,HepG2,chr3:124737927:G:T,1,3,1.0037955045700073,modal,cuda,PPIL4:K562
BCLAF1,HepG2,chr3:12489908:A:G,0,3,-0.34077978134155273,modal,cuda,PPIL4:K562
BCLAF1,HepG2,chr3:12489922:G:A,0,3,0.6130448579788208,modal,cuda,PPIL4:K562
BCLAF1,HepG2,chr3:12489922:G:C,0,3,-0.3187020421028137,modal,cuda,PPIL4:K562
BCLAF1,HepG2,chr3:12489922:G:T,0,3,0.7539396286010742,modal,cuda,PPIL4:K562
BCLAF1,HepG2,chr3:12489962:G:A,0,3,-0.2515438199043274,modal,cuda,PPIL4:K562
BCLAF1,HepG2,chr3:12489962:G:C,0,3,-0.11538749933242798,modal,cuda,PPIL4:K562
BCLAF1,HepG2,chr3:12503280:G:A,0,3,-0.09537354111671448,modal,cuda,PPIL4:K562
BCLAF1,HepG2,chr3:12503330:G:A,0,3,1.5085489749908447,modal,cuda,PPIL4:K562
BCLAF1,HepG2,chr3:12585745:G:A,1,3,-0.3525809049606323,modal,cuda,PPIL4:K562
BCLAF1,HepG2,chr3:12618603:C:T,0,3,0.21127915382385254,modal,cuda,PPIL4:K562
BCLAF1,HepG2,chr3:12618628:T:C,0,3,0.30227866768836975,modal,cuda,PPIL4:K562
BCLAF1,HepG2,chr3:128895290:C:T,0,3,-0.5248034000396729,modal,cuda,PPIL4:K562
BCLAF1,HepG2,chr3:128895342:A:C,0,3,0.8039251565933228,modal,cuda,PPIL4:K562
BCLAF1,HepG2,chr3:130992939:G:A,0,3,-0.30840691924095154,modal,cuda,PPIL4:K562
BCLAF1,HepG2,chr3:132513106:G:A,0,3,-0.3376200199127197,modal,cuda,PPIL4:K562
BCLAF1,HepG2,chr3:132688781:C:T,1,3,-1.9859051704406738,modal,cuda,PPIL4:K562
BCLAF1,HepG2,chr3:132688790:G:C,1,3,-2.5398826599121094,modal,cuda,PPIL4:K562
BCLAF1,HepG2,chr3:132688858:G:A,1,3,0.5291641354560852,modal,cuda,PPIL4:K562
BCLAF1,HepG2,chr3:132692742:C:T,1,3,0.5168455839157104,modal,cuda,PPIL4:K562
BCLAF1,HepG2,chr3:132694900:G:C,1,3,0.8928560018539429,modal,cuda,PPIL4:K562
BCLAF1,HepG2,chr3:132694919:G:A,1,3,-1.2654119729995728,modal,cuda,PPIL4:K562
BCLAF1,HepG2,chr3:132694923:A:T,1,3,1.9040590524673462,modal,cuda,PPIL4:K562
BCLAF1,HepG2,chr3:132704341:C:A,1,3,0.74028080701828,modal,cuda,PPIL4:K562
BCLAF1,HepG2,chr3:132705801:G:C,1,3,-1.0370506048202515,modal,cuda,PPIL4:K562
BCLAF1,HepG2,chr3:132708252:A:T,1,3,2.323166847229004,modal,cuda,PPIL4:K562
BCLAF1,HepG2,chr3:132713256:C:T,1,3,1.0864962339401245,modal,cuda,PPIL4:K562
BCLAF1,HepG2,chr3:132716885:C:T,1,3,0.939434289932251,modal,cuda,PPIL4:K562
BCLAF1,HepG2,chr3:132719020:G:T,1,3,-1.210713505744934,modal,cuda,PPIL4:K562
BCLAF1,HepG2,chr3:134537203:C:T,1,3,1.4586286544799805,modal,cuda,PPIL4:K562
BCLAF1,HepG2,chr3:134537251:C:T,1,3,0.7587090730667114,modal,cuda,PPIL4:K562
BCLAF1,HepG2,chr3:134550059:A:G,0,3,-0.203749418258667,modal,cuda,PPIL4:K562
BCLAF1,HepG2,chr3:134550069:G:T,1,3,0.4344593584537506,modal,cuda,PPIL4:K562
BCLAF1,HepG2,chr3:134550081:C:T,1,3,1.7109975814819336,modal,cuda,PPIL4:K562
BCLAF1,HepG2,chr3:134550146:G:A,0,3,-0.06571120023727417,modal,cuda,PPIL4:K562
BCLAF1,HepG2,chr3:134552002:G:T,0,3,0.5331692695617676,modal,cuda,PPIL4:K562
BCLAF1,HepG2,chr3:134552044:A:C,0,3,-0.31349295377731323,modal,cuda,PPIL4:K562
BCLAF1,HepG2,chr3:136422862:A:G,0,3,0.5444451570510864,modal,cuda,PPIL4:K562
BCLAF1,HepG2,chr3:136422869:A:G,0,3,0.47368323802948,modal,cuda,PPIL4:K562
BCLAF1,HepG2,chr3:136521203:A:G,0,3,-0.5324777364730835,modal,cuda,PPIL4:K562
BCLAF1,HepG2,chr3:136521426:C:G,0,3,-0.3465130627155304,modal,cuda,PPIL4:K562
BCLAF1,HepG2,chr3:136568752:C:T,0,3,1.037132978439331,modal,cuda,PPIL4:K562
BCLAF1,HepG2,chr3:138714458:A:G,0,3,0.272662878036499,modal,cuda,PPIL4:K562
BCLAF1,HepG2,chr3:138714459:T:C,0,3,-0.5816802382469177,modal,cuda,PPIL4:K562
BCLAF1,HepG2,chr3:139369443:A:C,0,3,0.3108890652656555,modal,cuda,PPIL4:K562
BCLAF1,HepG2,chr3:139373274:C:T,0,3,1.9623661041259766,modal,cuda,PPIL4:K562
BCLAF1,HepG2,chr3:14158179:A:T,1,3,-0.608744740486145,modal,cuda,PPIL4:K562
BCLAF1,HepG2,chr3:14158206:G:C,1,3,-0.42241960763931274,modal,cuda,PPIL4:K562
BCLAF1,HepG2,chr3:14158206:G:T,1,3,-2.0812389850616455,modal,cuda,PPIL4:K562
BCLAF1,HepG2,chr3:14168330:G:A,1,3,1.016100287437439,modal,cuda,PPIL4:K562
BCLAF1,HepG2,chr3:14168389:A:T,1,3,1.195863962173462,modal,cuda,PPIL4:K562
BCLAF1,HepG2,chr3:142547925:T:A,0,3,-1.2348074913024902,modal,cuda,PPIL4:K562
BCLAF1,HepG2,chr3:146079104:T:C,0,3,-0.14809668064117432,modal,cuda,PPIL4:K562
BCLAF1,HepG2,chr3:146121108:C:T,0,3,-0.7287924289703369,modal,cuda,PPIL4:K562
BCLAF1,HepG2,chr3:149177905:T:C,1,3,-0.4739229083061218,modal,cuda,PPIL4:K562
BCLAF1,HepG2,chr3:149178592:G:A,1,3,0.904301643371582,modal,cuda,PPIL4:K562
BCLAF1,HepG2,chr3:149178618:C:T,1,3,0.23549073934555054,modal,cuda,PPIL4:K562
BCLAF1,HepG2,chr3:149178623:G:T,1,3,0.5088732838630676,modal,cuda,PPIL4:K562
BCLAF1,HepG2,chr3:149178643:A:G,0,3,0.2366659790277481,modal,cuda,PPIL4:K562
BCLAF1,HepG2,chr3:149188047:C:T,1,3,1.731126308441162,modal,cuda,PPIL4:K562
BCLAF1,HepG2,chr3:149188073:G:A,1,3,-0.7645397186279297,modal,cuda,PPIL4:K562
BCLAF1,HepG2,chr3:149199721:G:A,1,3,0.6989986300468445,modal,cuda,PPIL4:K562
BCLAF1,HepG2,chr3:149202144:G:A,1,3,-1.3249223232269287,modal,cuda,PPIL4:K562
BCLAF1,HepG2,chr3:149206227:C:T,1,3,-1.4919569492340088,modal,cuda,PPIL4:K562
BCLAF1,HepG2,chr3:149207387:A:T,1,3,-0.6172025799751282,modal,cuda,PPIL4:K562
BCLAF1,HepG2,chr3:149207402:C:A,1,3,-1.345177412033081,modal,cuda,PPIL4:K562
BCLAF1,HepG2,chr3:149207631:G:A,0,3,0.6868420839309692,modal,cuda,PPIL4:K562
BCLAF1,HepG2,chr3:149209298:G:A,0,3,-0.1524052619934082,modal,cuda,PPIL4:K562
BCLAF1,HepG2,chr3:149209302:C:T,1,3,-0.6963059902191162,modal,cuda,PPIL4:K562
BCLAF1,HepG2,chr3:149209323:C:G,0,3,0.21550005674362183,modal,cuda,PPIL4:K562
BCLAF1,HepG2,chr3:149209342:A:G,1,3,0.21661895513534546,modal,cuda,PPIL4:K562
BCLAF1,HepG2,chr3:149209349:G:A,1,3,-1.8182830810546875,modal,cuda,PPIL4:K562
BCLAF1,HepG2,chr3:149209361:T:A,1,3,1.4555706977844238,modal,cuda,PPIL4:K562
BCLAF1,HepG2,chr3:149209364:C:A,1,3,-1.038500189781189,modal,cuda,PPIL4:K562
BCLAF1,HepG2,chr3:149210187:G:C,1,3,-0.48286712169647217,modal,cuda,PPIL4:K562
BCLAF1,HepG2,chr3:149210281:G:C,1,3,-1.1746147871017456,modal,cuda,PPIL4:K562
BCLAF1,HepG2,chr3:149212431:G:A,0,3,-0.8305718898773193,modal,cuda,PPIL4:K562
BCLAF1,HepG2,chr3:149212432:C:T,0,3,0.4994400143623352,modal,cuda,PPIL4:K562
BCLAF1,HepG2,chr3:149895470:C:A,0,3,-0.9199941158294678,modal,cuda,PPIL4:K562
BCLAF1,HepG2,chr3:149895491:G:T,0,3,0.20906448364257812,modal,cuda,PPIL4:K562
BCLAF1,HepG2,chr3:149895519:A:G,0,3,-0.6204272508621216,modal,cuda,PPIL4:K562
BCLAF1,HepG2,chr3:149902089:A:G,0,3,-0.6057763695716858,modal,cuda,PPIL4:K562
BCLAF1,HepG2,chr3:149902113:G:C,0,3,-0.5046245455741882,modal,cuda,PPIL4:K562
BCLAF1,HepG2,chr3:15571772:T:G,0,3,0.3326175808906555,modal,cuda,PPIL4:K562
BCLAF1,HepG2,chr3:158659047:C:T,0,3,0.6594898700714111,modal,cuda,PPIL4:K562
BCLAF1,HepG2,chr3:158665349:A:T,1,3,2.2320802211761475,modal,cuda,PPIL4:K562
BCLAF1,HepG2,chr3:158666279:A:G,0,3,-0.17538827657699585,modal,cuda,PPIL4:K562
BCLAF1,HepG2,chr3:158666321:T:A,1,3,-0.9371371865272522,modal,cuda,PPIL4:K562
BCLAF1,HepG2,chr3:158666331:T:C,1,3,0.5462037324905396,modal,cuda,PPIL4:K562
BCLAF1,HepG2,chr3:158666356:C:T,1,3,0.3872218132019043,modal,cuda,PPIL4:K562
BCLAF1,HepG2,chr3:160279273:T:A,0,3,-1.2268016338348389,modal,cuda,PPIL4:K562
BCLAF1,HepG2,chr3:160279274:T:G,0,3,-0.4502844214439392,modal,cuda,PPIL4:K562
BCLAF1,HepG2,chr3:160381634:A:C,1,3,2.4156322479248047,modal,cuda,PPIL4:K562
BCLAF1,HepG2,chr3:160381642:C:T,1,3,-0.7097336053848267,modal,cuda,PPIL4:K562
BCLAF1,HepG2,chr3:167720282:A:G,0,3,-0.30256834626197815,modal,cuda,PPIL4:K562
BCLAF1,HepG2,chr3:168030041:G:A,0,3,-0.460979700088501,modal,cuda,PPIL4:K562
BCLAF1,HepG2,chr3:171014624:G:A,0,3,-0.5048981308937073,modal,cuda,PPIL4:K562
BCLAF1,HepG2,chr3:171014683:G:A,1,3,1.2647886276245117,modal,cuda,PPIL4:K562
BCLAF1,HepG2,chr3:171014733:T:C,1,3,-0.7609666585922241,modal,cuda,PPIL4:K562
BCLAF1,HepG2,chr3:171699842:C:G,0,3,0.7197578549385071,modal,cuda,PPIL4:K562
BCLAF1,HepG2,chr3:171724804:A:T,0,3,1.7021970748901367,modal,cuda,PPIL4:K562
BCLAF1,HepG2,chr3:171734855:A:G,0,3,0.19724977016448975,modal,cuda,PPIL4:K562
BCLAF1,HepG2,chr3:177033149:G:C,0,3,0.7080837488174438,modal,cuda,PPIL4:K562
BCLAF1,HepG2,chr3:177038395:A:G,1,3,1.2714451551437378,modal,cuda,PPIL4:K562
BCLAF1,HepG2,chr3:177038442:G:A,0,3,0.6413385272026062,modal,cuda,PPIL4:K562
BCLAF1,HepG2,chr3:177046208:G:A,0,3,-0.48399817943573,modal,cuda,PPIL4:K562
BCLAF1,HepG2,chr3:177047481:T:C,0,3,0.5932821035385132,modal,cuda,PPIL4:K562
BCLAF1,HepG2,chr3:177053817:G:A,1,3,-1.6546051502227783,modal,cuda,PPIL4:K562
BCLAF1,HepG2,chr3:177053931:G:C,0,3,0.4527994990348816,modal,cuda,PPIL4:K562
BCLAF1,HepG2,chr3:177064918:A:G,1,3,0.7697397470474243,modal,cuda,PPIL4:K562
BCLAF1,HepG2,chr3:183052169:A:T,1,3,-0.8209434747695923,modal,cuda,PPIL4:K562
BCLAF1,HepG2,chr3:183663652:G:T,0,3,0.6839985847473145,modal,cuda,PPIL4:K562
BCLAF1,HepG2,chr3:184182892:G:C,0,3,-0.30397528409957886,modal,cuda,PPIL4:K562
BCLAF1,HepG2,chr3:184182941:T:C,0,3,0.0693337470293045,modal,cuda,PPIL4:K562
BCLAF1,HepG2,chr3:184322818:C:T,0,3,-1.0174145698547363,modal,cuda,PPIL4:K562
BCLAF1,HepG2,chr3:184383109:G:A,0,3,-0.6610614061355591,modal,cuda,PPIL4:K562
BCLAF1,HepG2,chr3:184930527:G:A,0,3,-0.29479897022247314,modal,cuda,PPIL4:K562
BCLAF1,HepG2,chr3:186577769:T:A,1,3,-1.7460899353027344,modal,cuda,PPIL4:K562
BCLAF1,HepG2,chr3:186582095:G:C,0,3,-1.1252923011779785,modal,cuda,PPIL4:K562
BCLAF1,HepG2,chr3:186584594:G:A,0,3,0.9661529064178467,modal,cuda,PPIL4:K562
BCLAF1,HepG2,chr3:186584603:G:T,0,3,-0.3022056519985199,modal,cuda,PPIL4:K562
BCLAF1,HepG2,chr3:186585390:T:C,0,3,-0.2787203788757324,modal,cuda,PPIL4:K562
BCLAF1,HepG2,chr3:186786157:C:T,0,3,-0.8558724522590637,modal,cuda,PPIL4:K562
BCLAF1,HepG2,chr3:188760231:G:A,0,3,-0.1446889042854309,modal,cuda,PPIL4:K562
BCLAF1,HepG2,chr3:188760267:C:T,0,3,0.2071477174758911,modal,cuda,PPIL4:K562
BCLAF1,HepG2,chr3:191380750:C:G,0,3,-0.2679319381713867,modal,cuda,PPIL4:K562
BCLAF1,HepG2,chr3:191380942:G:A,0,3,0.18602682650089264,modal,cuda,PPIL4:K562
BCLAF1,HepG2,chr3:191382853:A:T,0,3,0.9732825756072998,modal,cuda,PPIL4:K562
BCLAF1,HepG2,chr3:193615687:G:A,1,3,-0.6227735877037048,modal,cuda,PPIL4:K562
BCLAF1,HepG2,chr3:193617189:A:T,1,3,1.2842360734939575,modal,cuda,PPIL4:K562
BCLAF1,HepG2,chr3:193617202:G:A,0,3,0.38693904876708984,modal,cuda,PPIL4:K562
BCLAF1,HepG2,chr3:193618850:T:C,0,3,0.2678337097167969,modal,cuda,PPIL4:K562
BCLAF1,HepG2,chr3:193618876:G:A,0,3,-0.6005624532699585,modal,cuda,PPIL4:K562
BCLAF1,HepG2,chr3:193618887:C:T,0,3,1.2349276542663574,modal,cuda,PPIL4:K562
BCLAF1,HepG2,chr3:193648150:T:G,0,3,-0.1366691291332245,modal,cuda,PPIL4:K562
BCLAF1,HepG2,chr3:193662806:T:A,0,3,0.9088029861450195,modal,cuda,PPIL4:K562
BCLAF1,HepG2,chr3:193665007:C:G,0,3,-0.781019926071167,modal,cuda,PPIL4:K562
BCLAF1,HepG2,chr3:193667285:G:A,1,3,0.9894972443580627,modal,cuda,PPIL4:K562
BCLAF1,HepG2,chr3:194427274:G:A,0,3,-0.45649850368499756,modal,cuda,PPIL4:K562
BCLAF1,HepG2,chr3:194431771:C:T,1,3,1.4040383100509644,modal,cuda,PPIL4:K562
BCLAF1,HepG2,chr3:194431876:A:G,0,3,0.3320801258087158,modal,cuda,PPIL4:K562
BCLAF1,HepG2,chr3:194437305:C:T,0,3,-0.54876309633255,modal,cuda,PPIL4:K562
BCLAF1,HepG2,chr3:194438909:G:A,0,3,-0.3140522539615631,modal,cuda,PPIL4:K562
BCLAF1,HepG2,chr3:194438916:T:C,0,3,0.0611688494682312,modal,cuda,PPIL4:K562
BCLAF1,HepG2,chr3:194438977:A:G,0,3,0.1484057903289795,modal,cuda,PPIL4:K562
BCLAF1,HepG2,chr3:194438985:A:G,0,3,-0.1086052656173706,modal,cuda,PPIL4:K562
BCLAF1,HepG2,chr3:194441437:C:T,0,3,0.45606017112731934,modal,cuda,PPIL4:K562
BCLAF1,HepG2,chr3:194448494:G:A,0,3,0.12295293807983398,modal,cuda,PPIL4:K562
BCLAF1,HepG2,chr3:194454296:T:C,0,3,0.9068676233291626,modal,cuda,PPIL4:K562
BCLAF1,HepG2,chr3:194455983:C:A,0,3,1.0069921016693115,modal,cuda,PPIL4:K562
BCLAF1,HepG2,chr3:194459561:G:A,0,3,0.1832142025232315,modal,cuda,PPIL4:K562
BCLAF1,HepG2,chr3:194459936:G:A,0,3,-0.30789923667907715,modal,cuda,PPIL4:K562
BCLAF1,HepG2,chr3:194459982:G:A,0,3,-0.19311657547950745,modal,cuda,PPIL4:K562
BCLAF1,HepG2,chr3:196239535:G:A,0,3,0.6297387480735779,modal,cuda,PPIL4:K562
BCLAF1,HepG2,chr3:197044642:G:A,0,3,0.35400277376174927,modal,cuda,PPIL4:K562
BCLAF1,HepG2,chr3:197044683:T:C,0,3,-1.2359246015548706,modal,cuda,PPIL4:K562
BCLAF1,HepG2,chr3:197065292:C:T,0,3,-0.21110427379608154,modal,cuda,PPIL4:K562
BCLAF1,HepG2,chr3:197081057:A:C,0,3,-0.47145652770996094,modal,cuda,PPIL4:K562
BCLAF1,HepG2,chr3:197115960:A:G,0,3,-0.2861713767051697,modal,cuda,PPIL4:K562
BCLAF1,HepG2,chr3:197138319:C:T,0,3,0.45901477336883545,modal,cuda,PPIL4:K562
BCLAF1,HepG2,chr3:197138320:G:A,0,3,0.3300532400608063,modal,cuda,PPIL4:K562
BCLAF1,HepG2,chr3:197149779:T:A,0,3,0.43999454379081726,modal,cuda,PPIL4:K562
BCLAF1,HepG2,chr3:25612504:G:T,0,3,-0.6961393356323242,modal,cuda,PPIL4:K562
BCLAF1,HepG2,chr3:25612507:T:C,0,3,0.30391907691955566,modal,cuda,PPIL4:K562
BCLAF1,HepG2,chr3:25733865:A:C,0,3,-1.0396636724472046,modal,cuda,PPIL4:K562
BCLAF1,HepG2,chr3:25778566:A:T,0,3,0.3693197965621948,modal,cuda,PPIL4:K562
BCLAF1,HepG2,chr3:3144599:T:C,1,3,-0.22851037979125977,modal,cuda,PPIL4:K562
BCLAF1,HepG2,chr3:3144640:A:T,1,3,2.631307363510132,modal,cuda,PPIL4:K562
BCLAF1,HepG2,chr3:3144671:G:T,1,3,1.1369913816452026,modal,cuda,PPIL4:K562
BCLAF1,HepG2,chr3:3146404:T:C,1,3,0.221609428524971,modal,cuda,PPIL4:K562
BCLAF1,HepG2,chr3:3146489:T:C,1,3,-0.3454849123954773,modal,cuda,PPIL4:K562
BCLAF1,HepG2,chr3:36996644:C:T,1,3,-2.4790713787078857,modal,cuda,PPIL4:K562
BCLAF1,HepG2,chr3:36996648:T:A,1,3,0.4463341236114502,modal,cuda,PPIL4:K562
BCLAF1,HepG2,chr3:36996659:G:T,1,3,-1.630025029182434,modal,cuda,PPIL4:K562
BCLAF1,HepG2,chr3:36996668:C:T,0,3,-0.8410752415657043,modal,cuda,PPIL4:K562
BCLAF1,HepG2,chr3:36996670:G:A,0,3,-1.180704951286316,modal,cuda,PPIL4:K562
BCLAF1,HepG2,chr3:36996671:A:T,1,3,1.1051957607269287,modal,cuda,PPIL4:K562
BCLAF1,HepG2,chr3:36996680:C:T,1,3,0.9969736337661743,modal,cuda,PPIL4:K562
BCLAF1,HepG2,chr3:36996686:C:T,1,3,-2.0476746559143066,modal,cuda,PPIL4:K562
BCLAF1,HepG2,chr3:36996691:C:A,1,3,-0.5237734317779541,modal,cuda,PPIL4:K562
BCLAF1,HepG2,chr3:36996697:C:T,0,3,-0.7476158142089844,modal,cuda,PPIL4:K562
BCLAF1,HepG2,chr3:36996701:G:A,1,3,-0.44341349601745605,modal,cuda,PPIL4:K562
BCLAF1,HepG2,chr3:36996701:G:T,1,3,0.4206908941268921,modal,cuda,PPIL4:K562
BCLAF1,HepG2,chr3:36996702:G:A,1,3,0.8823442459106445,modal,cuda,PPIL4:K562
BCLAF1,HepG2,chr3:36996710:G:C,1,3,-3.003523826599121,modal,cuda,PPIL4:K562
BCLAF1,HepG2,chr3:36996711:T:G,1,3,-1.6667287349700928,modal,cuda,PPIL4:K562
BCLAF1,HepG2,chr3:37000953:A:G,1,3,0.7992345690727234,modal,cuda,PPIL4:K562
BCLAF1,HepG2,chr3:37000954:G:A,1,3,-1.1534042358398438,modal,cuda,PPIL4:K562
BCLAF1,HepG2,chr3:37000958:G:T,1,3,1.936711311340332,modal,cuda,PPIL4:K562
BCLAF1,HepG2,chr3:37000976:T:C,1,3,-0.8230384588241577,modal,cuda,PPIL4:K562
BCLAF1,HepG2,chr3:37000977:G:A,1,3,-0.4616415202617645,modal,cuda,PPIL4:K562
BCLAF1,HepG2,chr3:37000979:G:T,1,3,3.234100818634033,modal,cuda,PPIL4:K562
BCLAF1,HepG2,chr3:37000992:C:T,1,3,0.6034318208694458,modal,cuda,PPIL4:K562
BCLAF1,HepG2,chr3:37000997:A:T,1,3,1.4037569761276245,modal,cuda,PPIL4:K562
BCLAF1,HepG2,chr3:37001003:C:T,1,3,1.2445688247680664,modal,cuda,PPIL4:K562
BCLAF1,HepG2,chr3:37001008:C:A,0,3,0.4021657705307007,modal,cuda,PPIL4:K562
BCLAF1,HepG2,chr3:37001012:G:T,1,3,2.0229835510253906,modal,cuda,PPIL4:K562
BCLAF1,HepG2,chr3:37001019:T:G,1,3,1.6501438617706299,modal,cuda,PPIL4:K562
BCLAF1,HepG2,chr3:37001045:C:T,1,3,2.4979987144470215,modal,cuda,PPIL4:K562
BCLAF1,HepG2,chr3:37001046:G:C,1,3,-1.062650203704834,modal,cuda,PPIL4:K562
BCLAF1,HepG2,chr3:37001053:G:C,1,3,1.7670621871948242,modal,cuda,PPIL4:K562
BCLAF1,HepG2,chr3:37001054:G:A,1,3,1.2348334789276123,modal,cuda,PPIL4:K562
BCLAF1,HepG2,chr3:37001054:G:C,1,3,-1.7711325883865356,modal,cuda,PPIL4:K562
BCLAF1,HepG2,chr3:37001054:G:T,1,3,-0.8174206018447876,modal,cuda,PPIL4:K562
BCLAF1,HepG2,chr3:37001055:T:A,1,3,1.413204312324524,modal,cuda,PPIL4:K562
BCLAF1,HepG2,chr3:37001058:G:A,1,3,1.403778314590454,modal,cuda,PPIL4:K562
BCLAF1,HepG2,chr3:37004405:T:A,1,3,0.9462952613830566,modal,cuda,PPIL4:K562
BCLAF1,HepG2,chr3:37004414:T:G,1,3,-0.37297770380973816,modal,cuda,PPIL4:K562
BCLAF1,HepG2,chr3:37004444:C:T,1,3,0.5161372423171997,modal,cuda,PPIL4:K562
BCLAF1,HepG2,chr3:37011823:T:G,1,3,-0.40858662128448486,modal,cuda,PPIL4:K562
BCLAF1,HepG2,chr3:37011825:C:G,1,3,-1.158984899520874,modal,cuda,PPIL4:K562
BCLAF1,HepG2,chr3:37011828:T:G,1,3,-0.5360374450683594,modal,cuda,PPIL4:K562
BCLAF1,HepG2,chr3:37011852:C:G,1,3,1.2166227102279663,modal,cuda,PPIL4:K562
BCLAF1,HepG2,chr3:37011860:A:T,1,3,0.8199748396873474,modal,cuda,PPIL4:K562
BCLAF1,HepG2,chr3:37011867:G:A,1,3,-1.224247932434082,modal,cuda,PPIL4:K562
BCLAF1,HepG2,chr3:37011873:G:C,0,3,0.5025243759155273,modal,cuda,PPIL4:K562
BCLAF1,HepG2,chr3:37337743:C:T,0,3,-0.6717525720596313,modal,cuda,PPIL4:K562
BCLAF1,HepG2,chr3:39091638:A:G,0,3,0.4982401728630066,modal,cuda,PPIL4:K562
BCLAF1,HepG2,chr3:39094036:G:A,0,3,0.2071305811405182,modal,cuda,PPIL4:K562
BCLAF1,HepG2,chr3:41224767:T:C,0,3,0.8428518772125244,modal,cuda,PPIL4:K562
BCLAF1,HepG2,chr3:41224951:C:A,1,3,-0.7701886892318726,modal,cuda,PPIL4:K562
BCLAF1,HepG2,chr3:41954644:T:C,0,3,-0.6351776123046875,modal,cuda,PPIL4:K562
BCLAF1,HepG2,chr3:42176807:C:G,0,3,-1.1664897203445435,modal,cuda,PPIL4:K562
BCLAF1,HepG2,chr3:42201047:G:A,0,3,0.07554799318313599,modal,cuda,PPIL4:K562
BCLAF1,HepG2,chr3:4376305:A:C,0,3,1.6138689517974854,modal,cuda,PPIL4:K562
BCLAF1,HepG2,chr3:4376365:G:A,1,3,1.2009456157684326,modal,cuda,PPIL4:K562
BCLAF1,HepG2,chr3:4452849:T:C,0,3,0.40100640058517456,modal,cuda,PPIL4:K562
BCLAF1,HepG2,chr3:4493454:G:A,0,3,-0.1787705421447754,modal,cuda,PPIL4:K562
BCLAF1,HepG2,chr3:4494442:A:G,0,3,-0.4123287498950958,modal,cuda,PPIL4:K562
BCLAF1,HepG2,chr3:45388659:G:A,0,3,-0.6062566041946411,modal,cuda,PPIL4:K562
BCLAF1,HepG2,chr3:47083741:C:T,0,3,-0.45207035541534424,modal,cuda,PPIL4:K562
BCLAF1,HepG2,chr3:47083771:C:T,0,3,-0.8473193049430847,modal,cuda,PPIL4:K562
BCLAF1,HepG2,chr3:47083968:C:T,0,3,0.12203168869018555,modal,cuda,PPIL4:K562
BCLAF1,HepG2,chr3:47084019:C:A,1,3,-0.7774842977523804,modal,cuda,PPIL4:K562
BCLAF1,HepG2,chr3:47084336:A:C,1,3,-1.2779852151870728,modal,cuda,PPIL4:K562
BCLAF1,HepG2,chr3:47088119:G:A,0,3,-0.35749053955078125,modal,cuda,PPIL4:K562
BCLAF1,HepG2,chr3:47088154:C:A,1,3,2.698857307434082,modal,cuda,PPIL4:K562
BCLAF1,HepG2,chr3:47088171:C:T,1,3,0.20355594158172607,modal,cuda,PPIL4:K562
BCLAF1,HepG2,chr3:47105977:A:G,0,3,0.8298020958900452,modal,cuda,PPIL4:K562
BCLAF1,HepG2,chr3:47106062:G:A,1,3,0.8890234231948853,modal,cuda,PPIL4:K562
BCLAF1,HepG2,chr3:47106069:A:G,0,3,0.2347370684146881,modal,cuda,PPIL4:K562
BCLAF1,HepG2,chr3:47116723:G:A,1,3,0.7960783243179321,modal,cuda,PPIL4:K562
BCLAF1,HepG2,chr3:47116766:A:C,0,3,1.684506893157959,modal,cuda,PPIL4:K562
BCLAF1,HepG2,chr3:47121171:A:G,0,3,0.33329397439956665,modal,cuda,PPIL4:K562
BCLAF1,HepG2,chr3:47121197:G:A,1,3,2.110353708267212,modal,cuda,PPIL4:K562
BCLAF1,HepG2,chr3:47121210:T:G,0,3,0.7319073677062988,modal,cuda,PPIL4:K562
BCLAF1,HepG2,chr3:47121683:C:G,0,3,0.25102102756500244,modal,cuda,PPIL4:K562
BCLAF1,HepG2,chr3:47121724:G:C,0,3,1.2564806938171387,modal,cuda,PPIL4:K562
BCLAF1,HepG2,chr3:47124428:G:A,1,3,1.2965543270111084,modal,cuda,PPIL4:K562
BCLAF1,HepG2,chr3:47916506:C:G,0,3,-0.4703493118286133,modal,cuda,PPIL4:K562
BCLAF1,HepG2,chr3:47916547:G:T,0,3,0.8518645167350769,modal,cuda,PPIL4:K562
BCLAF1,HepG2,chr3:47916671:T:C,0,3,0.0872955322265625,modal,cuda,PPIL4:K562
BCLAF1,HepG2,chr3:47998750:A:G,0,3,0.365673303604126,modal,cuda,PPIL4:K562
BCLAF1,HepG2,chr3:48567782:G:C,0,3,0.43062615394592285,modal,cuda,PPIL4:K562
BCLAF1,HepG2,chr3:50059680:A:G,0,3,0.2300647497177124,modal,cuda,PPIL4:K562
BCLAF1,HepG2,chr3:50066325:G:A,0,3,-0.05557262897491455,modal,cuda,PPIL4:K562
BCLAF1,HepG2,chr3:52662287:G:C,0,3,0.6218185424804688,modal,cuda,PPIL4:K562
BCLAF1,HepG2,chr3:52668490:T:C,0,3,-0.1658058613538742,modal,cuda,PPIL4:K562
BCLAF1,HepG2,chr3:57860850:C:A,0,3,-0.5189793109893799,modal,cuda,PPIL4:K562
BCLAF1,HepG2,chr3:57861934:A:G,0,3,-0.6834945678710938,modal,cuda,PPIL4:K562
BCLAF1,HepG2,chr3:57912385:A:G,0,3,-0.7449322938919067,modal,cuda,PPIL4:K562
BCLAF1,HepG2,chr3:58096233:C:T,0,3,-0.527632474899292,modal,cuda,PPIL4:K562
BCLAF1,HepG2,chr3:58126597:T:G,0,3,-1.9112021923065186,modal,cuda,PPIL4:K562
BCLAF1,HepG2,chr3:58391211:G:A,0,3,-0.26554736495018005,modal,cuda,PPIL4:K562
BCLAF1,HepG2,chr3:67528240:C:T,0,3,-0.3245978355407715,modal,cuda,PPIL4:K562
BCLAF1,HepG2,chr3:67529077:C:G,0,3,0.5782971978187561,modal,cuda,PPIL4:K562
BCLAF1,HepG2,chr3:70959326:A:C,0,3,-0.39973926544189453,modal,cuda,PPIL4:K562
BCLAF1,HepG2,chr3:71001073:T:C,0,3,0.20382851362228394,modal,cuda,PPIL4:K562
BCLAF1,HepG2,chr3:71359168:C:T,0,3,0.6157601475715637,modal,cuda,PPIL4:K562
BCLAF1,HepG2,chr3:78938586:G:A,0,3,0.8628259897232056,modal,cuda,PPIL4:K562
BCLAF1,HepG2,chr3:93884905:T:C,1,3,-0.3364177942276001,modal,cuda,PPIL4:K562
BCLAF1,HepG2,chr3:9445644:C:T,0,3,1.278205394744873,modal,cuda,PPIL4:K562
BCLAF1,HepG2,chr3:9447031:C:A,0,3,1.4952722787857056,modal,cuda,PPIL4:K562
BCLAF1,HepG2,chr3:9940912:C:T,1,3,0.3060294985771179,modal,cuda,PPIL4:K562
BCLAF1,HepG2,chr3:99849303:G:A,0,3,-0.20260965824127197,modal,cuda,PPIL4:K562
BCLAF1,HepG2,chr3:99849441:G:A,0,3,0.20701932907104492,modal,cuda,PPIL4:K562
BCLAF1,HepG2,chr3:99849893:A:G,0,3,-0.4621884226799011,modal,cuda,PPIL4:K562
BCLAF1,HepG2,chr3:99851036:G:C,0,3,0.20545709133148193,modal,cuda,PPIL4:K562
BCLAF1,HepG2,chr4:105424224:C:T,0,1,-0.9910488128662109,modal,cuda,PPIL4:K562
BCLAF1,HepG2,chr4:105424311:A:T,1,1,-4.394466876983643,modal,cuda,PPIL4:K562
BCLAF1,HepG2,chr4:105449353:C:A,1,1,-5.038846969604492,modal,cuda,PPIL4:K562
BCLAF1,HepG2,chr4:105449391:T:C,1,1,1.8930445909500122,modal,cuda,PPIL4:K562
BCLAF1,HepG2,chr4:105449422:C:A,0,1,-3.475445508956909,modal,cuda,PPIL4:K562
BCLAF1,HepG2,chr4:106231725:T:A,0,1,1.928663730621338,modal,cuda,PPIL4:K562
BCLAF1,HepG2,chr4:106233575:A:G,0,1,2.2455410957336426,modal,cuda,PPIL4:K562
BCLAF1,HepG2,chr4:106244775:C:T,0,1,-1.2328474521636963,modal,cuda,PPIL4:K562
BCLAF1,HepG2,chr4:106250409:G:C,0,1,1.5223150253295898,modal,cuda,PPIL4:K562
BCLAF1,HepG2,chr4:106250490:G:A,0,1,-1.8255994319915771,modal,cuda,PPIL4:K562
BCLAF1,HepG2,chr4:106251973:G:A,1,1,6.564419746398926,modal,cuda,PPIL4:K562
BCLAF1,HepG2,chr4:106260459:C:T,0,1,-0.5369644165039062,modal,cuda,PPIL4:K562
BCLAF1,HepG2,chr4:106262103:G:A,1,1,5.103371620178223,modal,cuda,PPIL4:K562
BCLAF1,HepG2,chr4:106308907:A:G,0,1,2.2712903022766113,modal,cuda,PPIL4:K562
BCLAF1,HepG2,chr4:109741074:T:A,1,1,-1.9975371360778809,modal,cuda,PPIL4:K562
BCLAF1,HepG2,chr4:109746241:A:G,0,1,-2.7616329193115234,modal,cuda,PPIL4:K562
BCLAF1,HepG2,chr4:109746434:C:T,0,1,-3.57887601852417,modal,cuda,PPIL4:K562
BCLAF1,HepG2,chr4:109746511:G:A,0,1,-3.5091986656188965,modal,cuda,PPIL4:K562
BCLAF1,HepG2,chr4:109749321:C:T,1,1,0.5852165222167969,modal,cuda,PPIL4:K562
BCLAF1,HepG2,chr4:109749510:G:A,1,1,1.371192216873169,modal,cuda,PPIL4:K562
BCLAF1,HepG2,chr4:109757769:T:C,0,1,0.9779806137084961,modal,cuda,PPIL4:K562
BCLAF1,HepG2,chr4:109757790:A:G,0,1,1.5591237545013428,modal,cuda,PPIL4:K562
BCLAF1,HepG2,chr4:109760349:C:T,0,1,-2.1194515228271484,modal,cuda,PPIL4:K562
BCLAF1,HepG2,chr4:109760556:A:C,1,1,3.3589911460876465,modal,cuda,PPIL4:K562
BCLAF1,HepG2,chr4:109760567:C:T,1,1,-0.5942637920379639,modal,cuda,PPIL4:K562
BCLAF1,HepG2,chr4:109764523:A:T,0,1,-2.124577522277832,modal,cuda,PPIL4:K562
BCLAF1,HepG2,chr4:109764531:G:A,0,1,-1.2031867504119873,modal,cuda,PPIL4:K562
BCLAF1,HepG2,chr4:109764574:C:A,1,1,-4.783024311065674,modal,cuda,PPIL4:K562
BCLAF1,HepG2,chr4:109764585:C:T,1,1,-2.1805241107940674,modal,cuda,PPIL4:K562
BCLAF1,HepG2,chr4:109766567:T:A,0,1,-2.4854142665863037,modal,cuda,PPIL4:K562
BCLAF1,HepG2,chr4:109766572:C:A,1,1,-4.329987049102783,modal,cuda,PPIL4:K562
BCLAF1,HepG2,chr4:112644679:G:A,0,1,1.6995487213134766,modal,cuda,PPIL4:K562
BCLAF1,HepG2,chr4:119245361:C:T,1,1,-2.0056746006011963,modal,cuda,PPIL4:K562
BCLAF1,HepG2,chr4:121814070:C:A,0,1,-0.4823470115661621,modal,cuda,PPIL4:K562
BCLAF1,HepG2,chr4:121816810:G:C,0,1,2.516035556793213,modal,cuda,PPIL4:K562
BCLAF1,HepG2,chr4:122199459:G:A,0,1,-0.5517969131469727,modal,cuda,PPIL4:K562
BCLAF1,HepG2,chr4:122238075:A:G,0,1,-1.1910182237625122,modal,cuda,PPIL4:K562
BCLAF1,HepG2,chr4:122244031:T:G,0,1,1.8817203044891357,modal,cuda,PPIL4:K562
BCLAF1,HepG2,chr4:123090563:G:A,0,1,-2.2160840034484863,modal,cuda,PPIL4:K562
BCLAF1,HepG2,chr4:127938782:C:G,1,1,-5.697543621063232,modal,cuda,PPIL4:K562
BCLAF1,HepG2,chr4:127938789:C:A,1,1,3.105665683746338,modal,cuda,PPIL4:K562
BCLAF1,HepG2,chr4:127938810:G:A,1,1,2.549835681915283,modal,cuda,PPIL4:K562
BCLAF1,HepG2,chr4:127938818:G:C,1,1,-1.43792724609375,modal,cuda,PPIL4:K562
BCLAF1,HepG2,chr4:127938839:C:T,1,1,-2.5029594898223877,modal,cuda,PPIL4:K562
BCLAF1,HepG2,chr4:139342975:C:A,0,1,-1.8574738502502441,modal,cuda,PPIL4:K562
BCLAF1,HepG2,chr4:139354103:G:A,1,1,1.9905328750610352,modal,cuda,PPIL4:K562
BCLAF1,HepG2,chr4:139359900:G:A,1,1,-2.673676013946533,modal,cuda,PPIL4:K562
BCLAF1,HepG2,chr4:145110451:G:T,0,1,-0.6108720302581787,modal,cuda,PPIL4:K562
BCLAF1,HepG2,chr4:150844091:G:A,0,1,-0.6487149000167847,modal,cuda,PPIL4:K562
BCLAF1,HepG2,chr4:150872652:G:A,0,1,2.8298768997192383,modal,cuda,PPIL4:K562
BCLAF1,HepG2,chr4:150905994:C:A,0,1,-3.0077595710754395,modal,cuda,PPIL4:K562
BCLAF1,HepG2,chr4:150914350:G:A,0,1,-1.3256464004516602,modal,cuda,PPIL4:K562
BCLAF1,HepG2,chr4:150929074:G:A,0,1,1.1497756242752075,modal,cuda,PPIL4:K562
BCLAF1,HepG2,chr4:154568434:C:T,1,1,1.8674736022949219,modal,cuda,PPIL4:K562
BCLAF1,HepG2,chr4:154569192:G:T,0,1,2.744446277618408,modal,cuda,PPIL4:K562
BCLAF1,HepG2,chr4:154569320:C:T,1,1,-3.0715928077697754,modal,cuda,PPIL4:K562
BCLAF1,HepG2,chr4:154569529:G:C,1,1,3.6882874965667725,modal,cuda,PPIL4:K562
BCLAF1,HepG2,chr4:154569680:C:T,0,1,-3.277672290802002,modal,cuda,PPIL4:K562
BCLAF1,HepG2,chr4:154569703:T:G,1,1,-0.7174472808837891,modal,cuda,PPIL4:K562
BCLAF1,HepG2,chr4:154605079:G:A,0,1,-2.5549206733703613,modal,cuda,PPIL4:K562
BCLAF1,HepG2,chr4:158682194:G:T,1,1,3.570309638977051,modal,cuda,PPIL4:K562
BCLAF1,HepG2,chr4:165337904:A:G,0,1,0.8950281143188477,modal,cuda,PPIL4:K562
BCLAF1,HepG2,chr4:165337909:C:G,0,1,-2.335601568222046,modal,cuda,PPIL4:K562
BCLAF1,HepG2,chr4:169585396:C:A,1,1,-3.893503189086914,modal,cuda,PPIL4:K562
BCLAF1,HepG2,chr4:169585552:A:G,0,1,3.927197217941284,modal,cuda,PPIL4:K562
BCLAF1,HepG2,chr4:169588686:G:A,1,1,2.7318294048309326,modal,cuda,PPIL4:K562
BCLAF1,HepG2,chr4:1744840:C:T,0,1,-1.0866775512695312,modal,cuda,PPIL4:K562
BCLAF1,HepG2,chr4:1904379:G:C,1,1,-1.8561091423034668,modal,cuda,PPIL4:K562
BCLAF1,HepG2,chr4:22401411:G:A,0,1,-1.094254493713379,modal,cuda,PPIL4:K562
BCLAF1,HepG2,chr4:22438236:G:A,0,1,-2.5154504776000977,modal,cuda,PPIL4:K562
BCLAF1,HepG2,chr4:22442637:A:T,0,1,1.1529150009155273,modal,cuda,PPIL4:K562
BCLAF1,HepG2,chr4:23813899:C:T,0,1,0.6641340255737305,modal,cuda,PPIL4:K562
BCLAF1,HepG2,chr4:25127252:A:G,0,1,5.560765743255615,modal,cuda,PPIL4:K562
BCLAF1,HepG2,chr4:26428874:T:C,0,1,1.936153531074524,modal,cuda,PPIL4:K562
BCLAF1,HepG2,chr4:2663247:A:G,0,1,-1.3925013542175293,modal,cuda,PPIL4:K562
BCLAF1,HepG2,chr4:3178294:T:C,0,1,1.1938896179199219,modal,cuda,PPIL4:K562
BCLAF1,HepG2,chr4:3180654:A:G,0,1,1.9342522621154785,modal,cuda,PPIL4:K562
BCLAF1,HepG2,chr4:39189694:T:A,1,1,-1.5737271308898926,modal,cuda,PPIL4:K562
BCLAF1,HepG2,chr4:39189725:C:A,1,1,-3.5421950817108154,modal,cuda,PPIL4:K562
BCLAF1,HepG2,chr4:39203745:C:T,0,1,1.030355453491211,modal,cuda,PPIL4:K562
BCLAF1,HepG2,chr4:39342473:T:A,0,1,1.1215496063232422,modal,cuda,PPIL4:K562
BCLAF1,HepG2,chr4:44683303:T:C,0,1,2.1192286014556885,modal,cuda,PPIL4:K562
BCLAF1,HepG2,chr4:47885519:T:C,0,1,0.445523738861084,modal,cuda,PPIL4:K562
BCLAF1,HepG2,chr4:47885974:G:A,0,1,0.9098976850509644,modal,cuda,PPIL4:K562
BCLAF1,HepG2,chr4:47899071:C:T,0,1,-0.8564519882202148,modal,cuda,PPIL4:K562
BCLAF1,HepG2,chr4:500593:C:T,1,1,4.53964376449585,modal,cuda,PPIL4:K562
BCLAF1,HepG2,chr4:507457:G:A,1,1,-5.003011703491211,modal,cuda,PPIL4:K562
BCLAF1,HepG2,chr4:507458:G:A,1,1,-4.751942157745361,modal,cuda,PPIL4:K562
BCLAF1,HepG2,chr4:507474:C:T,1,1,4.190853118896484,modal,cuda,PPIL4:K562
BCLAF1,HepG2,chr4:507606:G:A,0,1,0.9461585879325867,modal,cuda,PPIL4:K562
BCLAF1,HepG2,chr4:508835:G:T,1,1,1.194211483001709,modal,cuda,PPIL4:K562
BCLAF1,HepG2,chr4:521104:G:A,1,1,-5.937167644500732,modal,cuda,PPIL4:K562
BCLAF1,HepG2,chr4:521105:G:A,1,1,-4.398372650146484,modal,cuda,PPIL4:K562
BCLAF1,HepG2,chr4:521134:C:G,1,1,-3.090454578399658,modal,cuda,PPIL4:K562
BCLAF1,HepG2,chr4:55417826:T:C,0,1,-2.834249258041382,modal,cuda,PPIL4:K562
BCLAF1,HepG2,chr4:56478613:A:G,0,1,-0.6242845058441162,modal,cuda,PPIL4:K562
BCLAF1,HepG2,chr4:73420317:C:T,0,1,-2.439509630203247,modal,cuda,PPIL4:K562
BCLAF1,HepG2,chr4:76124687:T:C,1,1,2.250722885131836,modal,cuda,PPIL4:K562
BCLAF1,HepG2,chr4:78252556:G:T,1,1,5.985184192657471,modal,cuda,PPIL4:K562
BCLAF1,HepG2,chr4:78255238:C:G,0,1,-0.6736578941345215,modal,cuda,PPIL4:K562
BCLAF1,HepG2,chr4:78267441:C:T,0,1,-0.8736295700073242,modal,cuda,PPIL4:K562
BCLAF1,HepG2,chr4:78281446:T:C,0,1,0.9700446128845215,modal,cuda,PPIL4:K562
BCLAF1,HepG2,chr4:82426113:A:G,0,1,2.5796096324920654,modal,cuda,PPIL4:K562
BCLAF1,HepG2,chr4:82427174:A:C,0,1,1.6602392196655273,modal,cuda,PPIL4:K562
BCLAF1,HepG2,chr4:82427499:T:C,0,1,0.893767774105072,modal,cuda,PPIL4:K562
BCLAF1,HepG2,chr4:82428060:A:C,0,1,-1.3752946853637695,modal,cuda,PPIL4:K562
BCLAF1,HepG2,chr4:82428194:T:A,0,1,-1.302524209022522,modal,cuda,PPIL4:K562
BCLAF1,HepG2,chr4:82428196:T:C,0,1,-0.5055785179138184,modal,cuda,PPIL4:K562
BCLAF1,HepG2,chr4:82872090:A:C,0,1,-1.8201768398284912,modal,cuda,PPIL4:K562
BCLAF1,HepG2,chr4:94233997:A:G,0,1,-0.19515419006347656,modal,cuda,PPIL4:K562
BCLAF1,HepG2,chr4:94252628:T:C,0,1,0.850447416305542,modal,cuda,PPIL4:K562
BCLAF1,HepG2,chr4:94252777:C:T,0,1,-1.4113411903381348,modal,cuda,PPIL4:K562
BCLAF1,HepG2,chr4:94264904:A:G,0,1,2.4585657119750977,modal,cuda,PPIL4:K562
BCLAF1,HepG2,chr4:9920590:C:T,0,1,-2.00746488571167,modal,cuda,PPIL4:K562
BCLAF1,HepG2,chr5:10254705:A:G,0,1,2.2021188735961914,modal,cuda,PPIL4:K562
BCLAF1,HepG2,chr5:10264850:A:G,0,1,0.7888927459716797,modal,cuda,PPIL4:K562
BCLAF1,HepG2,chr5:108959248:T:C,0,1,-1.8058700561523438,modal,cuda,PPIL4:K562
BCLAF1,HepG2,chr5:112766331:A:T,0,1,-0.8514689207077026,modal,cuda,PPIL4:K562
BCLAF1,HepG2,chr5:112766335:A:T,1,1,2.736144781112671,modal,cuda,PPIL4:K562
BCLAF1,HepG2,chr5:112766338:C:T,1,1,3.420423984527588,modal,cuda,PPIL4:K562
BCLAF1,HepG2,chr5:112766344:C:T,1,1,2.409766435623169,modal,cuda,PPIL4:K562
BCLAF1,HepG2,chr5:112766367:T:A,0,1,0.3765840530395508,modal,cuda,PPIL4:K562
BCLAF1,HepG2,chr5:112766376:T:C,0,1,-0.2197422981262207,modal,cuda,PPIL4:K562
BCLAF1,HepG2,chr5:112766380:G:T,1,1,2.426244020462036,modal,cuda,PPIL4:K562
BCLAF1,HepG2,chr5:112766383:C:T,1,1,3.7072830200195312,modal,cuda,PPIL4:K562
BCLAF1,HepG2,chr5:112766393:T:A,1,1,-1.9606618881225586,modal,cuda,PPIL4:K562
BCLAF1,HepG2,chr5:112766393:T:G,1,1,-2.068885564804077,modal,cuda,PPIL4:K562
BCLAF1,HepG2,chr5:112766396:T:A,1,1,-1.265179991722107,modal,cuda,PPIL4:K562
BCLAF1,HepG2,chr5:112801283:C:A,1,1,1.5193028450012207,modal,cuda,PPIL4:K562
BCLAF1,HepG2,chr5:112801288:C:T,1,1,4.150535583496094,modal,cuda,PPIL4:K562
BCLAF1,HepG2,chr5:112801310:C:G,1,1,1.9161243438720703,modal,cuda,PPIL4:K562
BCLAF1,HepG2,chr5:112801339:C:T,1,1,3.912769317626953,modal,cuda,PPIL4:K562
BCLAF1,HepG2,chr5:112801351:G:T,1,1,6.282435417175293,modal,cuda,PPIL4:K562
BCLAF1,HepG2,chr5:112839221:A:G,0,1,-0.5998979806900024,modal,cuda,PPIL4:K562
BCLAF1,HepG2,chr5:112839251:C:T,0,1,-1.2452123165130615,modal,cuda,PPIL4:K562
BCLAF1,HepG2,chr5:112839284:G:A,0,1,1.268989086151123,modal,cuda,PPIL4:K562
BCLAF1,HepG2,chr5:112839287:C:A,0,1,-3.095848321914673,modal,cuda,PPIL4:K562
BCLAF1,HepG2,chr5:112839320:G:A,0,1,2.259232997894287,modal,cuda,PPIL4:K562
BCLAF1,HepG2,chr5:113532996:C:A,0,1,4.200973033905029,modal,cuda,PPIL4:K562
BCLAF1,HepG2,chr5:113548532:T:C,0,1,0.7646825313568115,modal,cuda,PPIL4:K562
BCLAF1,HepG2,chr5:113553178:C:T,0,1,0.33741188049316406,modal,cuda,PPIL4:K562
BCLAF1,HepG2,chr5:113553368:G:A,0,1,1.487886905670166,modal,cuda,PPIL4:K562
BCLAF1,HepG2,chr5:113553581:T:C,0,1,-1.9144346714019775,modal,cuda,PPIL4:K562
BCLAF1,HepG2,chr5:113591989:C:A,0,1,0.6718616485595703,modal,cuda,PPIL4:K562
BCLAF1,HepG2,chr5:119116178:T:G,0,1,-2.1751327514648438,modal,cuda,PPIL4:K562
BCLAF1,HepG2,chr5:119116201:G:A,0,1,-2.2531306743621826,modal,cuda,PPIL4:K562
BCLAF1,HepG2,chr5:119116244:C:T,0,1,-2.9376349449157715,modal,cuda,PPIL4:K562
BCLAF1,HepG2,chr5:119473982:A:T,1,1,4.082178115844727,modal,cuda,PPIL4:K562
BCLAF1,HepG2,chr5:119475699:A:G,0,1,0.7609559297561646,modal,cuda,PPIL4:K562
BCLAF1,HepG2,chr5:119475838:G:A,0,1,-2.072448253631592,modal,cuda,PPIL4:K562
BCLAF1,HepG2,chr5:119475838:G:C,1,1,-3.057898998260498,modal,cuda,PPIL4:K562
BCLAF1,HepG2,chr5:119477487:A:T,0,1,-2.6888747215270996,modal,cuda,PPIL4:K562
BCLAF1,HepG2,chr5:119477488:C:T,1,1,1.381971836090088,modal,cuda,PPIL4:K562
BCLAF1,HepG2,chr5:119478848:C:A,1,1,2.4074583053588867,modal,cuda,PPIL4:K562
BCLAF1,HepG2,chr5:119489251:G:T,1,1,-3.5059523582458496,modal,cuda,PPIL4:K562
BCLAF1,HepG2,chr5:119489276:T:A,1,1,3.027345657348633,modal,cuda,PPIL4:K562
BCLAF1,HepG2,chr5:119493818:T:G,1,1,-4.723787307739258,modal,cuda,PPIL4:K562
BCLAF1,HepG2,chr5:119493838:G:A,1,1,3.700155735015869,modal,cuda,PPIL4:K562
BCLAF1,HepG2,chr5:119493896:G:A,1,1,5.93882942199707,modal,cuda,PPIL4:K562
BCLAF1,HepG2,chr5:119496563:G:T,1,1,2.484103202819824,modal,cuda,PPIL4:K562
BCLAF1,HepG2,chr5:119496585:C:G,1,1,-2.2902774810791016,modal,cuda,PPIL4:K562
BCLAF1,HepG2,chr5:119499491:C:T,1,1,3.086719512939453,modal,cuda,PPIL4:K562
BCLAF1,HepG2,chr5:119502061:C:G,1,1,3.2280430793762207,modal,cuda,PPIL4:K562
BCLAF1,HepG2,chr5:119502063:T:A,1,1,2.0417697429656982,modal,cuda,PPIL4:K562
BCLAF1,HepG2,chr5:119529917:C:T,0,1,0.8107624053955078,modal,cuda,PPIL4:K562
BCLAF1,HepG2,chr5:126819005:C:T,0,1,-1.4025509357452393,modal,cuda,PPIL4:K562
BCLAF1,HepG2,chr5:126822763:C:G,0,1,3.669180393218994,modal,cuda,PPIL4:K562
BCLAF1,HepG2,chr5:126836279:T:C,0,1,-1.4291458129882812,modal,cuda,PPIL4:K562
BCLAF1,HepG2,chr5:126836282:C:T,0,1,1.5897269248962402,modal,cuda,PPIL4:K562
BCLAF1,HepG2,chr5:126836307:T:C,0,1,0.6784696578979492,modal,cuda,PPIL4:K562
BCLAF1,HepG2,chr5:132579521:G:A,0,1,-8.612838745117188,modal,cuda,PPIL4:K562
BCLAF1,HepG2,chr5:132587701:G:A,0,1,-0.3144841194152832,modal,cuda,PPIL4:K562
BCLAF1,HepG2,chr5:132592056:T:C,0,1,-2.4649291038513184,modal,cuda,PPIL4:K562
BCLAF1,HepG2,chr5:132616000:T:C,0,1,3.0946550369262695,modal,cuda,PPIL4:K562
BCLAF1,HepG2,chr5:132637224:A:G,0,1,1.834129810333252,modal,cuda,PPIL4:K562
BCLAF1,HepG2,chr5:132638126:C:G,1,1,5.2208452224731445,modal,cuda,PPIL4:K562
BCLAF1,HepG2,chr5:132638158:C:T,1,1,-4.531548976898193,modal,cuda,PPIL4:K562
BCLAF1,HepG2,chr5:132892418:C:T,0,1,2.804018974304199,modal,cuda,PPIL4:K562
BCLAF1,HepG2,chr5:132893131:T:C,0,1,2.198033094406128,modal,cuda,PPIL4:K562
BCLAF1,HepG2,chr5:132898403:T:C,0,1,-0.45965147018432617,modal,cuda,PPIL4:K562
BCLAF1,HepG2,chr5:138810049:A:T,1,1,1.7754974365234375,modal,cuda,PPIL4:K562
BCLAF1,HepG2,chr5:138810064:G:T,1,1,3.1979715824127197,modal,cuda,PPIL4:K562
BCLAF1,HepG2,chr5:138810084:C:A,1,1,-2.121678113937378,modal,cuda,PPIL4:K562
BCLAF1,HepG2,chr5:138810090:T:A,0,1,-0.7113158702850342,modal,cuda,PPIL4:K562
BCLAF1,HepG2,chr5:138810096:G:A,0,1,0.6494276523590088,modal,cuda,PPIL4:K562
BCLAF1,HepG2,chr5:138887504:C:G,0,1,2.6537795066833496,modal,cuda,PPIL4:K562
BCLAF1,HepG2,chr5:138887556:T:C,0,1,-1.183178424835205,modal,cuda,PPIL4:K562
BCLAF1,HepG2,chr5:138887567:T:A,0,1,2.7683980464935303,modal,cuda,PPIL4:K562
BCLAF1,HepG2,chr5:138887586:A:T,1,1,5.802393436431885,modal,cuda,PPIL4:K562
BCLAF1,HepG2,chr5:138887598:G:T,1,1,8.132492065429688,modal,cuda,PPIL4:K562
BCLAF1,HepG2,chr5:138887607:C:T,1,1,-5.783822536468506,modal,cuda,PPIL4:K562
BCLAF1,HepG2,chr5:138887635:T:A,1,1,-5.1756439208984375,modal,cuda,PPIL4:K562
BCLAF1,HepG2,chr5:138887640:G:T,1,1,-3.782172918319702,modal,cuda,PPIL4:K562
BCLAF1,HepG2,chr5:138904403:C:T,1,1,-6.061306953430176,modal,cuda,PPIL4:K562
BCLAF1,HepG2,chr5:138904429:C:A,0,1,1.6245907545089722,modal,cuda,PPIL4:K562
BCLAF1,HepG2,chr5:138904439:C:T,1,1,7.269082069396973,modal,cuda,PPIL4:K562
BCLAF1,HepG2,chr5:139317048:T:A,0,1,-0.711851954460144,modal,cuda,PPIL4:K562
BCLAF1,HepG2,chr5:139319314:G:A,0,1,2.2243454456329346,modal,cuda,PPIL4:K562
BCLAF1,HepG2,chr5:140662219:C:T,0,1,-1.7489945888519287,modal,cuda,PPIL4:K562
BCLAF1,HepG2,chr5:140674672:C:T,0,1,-0.2828403115272522,modal,cuda,PPIL4:K562
BCLAF1,HepG2,chr5:14290992:G:T,1,1,4.636757850646973,modal,cuda,PPIL4:K562
BCLAF1,HepG2,chr5:14291013:C:T,1,1,4.470054626464844,modal,cuda,PPIL4:K562
BCLAF1,HepG2,chr5:14293093:G:T,1,1,5.311344146728516,modal,cuda,PPIL4:K562
BCLAF1,HepG2,chr5:14297074:C:T,0,1,-0.6631793975830078,modal,cuda,PPIL4:K562
BCLAF1,HepG2,chr5:14358155:C:T,0,1,0.45350006222724915,modal,cuda,PPIL4:K562
BCLAF1,HepG2,chr5:14366916:C:G,0,1,-2.0665292739868164,modal,cuda,PPIL4:K562
BCLAF1,HepG2,chr5:14366947:C:T,1,1,3.3388755321502686,modal,cuda,PPIL4:K562
BCLAF1,HepG2,chr5:14369364:C:T,0,1,-1.761298418045044,modal,cuda,PPIL4:K562
BCLAF1,HepG2,chr5:14369426:G:A,1,1,-1.1265983581542969,modal,cuda,PPIL4:K562
BCLAF1,HepG2,chr5:14387711:A:G,0,1,2.00874400138855,modal,cuda,PPIL4:K562
BCLAF1,HepG2,chr5:14387792:C:T,1,1,-2.9630556106567383,modal,cuda,PPIL4:K562
BCLAF1,HepG2,chr5:14388626:G:A,1,1,1.5783419609069824,modal,cuda,PPIL4:K562
BCLAF1,HepG2,chr5:14389360:C:T,0,1,-0.8445227146148682,modal,cuda,PPIL4:K562
BCLAF1,HepG2,chr5:14390284:A:G,1,1,-0.9712986946105957,modal,cuda,PPIL4:K562
BCLAF1,HepG2,chr5:14390300:G:A,1,1,-4.0252604484558105,modal,cuda,PPIL4:K562
BCLAF1,HepG2,chr5:14394111:A:T,1,1,-1.7911763191223145,modal,cuda,PPIL4:K562
BCLAF1,HepG2,chr5:14394114:A:G,1,1,1.7793710231781006,modal,cuda,PPIL4:K562
BCLAF1,HepG2,chr5:14397112:C:A,1,1,2.2823424339294434,modal,cuda,PPIL4:K562
BCLAF1,HepG2,chr5:14397129:T:C,0,1,-0.9020514488220215,modal,cuda,PPIL4:K562
BCLAF1,HepG2,chr5:14397137:A:G,1,1,1.0151019096374512,modal,cuda,PPIL4:K562
BCLAF1,HepG2,chr5:14405832:C:G,0,1,1.4029204845428467,modal,cuda,PPIL4:K562
BCLAF1,HepG2,chr5:14405877:G:A,1,1,-1.5112898349761963,modal,cuda,PPIL4:K562
BCLAF1,HepG2,chr5:14476881:C:G,0,1,7.20490837097168,modal,cuda,PPIL4:K562
BCLAF1,HepG2,chr5:146120521:A:C,0,1,2.4154574871063232,modal,cuda,PPIL4:K562
BCLAF1,HepG2,chr5:146128661:G:A,0,1,2.911987781524658,modal,cuda,PPIL4:K562
BCLAF1,HepG2,chr5:146128964:C:A,0,1,-1.203815221786499,modal,cuda,PPIL4:K562
BCLAF1,HepG2,chr5:146128973:T:C,0,1,-0.9920988082885742,modal,cuda,PPIL4:K562
BCLAF1,HepG2,chr5:146130165:A:C,0,1,2.684908390045166,modal,cuda,PPIL4:K562
BCLAF1,HepG2,chr5:146144713:A:C,0,1,1.2556571960449219,modal,cuda,PPIL4:K562
BCLAF1,HepG2,chr5:146149607:T:C,0,1,0.5967826843261719,modal,cuda,PPIL4:K562
BCLAF1,HepG2,chr5:146157709:A:T,0,1,6.663957595825195,modal,cuda,PPIL4:K562
BCLAF1,HepG2,chr5:146164301:T:G,0,1,-1.7850749492645264,modal,cuda,PPIL4:K562
BCLAF1,HepG2,chr5:146164483:G:A,0,1,1.8093938827514648,modal,cuda,PPIL4:K562
BCLAF1,HepG2,chr5:146168206:T:C,0,1,-1.0481774806976318,modal,cuda,PPIL4:K562
BCLAF1,HepG2,chr5:146168276:T:C,0,1,-1.2990059852600098,modal,cuda,PPIL4:K562
BCLAF1,HepG2,chr5:146171902:G:A,0,1,1.1929235458374023,modal,cuda,PPIL4:K562
BCLAF1,HepG2,chr5:146171959:T:C,0,1,-3.0529208183288574,modal,cuda,PPIL4:K562
BCLAF1,HepG2,chr5:146172783:C:A,0,1,-5.258453845977783,modal,cuda,PPIL4:K562
BCLAF1,HepG2,chr5:148423994:G:T,0,1,-2.719011068344116,modal,cuda,PPIL4:K562
BCLAF1,HepG2,chr5:148424125:T:A,0,1,1.4649860858917236,modal,cuda,PPIL4:K562
BCLAF1,HepG2,chr5:177513085:G:C,1,1,-1.050917148590088,modal,cuda,PPIL4:K562
BCLAF1,HepG2,chr5:179618141:G:A,0,1,0.509732723236084,modal,cuda,PPIL4:K562
BCLAF1,HepG2,chr5:179618243:C:T,1,1,-1.9009844064712524,modal,cuda,PPIL4:K562
BCLAF1,HepG2,chr5:179618269:T:C,0,1,0.8993368148803711,modal,cuda,PPIL4:K562
BCLAF1,HepG2,chr5:32387639:A:G,0,1,-3.0312981605529785,modal,cuda,PPIL4:K562
BCLAF1,HepG2,chr5:32395185:T:C,0,1,-1.1562464237213135,modal,cuda,PPIL4:K562
BCLAF1,HepG2,chr5:32400161:A:G,0,1,0.9714617729187012,modal,cuda,PPIL4:K562
BCLAF1,HepG2,chr5:32403241:C:T,0,1,-1.1400301456451416,modal,cuda,PPIL4:K562
BCLAF1,HepG2,chr5:33448633:A:C,0,1,2.1825661659240723,modal,cuda,PPIL4:K562
BCLAF1,HepG2,chr5:33448686:C:A,0,1,3.969662666320801,modal,cuda,PPIL4:K562
BCLAF1,HepG2,chr5:33453311:G:A,0,1,0.8065047264099121,modal,cuda,PPIL4:K562
BCLAF1,HepG2,chr5:33455691:T:C,1,1,-3.232931613922119,modal,cuda,PPIL4:K562
BCLAF1,HepG2,chr5:33455710:T:C,0,1,0.6612213850021362,modal,cuda,PPIL4:K562
BCLAF1,HepG2,chr5:33461250:G:A,0,1,2.3322527408599854,modal,cuda,PPIL4:K562
BCLAF1,HepG2,chr5:33461929:G:A,0,1,-0.5186386108398438,modal,cuda,PPIL4:K562
BCLAF1,HepG2,chr5:33462106:G:T,0,1,1.057358741760254,modal,cuda,PPIL4:K562
BCLAF1,HepG2,chr5:33462107:G:A,0,1,-1.8989949226379395,modal,cuda,PPIL4:K562
BCLAF1,HepG2,chr5:34937646:G:A,0,1,1.2729973793029785,modal,cuda,PPIL4:K562
BCLAF1,HepG2,chr5:36207164:A:G,1,1,2.4201009273529053,modal,cuda,PPIL4:K562
BCLAF1,HepG2,chr5:37000355:A:G,0,1,-0.5466935634613037,modal,cuda,PPIL4:K562
BCLAF1,HepG2,chr5:37000986:C:G,1,1,-1.9070487022399902,modal,cuda,PPIL4:K562
BCLAF1,HepG2,chr5:37008093:G:A,1,1,-3.0622401237487793,modal,cuda,PPIL4:K562
BCLAF1,HepG2,chr5:37008730:A:G,0,1,-3.8146491050720215,modal,cuda,PPIL4:K562
BCLAF1,HepG2,chr5:37026347:G:C,0,1,2.649648666381836,modal,cuda,PPIL4:K562
BCLAF1,HepG2,chr5:37048695:T:C,0,1,3.5765774250030518,modal,cuda,PPIL4:K562
BCLAF1,HepG2,chr5:37175989:A:G,0,1,1.4826432466506958,modal,cuda,PPIL4:K562
BCLAF1,HepG2,chr5:38502620:T:C,0,1,1.761427402496338,modal,cuda,PPIL4:K562
BCLAF1,HepG2,chr5:38510733:A:G,0,1,-1.716225504875183,modal,cuda,PPIL4:K562
BCLAF1,HepG2,chr5:39388861:A:T,0,1,-4.452037334442139,modal,cuda,PPIL4:K562
BCLAF1,HepG2,chr5:53042194:G:A,0,1,2.157370090484619,modal,cuda,PPIL4:K562
BCLAF1,HepG2,chr5:53045032:G:A,0,1,2.7934253215789795,modal,cuda,PPIL4:K562
BCLAF1,HepG2,chr5:53048780:A:G,0,1,1.8846957683563232,modal,cuda,PPIL4:K562
BCLAF1,HepG2,chr5:53051539:C:T,0,1,0.9658727645874023,modal,cuda,PPIL4:K562
BCLAF1,HepG2,chr5:53055547:T:C,0,1,1.5982959270477295,modal,cuda,PPIL4:K562
BCLAF1,HepG2,chr5:53055583:G:A,0,1,-2.5751590728759766,modal,cuda,PPIL4:K562
BCLAF1,HepG2,chr5:53055607:C:T,0,1,-1.4869520664215088,modal,cuda,PPIL4:K562
BCLAF1,HepG2,chr5:53055629:A:T,0,1,2.152827739715576,modal,cuda,PPIL4:K562
BCLAF1,HepG2,chr5:53056008:G:A,0,1,-0.7483835220336914,modal,cuda,PPIL4:K562
BCLAF1,HepG2,chr5:53064947:C:T,0,1,1.2982244491577148,modal,cuda,PPIL4:K562
BCLAF1,HepG2,chr5:53072642:C:T,0,1,1.942686915397644,modal,cuda,PPIL4:K562
BCLAF1,HepG2,chr5:53072643:G:A,0,1,-1.9209542274475098,modal,cuda,PPIL4:K562
BCLAF1,HepG2,chr5:53072695:A:G,0,1,-7.041579723358154,modal,cuda,PPIL4:K562
BCLAF1,HepG2,chr5:53072716:T:C,0,1,-0.6647582054138184,modal,cuda,PPIL4:K562
BCLAF1,HepG2,chr5:53646353:G:T,1,1,-2.3770828247070312,modal,cuda,PPIL4:K562
BCLAF1,HepG2,chr5:53646367:A:G,0,1,-4.491199970245361,modal,cuda,PPIL4:K562
BCLAF1,HepG2,chr5:53646371:C:T,1,1,-6.177131175994873,modal,cuda,PPIL4:K562
BCLAF1,HepG2,chr5:53646375:G:A,1,1,-1.9948489665985107,modal,cuda,PPIL4:K562
BCLAF1,HepG2,chr5:53646410:G:A,1,1,-4.562985897064209,modal,cuda,PPIL4:K562
BCLAF1,HepG2,chr5:53683267:G:A,0,1,3.3036932945251465,modal,cuda,PPIL4:K562
BCLAF1,HepG2,chr5:55951925:T:C,1,1,3.7185819149017334,modal,cuda,PPIL4:K562
BCLAF1,HepG2,chr5:55956168:G:C,1,1,3.160508632659912,modal,cuda,PPIL4:K562
BCLAF1,HepG2,chr5:55957263:A:C,1,1,-2.479973554611206,modal,cuda,PPIL4:K562
BCLAF1,HepG2,chr5:55960534:G:A,1,1,-2.159074544906616,modal,cuda,PPIL4:K562
BCLAF1,HepG2,chr5:55963493:C:T,0,1,2.8121585845947266,modal,cuda,PPIL4:K562
BCLAF1,HepG2,chr5:55964237:C:A,0,1,-0.8608379364013672,modal,cuda,PPIL4:K562
BCLAF1,HepG2,chr5:55968272:G:A,0,1,3.9208927154541016,modal,cuda,PPIL4:K562
BCLAF1,HepG2,chr5:55968314:T:C,0,1,2.353188991546631,modal,cuda,PPIL4:K562
BCLAF1,HepG2,chr5:55968364:T:C,0,1,-5.370603561401367,modal,cuda,PPIL4:K562
BCLAF1,HepG2,chr5:65224338:T:C,0,1,1.0464038848876953,modal,cuda,PPIL4:K562
BCLAF1,HepG2,chr5:65994729:C:A,0,1,3.393521308898926,modal,cuda,PPIL4:K562
BCLAF1,HepG2,chr5:6604216:C:T,0,1,0.5412530899047852,modal,cuda,PPIL4:K562
BCLAF1,HepG2,chr5:6604227:G:C,1,1,2.8854966163635254,modal,cuda,PPIL4:K562
BCLAF1,HepG2,chr5:6605256:G:A,0,1,-0.3286752998828888,modal,cuda,PPIL4:K562
BCLAF1,HepG2,chr5:6609844:C:T,1,1,-3.2984871864318848,modal,cuda,PPIL4:K562
BCLAF1,HepG2,chr5:6622009:T:A,0,1,-3.214102029800415,modal,cuda,PPIL4:K562
BCLAF1,HepG2,chr5:68293153:C:T,1,1,-7.359193801879883,modal,cuda,PPIL4:K562
BCLAF1,HepG2,chr5:69509196:C:T,1,1,8.47203254699707,modal,cuda,PPIL4:K562
BCLAF1,HepG2,chr5:69509603:C:A,1,1,-3.125257730484009,modal,cuda,PPIL4:K562
BCLAF1,HepG2,chr5:69509746:T:C,1,1,-1.4651293754577637,modal,cuda,PPIL4:K562
BCLAF1,HepG2,chr5:69509765:T:G,0,1,-1.4394551515579224,modal,cuda,PPIL4:K562
BCLAF1,HepG2,chr5:69509789:G:A,0,1,-0.7106261253356934,modal,cuda,PPIL4:K562
BCLAF1,HepG2,chr5:71539099:T:C,0,1,-0.5745623111724854,modal,cuda,PPIL4:K562
BCLAF1,HepG2,chr5:71635285:T:G,0,1,3.4573445320129395,modal,cuda,PPIL4:K562
BCLAF1,HepG2,chr5:75389695:A:G,0,1,2.3188605308532715,modal,cuda,PPIL4:K562
BCLAF1,HepG2,chr5:75573790:G:A,1,1,2.3713409900665283,modal,cuda,PPIL4:K562
BCLAF1,HepG2,chr5:75573793:T:C,1,1,-2.605924129486084,modal,cuda,PPIL4:K562
BCLAF1,HepG2,chr5:75573841:T:C,1,1,-7.650754451751709,modal,cuda,PPIL4:K562
BCLAF1,HepG2,chr5:75593981:T:C,1,1,-1.8328819274902344,modal,cuda,PPIL4:K562
BCLAF1,HepG2,chr5:75596275:A:T,1,1,2.972212791442871,modal,cuda,PPIL4:K562
BCLAF1,HepG2,chr5:75596345:A:T,1,1,1.7200100421905518,modal,cuda,PPIL4:K562
BCLAF1,HepG2,chr5:78156252:A:G,1,1,4.0471649169921875,modal,cuda,PPIL4:K562
BCLAF1,HepG2,chr5:78228133:C:T,0,1,-1.0442997217178345,modal,cuda,PPIL4:K562
BCLAF1,HepG2,chr5:79401890:T:C,0,1,3.6441614627838135,modal,cuda,PPIL4:K562
BCLAF1,HepG2,chr5:79401974:C:T,0,1,1.234663963317871,modal,cuda,PPIL4:K562
BCLAF1,HepG2,chr5:80665136:G:A,0,1,3.86071515083313,modal,cuda,PPIL4:K562
BCLAF1,HepG2,chr5:87338031:G:A,1,1,6.843288421630859,modal,cuda,PPIL4:K562
BCLAF1,HepG2,chr5:87346671:G:A,1,1,-2.3659849166870117,modal,cuda,PPIL4:K562
BCLAF1,HepG2,chr5:87346674:G:A,1,1,-1.5152239799499512,modal,cuda,PPIL4:K562
BCLAF1,HepG2,chr5:87346675:G:A,1,1,-1.7708661556243896,modal,cuda,PPIL4:K562
BCLAF1,HepG2,chr5:87346710:A:G,0,1,-2.314983367919922,modal,cuda,PPIL4:K562
BCLAF1,HepG2,chr5:87349303:C:T,1,1,5.917184829711914,modal,cuda,PPIL4:K562
BCLAF1,HepG2,chr5:87349304:G:T,1,1,-4.1379570960998535,modal,cuda,PPIL4:K562
BCLAF1,HepG2,chr5:87349309:A:G,1,1,-1.5253708362579346,modal,cuda,PPIL4:K562
BCLAF1,HepG2,chr5:87349333:C:T,1,1,5.447924613952637,modal,cuda,PPIL4:K562
BCLAF1,HepG2,chr5:87349359:T:G,1,1,-3.4482176303863525,modal,cuda,PPIL4:K562
BCLAF1,HepG2,chr5:87353182:C:T,1,1,3.371790885925293,modal,cuda,PPIL4:K562
BCLAF1,HepG2,chr5:87363401:C:T,1,1,-2.472616672515869,modal,cuda,PPIL4:K562
BCLAF1,HepG2,chr5:87363422:G:T,1,1,-6.413424491882324,modal,cuda,PPIL4:K562
BCLAF1,HepG2,chr5:87363428:C:T,1,1,-4.987513065338135,modal,cuda,PPIL4:K562
BCLAF1,HepG2,chr5:87363450:T:G,1,1,-3.466475486755371,modal,cuda,PPIL4:K562
BCLAF1,HepG2,chr5:87383729:C:T,1,1,-4.851071357727051,modal,cuda,PPIL4:K562
BCLAF1,HepG2,chr5:886609:C:T,0,1,-6.858245849609375,modal,cuda,PPIL4:K562
BCLAF1,HepG2,chr5:95513556:T:C,0,1,1.2577433586120605,modal,cuda,PPIL4:K562
BCLAF1,HepG2,chr5:95517338:T:C,0,1,-2.6675572395324707,modal,cuda,PPIL4:K562
BCLAF1,HepG2,chr5:95523344:C:T,0,1,-2.0434606075286865,modal,cuda,PPIL4:K562
BCLAF1,HepG2,chr5:96727539:T:C,0,1,1.084181785583496,modal,cuda,PPIL4:K562
BCLAF1,HepG2,chr5:96730788:A:G,0,1,1.2026081085205078,modal,cuda,PPIL4:K562
BCLAF1,HepG2,chr5:96730872:C:G,0,1,0.8083033561706543,modal,cuda,PPIL4:K562
BCLAF1,HepG2,chr5:96736204:G:T,0,1,-1.1762866973876953,modal,cuda,PPIL4:K562
BCLAF1,HepG2,chr5:96736234:G:A,0,1,0.5814249515533447,modal,cuda,PPIL4:K562
BCLAF1,HepG2,chr5:96736235:G:T,1,1,2.9255969524383545,modal,cuda,PPIL4:K562
BCLAF1,HepG2,chr5:96746348:G:C,0,1,-1.5677917003631592,modal,cuda,PPIL4:K562
BCLAF1,HepG2,chr5:96746383:T:A,0,1,4.589357376098633,modal,cuda,PPIL4:K562
BCLAF1,HepG2,chr5:96746424:C:T,0,1,2.910144805908203,modal,cuda,PPIL4:K562
BCLAF1,HepG2,chr5:96750599:G:A,0,1,-1.602797508239746,modal,cuda,PPIL4:K562
BCLAF1,HepG2,chr5:96750630:G:C,0,1,-4.1804327964782715,modal,cuda,PPIL4:K562
BCLAF1,HepG2,chr5:96757434:C:T,0,1,3.1570844650268555,modal,cuda,PPIL4:K562
BCLAF1,HepG2,chr5:96757518:G:A,0,1,1.1649177074432373,modal,cuda,PPIL4:K562
BCLAF1,HepG2,chr5:96757668:T:C,0,1,-0.9171278476715088,modal,cuda,PPIL4:K562
BCLAF1,HepG2,chr5:96767912:T:G,0,1,1.1481904983520508,modal,cuda,PPIL4:K562
BCLAF1,HepG2,chr5:98881153:T:C,0,1,-0.5052540302276611,modal,cuda,PPIL4:K562
BCLAF1,HepG2,chr5:98889184:G:A,0,1,-1.769587516784668,modal,cuda,PPIL4:K562
BCLAF1,HepG2,chr5:98897307:C:T,1,1,-2.2926993370056152,modal,cuda,PPIL4:K562
BCLAF1,HepG2,chr6:104795643:G:A,1,3,0.9075302481651306,modal,cuda,PPIL4:K562
BCLAF1,HepG2,chr6:104843270:C:A,1,3,1.7955780029296875,modal,cuda,PPIL4:K562
BCLAF1,HepG2,chr6:106316143:T:C,0,3,-0.1680593490600586,modal,cuda,PPIL4:K562
BCLAF1,HepG2,chr6:107871581:A:T,0,3,1.5659492015838623,modal,cuda,PPIL4:K562
BCLAF1,HepG2,chr6:107893465:G:A,0,3,-0.11630316078662872,modal,cuda,PPIL4:K562
BCLAF1,HepG2,chr6:107906598:A:G,0,3,0.22004926204681396,modal,cuda,PPIL4:K562
BCLAF1,HepG2,chr6:107912781:T:C,0,3,0.5470294952392578,modal,cuda,PPIL4:K562
BCLAF1,HepG2,chr6:107912792:T:C,0,3,0.24075883626937866,modal,cuda,PPIL4:K562
BCLAF1,HepG2,chr6:111694538:C:T,0,3,-0.6669061183929443,modal,cuda,PPIL4:K562
BCLAF1,HepG2,chr6:111694620:G:T,0,3,-0.4900017976760864,modal,cuda,PPIL4:K562
BCLAF1,HepG2,chr6:113946123:T:A,0,3,0.4552289843559265,modal,cuda,PPIL4:K562
BCLAF1,HepG2,chr6:113956702:G:T,0,3,0.8380648493766785,modal,cuda,PPIL4:K562
BCLAF1,HepG2,chr6:113960025:T:C,0,3,0.5114450454711914,modal,cuda,PPIL4:K562
BCLAF1,HepG2,chr6:119193769:T:C,0,3,-0.6556356549263,modal,cuda,PPIL4:K562
BCLAF1,HepG2,chr6:128083730:G:A,0,3,0.6539561748504639,modal,cuda,PPIL4:K562
BCLAF1,HepG2,chr6:130869620:G:A,0,3,-0.196904718875885,modal,cuda,PPIL4:K562
BCLAF1,HepG2,chr6:131726105:G:A,0,3,-2.2669148445129395,modal,cuda,PPIL4:K562
BCLAF1,HepG2,chr6:131847857:G:T,0,3,-0.32443952560424805,modal,cuda,PPIL4:K562
BCLAF1,HepG2,chr6:13316573:A:G,0,3,0.1685124635696411,modal,cuda,PPIL4:K562
BCLAF1,HepG2,chr6:13316655:C:T,0,3,-0.0384380966424942,modal,cuda,PPIL4:K562
BCLAF1,HepG2,chr6:13320947:C:T,0,3,-0.1833348572254181,modal,cuda,PPIL4:K562
BCLAF1,HepG2,chr6:135002823:C:G,0,3,-0.9671272039413452,modal,cuda,PPIL4:K562
BCLAF1,HepG2,chr6:135002834:C:T,0,3,0.2881265878677368,modal,cuda,PPIL4:K562
BCLAF1,HepG2,chr6:136261279:G:A,0,3,0.19328366219997406,modal,cuda,PPIL4:K562
BCLAF1,HepG2,chr6:136261359:G:T,0,3,-0.17644071578979492,modal,cuda,PPIL4:K562
BCLAF1,HepG2,chr6:136269502:A:C,0,3,-1.1483536958694458,modal,cuda,PPIL4:K562
BCLAF1,HepG2,chr6:136269560:C:T,0,3,-0.14912539720535278,modal,cuda,PPIL4:K562
BCLAF1,HepG2,chr6:138920195:A:G,0,3,1.1375055313110352,modal,cuda,PPIL4:K562
BCLAF1,HepG2,chr6:143857408:A:G,1,3,0.9411066174507141,modal,cuda,PPIL4:K562
BCLAF1,HepG2,chr6:144513904:T:C,0,3,0.7128322720527649,modal,cuda,PPIL4:K562
BCLAF1,HepG2,chr6:144521955:A:T,0,3,-0.054499149322509766,modal,cuda,PPIL4:K562
BCLAF1,HepG2,chr6:145919501:T:C,0,3,1.595414400100708,modal,cuda,PPIL4:K562
BCLAF1,HepG2,chr6:145954847:T:G,0,3,-0.4007105231285095,modal,cuda,PPIL4:K562
BCLAF1,HepG2,chr6:151433138:T:C,0,3,0.2802009582519531,modal,cuda,PPIL4:K562
BCLAF1,HepG2,chr6:154450098:T:A,0,3,-0.7544315457344055,modal,cuda,PPIL4:K562
BCLAF1,HepG2,chr6:157196324:T:A,0,3,0.8138647079467773,modal,cuda,PPIL4:K562
BCLAF1,HepG2,chr6:158146763:G:A,0,3,-0.961136519908905,modal,cuda,PPIL4:K562
BCLAF1,HepG2,chr6:158146827:G:A,1,3,2.6772711277008057,modal,cuda,PPIL4:K562
BCLAF1,HepG2,chr6:158146905:T:C,0,3,0.3504059910774231,modal,cuda,PPIL4:K562
BCLAF1,HepG2,chr6:158503756:T:C,0,3,0.2678123712539673,modal,cuda,PPIL4:K562
BCLAF1,HepG2,chr6:24174727:G:C,0,3,-1.450510859489441,modal,cuda,PPIL4:K562
BCLAF1,HepG2,chr6:24781633:T:C,0,3,0.3376580476760864,modal,cuda,PPIL4:K562
BCLAF1,HepG2,chr6:24784433:A:T,0,3,0.6823034882545471,modal,cuda,PPIL4:K562
BCLAF1,HepG2,chr6:2836032:T:A,0,3,0.7867373824119568,modal,cuda,PPIL4:K562
BCLAF1,HepG2,chr6:2948918:C:T,0,3,0.9562572240829468,modal,cuda,PPIL4:K562
BCLAF1,HepG2,chr6:30922792:G:T,0,3,0.7599817514419556,modal,cuda,PPIL4:K562
BCLAF1,HepG2,chr6:31740551:C:T,0,3,-0.23848295211791992,modal,cuda,PPIL4:K562
BCLAF1,HepG2,chr6:31761582:A:G,0,3,-1.1348834037780762,modal,cuda,PPIL4:K562
BCLAF1,HepG2,chr6:31762148:C:T,0,3,0.4395127296447754,modal,cuda,PPIL4:K562
BCLAF1,HepG2,chr6:4052813:A:G,0,3,-0.9618942737579346,modal,cuda,PPIL4:K562
BCLAF1,HepG2,chr6:4126146:G:A,0,3,-0.530448317527771,modal,cuda,PPIL4:K562
BCLAF1,HepG2,chr6:43587375:C:T,1,3,-0.3978623151779175,modal,cuda,PPIL4:K562
BCLAF1,HepG2,chr6:43587387:C:T,1,3,1.257009506225586,modal,cuda,PPIL4:K562
BCLAF1,HepG2,chr6:43626216:G:C,0,3,0.5522241592407227,modal,cuda,PPIL4:K562
BCLAF1,HepG2,chr6:44406319:A:G,0,3,-0.3854825496673584,modal,cuda,PPIL4:K562
BCLAF1,HepG2,chr6:47478053:A:C,0,3,-0.4671623706817627,modal,cuda,PPIL4:K562
BCLAF1,HepG2,chr6:47554621:G:A,0,3,-0.3095916509628296,modal,cuda,PPIL4:K562
BCLAF1,HepG2,chr6:47599281:G:A,0,3,0.6126127243041992,modal,cuda,PPIL4:K562
BCLAF1,HepG2,chr6:47624247:C:G,0,3,-0.6517093181610107,modal,cuda,PPIL4:K562
BCLAF1,HepG2,chr6:52452943:C:T,0,3,-1.0252434015274048,modal,cuda,PPIL4:K562
BCLAF1,HepG2,chr6:53498978:G:C,0,3,-0.11592316627502441,modal,cuda,PPIL4:K562
BCLAF1,HepG2,chr6:56515684:A:G,0,3,-1.1900465488433838,modal,cuda,PPIL4:K562
BCLAF1,HepG2,chr6:56552171:A:G,0,3,-1.1115903854370117,modal,cuda,PPIL4:K562
BCLAF1,HepG2,chr6:56560442:T:C,0,3,-0.09996271133422852,modal,cuda,PPIL4:K562
BCLAF1,HepG2,chr6:56624631:G:T,0,3,1.0852534770965576,modal,cuda,PPIL4:K562
BCLAF1,HepG2,chr6:56624634:A:T,0,3,-0.2894653081893921,modal,cuda,PPIL4:K562
BCLAF1,HepG2,chr6:56631404:A:C,0,3,0.5579475164413452,modal,cuda,PPIL4:K562
BCLAF1,HepG2,chr6:56640063:G:A,0,3,-0.6650363802909851,modal,cuda,PPIL4:K562
BCLAF1,HepG2,chr6:56699768:A:G,0,3,-1.043684482574463,modal,cuda,PPIL4:K562
BCLAF1,HepG2,chr6:63684165:A:G,0,3,-0.4160764217376709,modal,cuda,PPIL4:K562
BCLAF1,HepG2,chr6:63684176:G:T,0,3,0.2818627953529358,modal,cuda,PPIL4:K562
BCLAF1,HepG2,chr6:63684220:A:G,0,3,0.07523101568222046,modal,cuda,PPIL4:K562
BCLAF1,HepG2,chr6:63684419:G:A,0,3,0.11340808868408203,modal,cuda,PPIL4:K562
BCLAF1,HepG2,chr6:63685016:G:A,0,3,0.6507880687713623,modal,cuda,PPIL4:K562
BCLAF1,HepG2,chr6:63703530:C:T,0,3,0.7301442623138428,modal,cuda,PPIL4:K562
BCLAF1,HepG2,chr6:7189334:C:T,0,3,-0.21404224634170532,modal,cuda,PPIL4:K562
BCLAF1,HepG2,chr6:75678807:A:T,0,3,-0.29744023084640503,modal,cuda,PPIL4:K562
BCLAF1,HepG2,chr6:7571591:T:C,0,3,-0.7204218506813049,modal,cuda,PPIL4:K562
BCLAF1,HepG2,chr6:7579902:C:T,1,3,0.6153049468994141,modal,cuda,PPIL4:K562
BCLAF1,HepG2,chr6:7579929:C:T,1,3,-0.7683295607566833,modal,cuda,PPIL4:K562
BCLAF1,HepG2,chr6:7579974:C:T,1,3,-0.36607563495635986,modal,cuda,PPIL4:K562
BCLAF1,HepG2,chr6:7579982:T:A,0,3,0.10196331143379211,modal,cuda,PPIL4:K562
BCLAF1,HepG2,chr6:7579986:C:T,1,3,0.634004533290863,modal,cuda,PPIL4:K562
BCLAF1,HepG2,chr6:7580016:C:T,1,3,2.0373635292053223,modal,cuda,PPIL4:K562
BCLAF1,HepG2,chr6:7581402:C:T,1,3,-0.7706781029701233,modal,cuda,PPIL4:K562
BCLAF1,HepG2,chr6:7581403:G:A,0,3,-0.06691664457321167,modal,cuda,PPIL4:K562
BCLAF1,HepG2,chr6:7581489:C:T,1,3,-0.6156736612319946,modal,cuda,PPIL4:K562
BCLAF1,HepG2,chr6:75832856:C:T,1,3,1.5173559188842773,modal,cuda,PPIL4:K562
BCLAF1,HepG2,chr6:75832908:C:G,1,3,-0.4847158193588257,modal,cuda,PPIL4:K562
BCLAF1,HepG2,chr6:75832925:G:A,0,3,0.22182199358940125,modal,cuda,PPIL4:K562
BCLAF1,HepG2,chr6:75835967:T:C,0,3,0.8968753814697266,modal,cuda,PPIL4:K562
BCLAF1,HepG2,chr6:75840584:G:A,1,3,-0.9312395453453064,modal,cuda,PPIL4:K562
BCLAF1,HepG2,chr6:75840644:C:T,1,3,-1.8974815607070923,modal,cuda,PPIL4:K562
BCLAF1,HepG2,chr6:75855242:C:A,0,3,-1.3370723724365234,modal,cuda,PPIL4:K562
BCLAF1,HepG2,chr6:75879864:C:T,1,3,-1.8010116815567017,modal,cuda,PPIL4:K562
BCLAF1,HepG2,chr6:75892557:C:T,1,3,-1.245681643486023,modal,cuda,PPIL4:K562
BCLAF1,HepG2,chr6:78947787:A:T,0,3,0.5179728865623474,modal,cuda,PPIL4:K562
BCLAF1,HepG2,chr6:78954977:G:T,0,3,0.9937892556190491,modal,cuda,PPIL4:K562
BCLAF1,HepG2,chr6:78958618:T:A,0,3,-0.5226666927337646,modal,cuda,PPIL4:K562
BCLAF1,HepG2,chr6:78963079:G:A,0,3,-0.6569421887397766,modal,cuda,PPIL4:K562
BCLAF1,HepG2,chr6:78970043:C:T,0,3,0.24057430028915405,modal,cuda,PPIL4:K562
BCLAF1,HepG2,chr6:78997395:A:C,0,3,0.3173756003379822,modal,cuda,PPIL4:K562
BCLAF1,HepG2,chr6:78997408:C:T,0,3,1.3301007747650146,modal,cuda,PPIL4:K562
BCLAF1,HepG2,chr6:79016535:A:T,0,3,-1.8233150243759155,modal,cuda,PPIL4:K562
BCLAF1,HepG2,chr6:79026168:A:C,0,3,0.5650259852409363,modal,cuda,PPIL4:K562
BCLAF1,HepG2,chr6:79042824:T:C,0,3,0.21947459876537323,modal,cuda,PPIL4:K562
BCLAF1,HepG2,chr6:79042827:T:G,0,3,-0.18094544112682343,modal,cuda,PPIL4:K562
BCLAF1,HepG2,chr6:80200936:G:T,1,3,-1.9194515943527222,modal,cuda,PPIL4:K562
BCLAF1,HepG2,chr6:80200939:G:T,1,3,-1.8156986236572266,modal,cuda,PPIL4:K562
BCLAF1,HepG2,chr6:80200990:C:T,1,3,-2.402754783630371,modal,cuda,PPIL4:K562
BCLAF1,HepG2,chr6:80203193:A:T,1,3,0.6334656476974487,modal,cuda,PPIL4:K562
BCLAF1,HepG2,chr6:83172021:T:C,0,3,-0.5441622138023376,modal,cuda,PPIL4:K562
BCLAF1,HepG2,chr6:83188602:T:A,0,3,-1.753530502319336,modal,cuda,PPIL4:K562
BCLAF1,HepG2,chr6:83188654:G:T,0,3,2.0033528804779053,modal,cuda,PPIL4:K562
BCLAF1,HepG2,chr6:85530283:T:C,1,3,-0.6470458507537842,modal,cuda,PPIL4:K562
BCLAF1,HepG2,chr6:85530290:C:T,0,3,0.6365346908569336,modal,cuda,PPIL4:K562
BCLAF1,HepG2,chr6:85543321:C:A,0,3,-0.3687796890735626,modal,cuda,PPIL4:K562
BCLAF1,HepG2,chr6:85543737:G:A,1,3,0.9660201072692871,modal,cuda,PPIL4:K562
BCLAF1,HepG2,chr6:85547511:T:G,0,3,-0.7717317342758179,modal,cuda,PPIL4:K562
BCLAF1,HepG2,chr6:85567520:T:C,0,3,-0.13091859221458435,modal,cuda,PPIL4:K562
BCLAF1,HepG2,chr6:87564153:G:A,1,3,-2.679381847381592,modal,cuda,PPIL4:K562
BCLAF1,HepG2,chr6:87564159:G:A,1,3,1.3876564502716064,modal,cuda,PPIL4:K562
BCLAF1,HepG2,chr6:87564188:T:A,0,3,-0.4473973512649536,modal,cuda,PPIL4:K562
BCLAF1,HepG2,chr6:89727827:C:T,0,3,0.8160483837127686,modal,cuda,PPIL4:K562
BCLAF1,HepG2,chr6:89740382:A:C,0,3,-0.21009302139282227,modal,cuda,PPIL4:K562
BCLAF1,HepG2,chr6:90518552:G:A,1,3,0.5522201657295227,modal,cuda,PPIL4:K562
BCLAF1,HepG2,chr6:90547209:A:T,0,3,-1.239692211151123,modal,cuda,PPIL4:K562
BCLAF1,HepG2,chr6:98875430:G:A,1,3,2.108166456222534,modal,cuda,PPIL4:K562
BCLAF1,HepG2,chr6:99468617:C:T,1,3,0.7965836524963379,modal,cuda,PPIL4:K562
BCLAF1,HepG2,chr6:99503853:A:G,0,3,-0.603399932384491,modal,cuda,PPIL4:K562
BCLAF1,HepG2,chr6:99503874:G:A,0,3,-0.25500941276550293,modal,cuda,PPIL4:K562
BCLAF1,HepG2,chr6:99508684:T:C,0,3,-0.8337044715881348,modal,cuda,PPIL4:K562
BCLAF1,HepG2,chr7:100686291:T:C,0,2,0.15246450901031494,modal,cuda,PPIL4:K562
BCLAF1,HepG2,chr7:100687818:C:G,0,2,-0.40282416343688965,modal,cuda,PPIL4:K562
BCLAF1,HepG2,chr7:102097441:C:T,1,2,1.1007304191589355,modal,cuda,PPIL4:K562
BCLAF1,HepG2,chr7:102111780:A:G,0,2,-0.7961176633834839,modal,cuda,PPIL4:K562
BCLAF1,HepG2,chr7:102115284:C:T,0,2,0.1964881420135498,modal,cuda,PPIL4:K562
BCLAF1,HepG2,chr7:102115304:G:A,0,2,0.24624308943748474,modal,cuda,PPIL4:K562
BCLAF1,HepG2,chr7:103299440:A:G,0,2,0.36693477630615234,modal,cuda,PPIL4:K562
BCLAF1,HepG2,chr7:103310486:T:C,0,2,0.34038805961608887,modal,cuda,PPIL4:K562
BCLAF1,HepG2,chr7:103311900:A:G,0,2,0.7479121088981628,modal,cuda,PPIL4:K562
BCLAF1,HepG2,chr7:105076959:T:G,0,2,1.246457815170288,modal,cuda,PPIL4:K562
BCLAF1,HepG2,chr7:105090278:T:C,0,2,0.4782702922821045,modal,cuda,PPIL4:K562
BCLAF1,HepG2,chr7:107256792:A:C,0,2,0.48033440113067627,modal,cuda,PPIL4:K562
BCLAF1,HepG2,chr7:107256794:C:A,1,2,0.6558471918106079,modal,cuda,PPIL4:K562
BCLAF1,HepG2,chr7:107258276:T:C,0,2,-0.33627569675445557,modal,cuda,PPIL4:K562
BCLAF1,HepG2,chr7:107258332:G:A,1,2,3.6278653144836426,modal,cuda,PPIL4:K562
BCLAF1,HepG2,chr7:107362361:A:G,0,2,-1.1991734504699707,modal,cuda,PPIL4:K562
BCLAF1,HepG2,chr7:107372733:G:A,1,2,1.8359332084655762,modal,cuda,PPIL4:K562
BCLAF1,HepG2,chr7:107412519:G:A,1,2,0.8304860591888428,modal,cuda,PPIL4:K562
BCLAF1,HepG2,chr7:107412558:G:A,1,2,2.87245512008667,modal,cuda,PPIL4:K562
BCLAF1,HepG2,chr7:107527288:G:A,1,2,1.3116096258163452,modal,cuda,PPIL4:K562
BCLAF1,HepG2,chr7:107548274:G:T,0,2,1.9232131242752075,modal,cuda,PPIL4:K562
BCLAF1,HepG2,chr7:107548350:T:C,0,2,-0.29954415559768677,modal,cuda,PPIL4:K562
BCLAF1,HepG2,chr7:107919110:A:G,0,2,0.6243411302566528,modal,cuda,PPIL4:K562
BCLAF1,HepG2,chr7:107923921:T:G,0,2,-2.1819539070129395,modal,cuda,PPIL4:K562
BCLAF1,HepG2,chr7:107924094:G:A,0,2,-0.23612678050994873,modal,cuda,PPIL4:K562
BCLAF1,HepG2,chr7:107924097:G:T,0,2,-0.3760690689086914,modal,cuda,PPIL4:K562
BCLAF1,HepG2,chr7:111944878:A:C,0,2,0.5340244770050049,modal,cuda,PPIL4:K562
BCLAF1,HepG2,chr7:112004038:G:C,0,2,0.2813491225242615,modal,cuda,PPIL4:K562
BCLAF1,HepG2,chr7:112472825:A:G,0,2,-0.292450875043869,modal,cuda,PPIL4:K562
BCLAF1,HepG2,chr7:112472837:G:A,0,2,0.2567942142486572,modal,cuda,PPIL4:K562
BCLAF1,HepG2,chr7:122116972:T:C,0,2,0.37774381041526794,modal,cuda,PPIL4:K562
BCLAF1,HepG2,chr7:127701159:C:T,0,2,0.24410581588745117,modal,cuda,PPIL4:K562
BCLAF1,HepG2,chr7:128989939:A:G,0,2,-0.4117313027381897,modal,cuda,PPIL4:K562
BCLAF1,HepG2,chr7:139259375:G:A,0,2,0.42456066608428955,modal,cuda,PPIL4:K562
BCLAF1,HepG2,chr7:140777971:A:G,0,2,0.7096875905990601,modal,cuda,PPIL4:K562
BCLAF1,HepG2,chr7:141745501:G:A,1,2,-1.0020931959152222,modal,cuda,PPIL4:K562
BCLAF1,HepG2,chr7:148846483:C:T,0,2,0.7787597179412842,modal,cuda,PPIL4:K562
BCLAF1,HepG2,chr7:148846484:G:A,0,2,0.8040957450866699,modal,cuda,PPIL4:K562
BCLAF1,HepG2,chr7:152162101:T:C,0,2,-0.3171325922012329,modal,cuda,PPIL4:K562
BCLAF1,HepG2,chr7:152185650:G:A,0,2,0.1277940273284912,modal,cuda,PPIL4:K562
BCLAF1,HepG2,chr7:152199265:A:C,0,2,0.4267481863498688,modal,cuda,PPIL4:K562
BCLAF1,HepG2,chr7:152235812:C:A,0,2,-3.5644402503967285,modal,cuda,PPIL4:K562
BCLAF1,HepG2,chr7:152247896:C:A,0,2,-0.27458155155181885,modal,cuda,PPIL4:K562
BCLAF1,HepG2,chr7:152249866:T:A,0,2,0.1705336570739746,modal,cuda,PPIL4:K562
BCLAF1,HepG2,chr7:156724181:G:A,0,2,-0.5001323223114014,modal,cuda,PPIL4:K562
BCLAF1,HepG2,chr7:157178682:T:C,0,2,0.6386778950691223,modal,cuda,PPIL4:K562
BCLAF1,HepG2,chr7:157366482:A:G,0,2,0.5205906629562378,modal,cuda,PPIL4:K562
BCLAF1,HepG2,chr7:158652371:G:C,0,2,0.4700888991355896,modal,cuda,PPIL4:K562
BCLAF1,HepG2,chr7:158655163:T:G,0,2,-0.2307906150817871,modal,cuda,PPIL4:K562
BCLAF1,HepG2,chr7:158913110:C:G,0,2,-0.5812536478042603,modal,cuda,PPIL4:K562
BCLAF1,HepG2,chr7:17839912:T:C,0,2,0.5210807919502258,modal,cuda,PPIL4:K562
BCLAF1,HepG2,chr7:23125082:C:T,0,2,-0.4810448884963989,modal,cuda,PPIL4:K562
BCLAF1,HepG2,chr7:23140783:G:A,1,2,0.15408951044082642,modal,cuda,PPIL4:K562
BCLAF1,HepG2,chr7:2360759:C:T,0,2,-0.395290732383728,modal,cuda,PPIL4:K562
BCLAF1,HepG2,chr7:26192512:A:C,0,2,-0.22164228558540344,modal,cuda,PPIL4:K562
BCLAF1,HepG2,chr7:26193241:T:C,0,2,-0.12408947944641113,modal,cuda,PPIL4:K562
BCLAF1,HepG2,chr7:26193569:T:C,0,2,-0.7849711775779724,modal,cuda,PPIL4:K562
BCLAF1,HepG2,chr7:26195828:A:G,0,2,0.27558839321136475,modal,cuda,PPIL4:K562
BCLAF1,HepG2,chr7:26195916:G:C,0,2,-0.23585295677185059,modal,cuda,PPIL4:K562
BCLAF1,HepG2,chr7:26195928:A:G,0,2,0.25350791215896606,modal,cuda,PPIL4:K562
BCLAF1,HepG2,chr7:26196383:G:A,0,2,0.18366271257400513,modal,cuda,PPIL4:K562
BCLAF1,HepG2,chr7:26196674:C:T,0,2,0.4231865406036377,modal,cuda,PPIL4:K562
BCLAF1,HepG2,chr7:26196798:G:A,0,2,-0.1870632767677307,modal,cuda,PPIL4:K562
BCLAF1,HepG2,chr7:26197609:G:A,0,2,0.3348662853240967,modal,cuda,PPIL4:K562
BCLAF1,HepG2,chr7:26197618:A:G,0,2,-0.8986661434173584,modal,cuda,PPIL4:K562
BCLAF1,HepG2,chr7:26360970:T:C,0,2,0.5945795774459839,modal,cuda,PPIL4:K562
BCLAF1,HepG2,chr7:26372503:G:A,0,2,-0.6307362914085388,modal,cuda,PPIL4:K562
BCLAF1,HepG2,chr7:27792000:C:A,0,2,0.13368934392929077,modal,cuda,PPIL4:K562
BCLAF1,HepG2,chr7:27794316:T:G,0,2,0.5145609378814697,modal,cuda,PPIL4:K562
BCLAF1,HepG2,chr7:29400536:C:T,0,2,-0.1920948028564453,modal,cuda,PPIL4:K562
BCLAF1,HepG2,chr7:33026888:G:A,1,2,-2.572744607925415,modal,cuda,PPIL4:K562
BCLAF1,HepG2,chr7:33146286:A:G,0,2,0.5233955383300781,modal,cuda,PPIL4:K562
BCLAF1,HepG2,chr7:33152699:A:G,1,2,0.9816415309906006,modal,cuda,PPIL4:K562
BCLAF1,HepG2,chr7:33152778:C:T,1,2,0.22446805238723755,modal,cuda,PPIL4:K562
BCLAF1,HepG2,chr7:33152811:C:T,1,2,1.6908785104751587,modal,cuda,PPIL4:K562
BCLAF1,HepG2,chr7:33152851:C:A,1,2,0.2916755676269531,modal,cuda,PPIL4:K562
BCLAF1,HepG2,chr7:33152852:G:A,1,2,0.6874067783355713,modal,cuda,PPIL4:K562
BCLAF1,HepG2,chr7:33152852:G:T,1,2,-0.8342491388320923,modal,cuda,PPIL4:K562
BCLAF1,HepG2,chr7:33155724:G:A,0,2,-0.27509641647338867,modal,cuda,PPIL4:K562
BCLAF1,HepG2,chr7:33177507:C:T,1,2,0.6724199056625366,modal,cuda,PPIL4:K562
BCLAF1,HepG2,chr7:33177557:C:A,1,2,1.7899571657180786,modal,cuda,PPIL4:K562
BCLAF1,HepG2,chr7:33177574:C:A,1,2,1.3526369333267212,modal,cuda,PPIL4:K562
BCLAF1,HepG2,chr7:33257238:C:T,1,2,0.46388840675354004,modal,cuda,PPIL4:K562
BCLAF1,HepG2,chr7:33257252:C:A,1,2,-1.9334790706634521,modal,cuda,PPIL4:K562
BCLAF1,HepG2,chr7:36422818:G:A,0,2,0.22333459556102753,modal,cuda,PPIL4:K562
BCLAF1,HepG2,chr7:36449844:A:G,0,2,0.8212889432907104,modal,cuda,PPIL4:K562
BCLAF1,HepG2,chr7:36449849:C:G,0,2,0.7748860120773315,modal,cuda,PPIL4:K562
BCLAF1,HepG2,chr7:36449854:A:G,0,2,-0.40207594633102417,modal,cuda,PPIL4:K562
BCLAF1,HepG2,chr7:40046029:T:C,0,2,-0.6848124265670776,modal,cuda,PPIL4:K562
BCLAF1,HepG2,chr7:40189528:A:G,0,2,0.5257402658462524,modal,cuda,PPIL4:K562
BCLAF1,HepG2,chr7:40189528:A:T,0,2,-0.15739041566848755,modal,cuda,PPIL4:K562
BCLAF1,HepG2,chr7:40237629:T:C,0,2,-0.923149049282074,modal,cuda,PPIL4:K562
BCLAF1,HepG2,chr7:40274566:G:A,0,2,0.42633217573165894,modal,cuda,PPIL4:K562
BCLAF1,HepG2,chr7:50537907:T:A,1,2,-1.3950490951538086,modal,cuda,PPIL4:K562
BCLAF1,HepG2,chr7:6037542:T:A,0,2,-0.36514556407928467,modal,cuda,PPIL4:K562
BCLAF1,HepG2,chr7:65964372:G:A,0,2,-1.0366969108581543,modal,cuda,PPIL4:K562
BCLAF1,HepG2,chr7:66089333:C:T,1,2,-0.42536449432373047,modal,cuda,PPIL4:K562
BCLAF1,HepG2,chr7:66089352:G:A,0,2,-0.20390868186950684,modal,cuda,PPIL4:K562
BCLAF1,HepG2,chr7:77571160:A:G,1,2,-0.8469940423965454,modal,cuda,PPIL4:K562
BCLAF1,HepG2,chr7:855021:C:G,0,2,0.32997703552246094,modal,cuda,PPIL4:K562
BCLAF1,HepG2,chr7:855021:C:T,0,2,-0.47263026237487793,modal,cuda,PPIL4:K562
BCLAF1,HepG2,chr7:860398:G:A,0,2,-0.25559473037719727,modal,cuda,PPIL4:K562
BCLAF1,HepG2,chr7:87550300:C:T,0,2,-0.2220853567123413,modal,cuda,PPIL4:K562
BCLAF1,HepG2,chr7:92044988:G:A,0,2,0.9066480994224548,modal,cuda,PPIL4:K562
BCLAF1,HepG2,chr7:92066403:A:G,0,2,-0.29886138439178467,modal,cuda,PPIL4:K562
BCLAF1,HepG2,chr7:92225703:A:G,0,2,0.08196640014648438,modal,cuda,PPIL4:K562
BCLAF1,HepG2,chr7:92234451:G:T,1,2,-1.1016072034835815,modal,cuda,PPIL4:K562
BCLAF1,HepG2,chr7:92236480:G:A,1,2,1.8669192790985107,modal,cuda,PPIL4:K562
BCLAF1,HepG2,chr7:92236492:G:A,1,2,1.2857245206832886,modal,cuda,PPIL4:K562
BCLAF1,HepG2,chr7:92236494:A:T,1,2,1.1416659355163574,modal,cuda,PPIL4:K562
BCLAF1,HepG2,chr7:92236516:C:A,1,2,1.6161857843399048,modal,cuda,PPIL4:K562
BCLAF1,HepG2,chr7:92241005:G:A,1,2,1.5970195531845093,modal,cuda,PPIL4:K562
BCLAF1,HepG2,chr7:92241049:A:T,1,2,-3.0132384300231934,modal,cuda,PPIL4:K562
BCLAF1,HepG2,chr7:92241059:G:A,1,2,-1.5703686475753784,modal,cuda,PPIL4:K562
BCLAF1,HepG2,chr7:92241113:T:A,1,2,1.293945074081421,modal,cuda,PPIL4:K562
BCLAF1,HepG2,chr7:92504753:G:A,1,2,0.9690274000167847,modal,cuda,PPIL4:K562
BCLAF1,HepG2,chr7:92504840:G:A,1,2,-1.181545376777649,modal,cuda,PPIL4:K562
BCLAF1,HepG2,chr7:92517908:C:A,1,2,1.1233346462249756,modal,cuda,PPIL4:K562
BCLAF1,HepG2,chr7:92532521:A:C,0,2,-0.2507026195526123,modal,cuda,PPIL4:K562
BCLAF1,HepG2,chr7:92618225:A:G,0,2,0.7183767557144165,modal,cuda,PPIL4:K562
BCLAF1,HepG2,chr7:95269499:G:A,0,2,0.23809778690338135,modal,cuda,PPIL4:K562
BCLAF1,HepG2,chr7:95409887:A:G,0,2,-1.0107154846191406,modal,cuda,PPIL4:K562
BCLAF1,HepG2,chr7:96171506:A:T,1,2,-0.3243710398674011,modal,cuda,PPIL4:K562
BCLAF1,HepG2,chr7:96171508:T:C,0,2,0.43692052364349365,modal,cuda,PPIL4:K562
BCLAF1,HepG2,chr7:96171509:A:T,1,2,-1.0953660011291504,modal,cuda,PPIL4:K562
BCLAF1,HepG2,chr7:96208849:G:A,1,2,-0.19715845584869385,modal,cuda,PPIL4:K562
BCLAF1,HepG2,chr7:97852323:C:T,1,2,1.412218451499939,modal,cuda,PPIL4:K562
BCLAF1,HepG2,chr7:97852335:C:T,1,2,-0.4418938159942627,modal,cuda,PPIL4:K562
BCLAF1,HepG2,chr7:97852350:C:T,1,2,1.8568196296691895,modal,cuda,PPIL4:K562
BCLAF1,HepG2,chr7:97853307:T:A,1,2,0.9415926933288574,modal,cuda,PPIL4:K562
BCLAF1,HepG2,chr7:97855390:G:C,1,2,-2.8426570892333984,modal,cuda,PPIL4:K562
BCLAF1,HepG2,chr7:97864352:T:A,1,2,-1.3944772481918335,modal,cuda,PPIL4:K562
BCLAF1,HepG2,chr7:97868944:C:T,1,2,0.7559494972229004,modal,cuda,PPIL4:K562
BCLAF1,HepG2,chr7:97868948:A:T,1,2,0.4212636947631836,modal,cuda,PPIL4:K562
BCLAF1,HepG2,chr7:97868975:G:A,1,2,0.415124773979187,modal,cuda,PPIL4:K562
BCLAF1,HepG2,chr7:98897877:C:T,0,2,-0.42078110575675964,modal,cuda,PPIL4:K562
BCLAF1,HepG2,chr8:116857259:C:T,0,0,-1.0506645441055298,modal,cuda,PPIL4:K562
BCLAF1,HepG2,chr8:125151154:A:G,0,0,0.3306382894515991,modal,cuda,PPIL4:K562
BCLAF1,HepG2,chr8:125182215:T:G,0,0,0.48477745056152344,modal,cuda,PPIL4:K562
BCLAF1,HepG2,chr8:125182232:C:T,1,0,0.6738497018814087,modal,cuda,PPIL4:K562
BCLAF1,HepG2,chr8:13102772:T:C,0,0,-0.4582531452178955,modal,cuda,PPIL4:K562
BCLAF1,HepG2,chr8:13102826:C:T,0,0,1.175391435623169,modal,cuda,PPIL4:K562
BCLAF1,HepG2,chr8:140572797:T:C,0,0,0.41433560848236084,modal,cuda,PPIL4:K562
BCLAF1,HepG2,chr8:140800487:C:T,0,0,0.32125353813171387,modal,cuda,PPIL4:K562
BCLAF1,HepG2,chr8:140800505:C:A,0,0,0.22923600673675537,modal,cuda,PPIL4:K562
BCLAF1,HepG2,chr8:140830475:G:A,0,0,-0.35544562339782715,modal,cuda,PPIL4:K562
BCLAF1,HepG2,chr8:140890755:G:A,0,0,0.3029510974884033,modal,cuda,PPIL4:K562
BCLAF1,HepG2,chr8:17280178:G:A,0,0,-0.47696638107299805,modal,cuda,PPIL4:K562
BCLAF1,HepG2,chr8:17286321:G:C,0,0,-0.47189271450042725,modal,cuda,PPIL4:K562
BCLAF1,HepG2,chr8:17684551:C:T,0,0,0.5714577436447144,modal,cuda,PPIL4:K562
BCLAF1,HepG2,chr8:17754555:A:C,0,0,0.8542526960372925,modal,cuda,PPIL4:K562
BCLAF1,HepG2,chr8:17754836:T:A,0,0,-0.3954235315322876,modal,cuda,PPIL4:K562
BCLAF1,HepG2,chr8:17953081:G:A,0,0,0.5185682773590088,modal,cuda,PPIL4:K562
BCLAF1,HepG2,chr8:17957260:C:G,0,0,1.5184799432754517,modal,cuda,PPIL4:K562
BCLAF1,HepG2,chr8:17957605:G:A,0,0,0.1339864730834961,modal,cuda,PPIL4:K562
BCLAF1,HepG2,chr8:17960417:A:G,0,0,-0.05888628959655762,modal,cuda,PPIL4:K562
BCLAF1,HepG2,chr8:17964628:C:T,0,0,-0.2144542932510376,modal,cuda,PPIL4:K562
BCLAF1,HepG2,chr8:17989909:A:G,0,0,0.2068467140197754,modal,cuda,PPIL4:K562
BCLAF1,HepG2,chr8:18011284:G:C,0,0,0.6476058959960938,modal,cuda,PPIL4:K562
BCLAF1,HepG2,chr8:18011290:T:C,0,0,0.3326559066772461,modal,cuda,PPIL4:K562
BCLAF1,HepG2,chr8:18069771:G:T,0,0,-1.738168716430664,modal,cuda,PPIL4:K562
BCLAF1,HepG2,chr8:18069785:C:T,0,0,0.2643430233001709,modal,cuda,PPIL4:K562
BCLAF1,HepG2,chr8:18069805:A:T,1,0,-0.7623830437660217,modal,cuda,PPIL4:K562
BCLAF1,HepG2,chr8:18069812:G:A,1,0,1.2067850828170776,modal,cuda,PPIL4:K562
BCLAF1,HepG2,chr8:18069818:T:C,0,0,0.2849903106689453,modal,cuda,PPIL4:K562
BCLAF1,HepG2,chr8:27606346:C:G,0,0,0.5466918349266052,modal,cuda,PPIL4:K562
BCLAF1,HepG2,chr8:27606389:C:T,0,0,0.31598877906799316,modal,cuda,PPIL4:K562
BCLAF1,HepG2,chr8:27609061:G:A,0,0,0.4883926510810852,modal,cuda,PPIL4:K562
BCLAF1,HepG2,chr8:31088887:C:A,0,0,-1.1238064765930176,modal,cuda,PPIL4:K562
BCLAF1,HepG2,chr8:38234507:C:T,1,0,-1.3715391159057617,modal,cuda,PPIL4:K562
BCLAF1,HepG2,chr8:38234517:G:A,1,0,-1.0856876373291016,modal,cuda,PPIL4:K562
BCLAF1,HepG2,chr8:38251915:A:G,0,0,-0.36550116539001465,modal,cuda,PPIL4:K562
BCLAF1,HepG2,chr8:38252697:T:C,0,0,-0.5105236768722534,modal,cuda,PPIL4:K562
BCLAF1,HepG2,chr8:38253113:C:G,1,0,-0.4195437431335449,modal,cuda,PPIL4:K562
BCLAF1,HepG2,chr8:39021671:C:T,0,0,0.32366615533828735,modal,cuda,PPIL4:K562
BCLAF1,HepG2,chr8:39021705:C:A,1,0,-0.7770761251449585,modal,cuda,PPIL4:K562
BCLAF1,HepG2,chr8:39042004:A:T,1,0,3.6081109046936035,modal,cuda,PPIL4:K562
BCLAF1,HepG2,chr8:39042033:A:G,0,0,0.8799816370010376,modal,cuda,PPIL4:K562
BCLAF1,HepG2,chr8:39055696:C:T,0,0,0.3443923592567444,modal,cuda,PPIL4:K562
BCLAF1,HepG2,chr8:39077258:G:A,0,0,-0.8838891983032227,modal,cuda,PPIL4:K562
BCLAF1,HepG2,chr8:39077332:G:A,1,0,-0.9000992774963379,modal,cuda,PPIL4:K562
BCLAF1,HepG2,chr8:39082973:T:A,1,0,-0.6350263953208923,modal,cuda,PPIL4:K562
BCLAF1,HepG2,chr8:39083025:G:T,1,0,-1.908204436302185,modal,cuda,PPIL4:K562
BCLAF1,HepG2,chr8:41941447:G:C,1,0,0.7741953134536743,modal,cuda,PPIL4:K562
BCLAF1,HepG2,chr8:42316223:C:T,1,0,-1.8440499305725098,modal,cuda,PPIL4:K562
BCLAF1,HepG2,chr8:42316265:C:T,1,0,-1.0303747653961182,modal,cuda,PPIL4:K562
BCLAF1,HepG2,chr8:42316288:G:A,0,0,0.29164302349090576,modal,cuda,PPIL4:K562
BCLAF1,HepG2,chr8:42330914:G:A,0,0,-0.16838574409484863,modal,cuda,PPIL4:K562
BCLAF1,HepG2,chr8:47407898:C:T,1,0,-0.7083737850189209,modal,cuda,PPIL4:K562
BCLAF1,HepG2,chr8:47407923:G:A,1,0,-1.5168496370315552,modal,cuda,PPIL4:K562
BCLAF1,HepG2,chr8:47700499:G:A,0,0,0.656826376914978,modal,cuda,PPIL4:K562
BCLAF1,HepG2,chr8:47912405:C:G,0,0,1.1698178052902222,modal,cuda,PPIL4:K562
BCLAF1,HepG2,chr8:60781216:G:T,1,0,2.6978728771209717,modal,cuda,PPIL4:K562
BCLAF1,HepG2,chr8:60781232:C:A,1,0,1.6404831409454346,modal,cuda,PPIL4:K562
BCLAF1,HepG2,chr8:60808277:G:A,1,0,-0.6858892440795898,modal,cuda,PPIL4:K562
BCLAF1,HepG2,chr8:60808284:G:T,0,0,0.7452384829521179,modal,cuda,PPIL4:K562
BCLAF1,HepG2,chr8:60820036:T:A,1,0,-0.7612931728363037,modal,cuda,PPIL4:K562
BCLAF1,HepG2,chr8:60820036:T:G,1,0,-0.8413405418395996,modal,cuda,PPIL4:K562
BCLAF1,HepG2,chr8:60820055:A:G,0,0,-0.2174474000930786,modal,cuda,PPIL4:K562
BCLAF1,HepG2,chr8:60820063:T:C,0,0,0.37488341331481934,modal,cuda,PPIL4:K562
BCLAF1,HepG2,chr8:60822062:T:A,0,0,-1.1938838958740234,modal,cuda,PPIL4:K562
BCLAF1,HepG2,chr8:60822096:G:T,1,0,-0.7915173768997192,modal,cuda,PPIL4:K562
BCLAF1,HepG2,chr8:60822104:G:A,0,0,0.3498712182044983,modal,cuda,PPIL4:K562
BCLAF1,HepG2,chr8:60822121:G:A,1,0,-2.00032901763916,modal,cuda,PPIL4:K562
BCLAF1,HepG2,chr8:60822127:T:C,1,0,-0.37324512004852295,modal,cuda,PPIL4:K562
BCLAF1,HepG2,chr8:60822136:G:A,1,0,-2.331963062286377,modal,cuda,PPIL4:K562
BCLAF1,HepG2,chr8:60822137:G:A,1,0,-2.5312447547912598,modal,cuda,PPIL4:K562
BCLAF1,HepG2,chr8:60822147:T:C,1,0,-0.48674261569976807,modal,cuda,PPIL4:K562
BCLAF1,HepG2,chr8:60822147:T:G,1,0,2.4566242694854736,modal,cuda,PPIL4:K562
BCLAF1,HepG2,chr8:60822150:G:A,1,0,-0.48149555921554565,modal,cuda,PPIL4:K562
BCLAF1,HepG2,chr8:60822767:T:G,0,0,-0.2860681414604187,modal,cuda,PPIL4:K562
BCLAF1,HepG2,chr8:60823839:G:A,1,0,-1.2053122520446777,modal,cuda,PPIL4:K562
BCLAF1,HepG2,chr8:60823843:C:T,1,0,-1.2056427001953125,modal,cuda,PPIL4:K562
BCLAF1,HepG2,chr8:60823911:T:A,1,0,-2.1026458740234375,modal,cuda,PPIL4:K562
BCLAF1,HepG2,chr8:60830440:A:C,1,0,0.8041558265686035,modal,cuda,PPIL4:K562
BCLAF1,HepG2,chr8:60830440:A:G,1,0,1.3203376531600952,modal,cuda,PPIL4:K562
BCLAF1,HepG2,chr8:60830450:T:C,0,0,-0.1392340362071991,modal,cuda,PPIL4:K562
BCLAF1,HepG2,chr8:60830454:C:T,1,0,-2.0385143756866455,modal,cuda,PPIL4:K562
BCLAF1,HepG2,chr8:60830494:G:A,0,0,-0.6765691637992859,modal,cuda,PPIL4:K562
BCLAF1,HepG2,chr8:60830495:C:T,0,0,0.6268666386604309,modal,cuda,PPIL4:K562
BCLAF1,HepG2,chr8:60830496:G:A,0,0,-0.3526662588119507,modal,cuda,PPIL4:K562
BCLAF1,HepG2,chr8:60830567:C:G,1,0,-2.0643904209136963,modal,cuda,PPIL4:K562
BCLAF1,HepG2,chr8:60830569:T:G,1,0,-0.7035496830940247,modal,cuda,PPIL4:K562
BCLAF1,HepG2,chr8:60836128:A:G,0,0,0.14219725131988525,modal,cuda,PPIL4:K562
BCLAF1,HepG2,chr8:60836141:C:T,1,0,1.6248095035552979,modal,cuda,PPIL4:K562
BCLAF1,HepG2,chr8:60836153:C:T,1,0,1.572493553161621,modal,cuda,PPIL4:K562
BCLAF1,HepG2,chr8:60836175:T:C,1,0,-0.6994196176528931,modal,cuda,PPIL4:K562
BCLAF1,HepG2,chr8:60837666:A:G,1,0,0.5277100205421448,modal,cuda,PPIL4:K562
BCLAF1,HepG2,chr8:60837671:C:T,1,0,-0.6495354175567627,modal,cuda,PPIL4:K562
BCLAF1,HepG2,chr8:60837695:C:T,1,0,-0.7319135665893555,modal,cuda,PPIL4:K562
BCLAF1,HepG2,chr8:60837800:C:T,1,0,1.4197070598602295,modal,cuda,PPIL4:K562
BCLAF1,HepG2,chr8:60837806:A:G,0,0,-0.47264546155929565,modal,cuda,PPIL4:K562
BCLAF1,HepG2,chr8:60837818:G:T,1,0,-1.5549602508544922,modal,cuda,PPIL4:K562
BCLAF1,HepG2,chr8:60837823:T:C,0,0,0.3617880344390869,modal,cuda,PPIL4:K562
BCLAF1,HepG2,chr8:60837827:A:G,0,0,0.31252288818359375,modal,cuda,PPIL4:K562
BCLAF1,HepG2,chr8:60837836:G:A,1,0,-0.17733001708984375,modal,cuda,PPIL4:K562
BCLAF1,HepG2,chr8:60837836:G:T,1,0,-0.3818579912185669,modal,cuda,PPIL4:K562
BCLAF1,HepG2,chr8:60838075:G:A,1,0,0.2359405755996704,modal,cuda,PPIL4:K562
BCLAF1,HepG2,chr8:60838082:C:T,1,0,1.2597432136535645,modal,cuda,PPIL4:K562
BCLAF1,HepG2,chr8:60838097:G:T,1,0,1.565904140472412,modal,cuda,PPIL4:K562
BCLAF1,HepG2,chr8:60838115:C:T,1,0,1.6704329252243042,modal,cuda,PPIL4:K562
BCLAF1,HepG2,chr8:60838129:T:G,1,0,-0.6193668246269226,modal,cuda,PPIL4:K562
BCLAF1,HepG2,chr8:60838202:C:T,1,0,-1.1297004222869873,modal,cuda,PPIL4:K562
BCLAF1,HepG2,chr8:60838229:G:T,1,0,1.6326724290847778,modal,cuda,PPIL4:K562
BCLAF1,HepG2,chr8:60838237:A:G,0,0,0.37682294845581055,modal,cuda,PPIL4:K562
BCLAF1,HepG2,chr8:60838256:G:A,1,0,-1.3139557838439941,modal,cuda,PPIL4:K562
BCLAF1,HepG2,chr8:60841845:A:G,1,0,1.3084132671356201,modal,cuda,PPIL4:K562
BCLAF1,HepG2,chr8:60841846:G:A,1,0,1.5436277389526367,modal,cuda,PPIL4:K562
BCLAF1,HepG2,chr8:60841858:T:C,0,0,0.6268224716186523,modal,cuda,PPIL4:K562
BCLAF1,HepG2,chr8:60852496:A:T,1,0,0.42291557788848877,modal,cuda,PPIL4:K562
BCLAF1,HepG2,chr8:60852497:G:A,1,0,-0.2689460515975952,modal,cuda,PPIL4:K562
BCLAF1,HepG2,chr8:60852497:G:C,1,0,-1.2928502559661865,modal,cuda,PPIL4:K562
BCLAF1,HepG2,chr8:60852500:G:A,1,0,-0.8110654354095459,modal,cuda,PPIL4:K562
BCLAF1,HepG2,chr8:60852501:G:A,1,0,-0.6448358297348022,modal,cuda,PPIL4:K562
BCLAF1,HepG2,chr8:60852571:C:T,1,0,-1.758275032043457,modal,cuda,PPIL4:K562
BCLAF1,HepG2,chr8:60852574:C:T,1,0,-1.6555184125900269,modal,cuda,PPIL4:K562
BCLAF1,HepG2,chr8:60852588:C:T,0,0,-0.6889199614524841,modal,cuda,PPIL4:K562
BCLAF1,HepG2,chr8:60853395:G:A,0,0,-0.5221292972564697,modal,cuda,PPIL4:K562
BCLAF1,HepG2,chr8:60853397:C:T,0,0,0.0774526596069336,modal,cuda,PPIL4:K562
BCLAF1,HepG2,chr8:60853402:A:G,0,0,1.3230462074279785,modal,cuda,PPIL4:K562
BCLAF1,HepG2,chr8:60853405:C:G,0,0,0.07702136039733887,modal,cuda,PPIL4:K562
BCLAF1,HepG2,chr8:60853406:T:G,0,0,-0.2590593099594116,modal,cuda,PPIL4:K562
BCLAF1,HepG2,chr8:60853457:G:A,0,0,-0.10660791397094727,modal,cuda,PPIL4:K562
BCLAF1,HepG2,chr8:60853463:G:A,0,0,-0.4754737615585327,modal,cuda,PPIL4:K562
BCLAF1,HepG2,chr8:60853501:G:A,1,0,0.5213102102279663,modal,cuda,PPIL4:K562
BCLAF1,HepG2,chr8:60853501:G:T,1,0,-0.9398984909057617,modal,cuda,PPIL4:K562
BCLAF1,HepG2,chr8:60854430:T:G,0,0,-0.8814095854759216,modal,cuda,PPIL4:K562
BCLAF1,HepG2,chr8:60854437:C:T,1,0,2.3957276344299316,modal,cuda,PPIL4:K562
BCLAF1,HepG2,chr8:60854479:C:T,1,0,-1.854473352432251,modal,cuda,PPIL4:K562
BCLAF1,HepG2,chr8:60854500:T:C,0,0,-0.5344651937484741,modal,cuda,PPIL4:K562
BCLAF1,HepG2,chr8:60854505:C:G,0,0,-0.5215068459510803,modal,cuda,PPIL4:K562
BCLAF1,HepG2,chr8:60854508:C:T,0,0,-0.22044026851654053,modal,cuda,PPIL4:K562
BCLAF1,HepG2,chr8:60854510:C:A,1,0,-1.5984488725662231,modal,cuda,PPIL4:K562
BCLAF1,HepG2,chr8:60856721:C:T,1,0,-2.0670740604400635,modal,cuda,PPIL4:K562
BCLAF1,HepG2,chr8:60856726:G:A,0,0,0.284954309463501,modal,cuda,PPIL4:K562
BCLAF1,HepG2,chr8:60856749:C:T,0,0,0.39742016792297363,modal,cuda,PPIL4:K562
BCLAF1,HepG2,chr8:60856751:C:T,0,0,-1.460097312927246,modal,cuda,PPIL4:K562
BCLAF1,HepG2,chr8:60860963:C:T,0,0,-0.24244534969329834,modal,cuda,PPIL4:K562
BCLAF1,HepG2,chr8:60860964:A:G,0,0,-0.16707563400268555,modal,cuda,PPIL4:K562
BCLAF1,HepG2,chr8:60860976:G:T,1,0,1.4842543601989746,modal,cuda,PPIL4:K562
BCLAF1,HepG2,chr8:60860978:A:G,0,0,0.5574123859405518,modal,cuda,PPIL4:K562
BCLAF1,HepG2,chr8:60860979:C:T,1,0,-0.5801429748535156,modal,cuda,PPIL4:K562
BCLAF1,HepG2,chr8:60861009:A:G,0,0,-0.5782151222229004,modal,cuda,PPIL4:K562
BCLAF1,HepG2,chr8:60861058:A:G,1,0,0.8995733857154846,modal,cuda,PPIL4:K562
BCLAF1,HepG2,chr8:60861076:G:A,1,0,0.749271035194397,modal,cuda,PPIL4:K562
BCLAF1,HepG2,chr8:60861092:T:A,0,0,-0.6260080933570862,modal,cuda,PPIL4:K562
BCLAF1,HepG2,chr8:60861098:C:A,1,0,0.8493004441261292,modal,cuda,PPIL4:K562
BCLAF1,HepG2,chr8:60861119:T:A,1,0,0.614962637424469,modal,cuda,PPIL4:K562
BCLAF1,HepG2,chr8:60861119:T:G,1,0,0.5616917610168457,modal,cuda,PPIL4:K562
BCLAF1,HepG2,chr8:61553021:T:C,0,0,0.3498871326446533,modal,cuda,PPIL4:K562
BCLAF1,HepG2,chr8:61553105:C:A,1,0,-2.430047035217285,modal,cuda,PPIL4:K562
BCLAF1,HepG2,chr8:61555978:A:T,1,0,-0.9865739345550537,modal,cuda,PPIL4:K562
BCLAF1,HepG2,chr8:6409330:C:G,1,0,0.7760254144668579,modal,cuda,PPIL4:K562
BCLAF1,HepG2,chr8:6444762:C:A,1,0,2.116002321243286,modal,cuda,PPIL4:K562
BCLAF1,HepG2,chr8:6444826:G:A,0,0,-0.8185817003250122,modal,cuda,PPIL4:K562
BCLAF1,HepG2,chr8:67227254:G:A,1,0,-2.1555416584014893,modal,cuda,PPIL4:K562
BCLAF1,HepG2,chr8:67238412:G:A,1,0,2.991584300994873,modal,cuda,PPIL4:K562
BCLAF1,HepG2,chr8:67259847:G:A,1,0,1.269820213317871,modal,cuda,PPIL4:K562
BCLAF1,HepG2,chr8:70216728:T:C,0,0,-0.21566063165664673,modal,cuda,PPIL4:K562
BCLAF1,HepG2,chr8:91071196:A:G,0,0,0.24068069458007812,modal,cuda,PPIL4:K562
BCLAF1,HepG2,chr8:94841480:G:A,0,0,0.33900952339172363,modal,cuda,PPIL4:K562
BCLAF1,HepG2,chr8:94876224:T:C,0,0,-0.39914584159851074,modal,cuda,PPIL4:K562
BCLAF1,HepG2,chr8:95048547:C:G,1,0,-1.5896614789962769,modal,cuda,PPIL4:K562
BCLAF1,HepG2,chr8:96231837:C:T,0,0,-0.4598982334136963,modal,cuda,PPIL4:K562
BCLAF1,HepG2,chr8:96233140:C:G,0,0,-0.37751108407974243,modal,cuda,PPIL4:K562
BCLAF1,HepG2,chr8:96785338:T:C,0,0,0.577241837978363,modal,cuda,PPIL4:K562
BCLAF1,HepG2,chr8:99013850:T:G,1,0,-0.8531383275985718,modal,cuda,PPIL4:K562
BCLAF1,HepG2,chr8:99013930:G:T,1,0,-0.8917210698127747,modal,cuda,PPIL4:K562
BCLAF1,HepG2,chr8:99013933:C:T,1,0,-1.0850342512130737,modal,cuda,PPIL4:K562
BCLAF1,HepG2,chr8:99038429:A:T,1,0,1.0533943176269531,modal,cuda,PPIL4:K562
BCLAF1,HepG2,chr8:99038453:G:T,1,0,-1.323763370513916,modal,cuda,PPIL4:K562
BCLAF1,HepG2,chr8:99111181:G:T,1,0,-0.6924806237220764,modal,cuda,PPIL4:K562
BCLAF1,HepG2,chr8:99111243:T:G,1,0,0.3010374903678894,modal,cuda,PPIL4:K562
BCLAF1,HepG2,chr8:99121218:C:T,1,0,2.0900368690490723,modal,cuda,PPIL4:K562
BCLAF1,HepG2,chr8:99121273:G:A,1,0,-0.37171244621276855,modal,cuda,PPIL4:K562
BCLAF1,HepG2,chr8:99121282:G:A,1,0,-1.5312108993530273,modal,cuda,PPIL4:K562
BCLAF1,HepG2,chr8:99121389:A:T,1,0,-2.4403159618377686,modal,cuda,PPIL4:K562
BCLAF1,HepG2,chr8:99170035:T:G,0,0,0.8682908415794373,modal,cuda,PPIL4:K562
BCLAF1,HepG2,chr8:99384331:A:T,0,0,-0.2327183485031128,modal,cuda,PPIL4:K562
BCLAF1,HepG2,chr8:99442390:T:C,0,0,0.25309938192367554,modal,cuda,PPIL4:K562
BCLAF1,HepG2,chr9:100229650:G:A,0,4,0.8282437324523926,modal,cuda,PPIL4:K562
BCLAF1,HepG2,chr9:100229676:G:A,1,4,1.1342730522155762,modal,cuda,PPIL4:K562
BCLAF1,HepG2,chr9:100252989:C:A,1,4,1.914452314376831,modal,cuda,PPIL4:K562
BCLAF1,HepG2,chr9:100253026:C:T,1,4,-0.37738746404647827,modal,cuda,PPIL4:K562
BCLAF1,HepG2,chr9:100253085:C:A,1,4,1.2065062522888184,modal,cuda,PPIL4:K562
BCLAF1,HepG2,chr9:100264822:G:T,1,4,-1.221137285232544,modal,cuda,PPIL4:K562
BCLAF1,HepG2,chr9:100264841:G:A,1,4,-1.137610912322998,modal,cuda,PPIL4:K562
BCLAF1,HepG2,chr9:100264860:C:G,1,4,-1.6450697183609009,modal,cuda,PPIL4:K562
BCLAF1,HepG2,chr9:100273009:A:T,1,4,1.2940404415130615,modal,cuda,PPIL4:K562
BCLAF1,HepG2,chr9:100273018:C:T,1,4,1.1450302600860596,modal,cuda,PPIL4:K562
BCLAF1,HepG2,chr9:104786285:T:C,0,4,-0.30690956115722656,modal,cuda,PPIL4:K562
BCLAF1,HepG2,chr9:104787913:T:C,0,4,-1.5862927436828613,modal,cuda,PPIL4:K562
BCLAF1,HepG2,chr9:104802047:A:G,0,4,0.6226412057876587,modal,cuda,PPIL4:K562
BCLAF1,HepG2,chr9:104845460:G:A,0,4,-0.882375955581665,modal,cuda,PPIL4:K562
BCLAF1,HepG2,chr9:105356390:T:C,0,4,0.9600666761398315,modal,cuda,PPIL4:K562
BCLAF1,HepG2,chr9:105472013:A:G,0,4,0.40770047903060913,modal,cuda,PPIL4:K562
BCLAF1,HepG2,chr9:108912460:A:C,1,4,-1.8184313774108887,modal,cuda,PPIL4:K562
BCLAF1,HepG2,chr9:108926548:C:T,0,4,0.4803119897842407,modal,cuda,PPIL4:K562
BCLAF1,HepG2,chr9:112405714:A:T,0,4,0.327725887298584,modal,cuda,PPIL4:K562
BCLAF1,HepG2,chr9:112409029:T:C,0,4,-2.0154051780700684,modal,cuda,PPIL4:K562
BCLAF1,HepG2,chr9:113278969:A:G,0,4,0.5813417434692383,modal,cuda,PPIL4:K562
BCLAF1,HepG2,chr9:113279036:T:C,0,4,0.2932863235473633,modal,cuda,PPIL4:K562
BCLAF1,HepG2,chr9:114206232:C:T,0,4,0.4055933952331543,modal,cuda,PPIL4:K562
BCLAF1,HepG2,chr9:114222282:G:T,0,4,-0.5467305183410645,modal,cuda,PPIL4:K562
BCLAF1,HepG2,chr9:114236963:G:C,0,4,-0.8201826214790344,modal,cuda,PPIL4:K562
BCLAF1,HepG2,chr9:114240286:C:T,0,4,0.7838630676269531,modal,cuda,PPIL4:K562
BCLAF1,HepG2,chr9:114250612:T:C,0,4,0.46460819244384766,modal,cuda,PPIL4:K562
BCLAF1,HepG2,chr9:114264906:G:A,0,4,0.1779639720916748,modal,cuda,PPIL4:K562
BCLAF1,HepG2,chr9:114275787:T:A,0,4,-2.2847912311553955,modal,cuda,PPIL4:K562
BCLAF1,HepG2,chr9:114282258:G:T,0,4,0.07814085483551025,modal,cuda,PPIL4:K562
BCLAF1,HepG2,chr9:114288530:C:G,0,4,-0.32544636726379395,modal,cuda,PPIL4:K562
BCLAF1,HepG2,chr9:114290935:A:G,0,4,-1.681868314743042,modal,cuda,PPIL4:K562
BCLAF1,HepG2,chr9:114300704:C:T,0,4,0.38938266038894653,modal,cuda,PPIL4:K562
BCLAF1,HepG2,chr9:120409173:G:A,1,4,-0.8268016576766968,modal,cuda,PPIL4:K562
BCLAF1,HepG2,chr9:120409185:C:A,1,4,-0.982879102230072,modal,cuda,PPIL4:K562
BCLAF1,HepG2,chr9:120415028:G:T,0,4,-0.5623572468757629,modal,cuda,PPIL4:K562
BCLAF1,HepG2,chr9:120470214:G:C,1,4,4.646007537841797,modal,cuda,PPIL4:K562
BCLAF1,HepG2,chr9:120477335:G:C,0,4,-0.5111907720565796,modal,cuda,PPIL4:K562
BCLAF1,HepG2,chr9:120527932:T:C,0,4,0.5806857943534851,modal,cuda,PPIL4:K562
BCLAF1,HepG2,chr9:120530076:C:A,1,4,4.331146240234375,modal,cuda,PPIL4:K562
BCLAF1,HepG2,chr9:120530103:C:A,1,4,2.440645933151245,modal,cuda,PPIL4:K562
BCLAF1,HepG2,chr9:120545742:C:A,1,4,0.7808040380477905,modal,cuda,PPIL4:K562
BCLAF1,HepG2,chr9:120545794:C:T,0,4,-0.07361912727355957,modal,cuda,PPIL4:K562
BCLAF1,HepG2,chr9:120550848:G:A,1,4,0.8610519170761108,modal,cuda,PPIL4:K562
BCLAF1,HepG2,chr9:120550852:A:T,1,4,-2.290034294128418,modal,cuda,PPIL4:K562
BCLAF1,HepG2,chr9:124890381:G:C,0,4,1.5681211948394775,modal,cuda,PPIL4:K562
BCLAF1,HepG2,chr9:125307821:A:G,0,4,0.197331964969635,modal,cuda,PPIL4:K562
BCLAF1,HepG2,chr9:125312528:T:C,0,4,-0.6478083729743958,modal,cuda,PPIL4:K562
BCLAF1,HepG2,chr9:128576976:T:C,0,4,-1.419196367263794,modal,cuda,PPIL4:K562
BCLAF1,HepG2,chr9:128584269:T:G,0,4,-0.19826138019561768,modal,cuda,PPIL4:K562
BCLAF1,HepG2,chr9:128632559:C:T,0,4,-1.5474525690078735,modal,cuda,PPIL4:K562
BCLAF1,HepG2,chr9:128693624:C:T,0,4,2.857487678527832,modal,cuda,PPIL4:K562
BCLAF1,HepG2,chr9:130703746:G:A,0,4,-0.967970609664917,modal,cuda,PPIL4:K562
BCLAF1,HepG2,chr9:130703765:G:A,0,4,1.540541648864746,modal,cuda,PPIL4:K562
BCLAF1,HepG2,chr9:131475071:C:T,0,4,-0.4156627655029297,modal,cuda,PPIL4:K562
BCLAF1,HepG2,chr9:132300611:T:C,0,4,-1.5106288194656372,modal,cuda,PPIL4:K562
BCLAF1,HepG2,chr9:132901615:G:A,0,4,1.0365023612976074,modal,cuda,PPIL4:K562
BCLAF1,HepG2,chr9:132901697:C:G,0,4,-0.9438083171844482,modal,cuda,PPIL4:K562
BCLAF1,HepG2,chr9:132902771:A:C,1,4,-1.7041046619415283,modal,cuda,PPIL4:K562
BCLAF1,HepG2,chr9:132921343:T:C,0,4,1.0241429805755615,modal,cuda,PPIL4:K562
BCLAF1,HepG2,chr9:132921362:C:G,1,4,-0.6015087366104126,modal,cuda,PPIL4:K562
BCLAF1,HepG2,chr9:132921362:C:T,1,4,-3.4623119831085205,modal,cuda,PPIL4:K562
BCLAF1,HepG2,chr9:132921427:C:A,1,4,1.7722718715667725,modal,cuda,PPIL4:K562
BCLAF1,HepG2,chr9:132923368:G:C,1,4,-0.8812140822410583,modal,cuda,PPIL4:K562
BCLAF1,HepG2,chr9:132923379:G:C,0,4,-1.4661394357681274,modal,cuda,PPIL4:K562
BCLAF1,HepG2,chr9:14792814:C:A,1,4,4.105888366699219,modal,cuda,PPIL4:K562
BCLAF1,HepG2,chr9:14792894:G:C,0,4,-0.24728184938430786,modal,cuda,PPIL4:K562
BCLAF1,HepG2,chr9:14797518:A:T,0,4,0.9930351972579956,modal,cuda,PPIL4:K562
BCLAF1,HepG2,chr9:14797629:C:T,0,4,-0.8361390829086304,modal,cuda,PPIL4:K562
BCLAF1,HepG2,chr9:14801771:C:T,0,4,1.885627269744873,modal,cuda,PPIL4:K562
BCLAF1,HepG2,chr9:14804945:A:G,0,4,-0.9313733577728271,modal,cuda,PPIL4:K562
BCLAF1,HepG2,chr9:14804988:C:A,1,4,2.4212963581085205,modal,cuda,PPIL4:K562
BCLAF1,HepG2,chr9:14806646:G:A,0,4,0.2711622714996338,modal,cuda,PPIL4:K562
BCLAF1,HepG2,chr9:14813074:G:A,0,4,-1.709169864654541,modal,cuda,PPIL4:K562
BCLAF1,HepG2,chr9:14816817:G:A,0,4,1.0777103900909424,modal,cuda,PPIL4:K562
BCLAF1,HepG2,chr9:14823220:A:G,0,4,-0.7834693193435669,modal,cuda,PPIL4:K562
BCLAF1,HepG2,chr9:14823223:G:T,0,4,0.31276726722717285,modal,cuda,PPIL4:K562
BCLAF1,HepG2,chr9:14824090:T:C,0,4,-0.4153871536254883,modal,cuda,PPIL4:K562
BCLAF1,HepG2,chr9:14841537:A:G,0,4,0.11523079872131348,modal,cuda,PPIL4:K562
BCLAF1,HepG2,chr9:14851596:C:T,0,4,-1.9965349435806274,modal,cuda,PPIL4:K562
BCLAF1,HepG2,chr9:14851619:T:C,0,4,0.6625967025756836,modal,cuda,PPIL4:K562
BCLAF1,HepG2,chr9:14859358:T:C,0,4,1.0843180418014526,modal,cuda,PPIL4:K562
BCLAF1,HepG2,chr9:14863865:A:G,0,4,0.33358967304229736,modal,cuda,PPIL4:K562
BCLAF1,HepG2,chr9:19376395:A:G,0,4,-0.3744526505470276,modal,cuda,PPIL4:K562
BCLAF1,HepG2,chr9:21818012:C:T,0,4,1.6661287546157837,modal,cuda,PPIL4:K562
BCLAF1,HepG2,chr9:26919291:A:T,0,4,0.9950794577598572,modal,cuda,PPIL4:K562
BCLAF1,HepG2,chr9:27562354:T:C,0,4,-0.8259775638580322,modal,cuda,PPIL4:K562
BCLAF1,HepG2,chr9:35295883:C:A,0,4,-0.4758474826812744,modal,cuda,PPIL4:K562
BCLAF1,HepG2,chr9:36204081:G:A,0,4,-0.5539686679840088,modal,cuda,PPIL4:K562
BCLAF1,HepG2,chr9:36246472:G:A,1,4,1.7390544414520264,modal,cuda,PPIL4:K562
BCLAF1,HepG2,chr9:5077517:T:C,0,4,0.7858624458312988,modal,cuda,PPIL4:K562
BCLAF1,HepG2,chr9:5732483:T:C,0,4,-0.5555742979049683,modal,cuda,PPIL4:K562
BCLAF1,HepG2,chr9:6849518:A:G,0,4,-0.24093902111053467,modal,cuda,PPIL4:K562
BCLAF1,HepG2,chr9:6888034:T:C,0,4,1.3453842401504517,modal,cuda,PPIL4:K562
BCLAF1,HepG2,chr9:69216482:T:C,0,4,-0.7380352020263672,modal,cuda,PPIL4:K562
BCLAF1,HepG2,chr9:69237989:T:G,0,4,-0.3049059510231018,modal,cuda,PPIL4:K562
BCLAF1,HepG2,chr9:69238803:T:A,0,4,-0.5638290047645569,modal,cuda,PPIL4:K562
BCLAF1,HepG2,chr9:69246793:A:G,1,4,1.1743628978729248,modal,cuda,PPIL4:K562
BCLAF1,HepG2,chr9:69248011:G:T,1,4,-1.8719767332077026,modal,cuda,PPIL4:K562
BCLAF1,HepG2,chr9:69248059:C:T,0,4,0.3899097442626953,modal,cuda,PPIL4:K562
BCLAF1,HepG2,chr9:69248071:G:A,0,4,0.40798771381378174,modal,cuda,PPIL4:K562
BCLAF1,HepG2,chr9:7013874:C:T,0,4,-1.288750171661377,modal,cuda,PPIL4:K562
BCLAF1,HepG2,chr9:710961:G:A,0,4,-0.4652644395828247,modal,cuda,PPIL4:K562
BCLAF1,HepG2,chr9:712060:G:C,0,4,2.0794808864593506,modal,cuda,PPIL4:K562
BCLAF1,HepG2,chr9:712066:A:C,0,4,-1.1843098402023315,modal,cuda,PPIL4:K562
BCLAF1,HepG2,chr9:712119:T:C,0,4,0.5069211721420288,modal,cuda,PPIL4:K562
BCLAF1,HepG2,chr9:712137:G:C,0,4,-0.2731121778488159,modal,cuda,PPIL4:K562
BCLAF1,HepG2,chr9:712156:T:G,0,4,-0.35465025901794434,modal,cuda,PPIL4:K562
BCLAF1,HepG2,chr9:712599:C:T,0,4,-0.6219490170478821,modal,cuda,PPIL4:K562
BCLAF1,HepG2,chr9:71734841:C:T,1,4,4.588926315307617,modal,cuda,PPIL4:K562
BCLAF1,HepG2,chr9:730054:A:G,0,4,-0.38349658250808716,modal,cuda,PPIL4:K562
BCLAF1,HepG2,chr9:732536:T:C,0,4,0.24894380569458008,modal,cuda,PPIL4:K562
BCLAF1,HepG2,chr9:77220261:A:C,0,4,-0.33762943744659424,modal,cuda,PPIL4:K562
BCLAF1,HepG2,chr9:77227498:C:A,0,4,0.11821293830871582,modal,cuda,PPIL4:K562
BCLAF1,HepG2,chr9:77252372:T:C,0,4,-0.42190122604370117,modal,cuda,PPIL4:K562
BCLAF1,HepG2,chr9:77283393:C:T,1,4,3.388904094696045,modal,cuda,PPIL4:K562
BCLAF1,HepG2,chr9:77283420:C:T,1,4,3.5584158897399902,modal,cuda,PPIL4:K562
BCLAF1,HepG2,chr9:77283468:G:T,1,4,1.4928523302078247,modal,cuda,PPIL4:K562
BCLAF1,HepG2,chr9:77368037:T:C,0,4,0.559213399887085,modal,cuda,PPIL4:K562
BCLAF1,HepG2,chr9:83976988:T:C,0,4,-0.852031946182251,modal,cuda,PPIL4:K562
BCLAF1,HepG2,chr9:83977684:T:C,0,4,-0.5087161064147949,modal,cuda,PPIL4:K562
BCLAF1,HepG2,chr9:85942286:G:A,0,4,0.7198620438575745,modal,cuda,PPIL4:K562
BCLAF1,HepG2,chr9:85942296:T:C,0,4,1.3017914295196533,modal,cuda,PPIL4:K562
BCLAF1,HepG2,chr9:86346438:G:A,0,4,1.6394505500793457,modal,cuda,PPIL4:K562
BCLAF1,HepG2,chr9:87643366:T:A,0,4,0.04965341091156006,modal,cuda,PPIL4:K562
BCLAF1,HepG2,chr9:89325666:C:T,0,4,0.7799227237701416,modal,cuda,PPIL4:K562
BCLAF1,HepG2,chr9:89348221:A:C,0,4,0.9128241539001465,modal,cuda,PPIL4:K562
BCLAF1,HepG2,chr9:91325340:T:G,0,4,-0.6373813152313232,modal,cuda,PPIL4:K562
BCLAF1,HepG2,chr9:91325406:T:C,1,4,-0.7200261354446411,modal,cuda,PPIL4:K562
BCLAF1,HepG2,chr9:91355976:C:T,0,4,-0.4827563762664795,modal,cuda,PPIL4:K562
BCLAF1,HepG2,chr9:92050084:C:T,0,4,0.6378903388977051,modal,cuda,PPIL4:K562
BCLAF1,HepG2,chr9:92247504:A:G,0,4,1.1584291458129883,modal,cuda,PPIL4:K562
BCLAF1,HepG2,chr9:92253376:G:A,1,4,0.2679283618927002,modal,cuda,PPIL4:K562
BCLAF1,HepG2,chr9:92253389:A:T,1,4,-2.012662649154663,modal,cuda,PPIL4:K562
BCLAF1,HepG2,chr9:92258946:C:A,1,4,-1.8274353742599487,modal,cuda,PPIL4:K562
BCLAF1,HepG2,chr9:92260132:G:A,0,4,-0.41375863552093506,modal,cuda,PPIL4:K562
BCLAF1,HepG2,chr9:92265060:C:G,0,4,0.95157790184021,modal,cuda,PPIL4:K562
BCLAF1,HepG2,chr9:92269899:A:G,0,4,-0.41788268089294434,modal,cuda,PPIL4:K562
BCLAF1,HepG2,chr9:92269937:G:A,1,4,-3.5099260807037354,modal,cuda,PPIL4:K562
BCLAF1,HepG2,chr9:92271034:G:A,1,4,-4.12553596496582,modal,cuda,PPIL4:K562
BCLAF1,HepG2,chr9:92271064:T:C,0,4,0.4014970064163208,modal,cuda,PPIL4:K562
BCLAF1,HepG2,chr9:92274465:T:G,0,4,-0.32582616806030273,modal,cuda,PPIL4:K562
BCLAF1,HepG2,chr9:92274466:T:C,0,4,0.17380404472351074,modal,cuda,PPIL4:K562
BCLAF1,HepG2,chr9:92278187:T:C,0,4,-0.06606447696685791,modal,cuda,PPIL4:K562
BCLAF1,HepG2,chr9:92278272:G:A,1,4,1.0776655673980713,modal,cuda,PPIL4:K562
BCLAF1,HepG2,chr9:92285779:G:A,0,4,2.2289419174194336,modal,cuda,PPIL4:K562
BCLAF1,HepG2,chr9:92286592:C:T,1,4,-3.3126025199890137,modal,cuda,PPIL4:K562
BCLAF1,HepG2,chr9:92286608:C:T,0,4,-0.43334507942199707,modal,cuda,PPIL4:K562
BCLAF1,HepG2,chr9:92287772:T:C,0,4,-0.7701451778411865,modal,cuda,PPIL4:K562
BCLAF1,HepG2,chr9:94773170:T:G,1,4,2.1167595386505127,modal,cuda,PPIL4:K562
BCLAF1,HepG2,chr9:95881111:C:T,1,4,2.533451795578003,modal,cuda,PPIL4:K562
BCLAF1,HepG2,chr9:95916209:C:G,0,4,-0.7018488645553589,modal,cuda,PPIL4:K562
BCLAF1,HepG2,chr9:95916336:C:T,1,4,-2.2297446727752686,modal,cuda,PPIL4:K562
BCLAF1,HepG2,chr9:95921268:C:A,0,4,1.1096889972686768,modal,cuda,PPIL4:K562
BCLAF1,HepG2,chr9:95928767:C:T,1,4,-1.3560700416564941,modal,cuda,PPIL4:K562
BCLAF1,HepG2,chr9:95928833:C:T,1,4,0.6361099481582642,modal,cuda,PPIL4:K562
BCLAF1,HepG2,chr9:95955996:C:T,1,4,0.7435219287872314,modal,cuda,PPIL4:K562
BCLAF1,HepG2,chr9:97684977:G:A,1,4,1.2749992609024048,modal,cuda,PPIL4:K562
BCLAF1,HepG2,chr9:97689575:A:T,1,4,-1.5591304302215576,modal,cuda,PPIL4:K562
BCLAF1,HepG2,chr9:97689592:C:A,1,4,3.539771795272827,modal,cuda,PPIL4:K562
BCLAF1,HepG2,chr9:97689608:G:T,1,4,2.7042746543884277,modal,cuda,PPIL4:K562
BCLAF1,HepG2,chrX:106818656:A:G,0,2,0.17300033569335938,modal,cuda,PPIL4:K562
BCLAF1,HepG2,chrX:106840206:G:A,0,2,0.09313881397247314,modal,cuda,PPIL4:K562
BCLAF1,HepG2,chrX:108580594:C:A,0,2,0.11351311206817627,modal,cuda,PPIL4:K562
BCLAF1,HepG2,chrX:108580600:G:A,0,2,-1.0629122257232666,modal,cuda,PPIL4:K562
BCLAF1,HepG2,chrX:108580673:T:A,1,2,-0.7165233492851257,modal,cuda,PPIL4:K562
BCLAF1,HepG2,chrX:108586754:G:A,0,2,-0.1234123706817627,modal,cuda,PPIL4:K562
BCLAF1,HepG2,chrX:108622665:A:G,0,2,-0.16133928298950195,modal,cuda,PPIL4:K562
BCLAF1,HepG2,chrX:108680662:T:G,0,2,-0.1642305999994278,modal,cuda,PPIL4:K562
BCLAF1,HepG2,chrX:111685098:C:T,0,2,0.32745689153671265,modal,cuda,PPIL4:K562
BCLAF1,HepG2,chrX:119931930:G:A,0,2,0.5027251243591309,modal,cuda,PPIL4:K562
BCLAF1,HepG2,chrX:120536921:T:G,0,2,-0.3297819197177887,modal,cuda,PPIL4:K562
BCLAF1,HepG2,chrX:120540359:G:A,0,2,0.6681325435638428,modal,cuda,PPIL4:K562
BCLAF1,HepG2,chrX:120542951:C:T,0,2,0.7632527351379395,modal,cuda,PPIL4:K562
BCLAF1,HepG2,chrX:120543052:A:G,0,2,0.1575164794921875,modal,cuda,PPIL4:K562
BCLAF1,HepG2,chrX:123900474:T:G,0,2,-0.28630775213241577,modal,cuda,PPIL4:K562
BCLAF1,HepG2,chrX:123900507:C:T,1,2,1.559523105621338,modal,cuda,PPIL4:K562
BCLAF1,HepG2,chrX:123900515:T:C,0,2,-0.30431246757507324,modal,cuda,PPIL4:K562
BCLAF1,HepG2,chrX:123900531:A:G,0,2,-0.4998006820678711,modal,cuda,PPIL4:K562
BCLAF1,HepG2,chrX:123900534:C:T,1,2,1.7588473558425903,modal,cuda,PPIL4:K562
BCLAF1,HepG2,chrX:123900587:G:T,0,2,1.192160964012146,modal,cuda,PPIL4:K562
BCLAF1,HepG2,chrX:123900589:T:G,0,2,-0.7243748903274536,modal,cuda,PPIL4:K562
BCLAF1,HepG2,chrX:123900623:G:A,0,2,0.2354034185409546,modal,cuda,PPIL4:K562
BCLAF1,HepG2,chrX:123900661:A:C,0,2,-0.887503981590271,modal,cuda,PPIL4:K562
BCLAF1,HepG2,chrX:123900692:A:G,0,2,-1.1635074615478516,modal,cuda,PPIL4:K562
BCLAF1,HepG2,chrX:123900700:A:G,0,2,-0.2887909412384033,modal,cuda,PPIL4:K562
BCLAF1,HepG2,chrX:124030945:C:T,0,2,-0.8097031712532043,modal,cuda,PPIL4:K562
BCLAF1,HepG2,chrX:124045161:T:C,0,2,-0.10768795013427734,modal,cuda,PPIL4:K562
BCLAF1,HepG2,chrX:124049088:G:C,0,2,-0.5894101858139038,modal,cuda,PPIL4:K562
BCLAF1,HepG2,chrX:124063839:A:G,0,2,0.35952186584472656,modal,cuda,PPIL4:K562
BCLAF1,HepG2,chrX:124065862:A:T,0,2,-0.25823163986206055,modal,cuda,PPIL4:K562
BCLAF1,HepG2,chrX:132054721:C:T,0,2,-0.16146039962768555,modal,cuda,PPIL4:K562
BCLAF1,HepG2,chrX:134378116:T:C,0,2,1.14910888671875,modal,cuda,PPIL4:K562
BCLAF1,HepG2,chrX:13738877:T:A,1,2,1.2995045185089111,modal,cuda,PPIL4:K562
BCLAF1,HepG2,chrX:13738892:C:T,0,2,-0.6921077370643616,modal,cuda,PPIL4:K562
BCLAF1,HepG2,chrX:13739002:G:C,0,2,0.1059722900390625,modal,cuda,PPIL4:K562
BCLAF1,HepG2,chrX:13739016:T:A,0,2,0.5459305644035339,modal,cuda,PPIL4:K562
BCLAF1,HepG2,chrX:147921961:C:A,1,2,0.8584576845169067,modal,cuda,PPIL4:K562
BCLAF1,HepG2,chrX:147928736:T:C,0,2,0.3569828271865845,modal,cuda,PPIL4:K562
BCLAF1,HepG2,chrX:147928802:G:A,0,2,-0.4050312042236328,modal,cuda,PPIL4:K562
BCLAF1,HepG2,chrX:147929940:A:G,1,2,0.5431580543518066,modal,cuda,PPIL4:K562
BCLAF1,HepG2,chrX:147929961:G:T,0,2,-0.35415732860565186,modal,cuda,PPIL4:K562
BCLAF1,HepG2,chrX:147936534:T:A,1,2,0.7783713936805725,modal,cuda,PPIL4:K562
BCLAF1,HepG2,chrX:147936627:C:T,0,2,0.4775393009185791,modal,cuda,PPIL4:K562
BCLAF1,HepG2,chrX:154764985:G:T,0,2,0.7731360197067261,modal,cuda,PPIL4:K562
BCLAF1,HepG2,chrX:154765450:C:A,1,2,0.6465231776237488,modal,cuda,PPIL4:K562
BCLAF1,HepG2,chrX:154765465:T:G,1,2,-0.31071197986602783,modal,cuda,PPIL4:K562
BCLAF1,HepG2,chrX:154765472:T:C,1,2,-0.7043325901031494,modal,cuda,PPIL4:K562
BCLAF1,HepG2,chrX:154765478:C:G,1,2,0.6580376625061035,modal,cuda,PPIL4:K562
BCLAF1,HepG2,chrX:154765497:G:A,0,2,-0.9208232164382935,modal,cuda,PPIL4:K562
BCLAF1,HepG2,chrX:154765505:C:T,1,2,0.15245655179023743,modal,cuda,PPIL4:K562
BCLAF1,HepG2,chrX:154765924:T:G,1,2,-1.0535523891448975,modal,cuda,PPIL4:K562
BCLAF1,HepG2,chrX:154765938:A:G,1,2,-0.733015775680542,modal,cuda,PPIL4:K562
BCLAF1,HepG2,chrX:154765942:T:C,0,2,-0.5430009365081787,modal,cuda,PPIL4:K562
BCLAF1,HepG2,chrX:154768445:G:A,0,2,-0.7430824637413025,modal,cuda,PPIL4:K562
BCLAF1,HepG2,chrX:154776279:G:A,0,2,-0.12225377559661865,modal,cuda,PPIL4:K562
BCLAF1,HepG2,chrX:154776309:C:T,0,2,-0.14067977666854858,modal,cuda,PPIL4:K562
BCLAF1,HepG2,chrX:154776873:G:A,0,2,0.39231598377227783,modal,cuda,PPIL4:K562
BCLAF1,HepG2,chrX:154776964:A:G,0,2,-0.2358701229095459,modal,cuda,PPIL4:K562
BCLAF1,HepG2,chrX:17749482:C:T,0,2,1.2554938793182373,modal,cuda,PPIL4:K562
BCLAF1,HepG2,chrX:18938605:G:A,0,2,0.465440034866333,modal,cuda,PPIL4:K562
BCLAF1,HepG2,chrX:19355671:C:A,0,2,0.5933415293693542,modal,cuda,PPIL4:K562
BCLAF1,HepG2,chrX:19355772:C:T,0,2,-1.2294385433197021,modal,cuda,PPIL4:K562
BCLAF1,HepG2,chrX:19359466:T:C,0,2,0.5362677574157715,modal,cuda,PPIL4:K562
BCLAF1,HepG2,chrX:19359471:C:T,0,2,0.3598114848136902,modal,cuda,PPIL4:K562
BCLAF1,HepG2,chrX:19359480:A:C,0,2,0.9354895353317261,modal,cuda,PPIL4:K562
BCLAF1,HepG2,chrX:20172741:T:A,0,2,-0.1895509958267212,modal,cuda,PPIL4:K562
BCLAF1,HepG2,chrX:20175298:G:A,0,2,-0.24706995487213135,modal,cuda,PPIL4:K562
BCLAF1,HepG2,chrX:20186286:G:A,0,2,-0.23513495922088623,modal,cuda,PPIL4:K562
BCLAF1,HepG2,chrX:20186291:C:T,1,2,1.8876835107803345,modal,cuda,PPIL4:K562
BCLAF1,HepG2,chrX:20188479:C:T,0,2,0.38312065601348877,modal,cuda,PPIL4:K562
BCLAF1,HepG2,chrX:20188484:A:G,0,2,-0.14878344535827637,modal,cuda,PPIL4:K562
BCLAF1,HepG2,chrX:20193471:T:C,0,2,-1.3534045219421387,modal,cuda,PPIL4:K562
BCLAF1,HepG2,chrX:20195052:G:A,0,2,0.3712701201438904,modal,cuda,PPIL4:K562
BCLAF1,HepG2,chrX:20195053:G:T,0,2,-0.5801374912261963,modal,cuda,PPIL4:K562
BCLAF1,HepG2,chrX:20209418:C:T,0,2,0.3057861328125,modal,cuda,PPIL4:K562
BCLAF1,HepG2,chrX:20234745:A:G,0,2,1.5720465183258057,modal,cuda,PPIL4:K562
BCLAF1,HepG2,chrX:20234834:C:T,0,2,0.28370678424835205,modal,cuda,PPIL4:K562
BCLAF1,HepG2,chrX:23783890:C:T,0,2,0.8805884122848511,modal,cuda,PPIL4:K562
BCLAF1,HepG2,chrX:24210545:T:C,0,2,-0.6648874878883362,modal,cuda,PPIL4:K562
BCLAF1,HepG2,chrX:24727020:T:C,0,2,-1.068357229232788,modal,cuda,PPIL4:K562
BCLAF1,HepG2,chrX:24815046:C:T,0,2,-0.22139760851860046,modal,cuda,PPIL4:K562
BCLAF1,HepG2,chrX:24815125:T:A,0,2,-1.4747238159179688,modal,cuda,PPIL4:K562
BCLAF1,HepG2,chrX:30694527:G:A,1,2,-0.49194571375846863,modal,cuda,PPIL4:K562
BCLAF1,HepG2,chrX:30696700:C:A,0,2,-0.11339545249938965,modal,cuda,PPIL4:K562
BCLAF1,HepG2,chrX:30700906:G:A,1,2,1.1245484352111816,modal,cuda,PPIL4:K562
BCLAF1,HepG2,chrX:30718638:G:T,0,2,0.7535898089408875,modal,cuda,PPIL4:K562
BCLAF1,HepG2,chrX:30720761:T:C,0,2,0.3638424873352051,modal,cuda,PPIL4:K562
BCLAF1,HepG2,chrX:38276710:A:C,0,2,-0.3720424175262451,modal,cuda,PPIL4:K562
BCLAF1,HepG2,chrX:38317310:T:C,0,2,-0.316953182220459,modal,cuda,PPIL4:K562
BCLAF1,HepG2,chrX:38317333:T:A,1,2,0.8063445091247559,modal,cuda,PPIL4:K562
BCLAF1,HepG2,chrX:38317338:A:C,1,2,1.9473583698272705,modal,cuda,PPIL4:K562
BCLAF1,HepG2,chrX:38317343:C:T,1,2,-1.077840805053711,modal,cuda,PPIL4:K562
BCLAF1,HepG2,chrX:38317354:C:T,1,2,2.0653629302978516,modal,cuda,PPIL4:K562
BCLAF1,HepG2,chrX:38317383:C:A,0,2,0.7310100793838501,modal,cuda,PPIL4:K562
BCLAF1,HepG2,chrX:38317385:G:A,1,2,-0.7598438262939453,modal,cuda,PPIL4:K562
BCLAF1,HepG2,chrX:38317441:C:T,1,2,0.5464155077934265,modal,cuda,PPIL4:K562
BCLAF1,HepG2,chrX:38317443:C:T,1,2,1.7079498767852783,modal,cuda,PPIL4:K562
BCLAF1,HepG2,chrX:38318829:C:A,1,2,1.8909821510314941,modal,cuda,PPIL4:K562
BCLAF1,HepG2,chrX:38318856:C:G,1,2,0.9085106253623962,modal,cuda,PPIL4:K562
BCLAF1,HepG2,chrX:38318883:C:A,1,2,1.7961616516113281,modal,cuda,PPIL4:K562
BCLAF1,HepG2,chrX:38318904:C:T,0,2,0.7152347564697266,modal,cuda,PPIL4:K562
BCLAF1,HepG2,chrX:41131554:A:G,0,2,-0.12735432386398315,modal,cuda,PPIL4:K562
BCLAF1,HepG2,chrX:41144502:T:C,0,2,-0.9784046411514282,modal,cuda,PPIL4:K562
BCLAF1,HepG2,chrX:41144650:T:C,0,2,-0.7320904731750488,modal,cuda,PPIL4:K562
BCLAF1,HepG2,chrX:41165852:A:G,0,2,0.43239498138427734,modal,cuda,PPIL4:K562
BCLAF1,HepG2,chrX:41165859:A:C,0,2,-0.5951671600341797,modal,cuda,PPIL4:K562
BCLAF1,HepG2,chrX:41188136:C:T,0,2,-2.244624137878418,modal,cuda,PPIL4:K562
BCLAF1,HepG2,chrX:41229415:G:C,0,2,-0.854131281375885,modal,cuda,PPIL4:K562
BCLAF1,HepG2,chrX:41343788:C:G,1,2,1.7018718719482422,modal,cuda,PPIL4:K562
BCLAF1,HepG2,chrX:41343802:G:T,1,2,-0.9621447324752808,modal,cuda,PPIL4:K562
BCLAF1,HepG2,chrX:41344044:T:G,1,2,1.0555951595306396,modal,cuda,PPIL4:K562
BCLAF1,HepG2,chrX:41344084:C:G,1,2,2.139085054397583,modal,cuda,PPIL4:K562
BCLAF1,HepG2,chrX:41344093:G:T,1,2,1.0840685367584229,modal,cuda,PPIL4:K562
BCLAF1,HepG2,chrX:41344105:C:T,1,2,-1.5328675508499146,modal,cuda,PPIL4:K562
BCLAF1,HepG2,chrX:41344113:C:T,0,2,1.218543529510498,modal,cuda,PPIL4:K562
BCLAF1,HepG2,chrX:41344126:A:G,1,2,-0.5098954439163208,modal,cuda,PPIL4:K562
BCLAF1,HepG2,chrX:41344126:A:T,1,2,1.3141849040985107,modal,cuda,PPIL4:K562
BCLAF1,HepG2,chrX:41344351:G:A,1,2,-0.5319854021072388,modal,cuda,PPIL4:K562
BCLAF1,HepG2,chrX:41344360:A:G,1,2,-0.8917649388313293,modal,cuda,PPIL4:K562
BCLAF1,HepG2,chrX:41344423:T:G,0,2,-0.05813169479370117,modal,cuda,PPIL4:K562
BCLAF1,HepG2,chrX:41345245:T:G,1,2,0.6450769901275635,modal,cuda,PPIL4:K562
BCLAF1,HepG2,chrX:41345250:G:T,1,2,3.0056142807006836,modal,cuda,PPIL4:K562
BCLAF1,HepG2,chrX:41345264:G:T,1,2,0.21868397295475006,modal,cuda,PPIL4:K562
BCLAF1,HepG2,chrX:41345281:G:A,1,2,1.8427706956863403,modal,cuda,PPIL4:K562
BCLAF1,HepG2,chrX:41345298:A:C,1,2,-1.2568204402923584,modal,cuda,PPIL4:K562
BCLAF1,HepG2,chrX:41345302:C:G,1,2,-0.2619187831878662,modal,cuda,PPIL4:K562
BCLAF1,HepG2,chrX:41345477:T:C,1,2,-0.2927637994289398,modal,cuda,PPIL4:K562
BCLAF1,HepG2,chrX:41345507:C:G,1,2,2.0575222969055176,modal,cuda,PPIL4:K562
BCLAF1,HepG2,chrX:41346361:C:A,1,2,-0.45576605200767517,modal,cuda,PPIL4:K562
BCLAF1,HepG2,chrX:41346376:G:C,1,2,-0.787819504737854,modal,cuda,PPIL4:K562
BCLAF1,HepG2,chrX:41346379:C:A,1,2,1.4251896142959595,modal,cuda,PPIL4:K562
BCLAF1,HepG2,chrX:41346406:C:T,1,2,0.252541184425354,modal,cuda,PPIL4:K562
BCLAF1,HepG2,chrX:41346511:G:A,1,2,-0.5311281681060791,modal,cuda,PPIL4:K562
BCLAF1,HepG2,chrX:41346518:G:A,1,2,0.5209944248199463,modal,cuda,PPIL4:K562
BCLAF1,HepG2,chrX:41346527:T:C,1,2,-0.8015156984329224,modal,cuda,PPIL4:K562
BCLAF1,HepG2,chrX:41346603:G:A,0,2,0.25403422117233276,modal,cuda,PPIL4:K562
BCLAF1,HepG2,chrX:41346607:C:G,1,2,-0.32637500762939453,modal,cuda,PPIL4:K562
BCLAF1,HepG2,chrX:41346608:G:A,1,2,0.30014514923095703,modal,cuda,PPIL4:K562
BCLAF1,HepG2,chrX:41346860:C:T,0,2,0.3581125736236572,modal,cuda,PPIL4:K562
BCLAF1,HepG2,chrX:41346865:C:T,1,2,0.3996412754058838,modal,cuda,PPIL4:K562
BCLAF1,HepG2,chrX:41346871:C:G,1,2,1.494375467300415,modal,cuda,PPIL4:K562
BCLAF1,HepG2,chrX:41346910:T:C,1,2,0.20921587944030762,modal,cuda,PPIL4:K562
BCLAF1,HepG2,chrX:41346936:C:T,1,2,2.854433298110962,modal,cuda,PPIL4:K562
BCLAF1,HepG2,chrX:41346946:C:T,1,2,0.42688077688217163,modal,cuda,PPIL4:K562
BCLAF1,HepG2,chrX:41347668:T:C,0,2,0.6286722421646118,modal,cuda,PPIL4:K562
BCLAF1,HepG2,chrX:45082809:T:G,0,2,-1.2308776378631592,modal,cuda,PPIL4:K562
BCLAF1,HepG2,chrX:47209915:C:T,0,2,0.4484558701515198,modal,cuda,PPIL4:K562
BCLAF1,HepG2,chrX:47212866:G:A,0,2,0.4993564784526825,modal,cuda,PPIL4:K562
BCLAF1,HepG2,chrX:47212874:T:A,0,2,0.1054178774356842,modal,cuda,PPIL4:K562
BCLAF1,HepG2,chrX:48805666:T:C,0,2,-0.5802377462387085,modal,cuda,PPIL4:K562
BCLAF1,HepG2,chrX:48824894:A:T,1,2,1.5361268520355225,modal,cuda,PPIL4:K562
BCLAF1,HepG2,chrX:49077446:A:C,0,2,0.4860208034515381,modal,cuda,PPIL4:K562
BCLAF1,HepG2,chrX:53198524:G:A,1,2,3.2419872283935547,modal,cuda,PPIL4:K562
BCLAF1,HepG2,chrX:53198544:T:A,0,2,-0.5796414613723755,modal,cuda,PPIL4:K562
BCLAF1,HepG2,chrX:53198600:A:G,0,2,-0.28342872858047485,modal,cuda,PPIL4:K562
BCLAF1,HepG2,chrX:53210516:C:T,0,2,0.2516329288482666,modal,cuda,PPIL4:K562
BCLAF1,HepG2,chrX:53210544:G:C,1,2,0.8720162510871887,modal,cuda,PPIL4:K562
BCLAF1,HepG2,chrX:53210795:G:T,1,2,-0.8742668628692627,modal,cuda,PPIL4:K562
BCLAF1,HepG2,chrX:53210820:G:A,1,2,1.5403190851211548,modal,cuda,PPIL4:K562
BCLAF1,HepG2,chrX:53211492:C:T,0,2,1.0206021070480347,modal,cuda,PPIL4:K562
BCLAF1,HepG2,chrX:53211545:G:C,1,2,1.2180172204971313,modal,cuda,PPIL4:K562
BCLAF1,HepG2,chrX:53215869:C:A,1,2,2.3659074306488037,modal,cuda,PPIL4:K562
BCLAF1,HepG2,chrX:53215870:C:A,0,2,0.3415406346321106,modal,cuda,PPIL4:K562
BCLAF1,HepG2,chrX:53215902:T:C,0,2,0.049112796783447266,modal,cuda,PPIL4:K562
BCLAF1,HepG2,chrX:53215912:C:T,0,2,0.2071141004562378,modal,cuda,PPIL4:K562
BCLAF1,HepG2,chrX:53215972:C:T,0,2,-0.7203171253204346,modal,cuda,PPIL4:K562
BCLAF1,HepG2,chrX:53215986:A:G,0,2,0.4787213206291199,modal,cuda,PPIL4:K562
BCLAF1,HepG2,chrX:53216084:C:T,0,2,-0.228249192237854,modal,cuda,PPIL4:K562
BCLAF1,HepG2,chrX:53218275:C:A,1,2,0.7703375816345215,modal,cuda,PPIL4:K562
BCLAF1,HepG2,chrX:53396624:C:T,0,2,0.3257899284362793,modal,cuda,PPIL4:K562
BCLAF1,HepG2,chrX:53405674:T:C,1,2,-0.6787089109420776,modal,cuda,PPIL4:K562
BCLAF1,HepG2,chrX:53409412:G:A,0,2,0.3766879439353943,modal,cuda,PPIL4:K562
BCLAF1,HepG2,chrX:53422549:G:A,1,2,0.7668192386627197,modal,cuda,PPIL4:K562
BCLAF1,HepG2,chrX:53561747:G:A,0,2,-0.33124756813049316,modal,cuda,PPIL4:K562
BCLAF1,HepG2,chrX:53590387:C:T,0,2,0.38561567664146423,modal,cuda,PPIL4:K562
BCLAF1,HepG2,chrX:53590397:T:C,0,2,0.9335328936576843,modal,cuda,PPIL4:K562
BCLAF1,HepG2,chrX:53590988:G:C,0,2,0.4631589651107788,modal,cuda,PPIL4:K562
BCLAF1,HepG2,chrX:53608926:G:T,0,2,0.27595067024230957,modal,cuda,PPIL4:K562
BCLAF1,HepG2,chrX:53628739:C:T,0,2,0.16289830207824707,modal,cuda,PPIL4:K562
BCLAF1,HepG2,chrX:54014366:C:T,0,2,-0.3872358798980713,modal,cuda,PPIL4:K562
BCLAF1,HepG2,chrX:65529630:G:A,0,2,-0.25005853176116943,modal,cuda,PPIL4:K562
BCLAF1,HepG2,chrX:65529686:G:A,0,2,0.27927160263061523,modal,cuda,PPIL4:K562
BCLAF1,HepG2,chrX:71368069:C:T,0,2,0.39997947216033936,modal,cuda,PPIL4:K562
BCLAF1,HepG2,chrX:71375250:A:G,0,2,-0.058473825454711914,modal,cuda,PPIL4:K562
BCLAF1,HepG2,chrX:71375282:T:C,0,2,0.1435401439666748,modal,cuda,PPIL4:K562
BCLAF1,HepG2,chrX:71377781:C:G,0,2,-0.7307204008102417,modal,cuda,PPIL4:K562
BCLAF1,HepG2,chrX:71379009:G:A,0,2,-1.5235481262207031,modal,cuda,PPIL4:K562
BCLAF1,HepG2,chrX:71381855:C:G,0,2,0.4987986981868744,modal,cuda,PPIL4:K562
BCLAF1,HepG2,chrX:71388335:C:T,0,2,0.4752519130706787,modal,cuda,PPIL4:K562
BCLAF1,HepG2,chrX:71393344:C:T,1,2,0.17643241584300995,modal,cuda,PPIL4:K562
BCLAF1,HepG2,chrX:71394166:G:A,0,2,0.04239058494567871,modal,cuda,PPIL4:K562
BCLAF1,HepG2,chrX:71394241:A:G,0,2,0.18642038106918335,modal,cuda,PPIL4:K562
BCLAF1,HepG2,chrX:71556787:G:T,0,2,-0.5370013117790222,modal,cuda,PPIL4:K562
BCLAF1,HepG2,chrX:71557117:T:G,0,2,0.6327880620956421,modal,cuda,PPIL4:K562
BCLAF1,HepG2,chrX:71561912:A:G,0,2,-0.2533073425292969,modal,cuda,PPIL4:K562
BCLAF1,HepG2,chrX:71563262:G:A,0,2,-0.34175384044647217,modal,cuda,PPIL4:K562
BCLAF1,HepG2,chrX:71563516:A:G,0,2,-1.0580313205718994,modal,cuda,PPIL4:K562
BCLAF1,HepG2,chrX:72567954:T:C,0,2,0.9124264717102051,modal,cuda,PPIL4:K562
BCLAF1,HepG2,chrX:72567969:C:T,0,2,0.22842833399772644,modal,cuda,PPIL4:K562
BCLAF1,HepG2,chrX:72567970:G:A,1,2,0.7680349349975586,modal,cuda,PPIL4:K562
BCLAF1,HepG2,chrX:72567970:G:C,1,2,-0.8916242122650146,modal,cuda,PPIL4:K562
BCLAF1,HepG2,chrX:72567975:C:A,0,2,1.9950499534606934,modal,cuda,PPIL4:K562
BCLAF1,HepG2,chrX:77593858:G:C,0,2,0.5127351880073547,modal,cuda,PPIL4:K562
BCLAF1,HepG2,chrX:77593864:T:C,0,2,-0.2563226521015167,modal,cuda,PPIL4:K562
BCLAF1,HepG2,chrX:77599395:C:T,0,2,-0.1579197645187378,modal,cuda,PPIL4:K562
BCLAF1,HepG2,chrX:77599604:C:A,0,2,0.18459244072437286,modal,cuda,PPIL4:K562
BCLAF1,HepG2,chrX:77599712:C:T,0,2,0.343960165977478,modal,cuda,PPIL4:K562
BCLAF1,HepG2,chrX:77599713:G:A,0,2,-0.14804339408874512,modal,cuda,PPIL4:K562
BCLAF1,HepG2,chrX:77618786:A:C,0,2,0.6265698671340942,modal,cuda,PPIL4:K562
BCLAF1,HepG2,chrX:77620379:A:G,0,2,-2.448199987411499,modal,cuda,PPIL4:K562
BCLAF1,HepG2,chrX:77636059:A:C,1,2,-2.2942681312561035,modal,cuda,PPIL4:K562
BCLAF1,HepG2,chrX:77652095:G:A,0,2,0.11205068230628967,modal,cuda,PPIL4:K562
BCLAF1,HepG2,chrX:77652099:A:G,0,2,-0.05843710899353027,modal,cuda,PPIL4:K562
BCLAF1,HepG2,chrX:77656543:A:G,0,2,0.39009571075439453,modal,cuda,PPIL4:K562
BCLAF1,HepG2,chrX:77656554:T:C,0,2,-0.2103310525417328,modal,cuda,PPIL4:K562
BCLAF1,HepG2,chrX:77664642:C:A,1,2,1.1757627725601196,modal,cuda,PPIL4:K562
BCLAF1,HepG2,chrX:77676304:G:A,0,2,0.30399101972579956,modal,cuda,PPIL4:K562
BCLAF1,HepG2,chrX:77684928:A:G,0,2,0.30968570709228516,modal,cuda,PPIL4:K562
BCLAF1,HepG2,chrX:77688944:G:C,0,2,-0.1191718578338623,modal,cuda,PPIL4:K562
BCLAF1,HepG2,chrX:77688945:C:T,0,2,-0.6768918037414551,modal,cuda,PPIL4:K562
BCLAF1,HepG2,chrX:77696569:C:T,0,2,0.28725874423980713,modal,cuda,PPIL4:K562
BCLAF1,HepG2,chrX:77785970:G:A,0,2,-0.22826138138771057,modal,cuda,PPIL4:K562
BCLAF1,HepG2,chrX:77786015:C:T,0,2,0.561006486415863,modal,cuda,PPIL4:K562
BCLAF1,HepG2,chrX:78109933:A:C,0,2,-0.9637646675109863,modal,cuda,PPIL4:K562
BCLAF1,HepG2,chrX:78123189:G:A,0,2,-0.4045891761779785,modal,cuda,PPIL4:K562
BCLAF1,HepG2,chrX:80682459:T:C,0,2,-0.21694315969944,modal,cuda,PPIL4:K562
BCLAF1,HepG2,chrX:80688049:C:G,0,2,0.28603947162628174,modal,cuda,PPIL4:K562
BCLAF1,HepG2,chrX:80719476:T:C,0,2,-0.34451186656951904,modal,cuda,PPIL4:K562
BCLAF1,HepG2,chrX:85265099:G:A,0,2,-1.2564456462860107,modal,cuda,PPIL4:K562
BCLAF1,HepG2,chrX:85270166:A:G,0,2,-0.8482927083969116,modal,cuda,PPIL4:K562
BCLAF1,HepG2,chrX:85964016:T:C,0,2,-0.3420468270778656,modal,cuda,PPIL4:K562
BCLAF1,HepG2,chrX:85964027:C:A,1,2,1.4029345512390137,modal,cuda,PPIL4:K562
BCLAF1,HepG2,chrX:85964051:G:A,1,2,-0.9281216263771057,modal,cuda,PPIL4:K562
BCLAF1,HepG2,chrX:85964053:C:A,1,2,0.9411659240722656,modal,cuda,PPIL4:K562
BCLAF1,HepG2,chrX:85964053:C:G,1,2,0.756062388420105,modal,cuda,PPIL4:K562
BCLAF1,HepG2,chrX:85964053:C:T,1,2,0.4441394805908203,modal,cuda,PPIL4:K562
BCLAF1,HepG2,chrX:85964054:T:G,1,2,1.6046640872955322,modal,cuda,PPIL4:K562
BCLAF1,HepG2,chrX:85964058:A:G,0,2,0.5570458769798279,modal,cuda,PPIL4:K562
BCLAF1,HepG2,chrX:85978772:A:C,1,2,0.7399896383285522,modal,cuda,PPIL4:K562
BCLAF1,HepG2,chrX:85978772:A:T,1,2,0.6602040529251099,modal,cuda,PPIL4:K562
BCLAF1,HepG2,chrX:85978786:C:A,1,2,-1.5152653455734253,modal,cuda,PPIL4:K562
BCLAF1,HepG2,chrX:85978795:G:A,1,2,1.2092324495315552,modal,cuda,PPIL4:K562
BCLAF1,HepG2,chrX:85978816:T:A,0,2,1.3110612630844116,modal,cuda,PPIL4:K562
BCLAF1,HepG2,chrX:85978843:G:A,0,2,0.22624516487121582,modal,cuda,PPIL4:K562
BCLAF1,HepG2,chrX:85978849:G:A,1,2,3.0548794269561768,modal,cuda,PPIL4:K562
BCLAF1,HepG2,chrX:85978855:G:A,1,2,3.3457388877868652,modal,cuda,PPIL4:K562
BCLAF1,HepG2,chrX:85978857:C:T,1,2,2.5887222290039062,modal,cuda,PPIL4:K562
BCLAF1,HepG2,chrX:85978896:A:G,0,2,1.0957826375961304,modal,cuda,PPIL4:K562
BCLAF1,HepG2,chrX:85981759:A:T,1,2,-0.6220253705978394,modal,cuda,PPIL4:K562
BCLAF1,HepG2,chrX:85981785:C:T,1,2,1.3314166069030762,modal,cuda,PPIL4:K562
BCLAF1,HepG2,chrX:85981793:C:A,1,2,3.304960250854492,modal,cuda,PPIL4:K562
BCLAF1,HepG2,chrX:85981796:C:A,1,2,2.679319143295288,modal,cuda,PPIL4:K562
BCLAF1,HepG2,chrX:85981797:A:C,1,2,1.020822525024414,modal,cuda,PPIL4:K562
BCLAF1,HepG2,chrX:85981800:G:C,1,2,1.361543893814087,modal,cuda,PPIL4:K562
BCLAF1,HepG2,chrX:85981800:G:T,1,2,0.7453887462615967,modal,cuda,PPIL4:K562
BCLAF1,HepG2,chrX:96937224:A:G,0,2,0.38908302783966064,modal,cuda,PPIL4:K562
