protein,cell,vid,label,fold,delta,platform,accelerator,weights_from
BCLAF1,HepG2,chr10:100152307:T:C,0,2,-2.7905054092407227,modal,cuda,SLTM:K562
BCLAF1,HepG2,chr10:100179248:C:T,1,2,0.8249483108520508,modal,cuda,SLTM:K562
BCLAF1,HepG2,chr10:100529822:T:C,0,2,0.14263296127319336,modal,cuda,SLTM:K562
BCLAF1,HepG2,chr10:103099964:G:A,1,2,1.5576040744781494,modal,cuda,SLTM:K562
BCLAF1,HepG2,chr10:103101271:T:A,1,2,-0.8576140403747559,modal,cuda,SLTM:K562
BCLAF1,HepG2,chr10:103101286:G:A,1,2,1.8078243732452393,modal,cuda,SLTM:K562
BCLAF1,HepG2,chr10:103139405:C:T,1,2,1.048159122467041,modal,cuda,SLTM:K562
BCLAF1,HepG2,chr10:103139466:G:A,1,2,1.081154465675354,modal,cuda,SLTM:K562
BCLAF1,HepG2,chr10:103174874:G:A,1,2,-1.0432394742965698,modal,cuda,SLTM:K562
BCLAF1,HepG2,chr10:103174952:T:C,0,2,-0.4894522428512573,modal,cuda,SLTM:K562
BCLAF1,HepG2,chr10:104263031:C:A,0,2,0.586520791053772,modal,cuda,SLTM:K562
BCLAF1,HepG2,chr10:110284819:G:T,0,2,-0.3742825984954834,modal,cuda,SLTM:K562
BCLAF1,HepG2,chr10:112438345:A:G,0,2,-0.6839359998703003,modal,cuda,SLTM:K562
BCLAF1,HepG2,chr10:113879701:T:A,0,2,-0.24385714530944824,modal,cuda,SLTM:K562
BCLAF1,HepG2,chr10:119073061:G:C,0,2,-1.2548789978027344,modal,cuda,SLTM:K562
BCLAF1,HepG2,chr10:119155116:C:T,0,2,1.6015199422836304,modal,cuda,SLTM:K562
BCLAF1,HepG2,chr10:119155180:G:A,0,2,1.1999469995498657,modal,cuda,SLTM:K562
BCLAF1,HepG2,chr10:11956529:A:T,0,2,-1.1019140481948853,modal,cuda,SLTM:K562
BCLAF1,HepG2,chr10:119909036:T:A,0,2,1.4590924978256226,modal,cuda,SLTM:K562
BCLAF1,HepG2,chr10:119912139:T:C,0,2,-1.6158231496810913,modal,cuda,SLTM:K562
BCLAF1,HepG2,chr10:119915739:C:A,0,2,-0.5418848991394043,modal,cuda,SLTM:K562
BCLAF1,HepG2,chr10:119926047:G:A,0,2,1.4509037733078003,modal,cuda,SLTM:K562
BCLAF1,HepG2,chr10:121913824:T:C,0,2,-1.2465190887451172,modal,cuda,SLTM:K562
BCLAF1,HepG2,chr10:123034481:A:G,0,2,-2.118088722229004,modal,cuda,SLTM:K562
BCLAF1,HepG2,chr10:123037819:C:G,1,2,1.36177396774292,modal,cuda,SLTM:K562
BCLAF1,HepG2,chr10:125734126:T:C,0,2,-0.5775563716888428,modal,cuda,SLTM:K562
BCLAF1,HepG2,chr10:13119060:G:A,0,2,0.2573988437652588,modal,cuda,SLTM:K562
BCLAF1,HepG2,chr10:14935470:C:T,0,2,0.8034687042236328,modal,cuda,SLTM:K562
BCLAF1,HepG2,chr10:17695245:A:G,0,2,-0.3979954719543457,modal,cuda,SLTM:K562
BCLAF1,HepG2,chr10:180034:C:T,1,2,3.6751837730407715,modal,cuda,SLTM:K562
BCLAF1,HepG2,chr10:180058:C:T,1,2,-0.8894644975662231,modal,cuda,SLTM:K562
BCLAF1,HepG2,chr10:180094:C:T,1,2,2.3637683391571045,modal,cuda,SLTM:K562
BCLAF1,HepG2,chr10:180143:A:G,0,2,0.21646499633789062,modal,cuda,SLTM:K562
BCLAF1,HepG2,chr10:180148:A:G,0,2,-0.3936689496040344,modal,cuda,SLTM:K562
BCLAF1,HepG2,chr10:21538867:G:A,0,2,1.4828085899353027,modal,cuda,SLTM:K562
BCLAF1,HepG2,chr10:22326571:G:A,0,2,2.7428812980651855,modal,cuda,SLTM:K562
BCLAF1,HepG2,chr10:27022691:C:T,0,2,0.7508463859558105,modal,cuda,SLTM:K562
BCLAF1,HepG2,chr10:27082783:A:G,0,2,0.3917684555053711,modal,cuda,SLTM:K562
BCLAF1,HepG2,chr10:27082839:A:G,0,2,0.5025232434272766,modal,cuda,SLTM:K562
BCLAF1,HepG2,chr10:27112127:C:T,0,2,1.0314236879348755,modal,cuda,SLTM:K562
BCLAF1,HepG2,chr10:27158690:A:C,0,2,-1.6317567825317383,modal,cuda,SLTM:K562
BCLAF1,HepG2,chr10:28589865:A:T,0,2,0.46124207973480225,modal,cuda,SLTM:K562
BCLAF1,HepG2,chr10:31461158:C:T,0,2,1.075532078742981,modal,cuda,SLTM:K562
BCLAF1,HepG2,chr10:31461170:C:T,0,2,0.4459173083305359,modal,cuda,SLTM:K562
BCLAF1,HepG2,chr10:31461211:A:C,0,2,-1.0411351919174194,modal,cuda,SLTM:K562
BCLAF1,HepG2,chr10:31461220:A:G,0,2,0.40841856598854065,modal,cuda,SLTM:K562
BCLAF1,HepG2,chr10:31495787:G:A,0,2,-0.7795867323875427,modal,cuda,SLTM:K562
BCLAF1,HepG2,chr10:31510794:T:C,0,2,0.34059715270996094,modal,cuda,SLTM:K562
BCLAF1,HepG2,chr10:32023041:A:G,0,2,-0.7974972724914551,modal,cuda,SLTM:K562
BCLAF1,HepG2,chr10:32935487:T:C,0,2,0.331801176071167,modal,cuda,SLTM:K562
BCLAF1,HepG2,chr10:35179179:G:A,0,2,-0.9132000803947449,modal,cuda,SLTM:K562
BCLAF1,HepG2,chr10:5000472:C:T,0,2,-0.46920275688171387,modal,cuda,SLTM:K562
BCLAF1,HepG2,chr10:63168063:C:G,0,2,-1.7937326431274414,modal,cuda,SLTM:K562
BCLAF1,HepG2,chr10:63177741:G:C,0,2,-1.018377423286438,modal,cuda,SLTM:K562
BCLAF1,HepG2,chr10:63177773:G:C,0,2,-0.18602204322814941,modal,cuda,SLTM:K562
BCLAF1,HepG2,chr10:63184621:C:T,0,2,1.1376471519470215,modal,cuda,SLTM:K562
BCLAF1,HepG2,chr10:63185604:G:A,0,2,-0.2258566915988922,modal,cuda,SLTM:K562
BCLAF1,HepG2,chr10:63186330:C:T,0,2,0.5636143684387207,modal,cuda,SLTM:K562
BCLAF1,HepG2,chr10:63186398:A:G,0,2,0.5062438249588013,modal,cuda,SLTM:K562
BCLAF1,HepG2,chr10:63189449:A:G,0,2,-0.25067007541656494,modal,cuda,SLTM:K562
BCLAF1,HepG2,chr10:63214218:G:A,0,2,0.4582650065422058,modal,cuda,SLTM:K562
BCLAF1,HepG2,chr10:63214620:G:C,0,2,0.6865507364273071,modal,cuda,SLTM:K562
BCLAF1,HepG2,chr10:63214777:A:T,0,2,-0.8448277711868286,modal,cuda,SLTM:K562
BCLAF1,HepG2,chr10:63214788:A:G,0,2,-1.2758960723876953,modal,cuda,SLTM:K562
BCLAF1,HepG2,chr10:63217190:T:A,0,2,0.4170311689376831,modal,cuda,SLTM:K562
BCLAF1,HepG2,chr10:63264644:T:G,0,2,-0.48830699920654297,modal,cuda,SLTM:K562
BCLAF1,HepG2,chr10:68645057:A:G,0,2,-0.8666911125183105,modal,cuda,SLTM:K562
BCLAF1,HepG2,chr10:72477264:G:A,0,2,0.28156304359436035,modal,cuda,SLTM:K562
BCLAF1,HepG2,chr10:72508209:C:A,1,2,2.302342414855957,modal,cuda,SLTM:K562
BCLAF1,HepG2,chr10:72508273:T:C,0,2,-0.9374416470527649,modal,cuda,SLTM:K562
BCLAF1,HepG2,chr10:72562912:C:A,1,2,-1.343915343284607,modal,cuda,SLTM:K562
BCLAF1,HepG2,chr10:74525404:A:C,1,2,1.5847456455230713,modal,cuda,SLTM:K562
BCLAF1,HepG2,chr10:74525405:T:C,0,2,-0.5000643730163574,modal,cuda,SLTM:K562
BCLAF1,HepG2,chr10:74589271:T:C,0,2,0.44513750076293945,modal,cuda,SLTM:K562
BCLAF1,HepG2,chr10:74960085:T:A,0,2,0.8089644908905029,modal,cuda,SLTM:K562
BCLAF1,HepG2,chr10:74960097:A:G,0,2,0.4392514228820801,modal,cuda,SLTM:K562
BCLAF1,HepG2,chr10:74970018:A:G,1,2,-0.7844846248626709,modal,cuda,SLTM:K562
BCLAF1,HepG2,chr10:74970107:C:G,0,2,0.2960176467895508,modal,cuda,SLTM:K562
BCLAF1,HepG2,chr10:74977330:A:G,0,2,-0.222503662109375,modal,cuda,SLTM:K562
BCLAF1,HepG2,chr10:74977345:G:T,1,2,1.6762981414794922,modal,cuda,SLTM:K562
BCLAF1,HepG2,chr10:74977406:T:C,0,2,-0.540276825428009,modal,cuda,SLTM:K562
BCLAF1,HepG2,chr10:74979232:G:C,0,2,-0.958167552947998,modal,cuda,SLTM:K562
BCLAF1,HepG2,chr10:74979348:A:G,0,2,4.129785060882568,modal,cuda,SLTM:K562
BCLAF1,HepG2,chr10:76058744:G:A,0,2,2.2391929626464844,modal,cuda,SLTM:K562
BCLAF1,HepG2,chr10:76058747:G:T,0,2,-1.688917875289917,modal,cuda,SLTM:K562
BCLAF1,HepG2,chr10:78040201:C:A,0,2,1.69612455368042,modal,cuda,SLTM:K562
BCLAF1,HepG2,chr10:78040616:C:T,0,2,0.8809263706207275,modal,cuda,SLTM:K562
BCLAF1,HepG2,chr10:78040694:T:C,0,2,0.6378196477890015,modal,cuda,SLTM:K562
BCLAF1,HepG2,chr10:79201626:G:A,0,2,0.8748530149459839,modal,cuda,SLTM:K562
BCLAF1,HepG2,chr10:80289496:T:C,0,2,-1.182321310043335,modal,cuda,SLTM:K562
BCLAF1,HepG2,chr10:86890186:A:C,0,2,-1.8251802921295166,modal,cuda,SLTM:K562
BCLAF1,HepG2,chr10:86890195:T:A,1,2,2.2900118827819824,modal,cuda,SLTM:K562
BCLAF1,HepG2,chr10:86890210:T:A,0,2,0.8174961805343628,modal,cuda,SLTM:K562
BCLAF1,HepG2,chr10:89738973:C:T,0,2,0.5106817483901978,modal,cuda,SLTM:K562
BCLAF1,HepG2,chr10:91840723:G:A,0,2,0.3214426040649414,modal,cuda,SLTM:K562
BCLAF1,HepG2,chr10:92014035:G:A,0,2,-0.3179306983947754,modal,cuda,SLTM:K562
BCLAF1,HepG2,chr10:92028774:G:T,0,2,0.353100061416626,modal,cuda,SLTM:K562
BCLAF1,HepG2,chr10:92607141:A:G,0,2,-0.6256484985351562,modal,cuda,SLTM:K562
BCLAF1,HepG2,chr10:93698371:G:A,1,2,0.8290410041809082,modal,cuda,SLTM:K562
BCLAF1,HepG2,chr10:94546436:C:T,0,2,0.8817155957221985,modal,cuda,SLTM:K562
BCLAF1,HepG2,chr10:94546508:G:T,0,2,0.7647188901901245,modal,cuda,SLTM:K562
BCLAF1,HepG2,chr10:94554203:A:C,0,2,-0.7437829971313477,modal,cuda,SLTM:K562
BCLAF1,HepG2,chr10:94554242:A:G,0,2,0.4163365364074707,modal,cuda,SLTM:K562
BCLAF1,HepG2,chr10:94562672:C:T,0,2,-0.6623711585998535,modal,cuda,SLTM:K562
BCLAF1,HepG2,chr10:94574092:A:T,1,2,2.646124839782715,modal,cuda,SLTM:K562
BCLAF1,HepG2,chr10:94576815:A:T,0,2,0.7161006927490234,modal,cuda,SLTM:K562
BCLAF1,HepG2,chr10:94588396:G:A,0,2,0.7004438638687134,modal,cuda,SLTM:K562
BCLAF1,HepG2,chr10:94588404:G:A,0,2,0.7989712953567505,modal,cuda,SLTM:K562
BCLAF1,HepG2,chr10:99794393:G:A,0,2,0.9443454742431641,modal,cuda,SLTM:K562
BCLAF1,HepG2,chr10:99811617:T:C,0,2,-0.7518644332885742,modal,cuda,SLTM:K562
BCLAF1,HepG2,chr10:99830703:T:G,0,2,-3.013420581817627,modal,cuda,SLTM:K562
BCLAF1,HepG2,chr10:99830862:C:T,0,2,2.1632261276245117,modal,cuda,SLTM:K562
BCLAF1,HepG2,chr11:108134298:C:T,1,3,1.7785910367965698,modal,cuda,SLTM:K562
BCLAF1,HepG2,chr11:108134317:G:A,1,3,1.7711389064788818,modal,cuda,SLTM:K562
BCLAF1,HepG2,chr11:108138894:G:A,0,3,-0.5325689315795898,modal,cuda,SLTM:K562
BCLAF1,HepG2,chr11:108138945:T:G,1,3,2.096324920654297,modal,cuda,SLTM:K562
BCLAF1,HepG2,chr11:108141637:G:T,1,3,2.3023478984832764,modal,cuda,SLTM:K562
BCLAF1,HepG2,chr11:108142451:G:A,1,3,0.5223073959350586,modal,cuda,SLTM:K562
BCLAF1,HepG2,chr11:108146296:T:A,1,3,2.0195884704589844,modal,cuda,SLTM:K562
BCLAF1,HepG2,chr11:108146313:A:T,1,3,2.7947726249694824,modal,cuda,SLTM:K562
BCLAF1,HepG2,chr11:108147295:C:A,1,3,0.7120623588562012,modal,cuda,SLTM:K562
BCLAF1,HepG2,chr11:108229161:A:G,0,3,-1.1733696460723877,modal,cuda,SLTM:K562
BCLAF1,HepG2,chr11:108235839:G:A,1,3,0.9978423118591309,modal,cuda,SLTM:K562
BCLAF1,HepG2,chr11:108245051:T:G,0,3,0.9252483248710632,modal,cuda,SLTM:K562
BCLAF1,HepG2,chr11:108248911:T:G,0,3,0.24940967559814453,modal,cuda,SLTM:K562
BCLAF1,HepG2,chr11:108248927:T:G,0,3,0.37151235342025757,modal,cuda,SLTM:K562
BCLAF1,HepG2,chr11:108268393:G:T,0,3,0.5160584449768066,modal,cuda,SLTM:K562
BCLAF1,HepG2,chr11:108271230:T:G,0,3,-0.17836332321166992,modal,cuda,SLTM:K562
BCLAF1,HepG2,chr11:108280981:A:T,0,3,0.10218310356140137,modal,cuda,SLTM:K562
BCLAF1,HepG2,chr11:108280982:A:T,0,3,-0.09708826243877411,modal,cuda,SLTM:K562
BCLAF1,HepG2,chr11:108280986:C:T,0,3,-0.33120059967041016,modal,cuda,SLTM:K562
BCLAF1,HepG2,chr11:108293300:A:T,0,3,0.1583876609802246,modal,cuda,SLTM:K562
BCLAF1,HepG2,chr11:108293302:A:T,0,3,-0.2997792363166809,modal,cuda,SLTM:K562
BCLAF1,HepG2,chr11:108294907:A:G,0,3,-1.361228108406067,modal,cuda,SLTM:K562
BCLAF1,HepG2,chr11:108312424:G:T,1,3,3.705868721008301,modal,cuda,SLTM:K562
BCLAF1,HepG2,chr11:108312440:G:A,0,3,0.9307461380958557,modal,cuda,SLTM:K562
BCLAF1,HepG2,chr11:108312458:T:A,1,3,2.933103561401367,modal,cuda,SLTM:K562
BCLAF1,HepG2,chr11:108312463:G:T,1,3,2.47822904586792,modal,cuda,SLTM:K562
BCLAF1,HepG2,chr11:108312478:G:T,1,3,2.289414882659912,modal,cuda,SLTM:K562
BCLAF1,HepG2,chr11:108312496:C:T,1,3,2.1413650512695312,modal,cuda,SLTM:K562
BCLAF1,HepG2,chr11:108315843:C:A,1,3,0.46300554275512695,modal,cuda,SLTM:K562
BCLAF1,HepG2,chr11:108315883:G:C,0,3,-3.2626190185546875,modal,cuda,SLTM:K562
BCLAF1,HepG2,chr11:108315888:G:C,0,3,-1.8743844032287598,modal,cuda,SLTM:K562
BCLAF1,HepG2,chr11:108315889:A:T,1,3,2.094630002975464,modal,cuda,SLTM:K562
BCLAF1,HepG2,chr11:108315896:T:G,1,3,2.4149227142333984,modal,cuda,SLTM:K562
BCLAF1,HepG2,chr11:108315898:C:T,1,3,2.8398585319519043,modal,cuda,SLTM:K562
BCLAF1,HepG2,chr11:108315926:T:C,0,3,0.234594464302063,modal,cuda,SLTM:K562
BCLAF1,HepG2,chr11:108317421:G:T,1,3,2.171260118484497,modal,cuda,SLTM:K562
BCLAF1,HepG2,chr11:108317432:T:G,1,3,1.9423284530639648,modal,cuda,SLTM:K562
BCLAF1,HepG2,chr11:108317447:G:A,1,3,1.301288366317749,modal,cuda,SLTM:K562
BCLAF1,HepG2,chr11:108317474:C:A,1,3,1.3737049102783203,modal,cuda,SLTM:K562
BCLAF1,HepG2,chr11:108317485:G:A,1,3,0.6527668833732605,modal,cuda,SLTM:K562
BCLAF1,HepG2,chr11:108317496:C:T,1,3,0.6358553171157837,modal,cuda,SLTM:K562
BCLAF1,HepG2,chr11:108317500:G:A,1,3,-1.066269040107727,modal,cuda,SLTM:K562
BCLAF1,HepG2,chr11:108317501:G:A,1,3,-1.3426988124847412,modal,cuda,SLTM:K562
BCLAF1,HepG2,chr11:108317516:C:A,0,3,1.0078586339950562,modal,cuda,SLTM:K562
BCLAF1,HepG2,chr11:108317516:C:G,0,3,0.28265416622161865,modal,cuda,SLTM:K562
BCLAF1,HepG2,chr11:108320017:C:T,0,3,0.13315868377685547,modal,cuda,SLTM:K562
BCLAF1,HepG2,chr11:108320039:G:T,1,3,0.8322091102600098,modal,cuda,SLTM:K562
BCLAF1,HepG2,chr11:108320059:G:C,1,3,0.23039770126342773,modal,cuda,SLTM:K562
BCLAF1,HepG2,chr11:108320059:G:T,1,3,0.3214573860168457,modal,cuda,SLTM:K562
BCLAF1,HepG2,chr11:108321304:A:C,0,3,0.8257928490638733,modal,cuda,SLTM:K562
BCLAF1,HepG2,chr11:108321308:G:T,1,3,0.8804020285606384,modal,cuda,SLTM:K562
BCLAF1,HepG2,chr11:108321317:G:T,1,3,1.736121654510498,modal,cuda,SLTM:K562
BCLAF1,HepG2,chr11:108321326:A:T,1,3,-0.7033442258834839,modal,cuda,SLTM:K562
BCLAF1,HepG2,chr11:108321337:T:C,0,3,-0.9766600131988525,modal,cuda,SLTM:K562
BCLAF1,HepG2,chr11:108321338:G:T,1,3,1.1499933004379272,modal,cuda,SLTM:K562
BCLAF1,HepG2,chr11:108325388:T:C,0,3,-0.8734905123710632,modal,cuda,SLTM:K562
BCLAF1,HepG2,chr11:108325391:T:C,0,3,0.8815747499465942,modal,cuda,SLTM:K562
BCLAF1,HepG2,chr11:108325395:C:T,1,3,2.1089320182800293,modal,cuda,SLTM:K562
BCLAF1,HepG2,chr11:108325397:G:A,0,3,1.396817684173584,modal,cuda,SLTM:K562
BCLAF1,HepG2,chr11:108325398:G:T,1,3,3.472278356552124,modal,cuda,SLTM:K562
BCLAF1,HepG2,chr11:108325421:A:C,0,3,-1.0865552425384521,modal,cuda,SLTM:K562
BCLAF1,HepG2,chr11:108325433:G:A,0,3,-0.33562397956848145,modal,cuda,SLTM:K562
BCLAF1,HepG2,chr11:108325436:C:A,0,3,0.3406023383140564,modal,cuda,SLTM:K562
BCLAF1,HepG2,chr11:108325443:G:T,1,3,2.875906229019165,modal,cuda,SLTM:K562
BCLAF1,HepG2,chr11:108325451:A:G,0,3,-0.9725565910339355,modal,cuda,SLTM:K562
BCLAF1,HepG2,chr11:108325462:C:A,1,3,1.216413140296936,modal,cuda,SLTM:K562
BCLAF1,HepG2,chr11:108325517:A:C,0,3,-0.7586168050765991,modal,cuda,SLTM:K562
BCLAF1,HepG2,chr11:108325524:A:C,0,3,-0.6626405715942383,modal,cuda,SLTM:K562
BCLAF1,HepG2,chr11:108325533:A:T,1,3,-1.1391105651855469,modal,cuda,SLTM:K562
BCLAF1,HepG2,chr11:108325542:C:T,1,3,0.6205744743347168,modal,cuda,SLTM:K562
BCLAF1,HepG2,chr11:108325544:G:A,1,3,1.5866483449935913,modal,cuda,SLTM:K562
BCLAF1,HepG2,chr11:108326060:C:G,0,3,-1.0024023056030273,modal,cuda,SLTM:K562
BCLAF1,HepG2,chr11:108326079:C:T,1,3,-0.5285969972610474,modal,cuda,SLTM:K562
BCLAF1,HepG2,chr11:108326085:A:T,1,3,1.2112252712249756,modal,cuda,SLTM:K562
BCLAF1,HepG2,chr11:108326088:C:T,1,3,0.887887716293335,modal,cuda,SLTM:K562
BCLAF1,HepG2,chr11:108326093:C:G,1,3,-1.1225104331970215,modal,cuda,SLTM:K562
BCLAF1,HepG2,chr11:108326118:G:T,1,3,-1.1818580627441406,modal,cuda,SLTM:K562
BCLAF1,HepG2,chr11:108326124:C:T,1,3,2.2190821170806885,modal,cuda,SLTM:K562
BCLAF1,HepG2,chr11:108326127:C:T,0,3,1.3099088668823242,modal,cuda,SLTM:K562
BCLAF1,HepG2,chr11:108326139:C:T,1,3,3.537720203399658,modal,cuda,SLTM:K562
BCLAF1,HepG2,chr11:108326150:G:A,1,3,2.497195243835449,modal,cuda,SLTM:K562
BCLAF1,HepG2,chr11:108326153:A:T,0,3,-1.5395755767822266,modal,cuda,SLTM:K562
BCLAF1,HepG2,chr11:108326154:A:T,1,3,1.4331544637680054,modal,cuda,SLTM:K562
BCLAF1,HepG2,chr11:108326157:A:T,1,3,2.3163161277770996,modal,cuda,SLTM:K562
BCLAF1,HepG2,chr11:108326163:C:T,1,3,3.9969735145568848,modal,cuda,SLTM:K562
BCLAF1,HepG2,chr11:108326183:T:C,0,3,-0.38680577278137207,modal,cuda,SLTM:K562
BCLAF1,HepG2,chr11:108326187:A:T,1,3,2.6375675201416016,modal,cuda,SLTM:K562
BCLAF1,HepG2,chr11:108326202:A:T,1,3,3.2848012447357178,modal,cuda,SLTM:K562
BCLAF1,HepG2,chr11:108327643:A:C,1,3,-0.9541200995445251,modal,cuda,SLTM:K562
BCLAF1,HepG2,chr11:108327643:A:T,1,3,1.7240331172943115,modal,cuda,SLTM:K562
BCLAF1,HepG2,chr11:108327644:G:A,1,3,1.159487247467041,modal,cuda,SLTM:K562
BCLAF1,HepG2,chr11:108327650:T:C,0,3,-1.5652580261230469,modal,cuda,SLTM:K562
BCLAF1,HepG2,chr11:108327659:A:C,0,3,0.4482457637786865,modal,cuda,SLTM:K562
BCLAF1,HepG2,chr11:108327660:A:T,1,3,0.33057117462158203,modal,cuda,SLTM:K562
BCLAF1,HepG2,chr11:108327664:T:C,0,3,-0.9960625171661377,modal,cuda,SLTM:K562
BCLAF1,HepG2,chr11:108327671:C:A,1,3,-0.9092652797698975,modal,cuda,SLTM:K562
BCLAF1,HepG2,chr11:108327671:C:G,1,3,-0.51686692237854,modal,cuda,SLTM:K562
BCLAF1,HepG2,chr11:108327680:T:A,1,3,-0.7359468340873718,modal,cuda,SLTM:K562
BCLAF1,HepG2,chr11:108327689:T:G,0,3,-1.908592939376831,modal,cuda,SLTM:K562
BCLAF1,HepG2,chr11:108327713:G:C,0,3,0.7984123229980469,modal,cuda,SLTM:K562
BCLAF1,HepG2,chr11:108327716:C:A,1,3,1.984750747680664,modal,cuda,SLTM:K562
BCLAF1,HepG2,chr11:108329171:C:T,1,3,-1.1869099140167236,modal,cuda,SLTM:K562
BCLAF1,HepG2,chr11:108329191:C:T,0,3,-0.2365497350692749,modal,cuda,SLTM:K562
BCLAF1,HepG2,chr11:108329198:G:T,1,3,1.9471940994262695,modal,cuda,SLTM:K562
BCLAF1,HepG2,chr11:108329202:T:G,1,3,-1.1245698928833008,modal,cuda,SLTM:K562
BCLAF1,HepG2,chr11:108329228:C:T,1,3,1.229802131652832,modal,cuda,SLTM:K562
BCLAF1,HepG2,chr11:108330224:A:T,1,3,0.8121353983879089,modal,cuda,SLTM:K562
BCLAF1,HepG2,chr11:108330233:C:T,1,3,2.1116671562194824,modal,cuda,SLTM:K562
BCLAF1,HepG2,chr11:108330242:G:T,1,3,2.956639289855957,modal,cuda,SLTM:K562
BCLAF1,HepG2,chr11:108330246:T:A,1,3,1.3873789310455322,modal,cuda,SLTM:K562
BCLAF1,HepG2,chr11:108330255:T:A,1,3,0.9150216579437256,modal,cuda,SLTM:K562
BCLAF1,HepG2,chr11:108330255:T:G,1,3,1.5913841724395752,modal,cuda,SLTM:K562
BCLAF1,HepG2,chr11:108330259:C:A,0,3,0.5883179306983948,modal,cuda,SLTM:K562
BCLAF1,HepG2,chr11:108330265:T:A,0,3,0.325374960899353,modal,cuda,SLTM:K562
BCLAF1,HepG2,chr11:108330275:G:T,1,3,1.4964532852172852,modal,cuda,SLTM:K562
BCLAF1,HepG2,chr11:108330286:A:G,0,3,0.5196101665496826,modal,cuda,SLTM:K562
BCLAF1,HepG2,chr11:108330294:T:A,1,3,2.3718278408050537,modal,cuda,SLTM:K562
BCLAF1,HepG2,chr11:108330299:A:T,1,3,1.674133062362671,modal,cuda,SLTM:K562
BCLAF1,HepG2,chr11:108330316:T:A,1,3,1.5573387145996094,modal,cuda,SLTM:K562
BCLAF1,HepG2,chr11:108330319:C:T,0,3,-0.9013165235519409,modal,cuda,SLTM:K562
BCLAF1,HepG2,chr11:108330354:G:A,1,3,1.2484233379364014,modal,cuda,SLTM:K562
BCLAF1,HepG2,chr11:108330355:G:A,1,3,-1.6090377569198608,modal,cuda,SLTM:K562
BCLAF1,HepG2,chr11:108330376:C:T,0,3,0.48511338233947754,modal,cuda,SLTM:K562
BCLAF1,HepG2,chr11:108330401:G:T,1,3,0.6949853897094727,modal,cuda,SLTM:K562
BCLAF1,HepG2,chr11:108331470:T:A,1,3,-1.4909625053405762,modal,cuda,SLTM:K562
BCLAF1,HepG2,chr11:108331470:T:G,1,3,-1.8895187377929688,modal,cuda,SLTM:K562
BCLAF1,HepG2,chr11:108331491:C:G,1,3,-1.2897591590881348,modal,cuda,SLTM:K562
BCLAF1,HepG2,chr11:108331492:C:T,1,3,0.5692675113677979,modal,cuda,SLTM:K562
BCLAF1,HepG2,chr11:108331506:A:G,0,3,1.0018792152404785,modal,cuda,SLTM:K562
BCLAF1,HepG2,chr11:108331512:G:A,0,3,-0.3246147632598877,modal,cuda,SLTM:K562
BCLAF1,HepG2,chr11:108331534:G:T,1,3,1.3885585069656372,modal,cuda,SLTM:K562
BCLAF1,HepG2,chr11:108331543:G:T,1,3,0.7090076804161072,modal,cuda,SLTM:K562
BCLAF1,HepG2,chr11:108331545:A:G,0,3,0.5348739624023438,modal,cuda,SLTM:K562
BCLAF1,HepG2,chr11:108331877:A:C,1,3,-0.793156623840332,modal,cuda,SLTM:K562
BCLAF1,HepG2,chr11:108331878:G:C,1,3,-0.3280177116394043,modal,cuda,SLTM:K562
BCLAF1,HepG2,chr11:108331895:C:A,1,3,-0.6760540008544922,modal,cuda,SLTM:K562
BCLAF1,HepG2,chr11:108331919:T:A,1,3,0.2463216781616211,modal,cuda,SLTM:K562
BCLAF1,HepG2,chr11:108331937:T:A,1,3,-0.19567453861236572,modal,cuda,SLTM:K562
BCLAF1,HepG2,chr11:108331993:A:T,1,3,1.2242850065231323,modal,cuda,SLTM:K562
BCLAF1,HepG2,chr11:108331995:A:G,0,3,-0.4722404479980469,modal,cuda,SLTM:K562
BCLAF1,HepG2,chr11:108332017:C:T,1,3,2.526836395263672,modal,cuda,SLTM:K562
BCLAF1,HepG2,chr11:108332026:C:T,1,3,2.768861770629883,modal,cuda,SLTM:K562
BCLAF1,HepG2,chr11:108332747:G:T,0,3,0.3799489736557007,modal,cuda,SLTM:K562
BCLAF1,HepG2,chr11:108332765:C:T,1,3,2.0653529167175293,modal,cuda,SLTM:K562
BCLAF1,HepG2,chr11:108332776:T:C,0,3,-0.6242938041687012,modal,cuda,SLTM:K562
BCLAF1,HepG2,chr11:108332779:A:C,0,3,0.4338056445121765,modal,cuda,SLTM:K562
BCLAF1,HepG2,chr11:108332824:C:T,0,3,0.5032107830047607,modal,cuda,SLTM:K562
BCLAF1,HepG2,chr11:108332848:T:G,1,3,1.5918424129486084,modal,cuda,SLTM:K562
BCLAF1,HepG2,chr11:108332849:G:C,1,3,1.3725641965866089,modal,cuda,SLTM:K562
BCLAF1,HepG2,chr11:108332854:T:G,1,3,-0.7863790988922119,modal,cuda,SLTM:K562
BCLAF1,HepG2,chr11:108332857:T:C,0,3,-0.5780694484710693,modal,cuda,SLTM:K562
BCLAF1,HepG2,chr11:108332878:C:G,0,3,-1.0986584424972534,modal,cuda,SLTM:K562
BCLAF1,HepG2,chr11:108332888:A:T,1,3,0.8767918944358826,modal,cuda,SLTM:K562
BCLAF1,HepG2,chr11:108333909:C:T,1,3,2.662877082824707,modal,cuda,SLTM:K562
BCLAF1,HepG2,chr11:108333921:A:T,1,3,4.395506858825684,modal,cuda,SLTM:K562
BCLAF1,HepG2,chr11:108333927:A:T,1,3,2.765049695968628,modal,cuda,SLTM:K562
BCLAF1,HepG2,chr11:108333934:T:A,1,3,2.2616000175476074,modal,cuda,SLTM:K562
BCLAF1,HepG2,chr11:108333934:T:G,1,3,2.985574245452881,modal,cuda,SLTM:K562
BCLAF1,HepG2,chr11:108333936:G:T,1,3,3.002082347869873,modal,cuda,SLTM:K562
BCLAF1,HepG2,chr11:108333960:G:T,1,3,1.3226377964019775,modal,cuda,SLTM:K562
BCLAF1,HepG2,chr11:108333966:A:T,1,3,0.5748021602630615,modal,cuda,SLTM:K562
BCLAF1,HepG2,chr11:108334948:T:G,0,3,-0.7255215644836426,modal,cuda,SLTM:K562
BCLAF1,HepG2,chr11:108334967:A:C,1,3,-0.8567063808441162,modal,cuda,SLTM:K562
BCLAF1,HepG2,chr11:108334968:G:T,1,3,-0.6015650033950806,modal,cuda,SLTM:K562
BCLAF1,HepG2,chr11:108334984:G:T,1,3,1.7571191787719727,modal,cuda,SLTM:K562
BCLAF1,HepG2,chr11:108334990:G:T,1,3,2.72894024848938,modal,cuda,SLTM:K562
BCLAF1,HepG2,chr11:108334992:A:C,0,3,0.4654320478439331,modal,cuda,SLTM:K562
BCLAF1,HepG2,chr11:108335001:G:A,0,3,0.7901644706726074,modal,cuda,SLTM:K562
BCLAF1,HepG2,chr11:108335003:C:G,1,3,1.8103957176208496,modal,cuda,SLTM:K562
BCLAF1,HepG2,chr11:108335008:C:T,1,3,1.2435297966003418,modal,cuda,SLTM:K562
BCLAF1,HepG2,chr11:108335031:C:T,0,3,0.3264288902282715,modal,cuda,SLTM:K562
BCLAF1,HepG2,chr11:108335037:A:G,0,3,-0.12622660398483276,modal,cuda,SLTM:K562
BCLAF1,HepG2,chr11:108335038:G:T,1,3,2.7840213775634766,modal,cuda,SLTM:K562
BCLAF1,HepG2,chr11:108335051:T:G,1,3,1.2990751266479492,modal,cuda,SLTM:K562
BCLAF1,HepG2,chr11:108335056:A:T,1,3,1.7338141202926636,modal,cuda,SLTM:K562
BCLAF1,HepG2,chr11:108335064:A:C,0,3,-1.9331130981445312,modal,cuda,SLTM:K562
BCLAF1,HepG2,chr11:108335082:T:A,1,3,1.4719274044036865,modal,cuda,SLTM:K562
BCLAF1,HepG2,chr11:108335089:G:T,1,3,3.2087929248809814,modal,cuda,SLTM:K562
BCLAF1,HepG2,chr11:108335098:C:T,1,3,1.6001331806182861,modal,cuda,SLTM:K562
BCLAF1,HepG2,chr11:108335843:A:C,1,3,-0.6313724517822266,modal,cuda,SLTM:K562
BCLAF1,HepG2,chr11:108335889:C:T,0,3,-0.5074629783630371,modal,cuda,SLTM:K562
BCLAF1,HepG2,chr11:108335890:C:T,1,3,0.9404869079589844,modal,cuda,SLTM:K562
BCLAF1,HepG2,chr11:108335911:C:T,1,3,0.6998933553695679,modal,cuda,SLTM:K562
BCLAF1,HepG2,chr11:108335916:A:G,0,3,-1.360422134399414,modal,cuda,SLTM:K562
BCLAF1,HepG2,chr11:108343233:C:G,0,3,-0.9218452572822571,modal,cuda,SLTM:K562
BCLAF1,HepG2,chr11:108343237:C:T,1,3,-0.6626008749008179,modal,cuda,SLTM:K562
BCLAF1,HepG2,chr11:108343239:G:A,0,3,1.025834321975708,modal,cuda,SLTM:K562
BCLAF1,HepG2,chr11:108343240:C:T,1,3,2.8559017181396484,modal,cuda,SLTM:K562
BCLAF1,HepG2,chr11:108343255:G:T,1,3,3.174100160598755,modal,cuda,SLTM:K562
BCLAF1,HepG2,chr11:108343259:G:A,1,3,1.358031988143921,modal,cuda,SLTM:K562
BCLAF1,HepG2,chr11:108343260:G:A,1,3,3.1492505073547363,modal,cuda,SLTM:K562
BCLAF1,HepG2,chr11:108345796:C:A,1,3,-1.0129425525665283,modal,cuda,SLTM:K562
BCLAF1,HepG2,chr11:108345797:C:T,1,3,0.8029274940490723,modal,cuda,SLTM:K562
BCLAF1,HepG2,chr11:108345806:C:T,1,3,-1.0302295684814453,modal,cuda,SLTM:K562
BCLAF1,HepG2,chr11:108345819:G:T,1,3,1.5127267837524414,modal,cuda,SLTM:K562
BCLAF1,HepG2,chr11:108345823:C:A,1,3,-0.7475274205207825,modal,cuda,SLTM:K562
BCLAF1,HepG2,chr11:108345823:C:G,1,3,0.6448764801025391,modal,cuda,SLTM:K562
BCLAF1,HepG2,chr11:108345850:A:C,0,3,-1.1299649477005005,modal,cuda,SLTM:K562
BCLAF1,HepG2,chr11:108347277:A:C,1,3,-1.476513385772705,modal,cuda,SLTM:K562
BCLAF1,HepG2,chr11:108347278:G:C,1,3,-0.31229454278945923,modal,cuda,SLTM:K562
BCLAF1,HepG2,chr11:108347286:C:A,1,3,2.4283812046051025,modal,cuda,SLTM:K562
BCLAF1,HepG2,chr11:108347286:C:G,1,3,1.7085559368133545,modal,cuda,SLTM:K562
BCLAF1,HepG2,chr11:108347292:T:G,0,3,1.3997493982315063,modal,cuda,SLTM:K562
BCLAF1,HepG2,chr11:108347295:A:T,0,3,0.6880890727043152,modal,cuda,SLTM:K562
BCLAF1,HepG2,chr11:108347314:C:T,1,3,2.2781949043273926,modal,cuda,SLTM:K562
BCLAF1,HepG2,chr11:108347324:T:A,1,3,2.1949214935302734,modal,cuda,SLTM:K562
BCLAF1,HepG2,chr11:108347332:G:T,1,3,2.370675563812256,modal,cuda,SLTM:K562
BCLAF1,HepG2,chr11:108347339:C:G,1,3,2.877511501312256,modal,cuda,SLTM:K562
BCLAF1,HepG2,chr11:108347358:A:T,0,3,-0.8889331221580505,modal,cuda,SLTM:K562
BCLAF1,HepG2,chr11:108353777:G:T,1,3,2.2963919639587402,modal,cuda,SLTM:K562
BCLAF1,HepG2,chr11:108353780:C:T,1,3,3.208571434020996,modal,cuda,SLTM:K562
BCLAF1,HepG2,chr11:108353785:C:G,0,3,-2.0312814712524414,modal,cuda,SLTM:K562
BCLAF1,HepG2,chr11:108353785:C:T,0,3,1.0781116485595703,modal,cuda,SLTM:K562
BCLAF1,HepG2,chr11:108353791:C:A,0,3,-0.9695361852645874,modal,cuda,SLTM:K562
BCLAF1,HepG2,chr11:108353797:T:G,0,3,-0.5001684427261353,modal,cuda,SLTM:K562
BCLAF1,HepG2,chr11:108353803:T:G,0,3,-1.0292017459869385,modal,cuda,SLTM:K562
BCLAF1,HepG2,chr11:108353857:G:C,0,3,0.6642953157424927,modal,cuda,SLTM:K562
BCLAF1,HepG2,chr11:108353879:A:T,1,3,-1.4791333675384521,modal,cuda,SLTM:K562
BCLAF1,HepG2,chr11:108353881:G:A,1,3,0.6341420412063599,modal,cuda,SLTM:K562
BCLAF1,HepG2,chr11:108353882:T:C,1,3,-1.4850537776947021,modal,cuda,SLTM:K562
BCLAF1,HepG2,chr11:108354818:G:T,1,3,0.5166332721710205,modal,cuda,SLTM:K562
BCLAF1,HepG2,chr11:108354821:A:T,1,3,1.918727159500122,modal,cuda,SLTM:K562
BCLAF1,HepG2,chr11:108354848:C:T,1,3,1.831890344619751,modal,cuda,SLTM:K562
BCLAF1,HepG2,chr11:108354859:G:A,0,3,0.5869747400283813,modal,cuda,SLTM:K562
BCLAF1,HepG2,chr11:108365114:C:T,0,3,0.33048176765441895,modal,cuda,SLTM:K562
BCLAF1,HepG2,chr11:108365134:T:A,1,3,0.8692355155944824,modal,cuda,SLTM:K562
BCLAF1,HepG2,chr11:108365138:T:G,1,3,0.7886672019958496,modal,cuda,SLTM:K562
BCLAF1,HepG2,chr11:108365145:C:T,1,3,-0.6765003204345703,modal,cuda,SLTM:K562
BCLAF1,HepG2,chr11:108365154:G:T,1,3,1.6051181554794312,modal,cuda,SLTM:K562
BCLAF1,HepG2,chr11:108365196:C:T,1,3,1.5399014949798584,modal,cuda,SLTM:K562
BCLAF1,HepG2,chr11:108365199:G:T,1,3,1.8711023330688477,modal,cuda,SLTM:K562
BCLAF1,HepG2,chr11:108365204:C:A,1,3,1.054736852645874,modal,cuda,SLTM:K562
BCLAF1,HepG2,chr11:108365208:C:T,1,3,1.3365073204040527,modal,cuda,SLTM:K562
BCLAF1,HepG2,chr11:110237635:G:A,1,3,1.2123169898986816,modal,cuda,SLTM:K562
BCLAF1,HepG2,chr11:110257751:C:A,0,3,0.4865495562553406,modal,cuda,SLTM:K562
BCLAF1,HepG2,chr11:110258104:A:G,1,3,0.9196021556854248,modal,cuda,SLTM:K562
BCLAF1,HepG2,chr11:110264842:C:T,1,3,0.6030672192573547,modal,cuda,SLTM:K562
BCLAF1,HepG2,chr11:111764842:C:T,1,3,-0.47406935691833496,modal,cuda,SLTM:K562
BCLAF1,HepG2,chr11:111853677:C:T,1,3,-0.5409202575683594,modal,cuda,SLTM:K562
BCLAF1,HepG2,chr11:112028650:C:T,0,3,0.8529596328735352,modal,cuda,SLTM:K562
BCLAF1,HepG2,chr11:115229275:G:A,0,3,-0.2699698805809021,modal,cuda,SLTM:K562
BCLAF1,HepG2,chr11:118491320:T:G,1,3,-0.7445440292358398,modal,cuda,SLTM:K562
BCLAF1,HepG2,chr11:118496399:A:T,0,3,0.7582297325134277,modal,cuda,SLTM:K562
BCLAF1,HepG2,chr11:118498085:T:C,0,3,-3.2171568870544434,modal,cuda,SLTM:K562
BCLAF1,HepG2,chr11:118597753:C:T,1,3,3.6698713302612305,modal,cuda,SLTM:K562
BCLAF1,HepG2,chr11:119015081:A:T,1,3,0.605811595916748,modal,cuda,SLTM:K562
BCLAF1,HepG2,chr11:120431918:T:A,0,3,0.2152876853942871,modal,cuda,SLTM:K562
BCLAF1,HepG2,chr11:121612844:G:T,0,3,-1.5894590616226196,modal,cuda,SLTM:K562
BCLAF1,HepG2,chr11:12930169:C:T,0,3,0.3815159797668457,modal,cuda,SLTM:K562
BCLAF1,HepG2,chr11:130122522:A:C,0,3,-0.3579413890838623,modal,cuda,SLTM:K562
BCLAF1,HepG2,chr11:130140492:G:A,0,3,1.0057530403137207,modal,cuda,SLTM:K562
BCLAF1,HepG2,chr11:14830855:T:C,0,3,0.2188866138458252,modal,cuda,SLTM:K562
BCLAF1,HepG2,chr11:14859255:T:C,0,3,-1.4978971481323242,modal,cuda,SLTM:K562
BCLAF1,HepG2,chr11:17102841:A:C,0,3,0.9235258102416992,modal,cuda,SLTM:K562
BCLAF1,HepG2,chr11:17168713:T:C,0,3,-0.7598085403442383,modal,cuda,SLTM:K562
BCLAF1,HepG2,chr11:17168732:T:C,0,3,-0.8907925486564636,modal,cuda,SLTM:K562
BCLAF1,HepG2,chr11:17168843:G:A,0,3,0.5397069454193115,modal,cuda,SLTM:K562
BCLAF1,HepG2,chr11:20044127:G:T,0,3,0.48711705207824707,modal,cuda,SLTM:K562
BCLAF1,HepG2,chr11:2641110:A:G,0,3,-0.36678552627563477,modal,cuda,SLTM:K562
BCLAF1,HepG2,chr11:26567044:A:G,0,3,-0.24320077896118164,modal,cuda,SLTM:K562
BCLAF1,HepG2,chr11:3039191:C:T,0,3,0.22333025932312012,modal,cuda,SLTM:K562
BCLAF1,HepG2,chr11:3042264:G:A,0,3,0.4688078761100769,modal,cuda,SLTM:K562
BCLAF1,HepG2,chr11:34086238:G:A,0,3,-0.3165982961654663,modal,cuda,SLTM:K562
BCLAF1,HepG2,chr11:34108810:T:C,0,3,-0.7480978965759277,modal,cuda,SLTM:K562
BCLAF1,HepG2,chr11:34960443:G:A,0,3,1.0264310836791992,modal,cuda,SLTM:K562
BCLAF1,HepG2,chr11:34960519:G:A,1,3,0.678105890750885,modal,cuda,SLTM:K562
BCLAF1,HepG2,chr11:34960522:T:C,0,3,-1.1568450927734375,modal,cuda,SLTM:K562
BCLAF1,HepG2,chr11:3778975:T:C,0,3,0.24837613105773926,modal,cuda,SLTM:K562
BCLAF1,HepG2,chr11:45935682:C:T,0,3,0.6114262938499451,modal,cuda,SLTM:K562
BCLAF1,HepG2,chr11:45935700:G:T,1,3,-0.31570130586624146,modal,cuda,SLTM:K562
BCLAF1,HepG2,chr11:47750906:C:T,0,3,1.33329176902771,modal,cuda,SLTM:K562
BCLAF1,HepG2,chr11:47798388:C:T,0,3,-0.4246950149536133,modal,cuda,SLTM:K562
BCLAF1,HepG2,chr11:47798468:C:T,0,3,0.5569343566894531,modal,cuda,SLTM:K562
BCLAF1,HepG2,chr11:47812384:C:T,0,3,-1.1940422058105469,modal,cuda,SLTM:K562
BCLAF1,HepG2,chr11:47812399:T:C,0,3,0.8722305297851562,modal,cuda,SLTM:K562
BCLAF1,HepG2,chr11:47813040:G:A,0,3,0.47812533378601074,modal,cuda,SLTM:K562
BCLAF1,HepG2,chr11:47822082:C:T,1,3,-0.30124735832214355,modal,cuda,SLTM:K562
BCLAF1,HepG2,chr11:47835659:G:A,1,3,0.6173299551010132,modal,cuda,SLTM:K562
BCLAF1,HepG2,chr11:47835701:T:C,0,3,-0.5737161636352539,modal,cuda,SLTM:K562
BCLAF1,HepG2,chr11:57796519:C:T,0,3,1.224037528038025,modal,cuda,SLTM:K562
BCLAF1,HepG2,chr11:57801864:G:A,1,3,1.357148289680481,modal,cuda,SLTM:K562
BCLAF1,HepG2,chr11:57801869:C:T,1,3,2.749117851257324,modal,cuda,SLTM:K562
BCLAF1,HepG2,chr11:57802166:C:T,0,3,0.3456308841705322,modal,cuda,SLTM:K562
BCLAF1,HepG2,chr11:57804760:C:T,1,3,1.3418738842010498,modal,cuda,SLTM:K562
BCLAF1,HepG2,chr11:57806980:C:T,1,3,1.6748178005218506,modal,cuda,SLTM:K562
BCLAF1,HepG2,chr11:57810152:C:T,1,3,0.564671516418457,modal,cuda,SLTM:K562
BCLAF1,HepG2,chr11:62520206:G:A,0,3,0.8260561227798462,modal,cuda,SLTM:K562
BCLAF1,HepG2,chr11:62522036:C:T,0,3,1.0686875581741333,modal,cuda,SLTM:K562
BCLAF1,HepG2,chr11:62526000:C:T,0,3,0.7426416873931885,modal,cuda,SLTM:K562
BCLAF1,HepG2,chr11:62526008:A:G,0,3,-0.3048419952392578,modal,cuda,SLTM:K562
BCLAF1,HepG2,chr11:62527040:A:G,0,3,0.4553399085998535,modal,cuda,SLTM:K562
BCLAF1,HepG2,chr11:62527677:T:G,0,3,2.0261240005493164,modal,cuda,SLTM:K562
BCLAF1,HepG2,chr11:62527799:A:C,0,3,-0.6931371688842773,modal,cuda,SLTM:K562
BCLAF1,HepG2,chr11:62529526:C:T,0,3,-0.26360905170440674,modal,cuda,SLTM:K562
BCLAF1,HepG2,chr11:62529773:A:C,0,3,0.4324920177459717,modal,cuda,SLTM:K562
BCLAF1,HepG2,chr11:62529848:A:G,0,3,1.136488437652588,modal,cuda,SLTM:K562
BCLAF1,HepG2,chr11:62529927:G:C,0,3,-0.7627620697021484,modal,cuda,SLTM:K562
BCLAF1,HepG2,chr11:62529938:A:G,0,3,0.36195075511932373,modal,cuda,SLTM:K562
BCLAF1,HepG2,chr11:62530602:C:G,0,3,0.6900545954704285,modal,cuda,SLTM:K562
BCLAF1,HepG2,chr11:62531360:A:G,0,3,-0.9169704914093018,modal,cuda,SLTM:K562
BCLAF1,HepG2,chr11:62532272:A:G,0,3,-0.6925628185272217,modal,cuda,SLTM:K562
BCLAF1,HepG2,chr11:62707136:G:C,0,3,-1.1406759023666382,modal,cuda,SLTM:K562
BCLAF1,HepG2,chr11:67180094:C:T,1,3,-0.7802825570106506,modal,cuda,SLTM:K562
BCLAF1,HepG2,chr11:68044201:C:T,1,3,0.3038893938064575,modal,cuda,SLTM:K562
BCLAF1,HepG2,chr11:72018840:T:C,0,3,-0.4353434443473816,modal,cuda,SLTM:K562
BCLAF1,HepG2,chr11:77179026:G:A,0,3,0.5160976648330688,modal,cuda,SLTM:K562
BCLAF1,HepG2,chr11:78559588:A:T,1,3,0.4932844638824463,modal,cuda,SLTM:K562
BCLAF1,HepG2,chr11:78566227:G:A,1,3,2.266695261001587,modal,cuda,SLTM:K562
BCLAF1,HepG2,chr11:78566231:A:G,0,3,0.3381168842315674,modal,cuda,SLTM:K562
BCLAF1,HepG2,chr11:78568693:T:C,0,3,1.5543239116668701,modal,cuda,SLTM:K562
BCLAF1,HepG2,chr11:78568698:T:C,0,3,-1.7033131122589111,modal,cuda,SLTM:K562
BCLAF1,HepG2,chr11:78568744:T:G,0,3,-0.5598078966140747,modal,cuda,SLTM:K562
BCLAF1,HepG2,chr11:78568755:A:T,0,3,0.6159519553184509,modal,cuda,SLTM:K562
BCLAF1,HepG2,chr11:78568757:A:G,0,3,-1.2687146663665771,modal,cuda,SLTM:K562
BCLAF1,HepG2,chr11:78571414:C:A,1,3,2.2727675437927246,modal,cuda,SLTM:K562
BCLAF1,HepG2,chr11:85664513:G:A,0,3,0.34882640838623047,modal,cuda,SLTM:K562
BCLAF1,HepG2,chr11:86266075:G:A,0,3,-0.5764143466949463,modal,cuda,SLTM:K562
BCLAF1,HepG2,chr11:86266128:C:T,1,3,0.7016685009002686,modal,cuda,SLTM:K562
BCLAF1,HepG2,chr11:9165958:G:A,1,3,1.332026481628418,modal,cuda,SLTM:K562
BCLAF1,HepG2,chr11:9178842:G:A,0,3,-0.297879695892334,modal,cuda,SLTM:K562
BCLAF1,HepG2,chr11:9179008:G:A,0,3,0.7595966458320618,modal,cuda,SLTM:K562
BCLAF1,HepG2,chr11:9179071:C:T,0,3,-0.38446998596191406,modal,cuda,SLTM:K562
BCLAF1,HepG2,chr11:94445909:A:C,0,3,0.9064075946807861,modal,cuda,SLTM:K562
BCLAF1,HepG2,chr11:94456263:G:A,0,3,0.1446545124053955,modal,cuda,SLTM:K562
BCLAF1,HepG2,chr11:95813131:T:G,0,3,0.47359853982925415,modal,cuda,SLTM:K562
BCLAF1,HepG2,chr11:95849665:C:G,0,3,-0.7436769008636475,modal,cuda,SLTM:K562
BCLAF1,HepG2,chr11:9842776:A:G,0,3,-0.2573113441467285,modal,cuda,SLTM:K562
BCLAF1,HepG2,chr11:9858406:C:T,0,3,1.09183669090271,modal,cuda,SLTM:K562
BCLAF1,HepG2,chr12:100283076:C:T,1,1,2.8124852180480957,modal,cuda,SLTM:K562
BCLAF1,HepG2,chr12:100283145:C:T,1,1,-1.5574696063995361,modal,cuda,SLTM:K562
BCLAF1,HepG2,chr12:100510780:G:A,0,1,0.16709375381469727,modal,cuda,SLTM:K562
BCLAF1,HepG2,chr12:100532538:C:T,1,1,0.8575478792190552,modal,cuda,SLTM:K562
BCLAF1,HepG2,chr12:100532559:C:T,1,1,0.3707646131515503,modal,cuda,SLTM:K562
BCLAF1,HepG2,chr12:100532577:G:T,1,1,1.0319093465805054,modal,cuda,SLTM:K562
BCLAF1,HepG2,chr12:102838988:C:T,0,1,-1.0306499004364014,modal,cuda,SLTM:K562
BCLAF1,HepG2,chr12:102840394:A:T,1,1,-1.20486319065094,modal,cuda,SLTM:K562
BCLAF1,HepG2,chr12:102855080:C:T,0,1,-0.4740854501724243,modal,cuda,SLTM:K562
BCLAF1,HepG2,chr12:102917066:C:A,1,1,-0.9703425168991089,modal,cuda,SLTM:K562
BCLAF1,HepG2,chr12:102917066:C:G,1,1,-0.6861107349395752,modal,cuda,SLTM:K562
BCLAF1,HepG2,chr12:108568930:G:A,0,1,1.0953195095062256,modal,cuda,SLTM:K562
BCLAF1,HepG2,chr12:110129066:T:A,1,1,-0.3025636672973633,modal,cuda,SLTM:K562
BCLAF1,HepG2,chr12:110129102:A:G,0,1,0.6069183349609375,modal,cuda,SLTM:K562
BCLAF1,HepG2,chr12:110292002:G:A,0,1,1.0598710775375366,modal,cuda,SLTM:K562
BCLAF1,HepG2,chr12:110339273:C:G,0,1,-1.484015941619873,modal,cuda,SLTM:K562
BCLAF1,HepG2,chr12:1110209:T:A,0,1,0.5957481861114502,modal,cuda,SLTM:K562
BCLAF1,HepG2,chr12:1112269:A:G,0,1,0.4818580448627472,modal,cuda,SLTM:K562
BCLAF1,HepG2,chr12:1115991:C:T,0,1,-0.15159893035888672,modal,cuda,SLTM:K562
BCLAF1,HepG2,chr12:112450529:T:G,0,1,-2.9849843978881836,modal,cuda,SLTM:K562
BCLAF1,HepG2,chr12:112450541:C:G,0,1,-0.671597957611084,modal,cuda,SLTM:K562
BCLAF1,HepG2,chr12:112478025:A:G,0,1,-1.0081944465637207,modal,cuda,SLTM:K562
BCLAF1,HepG2,chr12:1181934:A:G,0,1,-0.5592166781425476,modal,cuda,SLTM:K562
BCLAF1,HepG2,chr12:119752254:C:G,0,1,0.46859127283096313,modal,cuda,SLTM:K562
BCLAF1,HepG2,chr12:120138423:G:C,0,1,-1.2608072757720947,modal,cuda,SLTM:K562
BCLAF1,HepG2,chr12:12147390:G:A,1,1,0.5156574249267578,modal,cuda,SLTM:K562
BCLAF1,HepG2,chr12:12147466:A:G,0,1,1.290268898010254,modal,cuda,SLTM:K562
BCLAF1,HepG2,chr12:12159952:C:T,1,1,0.15288710594177246,modal,cuda,SLTM:K562
BCLAF1,HepG2,chr12:12162182:A:C,0,1,-1.5787403583526611,modal,cuda,SLTM:K562
BCLAF1,HepG2,chr12:12165192:C:T,1,1,1.0146360397338867,modal,cuda,SLTM:K562
BCLAF1,HepG2,chr12:12179858:A:G,0,1,-1.0217117071151733,modal,cuda,SLTM:K562
BCLAF1,HepG2,chr12:12179938:G:A,1,1,1.8366093635559082,modal,cuda,SLTM:K562
BCLAF1,HepG2,chr12:12179987:G:C,0,1,0.5506895780563354,modal,cuda,SLTM:K562
BCLAF1,HepG2,chr12:12187043:A:G,1,1,-1.4721345901489258,modal,cuda,SLTM:K562
BCLAF1,HepG2,chr12:123327582:G:A,0,1,-0.16614091396331787,modal,cuda,SLTM:K562
BCLAF1,HepG2,chr12:130808702:T:C,0,1,-0.4264954626560211,modal,cuda,SLTM:K562
BCLAF1,HepG2,chr12:130873046:C:T,0,1,-0.6843957901000977,modal,cuda,SLTM:K562
BCLAF1,HepG2,chr12:131979801:G:A,0,1,-0.5695286989212036,modal,cuda,SLTM:K562
BCLAF1,HepG2,chr12:132632296:C:T,0,1,0.5529745817184448,modal,cuda,SLTM:K562
BCLAF1,HepG2,chr12:132632300:C:T,0,1,0.43343067169189453,modal,cuda,SLTM:K562
BCLAF1,HepG2,chr12:132741392:G:A,0,1,0.6994098424911499,modal,cuda,SLTM:K562
BCLAF1,HepG2,chr12:132807172:G:A,0,1,-0.7198140621185303,modal,cuda,SLTM:K562
BCLAF1,HepG2,chr12:14434364:A:G,0,1,-0.17244911193847656,modal,cuda,SLTM:K562
BCLAF1,HepG2,chr12:14434367:A:G,0,1,-0.6826961040496826,modal,cuda,SLTM:K562
BCLAF1,HepG2,chr12:1792859:C:T,0,1,0.9186333417892456,modal,cuda,SLTM:K562
BCLAF1,HepG2,chr12:1792998:C:T,0,1,0.8398431539535522,modal,cuda,SLTM:K562
BCLAF1,HepG2,chr12:19274579:A:G,0,1,0.6240432262420654,modal,cuda,SLTM:K562
BCLAF1,HepG2,chr12:23845954:T:C,0,1,0.31494808197021484,modal,cuda,SLTM:K562
BCLAF1,HepG2,chr12:24818032:G:A,0,1,1.0852463245391846,modal,cuda,SLTM:K562
BCLAF1,HepG2,chr12:26481127:C:T,0,1,0.6652214527130127,modal,cuda,SLTM:K562
BCLAF1,HepG2,chr12:26550237:A:T,0,1,0.21395421028137207,modal,cuda,SLTM:K562
BCLAF1,HepG2,chr12:26599964:C:T,0,1,0.6244971752166748,modal,cuda,SLTM:K562
BCLAF1,HepG2,chr12:27647774:C:T,1,1,0.989534854888916,modal,cuda,SLTM:K562
BCLAF1,HepG2,chr12:27755435:A:G,0,1,-0.3308243751525879,modal,cuda,SLTM:K562
BCLAF1,HepG2,chr12:28306836:A:G,0,1,-0.9708590507507324,modal,cuda,SLTM:K562
BCLAF1,HepG2,chr12:30665215:C:T,1,1,0.4285550117492676,modal,cuda,SLTM:K562
BCLAF1,HepG2,chr12:30713872:A:G,0,1,0.4340789318084717,modal,cuda,SLTM:K562
BCLAF1,HepG2,chr12:30715074:C:T,0,1,1.3200080394744873,modal,cuda,SLTM:K562
BCLAF1,HepG2,chr12:30731402:A:G,0,1,-0.7946255207061768,modal,cuda,SLTM:K562
BCLAF1,HepG2,chr12:323593:T:C,0,1,-0.5913965702056885,modal,cuda,SLTM:K562
BCLAF1,HepG2,chr12:32582302:C:G,0,1,-0.6376659870147705,modal,cuda,SLTM:K562
BCLAF1,HepG2,chr12:32582302:C:T,0,1,0.515155553817749,modal,cuda,SLTM:K562
BCLAF1,HepG2,chr12:32582450:C:T,1,1,-1.2546589374542236,modal,cuda,SLTM:K562
BCLAF1,HepG2,chr12:32601410:C:T,1,1,0.9242010116577148,modal,cuda,SLTM:K562
BCLAF1,HepG2,chr12:32601433:G:T,0,1,-0.2796616554260254,modal,cuda,SLTM:K562
BCLAF1,HepG2,chr12:32602217:T:G,1,1,0.8807783126831055,modal,cuda,SLTM:K562
BCLAF1,HepG2,chr12:32602325:G:A,0,1,0.15501928329467773,modal,cuda,SLTM:K562
BCLAF1,HepG2,chr12:32625647:T:C,0,1,0.16581153869628906,modal,cuda,SLTM:K562
BCLAF1,HepG2,chr12:32701427:A:G,1,1,0.576021671295166,modal,cuda,SLTM:K562
BCLAF1,HepG2,chr12:32701432:A:C,0,1,-0.850684642791748,modal,cuda,SLTM:K562
BCLAF1,HepG2,chr12:32708177:C:T,1,1,0.702980637550354,modal,cuda,SLTM:K562
BCLAF1,HepG2,chr12:32713251:A:T,1,1,-0.5400760173797607,modal,cuda,SLTM:K562
BCLAF1,HepG2,chr12:32713327:C:A,1,1,-0.2804136276245117,modal,cuda,SLTM:K562
BCLAF1,HepG2,chr12:32722643:A:G,0,1,0.22402620315551758,modal,cuda,SLTM:K562
BCLAF1,HepG2,chr12:39333207:T:A,0,1,1.2321289777755737,modal,cuda,SLTM:K562
BCLAF1,HepG2,chr12:39341637:G:A,0,1,0.15292024612426758,modal,cuda,SLTM:K562
BCLAF1,HepG2,chr12:45302107:C:T,0,1,-0.21433734893798828,modal,cuda,SLTM:K562
BCLAF1,HepG2,chr12:45367669:T:C,0,1,0.34540891647338867,modal,cuda,SLTM:K562
BCLAF1,HepG2,chr12:49047944:C:A,0,1,0.383638858795166,modal,cuda,SLTM:K562
BCLAF1,HepG2,chr12:49053096:C:A,0,1,-0.20344668626785278,modal,cuda,SLTM:K562
BCLAF1,HepG2,chr12:49484628:G:A,0,1,1.1177781820297241,modal,cuda,SLTM:K562
BCLAF1,HepG2,chr12:50999214:C:A,1,1,-0.37828731536865234,modal,cuda,SLTM:K562
BCLAF1,HepG2,chr12:50999224:C:T,0,1,0.20337724685668945,modal,cuda,SLTM:K562
BCLAF1,HepG2,chr12:54283877:T:C,1,1,0.7369089126586914,modal,cuda,SLTM:K562
BCLAF1,HepG2,chr12:54283877:T:G,1,1,0.7642965316772461,modal,cuda,SLTM:K562
BCLAF1,HepG2,chr12:54283901:T:C,1,1,0.3883390724658966,modal,cuda,SLTM:K562
BCLAF1,HepG2,chr12:56355703:C:G,1,1,0.24076658487319946,modal,cuda,SLTM:K562
BCLAF1,HepG2,chr12:57718406:A:G,0,1,-0.20619869232177734,modal,cuda,SLTM:K562
BCLAF1,HepG2,chr12:62302818:C:T,0,1,0.18804502487182617,modal,cuda,SLTM:K562
BCLAF1,HepG2,chr12:6591833:C:A,0,1,-0.7138922214508057,modal,cuda,SLTM:K562
BCLAF1,HepG2,chr12:68689025:G:A,0,1,0.3801765441894531,modal,cuda,SLTM:K562
BCLAF1,HepG2,chr12:68713999:G:C,0,1,1.079144835472107,modal,cuda,SLTM:K562
BCLAF1,HepG2,chr12:68731733:G:T,0,1,0.20488929748535156,modal,cuda,SLTM:K562
BCLAF1,HepG2,chr12:68731734:G:T,0,1,0.5426998138427734,modal,cuda,SLTM:K562
BCLAF1,HepG2,chr12:68734687:T:C,0,1,0.6599798798561096,modal,cuda,SLTM:K562
BCLAF1,HepG2,chr12:68828854:C:T,0,1,-0.49463608860969543,modal,cuda,SLTM:K562
BCLAF1,HepG2,chr12:68836764:A:T,0,1,-0.14702177047729492,modal,cuda,SLTM:K562
BCLAF1,HepG2,chr12:6974359:A:C,0,1,-0.34273195266723633,modal,cuda,SLTM:K562
BCLAF1,HepG2,chr12:6974427:A:G,1,1,-0.6436654329299927,modal,cuda,SLTM:K562
BCLAF1,HepG2,chr12:70338488:A:T,1,1,1.5530740022659302,modal,cuda,SLTM:K562
BCLAF1,HepG2,chr12:71577986:C:G,0,1,-0.8035950660705566,modal,cuda,SLTM:K562
BCLAF1,HepG2,chr12:71578805:G:A,0,1,0.5284080505371094,modal,cuda,SLTM:K562
BCLAF1,HepG2,chr12:71578813:G:T,0,1,2.394131898880005,modal,cuda,SLTM:K562
BCLAF1,HepG2,chr12:71634147:A:C,0,1,-0.5306181907653809,modal,cuda,SLTM:K562
BCLAF1,HepG2,chr12:79793941:T:G,0,1,0.36378002166748047,modal,cuda,SLTM:K562
BCLAF1,HepG2,chr12:88049360:C:A,1,1,0.2610686123371124,modal,cuda,SLTM:K562
BCLAF1,HepG2,chr12:883063:C:T,0,1,0.7170860767364502,modal,cuda,SLTM:K562
BCLAF1,HepG2,chr12:89591132:G:A,0,1,-0.6145087480545044,modal,cuda,SLTM:K562
BCLAF1,HepG2,chr12:89616944:G:T,1,1,0.42028188705444336,modal,cuda,SLTM:K562
BCLAF1,HepG2,chr12:89627708:G:A,1,1,1.1947355270385742,modal,cuda,SLTM:K562
BCLAF1,HepG2,chr12:89635099:G:A,1,1,1.5420910120010376,modal,cuda,SLTM:K562
BCLAF1,HepG2,chr12:94220010:G:A,0,1,0.9155347347259521,modal,cuda,SLTM:K562
BCLAF1,HepG2,chr12:94375909:C:A,1,1,0.9458714723587036,modal,cuda,SLTM:K562
BCLAF1,HepG2,chr12:94378949:G:A,1,1,0.9516164064407349,modal,cuda,SLTM:K562
BCLAF1,HepG2,chr12:94378966:C:T,0,1,0.2502477765083313,modal,cuda,SLTM:K562
BCLAF1,HepG2,chr12:94400900:C:A,1,1,2.2013731002807617,modal,cuda,SLTM:K562
BCLAF1,HepG2,chr12:94403220:G:A,1,1,0.629605770111084,modal,cuda,SLTM:K562
BCLAF1,HepG2,chr12:94403241:C:A,1,1,1.0659922361373901,modal,cuda,SLTM:K562
BCLAF1,HepG2,chr13:100112045:A:G,1,0,-0.25423192977905273,modal,cuda,SLTM:K562
BCLAF1,HepG2,chr13:100157303:G:T,1,0,-0.27109861373901367,modal,cuda,SLTM:K562
BCLAF1,HepG2,chr13:100209411:T:G,1,0,0.6957149505615234,modal,cuda,SLTM:K562
BCLAF1,HepG2,chr13:100209419:A:T,1,0,1.2248992919921875,modal,cuda,SLTM:K562
BCLAF1,HepG2,chr13:100268731:A:T,1,0,0.4413982629776001,modal,cuda,SLTM:K562
BCLAF1,HepG2,chr13:100268741:C:G,1,0,0.641094446182251,modal,cuda,SLTM:K562
BCLAF1,HepG2,chr13:100273218:C:T,1,0,-1.3026797771453857,modal,cuda,SLTM:K562
BCLAF1,HepG2,chr13:100273236:C:T,1,0,0.7999279499053955,modal,cuda,SLTM:K562
BCLAF1,HepG2,chr13:100273240:C:A,1,0,-0.3473992943763733,modal,cuda,SLTM:K562
BCLAF1,HepG2,chr13:102604820:G:A,0,0,0.4868527352809906,modal,cuda,SLTM:K562
BCLAF1,HepG2,chr13:102618856:G:A,0,0,0.4797685146331787,modal,cuda,SLTM:K562
BCLAF1,HepG2,chr13:102623036:T:C,0,0,0.31601202487945557,modal,cuda,SLTM:K562
BCLAF1,HepG2,chr13:102636248:G:A,0,0,0.594656229019165,modal,cuda,SLTM:K562
BCLAF1,HepG2,chr13:102647279:C:T,1,0,0.45377182960510254,modal,cuda,SLTM:K562
BCLAF1,HepG2,chr13:102647335:T:G,1,0,-0.7165091037750244,modal,cuda,SLTM:K562
BCLAF1,HepG2,chr13:112833033:G:A,0,0,-0.4895581007003784,modal,cuda,SLTM:K562
BCLAF1,HepG2,chr13:113116822:C:T,1,0,-0.3170614242553711,modal,cuda,SLTM:K562
BCLAF1,HepG2,chr13:113116828:C:T,1,0,0.6813068389892578,modal,cuda,SLTM:K562
BCLAF1,HepG2,chr13:113190934:C:A,0,0,0.7812588214874268,modal,cuda,SLTM:K562
BCLAF1,HepG2,chr13:19993348:A:G,0,0,-0.4921340048313141,modal,cuda,SLTM:K562
BCLAF1,HepG2,chr13:19993463:C:T,1,0,2.161226272583008,modal,cuda,SLTM:K562
BCLAF1,HepG2,chr13:19993493:C:T,1,0,1.6681426763534546,modal,cuda,SLTM:K562
BCLAF1,HepG2,chr13:19993641:T:G,1,0,1.344184160232544,modal,cuda,SLTM:K562
BCLAF1,HepG2,chr13:20005113:G:A,0,0,0.46923625469207764,modal,cuda,SLTM:K562
BCLAF1,HepG2,chr13:20005173:C:T,0,0,0.6748350858688354,modal,cuda,SLTM:K562
BCLAF1,HepG2,chr13:20006442:T:G,1,0,-0.5081994533538818,modal,cuda,SLTM:K562
BCLAF1,HepG2,chr13:20019580:C:T,1,0,1.0604498386383057,modal,cuda,SLTM:K562
BCLAF1,HepG2,chr13:20026675:C:T,1,0,-1.0375027656555176,modal,cuda,SLTM:K562
BCLAF1,HepG2,chr13:20026715:C:G,1,0,-0.8043490052223206,modal,cuda,SLTM:K562
BCLAF1,HepG2,chr13:20026757:C:G,1,0,0.3478679656982422,modal,cuda,SLTM:K562
BCLAF1,HepG2,chr13:20034266:C:T,1,0,0.46239447593688965,modal,cuda,SLTM:K562
BCLAF1,HepG2,chr13:20034325:T:C,0,0,0.6178898215293884,modal,cuda,SLTM:K562
BCLAF1,HepG2,chr13:20059523:C:G,1,0,1.3597577810287476,modal,cuda,SLTM:K562
BCLAF1,HepG2,chr13:20061170:A:G,0,0,0.1512354612350464,modal,cuda,SLTM:K562
BCLAF1,HepG2,chr13:20596997:G:C,0,0,-0.11281204223632812,modal,cuda,SLTM:K562
BCLAF1,HepG2,chr13:20598669:A:G,0,0,-0.42977380752563477,modal,cuda,SLTM:K562
BCLAF1,HepG2,chr13:20598768:T:C,0,0,-0.4276440143585205,modal,cuda,SLTM:K562
BCLAF1,HepG2,chr13:20601932:G:A,0,0,-0.3459157943725586,modal,cuda,SLTM:K562
BCLAF1,HepG2,chr13:20615801:T:A,0,0,0.2216084599494934,modal,cuda,SLTM:K562
BCLAF1,HepG2,chr13:20615802:G:A,0,0,0.20943784713745117,modal,cuda,SLTM:K562
BCLAF1,HepG2,chr13:20615814:T:C,0,0,-0.6040445566177368,modal,cuda,SLTM:K562
BCLAF1,HepG2,chr13:20615891:A:G,0,0,-0.44310951232910156,modal,cuda,SLTM:K562
BCLAF1,HepG2,chr13:20625734:A:G,0,0,-0.2273097038269043,modal,cuda,SLTM:K562
BCLAF1,HepG2,chr13:20625763:G:T,0,0,1.0761122703552246,modal,cuda,SLTM:K562
BCLAF1,HepG2,chr13:20643565:G:A,0,0,0.151574969291687,modal,cuda,SLTM:K562
BCLAF1,HepG2,chr13:23365209:G:C,1,0,0.9769440293312073,modal,cuda,SLTM:K562
BCLAF1,HepG2,chr13:24906906:G:A,1,0,2.203381061553955,modal,cuda,SLTM:K562
BCLAF1,HepG2,chr13:32184697:A:G,0,0,-0.3491756319999695,modal,cuda,SLTM:K562
BCLAF1,HepG2,chr13:32354928:A:T,1,0,2.4673492908477783,modal,cuda,SLTM:K562
BCLAF1,HepG2,chr13:32354942:T:A,1,0,-0.7176375985145569,modal,cuda,SLTM:K562
BCLAF1,HepG2,chr13:32354986:C:A,1,0,1.4420098066329956,modal,cuda,SLTM:K562
BCLAF1,HepG2,chr13:32355018:A:T,1,0,1.4257800579071045,modal,cuda,SLTM:K562
BCLAF1,HepG2,chr13:36326559:A:G,0,0,0.5077524185180664,modal,cuda,SLTM:K562
BCLAF1,HepG2,chr13:39680037:G:A,1,0,-0.11258649826049805,modal,cuda,SLTM:K562
BCLAF1,HepG2,chr13:39689842:T:C,0,0,0.1893293857574463,modal,cuda,SLTM:K562
BCLAF1,HepG2,chr13:39723394:G:T,1,0,0.8157501220703125,modal,cuda,SLTM:K562
BCLAF1,HepG2,chr13:39723420:C:T,1,0,-0.34232980012893677,modal,cuda,SLTM:K562
BCLAF1,HepG2,chr13:47988873:G:A,0,0,-0.21896767616271973,modal,cuda,SLTM:K562
BCLAF1,HepG2,chr13:48077193:A:T,0,0,-0.44816136360168457,modal,cuda,SLTM:K562
BCLAF1,HepG2,chr13:48342717:A:T,1,0,-0.678479015827179,modal,cuda,SLTM:K562
BCLAF1,HepG2,chr13:48345222:T:G,0,0,0.1668071746826172,modal,cuda,SLTM:K562
BCLAF1,HepG2,chr13:48360005:T:G,1,0,-1.0061049461364746,modal,cuda,SLTM:K562
BCLAF1,HepG2,chr13:48362806:C:G,1,0,-0.3595619797706604,modal,cuda,SLTM:K562
BCLAF1,HepG2,chr13:48412896:A:G,0,0,-0.6577824354171753,modal,cuda,SLTM:K562
BCLAF1,HepG2,chr13:49131203:A:G,0,0,0.4327479600906372,modal,cuda,SLTM:K562
BCLAF1,HepG2,chr13:49145783:C:T,0,0,0.43019604682922363,modal,cuda,SLTM:K562
BCLAF1,HepG2,chr13:49482767:A:T,0,0,0.36678066849708557,modal,cuda,SLTM:K562
BCLAF1,HepG2,chr13:49482790:G:A,0,0,0.40454185009002686,modal,cuda,SLTM:K562
BCLAF1,HepG2,chr13:51430313:G:A,1,0,0.7638404369354248,modal,cuda,SLTM:K562
BCLAF1,HepG2,chr13:51949661:C:T,1,0,0.2786977291107178,modal,cuda,SLTM:K562
BCLAF1,HepG2,chr13:51949672:C:T,0,0,0.9351325035095215,modal,cuda,SLTM:K562
BCLAF1,HepG2,chr13:51949676:G:A,1,0,-0.5553755760192871,modal,cuda,SLTM:K562
BCLAF1,HepG2,chr13:51949700:C:T,1,0,1.1030555963516235,modal,cuda,SLTM:K562
BCLAF1,HepG2,chr13:51949720:A:T,1,0,0.4987887442111969,modal,cuda,SLTM:K562
BCLAF1,HepG2,chr13:51949732:G:C,1,0,0.3806638717651367,modal,cuda,SLTM:K562
BCLAF1,HepG2,chr13:51949732:G:T,1,0,0.5028254985809326,modal,cuda,SLTM:K562
BCLAF1,HepG2,chr13:51949797:C:T,1,0,-1.0646847486495972,modal,cuda,SLTM:K562
BCLAF1,HepG2,chr13:51950271:C:T,1,0,-1.336408257484436,modal,cuda,SLTM:K562
BCLAF1,HepG2,chr13:51950400:C:T,1,0,-1.3576656579971313,modal,cuda,SLTM:K562
BCLAF1,HepG2,chr13:51960231:G:A,1,0,0.5469222068786621,modal,cuda,SLTM:K562
BCLAF1,HepG2,chr13:51960269:A:T,1,0,-0.7858860492706299,modal,cuda,SLTM:K562
BCLAF1,HepG2,chr13:51970491:C:G,1,0,-0.4557377099990845,modal,cuda,SLTM:K562
BCLAF1,HepG2,chr13:51970558:G:A,1,0,-0.7037454843521118,modal,cuda,SLTM:K562
BCLAF1,HepG2,chr13:51974317:A:C,1,0,0.5749297142028809,modal,cuda,SLTM:K562
BCLAF1,HepG2,chr13:51974317:A:T,1,0,1.1782968044281006,modal,cuda,SLTM:K562
BCLAF1,HepG2,chr13:51974350:C:G,0,0,0.8065291047096252,modal,cuda,SLTM:K562
BCLAF1,HepG2,chr13:51974364:G:A,1,0,1.5417295694351196,modal,cuda,SLTM:K562
BCLAF1,HepG2,chr13:52024872:T:C,1,0,0.13587713241577148,modal,cuda,SLTM:K562
BCLAF1,HepG2,chr13:72772152:T:C,0,0,-0.49183082580566406,modal,cuda,SLTM:K562
BCLAF1,HepG2,chr13:72783562:G:A,0,0,0.5764681100845337,modal,cuda,SLTM:K562
BCLAF1,HepG2,chr13:72792566:A:T,0,0,0.056493520736694336,modal,cuda,SLTM:K562
BCLAF1,HepG2,chr13:72893914:C:T,1,0,0.748176097869873,modal,cuda,SLTM:K562
BCLAF1,HepG2,chr13:75804311:G:A,0,0,0.8499833345413208,modal,cuda,SLTM:K562
BCLAF1,HepG2,chr13:79371937:A:T,0,0,-0.15531110763549805,modal,cuda,SLTM:K562
BCLAF1,HepG2,chr14:101892987:G:C,0,2,1.7486512660980225,modal,cuda,SLTM:K562
BCLAF1,HepG2,chr14:101979995:G:A,0,2,-0.6273927688598633,modal,cuda,SLTM:K562
BCLAF1,HepG2,chr14:102000160:G:A,0,2,-0.9071589708328247,modal,cuda,SLTM:K562
BCLAF1,HepG2,chr14:103457138:A:G,0,2,-0.43378758430480957,modal,cuda,SLTM:K562
BCLAF1,HepG2,chr14:103571695:C:T,1,2,4.928638935089111,modal,cuda,SLTM:K562
BCLAF1,HepG2,chr14:21368447:G:C,0,2,-0.6488876342773438,modal,cuda,SLTM:K562
BCLAF1,HepG2,chr14:21401392:A:G,0,2,0.5968554019927979,modal,cuda,SLTM:K562
BCLAF1,HepG2,chr14:21412897:T:C,0,2,-2.1956558227539062,modal,cuda,SLTM:K562
BCLAF1,HepG2,chr14:22927601:G:A,0,2,0.7242974638938904,modal,cuda,SLTM:K562
BCLAF1,HepG2,chr14:30650657:C:T,0,2,0.5265474319458008,modal,cuda,SLTM:K562
BCLAF1,HepG2,chr14:30880739:C:T,0,2,0.8619565367698669,modal,cuda,SLTM:K562
BCLAF1,HepG2,chr14:31599348:G:A,1,2,1.071744680404663,modal,cuda,SLTM:K562
BCLAF1,HepG2,chr14:34516452:C:T,0,2,0.3376331329345703,modal,cuda,SLTM:K562
BCLAF1,HepG2,chr14:35008705:A:C,0,2,0.824110746383667,modal,cuda,SLTM:K562
BCLAF1,HepG2,chr14:35008759:C:T,0,2,0.4504432678222656,modal,cuda,SLTM:K562
BCLAF1,HepG2,chr14:35109915:A:G,1,2,-2.826076030731201,modal,cuda,SLTM:K562
BCLAF1,HepG2,chr14:35775609:C:A,0,2,1.2006248235702515,modal,cuda,SLTM:K562
BCLAF1,HepG2,chr14:39151732:C:T,0,2,-0.5957061648368835,modal,cuda,SLTM:K562
BCLAF1,HepG2,chr14:39176159:C:T,0,2,-0.9108444452285767,modal,cuda,SLTM:K562
BCLAF1,HepG2,chr14:39299939:A:G,0,2,-1.413517713546753,modal,cuda,SLTM:K562
BCLAF1,HepG2,chr14:45028290:C:T,1,2,3.1835317611694336,modal,cuda,SLTM:K562
BCLAF1,HepG2,chr14:49654140:C:T,0,2,1.2246119976043701,modal,cuda,SLTM:K562
BCLAF1,HepG2,chr14:49840873:T:C,0,2,-0.20393133163452148,modal,cuda,SLTM:K562
BCLAF1,HepG2,chr14:50294228:G:A,1,2,2.0302586555480957,modal,cuda,SLTM:K562
BCLAF1,HepG2,chr14:52658016:A:C,0,2,1.0219628810882568,modal,cuda,SLTM:K562
BCLAF1,HepG2,chr14:55628008:C:A,0,2,2.0317041873931885,modal,cuda,SLTM:K562
BCLAF1,HepG2,chr14:55629968:A:C,0,2,-1.8323264122009277,modal,cuda,SLTM:K562
BCLAF1,HepG2,chr14:55639190:C:T,0,2,1.5159680843353271,modal,cuda,SLTM:K562
BCLAF1,HepG2,chr14:55640948:G:C,0,2,1.0637884140014648,modal,cuda,SLTM:K562
BCLAF1,HepG2,chr14:55671640:C:T,0,2,0.9759000539779663,modal,cuda,SLTM:K562
BCLAF1,HepG2,chr14:55678416:T:C,0,2,-0.4131537079811096,modal,cuda,SLTM:K562
BCLAF1,HepG2,chr14:58252212:A:G,0,2,-0.5636448264122009,modal,cuda,SLTM:K562
BCLAF1,HepG2,chr14:58430732:T:C,0,2,-0.3854234218597412,modal,cuda,SLTM:K562
BCLAF1,HepG2,chr14:58459894:C:T,1,2,3.4378013610839844,modal,cuda,SLTM:K562
BCLAF1,HepG2,chr14:58459945:C:T,1,2,2.137688636779785,modal,cuda,SLTM:K562
BCLAF1,HepG2,chr14:58459990:C:T,1,2,3.1712474822998047,modal,cuda,SLTM:K562
BCLAF1,HepG2,chr14:65102437:C:A,0,2,-0.2858014404773712,modal,cuda,SLTM:K562
BCLAF1,HepG2,chr14:67302402:A:T,0,2,0.4934265613555908,modal,cuda,SLTM:K562
BCLAF1,HepG2,chr14:67825470:T:C,0,2,3.591602325439453,modal,cuda,SLTM:K562
BCLAF1,HepG2,chr14:74286404:C:G,0,2,-0.4028691351413727,modal,cuda,SLTM:K562
BCLAF1,HepG2,chr14:74286409:C:T,0,2,0.4139702320098877,modal,cuda,SLTM:K562
BCLAF1,HepG2,chr14:74286438:C:T,0,2,0.6281481981277466,modal,cuda,SLTM:K562
BCLAF1,HepG2,chr14:74894391:T:A,0,2,-0.38793516159057617,modal,cuda,SLTM:K562
BCLAF1,HepG2,chr14:75032203:T:C,0,2,-1.6661722660064697,modal,cuda,SLTM:K562
BCLAF1,HepG2,chr14:75124143:A:T,0,2,0.3656224310398102,modal,cuda,SLTM:K562
BCLAF1,HepG2,chr14:75124179:C:G,0,2,0.6852092742919922,modal,cuda,SLTM:K562
BCLAF1,HepG2,chr14:75124221:A:G,0,2,-1.618670105934143,modal,cuda,SLTM:K562
BCLAF1,HepG2,chr14:75719836:G:A,0,2,1.5579874515533447,modal,cuda,SLTM:K562
BCLAF1,HepG2,chr14:75745468:T:C,0,2,0.4632776081562042,modal,cuda,SLTM:K562
BCLAF1,HepG2,chr14:75776861:T:A,0,2,0.3830820918083191,modal,cuda,SLTM:K562
BCLAF1,HepG2,chr14:75779563:T:C,0,2,-0.5501217842102051,modal,cuda,SLTM:K562
BCLAF1,HepG2,chr14:81526729:C:T,0,2,0.958564817905426,modal,cuda,SLTM:K562
BCLAF1,HepG2,chr14:88575836:T:G,0,2,-0.6409742832183838,modal,cuda,SLTM:K562
BCLAF1,HepG2,chr14:88870170:C:T,1,2,0.581047534942627,modal,cuda,SLTM:K562
BCLAF1,HepG2,chr14:89989101:G:A,0,2,2.7126824855804443,modal,cuda,SLTM:K562
BCLAF1,HepG2,chr14:91475932:G:A,0,2,0.33387207984924316,modal,cuda,SLTM:K562
BCLAF1,HepG2,chr14:92007634:T:C,0,2,-0.6572324633598328,modal,cuda,SLTM:K562
BCLAF1,HepG2,chr14:92014598:A:C,0,2,0.4750785827636719,modal,cuda,SLTM:K562
BCLAF1,HepG2,chr14:92039746:G:A,0,2,0.2320268154144287,modal,cuda,SLTM:K562
BCLAF1,HepG2,chr14:95091236:G:A,1,2,2.066559314727783,modal,cuda,SLTM:K562
BCLAF1,HepG2,chr14:95091238:C:T,1,2,1.271423578262329,modal,cuda,SLTM:K562
BCLAF1,HepG2,chr14:95091253:G:T,1,2,4.243154048919678,modal,cuda,SLTM:K562
BCLAF1,HepG2,chr14:95091270:G:C,1,2,2.1097655296325684,modal,cuda,SLTM:K562
BCLAF1,HepG2,chr14:95091289:G:A,1,2,1.6364431381225586,modal,cuda,SLTM:K562
BCLAF1,HepG2,chr14:95091291:C:A,1,2,0.98985755443573,modal,cuda,SLTM:K562
BCLAF1,HepG2,chr14:95091291:C:G,1,2,0.7652875185012817,modal,cuda,SLTM:K562
BCLAF1,HepG2,chr14:95091291:C:T,1,2,0.4015035629272461,modal,cuda,SLTM:K562
BCLAF1,HepG2,chr14:95091292:T:A,1,2,1.9705173969268799,modal,cuda,SLTM:K562
BCLAF1,HepG2,chr14:95091300:A:G,0,2,-0.42197751998901367,modal,cuda,SLTM:K562
BCLAF1,HepG2,chr14:95091301:T:A,1,2,1.5793554782867432,modal,cuda,SLTM:K562
BCLAF1,HepG2,chr14:95091301:T:C,1,2,1.2477610111236572,modal,cuda,SLTM:K562
BCLAF1,HepG2,chr14:95091302:C:A,1,2,2.7660136222839355,modal,cuda,SLTM:K562
BCLAF1,HepG2,chr14:95091302:C:T,1,2,1.0251712799072266,modal,cuda,SLTM:K562
BCLAF1,HepG2,chr14:95091304:C:T,1,2,-0.6315469145774841,modal,cuda,SLTM:K562
BCLAF1,HepG2,chr14:95091305:C:A,1,2,1.0463265180587769,modal,cuda,SLTM:K562
BCLAF1,HepG2,chr14:95091305:C:T,1,2,0.4595378637313843,modal,cuda,SLTM:K562
BCLAF1,HepG2,chr14:95096581:G:A,1,2,1.4871129989624023,modal,cuda,SLTM:K562
BCLAF1,HepG2,chr14:95096605:C:A,1,2,2.1186766624450684,modal,cuda,SLTM:K562
BCLAF1,HepG2,chr14:95096633:C:T,1,2,0.5555685758590698,modal,cuda,SLTM:K562
BCLAF1,HepG2,chr14:95099767:C:A,0,2,0.19170713424682617,modal,cuda,SLTM:K562
BCLAF1,HepG2,chr14:95099804:T:C,0,2,-0.5061538219451904,modal,cuda,SLTM:K562
BCLAF1,HepG2,chr14:95099815:T:A,1,2,1.2030463218688965,modal,cuda,SLTM:K562
BCLAF1,HepG2,chr14:95103696:C:A,1,2,5.8048295974731445,modal,cuda,SLTM:K562
BCLAF1,HepG2,chr14:95105699:C:T,1,2,1.4942359924316406,modal,cuda,SLTM:K562
BCLAF1,HepG2,chr14:95105716:T:A,1,2,1.7141309976577759,modal,cuda,SLTM:K562
BCLAF1,HepG2,chr14:95105784:C:A,1,2,-1.2046703100204468,modal,cuda,SLTM:K562
BCLAF1,HepG2,chr14:95107673:C:T,0,2,0.6650550365447998,modal,cuda,SLTM:K562
BCLAF1,HepG2,chr14:95107682:G:T,0,2,-0.5623428821563721,modal,cuda,SLTM:K562
BCLAF1,HepG2,chr14:95108456:A:T,1,2,2.557689666748047,modal,cuda,SLTM:K562
BCLAF1,HepG2,chr14:95115661:C:T,0,2,-0.5574852228164673,modal,cuda,SLTM:K562
BCLAF1,HepG2,chr14:95115708:A:T,0,2,-1.083722472190857,modal,cuda,SLTM:K562
BCLAF1,HepG2,chr14:95116458:C:A,1,2,-1.049567699432373,modal,cuda,SLTM:K562
BCLAF1,HepG2,chr14:95116517:A:C,1,2,-0.9941301345825195,modal,cuda,SLTM:K562
BCLAF1,HepG2,chr14:95116612:G:T,1,2,2.6007919311523438,modal,cuda,SLTM:K562
BCLAF1,HepG2,chr14:95116671:C:A,1,2,1.5756652355194092,modal,cuda,SLTM:K562
BCLAF1,HepG2,chr14:95124308:C:A,1,2,-0.8918170928955078,modal,cuda,SLTM:K562
BCLAF1,HepG2,chr14:95124345:A:C,1,2,0.6197465658187866,modal,cuda,SLTM:K562
BCLAF1,HepG2,chr14:95124510:T:C,0,2,-0.8238520622253418,modal,cuda,SLTM:K562
BCLAF1,HepG2,chr14:95124566:C:A,1,2,2.2162327766418457,modal,cuda,SLTM:K562
BCLAF1,HepG2,chr14:95124644:A:G,0,2,-0.9348374605178833,modal,cuda,SLTM:K562
BCLAF1,HepG2,chr14:95126696:T:A,1,2,1.7060978412628174,modal,cuda,SLTM:K562
BCLAF1,HepG2,chr14:95129515:T:A,1,2,1.6340551376342773,modal,cuda,SLTM:K562
BCLAF1,HepG2,chr14:95130190:A:T,0,2,-1.38199782371521,modal,cuda,SLTM:K562
BCLAF1,HepG2,chr14:96303043:G:A,0,2,1.2400178909301758,modal,cuda,SLTM:K562
BCLAF1,HepG2,chr14:96531537:T:C,0,2,-1.9556840658187866,modal,cuda,SLTM:K562
BCLAF1,HepG2,chr15:22943270:G:A,0,1,-0.3037540316581726,modal,cuda,SLTM:K562
BCLAF1,HepG2,chr15:24976416:T:C,0,1,-0.8720307350158691,modal,cuda,SLTM:K562
BCLAF1,HepG2,chr15:24977017:A:T,0,1,0.6715567111968994,modal,cuda,SLTM:K562
BCLAF1,HepG2,chr15:25339138:T:A,1,1,0.37415409088134766,modal,cuda,SLTM:K562
BCLAF1,HepG2,chr15:25339138:T:C,0,1,-0.17816376686096191,modal,cuda,SLTM:K562
BCLAF1,HepG2,chr15:25339207:G:C,1,1,0.680769681930542,modal,cuda,SLTM:K562
BCLAF1,HepG2,chr15:25339211:A:G,1,1,-0.8225389719009399,modal,cuda,SLTM:K562
BCLAF1,HepG2,chr15:25339222:A:T,1,1,-0.3675755262374878,modal,cuda,SLTM:K562
BCLAF1,HepG2,chr15:25354402:C:A,1,1,1.6508235931396484,modal,cuda,SLTM:K562
BCLAF1,HepG2,chr15:25354414:G:A,1,1,-1.2102394104003906,modal,cuda,SLTM:K562
BCLAF1,HepG2,chr15:25354536:C:T,1,1,-0.3244040012359619,modal,cuda,SLTM:K562
BCLAF1,HepG2,chr15:25354571:A:T,1,1,-0.38252949714660645,modal,cuda,SLTM:K562
BCLAF1,HepG2,chr15:25354679:A:C,1,1,-1.1384577751159668,modal,cuda,SLTM:K562
BCLAF1,HepG2,chr15:25355920:T:G,0,1,-0.5683107376098633,modal,cuda,SLTM:K562
BCLAF1,HepG2,chr15:25355984:G:A,1,1,0.282773494720459,modal,cuda,SLTM:K562
BCLAF1,HepG2,chr15:25355989:G:A,1,1,-0.31918907165527344,modal,cuda,SLTM:K562
BCLAF1,HepG2,chr15:25356840:C:G,1,1,0.6315290927886963,modal,cuda,SLTM:K562
BCLAF1,HepG2,chr15:25356859:C:T,1,1,-0.27347540855407715,modal,cuda,SLTM:K562
BCLAF1,HepG2,chr15:25356860:C:T,1,1,-0.12425994873046875,modal,cuda,SLTM:K562
BCLAF1,HepG2,chr15:25356877:T:C,0,1,0.49389195442199707,modal,cuda,SLTM:K562
BCLAF1,HepG2,chr15:25356883:G:A,0,1,1.068495273590088,modal,cuda,SLTM:K562
BCLAF1,HepG2,chr15:25356883:G:C,1,1,1.2108840942382812,modal,cuda,SLTM:K562
BCLAF1,HepG2,chr15:25360477:A:T,1,1,1.4812480211257935,modal,cuda,SLTM:K562
BCLAF1,HepG2,chr15:25360509:C:A,1,1,1.2721433639526367,modal,cuda,SLTM:K562
BCLAF1,HepG2,chr15:25370770:T:C,0,1,-0.812751054763794,modal,cuda,SLTM:K562
BCLAF1,HepG2,chr15:25370829:C:A,1,1,0.5318127870559692,modal,cuda,SLTM:K562
BCLAF1,HepG2,chr15:25370836:A:G,0,1,-0.1959853172302246,modal,cuda,SLTM:K562
BCLAF1,HepG2,chr15:25370844:C:A,1,1,0.5675156116485596,modal,cuda,SLTM:K562
BCLAF1,HepG2,chr15:25370865:G:A,1,1,1.4511449337005615,modal,cuda,SLTM:K562
BCLAF1,HepG2,chr15:25370905:G:A,0,1,-0.6805205345153809,modal,cuda,SLTM:K562
BCLAF1,HepG2,chr15:25370913:G:A,1,1,1.4754266738891602,modal,cuda,SLTM:K562
BCLAF1,HepG2,chr15:25370937:C:A,1,1,-1.255149245262146,modal,cuda,SLTM:K562
BCLAF1,HepG2,chr15:25370955:G:A,1,1,0.7310268878936768,modal,cuda,SLTM:K562
BCLAF1,HepG2,chr15:25370967:C:A,1,1,1.675633192062378,modal,cuda,SLTM:K562
BCLAF1,HepG2,chr15:25370989:T:C,0,1,-0.5760478973388672,modal,cuda,SLTM:K562
BCLAF1,HepG2,chr15:25371000:C:A,1,1,-1.0029213428497314,modal,cuda,SLTM:K562
BCLAF1,HepG2,chr15:25371005:T:C,0,1,-0.3873530626296997,modal,cuda,SLTM:K562
BCLAF1,HepG2,chr15:25371024:C:A,1,1,2.177518844604492,modal,cuda,SLTM:K562
BCLAF1,HepG2,chr15:25371043:A:T,1,1,0.8714933395385742,modal,cuda,SLTM:K562
BCLAF1,HepG2,chr15:25371214:T:C,0,1,0.27611470222473145,modal,cuda,SLTM:K562
BCLAF1,HepG2,chr15:25371238:C:T,0,1,-0.49245762825012207,modal,cuda,SLTM:K562
BCLAF1,HepG2,chr15:25371348:G:A,1,1,1.4623843431472778,modal,cuda,SLTM:K562
BCLAF1,HepG2,chr15:25371359:T:C,0,1,-0.6663825511932373,modal,cuda,SLTM:K562
BCLAF1,HepG2,chr15:25371364:A:T,1,1,-1.2283918857574463,modal,cuda,SLTM:K562
BCLAF1,HepG2,chr15:25371395:A:T,1,1,0.8209376335144043,modal,cuda,SLTM:K562
BCLAF1,HepG2,chr15:25371397:A:T,1,1,-0.41425418853759766,modal,cuda,SLTM:K562
BCLAF1,HepG2,chr15:25371404:A:G,1,1,-0.6061360836029053,modal,cuda,SLTM:K562
BCLAF1,HepG2,chr15:25371426:C:A,1,1,0.5553972721099854,modal,cuda,SLTM:K562
BCLAF1,HepG2,chr15:25371548:G:C,1,1,-1.1417160034179688,modal,cuda,SLTM:K562
BCLAF1,HepG2,chr15:25371556:T:A,0,1,0.9540903568267822,modal,cuda,SLTM:K562
BCLAF1,HepG2,chr15:25371639:G:A,1,1,-0.5731066465377808,modal,cuda,SLTM:K562
BCLAF1,HepG2,chr15:25371697:T:A,0,1,0.7616463899612427,modal,cuda,SLTM:K562
BCLAF1,HepG2,chr15:28198512:G:T,0,1,-0.24463891983032227,modal,cuda,SLTM:K562
BCLAF1,HepG2,chr15:29732824:G:C,0,1,-0.3663938045501709,modal,cuda,SLTM:K562
BCLAF1,HepG2,chr15:39943372:G:T,0,1,-0.16135573387145996,modal,cuda,SLTM:K562
BCLAF1,HepG2,chr15:39972904:C:A,1,1,1.804569125175476,modal,cuda,SLTM:K562
BCLAF1,HepG2,chr15:40199751:A:G,0,1,-0.7438116073608398,modal,cuda,SLTM:K562
BCLAF1,HepG2,chr15:40411601:C:T,0,1,0.1643683910369873,modal,cuda,SLTM:K562
BCLAF1,HepG2,chr15:41749552:A:G,0,1,-0.5158889293670654,modal,cuda,SLTM:K562
BCLAF1,HepG2,chr15:42444880:C:T,0,1,0.32945290207862854,modal,cuda,SLTM:K562
BCLAF1,HepG2,chr15:42665334:T:G,0,1,0.8637790679931641,modal,cuda,SLTM:K562
BCLAF1,HepG2,chr15:43047301:A:T,0,1,0.7624873518943787,modal,cuda,SLTM:K562
BCLAF1,HepG2,chr15:43059686:C:T,0,1,0.14042186737060547,modal,cuda,SLTM:K562
BCLAF1,HepG2,chr15:43070776:G:A,0,1,0.5514461994171143,modal,cuda,SLTM:K562
BCLAF1,HepG2,chr15:44337899:A:C,0,1,0.19714832305908203,modal,cuda,SLTM:K562
BCLAF1,HepG2,chr15:48767476:C:T,0,1,2.3391199111938477,modal,cuda,SLTM:K562
BCLAF1,HepG2,chr15:50439016:G:C,0,1,0.5433574914932251,modal,cuda,SLTM:K562
BCLAF1,HepG2,chr15:50439193:C:T,0,1,1.1005778312683105,modal,cuda,SLTM:K562
BCLAF1,HepG2,chr15:50449392:A:C,0,1,0.40485405921936035,modal,cuda,SLTM:K562
BCLAF1,HepG2,chr15:50574314:G:A,0,1,0.5146584510803223,modal,cuda,SLTM:K562
BCLAF1,HepG2,chr15:50574885:G:A,0,1,0.45171475410461426,modal,cuda,SLTM:K562
BCLAF1,HepG2,chr15:50574892:C:T,0,1,-0.2763514518737793,modal,cuda,SLTM:K562
BCLAF1,HepG2,chr15:50599148:C:T,1,1,0.5204789638519287,modal,cuda,SLTM:K562
BCLAF1,HepG2,chr15:50604917:A:G,0,1,-0.5328145027160645,modal,cuda,SLTM:K562
BCLAF1,HepG2,chr15:50632866:T:C,0,1,-0.5561093091964722,modal,cuda,SLTM:K562
BCLAF1,HepG2,chr15:50639403:A:C,0,1,0.6122431755065918,modal,cuda,SLTM:K562
BCLAF1,HepG2,chr15:50648785:T:C,0,1,-0.4122273921966553,modal,cuda,SLTM:K562
BCLAF1,HepG2,chr15:50722112:A:G,0,1,0.16078567504882812,modal,cuda,SLTM:K562
BCLAF1,HepG2,chr15:50748096:T:C,0,1,-0.7158036231994629,modal,cuda,SLTM:K562
BCLAF1,HepG2,chr15:50912167:G:A,0,1,-0.208030104637146,modal,cuda,SLTM:K562
BCLAF1,HepG2,chr15:51486215:T:A,0,1,0.47803187370300293,modal,cuda,SLTM:K562
BCLAF1,HepG2,chr15:51486261:G:C,1,1,-0.720055103302002,modal,cuda,SLTM:K562
BCLAF1,HepG2,chr15:51491623:T:C,0,1,-0.5057425498962402,modal,cuda,SLTM:K562
BCLAF1,HepG2,chr15:51507169:C:T,1,1,-1.5426487922668457,modal,cuda,SLTM:K562
BCLAF1,HepG2,chr15:55834113:C:T,0,1,0.27591681480407715,modal,cuda,SLTM:K562
BCLAF1,HepG2,chr15:56921085:A:G,0,1,0.5484912395477295,modal,cuda,SLTM:K562
BCLAF1,HepG2,chr15:57091863:A:G,0,1,-1.0644088983535767,modal,cuda,SLTM:K562
BCLAF1,HepG2,chr15:57166423:C:A,1,1,1.3616191148757935,modal,cuda,SLTM:K562
BCLAF1,HepG2,chr15:57192224:G:T,1,1,1.4311023950576782,modal,cuda,SLTM:K562
BCLAF1,HepG2,chr15:58621444:T:A,0,1,0.938809871673584,modal,cuda,SLTM:K562
BCLAF1,HepG2,chr15:58621464:A:G,0,1,-1.7057147026062012,modal,cuda,SLTM:K562
BCLAF1,HepG2,chr15:58633367:A:G,0,1,-0.4876762628555298,modal,cuda,SLTM:K562
BCLAF1,HepG2,chr15:60442498:A:G,0,1,-1.0080387592315674,modal,cuda,SLTM:K562
BCLAF1,HepG2,chr15:60455347:T:A,0,1,-0.2996680736541748,modal,cuda,SLTM:K562
BCLAF1,HepG2,chr15:60466693:G:A,0,1,0.8998646140098572,modal,cuda,SLTM:K562
BCLAF1,HepG2,chr15:61920052:A:C,0,1,-0.4218788146972656,modal,cuda,SLTM:K562
BCLAF1,HepG2,chr15:61920666:C:T,0,1,0.22266745567321777,modal,cuda,SLTM:K562
BCLAF1,HepG2,chr15:61929480:T:C,0,1,-0.6034186482429504,modal,cuda,SLTM:K562
BCLAF1,HepG2,chr15:61945694:A:C,0,1,0.5738964080810547,modal,cuda,SLTM:K562
BCLAF1,HepG2,chr15:61951990:G:A,0,1,0.695253849029541,modal,cuda,SLTM:K562
BCLAF1,HepG2,chr15:62013021:A:G,0,1,-0.4610331058502197,modal,cuda,SLTM:K562
BCLAF1,HepG2,chr15:62020472:A:G,0,1,-0.5569311380386353,modal,cuda,SLTM:K562
BCLAF1,HepG2,chr15:63060873:C:T,1,1,0.3274364769458771,modal,cuda,SLTM:K562
BCLAF1,HepG2,chr15:63060929:C:T,1,1,-0.819219172000885,modal,cuda,SLTM:K562
BCLAF1,HepG2,chr15:63061252:A:G,0,1,-0.9129055738449097,modal,cuda,SLTM:K562
BCLAF1,HepG2,chr15:63588415:C:T,0,1,-0.4653463363647461,modal,cuda,SLTM:K562
BCLAF1,HepG2,chr15:63659945:T:C,0,1,0.796100378036499,modal,cuda,SLTM:K562
BCLAF1,HepG2,chr15:65154950:A:G,0,1,-0.5499376058578491,modal,cuda,SLTM:K562
BCLAF1,HepG2,chr15:65154995:C:T,0,1,0.451669305562973,modal,cuda,SLTM:K562
BCLAF1,HepG2,chr15:65157816:G:A,0,1,0.5776370763778687,modal,cuda,SLTM:K562
BCLAF1,HepG2,chr15:68142041:G:C,0,1,2.285400390625,modal,cuda,SLTM:K562
BCLAF1,HepG2,chr15:68787929:G:C,0,1,-0.8554201126098633,modal,cuda,SLTM:K562
BCLAF1,HepG2,chr15:69423149:C:T,0,1,0.4549596309661865,modal,cuda,SLTM:K562
BCLAF1,HepG2,chr15:69436191:A:C,0,1,-0.6112126111984253,modal,cuda,SLTM:K562
BCLAF1,HepG2,chr15:69436610:A:G,0,1,-1.8672364950180054,modal,cuda,SLTM:K562
BCLAF1,HepG2,chr15:71935496:A:G,0,1,-0.8303334712982178,modal,cuda,SLTM:K562
BCLAF1,HepG2,chr15:72346235:C:T,1,1,-0.5893732309341431,modal,cuda,SLTM:K562
BCLAF1,HepG2,chr15:72346271:T:A,1,1,1.1907204389572144,modal,cuda,SLTM:K562
BCLAF1,HepG2,chr15:72346278:A:G,1,1,-0.6158736944198608,modal,cuda,SLTM:K562
BCLAF1,HepG2,chr15:72563514:T:C,0,1,0.3745403289794922,modal,cuda,SLTM:K562
BCLAF1,HepG2,chr15:72572174:A:G,0,1,0.27320218086242676,modal,cuda,SLTM:K562
BCLAF1,HepG2,chr15:72735903:T:G,1,1,0.4874788522720337,modal,cuda,SLTM:K562
BCLAF1,HepG2,chr15:75394673:C:A,0,1,1.5280344486236572,modal,cuda,SLTM:K562
BCLAF1,HepG2,chr15:75394873:C:A,0,1,1.0025758743286133,modal,cuda,SLTM:K562
BCLAF1,HepG2,chr15:76231279:C:A,0,1,-0.6402580738067627,modal,cuda,SLTM:K562
BCLAF1,HepG2,chr15:76702873:G:A,1,1,-0.8602375984191895,modal,cuda,SLTM:K562
BCLAF1,HepG2,chr15:76705971:G:A,1,1,1.0065274238586426,modal,cuda,SLTM:K562
BCLAF1,HepG2,chr15:76795444:T:C,0,1,-0.5745478868484497,modal,cuda,SLTM:K562
BCLAF1,HepG2,chr15:76841797:A:C,0,1,-0.5424761176109314,modal,cuda,SLTM:K562
BCLAF1,HepG2,chr15:76841903:G:A,0,1,1.8116549253463745,modal,cuda,SLTM:K562
BCLAF1,HepG2,chr15:78466335:C:G,0,1,0.4998529255390167,modal,cuda,SLTM:K562
BCLAF1,HepG2,chr15:80979351:G:A,0,1,1.5590029954910278,modal,cuda,SLTM:K562
BCLAF1,HepG2,chr15:80979368:C:A,1,1,0.42073243856430054,modal,cuda,SLTM:K562
BCLAF1,HepG2,chr15:89263479:C:T,0,1,-0.0986640453338623,modal,cuda,SLTM:K562
BCLAF1,HepG2,chr15:92927222:G:A,0,1,0.4508858919143677,modal,cuda,SLTM:K562
BCLAF1,HepG2,chr15:92937638:C:T,0,1,-0.5832358598709106,modal,cuda,SLTM:K562
BCLAF1,HepG2,chr15:92939554:C:T,0,1,-0.214202880859375,modal,cuda,SLTM:K562
BCLAF1,HepG2,chr15:92953350:T:C,0,1,-0.18055033683776855,modal,cuda,SLTM:K562
BCLAF1,HepG2,chr15:92972255:A:G,0,1,-0.5563149452209473,modal,cuda,SLTM:K562
BCLAF1,HepG2,chr15:92972440:T:C,0,1,-0.48651769757270813,modal,cuda,SLTM:K562
BCLAF1,HepG2,chr15:92979294:G:A,0,1,0.6127145290374756,modal,cuda,SLTM:K562
BCLAF1,HepG2,chr15:92985689:G:A,0,1,0.9824668169021606,modal,cuda,SLTM:K562
BCLAF1,HepG2,chr15:92998475:G:A,0,1,0.24193096160888672,modal,cuda,SLTM:K562
BCLAF1,HepG2,chr15:98913024:T:C,0,1,-1.6792044639587402,modal,cuda,SLTM:K562
BCLAF1,HepG2,chr15:98913035:G:A,0,1,0.6633594036102295,modal,cuda,SLTM:K562
BCLAF1,HepG2,chr15:99675391:G:A,0,1,1.1613463163375854,modal,cuda,SLTM:K562
BCLAF1,HepG2,chr16:119118:A:C,0,2,0.1593947410583496,modal,cuda,SLTM:K562
BCLAF1,HepG2,chr16:119125:C:A,1,2,0.7087056636810303,modal,cuda,SLTM:K562
BCLAF1,HepG2,chr16:119128:G:A,1,2,0.6860661506652832,modal,cuda,SLTM:K562
BCLAF1,HepG2,chr16:119200:G:A,1,2,1.6853604316711426,modal,cuda,SLTM:K562
BCLAF1,HepG2,chr16:119250:G:C,1,2,-0.25379037857055664,modal,cuda,SLTM:K562
BCLAF1,HepG2,chr16:119256:C:T,1,2,1.0835814476013184,modal,cuda,SLTM:K562
BCLAF1,HepG2,chr16:119257:T:A,1,2,-1.1605939865112305,modal,cuda,SLTM:K562
BCLAF1,HepG2,chr16:14599898:A:G,0,2,-2.3221917152404785,modal,cuda,SLTM:K562
BCLAF1,HepG2,chr16:14628177:T:A,1,2,4.021326541900635,modal,cuda,SLTM:K562
BCLAF1,HepG2,chr16:14629645:G:A,1,2,3.115433692932129,modal,cuda,SLTM:K562
BCLAF1,HepG2,chr16:1607283:C:G,0,2,-0.8747926950454712,modal,cuda,SLTM:K562
BCLAF1,HepG2,chr16:16173393:G:C,1,2,-2.2712016105651855,modal,cuda,SLTM:K562
BCLAF1,HepG2,chr16:16182484:T:A,0,2,-1.1682236194610596,modal,cuda,SLTM:K562
BCLAF1,HepG2,chr16:16182488:C:T,0,2,0.7161380648612976,modal,cuda,SLTM:K562
BCLAF1,HepG2,chr16:16182497:C:T,1,2,-0.6344233751296997,modal,cuda,SLTM:K562
BCLAF1,HepG2,chr16:16182506:T:C,1,2,0.7914230823516846,modal,cuda,SLTM:K562
BCLAF1,HepG2,chr16:16182520:G:A,0,2,1.7331820726394653,modal,cuda,SLTM:K562
BCLAF1,HepG2,chr16:16182534:C:A,1,2,-2.1806766986846924,modal,cuda,SLTM:K562
BCLAF1,HepG2,chr16:21976160:G:C,0,2,0.50022292137146,modal,cuda,SLTM:K562
BCLAF1,HepG2,chr16:22317165:C:T,0,2,-0.24783435463905334,modal,cuda,SLTM:K562
BCLAF1,HepG2,chr16:23532740:C:T,0,2,0.44781339168548584,modal,cuda,SLTM:K562
BCLAF1,HepG2,chr16:23630366:T:C,0,2,-0.6845651865005493,modal,cuda,SLTM:K562
BCLAF1,HepG2,chr16:23630372:C:T,0,2,-1.2049421072006226,modal,cuda,SLTM:K562
BCLAF1,HepG2,chr16:23630405:C:T,0,2,-1.2619655132293701,modal,cuda,SLTM:K562
BCLAF1,HepG2,chr16:23630414:A:C,1,2,3.3552684783935547,modal,cuda,SLTM:K562
BCLAF1,HepG2,chr16:23630417:A:T,0,2,0.9062023162841797,modal,cuda,SLTM:K562
BCLAF1,HepG2,chr16:23634886:C:A,1,2,3.8441176414489746,modal,cuda,SLTM:K562
BCLAF1,HepG2,chr16:23634892:G:A,1,2,4.148239612579346,modal,cuda,SLTM:K562
BCLAF1,HepG2,chr16:23634914:T:C,0,2,-0.7199764251708984,modal,cuda,SLTM:K562
BCLAF1,HepG2,chr16:23634954:A:T,1,2,3.666321277618408,modal,cuda,SLTM:K562
BCLAF1,HepG2,chr16:23634964:C:A,1,2,-0.8807367086410522,modal,cuda,SLTM:K562
BCLAF1,HepG2,chr16:23636027:C:G,0,2,1.699170470237732,modal,cuda,SLTM:K562
BCLAF1,HepG2,chr16:23636057:G:A,0,2,0.6724162101745605,modal,cuda,SLTM:K562
BCLAF1,HepG2,chr16:23636076:G:T,1,2,5.275325775146484,modal,cuda,SLTM:K562
BCLAF1,HepG2,chr16:23636084:T:G,0,2,-2.6711201667785645,modal,cuda,SLTM:K562
BCLAF1,HepG2,chr16:23636104:T:A,1,2,2.4829421043395996,modal,cuda,SLTM:K562
BCLAF1,HepG2,chr16:23636134:C:A,1,2,4.076264381408691,modal,cuda,SLTM:K562
BCLAF1,HepG2,chr16:23636180:A:G,0,2,-0.7785086035728455,modal,cuda,SLTM:K562
BCLAF1,HepG2,chr16:23636189:T:C,0,2,-1.108684778213501,modal,cuda,SLTM:K562
BCLAF1,HepG2,chr16:23636191:G:A,1,2,3.3738598823547363,modal,cuda,SLTM:K562
BCLAF1,HepG2,chr16:23637862:G:A,0,2,0.4018954038619995,modal,cuda,SLTM:K562
BCLAF1,HepG2,chr16:23637869:T:G,0,2,0.9189758896827698,modal,cuda,SLTM:K562
BCLAF1,HepG2,chr16:23637870:G:T,1,2,4.246588230133057,modal,cuda,SLTM:K562
BCLAF1,HepG2,chr16:23637896:T:C,0,2,-0.8180745840072632,modal,cuda,SLTM:K562
BCLAF1,HepG2,chr16:23637901:C:A,1,2,4.284473419189453,modal,cuda,SLTM:K562
BCLAF1,HepG2,chr16:23637914:C:T,0,2,1.7596843242645264,modal,cuda,SLTM:K562
BCLAF1,HepG2,chr16:24806293:G:A,0,2,-0.6348347663879395,modal,cuda,SLTM:K562
BCLAF1,HepG2,chr16:29803433:T:C,0,2,-1.9089490175247192,modal,cuda,SLTM:K562
BCLAF1,HepG2,chr16:29803442:C:G,0,2,-1.6301988363265991,modal,cuda,SLTM:K562
BCLAF1,HepG2,chr16:29978788:C:T,0,2,2.0005791187286377,modal,cuda,SLTM:K562
BCLAF1,HepG2,chr16:30716288:C:T,0,2,1.2357531785964966,modal,cuda,SLTM:K562
BCLAF1,HepG2,chr16:31191052:C:T,1,2,-0.43679237365722656,modal,cuda,SLTM:K562
BCLAF1,HepG2,chr16:31191109:A:G,1,2,-1.1569236516952515,modal,cuda,SLTM:K562
BCLAF1,HepG2,chr16:31191399:G:T,1,2,-0.7101414203643799,modal,cuda,SLTM:K562
BCLAF1,HepG2,chr16:31191408:C:G,1,2,0.5016789436340332,modal,cuda,SLTM:K562
BCLAF1,HepG2,chr16:31191410:G:A,1,2,-0.4293060302734375,modal,cuda,SLTM:K562
BCLAF1,HepG2,chr16:31191412:C:T,1,2,-0.46050262451171875,modal,cuda,SLTM:K562
BCLAF1,HepG2,chr16:31191418:C:A,1,2,1.1587202548980713,modal,cuda,SLTM:K562
BCLAF1,HepG2,chr16:31191418:C:G,1,2,1.1797086000442505,modal,cuda,SLTM:K562
BCLAF1,HepG2,chr16:31191418:C:T,1,2,0.878921627998352,modal,cuda,SLTM:K562
BCLAF1,HepG2,chr16:31191419:G:A,1,2,1.3352110385894775,modal,cuda,SLTM:K562
BCLAF1,HepG2,chr16:31191429:G:C,1,2,-0.8363524079322815,modal,cuda,SLTM:K562
BCLAF1,HepG2,chr16:31191430:C:A,1,2,0.5790743827819824,modal,cuda,SLTM:K562
BCLAF1,HepG2,chr16:31191431:C:T,1,2,1.0823960304260254,modal,cuda,SLTM:K562
BCLAF1,HepG2,chr16:31191434:A:G,1,2,-0.897625207901001,modal,cuda,SLTM:K562
BCLAF1,HepG2,chr16:46697501:T:C,0,2,-1.1865876913070679,modal,cuda,SLTM:K562
BCLAF1,HepG2,chr16:46697521:A:C,1,2,1.1954998970031738,modal,cuda,SLTM:K562
BCLAF1,HepG2,chr16:47587650:T:C,0,2,0.9213557243347168,modal,cuda,SLTM:K562
BCLAF1,HepG2,chr16:47587662:G:C,0,2,0.7804458737373352,modal,cuda,SLTM:K562
BCLAF1,HepG2,chr16:47596544:G:T,0,2,1.4617081880569458,modal,cuda,SLTM:K562
BCLAF1,HepG2,chr16:50102409:G:C,0,2,1.8714951276779175,modal,cuda,SLTM:K562
BCLAF1,HepG2,chr16:53934119:G:C,0,2,0.8497624397277832,modal,cuda,SLTM:K562
BCLAF1,HepG2,chr16:56498550:G:A,1,2,1.989060640335083,modal,cuda,SLTM:K562
BCLAF1,HepG2,chr16:56505962:C:T,1,2,1.8187508583068848,modal,cuda,SLTM:K562
BCLAF1,HepG2,chr16:56505979:C:A,1,2,1.8038043975830078,modal,cuda,SLTM:K562
BCLAF1,HepG2,chr16:56506137:G:A,1,2,4.458437442779541,modal,cuda,SLTM:K562
BCLAF1,HepG2,chr16:56506150:A:C,1,2,4.019195079803467,modal,cuda,SLTM:K562
BCLAF1,HepG2,chr16:56506191:G:A,1,2,4.4269232749938965,modal,cuda,SLTM:K562
BCLAF1,HepG2,chr16:56509945:G:T,0,2,-0.6345539093017578,modal,cuda,SLTM:K562
BCLAF1,HepG2,chr16:56510004:G:A,1,2,2.0453460216522217,modal,cuda,SLTM:K562
BCLAF1,HepG2,chr16:58542223:A:G,0,2,0.8479528427124023,modal,cuda,SLTM:K562
BCLAF1,HepG2,chr16:58542479:C:T,0,2,0.3405858874320984,modal,cuda,SLTM:K562
BCLAF1,HepG2,chr16:58547643:C:A,1,2,1.118058443069458,modal,cuda,SLTM:K562
BCLAF1,HepG2,chr16:58549799:G:A,0,2,1.7712349891662598,modal,cuda,SLTM:K562
BCLAF1,HepG2,chr16:58551122:G:C,0,2,-0.8329734802246094,modal,cuda,SLTM:K562
BCLAF1,HepG2,chr16:58553768:C:T,0,2,0.33576250076293945,modal,cuda,SLTM:K562
BCLAF1,HepG2,chr16:58553775:C:T,0,2,-0.21445846557617188,modal,cuda,SLTM:K562
BCLAF1,HepG2,chr16:58553833:C:T,0,2,0.32712888717651367,modal,cuda,SLTM:K562
BCLAF1,HepG2,chr16:58555444:G:A,1,2,1.6683239936828613,modal,cuda,SLTM:K562
BCLAF1,HepG2,chr16:58555529:T:C,0,2,0.6126482486724854,modal,cuda,SLTM:K562
BCLAF1,HepG2,chr16:58576454:T:G,0,2,-1.5002769231796265,modal,cuda,SLTM:K562
BCLAF1,HepG2,chr16:58580777:T:C,0,2,-1.1524200439453125,modal,cuda,SLTM:K562
BCLAF1,HepG2,chr16:58582911:A:G,0,2,1.3226277828216553,modal,cuda,SLTM:K562
BCLAF1,HepG2,chr16:58583080:T:C,0,2,0.9376592636108398,modal,cuda,SLTM:K562
BCLAF1,HepG2,chr16:58583093:C:T,0,2,-1.118249535560608,modal,cuda,SLTM:K562
BCLAF1,HepG2,chr16:58599241:G:A,1,2,1.074971318244934,modal,cuda,SLTM:K562
BCLAF1,HepG2,chr16:66536996:T:A,1,2,1.1195569038391113,modal,cuda,SLTM:K562
BCLAF1,HepG2,chr16:66541955:T:G,1,2,0.47451072931289673,modal,cuda,SLTM:K562
BCLAF1,HepG2,chr16:66541965:C:T,0,2,0.47382259368896484,modal,cuda,SLTM:K562
BCLAF1,HepG2,chr16:67611509:A:G,1,2,-0.43640565872192383,modal,cuda,SLTM:K562
BCLAF1,HepG2,chr16:67942776:G:A,0,2,1.0314934253692627,modal,cuda,SLTM:K562
BCLAF1,HepG2,chr16:67942789:G:T,0,2,0.8401157855987549,modal,cuda,SLTM:K562
BCLAF1,HepG2,chr16:68329187:C:T,0,2,1.5494459867477417,modal,cuda,SLTM:K562
BCLAF1,HepG2,chr16:68337544:T:A,1,2,-1.080955982208252,modal,cuda,SLTM:K562
BCLAF1,HepG2,chr16:68337580:C:T,0,2,1.114957332611084,modal,cuda,SLTM:K562
BCLAF1,HepG2,chr16:68347613:G:A,0,2,0.6198805570602417,modal,cuda,SLTM:K562
BCLAF1,HepG2,chr16:69647317:G:A,0,2,0.5108451843261719,modal,cuda,SLTM:K562
BCLAF1,HepG2,chr16:69647467:A:G,0,2,0.6314637660980225,modal,cuda,SLTM:K562
BCLAF1,HepG2,chr16:69647605:T:A,0,2,-0.6571784019470215,modal,cuda,SLTM:K562
BCLAF1,HepG2,chr16:69659711:T:A,0,2,-0.18941235542297363,modal,cuda,SLTM:K562
BCLAF1,HepG2,chr16:69659915:C:T,0,2,1.223026990890503,modal,cuda,SLTM:K562
BCLAF1,HepG2,chr16:69669960:C:A,0,2,-0.6179747581481934,modal,cuda,SLTM:K562
BCLAF1,HepG2,chr16:69690920:T:C,0,2,0.39916515350341797,modal,cuda,SLTM:K562
BCLAF1,HepG2,chr16:69690920:T:G,0,2,0.28460073471069336,modal,cuda,SLTM:K562
BCLAF1,HepG2,chr16:70500950:G:A,0,2,1.1462481021881104,modal,cuda,SLTM:K562
BCLAF1,HepG2,chr16:70509208:T:C,0,2,0.6507759094238281,modal,cuda,SLTM:K562
BCLAF1,HepG2,chr16:70510030:G:C,0,2,-1.6603927612304688,modal,cuda,SLTM:K562
BCLAF1,HepG2,chr16:70512280:C:A,1,2,1.235714077949524,modal,cuda,SLTM:K562
BCLAF1,HepG2,chr16:70514316:A:T,0,2,-0.9194790720939636,modal,cuda,SLTM:K562
BCLAF1,HepG2,chr16:70514394:G:A,0,2,-0.8941695690155029,modal,cuda,SLTM:K562
BCLAF1,HepG2,chr16:70784234:G:A,0,2,-0.32758834958076477,modal,cuda,SLTM:K562
BCLAF1,HepG2,chr16:72109515:G:A,0,2,-0.7840932607650757,modal,cuda,SLTM:K562
BCLAF1,HepG2,chr16:72958583:C:A,0,2,-1.074313998222351,modal,cuda,SLTM:K562
BCLAF1,HepG2,chr16:75656381:A:G,0,2,-0.3082791566848755,modal,cuda,SLTM:K562
BCLAF1,HepG2,chr16:78108411:G:T,0,2,0.29785361886024475,modal,cuda,SLTM:K562
BCLAF1,HepG2,chr16:78108442:C:T,1,2,-0.4984318017959595,modal,cuda,SLTM:K562
BCLAF1,HepG2,chr16:78108446:G:A,1,2,-1.2260425090789795,modal,cuda,SLTM:K562
BCLAF1,HepG2,chr16:78108447:G:A,1,2,-1.5350403785705566,modal,cuda,SLTM:K562
BCLAF1,HepG2,chr16:78108454:C:A,1,2,1.9055558443069458,modal,cuda,SLTM:K562
BCLAF1,HepG2,chr16:78108455:C:G,1,2,-2.2120327949523926,modal,cuda,SLTM:K562
BCLAF1,HepG2,chr16:78108475:C:T,1,2,1.6401689052581787,modal,cuda,SLTM:K562
BCLAF1,HepG2,chr16:78108488:G:C,1,2,1.3098548650741577,modal,cuda,SLTM:K562
BCLAF1,HepG2,chr16:78115000:C:G,1,2,1.0978564023971558,modal,cuda,SLTM:K562
BCLAF1,HepG2,chr16:78115038:C:T,0,2,1.996556282043457,modal,cuda,SLTM:K562
BCLAF1,HepG2,chr16:78115066:C:G,1,2,1.6239601373672485,modal,cuda,SLTM:K562
BCLAF1,HepG2,chr16:78115096:C:G,0,2,-2.6616833209991455,modal,cuda,SLTM:K562
BCLAF1,HepG2,chr16:81351581:A:C,1,2,-1.2865376472473145,modal,cuda,SLTM:K562
BCLAF1,HepG2,chr16:81351630:A:T,1,2,1.0701112747192383,modal,cuda,SLTM:K562
BCLAF1,HepG2,chr16:81354506:C:A,1,2,1.3942592144012451,modal,cuda,SLTM:K562
BCLAF1,HepG2,chr16:81354554:C:G,1,2,1.9917421340942383,modal,cuda,SLTM:K562
BCLAF1,HepG2,chr16:81354606:C:T,1,2,1.979860544204712,modal,cuda,SLTM:K562
BCLAF1,HepG2,chr16:81354624:G:T,1,2,-1.239141583442688,modal,cuda,SLTM:K562
BCLAF1,HepG2,chr16:81354704:T:A,1,2,-1.3992085456848145,modal,cuda,SLTM:K562
BCLAF1,HepG2,chr16:81354723:C:T,1,2,2.9536261558532715,modal,cuda,SLTM:K562
BCLAF1,HepG2,chr16:81354727:G:A,1,2,-0.7972221374511719,modal,cuda,SLTM:K562
BCLAF1,HepG2,chr16:8811197:T:C,0,2,-0.5664362907409668,modal,cuda,SLTM:K562
BCLAF1,HepG2,chr16:8894533:G:A,0,2,0.9461860656738281,modal,cuda,SLTM:K562
BCLAF1,HepG2,chr16:8894534:G:C,0,2,-0.9001641869544983,modal,cuda,SLTM:K562
BCLAF1,HepG2,chr16:8894652:A:C,0,2,-0.517850399017334,modal,cuda,SLTM:K562
BCLAF1,HepG2,chr16:8895654:C:T,0,2,0.9059973955154419,modal,cuda,SLTM:K562
BCLAF1,HepG2,chr16:8895687:T:C,0,2,-1.426091194152832,modal,cuda,SLTM:K562
BCLAF1,HepG2,chr16:8895755:A:C,0,2,-0.9936500787734985,modal,cuda,SLTM:K562
BCLAF1,HepG2,chr16:8896991:A:T,0,2,0.4520993232727051,modal,cuda,SLTM:K562
BCLAF1,HepG2,chr16:8897013:T:C,0,2,-1.0407099723815918,modal,cuda,SLTM:K562
BCLAF1,HepG2,chr16:8901124:A:G,0,2,-2.3980002403259277,modal,cuda,SLTM:K562
BCLAF1,HepG2,chr16:8901130:C:T,0,2,1.8030905723571777,modal,cuda,SLTM:K562
BCLAF1,HepG2,chr16:8902441:T:C,0,2,0.39650076627731323,modal,cuda,SLTM:K562
BCLAF1,HepG2,chr16:8903270:T:G,0,2,-1.4468755722045898,modal,cuda,SLTM:K562
BCLAF1,HepG2,chr16:8903305:G:A,0,2,1.6009206771850586,modal,cuda,SLTM:K562
BCLAF1,HepG2,chr16:8903379:A:T,1,2,1.1060688495635986,modal,cuda,SLTM:K562
BCLAF1,HepG2,chr16:8906591:A:C,0,2,0.7501155734062195,modal,cuda,SLTM:K562
BCLAF1,HepG2,chr16:8910769:G:A,0,2,1.7467091083526611,modal,cuda,SLTM:K562
BCLAF1,HepG2,chr16:8915534:G:C,0,2,-0.7631964683532715,modal,cuda,SLTM:K562
BCLAF1,HepG2,chr16:8919014:G:A,0,2,-1.1321988105773926,modal,cuda,SLTM:K562
BCLAF1,HepG2,chr16:8919036:G:A,1,2,1.5830637216567993,modal,cuda,SLTM:K562
BCLAF1,HepG2,chr16:8921250:G:C,1,2,1.0643351078033447,modal,cuda,SLTM:K562
BCLAF1,HepG2,chr16:8930299:C:A,1,2,-1.3380399942398071,modal,cuda,SLTM:K562
BCLAF1,HepG2,chr16:8930314:C:T,0,2,0.8814199566841125,modal,cuda,SLTM:K562
BCLAF1,HepG2,chr16:89305242:C:T,0,2,-0.7777460813522339,modal,cuda,SLTM:K562
BCLAF1,HepG2,chr16:89305272:G:A,1,2,0.5930032730102539,modal,cuda,SLTM:K562
BCLAF1,HepG2,chr16:89305281:C:A,0,2,-1.009852409362793,modal,cuda,SLTM:K562
BCLAF1,HepG2,chr16:89305291:G:A,0,2,0.4854393005371094,modal,cuda,SLTM:K562
BCLAF1,HepG2,chr16:89305297:G:A,0,2,0.6659746170043945,modal,cuda,SLTM:K562
BCLAF1,HepG2,chr16:89305321:G:A,0,2,0.985710620880127,modal,cuda,SLTM:K562
BCLAF1,HepG2,chr16:89550629:G:A,0,2,1.9127895832061768,modal,cuda,SLTM:K562
BCLAF1,HepG2,chr16:89740803:C:A,1,2,-1.4836432933807373,modal,cuda,SLTM:K562
BCLAF1,HepG2,chr16:89740803:C:G,1,2,-2.102936029434204,modal,cuda,SLTM:K562
BCLAF1,HepG2,chr16:89740808:G:C,1,2,1.6722149848937988,modal,cuda,SLTM:K562
BCLAF1,HepG2,chr16:89740823:G:T,1,2,2.0866212844848633,modal,cuda,SLTM:K562
BCLAF1,HepG2,chr16:89740825:C:G,0,2,1.0965163707733154,modal,cuda,SLTM:K562
BCLAF1,HepG2,chr16:89740846:G:C,1,2,0.40797585248947144,modal,cuda,SLTM:K562
BCLAF1,HepG2,chr16:89749906:A:G,0,2,0.6861345171928406,modal,cuda,SLTM:K562
BCLAF1,HepG2,chr16:89749925:C:T,0,2,-0.6822938919067383,modal,cuda,SLTM:K562
BCLAF1,HepG2,chr16:89752122:G:A,0,2,-1.166799545288086,modal,cuda,SLTM:K562
BCLAF1,HepG2,chr16:89778786:A:G,0,2,-1.0223653316497803,modal,cuda,SLTM:K562
BCLAF1,HepG2,chr16:89791907:G:A,0,2,1.1000502109527588,modal,cuda,SLTM:K562
BCLAF1,HepG2,chr17:1362023:A:T,0,1,-0.09580206871032715,modal,cuda,SLTM:K562
BCLAF1,HepG2,chr17:1362024:T:A,0,1,-0.03641009330749512,modal,cuda,SLTM:K562
BCLAF1,HepG2,chr17:1362031:T:A,0,1,0.34284543991088867,modal,cuda,SLTM:K562
BCLAF1,HepG2,chr17:16070530:A:T,0,1,0.3402893543243408,modal,cuda,SLTM:K562
BCLAF1,HepG2,chr17:16139000:T:C,0,1,-0.2821536064147949,modal,cuda,SLTM:K562
BCLAF1,HepG2,chr17:17219013:G:A,0,1,-0.5071379542350769,modal,cuda,SLTM:K562
BCLAF1,HepG2,chr17:19657867:G:A,1,1,-0.6741774082183838,modal,cuda,SLTM:K562
BCLAF1,HepG2,chr17:2680326:T:C,1,1,-1.0493243932724,modal,cuda,SLTM:K562
BCLAF1,HepG2,chr17:2680328:C:T,0,1,0.5059902667999268,modal,cuda,SLTM:K562
BCLAF1,HepG2,chr17:29121649:G:A,0,1,0.2718055248260498,modal,cuda,SLTM:K562
BCLAF1,HepG2,chr17:29498311:C:T,0,1,-0.3046288788318634,modal,cuda,SLTM:K562
BCLAF1,HepG2,chr17:29517510:C:T,1,1,0.9870179891586304,modal,cuda,SLTM:K562
BCLAF1,HepG2,chr17:29517561:C:T,1,1,2.4431827068328857,modal,cuda,SLTM:K562
BCLAF1,HepG2,chr17:29517567:C:T,1,1,2.4863998889923096,modal,cuda,SLTM:K562
BCLAF1,HepG2,chr17:29517575:A:G,0,1,0.13921713829040527,modal,cuda,SLTM:K562
BCLAF1,HepG2,chr17:29522454:C:T,1,1,0.8380557298660278,modal,cuda,SLTM:K562
BCLAF1,HepG2,chr17:29522463:C:T,1,1,1.5138188600540161,modal,cuda,SLTM:K562
BCLAF1,HepG2,chr17:29534311:T:C,0,1,1.183518409729004,modal,cuda,SLTM:K562
BCLAF1,HepG2,chr17:31159098:G:C,1,1,-0.5751696825027466,modal,cuda,SLTM:K562
BCLAF1,HepG2,chr17:31169883:C:G,1,1,0.566011905670166,modal,cuda,SLTM:K562
BCLAF1,HepG2,chr17:31170002:G:A,1,1,-0.8332390785217285,modal,cuda,SLTM:K562
BCLAF1,HepG2,chr17:31170002:G:T,1,1,-0.6216859817504883,modal,cuda,SLTM:K562
BCLAF1,HepG2,chr17:31181688:A:C,0,1,0.7234363555908203,modal,cuda,SLTM:K562
BCLAF1,HepG2,chr17:31182503:T:G,1,1,-0.5393400192260742,modal,cuda,SLTM:K562
BCLAF1,HepG2,chr17:31227517:T:G,1,1,0.9428753852844238,modal,cuda,SLTM:K562
BCLAF1,HepG2,chr17:31229011:A:G,1,1,1.1664142608642578,modal,cuda,SLTM:K562
BCLAF1,HepG2,chr17:31229016:T:A,1,1,1.5921862125396729,modal,cuda,SLTM:K562
BCLAF1,HepG2,chr17:31230257:T:G,1,1,-0.7842910289764404,modal,cuda,SLTM:K562
BCLAF1,HepG2,chr17:31230839:T:G,1,1,-0.41463375091552734,modal,cuda,SLTM:K562
BCLAF1,HepG2,chr17:31252953:C:T,0,1,0.3737187385559082,modal,cuda,SLTM:K562
BCLAF1,HepG2,chr17:31252955:A:G,0,1,0.3969087600708008,modal,cuda,SLTM:K562
BCLAF1,HepG2,chr17:31252991:C:T,0,1,0.4097433090209961,modal,cuda,SLTM:K562
BCLAF1,HepG2,chr17:31325810:T:G,1,1,0.8109657764434814,modal,cuda,SLTM:K562
BCLAF1,HepG2,chr17:31330502:A:T,1,1,-0.33431482315063477,modal,cuda,SLTM:K562
BCLAF1,HepG2,chr17:31330503:G:A,1,1,-0.6463384628295898,modal,cuda,SLTM:K562
BCLAF1,HepG2,chr17:31338695:T:G,1,1,-0.631158709526062,modal,cuda,SLTM:K562
BCLAF1,HepG2,chr17:31349100:T:A,1,1,-0.20818352699279785,modal,cuda,SLTM:K562
BCLAF1,HepG2,chr17:37248577:A:G,0,1,0.37619447708129883,modal,cuda,SLTM:K562
BCLAF1,HepG2,chr17:37248579:G:T,0,1,0.27829599380493164,modal,cuda,SLTM:K562
BCLAF1,HepG2,chr17:37259341:C:T,0,1,-1.1245496273040771,modal,cuda,SLTM:K562
BCLAF1,HepG2,chr17:37263902:A:G,0,1,-0.364088773727417,modal,cuda,SLTM:K562
BCLAF1,HepG2,chr17:37278020:G:A,0,1,0.9257689714431763,modal,cuda,SLTM:K562
BCLAF1,HepG2,chr17:37330157:T:C,0,1,0.3039851188659668,modal,cuda,SLTM:K562
BCLAF1,HepG2,chr17:39509778:A:C,0,1,0.24431085586547852,modal,cuda,SLTM:K562
BCLAF1,HepG2,chr17:40392210:A:G,0,1,-0.38728952407836914,modal,cuda,SLTM:K562
BCLAF1,HepG2,chr17:41990284:T:C,0,1,-0.7201611995697021,modal,cuda,SLTM:K562
BCLAF1,HepG2,chr17:42120388:G:C,0,1,-0.2540440559387207,modal,cuda,SLTM:K562
BCLAF1,HepG2,chr17:42217366:T:G,0,1,0.43546152114868164,modal,cuda,SLTM:K562
BCLAF1,HepG2,chr17:42315759:T:C,0,1,-0.8924793004989624,modal,cuda,SLTM:K562
BCLAF1,HepG2,chr17:42315763:G:A,0,1,0.688380241394043,modal,cuda,SLTM:K562
BCLAF1,HepG2,chr17:42315764:C:T,0,1,0.9158662557601929,modal,cuda,SLTM:K562
BCLAF1,HepG2,chr17:42315766:C:T,0,1,-0.27373969554901123,modal,cuda,SLTM:K562
BCLAF1,HepG2,chr17:42331448:C:A,0,1,-0.43245553970336914,modal,cuda,SLTM:K562
BCLAF1,HepG2,chr17:43090934:C:G,0,1,0.8179922103881836,modal,cuda,SLTM:K562
BCLAF1,HepG2,chr17:43090946:G:A,1,1,-1.1408607959747314,modal,cuda,SLTM:K562
BCLAF1,HepG2,chr17:43090967:G:A,1,1,-0.8020648956298828,modal,cuda,SLTM:K562
BCLAF1,HepG2,chr17:43090981:G:C,1,1,-0.6230608224868774,modal,cuda,SLTM:K562
BCLAF1,HepG2,chr17:43090983:G:T,1,1,-1.7826266288757324,modal,cuda,SLTM:K562
BCLAF1,HepG2,chr17:43090997:C:T,0,1,1.1496942043304443,modal,cuda,SLTM:K562
BCLAF1,HepG2,chr17:43091006:C:A,1,1,1.055191159248352,modal,cuda,SLTM:K562
BCLAF1,HepG2,chr17:43104187:G:A,1,1,-0.48017632961273193,modal,cuda,SLTM:K562
BCLAF1,HepG2,chr17:43104193:T:C,0,1,-0.2628413438796997,modal,cuda,SLTM:K562
BCLAF1,HepG2,chr17:43104208:T:A,1,1,0.938701868057251,modal,cuda,SLTM:K562
BCLAF1,HepG2,chr17:43104217:C:A,1,1,-0.9475874900817871,modal,cuda,SLTM:K562
BCLAF1,HepG2,chr17:43104232:C:A,1,1,2.1923556327819824,modal,cuda,SLTM:K562
BCLAF1,HepG2,chr17:43104235:T:A,1,1,0.9866405725479126,modal,cuda,SLTM:K562
BCLAF1,HepG2,chr17:43104248:A:T,1,1,0.6862167119979858,modal,cuda,SLTM:K562
BCLAF1,HepG2,chr17:43104249:T:C,0,1,-0.667186975479126,modal,cuda,SLTM:K562
BCLAF1,HepG2,chr17:43104258:G:C,0,1,0.5448405742645264,modal,cuda,SLTM:K562
BCLAF1,HepG2,chr17:43104260:A:C,1,1,0.6194472312927246,modal,cuda,SLTM:K562
BCLAF1,HepG2,chr17:43104260:A:T,1,1,0.29749488830566406,modal,cuda,SLTM:K562
BCLAF1,HepG2,chr17:43104262:C:G,1,1,1.068695306777954,modal,cuda,SLTM:K562
BCLAF1,HepG2,chr17:43104263:T:A,1,1,1.342607021331787,modal,cuda,SLTM:K562
BCLAF1,HepG2,chr17:43124013:T:A,1,1,-0.607973575592041,modal,cuda,SLTM:K562
BCLAF1,HepG2,chr17:43124014:T:G,1,1,-0.5678695440292358,modal,cuda,SLTM:K562
BCLAF1,HepG2,chr17:43124015:A:C,1,1,-1.0863566398620605,modal,cuda,SLTM:K562
BCLAF1,HepG2,chr17:43124015:A:G,1,1,-0.8803884983062744,modal,cuda,SLTM:K562
BCLAF1,HepG2,chr17:43124015:A:T,1,1,-0.8312630653381348,modal,cuda,SLTM:K562
BCLAF1,HepG2,chr17:43124016:C:A,1,1,-0.8975646495819092,modal,cuda,SLTM:K562
BCLAF1,HepG2,chr17:43124016:C:G,1,1,-0.6610324382781982,modal,cuda,SLTM:K562
BCLAF1,HepG2,chr17:43124020:A:T,1,1,0.4202718734741211,modal,cuda,SLTM:K562
BCLAF1,HepG2,chr17:43124025:A:C,1,1,0.5969457626342773,modal,cuda,SLTM:K562
BCLAF1,HepG2,chr17:43124030:C:A,1,1,0.6274175643920898,modal,cuda,SLTM:K562
BCLAF1,HepG2,chr17:43124032:A:C,1,1,-0.9413638114929199,modal,cuda,SLTM:K562
BCLAF1,HepG2,chr17:43124032:A:G,1,1,0.40966320037841797,modal,cuda,SLTM:K562
BCLAF1,HepG2,chr17:43124032:A:T,1,1,-0.753655195236206,modal,cuda,SLTM:K562
BCLAF1,HepG2,chr17:43124042:G:A,1,1,-0.603431224822998,modal,cuda,SLTM:K562
BCLAF1,HepG2,chr17:43124044:A:G,1,1,-0.60393226146698,modal,cuda,SLTM:K562
BCLAF1,HepG2,chr17:43124063:G:A,1,1,0.46863842010498047,modal,cuda,SLTM:K562
BCLAF1,HepG2,chr17:43124076:G:A,0,1,0.39073944091796875,modal,cuda,SLTM:K562
BCLAF1,HepG2,chr17:43124089:A:C,1,1,-0.6374319791793823,modal,cuda,SLTM:K562
BCLAF1,HepG2,chr17:43124094:C:A,1,1,0.36447763442993164,modal,cuda,SLTM:K562
BCLAF1,HepG2,chr17:43124094:C:G,1,1,-0.5139710307121277,modal,cuda,SLTM:K562
BCLAF1,HepG2,chr17:43124095:A:C,1,1,-0.38293543457984924,modal,cuda,SLTM:K562
BCLAF1,HepG2,chr17:43124095:A:G,1,1,-0.6455507278442383,modal,cuda,SLTM:K562
BCLAF1,HepG2,chr17:43124095:A:T,1,1,-0.19971083104610443,modal,cuda,SLTM:K562
BCLAF1,HepG2,chr17:43124118:T:C,0,1,0.5617501735687256,modal,cuda,SLTM:K562
BCLAF1,HepG2,chr17:47137288:C:T,1,1,0.9990694522857666,modal,cuda,SLTM:K562
BCLAF1,HepG2,chr17:47613665:G:T,0,1,-0.3436732292175293,modal,cuda,SLTM:K562
BCLAF1,HepG2,chr17:49039981:C:T,0,1,0.8925204277038574,modal,cuda,SLTM:K562
BCLAF1,HepG2,chr17:4953081:A:G,0,1,0.4358556270599365,modal,cuda,SLTM:K562
BCLAF1,HepG2,chr17:4953095:G:C,0,1,0.44995880126953125,modal,cuda,SLTM:K562
BCLAF1,HepG2,chr17:5007245:C:T,0,1,0.7962512969970703,modal,cuda,SLTM:K562
BCLAF1,HepG2,chr17:5007253:A:T,0,1,-0.1619272232055664,modal,cuda,SLTM:K562
BCLAF1,HepG2,chr17:5020689:G:T,0,1,-0.40611958503723145,modal,cuda,SLTM:K562
BCLAF1,HepG2,chr17:50995048:C:T,0,1,-0.09604048728942871,modal,cuda,SLTM:K562
BCLAF1,HepG2,chr17:51005202:G:A,0,1,0.1731562614440918,modal,cuda,SLTM:K562
BCLAF1,HepG2,chr17:58005893:G:A,1,1,0.81988525390625,modal,cuda,SLTM:K562
BCLAF1,HepG2,chr17:58370894:G:A,0,1,0.5666245222091675,modal,cuda,SLTM:K562
BCLAF1,HepG2,chr17:58370926:C:G,0,1,0.42440569400787354,modal,cuda,SLTM:K562
BCLAF1,HepG2,chr17:59056907:G:C,1,1,-0.7187294960021973,modal,cuda,SLTM:K562
BCLAF1,HepG2,chr17:59056958:G:A,0,1,-0.3999500274658203,modal,cuda,SLTM:K562
BCLAF1,HepG2,chr17:59647682:T:G,0,1,0.42675161361694336,modal,cuda,SLTM:K562
BCLAF1,HepG2,chr17:59651334:A:C,0,1,0.31279754638671875,modal,cuda,SLTM:K562
BCLAF1,HepG2,chr17:59664771:C:T,0,1,0.5194342136383057,modal,cuda,SLTM:K562
BCLAF1,HepG2,chr17:59664779:G:C,0,1,0.8923267126083374,modal,cuda,SLTM:K562
BCLAF1,HepG2,chr17:59673621:T:C,0,1,-0.2072587013244629,modal,cuda,SLTM:K562
BCLAF1,HepG2,chr17:59682620:T:G,0,1,0.3734705448150635,modal,cuda,SLTM:K562
BCLAF1,HepG2,chr17:59683089:G:A,0,1,-0.262176513671875,modal,cuda,SLTM:K562
BCLAF1,HepG2,chr17:59914627:T:A,0,1,-0.2247016429901123,modal,cuda,SLTM:K562
BCLAF1,HepG2,chr17:60647880:C:A,0,1,0.7652997970581055,modal,cuda,SLTM:K562
BCLAF1,HepG2,chr17:62052710:A:G,0,1,0.2898893356323242,modal,cuda,SLTM:K562
BCLAF1,HepG2,chr17:62522231:C:T,1,1,-1.0110466480255127,modal,cuda,SLTM:K562
BCLAF1,HepG2,chr17:62522252:G:T,1,1,-1.1158690452575684,modal,cuda,SLTM:K562
BCLAF1,HepG2,chr17:63760899:G:A,0,1,0.6524190902709961,modal,cuda,SLTM:K562
BCLAF1,HepG2,chr17:65529829:G:A,0,1,0.6235349178314209,modal,cuda,SLTM:K562
BCLAF1,HepG2,chr17:6623043:G:A,1,1,1.7815884351730347,modal,cuda,SLTM:K562
BCLAF1,HepG2,chr17:6623565:C:A,1,1,1.3917994499206543,modal,cuda,SLTM:K562
BCLAF1,HepG2,chr17:67345860:A:G,0,1,0.444488525390625,modal,cuda,SLTM:K562
BCLAF1,HepG2,chr17:67854771:A:G,0,1,-0.8178176879882812,modal,cuda,SLTM:K562
BCLAF1,HepG2,chr17:67903776:C:G,0,1,-0.6848058700561523,modal,cuda,SLTM:K562
BCLAF1,HepG2,chr17:67909578:T:C,0,1,0.6634402275085449,modal,cuda,SLTM:K562
BCLAF1,HepG2,chr17:68523831:T:C,0,1,0.29262495040893555,modal,cuda,SLTM:K562
BCLAF1,HepG2,chr17:68525736:A:G,0,1,-0.5395475625991821,modal,cuda,SLTM:K562
BCLAF1,HepG2,chr17:68525746:C:T,0,1,0.39940500259399414,modal,cuda,SLTM:K562
BCLAF1,HepG2,chr17:69255854:A:G,0,1,0.15154361724853516,modal,cuda,SLTM:K562
BCLAF1,HepG2,chr17:75630844:G:T,0,1,-0.5621906518936157,modal,cuda,SLTM:K562
BCLAF1,HepG2,chr17:75630845:G:T,0,1,-0.33429408073425293,modal,cuda,SLTM:K562
BCLAF1,HepG2,chr17:75630846:G:T,0,1,-0.41550111770629883,modal,cuda,SLTM:K562
BCLAF1,HepG2,chr17:75949484:C:T,0,1,1.5083434581756592,modal,cuda,SLTM:K562
BCLAF1,HepG2,chr17:78814538:C:T,0,1,0.7456905841827393,modal,cuda,SLTM:K562
BCLAF1,HepG2,chr17:80331997:C:T,0,1,0.4184072017669678,modal,cuda,SLTM:K562
BCLAF1,HepG2,chr17:80343344:C:T,0,1,1.7111200094223022,modal,cuda,SLTM:K562
BCLAF1,HepG2,chr17:80354550:C:T,0,1,0.7532002925872803,modal,cuda,SLTM:K562
BCLAF1,HepG2,chr17:80354565:G:A,0,1,0.30396899580955505,modal,cuda,SLTM:K562
BCLAF1,HepG2,chr17:82927172:A:C,0,1,-0.6608690023422241,modal,cuda,SLTM:K562
BCLAF1,HepG2,chr18:10797364:T:G,0,4,-0.7623400688171387,modal,cuda,SLTM:K562
BCLAF1,HepG2,chr18:12344256:A:G,0,4,-0.2703566551208496,modal,cuda,SLTM:K562
BCLAF1,HepG2,chr18:12366938:C:T,0,4,0.41678500175476074,modal,cuda,SLTM:K562
BCLAF1,HepG2,chr18:12794489:T:C,0,4,-0.5811197757720947,modal,cuda,SLTM:K562
BCLAF1,HepG2,chr18:203081:A:C,0,4,0.5002574920654297,modal,cuda,SLTM:K562
BCLAF1,HepG2,chr18:20970516:G:A,0,4,0.2871509790420532,modal,cuda,SLTM:K562
BCLAF1,HepG2,chr18:21804032:A:G,0,4,0.3726212978363037,modal,cuda,SLTM:K562
BCLAF1,HepG2,chr18:21838514:A:G,0,4,-0.3309166431427002,modal,cuda,SLTM:K562
BCLAF1,HepG2,chr18:2688754:T:C,0,4,-0.19690990447998047,modal,cuda,SLTM:K562
BCLAF1,HepG2,chr18:2700921:A:G,1,4,-0.3269162178039551,modal,cuda,SLTM:K562
BCLAF1,HepG2,chr18:2707802:C:T,0,4,-0.42204785346984863,modal,cuda,SLTM:K562
BCLAF1,HepG2,chr18:2951049:T:C,0,4,-0.4735928773880005,modal,cuda,SLTM:K562
BCLAF1,HepG2,chr18:31092098:T:C,1,4,0.32732176780700684,modal,cuda,SLTM:K562
BCLAF1,HepG2,chr18:31524601:C:A,0,4,-0.1965031623840332,modal,cuda,SLTM:K562
BCLAF1,HepG2,chr18:31531269:C:T,0,4,0.49123042821884155,modal,cuda,SLTM:K562
BCLAF1,HepG2,chr18:31545906:C:A,1,4,-0.4173147678375244,modal,cuda,SLTM:K562
BCLAF1,HepG2,chr18:36145962:C:T,1,4,1.6353511810302734,modal,cuda,SLTM:K562
BCLAF1,HepG2,chr18:36146372:A:T,0,4,0.22964978218078613,modal,cuda,SLTM:K562
BCLAF1,HepG2,chr18:36156575:G:T,1,4,0.7364611625671387,modal,cuda,SLTM:K562
BCLAF1,HepG2,chr18:36159822:T:C,0,4,-0.46980881690979004,modal,cuda,SLTM:K562
BCLAF1,HepG2,chr18:36159984:C:T,1,4,1.66790771484375,modal,cuda,SLTM:K562
BCLAF1,HepG2,chr18:36159990:A:C,1,4,-0.8110353946685791,modal,cuda,SLTM:K562
BCLAF1,HepG2,chr18:36171049:A:G,0,4,0.4338480234146118,modal,cuda,SLTM:K562
BCLAF1,HepG2,chr18:36171050:C:T,0,4,0.4394650459289551,modal,cuda,SLTM:K562
BCLAF1,HepG2,chr18:45939771:G:A,0,4,0.2342665195465088,modal,cuda,SLTM:K562
BCLAF1,HepG2,chr18:46090014:T:C,0,4,0.3015035390853882,modal,cuda,SLTM:K562
BCLAF1,HepG2,chr18:46855381:T:C,0,4,-0.1793903112411499,modal,cuda,SLTM:K562
BCLAF1,HepG2,chr18:47848464:A:G,0,4,-0.21300005912780762,modal,cuda,SLTM:K562
BCLAF1,HepG2,chr18:49331908:G:T,1,4,0.9241732954978943,modal,cuda,SLTM:K562
BCLAF1,HepG2,chr18:49331954:G:A,1,4,-0.3256259262561798,modal,cuda,SLTM:K562
BCLAF1,HepG2,chr18:49363144:G:A,0,4,0.21262764930725098,modal,cuda,SLTM:K562
BCLAF1,HepG2,chr18:49363235:T:C,1,4,-0.4281454086303711,modal,cuda,SLTM:K562
BCLAF1,HepG2,chr18:49379676:T:C,0,4,-0.5513005256652832,modal,cuda,SLTM:K562
BCLAF1,HepG2,chr18:49379693:C:T,1,4,0.14403414726257324,modal,cuda,SLTM:K562
BCLAF1,HepG2,chr18:50276696:C:T,0,4,0.13735994696617126,modal,cuda,SLTM:K562
BCLAF1,HepG2,chr18:51047061:T:G,0,4,-0.6990067958831787,modal,cuda,SLTM:K562
BCLAF1,HepG2,chr18:51047103:T:C,0,4,-0.48789095878601074,modal,cuda,SLTM:K562
BCLAF1,HepG2,chr18:51047124:T:C,0,4,-0.30690956115722656,modal,cuda,SLTM:K562
BCLAF1,HepG2,chr18:51047167:G:T,1,4,1.2750530242919922,modal,cuda,SLTM:K562
BCLAF1,HepG2,chr18:51047226:T:C,0,4,0.6471905708312988,modal,cuda,SLTM:K562
BCLAF1,HepG2,chr18:51047268:A:C,0,4,0.40040135383605957,modal,cuda,SLTM:K562
BCLAF1,HepG2,chr18:51047292:T:G,0,4,-1.2266639471054077,modal,cuda,SLTM:K562
BCLAF1,HepG2,chr18:51048760:A:G,0,4,-0.2905251979827881,modal,cuda,SLTM:K562
BCLAF1,HepG2,chr18:51048814:C:G,0,4,0.5822155475616455,modal,cuda,SLTM:K562
BCLAF1,HepG2,chr18:51048832:C:T,0,4,0.06625938415527344,modal,cuda,SLTM:K562
BCLAF1,HepG2,chr18:51048849:C:A,1,4,0.6475286483764648,modal,cuda,SLTM:K562
BCLAF1,HepG2,chr18:51048853:T:C,0,4,-0.3185286521911621,modal,cuda,SLTM:K562
BCLAF1,HepG2,chr18:51067020:T:C,0,4,-0.3986363410949707,modal,cuda,SLTM:K562
BCLAF1,HepG2,chr18:51067107:C:T,1,4,0.7388660907745361,modal,cuda,SLTM:K562
BCLAF1,HepG2,chr18:51067120:T:G,1,4,0.8218505382537842,modal,cuda,SLTM:K562
BCLAF1,HepG2,chr18:51067142:A:T,0,4,0.3777902126312256,modal,cuda,SLTM:K562
BCLAF1,HepG2,chr18:58245441:A:G,0,4,0.2194504737854004,modal,cuda,SLTM:K562
BCLAF1,HepG2,chr18:58245461:G:A,0,4,0.8087031841278076,modal,cuda,SLTM:K562
BCLAF1,HepG2,chr18:58323338:C:T,0,4,0.7008326649665833,modal,cuda,SLTM:K562
BCLAF1,HepG2,chr18:58323348:G:A,0,4,1.005245566368103,modal,cuda,SLTM:K562
BCLAF1,HepG2,chr18:58370393:T:G,0,4,0.4666423797607422,modal,cuda,SLTM:K562
BCLAF1,HepG2,chr18:58370394:T:C,0,4,0.3115987777709961,modal,cuda,SLTM:K562
BCLAF1,HepG2,chr18:58370482:G:A,0,4,1.111764907836914,modal,cuda,SLTM:K562
BCLAF1,HepG2,chr18:58383323:T:C,0,4,-0.35503149032592773,modal,cuda,SLTM:K562
BCLAF1,HepG2,chr18:58383333:T:C,0,4,-0.16579866409301758,modal,cuda,SLTM:K562
BCLAF1,HepG2,chr18:58733594:T:C,0,4,0.35452353954315186,modal,cuda,SLTM:K562
BCLAF1,HepG2,chr18:62146032:A:T,0,4,0.3785278797149658,modal,cuda,SLTM:K562
BCLAF1,HepG2,chr18:62228347:A:G,0,4,-0.8292708396911621,modal,cuda,SLTM:K562
BCLAF1,HepG2,chr18:70150601:G:A,0,4,0.2793915271759033,modal,cuda,SLTM:K562
BCLAF1,HepG2,chr18:70150610:C:A,1,4,0.4836301803588867,modal,cuda,SLTM:K562
BCLAF1,HepG2,chr18:70166044:G:A,0,4,0.37072646617889404,modal,cuda,SLTM:K562
BCLAF1,HepG2,chr18:70166059:C:T,0,4,0.6553080081939697,modal,cuda,SLTM:K562
BCLAF1,HepG2,chr18:70166070:T:C,0,4,0.19072139263153076,modal,cuda,SLTM:K562
BCLAF1,HepG2,chr18:70166149:T:C,0,4,0.4804145097732544,modal,cuda,SLTM:K562
BCLAF1,HepG2,chr18:70166157:G:A,1,4,0.5575152635574341,modal,cuda,SLTM:K562
BCLAF1,HepG2,chr18:70190723:C:A,0,4,0.7155114412307739,modal,cuda,SLTM:K562
BCLAF1,HepG2,chr18:74501372:C:T,0,4,0.8200092315673828,modal,cuda,SLTM:K562
BCLAF1,HepG2,chr18:79110412:A:C,0,4,-0.6372790336608887,modal,cuda,SLTM:K562
BCLAF1,HepG2,chr18:79253425:A:G,0,4,-0.26347923278808594,modal,cuda,SLTM:K562
BCLAF1,HepG2,chr19:10151737:C:T,0,4,0.5100470781326294,modal,cuda,SLTM:K562
BCLAF1,HepG2,chr19:10994833:C:A,1,4,0.6037991046905518,modal,cuda,SLTM:K562
BCLAF1,HepG2,chr19:10994932:T:C,0,4,-0.23689761757850647,modal,cuda,SLTM:K562
BCLAF1,HepG2,chr19:10994951:C:T,1,4,-0.39751237630844116,modal,cuda,SLTM:K562
BCLAF1,HepG2,chr19:10996285:C:T,1,4,-0.3022323250770569,modal,cuda,SLTM:K562
BCLAF1,HepG2,chr19:10996294:G:A,1,4,0.12785384058952332,modal,cuda,SLTM:K562
BCLAF1,HepG2,chr19:10996299:C:G,1,4,-0.39776942133903503,modal,cuda,SLTM:K562
BCLAF1,HepG2,chr19:11003047:C:T,1,4,0.4306088089942932,modal,cuda,SLTM:K562
BCLAF1,HepG2,chr19:12943967:G:T,0,4,0.6763935685157776,modal,cuda,SLTM:K562
BCLAF1,HepG2,chr19:23373748:G:A,0,4,0.8082119226455688,modal,cuda,SLTM:K562
BCLAF1,HepG2,chr19:23373803:A:G,0,4,0.2161521017551422,modal,cuda,SLTM:K562
BCLAF1,HepG2,chr19:30009016:C:T,0,4,0.32101869583129883,modal,cuda,SLTM:K562
BCLAF1,HepG2,chr19:34451967:A:T,0,4,0.24117161333560944,modal,cuda,SLTM:K562
BCLAF1,HepG2,chr19:56814075:G:A,0,4,0.13737225532531738,modal,cuda,SLTM:K562
BCLAF1,HepG2,chr19:56814275:G:A,0,4,-0.11078798770904541,modal,cuda,SLTM:K562
BCLAF1,HepG2,chr19:56814509:G:A,0,4,0.44229984283447266,modal,cuda,SLTM:K562
BCLAF1,HepG2,chr19:56814611:G:A,0,4,0.3539482653141022,modal,cuda,SLTM:K562
BCLAF1,HepG2,chr19:56815927:C:G,0,4,0.4060804843902588,modal,cuda,SLTM:K562
BCLAF1,HepG2,chr19:56816052:C:A,0,4,-0.7972913980484009,modal,cuda,SLTM:K562
BCLAF1,HepG2,chr19:56816064:A:G,0,4,-1.2532591819763184,modal,cuda,SLTM:K562
BCLAF1,HepG2,chr19:56816350:A:C,0,4,-0.43990588188171387,modal,cuda,SLTM:K562
BCLAF1,HepG2,chr19:56816571:T:C,0,4,0.2116490602493286,modal,cuda,SLTM:K562
BCLAF1,HepG2,chr19:56816845:C:A,0,4,0.33624178171157837,modal,cuda,SLTM:K562
BCLAF1,HepG2,chr1:100015402:G:A,1,0,-0.48665717244148254,modal,cuda,SLTM:K562
BCLAF1,HepG2,chr1:100015418:C:T,1,0,0.31756889820098877,modal,cuda,SLTM:K562
BCLAF1,HepG2,chr1:100214875:A:T,1,0,0.515204906463623,modal,cuda,SLTM:K562
BCLAF1,HepG2,chr1:10258474:C:T,0,0,0.1393277645111084,modal,cuda,SLTM:K562
BCLAF1,HepG2,chr1:10258678:A:C,0,0,-0.22722789645195007,modal,cuda,SLTM:K562
BCLAF1,HepG2,chr1:10261983:G:A,0,0,2.0772604942321777,modal,cuda,SLTM:K562
BCLAF1,HepG2,chr1:10261996:G:A,0,0,1.8554794788360596,modal,cuda,SLTM:K562
BCLAF1,HepG2,chr1:10268280:C:T,0,0,0.46195292472839355,modal,cuda,SLTM:K562
BCLAF1,HepG2,chr1:10295776:C:T,0,0,-0.5058282613754272,modal,cuda,SLTM:K562
BCLAF1,HepG2,chr1:103544934:C:G,0,0,-0.6712347269058228,modal,cuda,SLTM:K562
BCLAF1,HepG2,chr1:108937207:C:T,0,0,-0.9095513820648193,modal,cuda,SLTM:K562
BCLAF1,HepG2,chr1:108937337:G:A,0,0,1.6855491399765015,modal,cuda,SLTM:K562
BCLAF1,HepG2,chr1:108939681:C:T,0,0,0.42499351501464844,modal,cuda,SLTM:K562
BCLAF1,HepG2,chr1:108939682:G:A,0,0,0.3952631950378418,modal,cuda,SLTM:K562
BCLAF1,HepG2,chr1:108943574:A:G,0,0,-1.0843192338943481,modal,cuda,SLTM:K562
BCLAF1,HepG2,chr1:108949856:T:C,0,0,-0.42520421743392944,modal,cuda,SLTM:K562
BCLAF1,HepG2,chr1:11013974:C:T,0,0,-0.1366974115371704,modal,cuda,SLTM:K562
BCLAF1,HepG2,chr1:111159398:A:G,0,0,-0.3881329298019409,modal,cuda,SLTM:K562
BCLAF1,HepG2,chr1:11232419:G:A,0,0,0.3069727420806885,modal,cuda,SLTM:K562
BCLAF1,HepG2,chr1:11232433:C:A,0,0,-0.6503808498382568,modal,cuda,SLTM:K562
BCLAF1,HepG2,chr1:11247729:C:A,0,0,0.40942734479904175,modal,cuda,SLTM:K562
BCLAF1,HepG2,chr1:11253894:T:G,0,0,-0.4238942861557007,modal,cuda,SLTM:K562
BCLAF1,HepG2,chr1:11253918:C:A,0,0,0.8989244103431702,modal,cuda,SLTM:K562
BCLAF1,HepG2,chr1:11253942:T:C,0,0,0.6105247735977173,modal,cuda,SLTM:K562
BCLAF1,HepG2,chr1:11253957:G:A,0,0,-0.4101858139038086,modal,cuda,SLTM:K562
BCLAF1,HepG2,chr1:11259273:T:C,0,0,-0.17498445510864258,modal,cuda,SLTM:K562
BCLAF1,HepG2,chr1:11259312:T:A,0,0,-0.21843695640563965,modal,cuda,SLTM:K562
BCLAF1,HepG2,chr1:11259350:G:A,0,0,0.4469794034957886,modal,cuda,SLTM:K562
BCLAF1,HepG2,chr1:113116443:A:G,0,0,-0.2760963439941406,modal,cuda,SLTM:K562
BCLAF1,HepG2,chr1:11815922:C:A,0,0,0.4545097351074219,modal,cuda,SLTM:K562
BCLAF1,HepG2,chr1:11816605:G:A,0,0,0.6817927360534668,modal,cuda,SLTM:K562
BCLAF1,HepG2,chr1:11816629:T:C,0,0,-0.46407532691955566,modal,cuda,SLTM:K562
BCLAF1,HepG2,chr1:11816635:G:A,0,0,0.40770113468170166,modal,cuda,SLTM:K562
BCLAF1,HepG2,chr1:119950690:C:T,0,0,0.4207444190979004,modal,cuda,SLTM:K562
BCLAF1,HepG2,chr1:12256527:A:G,0,0,-1.044706106185913,modal,cuda,SLTM:K562
BCLAF1,HepG2,chr1:147201336:G:A,0,0,-0.3535636365413666,modal,cuda,SLTM:K562
BCLAF1,HepG2,chr1:147275406:T:C,0,0,-0.64673912525177,modal,cuda,SLTM:K562
BCLAF1,HepG2,chr1:147280037:A:G,0,0,-0.33630919456481934,modal,cuda,SLTM:K562
BCLAF1,HepG2,chr1:147280109:C:A,0,0,0.2268100380897522,modal,cuda,SLTM:K562
BCLAF1,HepG2,chr1:147285415:A:C,0,0,0.2725418508052826,modal,cuda,SLTM:K562
BCLAF1,HepG2,chr1:147285455:G:A,0,0,0.25869259238243103,modal,cuda,SLTM:K562
BCLAF1,HepG2,chr1:147295468:T:G,0,0,-1.289129614830017,modal,cuda,SLTM:K562
BCLAF1,HepG2,chr1:150076219:C:T,0,0,0.5804746150970459,modal,cuda,SLTM:K562
BCLAF1,HepG2,chr1:150076341:C:T,0,0,0.3865628242492676,modal,cuda,SLTM:K562
BCLAF1,HepG2,chr1:150082811:A:G,0,0,0.229766845703125,modal,cuda,SLTM:K562
BCLAF1,HepG2,chr1:150325734:G:A,0,0,0.1982421875,modal,cuda,SLTM:K562
BCLAF1,HepG2,chr1:151429635:C:A,1,0,0.49736639857292175,modal,cuda,SLTM:K562
BCLAF1,HepG2,chr1:151429642:G:A,1,0,2.217196464538574,modal,cuda,SLTM:K562
BCLAF1,HepG2,chr1:151429712:C:T,1,0,0.5467171669006348,modal,cuda,SLTM:K562
BCLAF1,HepG2,chr1:151429713:T:G,1,0,0.5128693580627441,modal,cuda,SLTM:K562
BCLAF1,HepG2,chr1:151441087:C:A,1,0,-1.4786486625671387,modal,cuda,SLTM:K562
BCLAF1,HepG2,chr1:151441097:G:T,0,0,0.3071311116218567,modal,cuda,SLTM:K562
BCLAF1,HepG2,chr1:153827982:T:C,0,0,-0.5991157293319702,modal,cuda,SLTM:K562
BCLAF1,HepG2,chr1:153827983:A:G,0,0,-1.0792806148529053,modal,cuda,SLTM:K562
BCLAF1,HepG2,chr1:154170417:G:T,1,0,0.1275944709777832,modal,cuda,SLTM:K562
BCLAF1,HepG2,chr1:154172971:C:T,1,0,0.32909631729125977,modal,cuda,SLTM:K562
BCLAF1,HepG2,chr1:154172972:G:A,1,0,0.6274130344390869,modal,cuda,SLTM:K562
BCLAF1,HepG2,chr1:154173127:T:G,1,0,0.4598177373409271,modal,cuda,SLTM:K562
BCLAF1,HepG2,chr1:154173134:G:T,1,0,0.2883416414260864,modal,cuda,SLTM:K562
BCLAF1,HepG2,chr1:154602122:G:A,1,0,1.192109227180481,modal,cuda,SLTM:K562
BCLAF1,HepG2,chr1:156268420:A:G,0,0,0.20779868960380554,modal,cuda,SLTM:K562
BCLAF1,HepG2,chr1:156334921:A:G,0,0,0.4330921173095703,modal,cuda,SLTM:K562
BCLAF1,HepG2,chr1:160238682:T:C,0,0,-0.6456741094589233,modal,cuda,SLTM:K562
BCLAF1,HepG2,chr1:160293382:T:C,0,0,-0.9765769243240356,modal,cuda,SLTM:K562
BCLAF1,HepG2,chr1:160295878:G:C,0,0,-0.2733938694000244,modal,cuda,SLTM:K562
BCLAF1,HepG2,chr1:160297336:T:C,0,0,-0.4352595806121826,modal,cuda,SLTM:K562
BCLAF1,HepG2,chr1:160297765:G:A,0,0,0.6549005508422852,modal,cuda,SLTM:K562
BCLAF1,HepG2,chr1:160313067:A:G,0,0,0.0790109634399414,modal,cuda,SLTM:K562
BCLAF1,HepG2,chr1:161819835:C:G,0,0,0.3869292736053467,modal,cuda,SLTM:K562
BCLAF1,HepG2,chr1:161821166:G:C,1,0,0.6592812538146973,modal,cuda,SLTM:K562
BCLAF1,HepG2,chr1:162590324:A:C,0,0,0.39292120933532715,modal,cuda,SLTM:K562
BCLAF1,HepG2,chr1:162590419:G:A,0,0,-0.6263037919998169,modal,cuda,SLTM:K562
BCLAF1,HepG2,chr1:165759546:G:A,1,0,0.5547787547111511,modal,cuda,SLTM:K562
BCLAF1,HepG2,chr1:169546601:C:A,0,0,0.2811540365219116,modal,cuda,SLTM:K562
BCLAF1,HepG2,chr1:169558942:C:A,0,0,-0.5207245349884033,modal,cuda,SLTM:K562
BCLAF1,HepG2,chr1:174221067:A:G,0,0,-0.3923327624797821,modal,cuda,SLTM:K562
BCLAF1,HepG2,chr1:175008715:A:G,0,0,0.22042202949523926,modal,cuda,SLTM:K562
BCLAF1,HepG2,chr1:17622992:G:T,0,0,-0.4247065782546997,modal,cuda,SLTM:K562
BCLAF1,HepG2,chr1:180803395:C:T,0,0,0.6220874786376953,modal,cuda,SLTM:K562
BCLAF1,HepG2,chr1:182385715:A:G,0,0,0.23857998847961426,modal,cuda,SLTM:K562
BCLAF1,HepG2,chr1:182858115:C:T,1,0,-0.6679958701133728,modal,cuda,SLTM:K562
BCLAF1,HepG2,chr1:182858162:G:A,0,0,0.7202461957931519,modal,cuda,SLTM:K562
BCLAF1,HepG2,chr1:182876110:C:T,1,0,1.0726854801177979,modal,cuda,SLTM:K562
BCLAF1,HepG2,chr1:183132551:G:A,0,0,0.3039073944091797,modal,cuda,SLTM:K562
BCLAF1,HepG2,chr1:183136367:G:A,0,0,0.8223873376846313,modal,cuda,SLTM:K562
BCLAF1,HepG2,chr1:184721300:T:A,1,0,-0.45804643630981445,modal,cuda,SLTM:K562
BCLAF1,HepG2,chr1:184732874:G:A,0,0,0.9268009662628174,modal,cuda,SLTM:K562
BCLAF1,HepG2,chr1:19128202:A:G,0,0,-0.9590886831283569,modal,cuda,SLTM:K562
BCLAF1,HepG2,chr1:19147986:C:A,0,0,-0.5156300067901611,modal,cuda,SLTM:K562
BCLAF1,HepG2,chr1:19157805:G:A,0,0,-0.15126991271972656,modal,cuda,SLTM:K562
BCLAF1,HepG2,chr1:19162618:G:A,0,0,0.6480287909507751,modal,cuda,SLTM:K562
BCLAF1,HepG2,chr1:19165007:G:A,0,0,-0.46506422758102417,modal,cuda,SLTM:K562
BCLAF1,HepG2,chr1:19165363:T:C,0,0,-0.896198034286499,modal,cuda,SLTM:K562
BCLAF1,HepG2,chr1:19165646:C:T,0,0,0.1880655288696289,modal,cuda,SLTM:K562
BCLAF1,HepG2,chr1:19201715:T:C,0,0,0.3267083168029785,modal,cuda,SLTM:K562
BCLAF1,HepG2,chr1:193212495:C:G,0,0,0.2333783507347107,modal,cuda,SLTM:K562
BCLAF1,HepG2,chr1:197133615:A:G,0,0,-0.16369175910949707,modal,cuda,SLTM:K562
BCLAF1,HepG2,chr1:200598216:T:C,0,0,0.6229586601257324,modal,cuda,SLTM:K562
BCLAF1,HepG2,chr1:200598225:G:A,0,0,0.15348243713378906,modal,cuda,SLTM:K562
BCLAF1,HepG2,chr1:204549613:G:A,0,0,0.7209419012069702,modal,cuda,SLTM:K562
BCLAF1,HepG2,chr1:20744866:T:C,0,0,-0.551792323589325,modal,cuda,SLTM:K562
BCLAF1,HepG2,chr1:207785659:T:A,1,0,-0.6643927097320557,modal,cuda,SLTM:K562
BCLAF1,HepG2,chr1:207785684:T:A,1,0,-0.4074232578277588,modal,cuda,SLTM:K562
BCLAF1,HepG2,chr1:212895062:T:C,0,0,-0.18242311477661133,modal,cuda,SLTM:K562
BCLAF1,HepG2,chr1:213104476:C:A,0,0,0.3969144821166992,modal,cuda,SLTM:K562
BCLAF1,HepG2,chr1:213129907:T:C,0,0,0.3950294256210327,modal,cuda,SLTM:K562
BCLAF1,HepG2,chr1:213167847:T:C,0,0,0.15700066089630127,modal,cuda,SLTM:K562
BCLAF1,HepG2,chr1:213241036:G:A,0,0,0.20664620399475098,modal,cuda,SLTM:K562
BCLAF1,HepG2,chr1:213241112:G:C,0,0,-0.2884129285812378,modal,cuda,SLTM:K562
BCLAF1,HepG2,chr1:22501551:T:C,0,0,-0.522840142250061,modal,cuda,SLTM:K562
BCLAF1,HepG2,chr1:227030478:A:C,0,0,-0.34011220932006836,modal,cuda,SLTM:K562
BCLAF1,HepG2,chr1:23073280:G:T,0,0,-0.34971141815185547,modal,cuda,SLTM:K562
BCLAF1,HepG2,chr1:231275503:G:A,1,0,-1.1250284910202026,modal,cuda,SLTM:K562
BCLAF1,HepG2,chr1:231373965:A:G,0,0,-0.47255611419677734,modal,cuda,SLTM:K562
BCLAF1,HepG2,chr1:231373973:T:C,0,0,-0.5619513988494873,modal,cuda,SLTM:K562
BCLAF1,HepG2,chr1:231561210:A:G,0,0,0.2585371732711792,modal,cuda,SLTM:K562
BCLAF1,HepG2,chr1:235182498:G:A,0,0,-0.5255216956138611,modal,cuda,SLTM:K562
BCLAF1,HepG2,chr1:235414614:C:T,1,0,0.5078698992729187,modal,cuda,SLTM:K562
BCLAF1,HepG2,chr1:236803547:C:T,1,0,1.3044078350067139,modal,cuda,SLTM:K562
BCLAF1,HepG2,chr1:236816464:G:A,0,0,0.6440060138702393,modal,cuda,SLTM:K562
BCLAF1,HepG2,chr1:236825363:T:A,1,0,-1.0342886447906494,modal,cuda,SLTM:K562
BCLAF1,HepG2,chr1:236826841:G:A,0,0,0.4946177005767822,modal,cuda,SLTM:K562
BCLAF1,HepG2,chr1:236826895:A:G,1,0,-0.6856789588928223,modal,cuda,SLTM:K562
BCLAF1,HepG2,chr1:236861168:T:G,1,0,1.252625584602356,modal,cuda,SLTM:K562
BCLAF1,HepG2,chr1:236861188:C:T,1,0,1.3022269010543823,modal,cuda,SLTM:K562
BCLAF1,HepG2,chr1:236874861:T:C,0,0,-0.6794426441192627,modal,cuda,SLTM:K562
BCLAF1,HepG2,chr1:236897550:T:C,0,0,0.1777060627937317,modal,cuda,SLTM:K562
BCLAF1,HepG2,chr1:243304716:A:T,1,0,0.9363714456558228,modal,cuda,SLTM:K562
BCLAF1,HepG2,chr1:244843041:G:T,1,0,0.5649089813232422,modal,cuda,SLTM:K562
BCLAF1,HepG2,chr1:244843137:C:T,0,0,0.27453088760375977,modal,cuda,SLTM:K562
BCLAF1,HepG2,chr1:244843172:A:G,0,0,-0.36554771661758423,modal,cuda,SLTM:K562
BCLAF1,HepG2,chr1:244855614:A:T,0,0,0.16222667694091797,modal,cuda,SLTM:K562
BCLAF1,HepG2,chr1:244855889:T:G,0,0,-1.3052723407745361,modal,cuda,SLTM:K562
BCLAF1,HepG2,chr1:244856161:G:A,0,0,0.18754887580871582,modal,cuda,SLTM:K562
BCLAF1,HepG2,chr1:244856629:T:A,0,0,-0.18131494522094727,modal,cuda,SLTM:K562
BCLAF1,HepG2,chr1:244856718:T:G,0,0,-0.19180941581726074,modal,cuda,SLTM:K562
BCLAF1,HepG2,chr1:244856723:C:T,0,0,0.17933320999145508,modal,cuda,SLTM:K562
BCLAF1,HepG2,chr1:244856724:G:A,0,0,0.36144232749938965,modal,cuda,SLTM:K562
BCLAF1,HepG2,chr1:244856866:A:G,0,0,-0.5799919962882996,modal,cuda,SLTM:K562
BCLAF1,HepG2,chr1:244857593:C:T,0,0,-0.7261428833007812,modal,cuda,SLTM:K562
BCLAF1,HepG2,chr1:244858724:C:T,1,0,-0.5260165929794312,modal,cuda,SLTM:K562
BCLAF1,HepG2,chr1:244859251:A:C,0,0,-0.6184439063072205,modal,cuda,SLTM:K562
BCLAF1,HepG2,chr1:244860327:G:A,0,0,0.09773397445678711,modal,cuda,SLTM:K562
BCLAF1,HepG2,chr1:244860330:T:C,0,0,1.0143392086029053,modal,cuda,SLTM:K562
BCLAF1,HepG2,chr1:244860483:A:G,0,0,0.16600823402404785,modal,cuda,SLTM:K562
BCLAF1,HepG2,chr1:244862608:G:A,0,0,0.7619159817695618,modal,cuda,SLTM:K562
BCLAF1,HepG2,chr1:26432980:G:A,1,0,-0.49801063537597656,modal,cuda,SLTM:K562
BCLAF1,HepG2,chr1:26766572:G:A,0,0,0.17327946424484253,modal,cuda,SLTM:K562
BCLAF1,HepG2,chr1:28987461:G:A,0,0,0.6875622868537903,modal,cuda,SLTM:K562
BCLAF1,HepG2,chr1:28987557:A:G,0,0,0.29140275716781616,modal,cuda,SLTM:K562
BCLAF1,HepG2,chr1:28997275:G:T,1,0,-1.49636709690094,modal,cuda,SLTM:K562
BCLAF1,HepG2,chr1:32180465:A:G,0,0,0.13159310817718506,modal,cuda,SLTM:K562
BCLAF1,HepG2,chr1:32780294:G:A,0,0,1.448870301246643,modal,cuda,SLTM:K562
BCLAF1,HepG2,chr1:35189008:T:C,0,0,-0.3891414403915405,modal,cuda,SLTM:K562
BCLAF1,HepG2,chr1:35190780:T:C,0,0,-0.2242896854877472,modal,cuda,SLTM:K562
BCLAF1,HepG2,chr1:3826360:C:T,0,0,0.2986018657684326,modal,cuda,SLTM:K562
BCLAF1,HepG2,chr1:39001114:C:G,0,0,-0.25040245056152344,modal,cuda,SLTM:K562
BCLAF1,HepG2,chr1:39303095:G:A,0,0,0.3814812898635864,modal,cuda,SLTM:K562
BCLAF1,HepG2,chr1:39361019:A:G,0,0,0.17739319801330566,modal,cuda,SLTM:K562
BCLAF1,HepG2,chr1:39422905:G:A,0,0,-0.7929407358169556,modal,cuda,SLTM:K562
BCLAF1,HepG2,chr1:39424005:G:A,0,0,0.22466373443603516,modal,cuda,SLTM:K562
BCLAF1,HepG2,chr1:39448165:A:C,0,0,-0.20502018928527832,modal,cuda,SLTM:K562
BCLAF1,HepG2,chr1:39459254:T:C,0,0,-0.46226567029953003,modal,cuda,SLTM:K562
BCLAF1,HepG2,chr1:40307503:G:C,0,0,-0.25950509309768677,modal,cuda,SLTM:K562
BCLAF1,HepG2,chr1:40310095:G:A,0,0,0.12874794006347656,modal,cuda,SLTM:K562
BCLAF1,HepG2,chr1:41009488:G:C,0,0,0.30046898126602173,modal,cuda,SLTM:K562
BCLAF1,HepG2,chr1:41009515:A:G,0,0,-0.3608144521713257,modal,cuda,SLTM:K562
BCLAF1,HepG2,chr1:45607496:A:C,0,0,-0.23621535301208496,modal,cuda,SLTM:K562
BCLAF1,HepG2,chr1:52461623:T:A,0,0,0.34530043601989746,modal,cuda,SLTM:K562
BCLAF1,HepG2,chr1:52948032:C:T,1,0,0.15916496515274048,modal,cuda,SLTM:K562
BCLAF1,HepG2,chr1:52988011:C:T,0,0,0.24889850616455078,modal,cuda,SLTM:K562
BCLAF1,HepG2,chr1:56876220:G:T,0,0,0.5200039148330688,modal,cuda,SLTM:K562
BCLAF1,HepG2,chr1:58660162:G:T,0,0,-0.21547317504882812,modal,cuda,SLTM:K562
BCLAF1,HepG2,chr1:58660171:A:C,0,0,-0.5375332832336426,modal,cuda,SLTM:K562
BCLAF1,HepG2,chr1:58667234:C:T,0,0,0.4251255989074707,modal,cuda,SLTM:K562
BCLAF1,HepG2,chr1:58667830:T:A,0,0,-0.22836685180664062,modal,cuda,SLTM:K562
BCLAF1,HepG2,chr1:58668978:T:C,0,0,-0.5525224804878235,modal,cuda,SLTM:K562
BCLAF1,HepG2,chr1:58673657:T:C,0,0,-0.623009204864502,modal,cuda,SLTM:K562
BCLAF1,HepG2,chr1:58685269:G:A,0,0,-0.20565873384475708,modal,cuda,SLTM:K562
BCLAF1,HepG2,chr1:62510677:T:C,0,0,-0.25846433639526367,modal,cuda,SLTM:K562
BCLAF1,HepG2,chr1:62648398:A:C,0,0,-0.08335304260253906,modal,cuda,SLTM:K562
BCLAF1,HepG2,chr1:67052009:T:C,1,0,-0.7710269689559937,modal,cuda,SLTM:K562
BCLAF1,HepG2,chr1:75732682:C:T,1,0,0.26842737197875977,modal,cuda,SLTM:K562
BCLAF1,HepG2,chr1:75732688:T:C,1,0,-0.343536376953125,modal,cuda,SLTM:K562
BCLAF1,HepG2,chr1:75732751:T:C,0,0,0.25098586082458496,modal,cuda,SLTM:K562
BCLAF1,HepG2,chr1:75734772:T:A,1,0,-0.15712237358093262,modal,cuda,SLTM:K562
BCLAF1,HepG2,chr1:75734798:C:A,1,0,0.3180379867553711,modal,cuda,SLTM:K562
BCLAF1,HepG2,chr1:75734846:G:T,1,0,0.7276036739349365,modal,cuda,SLTM:K562
BCLAF1,HepG2,chr1:75734873:T:C,1,0,-1.6040252447128296,modal,cuda,SLTM:K562
BCLAF1,HepG2,chr1:75734873:T:G,1,0,-1.7115851640701294,modal,cuda,SLTM:K562
BCLAF1,HepG2,chr1:75739958:C:A,0,0,-0.37181127071380615,modal,cuda,SLTM:K562
BCLAF1,HepG2,chr1:75739988:T:G,0,0,0.4278392195701599,modal,cuda,SLTM:K562
BCLAF1,HepG2,chr1:75739995:G:T,1,0,1.1273030042648315,modal,cuda,SLTM:K562
BCLAF1,HepG2,chr1:75740000:T:G,0,0,-0.541395902633667,modal,cuda,SLTM:K562
BCLAF1,HepG2,chr1:75740014:A:G,1,0,-0.33194947242736816,modal,cuda,SLTM:K562
BCLAF1,HepG2,chr1:77962911:G:A,0,0,-0.43496134877204895,modal,cuda,SLTM:K562
BCLAF1,HepG2,chr1:8624304:G:A,0,0,0.3705718517303467,modal,cuda,SLTM:K562
BCLAF1,HepG2,chr1:90937849:A:G,0,0,0.3986656367778778,modal,cuda,SLTM:K562
BCLAF1,HepG2,chr1:90941120:C:T,0,0,0.8897773623466492,modal,cuda,SLTM:K562
BCLAF1,HepG2,chr1:90941218:T:C,0,0,-1.172890543937683,modal,cuda,SLTM:K562
BCLAF1,HepG2,chr1:92247100:C:A,1,0,2.302600145339966,modal,cuda,SLTM:K562
BCLAF1,HepG2,chr1:92290213:G:A,1,0,0.7377283573150635,modal,cuda,SLTM:K562
BCLAF1,HepG2,chr1:92297425:A:C,0,0,0.2435441017150879,modal,cuda,SLTM:K562
BCLAF1,HepG2,chr1:92297511:C:T,0,0,0.1347501277923584,modal,cuda,SLTM:K562
BCLAF1,HepG2,chr1:92833544:G:C,1,0,0.6014338135719299,modal,cuda,SLTM:K562
BCLAF1,HepG2,chr1:92833603:C:G,1,0,-0.7028231620788574,modal,cuda,SLTM:K562
BCLAF1,HepG2,chr1:92833632:G:C,1,0,0.32037806510925293,modal,cuda,SLTM:K562
BCLAF1,HepG2,chr1:92833658:C:T,1,0,-0.4782707691192627,modal,cuda,SLTM:K562
BCLAF1,HepG2,chr1:92836250:G:T,1,0,1.1446694135665894,modal,cuda,SLTM:K562
BCLAF1,HepG2,chr1:92837585:C:A,1,0,-0.4476895332336426,modal,cuda,SLTM:K562
BCLAF1,HepG2,chr1:92837592:C:T,1,0,0.5907039642333984,modal,cuda,SLTM:K562
BCLAF1,HepG2,chr1:92840587:C:T,1,0,0.625808835029602,modal,cuda,SLTM:K562
BCLAF1,HepG2,chr1:92841745:A:G,0,0,-0.2935967445373535,modal,cuda,SLTM:K562
BCLAF1,HepG2,chr1:92841757:C:A,0,0,-0.4577592611312866,modal,cuda,SLTM:K562
BCLAF1,HepG2,chr1:92841817:A:G,0,0,-0.3079344630241394,modal,cuda,SLTM:K562
BCLAF1,HepG2,chr1:93118449:G:A,0,0,0.4713311195373535,modal,cuda,SLTM:K562
BCLAF1,HepG2,chr1:93530747:G:T,0,0,0.41271066665649414,modal,cuda,SLTM:K562
BCLAF1,HepG2,chr1:94464884:T:C,0,0,-0.5472030639648438,modal,cuda,SLTM:K562
BCLAF1,HepG2,chr1:94506651:G:A,0,0,0.4708901643753052,modal,cuda,SLTM:K562
BCLAF1,HepG2,chr1:96769734:A:G,0,0,0.5964434146881104,modal,cuda,SLTM:K562
BCLAF1,HepG2,chr1:96785115:C:T,0,0,-0.3049430847167969,modal,cuda,SLTM:K562
BCLAF1,HepG2,chr1:99862421:C:G,1,0,0.6851487159729004,modal,cuda,SLTM:K562
BCLAF1,HepG2,chr20:13534052:C:T,0,0,0.3680083751678467,modal,cuda,SLTM:K562
BCLAF1,HepG2,chr20:13587326:C:A,0,0,-0.3225069046020508,modal,cuda,SLTM:K562
BCLAF1,HepG2,chr20:13625199:G:A,1,0,0.472251296043396,modal,cuda,SLTM:K562
BCLAF1,HepG2,chr20:13625256:A:T,0,0,0.1355668306350708,modal,cuda,SLTM:K562
BCLAF1,HepG2,chr20:13785231:C:A,1,0,0.19048961997032166,modal,cuda,SLTM:K562
BCLAF1,HepG2,chr20:13785288:G:T,1,0,0.3041776418685913,modal,cuda,SLTM:K562
BCLAF1,HepG2,chr20:13785298:C:G,0,0,-0.20220649242401123,modal,cuda,SLTM:K562
BCLAF1,HepG2,chr20:17970274:C:T,1,0,1.4430876970291138,modal,cuda,SLTM:K562
BCLAF1,HepG2,chr20:17988280:T:C,0,0,-0.3152279853820801,modal,cuda,SLTM:K562
BCLAF1,HepG2,chr20:18142268:C:G,0,0,0.3500417470932007,modal,cuda,SLTM:K562
BCLAF1,HepG2,chr20:18530812:A:G,0,0,-0.1745314598083496,modal,cuda,SLTM:K562
BCLAF1,HepG2,chr20:20048481:C:T,1,0,0.3063899278640747,modal,cuda,SLTM:K562
BCLAF1,HepG2,chr20:20048482:G:A,1,0,0.5870993137359619,modal,cuda,SLTM:K562
BCLAF1,HepG2,chr20:21136463:C:T,1,0,0.45488837361335754,modal,cuda,SLTM:K562
BCLAF1,HepG2,chr20:21136484:C:T,1,0,1.085516333580017,modal,cuda,SLTM:K562
BCLAF1,HepG2,chr20:21145597:A:G,0,0,-0.684132993221283,modal,cuda,SLTM:K562
BCLAF1,HepG2,chr20:21232723:G:A,0,0,0.3328973054885864,modal,cuda,SLTM:K562
BCLAF1,HepG2,chr20:23402998:C:T,1,0,-0.341436505317688,modal,cuda,SLTM:K562
BCLAF1,HepG2,chr20:2654858:T:C,0,0,-0.21908000111579895,modal,cuda,SLTM:K562
BCLAF1,HepG2,chr20:2657166:C:T,0,0,0.3104230761528015,modal,cuda,SLTM:K562
BCLAF1,HepG2,chr20:2657933:T:C,0,0,-0.5323763489723206,modal,cuda,SLTM:K562
BCLAF1,HepG2,chr20:2658081:G:A,0,0,0.26077723503112793,modal,cuda,SLTM:K562
BCLAF1,HepG2,chr20:2658084:C:T,0,0,0.6140447854995728,modal,cuda,SLTM:K562
BCLAF1,HepG2,chr20:2658234:G:A,0,0,0.6458409428596497,modal,cuda,SLTM:K562
BCLAF1,HepG2,chr20:2658236:T:C,0,0,0.7093688249588013,modal,cuda,SLTM:K562
BCLAF1,HepG2,chr20:2660340:G:A,1,0,0.30790162086486816,modal,cuda,SLTM:K562
BCLAF1,HepG2,chr20:33853561:T:C,0,0,-0.3345518112182617,modal,cuda,SLTM:K562
BCLAF1,HepG2,chr20:34408774:G:A,1,0,0.3654532730579376,modal,cuda,SLTM:K562
BCLAF1,HepG2,chr20:34412548:T:C,0,0,-0.8672710657119751,modal,cuda,SLTM:K562
BCLAF1,HepG2,chr20:34479809:T:A,0,0,0.09200525283813477,modal,cuda,SLTM:K562
BCLAF1,HepG2,chr20:35384111:C:T,0,0,0.7514446377754211,modal,cuda,SLTM:K562
BCLAF1,HepG2,chr20:35466146:G:A,1,0,0.23600327968597412,modal,cuda,SLTM:K562
BCLAF1,HepG2,chr20:35472734:T:A,1,0,-0.40854334831237793,modal,cuda,SLTM:K562
BCLAF1,HepG2,chr20:35473370:A:G,0,0,-1.0258742570877075,modal,cuda,SLTM:K562
BCLAF1,HepG2,chr20:35473949:C:T,1,0,0.2898975610733032,modal,cuda,SLTM:K562
BCLAF1,HepG2,chr20:35473991:C:T,1,0,0.5418906807899475,modal,cuda,SLTM:K562
BCLAF1,HepG2,chr20:35475582:C:A,1,0,0.6754145622253418,modal,cuda,SLTM:K562
BCLAF1,HepG2,chr20:35491196:C:G,0,0,-0.22476530075073242,modal,cuda,SLTM:K562
BCLAF1,HepG2,chr20:35497699:G:A,0,0,0.26933687925338745,modal,cuda,SLTM:K562
BCLAF1,HepG2,chr20:37777430:C:G,0,0,0.4231817424297333,modal,cuda,SLTM:K562
BCLAF1,HepG2,chr20:38499437:T:C,0,0,-0.7907931804656982,modal,cuda,SLTM:K562
BCLAF1,HepG2,chr20:41487827:C:T,0,0,0.8588600754737854,modal,cuda,SLTM:K562
BCLAF1,HepG2,chr20:41512842:A:G,0,0,-0.6640780568122864,modal,cuda,SLTM:K562
BCLAF1,HepG2,chr20:43460026:C:T,0,0,0.3423062562942505,modal,cuda,SLTM:K562
BCLAF1,HepG2,chr20:43460203:C:T,0,0,0.316810667514801,modal,cuda,SLTM:K562
BCLAF1,HepG2,chr20:44972066:C:G,0,0,0.46653175354003906,modal,cuda,SLTM:K562
BCLAF1,HepG2,chr20:48988288:G:A,0,0,0.7535384893417358,modal,cuda,SLTM:K562
BCLAF1,HepG2,chr20:49153924:A:C,0,0,-0.10905647277832031,modal,cuda,SLTM:K562
BCLAF1,HepG2,chr20:50942116:C:A,1,0,1.2665854692459106,modal,cuda,SLTM:K562
BCLAF1,HepG2,chr20:58441038:G:A,0,0,-0.28542840480804443,modal,cuda,SLTM:K562
BCLAF1,HepG2,chr20:58673636:A:T,0,0,0.7086316347122192,modal,cuda,SLTM:K562
BCLAF1,HepG2,chr20:58673672:C:G,0,0,-0.5742218494415283,modal,cuda,SLTM:K562
BCLAF1,HepG2,chr20:5944037:G:A,0,0,-0.2995896339416504,modal,cuda,SLTM:K562
BCLAF1,HepG2,chr20:6087773:T:C,1,0,-0.5489261150360107,modal,cuda,SLTM:K562
BCLAF1,HepG2,chr20:6112469:A:G,0,0,-0.14886951446533203,modal,cuda,SLTM:K562
BCLAF1,HepG2,chr20:62140809:G:A,0,0,0.7604104280471802,modal,cuda,SLTM:K562
BCLAF1,HepG2,chr20:62836349:G:A,0,0,-0.3372548818588257,modal,cuda,SLTM:K562
BCLAF1,HepG2,chr20:63662805:C:T,0,0,-1.0644567012786865,modal,cuda,SLTM:K562
BCLAF1,HepG2,chr20:63662886:G:T,1,0,-0.1964886486530304,modal,cuda,SLTM:K562
BCLAF1,HepG2,chr20:63666047:T:C,0,0,-0.36916446685791016,modal,cuda,SLTM:K562
BCLAF1,HepG2,chr20:63995103:A:G,0,0,-0.9947091341018677,modal,cuda,SLTM:K562
BCLAF1,HepG2,chr20:63995108:A:T,0,0,0.38373708724975586,modal,cuda,SLTM:K562
BCLAF1,HepG2,chr20:8646203:G:A,0,0,-0.6188592910766602,modal,cuda,SLTM:K562
BCLAF1,HepG2,chr20:8649470:A:G,0,0,-0.4156923294067383,modal,cuda,SLTM:K562
BCLAF1,HepG2,chr20:8697799:G:A,0,0,-0.45038360357284546,modal,cuda,SLTM:K562
BCLAF1,HepG2,chr20:8741450:T:G,0,0,-0.7426984310150146,modal,cuda,SLTM:K562
BCLAF1,HepG2,chr20:8788533:C:T,0,0,0.20044851303100586,modal,cuda,SLTM:K562
BCLAF1,HepG2,chr20:8790285:A:C,0,0,0.14197039604187012,modal,cuda,SLTM:K562
BCLAF1,HepG2,chr21:25975945:A:G,0,0,-0.547771692276001,modal,cuda,SLTM:K562
BCLAF1,HepG2,chr21:25976039:A:T,0,0,-0.19021892547607422,modal,cuda,SLTM:K562
BCLAF1,HepG2,chr21:25982324:G:A,0,0,-0.2863392233848572,modal,cuda,SLTM:K562
BCLAF1,HepG2,chr21:26000158:G:A,0,0,0.5619993209838867,modal,cuda,SLTM:K562
BCLAF1,HepG2,chr21:32603197:C:T,0,0,0.7613282203674316,modal,cuda,SLTM:K562
BCLAF1,HepG2,chr21:32604220:G:A,1,0,-0.9783707857131958,modal,cuda,SLTM:K562
BCLAF1,HepG2,chr21:32604303:G:A,0,0,1.408298134803772,modal,cuda,SLTM:K562
BCLAF1,HepG2,chr21:32607716:G:T,1,0,0.18463635444641113,modal,cuda,SLTM:K562
BCLAF1,HepG2,chr21:32607732:G:C,0,0,-0.7437666654586792,modal,cuda,SLTM:K562
BCLAF1,HepG2,chr21:32744819:T:G,0,0,-0.4375014305114746,modal,cuda,SLTM:K562
BCLAF1,HepG2,chr21:33263038:G:A,0,0,0.4458402693271637,modal,cuda,SLTM:K562
BCLAF1,HepG2,chr21:33263044:C:T,0,0,0.666463315486908,modal,cuda,SLTM:K562
BCLAF1,HepG2,chr21:33343257:T:C,0,0,-0.22063934803009033,modal,cuda,SLTM:K562
BCLAF1,HepG2,chr21:33355333:A:G,0,0,-0.6288805603981018,modal,cuda,SLTM:K562
BCLAF1,HepG2,chr21:33546246:A:G,0,0,-1.0066510438919067,modal,cuda,SLTM:K562
BCLAF1,HepG2,chr21:33549618:T:A,1,0,1.11842679977417,modal,cuda,SLTM:K562
BCLAF1,HepG2,chr21:33549625:C:T,1,0,0.5526998043060303,modal,cuda,SLTM:K562
BCLAF1,HepG2,chr21:33549634:G:T,1,0,1.1099437475204468,modal,cuda,SLTM:K562
BCLAF1,HepG2,chr21:33549650:C:T,0,0,0.6538294553756714,modal,cuda,SLTM:K562
BCLAF1,HepG2,chr21:33549679:T:C,0,0,0.6211199164390564,modal,cuda,SLTM:K562
BCLAF1,HepG2,chr21:33549715:C:T,0,0,0.44715172052383423,modal,cuda,SLTM:K562
BCLAF1,HepG2,chr21:33549729:G:T,0,0,0.6023739576339722,modal,cuda,SLTM:K562
BCLAF1,HepG2,chr21:33549782:C:T,0,0,0.24656063318252563,modal,cuda,SLTM:K562
BCLAF1,HepG2,chr21:33553885:G:A,0,0,-0.4437004029750824,modal,cuda,SLTM:K562
BCLAF1,HepG2,chr21:33554381:C:T,0,0,0.3648729920387268,modal,cuda,SLTM:K562
BCLAF1,HepG2,chr21:33554386:T:A,0,0,-0.16329830884933472,modal,cuda,SLTM:K562
BCLAF1,HepG2,chr21:33554495:C:G,0,0,-0.3220062255859375,modal,cuda,SLTM:K562
BCLAF1,HepG2,chr21:33554681:A:G,0,0,0.45159345865249634,modal,cuda,SLTM:K562
BCLAF1,HepG2,chr21:33554704:C:T,1,0,0.7531853318214417,modal,cuda,SLTM:K562
BCLAF1,HepG2,chr21:33554985:T:C,0,0,-0.2693166732788086,modal,cuda,SLTM:K562
BCLAF1,HepG2,chr21:33554992:C:T,1,0,0.387737512588501,modal,cuda,SLTM:K562
BCLAF1,HepG2,chr21:33554998:C:T,1,0,0.16424989700317383,modal,cuda,SLTM:K562
BCLAF1,HepG2,chr21:33555043:C:T,1,0,0.17638179659843445,modal,cuda,SLTM:K562
BCLAF1,HepG2,chr21:33557320:A:G,0,0,0.5231474041938782,modal,cuda,SLTM:K562
BCLAF1,HepG2,chr21:33559604:A:G,0,0,-0.6145764589309692,modal,cuda,SLTM:K562
BCLAF1,HepG2,chr21:33559629:T:C,0,0,0.4909122586250305,modal,cuda,SLTM:K562
BCLAF1,HepG2,chr21:33559727:A:G,0,0,0.5909887552261353,modal,cuda,SLTM:K562
BCLAF1,HepG2,chr21:33559779:A:C,0,0,-0.49977755546569824,modal,cuda,SLTM:K562
BCLAF1,HepG2,chr21:33573415:T:C,0,0,-0.5343945026397705,modal,cuda,SLTM:K562
BCLAF1,HepG2,chr21:33582064:T:C,1,0,-0.5101950168609619,modal,cuda,SLTM:K562
BCLAF1,HepG2,chr21:33750246:T:C,0,0,-0.2995948791503906,modal,cuda,SLTM:K562
BCLAF1,HepG2,chr21:37095344:T:C,0,0,-0.6409364342689514,modal,cuda,SLTM:K562
BCLAF1,HepG2,chr21:37126118:T:C,0,0,0.15455615520477295,modal,cuda,SLTM:K562
BCLAF1,HepG2,chr21:37129055:A:G,0,0,0.2714724540710449,modal,cuda,SLTM:K562
BCLAF1,HepG2,chr21:37144636:A:G,0,0,0.3373851776123047,modal,cuda,SLTM:K562
BCLAF1,HepG2,chr21:37197706:C:T,0,0,0.1687788963317871,modal,cuda,SLTM:K562
BCLAF1,HepG2,chr21:37486464:T:C,0,0,0.26726973056793213,modal,cuda,SLTM:K562
BCLAF1,HepG2,chr21:37486464:T:G,1,0,-0.3349783420562744,modal,cuda,SLTM:K562
BCLAF1,HepG2,chr21:37505276:C:T,0,0,-0.47353315353393555,modal,cuda,SLTM:K562
BCLAF1,HepG2,chr21:37505280:C:G,1,0,-1.2977070808410645,modal,cuda,SLTM:K562
BCLAF1,HepG2,chr21:39213562:C:G,0,0,0.6093273162841797,modal,cuda,SLTM:K562
BCLAF1,HepG2,chr21:39293802:C:G,0,0,-0.32543742656707764,modal,cuda,SLTM:K562
BCLAF1,HepG2,chr21:46251526:C:A,1,0,-0.49422621726989746,modal,cuda,SLTM:K562
BCLAF1,HepG2,chr21:46334436:C:T,1,0,0.685813307762146,modal,cuda,SLTM:K562
BCLAF1,HepG2,chr22:21964299:G:A,0,3,0.46772122383117676,modal,cuda,SLTM:K562
BCLAF1,HepG2,chr22:21971869:A:G,0,3,-0.8146216869354248,modal,cuda,SLTM:K562
BCLAF1,HepG2,chr22:24321443:C:T,0,3,0.4179326891899109,modal,cuda,SLTM:K562
BCLAF1,HepG2,chr22:24322011:A:G,0,3,-0.3439908027648926,modal,cuda,SLTM:K562
BCLAF1,HepG2,chr22:24322309:T:G,0,3,0.2542910873889923,modal,cuda,SLTM:K562
BCLAF1,HepG2,chr22:24322709:A:C,0,3,-0.5753350853919983,modal,cuda,SLTM:K562
BCLAF1,HepG2,chr22:24338420:G:A,0,3,0.3090825080871582,modal,cuda,SLTM:K562
BCLAF1,HepG2,chr22:26479280:G:C,1,3,0.6775205135345459,modal,cuda,SLTM:K562
BCLAF1,HepG2,chr22:28724966:A:G,0,3,0.2993372082710266,modal,cuda,SLTM:K562
BCLAF1,HepG2,chr22:28724980:T:A,1,3,0.7385518550872803,modal,cuda,SLTM:K562
BCLAF1,HepG2,chr22:28724986:T:A,1,3,1.749992847442627,modal,cuda,SLTM:K562
BCLAF1,HepG2,chr22:28724994:G:C,1,3,1.6446454524993896,modal,cuda,SLTM:K562
BCLAF1,HepG2,chr22:28724994:G:T,1,3,1.927962064743042,modal,cuda,SLTM:K562
BCLAF1,HepG2,chr22:28724999:T:G,0,3,-0.2443835735321045,modal,cuda,SLTM:K562
BCLAF1,HepG2,chr22:28725021:A:T,1,3,2.1822190284729004,modal,cuda,SLTM:K562
BCLAF1,HepG2,chr22:28725022:A:G,0,3,0.21283268928527832,modal,cuda,SLTM:K562
BCLAF1,HepG2,chr22:28725029:G:C,0,3,0.42832958698272705,modal,cuda,SLTM:K562
BCLAF1,HepG2,chr22:28725040:T:A,1,3,3.0771336555480957,modal,cuda,SLTM:K562
BCLAF1,HepG2,chr22:28725052:C:A,1,3,3.0682926177978516,modal,cuda,SLTM:K562
BCLAF1,HepG2,chr22:28725068:T:C,0,3,1.117738962173462,modal,cuda,SLTM:K562
BCLAF1,HepG2,chr22:28725083:A:G,0,3,-0.33224165439605713,modal,cuda,SLTM:K562
BCLAF1,HepG2,chr22:28725092:G:T,1,3,1.9667770862579346,modal,cuda,SLTM:K562
BCLAF1,HepG2,chr22:28725101:G:T,1,3,2.50142765045166,modal,cuda,SLTM:K562
BCLAF1,HepG2,chr22:28725104:A:T,0,3,0.5951824188232422,modal,cuda,SLTM:K562
BCLAF1,HepG2,chr22:29292471:C:G,0,3,-0.23598003387451172,modal,cuda,SLTM:K562
BCLAF1,HepG2,chr22:36300109:G:A,0,3,0.6231107711791992,modal,cuda,SLTM:K562
BCLAF1,HepG2,chr22:40265320:C:T,1,3,4.778204441070557,modal,cuda,SLTM:K562
BCLAF1,HepG2,chr22:40266980:G:C,0,3,0.31987035274505615,modal,cuda,SLTM:K562
BCLAF1,HepG2,chr22:40278049:G:C,1,3,1.1943936347961426,modal,cuda,SLTM:K562
BCLAF1,HepG2,chr22:41141036:A:G,1,3,-0.8301222324371338,modal,cuda,SLTM:K562
BCLAF1,HepG2,chr22:41141230:G:T,0,3,-0.3006258010864258,modal,cuda,SLTM:K562
BCLAF1,HepG2,chr22:41157156:C:T,0,3,0.3683052062988281,modal,cuda,SLTM:K562
BCLAF1,HepG2,chr22:41164133:A:G,0,3,-0.7275570631027222,modal,cuda,SLTM:K562
BCLAF1,HepG2,chr22:41168704:C:A,0,3,-0.6204886436462402,modal,cuda,SLTM:K562
BCLAF1,HepG2,chr22:41168712:A:G,1,3,-0.4248318672180176,modal,cuda,SLTM:K562
BCLAF1,HepG2,chr22:41170591:C:T,0,3,1.310668706893921,modal,cuda,SLTM:K562
BCLAF1,HepG2,chr22:41173605:C:T,0,3,0.9387249946594238,modal,cuda,SLTM:K562
BCLAF1,HepG2,chr22:41209772:G:C,0,3,-0.38607513904571533,modal,cuda,SLTM:K562
BCLAF1,HepG2,chr22:41647092:G:A,0,3,0.5151246786117554,modal,cuda,SLTM:K562
BCLAF1,HepG2,chr22:46350347:C:T,1,3,1.9301719665527344,modal,cuda,SLTM:K562
BCLAF1,HepG2,chr22:46350364:C:T,0,3,0.2050151824951172,modal,cuda,SLTM:K562
BCLAF1,HepG2,chr22:50224499:G:A,0,3,-0.32601678371429443,modal,cuda,SLTM:K562
BCLAF1,HepG2,chr22:50579755:C:A,1,3,1.7141482830047607,modal,cuda,SLTM:K562
BCLAF1,HepG2,chr22:50579976:G:A,1,3,1.809860348701477,modal,cuda,SLTM:K562
BCLAF1,HepG2,chr22:50579979:G:A,1,3,3.267518997192383,modal,cuda,SLTM:K562
BCLAF1,HepG2,chr2:101006165:C:A,0,4,0.3705875873565674,modal,cuda,SLTM:K562
BCLAF1,HepG2,chr2:101011463:C:T,0,4,0.45194339752197266,modal,cuda,SLTM:K562
BCLAF1,HepG2,chr2:101054214:G:A,0,4,-0.3217201232910156,modal,cuda,SLTM:K562
BCLAF1,HepG2,chr2:101831730:G:A,1,4,0.9310615062713623,modal,cuda,SLTM:K562
BCLAF1,HepG2,chr2:101831841:A:G,1,4,-0.471713125705719,modal,cuda,SLTM:K562
BCLAF1,HepG2,chr2:101844282:C:T,1,4,0.2412419319152832,modal,cuda,SLTM:K562
BCLAF1,HepG2,chr2:101887813:C:T,0,4,0.2688922882080078,modal,cuda,SLTM:K562
BCLAF1,HepG2,chr2:108452435:C:G,0,4,-0.3614795207977295,modal,cuda,SLTM:K562
BCLAF1,HepG2,chr2:108470358:A:G,0,4,0.23189425468444824,modal,cuda,SLTM:K562
BCLAF1,HepG2,chr2:108483075:C:G,0,4,-0.2841864824295044,modal,cuda,SLTM:K562
BCLAF1,HepG2,chr2:108752009:A:G,0,4,-0.08783817291259766,modal,cuda,SLTM:K562
BCLAF1,HepG2,chr2:111825773:T:C,0,4,-1.7492868900299072,modal,cuda,SLTM:K562
BCLAF1,HepG2,chr2:11193868:T:G,0,4,-0.19337868690490723,modal,cuda,SLTM:K562
BCLAF1,HepG2,chr2:111945070:C:T,0,4,0.47372233867645264,modal,cuda,SLTM:K562
BCLAF1,HepG2,chr2:11201419:T:C,0,4,-0.17830133438110352,modal,cuda,SLTM:K562
BCLAF1,HepG2,chr2:112550841:A:T,0,4,-0.40143465995788574,modal,cuda,SLTM:K562
BCLAF1,HepG2,chr2:112752314:T:C,0,4,-0.46703287959098816,modal,cuda,SLTM:K562
BCLAF1,HepG2,chr2:11771503:C:T,0,4,0.4053322672843933,modal,cuda,SLTM:K562
BCLAF1,HepG2,chr2:11771635:C:T,0,4,0.3816625475883484,modal,cuda,SLTM:K562
BCLAF1,HepG2,chr2:117821760:C:G,0,4,0.19102954864501953,modal,cuda,SLTM:K562
BCLAF1,HepG2,chr2:119946590:G:T,0,4,0.43144869804382324,modal,cuda,SLTM:K562
BCLAF1,HepG2,chr2:128129068:G:A,0,4,-0.5143544673919678,modal,cuda,SLTM:K562
BCLAF1,HepG2,chr2:128155519:T:C,1,4,0.4094400405883789,modal,cuda,SLTM:K562
BCLAF1,HepG2,chr2:128170312:A:T,0,4,0.28991252183914185,modal,cuda,SLTM:K562
BCLAF1,HepG2,chr2:128177917:A:G,0,4,0.4756743311882019,modal,cuda,SLTM:K562
BCLAF1,HepG2,chr2:128178569:G:A,1,4,0.8354430198669434,modal,cuda,SLTM:K562
BCLAF1,HepG2,chr2:128187578:C:T,0,4,-0.6068525910377502,modal,cuda,SLTM:K562
BCLAF1,HepG2,chr2:128187595:A:G,0,4,-0.4780803918838501,modal,cuda,SLTM:K562
BCLAF1,HepG2,chr2:128187608:C:T,1,4,0.8174113631248474,modal,cuda,SLTM:K562
BCLAF1,HepG2,chr2:135090993:T:G,1,4,-1.1201093196868896,modal,cuda,SLTM:K562
BCLAF1,HepG2,chr2:135164720:C:A,0,4,-0.37395668029785156,modal,cuda,SLTM:K562
BCLAF1,HepG2,chr2:135979383:C:T,0,4,0.6031420230865479,modal,cuda,SLTM:K562
BCLAF1,HepG2,chr2:142960779:G:A,0,4,0.3563387393951416,modal,cuda,SLTM:K562
BCLAF1,HepG2,chr2:147972798:G:C,0,4,-0.24305009841918945,modal,cuda,SLTM:K562
BCLAF1,HepG2,chr2:147975958:T:C,1,4,-0.3792320489883423,modal,cuda,SLTM:K562
BCLAF1,HepG2,chr2:148342233:A:T,0,4,0.3667562007904053,modal,cuda,SLTM:K562
BCLAF1,HepG2,chr2:15394305:G:T,1,4,0.8018266558647156,modal,cuda,SLTM:K562
BCLAF1,HepG2,chr2:15402193:C:A,1,4,0.7094466686248779,modal,cuda,SLTM:K562
BCLAF1,HepG2,chr2:15402213:C:G,0,4,-0.2833883762359619,modal,cuda,SLTM:K562
BCLAF1,HepG2,chr2:15402228:C:T,0,4,0.762209415435791,modal,cuda,SLTM:K562
BCLAF1,HepG2,chr2:15402229:G:A,1,4,1.2975468635559082,modal,cuda,SLTM:K562
BCLAF1,HepG2,chr2:15415617:C:A,1,4,1.1649353504180908,modal,cuda,SLTM:K562
BCLAF1,HepG2,chr2:15415638:C:G,0,4,-0.1667921543121338,modal,cuda,SLTM:K562
BCLAF1,HepG2,chr2:15415656:C:A,1,4,0.5622477531433105,modal,cuda,SLTM:K562
BCLAF1,HepG2,chr2:15415681:C:T,1,4,0.607231616973877,modal,cuda,SLTM:K562
BCLAF1,HepG2,chr2:15415708:A:G,0,4,-0.4633598327636719,modal,cuda,SLTM:K562
BCLAF1,HepG2,chr2:15461759:C:T,0,4,-0.1726059913635254,modal,cuda,SLTM:K562
BCLAF1,HepG2,chr2:15461781:C:G,0,4,0.689378023147583,modal,cuda,SLTM:K562
BCLAF1,HepG2,chr2:15467346:G:A,1,4,0.7542223930358887,modal,cuda,SLTM:K562
BCLAF1,HepG2,chr2:15467394:G:A,1,4,0.8386160731315613,modal,cuda,SLTM:K562
BCLAF1,HepG2,chr2:15467665:T:A,1,4,-0.30913639068603516,modal,cuda,SLTM:K562
BCLAF1,HepG2,chr2:15467683:T:A,1,4,0.6996698379516602,modal,cuda,SLTM:K562
BCLAF1,HepG2,chr2:15468401:T:A,1,4,1.7182109355926514,modal,cuda,SLTM:K562
BCLAF1,HepG2,chr2:15468413:A:G,0,4,0.8491606712341309,modal,cuda,SLTM:K562
BCLAF1,HepG2,chr2:15468449:G:A,1,4,0.9901063442230225,modal,cuda,SLTM:K562
BCLAF1,HepG2,chr2:15473333:C:T,0,4,0.4912121295928955,modal,cuda,SLTM:K562
BCLAF1,HepG2,chr2:15473336:T:C,0,4,-0.9511235356330872,modal,cuda,SLTM:K562
BCLAF1,HepG2,chr2:15474138:G:A,1,4,0.43181312084198,modal,cuda,SLTM:K562
BCLAF1,HepG2,chr2:15474280:T:C,0,4,1.03055739402771,modal,cuda,SLTM:K562
BCLAF1,HepG2,chr2:15474295:A:C,0,4,-0.5037025213241577,modal,cuda,SLTM:K562
BCLAF1,HepG2,chr2:15504147:G:A,1,4,0.6703283786773682,modal,cuda,SLTM:K562
BCLAF1,HepG2,chr2:15504166:G:C,1,4,0.9002766609191895,modal,cuda,SLTM:K562
BCLAF1,HepG2,chr2:15504208:C:T,0,4,1.0420904159545898,modal,cuda,SLTM:K562
BCLAF1,HepG2,chr2:15511306:G:C,1,4,-0.3565819263458252,modal,cuda,SLTM:K562
BCLAF1,HepG2,chr2:15534554:G:A,0,4,0.2186141014099121,modal,cuda,SLTM:K562
BCLAF1,HepG2,chr2:15534562:T:C,0,4,-0.2361750602722168,modal,cuda,SLTM:K562
BCLAF1,HepG2,chr2:15534565:C:T,0,4,-0.2765970230102539,modal,cuda,SLTM:K562
BCLAF1,HepG2,chr2:15534578:A:G,0,4,-0.8269338607788086,modal,cuda,SLTM:K562
BCLAF1,HepG2,chr2:15534655:G:A,0,4,-0.4158797264099121,modal,cuda,SLTM:K562
BCLAF1,HepG2,chr2:15536446:G:A,1,4,1.6868417263031006,modal,cuda,SLTM:K562
BCLAF1,HepG2,chr2:15539332:C:T,1,4,0.32677173614501953,modal,cuda,SLTM:K562
BCLAF1,HepG2,chr2:15551480:T:C,0,4,-0.49589717388153076,modal,cuda,SLTM:K562
BCLAF1,HepG2,chr2:15553414:A:C,0,4,0.16014039516448975,modal,cuda,SLTM:K562
BCLAF1,HepG2,chr2:15553470:A:T,0,4,-0.32886219024658203,modal,cuda,SLTM:K562
BCLAF1,HepG2,chr2:15553484:G:C,0,4,0.19703245162963867,modal,cuda,SLTM:K562
BCLAF1,HepG2,chr2:15554052:C:G,0,4,0.1345195770263672,modal,cuda,SLTM:K562
BCLAF1,HepG2,chr2:15554053:T:C,0,4,-0.275928258895874,modal,cuda,SLTM:K562
BCLAF1,HepG2,chr2:159163390:C:T,0,4,0.744908332824707,modal,cuda,SLTM:K562
BCLAF1,HepG2,chr2:159439221:C:T,0,4,0.49405860900878906,modal,cuda,SLTM:K562
BCLAF1,HepG2,chr2:162008558:A:G,0,4,-0.7367665767669678,modal,cuda,SLTM:K562
BCLAF1,HepG2,chr2:162009238:C:T,0,4,0.9619360566139221,modal,cuda,SLTM:K562
BCLAF1,HepG2,chr2:165898670:A:G,0,4,0.27381205558776855,modal,cuda,SLTM:K562
BCLAF1,HepG2,chr2:165907803:T:G,0,4,0.9750547409057617,modal,cuda,SLTM:K562
BCLAF1,HepG2,chr2:165913561:T:C,0,4,-0.9290285110473633,modal,cuda,SLTM:K562
BCLAF1,HepG2,chr2:165929627:G:C,0,4,-0.7362644672393799,modal,cuda,SLTM:K562
BCLAF1,HepG2,chr2:165998033:C:T,1,4,-0.4445565938949585,modal,cuda,SLTM:K562
BCLAF1,HepG2,chr2:165998040:T:A,1,4,-0.10059547424316406,modal,cuda,SLTM:K562
BCLAF1,HepG2,chr2:165998047:C:G,1,4,0.22553277015686035,modal,cuda,SLTM:K562
BCLAF1,HepG2,chr2:165998049:G:T,1,4,-0.20716643333435059,modal,cuda,SLTM:K562
BCLAF1,HepG2,chr2:165998061:T:C,1,4,0.47658610343933105,modal,cuda,SLTM:K562
BCLAF1,HepG2,chr2:165998065:T:C,1,4,0.4287540912628174,modal,cuda,SLTM:K562
BCLAF1,HepG2,chr2:165998069:A:T,1,4,0.22334766387939453,modal,cuda,SLTM:K562
BCLAF1,HepG2,chr2:165998075:C:A,1,4,-0.7163255214691162,modal,cuda,SLTM:K562
BCLAF1,HepG2,chr2:165998086:G:T,1,4,-0.254345178604126,modal,cuda,SLTM:K562
BCLAF1,HepG2,chr2:165998087:T:C,1,4,0.13189268112182617,modal,cuda,SLTM:K562
BCLAF1,HepG2,chr2:165998091:A:C,1,4,-1.0102348327636719,modal,cuda,SLTM:K562
BCLAF1,HepG2,chr2:165998096:A:G,1,4,0.17242097854614258,modal,cuda,SLTM:K562
BCLAF1,HepG2,chr2:165998099:A:G,1,4,0.38811397552490234,modal,cuda,SLTM:K562
BCLAF1,HepG2,chr2:165998102:G:A,1,4,-0.049855947494506836,modal,cuda,SLTM:K562
BCLAF1,HepG2,chr2:165998121:T:C,0,4,0.10843420028686523,modal,cuda,SLTM:K562
BCLAF1,HepG2,chr2:165998124:C:G,0,4,0.3906588554382324,modal,cuda,SLTM:K562
BCLAF1,HepG2,chr2:165998127:A:G,1,4,-0.43517494201660156,modal,cuda,SLTM:K562
BCLAF1,HepG2,chr2:165998128:G:C,1,4,0.814509391784668,modal,cuda,SLTM:K562
BCLAF1,HepG2,chr2:165998130:A:G,1,4,0.6625264286994934,modal,cuda,SLTM:K562
BCLAF1,HepG2,chr2:165998134:A:T,1,4,-1.0188440084457397,modal,cuda,SLTM:K562
BCLAF1,HepG2,chr2:165998140:G:T,1,4,-0.4084339141845703,modal,cuda,SLTM:K562
BCLAF1,HepG2,chr2:165998154:C:T,1,4,0.8614481091499329,modal,cuda,SLTM:K562
BCLAF1,HepG2,chr2:165998155:A:C,1,4,-0.7887313961982727,modal,cuda,SLTM:K562
BCLAF1,HepG2,chr2:165998156:T:C,1,4,-0.9252427816390991,modal,cuda,SLTM:K562
BCLAF1,HepG2,chr2:165998163:G:C,1,4,-0.23571395874023438,modal,cuda,SLTM:K562
BCLAF1,HepG2,chr2:165998163:G:T,1,4,0.10418367385864258,modal,cuda,SLTM:K562
BCLAF1,HepG2,chr2:165998166:G:A,1,4,1.470947504043579,modal,cuda,SLTM:K562
BCLAF1,HepG2,chr2:165999718:C:A,1,4,0.985175609588623,modal,cuda,SLTM:K562
BCLAF1,HepG2,chr2:165999719:T:G,1,4,-0.727989912033081,modal,cuda,SLTM:K562
BCLAF1,HepG2,chr2:165999728:T:A,1,4,0.55609130859375,modal,cuda,SLTM:K562
BCLAF1,HepG2,chr2:165999730:G:T,1,4,-0.21998023986816406,modal,cuda,SLTM:K562
BCLAF1,HepG2,chr2:165999733:T:C,1,4,0.20577454566955566,modal,cuda,SLTM:K562
BCLAF1,HepG2,chr2:165999743:C:T,1,4,-0.2412111759185791,modal,cuda,SLTM:K562
BCLAF1,HepG2,chr2:165999759:C:T,1,4,0.5167145729064941,modal,cuda,SLTM:K562
BCLAF1,HepG2,chr2:165999760:C:T,1,4,0.557898759841919,modal,cuda,SLTM:K562
BCLAF1,HepG2,chr2:165999764:C:G,1,4,-0.8133335113525391,modal,cuda,SLTM:K562
BCLAF1,HepG2,chr2:165999766:T:A,1,4,0.15754938125610352,modal,cuda,SLTM:K562
BCLAF1,HepG2,chr2:165999769:A:G,1,4,-0.976941704750061,modal,cuda,SLTM:K562
BCLAF1,HepG2,chr2:165999775:G:A,1,4,0.15716791152954102,modal,cuda,SLTM:K562
BCLAF1,HepG2,chr2:165999776:C:T,1,4,-0.6656479835510254,modal,cuda,SLTM:K562
BCLAF1,HepG2,chr2:166009771:G:C,1,4,0.4566066265106201,modal,cuda,SLTM:K562
BCLAF1,HepG2,chr2:166009784:T:A,1,4,1.0220448970794678,modal,cuda,SLTM:K562
BCLAF1,HepG2,chr2:166009792:C:T,1,4,0.21249985694885254,modal,cuda,SLTM:K562
BCLAF1,HepG2,chr2:166009795:A:T,1,4,0.6731178760528564,modal,cuda,SLTM:K562
BCLAF1,HepG2,chr2:166009801:G:C,1,4,-0.595032274723053,modal,cuda,SLTM:K562
BCLAF1,HepG2,chr2:166009822:G:C,1,4,-0.9264630079269409,modal,cuda,SLTM:K562
BCLAF1,HepG2,chr2:166009837:G:C,1,4,-0.9577431678771973,modal,cuda,SLTM:K562
BCLAF1,HepG2,chr2:166013834:C:T,1,4,1.052849292755127,modal,cuda,SLTM:K562
BCLAF1,HepG2,chr2:166013835:C:T,1,4,0.40617334842681885,modal,cuda,SLTM:K562
BCLAF1,HepG2,chr2:166013837:C:T,1,4,0.5053567886352539,modal,cuda,SLTM:K562
BCLAF1,HepG2,chr2:166013838:C:T,1,4,0.3489866256713867,modal,cuda,SLTM:K562
BCLAF1,HepG2,chr2:166013839:A:G,1,4,-0.7951425909996033,modal,cuda,SLTM:K562
BCLAF1,HepG2,chr2:166013842:G:A,1,4,0.9637739658355713,modal,cuda,SLTM:K562
BCLAF1,HepG2,chr2:166013873:A:T,1,4,-0.5363125801086426,modal,cuda,SLTM:K562
BCLAF1,HepG2,chr2:166015596:C:A,0,4,-0.751907467842102,modal,cuda,SLTM:K562
BCLAF1,HepG2,chr2:166015631:C:A,1,4,1.0351886749267578,modal,cuda,SLTM:K562
BCLAF1,HepG2,chr2:166015640:C:A,1,4,0.919715166091919,modal,cuda,SLTM:K562
BCLAF1,HepG2,chr2:166036043:C:T,1,4,0.2950632572174072,modal,cuda,SLTM:K562
BCLAF1,HepG2,chr2:166036070:G:T,1,4,1.9684361219406128,modal,cuda,SLTM:K562
BCLAF1,HepG2,chr2:166036074:C:A,1,4,1.1239956617355347,modal,cuda,SLTM:K562
BCLAF1,HepG2,chr2:166036097:A:C,1,4,1.1835718154907227,modal,cuda,SLTM:K562
BCLAF1,HepG2,chr2:166036278:C:T,0,4,-0.21872568130493164,modal,cuda,SLTM:K562
BCLAF1,HepG2,chr2:166036294:A:T,1,4,0.8257651329040527,modal,cuda,SLTM:K562
BCLAF1,HepG2,chr2:166036305:T:A,1,4,1.267440915107727,modal,cuda,SLTM:K562
BCLAF1,HepG2,chr2:166036338:C:A,1,4,-0.6077828407287598,modal,cuda,SLTM:K562
BCLAF1,HepG2,chr2:166036353:G:A,1,4,0.5999433994293213,modal,cuda,SLTM:K562
BCLAF1,HepG2,chr2:166036371:G:A,1,4,0.4533257484436035,modal,cuda,SLTM:K562
BCLAF1,HepG2,chr2:166036374:G:A,1,4,0.325040340423584,modal,cuda,SLTM:K562
BCLAF1,HepG2,chr2:166036383:C:A,1,4,-0.6176544427871704,modal,cuda,SLTM:K562
BCLAF1,HepG2,chr2:166036384:A:T,1,4,0.22633624076843262,modal,cuda,SLTM:K562
BCLAF1,HepG2,chr2:166036494:A:G,1,4,-0.6179064512252808,modal,cuda,SLTM:K562
BCLAF1,HepG2,chr2:166036503:G:T,1,4,0.5557436943054199,modal,cuda,SLTM:K562
BCLAF1,HepG2,chr2:166036516:A:T,1,4,-0.5415642261505127,modal,cuda,SLTM:K562
BCLAF1,HepG2,chr2:166036521:G:A,1,4,0.5222125053405762,modal,cuda,SLTM:K562
BCLAF1,HepG2,chr2:166036521:G:C,1,4,-0.41731691360473633,modal,cuda,SLTM:K562
BCLAF1,HepG2,chr2:166036526:A:G,1,4,-0.6943163871765137,modal,cuda,SLTM:K562
BCLAF1,HepG2,chr2:166036527:G:C,1,4,-0.5142090320587158,modal,cuda,SLTM:K562
BCLAF1,HepG2,chr2:166041354:A:G,0,4,-0.33809328079223633,modal,cuda,SLTM:K562
BCLAF1,HepG2,chr2:166041374:T:G,1,4,-0.17004823684692383,modal,cuda,SLTM:K562
BCLAF1,HepG2,chr2:166041380:T:A,1,4,0.3621087074279785,modal,cuda,SLTM:K562
BCLAF1,HepG2,chr2:166041382:A:C,1,4,-0.39363527297973633,modal,cuda,SLTM:K562
BCLAF1,HepG2,chr2:166041385:C:A,1,4,0.12496185302734375,modal,cuda,SLTM:K562
BCLAF1,HepG2,chr2:166041385:C:T,1,4,0.2528188228607178,modal,cuda,SLTM:K562
BCLAF1,HepG2,chr2:166041387:A:C,1,4,0.35595154762268066,modal,cuda,SLTM:K562
BCLAF1,HepG2,chr2:166041402:C:T,1,4,-0.5392382144927979,modal,cuda,SLTM:K562
BCLAF1,HepG2,chr2:166041403:C:T,1,4,0.4522371292114258,modal,cuda,SLTM:K562
BCLAF1,HepG2,chr2:166041429:A:C,1,4,-0.371401309967041,modal,cuda,SLTM:K562
BCLAF1,HepG2,chr2:166041432:C:T,1,4,-0.40615320205688477,modal,cuda,SLTM:K562
BCLAF1,HepG2,chr2:166041433:C:A,1,4,-0.3597673773765564,modal,cuda,SLTM:K562
BCLAF1,HepG2,chr2:166041433:C:T,1,4,0.38635945320129395,modal,cuda,SLTM:K562
BCLAF1,HepG2,chr2:166041452:G:A,1,4,0.44581031799316406,modal,cuda,SLTM:K562
BCLAF1,HepG2,chr2:166041479:G:A,0,4,0.5146632790565491,modal,cuda,SLTM:K562
BCLAF1,HepG2,chr2:166042275:T:C,0,4,0.15158557891845703,modal,cuda,SLTM:K562
BCLAF1,HepG2,chr2:166042289:A:T,1,4,0.18596744537353516,modal,cuda,SLTM:K562
BCLAF1,HepG2,chr2:166042292:C:A,1,4,0.5576605796813965,modal,cuda,SLTM:K562
BCLAF1,HepG2,chr2:166042295:C:A,1,4,0.47476911544799805,modal,cuda,SLTM:K562
BCLAF1,HepG2,chr2:166042334:G:A,1,4,0.7540392875671387,modal,cuda,SLTM:K562
BCLAF1,HepG2,chr2:166042337:G:A,1,4,0.4247159957885742,modal,cuda,SLTM:K562
BCLAF1,HepG2,chr2:166043742:G:A,1,4,1.0079774856567383,modal,cuda,SLTM:K562
BCLAF1,HepG2,chr2:166043754:A:T,1,4,1.2530728578567505,modal,cuda,SLTM:K562
BCLAF1,HepG2,chr2:166043829:G:T,1,4,0.9838130474090576,modal,cuda,SLTM:K562
BCLAF1,HepG2,chr2:166043836:T:C,1,4,-0.7235578894615173,modal,cuda,SLTM:K562
BCLAF1,HepG2,chr2:166043864:C:G,1,4,-0.5514094829559326,modal,cuda,SLTM:K562
BCLAF1,HepG2,chr2:166043869:C:A,1,4,0.5531066060066223,modal,cuda,SLTM:K562
BCLAF1,HepG2,chr2:166043875:G:A,1,4,-0.4367799758911133,modal,cuda,SLTM:K562
BCLAF1,HepG2,chr2:166043878:G:A,1,4,0.4628674387931824,modal,cuda,SLTM:K562
BCLAF1,HepG2,chr2:166043908:C:A,1,4,1.6104106903076172,modal,cuda,SLTM:K562
BCLAF1,HepG2,chr2:166043974:G:A,1,4,1.9527323246002197,modal,cuda,SLTM:K562
BCLAF1,HepG2,chr2:166044010:G:A,1,4,0.6421658992767334,modal,cuda,SLTM:K562
BCLAF1,HepG2,chr2:166045043:C:G,1,4,0.39946484565734863,modal,cuda,SLTM:K562
BCLAF1,HepG2,chr2:166045043:C:T,1,4,0.39322829246520996,modal,cuda,SLTM:K562
BCLAF1,HepG2,chr2:166045070:A:C,1,4,-1.5766923427581787,modal,cuda,SLTM:K562
BCLAF1,HepG2,chr2:166045070:A:T,1,4,-1.1143083572387695,modal,cuda,SLTM:K562
BCLAF1,HepG2,chr2:166045081:G:A,1,4,0.9612371921539307,modal,cuda,SLTM:K562
BCLAF1,HepG2,chr2:166045144:G:A,1,4,1.594252347946167,modal,cuda,SLTM:K562
BCLAF1,HepG2,chr2:166045151:A:C,0,4,-0.4481336176395416,modal,cuda,SLTM:K562
BCLAF1,HepG2,chr2:166046760:G:A,0,4,0.4134119153022766,modal,cuda,SLTM:K562
BCLAF1,HepG2,chr2:166046793:T:A,1,4,0.5588316321372986,modal,cuda,SLTM:K562
BCLAF1,HepG2,chr2:166046799:G:A,1,4,0.14501190185546875,modal,cuda,SLTM:K562
BCLAF1,HepG2,chr2:166046802:C:A,1,4,-0.9316114187240601,modal,cuda,SLTM:K562
BCLAF1,HepG2,chr2:166046814:G:A,1,4,-0.4508204758167267,modal,cuda,SLTM:K562
BCLAF1,HepG2,chr2:166046820:C:A,1,4,0.5952329635620117,modal,cuda,SLTM:K562
BCLAF1,HepG2,chr2:166046832:G:A,1,4,0.4317481517791748,modal,cuda,SLTM:K562
BCLAF1,HepG2,chr2:166046841:C:A,1,4,0.5449590682983398,modal,cuda,SLTM:K562
BCLAF1,HepG2,chr2:166046862:G:A,1,4,0.6902003288269043,modal,cuda,SLTM:K562
BCLAF1,HepG2,chr2:166046862:G:T,1,4,0.5652750730514526,modal,cuda,SLTM:K562
BCLAF1,HepG2,chr2:166046869:G:C,1,4,0.4001033306121826,modal,cuda,SLTM:K562
BCLAF1,HepG2,chr2:166046869:G:T,1,4,0.6326630115509033,modal,cuda,SLTM:K562
BCLAF1,HepG2,chr2:166046871:A:G,1,4,-0.7264803647994995,modal,cuda,SLTM:K562
BCLAF1,HepG2,chr2:166046882:A:G,1,4,-0.5657764673233032,modal,cuda,SLTM:K562
BCLAF1,HepG2,chr2:166046883:C:A,1,4,-0.18731212615966797,modal,cuda,SLTM:K562
BCLAF1,HepG2,chr2:166046899:A:C,1,4,0.3111222982406616,modal,cuda,SLTM:K562
BCLAF1,HepG2,chr2:166046899:A:T,1,4,-0.4616554379463196,modal,cuda,SLTM:K562
BCLAF1,HepG2,chr2:166046910:A:T,1,4,0.13299107551574707,modal,cuda,SLTM:K562
BCLAF1,HepG2,chr2:166046913:A:C,1,4,-0.08937668800354004,modal,cuda,SLTM:K562
BCLAF1,HepG2,chr2:166046915:G:A,1,4,-0.0936509370803833,modal,cuda,SLTM:K562
BCLAF1,HepG2,chr2:166046915:G:T,1,4,-1.0750274658203125,modal,cuda,SLTM:K562
BCLAF1,HepG2,chr2:166046930:A:G,1,4,0.21140527725219727,modal,cuda,SLTM:K562
BCLAF1,HepG2,chr2:166046935:T:C,0,4,-0.15697526931762695,modal,cuda,SLTM:K562
BCLAF1,HepG2,chr2:166046941:A:T,1,4,0.5016555786132812,modal,cuda,SLTM:K562
BCLAF1,HepG2,chr2:166046948:A:G,1,4,-1.1933844089508057,modal,cuda,SLTM:K562
BCLAF1,HepG2,chr2:166046948:A:T,1,4,-0.21579265594482422,modal,cuda,SLTM:K562
BCLAF1,HepG2,chr2:166047716:C:A,1,4,0.3900423049926758,modal,cuda,SLTM:K562
BCLAF1,HepG2,chr2:166047721:T:A,1,4,0.4758751392364502,modal,cuda,SLTM:K562
BCLAF1,HepG2,chr2:166047725:G:A,1,4,0.24350321292877197,modal,cuda,SLTM:K562
BCLAF1,HepG2,chr2:166047733:C:T,1,4,-0.4922144412994385,modal,cuda,SLTM:K562
BCLAF1,HepG2,chr2:166047749:T:C,1,4,-0.3024930953979492,modal,cuda,SLTM:K562
BCLAF1,HepG2,chr2:166047750:A:C,1,4,0.6141934394836426,modal,cuda,SLTM:K562
BCLAF1,HepG2,chr2:166047750:A:T,1,4,0.5620548725128174,modal,cuda,SLTM:K562
BCLAF1,HepG2,chr2:166047751:T:C,1,4,-0.17708468437194824,modal,cuda,SLTM:K562
BCLAF1,HepG2,chr2:166047755:C:A,1,4,2.124238967895508,modal,cuda,SLTM:K562
BCLAF1,HepG2,chr2:166047761:G:A,1,4,1.0510292053222656,modal,cuda,SLTM:K562
BCLAF1,HepG2,chr2:166047763:C:T,1,4,1.0068585872650146,modal,cuda,SLTM:K562
BCLAF1,HepG2,chr2:166047764:A:G,1,4,0.7868139743804932,modal,cuda,SLTM:K562
BCLAF1,HepG2,chr2:166047767:G:A,1,4,1.1264219284057617,modal,cuda,SLTM:K562
BCLAF1,HepG2,chr2:166047780:G:A,0,4,0.16440773010253906,modal,cuda,SLTM:K562
BCLAF1,HepG2,chr2:166048865:A:G,0,4,0.0990762710571289,modal,cuda,SLTM:K562
BCLAF1,HepG2,chr2:166048887:C:A,1,4,-0.3976011276245117,modal,cuda,SLTM:K562
BCLAF1,HepG2,chr2:166048887:C:G,1,4,-0.6862282752990723,modal,cuda,SLTM:K562
BCLAF1,HepG2,chr2:166048889:G:A,1,4,0.34262943267822266,modal,cuda,SLTM:K562
BCLAF1,HepG2,chr2:166048895:G:A,1,4,0.3314023017883301,modal,cuda,SLTM:K562
BCLAF1,HepG2,chr2:166048895:G:T,1,4,0.24671554565429688,modal,cuda,SLTM:K562
BCLAF1,HepG2,chr2:166048896:A:G,1,4,-0.5257129669189453,modal,cuda,SLTM:K562
BCLAF1,HepG2,chr2:166048901:T:C,1,4,-0.21046781539916992,modal,cuda,SLTM:K562
BCLAF1,HepG2,chr2:166048904:C:G,1,4,0.3150660991668701,modal,cuda,SLTM:K562
BCLAF1,HepG2,chr2:166048904:C:T,1,4,-0.289351224899292,modal,cuda,SLTM:K562
BCLAF1,HepG2,chr2:166048906:A:T,1,4,0.6388843059539795,modal,cuda,SLTM:K562
BCLAF1,HepG2,chr2:166048907:C:T,1,4,-0.36045360565185547,modal,cuda,SLTM:K562
BCLAF1,HepG2,chr2:166048913:A:G,1,4,-1.3497380018234253,modal,cuda,SLTM:K562
BCLAF1,HepG2,chr2:166048932:C:A,1,4,0.5527443885803223,modal,cuda,SLTM:K562
BCLAF1,HepG2,chr2:166048940:T:C,1,4,0.3600349426269531,modal,cuda,SLTM:K562
BCLAF1,HepG2,chr2:166048944:G:T,1,4,-0.4086649417877197,modal,cuda,SLTM:K562
BCLAF1,HepG2,chr2:166048945:A:C,1,4,-0.9421122074127197,modal,cuda,SLTM:K562
BCLAF1,HepG2,chr2:166048949:C:A,1,4,0.9508757591247559,modal,cuda,SLTM:K562
BCLAF1,HepG2,chr2:166048954:T:C,1,4,0.37154054641723633,modal,cuda,SLTM:K562
BCLAF1,HepG2,chr2:166051841:G:A,1,4,0.2705061435699463,modal,cuda,SLTM:K562
BCLAF1,HepG2,chr2:166051841:G:C,1,4,-0.5536441802978516,modal,cuda,SLTM:K562
BCLAF1,HepG2,chr2:166051842:G:A,1,4,0.2686464786529541,modal,cuda,SLTM:K562
BCLAF1,HepG2,chr2:166051843:C:T,1,4,0.39104700088500977,modal,cuda,SLTM:K562
BCLAF1,HepG2,chr2:166051844:C:T,1,4,-0.4108459949493408,modal,cuda,SLTM:K562
BCLAF1,HepG2,chr2:166051845:A:G,1,4,-0.762864351272583,modal,cuda,SLTM:K562
BCLAF1,HepG2,chr2:166051848:G:A,1,4,-0.7178919315338135,modal,cuda,SLTM:K562
BCLAF1,HepG2,chr2:166051854:A:G,1,4,-0.5879180431365967,modal,cuda,SLTM:K562
BCLAF1,HepG2,chr2:166051855:T:G,1,4,-0.6186721324920654,modal,cuda,SLTM:K562
BCLAF1,HepG2,chr2:166051857:T:C,1,4,-0.7214028835296631,modal,cuda,SLTM:K562
BCLAF1,HepG2,chr2:166051857:T:G,1,4,-0.6574277877807617,modal,cuda,SLTM:K562
BCLAF1,HepG2,chr2:166051871:C:T,1,4,0.3300211429595947,modal,cuda,SLTM:K562
BCLAF1,HepG2,chr2:166051884:G:A,1,4,0.5726380348205566,modal,cuda,SLTM:K562
BCLAF1,HepG2,chr2:166051896:G:C,1,4,0.23979783058166504,modal,cuda,SLTM:K562
BCLAF1,HepG2,chr2:166051928:A:G,1,4,-0.14215683937072754,modal,cuda,SLTM:K562
BCLAF1,HepG2,chr2:166051936:A:C,1,4,0.34583592414855957,modal,cuda,SLTM:K562
BCLAF1,HepG2,chr2:166051943:A:G,1,4,-0.49366188049316406,modal,cuda,SLTM:K562
BCLAF1,HepG2,chr2:166051944:G:C,1,4,-0.1437971591949463,modal,cuda,SLTM:K562
BCLAF1,HepG2,chr2:166051955:G:T,1,4,0.4205965995788574,modal,cuda,SLTM:K562
BCLAF1,HepG2,chr2:166051967:G:A,1,4,0.1681842803955078,modal,cuda,SLTM:K562
BCLAF1,HepG2,chr2:166051967:G:C,1,4,-0.45122241973876953,modal,cuda,SLTM:K562
BCLAF1,HepG2,chr2:166051967:G:T,1,4,-0.3413228988647461,modal,cuda,SLTM:K562
BCLAF1,HepG2,chr2:166051968:C:T,1,4,0.14785552024841309,modal,cuda,SLTM:K562
BCLAF1,HepG2,chr2:166051970:C:A,1,4,0.7247328758239746,modal,cuda,SLTM:K562
BCLAF1,HepG2,chr2:166051980:T:C,1,4,-0.23614501953125,modal,cuda,SLTM:K562
BCLAF1,HepG2,chr2:166051985:A:C,1,4,-0.5676405429840088,modal,cuda,SLTM:K562
BCLAF1,HepG2,chr2:166052887:A:T,1,4,0.6363055109977722,modal,cuda,SLTM:K562
BCLAF1,HepG2,chr2:166052892:G:T,1,4,0.2298976182937622,modal,cuda,SLTM:K562
BCLAF1,HepG2,chr2:166052896:G:T,1,4,0.5600460171699524,modal,cuda,SLTM:K562
BCLAF1,HepG2,chr2:166052902:A:C,1,4,0.6298556923866272,modal,cuda,SLTM:K562
BCLAF1,HepG2,chr2:166052902:A:T,1,4,1.0541303157806396,modal,cuda,SLTM:K562
BCLAF1,HepG2,chr2:166052920:A:G,1,4,-0.9954299330711365,modal,cuda,SLTM:K562
BCLAF1,HepG2,chr2:166052933:C:A,1,4,1.0795116424560547,modal,cuda,SLTM:K562
BCLAF1,HepG2,chr2:166054633:C:G,1,4,-3.1707401275634766,modal,cuda,SLTM:K562
BCLAF1,HepG2,chr2:166054635:T:G,1,4,-2.957054376602173,modal,cuda,SLTM:K562
BCLAF1,HepG2,chr2:166054638:G:T,1,4,1.1806025505065918,modal,cuda,SLTM:K562
BCLAF1,HepG2,chr2:166054660:C:A,1,4,1.0646957159042358,modal,cuda,SLTM:K562
BCLAF1,HepG2,chr2:166054665:C:T,1,4,-0.7431778907775879,modal,cuda,SLTM:K562
BCLAF1,HepG2,chr2:166054667:G:C,1,4,0.2949541211128235,modal,cuda,SLTM:K562
BCLAF1,HepG2,chr2:166054670:C:T,1,4,-0.4946777820587158,modal,cuda,SLTM:K562
BCLAF1,HepG2,chr2:166054672:A:G,1,4,-0.539944052696228,modal,cuda,SLTM:K562
BCLAF1,HepG2,chr2:166054680:C:G,1,4,-0.6641656160354614,modal,cuda,SLTM:K562
BCLAF1,HepG2,chr2:166054699:C:A,1,4,-0.77381831407547,modal,cuda,SLTM:K562
BCLAF1,HepG2,chr2:166054701:A:T,1,4,0.9372562170028687,modal,cuda,SLTM:K562
BCLAF1,HepG2,chr2:166054710:C:A,1,4,1.007004976272583,modal,cuda,SLTM:K562
BCLAF1,HepG2,chr2:166054710:C:G,1,4,0.9673130512237549,modal,cuda,SLTM:K562
BCLAF1,HepG2,chr2:166054710:C:T,1,4,0.6673028469085693,modal,cuda,SLTM:K562
BCLAF1,HepG2,chr2:166054716:G:A,1,4,-0.9394686222076416,modal,cuda,SLTM:K562
BCLAF1,HepG2,chr2:166054723:T:A,1,4,-0.18239164352416992,modal,cuda,SLTM:K562
BCLAF1,HepG2,chr2:166054726:T:A,1,4,-0.3479642868041992,modal,cuda,SLTM:K562
BCLAF1,HepG2,chr2:166056406:C:T,1,4,0.6441695690155029,modal,cuda,SLTM:K562
BCLAF1,HepG2,chr2:166056425:C:T,1,4,0.44059479236602783,modal,cuda,SLTM:K562
BCLAF1,HepG2,chr2:166056426:C:T,1,4,0.2665238380432129,modal,cuda,SLTM:K562
BCLAF1,HepG2,chr2:166056447:G:C,1,4,0.1718006134033203,modal,cuda,SLTM:K562
BCLAF1,HepG2,chr2:166056450:A:G,1,4,-0.5037901401519775,modal,cuda,SLTM:K562
BCLAF1,HepG2,chr2:166056450:A:T,1,4,-0.10736823081970215,modal,cuda,SLTM:K562
BCLAF1,HepG2,chr2:166056451:T:C,1,4,-0.8850651979446411,modal,cuda,SLTM:K562
BCLAF1,HepG2,chr2:166056461:G:T,1,4,0.22643089294433594,modal,cuda,SLTM:K562
BCLAF1,HepG2,chr2:166056475:T:G,1,4,0.23262691497802734,modal,cuda,SLTM:K562
BCLAF1,HepG2,chr2:166056486:A:G,1,4,-0.385866641998291,modal,cuda,SLTM:K562
BCLAF1,HepG2,chr2:166056498:A:C,1,4,0.9633364677429199,modal,cuda,SLTM:K562
BCLAF1,HepG2,chr2:166056520:C:G,0,4,0.45412349700927734,modal,cuda,SLTM:K562
BCLAF1,HepG2,chr2:166058564:G:A,1,4,0.15581345558166504,modal,cuda,SLTM:K562
BCLAF1,HepG2,chr2:166058570:G:T,1,4,0.5461032390594482,modal,cuda,SLTM:K562
BCLAF1,HepG2,chr2:166058573:T:A,1,4,0.46793532371520996,modal,cuda,SLTM:K562
BCLAF1,HepG2,chr2:166058586:T:A,1,4,0.8874425888061523,modal,cuda,SLTM:K562
BCLAF1,HepG2,chr2:166058608:A:T,1,4,-0.7082840800285339,modal,cuda,SLTM:K562
BCLAF1,HepG2,chr2:166058615:G:A,1,4,-0.501121997833252,modal,cuda,SLTM:K562
BCLAF1,HepG2,chr2:166058616:G:A,1,4,0.49971580505371094,modal,cuda,SLTM:K562
BCLAF1,HepG2,chr2:166058616:G:T,1,4,-0.6074082851409912,modal,cuda,SLTM:K562
BCLAF1,HepG2,chr2:166058621:A:T,1,4,-0.5202381610870361,modal,cuda,SLTM:K562
BCLAF1,HepG2,chr2:166058626:G:C,1,4,-1.5666667222976685,modal,cuda,SLTM:K562
BCLAF1,HepG2,chr2:166058630:A:G,1,4,-0.8021804094314575,modal,cuda,SLTM:K562
BCLAF1,HepG2,chr2:166073353:C:G,1,4,-0.6656838059425354,modal,cuda,SLTM:K562
BCLAF1,HepG2,chr2:166073370:A:T,1,4,-0.7973390817642212,modal,cuda,SLTM:K562
BCLAF1,HepG2,chr2:166073373:G:C,1,4,1.1185545921325684,modal,cuda,SLTM:K562
BCLAF1,HepG2,chr2:166073373:G:T,1,4,1.252761721611023,modal,cuda,SLTM:K562
BCLAF1,HepG2,chr2:166073374:T:C,1,4,-0.7717898488044739,modal,cuda,SLTM:K562
BCLAF1,HepG2,chr2:166073375:A:C,1,4,-0.8615007996559143,modal,cuda,SLTM:K562
BCLAF1,HepG2,chr2:166073379:G:T,1,4,0.13092327117919922,modal,cuda,SLTM:K562
BCLAF1,HepG2,chr2:166073381:C:T,1,4,0.25291678309440613,modal,cuda,SLTM:K562
BCLAF1,HepG2,chr2:166073386:T:C,1,4,0.5745575428009033,modal,cuda,SLTM:K562
BCLAF1,HepG2,chr2:166073387:C:T,1,4,0.1634819507598877,modal,cuda,SLTM:K562
BCLAF1,HepG2,chr2:166073396:G:T,1,4,0.4965333938598633,modal,cuda,SLTM:K562
BCLAF1,HepG2,chr2:166073402:A:G,1,4,0.43640828132629395,modal,cuda,SLTM:K562
BCLAF1,HepG2,chr2:166073427:A:C,1,4,1.9315004348754883,modal,cuda,SLTM:K562
BCLAF1,HepG2,chr2:166073441:G:A,1,4,0.4208383560180664,modal,cuda,SLTM:K562
BCLAF1,HepG2,chr2:166073615:G:A,1,4,0.6750168800354004,modal,cuda,SLTM:K562
BCLAF1,HepG2,chr2:166073619:C:T,1,4,-0.6808860301971436,modal,cuda,SLTM:K562
BCLAF1,HepG2,chr2:166073620:A:G,1,4,-1.383516788482666,modal,cuda,SLTM:K562
BCLAF1,HepG2,chr2:166233466:T:C,0,4,0.3592492341995239,modal,cuda,SLTM:K562
BCLAF1,HepG2,chr2:166280609:G:A,0,4,-0.8766133785247803,modal,cuda,SLTM:K562
BCLAF1,HepG2,chr2:166280610:C:T,0,4,-0.3370741605758667,modal,cuda,SLTM:K562
BCLAF1,HepG2,chr2:166294649:G:T,1,4,-0.20942068099975586,modal,cuda,SLTM:K562
BCLAF1,HepG2,chr2:166305767:G:A,0,4,0.717552900314331,modal,cuda,SLTM:K562
BCLAF1,HepG2,chr2:166306949:A:C,1,4,-0.6929864883422852,modal,cuda,SLTM:K562
BCLAF1,HepG2,chr2:169631944:A:G,0,4,-0.417510986328125,modal,cuda,SLTM:K562
BCLAF1,HepG2,chr2:169824480:C:T,0,4,0.5586501955986023,modal,cuda,SLTM:K562
BCLAF1,HepG2,chr2:171473883:A:G,0,4,-1.0215489864349365,modal,cuda,SLTM:K562
BCLAF1,HepG2,chr2:171473922:T:G,1,4,-0.351696252822876,modal,cuda,SLTM:K562
BCLAF1,HepG2,chr2:171473977:T:C,1,4,-0.8474304676055908,modal,cuda,SLTM:K562
BCLAF1,HepG2,chr2:171473981:T:G,1,4,0.5654382705688477,modal,cuda,SLTM:K562
BCLAF1,HepG2,chr2:171480198:G:T,1,4,-1.3086652755737305,modal,cuda,SLTM:K562
BCLAF1,HepG2,chr2:171725602:T:G,0,4,0.03832244873046875,modal,cuda,SLTM:K562
BCLAF1,HepG2,chr2:173191003:A:G,0,4,-0.23037075996398926,modal,cuda,SLTM:K562
BCLAF1,HepG2,chr2:173363481:G:A,0,4,-0.12725591659545898,modal,cuda,SLTM:K562
BCLAF1,HepG2,chr2:175093202:G:A,0,4,0.21576052904129028,modal,cuda,SLTM:K562
BCLAF1,HepG2,chr2:177234146:T:C,0,4,-0.26398903131484985,modal,cuda,SLTM:K562
BCLAF1,HepG2,chr2:177234189:C:T,0,4,0.16192254424095154,modal,cuda,SLTM:K562
BCLAF1,HepG2,chr2:177234190:G:A,0,4,1.2224559783935547,modal,cuda,SLTM:K562
BCLAF1,HepG2,chr2:177538058:G:T,0,4,-0.7799782752990723,modal,cuda,SLTM:K562
BCLAF1,HepG2,chr2:17773154:C:G,0,4,-0.2509428858757019,modal,cuda,SLTM:K562
BCLAF1,HepG2,chr2:186640975:T:A,0,4,-0.09010064601898193,modal,cuda,SLTM:K562
BCLAF1,HepG2,chr2:187484116:A:G,0,4,-0.152632474899292,modal,cuda,SLTM:K562
BCLAF1,HepG2,chr2:187496871:A:G,0,4,-0.7102509140968323,modal,cuda,SLTM:K562
BCLAF1,HepG2,chr2:189795777:T:C,0,4,-0.7921674251556396,modal,cuda,SLTM:K562
BCLAF1,HepG2,chr2:189805681:T:C,0,4,-0.5517789721488953,modal,cuda,SLTM:K562
BCLAF1,HepG2,chr2:189854875:A:G,0,4,-0.747244119644165,modal,cuda,SLTM:K562
BCLAF1,HepG2,chr2:189864116:G:A,0,4,0.5678062438964844,modal,cuda,SLTM:K562
BCLAF1,HepG2,chr2:189864224:G:A,0,4,-0.1530146598815918,modal,cuda,SLTM:K562
BCLAF1,HepG2,chr2:190252143:C:A,0,4,-0.4732469320297241,modal,cuda,SLTM:K562
BCLAF1,HepG2,chr2:190261141:A:T,0,4,0.07285404205322266,modal,cuda,SLTM:K562
BCLAF1,HepG2,chr2:190294639:A:C,1,4,0.6412091255187988,modal,cuda,SLTM:K562
BCLAF1,HepG2,chr2:190931645:A:C,0,4,0.15863418579101562,modal,cuda,SLTM:K562
BCLAF1,HepG2,chr2:190985669:C:A,0,4,-0.20053434371948242,modal,cuda,SLTM:K562
BCLAF1,HepG2,chr2:190991304:T:C,1,4,-0.2763407230377197,modal,cuda,SLTM:K562
BCLAF1,HepG2,chr2:190991307:C:G,1,4,0.32838523387908936,modal,cuda,SLTM:K562
BCLAF1,HepG2,chr2:190998020:G:A,0,4,-0.26336216926574707,modal,cuda,SLTM:K562
BCLAF1,HepG2,chr2:190998023:G:A,0,4,-0.31118178367614746,modal,cuda,SLTM:K562
BCLAF1,HepG2,chr2:191001165:T:G,1,4,0.3084288239479065,modal,cuda,SLTM:K562
BCLAF1,HepG2,chr2:196842706:A:G,0,4,-0.048547983169555664,modal,cuda,SLTM:K562
BCLAF1,HepG2,chr2:196875837:T:C,0,4,0.09797787666320801,modal,cuda,SLTM:K562
BCLAF1,HepG2,chr2:196885478:T:C,1,4,-0.3315134048461914,modal,cuda,SLTM:K562
BCLAF1,HepG2,chr2:196885815:A:G,0,4,-0.6523454189300537,modal,cuda,SLTM:K562
BCLAF1,HepG2,chr2:196902616:A:C,1,4,-0.38342952728271484,modal,cuda,SLTM:K562
BCLAF1,HepG2,chr2:196912997:A:C,0,4,0.46245622634887695,modal,cuda,SLTM:K562
BCLAF1,HepG2,chr2:196916468:G:A,1,4,0.9921480417251587,modal,cuda,SLTM:K562
BCLAF1,HepG2,chr2:197393196:G:A,0,4,0.9618681073188782,modal,cuda,SLTM:K562
BCLAF1,HepG2,chr2:197416735:A:T,0,4,-0.059462666511535645,modal,cuda,SLTM:K562
BCLAF1,HepG2,chr2:201633304:T:C,0,4,-0.16569995880126953,modal,cuda,SLTM:K562
BCLAF1,HepG2,chr2:201741867:A:G,0,4,-0.4119119644165039,modal,cuda,SLTM:K562
BCLAF1,HepG2,chr2:201754689:G:A,0,4,1.2499932050704956,modal,cuda,SLTM:K562
BCLAF1,HepG2,chr2:202542450:A:T,1,4,-1.2018201351165771,modal,cuda,SLTM:K562
BCLAF1,HepG2,chr2:206126692:T:A,0,4,0.19498205184936523,modal,cuda,SLTM:K562
BCLAF1,HepG2,chr2:206132921:A:G,0,4,0.506432294845581,modal,cuda,SLTM:K562
BCLAF1,HepG2,chr2:208324127:A:T,0,4,0.10489034652709961,modal,cuda,SLTM:K562
BCLAF1,HepG2,chr2:208324136:A:T,0,4,0.26053810119628906,modal,cuda,SLTM:K562
BCLAF1,HepG2,chr2:208324294:T:A,0,4,-0.0782167911529541,modal,cuda,SLTM:K562
BCLAF1,HepG2,chr2:208340002:T:C,0,4,0.145463228225708,modal,cuda,SLTM:K562
BCLAF1,HepG2,chr2:208345103:G:A,0,4,0.31110644340515137,modal,cuda,SLTM:K562
BCLAF1,HepG2,chr2:21029803:A:G,0,4,-0.19559264183044434,modal,cuda,SLTM:K562
BCLAF1,HepG2,chr2:210556758:A:T,1,4,0.9426901340484619,modal,cuda,SLTM:K562
BCLAF1,HepG2,chr2:210590886:C:G,1,4,0.43613100051879883,modal,cuda,SLTM:K562
BCLAF1,HepG2,chr2:210590905:A:T,1,4,0.45588088035583496,modal,cuda,SLTM:K562
BCLAF1,HepG2,chr2:210595552:C:G,1,4,-1.0360876321792603,modal,cuda,SLTM:K562
BCLAF1,HepG2,chr2:210595589:G:A,0,4,0.19716167449951172,modal,cuda,SLTM:K562
BCLAF1,HepG2,chr2:214780927:A:C,1,4,0.9605233669281006,modal,cuda,SLTM:K562
BCLAF1,HepG2,chr2:214780940:T:A,1,4,1.6121617555618286,modal,cuda,SLTM:K562
BCLAF1,HepG2,chr2:214780947:T:G,0,4,0.28061240911483765,modal,cuda,SLTM:K562
BCLAF1,HepG2,chr2:214780970:T:A,1,4,2.094559907913208,modal,cuda,SLTM:K562
BCLAF1,HepG2,chr2:214780995:G:A,0,4,0.5822694301605225,modal,cuda,SLTM:K562
BCLAF1,HepG2,chr2:214781015:C:A,1,4,2.1542229652404785,modal,cuda,SLTM:K562
BCLAF1,HepG2,chr2:214781025:A:C,0,4,-0.7333745956420898,modal,cuda,SLTM:K562
BCLAF1,HepG2,chr2:214781040:G:T,0,4,-0.4045100212097168,modal,cuda,SLTM:K562
BCLAF1,HepG2,chr2:214781045:C:A,1,4,1.6675951480865479,modal,cuda,SLTM:K562
BCLAF1,HepG2,chr2:214781050:A:C,1,4,1.8372514247894287,modal,cuda,SLTM:K562
BCLAF1,HepG2,chr2:214781050:A:T,1,4,1.0271626710891724,modal,cuda,SLTM:K562
BCLAF1,HepG2,chr2:215349087:C:T,0,4,0.4885673522949219,modal,cuda,SLTM:K562
BCLAF1,HepG2,chr2:215365493:G:C,0,4,-0.19473576545715332,modal,cuda,SLTM:K562
BCLAF1,HepG2,chr2:222634537:T:C,1,4,-0.8642481565475464,modal,cuda,SLTM:K562
BCLAF1,HepG2,chr2:222639607:T:C,0,4,-0.1912529468536377,modal,cuda,SLTM:K562
BCLAF1,HepG2,chr2:222640924:C:G,0,4,0.6049746870994568,modal,cuda,SLTM:K562
BCLAF1,HepG2,chr2:222642894:A:G,1,4,-1.058769702911377,modal,cuda,SLTM:K562
BCLAF1,HepG2,chr2:224495980:A:T,0,4,-0.221235990524292,modal,cuda,SLTM:K562
BCLAF1,HepG2,chr2:224502952:C:T,0,4,0.24804306030273438,modal,cuda,SLTM:K562
BCLAF1,HepG2,chr2:224502958:A:C,0,4,0.0763092041015625,modal,cuda,SLTM:K562
BCLAF1,HepG2,chr2:224503825:G:A,1,4,0.3059215545654297,modal,cuda,SLTM:K562
BCLAF1,HepG2,chr2:224503827:A:T,1,4,-0.6392235159873962,modal,cuda,SLTM:K562
BCLAF1,HepG2,chr2:224503834:A:C,1,4,-0.9298174381256104,modal,cuda,SLTM:K562
BCLAF1,HepG2,chr2:224503848:T:C,1,4,0.2122945785522461,modal,cuda,SLTM:K562
BCLAF1,HepG2,chr2:224503850:A:C,1,4,-0.922482967376709,modal,cuda,SLTM:K562
BCLAF1,HepG2,chr2:224506150:A:T,0,4,0.2667475938796997,modal,cuda,SLTM:K562
BCLAF1,HepG2,chr2:227332522:G:A,0,4,0.21385672688484192,modal,cuda,SLTM:K562
BCLAF1,HepG2,chr2:227340266:C:T,0,4,-0.24842405319213867,modal,cuda,SLTM:K562
BCLAF1,HepG2,chr2:227340295:C:T,1,4,0.8657808303833008,modal,cuda,SLTM:K562
BCLAF1,HepG2,chr2:229791861:C:T,1,4,-0.4750102758407593,modal,cuda,SLTM:K562
BCLAF1,HepG2,chr2:229858787:G:A,1,4,0.6539047956466675,modal,cuda,SLTM:K562
BCLAF1,HepG2,chr2:232029988:C:T,1,4,2.0457992553710938,modal,cuda,SLTM:K562
BCLAF1,HepG2,chr2:232030077:G:A,1,4,-0.6728375554084778,modal,cuda,SLTM:K562
BCLAF1,HepG2,chr2:232087550:G:T,1,4,1.6136280298233032,modal,cuda,SLTM:K562
BCLAF1,HepG2,chr2:232087576:A:G,0,4,-0.9460692405700684,modal,cuda,SLTM:K562
BCLAF1,HepG2,chr2:232087701:C:G,1,4,1.1301097869873047,modal,cuda,SLTM:K562
BCLAF1,HepG2,chr2:232130712:C:G,1,4,0.8756144046783447,modal,cuda,SLTM:K562
BCLAF1,HepG2,chr2:232136499:T:C,0,4,-0.7316922545433044,modal,cuda,SLTM:K562
BCLAF1,HepG2,chr2:232163439:C:T,0,4,0.8270177841186523,modal,cuda,SLTM:K562
BCLAF1,HepG2,chr2:232163460:C:T,1,4,1.3131825923919678,modal,cuda,SLTM:K562
BCLAF1,HepG2,chr2:232163481:C:T,1,4,1.9090152978897095,modal,cuda,SLTM:K562
BCLAF1,HepG2,chr2:232249324:G:A,1,4,-0.4626166820526123,modal,cuda,SLTM:K562
BCLAF1,HepG2,chr2:232263229:G:A,0,4,0.5037729740142822,modal,cuda,SLTM:K562
BCLAF1,HepG2,chr2:232791432:C:T,0,4,0.4125487804412842,modal,cuda,SLTM:K562
BCLAF1,HepG2,chr2:232794843:C:A,0,4,0.917179524898529,modal,cuda,SLTM:K562
BCLAF1,HepG2,chr2:232796136:G:A,0,4,-0.3651861548423767,modal,cuda,SLTM:K562
BCLAF1,HepG2,chr2:238068120:A:G,0,4,-0.3582268953323364,modal,cuda,SLTM:K562
BCLAF1,HepG2,chr2:239190094:C:A,0,4,-0.5013368129730225,modal,cuda,SLTM:K562
BCLAF1,HepG2,chr2:239352670:G:A,0,4,0.7702665328979492,modal,cuda,SLTM:K562
BCLAF1,HepG2,chr2:240007349:T:C,0,4,-0.17765402793884277,modal,cuda,SLTM:K562
BCLAF1,HepG2,chr2:24252336:T:C,0,4,-0.6461830139160156,modal,cuda,SLTM:K562
BCLAF1,HepG2,chr2:24298659:C:T,0,4,0.9282553791999817,modal,cuda,SLTM:K562
BCLAF1,HepG2,chr2:27234001:C:T,0,4,0.28609713912010193,modal,cuda,SLTM:K562
BCLAF1,HepG2,chr2:28776842:G:A,0,4,0.5783107280731201,modal,cuda,SLTM:K562
BCLAF1,HepG2,chr2:28781721:A:G,0,4,-0.26407670974731445,modal,cuda,SLTM:K562
BCLAF1,HepG2,chr2:28906450:T:A,0,4,-0.2290772795677185,modal,cuda,SLTM:K562
BCLAF1,HepG2,chr2:36499357:C:G,0,4,-0.41625308990478516,modal,cuda,SLTM:K562
BCLAF1,HepG2,chr2:36899508:A:C,0,4,-0.6887104511260986,modal,cuda,SLTM:K562
BCLAF1,HepG2,chr2:37126291:G:A,0,4,0.4230995178222656,modal,cuda,SLTM:K562
BCLAF1,HepG2,chr2:37126321:A:G,0,4,0.17859220504760742,modal,cuda,SLTM:K562
BCLAF1,HepG2,chr2:37138497:G:A,0,4,0.39711427688598633,modal,cuda,SLTM:K562
BCLAF1,HepG2,chr2:37237883:A:C,0,4,-0.3759331703186035,modal,cuda,SLTM:K562
BCLAF1,HepG2,chr2:37243971:C:A,0,4,0.30963706970214844,modal,cuda,SLTM:K562
BCLAF1,HepG2,chr2:38997049:T:G,0,4,0.344250351190567,modal,cuda,SLTM:K562
BCLAF1,HepG2,chr2:38997236:T:C,0,4,0.07006049156188965,modal,cuda,SLTM:K562
BCLAF1,HepG2,chr2:39007017:A:G,0,4,-0.38341331481933594,modal,cuda,SLTM:K562
BCLAF1,HepG2,chr2:39012120:A:C,0,4,-0.19374632835388184,modal,cuda,SLTM:K562
BCLAF1,HepG2,chr2:39013454:A:C,0,4,0.11630368232727051,modal,cuda,SLTM:K562
BCLAF1,HepG2,chr2:39023245:A:G,0,4,-0.41483139991760254,modal,cuda,SLTM:K562
BCLAF1,HepG2,chr2:39035207:C:G,0,4,-0.19889259338378906,modal,cuda,SLTM:K562
BCLAF1,HepG2,chr2:39056693:G:C,0,4,-0.058576345443725586,modal,cuda,SLTM:K562
BCLAF1,HepG2,chr2:42263316:G:A,0,4,0.09501266479492188,modal,cuda,SLTM:K562
BCLAF1,HepG2,chr2:43551817:T:C,0,4,-0.5601269006729126,modal,cuda,SLTM:K562
BCLAF1,HepG2,chr2:43556523:T:G,0,4,-0.9122077822685242,modal,cuda,SLTM:K562
BCLAF1,HepG2,chr2:43556551:G:A,0,4,-0.2856989800930023,modal,cuda,SLTM:K562
BCLAF1,HepG2,chr2:43570490:T:G,0,4,-0.3342916965484619,modal,cuda,SLTM:K562
BCLAF1,HepG2,chr2:43575014:T:C,0,4,-0.9817306995391846,modal,cuda,SLTM:K562
BCLAF1,HepG2,chr2:43590938:T:C,0,4,0.6477572917938232,modal,cuda,SLTM:K562
BCLAF1,HepG2,chr2:43823981:C:G,1,4,-0.19398516416549683,modal,cuda,SLTM:K562
BCLAF1,HepG2,chr2:43823981:C:T,1,4,-0.28193414211273193,modal,cuda,SLTM:K562
BCLAF1,HepG2,chr2:43899608:G:A,0,4,-0.42034173011779785,modal,cuda,SLTM:K562
BCLAF1,HepG2,chr2:43918235:G:T,0,4,0.6997696757316589,modal,cuda,SLTM:K562
BCLAF1,HepG2,chr2:43925051:T:C,0,4,-0.18851470947265625,modal,cuda,SLTM:K562
BCLAF1,HepG2,chr2:43925175:G:C,0,4,-0.5940604209899902,modal,cuda,SLTM:K562
BCLAF1,HepG2,chr2:43963572:C:T,0,4,-0.1311359405517578,modal,cuda,SLTM:K562
BCLAF1,HepG2,chr2:44218547:A:G,0,4,0.12075114250183105,modal,cuda,SLTM:K562
BCLAF1,HepG2,chr2:44338367:G:C,1,4,0.6773767471313477,modal,cuda,SLTM:K562
BCLAF1,HepG2,chr2:44343970:G:A,0,4,0.2995591163635254,modal,cuda,SLTM:K562
BCLAF1,HepG2,chr2:44346251:G:C,0,4,-0.3192088007926941,modal,cuda,SLTM:K562
BCLAF1,HepG2,chr2:46623886:C:T,0,4,0.8411318063735962,modal,cuda,SLTM:K562
BCLAF1,HepG2,chr2:46623887:G:A,0,4,0.5240256786346436,modal,cuda,SLTM:K562
BCLAF1,HepG2,chr2:46950458:A:T,1,4,1.178316593170166,modal,cuda,SLTM:K562
BCLAF1,HepG2,chr2:46950464:G:T,1,4,1.157538652420044,modal,cuda,SLTM:K562
BCLAF1,HepG2,chr2:46950478:C:T,0,4,0.6372002363204956,modal,cuda,SLTM:K562
BCLAF1,HepG2,chr2:47161705:T:C,0,4,-0.24480652809143066,modal,cuda,SLTM:K562
BCLAF1,HepG2,chr2:47408531:G:A,0,4,-0.9587423801422119,modal,cuda,SLTM:K562
BCLAF1,HepG2,chr2:47408553:A:T,1,4,1.0691590309143066,modal,cuda,SLTM:K562
BCLAF1,HepG2,chr2:47410186:C:A,0,4,-0.5759091377258301,modal,cuda,SLTM:K562
BCLAF1,HepG2,chr2:47410210:T:C,0,4,-1.099782943725586,modal,cuda,SLTM:K562
BCLAF1,HepG2,chr2:47410210:T:G,0,4,-1.7535666227340698,modal,cuda,SLTM:K562
BCLAF1,HepG2,chr2:47410213:A:C,0,4,0.8023362159729004,modal,cuda,SLTM:K562
BCLAF1,HepG2,chr2:47410255:T:C,0,4,-0.5588365197181702,modal,cuda,SLTM:K562
BCLAF1,HepG2,chr2:47410264:T:G,0,4,-0.39351415634155273,modal,cuda,SLTM:K562
BCLAF1,HepG2,chr2:47410316:A:T,1,4,0.7175858020782471,modal,cuda,SLTM:K562
BCLAF1,HepG2,chr2:47410334:G:T,1,4,0.9459271430969238,modal,cuda,SLTM:K562
BCLAF1,HepG2,chr2:47412497:G:A,0,4,-0.24359959363937378,modal,cuda,SLTM:K562
BCLAF1,HepG2,chr2:47412535:C:G,0,4,-0.8338239192962646,modal,cuda,SLTM:K562
BCLAF1,HepG2,chr2:47412541:T:A,1,4,0.6135048866271973,modal,cuda,SLTM:K562
BCLAF1,HepG2,chr2:47412546:G:T,1,4,0.5123871564865112,modal,cuda,SLTM:K562
BCLAF1,HepG2,chr2:47414246:G:A,0,4,0.6027214527130127,modal,cuda,SLTM:K562
BCLAF1,HepG2,chr2:47414279:C:G,1,4,0.5001883506774902,modal,cuda,SLTM:K562
BCLAF1,HepG2,chr2:47414280:A:C,0,4,0.4174029231071472,modal,cuda,SLTM:K562
BCLAF1,HepG2,chr2:47416319:C:A,0,4,-0.3076171875,modal,cuda,SLTM:K562
BCLAF1,HepG2,chr2:47416322:T:G,0,4,-0.8047950267791748,modal,cuda,SLTM:K562
BCLAF1,HepG2,chr2:47416341:C:T,0,4,0.5564091205596924,modal,cuda,SLTM:K562
BCLAF1,HepG2,chr2:47416346:T:C,0,4,-0.85452800989151,modal,cuda,SLTM:K562
BCLAF1,HepG2,chr2:47416352:T:A,1,4,-0.38804692029953003,modal,cuda,SLTM:K562
BCLAF1,HepG2,chr2:47416361:T:C,0,4,0.4866673946380615,modal,cuda,SLTM:K562
BCLAF1,HepG2,chr2:47445588:T:C,0,4,0.14217829704284668,modal,cuda,SLTM:K562
BCLAF1,HepG2,chr2:47445621:T:C,0,4,0.29822254180908203,modal,cuda,SLTM:K562
BCLAF1,HepG2,chr2:47466649:A:T,0,4,-0.1954047679901123,modal,cuda,SLTM:K562
BCLAF1,HepG2,chr2:47466668:T:C,0,4,-0.5778290033340454,modal,cuda,SLTM:K562
BCLAF1,HepG2,chr2:47470956:G:A,0,4,0.4918646812438965,modal,cuda,SLTM:K562
BCLAF1,HepG2,chr2:47470963:A:T,1,4,1.200867772102356,modal,cuda,SLTM:K562
BCLAF1,HepG2,chr2:47470964:G:A,1,4,0.32451319694519043,modal,cuda,SLTM:K562
BCLAF1,HepG2,chr2:47470971:G:A,0,4,-0.3667084574699402,modal,cuda,SLTM:K562
BCLAF1,HepG2,chr2:47470979:T:G,1,4,1.385783076286316,modal,cuda,SLTM:K562
BCLAF1,HepG2,chr2:47471013:T:G,1,4,1.81998610496521,modal,cuda,SLTM:K562
BCLAF1,HepG2,chr2:47471017:G:T,1,4,1.7210156917572021,modal,cuda,SLTM:K562
BCLAF1,HepG2,chr2:47471022:C:A,0,4,0.3781042993068695,modal,cuda,SLTM:K562
BCLAF1,HepG2,chr2:47475050:C:A,0,4,-0.33895063400268555,modal,cuda,SLTM:K562
BCLAF1,HepG2,chr2:47475083:C:G,0,4,0.28746914863586426,modal,cuda,SLTM:K562
BCLAF1,HepG2,chr2:47475083:C:T,0,4,-0.28540515899658203,modal,cuda,SLTM:K562
BCLAF1,HepG2,chr2:47475231:T:A,0,4,-0.40057873725891113,modal,cuda,SLTM:K562
BCLAF1,HepG2,chr2:47475266:T:C,0,4,0.11706709861755371,modal,cuda,SLTM:K562
BCLAF1,HepG2,chr2:47475272:T:C,1,4,0.677513599395752,modal,cuda,SLTM:K562
BCLAF1,HepG2,chr2:47476408:G:C,1,4,-1.370185136795044,modal,cuda,SLTM:K562
BCLAF1,HepG2,chr2:47476437:G:T,0,4,0.5432999134063721,modal,cuda,SLTM:K562
BCLAF1,HepG2,chr2:47476457:C:A,1,4,0.46958160400390625,modal,cuda,SLTM:K562
BCLAF1,HepG2,chr2:47476462:G:T,1,4,0.8501909971237183,modal,cuda,SLTM:K562
BCLAF1,HepG2,chr2:47476476:G:A,0,4,0.40584635734558105,modal,cuda,SLTM:K562
BCLAF1,HepG2,chr2:47476524:A:G,0,4,0.369900107383728,modal,cuda,SLTM:K562
BCLAF1,HepG2,chr2:47790990:T:A,1,4,0.07399368286132812,modal,cuda,SLTM:K562
BCLAF1,HepG2,chr2:47790999:C:G,1,4,-0.4328341484069824,modal,cuda,SLTM:K562
BCLAF1,HepG2,chr2:47791014:T:C,0,4,-0.2940326929092407,modal,cuda,SLTM:K562
BCLAF1,HepG2,chr2:47791015:G:T,1,4,1.4024028778076172,modal,cuda,SLTM:K562
BCLAF1,HepG2,chr2:47791017:A:T,0,4,1.0082424879074097,modal,cuda,SLTM:K562
BCLAF1,HepG2,chr2:47791033:A:T,1,4,1.398165225982666,modal,cuda,SLTM:K562
BCLAF1,HepG2,chr2:47791039:A:T,1,4,1.2262611389160156,modal,cuda,SLTM:K562
BCLAF1,HepG2,chr2:47791043:C:G,1,4,0.8024372458457947,modal,cuda,SLTM:K562
BCLAF1,HepG2,chr2:47791053:T:G,0,4,0.5067203640937805,modal,cuda,SLTM:K562
BCLAF1,HepG2,chr2:47791060:C:T,1,4,-0.947334885597229,modal,cuda,SLTM:K562
BCLAF1,HepG2,chr2:47791071:T:C,0,4,-0.6991940140724182,modal,cuda,SLTM:K562
BCLAF1,HepG2,chr2:47791091:G:A,1,4,0.2829263210296631,modal,cuda,SLTM:K562
BCLAF1,HepG2,chr2:47791092:G:A,1,4,-0.8788781762123108,modal,cuda,SLTM:K562
BCLAF1,HepG2,chr2:47791095:T:C,0,4,-0.9638069868087769,modal,cuda,SLTM:K562
BCLAF1,HepG2,chr2:47791097:G:T,0,4,1.2476677894592285,modal,cuda,SLTM:K562
BCLAF1,HepG2,chr2:47791099:A:T,1,4,-0.4205397665500641,modal,cuda,SLTM:K562
BCLAF1,HepG2,chr2:47791101:A:G,0,4,-1.1508375406265259,modal,cuda,SLTM:K562
BCLAF1,HepG2,chr2:47791102:A:C,0,4,-0.4697532653808594,modal,cuda,SLTM:K562
BCLAF1,HepG2,chr2:47791109:T:G,1,4,-0.5101947784423828,modal,cuda,SLTM:K562
BCLAF1,HepG2,chr2:47791125:T:A,1,4,-1.5456620454788208,modal,cuda,SLTM:K562
BCLAF1,HepG2,chr2:47796001:A:T,1,4,1.5350143909454346,modal,cuda,SLTM:K562
BCLAF1,HepG2,chr2:47796010:G:T,1,4,1.372739315032959,modal,cuda,SLTM:K562
BCLAF1,HepG2,chr2:47796014:T:A,1,4,0.8918587565422058,modal,cuda,SLTM:K562
BCLAF1,HepG2,chr2:47796024:T:A,1,4,0.5268286466598511,modal,cuda,SLTM:K562
BCLAF1,HepG2,chr2:47796035:C:A,1,4,1.8178672790527344,modal,cuda,SLTM:K562
BCLAF1,HepG2,chr2:47796035:C:G,1,4,1.354597806930542,modal,cuda,SLTM:K562
BCLAF1,HepG2,chr2:47796037:G:T,1,4,1.774641513824463,modal,cuda,SLTM:K562
BCLAF1,HepG2,chr2:47796052:G:T,1,4,1.340287446975708,modal,cuda,SLTM:K562
BCLAF1,HepG2,chr2:47798625:C:A,1,4,1.993424654006958,modal,cuda,SLTM:K562
BCLAF1,HepG2,chr2:47798625:C:G,1,4,1.2714662551879883,modal,cuda,SLTM:K562
BCLAF1,HepG2,chr2:47798625:C:T,0,4,0.6597521901130676,modal,cuda,SLTM:K562
BCLAF1,HepG2,chr2:47798631:A:G,0,4,-0.47668910026550293,modal,cuda,SLTM:K562
BCLAF1,HepG2,chr2:47798635:A:T,1,4,1.0652867555618286,modal,cuda,SLTM:K562
BCLAF1,HepG2,chr2:47798641:G:T,1,4,1.8470021486282349,modal,cuda,SLTM:K562
BCLAF1,HepG2,chr2:47798644:G:T,1,4,1.9422410726547241,modal,cuda,SLTM:K562
BCLAF1,HepG2,chr2:47798653:G:T,1,4,0.5820809602737427,modal,cuda,SLTM:K562
BCLAF1,HepG2,chr2:47798659:G:T,1,4,1.3535208702087402,modal,cuda,SLTM:K562
BCLAF1,HepG2,chr2:47798668:G:T,1,4,1.482196569442749,modal,cuda,SLTM:K562
BCLAF1,HepG2,chr2:47798677:C:T,1,4,1.6684541702270508,modal,cuda,SLTM:K562
BCLAF1,HepG2,chr2:47798689:C:T,1,4,1.0269825458526611,modal,cuda,SLTM:K562
BCLAF1,HepG2,chr2:47798692:G:T,1,4,1.3900346755981445,modal,cuda,SLTM:K562
BCLAF1,HepG2,chr2:47798701:C:T,1,4,1.6671645641326904,modal,cuda,SLTM:K562
BCLAF1,HepG2,chr2:47798703:A:C,0,4,0.7499098777770996,modal,cuda,SLTM:K562
BCLAF1,HepG2,chr2:47798713:C:T,1,4,1.1121816635131836,modal,cuda,SLTM:K562
BCLAF1,HepG2,chr2:47798714:A:G,0,4,-0.675771951675415,modal,cuda,SLTM:K562
BCLAF1,HepG2,chr2:47798718:A:C,0,4,-0.9653937816619873,modal,cuda,SLTM:K562
BCLAF1,HepG2,chr2:47798719:A:T,1,4,1.6003048419952393,modal,cuda,SLTM:K562
BCLAF1,HepG2,chr2:47798725:C:T,1,4,2.222869396209717,modal,cuda,SLTM:K562
BCLAF1,HepG2,chr2:47798797:G:T,1,4,1.6180247068405151,modal,cuda,SLTM:K562
BCLAF1,HepG2,chr2:47798800:G:T,1,4,0.9429868459701538,modal,cuda,SLTM:K562
BCLAF1,HepG2,chr2:47798812:G:T,1,4,2.046909809112549,modal,cuda,SLTM:K562
BCLAF1,HepG2,chr2:47798814:A:G,0,4,0.7449900507926941,modal,cuda,SLTM:K562
BCLAF1,HepG2,chr2:47798824:G:T,1,4,1.2746171951293945,modal,cuda,SLTM:K562
BCLAF1,HepG2,chr2:47798859:C:T,0,4,0.2575531005859375,modal,cuda,SLTM:K562
BCLAF1,HepG2,chr2:47798866:A:T,1,4,0.938380241394043,modal,cuda,SLTM:K562
BCLAF1,HepG2,chr2:47798875:C:T,1,4,1.9695589542388916,modal,cuda,SLTM:K562
BCLAF1,HepG2,chr2:47798877:A:C,0,4,0.5959450006484985,modal,cuda,SLTM:K562
BCLAF1,HepG2,chr2:47798881:C:A,0,4,0.7969152927398682,modal,cuda,SLTM:K562
BCLAF1,HepG2,chr2:47798883:G:T,0,4,0.6581107378005981,modal,cuda,SLTM:K562
BCLAF1,HepG2,chr2:47798887:A:T,1,4,0.7975242137908936,modal,cuda,SLTM:K562
BCLAF1,HepG2,chr2:47798901:A:G,0,4,0.9727439284324646,modal,cuda,SLTM:K562
BCLAF1,HepG2,chr2:47798982:C:A,0,4,0.4719887375831604,modal,cuda,SLTM:K562
BCLAF1,HepG2,chr2:47799003:C:T,0,4,-0.4889798164367676,modal,cuda,SLTM:K562
BCLAF1,HepG2,chr2:47799006:T:A,0,4,-0.18326115608215332,modal,cuda,SLTM:K562
BCLAF1,HepG2,chr2:47799009:C:T,0,4,-0.5764514207839966,modal,cuda,SLTM:K562
BCLAF1,HepG2,chr2:47799012:T:G,0,4,-0.2847878932952881,modal,cuda,SLTM:K562
BCLAF1,HepG2,chr2:47799077:G:A,1,4,0.7667261362075806,modal,cuda,SLTM:K562
BCLAF1,HepG2,chr2:47799133:A:C,0,4,-0.8617953658103943,modal,cuda,SLTM:K562
BCLAF1,HepG2,chr2:47799156:T:C,0,4,-0.5462473630905151,modal,cuda,SLTM:K562
BCLAF1,HepG2,chr2:47799177:G:T,0,4,0.7492973804473877,modal,cuda,SLTM:K562
BCLAF1,HepG2,chr2:47799477:G:A,0,4,0.28511500358581543,modal,cuda,SLTM:K562
BCLAF1,HepG2,chr2:47799493:A:T,1,4,-0.5986234545707703,modal,cuda,SLTM:K562
BCLAF1,HepG2,chr2:47799514:A:C,0,4,-0.4463948905467987,modal,cuda,SLTM:K562
BCLAF1,HepG2,chr2:47799526:A:C,0,4,-0.6149184703826904,modal,cuda,SLTM:K562
BCLAF1,HepG2,chr2:47799540:G:A,0,4,0.45682311058044434,modal,cuda,SLTM:K562
BCLAF1,HepG2,chr2:47799546:A:C,0,4,0.6351661682128906,modal,cuda,SLTM:K562
BCLAF1,HepG2,chr2:47800581:A:G,0,4,-0.35553956031799316,modal,cuda,SLTM:K562
BCLAF1,HepG2,chr2:47800591:A:T,1,4,0.6847066879272461,modal,cuda,SLTM:K562
BCLAF1,HepG2,chr2:47800596:T:A,0,4,0.6525863409042358,modal,cuda,SLTM:K562
BCLAF1,HepG2,chr2:47800599:A:C,0,4,-0.610114336013794,modal,cuda,SLTM:K562
BCLAF1,HepG2,chr2:47800617:T:A,0,4,0.372633695602417,modal,cuda,SLTM:K562
BCLAF1,HepG2,chr2:47800650:G:C,0,4,-0.6810896396636963,modal,cuda,SLTM:K562
BCLAF1,HepG2,chr2:47800704:A:G,0,4,0.42747437953948975,modal,cuda,SLTM:K562
BCLAF1,HepG2,chr2:47800738:G:T,1,4,2.5798282623291016,modal,cuda,SLTM:K562
BCLAF1,HepG2,chr2:47800750:A:T,1,4,1.510109543800354,modal,cuda,SLTM:K562
BCLAF1,HepG2,chr2:47800756:G:T,1,4,2.1894595623016357,modal,cuda,SLTM:K562
BCLAF1,HepG2,chr2:47801017:G:T,1,4,-0.8904513120651245,modal,cuda,SLTM:K562
BCLAF1,HepG2,chr2:47801040:A:C,0,4,1.0745056867599487,modal,cuda,SLTM:K562
BCLAF1,HepG2,chr2:47801067:A:G,0,4,-0.8164028525352478,modal,cuda,SLTM:K562
BCLAF1,HepG2,chr2:47801069:T:A,1,4,0.636002779006958,modal,cuda,SLTM:K562
BCLAF1,HepG2,chr2:47803562:A:T,0,4,0.2628195285797119,modal,cuda,SLTM:K562
BCLAF1,HepG2,chr2:47803643:T:C,0,4,-0.35865139961242676,modal,cuda,SLTM:K562
BCLAF1,HepG2,chr2:47803670:T:G,0,4,-0.2654064893722534,modal,cuda,SLTM:K562
BCLAF1,HepG2,chr2:47803680:A:T,1,4,0.14649391174316406,modal,cuda,SLTM:K562
BCLAF1,HepG2,chr2:47803699:A:T,0,4,0.19146275520324707,modal,cuda,SLTM:K562
BCLAF1,HepG2,chr2:47805649:A:G,0,4,0.4209439754486084,modal,cuda,SLTM:K562
BCLAF1,HepG2,chr2:47805655:C:G,0,4,-0.4276859760284424,modal,cuda,SLTM:K562
BCLAF1,HepG2,chr2:47805661:A:T,0,4,-0.39666563272476196,modal,cuda,SLTM:K562
BCLAF1,HepG2,chr2:47805688:G:T,0,4,-0.10423040390014648,modal,cuda,SLTM:K562
BCLAF1,HepG2,chr2:47806214:T:A,0,4,0.11613941192626953,modal,cuda,SLTM:K562
BCLAF1,HepG2,chr2:47806254:A:T,1,4,0.8560638427734375,modal,cuda,SLTM:K562
BCLAF1,HepG2,chr2:47806520:T:A,0,4,-0.8188612461090088,modal,cuda,SLTM:K562
BCLAF1,HepG2,chr2:47806536:A:T,1,4,0.5012435913085938,modal,cuda,SLTM:K562
BCLAF1,HepG2,chr2:47806544:T:A,1,4,0.6580486297607422,modal,cuda,SLTM:K562
BCLAF1,HepG2,chr2:47806547:C:T,0,4,0.3922586441040039,modal,cuda,SLTM:K562
BCLAF1,HepG2,chr2:47806653:T:C,1,4,0.6508336067199707,modal,cuda,SLTM:K562
BCLAF1,HepG2,chr2:47806806:A:C,0,4,-0.9872221350669861,modal,cuda,SLTM:K562
BCLAF1,HepG2,chr2:47806862:C:G,0,4,0.3784675598144531,modal,cuda,SLTM:K562
BCLAF1,HepG2,chr2:47806867:T:C,0,4,-0.30805277824401855,modal,cuda,SLTM:K562
BCLAF1,HepG2,chr2:47808430:A:G,0,4,-0.41550546884536743,modal,cuda,SLTM:K562
BCLAF1,HepG2,chr2:47809154:T:G,0,4,0.4094109535217285,modal,cuda,SLTM:K562
BCLAF1,HepG2,chr2:47813381:T:C,0,4,-0.2121868133544922,modal,cuda,SLTM:K562
BCLAF1,HepG2,chr2:47818950:T:C,0,4,-0.3417654037475586,modal,cuda,SLTM:K562
BCLAF1,HepG2,chr2:47822214:T:C,0,4,0.47469305992126465,modal,cuda,SLTM:K562
BCLAF1,HepG2,chr2:47823133:A:G,0,4,-0.10920047760009766,modal,cuda,SLTM:K562
BCLAF1,HepG2,chr2:47823138:A:G,0,4,0.2515740394592285,modal,cuda,SLTM:K562
BCLAF1,HepG2,chr2:47832697:T:G,0,4,-0.23589223623275757,modal,cuda,SLTM:K562
BCLAF1,HepG2,chr2:47832753:T:G,0,4,0.16716217994689941,modal,cuda,SLTM:K562
BCLAF1,HepG2,chr2:47832948:T:C,0,4,-0.2665872573852539,modal,cuda,SLTM:K562
BCLAF1,HepG2,chr2:47835867:C:G,1,4,0.665355920791626,modal,cuda,SLTM:K562
BCLAF1,HepG2,chr2:47839023:T:C,0,4,0.28427648544311523,modal,cuda,SLTM:K562
BCLAF1,HepG2,chr2:47839416:T:C,1,4,-0.5341870784759521,modal,cuda,SLTM:K562
BCLAF1,HepG2,chr2:48454661:C:T,1,4,1.7500964403152466,modal,cuda,SLTM:K562
BCLAF1,HepG2,chr2:48454692:T:G,1,4,-0.8583997488021851,modal,cuda,SLTM:K562
BCLAF1,HepG2,chr2:48454711:T:C,0,4,0.207777738571167,modal,cuda,SLTM:K562
BCLAF1,HepG2,chr2:48454729:C:G,0,4,0.4218878746032715,modal,cuda,SLTM:K562
BCLAF1,HepG2,chr2:48458162:C:T,1,4,2.7544686794281006,modal,cuda,SLTM:K562
BCLAF1,HepG2,chr2:48459793:G:T,1,4,1.5690054893493652,modal,cuda,SLTM:K562
BCLAF1,HepG2,chr2:48459805:C:T,1,4,1.4671072959899902,modal,cuda,SLTM:K562
BCLAF1,HepG2,chr2:54628093:A:G,0,4,-0.14725327491760254,modal,cuda,SLTM:K562
BCLAF1,HepG2,chr2:55362298:T:A,0,4,-0.1906435489654541,modal,cuda,SLTM:K562
BCLAF1,HepG2,chr2:55643155:T:C,1,4,-1.022674798965454,modal,cuda,SLTM:K562
BCLAF1,HepG2,chr2:55646250:C:G,0,4,0.07986569404602051,modal,cuda,SLTM:K562
BCLAF1,HepG2,chr2:58204239:G:A,0,4,0.7207359075546265,modal,cuda,SLTM:K562
BCLAF1,HepG2,chr2:61018063:A:G,0,4,-0.2847444415092468,modal,cuda,SLTM:K562
BCLAF1,HepG2,chr2:61339689:G:A,0,4,0.3206024169921875,modal,cuda,SLTM:K562
BCLAF1,HepG2,chr2:61483031:C:A,1,4,-0.32424211502075195,modal,cuda,SLTM:K562
BCLAF1,HepG2,chr2:61490715:T:G,1,4,0.4550282955169678,modal,cuda,SLTM:K562
BCLAF1,HepG2,chr2:61496870:T:C,0,4,0.29665684700012207,modal,cuda,SLTM:K562
BCLAF1,HepG2,chr2:62747391:G:C,0,4,0.7404831647872925,modal,cuda,SLTM:K562
BCLAF1,HepG2,chr2:68158384:G:C,0,4,-1.131620168685913,modal,cuda,SLTM:K562
BCLAF1,HepG2,chr2:69345897:T:C,0,4,0.5233672261238098,modal,cuda,SLTM:K562
BCLAF1,HepG2,chr2:69359261:T:A,0,4,0.2444901466369629,modal,cuda,SLTM:K562
BCLAF1,HepG2,chr2:70214405:A:G,0,4,-0.3596625328063965,modal,cuda,SLTM:K562
BCLAF1,HepG2,chr2:70214459:C:T,0,4,0.710361123085022,modal,cuda,SLTM:K562
BCLAF1,HepG2,chr2:70229206:C:T,0,4,0.3158397674560547,modal,cuda,SLTM:K562
BCLAF1,HepG2,chr2:70236109:T:C,0,4,0.3954784572124481,modal,cuda,SLTM:K562
BCLAF1,HepG2,chr2:70236127:T:C,0,4,-0.6122167110443115,modal,cuda,SLTM:K562
BCLAF1,HepG2,chr2:72492312:G:C,0,4,0.513237714767456,modal,cuda,SLTM:K562
BCLAF1,HepG2,chr2:72492402:C:A,0,4,1.0760728120803833,modal,cuda,SLTM:K562
BCLAF1,HepG2,chr2:72498563:T:C,0,4,-0.31413984298706055,modal,cuda,SLTM:K562
BCLAF1,HepG2,chr2:72513174:T:G,0,4,0.3538637161254883,modal,cuda,SLTM:K562
BCLAF1,HepG2,chr2:72513186:A:G,0,4,-1.137311339378357,modal,cuda,SLTM:K562
BCLAF1,HepG2,chr2:72559462:A:T,1,4,-0.47405338287353516,modal,cuda,SLTM:K562
BCLAF1,HepG2,chr2:72559534:G:A,0,4,-0.40945959091186523,modal,cuda,SLTM:K562
BCLAF1,HepG2,chr2:72718092:C:A,0,4,-0.3323306441307068,modal,cuda,SLTM:K562
BCLAF1,HepG2,chr2:72718220:C:T,0,4,-0.17198753356933594,modal,cuda,SLTM:K562
BCLAF1,HepG2,chr2:72718301:A:G,0,4,-0.47943115234375,modal,cuda,SLTM:K562
BCLAF1,HepG2,chr2:72718326:A:T,0,4,-0.8757493495941162,modal,cuda,SLTM:K562
BCLAF1,HepG2,chr2:72731172:A:C,1,4,0.757003903388977,modal,cuda,SLTM:K562
BCLAF1,HepG2,chr2:72731204:T:C,0,4,-0.21131479740142822,modal,cuda,SLTM:K562
BCLAF1,HepG2,chr2:73845186:T:A,1,4,-0.35836324095726013,modal,cuda,SLTM:K562
BCLAF1,HepG2,chr2:73847383:G:A,0,4,-0.1409815549850464,modal,cuda,SLTM:K562
BCLAF1,HepG2,chr2:73847660:C:T,1,4,1.1349468231201172,modal,cuda,SLTM:K562
BCLAF1,HepG2,chr2:74369513:T:G,0,4,0.26754817366600037,modal,cuda,SLTM:K562
BCLAF1,HepG2,chr2:86078000:T:C,0,4,0.1067039966583252,modal,cuda,SLTM:K562
BCLAF1,HepG2,chr2:8750329:C:T,0,4,1.018453598022461,modal,cuda,SLTM:K562
BCLAF1,HepG2,chr2:8751481:G:A,0,4,0.4624953269958496,modal,cuda,SLTM:K562
BCLAF1,HepG2,chr2:8785753:T:C,0,4,0.31726622581481934,modal,cuda,SLTM:K562
BCLAF1,HepG2,chr2:8793961:A:G,0,4,0.24902838468551636,modal,cuda,SLTM:K562
BCLAF1,HepG2,chr2:8796755:C:T,0,4,1.3630247116088867,modal,cuda,SLTM:K562
BCLAF1,HepG2,chr2:8802913:T:A,0,4,0.2897651791572571,modal,cuda,SLTM:K562
BCLAF1,HepG2,chr2:8813350:T:C,0,4,-0.23627007007598877,modal,cuda,SLTM:K562
BCLAF1,HepG2,chr2:8817705:T:C,0,4,-0.6135154962539673,modal,cuda,SLTM:K562
BCLAF1,HepG2,chr2:9521321:A:G,0,4,0.3801695704460144,modal,cuda,SLTM:K562
BCLAF1,HepG2,chr2:9526150:G:T,1,4,-0.4256253242492676,modal,cuda,SLTM:K562
BCLAF1,HepG2,chr2:9526233:G:A,1,4,0.6878647804260254,modal,cuda,SLTM:K562
BCLAF1,HepG2,chr2:96298427:A:G,0,4,-0.383685827255249,modal,cuda,SLTM:K562
BCLAF1,HepG2,chr2:96301514:G:A,0,4,0.47896337509155273,modal,cuda,SLTM:K562
BCLAF1,HepG2,chr2:99360559:A:T,0,4,0.2625112533569336,modal,cuda,SLTM:K562
BCLAF1,HepG2,chr2:99402793:A:T,0,4,0.29451823234558105,modal,cuda,SLTM:K562
BCLAF1,HepG2,chr2:99404456:T:C,0,4,-0.40531444549560547,modal,cuda,SLTM:K562
BCLAF1,HepG2,chr3:100279642:T:G,0,3,0.4305286407470703,modal,cuda,SLTM:K562
BCLAF1,HepG2,chr3:100713880:T:C,0,3,0.16955459117889404,modal,cuda,SLTM:K562
BCLAF1,HepG2,chr3:100719965:T:C,0,3,0.6289396286010742,modal,cuda,SLTM:K562
BCLAF1,HepG2,chr3:100728874:A:G,0,3,-1.7433785200119019,modal,cuda,SLTM:K562
BCLAF1,HepG2,chr3:101590212:T:C,0,3,-0.09340238571166992,modal,cuda,SLTM:K562
BCLAF1,HepG2,chr3:10449546:T:C,0,3,-0.6078348159790039,modal,cuda,SLTM:K562
BCLAF1,HepG2,chr3:105737189:G:A,0,3,0.22307515144348145,modal,cuda,SLTM:K562
BCLAF1,HepG2,chr3:105745922:G:A,0,3,0.609468936920166,modal,cuda,SLTM:K562
BCLAF1,HepG2,chr3:105745937:T:C,0,3,0.7239584922790527,modal,cuda,SLTM:K562
BCLAF1,HepG2,chr3:105745992:T:A,1,3,0.5843219757080078,modal,cuda,SLTM:K562
BCLAF1,HepG2,chr3:107773045:G:A,0,3,2.067111015319824,modal,cuda,SLTM:K562
BCLAF1,HepG2,chr3:107791303:A:G,0,3,-1.3329665660858154,modal,cuda,SLTM:K562
BCLAF1,HepG2,chr3:108624534:A:G,0,3,-0.828748345375061,modal,cuda,SLTM:K562
BCLAF1,HepG2,chr3:11340637:G:T,0,3,-0.8282921314239502,modal,cuda,SLTM:K562
BCLAF1,HepG2,chr3:11340638:C:T,0,3,-0.36104774475097656,modal,cuda,SLTM:K562
BCLAF1,HepG2,chr3:120641571:T:C,0,3,-0.4348571300506592,modal,cuda,SLTM:K562
BCLAF1,HepG2,chr3:120647871:A:G,1,3,-0.7779956459999084,modal,cuda,SLTM:K562
BCLAF1,HepG2,chr3:120647872:C:T,1,3,-0.8856226801872253,modal,cuda,SLTM:K562
BCLAF1,HepG2,chr3:120652567:G:A,0,3,1.5650897026062012,modal,cuda,SLTM:K562
BCLAF1,HepG2,chr3:120652655:G:A,0,3,0.4879744350910187,modal,cuda,SLTM:K562
BCLAF1,HepG2,chr3:120670413:C:T,0,3,0.6105873584747314,modal,cuda,SLTM:K562
BCLAF1,HepG2,chr3:121828596:A:T,1,3,-0.6591720581054688,modal,cuda,SLTM:K562
BCLAF1,HepG2,chr3:12416775:C:G,0,3,-0.4685465693473816,modal,cuda,SLTM:K562
BCLAF1,HepG2,chr3:124737895:G:C,0,3,0.06070709228515625,modal,cuda,SLTM:K562
BCLAF1,HepG2,chr3:124737927:G:T,1,3,3.315225124359131,modal,cuda,SLTM:K562
BCLAF1,HepG2,chr3:12489908:A:G,0,3,0.1670513153076172,modal,cuda,SLTM:K562
BCLAF1,HepG2,chr3:12489922:G:A,0,3,1.9955451488494873,modal,cuda,SLTM:K562
BCLAF1,HepG2,chr3:12489922:G:C,0,3,1.096325397491455,modal,cuda,SLTM:K562
BCLAF1,HepG2,chr3:12489922:G:T,0,3,2.3504867553710938,modal,cuda,SLTM:K562
BCLAF1,HepG2,chr3:12489962:G:A,0,3,0.5924698114395142,modal,cuda,SLTM:K562
BCLAF1,HepG2,chr3:12489962:G:C,0,3,0.35298383235931396,modal,cuda,SLTM:K562
BCLAF1,HepG2,chr3:12503280:G:A,0,3,0.48708927631378174,modal,cuda,SLTM:K562
BCLAF1,HepG2,chr3:12503330:G:A,0,3,1.2491917610168457,modal,cuda,SLTM:K562
BCLAF1,HepG2,chr3:12585745:G:A,1,3,0.36466407775878906,modal,cuda,SLTM:K562
BCLAF1,HepG2,chr3:12618603:C:T,0,3,1.6246542930603027,modal,cuda,SLTM:K562
BCLAF1,HepG2,chr3:12618628:T:C,0,3,-0.9189715385437012,modal,cuda,SLTM:K562
BCLAF1,HepG2,chr3:128895290:C:T,0,3,0.9845272302627563,modal,cuda,SLTM:K562
BCLAF1,HepG2,chr3:128895342:A:C,0,3,-1.6987353563308716,modal,cuda,SLTM:K562
BCLAF1,HepG2,chr3:130992939:G:A,0,3,0.3133120536804199,modal,cuda,SLTM:K562
BCLAF1,HepG2,chr3:132513106:G:A,0,3,0.7602031230926514,modal,cuda,SLTM:K562
BCLAF1,HepG2,chr3:132688781:C:T,1,3,0.5864412188529968,modal,cuda,SLTM:K562
BCLAF1,HepG2,chr3:132688790:G:C,1,3,1.3280062675476074,modal,cuda,SLTM:K562
BCLAF1,HepG2,chr3:132688858:G:A,1,3,2.4552524089813232,modal,cuda,SLTM:K562
BCLAF1,HepG2,chr3:132692742:C:T,1,3,1.0891895294189453,modal,cuda,SLTM:K562
BCLAF1,HepG2,chr3:132694900:G:C,1,3,1.0183262825012207,modal,cuda,SLTM:K562
BCLAF1,HepG2,chr3:132694919:G:A,1,3,-0.3679380416870117,modal,cuda,SLTM:K562
BCLAF1,HepG2,chr3:132694923:A:T,1,3,1.6277658939361572,modal,cuda,SLTM:K562
BCLAF1,HepG2,chr3:132704341:C:A,1,3,2.500669002532959,modal,cuda,SLTM:K562
BCLAF1,HepG2,chr3:132705801:G:C,1,3,-1.997382402420044,modal,cuda,SLTM:K562
BCLAF1,HepG2,chr3:132708252:A:T,1,3,2.6388087272644043,modal,cuda,SLTM:K562
BCLAF1,HepG2,chr3:132713256:C:T,1,3,1.5464165210723877,modal,cuda,SLTM:K562
BCLAF1,HepG2,chr3:132716885:C:T,1,3,-1.4047850370407104,modal,cuda,SLTM:K562
BCLAF1,HepG2,chr3:132719020:G:T,1,3,2.187976837158203,modal,cuda,SLTM:K562
BCLAF1,HepG2,chr3:134537203:C:T,1,3,0.268477201461792,modal,cuda,SLTM:K562
BCLAF1,HepG2,chr3:134537251:C:T,1,3,1.5115337371826172,modal,cuda,SLTM:K562
BCLAF1,HepG2,chr3:134550059:A:G,0,3,-0.7775607109069824,modal,cuda,SLTM:K562
BCLAF1,HepG2,chr3:134550069:G:T,1,3,1.3879773616790771,modal,cuda,SLTM:K562
BCLAF1,HepG2,chr3:134550081:C:T,1,3,2.0185375213623047,modal,cuda,SLTM:K562
BCLAF1,HepG2,chr3:134550146:G:A,0,3,0.5781458616256714,modal,cuda,SLTM:K562
BCLAF1,HepG2,chr3:134552002:G:T,0,3,-0.34548115730285645,modal,cuda,SLTM:K562
BCLAF1,HepG2,chr3:134552044:A:C,0,3,0.27532392740249634,modal,cuda,SLTM:K562
BCLAF1,HepG2,chr3:136422862:A:G,0,3,0.4982728958129883,modal,cuda,SLTM:K562
BCLAF1,HepG2,chr3:136422869:A:G,0,3,-0.7384592890739441,modal,cuda,SLTM:K562
BCLAF1,HepG2,chr3:136521203:A:G,0,3,-0.2932896614074707,modal,cuda,SLTM:K562
BCLAF1,HepG2,chr3:136521426:C:G,0,3,0.5482466220855713,modal,cuda,SLTM:K562
BCLAF1,HepG2,chr3:136568752:C:T,0,3,0.8657758235931396,modal,cuda,SLTM:K562
BCLAF1,HepG2,chr3:138714458:A:G,0,3,-0.3902754783630371,modal,cuda,SLTM:K562
BCLAF1,HepG2,chr3:138714459:T:C,0,3,-0.5194149017333984,modal,cuda,SLTM:K562
BCLAF1,HepG2,chr3:139369443:A:C,0,3,-2.5630342960357666,modal,cuda,SLTM:K562
BCLAF1,HepG2,chr3:139373274:C:T,0,3,1.474800944328308,modal,cuda,SLTM:K562
BCLAF1,HepG2,chr3:14158179:A:T,1,3,-1.6765484809875488,modal,cuda,SLTM:K562
BCLAF1,HepG2,chr3:14158206:G:C,1,3,-1.3711740970611572,modal,cuda,SLTM:K562
BCLAF1,HepG2,chr3:14158206:G:T,1,3,-1.3472234010696411,modal,cuda,SLTM:K562
BCLAF1,HepG2,chr3:14168330:G:A,1,3,3.0971174240112305,modal,cuda,SLTM:K562
BCLAF1,HepG2,chr3:14168389:A:T,1,3,0.33910465240478516,modal,cuda,SLTM:K562
BCLAF1,HepG2,chr3:142547925:T:A,0,3,0.7456674575805664,modal,cuda,SLTM:K562
BCLAF1,HepG2,chr3:146079104:T:C,0,3,-0.6960809230804443,modal,cuda,SLTM:K562
BCLAF1,HepG2,chr3:146121108:C:T,0,3,-2.3870997428894043,modal,cuda,SLTM:K562
BCLAF1,HepG2,chr3:149177905:T:C,1,3,0.35796284675598145,modal,cuda,SLTM:K562
BCLAF1,HepG2,chr3:149178592:G:A,1,3,2.1576128005981445,modal,cuda,SLTM:K562
BCLAF1,HepG2,chr3:149178618:C:T,1,3,0.9864333868026733,modal,cuda,SLTM:K562
BCLAF1,HepG2,chr3:149178623:G:T,1,3,0.7822508811950684,modal,cuda,SLTM:K562
BCLAF1,HepG2,chr3:149178643:A:G,0,3,-0.31984663009643555,modal,cuda,SLTM:K562
BCLAF1,HepG2,chr3:149188047:C:T,1,3,0.9571657180786133,modal,cuda,SLTM:K562
BCLAF1,HepG2,chr3:149188073:G:A,1,3,-1.0724842548370361,modal,cuda,SLTM:K562
BCLAF1,HepG2,chr3:149199721:G:A,1,3,0.6394057273864746,modal,cuda,SLTM:K562
BCLAF1,HepG2,chr3:149202144:G:A,1,3,3.5672457218170166,modal,cuda,SLTM:K562
BCLAF1,HepG2,chr3:149206227:C:T,1,3,1.6638617515563965,modal,cuda,SLTM:K562
BCLAF1,HepG2,chr3:149207387:A:T,1,3,-0.7330856919288635,modal,cuda,SLTM:K562
BCLAF1,HepG2,chr3:149207402:C:A,1,3,2.4877212047576904,modal,cuda,SLTM:K562
BCLAF1,HepG2,chr3:149207631:G:A,0,3,0.3120594024658203,modal,cuda,SLTM:K562
BCLAF1,HepG2,chr3:149209298:G:A,0,3,-0.6684406995773315,modal,cuda,SLTM:K562
BCLAF1,HepG2,chr3:149209302:C:T,1,3,-1.5693359375,modal,cuda,SLTM:K562
BCLAF1,HepG2,chr3:149209323:C:G,0,3,-0.5157718658447266,modal,cuda,SLTM:K562
BCLAF1,HepG2,chr3:149209342:A:G,1,3,-1.329897165298462,modal,cuda,SLTM:K562
BCLAF1,HepG2,chr3:149209349:G:A,1,3,1.9437665939331055,modal,cuda,SLTM:K562
BCLAF1,HepG2,chr3:149209361:T:A,1,3,-1.4485533237457275,modal,cuda,SLTM:K562
BCLAF1,HepG2,chr3:149209364:C:A,1,3,-1.6085922718048096,modal,cuda,SLTM:K562
BCLAF1,HepG2,chr3:149210187:G:C,1,3,-1.221792459487915,modal,cuda,SLTM:K562
BCLAF1,HepG2,chr3:149210281:G:C,1,3,-0.8364930152893066,modal,cuda,SLTM:K562
BCLAF1,HepG2,chr3:149212431:G:A,0,3,0.7319889068603516,modal,cuda,SLTM:K562
BCLAF1,HepG2,chr3:149212432:C:T,0,3,0.5229270458221436,modal,cuda,SLTM:K562
BCLAF1,HepG2,chr3:149895470:C:A,0,3,-0.4495840072631836,modal,cuda,SLTM:K562
BCLAF1,HepG2,chr3:149895491:G:T,0,3,0.8873712420463562,modal,cuda,SLTM:K562
BCLAF1,HepG2,chr3:149895519:A:G,0,3,-0.7885165214538574,modal,cuda,SLTM:K562
BCLAF1,HepG2,chr3:149902089:A:G,0,3,-0.8593626618385315,modal,cuda,SLTM:K562
BCLAF1,HepG2,chr3:149902113:G:C,0,3,-1.611389398574829,modal,cuda,SLTM:K562
BCLAF1,HepG2,chr3:15571772:T:G,0,3,0.4644237756729126,modal,cuda,SLTM:K562
BCLAF1,HepG2,chr3:158659047:C:T,0,3,1.4342445135116577,modal,cuda,SLTM:K562
BCLAF1,HepG2,chr3:158665349:A:T,1,3,1.4390071630477905,modal,cuda,SLTM:K562
BCLAF1,HepG2,chr3:158666279:A:G,0,3,-0.2612266540527344,modal,cuda,SLTM:K562
BCLAF1,HepG2,chr3:158666321:T:A,1,3,0.5417006015777588,modal,cuda,SLTM:K562
BCLAF1,HepG2,chr3:158666331:T:C,1,3,-0.8368932008743286,modal,cuda,SLTM:K562
BCLAF1,HepG2,chr3:158666356:C:T,1,3,0.34058472514152527,modal,cuda,SLTM:K562
BCLAF1,HepG2,chr3:160279273:T:A,0,3,-0.3960456848144531,modal,cuda,SLTM:K562
BCLAF1,HepG2,chr3:160279274:T:G,0,3,-1.8560208082199097,modal,cuda,SLTM:K562
BCLAF1,HepG2,chr3:160381634:A:C,1,3,2.510946750640869,modal,cuda,SLTM:K562
BCLAF1,HepG2,chr3:160381642:C:T,1,3,2.0105583667755127,modal,cuda,SLTM:K562
BCLAF1,HepG2,chr3:167720282:A:G,0,3,-0.6344509124755859,modal,cuda,SLTM:K562
BCLAF1,HepG2,chr3:168030041:G:A,0,3,0.8721023797988892,modal,cuda,SLTM:K562
BCLAF1,HepG2,chr3:171014624:G:A,0,3,-0.23205983638763428,modal,cuda,SLTM:K562
BCLAF1,HepG2,chr3:171014683:G:A,1,3,1.81877863407135,modal,cuda,SLTM:K562
BCLAF1,HepG2,chr3:171014733:T:C,1,3,1.0695974826812744,modal,cuda,SLTM:K562
BCLAF1,HepG2,chr3:171699842:C:G,0,3,-1.196739673614502,modal,cuda,SLTM:K562
BCLAF1,HepG2,chr3:171724804:A:T,0,3,0.8553149700164795,modal,cuda,SLTM:K562
BCLAF1,HepG2,chr3:171734855:A:G,0,3,0.5204663276672363,modal,cuda,SLTM:K562
BCLAF1,HepG2,chr3:177033149:G:C,0,3,-0.42304039001464844,modal,cuda,SLTM:K562
BCLAF1,HepG2,chr3:177038395:A:G,1,3,-0.85396409034729,modal,cuda,SLTM:K562
BCLAF1,HepG2,chr3:177038442:G:A,0,3,0.6840717196464539,modal,cuda,SLTM:K562
BCLAF1,HepG2,chr3:177046208:G:A,0,3,-0.5759432315826416,modal,cuda,SLTM:K562
BCLAF1,HepG2,chr3:177047481:T:C,0,3,0.4421370029449463,modal,cuda,SLTM:K562
BCLAF1,HepG2,chr3:177053817:G:A,1,3,-1.494062900543213,modal,cuda,SLTM:K562
BCLAF1,HepG2,chr3:177053931:G:C,0,3,-0.5169577598571777,modal,cuda,SLTM:K562
BCLAF1,HepG2,chr3:177064918:A:G,1,3,-0.6494185924530029,modal,cuda,SLTM:K562
BCLAF1,HepG2,chr3:183052169:A:T,1,3,-1.1183907985687256,modal,cuda,SLTM:K562
BCLAF1,HepG2,chr3:183663652:G:T,0,3,0.3917269706726074,modal,cuda,SLTM:K562
BCLAF1,HepG2,chr3:184182892:G:C,0,3,-0.38525843620300293,modal,cuda,SLTM:K562
BCLAF1,HepG2,chr3:184182941:T:C,0,3,-0.663283109664917,modal,cuda,SLTM:K562
BCLAF1,HepG2,chr3:184322818:C:T,0,3,0.8841155767440796,modal,cuda,SLTM:K562
BCLAF1,HepG2,chr3:184383109:G:A,0,3,0.8334317207336426,modal,cuda,SLTM:K562
BCLAF1,HepG2,chr3:184930527:G:A,0,3,0.6923362016677856,modal,cuda,SLTM:K562
BCLAF1,HepG2,chr3:186577769:T:A,1,3,3.3436086177825928,modal,cuda,SLTM:K562
BCLAF1,HepG2,chr3:186582095:G:C,0,3,-0.20285320281982422,modal,cuda,SLTM:K562
BCLAF1,HepG2,chr3:186584594:G:A,0,3,0.721428632736206,modal,cuda,SLTM:K562
BCLAF1,HepG2,chr3:186584603:G:T,0,3,-0.42914891242980957,modal,cuda,SLTM:K562
BCLAF1,HepG2,chr3:186585390:T:C,0,3,-1.3035449981689453,modal,cuda,SLTM:K562
BCLAF1,HepG2,chr3:186786157:C:T,0,3,-0.4251875877380371,modal,cuda,SLTM:K562
BCLAF1,HepG2,chr3:188760231:G:A,0,3,-1.200559139251709,modal,cuda,SLTM:K562
BCLAF1,HepG2,chr3:188760267:C:T,0,3,1.1753833293914795,modal,cuda,SLTM:K562
BCLAF1,HepG2,chr3:191380750:C:G,0,3,-0.271897554397583,modal,cuda,SLTM:K562
BCLAF1,HepG2,chr3:191380942:G:A,0,3,0.3256055414676666,modal,cuda,SLTM:K562
BCLAF1,HepG2,chr3:191382853:A:T,0,3,-1.1751179695129395,modal,cuda,SLTM:K562
BCLAF1,HepG2,chr3:193615687:G:A,1,3,1.1592276096343994,modal,cuda,SLTM:K562
BCLAF1,HepG2,chr3:193617189:A:T,1,3,3.031985282897949,modal,cuda,SLTM:K562
BCLAF1,HepG2,chr3:193617202:G:A,0,3,0.5717493295669556,modal,cuda,SLTM:K562
BCLAF1,HepG2,chr3:193618850:T:C,0,3,-0.5658777952194214,modal,cuda,SLTM:K562
BCLAF1,HepG2,chr3:193618876:G:A,0,3,0.7975003719329834,modal,cuda,SLTM:K562
BCLAF1,HepG2,chr3:193618887:C:T,0,3,0.6806029081344604,modal,cuda,SLTM:K562
BCLAF1,HepG2,chr3:193648150:T:G,0,3,-0.5317263603210449,modal,cuda,SLTM:K562
BCLAF1,HepG2,chr3:193662806:T:A,0,3,-0.6598257422447205,modal,cuda,SLTM:K562
BCLAF1,HepG2,chr3:193665007:C:G,0,3,-2.0432868003845215,modal,cuda,SLTM:K562
BCLAF1,HepG2,chr3:193667285:G:A,1,3,-0.5722911357879639,modal,cuda,SLTM:K562
BCLAF1,HepG2,chr3:194427274:G:A,0,3,0.10608029365539551,modal,cuda,SLTM:K562
BCLAF1,HepG2,chr3:194431771:C:T,1,3,1.273728847503662,modal,cuda,SLTM:K562
BCLAF1,HepG2,chr3:194431876:A:G,0,3,-0.5611082911491394,modal,cuda,SLTM:K562
BCLAF1,HepG2,chr3:194437305:C:T,0,3,-0.46329426765441895,modal,cuda,SLTM:K562
BCLAF1,HepG2,chr3:194438909:G:A,0,3,0.5058874487876892,modal,cuda,SLTM:K562
BCLAF1,HepG2,chr3:194438916:T:C,0,3,-0.2328614592552185,modal,cuda,SLTM:K562
BCLAF1,HepG2,chr3:194438977:A:G,0,3,-0.2314281463623047,modal,cuda,SLTM:K562
BCLAF1,HepG2,chr3:194438985:A:G,0,3,-0.18872833251953125,modal,cuda,SLTM:K562
BCLAF1,HepG2,chr3:194441437:C:T,0,3,0.7626707553863525,modal,cuda,SLTM:K562
BCLAF1,HepG2,chr3:194448494:G:A,0,3,0.44315236806869507,modal,cuda,SLTM:K562
BCLAF1,HepG2,chr3:194454296:T:C,0,3,-0.9764547348022461,modal,cuda,SLTM:K562
BCLAF1,HepG2,chr3:194455983:C:A,0,3,0.36824607849121094,modal,cuda,SLTM:K562
BCLAF1,HepG2,chr3:194459561:G:A,0,3,0.587745189666748,modal,cuda,SLTM:K562
BCLAF1,HepG2,chr3:194459936:G:A,0,3,0.7981925010681152,modal,cuda,SLTM:K562
BCLAF1,HepG2,chr3:194459982:G:A,0,3,-0.35217976570129395,modal,cuda,SLTM:K562
BCLAF1,HepG2,chr3:196239535:G:A,0,3,1.222724437713623,modal,cuda,SLTM:K562
BCLAF1,HepG2,chr3:197044642:G:A,0,3,0.87235426902771,modal,cuda,SLTM:K562
BCLAF1,HepG2,chr3:197044683:T:C,0,3,-0.6595685482025146,modal,cuda,SLTM:K562
BCLAF1,HepG2,chr3:197065292:C:T,0,3,1.2484207153320312,modal,cuda,SLTM:K562
BCLAF1,HepG2,chr3:197081057:A:C,0,3,-0.7605013251304626,modal,cuda,SLTM:K562
BCLAF1,HepG2,chr3:197115960:A:G,0,3,-0.9504019021987915,modal,cuda,SLTM:K562
BCLAF1,HepG2,chr3:197138319:C:T,0,3,0.6822612881660461,modal,cuda,SLTM:K562
BCLAF1,HepG2,chr3:197138320:G:A,0,3,0.3364018201828003,modal,cuda,SLTM:K562
BCLAF1,HepG2,chr3:197149779:T:A,0,3,0.17431306838989258,modal,cuda,SLTM:K562
BCLAF1,HepG2,chr3:25612504:G:T,0,3,-0.3869985342025757,modal,cuda,SLTM:K562
BCLAF1,HepG2,chr3:25612507:T:C,0,3,-0.902795672416687,modal,cuda,SLTM:K562
BCLAF1,HepG2,chr3:25733865:A:C,0,3,-1.4003382921218872,modal,cuda,SLTM:K562
BCLAF1,HepG2,chr3:25778566:A:T,0,3,1.1856563091278076,modal,cuda,SLTM:K562
BCLAF1,HepG2,chr3:3144599:T:C,1,3,-0.4200442433357239,modal,cuda,SLTM:K562
BCLAF1,HepG2,chr3:3144640:A:T,1,3,3.92423152923584,modal,cuda,SLTM:K562
BCLAF1,HepG2,chr3:3144671:G:T,1,3,1.251899242401123,modal,cuda,SLTM:K562
BCLAF1,HepG2,chr3:3146404:T:C,1,3,-0.2955889105796814,modal,cuda,SLTM:K562
BCLAF1,HepG2,chr3:3146489:T:C,1,3,-0.592309832572937,modal,cuda,SLTM:K562
BCLAF1,HepG2,chr3:36996644:C:T,1,3,1.6898887157440186,modal,cuda,SLTM:K562
BCLAF1,HepG2,chr3:36996648:T:A,1,3,-0.7249295711517334,modal,cuda,SLTM:K562
BCLAF1,HepG2,chr3:36996659:G:T,1,3,2.3078651428222656,modal,cuda,SLTM:K562
BCLAF1,HepG2,chr3:36996668:C:T,0,3,-0.6246160268783569,modal,cuda,SLTM:K562
BCLAF1,HepG2,chr3:36996670:G:A,0,3,0.8697987794876099,modal,cuda,SLTM:K562
BCLAF1,HepG2,chr3:36996671:A:T,1,3,3.113274097442627,modal,cuda,SLTM:K562
BCLAF1,HepG2,chr3:36996680:C:T,1,3,-1.5625882148742676,modal,cuda,SLTM:K562
BCLAF1,HepG2,chr3:36996686:C:T,1,3,2.7763848304748535,modal,cuda,SLTM:K562
BCLAF1,HepG2,chr3:36996691:C:A,1,3,-0.3710513710975647,modal,cuda,SLTM:K562
BCLAF1,HepG2,chr3:36996697:C:T,0,3,0.8514676094055176,modal,cuda,SLTM:K562
BCLAF1,HepG2,chr3:36996701:G:A,1,3,1.696913242340088,modal,cuda,SLTM:K562
BCLAF1,HepG2,chr3:36996701:G:T,1,3,1.4822826385498047,modal,cuda,SLTM:K562
BCLAF1,HepG2,chr3:36996702:G:A,1,3,-1.3383793830871582,modal,cuda,SLTM:K562
BCLAF1,HepG2,chr3:36996710:G:C,1,3,1.0080381631851196,modal,cuda,SLTM:K562
BCLAF1,HepG2,chr3:36996711:T:G,1,3,1.6322989463806152,modal,cuda,SLTM:K562
BCLAF1,HepG2,chr3:37000953:A:G,1,3,-0.97202467918396,modal,cuda,SLTM:K562
BCLAF1,HepG2,chr3:37000954:G:A,1,3,1.484408974647522,modal,cuda,SLTM:K562
BCLAF1,HepG2,chr3:37000958:G:T,1,3,3.146277666091919,modal,cuda,SLTM:K562
BCLAF1,HepG2,chr3:37000976:T:C,1,3,-2.7398369312286377,modal,cuda,SLTM:K562
BCLAF1,HepG2,chr3:37000977:G:A,1,3,-0.43943166732788086,modal,cuda,SLTM:K562
BCLAF1,HepG2,chr3:37000979:G:T,1,3,3.4712674617767334,modal,cuda,SLTM:K562
BCLAF1,HepG2,chr3:37000992:C:T,1,3,0.4355635643005371,modal,cuda,SLTM:K562
BCLAF1,HepG2,chr3:37000997:A:T,1,3,3.0572054386138916,modal,cuda,SLTM:K562
BCLAF1,HepG2,chr3:37001003:C:T,1,3,2.0775249004364014,modal,cuda,SLTM:K562
BCLAF1,HepG2,chr3:37001008:C:A,0,3,-1.164089560508728,modal,cuda,SLTM:K562
BCLAF1,HepG2,chr3:37001012:G:T,1,3,2.6373696327209473,modal,cuda,SLTM:K562
BCLAF1,HepG2,chr3:37001019:T:G,1,3,4.339754581451416,modal,cuda,SLTM:K562
BCLAF1,HepG2,chr3:37001045:C:T,1,3,4.494326591491699,modal,cuda,SLTM:K562
BCLAF1,HepG2,chr3:37001046:G:C,1,3,2.700044631958008,modal,cuda,SLTM:K562
BCLAF1,HepG2,chr3:37001053:G:C,1,3,-1.5149750709533691,modal,cuda,SLTM:K562
BCLAF1,HepG2,chr3:37001054:G:A,1,3,0.7417868375778198,modal,cuda,SLTM:K562
BCLAF1,HepG2,chr3:37001054:G:C,1,3,0.7364246845245361,modal,cuda,SLTM:K562
BCLAF1,HepG2,chr3:37001054:G:T,1,3,-0.5961222648620605,modal,cuda,SLTM:K562
BCLAF1,HepG2,chr3:37001055:T:A,1,3,1.965196132659912,modal,cuda,SLTM:K562
BCLAF1,HepG2,chr3:37001058:G:A,1,3,-0.6229763031005859,modal,cuda,SLTM:K562
BCLAF1,HepG2,chr3:37004405:T:A,1,3,-0.9313989281654358,modal,cuda,SLTM:K562
BCLAF1,HepG2,chr3:37004414:T:G,1,3,-1.0294928550720215,modal,cuda,SLTM:K562
BCLAF1,HepG2,chr3:37004444:C:T,1,3,1.4991743564605713,modal,cuda,SLTM:K562
BCLAF1,HepG2,chr3:37011823:T:G,1,3,-1.0954546928405762,modal,cuda,SLTM:K562
BCLAF1,HepG2,chr3:37011825:C:G,1,3,1.0377206802368164,modal,cuda,SLTM:K562
BCLAF1,HepG2,chr3:37011828:T:G,1,3,0.6046726703643799,modal,cuda,SLTM:K562
BCLAF1,HepG2,chr3:37011852:C:G,1,3,0.3210640251636505,modal,cuda,SLTM:K562
BCLAF1,HepG2,chr3:37011860:A:T,1,3,1.035506248474121,modal,cuda,SLTM:K562
BCLAF1,HepG2,chr3:37011867:G:A,1,3,1.6286351680755615,modal,cuda,SLTM:K562
BCLAF1,HepG2,chr3:37011873:G:C,0,3,-1.1501810550689697,modal,cuda,SLTM:K562
BCLAF1,HepG2,chr3:37337743:C:T,0,3,-0.3780336380004883,modal,cuda,SLTM:K562
BCLAF1,HepG2,chr3:39091638:A:G,0,3,-0.8996539115905762,modal,cuda,SLTM:K562
BCLAF1,HepG2,chr3:39094036:G:A,0,3,0.41426509618759155,modal,cuda,SLTM:K562
BCLAF1,HepG2,chr3:41224767:T:C,0,3,0.6169848442077637,modal,cuda,SLTM:K562
BCLAF1,HepG2,chr3:41224951:C:A,1,3,-1.0468966960906982,modal,cuda,SLTM:K562
BCLAF1,HepG2,chr3:41954644:T:C,0,3,-0.48311948776245117,modal,cuda,SLTM:K562
BCLAF1,HepG2,chr3:42176807:C:G,0,3,-0.5449421405792236,modal,cuda,SLTM:K562
BCLAF1,HepG2,chr3:42201047:G:A,0,3,1.0526103973388672,modal,cuda,SLTM:K562
BCLAF1,HepG2,chr3:4376305:A:C,0,3,0.49855518341064453,modal,cuda,SLTM:K562
BCLAF1,HepG2,chr3:4376365:G:A,1,3,2.581395149230957,modal,cuda,SLTM:K562
BCLAF1,HepG2,chr3:4452849:T:C,0,3,-0.3123760223388672,modal,cuda,SLTM:K562
BCLAF1,HepG2,chr3:4493454:G:A,0,3,0.4482840895652771,modal,cuda,SLTM:K562
BCLAF1,HepG2,chr3:4494442:A:G,0,3,-1.3784825801849365,modal,cuda,SLTM:K562
BCLAF1,HepG2,chr3:45388659:G:A,0,3,-0.33792394399642944,modal,cuda,SLTM:K562
BCLAF1,HepG2,chr3:47083741:C:T,0,3,0.9919034242630005,modal,cuda,SLTM:K562
BCLAF1,HepG2,chr3:47083771:C:T,0,3,0.36727476119995117,modal,cuda,SLTM:K562
BCLAF1,HepG2,chr3:47083968:C:T,0,3,0.5264289975166321,modal,cuda,SLTM:K562
BCLAF1,HepG2,chr3:47084019:C:A,1,3,1.092345952987671,modal,cuda,SLTM:K562
BCLAF1,HepG2,chr3:47084336:A:C,1,3,1.5464808940887451,modal,cuda,SLTM:K562
BCLAF1,HepG2,chr3:47088119:G:A,0,3,0.21798843145370483,modal,cuda,SLTM:K562
BCLAF1,HepG2,chr3:47088154:C:A,1,3,2.520650863647461,modal,cuda,SLTM:K562
BCLAF1,HepG2,chr3:47088171:C:T,1,3,1.1956868171691895,modal,cuda,SLTM:K562
BCLAF1,HepG2,chr3:47105977:A:G,0,3,-0.3244638442993164,modal,cuda,SLTM:K562
BCLAF1,HepG2,chr3:47106062:G:A,1,3,4.194433212280273,modal,cuda,SLTM:K562
BCLAF1,HepG2,chr3:47106069:A:G,0,3,0.179673969745636,modal,cuda,SLTM:K562
BCLAF1,HepG2,chr3:47116723:G:A,1,3,1.8870408535003662,modal,cuda,SLTM:K562
BCLAF1,HepG2,chr3:47116766:A:C,0,3,-0.597970724105835,modal,cuda,SLTM:K562
BCLAF1,HepG2,chr3:47121171:A:G,0,3,0.19358110427856445,modal,cuda,SLTM:K562
BCLAF1,HepG2,chr3:47121197:G:A,1,3,3.219467878341675,modal,cuda,SLTM:K562
BCLAF1,HepG2,chr3:47121210:T:G,0,3,-0.2777378559112549,modal,cuda,SLTM:K562
BCLAF1,HepG2,chr3:47121683:C:G,0,3,-0.7982067465782166,modal,cuda,SLTM:K562
BCLAF1,HepG2,chr3:47121724:G:C,0,3,-0.5691441297531128,modal,cuda,SLTM:K562
BCLAF1,HepG2,chr3:47124428:G:A,1,3,4.069958686828613,modal,cuda,SLTM:K562
BCLAF1,HepG2,chr3:47916506:C:G,0,3,1.2365106344223022,modal,cuda,SLTM:K562
BCLAF1,HepG2,chr3:47916547:G:T,0,3,1.7179274559020996,modal,cuda,SLTM:K562
BCLAF1,HepG2,chr3:47916671:T:C,0,3,-0.8823108077049255,modal,cuda,SLTM:K562
BCLAF1,HepG2,chr3:47998750:A:G,0,3,-0.45875275135040283,modal,cuda,SLTM:K562
BCLAF1,HepG2,chr3:48567782:G:C,0,3,-0.7290964126586914,modal,cuda,SLTM:K562
BCLAF1,HepG2,chr3:50059680:A:G,0,3,0.7627066373825073,modal,cuda,SLTM:K562
BCLAF1,HepG2,chr3:50066325:G:A,0,3,-0.2206251621246338,modal,cuda,SLTM:K562
BCLAF1,HepG2,chr3:52662287:G:C,0,3,-0.3687129616737366,modal,cuda,SLTM:K562
BCLAF1,HepG2,chr3:52668490:T:C,0,3,0.28767824172973633,modal,cuda,SLTM:K562
BCLAF1,HepG2,chr3:57860850:C:A,0,3,-0.36100125312805176,modal,cuda,SLTM:K562
BCLAF1,HepG2,chr3:57861934:A:G,0,3,-1.733609676361084,modal,cuda,SLTM:K562
BCLAF1,HepG2,chr3:57912385:A:G,0,3,-0.8521888852119446,modal,cuda,SLTM:K562
BCLAF1,HepG2,chr3:58096233:C:T,0,3,1.2013144493103027,modal,cuda,SLTM:K562
BCLAF1,HepG2,chr3:58126597:T:G,0,3,-0.7674059867858887,modal,cuda,SLTM:K562
BCLAF1,HepG2,chr3:58391211:G:A,0,3,0.8499433994293213,modal,cuda,SLTM:K562
BCLAF1,HepG2,chr3:67528240:C:T,0,3,0.2142655849456787,modal,cuda,SLTM:K562
BCLAF1,HepG2,chr3:67529077:C:G,0,3,1.8183857202529907,modal,cuda,SLTM:K562
BCLAF1,HepG2,chr3:70959326:A:C,0,3,-0.5897877216339111,modal,cuda,SLTM:K562
BCLAF1,HepG2,chr3:71001073:T:C,0,3,-0.7113714218139648,modal,cuda,SLTM:K562
BCLAF1,HepG2,chr3:71359168:C:T,0,3,-1.396714687347412,modal,cuda,SLTM:K562
BCLAF1,HepG2,chr3:78938586:G:A,0,3,1.6958972215652466,modal,cuda,SLTM:K562
BCLAF1,HepG2,chr3:93884905:T:C,1,3,-0.3402211666107178,modal,cuda,SLTM:K562
BCLAF1,HepG2,chr3:9445644:C:T,0,3,-0.47021639347076416,modal,cuda,SLTM:K562
BCLAF1,HepG2,chr3:9447031:C:A,0,3,1.7973487377166748,modal,cuda,SLTM:K562
BCLAF1,HepG2,chr3:9940912:C:T,1,3,0.6352153420448303,modal,cuda,SLTM:K562
BCLAF1,HepG2,chr3:99849303:G:A,0,3,0.48611998558044434,modal,cuda,SLTM:K562
BCLAF1,HepG2,chr3:99849441:G:A,0,3,0.3536045551300049,modal,cuda,SLTM:K562
BCLAF1,HepG2,chr3:99849893:A:G,0,3,0.43535515666007996,modal,cuda,SLTM:K562
BCLAF1,HepG2,chr3:99851036:G:C,0,3,0.29250311851501465,modal,cuda,SLTM:K562
BCLAF1,HepG2,chr4:105424224:C:T,0,1,0.3880586624145508,modal,cuda,SLTM:K562
BCLAF1,HepG2,chr4:105424311:A:T,1,1,-0.9408097267150879,modal,cuda,SLTM:K562
BCLAF1,HepG2,chr4:105449353:C:A,1,1,-0.4280052185058594,modal,cuda,SLTM:K562
BCLAF1,HepG2,chr4:105449391:T:C,1,1,0.4946622848510742,modal,cuda,SLTM:K562
BCLAF1,HepG2,chr4:105449422:C:A,0,1,-0.6818335056304932,modal,cuda,SLTM:K562
BCLAF1,HepG2,chr4:106231725:T:A,0,1,-0.5326237678527832,modal,cuda,SLTM:K562
BCLAF1,HepG2,chr4:106233575:A:G,0,1,-0.5427846908569336,modal,cuda,SLTM:K562
BCLAF1,HepG2,chr4:106244775:C:T,0,1,-0.10328292846679688,modal,cuda,SLTM:K562
BCLAF1,HepG2,chr4:106250409:G:C,0,1,0.5761880874633789,modal,cuda,SLTM:K562
BCLAF1,HepG2,chr4:106250490:G:A,0,1,-0.3455541133880615,modal,cuda,SLTM:K562
BCLAF1,HepG2,chr4:106251973:G:A,1,1,0.5728511810302734,modal,cuda,SLTM:K562
BCLAF1,HepG2,chr4:106260459:C:T,0,1,-0.3923978805541992,modal,cuda,SLTM:K562
BCLAF1,HepG2,chr4:106262103:G:A,1,1,-0.953610897064209,modal,cuda,SLTM:K562
BCLAF1,HepG2,chr4:106308907:A:G,0,1,-1.0386043787002563,modal,cuda,SLTM:K562
BCLAF1,HepG2,chr4:109741074:T:A,1,1,-0.40434813499450684,modal,cuda,SLTM:K562
BCLAF1,HepG2,chr4:109746241:A:G,0,1,-0.26000165939331055,modal,cuda,SLTM:K562
BCLAF1,HepG2,chr4:109746434:C:T,0,1,0.43558597564697266,modal,cuda,SLTM:K562
BCLAF1,HepG2,chr4:109746511:G:A,0,1,-0.3038184642791748,modal,cuda,SLTM:K562
BCLAF1,HepG2,chr4:109749321:C:T,1,1,1.335214376449585,modal,cuda,SLTM:K562
BCLAF1,HepG2,chr4:109749510:G:A,1,1,0.7253493070602417,modal,cuda,SLTM:K562
BCLAF1,HepG2,chr4:109757769:T:C,0,1,-0.8955134153366089,modal,cuda,SLTM:K562
BCLAF1,HepG2,chr4:109757790:A:G,0,1,-0.2862436771392822,modal,cuda,SLTM:K562
BCLAF1,HepG2,chr4:109760349:C:T,0,1,0.21203958988189697,modal,cuda,SLTM:K562
BCLAF1,HepG2,chr4:109760556:A:C,1,1,-0.4177217483520508,modal,cuda,SLTM:K562
BCLAF1,HepG2,chr4:109760567:C:T,1,1,0.06322717666625977,modal,cuda,SLTM:K562
BCLAF1,HepG2,chr4:109764523:A:T,0,1,-0.5492649078369141,modal,cuda,SLTM:K562
BCLAF1,HepG2,chr4:109764531:G:A,0,1,0.7753534317016602,modal,cuda,SLTM:K562
BCLAF1,HepG2,chr4:109764574:C:A,1,1,1.426989197731018,modal,cuda,SLTM:K562
BCLAF1,HepG2,chr4:109764585:C:T,1,1,-0.4235506057739258,modal,cuda,SLTM:K562
BCLAF1,HepG2,chr4:109766567:T:A,0,1,0.7760460376739502,modal,cuda,SLTM:K562
BCLAF1,HepG2,chr4:109766572:C:A,1,1,1.4137768745422363,modal,cuda,SLTM:K562
BCLAF1,HepG2,chr4:112644679:G:A,0,1,-0.2899298667907715,modal,cuda,SLTM:K562
BCLAF1,HepG2,chr4:119245361:C:T,1,1,1.7086886167526245,modal,cuda,SLTM:K562
BCLAF1,HepG2,chr4:121814070:C:A,0,1,0.6280326843261719,modal,cuda,SLTM:K562
BCLAF1,HepG2,chr4:121816810:G:C,0,1,0.8949228525161743,modal,cuda,SLTM:K562
BCLAF1,HepG2,chr4:122199459:G:A,0,1,0.29823899269104004,modal,cuda,SLTM:K562
BCLAF1,HepG2,chr4:122238075:A:G,0,1,-1.432694911956787,modal,cuda,SLTM:K562
BCLAF1,HepG2,chr4:122244031:T:G,0,1,0.2593064308166504,modal,cuda,SLTM:K562
BCLAF1,HepG2,chr4:123090563:G:A,0,1,0.7453570365905762,modal,cuda,SLTM:K562
BCLAF1,HepG2,chr4:127938782:C:G,1,1,-0.5591840744018555,modal,cuda,SLTM:K562
BCLAF1,HepG2,chr4:127938789:C:A,1,1,0.4064129590988159,modal,cuda,SLTM:K562
BCLAF1,HepG2,chr4:127938810:G:A,1,1,0.454404354095459,modal,cuda,SLTM:K562
BCLAF1,HepG2,chr4:127938818:G:C,1,1,1.0980461835861206,modal,cuda,SLTM:K562
BCLAF1,HepG2,chr4:127938839:C:T,1,1,0.4352650046348572,modal,cuda,SLTM:K562
BCLAF1,HepG2,chr4:139342975:C:A,0,1,-0.48772430419921875,modal,cuda,SLTM:K562
BCLAF1,HepG2,chr4:139354103:G:A,1,1,-0.30546045303344727,modal,cuda,SLTM:K562
BCLAF1,HepG2,chr4:139359900:G:A,1,1,-0.2858610153198242,modal,cuda,SLTM:K562
BCLAF1,HepG2,chr4:145110451:G:T,0,1,-0.0670781135559082,modal,cuda,SLTM:K562
BCLAF1,HepG2,chr4:150844091:G:A,0,1,-0.23250389099121094,modal,cuda,SLTM:K562
BCLAF1,HepG2,chr4:150872652:G:A,0,1,1.5282243490219116,modal,cuda,SLTM:K562
BCLAF1,HepG2,chr4:150905994:C:A,0,1,0.7201628684997559,modal,cuda,SLTM:K562
BCLAF1,HepG2,chr4:150914350:G:A,0,1,-0.3978731632232666,modal,cuda,SLTM:K562
BCLAF1,HepG2,chr4:150929074:G:A,0,1,0.11975312232971191,modal,cuda,SLTM:K562
BCLAF1,HepG2,chr4:154568434:C:T,1,1,1.5835977792739868,modal,cuda,SLTM:K562
BCLAF1,HepG2,chr4:154569192:G:T,0,1,-0.5566883087158203,modal,cuda,SLTM:K562
BCLAF1,HepG2,chr4:154569320:C:T,1,1,2.0333914756774902,modal,cuda,SLTM:K562
BCLAF1,HepG2,chr4:154569529:G:C,1,1,0.7575052976608276,modal,cuda,SLTM:K562
BCLAF1,HepG2,chr4:154569680:C:T,0,1,-0.17672944068908691,modal,cuda,SLTM:K562
BCLAF1,HepG2,chr4:154569703:T:G,1,1,-1.5691131353378296,modal,cuda,SLTM:K562
BCLAF1,HepG2,chr4:154605079:G:A,0,1,1.0029077529907227,modal,cuda,SLTM:K562
BCLAF1,HepG2,chr4:158682194:G:T,1,1,0.9116672277450562,modal,cuda,SLTM:K562
BCLAF1,HepG2,chr4:165337904:A:G,0,1,-0.22041082382202148,modal,cuda,SLTM:K562
BCLAF1,HepG2,chr4:165337909:C:G,0,1,-0.468914270401001,modal,cuda,SLTM:K562
BCLAF1,HepG2,chr4:169585396:C:A,1,1,-0.5799047946929932,modal,cuda,SLTM:K562
BCLAF1,HepG2,chr4:169585552:A:G,0,1,0.7695126533508301,modal,cuda,SLTM:K562
BCLAF1,HepG2,chr4:169588686:G:A,1,1,0.638700544834137,modal,cuda,SLTM:K562
BCLAF1,HepG2,chr4:1744840:C:T,0,1,-0.49603307247161865,modal,cuda,SLTM:K562
BCLAF1,HepG2,chr4:1904379:G:C,1,1,-0.4521195888519287,modal,cuda,SLTM:K562
BCLAF1,HepG2,chr4:22401411:G:A,0,1,0.39475202560424805,modal,cuda,SLTM:K562
BCLAF1,HepG2,chr4:22438236:G:A,0,1,0.47649288177490234,modal,cuda,SLTM:K562
BCLAF1,HepG2,chr4:22442637:A:T,0,1,-0.26218223571777344,modal,cuda,SLTM:K562
BCLAF1,HepG2,chr4:23813899:C:T,0,1,0.46861934661865234,modal,cuda,SLTM:K562
BCLAF1,HepG2,chr4:25127252:A:G,0,1,0.3903841972351074,modal,cuda,SLTM:K562
BCLAF1,HepG2,chr4:26428874:T:C,0,1,0.2970585823059082,modal,cuda,SLTM:K562
BCLAF1,HepG2,chr4:2663247:A:G,0,1,-1.0014978647232056,modal,cuda,SLTM:K562
BCLAF1,HepG2,chr4:3178294:T:C,0,1,0.3440206050872803,modal,cuda,SLTM:K562
BCLAF1,HepG2,chr4:3180654:A:G,0,1,-0.2571227550506592,modal,cuda,SLTM:K562
BCLAF1,HepG2,chr4:39189694:T:A,1,1,0.4528067111968994,modal,cuda,SLTM:K562
BCLAF1,HepG2,chr4:39189725:C:A,1,1,0.8419127464294434,modal,cuda,SLTM:K562
BCLAF1,HepG2,chr4:39203745:C:T,0,1,0.964292049407959,modal,cuda,SLTM:K562
BCLAF1,HepG2,chr4:39342473:T:A,0,1,0.3255195617675781,modal,cuda,SLTM:K562
BCLAF1,HepG2,chr4:44683303:T:C,0,1,-0.45374369621276855,modal,cuda,SLTM:K562
BCLAF1,HepG2,chr4:47885519:T:C,0,1,-1.2076427936553955,modal,cuda,SLTM:K562
BCLAF1,HepG2,chr4:47885974:G:A,0,1,0.5946531295776367,modal,cuda,SLTM:K562
BCLAF1,HepG2,chr4:47899071:C:T,0,1,-0.8121042251586914,modal,cuda,SLTM:K562
BCLAF1,HepG2,chr4:500593:C:T,1,1,-1.0809166431427002,modal,cuda,SLTM:K562
BCLAF1,HepG2,chr4:507457:G:A,1,1,-0.86244797706604,modal,cuda,SLTM:K562
BCLAF1,HepG2,chr4:507458:G:A,1,1,-0.690031886100769,modal,cuda,SLTM:K562
BCLAF1,HepG2,chr4:507474:C:T,1,1,0.1765856146812439,modal,cuda,SLTM:K562
BCLAF1,HepG2,chr4:507606:G:A,0,1,0.4960286617279053,modal,cuda,SLTM:K562
BCLAF1,HepG2,chr4:508835:G:T,1,1,2.560049533843994,modal,cuda,SLTM:K562
BCLAF1,HepG2,chr4:521104:G:A,1,1,0.7888576984405518,modal,cuda,SLTM:K562
BCLAF1,HepG2,chr4:521105:G:A,1,1,0.8357664942741394,modal,cuda,SLTM:K562
BCLAF1,HepG2,chr4:521134:C:G,1,1,0.5249382257461548,modal,cuda,SLTM:K562
BCLAF1,HepG2,chr4:55417826:T:C,0,1,-1.04769766330719,modal,cuda,SLTM:K562
BCLAF1,HepG2,chr4:56478613:A:G,0,1,-0.12488889694213867,modal,cuda,SLTM:K562
BCLAF1,HepG2,chr4:73420317:C:T,0,1,-0.3581436574459076,modal,cuda,SLTM:K562
BCLAF1,HepG2,chr4:76124687:T:C,1,1,-0.5499752759933472,modal,cuda,SLTM:K562
BCLAF1,HepG2,chr4:78252556:G:T,1,1,0.7084599733352661,modal,cuda,SLTM:K562
BCLAF1,HepG2,chr4:78255238:C:G,0,1,-0.9933847188949585,modal,cuda,SLTM:K562
BCLAF1,HepG2,chr4:78267441:C:T,0,1,0.5239531993865967,modal,cuda,SLTM:K562
BCLAF1,HepG2,chr4:78281446:T:C,0,1,-0.2563443183898926,modal,cuda,SLTM:K562
BCLAF1,HepG2,chr4:82426113:A:G,0,1,-0.5905753374099731,modal,cuda,SLTM:K562
BCLAF1,HepG2,chr4:82427174:A:C,0,1,-0.9926621913909912,modal,cuda,SLTM:K562
BCLAF1,HepG2,chr4:82427499:T:C,0,1,-0.23579883575439453,modal,cuda,SLTM:K562
BCLAF1,HepG2,chr4:82428060:A:C,0,1,-1.2521042823791504,modal,cuda,SLTM:K562
BCLAF1,HepG2,chr4:82428194:T:A,0,1,0.26789069175720215,modal,cuda,SLTM:K562
BCLAF1,HepG2,chr4:82428196:T:C,0,1,0.2507295608520508,modal,cuda,SLTM:K562
BCLAF1,HepG2,chr4:82872090:A:C,0,1,-0.569108247756958,modal,cuda,SLTM:K562
BCLAF1,HepG2,chr4:94233997:A:G,0,1,-0.7508335113525391,modal,cuda,SLTM:K562
BCLAF1,HepG2,chr4:94252628:T:C,0,1,-0.7962116003036499,modal,cuda,SLTM:K562
BCLAF1,HepG2,chr4:94252777:C:T,0,1,-0.42649197578430176,modal,cuda,SLTM:K562
BCLAF1,HepG2,chr4:94264904:A:G,0,1,0.3454291820526123,modal,cuda,SLTM:K562
BCLAF1,HepG2,chr4:9920590:C:T,0,1,0.8407204151153564,modal,cuda,SLTM:K562
BCLAF1,HepG2,chr5:10254705:A:G,0,1,1.1281280517578125,modal,cuda,SLTM:K562
BCLAF1,HepG2,chr5:10264850:A:G,0,1,-0.5287966728210449,modal,cuda,SLTM:K562
BCLAF1,HepG2,chr5:108959248:T:C,0,1,-1.443984866142273,modal,cuda,SLTM:K562
BCLAF1,HepG2,chr5:112766331:A:T,0,1,0.1893165111541748,modal,cuda,SLTM:K562
BCLAF1,HepG2,chr5:112766335:A:T,1,1,-0.6481791734695435,modal,cuda,SLTM:K562
BCLAF1,HepG2,chr5:112766338:C:T,1,1,0.7036571502685547,modal,cuda,SLTM:K562
BCLAF1,HepG2,chr5:112766344:C:T,1,1,0.9763834476470947,modal,cuda,SLTM:K562
BCLAF1,HepG2,chr5:112766367:T:A,0,1,-0.15624463558197021,modal,cuda,SLTM:K562
BCLAF1,HepG2,chr5:112766376:T:C,0,1,0.10824382305145264,modal,cuda,SLTM:K562
BCLAF1,HepG2,chr5:112766380:G:T,1,1,-0.4414011240005493,modal,cuda,SLTM:K562
BCLAF1,HepG2,chr5:112766383:C:T,1,1,-0.5067005157470703,modal,cuda,SLTM:K562
BCLAF1,HepG2,chr5:112766393:T:A,1,1,-0.5588217973709106,modal,cuda,SLTM:K562
BCLAF1,HepG2,chr5:112766393:T:G,1,1,-0.8475562334060669,modal,cuda,SLTM:K562
BCLAF1,HepG2,chr5:112766396:T:A,1,1,-0.6567572355270386,modal,cuda,SLTM:K562
BCLAF1,HepG2,chr5:112801283:C:A,1,1,-0.6950075030326843,modal,cuda,SLTM:K562
BCLAF1,HepG2,chr5:112801288:C:T,1,1,0.9693530797958374,modal,cuda,SLTM:K562
BCLAF1,HepG2,chr5:112801310:C:G,1,1,1.8965651988983154,modal,cuda,SLTM:K562
BCLAF1,HepG2,chr5:112801339:C:T,1,1,-1.101813554763794,modal,cuda,SLTM:K562
BCLAF1,HepG2,chr5:112801351:G:T,1,1,1.0471458435058594,modal,cuda,SLTM:K562
BCLAF1,HepG2,chr5:112839221:A:G,0,1,0.23786306381225586,modal,cuda,SLTM:K562
BCLAF1,HepG2,chr5:112839251:C:T,0,1,0.3680456876754761,modal,cuda,SLTM:K562
BCLAF1,HepG2,chr5:112839284:G:A,0,1,0.5268154144287109,modal,cuda,SLTM:K562
BCLAF1,HepG2,chr5:112839287:C:A,0,1,-0.4737248420715332,modal,cuda,SLTM:K562
BCLAF1,HepG2,chr5:112839320:G:A,0,1,0.8075499534606934,modal,cuda,SLTM:K562
BCLAF1,HepG2,chr5:113532996:C:A,0,1,0.7657042145729065,modal,cuda,SLTM:K562
BCLAF1,HepG2,chr5:113548532:T:C,0,1,-0.14532065391540527,modal,cuda,SLTM:K562
BCLAF1,HepG2,chr5:113553178:C:T,0,1,-0.27062273025512695,modal,cuda,SLTM:K562
BCLAF1,HepG2,chr5:113553368:G:A,0,1,0.8102062940597534,modal,cuda,SLTM:K562
BCLAF1,HepG2,chr5:113553581:T:C,0,1,-0.2730555534362793,modal,cuda,SLTM:K562
BCLAF1,HepG2,chr5:113591989:C:A,0,1,-0.6038629412651062,modal,cuda,SLTM:K562
BCLAF1,HepG2,chr5:119116178:T:G,0,1,-0.4789513349533081,modal,cuda,SLTM:K562
BCLAF1,HepG2,chr5:119116201:G:A,0,1,0.46205219626426697,modal,cuda,SLTM:K562
BCLAF1,HepG2,chr5:119116244:C:T,0,1,0.5371783971786499,modal,cuda,SLTM:K562
BCLAF1,HepG2,chr5:119473982:A:T,1,1,-0.6081210374832153,modal,cuda,SLTM:K562
BCLAF1,HepG2,chr5:119475699:A:G,0,1,-0.21089839935302734,modal,cuda,SLTM:K562
BCLAF1,HepG2,chr5:119475838:G:A,0,1,0.3190286159515381,modal,cuda,SLTM:K562
BCLAF1,HepG2,chr5:119475838:G:C,1,1,0.6694309711456299,modal,cuda,SLTM:K562
BCLAF1,HepG2,chr5:119477487:A:T,0,1,-0.6820272207260132,modal,cuda,SLTM:K562
BCLAF1,HepG2,chr5:119477488:C:T,1,1,0.5914050340652466,modal,cuda,SLTM:K562
BCLAF1,HepG2,chr5:119478848:C:A,1,1,-0.8198204040527344,modal,cuda,SLTM:K562
BCLAF1,HepG2,chr5:119489251:G:T,1,1,1.867262363433838,modal,cuda,SLTM:K562
BCLAF1,HepG2,chr5:119489276:T:A,1,1,0.550788402557373,modal,cuda,SLTM:K562
BCLAF1,HepG2,chr5:119493818:T:G,1,1,0.6113040447235107,modal,cuda,SLTM:K562
BCLAF1,HepG2,chr5:119493838:G:A,1,1,1.4270989894866943,modal,cuda,SLTM:K562
BCLAF1,HepG2,chr5:119493896:G:A,1,1,1.0960334539413452,modal,cuda,SLTM:K562
BCLAF1,HepG2,chr5:119496563:G:T,1,1,-1.6312665939331055,modal,cuda,SLTM:K562
BCLAF1,HepG2,chr5:119496585:C:G,1,1,-1.4123750925064087,modal,cuda,SLTM:K562
BCLAF1,HepG2,chr5:119499491:C:T,1,1,-1.1012071371078491,modal,cuda,SLTM:K562
BCLAF1,HepG2,chr5:119502061:C:G,1,1,1.2341845035552979,modal,cuda,SLTM:K562
BCLAF1,HepG2,chr5:119502063:T:A,1,1,1.9494552612304688,modal,cuda,SLTM:K562
BCLAF1,HepG2,chr5:119529917:C:T,0,1,0.277809202671051,modal,cuda,SLTM:K562
BCLAF1,HepG2,chr5:126819005:C:T,0,1,-0.1748611330986023,modal,cuda,SLTM:K562
BCLAF1,HepG2,chr5:126822763:C:G,0,1,-1.6029151678085327,modal,cuda,SLTM:K562
BCLAF1,HepG2,chr5:126836279:T:C,0,1,0.428847074508667,modal,cuda,SLTM:K562
BCLAF1,HepG2,chr5:126836282:C:T,0,1,-0.3973902463912964,modal,cuda,SLTM:K562
BCLAF1,HepG2,chr5:126836307:T:C,0,1,0.37619197368621826,modal,cuda,SLTM:K562
BCLAF1,HepG2,chr5:132579521:G:A,0,1,-1.0486667156219482,modal,cuda,SLTM:K562
BCLAF1,HepG2,chr5:132587701:G:A,0,1,-0.10021007061004639,modal,cuda,SLTM:K562
BCLAF1,HepG2,chr5:132592056:T:C,0,1,-0.9501492977142334,modal,cuda,SLTM:K562
BCLAF1,HepG2,chr5:132616000:T:C,0,1,0.32712888717651367,modal,cuda,SLTM:K562
BCLAF1,HepG2,chr5:132637224:A:G,0,1,0.7397898435592651,modal,cuda,SLTM:K562
BCLAF1,HepG2,chr5:132638126:C:G,1,1,-1.416796326637268,modal,cuda,SLTM:K562
BCLAF1,HepG2,chr5:132638158:C:T,1,1,-2.003657817840576,modal,cuda,SLTM:K562
BCLAF1,HepG2,chr5:132892418:C:T,0,1,0.947443962097168,modal,cuda,SLTM:K562
BCLAF1,HepG2,chr5:132893131:T:C,0,1,-0.582947850227356,modal,cuda,SLTM:K562
BCLAF1,HepG2,chr5:132898403:T:C,0,1,-1.1129565238952637,modal,cuda,SLTM:K562
BCLAF1,HepG2,chr5:138810049:A:T,1,1,1.308725118637085,modal,cuda,SLTM:K562
BCLAF1,HepG2,chr5:138810064:G:T,1,1,2.3925976753234863,modal,cuda,SLTM:K562
BCLAF1,HepG2,chr5:138810084:C:A,1,1,0.7144845724105835,modal,cuda,SLTM:K562
BCLAF1,HepG2,chr5:138810090:T:A,0,1,0.6800673604011536,modal,cuda,SLTM:K562
BCLAF1,HepG2,chr5:138810096:G:A,0,1,-0.2562344968318939,modal,cuda,SLTM:K562
BCLAF1,HepG2,chr5:138887504:C:G,0,1,-0.933630108833313,modal,cuda,SLTM:K562
BCLAF1,HepG2,chr5:138887556:T:C,0,1,-1.1631860733032227,modal,cuda,SLTM:K562
BCLAF1,HepG2,chr5:138887567:T:A,0,1,0.5719151496887207,modal,cuda,SLTM:K562
BCLAF1,HepG2,chr5:138887586:A:T,1,1,0.824955940246582,modal,cuda,SLTM:K562
BCLAF1,HepG2,chr5:138887598:G:T,1,1,0.42190122604370117,modal,cuda,SLTM:K562
BCLAF1,HepG2,chr5:138887607:C:T,1,1,0.26258325576782227,modal,cuda,SLTM:K562
BCLAF1,HepG2,chr5:138887635:T:A,1,1,-0.5407986640930176,modal,cuda,SLTM:K562
BCLAF1,HepG2,chr5:138887640:G:T,1,1,0.8255963325500488,modal,cuda,SLTM:K562
BCLAF1,HepG2,chr5:138904403:C:T,1,1,1.564379334449768,modal,cuda,SLTM:K562
BCLAF1,HepG2,chr5:138904429:C:A,0,1,-0.2922375202178955,modal,cuda,SLTM:K562
BCLAF1,HepG2,chr5:138904439:C:T,1,1,0.45409536361694336,modal,cuda,SLTM:K562
BCLAF1,HepG2,chr5:139317048:T:A,0,1,0.5827586650848389,modal,cuda,SLTM:K562
BCLAF1,HepG2,chr5:139319314:G:A,0,1,0.34694528579711914,modal,cuda,SLTM:K562
BCLAF1,HepG2,chr5:140662219:C:T,0,1,0.7104895114898682,modal,cuda,SLTM:K562
BCLAF1,HepG2,chr5:140674672:C:T,0,1,0.2647196650505066,modal,cuda,SLTM:K562
BCLAF1,HepG2,chr5:14290992:G:T,1,1,0.8309743404388428,modal,cuda,SLTM:K562
BCLAF1,HepG2,chr5:14291013:C:T,1,1,1.5963629484176636,modal,cuda,SLTM:K562
BCLAF1,HepG2,chr5:14293093:G:T,1,1,-1.2110052108764648,modal,cuda,SLTM:K562
BCLAF1,HepG2,chr5:14297074:C:T,0,1,0.6092349290847778,modal,cuda,SLTM:K562
BCLAF1,HepG2,chr5:14358155:C:T,0,1,-0.35707026720046997,modal,cuda,SLTM:K562
BCLAF1,HepG2,chr5:14366916:C:G,0,1,-0.771669328212738,modal,cuda,SLTM:K562
BCLAF1,HepG2,chr5:14366947:C:T,1,1,1.0261932611465454,modal,cuda,SLTM:K562
BCLAF1,HepG2,chr5:14369364:C:T,0,1,0.4084477126598358,modal,cuda,SLTM:K562
BCLAF1,HepG2,chr5:14369426:G:A,1,1,0.6932666897773743,modal,cuda,SLTM:K562
BCLAF1,HepG2,chr5:14387711:A:G,0,1,-0.47501230239868164,modal,cuda,SLTM:K562
BCLAF1,HepG2,chr5:14387792:C:T,1,1,1.7447983026504517,modal,cuda,SLTM:K562
BCLAF1,HepG2,chr5:14388626:G:A,1,1,0.6802406311035156,modal,cuda,SLTM:K562
BCLAF1,HepG2,chr5:14389360:C:T,0,1,-0.41988039016723633,modal,cuda,SLTM:K562
BCLAF1,HepG2,chr5:14390284:A:G,1,1,-1.3603949546813965,modal,cuda,SLTM:K562
BCLAF1,HepG2,chr5:14390300:G:A,1,1,-0.5344202518463135,modal,cuda,SLTM:K562
BCLAF1,HepG2,chr5:14394111:A:T,1,1,-0.3258521556854248,modal,cuda,SLTM:K562
BCLAF1,HepG2,chr5:14394114:A:G,1,1,-0.35701942443847656,modal,cuda,SLTM:K562
BCLAF1,HepG2,chr5:14397112:C:A,1,1,0.32309505343437195,modal,cuda,SLTM:K562
BCLAF1,HepG2,chr5:14397129:T:C,0,1,-0.40132570266723633,modal,cuda,SLTM:K562
BCLAF1,HepG2,chr5:14397137:A:G,1,1,-0.3628690242767334,modal,cuda,SLTM:K562
BCLAF1,HepG2,chr5:14405832:C:G,0,1,-0.8075816631317139,modal,cuda,SLTM:K562
BCLAF1,HepG2,chr5:14405877:G:A,1,1,1.3577954769134521,modal,cuda,SLTM:K562
BCLAF1,HepG2,chr5:14476881:C:G,0,1,-0.24080920219421387,modal,cuda,SLTM:K562
BCLAF1,HepG2,chr5:146120521:A:C,0,1,0.608047366142273,modal,cuda,SLTM:K562
BCLAF1,HepG2,chr5:146128661:G:A,0,1,-0.2038426399230957,modal,cuda,SLTM:K562
BCLAF1,HepG2,chr5:146128964:C:A,0,1,0.30418872833251953,modal,cuda,SLTM:K562
BCLAF1,HepG2,chr5:146128973:T:C,0,1,0.18673133850097656,modal,cuda,SLTM:K562
BCLAF1,HepG2,chr5:146130165:A:C,0,1,-0.4881018400192261,modal,cuda,SLTM:K562
BCLAF1,HepG2,chr5:146144713:A:C,0,1,-0.521558403968811,modal,cuda,SLTM:K562
BCLAF1,HepG2,chr5:146149607:T:C,0,1,-0.542100191116333,modal,cuda,SLTM:K562
BCLAF1,HepG2,chr5:146157709:A:T,0,1,0.4973282814025879,modal,cuda,SLTM:K562
BCLAF1,HepG2,chr5:146164301:T:G,0,1,0.663205623626709,modal,cuda,SLTM:K562
BCLAF1,HepG2,chr5:146164483:G:A,0,1,-0.8772726058959961,modal,cuda,SLTM:K562
BCLAF1,HepG2,chr5:146168206:T:C,0,1,-1.0661005973815918,modal,cuda,SLTM:K562
BCLAF1,HepG2,chr5:146168276:T:C,0,1,-0.3376988172531128,modal,cuda,SLTM:K562
BCLAF1,HepG2,chr5:146171902:G:A,0,1,0.9928064346313477,modal,cuda,SLTM:K562
BCLAF1,HepG2,chr5:146171959:T:C,0,1,-0.5534058809280396,modal,cuda,SLTM:K562
BCLAF1,HepG2,chr5:146172783:C:A,0,1,-0.9035207033157349,modal,cuda,SLTM:K562
BCLAF1,HepG2,chr5:148423994:G:T,0,1,-0.37586307525634766,modal,cuda,SLTM:K562
BCLAF1,HepG2,chr5:148424125:T:A,0,1,0.37387752532958984,modal,cuda,SLTM:K562
BCLAF1,HepG2,chr5:177513085:G:C,1,1,-0.9375442266464233,modal,cuda,SLTM:K562
BCLAF1,HepG2,chr5:179618141:G:A,0,1,1.1507914066314697,modal,cuda,SLTM:K562
BCLAF1,HepG2,chr5:179618243:C:T,1,1,0.8229551911354065,modal,cuda,SLTM:K562
BCLAF1,HepG2,chr5:179618269:T:C,0,1,-1.3942389488220215,modal,cuda,SLTM:K562
BCLAF1,HepG2,chr5:32387639:A:G,0,1,-0.5040562152862549,modal,cuda,SLTM:K562
BCLAF1,HepG2,chr5:32395185:T:C,0,1,0.282684326171875,modal,cuda,SLTM:K562
BCLAF1,HepG2,chr5:32400161:A:G,0,1,0.4710905849933624,modal,cuda,SLTM:K562
BCLAF1,HepG2,chr5:32403241:C:T,0,1,-0.36990833282470703,modal,cuda,SLTM:K562
BCLAF1,HepG2,chr5:33448633:A:C,0,1,1.2591139078140259,modal,cuda,SLTM:K562
BCLAF1,HepG2,chr5:33448686:C:A,0,1,1.0420790910720825,modal,cuda,SLTM:K562
BCLAF1,HepG2,chr5:33453311:G:A,0,1,0.8799930810928345,modal,cuda,SLTM:K562
BCLAF1,HepG2,chr5:33455691:T:C,1,1,-1.6370607614517212,modal,cuda,SLTM:K562
BCLAF1,HepG2,chr5:33455710:T:C,0,1,0.38112497329711914,modal,cuda,SLTM:K562
BCLAF1,HepG2,chr5:33461250:G:A,0,1,0.7746822237968445,modal,cuda,SLTM:K562
BCLAF1,HepG2,chr5:33461929:G:A,0,1,0.6830947995185852,modal,cuda,SLTM:K562
BCLAF1,HepG2,chr5:33462106:G:T,0,1,-0.7705435752868652,modal,cuda,SLTM:K562
BCLAF1,HepG2,chr5:33462107:G:A,0,1,-0.3982973098754883,modal,cuda,SLTM:K562
BCLAF1,HepG2,chr5:34937646:G:A,0,1,0.5960880517959595,modal,cuda,SLTM:K562
BCLAF1,HepG2,chr5:36207164:A:G,1,1,-1.3769052028656006,modal,cuda,SLTM:K562
BCLAF1,HepG2,chr5:37000355:A:G,0,1,-1.3310445547103882,modal,cuda,SLTM:K562
BCLAF1,HepG2,chr5:37000986:C:G,1,1,0.5753157138824463,modal,cuda,SLTM:K562
BCLAF1,HepG2,chr5:37008093:G:A,1,1,-0.7049460411071777,modal,cuda,SLTM:K562
BCLAF1,HepG2,chr5:37008730:A:G,0,1,0.3192007541656494,modal,cuda,SLTM:K562
BCLAF1,HepG2,chr5:37026347:G:C,0,1,0.9645854234695435,modal,cuda,SLTM:K562
BCLAF1,HepG2,chr5:37048695:T:C,0,1,-0.6400880813598633,modal,cuda,SLTM:K562
BCLAF1,HepG2,chr5:37175989:A:G,0,1,0.34262096881866455,modal,cuda,SLTM:K562
BCLAF1,HepG2,chr5:38502620:T:C,0,1,-0.38646721839904785,modal,cuda,SLTM:K562
BCLAF1,HepG2,chr5:38510733:A:G,0,1,-0.2098832130432129,modal,cuda,SLTM:K562
BCLAF1,HepG2,chr5:39388861:A:T,0,1,0.6297359466552734,modal,cuda,SLTM:K562
BCLAF1,HepG2,chr5:53042194:G:A,0,1,0.4024055004119873,modal,cuda,SLTM:K562
BCLAF1,HepG2,chr5:53045032:G:A,0,1,-0.5488409996032715,modal,cuda,SLTM:K562
BCLAF1,HepG2,chr5:53048780:A:G,0,1,-0.2298334836959839,modal,cuda,SLTM:K562
BCLAF1,HepG2,chr5:53051539:C:T,0,1,0.9226969480514526,modal,cuda,SLTM:K562
BCLAF1,HepG2,chr5:53055547:T:C,0,1,-0.2480933666229248,modal,cuda,SLTM:K562
BCLAF1,HepG2,chr5:53055583:G:A,0,1,0.4168124198913574,modal,cuda,SLTM:K562
BCLAF1,HepG2,chr5:53055607:C:T,0,1,0.7776347398757935,modal,cuda,SLTM:K562
BCLAF1,HepG2,chr5:53055629:A:T,0,1,0.45279860496520996,modal,cuda,SLTM:K562
BCLAF1,HepG2,chr5:53056008:G:A,0,1,-0.9208407402038574,modal,cuda,SLTM:K562
BCLAF1,HepG2,chr5:53064947:C:T,0,1,1.059069037437439,modal,cuda,SLTM:K562
BCLAF1,HepG2,chr5:53072642:C:T,0,1,1.1488467454910278,modal,cuda,SLTM:K562
BCLAF1,HepG2,chr5:53072643:G:A,0,1,1.0979037284851074,modal,cuda,SLTM:K562
BCLAF1,HepG2,chr5:53072695:A:G,0,1,-1.2752920389175415,modal,cuda,SLTM:K562
BCLAF1,HepG2,chr5:53072716:T:C,0,1,-0.8530909419059753,modal,cuda,SLTM:K562
BCLAF1,HepG2,chr5:53646353:G:T,1,1,-0.6707415580749512,modal,cuda,SLTM:K562
BCLAF1,HepG2,chr5:53646367:A:G,0,1,-0.5720864534378052,modal,cuda,SLTM:K562
BCLAF1,HepG2,chr5:53646371:C:T,1,1,-0.3043304681777954,modal,cuda,SLTM:K562
BCLAF1,HepG2,chr5:53646375:G:A,1,1,0.41892948746681213,modal,cuda,SLTM:K562
BCLAF1,HepG2,chr5:53646410:G:A,1,1,-2.1300907135009766,modal,cuda,SLTM:K562
BCLAF1,HepG2,chr5:53683267:G:A,0,1,0.6367392539978027,modal,cuda,SLTM:K562
BCLAF1,HepG2,chr5:55951925:T:C,1,1,0.32180166244506836,modal,cuda,SLTM:K562
BCLAF1,HepG2,chr5:55956168:G:C,1,1,0.44559764862060547,modal,cuda,SLTM:K562
BCLAF1,HepG2,chr5:55957263:A:C,1,1,0.5372557640075684,modal,cuda,SLTM:K562
BCLAF1,HepG2,chr5:55960534:G:A,1,1,-0.2303662896156311,modal,cuda,SLTM:K562
BCLAF1,HepG2,chr5:55963493:C:T,0,1,0.7790689468383789,modal,cuda,SLTM:K562
BCLAF1,HepG2,chr5:55964237:C:A,0,1,-0.5635031461715698,modal,cuda,SLTM:K562
BCLAF1,HepG2,chr5:55968272:G:A,0,1,0.9501726627349854,modal,cuda,SLTM:K562
BCLAF1,HepG2,chr5:55968314:T:C,0,1,-0.6651712656021118,modal,cuda,SLTM:K562
BCLAF1,HepG2,chr5:55968364:T:C,0,1,-1.137037754058838,modal,cuda,SLTM:K562
BCLAF1,HepG2,chr5:65224338:T:C,0,1,-0.6494640111923218,modal,cuda,SLTM:K562
BCLAF1,HepG2,chr5:65994729:C:A,0,1,-0.2882394790649414,modal,cuda,SLTM:K562
BCLAF1,HepG2,chr5:6604216:C:T,0,1,0.44283413887023926,modal,cuda,SLTM:K562
BCLAF1,HepG2,chr5:6604227:G:C,1,1,-0.4559497833251953,modal,cuda,SLTM:K562
BCLAF1,HepG2,chr5:6605256:G:A,0,1,0.6513639688491821,modal,cuda,SLTM:K562
BCLAF1,HepG2,chr5:6609844:C:T,1,1,-1.195452094078064,modal,cuda,SLTM:K562
BCLAF1,HepG2,chr5:6622009:T:A,0,1,0.28098106384277344,modal,cuda,SLTM:K562
BCLAF1,HepG2,chr5:68293153:C:T,1,1,1.1563498973846436,modal,cuda,SLTM:K562
BCLAF1,HepG2,chr5:69509196:C:T,1,1,3.0321390628814697,modal,cuda,SLTM:K562
BCLAF1,HepG2,chr5:69509603:C:A,1,1,0.6681485176086426,modal,cuda,SLTM:K562
BCLAF1,HepG2,chr5:69509746:T:C,1,1,0.6481003761291504,modal,cuda,SLTM:K562
BCLAF1,HepG2,chr5:69509765:T:G,0,1,-1.427096962928772,modal,cuda,SLTM:K562
BCLAF1,HepG2,chr5:69509789:G:A,0,1,0.225860595703125,modal,cuda,SLTM:K562
BCLAF1,HepG2,chr5:71539099:T:C,0,1,-0.9049980640411377,modal,cuda,SLTM:K562
BCLAF1,HepG2,chr5:71635285:T:G,0,1,-0.639552116394043,modal,cuda,SLTM:K562
BCLAF1,HepG2,chr5:75389695:A:G,0,1,-0.5970155000686646,modal,cuda,SLTM:K562
BCLAF1,HepG2,chr5:75573790:G:A,1,1,1.7901482582092285,modal,cuda,SLTM:K562
BCLAF1,HepG2,chr5:75573793:T:C,1,1,-0.3864412307739258,modal,cuda,SLTM:K562
BCLAF1,HepG2,chr5:75573841:T:C,1,1,-1.0902546644210815,modal,cuda,SLTM:K562
BCLAF1,HepG2,chr5:75593981:T:C,1,1,0.1558828353881836,modal,cuda,SLTM:K562
BCLAF1,HepG2,chr5:75596275:A:T,1,1,-0.7347081303596497,modal,cuda,SLTM:K562
BCLAF1,HepG2,chr5:75596345:A:T,1,1,0.33635950088500977,modal,cuda,SLTM:K562
BCLAF1,HepG2,chr5:78156252:A:G,1,1,0.5076284408569336,modal,cuda,SLTM:K562
BCLAF1,HepG2,chr5:78228133:C:T,0,1,0.35172510147094727,modal,cuda,SLTM:K562
BCLAF1,HepG2,chr5:79401890:T:C,0,1,-0.5933847427368164,modal,cuda,SLTM:K562
BCLAF1,HepG2,chr5:79401974:C:T,0,1,0.14074230194091797,modal,cuda,SLTM:K562
BCLAF1,HepG2,chr5:80665136:G:A,0,1,0.5300239324569702,modal,cuda,SLTM:K562
BCLAF1,HepG2,chr5:87338031:G:A,1,1,-0.7980560064315796,modal,cuda,SLTM:K562
BCLAF1,HepG2,chr5:87346671:G:A,1,1,0.3017091751098633,modal,cuda,SLTM:K562
BCLAF1,HepG2,chr5:87346674:G:A,1,1,-0.5037246942520142,modal,cuda,SLTM:K562
BCLAF1,HepG2,chr5:87346675:G:A,1,1,-0.5552146434783936,modal,cuda,SLTM:K562
BCLAF1,HepG2,chr5:87346710:A:G,0,1,0.20473086833953857,modal,cuda,SLTM:K562
BCLAF1,HepG2,chr5:87349303:C:T,1,1,2.2018635272979736,modal,cuda,SLTM:K562
BCLAF1,HepG2,chr5:87349304:G:T,1,1,0.5946459770202637,modal,cuda,SLTM:K562
BCLAF1,HepG2,chr5:87349309:A:G,1,1,-0.7070395946502686,modal,cuda,SLTM:K562
BCLAF1,HepG2,chr5:87349333:C:T,1,1,0.9695215225219727,modal,cuda,SLTM:K562
BCLAF1,HepG2,chr5:87349359:T:G,1,1,-1.0971674919128418,modal,cuda,SLTM:K562
BCLAF1,HepG2,chr5:87353182:C:T,1,1,2.6225409507751465,modal,cuda,SLTM:K562
BCLAF1,HepG2,chr5:87363401:C:T,1,1,1.2188619375228882,modal,cuda,SLTM:K562
BCLAF1,HepG2,chr5:87363422:G:T,1,1,1.4769139289855957,modal,cuda,SLTM:K562
BCLAF1,HepG2,chr5:87363428:C:T,1,1,1.713692307472229,modal,cuda,SLTM:K562
BCLAF1,HepG2,chr5:87363450:T:G,1,1,1.1423686742782593,modal,cuda,SLTM:K562
BCLAF1,HepG2,chr5:87383729:C:T,1,1,0.7629362344741821,modal,cuda,SLTM:K562
BCLAF1,HepG2,chr5:886609:C:T,0,1,0.4951474666595459,modal,cuda,SLTM:K562
BCLAF1,HepG2,chr5:95513556:T:C,0,1,-1.3261356353759766,modal,cuda,SLTM:K562
BCLAF1,HepG2,chr5:95517338:T:C,0,1,-0.44215714931488037,modal,cuda,SLTM:K562
BCLAF1,HepG2,chr5:95523344:C:T,0,1,-0.17264485359191895,modal,cuda,SLTM:K562
BCLAF1,HepG2,chr5:96727539:T:C,0,1,0.16145706176757812,modal,cuda,SLTM:K562
BCLAF1,HepG2,chr5:96730788:A:G,0,1,-0.6717742085456848,modal,cuda,SLTM:K562
BCLAF1,HepG2,chr5:96730872:C:G,0,1,0.14649999141693115,modal,cuda,SLTM:K562
BCLAF1,HepG2,chr5:96736204:G:T,0,1,0.4244575500488281,modal,cuda,SLTM:K562
BCLAF1,HepG2,chr5:96736234:G:A,0,1,0.6039330959320068,modal,cuda,SLTM:K562
BCLAF1,HepG2,chr5:96736235:G:T,1,1,-0.40072643756866455,modal,cuda,SLTM:K562
BCLAF1,HepG2,chr5:96746348:G:C,0,1,0.12545061111450195,modal,cuda,SLTM:K562
BCLAF1,HepG2,chr5:96746383:T:A,0,1,-0.5306310653686523,modal,cuda,SLTM:K562
BCLAF1,HepG2,chr5:96746424:C:T,0,1,1.0626323223114014,modal,cuda,SLTM:K562
BCLAF1,HepG2,chr5:96750599:G:A,0,1,1.4705736637115479,modal,cuda,SLTM:K562
BCLAF1,HepG2,chr5:96750630:G:C,0,1,-0.9483770132064819,modal,cuda,SLTM:K562
BCLAF1,HepG2,chr5:96757434:C:T,0,1,0.47104454040527344,modal,cuda,SLTM:K562
BCLAF1,HepG2,chr5:96757518:G:A,0,1,0.3009352684020996,modal,cuda,SLTM:K562
BCLAF1,HepG2,chr5:96757668:T:C,0,1,-0.5696907043457031,modal,cuda,SLTM:K562
BCLAF1,HepG2,chr5:96767912:T:G,0,1,-1.1612298488616943,modal,cuda,SLTM:K562
BCLAF1,HepG2,chr5:98881153:T:C,0,1,-0.13349676132202148,modal,cuda,SLTM:K562
BCLAF1,HepG2,chr5:98889184:G:A,0,1,-0.6384296417236328,modal,cuda,SLTM:K562
BCLAF1,HepG2,chr5:98897307:C:T,1,1,-0.31184911727905273,modal,cuda,SLTM:K562
BCLAF1,HepG2,chr6:104795643:G:A,1,3,3.3905279636383057,modal,cuda,SLTM:K562
BCLAF1,HepG2,chr6:104843270:C:A,1,3,1.46316397190094,modal,cuda,SLTM:K562
BCLAF1,HepG2,chr6:106316143:T:C,0,3,-0.44650447368621826,modal,cuda,SLTM:K562
BCLAF1,HepG2,chr6:107871581:A:T,0,3,-0.9505517482757568,modal,cuda,SLTM:K562
BCLAF1,HepG2,chr6:107893465:G:A,0,3,0.3628233075141907,modal,cuda,SLTM:K562
BCLAF1,HepG2,chr6:107906598:A:G,0,3,-0.4062235355377197,modal,cuda,SLTM:K562
BCLAF1,HepG2,chr6:107912781:T:C,0,3,-0.6431803703308105,modal,cuda,SLTM:K562
BCLAF1,HepG2,chr6:107912792:T:C,0,3,0.5608093738555908,modal,cuda,SLTM:K562
BCLAF1,HepG2,chr6:111694538:C:T,0,3,-0.2394019365310669,modal,cuda,SLTM:K562
BCLAF1,HepG2,chr6:111694620:G:T,0,3,0.3400290012359619,modal,cuda,SLTM:K562
BCLAF1,HepG2,chr6:113946123:T:A,0,3,0.33060169219970703,modal,cuda,SLTM:K562
BCLAF1,HepG2,chr6:113956702:G:T,0,3,0.23836159706115723,modal,cuda,SLTM:K562
BCLAF1,HepG2,chr6:113960025:T:C,0,3,-0.19335699081420898,modal,cuda,SLTM:K562
BCLAF1,HepG2,chr6:119193769:T:C,0,3,-1.2165241241455078,modal,cuda,SLTM:K562
BCLAF1,HepG2,chr6:128083730:G:A,0,3,0.3969588279724121,modal,cuda,SLTM:K562
BCLAF1,HepG2,chr6:130869620:G:A,0,3,0.37535881996154785,modal,cuda,SLTM:K562
BCLAF1,HepG2,chr6:131726105:G:A,0,3,0.8083819150924683,modal,cuda,SLTM:K562
BCLAF1,HepG2,chr6:131847857:G:T,0,3,-1.2528486251831055,modal,cuda,SLTM:K562
BCLAF1,HepG2,chr6:13316573:A:G,0,3,-0.6013267040252686,modal,cuda,SLTM:K562
BCLAF1,HepG2,chr6:13316655:C:T,0,3,0.3505403995513916,modal,cuda,SLTM:K562
BCLAF1,HepG2,chr6:13320947:C:T,0,3,1.8945918083190918,modal,cuda,SLTM:K562
BCLAF1,HepG2,chr6:135002823:C:G,0,3,-0.3745458126068115,modal,cuda,SLTM:K562
BCLAF1,HepG2,chr6:135002834:C:T,0,3,0.8150820732116699,modal,cuda,SLTM:K562
BCLAF1,HepG2,chr6:136261279:G:A,0,3,1.15043044090271,modal,cuda,SLTM:K562
BCLAF1,HepG2,chr6:136261359:G:T,0,3,-0.5416655540466309,modal,cuda,SLTM:K562
BCLAF1,HepG2,chr6:136269502:A:C,0,3,0.8179184198379517,modal,cuda,SLTM:K562
BCLAF1,HepG2,chr6:136269560:C:T,0,3,0.19855809211730957,modal,cuda,SLTM:K562
BCLAF1,HepG2,chr6:138920195:A:G,0,3,0.3535609245300293,modal,cuda,SLTM:K562
BCLAF1,HepG2,chr6:143857408:A:G,1,3,0.5247642993927002,modal,cuda,SLTM:K562
BCLAF1,HepG2,chr6:144513904:T:C,0,3,-0.5603988766670227,modal,cuda,SLTM:K562
BCLAF1,HepG2,chr6:144521955:A:T,0,3,0.08741569519042969,modal,cuda,SLTM:K562
BCLAF1,HepG2,chr6:145919501:T:C,0,3,-1.757925033569336,modal,cuda,SLTM:K562
BCLAF1,HepG2,chr6:145954847:T:G,0,3,-0.9725148677825928,modal,cuda,SLTM:K562
BCLAF1,HepG2,chr6:151433138:T:C,0,3,0.8061258792877197,modal,cuda,SLTM:K562
BCLAF1,HepG2,chr6:154450098:T:A,0,3,0.47183477878570557,modal,cuda,SLTM:K562
BCLAF1,HepG2,chr6:157196324:T:A,0,3,0.7150939702987671,modal,cuda,SLTM:K562
BCLAF1,HepG2,chr6:158146763:G:A,0,3,0.8960058689117432,modal,cuda,SLTM:K562
BCLAF1,HepG2,chr6:158146827:G:A,1,3,1.2565767765045166,modal,cuda,SLTM:K562
BCLAF1,HepG2,chr6:158146905:T:C,0,3,0.5490121841430664,modal,cuda,SLTM:K562
BCLAF1,HepG2,chr6:158503756:T:C,0,3,0.28229188919067383,modal,cuda,SLTM:K562
BCLAF1,HepG2,chr6:24174727:G:C,0,3,0.3185868263244629,modal,cuda,SLTM:K562
BCLAF1,HepG2,chr6:24781633:T:C,0,3,0.41584843397140503,modal,cuda,SLTM:K562
BCLAF1,HepG2,chr6:24784433:A:T,0,3,-0.4806175231933594,modal,cuda,SLTM:K562
BCLAF1,HepG2,chr6:2836032:T:A,0,3,-0.6930715441703796,modal,cuda,SLTM:K562
BCLAF1,HepG2,chr6:2948918:C:T,0,3,-1.6793427467346191,modal,cuda,SLTM:K562
BCLAF1,HepG2,chr6:30922792:G:T,0,3,-0.9649438858032227,modal,cuda,SLTM:K562
BCLAF1,HepG2,chr6:31740551:C:T,0,3,-0.6609207987785339,modal,cuda,SLTM:K562
BCLAF1,HepG2,chr6:31761582:A:G,0,3,-0.29656171798706055,modal,cuda,SLTM:K562
BCLAF1,HepG2,chr6:31762148:C:T,0,3,0.6134366393089294,modal,cuda,SLTM:K562
BCLAF1,HepG2,chr6:4052813:A:G,0,3,-0.8915321826934814,modal,cuda,SLTM:K562
BCLAF1,HepG2,chr6:4126146:G:A,0,3,0.9411609172821045,modal,cuda,SLTM:K562
BCLAF1,HepG2,chr6:43587375:C:T,1,3,2.0667128562927246,modal,cuda,SLTM:K562
BCLAF1,HepG2,chr6:43587387:C:T,1,3,2.9463491439819336,modal,cuda,SLTM:K562
BCLAF1,HepG2,chr6:43626216:G:C,0,3,-0.9842832684516907,modal,cuda,SLTM:K562
BCLAF1,HepG2,chr6:44406319:A:G,0,3,0.6741217970848083,modal,cuda,SLTM:K562
BCLAF1,HepG2,chr6:47478053:A:C,0,3,-0.1408790796995163,modal,cuda,SLTM:K562
BCLAF1,HepG2,chr6:47554621:G:A,0,3,-0.515190601348877,modal,cuda,SLTM:K562
BCLAF1,HepG2,chr6:47599281:G:A,0,3,0.542550802230835,modal,cuda,SLTM:K562
BCLAF1,HepG2,chr6:47624247:C:G,0,3,-1.334958791732788,modal,cuda,SLTM:K562
BCLAF1,HepG2,chr6:52452943:C:T,0,3,0.5627732276916504,modal,cuda,SLTM:K562
BCLAF1,HepG2,chr6:53498978:G:C,0,3,-1.0776783227920532,modal,cuda,SLTM:K562
BCLAF1,HepG2,chr6:56515684:A:G,0,3,0.3217737674713135,modal,cuda,SLTM:K562
BCLAF1,HepG2,chr6:56552171:A:G,0,3,-0.5960836410522461,modal,cuda,SLTM:K562
BCLAF1,HepG2,chr6:56560442:T:C,0,3,-0.43018507957458496,modal,cuda,SLTM:K562
BCLAF1,HepG2,chr6:56624631:G:T,0,3,0.34851527214050293,modal,cuda,SLTM:K562
BCLAF1,HepG2,chr6:56624634:A:T,0,3,0.40940380096435547,modal,cuda,SLTM:K562
BCLAF1,HepG2,chr6:56631404:A:C,0,3,0.8419480323791504,modal,cuda,SLTM:K562
BCLAF1,HepG2,chr6:56640063:G:A,0,3,-0.612966775894165,modal,cuda,SLTM:K562
BCLAF1,HepG2,chr6:56699768:A:G,0,3,-0.49042701721191406,modal,cuda,SLTM:K562
BCLAF1,HepG2,chr6:63684165:A:G,0,3,-0.31212329864501953,modal,cuda,SLTM:K562
BCLAF1,HepG2,chr6:63684176:G:T,0,3,0.6651675701141357,modal,cuda,SLTM:K562
BCLAF1,HepG2,chr6:63684220:A:G,0,3,-0.355396032333374,modal,cuda,SLTM:K562
BCLAF1,HepG2,chr6:63684419:G:A,0,3,-0.16063812375068665,modal,cuda,SLTM:K562
BCLAF1,HepG2,chr6:63685016:G:A,0,3,-0.27183401584625244,modal,cuda,SLTM:K562
BCLAF1,HepG2,chr6:63703530:C:T,0,3,1.149200439453125,modal,cuda,SLTM:K562
BCLAF1,HepG2,chr6:7189334:C:T,0,3,1.0903187990188599,modal,cuda,SLTM:K562
BCLAF1,HepG2,chr6:75678807:A:T,0,3,0.5012483596801758,modal,cuda,SLTM:K562
BCLAF1,HepG2,chr6:7571591:T:C,0,3,-0.684269905090332,modal,cuda,SLTM:K562
BCLAF1,HepG2,chr6:7579902:C:T,1,3,1.2120614051818848,modal,cuda,SLTM:K562
BCLAF1,HepG2,chr6:7579929:C:T,1,3,1.5116353034973145,modal,cuda,SLTM:K562
BCLAF1,HepG2,chr6:7579974:C:T,1,3,0.7164245843887329,modal,cuda,SLTM:K562
BCLAF1,HepG2,chr6:7579982:T:A,0,3,-0.18710756301879883,modal,cuda,SLTM:K562
BCLAF1,HepG2,chr6:7579986:C:T,1,3,1.0335150957107544,modal,cuda,SLTM:K562
BCLAF1,HepG2,chr6:7580016:C:T,1,3,-0.37241971492767334,modal,cuda,SLTM:K562
BCLAF1,HepG2,chr6:7581402:C:T,1,3,0.7819540500640869,modal,cuda,SLTM:K562
BCLAF1,HepG2,chr6:7581403:G:A,0,3,0.6084449291229248,modal,cuda,SLTM:K562
BCLAF1,HepG2,chr6:7581489:C:T,1,3,1.6336511373519897,modal,cuda,SLTM:K562
BCLAF1,HepG2,chr6:75832856:C:T,1,3,2.118332624435425,modal,cuda,SLTM:K562
BCLAF1,HepG2,chr6:75832908:C:G,1,3,0.8824613690376282,modal,cuda,SLTM:K562
BCLAF1,HepG2,chr6:75832925:G:A,0,3,0.46293145418167114,modal,cuda,SLTM:K562
BCLAF1,HepG2,chr6:75835967:T:C,0,3,-0.320634126663208,modal,cuda,SLTM:K562
BCLAF1,HepG2,chr6:75840584:G:A,1,3,-0.35632455348968506,modal,cuda,SLTM:K562
BCLAF1,HepG2,chr6:75840644:C:T,1,3,1.9392668008804321,modal,cuda,SLTM:K562
BCLAF1,HepG2,chr6:75855242:C:A,0,3,0.885221004486084,modal,cuda,SLTM:K562
BCLAF1,HepG2,chr6:75879864:C:T,1,3,3.2867088317871094,modal,cuda,SLTM:K562
BCLAF1,HepG2,chr6:75892557:C:T,1,3,-0.46692076325416565,modal,cuda,SLTM:K562
BCLAF1,HepG2,chr6:78947787:A:T,0,3,-1.0556175708770752,modal,cuda,SLTM:K562
BCLAF1,HepG2,chr6:78954977:G:T,0,3,0.5501492023468018,modal,cuda,SLTM:K562
BCLAF1,HepG2,chr6:78958618:T:A,0,3,-0.18621909618377686,modal,cuda,SLTM:K562
BCLAF1,HepG2,chr6:78963079:G:A,0,3,0.5659632682800293,modal,cuda,SLTM:K562
BCLAF1,HepG2,chr6:78970043:C:T,0,3,-0.9760952591896057,modal,cuda,SLTM:K562
BCLAF1,HepG2,chr6:78997395:A:C,0,3,0.5564236640930176,modal,cuda,SLTM:K562
BCLAF1,HepG2,chr6:78997408:C:T,0,3,-1.4445507526397705,modal,cuda,SLTM:K562
BCLAF1,HepG2,chr6:79016535:A:T,0,3,-0.9825701713562012,modal,cuda,SLTM:K562
BCLAF1,HepG2,chr6:79026168:A:C,0,3,-0.2651853561401367,modal,cuda,SLTM:K562
BCLAF1,HepG2,chr6:79042824:T:C,0,3,-0.3316490650177002,modal,cuda,SLTM:K562
BCLAF1,HepG2,chr6:79042827:T:G,0,3,-0.6794173717498779,modal,cuda,SLTM:K562
BCLAF1,HepG2,chr6:80200936:G:T,1,3,2.0307583808898926,modal,cuda,SLTM:K562
BCLAF1,HepG2,chr6:80200939:G:T,1,3,2.3441712856292725,modal,cuda,SLTM:K562
BCLAF1,HepG2,chr6:80200990:C:T,1,3,-1.926778793334961,modal,cuda,SLTM:K562
BCLAF1,HepG2,chr6:80203193:A:T,1,3,1.970177173614502,modal,cuda,SLTM:K562
BCLAF1,HepG2,chr6:83172021:T:C,0,3,0.8274890184402466,modal,cuda,SLTM:K562
BCLAF1,HepG2,chr6:83188602:T:A,0,3,-1.8622009754180908,modal,cuda,SLTM:K562
BCLAF1,HepG2,chr6:83188654:G:T,0,3,1.0350325107574463,modal,cuda,SLTM:K562
BCLAF1,HepG2,chr6:85530283:T:C,1,3,-1.5821950435638428,modal,cuda,SLTM:K562
BCLAF1,HepG2,chr6:85530290:C:T,0,3,-0.7481580972671509,modal,cuda,SLTM:K562
BCLAF1,HepG2,chr6:85543321:C:A,0,3,0.576836109161377,modal,cuda,SLTM:K562
BCLAF1,HepG2,chr6:85543737:G:A,1,3,2.7499372959136963,modal,cuda,SLTM:K562
BCLAF1,HepG2,chr6:85547511:T:G,0,3,-0.8590662479400635,modal,cuda,SLTM:K562
BCLAF1,HepG2,chr6:85567520:T:C,0,3,-0.7037734985351562,modal,cuda,SLTM:K562
BCLAF1,HepG2,chr6:87564153:G:A,1,3,1.4137094020843506,modal,cuda,SLTM:K562
BCLAF1,HepG2,chr6:87564159:G:A,1,3,4.153609275817871,modal,cuda,SLTM:K562
BCLAF1,HepG2,chr6:87564188:T:A,0,3,0.27208125591278076,modal,cuda,SLTM:K562
BCLAF1,HepG2,chr6:89727827:C:T,0,3,-0.8452521562576294,modal,cuda,SLTM:K562
BCLAF1,HepG2,chr6:89740382:A:C,0,3,-0.42420220375061035,modal,cuda,SLTM:K562
BCLAF1,HepG2,chr6:90518552:G:A,1,3,1.7239022254943848,modal,cuda,SLTM:K562
BCLAF1,HepG2,chr6:90547209:A:T,0,3,0.3748948574066162,modal,cuda,SLTM:K562
BCLAF1,HepG2,chr6:98875430:G:A,1,3,1.2283227443695068,modal,cuda,SLTM:K562
BCLAF1,HepG2,chr6:99468617:C:T,1,3,1.0828044414520264,modal,cuda,SLTM:K562
BCLAF1,HepG2,chr6:99503853:A:G,0,3,-0.7642920017242432,modal,cuda,SLTM:K562
BCLAF1,HepG2,chr6:99503874:G:A,0,3,-0.18729889392852783,modal,cuda,SLTM:K562
BCLAF1,HepG2,chr6:99508684:T:C,0,3,-1.551173210144043,modal,cuda,SLTM:K562
BCLAF1,HepG2,chr7:100686291:T:C,0,2,0.20966362953186035,modal,cuda,SLTM:K562
BCLAF1,HepG2,chr7:100687818:C:G,0,2,1.589871883392334,modal,cuda,SLTM:K562
BCLAF1,HepG2,chr7:102097441:C:T,1,2,0.9550588130950928,modal,cuda,SLTM:K562
BCLAF1,HepG2,chr7:102111780:A:G,0,2,1.3919010162353516,modal,cuda,SLTM:K562
BCLAF1,HepG2,chr7:102115284:C:T,0,2,0.4387664794921875,modal,cuda,SLTM:K562
BCLAF1,HepG2,chr7:102115304:G:A,0,2,0.8722066879272461,modal,cuda,SLTM:K562
BCLAF1,HepG2,chr7:103299440:A:G,0,2,-1.1667399406433105,modal,cuda,SLTM:K562
BCLAF1,HepG2,chr7:103310486:T:C,0,2,0.42331743240356445,modal,cuda,SLTM:K562
BCLAF1,HepG2,chr7:103311900:A:G,0,2,5.821465492248535,modal,cuda,SLTM:K562
BCLAF1,HepG2,chr7:105076959:T:G,0,2,1.2556148767471313,modal,cuda,SLTM:K562
BCLAF1,HepG2,chr7:105090278:T:C,0,2,-1.6431599855422974,modal,cuda,SLTM:K562
BCLAF1,HepG2,chr7:107256792:A:C,0,2,-1.1781582832336426,modal,cuda,SLTM:K562
BCLAF1,HepG2,chr7:107256794:C:A,1,2,-1.1734051704406738,modal,cuda,SLTM:K562
BCLAF1,HepG2,chr7:107258276:T:C,0,2,-0.9275627136230469,modal,cuda,SLTM:K562
BCLAF1,HepG2,chr7:107258332:G:A,1,2,3.17061185836792,modal,cuda,SLTM:K562
BCLAF1,HepG2,chr7:107362361:A:G,0,2,-1.208742380142212,modal,cuda,SLTM:K562
BCLAF1,HepG2,chr7:107372733:G:A,1,2,3.537449359893799,modal,cuda,SLTM:K562
BCLAF1,HepG2,chr7:107412519:G:A,1,2,0.8396748304367065,modal,cuda,SLTM:K562
BCLAF1,HepG2,chr7:107412558:G:A,1,2,2.4891843795776367,modal,cuda,SLTM:K562
BCLAF1,HepG2,chr7:107527288:G:A,1,2,2.7093653678894043,modal,cuda,SLTM:K562
BCLAF1,HepG2,chr7:107548274:G:T,0,2,0.4102705717086792,modal,cuda,SLTM:K562
BCLAF1,HepG2,chr7:107548350:T:C,0,2,0.35893869400024414,modal,cuda,SLTM:K562
BCLAF1,HepG2,chr7:107919110:A:G,0,2,-0.5718097686767578,modal,cuda,SLTM:K562
BCLAF1,HepG2,chr7:107923921:T:G,0,2,-0.8700039386749268,modal,cuda,SLTM:K562
BCLAF1,HepG2,chr7:107924094:G:A,0,2,-0.1908431053161621,modal,cuda,SLTM:K562
BCLAF1,HepG2,chr7:107924097:G:T,0,2,0.18241524696350098,modal,cuda,SLTM:K562
BCLAF1,HepG2,chr7:111944878:A:C,0,2,0.583590030670166,modal,cuda,SLTM:K562
BCLAF1,HepG2,chr7:112004038:G:C,0,2,-0.6067134141921997,modal,cuda,SLTM:K562
BCLAF1,HepG2,chr7:112472825:A:G,0,2,-0.7775307893753052,modal,cuda,SLTM:K562
BCLAF1,HepG2,chr7:112472837:G:A,0,2,1.315450668334961,modal,cuda,SLTM:K562
BCLAF1,HepG2,chr7:122116972:T:C,0,2,-0.46930837631225586,modal,cuda,SLTM:K562
BCLAF1,HepG2,chr7:127701159:C:T,0,2,0.8743162155151367,modal,cuda,SLTM:K562
BCLAF1,HepG2,chr7:128989939:A:G,0,2,-1.2987384796142578,modal,cuda,SLTM:K562
BCLAF1,HepG2,chr7:139259375:G:A,0,2,1.3977577686309814,modal,cuda,SLTM:K562
BCLAF1,HepG2,chr7:140777971:A:G,0,2,0.40456533432006836,modal,cuda,SLTM:K562
BCLAF1,HepG2,chr7:141745501:G:A,1,2,1.9997249841690063,modal,cuda,SLTM:K562
BCLAF1,HepG2,chr7:148846483:C:T,0,2,0.8694866299629211,modal,cuda,SLTM:K562
BCLAF1,HepG2,chr7:148846484:G:A,0,2,-1.2926909923553467,modal,cuda,SLTM:K562
BCLAF1,HepG2,chr7:152162101:T:C,0,2,-0.3627816438674927,modal,cuda,SLTM:K562
BCLAF1,HepG2,chr7:152185650:G:A,0,2,0.3644442558288574,modal,cuda,SLTM:K562
BCLAF1,HepG2,chr7:152199265:A:C,0,2,1.6959779262542725,modal,cuda,SLTM:K562
BCLAF1,HepG2,chr7:152235812:C:A,0,2,1.5204129219055176,modal,cuda,SLTM:K562
BCLAF1,HepG2,chr7:152247896:C:A,0,2,-0.9514038562774658,modal,cuda,SLTM:K562
BCLAF1,HepG2,chr7:152249866:T:A,0,2,-0.5998563766479492,modal,cuda,SLTM:K562
BCLAF1,HepG2,chr7:156724181:G:A,0,2,0.5886979103088379,modal,cuda,SLTM:K562
BCLAF1,HepG2,chr7:157178682:T:C,0,2,0.38662171363830566,modal,cuda,SLTM:K562
BCLAF1,HepG2,chr7:157366482:A:G,0,2,-0.38051700592041016,modal,cuda,SLTM:K562
BCLAF1,HepG2,chr7:158652371:G:C,0,2,-1.7341643571853638,modal,cuda,SLTM:K562
BCLAF1,HepG2,chr7:158655163:T:G,0,2,-1.7301009893417358,modal,cuda,SLTM:K562
BCLAF1,HepG2,chr7:158913110:C:G,0,2,-0.5339665412902832,modal,cuda,SLTM:K562
BCLAF1,HepG2,chr7:17839912:T:C,0,2,1.1270878314971924,modal,cuda,SLTM:K562
BCLAF1,HepG2,chr7:23125082:C:T,0,2,0.744891345500946,modal,cuda,SLTM:K562
BCLAF1,HepG2,chr7:23140783:G:A,1,2,0.6286833882331848,modal,cuda,SLTM:K562
BCLAF1,HepG2,chr7:2360759:C:T,0,2,0.7151224613189697,modal,cuda,SLTM:K562
BCLAF1,HepG2,chr7:26192512:A:C,0,2,-0.867125391960144,modal,cuda,SLTM:K562
BCLAF1,HepG2,chr7:26193241:T:C,0,2,0.6070162653923035,modal,cuda,SLTM:K562
BCLAF1,HepG2,chr7:26193569:T:C,0,2,0.36710453033447266,modal,cuda,SLTM:K562
BCLAF1,HepG2,chr7:26195828:A:G,0,2,0.32361388206481934,modal,cuda,SLTM:K562
BCLAF1,HepG2,chr7:26195916:G:C,0,2,-0.7093479633331299,modal,cuda,SLTM:K562
BCLAF1,HepG2,chr7:26195928:A:G,0,2,0.21033769845962524,modal,cuda,SLTM:K562
BCLAF1,HepG2,chr7:26196383:G:A,0,2,1.6430444717407227,modal,cuda,SLTM:K562
BCLAF1,HepG2,chr7:26196674:C:T,0,2,0.3739147186279297,modal,cuda,SLTM:K562
BCLAF1,HepG2,chr7:26196798:G:A,0,2,-0.3320138454437256,modal,cuda,SLTM:K562
BCLAF1,HepG2,chr7:26197609:G:A,0,2,-0.6110916137695312,modal,cuda,SLTM:K562
BCLAF1,HepG2,chr7:26197618:A:G,0,2,-1.0256962776184082,modal,cuda,SLTM:K562
BCLAF1,HepG2,chr7:26360970:T:C,0,2,0.884210467338562,modal,cuda,SLTM:K562
BCLAF1,HepG2,chr7:26372503:G:A,0,2,-0.12300920486450195,modal,cuda,SLTM:K562
BCLAF1,HepG2,chr7:27792000:C:A,0,2,0.6755844354629517,modal,cuda,SLTM:K562
BCLAF1,HepG2,chr7:27794316:T:G,0,2,-2.319291114807129,modal,cuda,SLTM:K562
BCLAF1,HepG2,chr7:29400536:C:T,0,2,1.5452722311019897,modal,cuda,SLTM:K562
BCLAF1,HepG2,chr7:33026888:G:A,1,2,1.5230917930603027,modal,cuda,SLTM:K562
BCLAF1,HepG2,chr7:33146286:A:G,0,2,-1.7429335117340088,modal,cuda,SLTM:K562
BCLAF1,HepG2,chr7:33152699:A:G,1,2,-0.7136163711547852,modal,cuda,SLTM:K562
BCLAF1,HepG2,chr7:33152778:C:T,1,2,1.1473627090454102,modal,cuda,SLTM:K562
BCLAF1,HepG2,chr7:33152811:C:T,1,2,1.1515921354293823,modal,cuda,SLTM:K562
BCLAF1,HepG2,chr7:33152851:C:A,1,2,-0.9216228723526001,modal,cuda,SLTM:K562
BCLAF1,HepG2,chr7:33152852:G:A,1,2,-1.2526638507843018,modal,cuda,SLTM:K562
BCLAF1,HepG2,chr7:33152852:G:T,1,2,0.6833395957946777,modal,cuda,SLTM:K562
BCLAF1,HepG2,chr7:33155724:G:A,0,2,0.6860404014587402,modal,cuda,SLTM:K562
BCLAF1,HepG2,chr7:33177507:C:T,1,2,1.5459270477294922,modal,cuda,SLTM:K562
BCLAF1,HepG2,chr7:33177557:C:A,1,2,0.9531128406524658,modal,cuda,SLTM:K562
BCLAF1,HepG2,chr7:33177574:C:A,1,2,0.8091168403625488,modal,cuda,SLTM:K562
BCLAF1,HepG2,chr7:33257238:C:T,1,2,0.6877684593200684,modal,cuda,SLTM:K562
BCLAF1,HepG2,chr7:33257252:C:A,1,2,0.7772146463394165,modal,cuda,SLTM:K562
BCLAF1,HepG2,chr7:36422818:G:A,0,2,0.8394122123718262,modal,cuda,SLTM:K562
BCLAF1,HepG2,chr7:36449844:A:G,0,2,0.5465145111083984,modal,cuda,SLTM:K562
BCLAF1,HepG2,chr7:36449849:C:G,0,2,-0.5937943458557129,modal,cuda,SLTM:K562
BCLAF1,HepG2,chr7:36449854:A:G,0,2,-0.260650634765625,modal,cuda,SLTM:K562
BCLAF1,HepG2,chr7:40046029:T:C,0,2,-0.3222060203552246,modal,cuda,SLTM:K562
BCLAF1,HepG2,chr7:40189528:A:G,0,2,-0.26262617111206055,modal,cuda,SLTM:K562
BCLAF1,HepG2,chr7:40189528:A:T,0,2,0.13190555572509766,modal,cuda,SLTM:K562
BCLAF1,HepG2,chr7:40237629:T:C,0,2,0.8455204963684082,modal,cuda,SLTM:K562
BCLAF1,HepG2,chr7:40274566:G:A,0,2,1.3826813697814941,modal,cuda,SLTM:K562
BCLAF1,HepG2,chr7:50537907:T:A,1,2,1.71332848072052,modal,cuda,SLTM:K562
BCLAF1,HepG2,chr7:6037542:T:A,0,2,-0.36273932456970215,modal,cuda,SLTM:K562
BCLAF1,HepG2,chr7:65964372:G:A,0,2,1.5851099491119385,modal,cuda,SLTM:K562
BCLAF1,HepG2,chr7:66089333:C:T,1,2,-0.701372504234314,modal,cuda,SLTM:K562
BCLAF1,HepG2,chr7:66089352:G:A,0,2,1.2250150442123413,modal,cuda,SLTM:K562
BCLAF1,HepG2,chr7:77571160:A:G,1,2,-0.5425567626953125,modal,cuda,SLTM:K562
BCLAF1,HepG2,chr7:855021:C:G,0,2,0.12566471099853516,modal,cuda,SLTM:K562
BCLAF1,HepG2,chr7:855021:C:T,0,2,0.10895848274230957,modal,cuda,SLTM:K562
BCLAF1,HepG2,chr7:860398:G:A,0,2,-0.8795160055160522,modal,cuda,SLTM:K562
BCLAF1,HepG2,chr7:87550300:C:T,0,2,0.8725086450576782,modal,cuda,SLTM:K562
BCLAF1,HepG2,chr7:92044988:G:A,0,2,-0.5362062454223633,modal,cuda,SLTM:K562
BCLAF1,HepG2,chr7:92066403:A:G,0,2,-0.4936826229095459,modal,cuda,SLTM:K562
BCLAF1,HepG2,chr7:92225703:A:G,0,2,-0.4130585193634033,modal,cuda,SLTM:K562
BCLAF1,HepG2,chr7:92234451:G:T,1,2,1.4092261791229248,modal,cuda,SLTM:K562
BCLAF1,HepG2,chr7:92236480:G:A,1,2,2.664015769958496,modal,cuda,SLTM:K562
BCLAF1,HepG2,chr7:92236492:G:A,1,2,2.098479747772217,modal,cuda,SLTM:K562
BCLAF1,HepG2,chr7:92236494:A:T,1,2,1.639791488647461,modal,cuda,SLTM:K562
BCLAF1,HepG2,chr7:92236516:C:A,1,2,1.0189458131790161,modal,cuda,SLTM:K562
BCLAF1,HepG2,chr7:92241005:G:A,1,2,3.4104719161987305,modal,cuda,SLTM:K562
BCLAF1,HepG2,chr7:92241049:A:T,1,2,3.9413986206054688,modal,cuda,SLTM:K562
BCLAF1,HepG2,chr7:92241059:G:A,1,2,2.343449354171753,modal,cuda,SLTM:K562
BCLAF1,HepG2,chr7:92241113:T:A,1,2,1.3989018201828003,modal,cuda,SLTM:K562
BCLAF1,HepG2,chr7:92504753:G:A,1,2,-0.48212099075317383,modal,cuda,SLTM:K562
BCLAF1,HepG2,chr7:92504840:G:A,1,2,-0.9595027565956116,modal,cuda,SLTM:K562
BCLAF1,HepG2,chr7:92517908:C:A,1,2,3.034921646118164,modal,cuda,SLTM:K562
BCLAF1,HepG2,chr7:92532521:A:C,0,2,0.5340094566345215,modal,cuda,SLTM:K562
BCLAF1,HepG2,chr7:92618225:A:G,0,2,-1.1184041500091553,modal,cuda,SLTM:K562
BCLAF1,HepG2,chr7:95269499:G:A,0,2,0.9141740798950195,modal,cuda,SLTM:K562
BCLAF1,HepG2,chr7:95409887:A:G,0,2,-0.6615486145019531,modal,cuda,SLTM:K562
BCLAF1,HepG2,chr7:96171506:A:T,1,2,-1.1027541160583496,modal,cuda,SLTM:K562
BCLAF1,HepG2,chr7:96171508:T:C,0,2,-0.8217053413391113,modal,cuda,SLTM:K562
BCLAF1,HepG2,chr7:96171509:A:T,1,2,1.1807239055633545,modal,cuda,SLTM:K562
BCLAF1,HepG2,chr7:96208849:G:A,1,2,-1.0471901893615723,modal,cuda,SLTM:K562
BCLAF1,HepG2,chr7:97852323:C:T,1,2,1.753188967704773,modal,cuda,SLTM:K562
BCLAF1,HepG2,chr7:97852335:C:T,1,2,2.446857452392578,modal,cuda,SLTM:K562
BCLAF1,HepG2,chr7:97852350:C:T,1,2,4.247132301330566,modal,cuda,SLTM:K562
BCLAF1,HepG2,chr7:97853307:T:A,1,2,0.7301416397094727,modal,cuda,SLTM:K562
BCLAF1,HepG2,chr7:97855390:G:C,1,2,2.8739724159240723,modal,cuda,SLTM:K562
BCLAF1,HepG2,chr7:97864352:T:A,1,2,3.2931811809539795,modal,cuda,SLTM:K562
BCLAF1,HepG2,chr7:97868944:C:T,1,2,2.0019540786743164,modal,cuda,SLTM:K562
BCLAF1,HepG2,chr7:97868948:A:T,1,2,-0.6502057313919067,modal,cuda,SLTM:K562
BCLAF1,HepG2,chr7:97868975:G:A,1,2,-0.9795224666595459,modal,cuda,SLTM:K562
BCLAF1,HepG2,chr7:98897877:C:T,0,2,1.0382461547851562,modal,cuda,SLTM:K562
BCLAF1,HepG2,chr8:116857259:C:T,0,0,1.4629123210906982,modal,cuda,SLTM:K562
BCLAF1,HepG2,chr8:125151154:A:G,0,0,0.3405708074569702,modal,cuda,SLTM:K562
BCLAF1,HepG2,chr8:125182215:T:G,0,0,0.16954994201660156,modal,cuda,SLTM:K562
BCLAF1,HepG2,chr8:125182232:C:T,1,0,0.641846239566803,modal,cuda,SLTM:K562
BCLAF1,HepG2,chr8:13102772:T:C,0,0,-0.4812275171279907,modal,cuda,SLTM:K562
BCLAF1,HepG2,chr8:13102826:C:T,0,0,0.4744396209716797,modal,cuda,SLTM:K562
BCLAF1,HepG2,chr8:140572797:T:C,0,0,-0.6305179595947266,modal,cuda,SLTM:K562
BCLAF1,HepG2,chr8:140800487:C:T,0,0,0.22492218017578125,modal,cuda,SLTM:K562
BCLAF1,HepG2,chr8:140800505:C:A,0,0,-0.4789937436580658,modal,cuda,SLTM:K562
BCLAF1,HepG2,chr8:140830475:G:A,0,0,-0.1843411922454834,modal,cuda,SLTM:K562
BCLAF1,HepG2,chr8:140890755:G:A,0,0,0.6921916604042053,modal,cuda,SLTM:K562
BCLAF1,HepG2,chr8:17280178:G:A,0,0,0.4870023727416992,modal,cuda,SLTM:K562
BCLAF1,HepG2,chr8:17286321:G:C,0,0,-0.5766880512237549,modal,cuda,SLTM:K562
BCLAF1,HepG2,chr8:17684551:C:T,0,0,1.1050896644592285,modal,cuda,SLTM:K562
BCLAF1,HepG2,chr8:17754555:A:C,0,0,1.4032105207443237,modal,cuda,SLTM:K562
BCLAF1,HepG2,chr8:17754836:T:A,0,0,-0.4676680564880371,modal,cuda,SLTM:K562
BCLAF1,HepG2,chr8:17953081:G:A,0,0,0.7055103182792664,modal,cuda,SLTM:K562
BCLAF1,HepG2,chr8:17957260:C:G,0,0,0.4364955425262451,modal,cuda,SLTM:K562
BCLAF1,HepG2,chr8:17957605:G:A,0,0,-0.38361120223999023,modal,cuda,SLTM:K562
BCLAF1,HepG2,chr8:17960417:A:G,0,0,-0.31929516792297363,modal,cuda,SLTM:K562
BCLAF1,HepG2,chr8:17964628:C:T,0,0,0.7396057844161987,modal,cuda,SLTM:K562
BCLAF1,HepG2,chr8:17989909:A:G,0,0,-0.4116857051849365,modal,cuda,SLTM:K562
BCLAF1,HepG2,chr8:18011284:G:C,0,0,0.2017289400100708,modal,cuda,SLTM:K562
BCLAF1,HepG2,chr8:18011290:T:C,0,0,-0.7313569188117981,modal,cuda,SLTM:K562
BCLAF1,HepG2,chr8:18069771:G:T,0,0,-0.3544198274612427,modal,cuda,SLTM:K562
BCLAF1,HepG2,chr8:18069785:C:T,0,0,0.17009687423706055,modal,cuda,SLTM:K562
BCLAF1,HepG2,chr8:18069805:A:T,1,0,-0.40770983695983887,modal,cuda,SLTM:K562
BCLAF1,HepG2,chr8:18069812:G:A,1,0,-1.2825446128845215,modal,cuda,SLTM:K562
BCLAF1,HepG2,chr8:18069818:T:C,0,0,-0.21666884422302246,modal,cuda,SLTM:K562
BCLAF1,HepG2,chr8:27606346:C:G,0,0,-0.6321385502815247,modal,cuda,SLTM:K562
BCLAF1,HepG2,chr8:27606389:C:T,0,0,0.2676277160644531,modal,cuda,SLTM:K562
BCLAF1,HepG2,chr8:27609061:G:A,0,0,0.6441136002540588,modal,cuda,SLTM:K562
BCLAF1,HepG2,chr8:31088887:C:A,0,0,-0.27949464321136475,modal,cuda,SLTM:K562
BCLAF1,HepG2,chr8:38234507:C:T,1,0,0.5472327470779419,modal,cuda,SLTM:K562
BCLAF1,HepG2,chr8:38234517:G:A,1,0,0.4219434857368469,modal,cuda,SLTM:K562
BCLAF1,HepG2,chr8:38251915:A:G,0,0,-0.4553387761116028,modal,cuda,SLTM:K562
BCLAF1,HepG2,chr8:38252697:T:C,0,0,-0.7240020036697388,modal,cuda,SLTM:K562
BCLAF1,HepG2,chr8:38253113:C:G,1,0,0.2958068251609802,modal,cuda,SLTM:K562
BCLAF1,HepG2,chr8:39021671:C:T,0,0,0.3256623148918152,modal,cuda,SLTM:K562
BCLAF1,HepG2,chr8:39021705:C:A,1,0,0.4735739231109619,modal,cuda,SLTM:K562
BCLAF1,HepG2,chr8:39042004:A:T,1,0,1.2610771656036377,modal,cuda,SLTM:K562
BCLAF1,HepG2,chr8:39042033:A:G,0,0,0.5755590796470642,modal,cuda,SLTM:K562
BCLAF1,HepG2,chr8:39055696:C:T,0,0,0.22719240188598633,modal,cuda,SLTM:K562
BCLAF1,HepG2,chr8:39077258:G:A,0,0,-0.568138599395752,modal,cuda,SLTM:K562
BCLAF1,HepG2,chr8:39077332:G:A,1,0,1.449937343597412,modal,cuda,SLTM:K562
BCLAF1,HepG2,chr8:39082973:T:A,1,0,-0.5022783279418945,modal,cuda,SLTM:K562
BCLAF1,HepG2,chr8:39083025:G:T,1,0,0.30502113699913025,modal,cuda,SLTM:K562
BCLAF1,HepG2,chr8:41941447:G:C,1,0,0.7431994676589966,modal,cuda,SLTM:K562
BCLAF1,HepG2,chr8:42316223:C:T,1,0,-0.49083128571510315,modal,cuda,SLTM:K562
BCLAF1,HepG2,chr8:42316265:C:T,1,0,-0.8276850581169128,modal,cuda,SLTM:K562
BCLAF1,HepG2,chr8:42316288:G:A,0,0,0.34201180934906006,modal,cuda,SLTM:K562
BCLAF1,HepG2,chr8:42330914:G:A,0,0,-0.6869661808013916,modal,cuda,SLTM:K562
BCLAF1,HepG2,chr8:47407898:C:T,1,0,0.7658281922340393,modal,cuda,SLTM:K562
BCLAF1,HepG2,chr8:47407923:G:A,1,0,-0.39069223403930664,modal,cuda,SLTM:K562
BCLAF1,HepG2,chr8:47700499:G:A,0,0,0.3637202978134155,modal,cuda,SLTM:K562
BCLAF1,HepG2,chr8:47912405:C:G,0,0,-0.7017432451248169,modal,cuda,SLTM:K562
BCLAF1,HepG2,chr8:60781216:G:T,1,0,1.73628568649292,modal,cuda,SLTM:K562
BCLAF1,HepG2,chr8:60781232:C:A,1,0,1.3783329725265503,modal,cuda,SLTM:K562
BCLAF1,HepG2,chr8:60808277:G:A,1,0,1.0115108489990234,modal,cuda,SLTM:K562
BCLAF1,HepG2,chr8:60808284:G:T,0,0,-0.38408392667770386,modal,cuda,SLTM:K562
BCLAF1,HepG2,chr8:60820036:T:A,1,0,0.5102150440216064,modal,cuda,SLTM:K562
BCLAF1,HepG2,chr8:60820036:T:G,1,0,-0.7952710390090942,modal,cuda,SLTM:K562
BCLAF1,HepG2,chr8:60820055:A:G,0,0,-0.3637124300003052,modal,cuda,SLTM:K562
BCLAF1,HepG2,chr8:60820063:T:C,0,0,-0.5266932249069214,modal,cuda,SLTM:K562
BCLAF1,HepG2,chr8:60822062:T:A,0,0,-0.5124092102050781,modal,cuda,SLTM:K562
BCLAF1,HepG2,chr8:60822096:G:T,1,0,1.5427803993225098,modal,cuda,SLTM:K562
BCLAF1,HepG2,chr8:60822104:G:A,0,0,0.2181638479232788,modal,cuda,SLTM:K562
BCLAF1,HepG2,chr8:60822121:G:A,1,0,0.4710739552974701,modal,cuda,SLTM:K562
BCLAF1,HepG2,chr8:60822127:T:C,1,0,-0.38363558053970337,modal,cuda,SLTM:K562
BCLAF1,HepG2,chr8:60822136:G:A,1,0,0.17363810539245605,modal,cuda,SLTM:K562
BCLAF1,HepG2,chr8:60822137:G:A,1,0,-0.2793862223625183,modal,cuda,SLTM:K562
BCLAF1,HepG2,chr8:60822147:T:C,1,0,-0.26494476199150085,modal,cuda,SLTM:K562
BCLAF1,HepG2,chr8:60822147:T:G,1,0,-0.252963662147522,modal,cuda,SLTM:K562
BCLAF1,HepG2,chr8:60822150:G:A,1,0,-0.461317777633667,modal,cuda,SLTM:K562
BCLAF1,HepG2,chr8:60822767:T:G,0,0,-0.18340086936950684,modal,cuda,SLTM:K562
BCLAF1,HepG2,chr8:60823839:G:A,1,0,-0.5912202596664429,modal,cuda,SLTM:K562
BCLAF1,HepG2,chr8:60823843:C:T,1,0,1.2401576042175293,modal,cuda,SLTM:K562
BCLAF1,HepG2,chr8:60823911:T:A,1,0,-0.30122995376586914,modal,cuda,SLTM:K562
BCLAF1,HepG2,chr8:60830440:A:C,1,0,-0.1996978521347046,modal,cuda,SLTM:K562
BCLAF1,HepG2,chr8:60830440:A:G,1,0,-0.14035749435424805,modal,cuda,SLTM:K562
BCLAF1,HepG2,chr8:60830450:T:C,0,0,0.2702886462211609,modal,cuda,SLTM:K562
BCLAF1,HepG2,chr8:60830454:C:T,1,0,0.8702266216278076,modal,cuda,SLTM:K562
BCLAF1,HepG2,chr8:60830494:G:A,0,0,0.26504307985305786,modal,cuda,SLTM:K562
BCLAF1,HepG2,chr8:60830495:C:T,0,0,0.40044689178466797,modal,cuda,SLTM:K562
BCLAF1,HepG2,chr8:60830496:G:A,0,0,0.2826833724975586,modal,cuda,SLTM:K562
BCLAF1,HepG2,chr8:60830567:C:G,1,0,-0.9374110698699951,modal,cuda,SLTM:K562
BCLAF1,HepG2,chr8:60830569:T:G,1,0,-0.8758151531219482,modal,cuda,SLTM:K562
BCLAF1,HepG2,chr8:60836128:A:G,0,0,-0.7248219847679138,modal,cuda,SLTM:K562
BCLAF1,HepG2,chr8:60836141:C:T,1,0,1.3170812129974365,modal,cuda,SLTM:K562
BCLAF1,HepG2,chr8:60836153:C:T,1,0,1.2754240036010742,modal,cuda,SLTM:K562
BCLAF1,HepG2,chr8:60836175:T:C,1,0,-0.7521190047264099,modal,cuda,SLTM:K562
BCLAF1,HepG2,chr8:60837666:A:G,1,0,-1.4986457824707031,modal,cuda,SLTM:K562
BCLAF1,HepG2,chr8:60837671:C:T,1,0,-0.601324200630188,modal,cuda,SLTM:K562
BCLAF1,HepG2,chr8:60837695:C:T,1,0,-0.2002573013305664,modal,cuda,SLTM:K562
BCLAF1,HepG2,chr8:60837800:C:T,1,0,1.7066171169281006,modal,cuda,SLTM:K562
BCLAF1,HepG2,chr8:60837806:A:G,0,0,-0.5645607113838196,modal,cuda,SLTM:K562
BCLAF1,HepG2,chr8:60837818:G:T,1,0,0.8713897466659546,modal,cuda,SLTM:K562
BCLAF1,HepG2,chr8:60837823:T:C,0,0,-0.45442676544189453,modal,cuda,SLTM:K562
BCLAF1,HepG2,chr8:60837827:A:G,0,0,0.2948262691497803,modal,cuda,SLTM:K562
BCLAF1,HepG2,chr8:60837836:G:A,1,0,-0.24598312377929688,modal,cuda,SLTM:K562
BCLAF1,HepG2,chr8:60837836:G:T,1,0,0.46895599365234375,modal,cuda,SLTM:K562
BCLAF1,HepG2,chr8:60838075:G:A,1,0,-0.23413074016571045,modal,cuda,SLTM:K562
BCLAF1,HepG2,chr8:60838082:C:T,1,0,0.7653951048851013,modal,cuda,SLTM:K562
BCLAF1,HepG2,chr8:60838097:G:T,1,0,1.2499030828475952,modal,cuda,SLTM:K562
BCLAF1,HepG2,chr8:60838115:C:T,1,0,0.9493018388748169,modal,cuda,SLTM:K562
BCLAF1,HepG2,chr8:60838129:T:G,1,0,0.9515947103500366,modal,cuda,SLTM:K562
BCLAF1,HepG2,chr8:60838202:C:T,1,0,1.3507964611053467,modal,cuda,SLTM:K562
BCLAF1,HepG2,chr8:60838229:G:T,1,0,0.978726327419281,modal,cuda,SLTM:K562
BCLAF1,HepG2,chr8:60838237:A:G,0,0,0.5553452372550964,modal,cuda,SLTM:K562
BCLAF1,HepG2,chr8:60838256:G:A,1,0,0.6020011901855469,modal,cuda,SLTM:K562
BCLAF1,HepG2,chr8:60841845:A:G,1,0,-0.23267972469329834,modal,cuda,SLTM:K562
BCLAF1,HepG2,chr8:60841846:G:A,1,0,1.1821969747543335,modal,cuda,SLTM:K562
BCLAF1,HepG2,chr8:60841858:T:C,0,0,0.41274333000183105,modal,cuda,SLTM:K562
BCLAF1,HepG2,chr8:60852496:A:T,1,0,-1.1449499130249023,modal,cuda,SLTM:K562
BCLAF1,HepG2,chr8:60852497:G:A,1,0,-0.7660232782363892,modal,cuda,SLTM:K562
BCLAF1,HepG2,chr8:60852497:G:C,1,0,-2.1362082958221436,modal,cuda,SLTM:K562
BCLAF1,HepG2,chr8:60852500:G:A,1,0,-0.5889750719070435,modal,cuda,SLTM:K562
BCLAF1,HepG2,chr8:60852501:G:A,1,0,-0.35117435455322266,modal,cuda,SLTM:K562
BCLAF1,HepG2,chr8:60852571:C:T,1,0,0.2639676332473755,modal,cuda,SLTM:K562
BCLAF1,HepG2,chr8:60852574:C:T,1,0,-0.7172514200210571,modal,cuda,SLTM:K562
BCLAF1,HepG2,chr8:60852588:C:T,0,0,0.33615028858184814,modal,cuda,SLTM:K562
BCLAF1,HepG2,chr8:60853395:G:A,0,0,-0.38614821434020996,modal,cuda,SLTM:K562
BCLAF1,HepG2,chr8:60853397:C:T,0,0,0.5027270317077637,modal,cuda,SLTM:K562
BCLAF1,HepG2,chr8:60853402:A:G,0,0,0.7415591478347778,modal,cuda,SLTM:K562
BCLAF1,HepG2,chr8:60853405:C:G,0,0,0.19292807579040527,modal,cuda,SLTM:K562
BCLAF1,HepG2,chr8:60853406:T:G,0,0,-0.46169376373291016,modal,cuda,SLTM:K562
BCLAF1,HepG2,chr8:60853457:G:A,0,0,0.22952133417129517,modal,cuda,SLTM:K562
BCLAF1,HepG2,chr8:60853463:G:A,0,0,-0.3551032543182373,modal,cuda,SLTM:K562
BCLAF1,HepG2,chr8:60853501:G:A,1,0,-1.3432447910308838,modal,cuda,SLTM:K562
BCLAF1,HepG2,chr8:60853501:G:T,1,0,-1.651903748512268,modal,cuda,SLTM:K562
BCLAF1,HepG2,chr8:60854430:T:G,0,0,-0.5978820323944092,modal,cuda,SLTM:K562
BCLAF1,HepG2,chr8:60854437:C:T,1,0,1.5123893022537231,modal,cuda,SLTM:K562
BCLAF1,HepG2,chr8:60854479:C:T,1,0,0.858258068561554,modal,cuda,SLTM:K562
BCLAF1,HepG2,chr8:60854500:T:C,0,0,0.2375481128692627,modal,cuda,SLTM:K562
BCLAF1,HepG2,chr8:60854505:C:G,0,0,-0.2728440761566162,modal,cuda,SLTM:K562
BCLAF1,HepG2,chr8:60854508:C:T,0,0,0.3568773865699768,modal,cuda,SLTM:K562
BCLAF1,HepG2,chr8:60854510:C:A,1,0,0.6909788846969604,modal,cuda,SLTM:K562
BCLAF1,HepG2,chr8:60856721:C:T,1,0,-1.9238353967666626,modal,cuda,SLTM:K562
BCLAF1,HepG2,chr8:60856726:G:A,0,0,0.6589285135269165,modal,cuda,SLTM:K562
BCLAF1,HepG2,chr8:60856749:C:T,0,0,0.45509639382362366,modal,cuda,SLTM:K562
BCLAF1,HepG2,chr8:60856751:C:T,0,0,0.7311553955078125,modal,cuda,SLTM:K562
BCLAF1,HepG2,chr8:60860963:C:T,0,0,0.5768111944198608,modal,cuda,SLTM:K562
BCLAF1,HepG2,chr8:60860964:A:G,0,0,-0.6011152267456055,modal,cuda,SLTM:K562
BCLAF1,HepG2,chr8:60860976:G:T,1,0,1.4900743961334229,modal,cuda,SLTM:K562
BCLAF1,HepG2,chr8:60860978:A:G,0,0,0.2820241153240204,modal,cuda,SLTM:K562
BCLAF1,HepG2,chr8:60860979:C:T,1,0,1.6451442241668701,modal,cuda,SLTM:K562
BCLAF1,HepG2,chr8:60861009:A:G,0,0,-0.7545808553695679,modal,cuda,SLTM:K562
BCLAF1,HepG2,chr8:60861058:A:G,1,0,0.3226606249809265,modal,cuda,SLTM:K562
BCLAF1,HepG2,chr8:60861076:G:A,1,0,0.5438880920410156,modal,cuda,SLTM:K562
BCLAF1,HepG2,chr8:60861092:T:A,0,0,0.03426837921142578,modal,cuda,SLTM:K562
BCLAF1,HepG2,chr8:60861098:C:A,1,0,-0.5295028686523438,modal,cuda,SLTM:K562
BCLAF1,HepG2,chr8:60861119:T:A,1,0,-0.36806201934814453,modal,cuda,SLTM:K562
BCLAF1,HepG2,chr8:60861119:T:G,1,0,-0.5795800685882568,modal,cuda,SLTM:K562
BCLAF1,HepG2,chr8:61553021:T:C,0,0,-0.2465970665216446,modal,cuda,SLTM:K562
BCLAF1,HepG2,chr8:61553105:C:A,1,0,1.09454345703125,modal,cuda,SLTM:K562
BCLAF1,HepG2,chr8:61555978:A:T,1,0,-0.763139009475708,modal,cuda,SLTM:K562
BCLAF1,HepG2,chr8:6409330:C:G,1,0,-0.3474966883659363,modal,cuda,SLTM:K562
BCLAF1,HepG2,chr8:6444762:C:A,1,0,1.3587192296981812,modal,cuda,SLTM:K562
BCLAF1,HepG2,chr8:6444826:G:A,0,0,-0.4913674592971802,modal,cuda,SLTM:K562
BCLAF1,HepG2,chr8:67227254:G:A,1,0,-1.617492437362671,modal,cuda,SLTM:K562
BCLAF1,HepG2,chr8:67238412:G:A,1,0,1.156302571296692,modal,cuda,SLTM:K562
BCLAF1,HepG2,chr8:67259847:G:A,1,0,1.083585262298584,modal,cuda,SLTM:K562
BCLAF1,HepG2,chr8:70216728:T:C,0,0,-0.31746935844421387,modal,cuda,SLTM:K562
BCLAF1,HepG2,chr8:91071196:A:G,0,0,0.2394375205039978,modal,cuda,SLTM:K562
BCLAF1,HepG2,chr8:94841480:G:A,0,0,-0.38997071981430054,modal,cuda,SLTM:K562
BCLAF1,HepG2,chr8:94876224:T:C,0,0,-0.7418415546417236,modal,cuda,SLTM:K562
BCLAF1,HepG2,chr8:95048547:C:G,1,0,0.44396209716796875,modal,cuda,SLTM:K562
BCLAF1,HepG2,chr8:96231837:C:T,0,0,-0.2187451720237732,modal,cuda,SLTM:K562
BCLAF1,HepG2,chr8:96233140:C:G,0,0,0.029047727584838867,modal,cuda,SLTM:K562
BCLAF1,HepG2,chr8:96785338:T:C,0,0,0.18369221687316895,modal,cuda,SLTM:K562
BCLAF1,HepG2,chr8:99013850:T:G,1,0,-1.5847814083099365,modal,cuda,SLTM:K562
BCLAF1,HepG2,chr8:99013930:G:T,1,0,0.2319469451904297,modal,cuda,SLTM:K562
BCLAF1,HepG2,chr8:99013933:C:T,1,0,-0.3394432067871094,modal,cuda,SLTM:K562
BCLAF1,HepG2,chr8:99038429:A:T,1,0,0.42258644104003906,modal,cuda,SLTM:K562
BCLAF1,HepG2,chr8:99038453:G:T,1,0,1.1255306005477905,modal,cuda,SLTM:K562
BCLAF1,HepG2,chr8:99111181:G:T,1,0,0.5071887969970703,modal,cuda,SLTM:K562
BCLAF1,HepG2,chr8:99111243:T:G,1,0,-0.4982268810272217,modal,cuda,SLTM:K562
BCLAF1,HepG2,chr8:99121218:C:T,1,0,2.2099406719207764,modal,cuda,SLTM:K562
BCLAF1,HepG2,chr8:99121273:G:A,1,0,0.45145219564437866,modal,cuda,SLTM:K562
BCLAF1,HepG2,chr8:99121282:G:A,1,0,-0.21520155668258667,modal,cuda,SLTM:K562
BCLAF1,HepG2,chr8:99121389:A:T,1,0,1.7295570373535156,modal,cuda,SLTM:K562
BCLAF1,HepG2,chr8:99170035:T:G,0,0,-0.4781615436077118,modal,cuda,SLTM:K562
BCLAF1,HepG2,chr8:99384331:A:T,0,0,-0.08347940444946289,modal,cuda,SLTM:K562
BCLAF1,HepG2,chr8:99442390:T:C,0,0,0.2465064525604248,modal,cuda,SLTM:K562
BCLAF1,HepG2,chr9:100229650:G:A,0,4,0.7526650428771973,modal,cuda,SLTM:K562
BCLAF1,HepG2,chr9:100229676:G:A,1,4,1.6447457075119019,modal,cuda,SLTM:K562
BCLAF1,HepG2,chr9:100252989:C:A,1,4,0.5165994167327881,modal,cuda,SLTM:K562
BCLAF1,HepG2,chr9:100253026:C:T,1,4,0.3506128787994385,modal,cuda,SLTM:K562
BCLAF1,HepG2,chr9:100253085:C:A,1,4,0.6064953804016113,modal,cuda,SLTM:K562
BCLAF1,HepG2,chr9:100264822:G:T,1,4,-0.943192183971405,modal,cuda,SLTM:K562
BCLAF1,HepG2,chr9:100264841:G:A,1,4,0.25696802139282227,modal,cuda,SLTM:K562
BCLAF1,HepG2,chr9:100264860:C:G,1,4,1.551692247390747,modal,cuda,SLTM:K562
BCLAF1,HepG2,chr9:100273009:A:T,1,4,0.8722779750823975,modal,cuda,SLTM:K562
BCLAF1,HepG2,chr9:100273018:C:T,1,4,1.616812825202942,modal,cuda,SLTM:K562
BCLAF1,HepG2,chr9:104786285:T:C,0,4,0.28640127182006836,modal,cuda,SLTM:K562
BCLAF1,HepG2,chr9:104787913:T:C,0,4,-0.3267028331756592,modal,cuda,SLTM:K562
BCLAF1,HepG2,chr9:104802047:A:G,0,4,-0.16503691673278809,modal,cuda,SLTM:K562
BCLAF1,HepG2,chr9:104845460:G:A,0,4,0.38038182258605957,modal,cuda,SLTM:K562
BCLAF1,HepG2,chr9:105356390:T:C,0,4,0.08006858825683594,modal,cuda,SLTM:K562
BCLAF1,HepG2,chr9:105472013:A:G,0,4,0.2913932800292969,modal,cuda,SLTM:K562
BCLAF1,HepG2,chr9:108912460:A:C,1,4,-0.48976588249206543,modal,cuda,SLTM:K562
BCLAF1,HepG2,chr9:108926548:C:T,0,4,0.45663177967071533,modal,cuda,SLTM:K562
BCLAF1,HepG2,chr9:112405714:A:T,0,4,0.43094682693481445,modal,cuda,SLTM:K562
BCLAF1,HepG2,chr9:112409029:T:C,0,4,-0.5497181415557861,modal,cuda,SLTM:K562
BCLAF1,HepG2,chr9:113278969:A:G,0,4,-0.45541369915008545,modal,cuda,SLTM:K562
BCLAF1,HepG2,chr9:113279036:T:C,0,4,-0.4227616488933563,modal,cuda,SLTM:K562
BCLAF1,HepG2,chr9:114206232:C:T,0,4,0.24094295501708984,modal,cuda,SLTM:K562
BCLAF1,HepG2,chr9:114222282:G:T,0,4,0.3964298367500305,modal,cuda,SLTM:K562
BCLAF1,HepG2,chr9:114236963:G:C,0,4,-0.22151702642440796,modal,cuda,SLTM:K562
BCLAF1,HepG2,chr9:114240286:C:T,0,4,0.38733699917793274,modal,cuda,SLTM:K562
BCLAF1,HepG2,chr9:114250612:T:C,0,4,-0.32946160435676575,modal,cuda,SLTM:K562
BCLAF1,HepG2,chr9:114264906:G:A,0,4,0.2822607755661011,modal,cuda,SLTM:K562
BCLAF1,HepG2,chr9:114275787:T:A,0,4,0.26811695098876953,modal,cuda,SLTM:K562
BCLAF1,HepG2,chr9:114282258:G:T,0,4,0.5593935251235962,modal,cuda,SLTM:K562
BCLAF1,HepG2,chr9:114288530:C:G,0,4,-0.2266601026058197,modal,cuda,SLTM:K562
BCLAF1,HepG2,chr9:114290935:A:G,0,4,-0.3837308883666992,modal,cuda,SLTM:K562
BCLAF1,HepG2,chr9:114300704:C:T,0,4,-0.2976430058479309,modal,cuda,SLTM:K562
BCLAF1,HepG2,chr9:120409173:G:A,1,4,0.5099939703941345,modal,cuda,SLTM:K562
BCLAF1,HepG2,chr9:120409185:C:A,1,4,0.587666928768158,modal,cuda,SLTM:K562
BCLAF1,HepG2,chr9:120415028:G:T,0,4,0.27147936820983887,modal,cuda,SLTM:K562
BCLAF1,HepG2,chr9:120470214:G:C,1,4,1.884209156036377,modal,cuda,SLTM:K562
BCLAF1,HepG2,chr9:120477335:G:C,0,4,-0.14702177047729492,modal,cuda,SLTM:K562
BCLAF1,HepG2,chr9:120527932:T:C,0,4,0.14069724082946777,modal,cuda,SLTM:K562
BCLAF1,HepG2,chr9:120530076:C:A,1,4,2.8707222938537598,modal,cuda,SLTM:K562
BCLAF1,HepG2,chr9:120530103:C:A,1,4,2.4989147186279297,modal,cuda,SLTM:K562
BCLAF1,HepG2,chr9:120545742:C:A,1,4,0.3570336103439331,modal,cuda,SLTM:K562
BCLAF1,HepG2,chr9:120545794:C:T,0,4,0.23007488250732422,modal,cuda,SLTM:K562
BCLAF1,HepG2,chr9:120550848:G:A,1,4,0.2964233160018921,modal,cuda,SLTM:K562
BCLAF1,HepG2,chr9:120550852:A:T,1,4,0.6286931037902832,modal,cuda,SLTM:K562
BCLAF1,HepG2,chr9:124890381:G:C,0,4,-0.4436492919921875,modal,cuda,SLTM:K562
BCLAF1,HepG2,chr9:125307821:A:G,0,4,-0.13663098216056824,modal,cuda,SLTM:K562
BCLAF1,HepG2,chr9:125312528:T:C,0,4,0.5072184205055237,modal,cuda,SLTM:K562
BCLAF1,HepG2,chr9:128576976:T:C,0,4,-0.6830716133117676,modal,cuda,SLTM:K562
BCLAF1,HepG2,chr9:128584269:T:G,0,4,-0.5454212427139282,modal,cuda,SLTM:K562
BCLAF1,HepG2,chr9:128632559:C:T,0,4,-0.6147834658622742,modal,cuda,SLTM:K562
BCLAF1,HepG2,chr9:128693624:C:T,0,4,0.6978957653045654,modal,cuda,SLTM:K562
BCLAF1,HepG2,chr9:130703746:G:A,0,4,0.33181819319725037,modal,cuda,SLTM:K562
BCLAF1,HepG2,chr9:130703765:G:A,0,4,0.7383005619049072,modal,cuda,SLTM:K562
BCLAF1,HepG2,chr9:131475071:C:T,0,4,-0.12090730667114258,modal,cuda,SLTM:K562
BCLAF1,HepG2,chr9:132300611:T:C,0,4,-1.3243250846862793,modal,cuda,SLTM:K562
BCLAF1,HepG2,chr9:132901615:G:A,0,4,0.3175942897796631,modal,cuda,SLTM:K562
BCLAF1,HepG2,chr9:132901697:C:G,0,4,0.4113137125968933,modal,cuda,SLTM:K562
BCLAF1,HepG2,chr9:132902771:A:C,1,4,-1.1252877712249756,modal,cuda,SLTM:K562
BCLAF1,HepG2,chr9:132921343:T:C,0,4,0.3449993133544922,modal,cuda,SLTM:K562
BCLAF1,HepG2,chr9:132921362:C:G,1,4,-0.9377207159996033,modal,cuda,SLTM:K562
BCLAF1,HepG2,chr9:132921362:C:T,1,4,-1.0652620792388916,modal,cuda,SLTM:K562
BCLAF1,HepG2,chr9:132921427:C:A,1,4,1.4268810749053955,modal,cuda,SLTM:K562
BCLAF1,HepG2,chr9:132923368:G:C,1,4,0.421497106552124,modal,cuda,SLTM:K562
BCLAF1,HepG2,chr9:132923379:G:C,0,4,-0.4419741630554199,modal,cuda,SLTM:K562
BCLAF1,HepG2,chr9:14792814:C:A,1,4,2.7869443893432617,modal,cuda,SLTM:K562
BCLAF1,HepG2,chr9:14792894:G:C,0,4,-0.2400341033935547,modal,cuda,SLTM:K562
BCLAF1,HepG2,chr9:14797518:A:T,0,4,0.6431682109832764,modal,cuda,SLTM:K562
BCLAF1,HepG2,chr9:14797629:C:T,0,4,0.6015152931213379,modal,cuda,SLTM:K562
BCLAF1,HepG2,chr9:14801771:C:T,0,4,0.8620953559875488,modal,cuda,SLTM:K562
BCLAF1,HepG2,chr9:14804945:A:G,0,4,-0.34134840965270996,modal,cuda,SLTM:K562
BCLAF1,HepG2,chr9:14804988:C:A,1,4,1.269217848777771,modal,cuda,SLTM:K562
BCLAF1,HepG2,chr9:14806646:G:A,0,4,0.4055914878845215,modal,cuda,SLTM:K562
BCLAF1,HepG2,chr9:14813074:G:A,0,4,-0.5225023031234741,modal,cuda,SLTM:K562
BCLAF1,HepG2,chr9:14816817:G:A,0,4,0.7130538821220398,modal,cuda,SLTM:K562
BCLAF1,HepG2,chr9:14823220:A:G,0,4,-0.434786319732666,modal,cuda,SLTM:K562
BCLAF1,HepG2,chr9:14823223:G:T,0,4,-0.39638590812683105,modal,cuda,SLTM:K562
BCLAF1,HepG2,chr9:14824090:T:C,0,4,-0.32646989822387695,modal,cuda,SLTM:K562
BCLAF1,HepG2,chr9:14841537:A:G,0,4,-0.3044610023498535,modal,cuda,SLTM:K562
BCLAF1,HepG2,chr9:14851596:C:T,0,4,0.7944932579994202,modal,cuda,SLTM:K562
BCLAF1,HepG2,chr9:14851619:T:C,0,4,-0.10062074661254883,modal,cuda,SLTM:K562
BCLAF1,HepG2,chr9:14859358:T:C,0,4,0.16829359531402588,modal,cuda,SLTM:K562
BCLAF1,HepG2,chr9:14863865:A:G,0,4,-0.43004512786865234,modal,cuda,SLTM:K562
BCLAF1,HepG2,chr9:19376395:A:G,0,4,-0.6373940110206604,modal,cuda,SLTM:K562
BCLAF1,HepG2,chr9:21818012:C:T,0,4,0.4543735980987549,modal,cuda,SLTM:K562
BCLAF1,HepG2,chr9:26919291:A:T,0,4,-0.08125877380371094,modal,cuda,SLTM:K562
BCLAF1,HepG2,chr9:27562354:T:C,0,4,-0.33574962615966797,modal,cuda,SLTM:K562
BCLAF1,HepG2,chr9:35295883:C:A,0,4,0.15977263450622559,modal,cuda,SLTM:K562
BCLAF1,HepG2,chr9:36204081:G:A,0,4,0.37141573429107666,modal,cuda,SLTM:K562
BCLAF1,HepG2,chr9:36246472:G:A,1,4,1.1326267719268799,modal,cuda,SLTM:K562
BCLAF1,HepG2,chr9:5077517:T:C,0,4,-0.11325359344482422,modal,cuda,SLTM:K562
BCLAF1,HepG2,chr9:5732483:T:C,0,4,-0.2571136951446533,modal,cuda,SLTM:K562
BCLAF1,HepG2,chr9:6849518:A:G,0,4,-0.506638765335083,modal,cuda,SLTM:K562
BCLAF1,HepG2,chr9:6888034:T:C,0,4,-0.29991912841796875,modal,cuda,SLTM:K562
BCLAF1,HepG2,chr9:69216482:T:C,0,4,-0.8365024328231812,modal,cuda,SLTM:K562
BCLAF1,HepG2,chr9:69237989:T:G,0,4,0.10382819175720215,modal,cuda,SLTM:K562
BCLAF1,HepG2,chr9:69238803:T:A,0,4,0.12348604202270508,modal,cuda,SLTM:K562
BCLAF1,HepG2,chr9:69246793:A:G,1,4,0.6085002422332764,modal,cuda,SLTM:K562
BCLAF1,HepG2,chr9:69248011:G:T,1,4,-0.7491351366043091,modal,cuda,SLTM:K562
BCLAF1,HepG2,chr9:69248059:C:T,0,4,0.4231072664260864,modal,cuda,SLTM:K562
BCLAF1,HepG2,chr9:69248071:G:A,0,4,-0.0743975043296814,modal,cuda,SLTM:K562
BCLAF1,HepG2,chr9:7013874:C:T,0,4,-0.21484816074371338,modal,cuda,SLTM:K562
BCLAF1,HepG2,chr9:710961:G:A,0,4,0.5486055612564087,modal,cuda,SLTM:K562
BCLAF1,HepG2,chr9:712060:G:C,0,4,-0.7303106784820557,modal,cuda,SLTM:K562
BCLAF1,HepG2,chr9:712066:A:C,0,4,-0.6447775363922119,modal,cuda,SLTM:K562
BCLAF1,HepG2,chr9:712119:T:C,0,4,-0.41475027799606323,modal,cuda,SLTM:K562
BCLAF1,HepG2,chr9:712137:G:C,0,4,0.08519124984741211,modal,cuda,SLTM:K562
BCLAF1,HepG2,chr9:712156:T:G,0,4,-0.3770667612552643,modal,cuda,SLTM:K562
BCLAF1,HepG2,chr9:712599:C:T,0,4,0.5036426782608032,modal,cuda,SLTM:K562
BCLAF1,HepG2,chr9:71734841:C:T,1,4,0.5259723663330078,modal,cuda,SLTM:K562
BCLAF1,HepG2,chr9:730054:A:G,0,4,0.14192146062850952,modal,cuda,SLTM:K562
BCLAF1,HepG2,chr9:732536:T:C,0,4,-0.6035351753234863,modal,cuda,SLTM:K562
BCLAF1,HepG2,chr9:77220261:A:C,0,4,0.2469313144683838,modal,cuda,SLTM:K562
BCLAF1,HepG2,chr9:77227498:C:A,0,4,-0.09298324584960938,modal,cuda,SLTM:K562
BCLAF1,HepG2,chr9:77252372:T:C,0,4,-0.4247860908508301,modal,cuda,SLTM:K562
BCLAF1,HepG2,chr9:77283393:C:T,1,4,1.4948153495788574,modal,cuda,SLTM:K562
BCLAF1,HepG2,chr9:77283420:C:T,1,4,1.400681734085083,modal,cuda,SLTM:K562
BCLAF1,HepG2,chr9:77283468:G:T,1,4,0.9472987651824951,modal,cuda,SLTM:K562
BCLAF1,HepG2,chr9:77368037:T:C,0,4,0.49838876724243164,modal,cuda,SLTM:K562
BCLAF1,HepG2,chr9:83976988:T:C,0,4,0.26956772804260254,modal,cuda,SLTM:K562
BCLAF1,HepG2,chr9:83977684:T:C,0,4,0.7107868194580078,modal,cuda,SLTM:K562
BCLAF1,HepG2,chr9:85942286:G:A,0,4,-0.15196657180786133,modal,cuda,SLTM:K562
BCLAF1,HepG2,chr9:85942296:T:C,0,4,0.6836418509483337,modal,cuda,SLTM:K562
BCLAF1,HepG2,chr9:86346438:G:A,0,4,1.1268283128738403,modal,cuda,SLTM:K562
BCLAF1,HepG2,chr9:87643366:T:A,0,4,-0.04882311820983887,modal,cuda,SLTM:K562
BCLAF1,HepG2,chr9:89325666:C:T,0,4,0.24852657318115234,modal,cuda,SLTM:K562
BCLAF1,HepG2,chr9:89348221:A:C,0,4,0.3264804482460022,modal,cuda,SLTM:K562
BCLAF1,HepG2,chr9:91325340:T:G,0,4,-0.17918527126312256,modal,cuda,SLTM:K562
BCLAF1,HepG2,chr9:91325406:T:C,1,4,-0.5812664031982422,modal,cuda,SLTM:K562
BCLAF1,HepG2,chr9:91355976:C:T,0,4,0.17555737495422363,modal,cuda,SLTM:K562
BCLAF1,HepG2,chr9:92050084:C:T,0,4,0.22526073455810547,modal,cuda,SLTM:K562
BCLAF1,HepG2,chr9:92247504:A:G,0,4,-0.4777352809906006,modal,cuda,SLTM:K562
BCLAF1,HepG2,chr9:92253376:G:A,1,4,0.629047155380249,modal,cuda,SLTM:K562
BCLAF1,HepG2,chr9:92253389:A:T,1,4,-0.3957066535949707,modal,cuda,SLTM:K562
BCLAF1,HepG2,chr9:92258946:C:A,1,4,1.567567229270935,modal,cuda,SLTM:K562
BCLAF1,HepG2,chr9:92260132:G:A,0,4,-0.16410493850708008,modal,cuda,SLTM:K562
BCLAF1,HepG2,chr9:92265060:C:G,0,4,1.5662696361541748,modal,cuda,SLTM:K562
BCLAF1,HepG2,chr9:92269899:A:G,0,4,-0.2935609817504883,modal,cuda,SLTM:K562
BCLAF1,HepG2,chr9:92269937:G:A,1,4,1.2552435398101807,modal,cuda,SLTM:K562
BCLAF1,HepG2,chr9:92271034:G:A,1,4,0.9993265867233276,modal,cuda,SLTM:K562
BCLAF1,HepG2,chr9:92271064:T:C,0,4,-0.3046025335788727,modal,cuda,SLTM:K562
BCLAF1,HepG2,chr9:92274465:T:G,0,4,-0.3576080799102783,modal,cuda,SLTM:K562
BCLAF1,HepG2,chr9:92274466:T:C,0,4,-0.9308544993400574,modal,cuda,SLTM:K562
BCLAF1,HepG2,chr9:92278187:T:C,0,4,0.17707562446594238,modal,cuda,SLTM:K562
BCLAF1,HepG2,chr9:92278272:G:A,1,4,1.356755018234253,modal,cuda,SLTM:K562
BCLAF1,HepG2,chr9:92285779:G:A,0,4,0.2616279125213623,modal,cuda,SLTM:K562
BCLAF1,HepG2,chr9:92286592:C:T,1,4,0.45192718505859375,modal,cuda,SLTM:K562
BCLAF1,HepG2,chr9:92286608:C:T,0,4,-0.2792712450027466,modal,cuda,SLTM:K562
BCLAF1,HepG2,chr9:92287772:T:C,0,4,-0.30825209617614746,modal,cuda,SLTM:K562
BCLAF1,HepG2,chr9:94773170:T:G,1,4,-1.6744030714035034,modal,cuda,SLTM:K562
BCLAF1,HepG2,chr9:95881111:C:T,1,4,2.6771562099456787,modal,cuda,SLTM:K562
BCLAF1,HepG2,chr9:95916209:C:G,0,4,0.21251988410949707,modal,cuda,SLTM:K562
BCLAF1,HepG2,chr9:95916336:C:T,1,4,0.8172123432159424,modal,cuda,SLTM:K562
BCLAF1,HepG2,chr9:95921268:C:A,0,4,-0.6134011745452881,modal,cuda,SLTM:K562
BCLAF1,HepG2,chr9:95928767:C:T,1,4,1.2614266872406006,modal,cuda,SLTM:K562
BCLAF1,HepG2,chr9:95928833:C:T,1,4,0.7609221935272217,modal,cuda,SLTM:K562
BCLAF1,HepG2,chr9:95955996:C:T,1,4,0.9829854965209961,modal,cuda,SLTM:K562
BCLAF1,HepG2,chr9:97684977:G:A,1,4,0.9341701865196228,modal,cuda,SLTM:K562
BCLAF1,HepG2,chr9:97689575:A:T,1,4,0.3700457811355591,modal,cuda,SLTM:K562
BCLAF1,HepG2,chr9:97689592:C:A,1,4,2.361422061920166,modal,cuda,SLTM:K562
BCLAF1,HepG2,chr9:97689608:G:T,1,4,1.7790095806121826,modal,cuda,SLTM:K562
BCLAF1,HepG2,chrX:106818656:A:G,0,2,1.4306131601333618,modal,cuda,SLTM:K562
BCLAF1,HepG2,chrX:106840206:G:A,0,2,1.1297392845153809,modal,cuda,SLTM:K562
BCLAF1,HepG2,chrX:108580594:C:A,0,2,-0.1922527551651001,modal,cuda,SLTM:K562
BCLAF1,HepG2,chrX:108580600:G:A,0,2,-0.25127315521240234,modal,cuda,SLTM:K562
BCLAF1,HepG2,chrX:108580673:T:A,1,2,-1.532677173614502,modal,cuda,SLTM:K562
BCLAF1,HepG2,chrX:108586754:G:A,0,2,0.18353891372680664,modal,cuda,SLTM:K562
BCLAF1,HepG2,chrX:108622665:A:G,0,2,-0.6700872182846069,modal,cuda,SLTM:K562
BCLAF1,HepG2,chrX:108680662:T:G,0,2,0.5613884925842285,modal,cuda,SLTM:K562
BCLAF1,HepG2,chrX:111685098:C:T,0,2,0.6399812698364258,modal,cuda,SLTM:K562
BCLAF1,HepG2,chrX:119931930:G:A,0,2,-0.4258934259414673,modal,cuda,SLTM:K562
BCLAF1,HepG2,chrX:120536921:T:G,0,2,-1.8015559911727905,modal,cuda,SLTM:K562
BCLAF1,HepG2,chrX:120540359:G:A,0,2,0.4257950782775879,modal,cuda,SLTM:K562
BCLAF1,HepG2,chrX:120542951:C:T,0,2,0.5715129375457764,modal,cuda,SLTM:K562
BCLAF1,HepG2,chrX:120543052:A:G,0,2,0.3414957523345947,modal,cuda,SLTM:K562
BCLAF1,HepG2,chrX:123900474:T:G,0,2,-0.9511953592300415,modal,cuda,SLTM:K562
BCLAF1,HepG2,chrX:123900507:C:T,1,2,0.8390870094299316,modal,cuda,SLTM:K562
BCLAF1,HepG2,chrX:123900515:T:C,0,2,-0.27769923210144043,modal,cuda,SLTM:K562
BCLAF1,HepG2,chrX:123900531:A:G,0,2,-0.8315660953521729,modal,cuda,SLTM:K562
BCLAF1,HepG2,chrX:123900534:C:T,1,2,2.2238917350769043,modal,cuda,SLTM:K562
BCLAF1,HepG2,chrX:123900587:G:T,0,2,0.925323486328125,modal,cuda,SLTM:K562
BCLAF1,HepG2,chrX:123900589:T:G,0,2,-0.40317273139953613,modal,cuda,SLTM:K562
BCLAF1,HepG2,chrX:123900623:G:A,0,2,-0.4067652225494385,modal,cuda,SLTM:K562
BCLAF1,HepG2,chrX:123900661:A:C,0,2,0.8447656631469727,modal,cuda,SLTM:K562
BCLAF1,HepG2,chrX:123900692:A:G,0,2,-0.2417691946029663,modal,cuda,SLTM:K562
BCLAF1,HepG2,chrX:123900700:A:G,0,2,-0.8556184768676758,modal,cuda,SLTM:K562
BCLAF1,HepG2,chrX:124030945:C:T,0,2,0.8889460563659668,modal,cuda,SLTM:K562
BCLAF1,HepG2,chrX:124045161:T:C,0,2,0.5213740468025208,modal,cuda,SLTM:K562
BCLAF1,HepG2,chrX:124049088:G:C,0,2,-0.6714340448379517,modal,cuda,SLTM:K562
BCLAF1,HepG2,chrX:124063839:A:G,0,2,-0.27218151092529297,modal,cuda,SLTM:K562
BCLAF1,HepG2,chrX:124065862:A:T,0,2,-0.389202356338501,modal,cuda,SLTM:K562
BCLAF1,HepG2,chrX:132054721:C:T,0,2,0.43189680576324463,modal,cuda,SLTM:K562
BCLAF1,HepG2,chrX:134378116:T:C,0,2,-0.4107365608215332,modal,cuda,SLTM:K562
BCLAF1,HepG2,chrX:13738877:T:A,1,2,0.6585330963134766,modal,cuda,SLTM:K562
BCLAF1,HepG2,chrX:13738892:C:T,0,2,-0.2868795394897461,modal,cuda,SLTM:K562
BCLAF1,HepG2,chrX:13739002:G:C,0,2,-0.32602810859680176,modal,cuda,SLTM:K562
BCLAF1,HepG2,chrX:13739016:T:A,0,2,1.1173679828643799,modal,cuda,SLTM:K562
BCLAF1,HepG2,chrX:147921961:C:A,1,2,-0.8498504161834717,modal,cuda,SLTM:K562
BCLAF1,HepG2,chrX:147928736:T:C,0,2,0.3140082359313965,modal,cuda,SLTM:K562
BCLAF1,HepG2,chrX:147928802:G:A,0,2,0.5124172568321228,modal,cuda,SLTM:K562
BCLAF1,HepG2,chrX:147929940:A:G,1,2,0.32083678245544434,modal,cuda,SLTM:K562
BCLAF1,HepG2,chrX:147929961:G:T,0,2,1.188041090965271,modal,cuda,SLTM:K562
BCLAF1,HepG2,chrX:147936534:T:A,1,2,2.2037923336029053,modal,cuda,SLTM:K562
BCLAF1,HepG2,chrX:147936627:C:T,0,2,0.7375919818878174,modal,cuda,SLTM:K562
BCLAF1,HepG2,chrX:154764985:G:T,0,2,1.7897846698760986,modal,cuda,SLTM:K562
BCLAF1,HepG2,chrX:154765450:C:A,1,2,0.2752978801727295,modal,cuda,SLTM:K562
BCLAF1,HepG2,chrX:154765465:T:G,1,2,0.6595327854156494,modal,cuda,SLTM:K562
BCLAF1,HepG2,chrX:154765472:T:C,1,2,-0.46055519580841064,modal,cuda,SLTM:K562
BCLAF1,HepG2,chrX:154765478:C:G,1,2,-0.46994686126708984,modal,cuda,SLTM:K562
BCLAF1,HepG2,chrX:154765497:G:A,0,2,-0.6038236618041992,modal,cuda,SLTM:K562
BCLAF1,HepG2,chrX:154765505:C:T,1,2,2.012744426727295,modal,cuda,SLTM:K562
BCLAF1,HepG2,chrX:154765924:T:G,1,2,1.2762327194213867,modal,cuda,SLTM:K562
BCLAF1,HepG2,chrX:154765938:A:G,1,2,-2.217099189758301,modal,cuda,SLTM:K562
BCLAF1,HepG2,chrX:154765942:T:C,0,2,-0.9304466247558594,modal,cuda,SLTM:K562
BCLAF1,HepG2,chrX:154768445:G:A,0,2,-0.9845753908157349,modal,cuda,SLTM:K562
BCLAF1,HepG2,chrX:154776279:G:A,0,2,-0.42591655254364014,modal,cuda,SLTM:K562
BCLAF1,HepG2,chrX:154776309:C:T,0,2,1.1431564092636108,modal,cuda,SLTM:K562
BCLAF1,HepG2,chrX:154776873:G:A,0,2,1.0232865810394287,modal,cuda,SLTM:K562
BCLAF1,HepG2,chrX:154776964:A:G,0,2,0.28965234756469727,modal,cuda,SLTM:K562
BCLAF1,HepG2,chrX:17749482:C:T,0,2,0.6788502931594849,modal,cuda,SLTM:K562
BCLAF1,HepG2,chrX:18938605:G:A,0,2,0.6122322082519531,modal,cuda,SLTM:K562
BCLAF1,HepG2,chrX:19355671:C:A,0,2,-1.0438807010650635,modal,cuda,SLTM:K562
BCLAF1,HepG2,chrX:19355772:C:T,0,2,1.2379955053329468,modal,cuda,SLTM:K562
BCLAF1,HepG2,chrX:19359466:T:C,0,2,0.1529064178466797,modal,cuda,SLTM:K562
BCLAF1,HepG2,chrX:19359471:C:T,0,2,0.7280888557434082,modal,cuda,SLTM:K562
BCLAF1,HepG2,chrX:19359480:A:C,0,2,-0.26798057556152344,modal,cuda,SLTM:K562
BCLAF1,HepG2,chrX:20172741:T:A,0,2,0.6459591388702393,modal,cuda,SLTM:K562
BCLAF1,HepG2,chrX:20175298:G:A,0,2,0.5180709362030029,modal,cuda,SLTM:K562
BCLAF1,HepG2,chrX:20186286:G:A,0,2,0.5167282819747925,modal,cuda,SLTM:K562
BCLAF1,HepG2,chrX:20186291:C:T,1,2,1.8120028972625732,modal,cuda,SLTM:K562
BCLAF1,HepG2,chrX:20188479:C:T,0,2,0.7029094696044922,modal,cuda,SLTM:K562
BCLAF1,HepG2,chrX:20188484:A:G,0,2,0.4249533414840698,modal,cuda,SLTM:K562
BCLAF1,HepG2,chrX:20193471:T:C,0,2,-0.776904821395874,modal,cuda,SLTM:K562
BCLAF1,HepG2,chrX:20195052:G:A,0,2,0.7839510440826416,modal,cuda,SLTM:K562
BCLAF1,HepG2,chrX:20195053:G:T,0,2,-0.4772736132144928,modal,cuda,SLTM:K562
BCLAF1,HepG2,chrX:20209418:C:T,0,2,1.9612236022949219,modal,cuda,SLTM:K562
BCLAF1,HepG2,chrX:20234745:A:G,0,2,-0.1710968017578125,modal,cuda,SLTM:K562
BCLAF1,HepG2,chrX:20234834:C:T,0,2,1.767514944076538,modal,cuda,SLTM:K562
BCLAF1,HepG2,chrX:23783890:C:T,0,2,-0.8011888265609741,modal,cuda,SLTM:K562
BCLAF1,HepG2,chrX:24210545:T:C,0,2,-2.1544203758239746,modal,cuda,SLTM:K562
BCLAF1,HepG2,chrX:24727020:T:C,0,2,0.31026244163513184,modal,cuda,SLTM:K562
BCLAF1,HepG2,chrX:24815046:C:T,0,2,0.5440786480903625,modal,cuda,SLTM:K562
BCLAF1,HepG2,chrX:24815125:T:A,0,2,1.5664398670196533,modal,cuda,SLTM:K562
BCLAF1,HepG2,chrX:30694527:G:A,1,2,0.6459646224975586,modal,cuda,SLTM:K562
BCLAF1,HepG2,chrX:30696700:C:A,0,2,0.3972620964050293,modal,cuda,SLTM:K562
BCLAF1,HepG2,chrX:30700906:G:A,1,2,2.6768205165863037,modal,cuda,SLTM:K562
BCLAF1,HepG2,chrX:30718638:G:T,0,2,0.2735508680343628,modal,cuda,SLTM:K562
BCLAF1,HepG2,chrX:30720761:T:C,0,2,0.5646724700927734,modal,cuda,SLTM:K562
BCLAF1,HepG2,chrX:38276710:A:C,0,2,-1.4650659561157227,modal,cuda,SLTM:K562
BCLAF1,HepG2,chrX:38317310:T:C,0,2,0.6450289487838745,modal,cuda,SLTM:K562
BCLAF1,HepG2,chrX:38317333:T:A,1,2,0.6364536285400391,modal,cuda,SLTM:K562
BCLAF1,HepG2,chrX:38317338:A:C,1,2,1.9214744567871094,modal,cuda,SLTM:K562
BCLAF1,HepG2,chrX:38317343:C:T,1,2,1.663738489151001,modal,cuda,SLTM:K562
BCLAF1,HepG2,chrX:38317354:C:T,1,2,1.408416986465454,modal,cuda,SLTM:K562
BCLAF1,HepG2,chrX:38317383:C:A,0,2,1.2675273418426514,modal,cuda,SLTM:K562
BCLAF1,HepG2,chrX:38317385:G:A,1,2,2.4480276107788086,modal,cuda,SLTM:K562
BCLAF1,HepG2,chrX:38317441:C:T,1,2,-1.9877958297729492,modal,cuda,SLTM:K562
BCLAF1,HepG2,chrX:38317443:C:T,1,2,0.5561062693595886,modal,cuda,SLTM:K562
BCLAF1,HepG2,chrX:38318829:C:A,1,2,-2.0034775733947754,modal,cuda,SLTM:K562
BCLAF1,HepG2,chrX:38318856:C:G,1,2,-1.386648178100586,modal,cuda,SLTM:K562
BCLAF1,HepG2,chrX:38318883:C:A,1,2,3.253669261932373,modal,cuda,SLTM:K562
BCLAF1,HepG2,chrX:38318904:C:T,0,2,1.0465935468673706,modal,cuda,SLTM:K562
BCLAF1,HepG2,chrX:41131554:A:G,0,2,0.4249541759490967,modal,cuda,SLTM:K562
BCLAF1,HepG2,chrX:41144502:T:C,0,2,1.0320677757263184,modal,cuda,SLTM:K562
BCLAF1,HepG2,chrX:41144650:T:C,0,2,0.5253243446350098,modal,cuda,SLTM:K562
BCLAF1,HepG2,chrX:41165852:A:G,0,2,-0.5447697639465332,modal,cuda,SLTM:K562
BCLAF1,HepG2,chrX:41165859:A:C,0,2,0.3915363550186157,modal,cuda,SLTM:K562
BCLAF1,HepG2,chrX:41188136:C:T,0,2,-0.4159832000732422,modal,cuda,SLTM:K562
BCLAF1,HepG2,chrX:41229415:G:C,0,2,-1.482801079750061,modal,cuda,SLTM:K562
BCLAF1,HepG2,chrX:41343788:C:G,1,2,1.711172103881836,modal,cuda,SLTM:K562
BCLAF1,HepG2,chrX:41343802:G:T,1,2,4.509286403656006,modal,cuda,SLTM:K562
BCLAF1,HepG2,chrX:41344044:T:G,1,2,-0.44015657901763916,modal,cuda,SLTM:K562
BCLAF1,HepG2,chrX:41344084:C:G,1,2,-1.156369924545288,modal,cuda,SLTM:K562
BCLAF1,HepG2,chrX:41344093:G:T,1,2,4.002172470092773,modal,cuda,SLTM:K562
BCLAF1,HepG2,chrX:41344105:C:T,1,2,2.1459057331085205,modal,cuda,SLTM:K562
BCLAF1,HepG2,chrX:41344113:C:T,0,2,2.7233834266662598,modal,cuda,SLTM:K562
BCLAF1,HepG2,chrX:41344126:A:G,1,2,-0.9017910957336426,modal,cuda,SLTM:K562
BCLAF1,HepG2,chrX:41344126:A:T,1,2,1.05428147315979,modal,cuda,SLTM:K562
BCLAF1,HepG2,chrX:41344351:G:A,1,2,2.283304214477539,modal,cuda,SLTM:K562
BCLAF1,HepG2,chrX:41344360:A:G,1,2,1.452266812324524,modal,cuda,SLTM:K562
BCLAF1,HepG2,chrX:41344423:T:G,0,2,-0.49749451875686646,modal,cuda,SLTM:K562
BCLAF1,HepG2,chrX:41345245:T:G,1,2,-1.8903591632843018,modal,cuda,SLTM:K562
BCLAF1,HepG2,chrX:41345250:G:T,1,2,5.152488708496094,modal,cuda,SLTM:K562
BCLAF1,HepG2,chrX:41345264:G:T,1,2,2.882134437561035,modal,cuda,SLTM:K562
BCLAF1,HepG2,chrX:41345281:G:A,1,2,2.703704357147217,modal,cuda,SLTM:K562
BCLAF1,HepG2,chrX:41345298:A:C,1,2,-1.4830275774002075,modal,cuda,SLTM:K562
BCLAF1,HepG2,chrX:41345302:C:G,1,2,-0.34553098678588867,modal,cuda,SLTM:K562
BCLAF1,HepG2,chrX:41345477:T:C,1,2,-1.675145149230957,modal,cuda,SLTM:K562
BCLAF1,HepG2,chrX:41345507:C:G,1,2,-2.3197097778320312,modal,cuda,SLTM:K562
BCLAF1,HepG2,chrX:41346361:C:A,1,2,0.96025550365448,modal,cuda,SLTM:K562
BCLAF1,HepG2,chrX:41346376:G:C,1,2,1.2145477533340454,modal,cuda,SLTM:K562
BCLAF1,HepG2,chrX:41346379:C:A,1,2,-1.0909388065338135,modal,cuda,SLTM:K562
BCLAF1,HepG2,chrX:41346406:C:T,1,2,0.9369558691978455,modal,cuda,SLTM:K562
BCLAF1,HepG2,chrX:41346511:G:A,1,2,0.6514413356781006,modal,cuda,SLTM:K562
BCLAF1,HepG2,chrX:41346518:G:A,1,2,-0.5933408737182617,modal,cuda,SLTM:K562
BCLAF1,HepG2,chrX:41346527:T:C,1,2,-0.6538244485855103,modal,cuda,SLTM:K562
BCLAF1,HepG2,chrX:41346603:G:A,0,2,0.24453067779541016,modal,cuda,SLTM:K562
BCLAF1,HepG2,chrX:41346607:C:G,1,2,-0.9985793828964233,modal,cuda,SLTM:K562
BCLAF1,HepG2,chrX:41346608:G:A,1,2,1.8242576122283936,modal,cuda,SLTM:K562
BCLAF1,HepG2,chrX:41346860:C:T,0,2,0.9169062376022339,modal,cuda,SLTM:K562
BCLAF1,HepG2,chrX:41346865:C:T,1,2,-0.64311283826828,modal,cuda,SLTM:K562
BCLAF1,HepG2,chrX:41346871:C:G,1,2,1.8020861148834229,modal,cuda,SLTM:K562
BCLAF1,HepG2,chrX:41346910:T:C,1,2,-1.1991443634033203,modal,cuda,SLTM:K562
BCLAF1,HepG2,chrX:41346936:C:T,1,2,2.886174201965332,modal,cuda,SLTM:K562
BCLAF1,HepG2,chrX:41346946:C:T,1,2,0.7863427996635437,modal,cuda,SLTM:K562
BCLAF1,HepG2,chrX:41347668:T:C,0,2,-0.5809545516967773,modal,cuda,SLTM:K562
BCLAF1,HepG2,chrX:45082809:T:G,0,2,-0.7680826187133789,modal,cuda,SLTM:K562
BCLAF1,HepG2,chrX:47209915:C:T,0,2,1.4890737533569336,modal,cuda,SLTM:K562
BCLAF1,HepG2,chrX:47212866:G:A,0,2,-0.68267822265625,modal,cuda,SLTM:K562
BCLAF1,HepG2,chrX:47212874:T:A,0,2,1.0305094718933105,modal,cuda,SLTM:K562
BCLAF1,HepG2,chrX:48805666:T:C,0,2,0.660753607749939,modal,cuda,SLTM:K562
BCLAF1,HepG2,chrX:48824894:A:T,1,2,1.3871479034423828,modal,cuda,SLTM:K562
BCLAF1,HepG2,chrX:49077446:A:C,0,2,1.374700903892517,modal,cuda,SLTM:K562
BCLAF1,HepG2,chrX:53198524:G:A,1,2,3.411942481994629,modal,cuda,SLTM:K562
BCLAF1,HepG2,chrX:53198544:T:A,0,2,1.40401291847229,modal,cuda,SLTM:K562
BCLAF1,HepG2,chrX:53198600:A:G,0,2,1.0203790664672852,modal,cuda,SLTM:K562
BCLAF1,HepG2,chrX:53210516:C:T,0,2,0.6531969308853149,modal,cuda,SLTM:K562
BCLAF1,HepG2,chrX:53210544:G:C,1,2,4.5604753494262695,modal,cuda,SLTM:K562
BCLAF1,HepG2,chrX:53210795:G:T,1,2,-0.967606782913208,modal,cuda,SLTM:K562
BCLAF1,HepG2,chrX:53210820:G:A,1,2,1.9550113677978516,modal,cuda,SLTM:K562
BCLAF1,HepG2,chrX:53211492:C:T,0,2,-1.5922348499298096,modal,cuda,SLTM:K562
BCLAF1,HepG2,chrX:53211545:G:C,1,2,4.013049602508545,modal,cuda,SLTM:K562
BCLAF1,HepG2,chrX:53215869:C:A,1,2,1.134196162223816,modal,cuda,SLTM:K562
BCLAF1,HepG2,chrX:53215870:C:A,0,2,0.6642310619354248,modal,cuda,SLTM:K562
BCLAF1,HepG2,chrX:53215902:T:C,0,2,0.5702177882194519,modal,cuda,SLTM:K562
BCLAF1,HepG2,chrX:53215912:C:T,0,2,0.703326940536499,modal,cuda,SLTM:K562
BCLAF1,HepG2,chrX:53215972:C:T,0,2,0.8056855201721191,modal,cuda,SLTM:K562
BCLAF1,HepG2,chrX:53215986:A:G,0,2,-0.39364147186279297,modal,cuda,SLTM:K562
BCLAF1,HepG2,chrX:53216084:C:T,0,2,-0.45158839225769043,modal,cuda,SLTM:K562
BCLAF1,HepG2,chrX:53218275:C:A,1,2,1.5695397853851318,modal,cuda,SLTM:K562
BCLAF1,HepG2,chrX:53396624:C:T,0,2,-0.7878044843673706,modal,cuda,SLTM:K562
BCLAF1,HepG2,chrX:53405674:T:C,1,2,-0.7860021591186523,modal,cuda,SLTM:K562
BCLAF1,HepG2,chrX:53409412:G:A,0,2,-1.1841773986816406,modal,cuda,SLTM:K562
BCLAF1,HepG2,chrX:53422549:G:A,1,2,3.0548975467681885,modal,cuda,SLTM:K562
BCLAF1,HepG2,chrX:53561747:G:A,0,2,0.27753400802612305,modal,cuda,SLTM:K562
BCLAF1,HepG2,chrX:53590387:C:T,0,2,1.9722540378570557,modal,cuda,SLTM:K562
BCLAF1,HepG2,chrX:53590397:T:C,0,2,-0.8581720590591431,modal,cuda,SLTM:K562
BCLAF1,HepG2,chrX:53590988:G:C,0,2,1.3132177591323853,modal,cuda,SLTM:K562
BCLAF1,HepG2,chrX:53608926:G:T,0,2,0.8373921513557434,modal,cuda,SLTM:K562
BCLAF1,HepG2,chrX:53628739:C:T,0,2,-0.7318012714385986,modal,cuda,SLTM:K562
BCLAF1,HepG2,chrX:54014366:C:T,0,2,0.6106307506561279,modal,cuda,SLTM:K562
BCLAF1,HepG2,chrX:65529630:G:A,0,2,-0.10678815841674805,modal,cuda,SLTM:K562
BCLAF1,HepG2,chrX:65529686:G:A,0,2,-0.4138856530189514,modal,cuda,SLTM:K562
BCLAF1,HepG2,chrX:71368069:C:T,0,2,0.9757661819458008,modal,cuda,SLTM:K562
BCLAF1,HepG2,chrX:71375250:A:G,0,2,0.5201678276062012,modal,cuda,SLTM:K562
BCLAF1,HepG2,chrX:71375282:T:C,0,2,-1.1719212532043457,modal,cuda,SLTM:K562
BCLAF1,HepG2,chrX:71377781:C:G,0,2,-1.324356198310852,modal,cuda,SLTM:K562
BCLAF1,HepG2,chrX:71379009:G:A,0,2,1.846657633781433,modal,cuda,SLTM:K562
BCLAF1,HepG2,chrX:71381855:C:G,0,2,-0.7466979026794434,modal,cuda,SLTM:K562
BCLAF1,HepG2,chrX:71388335:C:T,0,2,1.4579449892044067,modal,cuda,SLTM:K562
BCLAF1,HepG2,chrX:71393344:C:T,1,2,0.2921847105026245,modal,cuda,SLTM:K562
BCLAF1,HepG2,chrX:71394166:G:A,0,2,-0.7472137808799744,modal,cuda,SLTM:K562
BCLAF1,HepG2,chrX:71394241:A:G,0,2,0.5974125862121582,modal,cuda,SLTM:K562
BCLAF1,HepG2,chrX:71556787:G:T,0,2,0.5014101266860962,modal,cuda,SLTM:K562
BCLAF1,HepG2,chrX:71557117:T:G,0,2,1.0035098791122437,modal,cuda,SLTM:K562
BCLAF1,HepG2,chrX:71561912:A:G,0,2,0.5435900688171387,modal,cuda,SLTM:K562
BCLAF1,HepG2,chrX:71563262:G:A,0,2,1.133772850036621,modal,cuda,SLTM:K562
BCLAF1,HepG2,chrX:71563516:A:G,0,2,-0.6115096807479858,modal,cuda,SLTM:K562
BCLAF1,HepG2,chrX:72567954:T:C,0,2,-1.1501765251159668,modal,cuda,SLTM:K562
BCLAF1,HepG2,chrX:72567969:C:T,0,2,1.4414334297180176,modal,cuda,SLTM:K562
BCLAF1,HepG2,chrX:72567970:G:A,1,2,1.0739874839782715,modal,cuda,SLTM:K562
BCLAF1,HepG2,chrX:72567970:G:C,1,2,3.497073173522949,modal,cuda,SLTM:K562
BCLAF1,HepG2,chrX:72567975:C:A,0,2,-1.9143733978271484,modal,cuda,SLTM:K562
BCLAF1,HepG2,chrX:77593858:G:C,0,2,0.6179118156433105,modal,cuda,SLTM:K562
BCLAF1,HepG2,chrX:77593864:T:C,0,2,-0.9123810529708862,modal,cuda,SLTM:K562
BCLAF1,HepG2,chrX:77599395:C:T,0,2,0.9826315641403198,modal,cuda,SLTM:K562
BCLAF1,HepG2,chrX:77599604:C:A,0,2,-0.2498311996459961,modal,cuda,SLTM:K562
BCLAF1,HepG2,chrX:77599712:C:T,0,2,2.040070056915283,modal,cuda,SLTM:K562
BCLAF1,HepG2,chrX:77599713:G:A,0,2,1.1484096050262451,modal,cuda,SLTM:K562
BCLAF1,HepG2,chrX:77618786:A:C,0,2,-0.4495192766189575,modal,cuda,SLTM:K562
BCLAF1,HepG2,chrX:77620379:A:G,0,2,-1.6286903619766235,modal,cuda,SLTM:K562
BCLAF1,HepG2,chrX:77636059:A:C,1,2,1.1501275300979614,modal,cuda,SLTM:K562
BCLAF1,HepG2,chrX:77652095:G:A,0,2,-0.3148980140686035,modal,cuda,SLTM:K562
BCLAF1,HepG2,chrX:77652099:A:G,0,2,0.29727208614349365,modal,cuda,SLTM:K562
BCLAF1,HepG2,chrX:77656543:A:G,0,2,1.046560287475586,modal,cuda,SLTM:K562
BCLAF1,HepG2,chrX:77656554:T:C,0,2,-0.3283611536026001,modal,cuda,SLTM:K562
BCLAF1,HepG2,chrX:77664642:C:A,1,2,1.6033599376678467,modal,cuda,SLTM:K562
BCLAF1,HepG2,chrX:77676304:G:A,0,2,-0.41674524545669556,modal,cuda,SLTM:K562
BCLAF1,HepG2,chrX:77684928:A:G,0,2,0.31328392028808594,modal,cuda,SLTM:K562
BCLAF1,HepG2,chrX:77688944:G:C,0,2,-2.1579651832580566,modal,cuda,SLTM:K562
BCLAF1,HepG2,chrX:77688945:C:T,0,2,-1.7285947799682617,modal,cuda,SLTM:K562
BCLAF1,HepG2,chrX:77696569:C:T,0,2,0.5630037784576416,modal,cuda,SLTM:K562
BCLAF1,HepG2,chrX:77785970:G:A,0,2,1.3377697467803955,modal,cuda,SLTM:K562
BCLAF1,HepG2,chrX:77786015:C:T,0,2,0.29737144708633423,modal,cuda,SLTM:K562
BCLAF1,HepG2,chrX:78109933:A:C,0,2,0.6538162231445312,modal,cuda,SLTM:K562
BCLAF1,HepG2,chrX:78123189:G:A,0,2,1.7073593139648438,modal,cuda,SLTM:K562
BCLAF1,HepG2,chrX:80682459:T:C,0,2,1.0212998390197754,modal,cuda,SLTM:K562
BCLAF1,HepG2,chrX:80688049:C:G,0,2,0.37447023391723633,modal,cuda,SLTM:K562
BCLAF1,HepG2,chrX:80719476:T:C,0,2,-0.5789163112640381,modal,cuda,SLTM:K562
BCLAF1,HepG2,chrX:85265099:G:A,0,2,0.4387716054916382,modal,cuda,SLTM:K562
BCLAF1,HepG2,chrX:85270166:A:G,0,2,0.4444202780723572,modal,cuda,SLTM:K562
BCLAF1,HepG2,chrX:85964016:T:C,0,2,-0.7247700691223145,modal,cuda,SLTM:K562
BCLAF1,HepG2,chrX:85964027:C:A,1,2,1.2775447368621826,modal,cuda,SLTM:K562
BCLAF1,HepG2,chrX:85964051:G:A,1,2,-0.2599020004272461,modal,cuda,SLTM:K562
BCLAF1,HepG2,chrX:85964053:C:A,1,2,-0.4876136779785156,modal,cuda,SLTM:K562
BCLAF1,HepG2,chrX:85964053:C:G,1,2,-0.8822836875915527,modal,cuda,SLTM:K562
BCLAF1,HepG2,chrX:85964053:C:T,1,2,-0.5717408657073975,modal,cuda,SLTM:K562
BCLAF1,HepG2,chrX:85964054:T:G,1,2,-0.9007511138916016,modal,cuda,SLTM:K562
BCLAF1,HepG2,chrX:85964058:A:G,0,2,0.45525264739990234,modal,cuda,SLTM:K562
BCLAF1,HepG2,chrX:85978772:A:C,1,2,-1.7795295715332031,modal,cuda,SLTM:K562
BCLAF1,HepG2,chrX:85978772:A:T,1,2,-1.76906156539917,modal,cuda,SLTM:K562
BCLAF1,HepG2,chrX:85978786:C:A,1,2,2.018803596496582,modal,cuda,SLTM:K562
BCLAF1,HepG2,chrX:85978795:G:A,1,2,1.819750428199768,modal,cuda,SLTM:K562
BCLAF1,HepG2,chrX:85978816:T:A,0,2,0.7367975115776062,modal,cuda,SLTM:K562
BCLAF1,HepG2,chrX:85978843:G:A,0,2,-0.3829907178878784,modal,cuda,SLTM:K562
BCLAF1,HepG2,chrX:85978849:G:A,1,2,2.2876503467559814,modal,cuda,SLTM:K562
BCLAF1,HepG2,chrX:85978855:G:A,1,2,0.7060425281524658,modal,cuda,SLTM:K562
BCLAF1,HepG2,chrX:85978857:C:T,1,2,0.9970512390136719,modal,cuda,SLTM:K562
BCLAF1,HepG2,chrX:85978896:A:G,0,2,0.592171311378479,modal,cuda,SLTM:K562
BCLAF1,HepG2,chrX:85981759:A:T,1,2,0.5345063209533691,modal,cuda,SLTM:K562
BCLAF1,HepG2,chrX:85981785:C:T,1,2,-0.9468207359313965,modal,cuda,SLTM:K562
BCLAF1,HepG2,chrX:85981793:C:A,1,2,1.4700348377227783,modal,cuda,SLTM:K562
BCLAF1,HepG2,chrX:85981796:C:A,1,2,-0.7452170848846436,modal,cuda,SLTM:K562
BCLAF1,HepG2,chrX:85981797:A:C,1,2,0.5434434413909912,modal,cuda,SLTM:K562
BCLAF1,HepG2,chrX:85981800:G:C,1,2,-1.4469590187072754,modal,cuda,SLTM:K562
BCLAF1,HepG2,chrX:85981800:G:T,1,2,-0.9448370933532715,modal,cuda,SLTM:K562
BCLAF1,HepG2,chrX:96937224:A:G,0,2,-0.6284258961677551,modal,cuda,SLTM:K562
