protein,cell,vid,label,fold,delta,platform,accelerator,weights_from
BCLAF1,HepG2,chr10:100152307:T:C,0,2,-0.7704882621765137,modal,cuda,QKI:HepG2
BCLAF1,HepG2,chr10:100179248:C:T,1,2,0.5278143882751465,modal,cuda,QKI:HepG2
BCLAF1,HepG2,chr10:100529822:T:C,0,2,-0.43674933910369873,modal,cuda,QKI:HepG2
BCLAF1,HepG2,chr10:103099964:G:A,1,2,1.0768842697143555,modal,cuda,QKI:HepG2
BCLAF1,HepG2,chr10:103101271:T:A,1,2,-0.5524311065673828,modal,cuda,QKI:HepG2
BCLAF1,HepG2,chr10:103101286:G:A,1,2,-0.3256855010986328,modal,cuda,QKI:HepG2
BCLAF1,HepG2,chr10:103139405:C:T,1,2,-0.7983405590057373,modal,cuda,QKI:HepG2
BCLAF1,HepG2,chr10:103139466:G:A,1,2,-1.1032657623291016,modal,cuda,QKI:HepG2
BCLAF1,HepG2,chr10:103174874:G:A,1,2,-0.7551618218421936,modal,cuda,QKI:HepG2
BCLAF1,HepG2,chr10:103174952:T:C,0,2,-1.2444064617156982,modal,cuda,QKI:HepG2
BCLAF1,HepG2,chr10:104263031:C:A,0,2,0.5494403839111328,modal,cuda,QKI:HepG2
BCLAF1,HepG2,chr10:110284819:G:T,0,2,0.8869261741638184,modal,cuda,QKI:HepG2
BCLAF1,HepG2,chr10:112438345:A:G,0,2,-0.6737422943115234,modal,cuda,QKI:HepG2
BCLAF1,HepG2,chr10:113879701:T:A,0,2,-0.23201894760131836,modal,cuda,QKI:HepG2
BCLAF1,HepG2,chr10:119073061:G:C,0,2,-1.2012436389923096,modal,cuda,QKI:HepG2
BCLAF1,HepG2,chr10:119155116:C:T,0,2,-0.39330995082855225,modal,cuda,QKI:HepG2
BCLAF1,HepG2,chr10:119155180:G:A,0,2,-0.24057674407958984,modal,cuda,QKI:HepG2
BCLAF1,HepG2,chr10:11956529:A:T,0,2,1.706939935684204,modal,cuda,QKI:HepG2
BCLAF1,HepG2,chr10:119909036:T:A,0,2,0.8880021572113037,modal,cuda,QKI:HepG2
BCLAF1,HepG2,chr10:119912139:T:C,0,2,-0.48792171478271484,modal,cuda,QKI:HepG2
BCLAF1,HepG2,chr10:119915739:C:A,0,2,-0.60617995262146,modal,cuda,QKI:HepG2
BCLAF1,HepG2,chr10:119926047:G:A,0,2,1.0938670635223389,modal,cuda,QKI:HepG2
BCLAF1,HepG2,chr10:121913824:T:C,0,2,-1.426018238067627,modal,cuda,QKI:HepG2
BCLAF1,HepG2,chr10:123034481:A:G,0,2,-0.7442244291305542,modal,cuda,QKI:HepG2
BCLAF1,HepG2,chr10:123037819:C:G,1,2,-0.531829833984375,modal,cuda,QKI:HepG2
BCLAF1,HepG2,chr10:125734126:T:C,0,2,-0.5841917991638184,modal,cuda,QKI:HepG2
BCLAF1,HepG2,chr10:13119060:G:A,0,2,0.9445433616638184,modal,cuda,QKI:HepG2
BCLAF1,HepG2,chr10:14935470:C:T,0,2,0.2075815200805664,modal,cuda,QKI:HepG2
BCLAF1,HepG2,chr10:17695245:A:G,0,2,0.2790255546569824,modal,cuda,QKI:HepG2
BCLAF1,HepG2,chr10:180034:C:T,1,2,0.6526835560798645,modal,cuda,QKI:HepG2
BCLAF1,HepG2,chr10:180058:C:T,1,2,0.9812049865722656,modal,cuda,QKI:HepG2
BCLAF1,HepG2,chr10:180094:C:T,1,2,0.8297672271728516,modal,cuda,QKI:HepG2
BCLAF1,HepG2,chr10:180143:A:G,0,2,1.9208943843841553,modal,cuda,QKI:HepG2
BCLAF1,HepG2,chr10:180148:A:G,0,2,1.2689151763916016,modal,cuda,QKI:HepG2
BCLAF1,HepG2,chr10:21538867:G:A,0,2,0.4272270202636719,modal,cuda,QKI:HepG2
BCLAF1,HepG2,chr10:22326571:G:A,0,2,1.0016491413116455,modal,cuda,QKI:HepG2
BCLAF1,HepG2,chr10:27022691:C:T,0,2,2.3582022190093994,modal,cuda,QKI:HepG2
BCLAF1,HepG2,chr10:27082783:A:G,0,2,0.3499016761779785,modal,cuda,QKI:HepG2
BCLAF1,HepG2,chr10:27082839:A:G,0,2,0.8872466087341309,modal,cuda,QKI:HepG2
BCLAF1,HepG2,chr10:27112127:C:T,0,2,1.111151933670044,modal,cuda,QKI:HepG2
BCLAF1,HepG2,chr10:27158690:A:C,0,2,-0.431765079498291,modal,cuda,QKI:HepG2
BCLAF1,HepG2,chr10:28589865:A:T,0,2,1.890608787536621,modal,cuda,QKI:HepG2
BCLAF1,HepG2,chr10:31461158:C:T,0,2,-0.7346200942993164,modal,cuda,QKI:HepG2
BCLAF1,HepG2,chr10:31461170:C:T,0,2,0.3609614372253418,modal,cuda,QKI:HepG2
BCLAF1,HepG2,chr10:31461211:A:C,0,2,1.401871681213379,modal,cuda,QKI:HepG2
BCLAF1,HepG2,chr10:31461220:A:G,0,2,-0.5500125885009766,modal,cuda,QKI:HepG2
BCLAF1,HepG2,chr10:31495787:G:A,0,2,0.2428722381591797,modal,cuda,QKI:HepG2
BCLAF1,HepG2,chr10:31510794:T:C,0,2,0.5142860412597656,modal,cuda,QKI:HepG2
BCLAF1,HepG2,chr10:32023041:A:G,0,2,-0.37038230895996094,modal,cuda,QKI:HepG2
BCLAF1,HepG2,chr10:32935487:T:C,0,2,0.8478577136993408,modal,cuda,QKI:HepG2
BCLAF1,HepG2,chr10:35179179:G:A,0,2,0.6030652523040771,modal,cuda,QKI:HepG2
BCLAF1,HepG2,chr10:5000472:C:T,0,2,-0.8262516260147095,modal,cuda,QKI:HepG2
BCLAF1,HepG2,chr10:63168063:C:G,0,2,0.8431234359741211,modal,cuda,QKI:HepG2
BCLAF1,HepG2,chr10:63177741:G:C,0,2,-1.7809267044067383,modal,cuda,QKI:HepG2
BCLAF1,HepG2,chr10:63177773:G:C,0,2,-0.576970100402832,modal,cuda,QKI:HepG2
BCLAF1,HepG2,chr10:63184621:C:T,0,2,0.5864658355712891,modal,cuda,QKI:HepG2
BCLAF1,HepG2,chr10:63185604:G:A,0,2,-0.4696488380432129,modal,cuda,QKI:HepG2
BCLAF1,HepG2,chr10:63186330:C:T,0,2,0.5563113689422607,modal,cuda,QKI:HepG2
BCLAF1,HepG2,chr10:63186398:A:G,0,2,-2.2263591289520264,modal,cuda,QKI:HepG2
BCLAF1,HepG2,chr10:63189449:A:G,0,2,-1.6649045944213867,modal,cuda,QKI:HepG2
BCLAF1,HepG2,chr10:63214218:G:A,0,2,1.326368808746338,modal,cuda,QKI:HepG2
BCLAF1,HepG2,chr10:63214620:G:C,0,2,2.189302921295166,modal,cuda,QKI:HepG2
BCLAF1,HepG2,chr10:63214777:A:T,0,2,-0.2033100128173828,modal,cuda,QKI:HepG2
BCLAF1,HepG2,chr10:63214788:A:G,0,2,0.2032918930053711,modal,cuda,QKI:HepG2
BCLAF1,HepG2,chr10:63217190:T:A,0,2,8.951382637023926,modal,cuda,QKI:HepG2
BCLAF1,HepG2,chr10:63264644:T:G,0,2,-0.39978885650634766,modal,cuda,QKI:HepG2
BCLAF1,HepG2,chr10:68645057:A:G,0,2,-0.6761484146118164,modal,cuda,QKI:HepG2
BCLAF1,HepG2,chr10:72477264:G:A,0,2,0.34029388427734375,modal,cuda,QKI:HepG2
BCLAF1,HepG2,chr10:72508209:C:A,1,2,1.0672402381896973,modal,cuda,QKI:HepG2
BCLAF1,HepG2,chr10:72508273:T:C,0,2,-1.018885612487793,modal,cuda,QKI:HepG2
BCLAF1,HepG2,chr10:72562912:C:A,1,2,0.9217228889465332,modal,cuda,QKI:HepG2
BCLAF1,HepG2,chr10:74525404:A:C,1,2,1.1542749404907227,modal,cuda,QKI:HepG2
BCLAF1,HepG2,chr10:74525405:T:C,0,2,-0.5826749801635742,modal,cuda,QKI:HepG2
BCLAF1,HepG2,chr10:74589271:T:C,0,2,0.5023703575134277,modal,cuda,QKI:HepG2
BCLAF1,HepG2,chr10:74960085:T:A,0,2,0.5080876350402832,modal,cuda,QKI:HepG2
BCLAF1,HepG2,chr10:74960097:A:G,0,2,-0.5148220062255859,modal,cuda,QKI:HepG2
BCLAF1,HepG2,chr10:74970018:A:G,1,2,-1.1880912780761719,modal,cuda,QKI:HepG2
BCLAF1,HepG2,chr10:74970107:C:G,0,2,-0.9634175300598145,modal,cuda,QKI:HepG2
BCLAF1,HepG2,chr10:74977330:A:G,0,2,-0.5566802024841309,modal,cuda,QKI:HepG2
BCLAF1,HepG2,chr10:74977345:G:T,1,2,2.2782676219940186,modal,cuda,QKI:HepG2
BCLAF1,HepG2,chr10:74977406:T:C,0,2,0.9723992347717285,modal,cuda,QKI:HepG2
BCLAF1,HepG2,chr10:74979232:G:C,0,2,1.5771362781524658,modal,cuda,QKI:HepG2
BCLAF1,HepG2,chr10:74979348:A:G,0,2,-0.3493194580078125,modal,cuda,QKI:HepG2
BCLAF1,HepG2,chr10:76058744:G:A,0,2,-0.49652719497680664,modal,cuda,QKI:HepG2
BCLAF1,HepG2,chr10:76058747:G:T,0,2,-0.5300931930541992,modal,cuda,QKI:HepG2
BCLAF1,HepG2,chr10:78040201:C:A,0,2,1.2247233390808105,modal,cuda,QKI:HepG2
BCLAF1,HepG2,chr10:78040616:C:T,0,2,-0.6831445693969727,modal,cuda,QKI:HepG2
BCLAF1,HepG2,chr10:78040694:T:C,0,2,1.597670078277588,modal,cuda,QKI:HepG2
BCLAF1,HepG2,chr10:79201626:G:A,0,2,-0.3148167133331299,modal,cuda,QKI:HepG2
BCLAF1,HepG2,chr10:80289496:T:C,0,2,-0.38028907775878906,modal,cuda,QKI:HepG2
BCLAF1,HepG2,chr10:86890186:A:C,0,2,0.4161369800567627,modal,cuda,QKI:HepG2
BCLAF1,HepG2,chr10:86890195:T:A,1,2,-1.1931203603744507,modal,cuda,QKI:HepG2
BCLAF1,HepG2,chr10:86890210:T:A,0,2,4.675384998321533,modal,cuda,QKI:HepG2
BCLAF1,HepG2,chr10:89738973:C:T,0,2,0.2971761226654053,modal,cuda,QKI:HepG2
BCLAF1,HepG2,chr10:91840723:G:A,0,2,-0.2971830368041992,modal,cuda,QKI:HepG2
BCLAF1,HepG2,chr10:92014035:G:A,0,2,1.981199026107788,modal,cuda,QKI:HepG2
BCLAF1,HepG2,chr10:92028774:G:T,0,2,-0.4391082525253296,modal,cuda,QKI:HepG2
BCLAF1,HepG2,chr10:92607141:A:G,0,2,2.486158847808838,modal,cuda,QKI:HepG2
BCLAF1,HepG2,chr10:93698371:G:A,1,2,-1.5900676250457764,modal,cuda,QKI:HepG2
BCLAF1,HepG2,chr10:94546436:C:T,0,2,0.6153287887573242,modal,cuda,QKI:HepG2
BCLAF1,HepG2,chr10:94546508:G:T,0,2,0.6542234420776367,modal,cuda,QKI:HepG2
BCLAF1,HepG2,chr10:94554203:A:C,0,2,-0.8033790588378906,modal,cuda,QKI:HepG2
BCLAF1,HepG2,chr10:94554242:A:G,0,2,-0.2588510513305664,modal,cuda,QKI:HepG2
BCLAF1,HepG2,chr10:94562672:C:T,0,2,0.9579644203186035,modal,cuda,QKI:HepG2
BCLAF1,HepG2,chr10:94574092:A:T,1,2,-1.7506074905395508,modal,cuda,QKI:HepG2
BCLAF1,HepG2,chr10:94576815:A:T,0,2,0.2871880531311035,modal,cuda,QKI:HepG2
BCLAF1,HepG2,chr10:94588396:G:A,0,2,0.296597957611084,modal,cuda,QKI:HepG2
BCLAF1,HepG2,chr10:94588404:G:A,0,2,0.47828245162963867,modal,cuda,QKI:HepG2
BCLAF1,HepG2,chr10:99794393:G:A,0,2,0.9399361610412598,modal,cuda,QKI:HepG2
BCLAF1,HepG2,chr10:99811617:T:C,0,2,-0.5032320022583008,modal,cuda,QKI:HepG2
BCLAF1,HepG2,chr10:99830703:T:G,0,2,1.2441821098327637,modal,cuda,QKI:HepG2
BCLAF1,HepG2,chr10:99830862:C:T,0,2,0.9363126754760742,modal,cuda,QKI:HepG2
BCLAF1,HepG2,chr11:108134298:C:T,1,3,-0.9458417892456055,modal,cuda,QKI:HepG2
BCLAF1,HepG2,chr11:108134317:G:A,1,3,0.798159122467041,modal,cuda,QKI:HepG2
BCLAF1,HepG2,chr11:108138894:G:A,0,3,-0.2524941563606262,modal,cuda,QKI:HepG2
BCLAF1,HepG2,chr11:108138945:T:G,1,3,-0.786996066570282,modal,cuda,QKI:HepG2
BCLAF1,HepG2,chr11:108141637:G:T,1,3,-1.5056583881378174,modal,cuda,QKI:HepG2
BCLAF1,HepG2,chr11:108142451:G:A,1,3,1.0524483919143677,modal,cuda,QKI:HepG2
BCLAF1,HepG2,chr11:108146296:T:A,1,3,-1.2993834018707275,modal,cuda,QKI:HepG2
BCLAF1,HepG2,chr11:108146313:A:T,1,3,-1.49435293674469,modal,cuda,QKI:HepG2
BCLAF1,HepG2,chr11:108147295:C:A,1,3,-0.47882160544395447,modal,cuda,QKI:HepG2
BCLAF1,HepG2,chr11:108229161:A:G,0,3,-0.8657293319702148,modal,cuda,QKI:HepG2
BCLAF1,HepG2,chr11:108235839:G:A,1,3,0.7745194435119629,modal,cuda,QKI:HepG2
BCLAF1,HepG2,chr11:108245051:T:G,0,3,-0.7402863502502441,modal,cuda,QKI:HepG2
BCLAF1,HepG2,chr11:108248911:T:G,0,3,-0.6350207328796387,modal,cuda,QKI:HepG2
BCLAF1,HepG2,chr11:108248927:T:G,0,3,-0.9556293487548828,modal,cuda,QKI:HepG2
BCLAF1,HepG2,chr11:108268393:G:T,0,3,-0.2761286795139313,modal,cuda,QKI:HepG2
BCLAF1,HepG2,chr11:108271230:T:G,0,3,-0.5330719947814941,modal,cuda,QKI:HepG2
BCLAF1,HepG2,chr11:108280981:A:T,0,3,0.20835638046264648,modal,cuda,QKI:HepG2
BCLAF1,HepG2,chr11:108280982:A:T,0,3,0.2133951187133789,modal,cuda,QKI:HepG2
BCLAF1,HepG2,chr11:108280986:C:T,0,3,-0.34541964530944824,modal,cuda,QKI:HepG2
BCLAF1,HepG2,chr11:108293300:A:T,0,3,-0.6928310394287109,modal,cuda,QKI:HepG2
BCLAF1,HepG2,chr11:108293302:A:T,0,3,-0.27324390411376953,modal,cuda,QKI:HepG2
BCLAF1,HepG2,chr11:108294907:A:G,0,3,-0.3374704122543335,modal,cuda,QKI:HepG2
BCLAF1,HepG2,chr11:108312424:G:T,1,3,-0.7864959239959717,modal,cuda,QKI:HepG2
BCLAF1,HepG2,chr11:108312440:G:A,0,3,0.4066431522369385,modal,cuda,QKI:HepG2
BCLAF1,HepG2,chr11:108312458:T:A,1,3,1.2463183403015137,modal,cuda,QKI:HepG2
BCLAF1,HepG2,chr11:108312463:G:T,1,3,-1.0232219696044922,modal,cuda,QKI:HepG2
BCLAF1,HepG2,chr11:108312478:G:T,1,3,0.682274341583252,modal,cuda,QKI:HepG2
BCLAF1,HepG2,chr11:108312496:C:T,1,3,0.9615345001220703,modal,cuda,QKI:HepG2
BCLAF1,HepG2,chr11:108315843:C:A,1,3,-0.9848254919052124,modal,cuda,QKI:HepG2
BCLAF1,HepG2,chr11:108315883:G:C,0,3,1.9693007469177246,modal,cuda,QKI:HepG2
BCLAF1,HepG2,chr11:108315888:G:C,0,3,1.3203685283660889,modal,cuda,QKI:HepG2
BCLAF1,HepG2,chr11:108315889:A:T,1,3,0.1663827896118164,modal,cuda,QKI:HepG2
BCLAF1,HepG2,chr11:108315896:T:G,1,3,-0.9508018493652344,modal,cuda,QKI:HepG2
BCLAF1,HepG2,chr11:108315898:C:T,1,3,-3.1354575157165527,modal,cuda,QKI:HepG2
BCLAF1,HepG2,chr11:108315926:T:C,0,3,0.5307114124298096,modal,cuda,QKI:HepG2
BCLAF1,HepG2,chr11:108317421:G:T,1,3,-0.5753626823425293,modal,cuda,QKI:HepG2
BCLAF1,HepG2,chr11:108317432:T:G,1,3,-1.2895094156265259,modal,cuda,QKI:HepG2
BCLAF1,HepG2,chr11:108317447:G:A,1,3,-0.850853443145752,modal,cuda,QKI:HepG2
BCLAF1,HepG2,chr11:108317474:C:A,1,3,-3.9851818084716797,modal,cuda,QKI:HepG2
BCLAF1,HepG2,chr11:108317485:G:A,1,3,0.4101529121398926,modal,cuda,QKI:HepG2
BCLAF1,HepG2,chr11:108317496:C:T,1,3,-0.4466865062713623,modal,cuda,QKI:HepG2
BCLAF1,HepG2,chr11:108317500:G:A,1,3,-0.49524545669555664,modal,cuda,QKI:HepG2
BCLAF1,HepG2,chr11:108317501:G:A,1,3,0.35258054733276367,modal,cuda,QKI:HepG2
BCLAF1,HepG2,chr11:108317516:C:A,0,3,0.46088552474975586,modal,cuda,QKI:HepG2
BCLAF1,HepG2,chr11:108317516:C:G,0,3,0.45040321350097656,modal,cuda,QKI:HepG2
BCLAF1,HepG2,chr11:108320017:C:T,0,3,-0.41245222091674805,modal,cuda,QKI:HepG2
BCLAF1,HepG2,chr11:108320039:G:T,1,3,-1.436704397201538,modal,cuda,QKI:HepG2
BCLAF1,HepG2,chr11:108320059:G:C,1,3,1.3610987663269043,modal,cuda,QKI:HepG2
BCLAF1,HepG2,chr11:108320059:G:T,1,3,-0.5587143898010254,modal,cuda,QKI:HepG2
BCLAF1,HepG2,chr11:108321304:A:C,0,3,0.42563438415527344,modal,cuda,QKI:HepG2
BCLAF1,HepG2,chr11:108321308:G:T,1,3,-0.7833572626113892,modal,cuda,QKI:HepG2
BCLAF1,HepG2,chr11:108321317:G:T,1,3,-1.9236347675323486,modal,cuda,QKI:HepG2
BCLAF1,HepG2,chr11:108321326:A:T,1,3,-2.1653151512145996,modal,cuda,QKI:HepG2
BCLAF1,HepG2,chr11:108321337:T:C,0,3,0.8070460557937622,modal,cuda,QKI:HepG2
BCLAF1,HepG2,chr11:108321338:G:T,1,3,-2.083390474319458,modal,cuda,QKI:HepG2
BCLAF1,HepG2,chr11:108325388:T:C,0,3,-0.504021167755127,modal,cuda,QKI:HepG2
BCLAF1,HepG2,chr11:108325391:T:C,0,3,0.5213925838470459,modal,cuda,QKI:HepG2
BCLAF1,HepG2,chr11:108325395:C:T,1,3,-1.1093270778656006,modal,cuda,QKI:HepG2
BCLAF1,HepG2,chr11:108325397:G:A,0,3,0.7668986320495605,modal,cuda,QKI:HepG2
BCLAF1,HepG2,chr11:108325398:G:T,1,3,-0.9559049606323242,modal,cuda,QKI:HepG2
BCLAF1,HepG2,chr11:108325421:A:C,0,3,0.5082707405090332,modal,cuda,QKI:HepG2
BCLAF1,HepG2,chr11:108325433:G:A,0,3,0.5584244728088379,modal,cuda,QKI:HepG2
BCLAF1,HepG2,chr11:108325436:C:A,0,3,0.5645871162414551,modal,cuda,QKI:HepG2
BCLAF1,HepG2,chr11:108325443:G:T,1,3,-0.8690927028656006,modal,cuda,QKI:HepG2
BCLAF1,HepG2,chr11:108325451:A:G,0,3,-0.5763058662414551,modal,cuda,QKI:HepG2
BCLAF1,HepG2,chr11:108325462:C:A,1,3,-6.263078689575195,modal,cuda,QKI:HepG2
BCLAF1,HepG2,chr11:108325517:A:C,0,3,-0.6107759475708008,modal,cuda,QKI:HepG2
BCLAF1,HepG2,chr11:108325524:A:C,0,3,-0.36650705337524414,modal,cuda,QKI:HepG2
BCLAF1,HepG2,chr11:108325533:A:T,1,3,0.4723644256591797,modal,cuda,QKI:HepG2
BCLAF1,HepG2,chr11:108325542:C:T,1,3,1.160466194152832,modal,cuda,QKI:HepG2
BCLAF1,HepG2,chr11:108325544:G:A,1,3,1.675248146057129,modal,cuda,QKI:HepG2
BCLAF1,HepG2,chr11:108326060:C:G,0,3,-0.20754951238632202,modal,cuda,QKI:HepG2
BCLAF1,HepG2,chr11:108326079:C:T,1,3,0.750838041305542,modal,cuda,QKI:HepG2
BCLAF1,HepG2,chr11:108326085:A:T,1,3,-1.256608247756958,modal,cuda,QKI:HepG2
BCLAF1,HepG2,chr11:108326088:C:T,1,3,1.080082893371582,modal,cuda,QKI:HepG2
BCLAF1,HepG2,chr11:108326093:C:G,1,3,-0.4557478427886963,modal,cuda,QKI:HepG2
BCLAF1,HepG2,chr11:108326118:G:T,1,3,-0.7242258191108704,modal,cuda,QKI:HepG2
BCLAF1,HepG2,chr11:108326124:C:T,1,3,-0.9995635151863098,modal,cuda,QKI:HepG2
BCLAF1,HepG2,chr11:108326127:C:T,0,3,-0.5856879949569702,modal,cuda,QKI:HepG2
BCLAF1,HepG2,chr11:108326139:C:T,1,3,-0.28171223402023315,modal,cuda,QKI:HepG2
BCLAF1,HepG2,chr11:108326150:G:A,1,3,-1.2404735088348389,modal,cuda,QKI:HepG2
BCLAF1,HepG2,chr11:108326153:A:T,0,3,0.9216711521148682,modal,cuda,QKI:HepG2
BCLAF1,HepG2,chr11:108326154:A:T,1,3,0.362570583820343,modal,cuda,QKI:HepG2
BCLAF1,HepG2,chr11:108326157:A:T,1,3,0.41257357597351074,modal,cuda,QKI:HepG2
BCLAF1,HepG2,chr11:108326163:C:T,1,3,0.5352905988693237,modal,cuda,QKI:HepG2
BCLAF1,HepG2,chr11:108326183:T:C,0,3,0.3259592056274414,modal,cuda,QKI:HepG2
BCLAF1,HepG2,chr11:108326187:A:T,1,3,-0.9468485116958618,modal,cuda,QKI:HepG2
BCLAF1,HepG2,chr11:108326202:A:T,1,3,-1.0520386695861816,modal,cuda,QKI:HepG2
BCLAF1,HepG2,chr11:108327643:A:C,1,3,0.5503506660461426,modal,cuda,QKI:HepG2
BCLAF1,HepG2,chr11:108327643:A:T,1,3,0.4476914405822754,modal,cuda,QKI:HepG2
BCLAF1,HepG2,chr11:108327644:G:A,1,3,-0.2615278959274292,modal,cuda,QKI:HepG2
BCLAF1,HepG2,chr11:108327650:T:C,0,3,-0.26505184173583984,modal,cuda,QKI:HepG2
BCLAF1,HepG2,chr11:108327659:A:C,0,3,0.9856185913085938,modal,cuda,QKI:HepG2
BCLAF1,HepG2,chr11:108327660:A:T,1,3,1.0832703113555908,modal,cuda,QKI:HepG2
BCLAF1,HepG2,chr11:108327664:T:C,0,3,2.9172492027282715,modal,cuda,QKI:HepG2
BCLAF1,HepG2,chr11:108327671:C:A,1,3,0.43729543685913086,modal,cuda,QKI:HepG2
BCLAF1,HepG2,chr11:108327671:C:G,1,3,-0.37416768074035645,modal,cuda,QKI:HepG2
BCLAF1,HepG2,chr11:108327680:T:A,1,3,-1.289311170578003,modal,cuda,QKI:HepG2
BCLAF1,HepG2,chr11:108327689:T:G,0,3,-0.41364672780036926,modal,cuda,QKI:HepG2
BCLAF1,HepG2,chr11:108327713:G:C,0,3,0.16142809391021729,modal,cuda,QKI:HepG2
BCLAF1,HepG2,chr11:108327716:C:A,1,3,-0.8786270618438721,modal,cuda,QKI:HepG2
BCLAF1,HepG2,chr11:108329171:C:T,1,3,0.5241460800170898,modal,cuda,QKI:HepG2
BCLAF1,HepG2,chr11:108329191:C:T,0,3,-0.2868964672088623,modal,cuda,QKI:HepG2
BCLAF1,HepG2,chr11:108329198:G:T,1,3,-0.5440464019775391,modal,cuda,QKI:HepG2
BCLAF1,HepG2,chr11:108329202:T:G,1,3,0.5111954212188721,modal,cuda,QKI:HepG2
BCLAF1,HepG2,chr11:108329228:C:T,1,3,-0.3623843193054199,modal,cuda,QKI:HepG2
BCLAF1,HepG2,chr11:108330224:A:T,1,3,-1.4901624917984009,modal,cuda,QKI:HepG2
BCLAF1,HepG2,chr11:108330233:C:T,1,3,-1.3813408613204956,modal,cuda,QKI:HepG2
BCLAF1,HepG2,chr11:108330242:G:T,1,3,-2.130180835723877,modal,cuda,QKI:HepG2
BCLAF1,HepG2,chr11:108330246:T:A,1,3,-1.8600746393203735,modal,cuda,QKI:HepG2
BCLAF1,HepG2,chr11:108330255:T:A,1,3,-1.8049410581588745,modal,cuda,QKI:HepG2
BCLAF1,HepG2,chr11:108330255:T:G,1,3,-1.7690072059631348,modal,cuda,QKI:HepG2
BCLAF1,HepG2,chr11:108330259:C:A,0,3,-0.550919771194458,modal,cuda,QKI:HepG2
BCLAF1,HepG2,chr11:108330265:T:A,0,3,-0.2643122673034668,modal,cuda,QKI:HepG2
BCLAF1,HepG2,chr11:108330275:G:T,1,3,-2.108485221862793,modal,cuda,QKI:HepG2
BCLAF1,HepG2,chr11:108330286:A:G,0,3,-0.38071560859680176,modal,cuda,QKI:HepG2
BCLAF1,HepG2,chr11:108330294:T:A,1,3,-1.9220848083496094,modal,cuda,QKI:HepG2
BCLAF1,HepG2,chr11:108330299:A:T,1,3,-1.384394645690918,modal,cuda,QKI:HepG2
BCLAF1,HepG2,chr11:108330316:T:A,1,3,-1.7926294803619385,modal,cuda,QKI:HepG2
BCLAF1,HepG2,chr11:108330319:C:T,0,3,-2.8993773460388184,modal,cuda,QKI:HepG2
BCLAF1,HepG2,chr11:108330354:G:A,1,3,0.663221538066864,modal,cuda,QKI:HepG2
BCLAF1,HepG2,chr11:108330355:G:A,1,3,0.49668318033218384,modal,cuda,QKI:HepG2
BCLAF1,HepG2,chr11:108330376:C:T,0,3,0.2005624771118164,modal,cuda,QKI:HepG2
BCLAF1,HepG2,chr11:108330401:G:T,1,3,1.462864637374878,modal,cuda,QKI:HepG2
BCLAF1,HepG2,chr11:108331470:T:A,1,3,-0.8280259370803833,modal,cuda,QKI:HepG2
BCLAF1,HepG2,chr11:108331470:T:G,1,3,-1.5237982273101807,modal,cuda,QKI:HepG2
BCLAF1,HepG2,chr11:108331491:C:G,1,3,-0.6725220680236816,modal,cuda,QKI:HepG2
BCLAF1,HepG2,chr11:108331492:C:T,1,3,-4.382646560668945,modal,cuda,QKI:HepG2
BCLAF1,HepG2,chr11:108331506:A:G,0,3,-1.7380156517028809,modal,cuda,QKI:HepG2
BCLAF1,HepG2,chr11:108331512:G:A,0,3,-0.3222641944885254,modal,cuda,QKI:HepG2
BCLAF1,HepG2,chr11:108331534:G:T,1,3,0.512629508972168,modal,cuda,QKI:HepG2
BCLAF1,HepG2,chr11:108331543:G:T,1,3,1.0020027160644531,modal,cuda,QKI:HepG2
BCLAF1,HepG2,chr11:108331545:A:G,0,3,0.6042418479919434,modal,cuda,QKI:HepG2
BCLAF1,HepG2,chr11:108331877:A:C,1,3,-2.410733461380005,modal,cuda,QKI:HepG2
BCLAF1,HepG2,chr11:108331878:G:C,1,3,-0.42220401763916016,modal,cuda,QKI:HepG2
BCLAF1,HepG2,chr11:108331895:C:A,1,3,-1.2887592315673828,modal,cuda,QKI:HepG2
BCLAF1,HepG2,chr11:108331919:T:A,1,3,0.4266458749771118,modal,cuda,QKI:HepG2
BCLAF1,HepG2,chr11:108331937:T:A,1,3,-0.4010496735572815,modal,cuda,QKI:HepG2
BCLAF1,HepG2,chr11:108331993:A:T,1,3,-0.5134937167167664,modal,cuda,QKI:HepG2
BCLAF1,HepG2,chr11:108331995:A:G,0,3,0.6375658512115479,modal,cuda,QKI:HepG2
BCLAF1,HepG2,chr11:108332017:C:T,1,3,-2.294482707977295,modal,cuda,QKI:HepG2
BCLAF1,HepG2,chr11:108332026:C:T,1,3,-1.9101029634475708,modal,cuda,QKI:HepG2
BCLAF1,HepG2,chr11:108332747:G:T,0,3,0.355080246925354,modal,cuda,QKI:HepG2
BCLAF1,HepG2,chr11:108332765:C:T,1,3,-0.6453384160995483,modal,cuda,QKI:HepG2
BCLAF1,HepG2,chr11:108332776:T:C,0,3,-0.6624763607978821,modal,cuda,QKI:HepG2
BCLAF1,HepG2,chr11:108332779:A:C,0,3,-0.619121253490448,modal,cuda,QKI:HepG2
BCLAF1,HepG2,chr11:108332824:C:T,0,3,0.5826426148414612,modal,cuda,QKI:HepG2
BCLAF1,HepG2,chr11:108332848:T:G,1,3,0.5871691703796387,modal,cuda,QKI:HepG2
BCLAF1,HepG2,chr11:108332849:G:C,1,3,1.001399040222168,modal,cuda,QKI:HepG2
BCLAF1,HepG2,chr11:108332854:T:G,1,3,-0.6488027572631836,modal,cuda,QKI:HepG2
BCLAF1,HepG2,chr11:108332857:T:C,0,3,-1.9842514991760254,modal,cuda,QKI:HepG2
BCLAF1,HepG2,chr11:108332878:C:G,0,3,-0.9911767840385437,modal,cuda,QKI:HepG2
BCLAF1,HepG2,chr11:108332888:A:T,1,3,0.24405145645141602,modal,cuda,QKI:HepG2
BCLAF1,HepG2,chr11:108333909:C:T,1,3,-3.0850844383239746,modal,cuda,QKI:HepG2
BCLAF1,HepG2,chr11:108333921:A:T,1,3,0.9253548383712769,modal,cuda,QKI:HepG2
BCLAF1,HepG2,chr11:108333927:A:T,1,3,-2.3799545764923096,modal,cuda,QKI:HepG2
BCLAF1,HepG2,chr11:108333934:T:A,1,3,-2.5185294151306152,modal,cuda,QKI:HepG2
BCLAF1,HepG2,chr11:108333934:T:G,1,3,-1.3620383739471436,modal,cuda,QKI:HepG2
BCLAF1,HepG2,chr11:108333936:G:T,1,3,-1.5598279237747192,modal,cuda,QKI:HepG2
BCLAF1,HepG2,chr11:108333960:G:T,1,3,1.1834489107131958,modal,cuda,QKI:HepG2
BCLAF1,HepG2,chr11:108333966:A:T,1,3,-0.7961859703063965,modal,cuda,QKI:HepG2
BCLAF1,HepG2,chr11:108334948:T:G,0,3,0.5294222831726074,modal,cuda,QKI:HepG2
BCLAF1,HepG2,chr11:108334967:A:C,1,3,1.1562161445617676,modal,cuda,QKI:HepG2
BCLAF1,HepG2,chr11:108334968:G:T,1,3,0.854273796081543,modal,cuda,QKI:HepG2
BCLAF1,HepG2,chr11:108334984:G:T,1,3,-0.6646652221679688,modal,cuda,QKI:HepG2
BCLAF1,HepG2,chr11:108334990:G:T,1,3,-1.4799747467041016,modal,cuda,QKI:HepG2
BCLAF1,HepG2,chr11:108334992:A:C,0,3,-0.3240201473236084,modal,cuda,QKI:HepG2
BCLAF1,HepG2,chr11:108335001:G:A,0,3,-0.8858175277709961,modal,cuda,QKI:HepG2
BCLAF1,HepG2,chr11:108335003:C:G,1,3,-1.5919620990753174,modal,cuda,QKI:HepG2
BCLAF1,HepG2,chr11:108335008:C:T,1,3,-1.3752293586730957,modal,cuda,QKI:HepG2
BCLAF1,HepG2,chr11:108335031:C:T,0,3,-0.5386341214179993,modal,cuda,QKI:HepG2
BCLAF1,HepG2,chr11:108335037:A:G,0,3,-0.9001662731170654,modal,cuda,QKI:HepG2
BCLAF1,HepG2,chr11:108335038:G:T,1,3,-1.8821587562561035,modal,cuda,QKI:HepG2
BCLAF1,HepG2,chr11:108335051:T:G,1,3,1.2425907850265503,modal,cuda,QKI:HepG2
BCLAF1,HepG2,chr11:108335056:A:T,1,3,-0.862217903137207,modal,cuda,QKI:HepG2
BCLAF1,HepG2,chr11:108335064:A:C,0,3,0.4618455469608307,modal,cuda,QKI:HepG2
BCLAF1,HepG2,chr11:108335082:T:A,1,3,-0.45906007289886475,modal,cuda,QKI:HepG2
BCLAF1,HepG2,chr11:108335089:G:T,1,3,0.37054991722106934,modal,cuda,QKI:HepG2
BCLAF1,HepG2,chr11:108335098:C:T,1,3,-0.5045127868652344,modal,cuda,QKI:HepG2
BCLAF1,HepG2,chr11:108335843:A:C,1,3,-0.986587405204773,modal,cuda,QKI:HepG2
BCLAF1,HepG2,chr11:108335889:C:T,0,3,-0.7559659481048584,modal,cuda,QKI:HepG2
BCLAF1,HepG2,chr11:108335890:C:T,1,3,0.8504929542541504,modal,cuda,QKI:HepG2
BCLAF1,HepG2,chr11:108335911:C:T,1,3,0.36765456199645996,modal,cuda,QKI:HepG2
BCLAF1,HepG2,chr11:108335916:A:G,0,3,-0.301358699798584,modal,cuda,QKI:HepG2
BCLAF1,HepG2,chr11:108343233:C:G,0,3,-0.2526746988296509,modal,cuda,QKI:HepG2
BCLAF1,HepG2,chr11:108343237:C:T,1,3,0.32539165019989014,modal,cuda,QKI:HepG2
BCLAF1,HepG2,chr11:108343239:G:A,0,3,1.0790680646896362,modal,cuda,QKI:HepG2
BCLAF1,HepG2,chr11:108343240:C:T,1,3,-0.8357130885124207,modal,cuda,QKI:HepG2
BCLAF1,HepG2,chr11:108343255:G:T,1,3,-0.5459245443344116,modal,cuda,QKI:HepG2
BCLAF1,HepG2,chr11:108343259:G:A,1,3,0.3357657492160797,modal,cuda,QKI:HepG2
BCLAF1,HepG2,chr11:108343260:G:A,1,3,0.6317234039306641,modal,cuda,QKI:HepG2
BCLAF1,HepG2,chr11:108345796:C:A,1,3,-0.7685668468475342,modal,cuda,QKI:HepG2
BCLAF1,HepG2,chr11:108345797:C:T,1,3,-1.0111452341079712,modal,cuda,QKI:HepG2
BCLAF1,HepG2,chr11:108345806:C:T,1,3,-1.787123441696167,modal,cuda,QKI:HepG2
BCLAF1,HepG2,chr11:108345819:G:T,1,3,0.4819289445877075,modal,cuda,QKI:HepG2
BCLAF1,HepG2,chr11:108345823:C:A,1,3,-1.3745310306549072,modal,cuda,QKI:HepG2
BCLAF1,HepG2,chr11:108345823:C:G,1,3,-1.219548225402832,modal,cuda,QKI:HepG2
BCLAF1,HepG2,chr11:108345850:A:C,0,3,-0.26247352361679077,modal,cuda,QKI:HepG2
BCLAF1,HepG2,chr11:108347277:A:C,1,3,-0.8182201385498047,modal,cuda,QKI:HepG2
BCLAF1,HepG2,chr11:108347278:G:C,1,3,-1.2674074172973633,modal,cuda,QKI:HepG2
BCLAF1,HepG2,chr11:108347286:C:A,1,3,0.3000211715698242,modal,cuda,QKI:HepG2
BCLAF1,HepG2,chr11:108347286:C:G,1,3,-0.6690812110900879,modal,cuda,QKI:HepG2
BCLAF1,HepG2,chr11:108347292:T:G,0,3,0.5376086235046387,modal,cuda,QKI:HepG2
BCLAF1,HepG2,chr11:108347295:A:T,0,3,-0.5515484809875488,modal,cuda,QKI:HepG2
BCLAF1,HepG2,chr11:108347314:C:T,1,3,-0.653160572052002,modal,cuda,QKI:HepG2
BCLAF1,HepG2,chr11:108347324:T:A,1,3,-1.1677360534667969,modal,cuda,QKI:HepG2
BCLAF1,HepG2,chr11:108347332:G:T,1,3,-2.6315717697143555,modal,cuda,QKI:HepG2
BCLAF1,HepG2,chr11:108347339:C:G,1,3,1.1661453247070312,modal,cuda,QKI:HepG2
BCLAF1,HepG2,chr11:108347358:A:T,0,3,-0.5338690280914307,modal,cuda,QKI:HepG2
BCLAF1,HepG2,chr11:108353777:G:T,1,3,-2.4324846267700195,modal,cuda,QKI:HepG2
BCLAF1,HepG2,chr11:108353780:C:T,1,3,-0.24175190925598145,modal,cuda,QKI:HepG2
BCLAF1,HepG2,chr11:108353785:C:G,0,3,-1.0863580703735352,modal,cuda,QKI:HepG2
BCLAF1,HepG2,chr11:108353785:C:T,0,3,-0.81484055519104,modal,cuda,QKI:HepG2
BCLAF1,HepG2,chr11:108353791:C:A,0,3,-0.5643062591552734,modal,cuda,QKI:HepG2
BCLAF1,HepG2,chr11:108353797:T:G,0,3,-0.6567230224609375,modal,cuda,QKI:HepG2
BCLAF1,HepG2,chr11:108353803:T:G,0,3,0.6812973022460938,modal,cuda,QKI:HepG2
BCLAF1,HepG2,chr11:108353857:G:C,0,3,0.6298308372497559,modal,cuda,QKI:HepG2
BCLAF1,HepG2,chr11:108353879:A:T,1,3,-0.44534140825271606,modal,cuda,QKI:HepG2
BCLAF1,HepG2,chr11:108353881:G:A,1,3,-0.6816822290420532,modal,cuda,QKI:HepG2
BCLAF1,HepG2,chr11:108353882:T:C,1,3,-1.1028200387954712,modal,cuda,QKI:HepG2
BCLAF1,HepG2,chr11:108354818:G:T,1,3,0.6818586587905884,modal,cuda,QKI:HepG2
BCLAF1,HepG2,chr11:108354821:A:T,1,3,-1.0109715461730957,modal,cuda,QKI:HepG2
BCLAF1,HepG2,chr11:108354848:C:T,1,3,-1.0735620260238647,modal,cuda,QKI:HepG2
BCLAF1,HepG2,chr11:108354859:G:A,0,3,-3.2544569969177246,modal,cuda,QKI:HepG2
BCLAF1,HepG2,chr11:108365114:C:T,0,3,0.3926827907562256,modal,cuda,QKI:HepG2
BCLAF1,HepG2,chr11:108365134:T:A,1,3,-0.6365911960601807,modal,cuda,QKI:HepG2
BCLAF1,HepG2,chr11:108365138:T:G,1,3,-1.712453842163086,modal,cuda,QKI:HepG2
BCLAF1,HepG2,chr11:108365145:C:T,1,3,1.412062168121338,modal,cuda,QKI:HepG2
BCLAF1,HepG2,chr11:108365154:G:T,1,3,0.7387166023254395,modal,cuda,QKI:HepG2
BCLAF1,HepG2,chr11:108365196:C:T,1,3,-0.854924201965332,modal,cuda,QKI:HepG2
BCLAF1,HepG2,chr11:108365199:G:T,1,3,0.4917498826980591,modal,cuda,QKI:HepG2
BCLAF1,HepG2,chr11:108365204:C:A,1,3,-0.41972923278808594,modal,cuda,QKI:HepG2
BCLAF1,HepG2,chr11:108365208:C:T,1,3,-0.8149724006652832,modal,cuda,QKI:HepG2
BCLAF1,HepG2,chr11:110237635:G:A,1,3,-1.5430800914764404,modal,cuda,QKI:HepG2
BCLAF1,HepG2,chr11:110257751:C:A,0,3,0.4518246650695801,modal,cuda,QKI:HepG2
BCLAF1,HepG2,chr11:110258104:A:G,1,3,-0.7438446283340454,modal,cuda,QKI:HepG2
BCLAF1,HepG2,chr11:110264842:C:T,1,3,0.2844368517398834,modal,cuda,QKI:HepG2
BCLAF1,HepG2,chr11:111764842:C:T,1,3,0.35898226499557495,modal,cuda,QKI:HepG2
BCLAF1,HepG2,chr11:111853677:C:T,1,3,-0.42785167694091797,modal,cuda,QKI:HepG2
BCLAF1,HepG2,chr11:112028650:C:T,0,3,-0.5114072561264038,modal,cuda,QKI:HepG2
BCLAF1,HepG2,chr11:115229275:G:A,0,3,0.2346193790435791,modal,cuda,QKI:HepG2
BCLAF1,HepG2,chr11:118491320:T:G,1,3,0.528719425201416,modal,cuda,QKI:HepG2
BCLAF1,HepG2,chr11:118496399:A:T,0,3,2.4037723541259766,modal,cuda,QKI:HepG2
BCLAF1,HepG2,chr11:118498085:T:C,0,3,0.748363733291626,modal,cuda,QKI:HepG2
BCLAF1,HepG2,chr11:118597753:C:T,1,3,-4.003231048583984,modal,cuda,QKI:HepG2
BCLAF1,HepG2,chr11:119015081:A:T,1,3,0.6429247856140137,modal,cuda,QKI:HepG2
BCLAF1,HepG2,chr11:120431918:T:A,0,3,0.6786075830459595,modal,cuda,QKI:HepG2
BCLAF1,HepG2,chr11:121612844:G:T,0,3,-0.18914705514907837,modal,cuda,QKI:HepG2
BCLAF1,HepG2,chr11:12930169:C:T,0,3,0.45491957664489746,modal,cuda,QKI:HepG2
BCLAF1,HepG2,chr11:130122522:A:C,0,3,0.22586727142333984,modal,cuda,QKI:HepG2
BCLAF1,HepG2,chr11:130140492:G:A,0,3,0.7066813707351685,modal,cuda,QKI:HepG2
BCLAF1,HepG2,chr11:14830855:T:C,0,3,-0.6511821746826172,modal,cuda,QKI:HepG2
BCLAF1,HepG2,chr11:14859255:T:C,0,3,0.5760979652404785,modal,cuda,QKI:HepG2
BCLAF1,HepG2,chr11:17102841:A:C,0,3,-1.1165142059326172,modal,cuda,QKI:HepG2
BCLAF1,HepG2,chr11:17168713:T:C,0,3,0.1352825164794922,modal,cuda,QKI:HepG2
BCLAF1,HepG2,chr11:17168732:T:C,0,3,0.33080434799194336,modal,cuda,QKI:HepG2
BCLAF1,HepG2,chr11:17168843:G:A,0,3,0.8361583948135376,modal,cuda,QKI:HepG2
BCLAF1,HepG2,chr11:20044127:G:T,0,3,0.3618534803390503,modal,cuda,QKI:HepG2
BCLAF1,HepG2,chr11:2641110:A:G,0,3,0.14604949951171875,modal,cuda,QKI:HepG2
BCLAF1,HepG2,chr11:26567044:A:G,0,3,0.3976869583129883,modal,cuda,QKI:HepG2
BCLAF1,HepG2,chr11:3039191:C:T,0,3,0.7585592269897461,modal,cuda,QKI:HepG2
BCLAF1,HepG2,chr11:3042264:G:A,0,3,-0.9208283424377441,modal,cuda,QKI:HepG2
BCLAF1,HepG2,chr11:34086238:G:A,0,3,0.47611188888549805,modal,cuda,QKI:HepG2
BCLAF1,HepG2,chr11:34108810:T:C,0,3,-1.2855722904205322,modal,cuda,QKI:HepG2
BCLAF1,HepG2,chr11:34960443:G:A,0,3,0.6448098421096802,modal,cuda,QKI:HepG2
BCLAF1,HepG2,chr11:34960519:G:A,1,3,0.6682937145233154,modal,cuda,QKI:HepG2
BCLAF1,HepG2,chr11:34960522:T:C,0,3,-0.4985687732696533,modal,cuda,QKI:HepG2
BCLAF1,HepG2,chr11:3778975:T:C,0,3,-1.956885576248169,modal,cuda,QKI:HepG2
BCLAF1,HepG2,chr11:45935682:C:T,0,3,-0.6267733573913574,modal,cuda,QKI:HepG2
BCLAF1,HepG2,chr11:45935700:G:T,1,3,-2.13154673576355,modal,cuda,QKI:HepG2
BCLAF1,HepG2,chr11:47750906:C:T,0,3,0.877453088760376,modal,cuda,QKI:HepG2
BCLAF1,HepG2,chr11:47798388:C:T,0,3,-0.1891188621520996,modal,cuda,QKI:HepG2
BCLAF1,HepG2,chr11:47798468:C:T,0,3,0.41368722915649414,modal,cuda,QKI:HepG2
BCLAF1,HepG2,chr11:47812384:C:T,0,3,1.0705604553222656,modal,cuda,QKI:HepG2
BCLAF1,HepG2,chr11:47812399:T:C,0,3,-0.4610171318054199,modal,cuda,QKI:HepG2
BCLAF1,HepG2,chr11:47813040:G:A,0,3,-0.3421264886856079,modal,cuda,QKI:HepG2
BCLAF1,HepG2,chr11:47822082:C:T,1,3,0.22696927189826965,modal,cuda,QKI:HepG2
BCLAF1,HepG2,chr11:47835659:G:A,1,3,-0.4882798194885254,modal,cuda,QKI:HepG2
BCLAF1,HepG2,chr11:47835701:T:C,0,3,0.9943728446960449,modal,cuda,QKI:HepG2
BCLAF1,HepG2,chr11:57796519:C:T,0,3,0.38058435916900635,modal,cuda,QKI:HepG2
BCLAF1,HepG2,chr11:57801864:G:A,1,3,-1.1583107709884644,modal,cuda,QKI:HepG2
BCLAF1,HepG2,chr11:57801869:C:T,1,3,-0.7183592319488525,modal,cuda,QKI:HepG2
BCLAF1,HepG2,chr11:57802166:C:T,0,3,-0.2384812831878662,modal,cuda,QKI:HepG2
BCLAF1,HepG2,chr11:57804760:C:T,1,3,-0.4407625198364258,modal,cuda,QKI:HepG2
BCLAF1,HepG2,chr11:57806980:C:T,1,3,-0.6867226362228394,modal,cuda,QKI:HepG2
BCLAF1,HepG2,chr11:57810152:C:T,1,3,1.0112833976745605,modal,cuda,QKI:HepG2
BCLAF1,HepG2,chr11:62520206:G:A,0,3,-0.5727341175079346,modal,cuda,QKI:HepG2
BCLAF1,HepG2,chr11:62522036:C:T,0,3,-0.16814351081848145,modal,cuda,QKI:HepG2
BCLAF1,HepG2,chr11:62526000:C:T,0,3,0.49489736557006836,modal,cuda,QKI:HepG2
BCLAF1,HepG2,chr11:62526008:A:G,0,3,-0.2289571762084961,modal,cuda,QKI:HepG2
BCLAF1,HepG2,chr11:62527040:A:G,0,3,0.45024335384368896,modal,cuda,QKI:HepG2
BCLAF1,HepG2,chr11:62527677:T:G,0,3,0.5823802947998047,modal,cuda,QKI:HepG2
BCLAF1,HepG2,chr11:62527799:A:C,0,3,-1.0404636859893799,modal,cuda,QKI:HepG2
BCLAF1,HepG2,chr11:62529526:C:T,0,3,0.5075668096542358,modal,cuda,QKI:HepG2
BCLAF1,HepG2,chr11:62529773:A:C,0,3,-0.3159370422363281,modal,cuda,QKI:HepG2
BCLAF1,HepG2,chr11:62529848:A:G,0,3,0.4174596071243286,modal,cuda,QKI:HepG2
BCLAF1,HepG2,chr11:62529927:G:C,0,3,-0.7337518334388733,modal,cuda,QKI:HepG2
BCLAF1,HepG2,chr11:62529938:A:G,0,3,0.8238565921783447,modal,cuda,QKI:HepG2
BCLAF1,HepG2,chr11:62530602:C:G,0,3,-0.7799928188323975,modal,cuda,QKI:HepG2
BCLAF1,HepG2,chr11:62531360:A:G,0,3,0.23680925369262695,modal,cuda,QKI:HepG2
BCLAF1,HepG2,chr11:62532272:A:G,0,3,0.2302614450454712,modal,cuda,QKI:HepG2
BCLAF1,HepG2,chr11:62707136:G:C,0,3,-0.8403160572052002,modal,cuda,QKI:HepG2
BCLAF1,HepG2,chr11:67180094:C:T,1,3,-1.5022058486938477,modal,cuda,QKI:HepG2
BCLAF1,HepG2,chr11:68044201:C:T,1,3,-0.8402807712554932,modal,cuda,QKI:HepG2
BCLAF1,HepG2,chr11:72018840:T:C,0,3,-0.5415008068084717,modal,cuda,QKI:HepG2
BCLAF1,HepG2,chr11:77179026:G:A,0,3,0.10797935724258423,modal,cuda,QKI:HepG2
BCLAF1,HepG2,chr11:78559588:A:T,1,3,1.8271770477294922,modal,cuda,QKI:HepG2
BCLAF1,HepG2,chr11:78566227:G:A,1,3,-0.47413408756256104,modal,cuda,QKI:HepG2
BCLAF1,HepG2,chr11:78566231:A:G,0,3,0.5813734531402588,modal,cuda,QKI:HepG2
BCLAF1,HepG2,chr11:78568693:T:C,0,3,-0.6775698661804199,modal,cuda,QKI:HepG2
BCLAF1,HepG2,chr11:78568698:T:C,0,3,-0.49956274032592773,modal,cuda,QKI:HepG2
BCLAF1,HepG2,chr11:78568744:T:G,0,3,-1.736292839050293,modal,cuda,QKI:HepG2
BCLAF1,HepG2,chr11:78568755:A:T,0,3,-1.313995122909546,modal,cuda,QKI:HepG2
BCLAF1,HepG2,chr11:78568757:A:G,0,3,-0.9299941062927246,modal,cuda,QKI:HepG2
BCLAF1,HepG2,chr11:78571414:C:A,1,3,1.8528224229812622,modal,cuda,QKI:HepG2
BCLAF1,HepG2,chr11:85664513:G:A,0,3,0.49564266204833984,modal,cuda,QKI:HepG2
BCLAF1,HepG2,chr11:86266075:G:A,0,3,0.9436578750610352,modal,cuda,QKI:HepG2
BCLAF1,HepG2,chr11:86266128:C:T,1,3,0.6637512445449829,modal,cuda,QKI:HepG2
BCLAF1,HepG2,chr11:9165958:G:A,1,3,-0.3871347904205322,modal,cuda,QKI:HepG2
BCLAF1,HepG2,chr11:9178842:G:A,0,3,0.25714659690856934,modal,cuda,QKI:HepG2
BCLAF1,HepG2,chr11:9179008:G:A,0,3,0.6684064865112305,modal,cuda,QKI:HepG2
BCLAF1,HepG2,chr11:9179071:C:T,0,3,0.3241879940032959,modal,cuda,QKI:HepG2
BCLAF1,HepG2,chr11:94445909:A:C,0,3,-0.5047048330307007,modal,cuda,QKI:HepG2
BCLAF1,HepG2,chr11:94456263:G:A,0,3,-0.7785427570343018,modal,cuda,QKI:HepG2
BCLAF1,HepG2,chr11:95813131:T:G,0,3,0.9176528453826904,modal,cuda,QKI:HepG2
BCLAF1,HepG2,chr11:95849665:C:G,0,3,0.46241068840026855,modal,cuda,QKI:HepG2
BCLAF1,HepG2,chr11:9842776:A:G,0,3,0.5882320404052734,modal,cuda,QKI:HepG2
BCLAF1,HepG2,chr11:9858406:C:T,0,3,0.4241931438446045,modal,cuda,QKI:HepG2
BCLAF1,HepG2,chr12:100283076:C:T,1,1,-2.7764031887054443,modal,cuda,QKI:HepG2
BCLAF1,HepG2,chr12:100283145:C:T,1,1,0.6770763397216797,modal,cuda,QKI:HepG2
BCLAF1,HepG2,chr12:100510780:G:A,0,1,1.9062111377716064,modal,cuda,QKI:HepG2
BCLAF1,HepG2,chr12:100532538:C:T,1,1,-0.3553605079650879,modal,cuda,QKI:HepG2
BCLAF1,HepG2,chr12:100532559:C:T,1,1,-1.1755146980285645,modal,cuda,QKI:HepG2
BCLAF1,HepG2,chr12:100532577:G:T,1,1,1.4841063022613525,modal,cuda,QKI:HepG2
BCLAF1,HepG2,chr12:102838988:C:T,0,1,1.3322365283966064,modal,cuda,QKI:HepG2
BCLAF1,HepG2,chr12:102840394:A:T,1,1,1.256036400794983,modal,cuda,QKI:HepG2
BCLAF1,HepG2,chr12:102855080:C:T,0,1,0.6155059337615967,modal,cuda,QKI:HepG2
BCLAF1,HepG2,chr12:102917066:C:A,1,1,0.905787467956543,modal,cuda,QKI:HepG2
BCLAF1,HepG2,chr12:102917066:C:G,1,1,-1.2642993927001953,modal,cuda,QKI:HepG2
BCLAF1,HepG2,chr12:108568930:G:A,0,1,0.6493390798568726,modal,cuda,QKI:HepG2
BCLAF1,HepG2,chr12:110129066:T:A,1,1,2.268096446990967,modal,cuda,QKI:HepG2
BCLAF1,HepG2,chr12:110129102:A:G,0,1,1.0839552879333496,modal,cuda,QKI:HepG2
BCLAF1,HepG2,chr12:110292002:G:A,0,1,-2.329786539077759,modal,cuda,QKI:HepG2
BCLAF1,HepG2,chr12:110339273:C:G,0,1,0.30600976943969727,modal,cuda,QKI:HepG2
BCLAF1,HepG2,chr12:1110209:T:A,0,1,-0.3664391040802002,modal,cuda,QKI:HepG2
BCLAF1,HepG2,chr12:1112269:A:G,0,1,0.7199655771255493,modal,cuda,QKI:HepG2
BCLAF1,HepG2,chr12:1115991:C:T,0,1,-0.2791774272918701,modal,cuda,QKI:HepG2
BCLAF1,HepG2,chr12:112450529:T:G,0,1,1.1030193567276,modal,cuda,QKI:HepG2
BCLAF1,HepG2,chr12:112450541:C:G,0,1,-0.7820096015930176,modal,cuda,QKI:HepG2
BCLAF1,HepG2,chr12:112478025:A:G,0,1,0.7250610589981079,modal,cuda,QKI:HepG2
BCLAF1,HepG2,chr12:1181934:A:G,0,1,0.2747948169708252,modal,cuda,QKI:HepG2
BCLAF1,HepG2,chr12:119752254:C:G,0,1,0.6767866611480713,modal,cuda,QKI:HepG2
BCLAF1,HepG2,chr12:120138423:G:C,0,1,0.6832332611083984,modal,cuda,QKI:HepG2
BCLAF1,HepG2,chr12:12147390:G:A,1,1,-0.7147328853607178,modal,cuda,QKI:HepG2
BCLAF1,HepG2,chr12:12147466:A:G,0,1,-0.9420304298400879,modal,cuda,QKI:HepG2
BCLAF1,HepG2,chr12:12159952:C:T,1,1,0.25375914573669434,modal,cuda,QKI:HepG2
BCLAF1,HepG2,chr12:12162182:A:C,0,1,0.745337963104248,modal,cuda,QKI:HepG2
BCLAF1,HepG2,chr12:12165192:C:T,1,1,-2.3586373329162598,modal,cuda,QKI:HepG2
BCLAF1,HepG2,chr12:12179858:A:G,0,1,-0.18149995803833008,modal,cuda,QKI:HepG2
BCLAF1,HepG2,chr12:12179938:G:A,1,1,-2.52834415435791,modal,cuda,QKI:HepG2
BCLAF1,HepG2,chr12:12179987:G:C,0,1,-0.7821590900421143,modal,cuda,QKI:HepG2
BCLAF1,HepG2,chr12:12187043:A:G,1,1,0.8916845321655273,modal,cuda,QKI:HepG2
BCLAF1,HepG2,chr12:123327582:G:A,0,1,0.9564766883850098,modal,cuda,QKI:HepG2
BCLAF1,HepG2,chr12:130808702:T:C,0,1,-0.35379791259765625,modal,cuda,QKI:HepG2
BCLAF1,HepG2,chr12:130873046:C:T,0,1,-1.4682981967926025,modal,cuda,QKI:HepG2
BCLAF1,HepG2,chr12:131979801:G:A,0,1,-0.16364383697509766,modal,cuda,QKI:HepG2
BCLAF1,HepG2,chr12:132632296:C:T,0,1,-0.12681174278259277,modal,cuda,QKI:HepG2
BCLAF1,HepG2,chr12:132632300:C:T,0,1,-0.1818753480911255,modal,cuda,QKI:HepG2
BCLAF1,HepG2,chr12:132741392:G:A,0,1,-0.5401029586791992,modal,cuda,QKI:HepG2
BCLAF1,HepG2,chr12:132807172:G:A,0,1,0.5723558664321899,modal,cuda,QKI:HepG2
BCLAF1,HepG2,chr12:14434364:A:G,0,1,-0.38160836696624756,modal,cuda,QKI:HepG2
BCLAF1,HepG2,chr12:14434367:A:G,0,1,-0.5345869064331055,modal,cuda,QKI:HepG2
BCLAF1,HepG2,chr12:1792859:C:T,0,1,0.8171205520629883,modal,cuda,QKI:HepG2
BCLAF1,HepG2,chr12:1792998:C:T,0,1,-0.20539283752441406,modal,cuda,QKI:HepG2
BCLAF1,HepG2,chr12:19274579:A:G,0,1,-1.2829792499542236,modal,cuda,QKI:HepG2
BCLAF1,HepG2,chr12:23845954:T:C,0,1,0.6751399040222168,modal,cuda,QKI:HepG2
BCLAF1,HepG2,chr12:24818032:G:A,0,1,-1.3902769088745117,modal,cuda,QKI:HepG2
BCLAF1,HepG2,chr12:26481127:C:T,0,1,-0.24961090087890625,modal,cuda,QKI:HepG2
BCLAF1,HepG2,chr12:26550237:A:T,0,1,-0.2702300548553467,modal,cuda,QKI:HepG2
BCLAF1,HepG2,chr12:26599964:C:T,0,1,-3.8618006706237793,modal,cuda,QKI:HepG2
BCLAF1,HepG2,chr12:27647774:C:T,1,1,-2.448410749435425,modal,cuda,QKI:HepG2
BCLAF1,HepG2,chr12:27755435:A:G,0,1,-0.9921302795410156,modal,cuda,QKI:HepG2
BCLAF1,HepG2,chr12:28306836:A:G,0,1,-1.051692247390747,modal,cuda,QKI:HepG2
BCLAF1,HepG2,chr12:30665215:C:T,1,1,1.705977439880371,modal,cuda,QKI:HepG2
BCLAF1,HepG2,chr12:30713872:A:G,0,1,-0.9519562721252441,modal,cuda,QKI:HepG2
BCLAF1,HepG2,chr12:30715074:C:T,0,1,0.3773531913757324,modal,cuda,QKI:HepG2
BCLAF1,HepG2,chr12:30731402:A:G,0,1,0.4246004819869995,modal,cuda,QKI:HepG2
BCLAF1,HepG2,chr12:323593:T:C,0,1,-0.11202239990234375,modal,cuda,QKI:HepG2
BCLAF1,HepG2,chr12:32582302:C:G,0,1,-0.9583854675292969,modal,cuda,QKI:HepG2
BCLAF1,HepG2,chr12:32582302:C:T,0,1,-0.7333083152770996,modal,cuda,QKI:HepG2
BCLAF1,HepG2,chr12:32582450:C:T,1,1,-3.666555643081665,modal,cuda,QKI:HepG2
BCLAF1,HepG2,chr12:32601410:C:T,1,1,-1.2431111335754395,modal,cuda,QKI:HepG2
BCLAF1,HepG2,chr12:32601433:G:T,0,1,0.6951689720153809,modal,cuda,QKI:HepG2
BCLAF1,HepG2,chr12:32602217:T:G,1,1,0.6790637969970703,modal,cuda,QKI:HepG2
BCLAF1,HepG2,chr12:32602325:G:A,0,1,-0.3718104362487793,modal,cuda,QKI:HepG2
BCLAF1,HepG2,chr12:32625647:T:C,0,1,-0.2395261526107788,modal,cuda,QKI:HepG2
BCLAF1,HepG2,chr12:32701427:A:G,1,1,0.451680064201355,modal,cuda,QKI:HepG2
BCLAF1,HepG2,chr12:32701432:A:C,0,1,0.718180775642395,modal,cuda,QKI:HepG2
BCLAF1,HepG2,chr12:32708177:C:T,1,1,0.6406469345092773,modal,cuda,QKI:HepG2
BCLAF1,HepG2,chr12:32713251:A:T,1,1,-0.7555699348449707,modal,cuda,QKI:HepG2
BCLAF1,HepG2,chr12:32713327:C:A,1,1,-1.7689921855926514,modal,cuda,QKI:HepG2
BCLAF1,HepG2,chr12:32722643:A:G,0,1,-0.9119265079498291,modal,cuda,QKI:HepG2
BCLAF1,HepG2,chr12:39333207:T:A,0,1,0.4571409225463867,modal,cuda,QKI:HepG2
BCLAF1,HepG2,chr12:39341637:G:A,0,1,1.3051087856292725,modal,cuda,QKI:HepG2
BCLAF1,HepG2,chr12:45302107:C:T,0,1,0.4866456985473633,modal,cuda,QKI:HepG2
BCLAF1,HepG2,chr12:45367669:T:C,0,1,-0.31688594818115234,modal,cuda,QKI:HepG2
BCLAF1,HepG2,chr12:49047944:C:A,0,1,-0.30678844451904297,modal,cuda,QKI:HepG2
BCLAF1,HepG2,chr12:49053096:C:A,0,1,0.7450176477432251,modal,cuda,QKI:HepG2
BCLAF1,HepG2,chr12:49484628:G:A,0,1,-0.16254472732543945,modal,cuda,QKI:HepG2
BCLAF1,HepG2,chr12:50999214:C:A,1,1,-1.1582252979278564,modal,cuda,QKI:HepG2
BCLAF1,HepG2,chr12:50999224:C:T,0,1,1.1296842098236084,modal,cuda,QKI:HepG2
BCLAF1,HepG2,chr12:54283877:T:C,1,1,0.7437283992767334,modal,cuda,QKI:HepG2
BCLAF1,HepG2,chr12:54283877:T:G,1,1,1.1523463726043701,modal,cuda,QKI:HepG2
BCLAF1,HepG2,chr12:54283901:T:C,1,1,0.4709508419036865,modal,cuda,QKI:HepG2
BCLAF1,HepG2,chr12:56355703:C:G,1,1,1.693267822265625,modal,cuda,QKI:HepG2
BCLAF1,HepG2,chr12:57718406:A:G,0,1,-0.8838486671447754,modal,cuda,QKI:HepG2
BCLAF1,HepG2,chr12:62302818:C:T,0,1,-0.8562729358673096,modal,cuda,QKI:HepG2
BCLAF1,HepG2,chr12:6591833:C:A,0,1,-1.4130570888519287,modal,cuda,QKI:HepG2
BCLAF1,HepG2,chr12:68689025:G:A,0,1,-1.0037155151367188,modal,cuda,QKI:HepG2
BCLAF1,HepG2,chr12:68713999:G:C,0,1,0.6359643936157227,modal,cuda,QKI:HepG2
BCLAF1,HepG2,chr12:68731733:G:T,0,1,0.9712631702423096,modal,cuda,QKI:HepG2
BCLAF1,HepG2,chr12:68731734:G:T,0,1,0.47919631004333496,modal,cuda,QKI:HepG2
BCLAF1,HepG2,chr12:68734687:T:C,0,1,0.7465066909790039,modal,cuda,QKI:HepG2
BCLAF1,HepG2,chr12:68828854:C:T,0,1,-0.5713750123977661,modal,cuda,QKI:HepG2
BCLAF1,HepG2,chr12:68836764:A:T,0,1,-0.8840351104736328,modal,cuda,QKI:HepG2
BCLAF1,HepG2,chr12:6974359:A:C,0,1,-0.8564209938049316,modal,cuda,QKI:HepG2
BCLAF1,HepG2,chr12:6974427:A:G,1,1,-0.38821566104888916,modal,cuda,QKI:HepG2
BCLAF1,HepG2,chr12:70338488:A:T,1,1,0.9838669300079346,modal,cuda,QKI:HepG2
BCLAF1,HepG2,chr12:71577986:C:G,0,1,0.4405331611633301,modal,cuda,QKI:HepG2
BCLAF1,HepG2,chr12:71578805:G:A,0,1,1.3905768394470215,modal,cuda,QKI:HepG2
BCLAF1,HepG2,chr12:71578813:G:T,0,1,0.9276661276817322,modal,cuda,QKI:HepG2
BCLAF1,HepG2,chr12:71634147:A:C,0,1,1.3665027618408203,modal,cuda,QKI:HepG2
BCLAF1,HepG2,chr12:79793941:T:G,0,1,0.4759392738342285,modal,cuda,QKI:HepG2
BCLAF1,HepG2,chr12:88049360:C:A,1,1,1.3801498413085938,modal,cuda,QKI:HepG2
BCLAF1,HepG2,chr12:883063:C:T,0,1,0.795290470123291,modal,cuda,QKI:HepG2
BCLAF1,HepG2,chr12:89591132:G:A,0,1,-1.3168432712554932,modal,cuda,QKI:HepG2
BCLAF1,HepG2,chr12:89616944:G:T,1,1,-0.9058630466461182,modal,cuda,QKI:HepG2
BCLAF1,HepG2,chr12:89627708:G:A,1,1,0.6728963851928711,modal,cuda,QKI:HepG2
BCLAF1,HepG2,chr12:89635099:G:A,1,1,-3.048809051513672,modal,cuda,QKI:HepG2
BCLAF1,HepG2,chr12:94220010:G:A,0,1,-0.7116689682006836,modal,cuda,QKI:HepG2
BCLAF1,HepG2,chr12:94375909:C:A,1,1,-1.253418207168579,modal,cuda,QKI:HepG2
BCLAF1,HepG2,chr12:94378949:G:A,1,1,1.856149673461914,modal,cuda,QKI:HepG2
BCLAF1,HepG2,chr12:94378966:C:T,0,1,-0.1412520408630371,modal,cuda,QKI:HepG2
BCLAF1,HepG2,chr12:94400900:C:A,1,1,0.9876599311828613,modal,cuda,QKI:HepG2
BCLAF1,HepG2,chr12:94403220:G:A,1,1,-1.2374913692474365,modal,cuda,QKI:HepG2
BCLAF1,HepG2,chr12:94403241:C:A,1,1,2.5835039615631104,modal,cuda,QKI:HepG2
BCLAF1,HepG2,chr13:100112045:A:G,1,0,-0.2914268970489502,modal,cuda,QKI:HepG2
BCLAF1,HepG2,chr13:100157303:G:T,1,0,0.7346007823944092,modal,cuda,QKI:HepG2
BCLAF1,HepG2,chr13:100209411:T:G,1,0,0.9506430625915527,modal,cuda,QKI:HepG2
BCLAF1,HepG2,chr13:100209419:A:T,1,0,-0.49677467346191406,modal,cuda,QKI:HepG2
BCLAF1,HepG2,chr13:100268731:A:T,1,0,0.19089865684509277,modal,cuda,QKI:HepG2
BCLAF1,HepG2,chr13:100268741:C:G,1,0,-0.3191484212875366,modal,cuda,QKI:HepG2
BCLAF1,HepG2,chr13:100273218:C:T,1,0,-0.7227257490158081,modal,cuda,QKI:HepG2
BCLAF1,HepG2,chr13:100273236:C:T,1,0,-0.48220276832580566,modal,cuda,QKI:HepG2
BCLAF1,HepG2,chr13:100273240:C:A,1,0,0.26890063285827637,modal,cuda,QKI:HepG2
BCLAF1,HepG2,chr13:102604820:G:A,0,0,0.30692172050476074,modal,cuda,QKI:HepG2
BCLAF1,HepG2,chr13:102618856:G:A,0,0,0.22382640838623047,modal,cuda,QKI:HepG2
BCLAF1,HepG2,chr13:102623036:T:C,0,0,0.5191636085510254,modal,cuda,QKI:HepG2
BCLAF1,HepG2,chr13:102636248:G:A,0,0,0.2973400354385376,modal,cuda,QKI:HepG2
BCLAF1,HepG2,chr13:102647279:C:T,1,0,-2.461418867111206,modal,cuda,QKI:HepG2
BCLAF1,HepG2,chr13:102647335:T:G,1,0,-0.9723565578460693,modal,cuda,QKI:HepG2
BCLAF1,HepG2,chr13:112833033:G:A,0,0,0.24362945556640625,modal,cuda,QKI:HepG2
BCLAF1,HepG2,chr13:113116822:C:T,1,0,0.2585104703903198,modal,cuda,QKI:HepG2
BCLAF1,HepG2,chr13:113116828:C:T,1,0,-0.21106261014938354,modal,cuda,QKI:HepG2
BCLAF1,HepG2,chr13:113190934:C:A,0,0,0.18032407760620117,modal,cuda,QKI:HepG2
BCLAF1,HepG2,chr13:19993348:A:G,0,0,-0.5408153533935547,modal,cuda,QKI:HepG2
BCLAF1,HepG2,chr13:19993463:C:T,1,0,0.5042214393615723,modal,cuda,QKI:HepG2
BCLAF1,HepG2,chr13:19993493:C:T,1,0,-1.383380651473999,modal,cuda,QKI:HepG2
BCLAF1,HepG2,chr13:19993641:T:G,1,0,-0.4584846496582031,modal,cuda,QKI:HepG2
BCLAF1,HepG2,chr13:20005113:G:A,0,0,0.18594646453857422,modal,cuda,QKI:HepG2
BCLAF1,HepG2,chr13:20005173:C:T,0,0,-0.1684131622314453,modal,cuda,QKI:HepG2
BCLAF1,HepG2,chr13:20006442:T:G,1,0,-0.758070707321167,modal,cuda,QKI:HepG2
BCLAF1,HepG2,chr13:20019580:C:T,1,0,-0.9981868267059326,modal,cuda,QKI:HepG2
BCLAF1,HepG2,chr13:20026675:C:T,1,0,-0.41234374046325684,modal,cuda,QKI:HepG2
BCLAF1,HepG2,chr13:20026715:C:G,1,0,-0.37963438034057617,modal,cuda,QKI:HepG2
BCLAF1,HepG2,chr13:20026757:C:G,1,0,0.17044711112976074,modal,cuda,QKI:HepG2
BCLAF1,HepG2,chr13:20034266:C:T,1,0,-0.28992700576782227,modal,cuda,QKI:HepG2
BCLAF1,HepG2,chr13:20034325:T:C,0,0,0.2664642333984375,modal,cuda,QKI:HepG2
BCLAF1,HepG2,chr13:20059523:C:G,1,0,-0.7076330184936523,modal,cuda,QKI:HepG2
BCLAF1,HepG2,chr13:20061170:A:G,0,0,-0.3657364845275879,modal,cuda,QKI:HepG2
BCLAF1,HepG2,chr13:20596997:G:C,0,0,0.19463586807250977,modal,cuda,QKI:HepG2
BCLAF1,HepG2,chr13:20598669:A:G,0,0,0.3452334403991699,modal,cuda,QKI:HepG2
BCLAF1,HepG2,chr13:20598768:T:C,0,0,-0.6889247894287109,modal,cuda,QKI:HepG2
BCLAF1,HepG2,chr13:20601932:G:A,0,0,0.23884010314941406,modal,cuda,QKI:HepG2
BCLAF1,HepG2,chr13:20615801:T:A,0,0,0.1656203269958496,modal,cuda,QKI:HepG2
BCLAF1,HepG2,chr13:20615802:G:A,0,0,0.37923097610473633,modal,cuda,QKI:HepG2
BCLAF1,HepG2,chr13:20615814:T:C,0,0,-0.41108202934265137,modal,cuda,QKI:HepG2
BCLAF1,HepG2,chr13:20615891:A:G,0,0,-0.38782763481140137,modal,cuda,QKI:HepG2
BCLAF1,HepG2,chr13:20625734:A:G,0,0,-0.6040157079696655,modal,cuda,QKI:HepG2
BCLAF1,HepG2,chr13:20625763:G:T,0,0,0.29163360595703125,modal,cuda,QKI:HepG2
BCLAF1,HepG2,chr13:20643565:G:A,0,0,0.3589901924133301,modal,cuda,QKI:HepG2
BCLAF1,HepG2,chr13:23365209:G:C,1,0,-0.7527639865875244,modal,cuda,QKI:HepG2
BCLAF1,HepG2,chr13:24906906:G:A,1,0,-0.47729551792144775,modal,cuda,QKI:HepG2
BCLAF1,HepG2,chr13:32184697:A:G,0,0,0.1402897834777832,modal,cuda,QKI:HepG2
BCLAF1,HepG2,chr13:32354928:A:T,1,0,0.3179640769958496,modal,cuda,QKI:HepG2
BCLAF1,HepG2,chr13:32354942:T:A,1,0,-0.558967113494873,modal,cuda,QKI:HepG2
BCLAF1,HepG2,chr13:32354986:C:A,1,0,-0.43329906463623047,modal,cuda,QKI:HepG2
BCLAF1,HepG2,chr13:32355018:A:T,1,0,-0.43371033668518066,modal,cuda,QKI:HepG2
BCLAF1,HepG2,chr13:36326559:A:G,0,0,1.8427215814590454,modal,cuda,QKI:HepG2
BCLAF1,HepG2,chr13:39680037:G:A,1,0,0.3132641315460205,modal,cuda,QKI:HepG2
BCLAF1,HepG2,chr13:39689842:T:C,0,0,-0.19437742233276367,modal,cuda,QKI:HepG2
BCLAF1,HepG2,chr13:39723394:G:T,1,0,0.2787322998046875,modal,cuda,QKI:HepG2
BCLAF1,HepG2,chr13:39723420:C:T,1,0,-0.38365697860717773,modal,cuda,QKI:HepG2
BCLAF1,HepG2,chr13:47988873:G:A,0,0,-0.2010819911956787,modal,cuda,QKI:HepG2
BCLAF1,HepG2,chr13:48077193:A:T,0,0,0.13485169410705566,modal,cuda,QKI:HepG2
BCLAF1,HepG2,chr13:48342717:A:T,1,0,-0.3105933666229248,modal,cuda,QKI:HepG2
BCLAF1,HepG2,chr13:48345222:T:G,0,0,0.374123215675354,modal,cuda,QKI:HepG2
BCLAF1,HepG2,chr13:48360005:T:G,1,0,-0.3120908737182617,modal,cuda,QKI:HepG2
BCLAF1,HepG2,chr13:48362806:C:G,1,0,0.48506319522857666,modal,cuda,QKI:HepG2
BCLAF1,HepG2,chr13:48412896:A:G,0,0,-0.27183985710144043,modal,cuda,QKI:HepG2
BCLAF1,HepG2,chr13:49131203:A:G,0,0,-0.16260385513305664,modal,cuda,QKI:HepG2
BCLAF1,HepG2,chr13:49145783:C:T,0,0,-0.795345664024353,modal,cuda,QKI:HepG2
BCLAF1,HepG2,chr13:49482767:A:T,0,0,0.3206367492675781,modal,cuda,QKI:HepG2
BCLAF1,HepG2,chr13:49482790:G:A,0,0,0.2815731465816498,modal,cuda,QKI:HepG2
BCLAF1,HepG2,chr13:51430313:G:A,1,0,-0.3874344825744629,modal,cuda,QKI:HepG2
BCLAF1,HepG2,chr13:51949661:C:T,1,0,0.704031229019165,modal,cuda,QKI:HepG2
BCLAF1,HepG2,chr13:51949672:C:T,0,0,0.47639787197113037,modal,cuda,QKI:HepG2
BCLAF1,HepG2,chr13:51949676:G:A,1,0,-0.5797373652458191,modal,cuda,QKI:HepG2
BCLAF1,HepG2,chr13:51949700:C:T,1,0,0.5250751376152039,modal,cuda,QKI:HepG2
BCLAF1,HepG2,chr13:51949720:A:T,1,0,0.635044276714325,modal,cuda,QKI:HepG2
BCLAF1,HepG2,chr13:51949732:G:C,1,0,0.3485454320907593,modal,cuda,QKI:HepG2
BCLAF1,HepG2,chr13:51949732:G:T,1,0,1.050899624824524,modal,cuda,QKI:HepG2
BCLAF1,HepG2,chr13:51949797:C:T,1,0,-0.6477725505828857,modal,cuda,QKI:HepG2
BCLAF1,HepG2,chr13:51950271:C:T,1,0,0.31132543087005615,modal,cuda,QKI:HepG2
BCLAF1,HepG2,chr13:51950400:C:T,1,0,0.23149076104164124,modal,cuda,QKI:HepG2
BCLAF1,HepG2,chr13:51960231:G:A,1,0,0.4742276668548584,modal,cuda,QKI:HepG2
BCLAF1,HepG2,chr13:51960269:A:T,1,0,-0.42722153663635254,modal,cuda,QKI:HepG2
BCLAF1,HepG2,chr13:51970491:C:G,1,0,-0.5099773406982422,modal,cuda,QKI:HepG2
BCLAF1,HepG2,chr13:51970558:G:A,1,0,1.0494298934936523,modal,cuda,QKI:HepG2
BCLAF1,HepG2,chr13:51974317:A:C,1,0,-0.5150747299194336,modal,cuda,QKI:HepG2
BCLAF1,HepG2,chr13:51974317:A:T,1,0,-0.9083528518676758,modal,cuda,QKI:HepG2
BCLAF1,HepG2,chr13:51974350:C:G,0,0,0.28781795501708984,modal,cuda,QKI:HepG2
BCLAF1,HepG2,chr13:51974364:G:A,1,0,-0.6746244430541992,modal,cuda,QKI:HepG2
BCLAF1,HepG2,chr13:52024872:T:C,1,0,0.37226593494415283,modal,cuda,QKI:HepG2
BCLAF1,HepG2,chr13:72772152:T:C,0,0,-0.4576232433319092,modal,cuda,QKI:HepG2
BCLAF1,HepG2,chr13:72783562:G:A,0,0,0.20401692390441895,modal,cuda,QKI:HepG2
BCLAF1,HepG2,chr13:72792566:A:T,0,0,-0.044695138931274414,modal,cuda,QKI:HepG2
BCLAF1,HepG2,chr13:72893914:C:T,1,0,-0.642635703086853,modal,cuda,QKI:HepG2
BCLAF1,HepG2,chr13:75804311:G:A,0,0,0.3008401393890381,modal,cuda,QKI:HepG2
BCLAF1,HepG2,chr13:79371937:A:T,0,0,0.41485869884490967,modal,cuda,QKI:HepG2
BCLAF1,HepG2,chr14:101892987:G:C,0,2,-0.8183848857879639,modal,cuda,QKI:HepG2
BCLAF1,HepG2,chr14:101979995:G:A,0,2,0.6120443344116211,modal,cuda,QKI:HepG2
BCLAF1,HepG2,chr14:102000160:G:A,0,2,1.5418457984924316,modal,cuda,QKI:HepG2
BCLAF1,HepG2,chr14:103457138:A:G,0,2,-0.7750303745269775,modal,cuda,QKI:HepG2
BCLAF1,HepG2,chr14:103571695:C:T,1,2,-0.5442390441894531,modal,cuda,QKI:HepG2
BCLAF1,HepG2,chr14:21368447:G:C,0,2,-0.45891404151916504,modal,cuda,QKI:HepG2
BCLAF1,HepG2,chr14:21401392:A:G,0,2,0.3992881774902344,modal,cuda,QKI:HepG2
BCLAF1,HepG2,chr14:21412897:T:C,0,2,-2.627609968185425,modal,cuda,QKI:HepG2
BCLAF1,HepG2,chr14:22927601:G:A,0,2,1.3937153816223145,modal,cuda,QKI:HepG2
BCLAF1,HepG2,chr14:30650657:C:T,0,2,-0.6538906097412109,modal,cuda,QKI:HepG2
BCLAF1,HepG2,chr14:30880739:C:T,0,2,-13.413601875305176,modal,cuda,QKI:HepG2
BCLAF1,HepG2,chr14:31599348:G:A,1,2,0.45174074172973633,modal,cuda,QKI:HepG2
BCLAF1,HepG2,chr14:34516452:C:T,0,2,-0.9078726768493652,modal,cuda,QKI:HepG2
BCLAF1,HepG2,chr14:35008705:A:C,0,2,-0.5383069515228271,modal,cuda,QKI:HepG2
BCLAF1,HepG2,chr14:35008759:C:T,0,2,0.5064177513122559,modal,cuda,QKI:HepG2
BCLAF1,HepG2,chr14:35109915:A:G,1,2,-0.9390649795532227,modal,cuda,QKI:HepG2
BCLAF1,HepG2,chr14:35775609:C:A,0,2,1.4741096496582031,modal,cuda,QKI:HepG2
BCLAF1,HepG2,chr14:39151732:C:T,0,2,0.5480341911315918,modal,cuda,QKI:HepG2
BCLAF1,HepG2,chr14:39176159:C:T,0,2,-0.7480334043502808,modal,cuda,QKI:HepG2
BCLAF1,HepG2,chr14:39299939:A:G,0,2,-0.7655918598175049,modal,cuda,QKI:HepG2
BCLAF1,HepG2,chr14:45028290:C:T,1,2,-1.5364148616790771,modal,cuda,QKI:HepG2
BCLAF1,HepG2,chr14:49654140:C:T,0,2,0.27222347259521484,modal,cuda,QKI:HepG2
BCLAF1,HepG2,chr14:49840873:T:C,0,2,-0.9911763668060303,modal,cuda,QKI:HepG2
BCLAF1,HepG2,chr14:50294228:G:A,1,2,1.1068811416625977,modal,cuda,QKI:HepG2
BCLAF1,HepG2,chr14:52658016:A:C,0,2,-0.4162459373474121,modal,cuda,QKI:HepG2
BCLAF1,HepG2,chr14:55628008:C:A,0,2,-0.8206968307495117,modal,cuda,QKI:HepG2
BCLAF1,HepG2,chr14:55629968:A:C,0,2,-0.6577558517456055,modal,cuda,QKI:HepG2
BCLAF1,HepG2,chr14:55639190:C:T,0,2,-0.49466514587402344,modal,cuda,QKI:HepG2
BCLAF1,HepG2,chr14:55640948:G:C,0,2,0.7685577869415283,modal,cuda,QKI:HepG2
BCLAF1,HepG2,chr14:55671640:C:T,0,2,0.47429418563842773,modal,cuda,QKI:HepG2
BCLAF1,HepG2,chr14:55678416:T:C,0,2,-0.6625766754150391,modal,cuda,QKI:HepG2
BCLAF1,HepG2,chr14:58252212:A:G,0,2,-0.7147986888885498,modal,cuda,QKI:HepG2
BCLAF1,HepG2,chr14:58430732:T:C,0,2,-0.42676591873168945,modal,cuda,QKI:HepG2
BCLAF1,HepG2,chr14:58459894:C:T,1,2,0.8746681213378906,modal,cuda,QKI:HepG2
BCLAF1,HepG2,chr14:58459945:C:T,1,2,0.18653583526611328,modal,cuda,QKI:HepG2
BCLAF1,HepG2,chr14:58459990:C:T,1,2,0.6112074851989746,modal,cuda,QKI:HepG2
BCLAF1,HepG2,chr14:65102437:C:A,0,2,0.24891233444213867,modal,cuda,QKI:HepG2
BCLAF1,HepG2,chr14:67302402:A:T,0,2,0.14685916900634766,modal,cuda,QKI:HepG2
BCLAF1,HepG2,chr14:67825470:T:C,0,2,0.384679913520813,modal,cuda,QKI:HepG2
BCLAF1,HepG2,chr14:74286404:C:G,0,2,-0.7313033938407898,modal,cuda,QKI:HepG2
BCLAF1,HepG2,chr14:74286409:C:T,0,2,1.1888103485107422,modal,cuda,QKI:HepG2
BCLAF1,HepG2,chr14:74286438:C:T,0,2,1.13895583152771,modal,cuda,QKI:HepG2
BCLAF1,HepG2,chr14:74894391:T:A,0,2,1.0608232021331787,modal,cuda,QKI:HepG2
BCLAF1,HepG2,chr14:75032203:T:C,0,2,5.865422248840332,modal,cuda,QKI:HepG2
BCLAF1,HepG2,chr14:75124143:A:T,0,2,0.22172021865844727,modal,cuda,QKI:HepG2
BCLAF1,HepG2,chr14:75124179:C:G,0,2,0.9995512962341309,modal,cuda,QKI:HepG2
BCLAF1,HepG2,chr14:75124221:A:G,0,2,0.9683022499084473,modal,cuda,QKI:HepG2
BCLAF1,HepG2,chr14:75719836:G:A,0,2,-0.3162522315979004,modal,cuda,QKI:HepG2
BCLAF1,HepG2,chr14:75745468:T:C,0,2,-1.3705534934997559,modal,cuda,QKI:HepG2
BCLAF1,HepG2,chr14:75776861:T:A,0,2,1.4658703804016113,modal,cuda,QKI:HepG2
BCLAF1,HepG2,chr14:75779563:T:C,0,2,-0.824854850769043,modal,cuda,QKI:HepG2
BCLAF1,HepG2,chr14:81526729:C:T,0,2,0.4038829803466797,modal,cuda,QKI:HepG2
BCLAF1,HepG2,chr14:88575836:T:G,0,2,-1.418919324874878,modal,cuda,QKI:HepG2
BCLAF1,HepG2,chr14:88870170:C:T,1,2,-0.9982161521911621,modal,cuda,QKI:HepG2
BCLAF1,HepG2,chr14:89989101:G:A,0,2,-0.7131810188293457,modal,cuda,QKI:HepG2
BCLAF1,HepG2,chr14:91475932:G:A,0,2,0.42119431495666504,modal,cuda,QKI:HepG2
BCLAF1,HepG2,chr14:92007634:T:C,0,2,-0.29921531677246094,modal,cuda,QKI:HepG2
BCLAF1,HepG2,chr14:92014598:A:C,0,2,0.4314749240875244,modal,cuda,QKI:HepG2
BCLAF1,HepG2,chr14:92039746:G:A,0,2,0.6111677289009094,modal,cuda,QKI:HepG2
BCLAF1,HepG2,chr14:95091236:G:A,1,2,0.5494589805603027,modal,cuda,QKI:HepG2
BCLAF1,HepG2,chr14:95091238:C:T,1,2,-0.8845257759094238,modal,cuda,QKI:HepG2
BCLAF1,HepG2,chr14:95091253:G:T,1,2,-1.6352190971374512,modal,cuda,QKI:HepG2
BCLAF1,HepG2,chr14:95091270:G:C,1,2,-0.6802895069122314,modal,cuda,QKI:HepG2
BCLAF1,HepG2,chr14:95091289:G:A,1,2,-1.0189130306243896,modal,cuda,QKI:HepG2
BCLAF1,HepG2,chr14:95091291:C:A,1,2,-0.747861385345459,modal,cuda,QKI:HepG2
BCLAF1,HepG2,chr14:95091291:C:G,1,2,0.967120885848999,modal,cuda,QKI:HepG2
BCLAF1,HepG2,chr14:95091291:C:T,1,2,0.44727182388305664,modal,cuda,QKI:HepG2
BCLAF1,HepG2,chr14:95091292:T:A,1,2,-1.4294285774230957,modal,cuda,QKI:HepG2
BCLAF1,HepG2,chr14:95091300:A:G,0,2,0.2752361297607422,modal,cuda,QKI:HepG2
BCLAF1,HepG2,chr14:95091301:T:A,1,2,-1.3749239444732666,modal,cuda,QKI:HepG2
BCLAF1,HepG2,chr14:95091301:T:C,1,2,-2.073219060897827,modal,cuda,QKI:HepG2
BCLAF1,HepG2,chr14:95091302:C:A,1,2,-0.7561509609222412,modal,cuda,QKI:HepG2
BCLAF1,HepG2,chr14:95091302:C:T,1,2,0.24540162086486816,modal,cuda,QKI:HepG2
BCLAF1,HepG2,chr14:95091304:C:T,1,2,0.4666571617126465,modal,cuda,QKI:HepG2
BCLAF1,HepG2,chr14:95091305:C:A,1,2,0.3123157024383545,modal,cuda,QKI:HepG2
BCLAF1,HepG2,chr14:95091305:C:T,1,2,0.5744922161102295,modal,cuda,QKI:HepG2
BCLAF1,HepG2,chr14:95096581:G:A,1,2,-0.7312612533569336,modal,cuda,QKI:HepG2
BCLAF1,HepG2,chr14:95096605:C:A,1,2,-0.8037354946136475,modal,cuda,QKI:HepG2
BCLAF1,HepG2,chr14:95096633:C:T,1,2,0.2700924873352051,modal,cuda,QKI:HepG2
BCLAF1,HepG2,chr14:95099767:C:A,0,2,-0.1430375576019287,modal,cuda,QKI:HepG2
BCLAF1,HepG2,chr14:95099804:T:C,0,2,0.3201282024383545,modal,cuda,QKI:HepG2
BCLAF1,HepG2,chr14:95099815:T:A,1,2,-1.310899019241333,modal,cuda,QKI:HepG2
BCLAF1,HepG2,chr14:95103696:C:A,1,2,-5.732631683349609,modal,cuda,QKI:HepG2
BCLAF1,HepG2,chr14:95105699:C:T,1,2,0.3336806297302246,modal,cuda,QKI:HepG2
BCLAF1,HepG2,chr14:95105716:T:A,1,2,1.1975724697113037,modal,cuda,QKI:HepG2
BCLAF1,HepG2,chr14:95105784:C:A,1,2,1.6831178665161133,modal,cuda,QKI:HepG2
BCLAF1,HepG2,chr14:95107673:C:T,0,2,0.8663101196289062,modal,cuda,QKI:HepG2
BCLAF1,HepG2,chr14:95107682:G:T,0,2,-0.701939582824707,modal,cuda,QKI:HepG2
BCLAF1,HepG2,chr14:95108456:A:T,1,2,0.24222135543823242,modal,cuda,QKI:HepG2
BCLAF1,HepG2,chr14:95115661:C:T,0,2,0.634244441986084,modal,cuda,QKI:HepG2
BCLAF1,HepG2,chr14:95115708:A:T,0,2,0.5392875671386719,modal,cuda,QKI:HepG2
BCLAF1,HepG2,chr14:95116458:C:A,1,2,-0.9547786712646484,modal,cuda,QKI:HepG2
BCLAF1,HepG2,chr14:95116517:A:C,1,2,-0.9345865249633789,modal,cuda,QKI:HepG2
BCLAF1,HepG2,chr14:95116612:G:T,1,2,0.8964805603027344,modal,cuda,QKI:HepG2
BCLAF1,HepG2,chr14:95116671:C:A,1,2,-1.3872320652008057,modal,cuda,QKI:HepG2
BCLAF1,HepG2,chr14:95124308:C:A,1,2,-1.1003961563110352,modal,cuda,QKI:HepG2
BCLAF1,HepG2,chr14:95124345:A:C,1,2,-0.5529918670654297,modal,cuda,QKI:HepG2
BCLAF1,HepG2,chr14:95124510:T:C,0,2,-0.5863280296325684,modal,cuda,QKI:HepG2
BCLAF1,HepG2,chr14:95124566:C:A,1,2,1.5301122665405273,modal,cuda,QKI:HepG2
BCLAF1,HepG2,chr14:95124644:A:G,0,2,0.36502790451049805,modal,cuda,QKI:HepG2
BCLAF1,HepG2,chr14:95126696:T:A,1,2,1.3677518367767334,modal,cuda,QKI:HepG2
BCLAF1,HepG2,chr14:95129515:T:A,1,2,-0.8516886234283447,modal,cuda,QKI:HepG2
BCLAF1,HepG2,chr14:95130190:A:T,0,2,-2.5149917602539062,modal,cuda,QKI:HepG2
BCLAF1,HepG2,chr14:96303043:G:A,0,2,1.525038242340088,modal,cuda,QKI:HepG2
BCLAF1,HepG2,chr14:96531537:T:C,0,2,0.22217488288879395,modal,cuda,QKI:HepG2
BCLAF1,HepG2,chr15:22943270:G:A,0,1,-0.9457058906555176,modal,cuda,QKI:HepG2
BCLAF1,HepG2,chr15:24976416:T:C,0,1,0.4051382541656494,modal,cuda,QKI:HepG2
BCLAF1,HepG2,chr15:24977017:A:T,0,1,-1.7785087823867798,modal,cuda,QKI:HepG2
BCLAF1,HepG2,chr15:25339138:T:A,1,1,0.9270861148834229,modal,cuda,QKI:HepG2
BCLAF1,HepG2,chr15:25339138:T:C,0,1,-0.5309459567070007,modal,cuda,QKI:HepG2
BCLAF1,HepG2,chr15:25339207:G:C,1,1,-0.5530393123626709,modal,cuda,QKI:HepG2
BCLAF1,HepG2,chr15:25339211:A:G,1,1,0.17051982879638672,modal,cuda,QKI:HepG2
BCLAF1,HepG2,chr15:25339222:A:T,1,1,-1.8071167469024658,modal,cuda,QKI:HepG2
BCLAF1,HepG2,chr15:25354402:C:A,1,1,-1.1618123054504395,modal,cuda,QKI:HepG2
BCLAF1,HepG2,chr15:25354414:G:A,1,1,-1.6538901329040527,modal,cuda,QKI:HepG2
BCLAF1,HepG2,chr15:25354536:C:T,1,1,0.745795726776123,modal,cuda,QKI:HepG2
BCLAF1,HepG2,chr15:25354571:A:T,1,1,-9.362496376037598,modal,cuda,QKI:HepG2
BCLAF1,HepG2,chr15:25354679:A:C,1,1,0.7484173774719238,modal,cuda,QKI:HepG2
BCLAF1,HepG2,chr15:25355920:T:G,0,1,-0.903989315032959,modal,cuda,QKI:HepG2
BCLAF1,HepG2,chr15:25355984:G:A,1,1,-1.2002744674682617,modal,cuda,QKI:HepG2
BCLAF1,HepG2,chr15:25355989:G:A,1,1,-1.421156883239746,modal,cuda,QKI:HepG2
BCLAF1,HepG2,chr15:25356840:C:G,1,1,-0.9169580936431885,modal,cuda,QKI:HepG2
BCLAF1,HepG2,chr15:25356859:C:T,1,1,-0.46875691413879395,modal,cuda,QKI:HepG2
BCLAF1,HepG2,chr15:25356860:C:T,1,1,0.46504735946655273,modal,cuda,QKI:HepG2
BCLAF1,HepG2,chr15:25356877:T:C,0,1,-0.6463313102722168,modal,cuda,QKI:HepG2
BCLAF1,HepG2,chr15:25356883:G:A,0,1,-0.7933063507080078,modal,cuda,QKI:HepG2
BCLAF1,HepG2,chr15:25356883:G:C,1,1,-0.755033016204834,modal,cuda,QKI:HepG2
BCLAF1,HepG2,chr15:25360477:A:T,1,1,-1.275771141052246,modal,cuda,QKI:HepG2
BCLAF1,HepG2,chr15:25360509:C:A,1,1,-0.9611434936523438,modal,cuda,QKI:HepG2
BCLAF1,HepG2,chr15:25370770:T:C,0,1,-0.48902320861816406,modal,cuda,QKI:HepG2
BCLAF1,HepG2,chr15:25370829:C:A,1,1,-6.588795185089111,modal,cuda,QKI:HepG2
BCLAF1,HepG2,chr15:25370836:A:G,0,1,1.467232584953308,modal,cuda,QKI:HepG2
BCLAF1,HepG2,chr15:25370844:C:A,1,1,-1.354649305343628,modal,cuda,QKI:HepG2
BCLAF1,HepG2,chr15:25370865:G:A,1,1,-4.2047529220581055,modal,cuda,QKI:HepG2
BCLAF1,HepG2,chr15:25370905:G:A,0,1,-0.6703770160675049,modal,cuda,QKI:HepG2
BCLAF1,HepG2,chr15:25370913:G:A,1,1,-3.0815024375915527,modal,cuda,QKI:HepG2
BCLAF1,HepG2,chr15:25370937:C:A,1,1,2.1252548694610596,modal,cuda,QKI:HepG2
BCLAF1,HepG2,chr15:25370955:G:A,1,1,-2.009791612625122,modal,cuda,QKI:HepG2
BCLAF1,HepG2,chr15:25370967:C:A,1,1,-1.4639058113098145,modal,cuda,QKI:HepG2
BCLAF1,HepG2,chr15:25370989:T:C,0,1,0.2790546417236328,modal,cuda,QKI:HepG2
BCLAF1,HepG2,chr15:25371000:C:A,1,1,-1.8024780750274658,modal,cuda,QKI:HepG2
BCLAF1,HepG2,chr15:25371005:T:C,0,1,-0.5908904075622559,modal,cuda,QKI:HepG2
BCLAF1,HepG2,chr15:25371024:C:A,1,1,0.8085832595825195,modal,cuda,QKI:HepG2
BCLAF1,HepG2,chr15:25371043:A:T,1,1,-6.211127758026123,modal,cuda,QKI:HepG2
BCLAF1,HepG2,chr15:25371214:T:C,0,1,-0.38856053352355957,modal,cuda,QKI:HepG2
BCLAF1,HepG2,chr15:25371238:C:T,0,1,-0.8757038116455078,modal,cuda,QKI:HepG2
BCLAF1,HepG2,chr15:25371348:G:A,1,1,-1.3269636631011963,modal,cuda,QKI:HepG2
BCLAF1,HepG2,chr15:25371359:T:C,0,1,-0.798953652381897,modal,cuda,QKI:HepG2
BCLAF1,HepG2,chr15:25371364:A:T,1,1,-3.8708293437957764,modal,cuda,QKI:HepG2
BCLAF1,HepG2,chr15:25371395:A:T,1,1,-0.33113187551498413,modal,cuda,QKI:HepG2
BCLAF1,HepG2,chr15:25371397:A:T,1,1,-1.3388744592666626,modal,cuda,QKI:HepG2
BCLAF1,HepG2,chr15:25371404:A:G,1,1,0.4742259681224823,modal,cuda,QKI:HepG2
BCLAF1,HepG2,chr15:25371426:C:A,1,1,-2.551344156265259,modal,cuda,QKI:HepG2
BCLAF1,HepG2,chr15:25371548:G:C,1,1,-1.8741950988769531,modal,cuda,QKI:HepG2
BCLAF1,HepG2,chr15:25371556:T:A,0,1,0.4638361930847168,modal,cuda,QKI:HepG2
BCLAF1,HepG2,chr15:25371639:G:A,1,1,2.7778029441833496,modal,cuda,QKI:HepG2
BCLAF1,HepG2,chr15:25371697:T:A,0,1,0.4439711570739746,modal,cuda,QKI:HepG2
BCLAF1,HepG2,chr15:28198512:G:T,0,1,0.9702157974243164,modal,cuda,QKI:HepG2
BCLAF1,HepG2,chr15:29732824:G:C,0,1,-0.536797046661377,modal,cuda,QKI:HepG2
BCLAF1,HepG2,chr15:39943372:G:T,0,1,-0.2683773636817932,modal,cuda,QKI:HepG2
BCLAF1,HepG2,chr15:39972904:C:A,1,1,-0.9301501512527466,modal,cuda,QKI:HepG2
BCLAF1,HepG2,chr15:40199751:A:G,0,1,-0.8500485420227051,modal,cuda,QKI:HepG2
BCLAF1,HepG2,chr15:40411601:C:T,0,1,-1.1818503141403198,modal,cuda,QKI:HepG2
BCLAF1,HepG2,chr15:41749552:A:G,0,1,-0.550521731376648,modal,cuda,QKI:HepG2
BCLAF1,HepG2,chr15:42444880:C:T,0,1,0.8320072889328003,modal,cuda,QKI:HepG2
BCLAF1,HepG2,chr15:42665334:T:G,0,1,-1.57893967628479,modal,cuda,QKI:HepG2
BCLAF1,HepG2,chr15:43047301:A:T,0,1,1.4702622890472412,modal,cuda,QKI:HepG2
BCLAF1,HepG2,chr15:43059686:C:T,0,1,0.4123072624206543,modal,cuda,QKI:HepG2
BCLAF1,HepG2,chr15:43070776:G:A,0,1,0.5856795310974121,modal,cuda,QKI:HepG2
BCLAF1,HepG2,chr15:44337899:A:C,0,1,0.5258855819702148,modal,cuda,QKI:HepG2
BCLAF1,HepG2,chr15:48767476:C:T,0,1,0.43418189883232117,modal,cuda,QKI:HepG2
BCLAF1,HepG2,chr15:50439016:G:C,0,1,0.4821983575820923,modal,cuda,QKI:HepG2
BCLAF1,HepG2,chr15:50439193:C:T,0,1,1.3658801317214966,modal,cuda,QKI:HepG2
BCLAF1,HepG2,chr15:50449392:A:C,0,1,-0.3743624687194824,modal,cuda,QKI:HepG2
BCLAF1,HepG2,chr15:50574314:G:A,0,1,1.4131672382354736,modal,cuda,QKI:HepG2
BCLAF1,HepG2,chr15:50574885:G:A,0,1,-1.4499592781066895,modal,cuda,QKI:HepG2
BCLAF1,HepG2,chr15:50574892:C:T,0,1,0.925224781036377,modal,cuda,QKI:HepG2
BCLAF1,HepG2,chr15:50599148:C:T,1,1,-0.5621280670166016,modal,cuda,QKI:HepG2
BCLAF1,HepG2,chr15:50604917:A:G,0,1,0.48114752769470215,modal,cuda,QKI:HepG2
BCLAF1,HepG2,chr15:50632866:T:C,0,1,-1.4697648286819458,modal,cuda,QKI:HepG2
BCLAF1,HepG2,chr15:50639403:A:C,0,1,-0.5483694076538086,modal,cuda,QKI:HepG2
BCLAF1,HepG2,chr15:50648785:T:C,0,1,-1.0099267959594727,modal,cuda,QKI:HepG2
BCLAF1,HepG2,chr15:50722112:A:G,0,1,0.39960479736328125,modal,cuda,QKI:HepG2
BCLAF1,HepG2,chr15:50748096:T:C,0,1,-0.471799373626709,modal,cuda,QKI:HepG2
BCLAF1,HepG2,chr15:50912167:G:A,0,1,0.5046792030334473,modal,cuda,QKI:HepG2
BCLAF1,HepG2,chr15:51486215:T:A,0,1,1.378614068031311,modal,cuda,QKI:HepG2
BCLAF1,HepG2,chr15:51486261:G:C,1,1,-0.8059868812561035,modal,cuda,QKI:HepG2
BCLAF1,HepG2,chr15:51491623:T:C,0,1,-0.271775484085083,modal,cuda,QKI:HepG2
BCLAF1,HepG2,chr15:51507169:C:T,1,1,-0.6755733489990234,modal,cuda,QKI:HepG2
BCLAF1,HepG2,chr15:55834113:C:T,0,1,1.1554515361785889,modal,cuda,QKI:HepG2
BCLAF1,HepG2,chr15:56921085:A:G,0,1,-0.2310619354248047,modal,cuda,QKI:HepG2
BCLAF1,HepG2,chr15:57091863:A:G,0,1,-0.5260329246520996,modal,cuda,QKI:HepG2
BCLAF1,HepG2,chr15:57166423:C:A,1,1,-3.507239818572998,modal,cuda,QKI:HepG2
BCLAF1,HepG2,chr15:57192224:G:T,1,1,0.8984861373901367,modal,cuda,QKI:HepG2
BCLAF1,HepG2,chr15:58621444:T:A,0,1,5.522243022918701,modal,cuda,QKI:HepG2
BCLAF1,HepG2,chr15:58621464:A:G,0,1,0.8348168134689331,modal,cuda,QKI:HepG2
BCLAF1,HepG2,chr15:58633367:A:G,0,1,-0.30170440673828125,modal,cuda,QKI:HepG2
BCLAF1,HepG2,chr15:60442498:A:G,0,1,-0.5807042121887207,modal,cuda,QKI:HepG2
BCLAF1,HepG2,chr15:60455347:T:A,0,1,0.44420337677001953,modal,cuda,QKI:HepG2
BCLAF1,HepG2,chr15:60466693:G:A,0,1,-0.35522031784057617,modal,cuda,QKI:HepG2
BCLAF1,HepG2,chr15:61920052:A:C,0,1,1.449253797531128,modal,cuda,QKI:HepG2
BCLAF1,HepG2,chr15:61920666:C:T,0,1,1.4610896110534668,modal,cuda,QKI:HepG2
BCLAF1,HepG2,chr15:61929480:T:C,0,1,-0.3799934387207031,modal,cuda,QKI:HepG2
BCLAF1,HepG2,chr15:61945694:A:C,0,1,0.8941652774810791,modal,cuda,QKI:HepG2
BCLAF1,HepG2,chr15:61951990:G:A,0,1,1.0550898313522339,modal,cuda,QKI:HepG2
BCLAF1,HepG2,chr15:62013021:A:G,0,1,-0.7029945850372314,modal,cuda,QKI:HepG2
BCLAF1,HepG2,chr15:62020472:A:G,0,1,0.2614154815673828,modal,cuda,QKI:HepG2
BCLAF1,HepG2,chr15:63060873:C:T,1,1,0.21167874336242676,modal,cuda,QKI:HepG2
BCLAF1,HepG2,chr15:63060929:C:T,1,1,0.32962948083877563,modal,cuda,QKI:HepG2
BCLAF1,HepG2,chr15:63061252:A:G,0,1,0.928544282913208,modal,cuda,QKI:HepG2
BCLAF1,HepG2,chr15:63588415:C:T,0,1,-1.0242118835449219,modal,cuda,QKI:HepG2
BCLAF1,HepG2,chr15:63659945:T:C,0,1,-0.9570295810699463,modal,cuda,QKI:HepG2
BCLAF1,HepG2,chr15:65154950:A:G,0,1,-0.819280743598938,modal,cuda,QKI:HepG2
BCLAF1,HepG2,chr15:65154995:C:T,0,1,3.0240464210510254,modal,cuda,QKI:HepG2
BCLAF1,HepG2,chr15:65157816:G:A,0,1,0.39113616943359375,modal,cuda,QKI:HepG2
BCLAF1,HepG2,chr15:68142041:G:C,0,1,1.3511099815368652,modal,cuda,QKI:HepG2
BCLAF1,HepG2,chr15:68787929:G:C,0,1,-0.5607457160949707,modal,cuda,QKI:HepG2
BCLAF1,HepG2,chr15:69423149:C:T,0,1,-0.4962344169616699,modal,cuda,QKI:HepG2
BCLAF1,HepG2,chr15:69436191:A:C,0,1,1.2278178930282593,modal,cuda,QKI:HepG2
BCLAF1,HepG2,chr15:69436610:A:G,0,1,-0.8305573463439941,modal,cuda,QKI:HepG2
BCLAF1,HepG2,chr15:71935496:A:G,0,1,-1.0490942001342773,modal,cuda,QKI:HepG2
BCLAF1,HepG2,chr15:72346235:C:T,1,1,-0.4450223445892334,modal,cuda,QKI:HepG2
BCLAF1,HepG2,chr15:72346271:T:A,1,1,0.7542018890380859,modal,cuda,QKI:HepG2
BCLAF1,HepG2,chr15:72346278:A:G,1,1,0.6178469061851501,modal,cuda,QKI:HepG2
BCLAF1,HepG2,chr15:72563514:T:C,0,1,1.3172047138214111,modal,cuda,QKI:HepG2
BCLAF1,HepG2,chr15:72572174:A:G,0,1,-1.5470035076141357,modal,cuda,QKI:HepG2
BCLAF1,HepG2,chr15:72735903:T:G,1,1,1.0933547019958496,modal,cuda,QKI:HepG2
BCLAF1,HepG2,chr15:75394673:C:A,0,1,0.39335036277770996,modal,cuda,QKI:HepG2
BCLAF1,HepG2,chr15:75394873:C:A,0,1,-0.3833634853363037,modal,cuda,QKI:HepG2
BCLAF1,HepG2,chr15:76231279:C:A,0,1,1.5802667140960693,modal,cuda,QKI:HepG2
BCLAF1,HepG2,chr15:76702873:G:A,1,1,-0.42185306549072266,modal,cuda,QKI:HepG2
BCLAF1,HepG2,chr15:76705971:G:A,1,1,1.8636014461517334,modal,cuda,QKI:HepG2
BCLAF1,HepG2,chr15:76795444:T:C,0,1,-0.430051326751709,modal,cuda,QKI:HepG2
BCLAF1,HepG2,chr15:76841797:A:C,0,1,-1.0803031921386719,modal,cuda,QKI:HepG2
BCLAF1,HepG2,chr15:76841903:G:A,0,1,-1.9102696180343628,modal,cuda,QKI:HepG2
BCLAF1,HepG2,chr15:78466335:C:G,0,1,1.0590713024139404,modal,cuda,QKI:HepG2
BCLAF1,HepG2,chr15:80979351:G:A,0,1,-0.872870922088623,modal,cuda,QKI:HepG2
BCLAF1,HepG2,chr15:80979368:C:A,1,1,-0.7790920734405518,modal,cuda,QKI:HepG2
BCLAF1,HepG2,chr15:89263479:C:T,0,1,0.22270822525024414,modal,cuda,QKI:HepG2
BCLAF1,HepG2,chr15:92927222:G:A,0,1,-1.6035313606262207,modal,cuda,QKI:HepG2
BCLAF1,HepG2,chr15:92937638:C:T,0,1,0.6565108299255371,modal,cuda,QKI:HepG2
BCLAF1,HepG2,chr15:92939554:C:T,0,1,-0.20484447479248047,modal,cuda,QKI:HepG2
BCLAF1,HepG2,chr15:92953350:T:C,0,1,-0.20093727111816406,modal,cuda,QKI:HepG2
BCLAF1,HepG2,chr15:92972255:A:G,0,1,-1.5865613222122192,modal,cuda,QKI:HepG2
BCLAF1,HepG2,chr15:92972440:T:C,0,1,-0.6606923341751099,modal,cuda,QKI:HepG2
BCLAF1,HepG2,chr15:92979294:G:A,0,1,0.49021387100219727,modal,cuda,QKI:HepG2
BCLAF1,HepG2,chr15:92985689:G:A,0,1,1.0435163974761963,modal,cuda,QKI:HepG2
BCLAF1,HepG2,chr15:92998475:G:A,0,1,0.24958038330078125,modal,cuda,QKI:HepG2
BCLAF1,HepG2,chr15:98913024:T:C,0,1,-0.3113126754760742,modal,cuda,QKI:HepG2
BCLAF1,HepG2,chr15:98913035:G:A,0,1,-1.5109176635742188,modal,cuda,QKI:HepG2
BCLAF1,HepG2,chr15:99675391:G:A,0,1,-2.0702600479125977,modal,cuda,QKI:HepG2
BCLAF1,HepG2,chr16:119118:A:C,0,2,-0.8284189701080322,modal,cuda,QKI:HepG2
BCLAF1,HepG2,chr16:119125:C:A,1,2,1.4900965690612793,modal,cuda,QKI:HepG2
BCLAF1,HepG2,chr16:119128:G:A,1,2,0.4493519961833954,modal,cuda,QKI:HepG2
BCLAF1,HepG2,chr16:119200:G:A,1,2,-2.441776752471924,modal,cuda,QKI:HepG2
BCLAF1,HepG2,chr16:119250:G:C,1,2,-1.359076976776123,modal,cuda,QKI:HepG2
BCLAF1,HepG2,chr16:119256:C:T,1,2,0.9903814792633057,modal,cuda,QKI:HepG2
BCLAF1,HepG2,chr16:119257:T:A,1,2,-0.1784515380859375,modal,cuda,QKI:HepG2
BCLAF1,HepG2,chr16:14599898:A:G,0,2,-1.1754555702209473,modal,cuda,QKI:HepG2
BCLAF1,HepG2,chr16:14628177:T:A,1,2,-1.2055978775024414,modal,cuda,QKI:HepG2
BCLAF1,HepG2,chr16:14629645:G:A,1,2,-0.9210846424102783,modal,cuda,QKI:HepG2
BCLAF1,HepG2,chr16:1607283:C:G,0,2,-0.7964239120483398,modal,cuda,QKI:HepG2
BCLAF1,HepG2,chr16:16173393:G:C,1,2,-1.2480547428131104,modal,cuda,QKI:HepG2
BCLAF1,HepG2,chr16:16182484:T:A,0,2,0.5817530155181885,modal,cuda,QKI:HepG2
BCLAF1,HepG2,chr16:16182488:C:T,0,2,0.8137507438659668,modal,cuda,QKI:HepG2
BCLAF1,HepG2,chr16:16182497:C:T,1,2,-0.6870714426040649,modal,cuda,QKI:HepG2
BCLAF1,HepG2,chr16:16182506:T:C,1,2,-0.25070762634277344,modal,cuda,QKI:HepG2
BCLAF1,HepG2,chr16:16182520:G:A,0,2,-0.528904914855957,modal,cuda,QKI:HepG2
BCLAF1,HepG2,chr16:16182534:C:A,1,2,-1.3432996273040771,modal,cuda,QKI:HepG2
BCLAF1,HepG2,chr16:21976160:G:C,0,2,-0.44342803955078125,modal,cuda,QKI:HepG2
BCLAF1,HepG2,chr16:22317165:C:T,0,2,-0.2779369354248047,modal,cuda,QKI:HepG2
BCLAF1,HepG2,chr16:23532740:C:T,0,2,-0.3388688564300537,modal,cuda,QKI:HepG2
BCLAF1,HepG2,chr16:23630366:T:C,0,2,-0.3120836317539215,modal,cuda,QKI:HepG2
BCLAF1,HepG2,chr16:23630372:C:T,0,2,-0.3457679748535156,modal,cuda,QKI:HepG2
BCLAF1,HepG2,chr16:23630405:C:T,0,2,1.0378270149230957,modal,cuda,QKI:HepG2
BCLAF1,HepG2,chr16:23630414:A:C,1,2,0.9546800851821899,modal,cuda,QKI:HepG2
BCLAF1,HepG2,chr16:23630417:A:T,0,2,0.785674512386322,modal,cuda,QKI:HepG2
BCLAF1,HepG2,chr16:23634886:C:A,1,2,0.7727293968200684,modal,cuda,QKI:HepG2
BCLAF1,HepG2,chr16:23634892:G:A,1,2,-2.0090572834014893,modal,cuda,QKI:HepG2
BCLAF1,HepG2,chr16:23634914:T:C,0,2,-0.5548696517944336,modal,cuda,QKI:HepG2
BCLAF1,HepG2,chr16:23634954:A:T,1,2,-1.247054100036621,modal,cuda,QKI:HepG2
BCLAF1,HepG2,chr16:23634964:C:A,1,2,-6.155216693878174,modal,cuda,QKI:HepG2
BCLAF1,HepG2,chr16:23636027:C:G,0,2,0.5037949085235596,modal,cuda,QKI:HepG2
BCLAF1,HepG2,chr16:23636057:G:A,0,2,-0.7953178882598877,modal,cuda,QKI:HepG2
BCLAF1,HepG2,chr16:23636076:G:T,1,2,-1.6886208057403564,modal,cuda,QKI:HepG2
BCLAF1,HepG2,chr16:23636084:T:G,0,2,1.4625298976898193,modal,cuda,QKI:HepG2
BCLAF1,HepG2,chr16:23636104:T:A,1,2,0.40544962882995605,modal,cuda,QKI:HepG2
BCLAF1,HepG2,chr16:23636134:C:A,1,2,-0.4961414337158203,modal,cuda,QKI:HepG2
BCLAF1,HepG2,chr16:23636180:A:G,0,2,0.8083028793334961,modal,cuda,QKI:HepG2
BCLAF1,HepG2,chr16:23636189:T:C,0,2,-0.965266227722168,modal,cuda,QKI:HepG2
BCLAF1,HepG2,chr16:23636191:G:A,1,2,-0.8311820030212402,modal,cuda,QKI:HepG2
BCLAF1,HepG2,chr16:23637862:G:A,0,2,1.713688850402832,modal,cuda,QKI:HepG2
BCLAF1,HepG2,chr16:23637869:T:G,0,2,-0.2478351593017578,modal,cuda,QKI:HepG2
BCLAF1,HepG2,chr16:23637870:G:T,1,2,-3.5116584300994873,modal,cuda,QKI:HepG2
BCLAF1,HepG2,chr16:23637896:T:C,0,2,-0.2594785690307617,modal,cuda,QKI:HepG2
BCLAF1,HepG2,chr16:23637901:C:A,1,2,-4.404965400695801,modal,cuda,QKI:HepG2
BCLAF1,HepG2,chr16:23637914:C:T,0,2,0.9449138641357422,modal,cuda,QKI:HepG2
BCLAF1,HepG2,chr16:24806293:G:A,0,2,0.9739847183227539,modal,cuda,QKI:HepG2
BCLAF1,HepG2,chr16:29803433:T:C,0,2,0.24781489372253418,modal,cuda,QKI:HepG2
BCLAF1,HepG2,chr16:29803442:C:G,0,2,-0.5652614831924438,modal,cuda,QKI:HepG2
BCLAF1,HepG2,chr16:29978788:C:T,0,2,0.7194705009460449,modal,cuda,QKI:HepG2
BCLAF1,HepG2,chr16:30716288:C:T,0,2,0.7744483947753906,modal,cuda,QKI:HepG2
BCLAF1,HepG2,chr16:31191052:C:T,1,2,-0.9290378093719482,modal,cuda,QKI:HepG2
BCLAF1,HepG2,chr16:31191109:A:G,1,2,-0.45534467697143555,modal,cuda,QKI:HepG2
BCLAF1,HepG2,chr16:31191399:G:T,1,2,0.8521552085876465,modal,cuda,QKI:HepG2
BCLAF1,HepG2,chr16:31191408:C:G,1,2,-0.6156101226806641,modal,cuda,QKI:HepG2
BCLAF1,HepG2,chr16:31191410:G:A,1,2,0.7017396688461304,modal,cuda,QKI:HepG2
BCLAF1,HepG2,chr16:31191412:C:T,1,2,-0.17483246326446533,modal,cuda,QKI:HepG2
BCLAF1,HepG2,chr16:31191418:C:A,1,2,-0.4286632537841797,modal,cuda,QKI:HepG2
BCLAF1,HepG2,chr16:31191418:C:G,1,2,-0.7066808938980103,modal,cuda,QKI:HepG2
BCLAF1,HepG2,chr16:31191418:C:T,1,2,-0.24579600989818573,modal,cuda,QKI:HepG2
BCLAF1,HepG2,chr16:31191419:G:A,1,2,0.2560499906539917,modal,cuda,QKI:HepG2
BCLAF1,HepG2,chr16:31191429:G:C,1,2,-0.6114351153373718,modal,cuda,QKI:HepG2
BCLAF1,HepG2,chr16:31191430:C:A,1,2,0.3802756667137146,modal,cuda,QKI:HepG2
BCLAF1,HepG2,chr16:31191431:C:T,1,2,-0.4278337359428406,modal,cuda,QKI:HepG2
BCLAF1,HepG2,chr16:31191434:A:G,1,2,0.22983255982398987,modal,cuda,QKI:HepG2
BCLAF1,HepG2,chr16:46697501:T:C,0,2,0.40976810455322266,modal,cuda,QKI:HepG2
BCLAF1,HepG2,chr16:46697521:A:C,1,2,-0.5683140754699707,modal,cuda,QKI:HepG2
BCLAF1,HepG2,chr16:47587650:T:C,0,2,0.700533926486969,modal,cuda,QKI:HepG2
BCLAF1,HepG2,chr16:47587662:G:C,0,2,0.741743803024292,modal,cuda,QKI:HepG2
BCLAF1,HepG2,chr16:47596544:G:T,0,2,0.6492009162902832,modal,cuda,QKI:HepG2
BCLAF1,HepG2,chr16:50102409:G:C,0,2,0.44331884384155273,modal,cuda,QKI:HepG2
BCLAF1,HepG2,chr16:53934119:G:C,0,2,0.3283424377441406,modal,cuda,QKI:HepG2
BCLAF1,HepG2,chr16:56498550:G:A,1,2,1.2505145072937012,modal,cuda,QKI:HepG2
BCLAF1,HepG2,chr16:56505962:C:T,1,2,-0.6943228244781494,modal,cuda,QKI:HepG2
BCLAF1,HepG2,chr16:56505979:C:A,1,2,-2.643908977508545,modal,cuda,QKI:HepG2
BCLAF1,HepG2,chr16:56506137:G:A,1,2,1.185591220855713,modal,cuda,QKI:HepG2
BCLAF1,HepG2,chr16:56506150:A:C,1,2,1.0961968898773193,modal,cuda,QKI:HepG2
BCLAF1,HepG2,chr16:56506191:G:A,1,2,-1.7323503494262695,modal,cuda,QKI:HepG2
BCLAF1,HepG2,chr16:56509945:G:T,0,2,-1.0115690231323242,modal,cuda,QKI:HepG2
BCLAF1,HepG2,chr16:56510004:G:A,1,2,0.734409749507904,modal,cuda,QKI:HepG2
BCLAF1,HepG2,chr16:58542223:A:G,0,2,0.7874865531921387,modal,cuda,QKI:HepG2
BCLAF1,HepG2,chr16:58542479:C:T,0,2,2.559868812561035,modal,cuda,QKI:HepG2
BCLAF1,HepG2,chr16:58547643:C:A,1,2,-0.7228851318359375,modal,cuda,QKI:HepG2
BCLAF1,HepG2,chr16:58549799:G:A,0,2,0.45772457122802734,modal,cuda,QKI:HepG2
BCLAF1,HepG2,chr16:58551122:G:C,0,2,-0.26392221450805664,modal,cuda,QKI:HepG2
BCLAF1,HepG2,chr16:58553768:C:T,0,2,0.933866024017334,modal,cuda,QKI:HepG2
BCLAF1,HepG2,chr16:58553775:C:T,0,2,-0.27537810802459717,modal,cuda,QKI:HepG2
BCLAF1,HepG2,chr16:58553833:C:T,0,2,0.7977783679962158,modal,cuda,QKI:HepG2
BCLAF1,HepG2,chr16:58555444:G:A,1,2,-0.7783381938934326,modal,cuda,QKI:HepG2
BCLAF1,HepG2,chr16:58555529:T:C,0,2,0.7228317260742188,modal,cuda,QKI:HepG2
BCLAF1,HepG2,chr16:58576454:T:G,0,2,1.2549500465393066,modal,cuda,QKI:HepG2
BCLAF1,HepG2,chr16:58580777:T:C,0,2,-1.0221765041351318,modal,cuda,QKI:HepG2
BCLAF1,HepG2,chr16:58582911:A:G,0,2,-1.0458297729492188,modal,cuda,QKI:HepG2
BCLAF1,HepG2,chr16:58583080:T:C,0,2,5.922550678253174,modal,cuda,QKI:HepG2
BCLAF1,HepG2,chr16:58583093:C:T,0,2,0.7973358631134033,modal,cuda,QKI:HepG2
BCLAF1,HepG2,chr16:58599241:G:A,1,2,-0.4620704650878906,modal,cuda,QKI:HepG2
BCLAF1,HepG2,chr16:66536996:T:A,1,2,-1.1077483892440796,modal,cuda,QKI:HepG2
BCLAF1,HepG2,chr16:66541955:T:G,1,2,-0.9034453630447388,modal,cuda,QKI:HepG2
BCLAF1,HepG2,chr16:66541965:C:T,0,2,0.754402756690979,modal,cuda,QKI:HepG2
BCLAF1,HepG2,chr16:67611509:A:G,1,2,-1.1082730293273926,modal,cuda,QKI:HepG2
BCLAF1,HepG2,chr16:67942776:G:A,0,2,0.4438782334327698,modal,cuda,QKI:HepG2
BCLAF1,HepG2,chr16:67942789:G:T,0,2,0.13746142387390137,modal,cuda,QKI:HepG2
BCLAF1,HepG2,chr16:68329187:C:T,0,2,1.0936307907104492,modal,cuda,QKI:HepG2
BCLAF1,HepG2,chr16:68337544:T:A,1,2,-1.7575595378875732,modal,cuda,QKI:HepG2
BCLAF1,HepG2,chr16:68337580:C:T,0,2,-0.2648322582244873,modal,cuda,QKI:HepG2
BCLAF1,HepG2,chr16:68347613:G:A,0,2,-2.59159779548645,modal,cuda,QKI:HepG2
BCLAF1,HepG2,chr16:69647317:G:A,0,2,0.9397978782653809,modal,cuda,QKI:HepG2
BCLAF1,HepG2,chr16:69647467:A:G,0,2,0.4355034828186035,modal,cuda,QKI:HepG2
BCLAF1,HepG2,chr16:69647605:T:A,0,2,0.25589799880981445,modal,cuda,QKI:HepG2
BCLAF1,HepG2,chr16:69659711:T:A,0,2,-0.14910507202148438,modal,cuda,QKI:HepG2
BCLAF1,HepG2,chr16:69659915:C:T,0,2,1.0562186241149902,modal,cuda,QKI:HepG2
BCLAF1,HepG2,chr16:69669960:C:A,0,2,0.9346561431884766,modal,cuda,QKI:HepG2
BCLAF1,HepG2,chr16:69690920:T:C,0,2,0.5991477966308594,modal,cuda,QKI:HepG2
BCLAF1,HepG2,chr16:69690920:T:G,0,2,-0.8051671981811523,modal,cuda,QKI:HepG2
BCLAF1,HepG2,chr16:70500950:G:A,0,2,0.6149866580963135,modal,cuda,QKI:HepG2
BCLAF1,HepG2,chr16:70509208:T:C,0,2,-0.812204122543335,modal,cuda,QKI:HepG2
BCLAF1,HepG2,chr16:70510030:G:C,0,2,-0.5939550399780273,modal,cuda,QKI:HepG2
BCLAF1,HepG2,chr16:70512280:C:A,1,2,-0.8870480060577393,modal,cuda,QKI:HepG2
BCLAF1,HepG2,chr16:70514316:A:T,0,2,0.6911125183105469,modal,cuda,QKI:HepG2
BCLAF1,HepG2,chr16:70514394:G:A,0,2,1.1185603141784668,modal,cuda,QKI:HepG2
BCLAF1,HepG2,chr16:70784234:G:A,0,2,-0.9466931819915771,modal,cuda,QKI:HepG2
BCLAF1,HepG2,chr16:72109515:G:A,0,2,1.1373474597930908,modal,cuda,QKI:HepG2
BCLAF1,HepG2,chr16:72958583:C:A,0,2,-2.024045705795288,modal,cuda,QKI:HepG2
BCLAF1,HepG2,chr16:75656381:A:G,0,2,-0.15439605712890625,modal,cuda,QKI:HepG2
BCLAF1,HepG2,chr16:78108411:G:T,0,2,-0.47531843185424805,modal,cuda,QKI:HepG2
BCLAF1,HepG2,chr16:78108442:C:T,1,2,0.5306758880615234,modal,cuda,QKI:HepG2
BCLAF1,HepG2,chr16:78108446:G:A,1,2,1.3491168022155762,modal,cuda,QKI:HepG2
BCLAF1,HepG2,chr16:78108447:G:A,1,2,0.5971629619598389,modal,cuda,QKI:HepG2
BCLAF1,HepG2,chr16:78108454:C:A,1,2,1.7456371784210205,modal,cuda,QKI:HepG2
BCLAF1,HepG2,chr16:78108455:C:G,1,2,-1.5224635601043701,modal,cuda,QKI:HepG2
BCLAF1,HepG2,chr16:78108475:C:T,1,2,-0.4942901134490967,modal,cuda,QKI:HepG2
BCLAF1,HepG2,chr16:78108488:G:C,1,2,2.0102052688598633,modal,cuda,QKI:HepG2
BCLAF1,HepG2,chr16:78115000:C:G,1,2,-0.8283872604370117,modal,cuda,QKI:HepG2
BCLAF1,HepG2,chr16:78115038:C:T,0,2,0.2761378288269043,modal,cuda,QKI:HepG2
BCLAF1,HepG2,chr16:78115066:C:G,1,2,-1.5636587142944336,modal,cuda,QKI:HepG2
BCLAF1,HepG2,chr16:78115096:C:G,0,2,-1.0109047889709473,modal,cuda,QKI:HepG2
BCLAF1,HepG2,chr16:81351581:A:C,1,2,0.747960090637207,modal,cuda,QKI:HepG2
BCLAF1,HepG2,chr16:81351630:A:T,1,2,-0.799088716506958,modal,cuda,QKI:HepG2
BCLAF1,HepG2,chr16:81354506:C:A,1,2,1.6255619525909424,modal,cuda,QKI:HepG2
BCLAF1,HepG2,chr16:81354554:C:G,1,2,-0.7706570625305176,modal,cuda,QKI:HepG2
BCLAF1,HepG2,chr16:81354606:C:T,1,2,1.1378412246704102,modal,cuda,QKI:HepG2
BCLAF1,HepG2,chr16:81354624:G:T,1,2,-1.380967140197754,modal,cuda,QKI:HepG2
BCLAF1,HepG2,chr16:81354704:T:A,1,2,-0.7580900192260742,modal,cuda,QKI:HepG2
BCLAF1,HepG2,chr16:81354723:C:T,1,2,-1.8649883270263672,modal,cuda,QKI:HepG2
BCLAF1,HepG2,chr16:81354727:G:A,1,2,0.5408511161804199,modal,cuda,QKI:HepG2
BCLAF1,HepG2,chr16:8811197:T:C,0,2,0.6122477054595947,modal,cuda,QKI:HepG2
BCLAF1,HepG2,chr16:8894533:G:A,0,2,0.8009223937988281,modal,cuda,QKI:HepG2
BCLAF1,HepG2,chr16:8894534:G:C,0,2,0.7219381332397461,modal,cuda,QKI:HepG2
BCLAF1,HepG2,chr16:8894652:A:C,0,2,-0.30855560302734375,modal,cuda,QKI:HepG2
BCLAF1,HepG2,chr16:8895654:C:T,0,2,0.33150577545166016,modal,cuda,QKI:HepG2
BCLAF1,HepG2,chr16:8895687:T:C,0,2,-1.1080951690673828,modal,cuda,QKI:HepG2
BCLAF1,HepG2,chr16:8895755:A:C,0,2,0.7047529220581055,modal,cuda,QKI:HepG2
BCLAF1,HepG2,chr16:8896991:A:T,0,2,-0.5032432079315186,modal,cuda,QKI:HepG2
BCLAF1,HepG2,chr16:8897013:T:C,0,2,-0.3836672306060791,modal,cuda,QKI:HepG2
BCLAF1,HepG2,chr16:8901124:A:G,0,2,5.307255744934082,modal,cuda,QKI:HepG2
BCLAF1,HepG2,chr16:8901130:C:T,0,2,-1.1813597679138184,modal,cuda,QKI:HepG2
BCLAF1,HepG2,chr16:8902441:T:C,0,2,-0.7658720016479492,modal,cuda,QKI:HepG2
BCLAF1,HepG2,chr16:8903270:T:G,0,2,-0.46393346786499023,modal,cuda,QKI:HepG2
BCLAF1,HepG2,chr16:8903305:G:A,0,2,-0.5024724006652832,modal,cuda,QKI:HepG2
BCLAF1,HepG2,chr16:8903379:A:T,1,2,0.7710380554199219,modal,cuda,QKI:HepG2
BCLAF1,HepG2,chr16:8906591:A:C,0,2,-0.928514301776886,modal,cuda,QKI:HepG2
BCLAF1,HepG2,chr16:8910769:G:A,0,2,-0.26715755462646484,modal,cuda,QKI:HepG2
BCLAF1,HepG2,chr16:8915534:G:C,0,2,-1.2474334239959717,modal,cuda,QKI:HepG2
BCLAF1,HepG2,chr16:8919014:G:A,0,2,-1.393721580505371,modal,cuda,QKI:HepG2
BCLAF1,HepG2,chr16:8919036:G:A,1,2,0.44441890716552734,modal,cuda,QKI:HepG2
BCLAF1,HepG2,chr16:8921250:G:C,1,2,-1.0220789909362793,modal,cuda,QKI:HepG2
BCLAF1,HepG2,chr16:8930299:C:A,1,2,0.6074428558349609,modal,cuda,QKI:HepG2
BCLAF1,HepG2,chr16:8930314:C:T,0,2,0.40903663635253906,modal,cuda,QKI:HepG2
BCLAF1,HepG2,chr16:89305242:C:T,0,2,0.4332897663116455,modal,cuda,QKI:HepG2
BCLAF1,HepG2,chr16:89305272:G:A,1,2,-0.9036879539489746,modal,cuda,QKI:HepG2
BCLAF1,HepG2,chr16:89305281:C:A,0,2,0.6242850422859192,modal,cuda,QKI:HepG2
BCLAF1,HepG2,chr16:89305291:G:A,0,2,0.34065961837768555,modal,cuda,QKI:HepG2
BCLAF1,HepG2,chr16:89305297:G:A,0,2,0.4516305923461914,modal,cuda,QKI:HepG2
BCLAF1,HepG2,chr16:89305321:G:A,0,2,-1.5906548500061035,modal,cuda,QKI:HepG2
BCLAF1,HepG2,chr16:89550629:G:A,0,2,-0.07126575708389282,modal,cuda,QKI:HepG2
BCLAF1,HepG2,chr16:89740803:C:A,1,2,2.1501708030700684,modal,cuda,QKI:HepG2
BCLAF1,HepG2,chr16:89740803:C:G,1,2,0.9484946727752686,modal,cuda,QKI:HepG2
BCLAF1,HepG2,chr16:89740808:G:C,1,2,-1.8925602436065674,modal,cuda,QKI:HepG2
BCLAF1,HepG2,chr16:89740823:G:T,1,2,0.6095714569091797,modal,cuda,QKI:HepG2
BCLAF1,HepG2,chr16:89740825:C:G,0,2,0.7970936298370361,modal,cuda,QKI:HepG2
BCLAF1,HepG2,chr16:89740846:G:C,1,2,-0.5033078193664551,modal,cuda,QKI:HepG2
BCLAF1,HepG2,chr16:89749906:A:G,0,2,-0.981626033782959,modal,cuda,QKI:HepG2
BCLAF1,HepG2,chr16:89749925:C:T,0,2,-0.5542116165161133,modal,cuda,QKI:HepG2
BCLAF1,HepG2,chr16:89752122:G:A,0,2,-1.057579517364502,modal,cuda,QKI:HepG2
BCLAF1,HepG2,chr16:89778786:A:G,0,2,-0.9709129333496094,modal,cuda,QKI:HepG2
BCLAF1,HepG2,chr16:89791907:G:A,0,2,-0.27673816680908203,modal,cuda,QKI:HepG2
BCLAF1,HepG2,chr17:1362023:A:T,0,1,-0.23693525791168213,modal,cuda,QKI:HepG2
BCLAF1,HepG2,chr17:1362024:T:A,0,1,0.20473912358283997,modal,cuda,QKI:HepG2
BCLAF1,HepG2,chr17:1362031:T:A,0,1,0.6256566047668457,modal,cuda,QKI:HepG2
BCLAF1,HepG2,chr17:16070530:A:T,0,1,0.39750146865844727,modal,cuda,QKI:HepG2
BCLAF1,HepG2,chr17:16139000:T:C,0,1,-0.6870927810668945,modal,cuda,QKI:HepG2
BCLAF1,HepG2,chr17:17219013:G:A,0,1,-0.2839382290840149,modal,cuda,QKI:HepG2
BCLAF1,HepG2,chr17:19657867:G:A,1,1,0.8165311813354492,modal,cuda,QKI:HepG2
BCLAF1,HepG2,chr17:2680326:T:C,1,1,-2.4015626907348633,modal,cuda,QKI:HepG2
BCLAF1,HepG2,chr17:2680328:C:T,0,1,1.4808790683746338,modal,cuda,QKI:HepG2
BCLAF1,HepG2,chr17:29121649:G:A,0,1,0.27730226516723633,modal,cuda,QKI:HepG2
BCLAF1,HepG2,chr17:29498311:C:T,0,1,0.7822084426879883,modal,cuda,QKI:HepG2
BCLAF1,HepG2,chr17:29517510:C:T,1,1,1.8882086277008057,modal,cuda,QKI:HepG2
BCLAF1,HepG2,chr17:29517561:C:T,1,1,-2.413994073867798,modal,cuda,QKI:HepG2
BCLAF1,HepG2,chr17:29517567:C:T,1,1,-2.4593968391418457,modal,cuda,QKI:HepG2
BCLAF1,HepG2,chr17:29517575:A:G,0,1,-0.9042014479637146,modal,cuda,QKI:HepG2
BCLAF1,HepG2,chr17:29522454:C:T,1,1,-1.909956932067871,modal,cuda,QKI:HepG2
BCLAF1,HepG2,chr17:29522463:C:T,1,1,-0.9988152980804443,modal,cuda,QKI:HepG2
BCLAF1,HepG2,chr17:29534311:T:C,0,1,-0.6172523498535156,modal,cuda,QKI:HepG2
BCLAF1,HepG2,chr17:31159098:G:C,1,1,-2.2313075065612793,modal,cuda,QKI:HepG2
BCLAF1,HepG2,chr17:31169883:C:G,1,1,-2.55712890625,modal,cuda,QKI:HepG2
BCLAF1,HepG2,chr17:31170002:G:A,1,1,0.7454686164855957,modal,cuda,QKI:HepG2
BCLAF1,HepG2,chr17:31170002:G:T,1,1,-0.6532659530639648,modal,cuda,QKI:HepG2
BCLAF1,HepG2,chr17:31181688:A:C,0,1,-1.254105567932129,modal,cuda,QKI:HepG2
BCLAF1,HepG2,chr17:31182503:T:G,1,1,-0.8615539073944092,modal,cuda,QKI:HepG2
BCLAF1,HepG2,chr17:31227517:T:G,1,1,-0.8236474990844727,modal,cuda,QKI:HepG2
BCLAF1,HepG2,chr17:31229011:A:G,1,1,1.4215394258499146,modal,cuda,QKI:HepG2
BCLAF1,HepG2,chr17:31229016:T:A,1,1,1.3446168899536133,modal,cuda,QKI:HepG2
BCLAF1,HepG2,chr17:31230257:T:G,1,1,-0.6952465772628784,modal,cuda,QKI:HepG2
BCLAF1,HepG2,chr17:31230839:T:G,1,1,-2.035228729248047,modal,cuda,QKI:HepG2
BCLAF1,HepG2,chr17:31252953:C:T,0,1,-0.4687161445617676,modal,cuda,QKI:HepG2
BCLAF1,HepG2,chr17:31252955:A:G,0,1,-1.3819661140441895,modal,cuda,QKI:HepG2
BCLAF1,HepG2,chr17:31252991:C:T,0,1,0.9173760414123535,modal,cuda,QKI:HepG2
BCLAF1,HepG2,chr17:31325810:T:G,1,1,-0.668135404586792,modal,cuda,QKI:HepG2
BCLAF1,HepG2,chr17:31330502:A:T,1,1,0.920811653137207,modal,cuda,QKI:HepG2
BCLAF1,HepG2,chr17:31330503:G:A,1,1,0.7971186637878418,modal,cuda,QKI:HepG2
BCLAF1,HepG2,chr17:31338695:T:G,1,1,-0.8991603851318359,modal,cuda,QKI:HepG2
BCLAF1,HepG2,chr17:31349100:T:A,1,1,-0.6106775999069214,modal,cuda,QKI:HepG2
BCLAF1,HepG2,chr17:37248577:A:G,0,1,0.7560513019561768,modal,cuda,QKI:HepG2
BCLAF1,HepG2,chr17:37248579:G:T,0,1,0.6105639934539795,modal,cuda,QKI:HepG2
BCLAF1,HepG2,chr17:37259341:C:T,0,1,-1.298264741897583,modal,cuda,QKI:HepG2
BCLAF1,HepG2,chr17:37263902:A:G,0,1,1.829606056213379,modal,cuda,QKI:HepG2
BCLAF1,HepG2,chr17:37278020:G:A,0,1,1.5653338432312012,modal,cuda,QKI:HepG2
BCLAF1,HepG2,chr17:37330157:T:C,0,1,-0.7672021985054016,modal,cuda,QKI:HepG2
BCLAF1,HepG2,chr17:39509778:A:C,0,1,-5.8047308921813965,modal,cuda,QKI:HepG2
BCLAF1,HepG2,chr17:40392210:A:G,0,1,0.8890867233276367,modal,cuda,QKI:HepG2
BCLAF1,HepG2,chr17:41990284:T:C,0,1,0.4807705879211426,modal,cuda,QKI:HepG2
BCLAF1,HepG2,chr17:42120388:G:C,0,1,0.5951629877090454,modal,cuda,QKI:HepG2
BCLAF1,HepG2,chr17:42217366:T:G,0,1,0.46080297231674194,modal,cuda,QKI:HepG2
BCLAF1,HepG2,chr17:42315759:T:C,0,1,-1.0432883501052856,modal,cuda,QKI:HepG2
BCLAF1,HepG2,chr17:42315763:G:A,0,1,0.5512993335723877,modal,cuda,QKI:HepG2
BCLAF1,HepG2,chr17:42315764:C:T,0,1,2.673572540283203,modal,cuda,QKI:HepG2
BCLAF1,HepG2,chr17:42315766:C:T,0,1,0.7999871969223022,modal,cuda,QKI:HepG2
BCLAF1,HepG2,chr17:42331448:C:A,0,1,0.7504606246948242,modal,cuda,QKI:HepG2
BCLAF1,HepG2,chr17:43090934:C:G,0,1,0.4562358856201172,modal,cuda,QKI:HepG2
BCLAF1,HepG2,chr17:43090946:G:A,1,1,1.6059644222259521,modal,cuda,QKI:HepG2
BCLAF1,HepG2,chr17:43090967:G:A,1,1,0.6317178010940552,modal,cuda,QKI:HepG2
BCLAF1,HepG2,chr17:43090981:G:C,1,1,-1.2096648216247559,modal,cuda,QKI:HepG2
BCLAF1,HepG2,chr17:43090983:G:T,1,1,-1.2711775302886963,modal,cuda,QKI:HepG2
BCLAF1,HepG2,chr17:43090997:C:T,0,1,0.15629041194915771,modal,cuda,QKI:HepG2
BCLAF1,HepG2,chr17:43091006:C:A,1,1,1.1573967933654785,modal,cuda,QKI:HepG2
BCLAF1,HepG2,chr17:43104187:G:A,1,1,-1.479609489440918,modal,cuda,QKI:HepG2
BCLAF1,HepG2,chr17:43104193:T:C,0,1,-1.1523499488830566,modal,cuda,QKI:HepG2
BCLAF1,HepG2,chr17:43104208:T:A,1,1,-2.474219799041748,modal,cuda,QKI:HepG2
BCLAF1,HepG2,chr17:43104217:C:A,1,1,-6.375086307525635,modal,cuda,QKI:HepG2
BCLAF1,HepG2,chr17:43104232:C:A,1,1,0.7869588136672974,modal,cuda,QKI:HepG2
BCLAF1,HepG2,chr17:43104235:T:A,1,1,-0.9429819583892822,modal,cuda,QKI:HepG2
BCLAF1,HepG2,chr17:43104248:A:T,1,1,-1.2340638637542725,modal,cuda,QKI:HepG2
BCLAF1,HepG2,chr17:43104249:T:C,0,1,-2.408857822418213,modal,cuda,QKI:HepG2
BCLAF1,HepG2,chr17:43104258:G:C,0,1,0.6890702247619629,modal,cuda,QKI:HepG2
BCLAF1,HepG2,chr17:43104260:A:C,1,1,-0.6478520631790161,modal,cuda,QKI:HepG2
BCLAF1,HepG2,chr17:43104260:A:T,1,1,-0.20814037322998047,modal,cuda,QKI:HepG2
BCLAF1,HepG2,chr17:43104262:C:G,1,1,-2.0250537395477295,modal,cuda,QKI:HepG2
BCLAF1,HepG2,chr17:43104263:T:A,1,1,0.6928300857543945,modal,cuda,QKI:HepG2
BCLAF1,HepG2,chr17:43124013:T:A,1,1,0.6996097564697266,modal,cuda,QKI:HepG2
BCLAF1,HepG2,chr17:43124014:T:G,1,1,-0.8082237243652344,modal,cuda,QKI:HepG2
BCLAF1,HepG2,chr17:43124015:A:C,1,1,-2.2424707412719727,modal,cuda,QKI:HepG2
BCLAF1,HepG2,chr17:43124015:A:G,1,1,-1.3136601448059082,modal,cuda,QKI:HepG2
BCLAF1,HepG2,chr17:43124015:A:T,1,1,-1.047400712966919,modal,cuda,QKI:HepG2
BCLAF1,HepG2,chr17:43124016:C:A,1,1,-1.396042823791504,modal,cuda,QKI:HepG2
BCLAF1,HepG2,chr17:43124016:C:G,1,1,-2.1752161979675293,modal,cuda,QKI:HepG2
BCLAF1,HepG2,chr17:43124020:A:T,1,1,1.597059965133667,modal,cuda,QKI:HepG2
BCLAF1,HepG2,chr17:43124025:A:C,1,1,0.5735697746276855,modal,cuda,QKI:HepG2
BCLAF1,HepG2,chr17:43124030:C:A,1,1,0.674813985824585,modal,cuda,QKI:HepG2
BCLAF1,HepG2,chr17:43124032:A:C,1,1,-1.5122590065002441,modal,cuda,QKI:HepG2
BCLAF1,HepG2,chr17:43124032:A:G,1,1,-0.46450209617614746,modal,cuda,QKI:HepG2
BCLAF1,HepG2,chr17:43124032:A:T,1,1,0.5811238288879395,modal,cuda,QKI:HepG2
BCLAF1,HepG2,chr17:43124042:G:A,1,1,-2.1670868396759033,modal,cuda,QKI:HepG2
BCLAF1,HepG2,chr17:43124044:A:G,1,1,-0.34546709060668945,modal,cuda,QKI:HepG2
BCLAF1,HepG2,chr17:43124063:G:A,1,1,-3.3936047554016113,modal,cuda,QKI:HepG2
BCLAF1,HepG2,chr17:43124076:G:A,0,1,0.46196794509887695,modal,cuda,QKI:HepG2
BCLAF1,HepG2,chr17:43124089:A:C,1,1,-2.289809465408325,modal,cuda,QKI:HepG2
BCLAF1,HepG2,chr17:43124094:C:A,1,1,0.38257312774658203,modal,cuda,QKI:HepG2
BCLAF1,HepG2,chr17:43124094:C:G,1,1,-0.6273820400238037,modal,cuda,QKI:HepG2
BCLAF1,HepG2,chr17:43124095:A:C,1,1,-0.42090511322021484,modal,cuda,QKI:HepG2
BCLAF1,HepG2,chr17:43124095:A:G,1,1,-0.6002699136734009,modal,cuda,QKI:HepG2
BCLAF1,HepG2,chr17:43124095:A:T,1,1,0.30526578426361084,modal,cuda,QKI:HepG2
BCLAF1,HepG2,chr17:43124118:T:C,0,1,0.34105920791625977,modal,cuda,QKI:HepG2
BCLAF1,HepG2,chr17:47137288:C:T,1,1,0.48029136657714844,modal,cuda,QKI:HepG2
BCLAF1,HepG2,chr17:47613665:G:T,0,1,0.6277847290039062,modal,cuda,QKI:HepG2
BCLAF1,HepG2,chr17:49039981:C:T,0,1,-0.4242267608642578,modal,cuda,QKI:HepG2
BCLAF1,HepG2,chr17:4953081:A:G,0,1,2.7096197605133057,modal,cuda,QKI:HepG2
BCLAF1,HepG2,chr17:4953095:G:C,0,1,0.7787213325500488,modal,cuda,QKI:HepG2
BCLAF1,HepG2,chr17:5007245:C:T,0,1,-0.41797852516174316,modal,cuda,QKI:HepG2
BCLAF1,HepG2,chr17:5007253:A:T,0,1,-0.8626649379730225,modal,cuda,QKI:HepG2
BCLAF1,HepG2,chr17:5020689:G:T,0,1,2.165997266769409,modal,cuda,QKI:HepG2
BCLAF1,HepG2,chr17:50995048:C:T,0,1,0.40090179443359375,modal,cuda,QKI:HepG2
BCLAF1,HepG2,chr17:51005202:G:A,0,1,0.4582481384277344,modal,cuda,QKI:HepG2
BCLAF1,HepG2,chr17:58005893:G:A,1,1,-2.9256622791290283,modal,cuda,QKI:HepG2
BCLAF1,HepG2,chr17:58370894:G:A,0,1,-0.8490934371948242,modal,cuda,QKI:HepG2
BCLAF1,HepG2,chr17:58370926:C:G,0,1,0.19986343383789062,modal,cuda,QKI:HepG2
BCLAF1,HepG2,chr17:59056907:G:C,1,1,-1.434340476989746,modal,cuda,QKI:HepG2
BCLAF1,HepG2,chr17:59056958:G:A,0,1,-0.5045022964477539,modal,cuda,QKI:HepG2
BCLAF1,HepG2,chr17:59647682:T:G,0,1,-1.2422137260437012,modal,cuda,QKI:HepG2
BCLAF1,HepG2,chr17:59651334:A:C,0,1,1.0376253128051758,modal,cuda,QKI:HepG2
BCLAF1,HepG2,chr17:59664771:C:T,0,1,0.8581573963165283,modal,cuda,QKI:HepG2
BCLAF1,HepG2,chr17:59664779:G:C,0,1,1.2696921825408936,modal,cuda,QKI:HepG2
BCLAF1,HepG2,chr17:59673621:T:C,0,1,-0.5387976169586182,modal,cuda,QKI:HepG2
BCLAF1,HepG2,chr17:59682620:T:G,0,1,0.9855537414550781,modal,cuda,QKI:HepG2
BCLAF1,HepG2,chr17:59683089:G:A,0,1,0.3915421962738037,modal,cuda,QKI:HepG2
BCLAF1,HepG2,chr17:59914627:T:A,0,1,1.7658591270446777,modal,cuda,QKI:HepG2
BCLAF1,HepG2,chr17:60647880:C:A,0,1,0.3246631622314453,modal,cuda,QKI:HepG2
BCLAF1,HepG2,chr17:62052710:A:G,0,1,-0.7629103660583496,modal,cuda,QKI:HepG2
BCLAF1,HepG2,chr17:62522231:C:T,1,1,0.48362183570861816,modal,cuda,QKI:HepG2
BCLAF1,HepG2,chr17:62522252:G:T,1,1,-4.629368782043457,modal,cuda,QKI:HepG2
BCLAF1,HepG2,chr17:63760899:G:A,0,1,0.22616291046142578,modal,cuda,QKI:HepG2
BCLAF1,HepG2,chr17:65529829:G:A,0,1,0.3574270009994507,modal,cuda,QKI:HepG2
BCLAF1,HepG2,chr17:6623043:G:A,1,1,-2.449171304702759,modal,cuda,QKI:HepG2
BCLAF1,HepG2,chr17:6623565:C:A,1,1,2.1724696159362793,modal,cuda,QKI:HepG2
BCLAF1,HepG2,chr17:67345860:A:G,0,1,0.5397062301635742,modal,cuda,QKI:HepG2
BCLAF1,HepG2,chr17:67854771:A:G,0,1,-1.2496013641357422,modal,cuda,QKI:HepG2
BCLAF1,HepG2,chr17:67903776:C:G,0,1,-0.8897387981414795,modal,cuda,QKI:HepG2
BCLAF1,HepG2,chr17:67909578:T:C,0,1,1.2712711095809937,modal,cuda,QKI:HepG2
BCLAF1,HepG2,chr17:68523831:T:C,0,1,-0.9772810339927673,modal,cuda,QKI:HepG2
BCLAF1,HepG2,chr17:68525736:A:G,0,1,-0.6719505786895752,modal,cuda,QKI:HepG2
BCLAF1,HepG2,chr17:68525746:C:T,0,1,0.6147720813751221,modal,cuda,QKI:HepG2
BCLAF1,HepG2,chr17:69255854:A:G,0,1,-1.1221773624420166,modal,cuda,QKI:HepG2
BCLAF1,HepG2,chr17:75630844:G:T,0,1,1.739346981048584,modal,cuda,QKI:HepG2
BCLAF1,HepG2,chr17:75630845:G:T,0,1,0.6243999004364014,modal,cuda,QKI:HepG2
BCLAF1,HepG2,chr17:75630846:G:T,0,1,0.8105869293212891,modal,cuda,QKI:HepG2
BCLAF1,HepG2,chr17:75949484:C:T,0,1,-1.429443120956421,modal,cuda,QKI:HepG2
BCLAF1,HepG2,chr17:78814538:C:T,0,1,-0.11119937896728516,modal,cuda,QKI:HepG2
BCLAF1,HepG2,chr17:80331997:C:T,0,1,0.9420764446258545,modal,cuda,QKI:HepG2
BCLAF1,HepG2,chr17:80343344:C:T,0,1,0.8778026103973389,modal,cuda,QKI:HepG2
BCLAF1,HepG2,chr17:80354550:C:T,0,1,-0.4897826910018921,modal,cuda,QKI:HepG2
BCLAF1,HepG2,chr17:80354565:G:A,0,1,-1.1554068326950073,modal,cuda,QKI:HepG2
BCLAF1,HepG2,chr17:82927172:A:C,0,1,-0.9178051948547363,modal,cuda,QKI:HepG2
BCLAF1,HepG2,chr18:10797364:T:G,0,4,0.49960827827453613,modal,cuda,QKI:HepG2
BCLAF1,HepG2,chr18:12344256:A:G,0,4,-0.2657678723335266,modal,cuda,QKI:HepG2
BCLAF1,HepG2,chr18:12366938:C:T,0,4,0.4776342511177063,modal,cuda,QKI:HepG2
BCLAF1,HepG2,chr18:12794489:T:C,0,4,-0.4548757076263428,modal,cuda,QKI:HepG2
BCLAF1,HepG2,chr18:203081:A:C,0,4,-0.64925217628479,modal,cuda,QKI:HepG2
BCLAF1,HepG2,chr18:20970516:G:A,0,4,0.6030483245849609,modal,cuda,QKI:HepG2
BCLAF1,HepG2,chr18:21804032:A:G,0,4,-0.5519956946372986,modal,cuda,QKI:HepG2
BCLAF1,HepG2,chr18:21838514:A:G,0,4,0.23853826522827148,modal,cuda,QKI:HepG2
BCLAF1,HepG2,chr18:2688754:T:C,0,4,-0.3175029754638672,modal,cuda,QKI:HepG2
BCLAF1,HepG2,chr18:2700921:A:G,1,4,-0.671595573425293,modal,cuda,QKI:HepG2
BCLAF1,HepG2,chr18:2707802:C:T,0,4,0.4549248218536377,modal,cuda,QKI:HepG2
BCLAF1,HepG2,chr18:2951049:T:C,0,4,-0.40228694677352905,modal,cuda,QKI:HepG2
BCLAF1,HepG2,chr18:31092098:T:C,1,4,-0.6214265823364258,modal,cuda,QKI:HepG2
BCLAF1,HepG2,chr18:31524601:C:A,0,4,4.249706745147705,modal,cuda,QKI:HepG2
BCLAF1,HepG2,chr18:31531269:C:T,0,4,-0.16999530792236328,modal,cuda,QKI:HepG2
BCLAF1,HepG2,chr18:31545906:C:A,1,4,-0.40931272506713867,modal,cuda,QKI:HepG2
BCLAF1,HepG2,chr18:36145962:C:T,1,4,0.2756166458129883,modal,cuda,QKI:HepG2
BCLAF1,HepG2,chr18:36146372:A:T,0,4,-2.2028119564056396,modal,cuda,QKI:HepG2
BCLAF1,HepG2,chr18:36156575:G:T,1,4,0.32706308364868164,modal,cuda,QKI:HepG2
BCLAF1,HepG2,chr18:36159822:T:C,0,4,0.39191412925720215,modal,cuda,QKI:HepG2
BCLAF1,HepG2,chr18:36159984:C:T,1,4,0.3178577423095703,modal,cuda,QKI:HepG2
BCLAF1,HepG2,chr18:36159990:A:C,1,4,-0.7001802921295166,modal,cuda,QKI:HepG2
BCLAF1,HepG2,chr18:36171049:A:G,0,4,-0.6661069393157959,modal,cuda,QKI:HepG2
BCLAF1,HepG2,chr18:36171050:C:T,0,4,0.19435429573059082,modal,cuda,QKI:HepG2
BCLAF1,HepG2,chr18:45939771:G:A,0,4,0.7128787040710449,modal,cuda,QKI:HepG2
BCLAF1,HepG2,chr18:46090014:T:C,0,4,-0.6339151859283447,modal,cuda,QKI:HepG2
BCLAF1,HepG2,chr18:46855381:T:C,0,4,-0.7871580123901367,modal,cuda,QKI:HepG2
BCLAF1,HepG2,chr18:47848464:A:G,0,4,-0.8001658916473389,modal,cuda,QKI:HepG2
BCLAF1,HepG2,chr18:49331908:G:T,1,4,-1.3974947929382324,modal,cuda,QKI:HepG2
BCLAF1,HepG2,chr18:49331954:G:A,1,4,0.6661286354064941,modal,cuda,QKI:HepG2
BCLAF1,HepG2,chr18:49363144:G:A,0,4,-0.8811118602752686,modal,cuda,QKI:HepG2
BCLAF1,HepG2,chr18:49363235:T:C,1,4,-0.29486703872680664,modal,cuda,QKI:HepG2
BCLAF1,HepG2,chr18:49379676:T:C,0,4,-0.6329532861709595,modal,cuda,QKI:HepG2
BCLAF1,HepG2,chr18:49379693:C:T,1,4,-2.347360849380493,modal,cuda,QKI:HepG2
BCLAF1,HepG2,chr18:50276696:C:T,0,4,0.3153613209724426,modal,cuda,QKI:HepG2
BCLAF1,HepG2,chr18:51047061:T:G,0,4,-0.9667317867279053,modal,cuda,QKI:HepG2
BCLAF1,HepG2,chr18:51047103:T:C,0,4,0.3265526294708252,modal,cuda,QKI:HepG2
BCLAF1,HepG2,chr18:51047124:T:C,0,4,-0.3453019857406616,modal,cuda,QKI:HepG2
BCLAF1,HepG2,chr18:51047167:G:T,1,4,-0.9427218437194824,modal,cuda,QKI:HepG2
BCLAF1,HepG2,chr18:51047226:T:C,0,4,-0.37928128242492676,modal,cuda,QKI:HepG2
BCLAF1,HepG2,chr18:51047268:A:C,0,4,-0.5038065910339355,modal,cuda,QKI:HepG2
BCLAF1,HepG2,chr18:51047292:T:G,0,4,-0.3522679805755615,modal,cuda,QKI:HepG2
BCLAF1,HepG2,chr18:51048760:A:G,0,4,1.9580695629119873,modal,cuda,QKI:HepG2
BCLAF1,HepG2,chr18:51048814:C:G,0,4,-1.049311876296997,modal,cuda,QKI:HepG2
BCLAF1,HepG2,chr18:51048832:C:T,0,4,-0.4015059471130371,modal,cuda,QKI:HepG2
BCLAF1,HepG2,chr18:51048849:C:A,1,4,-0.6257796287536621,modal,cuda,QKI:HepG2
BCLAF1,HepG2,chr18:51048853:T:C,0,4,0.3373994827270508,modal,cuda,QKI:HepG2
BCLAF1,HepG2,chr18:51067020:T:C,0,4,0.5537638664245605,modal,cuda,QKI:HepG2
BCLAF1,HepG2,chr18:51067107:C:T,1,4,0.6655068397521973,modal,cuda,QKI:HepG2
BCLAF1,HepG2,chr18:51067120:T:G,1,4,-1.6606712341308594,modal,cuda,QKI:HepG2
BCLAF1,HepG2,chr18:51067142:A:T,0,4,0.34166812896728516,modal,cuda,QKI:HepG2
BCLAF1,HepG2,chr18:58245441:A:G,0,4,0.2650268077850342,modal,cuda,QKI:HepG2
BCLAF1,HepG2,chr18:58245461:G:A,0,4,0.1385350227355957,modal,cuda,QKI:HepG2
BCLAF1,HepG2,chr18:58323338:C:T,0,4,-0.44579505920410156,modal,cuda,QKI:HepG2
BCLAF1,HepG2,chr18:58323348:G:A,0,4,0.314208984375,modal,cuda,QKI:HepG2
BCLAF1,HepG2,chr18:58370393:T:G,0,4,0.41076570749282837,modal,cuda,QKI:HepG2
BCLAF1,HepG2,chr18:58370394:T:C,0,4,-0.35662204027175903,modal,cuda,QKI:HepG2
BCLAF1,HepG2,chr18:58370482:G:A,0,4,0.39203357696533203,modal,cuda,QKI:HepG2
BCLAF1,HepG2,chr18:58383323:T:C,0,4,-0.3896045684814453,modal,cuda,QKI:HepG2
BCLAF1,HepG2,chr18:58383333:T:C,0,4,-0.5255041122436523,modal,cuda,QKI:HepG2
BCLAF1,HepG2,chr18:58733594:T:C,0,4,-3.524425983428955,modal,cuda,QKI:HepG2
BCLAF1,HepG2,chr18:62146032:A:T,0,4,0.8970564007759094,modal,cuda,QKI:HepG2
BCLAF1,HepG2,chr18:62228347:A:G,0,4,0.34783077239990234,modal,cuda,QKI:HepG2
BCLAF1,HepG2,chr18:70150601:G:A,0,4,-0.9618420600891113,modal,cuda,QKI:HepG2
BCLAF1,HepG2,chr18:70150610:C:A,1,4,0.27049732208251953,modal,cuda,QKI:HepG2
BCLAF1,HepG2,chr18:70166044:G:A,0,4,0.6202247142791748,modal,cuda,QKI:HepG2
BCLAF1,HepG2,chr18:70166059:C:T,0,4,0.8387107849121094,modal,cuda,QKI:HepG2
BCLAF1,HepG2,chr18:70166070:T:C,0,4,-0.4519655704498291,modal,cuda,QKI:HepG2
BCLAF1,HepG2,chr18:70166149:T:C,0,4,-0.13759899139404297,modal,cuda,QKI:HepG2
BCLAF1,HepG2,chr18:70166157:G:A,1,4,0.3594503402709961,modal,cuda,QKI:HepG2
BCLAF1,HepG2,chr18:70190723:C:A,0,4,0.8647127151489258,modal,cuda,QKI:HepG2
BCLAF1,HepG2,chr18:74501372:C:T,0,4,0.249397873878479,modal,cuda,QKI:HepG2
BCLAF1,HepG2,chr18:79110412:A:C,0,4,-0.38502049446105957,modal,cuda,QKI:HepG2
BCLAF1,HepG2,chr18:79253425:A:G,0,4,-0.5412733554840088,modal,cuda,QKI:HepG2
BCLAF1,HepG2,chr19:10151737:C:T,0,4,0.2975274920463562,modal,cuda,QKI:HepG2
BCLAF1,HepG2,chr19:10994833:C:A,1,4,-2.0988810062408447,modal,cuda,QKI:HepG2
BCLAF1,HepG2,chr19:10994932:T:C,0,4,0.6360375881195068,modal,cuda,QKI:HepG2
BCLAF1,HepG2,chr19:10994951:C:T,1,4,-0.6545572280883789,modal,cuda,QKI:HepG2
BCLAF1,HepG2,chr19:10996285:C:T,1,4,-1.1196603775024414,modal,cuda,QKI:HepG2
BCLAF1,HepG2,chr19:10996294:G:A,1,4,0.3206007480621338,modal,cuda,QKI:HepG2
BCLAF1,HepG2,chr19:10996299:C:G,1,4,-1.5666329860687256,modal,cuda,QKI:HepG2
BCLAF1,HepG2,chr19:11003047:C:T,1,4,-0.7176415920257568,modal,cuda,QKI:HepG2
BCLAF1,HepG2,chr19:12943967:G:T,0,4,-0.2783811092376709,modal,cuda,QKI:HepG2
BCLAF1,HepG2,chr19:23373748:G:A,0,4,-0.22876763343811035,modal,cuda,QKI:HepG2
BCLAF1,HepG2,chr19:23373803:A:G,0,4,0.23680996894836426,modal,cuda,QKI:HepG2
BCLAF1,HepG2,chr19:30009016:C:T,0,4,-0.39381909370422363,modal,cuda,QKI:HepG2
BCLAF1,HepG2,chr19:34451967:A:T,0,4,0.07035893201828003,modal,cuda,QKI:HepG2
BCLAF1,HepG2,chr19:56814075:G:A,0,4,0.5756680965423584,modal,cuda,QKI:HepG2
BCLAF1,HepG2,chr19:56814275:G:A,0,4,0.3460967540740967,modal,cuda,QKI:HepG2
BCLAF1,HepG2,chr19:56814509:G:A,0,4,-0.3514551520347595,modal,cuda,QKI:HepG2
BCLAF1,HepG2,chr19:56814611:G:A,0,4,0.19477605819702148,modal,cuda,QKI:HepG2
BCLAF1,HepG2,chr19:56815927:C:G,0,4,0.4629526138305664,modal,cuda,QKI:HepG2
BCLAF1,HepG2,chr19:56816052:C:A,0,4,0.6012165546417236,modal,cuda,QKI:HepG2
BCLAF1,HepG2,chr19:56816064:A:G,0,4,0.2198653221130371,modal,cuda,QKI:HepG2
BCLAF1,HepG2,chr19:56816350:A:C,0,4,0.2669074535369873,modal,cuda,QKI:HepG2
BCLAF1,HepG2,chr19:56816571:T:C,0,4,-0.43448829650878906,modal,cuda,QKI:HepG2
BCLAF1,HepG2,chr19:56816845:C:A,0,4,0.38778018951416016,modal,cuda,QKI:HepG2
BCLAF1,HepG2,chr1:100015402:G:A,1,0,0.26433515548706055,modal,cuda,QKI:HepG2
BCLAF1,HepG2,chr1:100015418:C:T,1,0,-0.5433647632598877,modal,cuda,QKI:HepG2
BCLAF1,HepG2,chr1:100214875:A:T,1,0,1.1404612064361572,modal,cuda,QKI:HepG2
BCLAF1,HepG2,chr1:10258474:C:T,0,0,0.4939228892326355,modal,cuda,QKI:HepG2
BCLAF1,HepG2,chr1:10258678:A:C,0,0,-0.4327218532562256,modal,cuda,QKI:HepG2
BCLAF1,HepG2,chr1:10261983:G:A,0,0,0.2147815227508545,modal,cuda,QKI:HepG2
BCLAF1,HepG2,chr1:10261996:G:A,0,0,0.12715911865234375,modal,cuda,QKI:HepG2
BCLAF1,HepG2,chr1:10268280:C:T,0,0,-0.5417790412902832,modal,cuda,QKI:HepG2
BCLAF1,HepG2,chr1:10295776:C:T,0,0,-0.10243654251098633,modal,cuda,QKI:HepG2
BCLAF1,HepG2,chr1:103544934:C:G,0,0,-0.2498915195465088,modal,cuda,QKI:HepG2
BCLAF1,HepG2,chr1:108937207:C:T,0,0,0.31998491287231445,modal,cuda,QKI:HepG2
BCLAF1,HepG2,chr1:108937337:G:A,0,0,-0.5428881645202637,modal,cuda,QKI:HepG2
BCLAF1,HepG2,chr1:108939681:C:T,0,0,0.27710479497909546,modal,cuda,QKI:HepG2
BCLAF1,HepG2,chr1:108939682:G:A,0,0,0.3175685405731201,modal,cuda,QKI:HepG2
BCLAF1,HepG2,chr1:108943574:A:G,0,0,0.4756338596343994,modal,cuda,QKI:HepG2
BCLAF1,HepG2,chr1:108949856:T:C,0,0,0.1462458372116089,modal,cuda,QKI:HepG2
BCLAF1,HepG2,chr1:11013974:C:T,0,0,-0.33423295617103577,modal,cuda,QKI:HepG2
BCLAF1,HepG2,chr1:111159398:A:G,0,0,-0.7992522716522217,modal,cuda,QKI:HepG2
BCLAF1,HepG2,chr1:11232419:G:A,0,0,-0.47006916999816895,modal,cuda,QKI:HepG2
BCLAF1,HepG2,chr1:11232433:C:A,0,0,0.31813621520996094,modal,cuda,QKI:HepG2
BCLAF1,HepG2,chr1:11247729:C:A,0,0,-0.48703551292419434,modal,cuda,QKI:HepG2
BCLAF1,HepG2,chr1:11253894:T:G,0,0,-0.25874605774879456,modal,cuda,QKI:HepG2
BCLAF1,HepG2,chr1:11253918:C:A,0,0,0.10889816284179688,modal,cuda,QKI:HepG2
BCLAF1,HepG2,chr1:11253942:T:C,0,0,-0.2559570074081421,modal,cuda,QKI:HepG2
BCLAF1,HepG2,chr1:11253957:G:A,0,0,0.18938493728637695,modal,cuda,QKI:HepG2
BCLAF1,HepG2,chr1:11259273:T:C,0,0,-0.4658212661743164,modal,cuda,QKI:HepG2
BCLAF1,HepG2,chr1:11259312:T:A,0,0,-0.12414956092834473,modal,cuda,QKI:HepG2
BCLAF1,HepG2,chr1:11259350:G:A,0,0,-0.193634033203125,modal,cuda,QKI:HepG2
BCLAF1,HepG2,chr1:113116443:A:G,0,0,-0.15250086784362793,modal,cuda,QKI:HepG2
BCLAF1,HepG2,chr1:11815922:C:A,0,0,-1.3017780780792236,modal,cuda,QKI:HepG2
BCLAF1,HepG2,chr1:11816605:G:A,0,0,0.4977434277534485,modal,cuda,QKI:HepG2
BCLAF1,HepG2,chr1:11816629:T:C,0,0,0.5918809175491333,modal,cuda,QKI:HepG2
BCLAF1,HepG2,chr1:11816635:G:A,0,0,0.11288774013519287,modal,cuda,QKI:HepG2
BCLAF1,HepG2,chr1:119950690:C:T,0,0,0.2906554937362671,modal,cuda,QKI:HepG2
BCLAF1,HepG2,chr1:12256527:A:G,0,0,-0.24417155981063843,modal,cuda,QKI:HepG2
BCLAF1,HepG2,chr1:147201336:G:A,0,0,-0.857933521270752,modal,cuda,QKI:HepG2
BCLAF1,HepG2,chr1:147275406:T:C,0,0,-0.3544433116912842,modal,cuda,QKI:HepG2
BCLAF1,HepG2,chr1:147280037:A:G,0,0,-0.5504271984100342,modal,cuda,QKI:HepG2
BCLAF1,HepG2,chr1:147280109:C:A,0,0,0.3383183479309082,modal,cuda,QKI:HepG2
BCLAF1,HepG2,chr1:147285415:A:C,0,0,0.3081374168395996,modal,cuda,QKI:HepG2
BCLAF1,HepG2,chr1:147285455:G:A,0,0,0.3135077953338623,modal,cuda,QKI:HepG2
BCLAF1,HepG2,chr1:147295468:T:G,0,0,0.6659489870071411,modal,cuda,QKI:HepG2
BCLAF1,HepG2,chr1:150076219:C:T,0,0,0.268357515335083,modal,cuda,QKI:HepG2
BCLAF1,HepG2,chr1:150076341:C:T,0,0,0.14655256271362305,modal,cuda,QKI:HepG2
BCLAF1,HepG2,chr1:150082811:A:G,0,0,-0.2678642272949219,modal,cuda,QKI:HepG2
BCLAF1,HepG2,chr1:150325734:G:A,0,0,-0.2956257462501526,modal,cuda,QKI:HepG2
BCLAF1,HepG2,chr1:151429635:C:A,1,0,0.2824220061302185,modal,cuda,QKI:HepG2
BCLAF1,HepG2,chr1:151429642:G:A,1,0,-1.0161771774291992,modal,cuda,QKI:HepG2
BCLAF1,HepG2,chr1:151429712:C:T,1,0,-0.5606564283370972,modal,cuda,QKI:HepG2
BCLAF1,HepG2,chr1:151429713:T:G,1,0,-0.9041645526885986,modal,cuda,QKI:HepG2
BCLAF1,HepG2,chr1:151441087:C:A,1,0,-0.4115980863571167,modal,cuda,QKI:HepG2
BCLAF1,HepG2,chr1:151441097:G:T,0,0,-0.466184139251709,modal,cuda,QKI:HepG2
BCLAF1,HepG2,chr1:153827982:T:C,0,0,-0.11997842788696289,modal,cuda,QKI:HepG2
BCLAF1,HepG2,chr1:153827983:A:G,0,0,0.32395267486572266,modal,cuda,QKI:HepG2
BCLAF1,HepG2,chr1:154170417:G:T,1,0,0.15364813804626465,modal,cuda,QKI:HepG2
BCLAF1,HepG2,chr1:154172971:C:T,1,0,0.2568519115447998,modal,cuda,QKI:HepG2
BCLAF1,HepG2,chr1:154172972:G:A,1,0,-0.4306834936141968,modal,cuda,QKI:HepG2
BCLAF1,HepG2,chr1:154173127:T:G,1,0,0.07619929313659668,modal,cuda,QKI:HepG2
BCLAF1,HepG2,chr1:154173134:G:T,1,0,-0.1597590446472168,modal,cuda,QKI:HepG2
BCLAF1,HepG2,chr1:154602122:G:A,1,0,0.19176506996154785,modal,cuda,QKI:HepG2
BCLAF1,HepG2,chr1:156268420:A:G,0,0,-0.2587736248970032,modal,cuda,QKI:HepG2
BCLAF1,HepG2,chr1:156334921:A:G,0,0,-0.31168246269226074,modal,cuda,QKI:HepG2
BCLAF1,HepG2,chr1:160238682:T:C,0,0,-0.6308109760284424,modal,cuda,QKI:HepG2
BCLAF1,HepG2,chr1:160293382:T:C,0,0,-0.6538543701171875,modal,cuda,QKI:HepG2
BCLAF1,HepG2,chr1:160295878:G:C,0,0,-0.35718464851379395,modal,cuda,QKI:HepG2
BCLAF1,HepG2,chr1:160297336:T:C,0,0,-0.4219083786010742,modal,cuda,QKI:HepG2
BCLAF1,HepG2,chr1:160297765:G:A,0,0,-0.6082804203033447,modal,cuda,QKI:HepG2
BCLAF1,HepG2,chr1:160313067:A:G,0,0,-0.24129360914230347,modal,cuda,QKI:HepG2
BCLAF1,HepG2,chr1:161819835:C:G,0,0,-0.1658654808998108,modal,cuda,QKI:HepG2
BCLAF1,HepG2,chr1:161821166:G:C,1,0,0.6948914527893066,modal,cuda,QKI:HepG2
BCLAF1,HepG2,chr1:162590324:A:C,0,0,0.46031832695007324,modal,cuda,QKI:HepG2
BCLAF1,HepG2,chr1:162590419:G:A,0,0,0.506610631942749,modal,cuda,QKI:HepG2
BCLAF1,HepG2,chr1:165759546:G:A,1,0,-0.479050874710083,modal,cuda,QKI:HepG2
BCLAF1,HepG2,chr1:169546601:C:A,0,0,-0.2518032193183899,modal,cuda,QKI:HepG2
BCLAF1,HepG2,chr1:169558942:C:A,0,0,0.46868109703063965,modal,cuda,QKI:HepG2
BCLAF1,HepG2,chr1:174221067:A:G,0,0,-0.3379175662994385,modal,cuda,QKI:HepG2
BCLAF1,HepG2,chr1:175008715:A:G,0,0,-0.22560834884643555,modal,cuda,QKI:HepG2
BCLAF1,HepG2,chr1:17622992:G:T,0,0,0.22595643997192383,modal,cuda,QKI:HepG2
BCLAF1,HepG2,chr1:180803395:C:T,0,0,-0.3585622310638428,modal,cuda,QKI:HepG2
BCLAF1,HepG2,chr1:182385715:A:G,0,0,-0.5401562452316284,modal,cuda,QKI:HepG2
BCLAF1,HepG2,chr1:182858115:C:T,1,0,-0.4062398672103882,modal,cuda,QKI:HepG2
BCLAF1,HepG2,chr1:182858162:G:A,0,0,0.40393519401550293,modal,cuda,QKI:HepG2
BCLAF1,HepG2,chr1:182876110:C:T,1,0,-0.32924675941467285,modal,cuda,QKI:HepG2
BCLAF1,HepG2,chr1:183132551:G:A,0,0,0.5717909336090088,modal,cuda,QKI:HepG2
BCLAF1,HepG2,chr1:183136367:G:A,0,0,0.4769282341003418,modal,cuda,QKI:HepG2
BCLAF1,HepG2,chr1:184721300:T:A,1,0,-0.39666008949279785,modal,cuda,QKI:HepG2
BCLAF1,HepG2,chr1:184732874:G:A,0,0,0.20318269729614258,modal,cuda,QKI:HepG2
BCLAF1,HepG2,chr1:19128202:A:G,0,0,0.25480926036834717,modal,cuda,QKI:HepG2
BCLAF1,HepG2,chr1:19147986:C:A,0,0,0.387209415435791,modal,cuda,QKI:HepG2
BCLAF1,HepG2,chr1:19157805:G:A,0,0,0.20655107498168945,modal,cuda,QKI:HepG2
BCLAF1,HepG2,chr1:19162618:G:A,0,0,-0.4331321716308594,modal,cuda,QKI:HepG2
BCLAF1,HepG2,chr1:19165007:G:A,0,0,-0.32831132411956787,modal,cuda,QKI:HepG2
BCLAF1,HepG2,chr1:19165363:T:C,0,0,-0.18147456645965576,modal,cuda,QKI:HepG2
BCLAF1,HepG2,chr1:19165646:C:T,0,0,0.43906593322753906,modal,cuda,QKI:HepG2
BCLAF1,HepG2,chr1:19201715:T:C,0,0,-0.44965219497680664,modal,cuda,QKI:HepG2
BCLAF1,HepG2,chr1:193212495:C:G,0,0,-0.2707095146179199,modal,cuda,QKI:HepG2
BCLAF1,HepG2,chr1:197133615:A:G,0,0,-0.2643160820007324,modal,cuda,QKI:HepG2
BCLAF1,HepG2,chr1:200598216:T:C,0,0,0.5415127277374268,modal,cuda,QKI:HepG2
BCLAF1,HepG2,chr1:200598225:G:A,0,0,0.7358553409576416,modal,cuda,QKI:HepG2
BCLAF1,HepG2,chr1:204549613:G:A,0,0,-2.158520221710205,modal,cuda,QKI:HepG2
BCLAF1,HepG2,chr1:20744866:T:C,0,0,0.29915547370910645,modal,cuda,QKI:HepG2
BCLAF1,HepG2,chr1:207785659:T:A,1,0,-0.34974241256713867,modal,cuda,QKI:HepG2
BCLAF1,HepG2,chr1:207785684:T:A,1,0,-0.5121846199035645,modal,cuda,QKI:HepG2
BCLAF1,HepG2,chr1:212895062:T:C,0,0,-1.3038265705108643,modal,cuda,QKI:HepG2
BCLAF1,HepG2,chr1:213104476:C:A,0,0,0.4693722724914551,modal,cuda,QKI:HepG2
BCLAF1,HepG2,chr1:213129907:T:C,0,0,-0.38283753395080566,modal,cuda,QKI:HepG2
BCLAF1,HepG2,chr1:213167847:T:C,0,0,0.6129461526870728,modal,cuda,QKI:HepG2
BCLAF1,HepG2,chr1:213241036:G:A,0,0,0.31709450483322144,modal,cuda,QKI:HepG2
BCLAF1,HepG2,chr1:213241112:G:C,0,0,0.43495869636535645,modal,cuda,QKI:HepG2
BCLAF1,HepG2,chr1:22501551:T:C,0,0,-0.09736180305480957,modal,cuda,QKI:HepG2
BCLAF1,HepG2,chr1:227030478:A:C,0,0,0.2779874801635742,modal,cuda,QKI:HepG2
BCLAF1,HepG2,chr1:23073280:G:T,0,0,0.36720573902130127,modal,cuda,QKI:HepG2
BCLAF1,HepG2,chr1:231275503:G:A,1,0,0.32597970962524414,modal,cuda,QKI:HepG2
BCLAF1,HepG2,chr1:231373965:A:G,0,0,-0.3441023826599121,modal,cuda,QKI:HepG2
BCLAF1,HepG2,chr1:231373973:T:C,0,0,-0.39116859436035156,modal,cuda,QKI:HepG2
BCLAF1,HepG2,chr1:231561210:A:G,0,0,0.32486510276794434,modal,cuda,QKI:HepG2
BCLAF1,HepG2,chr1:235182498:G:A,0,0,0.19478297233581543,modal,cuda,QKI:HepG2
BCLAF1,HepG2,chr1:235414614:C:T,1,0,0.30267763137817383,modal,cuda,QKI:HepG2
BCLAF1,HepG2,chr1:236803547:C:T,1,0,-0.7157540321350098,modal,cuda,QKI:HepG2
BCLAF1,HepG2,chr1:236816464:G:A,0,0,0.3257220387458801,modal,cuda,QKI:HepG2
BCLAF1,HepG2,chr1:236825363:T:A,1,0,-1.1383507251739502,modal,cuda,QKI:HepG2
BCLAF1,HepG2,chr1:236826841:G:A,0,0,0.23451018333435059,modal,cuda,QKI:HepG2
BCLAF1,HepG2,chr1:236826895:A:G,1,0,-0.1559758186340332,modal,cuda,QKI:HepG2
BCLAF1,HepG2,chr1:236861168:T:G,1,0,0.5434310436248779,modal,cuda,QKI:HepG2
BCLAF1,HepG2,chr1:236861188:C:T,1,0,-1.3298137187957764,modal,cuda,QKI:HepG2
BCLAF1,HepG2,chr1:236874861:T:C,0,0,-2.2001562118530273,modal,cuda,QKI:HepG2
BCLAF1,HepG2,chr1:236897550:T:C,0,0,-0.23617210984230042,modal,cuda,QKI:HepG2
BCLAF1,HepG2,chr1:243304716:A:T,1,0,-0.4224509000778198,modal,cuda,QKI:HepG2
BCLAF1,HepG2,chr1:244843041:G:T,1,0,0.4517439603805542,modal,cuda,QKI:HepG2
BCLAF1,HepG2,chr1:244843137:C:T,0,0,-0.26204609870910645,modal,cuda,QKI:HepG2
BCLAF1,HepG2,chr1:244843172:A:G,0,0,-0.3367176055908203,modal,cuda,QKI:HepG2
BCLAF1,HepG2,chr1:244855614:A:T,0,0,-0.1485539674758911,modal,cuda,QKI:HepG2
BCLAF1,HepG2,chr1:244855889:T:G,0,0,-0.4971271753311157,modal,cuda,QKI:HepG2
BCLAF1,HepG2,chr1:244856161:G:A,0,0,-0.2589033842086792,modal,cuda,QKI:HepG2
BCLAF1,HepG2,chr1:244856629:T:A,0,0,-0.1294003129005432,modal,cuda,QKI:HepG2
BCLAF1,HepG2,chr1:244856718:T:G,0,0,0.2513740062713623,modal,cuda,QKI:HepG2
BCLAF1,HepG2,chr1:244856723:C:T,0,0,0.44016170501708984,modal,cuda,QKI:HepG2
BCLAF1,HepG2,chr1:244856724:G:A,0,0,-0.41468346118927,modal,cuda,QKI:HepG2
BCLAF1,HepG2,chr1:244856866:A:G,0,0,-0.3756769299507141,modal,cuda,QKI:HepG2
BCLAF1,HepG2,chr1:244857593:C:T,0,0,-0.3826725482940674,modal,cuda,QKI:HepG2
BCLAF1,HepG2,chr1:244858724:C:T,1,0,-0.4524359703063965,modal,cuda,QKI:HepG2
BCLAF1,HepG2,chr1:244859251:A:C,0,0,-0.15986227989196777,modal,cuda,QKI:HepG2
BCLAF1,HepG2,chr1:244860327:G:A,0,0,0.15983986854553223,modal,cuda,QKI:HepG2
BCLAF1,HepG2,chr1:244860330:T:C,0,0,-0.15674841403961182,modal,cuda,QKI:HepG2
BCLAF1,HepG2,chr1:244860483:A:G,0,0,0.17697477340698242,modal,cuda,QKI:HepG2
BCLAF1,HepG2,chr1:244862608:G:A,0,0,0.7823474407196045,modal,cuda,QKI:HepG2
BCLAF1,HepG2,chr1:26432980:G:A,1,0,0.3892664909362793,modal,cuda,QKI:HepG2
BCLAF1,HepG2,chr1:26766572:G:A,0,0,-0.5325347185134888,modal,cuda,QKI:HepG2
BCLAF1,HepG2,chr1:28987461:G:A,0,0,-1.1332733631134033,modal,cuda,QKI:HepG2
BCLAF1,HepG2,chr1:28987557:A:G,0,0,-0.468528151512146,modal,cuda,QKI:HepG2
BCLAF1,HepG2,chr1:28997275:G:T,1,0,0.4214191436767578,modal,cuda,QKI:HepG2
BCLAF1,HepG2,chr1:32180465:A:G,0,0,0.189825177192688,modal,cuda,QKI:HepG2
BCLAF1,HepG2,chr1:32780294:G:A,0,0,0.18713176250457764,modal,cuda,QKI:HepG2
BCLAF1,HepG2,chr1:35189008:T:C,0,0,-0.3611292839050293,modal,cuda,QKI:HepG2
BCLAF1,HepG2,chr1:35190780:T:C,0,0,-0.3889082670211792,modal,cuda,QKI:HepG2
BCLAF1,HepG2,chr1:3826360:C:T,0,0,0.2039724588394165,modal,cuda,QKI:HepG2
BCLAF1,HepG2,chr1:39001114:C:G,0,0,-0.34253764152526855,modal,cuda,QKI:HepG2
BCLAF1,HepG2,chr1:39303095:G:A,0,0,0.3826441764831543,modal,cuda,QKI:HepG2
BCLAF1,HepG2,chr1:39361019:A:G,0,0,-0.24036049842834473,modal,cuda,QKI:HepG2
BCLAF1,HepG2,chr1:39422905:G:A,0,0,0.6406881809234619,modal,cuda,QKI:HepG2
BCLAF1,HepG2,chr1:39424005:G:A,0,0,0.45347124338150024,modal,cuda,QKI:HepG2
BCLAF1,HepG2,chr1:39448165:A:C,0,0,-0.5605263710021973,modal,cuda,QKI:HepG2
BCLAF1,HepG2,chr1:39459254:T:C,0,0,0.173212468624115,modal,cuda,QKI:HepG2
BCLAF1,HepG2,chr1:40307503:G:C,0,0,-0.19472450017929077,modal,cuda,QKI:HepG2
BCLAF1,HepG2,chr1:40310095:G:A,0,0,0.2769947052001953,modal,cuda,QKI:HepG2
BCLAF1,HepG2,chr1:41009488:G:C,0,0,0.6087803840637207,modal,cuda,QKI:HepG2
BCLAF1,HepG2,chr1:41009515:A:G,0,0,0.16742146015167236,modal,cuda,QKI:HepG2
BCLAF1,HepG2,chr1:45607496:A:C,0,0,-0.4712412357330322,modal,cuda,QKI:HepG2
BCLAF1,HepG2,chr1:52461623:T:A,0,0,-0.4631413221359253,modal,cuda,QKI:HepG2
BCLAF1,HepG2,chr1:52948032:C:T,1,0,-0.8202550411224365,modal,cuda,QKI:HepG2
BCLAF1,HepG2,chr1:52988011:C:T,0,0,0.7805631160736084,modal,cuda,QKI:HepG2
BCLAF1,HepG2,chr1:56876220:G:T,0,0,-0.5423666834831238,modal,cuda,QKI:HepG2
BCLAF1,HepG2,chr1:58660162:G:T,0,0,-0.642886757850647,modal,cuda,QKI:HepG2
BCLAF1,HepG2,chr1:58660171:A:C,0,0,0.4578317105770111,modal,cuda,QKI:HepG2
BCLAF1,HepG2,chr1:58667234:C:T,0,0,-0.2880070209503174,modal,cuda,QKI:HepG2
BCLAF1,HepG2,chr1:58667830:T:A,0,0,-0.06979751586914062,modal,cuda,QKI:HepG2
BCLAF1,HepG2,chr1:58668978:T:C,0,0,-0.4352447986602783,modal,cuda,QKI:HepG2
BCLAF1,HepG2,chr1:58673657:T:C,0,0,-0.1356438398361206,modal,cuda,QKI:HepG2
BCLAF1,HepG2,chr1:58685269:G:A,0,0,0.23573899269104004,modal,cuda,QKI:HepG2
BCLAF1,HepG2,chr1:62510677:T:C,0,0,-0.3529471158981323,modal,cuda,QKI:HepG2
BCLAF1,HepG2,chr1:62648398:A:C,0,0,0.4230480194091797,modal,cuda,QKI:HepG2
BCLAF1,HepG2,chr1:67052009:T:C,1,0,-0.2849416732788086,modal,cuda,QKI:HepG2
BCLAF1,HepG2,chr1:75732682:C:T,1,0,0.4339280128479004,modal,cuda,QKI:HepG2
BCLAF1,HepG2,chr1:75732688:T:C,1,0,-0.30574941635131836,modal,cuda,QKI:HepG2
BCLAF1,HepG2,chr1:75732751:T:C,0,0,-0.2239675521850586,modal,cuda,QKI:HepG2
BCLAF1,HepG2,chr1:75734772:T:A,1,0,1.164647102355957,modal,cuda,QKI:HepG2
BCLAF1,HepG2,chr1:75734798:C:A,1,0,0.47774967551231384,modal,cuda,QKI:HepG2
BCLAF1,HepG2,chr1:75734846:G:T,1,0,0.37659764289855957,modal,cuda,QKI:HepG2
BCLAF1,HepG2,chr1:75734873:T:C,1,0,-0.21758818626403809,modal,cuda,QKI:HepG2
BCLAF1,HepG2,chr1:75734873:T:G,1,0,-0.696619987487793,modal,cuda,QKI:HepG2
BCLAF1,HepG2,chr1:75739958:C:A,0,0,0.4426124095916748,modal,cuda,QKI:HepG2
BCLAF1,HepG2,chr1:75739988:T:G,0,0,0.6704378128051758,modal,cuda,QKI:HepG2
BCLAF1,HepG2,chr1:75739995:G:T,1,0,-0.8069957494735718,modal,cuda,QKI:HepG2
BCLAF1,HepG2,chr1:75740000:T:G,0,0,0.1503314971923828,modal,cuda,QKI:HepG2
BCLAF1,HepG2,chr1:75740014:A:G,1,0,-0.11469140648841858,modal,cuda,QKI:HepG2
BCLAF1,HepG2,chr1:77962911:G:A,0,0,0.4226043224334717,modal,cuda,QKI:HepG2
BCLAF1,HepG2,chr1:8624304:G:A,0,0,0.2667813301086426,modal,cuda,QKI:HepG2
BCLAF1,HepG2,chr1:90937849:A:G,0,0,-0.17638492584228516,modal,cuda,QKI:HepG2
BCLAF1,HepG2,chr1:90941120:C:T,0,0,0.36911845207214355,modal,cuda,QKI:HepG2
BCLAF1,HepG2,chr1:90941218:T:C,0,0,-0.2063589096069336,modal,cuda,QKI:HepG2
BCLAF1,HepG2,chr1:92247100:C:A,1,0,0.9457048177719116,modal,cuda,QKI:HepG2
BCLAF1,HepG2,chr1:92290213:G:A,1,0,-0.3637659549713135,modal,cuda,QKI:HepG2
BCLAF1,HepG2,chr1:92297425:A:C,0,0,-0.6514290571212769,modal,cuda,QKI:HepG2
BCLAF1,HepG2,chr1:92297511:C:T,0,0,0.2950536012649536,modal,cuda,QKI:HepG2
BCLAF1,HepG2,chr1:92833544:G:C,1,0,0.3393552303314209,modal,cuda,QKI:HepG2
BCLAF1,HepG2,chr1:92833603:C:G,1,0,-0.5871047973632812,modal,cuda,QKI:HepG2
BCLAF1,HepG2,chr1:92833632:G:C,1,0,0.36509132385253906,modal,cuda,QKI:HepG2
BCLAF1,HepG2,chr1:92833658:C:T,1,0,-0.2619812488555908,modal,cuda,QKI:HepG2
BCLAF1,HepG2,chr1:92836250:G:T,1,0,-3.5570168495178223,modal,cuda,QKI:HepG2
BCLAF1,HepG2,chr1:92837585:C:A,1,0,0.821063756942749,modal,cuda,QKI:HepG2
BCLAF1,HepG2,chr1:92837592:C:T,1,0,0.729473352432251,modal,cuda,QKI:HepG2
BCLAF1,HepG2,chr1:92840587:C:T,1,0,-1.1868481636047363,modal,cuda,QKI:HepG2
BCLAF1,HepG2,chr1:92841745:A:G,0,0,-0.19522953033447266,modal,cuda,QKI:HepG2
BCLAF1,HepG2,chr1:92841757:C:A,0,0,0.7356059551239014,modal,cuda,QKI:HepG2
BCLAF1,HepG2,chr1:92841817:A:G,0,0,-0.7715262174606323,modal,cuda,QKI:HepG2
BCLAF1,HepG2,chr1:93118449:G:A,0,0,0.24921917915344238,modal,cuda,QKI:HepG2
BCLAF1,HepG2,chr1:93530747:G:T,0,0,0.4936511516571045,modal,cuda,QKI:HepG2
BCLAF1,HepG2,chr1:94464884:T:C,0,0,-0.15822052955627441,modal,cuda,QKI:HepG2
BCLAF1,HepG2,chr1:94506651:G:A,0,0,0.2398691177368164,modal,cuda,QKI:HepG2
BCLAF1,HepG2,chr1:96769734:A:G,0,0,-0.42279529571533203,modal,cuda,QKI:HepG2
BCLAF1,HepG2,chr1:96785115:C:T,0,0,0.22481155395507812,modal,cuda,QKI:HepG2
BCLAF1,HepG2,chr1:99862421:C:G,1,0,-0.05485343933105469,modal,cuda,QKI:HepG2
BCLAF1,HepG2,chr20:13534052:C:T,0,0,-0.5153218507766724,modal,cuda,QKI:HepG2
BCLAF1,HepG2,chr20:13587326:C:A,0,0,-0.468400239944458,modal,cuda,QKI:HepG2
BCLAF1,HepG2,chr20:13625199:G:A,1,0,-0.32912445068359375,modal,cuda,QKI:HepG2
BCLAF1,HepG2,chr20:13625256:A:T,0,0,0.19075727462768555,modal,cuda,QKI:HepG2
BCLAF1,HepG2,chr20:13785231:C:A,1,0,-0.2718489170074463,modal,cuda,QKI:HepG2
BCLAF1,HepG2,chr20:13785288:G:T,1,0,0.10243023186922073,modal,cuda,QKI:HepG2
BCLAF1,HepG2,chr20:13785298:C:G,0,0,-0.15209436416625977,modal,cuda,QKI:HepG2
BCLAF1,HepG2,chr20:17970274:C:T,1,0,0.3484957218170166,modal,cuda,QKI:HepG2
BCLAF1,HepG2,chr20:17988280:T:C,0,0,0.16083383560180664,modal,cuda,QKI:HepG2
BCLAF1,HepG2,chr20:18142268:C:G,0,0,-0.3305692672729492,modal,cuda,QKI:HepG2
BCLAF1,HepG2,chr20:18530812:A:G,0,0,-0.38408327102661133,modal,cuda,QKI:HepG2
BCLAF1,HepG2,chr20:20048481:C:T,1,0,0.12656784057617188,modal,cuda,QKI:HepG2
BCLAF1,HepG2,chr20:20048482:G:A,1,0,0.1773538589477539,modal,cuda,QKI:HepG2
BCLAF1,HepG2,chr20:21136463:C:T,1,0,-0.6851938962936401,modal,cuda,QKI:HepG2
BCLAF1,HepG2,chr20:21136484:C:T,1,0,0.7468960285186768,modal,cuda,QKI:HepG2
BCLAF1,HepG2,chr20:21145597:A:G,0,0,-0.5023784637451172,modal,cuda,QKI:HepG2
BCLAF1,HepG2,chr20:21232723:G:A,0,0,0.20043963193893433,modal,cuda,QKI:HepG2
BCLAF1,HepG2,chr20:23402998:C:T,1,0,0.16825199127197266,modal,cuda,QKI:HepG2
BCLAF1,HepG2,chr20:2654858:T:C,0,0,-0.22701621055603027,modal,cuda,QKI:HepG2
BCLAF1,HepG2,chr20:2657166:C:T,0,0,0.5907325744628906,modal,cuda,QKI:HepG2
BCLAF1,HepG2,chr20:2657933:T:C,0,0,-0.26294952630996704,modal,cuda,QKI:HepG2
BCLAF1,HepG2,chr20:2658081:G:A,0,0,0.20224976539611816,modal,cuda,QKI:HepG2
BCLAF1,HepG2,chr20:2658084:C:T,0,0,-0.31132447719573975,modal,cuda,QKI:HepG2
BCLAF1,HepG2,chr20:2658234:G:A,0,0,-0.31376969814300537,modal,cuda,QKI:HepG2
BCLAF1,HepG2,chr20:2658236:T:C,0,0,0.20801162719726562,modal,cuda,QKI:HepG2
BCLAF1,HepG2,chr20:2660340:G:A,1,0,-0.33681511878967285,modal,cuda,QKI:HepG2
BCLAF1,HepG2,chr20:33853561:T:C,0,0,-0.21237480640411377,modal,cuda,QKI:HepG2
BCLAF1,HepG2,chr20:34408774:G:A,1,0,-0.10635566711425781,modal,cuda,QKI:HepG2
BCLAF1,HepG2,chr20:34412548:T:C,0,0,0.1641221046447754,modal,cuda,QKI:HepG2
BCLAF1,HepG2,chr20:34479809:T:A,0,0,-0.6958572864532471,modal,cuda,QKI:HepG2
BCLAF1,HepG2,chr20:35384111:C:T,0,0,-0.17991209030151367,modal,cuda,QKI:HepG2
BCLAF1,HepG2,chr20:35466146:G:A,1,0,-0.57627272605896,modal,cuda,QKI:HepG2
BCLAF1,HepG2,chr20:35472734:T:A,1,0,-0.23872113227844238,modal,cuda,QKI:HepG2
BCLAF1,HepG2,chr20:35473370:A:G,0,0,-0.3879677653312683,modal,cuda,QKI:HepG2
BCLAF1,HepG2,chr20:35473949:C:T,1,0,0.4227049946784973,modal,cuda,QKI:HepG2
BCLAF1,HepG2,chr20:35473991:C:T,1,0,0.21571075916290283,modal,cuda,QKI:HepG2
BCLAF1,HepG2,chr20:35475582:C:A,1,0,-0.5448542833328247,modal,cuda,QKI:HepG2
BCLAF1,HepG2,chr20:35491196:C:G,0,0,0.5264382362365723,modal,cuda,QKI:HepG2
BCLAF1,HepG2,chr20:35497699:G:A,0,0,0.44907379150390625,modal,cuda,QKI:HepG2
BCLAF1,HepG2,chr20:37777430:C:G,0,0,-0.5060060024261475,modal,cuda,QKI:HepG2
BCLAF1,HepG2,chr20:38499437:T:C,0,0,0.14992724359035492,modal,cuda,QKI:HepG2
BCLAF1,HepG2,chr20:41487827:C:T,0,0,0.5107420682907104,modal,cuda,QKI:HepG2
BCLAF1,HepG2,chr20:41512842:A:G,0,0,0.528814435005188,modal,cuda,QKI:HepG2
BCLAF1,HepG2,chr20:43460026:C:T,0,0,-0.5531115531921387,modal,cuda,QKI:HepG2
BCLAF1,HepG2,chr20:43460203:C:T,0,0,0.27159929275512695,modal,cuda,QKI:HepG2
BCLAF1,HepG2,chr20:44972066:C:G,0,0,-0.3258333206176758,modal,cuda,QKI:HepG2
BCLAF1,HepG2,chr20:48988288:G:A,0,0,0.3259117603302002,modal,cuda,QKI:HepG2
BCLAF1,HepG2,chr20:49153924:A:C,0,0,-0.08245468139648438,modal,cuda,QKI:HepG2
BCLAF1,HepG2,chr20:50942116:C:A,1,0,0.49709272384643555,modal,cuda,QKI:HepG2
BCLAF1,HepG2,chr20:58441038:G:A,0,0,0.28584766387939453,modal,cuda,QKI:HepG2
BCLAF1,HepG2,chr20:58673636:A:T,0,0,-0.6315808296203613,modal,cuda,QKI:HepG2
BCLAF1,HepG2,chr20:58673672:C:G,0,0,-0.5791162252426147,modal,cuda,QKI:HepG2
BCLAF1,HepG2,chr20:5944037:G:A,0,0,-0.39539456367492676,modal,cuda,QKI:HepG2
BCLAF1,HepG2,chr20:6087773:T:C,1,0,-0.2995481491088867,modal,cuda,QKI:HepG2
BCLAF1,HepG2,chr20:6112469:A:G,0,0,0.41614627838134766,modal,cuda,QKI:HepG2
BCLAF1,HepG2,chr20:62140809:G:A,0,0,-0.35983943939208984,modal,cuda,QKI:HepG2
BCLAF1,HepG2,chr20:62836349:G:A,0,0,-0.09318524599075317,modal,cuda,QKI:HepG2
BCLAF1,HepG2,chr20:63662805:C:T,0,0,-0.21620583534240723,modal,cuda,QKI:HepG2
BCLAF1,HepG2,chr20:63662886:G:T,1,0,0.4225273132324219,modal,cuda,QKI:HepG2
BCLAF1,HepG2,chr20:63666047:T:C,0,0,0.135176420211792,modal,cuda,QKI:HepG2
BCLAF1,HepG2,chr20:63995103:A:G,0,0,0.4242134094238281,modal,cuda,QKI:HepG2
BCLAF1,HepG2,chr20:63995108:A:T,0,0,-0.11785626411437988,modal,cuda,QKI:HepG2
BCLAF1,HepG2,chr20:8646203:G:A,0,0,-2.650561809539795,modal,cuda,QKI:HepG2
BCLAF1,HepG2,chr20:8649470:A:G,0,0,-0.37668538093566895,modal,cuda,QKI:HepG2
BCLAF1,HepG2,chr20:8697799:G:A,0,0,-0.7291755676269531,modal,cuda,QKI:HepG2
BCLAF1,HepG2,chr20:8741450:T:G,0,0,0.5378432273864746,modal,cuda,QKI:HepG2
BCLAF1,HepG2,chr20:8788533:C:T,0,0,-0.17389869689941406,modal,cuda,QKI:HepG2
BCLAF1,HepG2,chr20:8790285:A:C,0,0,0.47567057609558105,modal,cuda,QKI:HepG2
BCLAF1,HepG2,chr21:25975945:A:G,0,0,-0.306441068649292,modal,cuda,QKI:HepG2
BCLAF1,HepG2,chr21:25976039:A:T,0,0,0.340004026889801,modal,cuda,QKI:HepG2
BCLAF1,HepG2,chr21:25982324:G:A,0,0,0.16037321090698242,modal,cuda,QKI:HepG2
BCLAF1,HepG2,chr21:26000158:G:A,0,0,0.09958159923553467,modal,cuda,QKI:HepG2
BCLAF1,HepG2,chr21:32603197:C:T,0,0,0.3969695568084717,modal,cuda,QKI:HepG2
BCLAF1,HepG2,chr21:32604220:G:A,1,0,-1.4027328491210938,modal,cuda,QKI:HepG2
BCLAF1,HepG2,chr21:32604303:G:A,0,0,0.3076809346675873,modal,cuda,QKI:HepG2
BCLAF1,HepG2,chr21:32607716:G:T,1,0,-0.12664031982421875,modal,cuda,QKI:HepG2
BCLAF1,HepG2,chr21:32607732:G:C,0,0,0.20293986797332764,modal,cuda,QKI:HepG2
BCLAF1,HepG2,chr21:32744819:T:G,0,0,0.07444286346435547,modal,cuda,QKI:HepG2
BCLAF1,HepG2,chr21:33263038:G:A,0,0,-0.1797088384628296,modal,cuda,QKI:HepG2
BCLAF1,HepG2,chr21:33263044:C:T,0,0,-0.20822960138320923,modal,cuda,QKI:HepG2
BCLAF1,HepG2,chr21:33343257:T:C,0,0,-0.2333083152770996,modal,cuda,QKI:HepG2
BCLAF1,HepG2,chr21:33355333:A:G,0,0,-0.2617422342300415,modal,cuda,QKI:HepG2
BCLAF1,HepG2,chr21:33546246:A:G,0,0,0.4433300495147705,modal,cuda,QKI:HepG2
BCLAF1,HepG2,chr21:33549618:T:A,1,0,-1.3818359375,modal,cuda,QKI:HepG2
BCLAF1,HepG2,chr21:33549625:C:T,1,0,-1.0209038257598877,modal,cuda,QKI:HepG2
BCLAF1,HepG2,chr21:33549634:G:T,1,0,0.4693751335144043,modal,cuda,QKI:HepG2
BCLAF1,HepG2,chr21:33549650:C:T,0,0,-0.30513715744018555,modal,cuda,QKI:HepG2
BCLAF1,HepG2,chr21:33549679:T:C,0,0,0.5728898048400879,modal,cuda,QKI:HepG2
BCLAF1,HepG2,chr21:33549715:C:T,0,0,-0.39400219917297363,modal,cuda,QKI:HepG2
BCLAF1,HepG2,chr21:33549729:G:T,0,0,-0.9326525926589966,modal,cuda,QKI:HepG2
BCLAF1,HepG2,chr21:33549782:C:T,0,0,-0.23040807247161865,modal,cuda,QKI:HepG2
BCLAF1,HepG2,chr21:33553885:G:A,0,0,0.4478515386581421,modal,cuda,QKI:HepG2
BCLAF1,HepG2,chr21:33554381:C:T,0,0,0.5124285221099854,modal,cuda,QKI:HepG2
BCLAF1,HepG2,chr21:33554386:T:A,0,0,0.4779825210571289,modal,cuda,QKI:HepG2
BCLAF1,HepG2,chr21:33554495:C:G,0,0,-0.6475009918212891,modal,cuda,QKI:HepG2
BCLAF1,HepG2,chr21:33554681:A:G,0,0,-0.3058664798736572,modal,cuda,QKI:HepG2
BCLAF1,HepG2,chr21:33554704:C:T,1,0,-0.6957985758781433,modal,cuda,QKI:HepG2
BCLAF1,HepG2,chr21:33554985:T:C,0,0,-0.1610708236694336,modal,cuda,QKI:HepG2
BCLAF1,HepG2,chr21:33554992:C:T,1,0,-0.4789639115333557,modal,cuda,QKI:HepG2
BCLAF1,HepG2,chr21:33554998:C:T,1,0,0.48541760444641113,modal,cuda,QKI:HepG2
BCLAF1,HepG2,chr21:33555043:C:T,1,0,-0.3135889768600464,modal,cuda,QKI:HepG2
BCLAF1,HepG2,chr21:33557320:A:G,0,0,-1.4207758903503418,modal,cuda,QKI:HepG2
BCLAF1,HepG2,chr21:33559604:A:G,0,0,0.44378381967544556,modal,cuda,QKI:HepG2
BCLAF1,HepG2,chr21:33559629:T:C,0,0,-3.4539718627929688,modal,cuda,QKI:HepG2
BCLAF1,HepG2,chr21:33559727:A:G,0,0,-0.24383020401000977,modal,cuda,QKI:HepG2
BCLAF1,HepG2,chr21:33559779:A:C,0,0,0.5618593692779541,modal,cuda,QKI:HepG2
BCLAF1,HepG2,chr21:33573415:T:C,0,0,0.29250311851501465,modal,cuda,QKI:HepG2
BCLAF1,HepG2,chr21:33582064:T:C,1,0,0.4328247904777527,modal,cuda,QKI:HepG2
BCLAF1,HepG2,chr21:33750246:T:C,0,0,0.45967555046081543,modal,cuda,QKI:HepG2
BCLAF1,HepG2,chr21:37095344:T:C,0,0,0.45205891132354736,modal,cuda,QKI:HepG2
BCLAF1,HepG2,chr21:37126118:T:C,0,0,-0.13935446739196777,modal,cuda,QKI:HepG2
BCLAF1,HepG2,chr21:37129055:A:G,0,0,-0.06772422790527344,modal,cuda,QKI:HepG2
BCLAF1,HepG2,chr21:37144636:A:G,0,0,-0.3751842975616455,modal,cuda,QKI:HepG2
BCLAF1,HepG2,chr21:37197706:C:T,0,0,0.13450098037719727,modal,cuda,QKI:HepG2
BCLAF1,HepG2,chr21:37486464:T:C,0,0,0.29377317428588867,modal,cuda,QKI:HepG2
BCLAF1,HepG2,chr21:37486464:T:G,1,0,-0.6705694198608398,modal,cuda,QKI:HepG2
BCLAF1,HepG2,chr21:37505276:C:T,0,0,0.15339899063110352,modal,cuda,QKI:HepG2
BCLAF1,HepG2,chr21:37505280:C:G,1,0,-0.6422437429428101,modal,cuda,QKI:HepG2
BCLAF1,HepG2,chr21:39213562:C:G,0,0,0.31067919731140137,modal,cuda,QKI:HepG2
BCLAF1,HepG2,chr21:39293802:C:G,0,0,0.4391896724700928,modal,cuda,QKI:HepG2
BCLAF1,HepG2,chr21:46251526:C:A,1,0,-0.8271615505218506,modal,cuda,QKI:HepG2
BCLAF1,HepG2,chr21:46334436:C:T,1,0,-0.6084469556808472,modal,cuda,QKI:HepG2
BCLAF1,HepG2,chr22:21964299:G:A,0,3,-0.3624776601791382,modal,cuda,QKI:HepG2
BCLAF1,HepG2,chr22:21971869:A:G,0,3,-0.3482550382614136,modal,cuda,QKI:HepG2
BCLAF1,HepG2,chr22:24321443:C:T,0,3,-0.5299015045166016,modal,cuda,QKI:HepG2
BCLAF1,HepG2,chr22:24322011:A:G,0,3,-0.574797511100769,modal,cuda,QKI:HepG2
BCLAF1,HepG2,chr22:24322309:T:G,0,3,-0.4407498836517334,modal,cuda,QKI:HepG2
BCLAF1,HepG2,chr22:24322709:A:C,0,3,-0.24444818496704102,modal,cuda,QKI:HepG2
BCLAF1,HepG2,chr22:24338420:G:A,0,3,-0.5369687080383301,modal,cuda,QKI:HepG2
BCLAF1,HepG2,chr22:26479280:G:C,1,3,-0.8306301832199097,modal,cuda,QKI:HepG2
BCLAF1,HepG2,chr22:28724966:A:G,0,3,-0.7408895492553711,modal,cuda,QKI:HepG2
BCLAF1,HepG2,chr22:28724980:T:A,1,3,-0.1368522047996521,modal,cuda,QKI:HepG2
BCLAF1,HepG2,chr22:28724986:T:A,1,3,-0.4861604869365692,modal,cuda,QKI:HepG2
BCLAF1,HepG2,chr22:28724994:G:C,1,3,-0.32636693120002747,modal,cuda,QKI:HepG2
BCLAF1,HepG2,chr22:28724994:G:T,1,3,-0.7595770359039307,modal,cuda,QKI:HepG2
BCLAF1,HepG2,chr22:28724999:T:G,0,3,-0.4448753595352173,modal,cuda,QKI:HepG2
BCLAF1,HepG2,chr22:28725021:A:T,1,3,-0.7726020216941833,modal,cuda,QKI:HepG2
BCLAF1,HepG2,chr22:28725022:A:G,0,3,-0.8385980129241943,modal,cuda,QKI:HepG2
BCLAF1,HepG2,chr22:28725029:G:C,0,3,-0.6358938217163086,modal,cuda,QKI:HepG2
BCLAF1,HepG2,chr22:28725040:T:A,1,3,0.6373698711395264,modal,cuda,QKI:HepG2
BCLAF1,HepG2,chr22:28725052:C:A,1,3,-0.9558651447296143,modal,cuda,QKI:HepG2
BCLAF1,HepG2,chr22:28725068:T:C,0,3,-0.6884081363677979,modal,cuda,QKI:HepG2
BCLAF1,HepG2,chr22:28725083:A:G,0,3,0.7189935445785522,modal,cuda,QKI:HepG2
BCLAF1,HepG2,chr22:28725092:G:T,1,3,-1.8850173950195312,modal,cuda,QKI:HepG2
BCLAF1,HepG2,chr22:28725101:G:T,1,3,0.7912600040435791,modal,cuda,QKI:HepG2
BCLAF1,HepG2,chr22:28725104:A:T,0,3,1.33597993850708,modal,cuda,QKI:HepG2
BCLAF1,HepG2,chr22:29292471:C:G,0,3,-0.282135009765625,modal,cuda,QKI:HepG2
BCLAF1,HepG2,chr22:36300109:G:A,0,3,-0.42765411734580994,modal,cuda,QKI:HepG2
BCLAF1,HepG2,chr22:40265320:C:T,1,3,0.600391685962677,modal,cuda,QKI:HepG2
BCLAF1,HepG2,chr22:40266980:G:C,0,3,0.27335405349731445,modal,cuda,QKI:HepG2
BCLAF1,HepG2,chr22:40278049:G:C,1,3,1.3710682392120361,modal,cuda,QKI:HepG2
BCLAF1,HepG2,chr22:41141036:A:G,1,3,0.39220571517944336,modal,cuda,QKI:HepG2
BCLAF1,HepG2,chr22:41141230:G:T,0,3,0.27362871170043945,modal,cuda,QKI:HepG2
BCLAF1,HepG2,chr22:41157156:C:T,0,3,0.2528526782989502,modal,cuda,QKI:HepG2
BCLAF1,HepG2,chr22:41164133:A:G,0,3,-0.7976889610290527,modal,cuda,QKI:HepG2
BCLAF1,HepG2,chr22:41168704:C:A,0,3,0.47655189037323,modal,cuda,QKI:HepG2
BCLAF1,HepG2,chr22:41168712:A:G,1,3,-0.6622837781906128,modal,cuda,QKI:HepG2
BCLAF1,HepG2,chr22:41170591:C:T,0,3,0.15452226996421814,modal,cuda,QKI:HepG2
BCLAF1,HepG2,chr22:41173605:C:T,0,3,0.3041290044784546,modal,cuda,QKI:HepG2
BCLAF1,HepG2,chr22:41209772:G:C,0,3,-0.7034845352172852,modal,cuda,QKI:HepG2
BCLAF1,HepG2,chr22:41647092:G:A,0,3,0.5490822792053223,modal,cuda,QKI:HepG2
BCLAF1,HepG2,chr22:46350347:C:T,1,3,0.27283287048339844,modal,cuda,QKI:HepG2
BCLAF1,HepG2,chr22:46350364:C:T,0,3,-0.3271135687828064,modal,cuda,QKI:HepG2
BCLAF1,HepG2,chr22:50224499:G:A,0,3,0.1972569227218628,modal,cuda,QKI:HepG2
BCLAF1,HepG2,chr22:50579755:C:A,1,3,0.9121278524398804,modal,cuda,QKI:HepG2
BCLAF1,HepG2,chr22:50579976:G:A,1,3,0.27762579917907715,modal,cuda,QKI:HepG2
BCLAF1,HepG2,chr22:50579979:G:A,1,3,-0.6689325571060181,modal,cuda,QKI:HepG2
BCLAF1,HepG2,chr2:101006165:C:A,0,4,-0.3418996334075928,modal,cuda,QKI:HepG2
BCLAF1,HepG2,chr2:101011463:C:T,0,4,0.535658597946167,modal,cuda,QKI:HepG2
BCLAF1,HepG2,chr2:101054214:G:A,0,4,-0.7875783443450928,modal,cuda,QKI:HepG2
BCLAF1,HepG2,chr2:101831730:G:A,1,4,-0.926924467086792,modal,cuda,QKI:HepG2
BCLAF1,HepG2,chr2:101831841:A:G,1,4,-0.3463256359100342,modal,cuda,QKI:HepG2
BCLAF1,HepG2,chr2:101844282:C:T,1,4,-0.9749732613563538,modal,cuda,QKI:HepG2
BCLAF1,HepG2,chr2:101887813:C:T,0,4,-0.13909459114074707,modal,cuda,QKI:HepG2
BCLAF1,HepG2,chr2:108452435:C:G,0,4,-0.34076619148254395,modal,cuda,QKI:HepG2
BCLAF1,HepG2,chr2:108470358:A:G,0,4,0.28929924964904785,modal,cuda,QKI:HepG2
BCLAF1,HepG2,chr2:108483075:C:G,0,4,-0.37132930755615234,modal,cuda,QKI:HepG2
BCLAF1,HepG2,chr2:108752009:A:G,0,4,-0.5671100616455078,modal,cuda,QKI:HepG2
BCLAF1,HepG2,chr2:111825773:T:C,0,4,-0.7668172717094421,modal,cuda,QKI:HepG2
BCLAF1,HepG2,chr2:11193868:T:G,0,4,-1.6607561111450195,modal,cuda,QKI:HepG2
BCLAF1,HepG2,chr2:111945070:C:T,0,4,0.2573258876800537,modal,cuda,QKI:HepG2
BCLAF1,HepG2,chr2:11201419:T:C,0,4,-1.1752164363861084,modal,cuda,QKI:HepG2
BCLAF1,HepG2,chr2:112550841:A:T,0,4,0.34177637100219727,modal,cuda,QKI:HepG2
BCLAF1,HepG2,chr2:112752314:T:C,0,4,-0.47240519523620605,modal,cuda,QKI:HepG2
BCLAF1,HepG2,chr2:11771503:C:T,0,4,-0.3686795234680176,modal,cuda,QKI:HepG2
BCLAF1,HepG2,chr2:11771635:C:T,0,4,-0.2318716049194336,modal,cuda,QKI:HepG2
BCLAF1,HepG2,chr2:117821760:C:G,0,4,-0.3949251174926758,modal,cuda,QKI:HepG2
BCLAF1,HepG2,chr2:119946590:G:T,0,4,-0.6274428367614746,modal,cuda,QKI:HepG2
BCLAF1,HepG2,chr2:128129068:G:A,0,4,0.2966287136077881,modal,cuda,QKI:HepG2
BCLAF1,HepG2,chr2:128155519:T:C,1,4,0.6545708179473877,modal,cuda,QKI:HepG2
BCLAF1,HepG2,chr2:128170312:A:T,0,4,0.6855087280273438,modal,cuda,QKI:HepG2
BCLAF1,HepG2,chr2:128177917:A:G,0,4,-0.719994306564331,modal,cuda,QKI:HepG2
BCLAF1,HepG2,chr2:128178569:G:A,1,4,0.2597079277038574,modal,cuda,QKI:HepG2
BCLAF1,HepG2,chr2:128187578:C:T,0,4,-0.12221312522888184,modal,cuda,QKI:HepG2
BCLAF1,HepG2,chr2:128187595:A:G,0,4,-0.4328956604003906,modal,cuda,QKI:HepG2
BCLAF1,HepG2,chr2:128187608:C:T,1,4,-0.19971776008605957,modal,cuda,QKI:HepG2
BCLAF1,HepG2,chr2:135090993:T:G,1,4,-1.3994669914245605,modal,cuda,QKI:HepG2
BCLAF1,HepG2,chr2:135164720:C:A,0,4,0.9732680320739746,modal,cuda,QKI:HepG2
BCLAF1,HepG2,chr2:135979383:C:T,0,4,0.5399670600891113,modal,cuda,QKI:HepG2
BCLAF1,HepG2,chr2:142960779:G:A,0,4,0.25806736946105957,modal,cuda,QKI:HepG2
BCLAF1,HepG2,chr2:147972798:G:C,0,4,-0.33764171600341797,modal,cuda,QKI:HepG2
BCLAF1,HepG2,chr2:147975958:T:C,1,4,-0.15179729461669922,modal,cuda,QKI:HepG2
BCLAF1,HepG2,chr2:148342233:A:T,0,4,-0.6983516216278076,modal,cuda,QKI:HepG2
BCLAF1,HepG2,chr2:15394305:G:T,1,4,0.6683444976806641,modal,cuda,QKI:HepG2
BCLAF1,HepG2,chr2:15402193:C:A,1,4,0.8478193283081055,modal,cuda,QKI:HepG2
BCLAF1,HepG2,chr2:15402213:C:G,0,4,-0.2360687255859375,modal,cuda,QKI:HepG2
BCLAF1,HepG2,chr2:15402228:C:T,0,4,0.26372432708740234,modal,cuda,QKI:HepG2
BCLAF1,HepG2,chr2:15402229:G:A,1,4,-0.5723600387573242,modal,cuda,QKI:HepG2
BCLAF1,HepG2,chr2:15415617:C:A,1,4,1.2018823623657227,modal,cuda,QKI:HepG2
BCLAF1,HepG2,chr2:15415638:C:G,0,4,-0.3591289520263672,modal,cuda,QKI:HepG2
BCLAF1,HepG2,chr2:15415656:C:A,1,4,-0.3856697082519531,modal,cuda,QKI:HepG2
BCLAF1,HepG2,chr2:15415681:C:T,1,4,-0.16884851455688477,modal,cuda,QKI:HepG2
BCLAF1,HepG2,chr2:15415708:A:G,0,4,0.43720006942749023,modal,cuda,QKI:HepG2
BCLAF1,HepG2,chr2:15461759:C:T,0,4,0.5706942081451416,modal,cuda,QKI:HepG2
BCLAF1,HepG2,chr2:15461781:C:G,0,4,-0.3599550724029541,modal,cuda,QKI:HepG2
BCLAF1,HepG2,chr2:15467346:G:A,1,4,-1.8638310432434082,modal,cuda,QKI:HepG2
BCLAF1,HepG2,chr2:15467394:G:A,1,4,-2.3654465675354004,modal,cuda,QKI:HepG2
BCLAF1,HepG2,chr2:15467665:T:A,1,4,-0.732763946056366,modal,cuda,QKI:HepG2
BCLAF1,HepG2,chr2:15467683:T:A,1,4,0.7775790691375732,modal,cuda,QKI:HepG2
BCLAF1,HepG2,chr2:15468401:T:A,1,4,0.4537220001220703,modal,cuda,QKI:HepG2
BCLAF1,HepG2,chr2:15468413:A:G,0,4,1.1662521362304688,modal,cuda,QKI:HepG2
BCLAF1,HepG2,chr2:15468449:G:A,1,4,-1.1948018074035645,modal,cuda,QKI:HepG2
BCLAF1,HepG2,chr2:15473333:C:T,0,4,0.3049071729183197,modal,cuda,QKI:HepG2
BCLAF1,HepG2,chr2:15473336:T:C,0,4,-0.32097506523132324,modal,cuda,QKI:HepG2
BCLAF1,HepG2,chr2:15474138:G:A,1,4,0.3116488456726074,modal,cuda,QKI:HepG2
BCLAF1,HepG2,chr2:15474280:T:C,0,4,0.22113120555877686,modal,cuda,QKI:HepG2
BCLAF1,HepG2,chr2:15474295:A:C,0,4,-0.6354326605796814,modal,cuda,QKI:HepG2
BCLAF1,HepG2,chr2:15504147:G:A,1,4,0.4690425395965576,modal,cuda,QKI:HepG2
BCLAF1,HepG2,chr2:15504166:G:C,1,4,-0.3988001346588135,modal,cuda,QKI:HepG2
BCLAF1,HepG2,chr2:15504208:C:T,0,4,0.5526438355445862,modal,cuda,QKI:HepG2
BCLAF1,HepG2,chr2:15511306:G:C,1,4,-0.29331445693969727,modal,cuda,QKI:HepG2
BCLAF1,HepG2,chr2:15534554:G:A,0,4,-0.6745204925537109,modal,cuda,QKI:HepG2
BCLAF1,HepG2,chr2:15534562:T:C,0,4,-0.36398816108703613,modal,cuda,QKI:HepG2
BCLAF1,HepG2,chr2:15534565:C:T,0,4,0.5954861640930176,modal,cuda,QKI:HepG2
BCLAF1,HepG2,chr2:15534578:A:G,0,4,-0.3739302158355713,modal,cuda,QKI:HepG2
BCLAF1,HepG2,chr2:15534655:G:A,0,4,0.5963184833526611,modal,cuda,QKI:HepG2
BCLAF1,HepG2,chr2:15536446:G:A,1,4,0.799048900604248,modal,cuda,QKI:HepG2
BCLAF1,HepG2,chr2:15539332:C:T,1,4,0.23129701614379883,modal,cuda,QKI:HepG2
BCLAF1,HepG2,chr2:15551480:T:C,0,4,-0.7849576473236084,modal,cuda,QKI:HepG2
BCLAF1,HepG2,chr2:15553414:A:C,0,4,-0.963958740234375,modal,cuda,QKI:HepG2
BCLAF1,HepG2,chr2:15553470:A:T,0,4,-0.23512911796569824,modal,cuda,QKI:HepG2
BCLAF1,HepG2,chr2:15553484:G:C,0,4,-0.32167601585388184,modal,cuda,QKI:HepG2
BCLAF1,HepG2,chr2:15554052:C:G,0,4,0.3786444664001465,modal,cuda,QKI:HepG2
BCLAF1,HepG2,chr2:15554053:T:C,0,4,-0.45348119735717773,modal,cuda,QKI:HepG2
BCLAF1,HepG2,chr2:159163390:C:T,0,4,-0.45969158411026,modal,cuda,QKI:HepG2
BCLAF1,HepG2,chr2:159439221:C:T,0,4,0.24860930442810059,modal,cuda,QKI:HepG2
BCLAF1,HepG2,chr2:162008558:A:G,0,4,0.22204017639160156,modal,cuda,QKI:HepG2
BCLAF1,HepG2,chr2:162009238:C:T,0,4,1.0620853900909424,modal,cuda,QKI:HepG2
BCLAF1,HepG2,chr2:165898670:A:G,0,4,-0.7332866191864014,modal,cuda,QKI:HepG2
BCLAF1,HepG2,chr2:165907803:T:G,0,4,-1.8975841999053955,modal,cuda,QKI:HepG2
BCLAF1,HepG2,chr2:165913561:T:C,0,4,-0.501429557800293,modal,cuda,QKI:HepG2
BCLAF1,HepG2,chr2:165929627:G:C,0,4,0.4838724136352539,modal,cuda,QKI:HepG2
BCLAF1,HepG2,chr2:165998033:C:T,1,4,-0.3392007350921631,modal,cuda,QKI:HepG2
BCLAF1,HepG2,chr2:165998040:T:A,1,4,-0.5922484397888184,modal,cuda,QKI:HepG2
BCLAF1,HepG2,chr2:165998047:C:G,1,4,0.9082598686218262,modal,cuda,QKI:HepG2
BCLAF1,HepG2,chr2:165998049:G:T,1,4,0.147660493850708,modal,cuda,QKI:HepG2
BCLAF1,HepG2,chr2:165998061:T:C,1,4,0.5310664176940918,modal,cuda,QKI:HepG2
BCLAF1,HepG2,chr2:165998065:T:C,1,4,0.20322799682617188,modal,cuda,QKI:HepG2
BCLAF1,HepG2,chr2:165998069:A:T,1,4,0.48131728172302246,modal,cuda,QKI:HepG2
BCLAF1,HepG2,chr2:165998075:C:A,1,4,-0.8857455253601074,modal,cuda,QKI:HepG2
BCLAF1,HepG2,chr2:165998086:G:T,1,4,0.5544948577880859,modal,cuda,QKI:HepG2
BCLAF1,HepG2,chr2:165998087:T:C,1,4,0.6656968593597412,modal,cuda,QKI:HepG2
BCLAF1,HepG2,chr2:165998091:A:C,1,4,0.33114075660705566,modal,cuda,QKI:HepG2
BCLAF1,HepG2,chr2:165998096:A:G,1,4,0.8004813194274902,modal,cuda,QKI:HepG2
BCLAF1,HepG2,chr2:165998099:A:G,1,4,0.3610954284667969,modal,cuda,QKI:HepG2
BCLAF1,HepG2,chr2:165998102:G:A,1,4,-0.5513505935668945,modal,cuda,QKI:HepG2
BCLAF1,HepG2,chr2:165998121:T:C,0,4,-0.5477457046508789,modal,cuda,QKI:HepG2
BCLAF1,HepG2,chr2:165998124:C:G,0,4,-1.1630598306655884,modal,cuda,QKI:HepG2
BCLAF1,HepG2,chr2:165998127:A:G,1,4,-0.49320316314697266,modal,cuda,QKI:HepG2
BCLAF1,HepG2,chr2:165998128:G:C,1,4,-1.5819039344787598,modal,cuda,QKI:HepG2
BCLAF1,HepG2,chr2:165998130:A:G,1,4,-0.4206204414367676,modal,cuda,QKI:HepG2
BCLAF1,HepG2,chr2:165998134:A:T,1,4,-1.8529777526855469,modal,cuda,QKI:HepG2
BCLAF1,HepG2,chr2:165998140:G:T,1,4,0.8456649780273438,modal,cuda,QKI:HepG2
BCLAF1,HepG2,chr2:165998154:C:T,1,4,0.7389607429504395,modal,cuda,QKI:HepG2
BCLAF1,HepG2,chr2:165998155:A:C,1,4,-0.6167221069335938,modal,cuda,QKI:HepG2
BCLAF1,HepG2,chr2:165998156:T:C,1,4,-0.6552813053131104,modal,cuda,QKI:HepG2
BCLAF1,HepG2,chr2:165998163:G:C,1,4,0.3897228240966797,modal,cuda,QKI:HepG2
BCLAF1,HepG2,chr2:165998163:G:T,1,4,0.3284440040588379,modal,cuda,QKI:HepG2
BCLAF1,HepG2,chr2:165998166:G:A,1,4,-0.4943842887878418,modal,cuda,QKI:HepG2
BCLAF1,HepG2,chr2:165999718:C:A,1,4,0.9160423278808594,modal,cuda,QKI:HepG2
BCLAF1,HepG2,chr2:165999719:T:G,1,4,0.6183037757873535,modal,cuda,QKI:HepG2
BCLAF1,HepG2,chr2:165999728:T:A,1,4,-0.7683520317077637,modal,cuda,QKI:HepG2
BCLAF1,HepG2,chr2:165999730:G:T,1,4,0.3495783805847168,modal,cuda,QKI:HepG2
BCLAF1,HepG2,chr2:165999733:T:C,1,4,0.23058032989501953,modal,cuda,QKI:HepG2
BCLAF1,HepG2,chr2:165999743:C:T,1,4,0.9072277545928955,modal,cuda,QKI:HepG2
BCLAF1,HepG2,chr2:165999759:C:T,1,4,0.696765661239624,modal,cuda,QKI:HepG2
BCLAF1,HepG2,chr2:165999760:C:T,1,4,-0.6220002174377441,modal,cuda,QKI:HepG2
BCLAF1,HepG2,chr2:165999764:C:G,1,4,0.3597300052642822,modal,cuda,QKI:HepG2
BCLAF1,HepG2,chr2:165999766:T:A,1,4,0.15327239036560059,modal,cuda,QKI:HepG2
BCLAF1,HepG2,chr2:165999769:A:G,1,4,0.3837544918060303,modal,cuda,QKI:HepG2
BCLAF1,HepG2,chr2:165999775:G:A,1,4,-0.46997570991516113,modal,cuda,QKI:HepG2
BCLAF1,HepG2,chr2:165999776:C:T,1,4,-0.32117724418640137,modal,cuda,QKI:HepG2
BCLAF1,HepG2,chr2:166009771:G:C,1,4,-0.3315088748931885,modal,cuda,QKI:HepG2
BCLAF1,HepG2,chr2:166009784:T:A,1,4,-3.554518461227417,modal,cuda,QKI:HepG2
BCLAF1,HepG2,chr2:166009792:C:T,1,4,0.8311614990234375,modal,cuda,QKI:HepG2
BCLAF1,HepG2,chr2:166009795:A:T,1,4,1.1806458234786987,modal,cuda,QKI:HepG2
BCLAF1,HepG2,chr2:166009801:G:C,1,4,-0.9346733689308167,modal,cuda,QKI:HepG2
BCLAF1,HepG2,chr2:166009822:G:C,1,4,1.7194857597351074,modal,cuda,QKI:HepG2
BCLAF1,HepG2,chr2:166009837:G:C,1,4,-0.5277566909790039,modal,cuda,QKI:HepG2
BCLAF1,HepG2,chr2:166013834:C:T,1,4,0.3503241539001465,modal,cuda,QKI:HepG2
BCLAF1,HepG2,chr2:166013835:C:T,1,4,0.31292104721069336,modal,cuda,QKI:HepG2
BCLAF1,HepG2,chr2:166013837:C:T,1,4,0.19302082061767578,modal,cuda,QKI:HepG2
BCLAF1,HepG2,chr2:166013838:C:T,1,4,-0.4139845371246338,modal,cuda,QKI:HepG2
BCLAF1,HepG2,chr2:166013839:A:G,1,4,0.335066556930542,modal,cuda,QKI:HepG2
BCLAF1,HepG2,chr2:166013842:G:A,1,4,-1.3472862243652344,modal,cuda,QKI:HepG2
BCLAF1,HepG2,chr2:166013873:A:T,1,4,-1.3308238983154297,modal,cuda,QKI:HepG2
BCLAF1,HepG2,chr2:166015596:C:A,0,4,1.0041286945343018,modal,cuda,QKI:HepG2
BCLAF1,HepG2,chr2:166015631:C:A,1,4,-1.9629956483840942,modal,cuda,QKI:HepG2
BCLAF1,HepG2,chr2:166015640:C:A,1,4,0.6651887893676758,modal,cuda,QKI:HepG2
BCLAF1,HepG2,chr2:166036043:C:T,1,4,0.4632377624511719,modal,cuda,QKI:HepG2
BCLAF1,HepG2,chr2:166036070:G:T,1,4,-0.3766673803329468,modal,cuda,QKI:HepG2
BCLAF1,HepG2,chr2:166036074:C:A,1,4,-0.5664682388305664,modal,cuda,QKI:HepG2
BCLAF1,HepG2,chr2:166036097:A:C,1,4,-0.9027540683746338,modal,cuda,QKI:HepG2
BCLAF1,HepG2,chr2:166036278:C:T,0,4,0.36765527725219727,modal,cuda,QKI:HepG2
BCLAF1,HepG2,chr2:166036294:A:T,1,4,-0.46854305267333984,modal,cuda,QKI:HepG2
BCLAF1,HepG2,chr2:166036305:T:A,1,4,0.20818495750427246,modal,cuda,QKI:HepG2
BCLAF1,HepG2,chr2:166036338:C:A,1,4,-1.472834587097168,modal,cuda,QKI:HepG2
BCLAF1,HepG2,chr2:166036353:G:A,1,4,-0.3655202388763428,modal,cuda,QKI:HepG2
BCLAF1,HepG2,chr2:166036371:G:A,1,4,0.4998745918273926,modal,cuda,QKI:HepG2
BCLAF1,HepG2,chr2:166036374:G:A,1,4,-3.266713857650757,modal,cuda,QKI:HepG2
BCLAF1,HepG2,chr2:166036383:C:A,1,4,-3.319897174835205,modal,cuda,QKI:HepG2
BCLAF1,HepG2,chr2:166036384:A:T,1,4,-0.5346431732177734,modal,cuda,QKI:HepG2
BCLAF1,HepG2,chr2:166036494:A:G,1,4,0.3408775329589844,modal,cuda,QKI:HepG2
BCLAF1,HepG2,chr2:166036503:G:T,1,4,-0.17620229721069336,modal,cuda,QKI:HepG2
BCLAF1,HepG2,chr2:166036516:A:T,1,4,0.541938066482544,modal,cuda,QKI:HepG2
BCLAF1,HepG2,chr2:166036521:G:A,1,4,-0.41831713914871216,modal,cuda,QKI:HepG2
BCLAF1,HepG2,chr2:166036521:G:C,1,4,-0.6250400543212891,modal,cuda,QKI:HepG2
BCLAF1,HepG2,chr2:166036526:A:G,1,4,0.2716338634490967,modal,cuda,QKI:HepG2
BCLAF1,HepG2,chr2:166036527:G:C,1,4,-0.314481258392334,modal,cuda,QKI:HepG2
BCLAF1,HepG2,chr2:166041354:A:G,0,4,-0.1777944564819336,modal,cuda,QKI:HepG2
BCLAF1,HepG2,chr2:166041374:T:G,1,4,-0.41286706924438477,modal,cuda,QKI:HepG2
BCLAF1,HepG2,chr2:166041380:T:A,1,4,0.3509793281555176,modal,cuda,QKI:HepG2
BCLAF1,HepG2,chr2:166041382:A:C,1,4,-0.6391868591308594,modal,cuda,QKI:HepG2
BCLAF1,HepG2,chr2:166041385:C:A,1,4,1.161987066268921,modal,cuda,QKI:HepG2
BCLAF1,HepG2,chr2:166041385:C:T,1,4,0.9826869964599609,modal,cuda,QKI:HepG2
BCLAF1,HepG2,chr2:166041387:A:C,1,4,0.7689371109008789,modal,cuda,QKI:HepG2
BCLAF1,HepG2,chr2:166041402:C:T,1,4,0.6155765056610107,modal,cuda,QKI:HepG2
BCLAF1,HepG2,chr2:166041403:C:T,1,4,0.8345110416412354,modal,cuda,QKI:HepG2
BCLAF1,HepG2,chr2:166041429:A:C,1,4,-1.338365077972412,modal,cuda,QKI:HepG2
BCLAF1,HepG2,chr2:166041432:C:T,1,4,0.49923086166381836,modal,cuda,QKI:HepG2
BCLAF1,HepG2,chr2:166041433:C:A,1,4,0.4620985984802246,modal,cuda,QKI:HepG2
BCLAF1,HepG2,chr2:166041433:C:T,1,4,0.29048967361450195,modal,cuda,QKI:HepG2
BCLAF1,HepG2,chr2:166041452:G:A,1,4,0.26454591751098633,modal,cuda,QKI:HepG2
BCLAF1,HepG2,chr2:166041479:G:A,0,4,-0.4249992370605469,modal,cuda,QKI:HepG2
BCLAF1,HepG2,chr2:166042275:T:C,0,4,-0.7579701542854309,modal,cuda,QKI:HepG2
BCLAF1,HepG2,chr2:166042289:A:T,1,4,1.1703548431396484,modal,cuda,QKI:HepG2
BCLAF1,HepG2,chr2:166042292:C:A,1,4,-0.30486243963241577,modal,cuda,QKI:HepG2
BCLAF1,HepG2,chr2:166042295:C:A,1,4,0.3957095146179199,modal,cuda,QKI:HepG2
BCLAF1,HepG2,chr2:166042334:G:A,1,4,-0.24579095840454102,modal,cuda,QKI:HepG2
BCLAF1,HepG2,chr2:166042337:G:A,1,4,-0.7601405382156372,modal,cuda,QKI:HepG2
BCLAF1,HepG2,chr2:166043742:G:A,1,4,-0.49618101119995117,modal,cuda,QKI:HepG2
BCLAF1,HepG2,chr2:166043754:A:T,1,4,0.8005595207214355,modal,cuda,QKI:HepG2
BCLAF1,HepG2,chr2:166043829:G:T,1,4,-0.7620591521263123,modal,cuda,QKI:HepG2
BCLAF1,HepG2,chr2:166043836:T:C,1,4,-0.4748508930206299,modal,cuda,QKI:HepG2
BCLAF1,HepG2,chr2:166043864:C:G,1,4,0.37365293502807617,modal,cuda,QKI:HepG2
BCLAF1,HepG2,chr2:166043869:C:A,1,4,-0.943202555179596,modal,cuda,QKI:HepG2
BCLAF1,HepG2,chr2:166043875:G:A,1,4,-0.8954329490661621,modal,cuda,QKI:HepG2
BCLAF1,HepG2,chr2:166043878:G:A,1,4,-0.7509524822235107,modal,cuda,QKI:HepG2
BCLAF1,HepG2,chr2:166043908:C:A,1,4,-1.1893078088760376,modal,cuda,QKI:HepG2
BCLAF1,HepG2,chr2:166043974:G:A,1,4,-0.5750059485435486,modal,cuda,QKI:HepG2
BCLAF1,HepG2,chr2:166044010:G:A,1,4,0.566842794418335,modal,cuda,QKI:HepG2
BCLAF1,HepG2,chr2:166045043:C:G,1,4,-0.7934799194335938,modal,cuda,QKI:HepG2
BCLAF1,HepG2,chr2:166045043:C:T,1,4,-0.31508970260620117,modal,cuda,QKI:HepG2
BCLAF1,HepG2,chr2:166045070:A:C,1,4,-2.009230375289917,modal,cuda,QKI:HepG2
BCLAF1,HepG2,chr2:166045070:A:T,1,4,-1.3763794898986816,modal,cuda,QKI:HepG2
BCLAF1,HepG2,chr2:166045081:G:A,1,4,-1.4799153804779053,modal,cuda,QKI:HepG2
BCLAF1,HepG2,chr2:166045144:G:A,1,4,-2.407907009124756,modal,cuda,QKI:HepG2
BCLAF1,HepG2,chr2:166045151:A:C,0,4,-0.8472216129302979,modal,cuda,QKI:HepG2
BCLAF1,HepG2,chr2:166046760:G:A,0,4,-0.6874680519104004,modal,cuda,QKI:HepG2
BCLAF1,HepG2,chr2:166046793:T:A,1,4,-0.8059160709381104,modal,cuda,QKI:HepG2
BCLAF1,HepG2,chr2:166046799:G:A,1,4,-0.7089922428131104,modal,cuda,QKI:HepG2
BCLAF1,HepG2,chr2:166046802:C:A,1,4,-1.349958062171936,modal,cuda,QKI:HepG2
BCLAF1,HepG2,chr2:166046814:G:A,1,4,-1.346729040145874,modal,cuda,QKI:HepG2
BCLAF1,HepG2,chr2:166046820:C:A,1,4,-1.0750467777252197,modal,cuda,QKI:HepG2
BCLAF1,HepG2,chr2:166046832:G:A,1,4,-1.084810495376587,modal,cuda,QKI:HepG2
BCLAF1,HepG2,chr2:166046841:C:A,1,4,-0.7711716294288635,modal,cuda,QKI:HepG2
BCLAF1,HepG2,chr2:166046862:G:A,1,4,-1.255706787109375,modal,cuda,QKI:HepG2
BCLAF1,HepG2,chr2:166046862:G:T,1,4,0.3615366816520691,modal,cuda,QKI:HepG2
BCLAF1,HepG2,chr2:166046869:G:C,1,4,-1.5547699928283691,modal,cuda,QKI:HepG2
BCLAF1,HepG2,chr2:166046869:G:T,1,4,-1.4293090105056763,modal,cuda,QKI:HepG2
BCLAF1,HepG2,chr2:166046871:A:G,1,4,-0.689598798751831,modal,cuda,QKI:HepG2
BCLAF1,HepG2,chr2:166046882:A:G,1,4,-0.4190676212310791,modal,cuda,QKI:HepG2
BCLAF1,HepG2,chr2:166046883:C:A,1,4,0.1846942901611328,modal,cuda,QKI:HepG2
BCLAF1,HepG2,chr2:166046899:A:C,1,4,0.4729505777359009,modal,cuda,QKI:HepG2
BCLAF1,HepG2,chr2:166046899:A:T,1,4,-0.6707680225372314,modal,cuda,QKI:HepG2
BCLAF1,HepG2,chr2:166046910:A:T,1,4,-0.5787723064422607,modal,cuda,QKI:HepG2
BCLAF1,HepG2,chr2:166046913:A:C,1,4,-0.4536933898925781,modal,cuda,QKI:HepG2
BCLAF1,HepG2,chr2:166046915:G:A,1,4,-0.5232822895050049,modal,cuda,QKI:HepG2
BCLAF1,HepG2,chr2:166046915:G:T,1,4,-2.6087982654571533,modal,cuda,QKI:HepG2
BCLAF1,HepG2,chr2:166046930:A:G,1,4,-0.877476692199707,modal,cuda,QKI:HepG2
BCLAF1,HepG2,chr2:166046935:T:C,0,4,-0.861515998840332,modal,cuda,QKI:HepG2
BCLAF1,HepG2,chr2:166046941:A:T,1,4,0.36803531646728516,modal,cuda,QKI:HepG2
BCLAF1,HepG2,chr2:166046948:A:G,1,4,-0.45401692390441895,modal,cuda,QKI:HepG2
BCLAF1,HepG2,chr2:166046948:A:T,1,4,0.2044353485107422,modal,cuda,QKI:HepG2
BCLAF1,HepG2,chr2:166047716:C:A,1,4,-0.3243427276611328,modal,cuda,QKI:HepG2
BCLAF1,HepG2,chr2:166047721:T:A,1,4,-0.6265430450439453,modal,cuda,QKI:HepG2
BCLAF1,HepG2,chr2:166047725:G:A,1,4,-0.18355989456176758,modal,cuda,QKI:HepG2
BCLAF1,HepG2,chr2:166047733:C:T,1,4,0.35451698303222656,modal,cuda,QKI:HepG2
BCLAF1,HepG2,chr2:166047749:T:C,1,4,-0.6724004745483398,modal,cuda,QKI:HepG2
BCLAF1,HepG2,chr2:166047750:A:C,1,4,-1.576358437538147,modal,cuda,QKI:HepG2
BCLAF1,HepG2,chr2:166047750:A:T,1,4,-1.274864912033081,modal,cuda,QKI:HepG2
BCLAF1,HepG2,chr2:166047751:T:C,1,4,-0.8302173614501953,modal,cuda,QKI:HepG2
BCLAF1,HepG2,chr2:166047755:C:A,1,4,-0.7066272497177124,modal,cuda,QKI:HepG2
BCLAF1,HepG2,chr2:166047761:G:A,1,4,-0.3184173107147217,modal,cuda,QKI:HepG2
BCLAF1,HepG2,chr2:166047763:C:T,1,4,0.42191553115844727,modal,cuda,QKI:HepG2
BCLAF1,HepG2,chr2:166047764:A:G,1,4,-0.4943671226501465,modal,cuda,QKI:HepG2
BCLAF1,HepG2,chr2:166047767:G:A,1,4,-2.0531418323516846,modal,cuda,QKI:HepG2
BCLAF1,HepG2,chr2:166047780:G:A,0,4,-0.24439167976379395,modal,cuda,QKI:HepG2
BCLAF1,HepG2,chr2:166048865:A:G,0,4,-0.3531227111816406,modal,cuda,QKI:HepG2
BCLAF1,HepG2,chr2:166048887:C:A,1,4,0.5798811912536621,modal,cuda,QKI:HepG2
BCLAF1,HepG2,chr2:166048887:C:G,1,4,0.6153287887573242,modal,cuda,QKI:HepG2
BCLAF1,HepG2,chr2:166048889:G:A,1,4,0.3616790771484375,modal,cuda,QKI:HepG2
BCLAF1,HepG2,chr2:166048895:G:A,1,4,-0.29822397232055664,modal,cuda,QKI:HepG2
BCLAF1,HepG2,chr2:166048895:G:T,1,4,0.6778106689453125,modal,cuda,QKI:HepG2
BCLAF1,HepG2,chr2:166048896:A:G,1,4,-0.2945830821990967,modal,cuda,QKI:HepG2
BCLAF1,HepG2,chr2:166048901:T:C,1,4,-0.3287672996520996,modal,cuda,QKI:HepG2
BCLAF1,HepG2,chr2:166048904:C:G,1,4,-0.4283733367919922,modal,cuda,QKI:HepG2
BCLAF1,HepG2,chr2:166048904:C:T,1,4,0.22431087493896484,modal,cuda,QKI:HepG2
BCLAF1,HepG2,chr2:166048906:A:T,1,4,-0.5775632858276367,modal,cuda,QKI:HepG2
BCLAF1,HepG2,chr2:166048907:C:T,1,4,0.6700429916381836,modal,cuda,QKI:HepG2
BCLAF1,HepG2,chr2:166048913:A:G,1,4,-0.9603614807128906,modal,cuda,QKI:HepG2
BCLAF1,HepG2,chr2:166048932:C:A,1,4,0.6053614616394043,modal,cuda,QKI:HepG2
BCLAF1,HepG2,chr2:166048940:T:C,1,4,-0.8850185871124268,modal,cuda,QKI:HepG2
BCLAF1,HepG2,chr2:166048944:G:T,1,4,0.8832217454910278,modal,cuda,QKI:HepG2
BCLAF1,HepG2,chr2:166048945:A:C,1,4,-0.9154648780822754,modal,cuda,QKI:HepG2
BCLAF1,HepG2,chr2:166048949:C:A,1,4,0.5487723350524902,modal,cuda,QKI:HepG2
BCLAF1,HepG2,chr2:166048954:T:C,1,4,-0.34425508975982666,modal,cuda,QKI:HepG2
BCLAF1,HepG2,chr2:166051841:G:A,1,4,-0.38550519943237305,modal,cuda,QKI:HepG2
BCLAF1,HepG2,chr2:166051841:G:C,1,4,-0.5240068435668945,modal,cuda,QKI:HepG2
BCLAF1,HepG2,chr2:166051842:G:A,1,4,0.4920783042907715,modal,cuda,QKI:HepG2
BCLAF1,HepG2,chr2:166051843:C:T,1,4,0.37763357162475586,modal,cuda,QKI:HepG2
BCLAF1,HepG2,chr2:166051844:C:T,1,4,-0.8171424865722656,modal,cuda,QKI:HepG2
BCLAF1,HepG2,chr2:166051845:A:G,1,4,-0.39540910720825195,modal,cuda,QKI:HepG2
BCLAF1,HepG2,chr2:166051848:G:A,1,4,-1.2736320495605469,modal,cuda,QKI:HepG2
BCLAF1,HepG2,chr2:166051854:A:G,1,4,0.3457455635070801,modal,cuda,QKI:HepG2
BCLAF1,HepG2,chr2:166051855:T:G,1,4,-0.6784276962280273,modal,cuda,QKI:HepG2
BCLAF1,HepG2,chr2:166051857:T:C,1,4,-0.5999164581298828,modal,cuda,QKI:HepG2
BCLAF1,HepG2,chr2:166051857:T:G,1,4,-0.5195178985595703,modal,cuda,QKI:HepG2
BCLAF1,HepG2,chr2:166051871:C:T,1,4,0.6738710403442383,modal,cuda,QKI:HepG2
BCLAF1,HepG2,chr2:166051884:G:A,1,4,-0.4517836570739746,modal,cuda,QKI:HepG2
BCLAF1,HepG2,chr2:166051896:G:C,1,4,0.9327507019042969,modal,cuda,QKI:HepG2
BCLAF1,HepG2,chr2:166051928:A:G,1,4,-0.06490921974182129,modal,cuda,QKI:HepG2
BCLAF1,HepG2,chr2:166051936:A:C,1,4,-0.613548994064331,modal,cuda,QKI:HepG2
BCLAF1,HepG2,chr2:166051943:A:G,1,4,0.5311033725738525,modal,cuda,QKI:HepG2
BCLAF1,HepG2,chr2:166051944:G:C,1,4,0.11063194274902344,modal,cuda,QKI:HepG2
BCLAF1,HepG2,chr2:166051955:G:T,1,4,0.300041139125824,modal,cuda,QKI:HepG2
BCLAF1,HepG2,chr2:166051967:G:A,1,4,-0.21810483932495117,modal,cuda,QKI:HepG2
BCLAF1,HepG2,chr2:166051967:G:C,1,4,-0.18198926746845245,modal,cuda,QKI:HepG2
BCLAF1,HepG2,chr2:166051967:G:T,1,4,-0.38102102279663086,modal,cuda,QKI:HepG2
BCLAF1,HepG2,chr2:166051968:C:T,1,4,0.15536022186279297,modal,cuda,QKI:HepG2
BCLAF1,HepG2,chr2:166051970:C:A,1,4,0.1533207893371582,modal,cuda,QKI:HepG2
BCLAF1,HepG2,chr2:166051980:T:C,1,4,-0.21802319586277008,modal,cuda,QKI:HepG2
BCLAF1,HepG2,chr2:166051985:A:C,1,4,0.2733268737792969,modal,cuda,QKI:HepG2
BCLAF1,HepG2,chr2:166052887:A:T,1,4,-0.18811821937561035,modal,cuda,QKI:HepG2
BCLAF1,HepG2,chr2:166052892:G:T,1,4,0.7694132328033447,modal,cuda,QKI:HepG2
BCLAF1,HepG2,chr2:166052896:G:T,1,4,0.22664260864257812,modal,cuda,QKI:HepG2
BCLAF1,HepG2,chr2:166052902:A:C,1,4,0.38272523880004883,modal,cuda,QKI:HepG2
BCLAF1,HepG2,chr2:166052902:A:T,1,4,0.47733354568481445,modal,cuda,QKI:HepG2
BCLAF1,HepG2,chr2:166052920:A:G,1,4,-0.2092902660369873,modal,cuda,QKI:HepG2
BCLAF1,HepG2,chr2:166052933:C:A,1,4,0.2708219587802887,modal,cuda,QKI:HepG2
BCLAF1,HepG2,chr2:166054633:C:G,1,4,-0.8217775821685791,modal,cuda,QKI:HepG2
BCLAF1,HepG2,chr2:166054635:T:G,1,4,-0.9828128814697266,modal,cuda,QKI:HepG2
BCLAF1,HepG2,chr2:166054638:G:T,1,4,0.2633230686187744,modal,cuda,QKI:HepG2
BCLAF1,HepG2,chr2:166054660:C:A,1,4,0.57997727394104,modal,cuda,QKI:HepG2
BCLAF1,HepG2,chr2:166054665:C:T,1,4,-1.3251526355743408,modal,cuda,QKI:HepG2
BCLAF1,HepG2,chr2:166054667:G:C,1,4,-0.6487784385681152,modal,cuda,QKI:HepG2
BCLAF1,HepG2,chr2:166054670:C:T,1,4,-0.23175382614135742,modal,cuda,QKI:HepG2
BCLAF1,HepG2,chr2:166054672:A:G,1,4,0.4290735721588135,modal,cuda,QKI:HepG2
BCLAF1,HepG2,chr2:166054680:C:G,1,4,0.2039036750793457,modal,cuda,QKI:HepG2
BCLAF1,HepG2,chr2:166054699:C:A,1,4,1.4767837524414062,modal,cuda,QKI:HepG2
BCLAF1,HepG2,chr2:166054701:A:T,1,4,0.3834567070007324,modal,cuda,QKI:HepG2
BCLAF1,HepG2,chr2:166054710:C:A,1,4,0.5953249931335449,modal,cuda,QKI:HepG2
BCLAF1,HepG2,chr2:166054710:C:G,1,4,0.15134453773498535,modal,cuda,QKI:HepG2
BCLAF1,HepG2,chr2:166054710:C:T,1,4,0.2589402198791504,modal,cuda,QKI:HepG2
BCLAF1,HepG2,chr2:166054716:G:A,1,4,0.4803285598754883,modal,cuda,QKI:HepG2
BCLAF1,HepG2,chr2:166054723:T:A,1,4,-0.6070342659950256,modal,cuda,QKI:HepG2
BCLAF1,HepG2,chr2:166054726:T:A,1,4,0.43066883087158203,modal,cuda,QKI:HepG2
BCLAF1,HepG2,chr2:166056406:C:T,1,4,0.2579965591430664,modal,cuda,QKI:HepG2
BCLAF1,HepG2,chr2:166056425:C:T,1,4,0.4215213656425476,modal,cuda,QKI:HepG2
BCLAF1,HepG2,chr2:166056426:C:T,1,4,-0.636357307434082,modal,cuda,QKI:HepG2
BCLAF1,HepG2,chr2:166056447:G:C,1,4,-0.4138679504394531,modal,cuda,QKI:HepG2
BCLAF1,HepG2,chr2:166056450:A:G,1,4,0.8306348323822021,modal,cuda,QKI:HepG2
BCLAF1,HepG2,chr2:166056450:A:T,1,4,0.9286338090896606,modal,cuda,QKI:HepG2
BCLAF1,HepG2,chr2:166056451:T:C,1,4,-0.7553909420967102,modal,cuda,QKI:HepG2
BCLAF1,HepG2,chr2:166056461:G:T,1,4,0.9668825268745422,modal,cuda,QKI:HepG2
BCLAF1,HepG2,chr2:166056475:T:G,1,4,-0.4623824954032898,modal,cuda,QKI:HepG2
BCLAF1,HepG2,chr2:166056486:A:G,1,4,2.619616985321045,modal,cuda,QKI:HepG2
BCLAF1,HepG2,chr2:166056498:A:C,1,4,0.4686095714569092,modal,cuda,QKI:HepG2
BCLAF1,HepG2,chr2:166056520:C:G,0,4,0.35848569869995117,modal,cuda,QKI:HepG2
BCLAF1,HepG2,chr2:166058564:G:A,1,4,1.1404976844787598,modal,cuda,QKI:HepG2
BCLAF1,HepG2,chr2:166058570:G:T,1,4,-2.739971160888672,modal,cuda,QKI:HepG2
BCLAF1,HepG2,chr2:166058573:T:A,1,4,-1.7337968349456787,modal,cuda,QKI:HepG2
BCLAF1,HepG2,chr2:166058586:T:A,1,4,0.7181534171104431,modal,cuda,QKI:HepG2
BCLAF1,HepG2,chr2:166058608:A:T,1,4,-0.8437535762786865,modal,cuda,QKI:HepG2
BCLAF1,HepG2,chr2:166058615:G:A,1,4,0.7871456146240234,modal,cuda,QKI:HepG2
BCLAF1,HepG2,chr2:166058616:G:A,1,4,0.4832770824432373,modal,cuda,QKI:HepG2
BCLAF1,HepG2,chr2:166058616:G:T,1,4,1.324031114578247,modal,cuda,QKI:HepG2
BCLAF1,HepG2,chr2:166058621:A:T,1,4,3.279279947280884,modal,cuda,QKI:HepG2
BCLAF1,HepG2,chr2:166058626:G:C,1,4,-1.2182157039642334,modal,cuda,QKI:HepG2
BCLAF1,HepG2,chr2:166058630:A:G,1,4,-0.6420457363128662,modal,cuda,QKI:HepG2
BCLAF1,HepG2,chr2:166073353:C:G,1,4,0.44085168838500977,modal,cuda,QKI:HepG2
BCLAF1,HepG2,chr2:166073370:A:T,1,4,-2.3164145946502686,modal,cuda,QKI:HepG2
BCLAF1,HepG2,chr2:166073373:G:C,1,4,-0.7893421649932861,modal,cuda,QKI:HepG2
BCLAF1,HepG2,chr2:166073373:G:T,1,4,-0.9583065509796143,modal,cuda,QKI:HepG2
BCLAF1,HepG2,chr2:166073374:T:C,1,4,-0.6471593379974365,modal,cuda,QKI:HepG2
BCLAF1,HepG2,chr2:166073375:A:C,1,4,-0.7043306827545166,modal,cuda,QKI:HepG2
BCLAF1,HepG2,chr2:166073379:G:T,1,4,0.35881805419921875,modal,cuda,QKI:HepG2
BCLAF1,HepG2,chr2:166073381:C:T,1,4,0.10816621780395508,modal,cuda,QKI:HepG2
BCLAF1,HepG2,chr2:166073386:T:C,1,4,-0.19394207000732422,modal,cuda,QKI:HepG2
BCLAF1,HepG2,chr2:166073387:C:T,1,4,0.19053936004638672,modal,cuda,QKI:HepG2
BCLAF1,HepG2,chr2:166073396:G:T,1,4,0.19850587844848633,modal,cuda,QKI:HepG2
BCLAF1,HepG2,chr2:166073402:A:G,1,4,0.2889692783355713,modal,cuda,QKI:HepG2
BCLAF1,HepG2,chr2:166073427:A:C,1,4,-1.2271718978881836,modal,cuda,QKI:HepG2
BCLAF1,HepG2,chr2:166073441:G:A,1,4,-0.5602059364318848,modal,cuda,QKI:HepG2
BCLAF1,HepG2,chr2:166073615:G:A,1,4,0.8291983604431152,modal,cuda,QKI:HepG2
BCLAF1,HepG2,chr2:166073619:C:T,1,4,0.6719949245452881,modal,cuda,QKI:HepG2
BCLAF1,HepG2,chr2:166073620:A:G,1,4,0.14841890335083008,modal,cuda,QKI:HepG2
BCLAF1,HepG2,chr2:166233466:T:C,0,4,-1.1032798290252686,modal,cuda,QKI:HepG2
BCLAF1,HepG2,chr2:166280609:G:A,0,4,0.34001684188842773,modal,cuda,QKI:HepG2
BCLAF1,HepG2,chr2:166280610:C:T,0,4,1.0080757141113281,modal,cuda,QKI:HepG2
BCLAF1,HepG2,chr2:166294649:G:T,1,4,-2.056441068649292,modal,cuda,QKI:HepG2
BCLAF1,HepG2,chr2:166305767:G:A,0,4,0.41838979721069336,modal,cuda,QKI:HepG2
BCLAF1,HepG2,chr2:166306949:A:C,1,4,-0.4937429428100586,modal,cuda,QKI:HepG2
BCLAF1,HepG2,chr2:169631944:A:G,0,4,-1.0403988361358643,modal,cuda,QKI:HepG2
BCLAF1,HepG2,chr2:169824480:C:T,0,4,0.7772088050842285,modal,cuda,QKI:HepG2
BCLAF1,HepG2,chr2:171473883:A:G,0,4,-0.5030369758605957,modal,cuda,QKI:HepG2
BCLAF1,HepG2,chr2:171473922:T:G,1,4,-0.4036235809326172,modal,cuda,QKI:HepG2
BCLAF1,HepG2,chr2:171473977:T:C,1,4,-0.9791722297668457,modal,cuda,QKI:HepG2
BCLAF1,HepG2,chr2:171473981:T:G,1,4,-0.9101145267486572,modal,cuda,QKI:HepG2
BCLAF1,HepG2,chr2:171480198:G:T,1,4,0.5605440139770508,modal,cuda,QKI:HepG2
BCLAF1,HepG2,chr2:171725602:T:G,0,4,0.12664532661437988,modal,cuda,QKI:HepG2
BCLAF1,HepG2,chr2:173191003:A:G,0,4,-0.7068535685539246,modal,cuda,QKI:HepG2
BCLAF1,HepG2,chr2:173363481:G:A,0,4,0.6800847053527832,modal,cuda,QKI:HepG2
BCLAF1,HepG2,chr2:175093202:G:A,0,4,1.2769553661346436,modal,cuda,QKI:HepG2
BCLAF1,HepG2,chr2:177234146:T:C,0,4,-0.33223652839660645,modal,cuda,QKI:HepG2
BCLAF1,HepG2,chr2:177234189:C:T,0,4,0.14081798493862152,modal,cuda,QKI:HepG2
BCLAF1,HepG2,chr2:177234190:G:A,0,4,-0.38002240657806396,modal,cuda,QKI:HepG2
BCLAF1,HepG2,chr2:177538058:G:T,0,4,1.1019978523254395,modal,cuda,QKI:HepG2
BCLAF1,HepG2,chr2:17773154:C:G,0,4,0.8529151082038879,modal,cuda,QKI:HepG2
BCLAF1,HepG2,chr2:186640975:T:A,0,4,-0.3657381534576416,modal,cuda,QKI:HepG2
BCLAF1,HepG2,chr2:187484116:A:G,0,4,-0.293609619140625,modal,cuda,QKI:HepG2
BCLAF1,HepG2,chr2:187496871:A:G,0,4,-0.2391359806060791,modal,cuda,QKI:HepG2
BCLAF1,HepG2,chr2:189795777:T:C,0,4,0.30177974700927734,modal,cuda,QKI:HepG2
BCLAF1,HepG2,chr2:189805681:T:C,0,4,-0.7394431829452515,modal,cuda,QKI:HepG2
BCLAF1,HepG2,chr2:189854875:A:G,0,4,0.4238152503967285,modal,cuda,QKI:HepG2
BCLAF1,HepG2,chr2:189864116:G:A,0,4,-0.6153967380523682,modal,cuda,QKI:HepG2
BCLAF1,HepG2,chr2:189864224:G:A,0,4,0.19396305084228516,modal,cuda,QKI:HepG2
BCLAF1,HepG2,chr2:190252143:C:A,0,4,0.8698248863220215,modal,cuda,QKI:HepG2
BCLAF1,HepG2,chr2:190261141:A:T,0,4,0.24524569511413574,modal,cuda,QKI:HepG2
BCLAF1,HepG2,chr2:190294639:A:C,1,4,-1.2187793254852295,modal,cuda,QKI:HepG2
BCLAF1,HepG2,chr2:190931645:A:C,0,4,0.33621978759765625,modal,cuda,QKI:HepG2
BCLAF1,HepG2,chr2:190985669:C:A,0,4,1.07356595993042,modal,cuda,QKI:HepG2
BCLAF1,HepG2,chr2:190991304:T:C,1,4,-0.24814081192016602,modal,cuda,QKI:HepG2
BCLAF1,HepG2,chr2:190991307:C:G,1,4,0.41907721757888794,modal,cuda,QKI:HepG2
BCLAF1,HepG2,chr2:190998020:G:A,0,4,0.45233917236328125,modal,cuda,QKI:HepG2
BCLAF1,HepG2,chr2:190998023:G:A,0,4,0.6013727188110352,modal,cuda,QKI:HepG2
BCLAF1,HepG2,chr2:191001165:T:G,1,4,-0.4773595333099365,modal,cuda,QKI:HepG2
BCLAF1,HepG2,chr2:196842706:A:G,0,4,-3.2849035263061523,modal,cuda,QKI:HepG2
BCLAF1,HepG2,chr2:196875837:T:C,0,4,-1.3597218990325928,modal,cuda,QKI:HepG2
BCLAF1,HepG2,chr2:196885478:T:C,1,4,-0.3938736915588379,modal,cuda,QKI:HepG2
BCLAF1,HepG2,chr2:196885815:A:G,0,4,-0.35602498054504395,modal,cuda,QKI:HepG2
BCLAF1,HepG2,chr2:196902616:A:C,1,4,1.056222915649414,modal,cuda,QKI:HepG2
BCLAF1,HepG2,chr2:196912997:A:C,0,4,0.49880456924438477,modal,cuda,QKI:HepG2
BCLAF1,HepG2,chr2:196916468:G:A,1,4,-0.5196175575256348,modal,cuda,QKI:HepG2
BCLAF1,HepG2,chr2:197393196:G:A,0,4,0.23247194290161133,modal,cuda,QKI:HepG2
BCLAF1,HepG2,chr2:197416735:A:T,0,4,0.4844374656677246,modal,cuda,QKI:HepG2
BCLAF1,HepG2,chr2:201633304:T:C,0,4,-1.0305860042572021,modal,cuda,QKI:HepG2
BCLAF1,HepG2,chr2:201741867:A:G,0,4,-0.798025369644165,modal,cuda,QKI:HepG2
BCLAF1,HepG2,chr2:201754689:G:A,0,4,-0.24993467330932617,modal,cuda,QKI:HepG2
BCLAF1,HepG2,chr2:202542450:A:T,1,4,-0.680156946182251,modal,cuda,QKI:HepG2
BCLAF1,HepG2,chr2:206126692:T:A,0,4,-0.29010629653930664,modal,cuda,QKI:HepG2
BCLAF1,HepG2,chr2:206132921:A:G,0,4,0.3297452926635742,modal,cuda,QKI:HepG2
BCLAF1,HepG2,chr2:208324127:A:T,0,4,-0.42790746688842773,modal,cuda,QKI:HepG2
BCLAF1,HepG2,chr2:208324136:A:T,0,4,-0.5104081630706787,modal,cuda,QKI:HepG2
BCLAF1,HepG2,chr2:208324294:T:A,0,4,0.4494647979736328,modal,cuda,QKI:HepG2
BCLAF1,HepG2,chr2:208340002:T:C,0,4,-1.5618658065795898,modal,cuda,QKI:HepG2
BCLAF1,HepG2,chr2:208345103:G:A,0,4,-0.6043391823768616,modal,cuda,QKI:HepG2
BCLAF1,HepG2,chr2:21029803:A:G,0,4,0.3577537536621094,modal,cuda,QKI:HepG2
BCLAF1,HepG2,chr2:210556758:A:T,1,4,0.6033811569213867,modal,cuda,QKI:HepG2
BCLAF1,HepG2,chr2:210590886:C:G,1,4,-1.7790950536727905,modal,cuda,QKI:HepG2
BCLAF1,HepG2,chr2:210590905:A:T,1,4,0.5107938647270203,modal,cuda,QKI:HepG2
BCLAF1,HepG2,chr2:210595552:C:G,1,4,-1.7909846305847168,modal,cuda,QKI:HepG2
BCLAF1,HepG2,chr2:210595589:G:A,0,4,0.6047840118408203,modal,cuda,QKI:HepG2
BCLAF1,HepG2,chr2:214780927:A:C,1,4,0.3730461597442627,modal,cuda,QKI:HepG2
BCLAF1,HepG2,chr2:214780940:T:A,1,4,-0.9102790355682373,modal,cuda,QKI:HepG2
BCLAF1,HepG2,chr2:214780947:T:G,0,4,-0.7520995140075684,modal,cuda,QKI:HepG2
BCLAF1,HepG2,chr2:214780970:T:A,1,4,0.1280679702758789,modal,cuda,QKI:HepG2
BCLAF1,HepG2,chr2:214780995:G:A,0,4,0.22879862785339355,modal,cuda,QKI:HepG2
BCLAF1,HepG2,chr2:214781015:C:A,1,4,0.7576347589492798,modal,cuda,QKI:HepG2
BCLAF1,HepG2,chr2:214781025:A:C,0,4,-0.6153934001922607,modal,cuda,QKI:HepG2
BCLAF1,HepG2,chr2:214781040:G:T,0,4,0.8788900971412659,modal,cuda,QKI:HepG2
BCLAF1,HepG2,chr2:214781045:C:A,1,4,-1.3682842254638672,modal,cuda,QKI:HepG2
BCLAF1,HepG2,chr2:214781050:A:C,1,4,0.8630108833312988,modal,cuda,QKI:HepG2
BCLAF1,HepG2,chr2:214781050:A:T,1,4,1.0460186004638672,modal,cuda,QKI:HepG2
BCLAF1,HepG2,chr2:215349087:C:T,0,4,-0.21577996015548706,modal,cuda,QKI:HepG2
BCLAF1,HepG2,chr2:215365493:G:C,0,4,-0.23408770561218262,modal,cuda,QKI:HepG2
BCLAF1,HepG2,chr2:222634537:T:C,1,4,-0.2969892919063568,modal,cuda,QKI:HepG2
BCLAF1,HepG2,chr2:222639607:T:C,0,4,0.29128479957580566,modal,cuda,QKI:HepG2
BCLAF1,HepG2,chr2:222640924:C:G,0,4,0.18715524673461914,modal,cuda,QKI:HepG2
BCLAF1,HepG2,chr2:222642894:A:G,1,4,-0.20446324348449707,modal,cuda,QKI:HepG2
BCLAF1,HepG2,chr2:224495980:A:T,0,4,-0.22503089904785156,modal,cuda,QKI:HepG2
BCLAF1,HepG2,chr2:224502952:C:T,0,4,-2.2660107612609863,modal,cuda,QKI:HepG2
BCLAF1,HepG2,chr2:224502958:A:C,0,4,0.5610334873199463,modal,cuda,QKI:HepG2
BCLAF1,HepG2,chr2:224503825:G:A,1,4,0.6721203923225403,modal,cuda,QKI:HepG2
BCLAF1,HepG2,chr2:224503827:A:T,1,4,-0.2813112735748291,modal,cuda,QKI:HepG2
BCLAF1,HepG2,chr2:224503834:A:C,1,4,-0.40268802642822266,modal,cuda,QKI:HepG2
BCLAF1,HepG2,chr2:224503848:T:C,1,4,-0.9692592620849609,modal,cuda,QKI:HepG2
BCLAF1,HepG2,chr2:224503850:A:C,1,4,-1.6464910507202148,modal,cuda,QKI:HepG2
BCLAF1,HepG2,chr2:224506150:A:T,0,4,0.67488694190979,modal,cuda,QKI:HepG2
BCLAF1,HepG2,chr2:227332522:G:A,0,4,-0.4796103835105896,modal,cuda,QKI:HepG2
BCLAF1,HepG2,chr2:227340266:C:T,0,4,0.8797824382781982,modal,cuda,QKI:HepG2
BCLAF1,HepG2,chr2:227340295:C:T,1,4,-0.21344947814941406,modal,cuda,QKI:HepG2
BCLAF1,HepG2,chr2:229791861:C:T,1,4,-0.26987147331237793,modal,cuda,QKI:HepG2
BCLAF1,HepG2,chr2:229858787:G:A,1,4,-0.18171310424804688,modal,cuda,QKI:HepG2
BCLAF1,HepG2,chr2:232029988:C:T,1,4,-1.2543978691101074,modal,cuda,QKI:HepG2
BCLAF1,HepG2,chr2:232030077:G:A,1,4,0.6244010329246521,modal,cuda,QKI:HepG2
BCLAF1,HepG2,chr2:232087550:G:T,1,4,-0.7865245342254639,modal,cuda,QKI:HepG2
BCLAF1,HepG2,chr2:232087576:A:G,0,4,-0.6612691879272461,modal,cuda,QKI:HepG2
BCLAF1,HepG2,chr2:232087701:C:G,1,4,-0.24935340881347656,modal,cuda,QKI:HepG2
BCLAF1,HepG2,chr2:232130712:C:G,1,4,-0.23980021476745605,modal,cuda,QKI:HepG2
BCLAF1,HepG2,chr2:232136499:T:C,0,4,0.24460101127624512,modal,cuda,QKI:HepG2
BCLAF1,HepG2,chr2:232163439:C:T,0,4,-0.2172555923461914,modal,cuda,QKI:HepG2
BCLAF1,HepG2,chr2:232163460:C:T,1,4,-0.1736297607421875,modal,cuda,QKI:HepG2
BCLAF1,HepG2,chr2:232163481:C:T,1,4,0.10248422622680664,modal,cuda,QKI:HepG2
BCLAF1,HepG2,chr2:232249324:G:A,1,4,-0.4118218421936035,modal,cuda,QKI:HepG2
BCLAF1,HepG2,chr2:232263229:G:A,0,4,0.43675726652145386,modal,cuda,QKI:HepG2
BCLAF1,HepG2,chr2:232791432:C:T,0,4,0.28615427017211914,modal,cuda,QKI:HepG2
BCLAF1,HepG2,chr2:232794843:C:A,0,4,-1.5447397232055664,modal,cuda,QKI:HepG2
BCLAF1,HepG2,chr2:232796136:G:A,0,4,0.4251410961151123,modal,cuda,QKI:HepG2
BCLAF1,HepG2,chr2:238068120:A:G,0,4,-0.5391526222229004,modal,cuda,QKI:HepG2
BCLAF1,HepG2,chr2:239190094:C:A,0,4,0.574202299118042,modal,cuda,QKI:HepG2
BCLAF1,HepG2,chr2:239352670:G:A,0,4,0.28382056951522827,modal,cuda,QKI:HepG2
BCLAF1,HepG2,chr2:240007349:T:C,0,4,-0.919865071773529,modal,cuda,QKI:HepG2
BCLAF1,HepG2,chr2:24252336:T:C,0,4,-0.8203818798065186,modal,cuda,QKI:HepG2
BCLAF1,HepG2,chr2:24298659:C:T,0,4,0.23423528671264648,modal,cuda,QKI:HepG2
BCLAF1,HepG2,chr2:27234001:C:T,0,4,-0.08087968826293945,modal,cuda,QKI:HepG2
BCLAF1,HepG2,chr2:28776842:G:A,0,4,0.7475597858428955,modal,cuda,QKI:HepG2
BCLAF1,HepG2,chr2:28781721:A:G,0,4,-1.0780057907104492,modal,cuda,QKI:HepG2
BCLAF1,HepG2,chr2:28906450:T:A,0,4,0.4469606876373291,modal,cuda,QKI:HepG2
BCLAF1,HepG2,chr2:36499357:C:G,0,4,-0.7851319313049316,modal,cuda,QKI:HepG2
BCLAF1,HepG2,chr2:36899508:A:C,0,4,-0.5697815418243408,modal,cuda,QKI:HepG2
BCLAF1,HepG2,chr2:37126291:G:A,0,4,1.5143897533416748,modal,cuda,QKI:HepG2
BCLAF1,HepG2,chr2:37126321:A:G,0,4,1.101274013519287,modal,cuda,QKI:HepG2
BCLAF1,HepG2,chr2:37138497:G:A,0,4,0.6050488948822021,modal,cuda,QKI:HepG2
BCLAF1,HepG2,chr2:37237883:A:C,0,4,0.4584411382675171,modal,cuda,QKI:HepG2
BCLAF1,HepG2,chr2:37243971:C:A,0,4,-0.3833897113800049,modal,cuda,QKI:HepG2
BCLAF1,HepG2,chr2:38997049:T:G,0,4,-0.4198146462440491,modal,cuda,QKI:HepG2
BCLAF1,HepG2,chr2:38997236:T:C,0,4,-0.7369346618652344,modal,cuda,QKI:HepG2
BCLAF1,HepG2,chr2:39007017:A:G,0,4,-0.12250804901123047,modal,cuda,QKI:HepG2
BCLAF1,HepG2,chr2:39012120:A:C,0,4,-0.5868940353393555,modal,cuda,QKI:HepG2
BCLAF1,HepG2,chr2:39013454:A:C,0,4,0.2922322750091553,modal,cuda,QKI:HepG2
BCLAF1,HepG2,chr2:39023245:A:G,0,4,-0.359039306640625,modal,cuda,QKI:HepG2
BCLAF1,HepG2,chr2:39035207:C:G,0,4,-0.6719787120819092,modal,cuda,QKI:HepG2
BCLAF1,HepG2,chr2:39056693:G:C,0,4,0.4719533920288086,modal,cuda,QKI:HepG2
BCLAF1,HepG2,chr2:42263316:G:A,0,4,0.5270118713378906,modal,cuda,QKI:HepG2
BCLAF1,HepG2,chr2:43551817:T:C,0,4,-0.3935117721557617,modal,cuda,QKI:HepG2
BCLAF1,HepG2,chr2:43556523:T:G,0,4,0.9696621894836426,modal,cuda,QKI:HepG2
BCLAF1,HepG2,chr2:43556551:G:A,0,4,-0.5756547451019287,modal,cuda,QKI:HepG2
BCLAF1,HepG2,chr2:43570490:T:G,0,4,0.16951870918273926,modal,cuda,QKI:HepG2
BCLAF1,HepG2,chr2:43575014:T:C,0,4,-0.21828818321228027,modal,cuda,QKI:HepG2
BCLAF1,HepG2,chr2:43590938:T:C,0,4,0.44272518157958984,modal,cuda,QKI:HepG2
BCLAF1,HepG2,chr2:43823981:C:G,1,4,-0.3466956615447998,modal,cuda,QKI:HepG2
BCLAF1,HepG2,chr2:43823981:C:T,1,4,0.5694652795791626,modal,cuda,QKI:HepG2
BCLAF1,HepG2,chr2:43899608:G:A,0,4,0.8090600371360779,modal,cuda,QKI:HepG2
BCLAF1,HepG2,chr2:43918235:G:T,0,4,-1.2357780933380127,modal,cuda,QKI:HepG2
BCLAF1,HepG2,chr2:43925051:T:C,0,4,-0.6682114601135254,modal,cuda,QKI:HepG2
BCLAF1,HepG2,chr2:43925175:G:C,0,4,-1.0064384937286377,modal,cuda,QKI:HepG2
BCLAF1,HepG2,chr2:43963572:C:T,0,4,0.5760574340820312,modal,cuda,QKI:HepG2
BCLAF1,HepG2,chr2:44218547:A:G,0,4,-0.9117817878723145,modal,cuda,QKI:HepG2
BCLAF1,HepG2,chr2:44338367:G:C,1,4,-1.4033656120300293,modal,cuda,QKI:HepG2
BCLAF1,HepG2,chr2:44343970:G:A,0,4,0.4613471031188965,modal,cuda,QKI:HepG2
BCLAF1,HepG2,chr2:44346251:G:C,0,4,-0.29216575622558594,modal,cuda,QKI:HepG2
BCLAF1,HepG2,chr2:46623886:C:T,0,4,0.9194463491439819,modal,cuda,QKI:HepG2
BCLAF1,HepG2,chr2:46623887:G:A,0,4,0.5168633460998535,modal,cuda,QKI:HepG2
BCLAF1,HepG2,chr2:46950458:A:T,1,4,-0.3717381954193115,modal,cuda,QKI:HepG2
BCLAF1,HepG2,chr2:46950464:G:T,1,4,-2.04632568359375,modal,cuda,QKI:HepG2
BCLAF1,HepG2,chr2:46950478:C:T,0,4,0.1730484962463379,modal,cuda,QKI:HepG2
BCLAF1,HepG2,chr2:47161705:T:C,0,4,-0.40451693534851074,modal,cuda,QKI:HepG2
BCLAF1,HepG2,chr2:47408531:G:A,0,4,0.5731399059295654,modal,cuda,QKI:HepG2
BCLAF1,HepG2,chr2:47408553:A:T,1,4,-0.6230649948120117,modal,cuda,QKI:HepG2
BCLAF1,HepG2,chr2:47410186:C:A,0,4,-0.5674700140953064,modal,cuda,QKI:HepG2
BCLAF1,HepG2,chr2:47410210:T:C,0,4,0.4930582046508789,modal,cuda,QKI:HepG2
BCLAF1,HepG2,chr2:47410210:T:G,0,4,-0.24928069114685059,modal,cuda,QKI:HepG2
BCLAF1,HepG2,chr2:47410213:A:C,0,4,0.5925331115722656,modal,cuda,QKI:HepG2
BCLAF1,HepG2,chr2:47410255:T:C,0,4,0.3963963985443115,modal,cuda,QKI:HepG2
BCLAF1,HepG2,chr2:47410264:T:G,0,4,0.4953036308288574,modal,cuda,QKI:HepG2
BCLAF1,HepG2,chr2:47410316:A:T,1,4,-0.3969544470310211,modal,cuda,QKI:HepG2
BCLAF1,HepG2,chr2:47410334:G:T,1,4,0.39225101470947266,modal,cuda,QKI:HepG2
BCLAF1,HepG2,chr2:47412497:G:A,0,4,0.21989107131958008,modal,cuda,QKI:HepG2
BCLAF1,HepG2,chr2:47412535:C:G,0,4,-1.8473694324493408,modal,cuda,QKI:HepG2
BCLAF1,HepG2,chr2:47412541:T:A,1,4,0.36179685592651367,modal,cuda,QKI:HepG2
BCLAF1,HepG2,chr2:47412546:G:T,1,4,0.7311062812805176,modal,cuda,QKI:HepG2
BCLAF1,HepG2,chr2:47414246:G:A,0,4,0.507657527923584,modal,cuda,QKI:HepG2
BCLAF1,HepG2,chr2:47414279:C:G,1,4,-0.5450782775878906,modal,cuda,QKI:HepG2
BCLAF1,HepG2,chr2:47414280:A:C,0,4,0.2795546054840088,modal,cuda,QKI:HepG2
BCLAF1,HepG2,chr2:47416319:C:A,0,4,0.40603208541870117,modal,cuda,QKI:HepG2
BCLAF1,HepG2,chr2:47416322:T:G,0,4,-0.2994670867919922,modal,cuda,QKI:HepG2
BCLAF1,HepG2,chr2:47416341:C:T,0,4,-0.1859900951385498,modal,cuda,QKI:HepG2
BCLAF1,HepG2,chr2:47416346:T:C,0,4,0.22907304763793945,modal,cuda,QKI:HepG2
BCLAF1,HepG2,chr2:47416352:T:A,1,4,-1.0720922946929932,modal,cuda,QKI:HepG2
BCLAF1,HepG2,chr2:47416361:T:C,0,4,-0.4870643615722656,modal,cuda,QKI:HepG2
BCLAF1,HepG2,chr2:47445588:T:C,0,4,-0.2858283519744873,modal,cuda,QKI:HepG2
BCLAF1,HepG2,chr2:47445621:T:C,0,4,0.3312563896179199,modal,cuda,QKI:HepG2
BCLAF1,HepG2,chr2:47466649:A:T,0,4,-0.4953947067260742,modal,cuda,QKI:HepG2
BCLAF1,HepG2,chr2:47466668:T:C,0,4,0.6405270099639893,modal,cuda,QKI:HepG2
BCLAF1,HepG2,chr2:47470956:G:A,0,4,0.3796377182006836,modal,cuda,QKI:HepG2
BCLAF1,HepG2,chr2:47470963:A:T,1,4,-0.3538246154785156,modal,cuda,QKI:HepG2
BCLAF1,HepG2,chr2:47470964:G:A,1,4,0.3294081687927246,modal,cuda,QKI:HepG2
BCLAF1,HepG2,chr2:47470971:G:A,0,4,-2.9413394927978516,modal,cuda,QKI:HepG2
BCLAF1,HepG2,chr2:47470979:T:G,1,4,-1.358512282371521,modal,cuda,QKI:HepG2
BCLAF1,HepG2,chr2:47471013:T:G,1,4,-0.9127910137176514,modal,cuda,QKI:HepG2
BCLAF1,HepG2,chr2:47471017:G:T,1,4,-0.6688804626464844,modal,cuda,QKI:HepG2
BCLAF1,HepG2,chr2:47471022:C:A,0,4,-0.1550159454345703,modal,cuda,QKI:HepG2
BCLAF1,HepG2,chr2:47475050:C:A,0,4,0.20432591438293457,modal,cuda,QKI:HepG2
BCLAF1,HepG2,chr2:47475083:C:G,0,4,0.23876357078552246,modal,cuda,QKI:HepG2
BCLAF1,HepG2,chr2:47475083:C:T,0,4,-0.33617234230041504,modal,cuda,QKI:HepG2
BCLAF1,HepG2,chr2:47475231:T:A,0,4,-0.49716687202453613,modal,cuda,QKI:HepG2
BCLAF1,HepG2,chr2:47475266:T:C,0,4,-0.36647462844848633,modal,cuda,QKI:HepG2
BCLAF1,HepG2,chr2:47475272:T:C,1,4,-0.8066849708557129,modal,cuda,QKI:HepG2
BCLAF1,HepG2,chr2:47476408:G:C,1,4,0.7527371644973755,modal,cuda,QKI:HepG2
BCLAF1,HepG2,chr2:47476437:G:T,0,4,0.6781307458877563,modal,cuda,QKI:HepG2
BCLAF1,HepG2,chr2:47476457:C:A,1,4,1.1957414150238037,modal,cuda,QKI:HepG2
BCLAF1,HepG2,chr2:47476462:G:T,1,4,0.5981501936912537,modal,cuda,QKI:HepG2
BCLAF1,HepG2,chr2:47476476:G:A,0,4,0.3778262436389923,modal,cuda,QKI:HepG2
BCLAF1,HepG2,chr2:47476524:A:G,0,4,-0.2827179431915283,modal,cuda,QKI:HepG2
BCLAF1,HepG2,chr2:47790990:T:A,1,4,-1.1949870586395264,modal,cuda,QKI:HepG2
BCLAF1,HepG2,chr2:47790999:C:G,1,4,-1.9804103374481201,modal,cuda,QKI:HepG2
BCLAF1,HepG2,chr2:47791014:T:C,0,4,-0.09762430191040039,modal,cuda,QKI:HepG2
BCLAF1,HepG2,chr2:47791015:G:T,1,4,-3.106511116027832,modal,cuda,QKI:HepG2
BCLAF1,HepG2,chr2:47791017:A:T,0,4,0.19440221786499023,modal,cuda,QKI:HepG2
BCLAF1,HepG2,chr2:47791033:A:T,1,4,0.36214709281921387,modal,cuda,QKI:HepG2
BCLAF1,HepG2,chr2:47791039:A:T,1,4,-0.3834195137023926,modal,cuda,QKI:HepG2
BCLAF1,HepG2,chr2:47791043:C:G,1,4,-0.24763941764831543,modal,cuda,QKI:HepG2
BCLAF1,HepG2,chr2:47791053:T:G,0,4,-1.0950169563293457,modal,cuda,QKI:HepG2
BCLAF1,HepG2,chr2:47791060:C:T,1,4,0.35291600227355957,modal,cuda,QKI:HepG2
BCLAF1,HepG2,chr2:47791071:T:C,0,4,-0.39728307723999023,modal,cuda,QKI:HepG2
BCLAF1,HepG2,chr2:47791091:G:A,1,4,0.46159982681274414,modal,cuda,QKI:HepG2
BCLAF1,HepG2,chr2:47791092:G:A,1,4,0.6207015514373779,modal,cuda,QKI:HepG2
BCLAF1,HepG2,chr2:47791095:T:C,0,4,0.45741915702819824,modal,cuda,QKI:HepG2
BCLAF1,HepG2,chr2:47791097:G:T,0,4,0.41686582565307617,modal,cuda,QKI:HepG2
BCLAF1,HepG2,chr2:47791099:A:T,1,4,0.8178572654724121,modal,cuda,QKI:HepG2
BCLAF1,HepG2,chr2:47791101:A:G,0,4,-0.23057317733764648,modal,cuda,QKI:HepG2
BCLAF1,HepG2,chr2:47791102:A:C,0,4,-0.38597583770751953,modal,cuda,QKI:HepG2
BCLAF1,HepG2,chr2:47791109:T:G,1,4,0.3180732727050781,modal,cuda,QKI:HepG2
BCLAF1,HepG2,chr2:47791125:T:A,1,4,0.3275909423828125,modal,cuda,QKI:HepG2
BCLAF1,HepG2,chr2:47796001:A:T,1,4,-0.8071441650390625,modal,cuda,QKI:HepG2
BCLAF1,HepG2,chr2:47796010:G:T,1,4,-1.0971016883850098,modal,cuda,QKI:HepG2
BCLAF1,HepG2,chr2:47796014:T:A,1,4,0.5241377353668213,modal,cuda,QKI:HepG2
BCLAF1,HepG2,chr2:47796024:T:A,1,4,-0.4826650619506836,modal,cuda,QKI:HepG2
BCLAF1,HepG2,chr2:47796035:C:A,1,4,0.2618957757949829,modal,cuda,QKI:HepG2
BCLAF1,HepG2,chr2:47796035:C:G,1,4,-0.2169036865234375,modal,cuda,QKI:HepG2
BCLAF1,HepG2,chr2:47796037:G:T,1,4,-0.43752002716064453,modal,cuda,QKI:HepG2
BCLAF1,HepG2,chr2:47796052:G:T,1,4,0.5339810848236084,modal,cuda,QKI:HepG2
BCLAF1,HepG2,chr2:47798625:C:A,1,4,0.3506753444671631,modal,cuda,QKI:HepG2
BCLAF1,HepG2,chr2:47798625:C:G,1,4,-0.5507929921150208,modal,cuda,QKI:HepG2
BCLAF1,HepG2,chr2:47798625:C:T,0,4,0.25986790657043457,modal,cuda,QKI:HepG2
BCLAF1,HepG2,chr2:47798631:A:G,0,4,-0.2482907772064209,modal,cuda,QKI:HepG2
BCLAF1,HepG2,chr2:47798635:A:T,1,4,-1.3344027996063232,modal,cuda,QKI:HepG2
BCLAF1,HepG2,chr2:47798641:G:T,1,4,0.9150478839874268,modal,cuda,QKI:HepG2
BCLAF1,HepG2,chr2:47798644:G:T,1,4,1.4587681293487549,modal,cuda,QKI:HepG2
BCLAF1,HepG2,chr2:47798653:G:T,1,4,0.7978830337524414,modal,cuda,QKI:HepG2
BCLAF1,HepG2,chr2:47798659:G:T,1,4,-0.9473485946655273,modal,cuda,QKI:HepG2
BCLAF1,HepG2,chr2:47798668:G:T,1,4,0.42702794075012207,modal,cuda,QKI:HepG2
BCLAF1,HepG2,chr2:47798677:C:T,1,4,-1.4088490009307861,modal,cuda,QKI:HepG2
BCLAF1,HepG2,chr2:47798689:C:T,1,4,-0.55503249168396,modal,cuda,QKI:HepG2
BCLAF1,HepG2,chr2:47798692:G:T,1,4,-0.7221946716308594,modal,cuda,QKI:HepG2
BCLAF1,HepG2,chr2:47798701:C:T,1,4,0.3313469886779785,modal,cuda,QKI:HepG2
BCLAF1,HepG2,chr2:47798703:A:C,0,4,-0.482236385345459,modal,cuda,QKI:HepG2
BCLAF1,HepG2,chr2:47798713:C:T,1,4,-1.4330682754516602,modal,cuda,QKI:HepG2
BCLAF1,HepG2,chr2:47798714:A:G,0,4,-0.38103318214416504,modal,cuda,QKI:HepG2
BCLAF1,HepG2,chr2:47798718:A:C,0,4,-0.45331740379333496,modal,cuda,QKI:HepG2
BCLAF1,HepG2,chr2:47798719:A:T,1,4,1.3043169975280762,modal,cuda,QKI:HepG2
BCLAF1,HepG2,chr2:47798725:C:T,1,4,-0.9570740461349487,modal,cuda,QKI:HepG2
BCLAF1,HepG2,chr2:47798797:G:T,1,4,-0.5598540306091309,modal,cuda,QKI:HepG2
BCLAF1,HepG2,chr2:47798800:G:T,1,4,-0.2784743905067444,modal,cuda,QKI:HepG2
BCLAF1,HepG2,chr2:47798812:G:T,1,4,-0.8560087084770203,modal,cuda,QKI:HepG2
BCLAF1,HepG2,chr2:47798814:A:G,0,4,-0.4519307613372803,modal,cuda,QKI:HepG2
BCLAF1,HepG2,chr2:47798824:G:T,1,4,-0.6005860567092896,modal,cuda,QKI:HepG2
BCLAF1,HepG2,chr2:47798859:C:T,0,4,0.18964552879333496,modal,cuda,QKI:HepG2
BCLAF1,HepG2,chr2:47798866:A:T,1,4,-1.6050808429718018,modal,cuda,QKI:HepG2
BCLAF1,HepG2,chr2:47798875:C:T,1,4,-1.5863122940063477,modal,cuda,QKI:HepG2
BCLAF1,HepG2,chr2:47798877:A:C,0,4,-0.6019496917724609,modal,cuda,QKI:HepG2
BCLAF1,HepG2,chr2:47798881:C:A,0,4,-0.6434752941131592,modal,cuda,QKI:HepG2
BCLAF1,HepG2,chr2:47798883:G:T,0,4,0.40833020210266113,modal,cuda,QKI:HepG2
BCLAF1,HepG2,chr2:47798887:A:T,1,4,-1.0274066925048828,modal,cuda,QKI:HepG2
BCLAF1,HepG2,chr2:47798901:A:G,0,4,-0.4200313091278076,modal,cuda,QKI:HepG2
BCLAF1,HepG2,chr2:47798982:C:A,0,4,0.5103232860565186,modal,cuda,QKI:HepG2
BCLAF1,HepG2,chr2:47799003:C:T,0,4,-0.5424399375915527,modal,cuda,QKI:HepG2
BCLAF1,HepG2,chr2:47799006:T:A,0,4,0.3100142478942871,modal,cuda,QKI:HepG2
BCLAF1,HepG2,chr2:47799009:C:T,0,4,0.3270447254180908,modal,cuda,QKI:HepG2
BCLAF1,HepG2,chr2:47799012:T:G,0,4,0.28041529655456543,modal,cuda,QKI:HepG2
BCLAF1,HepG2,chr2:47799077:G:A,1,4,0.8807332515716553,modal,cuda,QKI:HepG2
BCLAF1,HepG2,chr2:47799133:A:C,0,4,1.0119972229003906,modal,cuda,QKI:HepG2
BCLAF1,HepG2,chr2:47799156:T:C,0,4,0.4622657299041748,modal,cuda,QKI:HepG2
BCLAF1,HepG2,chr2:47799177:G:T,0,4,0.6440861225128174,modal,cuda,QKI:HepG2
BCLAF1,HepG2,chr2:47799477:G:A,0,4,0.5965056419372559,modal,cuda,QKI:HepG2
BCLAF1,HepG2,chr2:47799493:A:T,1,4,-0.8280880451202393,modal,cuda,QKI:HepG2
BCLAF1,HepG2,chr2:47799514:A:C,0,4,1.0562615394592285,modal,cuda,QKI:HepG2
BCLAF1,HepG2,chr2:47799526:A:C,0,4,0.5012909770011902,modal,cuda,QKI:HepG2
BCLAF1,HepG2,chr2:47799540:G:A,0,4,1.4892613887786865,modal,cuda,QKI:HepG2
BCLAF1,HepG2,chr2:47799546:A:C,0,4,0.645704448223114,modal,cuda,QKI:HepG2
BCLAF1,HepG2,chr2:47800581:A:G,0,4,0.7453590631484985,modal,cuda,QKI:HepG2
BCLAF1,HepG2,chr2:47800591:A:T,1,4,-0.1525421142578125,modal,cuda,QKI:HepG2
BCLAF1,HepG2,chr2:47800596:T:A,0,4,0.31341552734375,modal,cuda,QKI:HepG2
BCLAF1,HepG2,chr2:47800599:A:C,0,4,-0.5508337020874023,modal,cuda,QKI:HepG2
BCLAF1,HepG2,chr2:47800617:T:A,0,4,0.3859524726867676,modal,cuda,QKI:HepG2
BCLAF1,HepG2,chr2:47800650:G:C,0,4,-0.4969604015350342,modal,cuda,QKI:HepG2
BCLAF1,HepG2,chr2:47800704:A:G,0,4,-0.30316925048828125,modal,cuda,QKI:HepG2
BCLAF1,HepG2,chr2:47800738:G:T,1,4,-1.1524617671966553,modal,cuda,QKI:HepG2
BCLAF1,HepG2,chr2:47800750:A:T,1,4,-0.9794013500213623,modal,cuda,QKI:HepG2
BCLAF1,HepG2,chr2:47800756:G:T,1,4,-2.366419792175293,modal,cuda,QKI:HepG2
BCLAF1,HepG2,chr2:47801017:G:T,1,4,-0.7643913626670837,modal,cuda,QKI:HepG2
BCLAF1,HepG2,chr2:47801040:A:C,0,4,-1.8855016231536865,modal,cuda,QKI:HepG2
BCLAF1,HepG2,chr2:47801067:A:G,0,4,-0.3454549312591553,modal,cuda,QKI:HepG2
BCLAF1,HepG2,chr2:47801069:T:A,1,4,-1.0767138004302979,modal,cuda,QKI:HepG2
BCLAF1,HepG2,chr2:47803562:A:T,0,4,-0.29584813117980957,modal,cuda,QKI:HepG2
BCLAF1,HepG2,chr2:47803643:T:C,0,4,-0.33025121688842773,modal,cuda,QKI:HepG2
BCLAF1,HepG2,chr2:47803670:T:G,0,4,-0.7010276317596436,modal,cuda,QKI:HepG2
BCLAF1,HepG2,chr2:47803680:A:T,1,4,-0.36320066452026367,modal,cuda,QKI:HepG2
BCLAF1,HepG2,chr2:47803699:A:T,0,4,0.3092012405395508,modal,cuda,QKI:HepG2
BCLAF1,HepG2,chr2:47805649:A:G,0,4,0.47176432609558105,modal,cuda,QKI:HepG2
BCLAF1,HepG2,chr2:47805655:C:G,0,4,-0.3537788391113281,modal,cuda,QKI:HepG2
BCLAF1,HepG2,chr2:47805661:A:T,0,4,0.23733103275299072,modal,cuda,QKI:HepG2
BCLAF1,HepG2,chr2:47805688:G:T,0,4,-1.2420978546142578,modal,cuda,QKI:HepG2
BCLAF1,HepG2,chr2:47806214:T:A,0,4,-0.1822223663330078,modal,cuda,QKI:HepG2
BCLAF1,HepG2,chr2:47806254:A:T,1,4,0.3345317840576172,modal,cuda,QKI:HepG2
BCLAF1,HepG2,chr2:47806520:T:A,0,4,0.4825432300567627,modal,cuda,QKI:HepG2
BCLAF1,HepG2,chr2:47806536:A:T,1,4,-0.8266119956970215,modal,cuda,QKI:HepG2
BCLAF1,HepG2,chr2:47806544:T:A,1,4,-1.0275945663452148,modal,cuda,QKI:HepG2
BCLAF1,HepG2,chr2:47806547:C:T,0,4,-0.45786428451538086,modal,cuda,QKI:HepG2
BCLAF1,HepG2,chr2:47806653:T:C,1,4,0.40024828910827637,modal,cuda,QKI:HepG2
BCLAF1,HepG2,chr2:47806806:A:C,0,4,0.19659900665283203,modal,cuda,QKI:HepG2
BCLAF1,HepG2,chr2:47806862:C:G,0,4,0.6282973289489746,modal,cuda,QKI:HepG2
BCLAF1,HepG2,chr2:47806867:T:C,0,4,-0.6572034358978271,modal,cuda,QKI:HepG2
BCLAF1,HepG2,chr2:47808430:A:G,0,4,-0.9357929229736328,modal,cuda,QKI:HepG2
BCLAF1,HepG2,chr2:47809154:T:G,0,4,0.33608341217041016,modal,cuda,QKI:HepG2
BCLAF1,HepG2,chr2:47813381:T:C,0,4,-0.8053797483444214,modal,cuda,QKI:HepG2
BCLAF1,HepG2,chr2:47818950:T:C,0,4,-0.43120574951171875,modal,cuda,QKI:HepG2
BCLAF1,HepG2,chr2:47822214:T:C,0,4,-0.618096113204956,modal,cuda,QKI:HepG2
BCLAF1,HepG2,chr2:47823133:A:G,0,4,-0.44370031356811523,modal,cuda,QKI:HepG2
BCLAF1,HepG2,chr2:47823138:A:G,0,4,0.9812812805175781,modal,cuda,QKI:HepG2
BCLAF1,HepG2,chr2:47832697:T:G,0,4,-0.8490422964096069,modal,cuda,QKI:HepG2
BCLAF1,HepG2,chr2:47832753:T:G,0,4,-0.8644168376922607,modal,cuda,QKI:HepG2
BCLAF1,HepG2,chr2:47832948:T:C,0,4,-0.6919794082641602,modal,cuda,QKI:HepG2
BCLAF1,HepG2,chr2:47835867:C:G,1,4,-1.2581593990325928,modal,cuda,QKI:HepG2
BCLAF1,HepG2,chr2:47839023:T:C,0,4,-1.299785852432251,modal,cuda,QKI:HepG2
BCLAF1,HepG2,chr2:47839416:T:C,1,4,-0.7730231285095215,modal,cuda,QKI:HepG2
BCLAF1,HepG2,chr2:48454661:C:T,1,4,-0.8707647323608398,modal,cuda,QKI:HepG2
BCLAF1,HepG2,chr2:48454692:T:G,1,4,-0.7581548690795898,modal,cuda,QKI:HepG2
BCLAF1,HepG2,chr2:48454711:T:C,0,4,-0.2594592571258545,modal,cuda,QKI:HepG2
BCLAF1,HepG2,chr2:48454729:C:G,0,4,-0.2788715362548828,modal,cuda,QKI:HepG2
BCLAF1,HepG2,chr2:48458162:C:T,1,4,-1.5546646118164062,modal,cuda,QKI:HepG2
BCLAF1,HepG2,chr2:48459793:G:T,1,4,-0.9206798076629639,modal,cuda,QKI:HepG2
BCLAF1,HepG2,chr2:48459805:C:T,1,4,-0.6749927997589111,modal,cuda,QKI:HepG2
BCLAF1,HepG2,chr2:54628093:A:G,0,4,-0.2976377010345459,modal,cuda,QKI:HepG2
BCLAF1,HepG2,chr2:55362298:T:A,0,4,-0.4725320339202881,modal,cuda,QKI:HepG2
BCLAF1,HepG2,chr2:55643155:T:C,1,4,-0.3662140369415283,modal,cuda,QKI:HepG2
BCLAF1,HepG2,chr2:55646250:C:G,0,4,0.7621080875396729,modal,cuda,QKI:HepG2
BCLAF1,HepG2,chr2:58204239:G:A,0,4,0.3777124881744385,modal,cuda,QKI:HepG2
BCLAF1,HepG2,chr2:61018063:A:G,0,4,-0.2897062301635742,modal,cuda,QKI:HepG2
BCLAF1,HepG2,chr2:61339689:G:A,0,4,-0.18558931350708008,modal,cuda,QKI:HepG2
BCLAF1,HepG2,chr2:61483031:C:A,1,4,0.33837461471557617,modal,cuda,QKI:HepG2
BCLAF1,HepG2,chr2:61490715:T:G,1,4,-0.3393239974975586,modal,cuda,QKI:HepG2
BCLAF1,HepG2,chr2:61496870:T:C,0,4,-0.7794394493103027,modal,cuda,QKI:HepG2
BCLAF1,HepG2,chr2:62747391:G:C,0,4,0.24677705764770508,modal,cuda,QKI:HepG2
BCLAF1,HepG2,chr2:68158384:G:C,0,4,2.3610167503356934,modal,cuda,QKI:HepG2
BCLAF1,HepG2,chr2:69345897:T:C,0,4,-0.36264562606811523,modal,cuda,QKI:HepG2
BCLAF1,HepG2,chr2:69359261:T:A,0,4,-1.0397876501083374,modal,cuda,QKI:HepG2
BCLAF1,HepG2,chr2:70214405:A:G,0,4,-0.5586926937103271,modal,cuda,QKI:HepG2
BCLAF1,HepG2,chr2:70214459:C:T,0,4,0.576256513595581,modal,cuda,QKI:HepG2
BCLAF1,HepG2,chr2:70229206:C:T,0,4,1.3202307224273682,modal,cuda,QKI:HepG2
BCLAF1,HepG2,chr2:70236109:T:C,0,4,-0.47257542610168457,modal,cuda,QKI:HepG2
BCLAF1,HepG2,chr2:70236127:T:C,0,4,-0.8433883786201477,modal,cuda,QKI:HepG2
BCLAF1,HepG2,chr2:72492312:G:C,0,4,-0.21495461463928223,modal,cuda,QKI:HepG2
BCLAF1,HepG2,chr2:72492402:C:A,0,4,-0.6627850532531738,modal,cuda,QKI:HepG2
BCLAF1,HepG2,chr2:72498563:T:C,0,4,-1.1299097537994385,modal,cuda,QKI:HepG2
BCLAF1,HepG2,chr2:72513174:T:G,0,4,0.6817939281463623,modal,cuda,QKI:HepG2
BCLAF1,HepG2,chr2:72513186:A:G,0,4,-0.6721014976501465,modal,cuda,QKI:HepG2
BCLAF1,HepG2,chr2:72559462:A:T,1,4,-0.41509926319122314,modal,cuda,QKI:HepG2
BCLAF1,HepG2,chr2:72559534:G:A,0,4,0.9574627876281738,modal,cuda,QKI:HepG2
BCLAF1,HepG2,chr2:72718092:C:A,0,4,0.2300281524658203,modal,cuda,QKI:HepG2
BCLAF1,HepG2,chr2:72718220:C:T,0,4,0.283099889755249,modal,cuda,QKI:HepG2
BCLAF1,HepG2,chr2:72718301:A:G,0,4,0.23645281791687012,modal,cuda,QKI:HepG2
BCLAF1,HepG2,chr2:72718326:A:T,0,4,0.34191298484802246,modal,cuda,QKI:HepG2
BCLAF1,HepG2,chr2:72731172:A:C,1,4,1.8046464920043945,modal,cuda,QKI:HepG2
BCLAF1,HepG2,chr2:72731204:T:C,0,4,-0.8939642906188965,modal,cuda,QKI:HepG2
BCLAF1,HepG2,chr2:73845186:T:A,1,4,0.3018152713775635,modal,cuda,QKI:HepG2
BCLAF1,HepG2,chr2:73847383:G:A,0,4,1.0317084789276123,modal,cuda,QKI:HepG2
BCLAF1,HepG2,chr2:73847660:C:T,1,4,-0.24088549613952637,modal,cuda,QKI:HepG2
BCLAF1,HepG2,chr2:74369513:T:G,0,4,1.0253241062164307,modal,cuda,QKI:HepG2
BCLAF1,HepG2,chr2:86078000:T:C,0,4,0.22986340522766113,modal,cuda,QKI:HepG2
BCLAF1,HepG2,chr2:8750329:C:T,0,4,0.3078896403312683,modal,cuda,QKI:HepG2
BCLAF1,HepG2,chr2:8751481:G:A,0,4,0.36968231201171875,modal,cuda,QKI:HepG2
BCLAF1,HepG2,chr2:8785753:T:C,0,4,-0.5642821788787842,modal,cuda,QKI:HepG2
BCLAF1,HepG2,chr2:8793961:A:G,0,4,-0.2953806519508362,modal,cuda,QKI:HepG2
BCLAF1,HepG2,chr2:8796755:C:T,0,4,0.15373069047927856,modal,cuda,QKI:HepG2
BCLAF1,HepG2,chr2:8802913:T:A,0,4,0.16119903326034546,modal,cuda,QKI:HepG2
BCLAF1,HepG2,chr2:8813350:T:C,0,4,-0.7926459312438965,modal,cuda,QKI:HepG2
BCLAF1,HepG2,chr2:8817705:T:C,0,4,0.07910919189453125,modal,cuda,QKI:HepG2
BCLAF1,HepG2,chr2:9521321:A:G,0,4,-0.8204472064971924,modal,cuda,QKI:HepG2
BCLAF1,HepG2,chr2:9526150:G:T,1,4,-0.45862746238708496,modal,cuda,QKI:HepG2
BCLAF1,HepG2,chr2:9526233:G:A,1,4,-0.60367751121521,modal,cuda,QKI:HepG2
BCLAF1,HepG2,chr2:96298427:A:G,0,4,-0.2596057951450348,modal,cuda,QKI:HepG2
BCLAF1,HepG2,chr2:96301514:G:A,0,4,0.38724446296691895,modal,cuda,QKI:HepG2
BCLAF1,HepG2,chr2:99360559:A:T,0,4,-3.699606418609619,modal,cuda,QKI:HepG2
BCLAF1,HepG2,chr2:99402793:A:T,0,4,0.4485207498073578,modal,cuda,QKI:HepG2
BCLAF1,HepG2,chr2:99404456:T:C,0,4,-0.2578246593475342,modal,cuda,QKI:HepG2
BCLAF1,HepG2,chr3:100279642:T:G,0,3,-1.299105167388916,modal,cuda,QKI:HepG2
BCLAF1,HepG2,chr3:100713880:T:C,0,3,0.5037345886230469,modal,cuda,QKI:HepG2
BCLAF1,HepG2,chr3:100719965:T:C,0,3,-0.635138750076294,modal,cuda,QKI:HepG2
BCLAF1,HepG2,chr3:100728874:A:G,0,3,-1.1795742511749268,modal,cuda,QKI:HepG2
BCLAF1,HepG2,chr3:101590212:T:C,0,3,0.33586251735687256,modal,cuda,QKI:HepG2
BCLAF1,HepG2,chr3:10449546:T:C,0,3,-0.2101137638092041,modal,cuda,QKI:HepG2
BCLAF1,HepG2,chr3:105737189:G:A,0,3,-0.3067646026611328,modal,cuda,QKI:HepG2
BCLAF1,HepG2,chr3:105745922:G:A,0,3,-0.6079773902893066,modal,cuda,QKI:HepG2
BCLAF1,HepG2,chr3:105745937:T:C,0,3,-0.8813581466674805,modal,cuda,QKI:HepG2
BCLAF1,HepG2,chr3:105745992:T:A,1,3,-0.2835352420806885,modal,cuda,QKI:HepG2
BCLAF1,HepG2,chr3:107773045:G:A,0,3,1.0451245307922363,modal,cuda,QKI:HepG2
BCLAF1,HepG2,chr3:107791303:A:G,0,3,0.7769923210144043,modal,cuda,QKI:HepG2
BCLAF1,HepG2,chr3:108624534:A:G,0,3,-0.2953190803527832,modal,cuda,QKI:HepG2
BCLAF1,HepG2,chr3:11340637:G:T,0,3,-0.33851680159568787,modal,cuda,QKI:HepG2
BCLAF1,HepG2,chr3:11340638:C:T,0,3,0.2707575559616089,modal,cuda,QKI:HepG2
BCLAF1,HepG2,chr3:120641571:T:C,0,3,-0.21738719940185547,modal,cuda,QKI:HepG2
BCLAF1,HepG2,chr3:120647871:A:G,1,3,0.43494534492492676,modal,cuda,QKI:HepG2
BCLAF1,HepG2,chr3:120647872:C:T,1,3,-0.4038580656051636,modal,cuda,QKI:HepG2
BCLAF1,HepG2,chr3:120652567:G:A,0,3,0.6474075317382812,modal,cuda,QKI:HepG2
BCLAF1,HepG2,chr3:120652655:G:A,0,3,0.392714262008667,modal,cuda,QKI:HepG2
BCLAF1,HepG2,chr3:120670413:C:T,0,3,0.7274112701416016,modal,cuda,QKI:HepG2
BCLAF1,HepG2,chr3:121828596:A:T,1,3,0.8757569789886475,modal,cuda,QKI:HepG2
BCLAF1,HepG2,chr3:12416775:C:G,0,3,0.19029664993286133,modal,cuda,QKI:HepG2
BCLAF1,HepG2,chr3:124737895:G:C,0,3,-0.6437193155288696,modal,cuda,QKI:HepG2
BCLAF1,HepG2,chr3:124737927:G:T,1,3,-1.795682430267334,modal,cuda,QKI:HepG2
BCLAF1,HepG2,chr3:12489908:A:G,0,3,-0.5576784610748291,modal,cuda,QKI:HepG2
BCLAF1,HepG2,chr3:12489922:G:A,0,3,-0.500410795211792,modal,cuda,QKI:HepG2
BCLAF1,HepG2,chr3:12489922:G:C,0,3,-0.49570298194885254,modal,cuda,QKI:HepG2
BCLAF1,HepG2,chr3:12489922:G:T,0,3,-0.30698779225349426,modal,cuda,QKI:HepG2
BCLAF1,HepG2,chr3:12489962:G:A,0,3,-0.7175421714782715,modal,cuda,QKI:HepG2
BCLAF1,HepG2,chr3:12489962:G:C,0,3,-0.40218257904052734,modal,cuda,QKI:HepG2
BCLAF1,HepG2,chr3:12503280:G:A,0,3,0.3971461355686188,modal,cuda,QKI:HepG2
BCLAF1,HepG2,chr3:12503330:G:A,0,3,-0.9641458988189697,modal,cuda,QKI:HepG2
BCLAF1,HepG2,chr3:12585745:G:A,1,3,-0.5817714929580688,modal,cuda,QKI:HepG2
BCLAF1,HepG2,chr3:12618603:C:T,0,3,-0.5441207885742188,modal,cuda,QKI:HepG2
BCLAF1,HepG2,chr3:12618628:T:C,0,3,-0.8735994100570679,modal,cuda,QKI:HepG2
BCLAF1,HepG2,chr3:128895290:C:T,0,3,-0.76688551902771,modal,cuda,QKI:HepG2
BCLAF1,HepG2,chr3:128895342:A:C,0,3,-0.46871572732925415,modal,cuda,QKI:HepG2
BCLAF1,HepG2,chr3:130992939:G:A,0,3,0.7745323181152344,modal,cuda,QKI:HepG2
BCLAF1,HepG2,chr3:132513106:G:A,0,3,0.7909247875213623,modal,cuda,QKI:HepG2
BCLAF1,HepG2,chr3:132688781:C:T,1,3,-1.0219173431396484,modal,cuda,QKI:HepG2
BCLAF1,HepG2,chr3:132688790:G:C,1,3,-0.19085192680358887,modal,cuda,QKI:HepG2
BCLAF1,HepG2,chr3:132688858:G:A,1,3,-0.7415852546691895,modal,cuda,QKI:HepG2
BCLAF1,HepG2,chr3:132692742:C:T,1,3,1.0014514923095703,modal,cuda,QKI:HepG2
BCLAF1,HepG2,chr3:132694900:G:C,1,3,-0.6391744613647461,modal,cuda,QKI:HepG2
BCLAF1,HepG2,chr3:132694919:G:A,1,3,0.6360020637512207,modal,cuda,QKI:HepG2
BCLAF1,HepG2,chr3:132694923:A:T,1,3,-0.41934752464294434,modal,cuda,QKI:HepG2
BCLAF1,HepG2,chr3:132704341:C:A,1,3,0.31619933247566223,modal,cuda,QKI:HepG2
BCLAF1,HepG2,chr3:132705801:G:C,1,3,-0.38220012187957764,modal,cuda,QKI:HepG2
BCLAF1,HepG2,chr3:132708252:A:T,1,3,-0.5704940557479858,modal,cuda,QKI:HepG2
BCLAF1,HepG2,chr3:132713256:C:T,1,3,0.8107399940490723,modal,cuda,QKI:HepG2
BCLAF1,HepG2,chr3:132716885:C:T,1,3,0.5881010293960571,modal,cuda,QKI:HepG2
BCLAF1,HepG2,chr3:132719020:G:T,1,3,-2.498699188232422,modal,cuda,QKI:HepG2
BCLAF1,HepG2,chr3:134537203:C:T,1,3,-2.899416208267212,modal,cuda,QKI:HepG2
BCLAF1,HepG2,chr3:134537251:C:T,1,3,-1.425331711769104,modal,cuda,QKI:HepG2
BCLAF1,HepG2,chr3:134550059:A:G,0,3,-0.8996973633766174,modal,cuda,QKI:HepG2
BCLAF1,HepG2,chr3:134550069:G:T,1,3,-1.4063441753387451,modal,cuda,QKI:HepG2
BCLAF1,HepG2,chr3:134550081:C:T,1,3,0.3122212886810303,modal,cuda,QKI:HepG2
BCLAF1,HepG2,chr3:134550146:G:A,0,3,1.0336475372314453,modal,cuda,QKI:HepG2
BCLAF1,HepG2,chr3:134552002:G:T,0,3,0.5217471122741699,modal,cuda,QKI:HepG2
BCLAF1,HepG2,chr3:134552044:A:C,0,3,0.6822900772094727,modal,cuda,QKI:HepG2
BCLAF1,HepG2,chr3:136422862:A:G,0,3,0.19172817468643188,modal,cuda,QKI:HepG2
BCLAF1,HepG2,chr3:136422869:A:G,0,3,0.3794581890106201,modal,cuda,QKI:HepG2
BCLAF1,HepG2,chr3:136521203:A:G,0,3,5.212918758392334,modal,cuda,QKI:HepG2
BCLAF1,HepG2,chr3:136521426:C:G,0,3,0.2264847755432129,modal,cuda,QKI:HepG2
BCLAF1,HepG2,chr3:136568752:C:T,0,3,0.49013566970825195,modal,cuda,QKI:HepG2
BCLAF1,HepG2,chr3:138714458:A:G,0,3,0.8619561195373535,modal,cuda,QKI:HepG2
BCLAF1,HepG2,chr3:138714459:T:C,0,3,-0.8099408149719238,modal,cuda,QKI:HepG2
BCLAF1,HepG2,chr3:139369443:A:C,0,3,-1.2652068138122559,modal,cuda,QKI:HepG2
BCLAF1,HepG2,chr3:139373274:C:T,0,3,1.0127663612365723,modal,cuda,QKI:HepG2
BCLAF1,HepG2,chr3:14158179:A:T,1,3,-2.748929500579834,modal,cuda,QKI:HepG2
BCLAF1,HepG2,chr3:14158206:G:C,1,3,-2.4435489177703857,modal,cuda,QKI:HepG2
BCLAF1,HepG2,chr3:14158206:G:T,1,3,-1.6605699062347412,modal,cuda,QKI:HepG2
BCLAF1,HepG2,chr3:14168330:G:A,1,3,-0.6492564082145691,modal,cuda,QKI:HepG2
BCLAF1,HepG2,chr3:14168389:A:T,1,3,-0.17387032508850098,modal,cuda,QKI:HepG2
BCLAF1,HepG2,chr3:142547925:T:A,0,3,0.5284907817840576,modal,cuda,QKI:HepG2
BCLAF1,HepG2,chr3:146079104:T:C,0,3,-0.43708324432373047,modal,cuda,QKI:HepG2
BCLAF1,HepG2,chr3:146121108:C:T,0,3,-0.44568967819213867,modal,cuda,QKI:HepG2
BCLAF1,HepG2,chr3:149177905:T:C,1,3,-1.5548293590545654,modal,cuda,QKI:HepG2
BCLAF1,HepG2,chr3:149178592:G:A,1,3,-1.8737263679504395,modal,cuda,QKI:HepG2
BCLAF1,HepG2,chr3:149178618:C:T,1,3,0.369920551776886,modal,cuda,QKI:HepG2
BCLAF1,HepG2,chr3:149178623:G:T,1,3,-1.3736400604248047,modal,cuda,QKI:HepG2
BCLAF1,HepG2,chr3:149178643:A:G,0,3,-0.4709320068359375,modal,cuda,QKI:HepG2
BCLAF1,HepG2,chr3:149188047:C:T,1,3,0.935002326965332,modal,cuda,QKI:HepG2
BCLAF1,HepG2,chr3:149188073:G:A,1,3,-1.6203322410583496,modal,cuda,QKI:HepG2
BCLAF1,HepG2,chr3:149199721:G:A,1,3,-0.5786941051483154,modal,cuda,QKI:HepG2
BCLAF1,HepG2,chr3:149202144:G:A,1,3,-1.465590476989746,modal,cuda,QKI:HepG2
BCLAF1,HepG2,chr3:149206227:C:T,1,3,-1.7494487762451172,modal,cuda,QKI:HepG2
BCLAF1,HepG2,chr3:149207387:A:T,1,3,-0.18785667419433594,modal,cuda,QKI:HepG2
BCLAF1,HepG2,chr3:149207402:C:A,1,3,-2.77898907661438,modal,cuda,QKI:HepG2
BCLAF1,HepG2,chr3:149207631:G:A,0,3,-0.33854198455810547,modal,cuda,QKI:HepG2
BCLAF1,HepG2,chr3:149209298:G:A,0,3,-0.21107912063598633,modal,cuda,QKI:HepG2
BCLAF1,HepG2,chr3:149209302:C:T,1,3,-1.5803898572921753,modal,cuda,QKI:HepG2
BCLAF1,HepG2,chr3:149209323:C:G,0,3,-0.14879390597343445,modal,cuda,QKI:HepG2
BCLAF1,HepG2,chr3:149209342:A:G,1,3,-0.32892417907714844,modal,cuda,QKI:HepG2
BCLAF1,HepG2,chr3:149209349:G:A,1,3,-3.058326005935669,modal,cuda,QKI:HepG2
BCLAF1,HepG2,chr3:149209361:T:A,1,3,-4.413175106048584,modal,cuda,QKI:HepG2
BCLAF1,HepG2,chr3:149209364:C:A,1,3,-3.4612934589385986,modal,cuda,QKI:HepG2
BCLAF1,HepG2,chr3:149210187:G:C,1,3,0.45977163314819336,modal,cuda,QKI:HepG2
BCLAF1,HepG2,chr3:149210281:G:C,1,3,-0.49946129322052,modal,cuda,QKI:HepG2
BCLAF1,HepG2,chr3:149212431:G:A,0,3,0.46044492721557617,modal,cuda,QKI:HepG2
BCLAF1,HepG2,chr3:149212432:C:T,0,3,0.5441255569458008,modal,cuda,QKI:HepG2
BCLAF1,HepG2,chr3:149895470:C:A,0,3,-0.8384581804275513,modal,cuda,QKI:HepG2
BCLAF1,HepG2,chr3:149895491:G:T,0,3,0.6429696083068848,modal,cuda,QKI:HepG2
BCLAF1,HepG2,chr3:149895519:A:G,0,3,-0.9481322765350342,modal,cuda,QKI:HepG2
BCLAF1,HepG2,chr3:149902089:A:G,0,3,0.5176997184753418,modal,cuda,QKI:HepG2
BCLAF1,HepG2,chr3:149902113:G:C,0,3,0.22857666015625,modal,cuda,QKI:HepG2
BCLAF1,HepG2,chr3:15571772:T:G,0,3,-0.7652261257171631,modal,cuda,QKI:HepG2
BCLAF1,HepG2,chr3:158659047:C:T,0,3,-1.133405327796936,modal,cuda,QKI:HepG2
BCLAF1,HepG2,chr3:158665349:A:T,1,3,-1.3646130561828613,modal,cuda,QKI:HepG2
BCLAF1,HepG2,chr3:158666279:A:G,0,3,-0.9443869590759277,modal,cuda,QKI:HepG2
BCLAF1,HepG2,chr3:158666321:T:A,1,3,0.16870427131652832,modal,cuda,QKI:HepG2
BCLAF1,HepG2,chr3:158666331:T:C,1,3,0.38984525203704834,modal,cuda,QKI:HepG2
BCLAF1,HepG2,chr3:158666356:C:T,1,3,0.7928361892700195,modal,cuda,QKI:HepG2
BCLAF1,HepG2,chr3:160279273:T:A,0,3,2.7781379222869873,modal,cuda,QKI:HepG2
BCLAF1,HepG2,chr3:160279274:T:G,0,3,2.9272921085357666,modal,cuda,QKI:HepG2
BCLAF1,HepG2,chr3:160381634:A:C,1,3,1.1714673042297363,modal,cuda,QKI:HepG2
BCLAF1,HepG2,chr3:160381642:C:T,1,3,-1.3344192504882812,modal,cuda,QKI:HepG2
BCLAF1,HepG2,chr3:167720282:A:G,0,3,0.37882018089294434,modal,cuda,QKI:HepG2
BCLAF1,HepG2,chr3:168030041:G:A,0,3,0.2159355878829956,modal,cuda,QKI:HepG2
BCLAF1,HepG2,chr3:171014624:G:A,0,3,0.3068881034851074,modal,cuda,QKI:HepG2
BCLAF1,HepG2,chr3:171014683:G:A,1,3,-0.7820453643798828,modal,cuda,QKI:HepG2
BCLAF1,HepG2,chr3:171014733:T:C,1,3,-1.4808056354522705,modal,cuda,QKI:HepG2
BCLAF1,HepG2,chr3:171699842:C:G,0,3,0.2030339241027832,modal,cuda,QKI:HepG2
BCLAF1,HepG2,chr3:171724804:A:T,0,3,-0.8937711119651794,modal,cuda,QKI:HepG2
BCLAF1,HepG2,chr3:171734855:A:G,0,3,-1.054279088973999,modal,cuda,QKI:HepG2
BCLAF1,HepG2,chr3:177033149:G:C,0,3,-0.7972615957260132,modal,cuda,QKI:HepG2
BCLAF1,HepG2,chr3:177038395:A:G,1,3,-0.7002606391906738,modal,cuda,QKI:HepG2
BCLAF1,HepG2,chr3:177038442:G:A,0,3,0.520165205001831,modal,cuda,QKI:HepG2
BCLAF1,HepG2,chr3:177046208:G:A,0,3,0.8114982843399048,modal,cuda,QKI:HepG2
BCLAF1,HepG2,chr3:177047481:T:C,0,3,-1.2223114967346191,modal,cuda,QKI:HepG2
BCLAF1,HepG2,chr3:177053817:G:A,1,3,-2.0924665927886963,modal,cuda,QKI:HepG2
BCLAF1,HepG2,chr3:177053931:G:C,0,3,-0.20357680320739746,modal,cuda,QKI:HepG2
BCLAF1,HepG2,chr3:177064918:A:G,1,3,1.0757026672363281,modal,cuda,QKI:HepG2
BCLAF1,HepG2,chr3:183052169:A:T,1,3,-1.4216196537017822,modal,cuda,QKI:HepG2
BCLAF1,HepG2,chr3:183663652:G:T,0,3,0.7207026481628418,modal,cuda,QKI:HepG2
BCLAF1,HepG2,chr3:184182892:G:C,0,3,0.2781960964202881,modal,cuda,QKI:HepG2
BCLAF1,HepG2,chr3:184182941:T:C,0,3,-0.28701052069664,modal,cuda,QKI:HepG2
BCLAF1,HepG2,chr3:184322818:C:T,0,3,0.4038209915161133,modal,cuda,QKI:HepG2
BCLAF1,HepG2,chr3:184383109:G:A,0,3,0.1358439326286316,modal,cuda,QKI:HepG2
BCLAF1,HepG2,chr3:184930527:G:A,0,3,0.32849931716918945,modal,cuda,QKI:HepG2
BCLAF1,HepG2,chr3:186577769:T:A,1,3,-2.064913272857666,modal,cuda,QKI:HepG2
BCLAF1,HepG2,chr3:186582095:G:C,0,3,-1.441328525543213,modal,cuda,QKI:HepG2
BCLAF1,HepG2,chr3:186584594:G:A,0,3,-0.3975296914577484,modal,cuda,QKI:HepG2
BCLAF1,HepG2,chr3:186584603:G:T,0,3,0.8691282272338867,modal,cuda,QKI:HepG2
BCLAF1,HepG2,chr3:186585390:T:C,0,3,0.6475253105163574,modal,cuda,QKI:HepG2
BCLAF1,HepG2,chr3:186786157:C:T,0,3,1.7350608110427856,modal,cuda,QKI:HepG2
BCLAF1,HepG2,chr3:188760231:G:A,0,3,0.9840908050537109,modal,cuda,QKI:HepG2
BCLAF1,HepG2,chr3:188760267:C:T,0,3,-1.276733160018921,modal,cuda,QKI:HepG2
BCLAF1,HepG2,chr3:191380750:C:G,0,3,0.23833870887756348,modal,cuda,QKI:HepG2
BCLAF1,HepG2,chr3:191380942:G:A,0,3,0.40520715713500977,modal,cuda,QKI:HepG2
BCLAF1,HepG2,chr3:191382853:A:T,0,3,-0.456589937210083,modal,cuda,QKI:HepG2
BCLAF1,HepG2,chr3:193615687:G:A,1,3,-1.6554360389709473,modal,cuda,QKI:HepG2
BCLAF1,HepG2,chr3:193617189:A:T,1,3,-1.1840806007385254,modal,cuda,QKI:HepG2
BCLAF1,HepG2,chr3:193617202:G:A,0,3,-0.38156962394714355,modal,cuda,QKI:HepG2
BCLAF1,HepG2,chr3:193618850:T:C,0,3,0.4938383102416992,modal,cuda,QKI:HepG2
BCLAF1,HepG2,chr3:193618876:G:A,0,3,0.21458077430725098,modal,cuda,QKI:HepG2
BCLAF1,HepG2,chr3:193618887:C:T,0,3,-0.76752769947052,modal,cuda,QKI:HepG2
BCLAF1,HepG2,chr3:193648150:T:G,0,3,-0.7997636795043945,modal,cuda,QKI:HepG2
BCLAF1,HepG2,chr3:193662806:T:A,0,3,-1.4729894399642944,modal,cuda,QKI:HepG2
BCLAF1,HepG2,chr3:193665007:C:G,0,3,-0.44355064630508423,modal,cuda,QKI:HepG2
BCLAF1,HepG2,chr3:193667285:G:A,1,3,-1.1934161186218262,modal,cuda,QKI:HepG2
BCLAF1,HepG2,chr3:194427274:G:A,0,3,0.29569554328918457,modal,cuda,QKI:HepG2
BCLAF1,HepG2,chr3:194431771:C:T,1,3,-0.9101706743240356,modal,cuda,QKI:HepG2
BCLAF1,HepG2,chr3:194431876:A:G,0,3,1.2345695495605469,modal,cuda,QKI:HepG2
BCLAF1,HepG2,chr3:194437305:C:T,0,3,-0.40964221954345703,modal,cuda,QKI:HepG2
BCLAF1,HepG2,chr3:194438909:G:A,0,3,0.39043617248535156,modal,cuda,QKI:HepG2
BCLAF1,HepG2,chr3:194438916:T:C,0,3,0.36472511291503906,modal,cuda,QKI:HepG2
BCLAF1,HepG2,chr3:194438977:A:G,0,3,-0.3023380935192108,modal,cuda,QKI:HepG2
BCLAF1,HepG2,chr3:194438985:A:G,0,3,0.11755037307739258,modal,cuda,QKI:HepG2
BCLAF1,HepG2,chr3:194441437:C:T,0,3,0.5361951589584351,modal,cuda,QKI:HepG2
BCLAF1,HepG2,chr3:194448494:G:A,0,3,0.6129782199859619,modal,cuda,QKI:HepG2
BCLAF1,HepG2,chr3:194454296:T:C,0,3,-0.7067520618438721,modal,cuda,QKI:HepG2
BCLAF1,HepG2,chr3:194455983:C:A,0,3,-2.7384681701660156,modal,cuda,QKI:HepG2
BCLAF1,HepG2,chr3:194459561:G:A,0,3,1.9463706016540527,modal,cuda,QKI:HepG2
BCLAF1,HepG2,chr3:194459936:G:A,0,3,0.6197004318237305,modal,cuda,QKI:HepG2
BCLAF1,HepG2,chr3:194459982:G:A,0,3,0.20098769664764404,modal,cuda,QKI:HepG2
BCLAF1,HepG2,chr3:196239535:G:A,0,3,1.1381847858428955,modal,cuda,QKI:HepG2
BCLAF1,HepG2,chr3:197044642:G:A,0,3,-0.6527116298675537,modal,cuda,QKI:HepG2
BCLAF1,HepG2,chr3:197044683:T:C,0,3,-0.4520827531814575,modal,cuda,QKI:HepG2
BCLAF1,HepG2,chr3:197065292:C:T,0,3,-0.5232644081115723,modal,cuda,QKI:HepG2
BCLAF1,HepG2,chr3:197081057:A:C,0,3,-1.9628839492797852,modal,cuda,QKI:HepG2
BCLAF1,HepG2,chr3:197115960:A:G,0,3,-0.9892492294311523,modal,cuda,QKI:HepG2
BCLAF1,HepG2,chr3:197138319:C:T,0,3,0.8032143115997314,modal,cuda,QKI:HepG2
BCLAF1,HepG2,chr3:197138320:G:A,0,3,-0.37163352966308594,modal,cuda,QKI:HepG2
BCLAF1,HepG2,chr3:197149779:T:A,0,3,-0.21073293685913086,modal,cuda,QKI:HepG2
BCLAF1,HepG2,chr3:25612504:G:T,0,3,-1.2184500694274902,modal,cuda,QKI:HepG2
BCLAF1,HepG2,chr3:25612507:T:C,0,3,-0.3023710250854492,modal,cuda,QKI:HepG2
BCLAF1,HepG2,chr3:25733865:A:C,0,3,-0.735312819480896,modal,cuda,QKI:HepG2
BCLAF1,HepG2,chr3:25778566:A:T,0,3,1.1015219688415527,modal,cuda,QKI:HepG2
BCLAF1,HepG2,chr3:3144599:T:C,1,3,-0.19561344385147095,modal,cuda,QKI:HepG2
BCLAF1,HepG2,chr3:3144640:A:T,1,3,-1.428149700164795,modal,cuda,QKI:HepG2
BCLAF1,HepG2,chr3:3144671:G:T,1,3,0.47772884368896484,modal,cuda,QKI:HepG2
BCLAF1,HepG2,chr3:3146404:T:C,1,3,-0.6269103288650513,modal,cuda,QKI:HepG2
BCLAF1,HepG2,chr3:3146489:T:C,1,3,0.31943631172180176,modal,cuda,QKI:HepG2
BCLAF1,HepG2,chr3:36996644:C:T,1,3,-0.5721274018287659,modal,cuda,QKI:HepG2
BCLAF1,HepG2,chr3:36996648:T:A,1,3,0.49335312843322754,modal,cuda,QKI:HepG2
BCLAF1,HepG2,chr3:36996659:G:T,1,3,-0.5160424709320068,modal,cuda,QKI:HepG2
BCLAF1,HepG2,chr3:36996668:C:T,0,3,-0.8581990003585815,modal,cuda,QKI:HepG2
BCLAF1,HepG2,chr3:36996670:G:A,0,3,0.30209994316101074,modal,cuda,QKI:HepG2
BCLAF1,HepG2,chr3:36996671:A:T,1,3,-0.8716861009597778,modal,cuda,QKI:HepG2
BCLAF1,HepG2,chr3:36996680:C:T,1,3,-1.3108619451522827,modal,cuda,QKI:HepG2
BCLAF1,HepG2,chr3:36996686:C:T,1,3,-0.9370787143707275,modal,cuda,QKI:HepG2
BCLAF1,HepG2,chr3:36996691:C:A,1,3,-0.8025480508804321,modal,cuda,QKI:HepG2
BCLAF1,HepG2,chr3:36996697:C:T,0,3,-0.3433835506439209,modal,cuda,QKI:HepG2
BCLAF1,HepG2,chr3:36996701:G:A,1,3,0.2791804075241089,modal,cuda,QKI:HepG2
BCLAF1,HepG2,chr3:36996701:G:T,1,3,0.8042945861816406,modal,cuda,QKI:HepG2
BCLAF1,HepG2,chr3:36996702:G:A,1,3,0.28472280502319336,modal,cuda,QKI:HepG2
BCLAF1,HepG2,chr3:36996710:G:C,1,3,1.5905916690826416,modal,cuda,QKI:HepG2
BCLAF1,HepG2,chr3:36996711:T:G,1,3,-1.662453532218933,modal,cuda,QKI:HepG2
BCLAF1,HepG2,chr3:37000953:A:G,1,3,0.8633308410644531,modal,cuda,QKI:HepG2
BCLAF1,HepG2,chr3:37000954:G:A,1,3,0.3233523964881897,modal,cuda,QKI:HepG2
BCLAF1,HepG2,chr3:37000958:G:T,1,3,0.8687352538108826,modal,cuda,QKI:HepG2
BCLAF1,HepG2,chr3:37000976:T:C,1,3,1.0380781888961792,modal,cuda,QKI:HepG2
BCLAF1,HepG2,chr3:37000977:G:A,1,3,0.7885648012161255,modal,cuda,QKI:HepG2
BCLAF1,HepG2,chr3:37000979:G:T,1,3,0.4008106291294098,modal,cuda,QKI:HepG2
BCLAF1,HepG2,chr3:37000992:C:T,1,3,1.269216775894165,modal,cuda,QKI:HepG2
BCLAF1,HepG2,chr3:37000997:A:T,1,3,0.5352159738540649,modal,cuda,QKI:HepG2
BCLAF1,HepG2,chr3:37001003:C:T,1,3,-2.0168018341064453,modal,cuda,QKI:HepG2
BCLAF1,HepG2,chr3:37001008:C:A,0,3,-0.5900920629501343,modal,cuda,QKI:HepG2
BCLAF1,HepG2,chr3:37001012:G:T,1,3,-0.9089388847351074,modal,cuda,QKI:HepG2
BCLAF1,HepG2,chr3:37001019:T:G,1,3,-0.673172116279602,modal,cuda,QKI:HepG2
BCLAF1,HepG2,chr3:37001045:C:T,1,3,-1.3734511137008667,modal,cuda,QKI:HepG2
BCLAF1,HepG2,chr3:37001046:G:C,1,3,0.4727928638458252,modal,cuda,QKI:HepG2
BCLAF1,HepG2,chr3:37001053:G:C,1,3,-0.777126669883728,modal,cuda,QKI:HepG2
BCLAF1,HepG2,chr3:37001054:G:A,1,3,0.2991526126861572,modal,cuda,QKI:HepG2
BCLAF1,HepG2,chr3:37001054:G:C,1,3,0.4813072681427002,modal,cuda,QKI:HepG2
BCLAF1,HepG2,chr3:37001054:G:T,1,3,-0.5769954919815063,modal,cuda,QKI:HepG2
BCLAF1,HepG2,chr3:37001055:T:A,1,3,-0.842034101486206,modal,cuda,QKI:HepG2
BCLAF1,HepG2,chr3:37001058:G:A,1,3,0.4518665075302124,modal,cuda,QKI:HepG2
BCLAF1,HepG2,chr3:37004405:T:A,1,3,-0.2871575355529785,modal,cuda,QKI:HepG2
BCLAF1,HepG2,chr3:37004414:T:G,1,3,-0.7846643924713135,modal,cuda,QKI:HepG2
BCLAF1,HepG2,chr3:37004444:C:T,1,3,-0.509455680847168,modal,cuda,QKI:HepG2
BCLAF1,HepG2,chr3:37011823:T:G,1,3,-0.7857025265693665,modal,cuda,QKI:HepG2
BCLAF1,HepG2,chr3:37011825:C:G,1,3,0.23267030715942383,modal,cuda,QKI:HepG2
BCLAF1,HepG2,chr3:37011828:T:G,1,3,-0.3582019805908203,modal,cuda,QKI:HepG2
BCLAF1,HepG2,chr3:37011852:C:G,1,3,-0.37828731536865234,modal,cuda,QKI:HepG2
BCLAF1,HepG2,chr3:37011860:A:T,1,3,0.9858843088150024,modal,cuda,QKI:HepG2
BCLAF1,HepG2,chr3:37011867:G:A,1,3,0.9715452194213867,modal,cuda,QKI:HepG2
BCLAF1,HepG2,chr3:37011873:G:C,0,3,0.37083542346954346,modal,cuda,QKI:HepG2
BCLAF1,HepG2,chr3:37337743:C:T,0,3,-0.3876190781593323,modal,cuda,QKI:HepG2
BCLAF1,HepG2,chr3:39091638:A:G,0,3,-0.38153648376464844,modal,cuda,QKI:HepG2
BCLAF1,HepG2,chr3:39094036:G:A,0,3,0.41981565952301025,modal,cuda,QKI:HepG2
BCLAF1,HepG2,chr3:41224767:T:C,0,3,-0.7025101184844971,modal,cuda,QKI:HepG2
BCLAF1,HepG2,chr3:41224951:C:A,1,3,-0.7569268345832825,modal,cuda,QKI:HepG2
BCLAF1,HepG2,chr3:41954644:T:C,0,3,-0.4120219647884369,modal,cuda,QKI:HepG2
BCLAF1,HepG2,chr3:42176807:C:G,0,3,0.8697589635848999,modal,cuda,QKI:HepG2
BCLAF1,HepG2,chr3:42201047:G:A,0,3,-0.3366309702396393,modal,cuda,QKI:HepG2
BCLAF1,HepG2,chr3:4376305:A:C,0,3,0.630530834197998,modal,cuda,QKI:HepG2
BCLAF1,HepG2,chr3:4376365:G:A,1,3,-2.1583199501037598,modal,cuda,QKI:HepG2
BCLAF1,HepG2,chr3:4452849:T:C,0,3,0.15446564555168152,modal,cuda,QKI:HepG2
BCLAF1,HepG2,chr3:4493454:G:A,0,3,0.2647353410720825,modal,cuda,QKI:HepG2
BCLAF1,HepG2,chr3:4494442:A:G,0,3,-0.9084362983703613,modal,cuda,QKI:HepG2
BCLAF1,HepG2,chr3:45388659:G:A,0,3,0.5236266255378723,modal,cuda,QKI:HepG2
BCLAF1,HepG2,chr3:47083741:C:T,0,3,0.32567572593688965,modal,cuda,QKI:HepG2
BCLAF1,HepG2,chr3:47083771:C:T,0,3,0.5832400321960449,modal,cuda,QKI:HepG2
BCLAF1,HepG2,chr3:47083968:C:T,0,3,0.4908933639526367,modal,cuda,QKI:HepG2
BCLAF1,HepG2,chr3:47084019:C:A,1,3,0.3493647575378418,modal,cuda,QKI:HepG2
BCLAF1,HepG2,chr3:47084336:A:C,1,3,-2.1129720211029053,modal,cuda,QKI:HepG2
BCLAF1,HepG2,chr3:47088119:G:A,0,3,0.08917471766471863,modal,cuda,QKI:HepG2
BCLAF1,HepG2,chr3:47088154:C:A,1,3,-0.9080721139907837,modal,cuda,QKI:HepG2
BCLAF1,HepG2,chr3:47088171:C:T,1,3,-0.9229828119277954,modal,cuda,QKI:HepG2
BCLAF1,HepG2,chr3:47105977:A:G,0,3,0.40124452114105225,modal,cuda,QKI:HepG2
BCLAF1,HepG2,chr3:47106062:G:A,1,3,-0.6070928573608398,modal,cuda,QKI:HepG2
BCLAF1,HepG2,chr3:47106069:A:G,0,3,-0.18688464164733887,modal,cuda,QKI:HepG2
BCLAF1,HepG2,chr3:47116723:G:A,1,3,-1.3516576290130615,modal,cuda,QKI:HepG2
BCLAF1,HepG2,chr3:47116766:A:C,0,3,0.35970115661621094,modal,cuda,QKI:HepG2
BCLAF1,HepG2,chr3:47121171:A:G,0,3,-1.1961274147033691,modal,cuda,QKI:HepG2
BCLAF1,HepG2,chr3:47121197:G:A,1,3,-1.0572171211242676,modal,cuda,QKI:HepG2
BCLAF1,HepG2,chr3:47121210:T:G,0,3,0.7334728240966797,modal,cuda,QKI:HepG2
BCLAF1,HepG2,chr3:47121683:C:G,0,3,1.897498369216919,modal,cuda,QKI:HepG2
BCLAF1,HepG2,chr3:47121724:G:C,0,3,0.6268353462219238,modal,cuda,QKI:HepG2
BCLAF1,HepG2,chr3:47124428:G:A,1,3,-1.3855366706848145,modal,cuda,QKI:HepG2
BCLAF1,HepG2,chr3:47916506:C:G,0,3,0.6231577396392822,modal,cuda,QKI:HepG2
BCLAF1,HepG2,chr3:47916547:G:T,0,3,1.5011038780212402,modal,cuda,QKI:HepG2
BCLAF1,HepG2,chr3:47916671:T:C,0,3,-1.3973445892333984,modal,cuda,QKI:HepG2
BCLAF1,HepG2,chr3:47998750:A:G,0,3,0.5414888858795166,modal,cuda,QKI:HepG2
BCLAF1,HepG2,chr3:48567782:G:C,0,3,0.41580283641815186,modal,cuda,QKI:HepG2
BCLAF1,HepG2,chr3:50059680:A:G,0,3,-0.8491008281707764,modal,cuda,QKI:HepG2
BCLAF1,HepG2,chr3:50066325:G:A,0,3,-1.2114641666412354,modal,cuda,QKI:HepG2
BCLAF1,HepG2,chr3:52662287:G:C,0,3,3.7918283939361572,modal,cuda,QKI:HepG2
BCLAF1,HepG2,chr3:52668490:T:C,0,3,-0.18768620491027832,modal,cuda,QKI:HepG2
BCLAF1,HepG2,chr3:57860850:C:A,0,3,0.38582107424736023,modal,cuda,QKI:HepG2
BCLAF1,HepG2,chr3:57861934:A:G,0,3,-0.3813084363937378,modal,cuda,QKI:HepG2
BCLAF1,HepG2,chr3:57912385:A:G,0,3,-0.2875397205352783,modal,cuda,QKI:HepG2
BCLAF1,HepG2,chr3:58096233:C:T,0,3,0.642951250076294,modal,cuda,QKI:HepG2
BCLAF1,HepG2,chr3:58126597:T:G,0,3,-0.38778185844421387,modal,cuda,QKI:HepG2
BCLAF1,HepG2,chr3:58391211:G:A,0,3,-1.0001298189163208,modal,cuda,QKI:HepG2
BCLAF1,HepG2,chr3:67528240:C:T,0,3,1.0458908081054688,modal,cuda,QKI:HepG2
BCLAF1,HepG2,chr3:67529077:C:G,0,3,-0.17311614751815796,modal,cuda,QKI:HepG2
BCLAF1,HepG2,chr3:70959326:A:C,0,3,1.0609331130981445,modal,cuda,QKI:HepG2
BCLAF1,HepG2,chr3:71001073:T:C,0,3,-0.5204257965087891,modal,cuda,QKI:HepG2
BCLAF1,HepG2,chr3:71359168:C:T,0,3,0.6717991828918457,modal,cuda,QKI:HepG2
BCLAF1,HepG2,chr3:78938586:G:A,0,3,0.3118690252304077,modal,cuda,QKI:HepG2
BCLAF1,HepG2,chr3:93884905:T:C,1,3,-1.120330572128296,modal,cuda,QKI:HepG2
BCLAF1,HepG2,chr3:9445644:C:T,0,3,-0.81292724609375,modal,cuda,QKI:HepG2
BCLAF1,HepG2,chr3:9447031:C:A,0,3,1.2936692237854004,modal,cuda,QKI:HepG2
BCLAF1,HepG2,chr3:9940912:C:T,1,3,-0.45887041091918945,modal,cuda,QKI:HepG2
BCLAF1,HepG2,chr3:99849303:G:A,0,3,-0.7237111330032349,modal,cuda,QKI:HepG2
BCLAF1,HepG2,chr3:99849441:G:A,0,3,0.39365267753601074,modal,cuda,QKI:HepG2
BCLAF1,HepG2,chr3:99849893:A:G,0,3,0.2577996253967285,modal,cuda,QKI:HepG2
BCLAF1,HepG2,chr3:99851036:G:C,0,3,-0.33451056480407715,modal,cuda,QKI:HepG2
BCLAF1,HepG2,chr4:105424224:C:T,0,1,0.5762057304382324,modal,cuda,QKI:HepG2
BCLAF1,HepG2,chr4:105424311:A:T,1,1,-1.9396620988845825,modal,cuda,QKI:HepG2
BCLAF1,HepG2,chr4:105449353:C:A,1,1,-0.6530733108520508,modal,cuda,QKI:HepG2
BCLAF1,HepG2,chr4:105449391:T:C,1,1,0.7990210056304932,modal,cuda,QKI:HepG2
BCLAF1,HepG2,chr4:105449422:C:A,0,1,-0.5428375005722046,modal,cuda,QKI:HepG2
BCLAF1,HepG2,chr4:106231725:T:A,0,1,0.4072604179382324,modal,cuda,QKI:HepG2
BCLAF1,HepG2,chr4:106233575:A:G,0,1,0.7769403457641602,modal,cuda,QKI:HepG2
BCLAF1,HepG2,chr4:106244775:C:T,0,1,1.2793245315551758,modal,cuda,QKI:HepG2
BCLAF1,HepG2,chr4:106250409:G:C,0,1,1.2916570901870728,modal,cuda,QKI:HepG2
BCLAF1,HepG2,chr4:106250490:G:A,0,1,2.0199546813964844,modal,cuda,QKI:HepG2
BCLAF1,HepG2,chr4:106251973:G:A,1,1,-0.9846701622009277,modal,cuda,QKI:HepG2
BCLAF1,HepG2,chr4:106260459:C:T,0,1,-0.655919075012207,modal,cuda,QKI:HepG2
BCLAF1,HepG2,chr4:106262103:G:A,1,1,1.0956602096557617,modal,cuda,QKI:HepG2
BCLAF1,HepG2,chr4:106308907:A:G,0,1,-0.44536399841308594,modal,cuda,QKI:HepG2
BCLAF1,HepG2,chr4:109741074:T:A,1,1,-0.8783655166625977,modal,cuda,QKI:HepG2
BCLAF1,HepG2,chr4:109746241:A:G,0,1,-0.42213964462280273,modal,cuda,QKI:HepG2
BCLAF1,HepG2,chr4:109746434:C:T,0,1,0.5560197830200195,modal,cuda,QKI:HepG2
BCLAF1,HepG2,chr4:109746511:G:A,0,1,-1.1594346761703491,modal,cuda,QKI:HepG2
BCLAF1,HepG2,chr4:109749321:C:T,1,1,0.7315173149108887,modal,cuda,QKI:HepG2
BCLAF1,HepG2,chr4:109749510:G:A,1,1,1.321695327758789,modal,cuda,QKI:HepG2
BCLAF1,HepG2,chr4:109757769:T:C,0,1,-0.33040714263916016,modal,cuda,QKI:HepG2
BCLAF1,HepG2,chr4:109757790:A:G,0,1,-0.6208066940307617,modal,cuda,QKI:HepG2
BCLAF1,HepG2,chr4:109760349:C:T,0,1,0.44434094429016113,modal,cuda,QKI:HepG2
BCLAF1,HepG2,chr4:109760556:A:C,1,1,1.145975112915039,modal,cuda,QKI:HepG2
BCLAF1,HepG2,chr4:109760567:C:T,1,1,-0.2625083923339844,modal,cuda,QKI:HepG2
BCLAF1,HepG2,chr4:109764523:A:T,0,1,-2.777254343032837,modal,cuda,QKI:HepG2
BCLAF1,HepG2,chr4:109764531:G:A,0,1,-0.8434138298034668,modal,cuda,QKI:HepG2
BCLAF1,HepG2,chr4:109764574:C:A,1,1,-0.5006742477416992,modal,cuda,QKI:HepG2
BCLAF1,HepG2,chr4:109764585:C:T,1,1,0.5905165672302246,modal,cuda,QKI:HepG2
BCLAF1,HepG2,chr4:109766567:T:A,0,1,-1.4005358219146729,modal,cuda,QKI:HepG2
BCLAF1,HepG2,chr4:109766572:C:A,1,1,-0.21234750747680664,modal,cuda,QKI:HepG2
BCLAF1,HepG2,chr4:112644679:G:A,0,1,0.9379680156707764,modal,cuda,QKI:HepG2
BCLAF1,HepG2,chr4:119245361:C:T,1,1,-0.7026309967041016,modal,cuda,QKI:HepG2
BCLAF1,HepG2,chr4:121814070:C:A,0,1,2.4300174713134766,modal,cuda,QKI:HepG2
BCLAF1,HepG2,chr4:121816810:G:C,0,1,0.8792734146118164,modal,cuda,QKI:HepG2
BCLAF1,HepG2,chr4:122199459:G:A,0,1,0.7509469985961914,modal,cuda,QKI:HepG2
BCLAF1,HepG2,chr4:122238075:A:G,0,1,-0.4348919987678528,modal,cuda,QKI:HepG2
BCLAF1,HepG2,chr4:122244031:T:G,0,1,-1.0569472312927246,modal,cuda,QKI:HepG2
BCLAF1,HepG2,chr4:123090563:G:A,0,1,0.6358237266540527,modal,cuda,QKI:HepG2
BCLAF1,HepG2,chr4:127938782:C:G,1,1,0.81351637840271,modal,cuda,QKI:HepG2
BCLAF1,HepG2,chr4:127938789:C:A,1,1,1.52350914478302,modal,cuda,QKI:HepG2
BCLAF1,HepG2,chr4:127938810:G:A,1,1,-0.7311046123504639,modal,cuda,QKI:HepG2
BCLAF1,HepG2,chr4:127938818:G:C,1,1,-0.8840292096138,modal,cuda,QKI:HepG2
BCLAF1,HepG2,chr4:127938839:C:T,1,1,0.7970676422119141,modal,cuda,QKI:HepG2
BCLAF1,HepG2,chr4:139342975:C:A,0,1,-0.9383013248443604,modal,cuda,QKI:HepG2
BCLAF1,HepG2,chr4:139354103:G:A,1,1,0.8917875289916992,modal,cuda,QKI:HepG2
BCLAF1,HepG2,chr4:139359900:G:A,1,1,0.5028877258300781,modal,cuda,QKI:HepG2
BCLAF1,HepG2,chr4:145110451:G:T,0,1,0.6445021629333496,modal,cuda,QKI:HepG2
BCLAF1,HepG2,chr4:150844091:G:A,0,1,-1.4397200345993042,modal,cuda,QKI:HepG2
BCLAF1,HepG2,chr4:150872652:G:A,0,1,0.27586984634399414,modal,cuda,QKI:HepG2
BCLAF1,HepG2,chr4:150905994:C:A,0,1,0.47755324840545654,modal,cuda,QKI:HepG2
BCLAF1,HepG2,chr4:150914350:G:A,0,1,-1.1575430631637573,modal,cuda,QKI:HepG2
BCLAF1,HepG2,chr4:150929074:G:A,0,1,0.20314645767211914,modal,cuda,QKI:HepG2
BCLAF1,HepG2,chr4:154568434:C:T,1,1,-3.402446985244751,modal,cuda,QKI:HepG2
BCLAF1,HepG2,chr4:154569192:G:T,0,1,1.6181427240371704,modal,cuda,QKI:HepG2
BCLAF1,HepG2,chr4:154569320:C:T,1,1,0.7651195526123047,modal,cuda,QKI:HepG2
BCLAF1,HepG2,chr4:154569529:G:C,1,1,1.9678359031677246,modal,cuda,QKI:HepG2
BCLAF1,HepG2,chr4:154569680:C:T,0,1,-0.6238174438476562,modal,cuda,QKI:HepG2
BCLAF1,HepG2,chr4:154569703:T:G,1,1,-0.7630863189697266,modal,cuda,QKI:HepG2
BCLAF1,HepG2,chr4:154605079:G:A,0,1,-0.7985458374023438,modal,cuda,QKI:HepG2
BCLAF1,HepG2,chr4:158682194:G:T,1,1,0.7500375509262085,modal,cuda,QKI:HepG2
BCLAF1,HepG2,chr4:165337904:A:G,0,1,-1.114370346069336,modal,cuda,QKI:HepG2
BCLAF1,HepG2,chr4:165337909:C:G,0,1,0.2404794692993164,modal,cuda,QKI:HepG2
BCLAF1,HepG2,chr4:169585396:C:A,1,1,-1.0478630065917969,modal,cuda,QKI:HepG2
BCLAF1,HepG2,chr4:169585552:A:G,0,1,1.1299543380737305,modal,cuda,QKI:HepG2
BCLAF1,HepG2,chr4:169588686:G:A,1,1,-0.35565757751464844,modal,cuda,QKI:HepG2
BCLAF1,HepG2,chr4:1744840:C:T,0,1,0.1443943977355957,modal,cuda,QKI:HepG2
BCLAF1,HepG2,chr4:1904379:G:C,1,1,0.6422572135925293,modal,cuda,QKI:HepG2
BCLAF1,HepG2,chr4:22401411:G:A,0,1,0.7945184707641602,modal,cuda,QKI:HepG2
BCLAF1,HepG2,chr4:22438236:G:A,0,1,-0.5176286697387695,modal,cuda,QKI:HepG2
BCLAF1,HepG2,chr4:22442637:A:T,0,1,2.0794687271118164,modal,cuda,QKI:HepG2
BCLAF1,HepG2,chr4:23813899:C:T,0,1,0.712684154510498,modal,cuda,QKI:HepG2
BCLAF1,HepG2,chr4:25127252:A:G,0,1,-0.5288124084472656,modal,cuda,QKI:HepG2
BCLAF1,HepG2,chr4:26428874:T:C,0,1,-0.4668903350830078,modal,cuda,QKI:HepG2
BCLAF1,HepG2,chr4:2663247:A:G,0,1,-0.4871792793273926,modal,cuda,QKI:HepG2
BCLAF1,HepG2,chr4:3178294:T:C,0,1,0.864130973815918,modal,cuda,QKI:HepG2
BCLAF1,HepG2,chr4:3180654:A:G,0,1,-1.7178897857666016,modal,cuda,QKI:HepG2
BCLAF1,HepG2,chr4:39189694:T:A,1,1,-0.5669469833374023,modal,cuda,QKI:HepG2
BCLAF1,HepG2,chr4:39189725:C:A,1,1,-1.1837754249572754,modal,cuda,QKI:HepG2
BCLAF1,HepG2,chr4:39203745:C:T,0,1,0.6693289279937744,modal,cuda,QKI:HepG2
BCLAF1,HepG2,chr4:39342473:T:A,0,1,-2.5103836059570312,modal,cuda,QKI:HepG2
BCLAF1,HepG2,chr4:44683303:T:C,0,1,0.43734049797058105,modal,cuda,QKI:HepG2
BCLAF1,HepG2,chr4:47885519:T:C,0,1,1.115004062652588,modal,cuda,QKI:HepG2
BCLAF1,HepG2,chr4:47885974:G:A,0,1,-0.33731281757354736,modal,cuda,QKI:HepG2
BCLAF1,HepG2,chr4:47899071:C:T,0,1,-0.8624918460845947,modal,cuda,QKI:HepG2
BCLAF1,HepG2,chr4:500593:C:T,1,1,-2.07533860206604,modal,cuda,QKI:HepG2
BCLAF1,HepG2,chr4:507457:G:A,1,1,-0.6082872152328491,modal,cuda,QKI:HepG2
BCLAF1,HepG2,chr4:507458:G:A,1,1,0.510016679763794,modal,cuda,QKI:HepG2
BCLAF1,HepG2,chr4:507474:C:T,1,1,0.7828068733215332,modal,cuda,QKI:HepG2
BCLAF1,HepG2,chr4:507606:G:A,0,1,0.7642982006072998,modal,cuda,QKI:HepG2
BCLAF1,HepG2,chr4:508835:G:T,1,1,0.6663851737976074,modal,cuda,QKI:HepG2
BCLAF1,HepG2,chr4:521104:G:A,1,1,-0.9091529846191406,modal,cuda,QKI:HepG2
BCLAF1,HepG2,chr4:521105:G:A,1,1,-0.9112820625305176,modal,cuda,QKI:HepG2
BCLAF1,HepG2,chr4:521134:C:G,1,1,-0.8577098846435547,modal,cuda,QKI:HepG2
BCLAF1,HepG2,chr4:55417826:T:C,0,1,-1.6279587745666504,modal,cuda,QKI:HepG2
BCLAF1,HepG2,chr4:56478613:A:G,0,1,1.4301201105117798,modal,cuda,QKI:HepG2
BCLAF1,HepG2,chr4:73420317:C:T,0,1,-0.6028718948364258,modal,cuda,QKI:HepG2
BCLAF1,HepG2,chr4:76124687:T:C,1,1,-0.7081460952758789,modal,cuda,QKI:HepG2
BCLAF1,HepG2,chr4:78252556:G:T,1,1,1.2625761032104492,modal,cuda,QKI:HepG2
BCLAF1,HepG2,chr4:78255238:C:G,0,1,-0.648810625076294,modal,cuda,QKI:HepG2
BCLAF1,HepG2,chr4:78267441:C:T,0,1,1.3557085990905762,modal,cuda,QKI:HepG2
BCLAF1,HepG2,chr4:78281446:T:C,0,1,0.9503622055053711,modal,cuda,QKI:HepG2
BCLAF1,HepG2,chr4:82426113:A:G,0,1,0.940326452255249,modal,cuda,QKI:HepG2
BCLAF1,HepG2,chr4:82427174:A:C,0,1,0.8213858604431152,modal,cuda,QKI:HepG2
BCLAF1,HepG2,chr4:82427499:T:C,0,1,-1.074535846710205,modal,cuda,QKI:HepG2
BCLAF1,HepG2,chr4:82428060:A:C,0,1,-1.6988234519958496,modal,cuda,QKI:HepG2
BCLAF1,HepG2,chr4:82428194:T:A,0,1,-3.8063254356384277,modal,cuda,QKI:HepG2
BCLAF1,HepG2,chr4:82428196:T:C,0,1,0.722437858581543,modal,cuda,QKI:HepG2
BCLAF1,HepG2,chr4:82872090:A:C,0,1,-0.7858719825744629,modal,cuda,QKI:HepG2
BCLAF1,HepG2,chr4:94233997:A:G,0,1,-0.17623138427734375,modal,cuda,QKI:HepG2
BCLAF1,HepG2,chr4:94252628:T:C,0,1,0.2630729675292969,modal,cuda,QKI:HepG2
BCLAF1,HepG2,chr4:94252777:C:T,0,1,0.2914152145385742,modal,cuda,QKI:HepG2
BCLAF1,HepG2,chr4:94264904:A:G,0,1,-0.7000064849853516,modal,cuda,QKI:HepG2
BCLAF1,HepG2,chr4:9920590:C:T,0,1,0.9554145336151123,modal,cuda,QKI:HepG2
BCLAF1,HepG2,chr5:10254705:A:G,0,1,-0.20150995254516602,modal,cuda,QKI:HepG2
BCLAF1,HepG2,chr5:10264850:A:G,0,1,-0.9040603637695312,modal,cuda,QKI:HepG2
BCLAF1,HepG2,chr5:108959248:T:C,0,1,-1.0769588947296143,modal,cuda,QKI:HepG2
BCLAF1,HepG2,chr5:112766331:A:T,0,1,-0.41112470626831055,modal,cuda,QKI:HepG2
BCLAF1,HepG2,chr5:112766335:A:T,1,1,-2.8261616230010986,modal,cuda,QKI:HepG2
BCLAF1,HepG2,chr5:112766338:C:T,1,1,-1.1051044464111328,modal,cuda,QKI:HepG2
BCLAF1,HepG2,chr5:112766344:C:T,1,1,0.5440859794616699,modal,cuda,QKI:HepG2
BCLAF1,HepG2,chr5:112766367:T:A,0,1,-0.6943104267120361,modal,cuda,QKI:HepG2
BCLAF1,HepG2,chr5:112766376:T:C,0,1,-0.27814292907714844,modal,cuda,QKI:HepG2
BCLAF1,HepG2,chr5:112766380:G:T,1,1,-0.7564992904663086,modal,cuda,QKI:HepG2
BCLAF1,HepG2,chr5:112766383:C:T,1,1,-0.7280242443084717,modal,cuda,QKI:HepG2
BCLAF1,HepG2,chr5:112766393:T:A,1,1,-0.26693248748779297,modal,cuda,QKI:HepG2
BCLAF1,HepG2,chr5:112766393:T:G,1,1,-0.7446727752685547,modal,cuda,QKI:HepG2
BCLAF1,HepG2,chr5:112766396:T:A,1,1,0.7277688980102539,modal,cuda,QKI:HepG2
BCLAF1,HepG2,chr5:112801283:C:A,1,1,-0.7863340377807617,modal,cuda,QKI:HepG2
BCLAF1,HepG2,chr5:112801288:C:T,1,1,-2.1288259029388428,modal,cuda,QKI:HepG2
BCLAF1,HepG2,chr5:112801310:C:G,1,1,1.233625888824463,modal,cuda,QKI:HepG2
BCLAF1,HepG2,chr5:112801339:C:T,1,1,-1.2539892196655273,modal,cuda,QKI:HepG2
BCLAF1,HepG2,chr5:112801351:G:T,1,1,-1.752256155014038,modal,cuda,QKI:HepG2
BCLAF1,HepG2,chr5:112839221:A:G,0,1,-0.17092037200927734,modal,cuda,QKI:HepG2
BCLAF1,HepG2,chr5:112839251:C:T,0,1,0.9317419528961182,modal,cuda,QKI:HepG2
BCLAF1,HepG2,chr5:112839284:G:A,0,1,1.3837507963180542,modal,cuda,QKI:HepG2
BCLAF1,HepG2,chr5:112839287:C:A,0,1,1.5691430568695068,modal,cuda,QKI:HepG2
BCLAF1,HepG2,chr5:112839320:G:A,0,1,1.23373281955719,modal,cuda,QKI:HepG2
BCLAF1,HepG2,chr5:113532996:C:A,0,1,0.4239175021648407,modal,cuda,QKI:HepG2
BCLAF1,HepG2,chr5:113548532:T:C,0,1,-0.20897769927978516,modal,cuda,QKI:HepG2
BCLAF1,HepG2,chr5:113553178:C:T,0,1,-0.44789552688598633,modal,cuda,QKI:HepG2
BCLAF1,HepG2,chr5:113553368:G:A,0,1,1.2153143882751465,modal,cuda,QKI:HepG2
BCLAF1,HepG2,chr5:113553581:T:C,0,1,-0.35732245445251465,modal,cuda,QKI:HepG2
BCLAF1,HepG2,chr5:113591989:C:A,0,1,-1.6916863918304443,modal,cuda,QKI:HepG2
BCLAF1,HepG2,chr5:119116178:T:G,0,1,-0.3808913230895996,modal,cuda,QKI:HepG2
BCLAF1,HepG2,chr5:119116201:G:A,0,1,-0.6265764236450195,modal,cuda,QKI:HepG2
BCLAF1,HepG2,chr5:119116244:C:T,0,1,0.4085655212402344,modal,cuda,QKI:HepG2
BCLAF1,HepG2,chr5:119473982:A:T,1,1,-0.8107635974884033,modal,cuda,QKI:HepG2
BCLAF1,HepG2,chr5:119475699:A:G,0,1,-0.7395272254943848,modal,cuda,QKI:HepG2
BCLAF1,HepG2,chr5:119475838:G:A,0,1,-0.8067364692687988,modal,cuda,QKI:HepG2
BCLAF1,HepG2,chr5:119475838:G:C,1,1,-1.0480914115905762,modal,cuda,QKI:HepG2
BCLAF1,HepG2,chr5:119477487:A:T,0,1,-2.2249560356140137,modal,cuda,QKI:HepG2
BCLAF1,HepG2,chr5:119477488:C:T,1,1,0.6833791732788086,modal,cuda,QKI:HepG2
BCLAF1,HepG2,chr5:119478848:C:A,1,1,-1.0918502807617188,modal,cuda,QKI:HepG2
BCLAF1,HepG2,chr5:119489251:G:T,1,1,1.8449151515960693,modal,cuda,QKI:HepG2
BCLAF1,HepG2,chr5:119489276:T:A,1,1,0.5832945108413696,modal,cuda,QKI:HepG2
BCLAF1,HepG2,chr5:119493818:T:G,1,1,-0.8780124187469482,modal,cuda,QKI:HepG2
BCLAF1,HepG2,chr5:119493838:G:A,1,1,1.2096490859985352,modal,cuda,QKI:HepG2
BCLAF1,HepG2,chr5:119493896:G:A,1,1,-2.078472852706909,modal,cuda,QKI:HepG2
BCLAF1,HepG2,chr5:119496563:G:T,1,1,-2.7128612995147705,modal,cuda,QKI:HepG2
BCLAF1,HepG2,chr5:119496585:C:G,1,1,-1.0717246532440186,modal,cuda,QKI:HepG2
BCLAF1,HepG2,chr5:119499491:C:T,1,1,-1.6844065189361572,modal,cuda,QKI:HepG2
BCLAF1,HepG2,chr5:119502061:C:G,1,1,-1.7319104671478271,modal,cuda,QKI:HepG2
BCLAF1,HepG2,chr5:119502063:T:A,1,1,-3.7988028526306152,modal,cuda,QKI:HepG2
BCLAF1,HepG2,chr5:119529917:C:T,0,1,0.8848981857299805,modal,cuda,QKI:HepG2
BCLAF1,HepG2,chr5:126819005:C:T,0,1,0.505211591720581,modal,cuda,QKI:HepG2
BCLAF1,HepG2,chr5:126822763:C:G,0,1,-0.8839526176452637,modal,cuda,QKI:HepG2
BCLAF1,HepG2,chr5:126836279:T:C,0,1,0.5635623931884766,modal,cuda,QKI:HepG2
BCLAF1,HepG2,chr5:126836282:C:T,0,1,0.5074152946472168,modal,cuda,QKI:HepG2
BCLAF1,HepG2,chr5:126836307:T:C,0,1,0.32818126678466797,modal,cuda,QKI:HepG2
BCLAF1,HepG2,chr5:132579521:G:A,0,1,-1.5216577053070068,modal,cuda,QKI:HepG2
BCLAF1,HepG2,chr5:132587701:G:A,0,1,1.4096086025238037,modal,cuda,QKI:HepG2
BCLAF1,HepG2,chr5:132592056:T:C,0,1,-0.5019001960754395,modal,cuda,QKI:HepG2
BCLAF1,HepG2,chr5:132616000:T:C,0,1,0.5091056823730469,modal,cuda,QKI:HepG2
BCLAF1,HepG2,chr5:132637224:A:G,0,1,-1.0590689182281494,modal,cuda,QKI:HepG2
BCLAF1,HepG2,chr5:132638126:C:G,1,1,-3.075127124786377,modal,cuda,QKI:HepG2
BCLAF1,HepG2,chr5:132638158:C:T,1,1,-3.0939345359802246,modal,cuda,QKI:HepG2
BCLAF1,HepG2,chr5:132892418:C:T,0,1,0.5550181865692139,modal,cuda,QKI:HepG2
BCLAF1,HepG2,chr5:132893131:T:C,0,1,-0.947939395904541,modal,cuda,QKI:HepG2
BCLAF1,HepG2,chr5:132898403:T:C,0,1,-0.6838784217834473,modal,cuda,QKI:HepG2
BCLAF1,HepG2,chr5:138810049:A:T,1,1,0.42244529724121094,modal,cuda,QKI:HepG2
BCLAF1,HepG2,chr5:138810064:G:T,1,1,0.30210673809051514,modal,cuda,QKI:HepG2
BCLAF1,HepG2,chr5:138810084:C:A,1,1,-0.7170661091804504,modal,cuda,QKI:HepG2
BCLAF1,HepG2,chr5:138810090:T:A,0,1,-0.604820966720581,modal,cuda,QKI:HepG2
BCLAF1,HepG2,chr5:138810096:G:A,0,1,1.9209942817687988,modal,cuda,QKI:HepG2
BCLAF1,HepG2,chr5:138887504:C:G,0,1,0.11498785018920898,modal,cuda,QKI:HepG2
BCLAF1,HepG2,chr5:138887556:T:C,0,1,0.5413777828216553,modal,cuda,QKI:HepG2
BCLAF1,HepG2,chr5:138887567:T:A,0,1,-0.6166412830352783,modal,cuda,QKI:HepG2
BCLAF1,HepG2,chr5:138887586:A:T,1,1,-0.54744553565979,modal,cuda,QKI:HepG2
BCLAF1,HepG2,chr5:138887598:G:T,1,1,1.7431862354278564,modal,cuda,QKI:HepG2
BCLAF1,HepG2,chr5:138887607:C:T,1,1,-2.117671489715576,modal,cuda,QKI:HepG2
BCLAF1,HepG2,chr5:138887635:T:A,1,1,2.1590688228607178,modal,cuda,QKI:HepG2
BCLAF1,HepG2,chr5:138887640:G:T,1,1,1.278151035308838,modal,cuda,QKI:HepG2
BCLAF1,HepG2,chr5:138904403:C:T,1,1,-1.7651803493499756,modal,cuda,QKI:HepG2
BCLAF1,HepG2,chr5:138904429:C:A,0,1,0.48213768005371094,modal,cuda,QKI:HepG2
BCLAF1,HepG2,chr5:138904439:C:T,1,1,0.6170992851257324,modal,cuda,QKI:HepG2
BCLAF1,HepG2,chr5:139317048:T:A,0,1,0.6180019378662109,modal,cuda,QKI:HepG2
BCLAF1,HepG2,chr5:139319314:G:A,0,1,0.30710697174072266,modal,cuda,QKI:HepG2
BCLAF1,HepG2,chr5:140662219:C:T,0,1,0.36305487155914307,modal,cuda,QKI:HepG2
BCLAF1,HepG2,chr5:140674672:C:T,0,1,0.6569498181343079,modal,cuda,QKI:HepG2
BCLAF1,HepG2,chr5:14290992:G:T,1,1,-2.037975311279297,modal,cuda,QKI:HepG2
BCLAF1,HepG2,chr5:14291013:C:T,1,1,-0.9538018703460693,modal,cuda,QKI:HepG2
BCLAF1,HepG2,chr5:14293093:G:T,1,1,-1.380002498626709,modal,cuda,QKI:HepG2
BCLAF1,HepG2,chr5:14297074:C:T,0,1,-0.3853168487548828,modal,cuda,QKI:HepG2
BCLAF1,HepG2,chr5:14358155:C:T,0,1,-1.370064377784729,modal,cuda,QKI:HepG2
BCLAF1,HepG2,chr5:14366916:C:G,0,1,-0.9727516174316406,modal,cuda,QKI:HepG2
BCLAF1,HepG2,chr5:14366947:C:T,1,1,0.918175458908081,modal,cuda,QKI:HepG2
BCLAF1,HepG2,chr5:14369364:C:T,0,1,-0.5889389514923096,modal,cuda,QKI:HepG2
BCLAF1,HepG2,chr5:14369426:G:A,1,1,-2.1346793174743652,modal,cuda,QKI:HepG2
BCLAF1,HepG2,chr5:14387711:A:G,0,1,-0.7976713180541992,modal,cuda,QKI:HepG2
BCLAF1,HepG2,chr5:14387792:C:T,1,1,-1.574709177017212,modal,cuda,QKI:HepG2
BCLAF1,HepG2,chr5:14388626:G:A,1,1,0.6729660034179688,modal,cuda,QKI:HepG2
BCLAF1,HepG2,chr5:14389360:C:T,0,1,-0.5175447463989258,modal,cuda,QKI:HepG2
BCLAF1,HepG2,chr5:14390284:A:G,1,1,-1.172858715057373,modal,cuda,QKI:HepG2
BCLAF1,HepG2,chr5:14390300:G:A,1,1,-1.0269677639007568,modal,cuda,QKI:HepG2
BCLAF1,HepG2,chr5:14394111:A:T,1,1,-1.3124054670333862,modal,cuda,QKI:HepG2
BCLAF1,HepG2,chr5:14394114:A:G,1,1,-0.7559159398078918,modal,cuda,QKI:HepG2
BCLAF1,HepG2,chr5:14397112:C:A,1,1,2.151482343673706,modal,cuda,QKI:HepG2
BCLAF1,HepG2,chr5:14397129:T:C,0,1,1.0783882141113281,modal,cuda,QKI:HepG2
BCLAF1,HepG2,chr5:14397137:A:G,1,1,-0.44308042526245117,modal,cuda,QKI:HepG2
BCLAF1,HepG2,chr5:14405832:C:G,0,1,5.819510459899902,modal,cuda,QKI:HepG2
BCLAF1,HepG2,chr5:14405877:G:A,1,1,1.0661084651947021,modal,cuda,QKI:HepG2
BCLAF1,HepG2,chr5:14476881:C:G,0,1,0.8778073787689209,modal,cuda,QKI:HepG2
BCLAF1,HepG2,chr5:146120521:A:C,0,1,0.6929906010627747,modal,cuda,QKI:HepG2
BCLAF1,HepG2,chr5:146128661:G:A,0,1,-0.512915849685669,modal,cuda,QKI:HepG2
BCLAF1,HepG2,chr5:146128964:C:A,0,1,-0.6489973068237305,modal,cuda,QKI:HepG2
BCLAF1,HepG2,chr5:146128973:T:C,0,1,0.2998940944671631,modal,cuda,QKI:HepG2
BCLAF1,HepG2,chr5:146130165:A:C,0,1,1.0726490020751953,modal,cuda,QKI:HepG2
BCLAF1,HepG2,chr5:146144713:A:C,0,1,-0.4343147277832031,modal,cuda,QKI:HepG2
BCLAF1,HepG2,chr5:146149607:T:C,0,1,-1.3216850757598877,modal,cuda,QKI:HepG2
BCLAF1,HepG2,chr5:146157709:A:T,0,1,1.7171311378479004,modal,cuda,QKI:HepG2
BCLAF1,HepG2,chr5:146164301:T:G,0,1,-0.7022466659545898,modal,cuda,QKI:HepG2
BCLAF1,HepG2,chr5:146164483:G:A,0,1,0.996160626411438,modal,cuda,QKI:HepG2
BCLAF1,HepG2,chr5:146168206:T:C,0,1,0.35872983932495117,modal,cuda,QKI:HepG2
BCLAF1,HepG2,chr5:146168276:T:C,0,1,2.2840168476104736,modal,cuda,QKI:HepG2
BCLAF1,HepG2,chr5:146171902:G:A,0,1,-1.7960933446884155,modal,cuda,QKI:HepG2
BCLAF1,HepG2,chr5:146171959:T:C,0,1,-0.5884060859680176,modal,cuda,QKI:HepG2
BCLAF1,HepG2,chr5:146172783:C:A,0,1,-0.8282037377357483,modal,cuda,QKI:HepG2
BCLAF1,HepG2,chr5:148423994:G:T,0,1,-2.570523262023926,modal,cuda,QKI:HepG2
BCLAF1,HepG2,chr5:148424125:T:A,0,1,0.6806814670562744,modal,cuda,QKI:HepG2
BCLAF1,HepG2,chr5:177513085:G:C,1,1,-0.47764039039611816,modal,cuda,QKI:HepG2
BCLAF1,HepG2,chr5:179618141:G:A,0,1,0.3922766447067261,modal,cuda,QKI:HepG2
BCLAF1,HepG2,chr5:179618243:C:T,1,1,-0.6795692443847656,modal,cuda,QKI:HepG2
BCLAF1,HepG2,chr5:179618269:T:C,0,1,-0.7771234512329102,modal,cuda,QKI:HepG2
BCLAF1,HepG2,chr5:32387639:A:G,0,1,-0.6489014625549316,modal,cuda,QKI:HepG2
BCLAF1,HepG2,chr5:32395185:T:C,0,1,0.2904500961303711,modal,cuda,QKI:HepG2
BCLAF1,HepG2,chr5:32400161:A:G,0,1,0.6586208343505859,modal,cuda,QKI:HepG2
BCLAF1,HepG2,chr5:32403241:C:T,0,1,0.14481735229492188,modal,cuda,QKI:HepG2
BCLAF1,HepG2,chr5:33448633:A:C,0,1,-0.3424261808395386,modal,cuda,QKI:HepG2
BCLAF1,HepG2,chr5:33448686:C:A,0,1,-0.41028499603271484,modal,cuda,QKI:HepG2
BCLAF1,HepG2,chr5:33453311:G:A,0,1,0.39156270027160645,modal,cuda,QKI:HepG2
BCLAF1,HepG2,chr5:33455691:T:C,1,1,0.3342571258544922,modal,cuda,QKI:HepG2
BCLAF1,HepG2,chr5:33455710:T:C,0,1,0.8856205940246582,modal,cuda,QKI:HepG2
BCLAF1,HepG2,chr5:33461250:G:A,0,1,0.3348355293273926,modal,cuda,QKI:HepG2
BCLAF1,HepG2,chr5:33461929:G:A,0,1,0.40419650077819824,modal,cuda,QKI:HepG2
BCLAF1,HepG2,chr5:33462106:G:T,0,1,-0.6553974151611328,modal,cuda,QKI:HepG2
BCLAF1,HepG2,chr5:33462107:G:A,0,1,0.43973588943481445,modal,cuda,QKI:HepG2
BCLAF1,HepG2,chr5:34937646:G:A,0,1,1.0547510385513306,modal,cuda,QKI:HepG2
BCLAF1,HepG2,chr5:36207164:A:G,1,1,1.7071642875671387,modal,cuda,QKI:HepG2
BCLAF1,HepG2,chr5:37000355:A:G,0,1,-0.3896644115447998,modal,cuda,QKI:HepG2
BCLAF1,HepG2,chr5:37000986:C:G,1,1,-0.9838225841522217,modal,cuda,QKI:HepG2
BCLAF1,HepG2,chr5:37008093:G:A,1,1,0.43175792694091797,modal,cuda,QKI:HepG2
BCLAF1,HepG2,chr5:37008730:A:G,0,1,1.5333325862884521,modal,cuda,QKI:HepG2
BCLAF1,HepG2,chr5:37026347:G:C,0,1,2.1681253910064697,modal,cuda,QKI:HepG2
BCLAF1,HepG2,chr5:37048695:T:C,0,1,0.5017461776733398,modal,cuda,QKI:HepG2
BCLAF1,HepG2,chr5:37175989:A:G,0,1,0.6219391822814941,modal,cuda,QKI:HepG2
BCLAF1,HepG2,chr5:38502620:T:C,0,1,-1.1033070087432861,modal,cuda,QKI:HepG2
BCLAF1,HepG2,chr5:38510733:A:G,0,1,-0.5166006088256836,modal,cuda,QKI:HepG2
BCLAF1,HepG2,chr5:39388861:A:T,0,1,-3.1899948120117188,modal,cuda,QKI:HepG2
BCLAF1,HepG2,chr5:53042194:G:A,0,1,1.1794590950012207,modal,cuda,QKI:HepG2
BCLAF1,HepG2,chr5:53045032:G:A,0,1,-2.1805717945098877,modal,cuda,QKI:HepG2
BCLAF1,HepG2,chr5:53048780:A:G,0,1,2.2964954376220703,modal,cuda,QKI:HepG2
BCLAF1,HepG2,chr5:53051539:C:T,0,1,-0.9397010803222656,modal,cuda,QKI:HepG2
BCLAF1,HepG2,chr5:53055547:T:C,0,1,0.7408676147460938,modal,cuda,QKI:HepG2
BCLAF1,HepG2,chr5:53055583:G:A,0,1,1.105576515197754,modal,cuda,QKI:HepG2
BCLAF1,HepG2,chr5:53055607:C:T,0,1,1.3080445528030396,modal,cuda,QKI:HepG2
BCLAF1,HepG2,chr5:53055629:A:T,0,1,-0.4740414619445801,modal,cuda,QKI:HepG2
BCLAF1,HepG2,chr5:53056008:G:A,0,1,2.7396788597106934,modal,cuda,QKI:HepG2
BCLAF1,HepG2,chr5:53064947:C:T,0,1,0.4078295826911926,modal,cuda,QKI:HepG2
BCLAF1,HepG2,chr5:53072642:C:T,0,1,0.23348093032836914,modal,cuda,QKI:HepG2
BCLAF1,HepG2,chr5:53072643:G:A,0,1,0.6636648178100586,modal,cuda,QKI:HepG2
BCLAF1,HepG2,chr5:53072695:A:G,0,1,-1.0215845108032227,modal,cuda,QKI:HepG2
BCLAF1,HepG2,chr5:53072716:T:C,0,1,-0.15194272994995117,modal,cuda,QKI:HepG2
BCLAF1,HepG2,chr5:53646353:G:T,1,1,-0.8562917709350586,modal,cuda,QKI:HepG2
BCLAF1,HepG2,chr5:53646367:A:G,0,1,-0.7566061019897461,modal,cuda,QKI:HepG2
BCLAF1,HepG2,chr5:53646371:C:T,1,1,-0.5973677635192871,modal,cuda,QKI:HepG2
BCLAF1,HepG2,chr5:53646375:G:A,1,1,0.5717349052429199,modal,cuda,QKI:HepG2
BCLAF1,HepG2,chr5:53646410:G:A,1,1,0.9931859970092773,modal,cuda,QKI:HepG2
BCLAF1,HepG2,chr5:53683267:G:A,0,1,1.0173563957214355,modal,cuda,QKI:HepG2
BCLAF1,HepG2,chr5:55951925:T:C,1,1,0.7455799579620361,modal,cuda,QKI:HepG2
BCLAF1,HepG2,chr5:55956168:G:C,1,1,-0.5950789451599121,modal,cuda,QKI:HepG2
BCLAF1,HepG2,chr5:55957263:A:C,1,1,0.4071922302246094,modal,cuda,QKI:HepG2
BCLAF1,HepG2,chr5:55960534:G:A,1,1,-1.3547999858856201,modal,cuda,QKI:HepG2
BCLAF1,HepG2,chr5:55963493:C:T,0,1,0.6283152103424072,modal,cuda,QKI:HepG2
BCLAF1,HepG2,chr5:55964237:C:A,0,1,-0.9254729747772217,modal,cuda,QKI:HepG2
BCLAF1,HepG2,chr5:55968272:G:A,0,1,-0.6327273845672607,modal,cuda,QKI:HepG2
BCLAF1,HepG2,chr5:55968314:T:C,0,1,-0.8096253871917725,modal,cuda,QKI:HepG2
BCLAF1,HepG2,chr5:55968364:T:C,0,1,-1.1585087776184082,modal,cuda,QKI:HepG2
BCLAF1,HepG2,chr5:65224338:T:C,0,1,0.5498828887939453,modal,cuda,QKI:HepG2
BCLAF1,HepG2,chr5:65994729:C:A,0,1,-0.7763671875,modal,cuda,QKI:HepG2
BCLAF1,HepG2,chr5:6604216:C:T,0,1,-1.67500638961792,modal,cuda,QKI:HepG2
BCLAF1,HepG2,chr5:6604227:G:C,1,1,-1.5323235988616943,modal,cuda,QKI:HepG2
BCLAF1,HepG2,chr5:6605256:G:A,0,1,-0.5212935209274292,modal,cuda,QKI:HepG2
BCLAF1,HepG2,chr5:6609844:C:T,1,1,-1.2700262069702148,modal,cuda,QKI:HepG2
BCLAF1,HepG2,chr5:6622009:T:A,0,1,1.335139274597168,modal,cuda,QKI:HepG2
BCLAF1,HepG2,chr5:68293153:C:T,1,1,-1.957421064376831,modal,cuda,QKI:HepG2
BCLAF1,HepG2,chr5:69509196:C:T,1,1,-0.6537318229675293,modal,cuda,QKI:HepG2
BCLAF1,HepG2,chr5:69509603:C:A,1,1,-3.201915979385376,modal,cuda,QKI:HepG2
BCLAF1,HepG2,chr5:69509746:T:C,1,1,1.1671581268310547,modal,cuda,QKI:HepG2
BCLAF1,HepG2,chr5:69509765:T:G,0,1,0.3982119560241699,modal,cuda,QKI:HepG2
BCLAF1,HepG2,chr5:69509789:G:A,0,1,-1.7038899660110474,modal,cuda,QKI:HepG2
BCLAF1,HepG2,chr5:71539099:T:C,0,1,-0.9867682456970215,modal,cuda,QKI:HepG2
BCLAF1,HepG2,chr5:71635285:T:G,0,1,0.629582405090332,modal,cuda,QKI:HepG2
BCLAF1,HepG2,chr5:75389695:A:G,0,1,-0.2920747995376587,modal,cuda,QKI:HepG2
BCLAF1,HepG2,chr5:75573790:G:A,1,1,1.0458632707595825,modal,cuda,QKI:HepG2
BCLAF1,HepG2,chr5:75573793:T:C,1,1,0.55243980884552,modal,cuda,QKI:HepG2
BCLAF1,HepG2,chr5:75573841:T:C,1,1,-1.344947338104248,modal,cuda,QKI:HepG2
BCLAF1,HepG2,chr5:75593981:T:C,1,1,0.7130999565124512,modal,cuda,QKI:HepG2
BCLAF1,HepG2,chr5:75596275:A:T,1,1,-0.3263275623321533,modal,cuda,QKI:HepG2
BCLAF1,HepG2,chr5:75596345:A:T,1,1,-0.8901700973510742,modal,cuda,QKI:HepG2
BCLAF1,HepG2,chr5:78156252:A:G,1,1,1.1624274253845215,modal,cuda,QKI:HepG2
BCLAF1,HepG2,chr5:78228133:C:T,0,1,0.47747039794921875,modal,cuda,QKI:HepG2
BCLAF1,HepG2,chr5:79401890:T:C,0,1,-0.8135989904403687,modal,cuda,QKI:HepG2
BCLAF1,HepG2,chr5:79401974:C:T,0,1,0.5801596641540527,modal,cuda,QKI:HepG2
BCLAF1,HepG2,chr5:80665136:G:A,0,1,0.609849214553833,modal,cuda,QKI:HepG2
BCLAF1,HepG2,chr5:87338031:G:A,1,1,-1.248387098312378,modal,cuda,QKI:HepG2
BCLAF1,HepG2,chr5:87346671:G:A,1,1,-0.6038565635681152,modal,cuda,QKI:HepG2
BCLAF1,HepG2,chr5:87346674:G:A,1,1,-0.781352162361145,modal,cuda,QKI:HepG2
BCLAF1,HepG2,chr5:87346675:G:A,1,1,-0.22298264503479004,modal,cuda,QKI:HepG2
BCLAF1,HepG2,chr5:87346710:A:G,0,1,0.7560935020446777,modal,cuda,QKI:HepG2
BCLAF1,HepG2,chr5:87349303:C:T,1,1,0.7987470626831055,modal,cuda,QKI:HepG2
BCLAF1,HepG2,chr5:87349304:G:T,1,1,0.7564184665679932,modal,cuda,QKI:HepG2
BCLAF1,HepG2,chr5:87349309:A:G,1,1,-1.0065784454345703,modal,cuda,QKI:HepG2
BCLAF1,HepG2,chr5:87349333:C:T,1,1,-0.9727778434753418,modal,cuda,QKI:HepG2
BCLAF1,HepG2,chr5:87349359:T:G,1,1,-0.8087658882141113,modal,cuda,QKI:HepG2
BCLAF1,HepG2,chr5:87353182:C:T,1,1,0.7826261520385742,modal,cuda,QKI:HepG2
BCLAF1,HepG2,chr5:87363401:C:T,1,1,-2.6809024810791016,modal,cuda,QKI:HepG2
BCLAF1,HepG2,chr5:87363422:G:T,1,1,-0.6961767673492432,modal,cuda,QKI:HepG2
BCLAF1,HepG2,chr5:87363428:C:T,1,1,-0.3927149772644043,modal,cuda,QKI:HepG2
BCLAF1,HepG2,chr5:87363450:T:G,1,1,3.4783663749694824,modal,cuda,QKI:HepG2
BCLAF1,HepG2,chr5:87383729:C:T,1,1,-0.6294341087341309,modal,cuda,QKI:HepG2
BCLAF1,HepG2,chr5:886609:C:T,0,1,-0.33092832565307617,modal,cuda,QKI:HepG2
BCLAF1,HepG2,chr5:95513556:T:C,0,1,-0.5123319625854492,modal,cuda,QKI:HepG2
BCLAF1,HepG2,chr5:95517338:T:C,0,1,-0.2908322811126709,modal,cuda,QKI:HepG2
BCLAF1,HepG2,chr5:95523344:C:T,0,1,-2.558452844619751,modal,cuda,QKI:HepG2
BCLAF1,HepG2,chr5:96727539:T:C,0,1,0.8423608541488647,modal,cuda,QKI:HepG2
BCLAF1,HepG2,chr5:96730788:A:G,0,1,-0.9202752113342285,modal,cuda,QKI:HepG2
BCLAF1,HepG2,chr5:96730872:C:G,0,1,0.6070432662963867,modal,cuda,QKI:HepG2
BCLAF1,HepG2,chr5:96736204:G:T,0,1,0.6326122283935547,modal,cuda,QKI:HepG2
BCLAF1,HepG2,chr5:96736234:G:A,0,1,0.46271613240242004,modal,cuda,QKI:HepG2
BCLAF1,HepG2,chr5:96736235:G:T,1,1,-1.949984073638916,modal,cuda,QKI:HepG2
BCLAF1,HepG2,chr5:96746348:G:C,0,1,-0.34689950942993164,modal,cuda,QKI:HepG2
BCLAF1,HepG2,chr5:96746383:T:A,0,1,-1.0077381134033203,modal,cuda,QKI:HepG2
BCLAF1,HepG2,chr5:96746424:C:T,0,1,-0.4696862995624542,modal,cuda,QKI:HepG2
BCLAF1,HepG2,chr5:96750599:G:A,0,1,0.5364314913749695,modal,cuda,QKI:HepG2
BCLAF1,HepG2,chr5:96750630:G:C,0,1,0.9636697769165039,modal,cuda,QKI:HepG2
BCLAF1,HepG2,chr5:96757434:C:T,0,1,0.6507124900817871,modal,cuda,QKI:HepG2
BCLAF1,HepG2,chr5:96757518:G:A,0,1,0.35176563262939453,modal,cuda,QKI:HepG2
BCLAF1,HepG2,chr5:96757668:T:C,0,1,-0.43714475631713867,modal,cuda,QKI:HepG2
BCLAF1,HepG2,chr5:96767912:T:G,0,1,-1.4293229579925537,modal,cuda,QKI:HepG2
BCLAF1,HepG2,chr5:98881153:T:C,0,1,0.6023592948913574,modal,cuda,QKI:HepG2
BCLAF1,HepG2,chr5:98889184:G:A,0,1,-0.27783203125,modal,cuda,QKI:HepG2
BCLAF1,HepG2,chr5:98897307:C:T,1,1,-0.9332578182220459,modal,cuda,QKI:HepG2
BCLAF1,HepG2,chr6:104795643:G:A,1,3,-0.9250009059906006,modal,cuda,QKI:HepG2
BCLAF1,HepG2,chr6:104843270:C:A,1,3,-1.6111657619476318,modal,cuda,QKI:HepG2
BCLAF1,HepG2,chr6:106316143:T:C,0,3,-1.1053569316864014,modal,cuda,QKI:HepG2
BCLAF1,HepG2,chr6:107871581:A:T,0,3,0.5594156980514526,modal,cuda,QKI:HepG2
BCLAF1,HepG2,chr6:107893465:G:A,0,3,0.9356482028961182,modal,cuda,QKI:HepG2
BCLAF1,HepG2,chr6:107906598:A:G,0,3,-1.6309982538223267,modal,cuda,QKI:HepG2
BCLAF1,HepG2,chr6:107912781:T:C,0,3,-0.7167359590530396,modal,cuda,QKI:HepG2
BCLAF1,HepG2,chr6:107912792:T:C,0,3,0.34281253814697266,modal,cuda,QKI:HepG2
BCLAF1,HepG2,chr6:111694538:C:T,0,3,0.33621323108673096,modal,cuda,QKI:HepG2
BCLAF1,HepG2,chr6:111694620:G:T,0,3,-0.32581430673599243,modal,cuda,QKI:HepG2
BCLAF1,HepG2,chr6:113946123:T:A,0,3,0.3387887477874756,modal,cuda,QKI:HepG2
BCLAF1,HepG2,chr6:113956702:G:T,0,3,0.23202967643737793,modal,cuda,QKI:HepG2
BCLAF1,HepG2,chr6:113960025:T:C,0,3,-1.1829442977905273,modal,cuda,QKI:HepG2
BCLAF1,HepG2,chr6:119193769:T:C,0,3,-0.20326828956604004,modal,cuda,QKI:HepG2
BCLAF1,HepG2,chr6:128083730:G:A,0,3,-0.6272666454315186,modal,cuda,QKI:HepG2
BCLAF1,HepG2,chr6:130869620:G:A,0,3,-0.33369338512420654,modal,cuda,QKI:HepG2
BCLAF1,HepG2,chr6:131726105:G:A,0,3,-0.2717559337615967,modal,cuda,QKI:HepG2
BCLAF1,HepG2,chr6:131847857:G:T,0,3,0.26385438442230225,modal,cuda,QKI:HepG2
BCLAF1,HepG2,chr6:13316573:A:G,0,3,0.5739796757698059,modal,cuda,QKI:HepG2
BCLAF1,HepG2,chr6:13316655:C:T,0,3,0.25319695472717285,modal,cuda,QKI:HepG2
BCLAF1,HepG2,chr6:13320947:C:T,0,3,0.5101075172424316,modal,cuda,QKI:HepG2
BCLAF1,HepG2,chr6:135002823:C:G,0,3,1.2498241662979126,modal,cuda,QKI:HepG2
BCLAF1,HepG2,chr6:135002834:C:T,0,3,0.36151742935180664,modal,cuda,QKI:HepG2
BCLAF1,HepG2,chr6:136261279:G:A,0,3,0.5191972255706787,modal,cuda,QKI:HepG2
BCLAF1,HepG2,chr6:136261359:G:T,0,3,-0.43990612030029297,modal,cuda,QKI:HepG2
BCLAF1,HepG2,chr6:136269502:A:C,0,3,-0.9875626564025879,modal,cuda,QKI:HepG2
BCLAF1,HepG2,chr6:136269560:C:T,0,3,0.4613535404205322,modal,cuda,QKI:HepG2
BCLAF1,HepG2,chr6:138920195:A:G,0,3,0.4846556782722473,modal,cuda,QKI:HepG2
BCLAF1,HepG2,chr6:143857408:A:G,1,3,-1.442683458328247,modal,cuda,QKI:HepG2
BCLAF1,HepG2,chr6:144513904:T:C,0,3,-0.6999151706695557,modal,cuda,QKI:HepG2
BCLAF1,HepG2,chr6:144521955:A:T,0,3,0.1474018096923828,modal,cuda,QKI:HepG2
BCLAF1,HepG2,chr6:145919501:T:C,0,3,-0.5942356586456299,modal,cuda,QKI:HepG2
BCLAF1,HepG2,chr6:145954847:T:G,0,3,-0.6826770305633545,modal,cuda,QKI:HepG2
BCLAF1,HepG2,chr6:151433138:T:C,0,3,0.39249300956726074,modal,cuda,QKI:HepG2
BCLAF1,HepG2,chr6:154450098:T:A,0,3,-0.6621642112731934,modal,cuda,QKI:HepG2
BCLAF1,HepG2,chr6:157196324:T:A,0,3,-0.3003420829772949,modal,cuda,QKI:HepG2
BCLAF1,HepG2,chr6:158146763:G:A,0,3,-0.3855459690093994,modal,cuda,QKI:HepG2
BCLAF1,HepG2,chr6:158146827:G:A,1,3,-1.4341232776641846,modal,cuda,QKI:HepG2
BCLAF1,HepG2,chr6:158146905:T:C,0,3,-0.32101792097091675,modal,cuda,QKI:HepG2
BCLAF1,HepG2,chr6:158503756:T:C,0,3,0.10223358869552612,modal,cuda,QKI:HepG2
BCLAF1,HepG2,chr6:24174727:G:C,0,3,-0.5456993579864502,modal,cuda,QKI:HepG2
BCLAF1,HepG2,chr6:24781633:T:C,0,3,0.7566275596618652,modal,cuda,QKI:HepG2
BCLAF1,HepG2,chr6:24784433:A:T,0,3,-0.47805142402648926,modal,cuda,QKI:HepG2
BCLAF1,HepG2,chr6:2836032:T:A,0,3,-0.42917847633361816,modal,cuda,QKI:HepG2
BCLAF1,HepG2,chr6:2948918:C:T,0,3,0.5901210308074951,modal,cuda,QKI:HepG2
BCLAF1,HepG2,chr6:30922792:G:T,0,3,-0.22772395610809326,modal,cuda,QKI:HepG2
BCLAF1,HepG2,chr6:31740551:C:T,0,3,0.12301576137542725,modal,cuda,QKI:HepG2
BCLAF1,HepG2,chr6:31761582:A:G,0,3,-1.015052080154419,modal,cuda,QKI:HepG2
BCLAF1,HepG2,chr6:31762148:C:T,0,3,0.25550222396850586,modal,cuda,QKI:HepG2
BCLAF1,HepG2,chr6:4052813:A:G,0,3,-0.2763328552246094,modal,cuda,QKI:HepG2
BCLAF1,HepG2,chr6:4126146:G:A,0,3,0.3712770938873291,modal,cuda,QKI:HepG2
BCLAF1,HepG2,chr6:43587375:C:T,1,3,-1.3232128620147705,modal,cuda,QKI:HepG2
BCLAF1,HepG2,chr6:43587387:C:T,1,3,0.6266937255859375,modal,cuda,QKI:HepG2
BCLAF1,HepG2,chr6:43626216:G:C,0,3,1.2645540237426758,modal,cuda,QKI:HepG2
BCLAF1,HepG2,chr6:44406319:A:G,0,3,-0.4947150945663452,modal,cuda,QKI:HepG2
BCLAF1,HepG2,chr6:47478053:A:C,0,3,-0.13576993346214294,modal,cuda,QKI:HepG2
BCLAF1,HepG2,chr6:47554621:G:A,0,3,0.3302237391471863,modal,cuda,QKI:HepG2
BCLAF1,HepG2,chr6:47599281:G:A,0,3,1.1108288764953613,modal,cuda,QKI:HepG2
BCLAF1,HepG2,chr6:47624247:C:G,0,3,-0.8171340227127075,modal,cuda,QKI:HepG2
BCLAF1,HepG2,chr6:52452943:C:T,0,3,0.6985640525817871,modal,cuda,QKI:HepG2
BCLAF1,HepG2,chr6:53498978:G:C,0,3,0.2061057686805725,modal,cuda,QKI:HepG2
BCLAF1,HepG2,chr6:56515684:A:G,0,3,-0.37257909774780273,modal,cuda,QKI:HepG2
BCLAF1,HepG2,chr6:56552171:A:G,0,3,1.0497565269470215,modal,cuda,QKI:HepG2
BCLAF1,HepG2,chr6:56560442:T:C,0,3,-0.43759989738464355,modal,cuda,QKI:HepG2
BCLAF1,HepG2,chr6:56624631:G:T,0,3,1.1678800582885742,modal,cuda,QKI:HepG2
BCLAF1,HepG2,chr6:56624634:A:T,0,3,0.7774062156677246,modal,cuda,QKI:HepG2
BCLAF1,HepG2,chr6:56631404:A:C,0,3,0.23992705345153809,modal,cuda,QKI:HepG2
BCLAF1,HepG2,chr6:56640063:G:A,0,3,-0.5512673854827881,modal,cuda,QKI:HepG2
BCLAF1,HepG2,chr6:56699768:A:G,0,3,0.49986720085144043,modal,cuda,QKI:HepG2
BCLAF1,HepG2,chr6:63684165:A:G,0,3,-0.5409257411956787,modal,cuda,QKI:HepG2
BCLAF1,HepG2,chr6:63684176:G:T,0,3,1.3481566905975342,modal,cuda,QKI:HepG2
BCLAF1,HepG2,chr6:63684220:A:G,0,3,-0.5800217986106873,modal,cuda,QKI:HepG2
BCLAF1,HepG2,chr6:63684419:G:A,0,3,-0.21477842330932617,modal,cuda,QKI:HepG2
BCLAF1,HepG2,chr6:63685016:G:A,0,3,0.18631094694137573,modal,cuda,QKI:HepG2
BCLAF1,HepG2,chr6:63703530:C:T,0,3,0.4557203948497772,modal,cuda,QKI:HepG2
BCLAF1,HepG2,chr6:7189334:C:T,0,3,0.08995914459228516,modal,cuda,QKI:HepG2
BCLAF1,HepG2,chr6:75678807:A:T,0,3,-0.41458797454833984,modal,cuda,QKI:HepG2
BCLAF1,HepG2,chr6:7571591:T:C,0,3,0.7329423427581787,modal,cuda,QKI:HepG2
BCLAF1,HepG2,chr6:7579902:C:T,1,3,-1.8372050523757935,modal,cuda,QKI:HepG2
BCLAF1,HepG2,chr6:7579929:C:T,1,3,-1.8038511276245117,modal,cuda,QKI:HepG2
BCLAF1,HepG2,chr6:7579974:C:T,1,3,0.41478466987609863,modal,cuda,QKI:HepG2
BCLAF1,HepG2,chr6:7579982:T:A,0,3,-0.29065608978271484,modal,cuda,QKI:HepG2
BCLAF1,HepG2,chr6:7579986:C:T,1,3,-1.0091073513031006,modal,cuda,QKI:HepG2
BCLAF1,HepG2,chr6:7580016:C:T,1,3,-2.3416054248809814,modal,cuda,QKI:HepG2
BCLAF1,HepG2,chr6:7581402:C:T,1,3,-0.8169088363647461,modal,cuda,QKI:HepG2
BCLAF1,HepG2,chr6:7581403:G:A,0,3,0.646721363067627,modal,cuda,QKI:HepG2
BCLAF1,HepG2,chr6:7581489:C:T,1,3,-1.337206244468689,modal,cuda,QKI:HepG2
BCLAF1,HepG2,chr6:75832856:C:T,1,3,-0.37851691246032715,modal,cuda,QKI:HepG2
BCLAF1,HepG2,chr6:75832908:C:G,1,3,1.7055668830871582,modal,cuda,QKI:HepG2
BCLAF1,HepG2,chr6:75832925:G:A,0,3,1.097154140472412,modal,cuda,QKI:HepG2
BCLAF1,HepG2,chr6:75835967:T:C,0,3,-1.3969452381134033,modal,cuda,QKI:HepG2
BCLAF1,HepG2,chr6:75840584:G:A,1,3,-3.3810229301452637,modal,cuda,QKI:HepG2
BCLAF1,HepG2,chr6:75840644:C:T,1,3,-1.2953264713287354,modal,cuda,QKI:HepG2
BCLAF1,HepG2,chr6:75855242:C:A,0,3,1.728790283203125,modal,cuda,QKI:HepG2
BCLAF1,HepG2,chr6:75879864:C:T,1,3,-0.9465951919555664,modal,cuda,QKI:HepG2
BCLAF1,HepG2,chr6:75892557:C:T,1,3,-1.1959490776062012,modal,cuda,QKI:HepG2
BCLAF1,HepG2,chr6:78947787:A:T,0,3,1.0235835313796997,modal,cuda,QKI:HepG2
BCLAF1,HepG2,chr6:78954977:G:T,0,3,0.944939136505127,modal,cuda,QKI:HepG2
BCLAF1,HepG2,chr6:78958618:T:A,0,3,-0.2317342758178711,modal,cuda,QKI:HepG2
BCLAF1,HepG2,chr6:78963079:G:A,0,3,-0.6731586456298828,modal,cuda,QKI:HepG2
BCLAF1,HepG2,chr6:78970043:C:T,0,3,-0.44125986099243164,modal,cuda,QKI:HepG2
BCLAF1,HepG2,chr6:78997395:A:C,0,3,-1.0566253662109375,modal,cuda,QKI:HepG2
BCLAF1,HepG2,chr6:78997408:C:T,0,3,0.6998341083526611,modal,cuda,QKI:HepG2
BCLAF1,HepG2,chr6:79016535:A:T,0,3,0.6079235076904297,modal,cuda,QKI:HepG2
BCLAF1,HepG2,chr6:79026168:A:C,0,3,-0.7195944786071777,modal,cuda,QKI:HepG2
BCLAF1,HepG2,chr6:79042824:T:C,0,3,-0.48073816299438477,modal,cuda,QKI:HepG2
BCLAF1,HepG2,chr6:79042827:T:G,0,3,-3.5289268493652344,modal,cuda,QKI:HepG2
BCLAF1,HepG2,chr6:80200936:G:T,1,3,1.3210570812225342,modal,cuda,QKI:HepG2
BCLAF1,HepG2,chr6:80200939:G:T,1,3,0.7200255393981934,modal,cuda,QKI:HepG2
BCLAF1,HepG2,chr6:80200990:C:T,1,3,-0.906714916229248,modal,cuda,QKI:HepG2
BCLAF1,HepG2,chr6:80203193:A:T,1,3,0.5507814884185791,modal,cuda,QKI:HepG2
BCLAF1,HepG2,chr6:83172021:T:C,0,3,0.8077738285064697,modal,cuda,QKI:HepG2
BCLAF1,HepG2,chr6:83188602:T:A,0,3,0.5301080942153931,modal,cuda,QKI:HepG2
BCLAF1,HepG2,chr6:83188654:G:T,0,3,-0.28471875190734863,modal,cuda,QKI:HepG2
BCLAF1,HepG2,chr6:85530283:T:C,1,3,-0.508497953414917,modal,cuda,QKI:HepG2
BCLAF1,HepG2,chr6:85530290:C:T,0,3,0.6198433637619019,modal,cuda,QKI:HepG2
BCLAF1,HepG2,chr6:85543321:C:A,0,3,1.0378847122192383,modal,cuda,QKI:HepG2
BCLAF1,HepG2,chr6:85543737:G:A,1,3,-2.4714832305908203,modal,cuda,QKI:HepG2
BCLAF1,HepG2,chr6:85547511:T:G,0,3,0.5175180435180664,modal,cuda,QKI:HepG2
BCLAF1,HepG2,chr6:85567520:T:C,0,3,-1.2784671783447266,modal,cuda,QKI:HepG2
BCLAF1,HepG2,chr6:87564153:G:A,1,3,-1.3189375400543213,modal,cuda,QKI:HepG2
BCLAF1,HepG2,chr6:87564159:G:A,1,3,-0.8101401329040527,modal,cuda,QKI:HepG2
BCLAF1,HepG2,chr6:87564188:T:A,0,3,-0.2891385555267334,modal,cuda,QKI:HepG2
BCLAF1,HepG2,chr6:89727827:C:T,0,3,0.19808736443519592,modal,cuda,QKI:HepG2
BCLAF1,HepG2,chr6:89740382:A:C,0,3,-0.8160257339477539,modal,cuda,QKI:HepG2
BCLAF1,HepG2,chr6:90518552:G:A,1,3,-0.22546124458312988,modal,cuda,QKI:HepG2
BCLAF1,HepG2,chr6:90547209:A:T,0,3,0.7503900527954102,modal,cuda,QKI:HepG2
BCLAF1,HepG2,chr6:98875430:G:A,1,3,-0.4632902145385742,modal,cuda,QKI:HepG2
BCLAF1,HepG2,chr6:99468617:C:T,1,3,-0.7460317611694336,modal,cuda,QKI:HepG2
BCLAF1,HepG2,chr6:99503853:A:G,0,3,-0.8194890022277832,modal,cuda,QKI:HepG2
BCLAF1,HepG2,chr6:99503874:G:A,0,3,0.35116660594940186,modal,cuda,QKI:HepG2
BCLAF1,HepG2,chr6:99508684:T:C,0,3,-0.45885634422302246,modal,cuda,QKI:HepG2
BCLAF1,HepG2,chr7:100686291:T:C,0,2,-0.4632127285003662,modal,cuda,QKI:HepG2
BCLAF1,HepG2,chr7:100687818:C:G,0,2,-0.9219965934753418,modal,cuda,QKI:HepG2
BCLAF1,HepG2,chr7:102097441:C:T,1,2,1.1788592338562012,modal,cuda,QKI:HepG2
BCLAF1,HepG2,chr7:102111780:A:G,0,2,-1.405333399772644,modal,cuda,QKI:HepG2
BCLAF1,HepG2,chr7:102115284:C:T,0,2,0.38836669921875,modal,cuda,QKI:HepG2
BCLAF1,HepG2,chr7:102115304:G:A,0,2,0.5359065532684326,modal,cuda,QKI:HepG2
BCLAF1,HepG2,chr7:103299440:A:G,0,2,-0.822559118270874,modal,cuda,QKI:HepG2
BCLAF1,HepG2,chr7:103310486:T:C,0,2,0.5849428176879883,modal,cuda,QKI:HepG2
BCLAF1,HepG2,chr7:103311900:A:G,0,2,-0.637784481048584,modal,cuda,QKI:HepG2
BCLAF1,HepG2,chr7:105076959:T:G,0,2,1.403982400894165,modal,cuda,QKI:HepG2
BCLAF1,HepG2,chr7:105090278:T:C,0,2,0.23998069763183594,modal,cuda,QKI:HepG2
BCLAF1,HepG2,chr7:107256792:A:C,0,2,-0.30394935607910156,modal,cuda,QKI:HepG2
BCLAF1,HepG2,chr7:107256794:C:A,1,2,-1.832812786102295,modal,cuda,QKI:HepG2
BCLAF1,HepG2,chr7:107258276:T:C,0,2,0.6849861145019531,modal,cuda,QKI:HepG2
BCLAF1,HepG2,chr7:107258332:G:A,1,2,-0.37888336181640625,modal,cuda,QKI:HepG2
BCLAF1,HepG2,chr7:107362361:A:G,0,2,0.4954533576965332,modal,cuda,QKI:HepG2
BCLAF1,HepG2,chr7:107372733:G:A,1,2,-1.6555595397949219,modal,cuda,QKI:HepG2
BCLAF1,HepG2,chr7:107412519:G:A,1,2,1.006847858428955,modal,cuda,QKI:HepG2
BCLAF1,HepG2,chr7:107412558:G:A,1,2,-1.3433325290679932,modal,cuda,QKI:HepG2
BCLAF1,HepG2,chr7:107527288:G:A,1,2,0.7475309371948242,modal,cuda,QKI:HepG2
BCLAF1,HepG2,chr7:107548274:G:T,0,2,-0.7260761260986328,modal,cuda,QKI:HepG2
BCLAF1,HepG2,chr7:107548350:T:C,0,2,-1.3115999698638916,modal,cuda,QKI:HepG2
BCLAF1,HepG2,chr7:107919110:A:G,0,2,7.770200729370117,modal,cuda,QKI:HepG2
BCLAF1,HepG2,chr7:107923921:T:G,0,2,0.2712411880493164,modal,cuda,QKI:HepG2
BCLAF1,HepG2,chr7:107924094:G:A,0,2,-0.39832210540771484,modal,cuda,QKI:HepG2
BCLAF1,HepG2,chr7:107924097:G:T,0,2,-0.33181190490722656,modal,cuda,QKI:HepG2
BCLAF1,HepG2,chr7:111944878:A:C,0,2,1.0668392181396484,modal,cuda,QKI:HepG2
BCLAF1,HepG2,chr7:112004038:G:C,0,2,0.3358292579650879,modal,cuda,QKI:HepG2
BCLAF1,HepG2,chr7:112472825:A:G,0,2,-1.6710727214813232,modal,cuda,QKI:HepG2
BCLAF1,HepG2,chr7:112472837:G:A,0,2,1.5106077194213867,modal,cuda,QKI:HepG2
BCLAF1,HepG2,chr7:122116972:T:C,0,2,2.2402584552764893,modal,cuda,QKI:HepG2
BCLAF1,HepG2,chr7:127701159:C:T,0,2,-0.6772348284721375,modal,cuda,QKI:HepG2
BCLAF1,HepG2,chr7:128989939:A:G,0,2,-1.8764772415161133,modal,cuda,QKI:HepG2
BCLAF1,HepG2,chr7:139259375:G:A,0,2,0.7027585506439209,modal,cuda,QKI:HepG2
BCLAF1,HepG2,chr7:140777971:A:G,0,2,-1.3070859909057617,modal,cuda,QKI:HepG2
BCLAF1,HepG2,chr7:141745501:G:A,1,2,1.1863574981689453,modal,cuda,QKI:HepG2
BCLAF1,HepG2,chr7:148846483:C:T,0,2,1.790308952331543,modal,cuda,QKI:HepG2
BCLAF1,HepG2,chr7:148846484:G:A,0,2,-0.7771923542022705,modal,cuda,QKI:HepG2
BCLAF1,HepG2,chr7:152162101:T:C,0,2,1.2509608268737793,modal,cuda,QKI:HepG2
BCLAF1,HepG2,chr7:152185650:G:A,0,2,-0.6548151969909668,modal,cuda,QKI:HepG2
BCLAF1,HepG2,chr7:152199265:A:C,0,2,-0.798029899597168,modal,cuda,QKI:HepG2
BCLAF1,HepG2,chr7:152235812:C:A,0,2,1.2122397422790527,modal,cuda,QKI:HepG2
BCLAF1,HepG2,chr7:152247896:C:A,0,2,0.3301353454589844,modal,cuda,QKI:HepG2
BCLAF1,HepG2,chr7:152249866:T:A,0,2,-0.8576288223266602,modal,cuda,QKI:HepG2
BCLAF1,HepG2,chr7:156724181:G:A,0,2,1.145698070526123,modal,cuda,QKI:HepG2
BCLAF1,HepG2,chr7:157178682:T:C,0,2,0.6753530502319336,modal,cuda,QKI:HepG2
BCLAF1,HepG2,chr7:157366482:A:G,0,2,-0.350461483001709,modal,cuda,QKI:HepG2
BCLAF1,HepG2,chr7:158652371:G:C,0,2,-1.318023681640625,modal,cuda,QKI:HepG2
BCLAF1,HepG2,chr7:158655163:T:G,0,2,0.5923810005187988,modal,cuda,QKI:HepG2
BCLAF1,HepG2,chr7:158913110:C:G,0,2,-0.5510241985321045,modal,cuda,QKI:HepG2
BCLAF1,HepG2,chr7:17839912:T:C,0,2,0.33421802520751953,modal,cuda,QKI:HepG2
BCLAF1,HepG2,chr7:23125082:C:T,0,2,0.35775279998779297,modal,cuda,QKI:HepG2
BCLAF1,HepG2,chr7:23140783:G:A,1,2,-2.0310323238372803,modal,cuda,QKI:HepG2
BCLAF1,HepG2,chr7:2360759:C:T,0,2,0.28807640075683594,modal,cuda,QKI:HepG2
BCLAF1,HepG2,chr7:26192512:A:C,0,2,-0.5954828262329102,modal,cuda,QKI:HepG2
BCLAF1,HepG2,chr7:26193241:T:C,0,2,-0.8786640167236328,modal,cuda,QKI:HepG2
BCLAF1,HepG2,chr7:26193569:T:C,0,2,-0.6555924415588379,modal,cuda,QKI:HepG2
BCLAF1,HepG2,chr7:26195828:A:G,0,2,0.9882187843322754,modal,cuda,QKI:HepG2
BCLAF1,HepG2,chr7:26195916:G:C,0,2,-1.4332292079925537,modal,cuda,QKI:HepG2
BCLAF1,HepG2,chr7:26195928:A:G,0,2,-0.8238599300384521,modal,cuda,QKI:HepG2
BCLAF1,HepG2,chr7:26196383:G:A,0,2,-0.7046890258789062,modal,cuda,QKI:HepG2
BCLAF1,HepG2,chr7:26196674:C:T,0,2,1.3365342617034912,modal,cuda,QKI:HepG2
BCLAF1,HepG2,chr7:26196798:G:A,0,2,7.361405849456787,modal,cuda,QKI:HepG2
BCLAF1,HepG2,chr7:26197609:G:A,0,2,0.49510669708251953,modal,cuda,QKI:HepG2
BCLAF1,HepG2,chr7:26197618:A:G,0,2,0.2362356185913086,modal,cuda,QKI:HepG2
BCLAF1,HepG2,chr7:26360970:T:C,0,2,-0.6349782943725586,modal,cuda,QKI:HepG2
BCLAF1,HepG2,chr7:26372503:G:A,0,2,0.30718326568603516,modal,cuda,QKI:HepG2
BCLAF1,HepG2,chr7:27792000:C:A,0,2,0.618464469909668,modal,cuda,QKI:HepG2
BCLAF1,HepG2,chr7:27794316:T:G,0,2,-0.5410113334655762,modal,cuda,QKI:HepG2
BCLAF1,HepG2,chr7:29400536:C:T,0,2,0.2801389694213867,modal,cuda,QKI:HepG2
BCLAF1,HepG2,chr7:33026888:G:A,1,2,-1.2408695220947266,modal,cuda,QKI:HepG2
BCLAF1,HepG2,chr7:33146286:A:G,0,2,-0.8518548011779785,modal,cuda,QKI:HepG2
BCLAF1,HepG2,chr7:33152699:A:G,1,2,-1.0188500881195068,modal,cuda,QKI:HepG2
BCLAF1,HepG2,chr7:33152778:C:T,1,2,1.3491215705871582,modal,cuda,QKI:HepG2
BCLAF1,HepG2,chr7:33152811:C:T,1,2,-0.40073561668395996,modal,cuda,QKI:HepG2
BCLAF1,HepG2,chr7:33152851:C:A,1,2,-1.4657280445098877,modal,cuda,QKI:HepG2
BCLAF1,HepG2,chr7:33152852:G:A,1,2,1.6439590454101562,modal,cuda,QKI:HepG2
BCLAF1,HepG2,chr7:33152852:G:T,1,2,-1.26377272605896,modal,cuda,QKI:HepG2
BCLAF1,HepG2,chr7:33155724:G:A,0,2,0.7198226451873779,modal,cuda,QKI:HepG2
BCLAF1,HepG2,chr7:33177507:C:T,1,2,-4.174993515014648,modal,cuda,QKI:HepG2
BCLAF1,HepG2,chr7:33177557:C:A,1,2,-0.7980210781097412,modal,cuda,QKI:HepG2
BCLAF1,HepG2,chr7:33177574:C:A,1,2,-1.5223956108093262,modal,cuda,QKI:HepG2
BCLAF1,HepG2,chr7:33257238:C:T,1,2,-0.35277074575424194,modal,cuda,QKI:HepG2
BCLAF1,HepG2,chr7:33257252:C:A,1,2,-0.40896129608154297,modal,cuda,QKI:HepG2
BCLAF1,HepG2,chr7:36422818:G:A,0,2,0.6923322677612305,modal,cuda,QKI:HepG2
BCLAF1,HepG2,chr7:36449844:A:G,0,2,-0.43941354751586914,modal,cuda,QKI:HepG2
BCLAF1,HepG2,chr7:36449849:C:G,0,2,-0.48437929153442383,modal,cuda,QKI:HepG2
BCLAF1,HepG2,chr7:36449854:A:G,0,2,-0.7294321060180664,modal,cuda,QKI:HepG2
BCLAF1,HepG2,chr7:40046029:T:C,0,2,0.13881301879882812,modal,cuda,QKI:HepG2
BCLAF1,HepG2,chr7:40189528:A:G,0,2,-0.3333010673522949,modal,cuda,QKI:HepG2
BCLAF1,HepG2,chr7:40189528:A:T,0,2,-0.35294055938720703,modal,cuda,QKI:HepG2
BCLAF1,HepG2,chr7:40237629:T:C,0,2,-0.42726802825927734,modal,cuda,QKI:HepG2
BCLAF1,HepG2,chr7:40274566:G:A,0,2,0.6321749687194824,modal,cuda,QKI:HepG2
BCLAF1,HepG2,chr7:50537907:T:A,1,2,-0.8254749178886414,modal,cuda,QKI:HepG2
BCLAF1,HepG2,chr7:6037542:T:A,0,2,-1.1043658256530762,modal,cuda,QKI:HepG2
BCLAF1,HepG2,chr7:65964372:G:A,0,2,0.2914891242980957,modal,cuda,QKI:HepG2
BCLAF1,HepG2,chr7:66089333:C:T,1,2,0.8413914442062378,modal,cuda,QKI:HepG2
BCLAF1,HepG2,chr7:66089352:G:A,0,2,0.699681282043457,modal,cuda,QKI:HepG2
BCLAF1,HepG2,chr7:77571160:A:G,1,2,-0.2976961135864258,modal,cuda,QKI:HepG2
BCLAF1,HepG2,chr7:855021:C:G,0,2,-0.45442771911621094,modal,cuda,QKI:HepG2
BCLAF1,HepG2,chr7:855021:C:T,0,2,0.23623371124267578,modal,cuda,QKI:HepG2
BCLAF1,HepG2,chr7:860398:G:A,0,2,0.531577467918396,modal,cuda,QKI:HepG2
BCLAF1,HepG2,chr7:87550300:C:T,0,2,-0.393996000289917,modal,cuda,QKI:HepG2
BCLAF1,HepG2,chr7:92044988:G:A,0,2,0.32550954818725586,modal,cuda,QKI:HepG2
BCLAF1,HepG2,chr7:92066403:A:G,0,2,1.175671100616455,modal,cuda,QKI:HepG2
BCLAF1,HepG2,chr7:92225703:A:G,0,2,0.8960703015327454,modal,cuda,QKI:HepG2
BCLAF1,HepG2,chr7:92234451:G:T,1,2,0.4342155456542969,modal,cuda,QKI:HepG2
BCLAF1,HepG2,chr7:92236480:G:A,1,2,0.7985010147094727,modal,cuda,QKI:HepG2
BCLAF1,HepG2,chr7:92236492:G:A,1,2,-1.0553274154663086,modal,cuda,QKI:HepG2
BCLAF1,HepG2,chr7:92236494:A:T,1,2,-6.173454284667969,modal,cuda,QKI:HepG2
BCLAF1,HepG2,chr7:92236516:C:A,1,2,-0.9236211776733398,modal,cuda,QKI:HepG2
BCLAF1,HepG2,chr7:92241005:G:A,1,2,1.2547831535339355,modal,cuda,QKI:HepG2
BCLAF1,HepG2,chr7:92241049:A:T,1,2,-3.2226269245147705,modal,cuda,QKI:HepG2
BCLAF1,HepG2,chr7:92241059:G:A,1,2,-2.587347984313965,modal,cuda,QKI:HepG2
BCLAF1,HepG2,chr7:92241113:T:A,1,2,0.8317546248435974,modal,cuda,QKI:HepG2
BCLAF1,HepG2,chr7:92504753:G:A,1,2,0.6199288368225098,modal,cuda,QKI:HepG2
BCLAF1,HepG2,chr7:92504840:G:A,1,2,-1.02860689163208,modal,cuda,QKI:HepG2
BCLAF1,HepG2,chr7:92517908:C:A,1,2,0.37122058868408203,modal,cuda,QKI:HepG2
BCLAF1,HepG2,chr7:92532521:A:C,0,2,0.5489602088928223,modal,cuda,QKI:HepG2
BCLAF1,HepG2,chr7:92618225:A:G,0,2,1.0064306259155273,modal,cuda,QKI:HepG2
BCLAF1,HepG2,chr7:95269499:G:A,0,2,0.6197757720947266,modal,cuda,QKI:HepG2
BCLAF1,HepG2,chr7:95409887:A:G,0,2,-0.47599363327026367,modal,cuda,QKI:HepG2
BCLAF1,HepG2,chr7:96171506:A:T,1,2,-0.4962010383605957,modal,cuda,QKI:HepG2
BCLAF1,HepG2,chr7:96171508:T:C,0,2,-0.5558233261108398,modal,cuda,QKI:HepG2
BCLAF1,HepG2,chr7:96171509:A:T,1,2,-1.0576233863830566,modal,cuda,QKI:HepG2
BCLAF1,HepG2,chr7:96208849:G:A,1,2,-0.7786648273468018,modal,cuda,QKI:HepG2
BCLAF1,HepG2,chr7:97852323:C:T,1,2,-1.272139072418213,modal,cuda,QKI:HepG2
BCLAF1,HepG2,chr7:97852335:C:T,1,2,-2.0479471683502197,modal,cuda,QKI:HepG2
BCLAF1,HepG2,chr7:97852350:C:T,1,2,-0.966331958770752,modal,cuda,QKI:HepG2
BCLAF1,HepG2,chr7:97853307:T:A,1,2,0.624208927154541,modal,cuda,QKI:HepG2
BCLAF1,HepG2,chr7:97855390:G:C,1,2,-0.7371220588684082,modal,cuda,QKI:HepG2
BCLAF1,HepG2,chr7:97864352:T:A,1,2,-0.7910013198852539,modal,cuda,QKI:HepG2
BCLAF1,HepG2,chr7:97868944:C:T,1,2,0.6166744232177734,modal,cuda,QKI:HepG2
BCLAF1,HepG2,chr7:97868948:A:T,1,2,-0.9437856674194336,modal,cuda,QKI:HepG2
BCLAF1,HepG2,chr7:97868975:G:A,1,2,1.350581169128418,modal,cuda,QKI:HepG2
BCLAF1,HepG2,chr7:98897877:C:T,0,2,0.6265583038330078,modal,cuda,QKI:HepG2
BCLAF1,HepG2,chr8:116857259:C:T,0,0,0.4984297752380371,modal,cuda,QKI:HepG2
BCLAF1,HepG2,chr8:125151154:A:G,0,0,-0.44104528427124023,modal,cuda,QKI:HepG2
BCLAF1,HepG2,chr8:125182215:T:G,0,0,0.40144968032836914,modal,cuda,QKI:HepG2
BCLAF1,HepG2,chr8:125182232:C:T,1,0,0.7741978168487549,modal,cuda,QKI:HepG2
BCLAF1,HepG2,chr8:13102772:T:C,0,0,-0.6750013828277588,modal,cuda,QKI:HepG2
BCLAF1,HepG2,chr8:13102826:C:T,0,0,0.49504780769348145,modal,cuda,QKI:HepG2
BCLAF1,HepG2,chr8:140572797:T:C,0,0,-0.9637279510498047,modal,cuda,QKI:HepG2
BCLAF1,HepG2,chr8:140800487:C:T,0,0,0.3187541961669922,modal,cuda,QKI:HepG2
BCLAF1,HepG2,chr8:140800505:C:A,0,0,0.2799959182739258,modal,cuda,QKI:HepG2
BCLAF1,HepG2,chr8:140830475:G:A,0,0,-0.44645071029663086,modal,cuda,QKI:HepG2
BCLAF1,HepG2,chr8:140890755:G:A,0,0,-0.7223423719406128,modal,cuda,QKI:HepG2
BCLAF1,HepG2,chr8:17280178:G:A,0,0,0.5201380252838135,modal,cuda,QKI:HepG2
BCLAF1,HepG2,chr8:17286321:G:C,0,0,-0.27353811264038086,modal,cuda,QKI:HepG2
BCLAF1,HepG2,chr8:17684551:C:T,0,0,0.3360741138458252,modal,cuda,QKI:HepG2
BCLAF1,HepG2,chr8:17754555:A:C,0,0,-0.4470479488372803,modal,cuda,QKI:HepG2
BCLAF1,HepG2,chr8:17754836:T:A,0,0,0.5005359649658203,modal,cuda,QKI:HepG2
BCLAF1,HepG2,chr8:17953081:G:A,0,0,0.32209205627441406,modal,cuda,QKI:HepG2
BCLAF1,HepG2,chr8:17957260:C:G,0,0,-0.3553997278213501,modal,cuda,QKI:HepG2
BCLAF1,HepG2,chr8:17957605:G:A,0,0,0.18892604112625122,modal,cuda,QKI:HepG2
BCLAF1,HepG2,chr8:17960417:A:G,0,0,0.14492583274841309,modal,cuda,QKI:HepG2
BCLAF1,HepG2,chr8:17964628:C:T,0,0,0.2548242211341858,modal,cuda,QKI:HepG2
BCLAF1,HepG2,chr8:17989909:A:G,0,0,-0.3461480140686035,modal,cuda,QKI:HepG2
BCLAF1,HepG2,chr8:18011284:G:C,0,0,-0.18308639526367188,modal,cuda,QKI:HepG2
BCLAF1,HepG2,chr8:18011290:T:C,0,0,0.4365708827972412,modal,cuda,QKI:HepG2
BCLAF1,HepG2,chr8:18069771:G:T,0,0,-0.4302046298980713,modal,cuda,QKI:HepG2
BCLAF1,HepG2,chr8:18069785:C:T,0,0,-0.1789555549621582,modal,cuda,QKI:HepG2
BCLAF1,HepG2,chr8:18069805:A:T,1,0,-0.08930301666259766,modal,cuda,QKI:HepG2
BCLAF1,HepG2,chr8:18069812:G:A,1,0,0.15518593788146973,modal,cuda,QKI:HepG2
BCLAF1,HepG2,chr8:18069818:T:C,0,0,-0.2162797451019287,modal,cuda,QKI:HepG2
BCLAF1,HepG2,chr8:27606346:C:G,0,0,0.6073155403137207,modal,cuda,QKI:HepG2
BCLAF1,HepG2,chr8:27606389:C:T,0,0,0.3141930103302002,modal,cuda,QKI:HepG2
BCLAF1,HepG2,chr8:27609061:G:A,0,0,-0.10129475593566895,modal,cuda,QKI:HepG2
BCLAF1,HepG2,chr8:31088887:C:A,0,0,0.5341753959655762,modal,cuda,QKI:HepG2
BCLAF1,HepG2,chr8:38234507:C:T,1,0,-0.4532179832458496,modal,cuda,QKI:HepG2
BCLAF1,HepG2,chr8:38234517:G:A,1,0,-0.28490257263183594,modal,cuda,QKI:HepG2
BCLAF1,HepG2,chr8:38251915:A:G,0,0,0.7356846332550049,modal,cuda,QKI:HepG2
BCLAF1,HepG2,chr8:38252697:T:C,0,0,-0.10146427154541016,modal,cuda,QKI:HepG2
BCLAF1,HepG2,chr8:38253113:C:G,1,0,-0.49365854263305664,modal,cuda,QKI:HepG2
BCLAF1,HepG2,chr8:39021671:C:T,0,0,-0.5939798355102539,modal,cuda,QKI:HepG2
BCLAF1,HepG2,chr8:39021705:C:A,1,0,-3.2535834312438965,modal,cuda,QKI:HepG2
BCLAF1,HepG2,chr8:39042004:A:T,1,0,-1.1429002285003662,modal,cuda,QKI:HepG2
BCLAF1,HepG2,chr8:39042033:A:G,0,0,-0.24784409999847412,modal,cuda,QKI:HepG2
BCLAF1,HepG2,chr8:39055696:C:T,0,0,-0.1425027847290039,modal,cuda,QKI:HepG2
BCLAF1,HepG2,chr8:39077258:G:A,0,0,0.6007111072540283,modal,cuda,QKI:HepG2
BCLAF1,HepG2,chr8:39077332:G:A,1,0,0.662339448928833,modal,cuda,QKI:HepG2
BCLAF1,HepG2,chr8:39082973:T:A,1,0,-0.2487325668334961,modal,cuda,QKI:HepG2
BCLAF1,HepG2,chr8:39083025:G:T,1,0,0.39600253105163574,modal,cuda,QKI:HepG2
BCLAF1,HepG2,chr8:41941447:G:C,1,0,0.5233676433563232,modal,cuda,QKI:HepG2
BCLAF1,HepG2,chr8:42316223:C:T,1,0,-0.8897454738616943,modal,cuda,QKI:HepG2
BCLAF1,HepG2,chr8:42316265:C:T,1,0,-1.0239076614379883,modal,cuda,QKI:HepG2
BCLAF1,HepG2,chr8:42316288:G:A,0,0,-0.16475963592529297,modal,cuda,QKI:HepG2
BCLAF1,HepG2,chr8:42330914:G:A,0,0,0.07272511720657349,modal,cuda,QKI:HepG2
BCLAF1,HepG2,chr8:47407898:C:T,1,0,-0.5953989028930664,modal,cuda,QKI:HepG2
BCLAF1,HepG2,chr8:47407923:G:A,1,0,-0.281156063079834,modal,cuda,QKI:HepG2
BCLAF1,HepG2,chr8:47700499:G:A,0,0,0.09205394983291626,modal,cuda,QKI:HepG2
BCLAF1,HepG2,chr8:47912405:C:G,0,0,0.366973876953125,modal,cuda,QKI:HepG2
BCLAF1,HepG2,chr8:60781216:G:T,1,0,-1.63075590133667,modal,cuda,QKI:HepG2
BCLAF1,HepG2,chr8:60781232:C:A,1,0,-3.1910691261291504,modal,cuda,QKI:HepG2
BCLAF1,HepG2,chr8:60808277:G:A,1,0,0.3315863609313965,modal,cuda,QKI:HepG2
BCLAF1,HepG2,chr8:60808284:G:T,0,0,-0.8012276887893677,modal,cuda,QKI:HepG2
BCLAF1,HepG2,chr8:60820036:T:A,1,0,-0.5046870708465576,modal,cuda,QKI:HepG2
BCLAF1,HepG2,chr8:60820036:T:G,1,0,-0.5751698017120361,modal,cuda,QKI:HepG2
BCLAF1,HepG2,chr8:60820055:A:G,0,0,0.13348154723644257,modal,cuda,QKI:HepG2
BCLAF1,HepG2,chr8:60820063:T:C,0,0,0.4462273120880127,modal,cuda,QKI:HepG2
BCLAF1,HepG2,chr8:60822062:T:A,0,0,0.0664060115814209,modal,cuda,QKI:HepG2
BCLAF1,HepG2,chr8:60822096:G:T,1,0,1.0709973573684692,modal,cuda,QKI:HepG2
BCLAF1,HepG2,chr8:60822104:G:A,0,0,-0.2714273929595947,modal,cuda,QKI:HepG2
BCLAF1,HepG2,chr8:60822121:G:A,1,0,-0.13999652862548828,modal,cuda,QKI:HepG2
BCLAF1,HepG2,chr8:60822127:T:C,1,0,-0.4872417449951172,modal,cuda,QKI:HepG2
BCLAF1,HepG2,chr8:60822136:G:A,1,0,-0.3349738121032715,modal,cuda,QKI:HepG2
BCLAF1,HepG2,chr8:60822137:G:A,1,0,0.3267561197280884,modal,cuda,QKI:HepG2
BCLAF1,HepG2,chr8:60822147:T:C,1,0,-0.509890079498291,modal,cuda,QKI:HepG2
BCLAF1,HepG2,chr8:60822147:T:G,1,0,-0.35234975814819336,modal,cuda,QKI:HepG2
BCLAF1,HepG2,chr8:60822150:G:A,1,0,0.20764374732971191,modal,cuda,QKI:HepG2
BCLAF1,HepG2,chr8:60822767:T:G,0,0,-0.3098468780517578,modal,cuda,QKI:HepG2
BCLAF1,HepG2,chr8:60823839:G:A,1,0,0.4191955029964447,modal,cuda,QKI:HepG2
BCLAF1,HepG2,chr8:60823843:C:T,1,0,-0.198119655251503,modal,cuda,QKI:HepG2
BCLAF1,HepG2,chr8:60823911:T:A,1,0,-0.7170282602310181,modal,cuda,QKI:HepG2
BCLAF1,HepG2,chr8:60830440:A:C,1,0,-0.5102266073226929,modal,cuda,QKI:HepG2
BCLAF1,HepG2,chr8:60830440:A:G,1,0,0.29889607429504395,modal,cuda,QKI:HepG2
BCLAF1,HepG2,chr8:60830450:T:C,0,0,0.7423771619796753,modal,cuda,QKI:HepG2
BCLAF1,HepG2,chr8:60830454:C:T,1,0,-1.1839373111724854,modal,cuda,QKI:HepG2
BCLAF1,HepG2,chr8:60830494:G:A,0,0,1.064889907836914,modal,cuda,QKI:HepG2
BCLAF1,HepG2,chr8:60830495:C:T,0,0,0.21960820257663727,modal,cuda,QKI:HepG2
BCLAF1,HepG2,chr8:60830496:G:A,0,0,0.351551353931427,modal,cuda,QKI:HepG2
BCLAF1,HepG2,chr8:60830567:C:G,1,0,-0.935110330581665,modal,cuda,QKI:HepG2
BCLAF1,HepG2,chr8:60830569:T:G,1,0,-0.744419276714325,modal,cuda,QKI:HepG2
BCLAF1,HepG2,chr8:60836128:A:G,0,0,0.45684731006622314,modal,cuda,QKI:HepG2
BCLAF1,HepG2,chr8:60836141:C:T,1,0,-0.25695109367370605,modal,cuda,QKI:HepG2
BCLAF1,HepG2,chr8:60836153:C:T,1,0,-0.7368640899658203,modal,cuda,QKI:HepG2
BCLAF1,HepG2,chr8:60836175:T:C,1,0,0.1788346767425537,modal,cuda,QKI:HepG2
BCLAF1,HepG2,chr8:60837666:A:G,1,0,-0.1053004264831543,modal,cuda,QKI:HepG2
BCLAF1,HepG2,chr8:60837671:C:T,1,0,-0.23857593536376953,modal,cuda,QKI:HepG2
BCLAF1,HepG2,chr8:60837695:C:T,1,0,-0.23825359344482422,modal,cuda,QKI:HepG2
BCLAF1,HepG2,chr8:60837800:C:T,1,0,-0.6241786479949951,modal,cuda,QKI:HepG2
BCLAF1,HepG2,chr8:60837806:A:G,0,0,-0.16878032684326172,modal,cuda,QKI:HepG2
BCLAF1,HepG2,chr8:60837818:G:T,1,0,0.4723396301269531,modal,cuda,QKI:HepG2
BCLAF1,HepG2,chr8:60837823:T:C,0,0,-0.38449525833129883,modal,cuda,QKI:HepG2
BCLAF1,HepG2,chr8:60837827:A:G,0,0,-0.32794189453125,modal,cuda,QKI:HepG2
BCLAF1,HepG2,chr8:60837836:G:A,1,0,0.1215353012084961,modal,cuda,QKI:HepG2
BCLAF1,HepG2,chr8:60837836:G:T,1,0,0.289121150970459,modal,cuda,QKI:HepG2
BCLAF1,HepG2,chr8:60838075:G:A,1,0,-0.33086442947387695,modal,cuda,QKI:HepG2
BCLAF1,HepG2,chr8:60838082:C:T,1,0,0.633303165435791,modal,cuda,QKI:HepG2
BCLAF1,HepG2,chr8:60838097:G:T,1,0,0.9619178771972656,modal,cuda,QKI:HepG2
BCLAF1,HepG2,chr8:60838115:C:T,1,0,0.5124335289001465,modal,cuda,QKI:HepG2
BCLAF1,HepG2,chr8:60838129:T:G,1,0,-1.2532901763916016,modal,cuda,QKI:HepG2
BCLAF1,HepG2,chr8:60838202:C:T,1,0,-0.4828667640686035,modal,cuda,QKI:HepG2
BCLAF1,HepG2,chr8:60838229:G:T,1,0,-0.2882406711578369,modal,cuda,QKI:HepG2
BCLAF1,HepG2,chr8:60838237:A:G,0,0,-0.43275952339172363,modal,cuda,QKI:HepG2
BCLAF1,HepG2,chr8:60838256:G:A,1,0,0.3920600414276123,modal,cuda,QKI:HepG2
BCLAF1,HepG2,chr8:60841845:A:G,1,0,-0.09956121444702148,modal,cuda,QKI:HepG2
BCLAF1,HepG2,chr8:60841846:G:A,1,0,-0.7745776176452637,modal,cuda,QKI:HepG2
BCLAF1,HepG2,chr8:60841858:T:C,0,0,0.443528413772583,modal,cuda,QKI:HepG2
BCLAF1,HepG2,chr8:60852496:A:T,1,0,1.148280143737793,modal,cuda,QKI:HepG2
BCLAF1,HepG2,chr8:60852497:G:A,1,0,-0.4652470350265503,modal,cuda,QKI:HepG2
BCLAF1,HepG2,chr8:60852497:G:C,1,0,-0.758223295211792,modal,cuda,QKI:HepG2
BCLAF1,HepG2,chr8:60852500:G:A,1,0,0.4724423885345459,modal,cuda,QKI:HepG2
BCLAF1,HepG2,chr8:60852501:G:A,1,0,0.21132349967956543,modal,cuda,QKI:HepG2
BCLAF1,HepG2,chr8:60852571:C:T,1,0,-0.596528947353363,modal,cuda,QKI:HepG2
BCLAF1,HepG2,chr8:60852574:C:T,1,0,-0.3761315941810608,modal,cuda,QKI:HepG2
BCLAF1,HepG2,chr8:60852588:C:T,0,0,0.4468085765838623,modal,cuda,QKI:HepG2
BCLAF1,HepG2,chr8:60853395:G:A,0,0,0.2317953109741211,modal,cuda,QKI:HepG2
BCLAF1,HepG2,chr8:60853397:C:T,0,0,-0.11961698532104492,modal,cuda,QKI:HepG2
BCLAF1,HepG2,chr8:60853402:A:G,0,0,-0.21801459789276123,modal,cuda,QKI:HepG2
BCLAF1,HepG2,chr8:60853405:C:G,0,0,-0.2635314464569092,modal,cuda,QKI:HepG2
BCLAF1,HepG2,chr8:60853406:T:G,0,0,-0.3661224842071533,modal,cuda,QKI:HepG2
BCLAF1,HepG2,chr8:60853457:G:A,0,0,-0.20293569564819336,modal,cuda,QKI:HepG2
BCLAF1,HepG2,chr8:60853463:G:A,0,0,0.04697000980377197,modal,cuda,QKI:HepG2
BCLAF1,HepG2,chr8:60853501:G:A,1,0,0.6195815801620483,modal,cuda,QKI:HepG2
BCLAF1,HepG2,chr8:60853501:G:T,1,0,0.5075295567512512,modal,cuda,QKI:HepG2
BCLAF1,HepG2,chr8:60854430:T:G,0,0,-0.7748427391052246,modal,cuda,QKI:HepG2
BCLAF1,HepG2,chr8:60854437:C:T,1,0,-0.7007427215576172,modal,cuda,QKI:HepG2
BCLAF1,HepG2,chr8:60854479:C:T,1,0,-0.5090693235397339,modal,cuda,QKI:HepG2
BCLAF1,HepG2,chr8:60854500:T:C,0,0,-0.6453955173492432,modal,cuda,QKI:HepG2
BCLAF1,HepG2,chr8:60854505:C:G,0,0,-0.24891555309295654,modal,cuda,QKI:HepG2
BCLAF1,HepG2,chr8:60854508:C:T,0,0,-0.504357635974884,modal,cuda,QKI:HepG2
BCLAF1,HepG2,chr8:60854510:C:A,1,0,-0.2590596675872803,modal,cuda,QKI:HepG2
BCLAF1,HepG2,chr8:60856721:C:T,1,0,-0.5463838577270508,modal,cuda,QKI:HepG2
BCLAF1,HepG2,chr8:60856726:G:A,0,0,0.20206451416015625,modal,cuda,QKI:HepG2
BCLAF1,HepG2,chr8:60856749:C:T,0,0,-0.1409444808959961,modal,cuda,QKI:HepG2
BCLAF1,HepG2,chr8:60856751:C:T,0,0,-0.29196858406066895,modal,cuda,QKI:HepG2
BCLAF1,HepG2,chr8:60860963:C:T,0,0,0.5367459058761597,modal,cuda,QKI:HepG2
BCLAF1,HepG2,chr8:60860964:A:G,0,0,-0.14030933380126953,modal,cuda,QKI:HepG2
BCLAF1,HepG2,chr8:60860976:G:T,1,0,-1.045724868774414,modal,cuda,QKI:HepG2
BCLAF1,HepG2,chr8:60860978:A:G,0,0,-0.33588337898254395,modal,cuda,QKI:HepG2
BCLAF1,HepG2,chr8:60860979:C:T,1,0,-0.5948257446289062,modal,cuda,QKI:HepG2
BCLAF1,HepG2,chr8:60861009:A:G,0,0,-0.27564120292663574,modal,cuda,QKI:HepG2
BCLAF1,HepG2,chr8:60861058:A:G,1,0,-0.3443479537963867,modal,cuda,QKI:HepG2
BCLAF1,HepG2,chr8:60861076:G:A,1,0,-0.45674586296081543,modal,cuda,QKI:HepG2
BCLAF1,HepG2,chr8:60861092:T:A,0,0,1.9751346111297607,modal,cuda,QKI:HepG2
BCLAF1,HepG2,chr8:60861098:C:A,1,0,2.936107635498047,modal,cuda,QKI:HepG2
BCLAF1,HepG2,chr8:60861119:T:A,1,0,0.4305304288864136,modal,cuda,QKI:HepG2
BCLAF1,HepG2,chr8:60861119:T:G,1,0,-1.0334160327911377,modal,cuda,QKI:HepG2
BCLAF1,HepG2,chr8:61553021:T:C,0,0,-0.7555125951766968,modal,cuda,QKI:HepG2
BCLAF1,HepG2,chr8:61553105:C:A,1,0,-0.278317928314209,modal,cuda,QKI:HepG2
BCLAF1,HepG2,chr8:61555978:A:T,1,0,-0.7858242988586426,modal,cuda,QKI:HepG2
BCLAF1,HepG2,chr8:6409330:C:G,1,0,-0.8426704406738281,modal,cuda,QKI:HepG2
BCLAF1,HepG2,chr8:6444762:C:A,1,0,-0.3410661220550537,modal,cuda,QKI:HepG2
BCLAF1,HepG2,chr8:6444826:G:A,0,0,0.13562273979187012,modal,cuda,QKI:HepG2
BCLAF1,HepG2,chr8:67227254:G:A,1,0,-0.3567699193954468,modal,cuda,QKI:HepG2
BCLAF1,HepG2,chr8:67238412:G:A,1,0,-0.8188817501068115,modal,cuda,QKI:HepG2
BCLAF1,HepG2,chr8:67259847:G:A,1,0,-0.7371046543121338,modal,cuda,QKI:HepG2
BCLAF1,HepG2,chr8:70216728:T:C,0,0,-0.22909852862358093,modal,cuda,QKI:HepG2
BCLAF1,HepG2,chr8:91071196:A:G,0,0,0.3489067554473877,modal,cuda,QKI:HepG2
BCLAF1,HepG2,chr8:94841480:G:A,0,0,0.6127161383628845,modal,cuda,QKI:HepG2
BCLAF1,HepG2,chr8:94876224:T:C,0,0,0.1502070426940918,modal,cuda,QKI:HepG2
BCLAF1,HepG2,chr8:95048547:C:G,1,0,0.6143009662628174,modal,cuda,QKI:HepG2
BCLAF1,HepG2,chr8:96231837:C:T,0,0,-0.6131284236907959,modal,cuda,QKI:HepG2
BCLAF1,HepG2,chr8:96233140:C:G,0,0,0.37133264541625977,modal,cuda,QKI:HepG2
BCLAF1,HepG2,chr8:96785338:T:C,0,0,-0.194810152053833,modal,cuda,QKI:HepG2
BCLAF1,HepG2,chr8:99013850:T:G,1,0,-0.2755856513977051,modal,cuda,QKI:HepG2
BCLAF1,HepG2,chr8:99013930:G:T,1,0,-0.46371233463287354,modal,cuda,QKI:HepG2
BCLAF1,HepG2,chr8:99013933:C:T,1,0,0.3722529411315918,modal,cuda,QKI:HepG2
BCLAF1,HepG2,chr8:99038429:A:T,1,0,0.4047790765762329,modal,cuda,QKI:HepG2
BCLAF1,HepG2,chr8:99038453:G:T,1,0,-0.45212340354919434,modal,cuda,QKI:HepG2
BCLAF1,HepG2,chr8:99111181:G:T,1,0,0.23638057708740234,modal,cuda,QKI:HepG2
BCLAF1,HepG2,chr8:99111243:T:G,1,0,0.571298360824585,modal,cuda,QKI:HepG2
BCLAF1,HepG2,chr8:99121218:C:T,1,0,-0.6419188976287842,modal,cuda,QKI:HepG2
BCLAF1,HepG2,chr8:99121273:G:A,1,0,0.4600217342376709,modal,cuda,QKI:HepG2
BCLAF1,HepG2,chr8:99121282:G:A,1,0,0.3642047643661499,modal,cuda,QKI:HepG2
BCLAF1,HepG2,chr8:99121389:A:T,1,0,-0.20234131813049316,modal,cuda,QKI:HepG2
BCLAF1,HepG2,chr8:99170035:T:G,0,0,-0.38899558782577515,modal,cuda,QKI:HepG2
BCLAF1,HepG2,chr8:99384331:A:T,0,0,-1.5253283977508545,modal,cuda,QKI:HepG2
BCLAF1,HepG2,chr8:99442390:T:C,0,0,0.490358829498291,modal,cuda,QKI:HepG2
BCLAF1,HepG2,chr9:100229650:G:A,0,4,0.2888169288635254,modal,cuda,QKI:HepG2
BCLAF1,HepG2,chr9:100229676:G:A,1,4,-2.00327730178833,modal,cuda,QKI:HepG2
BCLAF1,HepG2,chr9:100252989:C:A,1,4,0.8209152221679688,modal,cuda,QKI:HepG2
BCLAF1,HepG2,chr9:100253026:C:T,1,4,0.687549352645874,modal,cuda,QKI:HepG2
BCLAF1,HepG2,chr9:100253085:C:A,1,4,-0.5169734954833984,modal,cuda,QKI:HepG2
BCLAF1,HepG2,chr9:100264822:G:T,1,4,0.5287469029426575,modal,cuda,QKI:HepG2
BCLAF1,HepG2,chr9:100264841:G:A,1,4,-0.7318432331085205,modal,cuda,QKI:HepG2
BCLAF1,HepG2,chr9:100264860:C:G,1,4,-0.9596900939941406,modal,cuda,QKI:HepG2
BCLAF1,HepG2,chr9:100273009:A:T,1,4,-0.4781327247619629,modal,cuda,QKI:HepG2
BCLAF1,HepG2,chr9:100273018:C:T,1,4,-0.6623742580413818,modal,cuda,QKI:HepG2
BCLAF1,HepG2,chr9:104786285:T:C,0,4,-0.5211215019226074,modal,cuda,QKI:HepG2
BCLAF1,HepG2,chr9:104787913:T:C,0,4,-0.822955846786499,modal,cuda,QKI:HepG2
BCLAF1,HepG2,chr9:104802047:A:G,0,4,-0.3506917953491211,modal,cuda,QKI:HepG2
BCLAF1,HepG2,chr9:104845460:G:A,0,4,-0.6020731925964355,modal,cuda,QKI:HepG2
BCLAF1,HepG2,chr9:105356390:T:C,0,4,-0.7108039855957031,modal,cuda,QKI:HepG2
BCLAF1,HepG2,chr9:105472013:A:G,0,4,0.7265918254852295,modal,cuda,QKI:HepG2
BCLAF1,HepG2,chr9:108912460:A:C,1,4,-0.5145645141601562,modal,cuda,QKI:HepG2
BCLAF1,HepG2,chr9:108926548:C:T,0,4,0.26578211784362793,modal,cuda,QKI:HepG2
BCLAF1,HepG2,chr9:112405714:A:T,0,4,0.21945667266845703,modal,cuda,QKI:HepG2
BCLAF1,HepG2,chr9:112409029:T:C,0,4,-0.08663851022720337,modal,cuda,QKI:HepG2
BCLAF1,HepG2,chr9:113278969:A:G,0,4,-0.36848628520965576,modal,cuda,QKI:HepG2
BCLAF1,HepG2,chr9:113279036:T:C,0,4,-0.4660501480102539,modal,cuda,QKI:HepG2
BCLAF1,HepG2,chr9:114206232:C:T,0,4,0.13242626190185547,modal,cuda,QKI:HepG2
BCLAF1,HepG2,chr9:114222282:G:T,0,4,0.2155669629573822,modal,cuda,QKI:HepG2
BCLAF1,HepG2,chr9:114236963:G:C,0,4,0.30339479446411133,modal,cuda,QKI:HepG2
BCLAF1,HepG2,chr9:114240286:C:T,0,4,-0.20977643132209778,modal,cuda,QKI:HepG2
BCLAF1,HepG2,chr9:114250612:T:C,0,4,0.10070642828941345,modal,cuda,QKI:HepG2
BCLAF1,HepG2,chr9:114264906:G:A,0,4,-0.1865854263305664,modal,cuda,QKI:HepG2
BCLAF1,HepG2,chr9:114275787:T:A,0,4,-0.3513369560241699,modal,cuda,QKI:HepG2
BCLAF1,HepG2,chr9:114282258:G:T,0,4,-0.43593281507492065,modal,cuda,QKI:HepG2
BCLAF1,HepG2,chr9:114288530:C:G,0,4,-0.13562220335006714,modal,cuda,QKI:HepG2
BCLAF1,HepG2,chr9:114290935:A:G,0,4,0.49782752990722656,modal,cuda,QKI:HepG2
BCLAF1,HepG2,chr9:114300704:C:T,0,4,-0.23859524726867676,modal,cuda,QKI:HepG2
BCLAF1,HepG2,chr9:120409173:G:A,1,4,-1.8126022815704346,modal,cuda,QKI:HepG2
BCLAF1,HepG2,chr9:120409185:C:A,1,4,-1.188389539718628,modal,cuda,QKI:HepG2
BCLAF1,HepG2,chr9:120415028:G:T,0,4,-0.39362406730651855,modal,cuda,QKI:HepG2
BCLAF1,HepG2,chr9:120470214:G:C,1,4,-0.5933423042297363,modal,cuda,QKI:HepG2
BCLAF1,HepG2,chr9:120477335:G:C,0,4,-0.2979218363761902,modal,cuda,QKI:HepG2
BCLAF1,HepG2,chr9:120527932:T:C,0,4,0.41643452644348145,modal,cuda,QKI:HepG2
BCLAF1,HepG2,chr9:120530076:C:A,1,4,0.1814061999320984,modal,cuda,QKI:HepG2
BCLAF1,HepG2,chr9:120530103:C:A,1,4,-0.30873870849609375,modal,cuda,QKI:HepG2
BCLAF1,HepG2,chr9:120545742:C:A,1,4,-0.7299041748046875,modal,cuda,QKI:HepG2
BCLAF1,HepG2,chr9:120545794:C:T,0,4,0.5804727077484131,modal,cuda,QKI:HepG2
BCLAF1,HepG2,chr9:120550848:G:A,1,4,0.4429764747619629,modal,cuda,QKI:HepG2
BCLAF1,HepG2,chr9:120550852:A:T,1,4,-2.7069783210754395,modal,cuda,QKI:HepG2
BCLAF1,HepG2,chr9:124890381:G:C,0,4,-0.34783855080604553,modal,cuda,QKI:HepG2
BCLAF1,HepG2,chr9:125307821:A:G,0,4,-0.23185443878173828,modal,cuda,QKI:HepG2
BCLAF1,HepG2,chr9:125312528:T:C,0,4,-0.30104494094848633,modal,cuda,QKI:HepG2
BCLAF1,HepG2,chr9:128576976:T:C,0,4,0.19447721540927887,modal,cuda,QKI:HepG2
BCLAF1,HepG2,chr9:128584269:T:G,0,4,-0.37416720390319824,modal,cuda,QKI:HepG2
BCLAF1,HepG2,chr9:128632559:C:T,0,4,-0.5435850620269775,modal,cuda,QKI:HepG2
BCLAF1,HepG2,chr9:128693624:C:T,0,4,0.49707770347595215,modal,cuda,QKI:HepG2
BCLAF1,HepG2,chr9:130703746:G:A,0,4,0.4106333255767822,modal,cuda,QKI:HepG2
BCLAF1,HepG2,chr9:130703765:G:A,0,4,0.38823217153549194,modal,cuda,QKI:HepG2
BCLAF1,HepG2,chr9:131475071:C:T,0,4,-0.14740106463432312,modal,cuda,QKI:HepG2
BCLAF1,HepG2,chr9:132300611:T:C,0,4,-1.0089914798736572,modal,cuda,QKI:HepG2
BCLAF1,HepG2,chr9:132901615:G:A,0,4,-0.2769778370857239,modal,cuda,QKI:HepG2
BCLAF1,HepG2,chr9:132901697:C:G,0,4,0.3293147087097168,modal,cuda,QKI:HepG2
BCLAF1,HepG2,chr9:132902771:A:C,1,4,-0.5818989276885986,modal,cuda,QKI:HepG2
BCLAF1,HepG2,chr9:132921343:T:C,0,4,-0.717069149017334,modal,cuda,QKI:HepG2
BCLAF1,HepG2,chr9:132921362:C:G,1,4,-0.4658195972442627,modal,cuda,QKI:HepG2
BCLAF1,HepG2,chr9:132921362:C:T,1,4,-0.383195161819458,modal,cuda,QKI:HepG2
BCLAF1,HepG2,chr9:132921427:C:A,1,4,0.6775696277618408,modal,cuda,QKI:HepG2
BCLAF1,HepG2,chr9:132923368:G:C,1,4,0.22686171531677246,modal,cuda,QKI:HepG2
BCLAF1,HepG2,chr9:132923379:G:C,0,4,-0.32028928399086,modal,cuda,QKI:HepG2
BCLAF1,HepG2,chr9:14792814:C:A,1,4,0.565964937210083,modal,cuda,QKI:HepG2
BCLAF1,HepG2,chr9:14792894:G:C,0,4,-0.45647239685058594,modal,cuda,QKI:HepG2
BCLAF1,HepG2,chr9:14797518:A:T,0,4,-0.3360881805419922,modal,cuda,QKI:HepG2
BCLAF1,HepG2,chr9:14797629:C:T,0,4,0.24840545654296875,modal,cuda,QKI:HepG2
BCLAF1,HepG2,chr9:14801771:C:T,0,4,0.2557802200317383,modal,cuda,QKI:HepG2
BCLAF1,HepG2,chr9:14804945:A:G,0,4,-0.2687525749206543,modal,cuda,QKI:HepG2
BCLAF1,HepG2,chr9:14804988:C:A,1,4,-0.7503411769866943,modal,cuda,QKI:HepG2
BCLAF1,HepG2,chr9:14806646:G:A,0,4,-0.44472622871398926,modal,cuda,QKI:HepG2
BCLAF1,HepG2,chr9:14813074:G:A,0,4,0.724736213684082,modal,cuda,QKI:HepG2
BCLAF1,HepG2,chr9:14816817:G:A,0,4,-0.31830430030822754,modal,cuda,QKI:HepG2
BCLAF1,HepG2,chr9:14823220:A:G,0,4,0.5897066593170166,modal,cuda,QKI:HepG2
BCLAF1,HepG2,chr9:14823223:G:T,0,4,0.4626352787017822,modal,cuda,QKI:HepG2
BCLAF1,HepG2,chr9:14824090:T:C,0,4,-0.8524124622344971,modal,cuda,QKI:HepG2
BCLAF1,HepG2,chr9:14841537:A:G,0,4,1.0051088333129883,modal,cuda,QKI:HepG2
BCLAF1,HepG2,chr9:14851596:C:T,0,4,0.27785158157348633,modal,cuda,QKI:HepG2
BCLAF1,HepG2,chr9:14851619:T:C,0,4,-0.3644828796386719,modal,cuda,QKI:HepG2
BCLAF1,HepG2,chr9:14859358:T:C,0,4,1.2059378623962402,modal,cuda,QKI:HepG2
BCLAF1,HepG2,chr9:14863865:A:G,0,4,-0.09964513778686523,modal,cuda,QKI:HepG2
BCLAF1,HepG2,chr9:19376395:A:G,0,4,-0.3102816939353943,modal,cuda,QKI:HepG2
BCLAF1,HepG2,chr9:21818012:C:T,0,4,2.031816244125366,modal,cuda,QKI:HepG2
BCLAF1,HepG2,chr9:26919291:A:T,0,4,0.4314706325531006,modal,cuda,QKI:HepG2
BCLAF1,HepG2,chr9:27562354:T:C,0,4,-0.7933578491210938,modal,cuda,QKI:HepG2
BCLAF1,HepG2,chr9:35295883:C:A,0,4,-0.11550378799438477,modal,cuda,QKI:HepG2
BCLAF1,HepG2,chr9:36204081:G:A,0,4,0.4098358154296875,modal,cuda,QKI:HepG2
BCLAF1,HepG2,chr9:36246472:G:A,1,4,0.49538588523864746,modal,cuda,QKI:HepG2
BCLAF1,HepG2,chr9:5077517:T:C,0,4,-0.20999526977539062,modal,cuda,QKI:HepG2
BCLAF1,HepG2,chr9:5732483:T:C,0,4,0.6054468154907227,modal,cuda,QKI:HepG2
BCLAF1,HepG2,chr9:6849518:A:G,0,4,-0.38135290145874023,modal,cuda,QKI:HepG2
BCLAF1,HepG2,chr9:6888034:T:C,0,4,0.5722339153289795,modal,cuda,QKI:HepG2
BCLAF1,HepG2,chr9:69216482:T:C,0,4,-0.33657360076904297,modal,cuda,QKI:HepG2
BCLAF1,HepG2,chr9:69237989:T:G,0,4,-0.3520536422729492,modal,cuda,QKI:HepG2
BCLAF1,HepG2,chr9:69238803:T:A,0,4,0.8948121070861816,modal,cuda,QKI:HepG2
BCLAF1,HepG2,chr9:69246793:A:G,1,4,-0.6445286273956299,modal,cuda,QKI:HepG2
BCLAF1,HepG2,chr9:69248011:G:T,1,4,1.7159092426300049,modal,cuda,QKI:HepG2
BCLAF1,HepG2,chr9:69248059:C:T,0,4,1.4952044486999512,modal,cuda,QKI:HepG2
BCLAF1,HepG2,chr9:69248071:G:A,0,4,0.10100722312927246,modal,cuda,QKI:HepG2
BCLAF1,HepG2,chr9:7013874:C:T,0,4,0.21430444717407227,modal,cuda,QKI:HepG2
BCLAF1,HepG2,chr9:710961:G:A,0,4,0.30716609954833984,modal,cuda,QKI:HepG2
BCLAF1,HepG2,chr9:712060:G:C,0,4,0.4410051703453064,modal,cuda,QKI:HepG2
BCLAF1,HepG2,chr9:712066:A:C,0,4,0.5132884979248047,modal,cuda,QKI:HepG2
BCLAF1,HepG2,chr9:712119:T:C,0,4,0.20193231105804443,modal,cuda,QKI:HepG2
BCLAF1,HepG2,chr9:712137:G:C,0,4,0.4212665557861328,modal,cuda,QKI:HepG2
BCLAF1,HepG2,chr9:712156:T:G,0,4,-0.4387335181236267,modal,cuda,QKI:HepG2
BCLAF1,HepG2,chr9:712599:C:T,0,4,0.291400671005249,modal,cuda,QKI:HepG2
BCLAF1,HepG2,chr9:71734841:C:T,1,4,0.9170842170715332,modal,cuda,QKI:HepG2
BCLAF1,HepG2,chr9:730054:A:G,0,4,-0.6835892200469971,modal,cuda,QKI:HepG2
BCLAF1,HepG2,chr9:732536:T:C,0,4,-0.4226973354816437,modal,cuda,QKI:HepG2
BCLAF1,HepG2,chr9:77220261:A:C,0,4,0.31530606746673584,modal,cuda,QKI:HepG2
BCLAF1,HepG2,chr9:77227498:C:A,0,4,2.093961715698242,modal,cuda,QKI:HepG2
BCLAF1,HepG2,chr9:77252372:T:C,0,4,0.38125383853912354,modal,cuda,QKI:HepG2
BCLAF1,HepG2,chr9:77283393:C:T,1,4,1.1817970275878906,modal,cuda,QKI:HepG2
BCLAF1,HepG2,chr9:77283420:C:T,1,4,0.757631778717041,modal,cuda,QKI:HepG2
BCLAF1,HepG2,chr9:77283468:G:T,1,4,1.2544224262237549,modal,cuda,QKI:HepG2
BCLAF1,HepG2,chr9:77368037:T:C,0,4,-1.0255424976348877,modal,cuda,QKI:HepG2
BCLAF1,HepG2,chr9:83976988:T:C,0,4,0.7071642875671387,modal,cuda,QKI:HepG2
BCLAF1,HepG2,chr9:83977684:T:C,0,4,-0.5798788070678711,modal,cuda,QKI:HepG2
BCLAF1,HepG2,chr9:85942286:G:A,0,4,0.4446704387664795,modal,cuda,QKI:HepG2
BCLAF1,HepG2,chr9:85942296:T:C,0,4,0.4317169189453125,modal,cuda,QKI:HepG2
BCLAF1,HepG2,chr9:86346438:G:A,0,4,-0.23616266250610352,modal,cuda,QKI:HepG2
BCLAF1,HepG2,chr9:87643366:T:A,0,4,-0.04744434356689453,modal,cuda,QKI:HepG2
BCLAF1,HepG2,chr9:89325666:C:T,0,4,0.4689478874206543,modal,cuda,QKI:HepG2
BCLAF1,HepG2,chr9:89348221:A:C,0,4,1.249272346496582,modal,cuda,QKI:HepG2
BCLAF1,HepG2,chr9:91325340:T:G,0,4,1.213226318359375,modal,cuda,QKI:HepG2
BCLAF1,HepG2,chr9:91325406:T:C,1,4,-0.5035476684570312,modal,cuda,QKI:HepG2
BCLAF1,HepG2,chr9:91355976:C:T,0,4,0.5402818918228149,modal,cuda,QKI:HepG2
BCLAF1,HepG2,chr9:92050084:C:T,0,4,-1.551996111869812,modal,cuda,QKI:HepG2
BCLAF1,HepG2,chr9:92247504:A:G,0,4,-0.3213663101196289,modal,cuda,QKI:HepG2
BCLAF1,HepG2,chr9:92253376:G:A,1,4,-0.8514213562011719,modal,cuda,QKI:HepG2
BCLAF1,HepG2,chr9:92253389:A:T,1,4,-0.3706190586090088,modal,cuda,QKI:HepG2
BCLAF1,HepG2,chr9:92258946:C:A,1,4,-1.1592214107513428,modal,cuda,QKI:HepG2
BCLAF1,HepG2,chr9:92260132:G:A,0,4,-0.6874866485595703,modal,cuda,QKI:HepG2
BCLAF1,HepG2,chr9:92265060:C:G,0,4,0.8144738674163818,modal,cuda,QKI:HepG2
BCLAF1,HepG2,chr9:92269899:A:G,0,4,0.3428077697753906,modal,cuda,QKI:HepG2
BCLAF1,HepG2,chr9:92269937:G:A,1,4,-0.9097073078155518,modal,cuda,QKI:HepG2
BCLAF1,HepG2,chr9:92271034:G:A,1,4,-1.132554531097412,modal,cuda,QKI:HepG2
BCLAF1,HepG2,chr9:92271064:T:C,0,4,0.2684783935546875,modal,cuda,QKI:HepG2
BCLAF1,HepG2,chr9:92274465:T:G,0,4,0.37212300300598145,modal,cuda,QKI:HepG2
BCLAF1,HepG2,chr9:92274466:T:C,0,4,-0.2269291877746582,modal,cuda,QKI:HepG2
BCLAF1,HepG2,chr9:92278187:T:C,0,4,-0.3488752841949463,modal,cuda,QKI:HepG2
BCLAF1,HepG2,chr9:92278272:G:A,1,4,-0.5563421249389648,modal,cuda,QKI:HepG2
BCLAF1,HepG2,chr9:92285779:G:A,0,4,-0.6218180656433105,modal,cuda,QKI:HepG2
BCLAF1,HepG2,chr9:92286592:C:T,1,4,0.32130002975463867,modal,cuda,QKI:HepG2
BCLAF1,HepG2,chr9:92286608:C:T,0,4,-0.17722821235656738,modal,cuda,QKI:HepG2
BCLAF1,HepG2,chr9:92287772:T:C,0,4,-0.34491467475891113,modal,cuda,QKI:HepG2
BCLAF1,HepG2,chr9:94773170:T:G,1,4,-0.930605411529541,modal,cuda,QKI:HepG2
BCLAF1,HepG2,chr9:95881111:C:T,1,4,-1.6740269660949707,modal,cuda,QKI:HepG2
BCLAF1,HepG2,chr9:95916209:C:G,0,4,-0.3402867317199707,modal,cuda,QKI:HepG2
BCLAF1,HepG2,chr9:95916336:C:T,1,4,-0.921539306640625,modal,cuda,QKI:HepG2
BCLAF1,HepG2,chr9:95921268:C:A,0,4,-0.2863166332244873,modal,cuda,QKI:HepG2
BCLAF1,HepG2,chr9:95928767:C:T,1,4,-1.519068956375122,modal,cuda,QKI:HepG2
BCLAF1,HepG2,chr9:95928833:C:T,1,4,-0.8653254508972168,modal,cuda,QKI:HepG2
BCLAF1,HepG2,chr9:95955996:C:T,1,4,-0.25554728507995605,modal,cuda,QKI:HepG2
BCLAF1,HepG2,chr9:97684977:G:A,1,4,-0.9139807224273682,modal,cuda,QKI:HepG2
BCLAF1,HepG2,chr9:97689575:A:T,1,4,-1.6599479913711548,modal,cuda,QKI:HepG2
BCLAF1,HepG2,chr9:97689592:C:A,1,4,-0.909967303276062,modal,cuda,QKI:HepG2
BCLAF1,HepG2,chr9:97689608:G:T,1,4,-0.3948855400085449,modal,cuda,QKI:HepG2
BCLAF1,HepG2,chrX:106818656:A:G,0,2,-1.2286005020141602,modal,cuda,QKI:HepG2
BCLAF1,HepG2,chrX:106840206:G:A,0,2,-0.40967071056365967,modal,cuda,QKI:HepG2
BCLAF1,HepG2,chrX:108580594:C:A,0,2,-1.180171012878418,modal,cuda,QKI:HepG2
BCLAF1,HepG2,chrX:108580600:G:A,0,2,0.6555147171020508,modal,cuda,QKI:HepG2
BCLAF1,HepG2,chrX:108580673:T:A,1,2,-0.6565207242965698,modal,cuda,QKI:HepG2
BCLAF1,HepG2,chrX:108586754:G:A,0,2,0.3772561550140381,modal,cuda,QKI:HepG2
BCLAF1,HepG2,chrX:108622665:A:G,0,2,-0.658289909362793,modal,cuda,QKI:HepG2
BCLAF1,HepG2,chrX:108680662:T:G,0,2,0.609771728515625,modal,cuda,QKI:HepG2
BCLAF1,HepG2,chrX:111685098:C:T,0,2,0.8046035766601562,modal,cuda,QKI:HepG2
BCLAF1,HepG2,chrX:119931930:G:A,0,2,0.6597943305969238,modal,cuda,QKI:HepG2
BCLAF1,HepG2,chrX:120536921:T:G,0,2,0.26535511016845703,modal,cuda,QKI:HepG2
BCLAF1,HepG2,chrX:120540359:G:A,0,2,0.7302827835083008,modal,cuda,QKI:HepG2
BCLAF1,HepG2,chrX:120542951:C:T,0,2,1.4194507598876953,modal,cuda,QKI:HepG2
BCLAF1,HepG2,chrX:120543052:A:G,0,2,-1.0008997917175293,modal,cuda,QKI:HepG2
BCLAF1,HepG2,chrX:123900474:T:G,0,2,2.4410791397094727,modal,cuda,QKI:HepG2
BCLAF1,HepG2,chrX:123900507:C:T,1,2,-1.967881202697754,modal,cuda,QKI:HepG2
BCLAF1,HepG2,chrX:123900515:T:C,0,2,-0.7247920036315918,modal,cuda,QKI:HepG2
BCLAF1,HepG2,chrX:123900531:A:G,0,2,-0.48380517959594727,modal,cuda,QKI:HepG2
BCLAF1,HepG2,chrX:123900534:C:T,1,2,0.7780380249023438,modal,cuda,QKI:HepG2
BCLAF1,HepG2,chrX:123900587:G:T,0,2,0.2727193832397461,modal,cuda,QKI:HepG2
BCLAF1,HepG2,chrX:123900589:T:G,0,2,-0.8100337982177734,modal,cuda,QKI:HepG2
BCLAF1,HepG2,chrX:123900623:G:A,0,2,0.48327064514160156,modal,cuda,QKI:HepG2
BCLAF1,HepG2,chrX:123900661:A:C,0,2,0.5596499443054199,modal,cuda,QKI:HepG2
BCLAF1,HepG2,chrX:123900692:A:G,0,2,0.5792713165283203,modal,cuda,QKI:HepG2
BCLAF1,HepG2,chrX:123900700:A:G,0,2,0.22688961029052734,modal,cuda,QKI:HepG2
BCLAF1,HepG2,chrX:124030945:C:T,0,2,0.5335869789123535,modal,cuda,QKI:HepG2
BCLAF1,HepG2,chrX:124045161:T:C,0,2,-0.1932072639465332,modal,cuda,QKI:HepG2
BCLAF1,HepG2,chrX:124049088:G:C,0,2,0.6340372562408447,modal,cuda,QKI:HepG2
BCLAF1,HepG2,chrX:124063839:A:G,0,2,-0.6399092674255371,modal,cuda,QKI:HepG2
BCLAF1,HepG2,chrX:124065862:A:T,0,2,2.0393733978271484,modal,cuda,QKI:HepG2
BCLAF1,HepG2,chrX:132054721:C:T,0,2,0.5755891799926758,modal,cuda,QKI:HepG2
BCLAF1,HepG2,chrX:134378116:T:C,0,2,-0.29202938079833984,modal,cuda,QKI:HepG2
BCLAF1,HepG2,chrX:13738877:T:A,1,2,1.7414031028747559,modal,cuda,QKI:HepG2
BCLAF1,HepG2,chrX:13738892:C:T,0,2,-1.0858075618743896,modal,cuda,QKI:HepG2
BCLAF1,HepG2,chrX:13739002:G:C,0,2,-0.21872997283935547,modal,cuda,QKI:HepG2
BCLAF1,HepG2,chrX:13739016:T:A,0,2,0.29051971435546875,modal,cuda,QKI:HepG2
BCLAF1,HepG2,chrX:147921961:C:A,1,2,-1.183046817779541,modal,cuda,QKI:HepG2
BCLAF1,HepG2,chrX:147928736:T:C,0,2,-1.419792652130127,modal,cuda,QKI:HepG2
BCLAF1,HepG2,chrX:147928802:G:A,0,2,-0.3462967872619629,modal,cuda,QKI:HepG2
BCLAF1,HepG2,chrX:147929940:A:G,1,2,0.2816934585571289,modal,cuda,QKI:HepG2
BCLAF1,HepG2,chrX:147929961:G:T,0,2,-0.4838418960571289,modal,cuda,QKI:HepG2
BCLAF1,HepG2,chrX:147936534:T:A,1,2,-0.7185378074645996,modal,cuda,QKI:HepG2
BCLAF1,HepG2,chrX:147936627:C:T,0,2,0.5546512603759766,modal,cuda,QKI:HepG2
BCLAF1,HepG2,chrX:154764985:G:T,0,2,-0.8067505359649658,modal,cuda,QKI:HepG2
BCLAF1,HepG2,chrX:154765450:C:A,1,2,-0.7649154663085938,modal,cuda,QKI:HepG2
BCLAF1,HepG2,chrX:154765465:T:G,1,2,-0.7647624015808105,modal,cuda,QKI:HepG2
BCLAF1,HepG2,chrX:154765472:T:C,1,2,-0.7438201904296875,modal,cuda,QKI:HepG2
BCLAF1,HepG2,chrX:154765478:C:G,1,2,-0.37155580520629883,modal,cuda,QKI:HepG2
BCLAF1,HepG2,chrX:154765497:G:A,0,2,0.8981108665466309,modal,cuda,QKI:HepG2
BCLAF1,HepG2,chrX:154765505:C:T,1,2,-0.14941024780273438,modal,cuda,QKI:HepG2
BCLAF1,HepG2,chrX:154765924:T:G,1,2,0.7959432601928711,modal,cuda,QKI:HepG2
BCLAF1,HepG2,chrX:154765938:A:G,1,2,-1.377877950668335,modal,cuda,QKI:HepG2
BCLAF1,HepG2,chrX:154765942:T:C,0,2,-0.7142252922058105,modal,cuda,QKI:HepG2
BCLAF1,HepG2,chrX:154768445:G:A,0,2,0.5339280366897583,modal,cuda,QKI:HepG2
BCLAF1,HepG2,chrX:154776279:G:A,0,2,0.4646110534667969,modal,cuda,QKI:HepG2
BCLAF1,HepG2,chrX:154776309:C:T,0,2,0.632646918296814,modal,cuda,QKI:HepG2
BCLAF1,HepG2,chrX:154776873:G:A,0,2,1.5327993631362915,modal,cuda,QKI:HepG2
BCLAF1,HepG2,chrX:154776964:A:G,0,2,-0.9078941345214844,modal,cuda,QKI:HepG2
BCLAF1,HepG2,chrX:17749482:C:T,0,2,0.8216919898986816,modal,cuda,QKI:HepG2
BCLAF1,HepG2,chrX:18938605:G:A,0,2,-0.49065661430358887,modal,cuda,QKI:HepG2
BCLAF1,HepG2,chrX:19355671:C:A,0,2,1.255312204360962,modal,cuda,QKI:HepG2
BCLAF1,HepG2,chrX:19355772:C:T,0,2,0.37041544914245605,modal,cuda,QKI:HepG2
BCLAF1,HepG2,chrX:19359466:T:C,0,2,1.1865875720977783,modal,cuda,QKI:HepG2
BCLAF1,HepG2,chrX:19359471:C:T,0,2,0.47718286514282227,modal,cuda,QKI:HepG2
BCLAF1,HepG2,chrX:19359480:A:C,0,2,0.8539490699768066,modal,cuda,QKI:HepG2
BCLAF1,HepG2,chrX:20172741:T:A,0,2,-0.24941349029541016,modal,cuda,QKI:HepG2
BCLAF1,HepG2,chrX:20175298:G:A,0,2,0.9476959705352783,modal,cuda,QKI:HepG2
BCLAF1,HepG2,chrX:20186286:G:A,0,2,0.43689775466918945,modal,cuda,QKI:HepG2
BCLAF1,HepG2,chrX:20186291:C:T,1,2,1.3511581420898438,modal,cuda,QKI:HepG2
BCLAF1,HepG2,chrX:20188479:C:T,0,2,0.34425830841064453,modal,cuda,QKI:HepG2
BCLAF1,HepG2,chrX:20188484:A:G,0,2,-0.40306854248046875,modal,cuda,QKI:HepG2
BCLAF1,HepG2,chrX:20193471:T:C,0,2,1.876382827758789,modal,cuda,QKI:HepG2
BCLAF1,HepG2,chrX:20195052:G:A,0,2,-0.5986143350601196,modal,cuda,QKI:HepG2
BCLAF1,HepG2,chrX:20195053:G:T,0,2,-0.3073878288269043,modal,cuda,QKI:HepG2
BCLAF1,HepG2,chrX:20209418:C:T,0,2,1.0215414762496948,modal,cuda,QKI:HepG2
BCLAF1,HepG2,chrX:20234745:A:G,0,2,0.43169164657592773,modal,cuda,QKI:HepG2
BCLAF1,HepG2,chrX:20234834:C:T,0,2,1.888488531112671,modal,cuda,QKI:HepG2
BCLAF1,HepG2,chrX:23783890:C:T,0,2,0.39767026901245117,modal,cuda,QKI:HepG2
BCLAF1,HepG2,chrX:24210545:T:C,0,2,-0.38440895080566406,modal,cuda,QKI:HepG2
BCLAF1,HepG2,chrX:24727020:T:C,0,2,0.5985021591186523,modal,cuda,QKI:HepG2
BCLAF1,HepG2,chrX:24815046:C:T,0,2,-0.6184810400009155,modal,cuda,QKI:HepG2
BCLAF1,HepG2,chrX:24815125:T:A,0,2,1.4440879821777344,modal,cuda,QKI:HepG2
BCLAF1,HepG2,chrX:30694527:G:A,1,2,-0.25228071212768555,modal,cuda,QKI:HepG2
BCLAF1,HepG2,chrX:30696700:C:A,0,2,0.7263669967651367,modal,cuda,QKI:HepG2
BCLAF1,HepG2,chrX:30700906:G:A,1,2,1.211822509765625,modal,cuda,QKI:HepG2
BCLAF1,HepG2,chrX:30718638:G:T,0,2,-3.159905195236206,modal,cuda,QKI:HepG2
BCLAF1,HepG2,chrX:30720761:T:C,0,2,-0.6834001541137695,modal,cuda,QKI:HepG2
BCLAF1,HepG2,chrX:38276710:A:C,0,2,-0.44798874855041504,modal,cuda,QKI:HepG2
BCLAF1,HepG2,chrX:38317310:T:C,0,2,0.454617977142334,modal,cuda,QKI:HepG2
BCLAF1,HepG2,chrX:38317333:T:A,1,2,-0.8022642135620117,modal,cuda,QKI:HepG2
BCLAF1,HepG2,chrX:38317338:A:C,1,2,1.3272809982299805,modal,cuda,QKI:HepG2
BCLAF1,HepG2,chrX:38317343:C:T,1,2,0.9256188869476318,modal,cuda,QKI:HepG2
BCLAF1,HepG2,chrX:38317354:C:T,1,2,0.8379344940185547,modal,cuda,QKI:HepG2
BCLAF1,HepG2,chrX:38317383:C:A,0,2,-0.842677116394043,modal,cuda,QKI:HepG2
BCLAF1,HepG2,chrX:38317385:G:A,1,2,-1.021031379699707,modal,cuda,QKI:HepG2
BCLAF1,HepG2,chrX:38317441:C:T,1,2,0.8076462745666504,modal,cuda,QKI:HepG2
BCLAF1,HepG2,chrX:38317443:C:T,1,2,1.203634262084961,modal,cuda,QKI:HepG2
BCLAF1,HepG2,chrX:38318829:C:A,1,2,-2.437912702560425,modal,cuda,QKI:HepG2
BCLAF1,HepG2,chrX:38318856:C:G,1,2,-2.139285087585449,modal,cuda,QKI:HepG2
BCLAF1,HepG2,chrX:38318883:C:A,1,2,0.5274286270141602,modal,cuda,QKI:HepG2
BCLAF1,HepG2,chrX:38318904:C:T,0,2,0.8609576225280762,modal,cuda,QKI:HepG2
BCLAF1,HepG2,chrX:41131554:A:G,0,2,-0.25060129165649414,modal,cuda,QKI:HepG2
BCLAF1,HepG2,chrX:41144502:T:C,0,2,-0.8755441308021545,modal,cuda,QKI:HepG2
BCLAF1,HepG2,chrX:41144650:T:C,0,2,-3.6918957233428955,modal,cuda,QKI:HepG2
BCLAF1,HepG2,chrX:41165852:A:G,0,2,0.2705974578857422,modal,cuda,QKI:HepG2
BCLAF1,HepG2,chrX:41165859:A:C,0,2,-0.6770782470703125,modal,cuda,QKI:HepG2
BCLAF1,HepG2,chrX:41188136:C:T,0,2,-1.0467405319213867,modal,cuda,QKI:HepG2
BCLAF1,HepG2,chrX:41229415:G:C,0,2,0.2802572250366211,modal,cuda,QKI:HepG2
BCLAF1,HepG2,chrX:41343788:C:G,1,2,1.3052749633789062,modal,cuda,QKI:HepG2
BCLAF1,HepG2,chrX:41343802:G:T,1,2,-0.8052448034286499,modal,cuda,QKI:HepG2
BCLAF1,HepG2,chrX:41344044:T:G,1,2,-1.0280333757400513,modal,cuda,QKI:HepG2
BCLAF1,HepG2,chrX:41344084:C:G,1,2,-0.36039286851882935,modal,cuda,QKI:HepG2
BCLAF1,HepG2,chrX:41344093:G:T,1,2,0.9179317951202393,modal,cuda,QKI:HepG2
BCLAF1,HepG2,chrX:41344105:C:T,1,2,-0.8576206564903259,modal,cuda,QKI:HepG2
BCLAF1,HepG2,chrX:41344113:C:T,0,2,0.6322436332702637,modal,cuda,QKI:HepG2
BCLAF1,HepG2,chrX:41344126:A:G,1,2,-0.6515007019042969,modal,cuda,QKI:HepG2
BCLAF1,HepG2,chrX:41344126:A:T,1,2,-0.519416093826294,modal,cuda,QKI:HepG2
BCLAF1,HepG2,chrX:41344351:G:A,1,2,0.6690883636474609,modal,cuda,QKI:HepG2
BCLAF1,HepG2,chrX:41344360:A:G,1,2,0.7212033271789551,modal,cuda,QKI:HepG2
BCLAF1,HepG2,chrX:41344423:T:G,0,2,-0.3945748805999756,modal,cuda,QKI:HepG2
BCLAF1,HepG2,chrX:41345245:T:G,1,2,-0.7378840446472168,modal,cuda,QKI:HepG2
BCLAF1,HepG2,chrX:41345250:G:T,1,2,-5.619919776916504,modal,cuda,QKI:HepG2
BCLAF1,HepG2,chrX:41345264:G:T,1,2,0.5526294708251953,modal,cuda,QKI:HepG2
BCLAF1,HepG2,chrX:41345281:G:A,1,2,0.4876213073730469,modal,cuda,QKI:HepG2
BCLAF1,HepG2,chrX:41345298:A:C,1,2,0.1513667106628418,modal,cuda,QKI:HepG2
BCLAF1,HepG2,chrX:41345302:C:G,1,2,-0.38052797317504883,modal,cuda,QKI:HepG2
BCLAF1,HepG2,chrX:41345477:T:C,1,2,0.8493318557739258,modal,cuda,QKI:HepG2
BCLAF1,HepG2,chrX:41345507:C:G,1,2,1.1321277618408203,modal,cuda,QKI:HepG2
BCLAF1,HepG2,chrX:41346361:C:A,1,2,0.5515279769897461,modal,cuda,QKI:HepG2
BCLAF1,HepG2,chrX:41346376:G:C,1,2,-0.9643125534057617,modal,cuda,QKI:HepG2
BCLAF1,HepG2,chrX:41346379:C:A,1,2,-1.019369125366211,modal,cuda,QKI:HepG2
BCLAF1,HepG2,chrX:41346406:C:T,1,2,-0.6250686645507812,modal,cuda,QKI:HepG2
BCLAF1,HepG2,chrX:41346511:G:A,1,2,0.9069151878356934,modal,cuda,QKI:HepG2
BCLAF1,HepG2,chrX:41346518:G:A,1,2,-0.3171505928039551,modal,cuda,QKI:HepG2
BCLAF1,HepG2,chrX:41346527:T:C,1,2,1.0061922073364258,modal,cuda,QKI:HepG2
BCLAF1,HepG2,chrX:41346603:G:A,0,2,0.4631507396697998,modal,cuda,QKI:HepG2
BCLAF1,HepG2,chrX:41346607:C:G,1,2,-0.6149582862854004,modal,cuda,QKI:HepG2
BCLAF1,HepG2,chrX:41346608:G:A,1,2,0.551854133605957,modal,cuda,QKI:HepG2
BCLAF1,HepG2,chrX:41346860:C:T,0,2,-0.4946165084838867,modal,cuda,QKI:HepG2
BCLAF1,HepG2,chrX:41346865:C:T,1,2,-1.4353117942810059,modal,cuda,QKI:HepG2
BCLAF1,HepG2,chrX:41346871:C:G,1,2,-1.275327444076538,modal,cuda,QKI:HepG2
BCLAF1,HepG2,chrX:41346910:T:C,1,2,0.7062358856201172,modal,cuda,QKI:HepG2
BCLAF1,HepG2,chrX:41346936:C:T,1,2,1.3898720741271973,modal,cuda,QKI:HepG2
BCLAF1,HepG2,chrX:41346946:C:T,1,2,-0.5521240234375,modal,cuda,QKI:HepG2
BCLAF1,HepG2,chrX:41347668:T:C,0,2,0.528139591217041,modal,cuda,QKI:HepG2
BCLAF1,HepG2,chrX:45082809:T:G,0,2,1.034679889678955,modal,cuda,QKI:HepG2
BCLAF1,HepG2,chrX:47209915:C:T,0,2,-0.41862934827804565,modal,cuda,QKI:HepG2
BCLAF1,HepG2,chrX:47212866:G:A,0,2,0.34542417526245117,modal,cuda,QKI:HepG2
BCLAF1,HepG2,chrX:47212874:T:A,0,2,-1.0075721740722656,modal,cuda,QKI:HepG2
BCLAF1,HepG2,chrX:48805666:T:C,0,2,0.6377557516098022,modal,cuda,QKI:HepG2
BCLAF1,HepG2,chrX:48824894:A:T,1,2,0.42487633228302,modal,cuda,QKI:HepG2
BCLAF1,HepG2,chrX:49077446:A:C,0,2,-0.49437689781188965,modal,cuda,QKI:HepG2
BCLAF1,HepG2,chrX:53198524:G:A,1,2,0.5485451221466064,modal,cuda,QKI:HepG2
BCLAF1,HepG2,chrX:53198544:T:A,0,2,-0.6692265868186951,modal,cuda,QKI:HepG2
BCLAF1,HepG2,chrX:53198600:A:G,0,2,-0.516477644443512,modal,cuda,QKI:HepG2
BCLAF1,HepG2,chrX:53210516:C:T,0,2,0.8739581108093262,modal,cuda,QKI:HepG2
BCLAF1,HepG2,chrX:53210544:G:C,1,2,-0.6571354866027832,modal,cuda,QKI:HepG2
BCLAF1,HepG2,chrX:53210795:G:T,1,2,1.2323527336120605,modal,cuda,QKI:HepG2
BCLAF1,HepG2,chrX:53210820:G:A,1,2,-0.3899059295654297,modal,cuda,QKI:HepG2
BCLAF1,HepG2,chrX:53211492:C:T,0,2,1.3550066947937012,modal,cuda,QKI:HepG2
BCLAF1,HepG2,chrX:53211545:G:C,1,2,0.32705020904541016,modal,cuda,QKI:HepG2
BCLAF1,HepG2,chrX:53215869:C:A,1,2,-1.4061102867126465,modal,cuda,QKI:HepG2
BCLAF1,HepG2,chrX:53215870:C:A,0,2,0.24750518798828125,modal,cuda,QKI:HepG2
BCLAF1,HepG2,chrX:53215902:T:C,0,2,-0.47087764739990234,modal,cuda,QKI:HepG2
BCLAF1,HepG2,chrX:53215912:C:T,0,2,0.3627316951751709,modal,cuda,QKI:HepG2
BCLAF1,HepG2,chrX:53215972:C:T,0,2,0.912109375,modal,cuda,QKI:HepG2
BCLAF1,HepG2,chrX:53215986:A:G,0,2,-0.7558836936950684,modal,cuda,QKI:HepG2
BCLAF1,HepG2,chrX:53216084:C:T,0,2,0.4490482807159424,modal,cuda,QKI:HepG2
BCLAF1,HepG2,chrX:53218275:C:A,1,2,-1.532778024673462,modal,cuda,QKI:HepG2
BCLAF1,HepG2,chrX:53396624:C:T,0,2,0.593576192855835,modal,cuda,QKI:HepG2
BCLAF1,HepG2,chrX:53405674:T:C,1,2,0.9149753451347351,modal,cuda,QKI:HepG2
BCLAF1,HepG2,chrX:53409412:G:A,0,2,1.2977619171142578,modal,cuda,QKI:HepG2
BCLAF1,HepG2,chrX:53422549:G:A,1,2,-2.0859878063201904,modal,cuda,QKI:HepG2
BCLAF1,HepG2,chrX:53561747:G:A,0,2,-0.8413443565368652,modal,cuda,QKI:HepG2
BCLAF1,HepG2,chrX:53590387:C:T,0,2,1.8715333938598633,modal,cuda,QKI:HepG2
BCLAF1,HepG2,chrX:53590397:T:C,0,2,-0.7771782875061035,modal,cuda,QKI:HepG2
BCLAF1,HepG2,chrX:53590988:G:C,0,2,-1.0570743083953857,modal,cuda,QKI:HepG2
BCLAF1,HepG2,chrX:53608926:G:T,0,2,-0.777407169342041,modal,cuda,QKI:HepG2
BCLAF1,HepG2,chrX:53628739:C:T,0,2,-0.7826266288757324,modal,cuda,QKI:HepG2
BCLAF1,HepG2,chrX:54014366:C:T,0,2,-0.4987375736236572,modal,cuda,QKI:HepG2
BCLAF1,HepG2,chrX:65529630:G:A,0,2,0.5467853546142578,modal,cuda,QKI:HepG2
BCLAF1,HepG2,chrX:65529686:G:A,0,2,-0.5145196914672852,modal,cuda,QKI:HepG2
BCLAF1,HepG2,chrX:71368069:C:T,0,2,-0.27927684783935547,modal,cuda,QKI:HepG2
BCLAF1,HepG2,chrX:71375250:A:G,0,2,-0.26067590713500977,modal,cuda,QKI:HepG2
BCLAF1,HepG2,chrX:71375282:T:C,0,2,0.576970100402832,modal,cuda,QKI:HepG2
BCLAF1,HepG2,chrX:71377781:C:G,0,2,-0.4270496368408203,modal,cuda,QKI:HepG2
BCLAF1,HepG2,chrX:71379009:G:A,0,2,-0.8664839267730713,modal,cuda,QKI:HepG2
BCLAF1,HepG2,chrX:71381855:C:G,0,2,0.6266651153564453,modal,cuda,QKI:HepG2
BCLAF1,HepG2,chrX:71388335:C:T,0,2,0.9801478385925293,modal,cuda,QKI:HepG2
BCLAF1,HepG2,chrX:71393344:C:T,1,2,-1.0312168598175049,modal,cuda,QKI:HepG2
BCLAF1,HepG2,chrX:71394166:G:A,0,2,0.38045501708984375,modal,cuda,QKI:HepG2
BCLAF1,HepG2,chrX:71394241:A:G,0,2,-0.347025990486145,modal,cuda,QKI:HepG2
BCLAF1,HepG2,chrX:71556787:G:T,0,2,0.9776546359062195,modal,cuda,QKI:HepG2
BCLAF1,HepG2,chrX:71557117:T:G,0,2,-0.8458948135375977,modal,cuda,QKI:HepG2
BCLAF1,HepG2,chrX:71561912:A:G,0,2,4.495847225189209,modal,cuda,QKI:HepG2
BCLAF1,HepG2,chrX:71563262:G:A,0,2,1.0458307266235352,modal,cuda,QKI:HepG2
BCLAF1,HepG2,chrX:71563516:A:G,0,2,0.8678057193756104,modal,cuda,QKI:HepG2
BCLAF1,HepG2,chrX:72567954:T:C,0,2,0.729564905166626,modal,cuda,QKI:HepG2
BCLAF1,HepG2,chrX:72567969:C:T,0,2,-0.6015067100524902,modal,cuda,QKI:HepG2
BCLAF1,HepG2,chrX:72567970:G:A,1,2,-0.7414637804031372,modal,cuda,QKI:HepG2
BCLAF1,HepG2,chrX:72567970:G:C,1,2,-1.387204885482788,modal,cuda,QKI:HepG2
BCLAF1,HepG2,chrX:72567975:C:A,0,2,1.6223266124725342,modal,cuda,QKI:HepG2
BCLAF1,HepG2,chrX:77593858:G:C,0,2,0.6079403758049011,modal,cuda,QKI:HepG2
BCLAF1,HepG2,chrX:77593864:T:C,0,2,0.6318261623382568,modal,cuda,QKI:HepG2
BCLAF1,HepG2,chrX:77599395:C:T,0,2,0.8053269386291504,modal,cuda,QKI:HepG2
BCLAF1,HepG2,chrX:77599604:C:A,0,2,1.0829510688781738,modal,cuda,QKI:HepG2
BCLAF1,HepG2,chrX:77599712:C:T,0,2,-0.6208839416503906,modal,cuda,QKI:HepG2
BCLAF1,HepG2,chrX:77599713:G:A,0,2,0.891979455947876,modal,cuda,QKI:HepG2
BCLAF1,HepG2,chrX:77618786:A:C,0,2,1.1966896057128906,modal,cuda,QKI:HepG2
BCLAF1,HepG2,chrX:77620379:A:G,0,2,0.7575035095214844,modal,cuda,QKI:HepG2
BCLAF1,HepG2,chrX:77636059:A:C,1,2,1.3707988262176514,modal,cuda,QKI:HepG2
BCLAF1,HepG2,chrX:77652095:G:A,0,2,-0.20776742696762085,modal,cuda,QKI:HepG2
BCLAF1,HepG2,chrX:77652099:A:G,0,2,-0.5422163009643555,modal,cuda,QKI:HepG2
BCLAF1,HepG2,chrX:77656543:A:G,0,2,0.6926946640014648,modal,cuda,QKI:HepG2
BCLAF1,HepG2,chrX:77656554:T:C,0,2,-0.3372664451599121,modal,cuda,QKI:HepG2
BCLAF1,HepG2,chrX:77664642:C:A,1,2,0.9197626113891602,modal,cuda,QKI:HepG2
BCLAF1,HepG2,chrX:77676304:G:A,0,2,0.38488173484802246,modal,cuda,QKI:HepG2
BCLAF1,HepG2,chrX:77684928:A:G,0,2,1.1137624979019165,modal,cuda,QKI:HepG2
BCLAF1,HepG2,chrX:77688944:G:C,0,2,0.8212261199951172,modal,cuda,QKI:HepG2
BCLAF1,HepG2,chrX:77688945:C:T,0,2,-4.408251762390137,modal,cuda,QKI:HepG2
BCLAF1,HepG2,chrX:77696569:C:T,0,2,0.5640316009521484,modal,cuda,QKI:HepG2
BCLAF1,HepG2,chrX:77785970:G:A,0,2,-1.068908452987671,modal,cuda,QKI:HepG2
BCLAF1,HepG2,chrX:77786015:C:T,0,2,0.27985048294067383,modal,cuda,QKI:HepG2
BCLAF1,HepG2,chrX:78109933:A:C,0,2,8.56374740600586,modal,cuda,QKI:HepG2
BCLAF1,HepG2,chrX:78123189:G:A,0,2,0.7871561050415039,modal,cuda,QKI:HepG2
BCLAF1,HepG2,chrX:80682459:T:C,0,2,-0.7841668128967285,modal,cuda,QKI:HepG2
BCLAF1,HepG2,chrX:80688049:C:G,0,2,-0.4044060707092285,modal,cuda,QKI:HepG2
BCLAF1,HepG2,chrX:80719476:T:C,0,2,-0.853971004486084,modal,cuda,QKI:HepG2
BCLAF1,HepG2,chrX:85265099:G:A,0,2,0.3203425407409668,modal,cuda,QKI:HepG2
BCLAF1,HepG2,chrX:85270166:A:G,0,2,-0.3147773742675781,modal,cuda,QKI:HepG2
BCLAF1,HepG2,chrX:85964016:T:C,0,2,-0.8191497325897217,modal,cuda,QKI:HepG2
BCLAF1,HepG2,chrX:85964027:C:A,1,2,1.8821568489074707,modal,cuda,QKI:HepG2
BCLAF1,HepG2,chrX:85964051:G:A,1,2,-0.618614673614502,modal,cuda,QKI:HepG2
BCLAF1,HepG2,chrX:85964053:C:A,1,2,-0.815814733505249,modal,cuda,QKI:HepG2
BCLAF1,HepG2,chrX:85964053:C:G,1,2,-0.9956862926483154,modal,cuda,QKI:HepG2
BCLAF1,HepG2,chrX:85964053:C:T,1,2,-1.9820177555084229,modal,cuda,QKI:HepG2
BCLAF1,HepG2,chrX:85964054:T:G,1,2,0.4638814926147461,modal,cuda,QKI:HepG2
BCLAF1,HepG2,chrX:85964058:A:G,0,2,-0.7649310827255249,modal,cuda,QKI:HepG2
BCLAF1,HepG2,chrX:85978772:A:C,1,2,-0.5195655822753906,modal,cuda,QKI:HepG2
BCLAF1,HepG2,chrX:85978772:A:T,1,2,-0.9041547775268555,modal,cuda,QKI:HepG2
BCLAF1,HepG2,chrX:85978786:C:A,1,2,-0.6767253875732422,modal,cuda,QKI:HepG2
BCLAF1,HepG2,chrX:85978795:G:A,1,2,-5.878494739532471,modal,cuda,QKI:HepG2
BCLAF1,HepG2,chrX:85978816:T:A,0,2,0.27676963806152344,modal,cuda,QKI:HepG2
BCLAF1,HepG2,chrX:85978843:G:A,0,2,0.4467320442199707,modal,cuda,QKI:HepG2
BCLAF1,HepG2,chrX:85978849:G:A,1,2,0.9703953266143799,modal,cuda,QKI:HepG2
BCLAF1,HepG2,chrX:85978855:G:A,1,2,-0.3722047805786133,modal,cuda,QKI:HepG2
BCLAF1,HepG2,chrX:85978857:C:T,1,2,-0.3819904327392578,modal,cuda,QKI:HepG2
BCLAF1,HepG2,chrX:85978896:A:G,0,2,-0.6693143844604492,modal,cuda,QKI:HepG2
BCLAF1,HepG2,chrX:85981759:A:T,1,2,0.608642578125,modal,cuda,QKI:HepG2
BCLAF1,HepG2,chrX:85981785:C:T,1,2,-0.555419921875,modal,cuda,QKI:HepG2
BCLAF1,HepG2,chrX:85981793:C:A,1,2,-0.3951873779296875,modal,cuda,QKI:HepG2
BCLAF1,HepG2,chrX:85981796:C:A,1,2,-0.95790696144104,modal,cuda,QKI:HepG2
BCLAF1,HepG2,chrX:85981797:A:C,1,2,-1.8994731903076172,modal,cuda,QKI:HepG2
BCLAF1,HepG2,chrX:85981800:G:C,1,2,-3.455021381378174,modal,cuda,QKI:HepG2
BCLAF1,HepG2,chrX:85981800:G:T,1,2,-4.410212516784668,modal,cuda,QKI:HepG2
BCLAF1,HepG2,chrX:96937224:A:G,0,2,-0.8232011795043945,modal,cuda,QKI:HepG2
