protein,cell,vid,label,fold,delta,platform,accelerator,weights_from
GRWD1,HepG2,chr10:100529822:T:C,0,2,-0.5067756175994873,modal,cuda,U2AF2:HepG2
GRWD1,HepG2,chr10:100979179:A:G,0,2,-0.31818675994873047,modal,cuda,U2AF2:HepG2
GRWD1,HepG2,chr10:103174874:G:A,1,2,0.936528205871582,modal,cuda,U2AF2:HepG2
GRWD1,HepG2,chr10:104254948:G:A,0,2,-0.34804630279541016,modal,cuda,U2AF2:HepG2
GRWD1,HepG2,chr10:104254967:G:A,0,2,1.0205810070037842,modal,cuda,U2AF2:HepG2
GRWD1,HepG2,chr10:110575410:G:A,0,2,-0.330294132232666,modal,cuda,U2AF2:HepG2
GRWD1,HepG2,chr10:121836739:T:C,0,2,0.7170264720916748,modal,cuda,U2AF2:HepG2
GRWD1,HepG2,chr10:123008776:G:A,0,2,0.5243499279022217,modal,cuda,U2AF2:HepG2
GRWD1,HepG2,chr10:21538867:G:A,0,2,0.3465611934661865,modal,cuda,U2AF2:HepG2
GRWD1,HepG2,chr10:24542917:C:T,0,2,0.6453475952148438,modal,cuda,U2AF2:HepG2
GRWD1,HepG2,chr10:27538022:G:A,0,2,-0.21927595138549805,modal,cuda,U2AF2:HepG2
GRWD1,HepG2,chr10:27538049:T:C,1,2,0.5529260635375977,modal,cuda,U2AF2:HepG2
GRWD1,HepG2,chr10:31461070:C:G,1,2,0.481156587600708,modal,cuda,U2AF2:HepG2
GRWD1,HepG2,chr10:31461158:C:T,0,2,0.20988750457763672,modal,cuda,U2AF2:HepG2
GRWD1,HepG2,chr10:31461170:C:T,0,2,-1.2777328491210938,modal,cuda,U2AF2:HepG2
GRWD1,HepG2,chr10:31461211:A:C,0,2,0.13758063316345215,modal,cuda,U2AF2:HepG2
GRWD1,HepG2,chr10:31461220:A:G,0,2,-0.24958229064941406,modal,cuda,U2AF2:HepG2
GRWD1,HepG2,chr10:3151235:G:A,0,2,1.010864019393921,modal,cuda,U2AF2:HepG2
GRWD1,HepG2,chr10:3151260:G:A,0,2,1.4396376609802246,modal,cuda,U2AF2:HepG2
GRWD1,HepG2,chr10:3151264:A:G,0,2,-1.627854347229004,modal,cuda,U2AF2:HepG2
GRWD1,HepG2,chr10:32935487:T:C,0,2,-1.5713324546813965,modal,cuda,U2AF2:HepG2
GRWD1,HepG2,chr10:33263767:C:T,0,2,-0.6247520446777344,modal,cuda,U2AF2:HepG2
GRWD1,HepG2,chr10:5456847:A:G,0,2,-0.5957827568054199,modal,cuda,U2AF2:HepG2
GRWD1,HepG2,chr10:56359679:G:A,0,2,-0.14032244682312012,modal,cuda,U2AF2:HepG2
GRWD1,HepG2,chr10:63184621:C:T,0,2,-0.8535778522491455,modal,cuda,U2AF2:HepG2
GRWD1,HepG2,chr10:63217190:T:A,0,2,-0.44776058197021484,modal,cuda,U2AF2:HepG2
GRWD1,HepG2,chr10:74176853:C:T,0,2,1.4551513195037842,modal,cuda,U2AF2:HepG2
GRWD1,HepG2,chr10:78033866:T:G,0,2,1.0893299579620361,modal,cuda,U2AF2:HepG2
GRWD1,HepG2,chr10:78033870:C:T,0,2,-0.5879473686218262,modal,cuda,U2AF2:HepG2
GRWD1,HepG2,chr10:78033895:C:A,0,2,1.2825396060943604,modal,cuda,U2AF2:HepG2
GRWD1,HepG2,chr10:78033930:C:T,0,2,-0.8154251575469971,modal,cuda,U2AF2:HepG2
GRWD1,HepG2,chr10:78040616:C:T,0,2,-0.3544940948486328,modal,cuda,U2AF2:HepG2
GRWD1,HepG2,chr10:78040694:T:C,0,2,0.3808727264404297,modal,cuda,U2AF2:HepG2
GRWD1,HepG2,chr10:79208452:G:A,0,2,-0.7674978971481323,modal,cuda,U2AF2:HepG2
GRWD1,HepG2,chr10:79208469:G:A,0,2,-0.26137661933898926,modal,cuda,U2AF2:HepG2
GRWD1,HepG2,chr10:79306083:C:T,0,2,-0.7155301570892334,modal,cuda,U2AF2:HepG2
GRWD1,HepG2,chr10:80285498:C:T,0,2,-0.13299036026000977,modal,cuda,U2AF2:HepG2
GRWD1,HepG2,chr10:80285598:G:C,0,2,0.9652478694915771,modal,cuda,U2AF2:HepG2
GRWD1,HepG2,chr10:80289496:T:C,0,2,-0.23428350687026978,modal,cuda,U2AF2:HepG2
GRWD1,HepG2,chr10:94545972:T:C,0,2,0.5458695888519287,modal,cuda,U2AF2:HepG2
GRWD1,HepG2,chr10:94546436:C:T,0,2,0.3841419219970703,modal,cuda,U2AF2:HepG2
GRWD1,HepG2,chr10:99800372:C:A,0,2,1.090789794921875,modal,cuda,U2AF2:HepG2
GRWD1,HepG2,chr10:99811617:T:C,0,2,1.105802297592163,modal,cuda,U2AF2:HepG2
GRWD1,HepG2,chr10:99817203:T:C,0,2,0.713327169418335,modal,cuda,U2AF2:HepG2
GRWD1,HepG2,chr10:99830703:T:G,0,2,1.1936852931976318,modal,cuda,U2AF2:HepG2
GRWD1,HepG2,chr11:102114192:C:T,1,3,1.9454989433288574,modal,cuda,U2AF2:HepG2
GRWD1,HepG2,chr11:102206084:C:T,0,3,-0.7065383791923523,modal,cuda,U2AF2:HepG2
GRWD1,HepG2,chr11:108133862:T:A,1,3,1.4540494680404663,modal,cuda,U2AF2:HepG2
GRWD1,HepG2,chr11:108147295:C:A,1,3,-0.703755795955658,modal,cuda,U2AF2:HepG2
GRWD1,HepG2,chr11:108310170:G:T,1,3,2.6514856815338135,modal,cuda,U2AF2:HepG2
GRWD1,HepG2,chr11:108310196:G:A,1,3,-3.123628616333008,modal,cuda,U2AF2:HepG2
GRWD1,HepG2,chr11:108310211:T:C,0,3,0.29834306240081787,modal,cuda,U2AF2:HepG2
GRWD1,HepG2,chr11:108310215:G:T,1,3,-3.072047472000122,modal,cuda,U2AF2:HepG2
GRWD1,HepG2,chr11:108310224:A:T,1,3,-3.4373867511749268,modal,cuda,U2AF2:HepG2
GRWD1,HepG2,chr11:108310268:T:G,1,3,-2.9693164825439453,modal,cuda,U2AF2:HepG2
GRWD1,HepG2,chr11:108310271:A:C,0,3,1.7563118934631348,modal,cuda,U2AF2:HepG2
GRWD1,HepG2,chr11:108310272:G:T,1,3,1.8930150270462036,modal,cuda,U2AF2:HepG2
GRWD1,HepG2,chr11:108310280:T:A,1,3,1.0894441604614258,modal,cuda,U2AF2:HepG2
GRWD1,HepG2,chr11:108310280:T:C,0,3,-0.6406333446502686,modal,cuda,U2AF2:HepG2
GRWD1,HepG2,chr11:108310314:A:T,1,3,1.692803978919983,modal,cuda,U2AF2:HepG2
GRWD1,HepG2,chr11:108330224:A:T,1,3,-4.830231189727783,modal,cuda,U2AF2:HepG2
GRWD1,HepG2,chr11:108330233:C:T,1,3,3.3054463863372803,modal,cuda,U2AF2:HepG2
GRWD1,HepG2,chr11:108330242:G:T,1,3,3.1898279190063477,modal,cuda,U2AF2:HepG2
GRWD1,HepG2,chr11:108330246:T:A,1,3,1.675140619277954,modal,cuda,U2AF2:HepG2
GRWD1,HepG2,chr11:108330255:T:A,1,3,2.212069511413574,modal,cuda,U2AF2:HepG2
GRWD1,HepG2,chr11:108330255:T:G,1,3,2.1298751831054688,modal,cuda,U2AF2:HepG2
GRWD1,HepG2,chr11:108330259:C:A,0,3,-0.7522353529930115,modal,cuda,U2AF2:HepG2
GRWD1,HepG2,chr11:108330265:T:A,0,3,0.39137792587280273,modal,cuda,U2AF2:HepG2
GRWD1,HepG2,chr11:108330275:G:T,1,3,2.2043917179107666,modal,cuda,U2AF2:HepG2
GRWD1,HepG2,chr11:108330286:A:G,0,3,0.38259220123291016,modal,cuda,U2AF2:HepG2
GRWD1,HepG2,chr11:108330294:T:A,1,3,1.5108277797698975,modal,cuda,U2AF2:HepG2
GRWD1,HepG2,chr11:108330299:A:T,1,3,-0.7791280746459961,modal,cuda,U2AF2:HepG2
GRWD1,HepG2,chr11:108330316:T:A,1,3,1.224259376525879,modal,cuda,U2AF2:HepG2
GRWD1,HepG2,chr11:108330319:C:T,0,3,-0.936145007610321,modal,cuda,U2AF2:HepG2
GRWD1,HepG2,chr11:110237635:G:A,1,3,3.883028984069824,modal,cuda,U2AF2:HepG2
GRWD1,HepG2,chr11:110257751:C:A,0,3,-0.38703250885009766,modal,cuda,U2AF2:HepG2
GRWD1,HepG2,chr11:111764842:C:T,1,3,-0.35213279724121094,modal,cuda,U2AF2:HepG2
GRWD1,HepG2,chr11:117344290:G:T,0,3,0.9305310249328613,modal,cuda,U2AF2:HepG2
GRWD1,HepG2,chr11:118498085:T:C,0,3,2.0932345390319824,modal,cuda,U2AF2:HepG2
GRWD1,HepG2,chr11:118581318:C:T,1,3,2.2015137672424316,modal,cuda,U2AF2:HepG2
GRWD1,HepG2,chr11:118590509:G:A,0,3,-1.2553383111953735,modal,cuda,U2AF2:HepG2
GRWD1,HepG2,chr11:118597753:C:T,1,3,3.396883010864258,modal,cuda,U2AF2:HepG2
GRWD1,HepG2,chr11:118754900:C:T,0,3,0.7931976318359375,modal,cuda,U2AF2:HepG2
GRWD1,HepG2,chr11:119018306:G:A,0,3,-0.5768227577209473,modal,cuda,U2AF2:HepG2
GRWD1,HepG2,chr11:119018318:G:A,0,3,1.0305936336517334,modal,cuda,U2AF2:HepG2
GRWD1,HepG2,chr11:119070247:C:G,0,3,0.25551843643188477,modal,cuda,U2AF2:HepG2
GRWD1,HepG2,chr11:119089666:C:T,0,3,-0.1089220643043518,modal,cuda,U2AF2:HepG2
GRWD1,HepG2,chr11:119093040:G:A,0,3,0.5125914216041565,modal,cuda,U2AF2:HepG2
GRWD1,HepG2,chr11:124922644:C:A,0,3,-3.5287957191467285,modal,cuda,U2AF2:HepG2
GRWD1,HepG2,chr11:126271441:G:A,1,3,1.1215357780456543,modal,cuda,U2AF2:HepG2
GRWD1,HepG2,chr11:126271535:G:T,1,3,-6.862506866455078,modal,cuda,U2AF2:HepG2
GRWD1,HepG2,chr11:126275811:C:T,1,3,-1.4820971488952637,modal,cuda,U2AF2:HepG2
GRWD1,HepG2,chr11:126276080:G:T,1,3,0.6483798027038574,modal,cuda,U2AF2:HepG2
GRWD1,HepG2,chr11:126276235:A:G,0,3,0.6289748549461365,modal,cuda,U2AF2:HepG2
GRWD1,HepG2,chr11:12862323:A:G,0,3,1.9651069641113281,modal,cuda,U2AF2:HepG2
GRWD1,HepG2,chr11:129947260:T:C,0,3,0.1437898874282837,modal,cuda,U2AF2:HepG2
GRWD1,HepG2,chr11:130122522:A:C,0,3,-2.9627785682678223,modal,cuda,U2AF2:HepG2
GRWD1,HepG2,chr11:130140492:G:A,0,3,-0.3583662211894989,modal,cuda,U2AF2:HepG2
GRWD1,HepG2,chr11:17169660:T:C,0,3,-0.5677518844604492,modal,cuda,U2AF2:HepG2
GRWD1,HepG2,chr11:17169735:G:A,1,3,-2.540830612182617,modal,cuda,U2AF2:HepG2
GRWD1,HepG2,chr11:3017133:G:T,0,3,0.48285818099975586,modal,cuda,U2AF2:HepG2
GRWD1,HepG2,chr11:3017136:G:A,0,3,0.7323942184448242,modal,cuda,U2AF2:HepG2
GRWD1,HepG2,chr11:3029392:G:A,0,3,0.1597304344177246,modal,cuda,U2AF2:HepG2
GRWD1,HepG2,chr11:3029397:G:C,0,3,1.2148215770721436,modal,cuda,U2AF2:HepG2
GRWD1,HepG2,chr11:34957479:C:T,0,3,-1.4477322101593018,modal,cuda,U2AF2:HepG2
GRWD1,HepG2,chr11:34957548:C:T,0,3,0.7279527187347412,modal,cuda,U2AF2:HepG2
GRWD1,HepG2,chr11:34957572:C:T,0,3,-0.47740674018859863,modal,cuda,U2AF2:HepG2
GRWD1,HepG2,chr11:34960443:G:A,0,3,0.8439326882362366,modal,cuda,U2AF2:HepG2
GRWD1,HepG2,chr11:34960519:G:A,1,3,0.534400463104248,modal,cuda,U2AF2:HepG2
GRWD1,HepG2,chr11:34960522:T:C,0,3,0.38669729232788086,modal,cuda,U2AF2:HepG2
GRWD1,HepG2,chr11:3723274:G:A,0,3,-2.106651782989502,modal,cuda,U2AF2:HepG2
GRWD1,HepG2,chr11:3744549:C:T,0,3,0.3945896625518799,modal,cuda,U2AF2:HepG2
GRWD1,HepG2,chr11:3778975:T:C,0,3,1.8654603958129883,modal,cuda,U2AF2:HepG2
GRWD1,HepG2,chr11:45971183:G:A,0,3,-1.1128950119018555,modal,cuda,U2AF2:HepG2
GRWD1,HepG2,chr11:45971199:G:C,0,3,0.2818922996520996,modal,cuda,U2AF2:HepG2
GRWD1,HepG2,chr11:45971262:T:C,0,3,-0.7038216590881348,modal,cuda,U2AF2:HepG2
GRWD1,HepG2,chr11:46542715:G:C,0,3,1.2564897537231445,modal,cuda,U2AF2:HepG2
GRWD1,HepG2,chr11:47216971:C:T,0,3,0.277194619178772,modal,cuda,U2AF2:HepG2
GRWD1,HepG2,chr11:47234610:C:T,1,3,2.7481369972229004,modal,cuda,U2AF2:HepG2
GRWD1,HepG2,chr11:47234684:G:C,0,3,-1.8202592134475708,modal,cuda,U2AF2:HepG2
GRWD1,HepG2,chr11:47808377:T:C,0,3,0.4560060501098633,modal,cuda,U2AF2:HepG2
GRWD1,HepG2,chr11:47808401:G:A,0,3,-0.36300909519195557,modal,cuda,U2AF2:HepG2
GRWD1,HepG2,chr11:47835659:G:A,1,3,0.9807122945785522,modal,cuda,U2AF2:HepG2
GRWD1,HepG2,chr11:47835701:T:C,0,3,-0.3642299771308899,modal,cuda,U2AF2:HepG2
GRWD1,HepG2,chr11:57796519:C:T,0,3,0.8123865127563477,modal,cuda,U2AF2:HepG2
GRWD1,HepG2,chr11:57796774:A:G,0,3,-0.8085532784461975,modal,cuda,U2AF2:HepG2
GRWD1,HepG2,chr11:57801864:G:A,1,3,-3.5150575637817383,modal,cuda,U2AF2:HepG2
GRWD1,HepG2,chr11:57801869:C:T,1,3,3.0173707008361816,modal,cuda,U2AF2:HepG2
GRWD1,HepG2,chr11:57803651:C:G,1,3,-2.5152924060821533,modal,cuda,U2AF2:HepG2
GRWD1,HepG2,chr11:57805909:C:T,1,3,-1.1739230155944824,modal,cuda,U2AF2:HepG2
GRWD1,HepG2,chr11:57808471:C:T,0,3,0.9873991012573242,modal,cuda,U2AF2:HepG2
GRWD1,HepG2,chr11:61364367:G:A,0,3,-0.3720717430114746,modal,cuda,U2AF2:HepG2
GRWD1,HepG2,chr11:61366177:G:A,0,3,1.8139777183532715,modal,cuda,U2AF2:HepG2
GRWD1,HepG2,chr11:61366209:G:A,1,3,-3.8108115196228027,modal,cuda,U2AF2:HepG2
GRWD1,HepG2,chr11:61367933:G:A,1,3,-1.1463582515716553,modal,cuda,U2AF2:HepG2
GRWD1,HepG2,chr11:61367998:G:A,1,3,1.3075597286224365,modal,cuda,U2AF2:HepG2
GRWD1,HepG2,chr11:61778370:C:T,0,3,-0.33133578300476074,modal,cuda,U2AF2:HepG2
GRWD1,HepG2,chr11:61964896:A:G,0,3,1.2453837394714355,modal,cuda,U2AF2:HepG2
GRWD1,HepG2,chr11:61964975:T:C,0,3,-0.6707305908203125,modal,cuda,U2AF2:HepG2
GRWD1,HepG2,chr11:62707136:G:C,0,3,-1.674980640411377,modal,cuda,U2AF2:HepG2
GRWD1,HepG2,chr11:62833013:G:A,0,3,-1.1951756477355957,modal,cuda,U2AF2:HepG2
GRWD1,HepG2,chr11:65185912:C:A,0,3,0.5219638347625732,modal,cuda,U2AF2:HepG2
GRWD1,HepG2,chr11:65185922:G:A,1,3,-1.5904536247253418,modal,cuda,U2AF2:HepG2
GRWD1,HepG2,chr11:65185943:C:T,0,3,0.3485736846923828,modal,cuda,U2AF2:HepG2
GRWD1,HepG2,chr11:65208201:C:T,0,3,0.3745300769805908,modal,cuda,U2AF2:HepG2
GRWD1,HepG2,chr11:65208274:C:T,0,3,0.23267173767089844,modal,cuda,U2AF2:HepG2
GRWD1,HepG2,chr11:65210007:C:T,0,3,-0.39147353172302246,modal,cuda,U2AF2:HepG2
GRWD1,HepG2,chr11:65210013:C:T,0,3,0.9423304200172424,modal,cuda,U2AF2:HepG2
GRWD1,HepG2,chr11:65547431:C:T,0,3,0.3646245002746582,modal,cuda,U2AF2:HepG2
GRWD1,HepG2,chr11:65553919:G:A,0,3,-0.8855938911437988,modal,cuda,U2AF2:HepG2
GRWD1,HepG2,chr11:65864605:A:C,0,3,1.2750678062438965,modal,cuda,U2AF2:HepG2
GRWD1,HepG2,chr11:66220794:G:A,0,3,-1.1102371215820312,modal,cuda,U2AF2:HepG2
GRWD1,HepG2,chr11:66220807:T:C,0,3,-1.1338343620300293,modal,cuda,U2AF2:HepG2
GRWD1,HepG2,chr11:67255019:C:T,0,3,-0.5089030265808105,modal,cuda,U2AF2:HepG2
GRWD1,HepG2,chr11:68041789:G:C,0,3,0.4871346950531006,modal,cuda,U2AF2:HepG2
GRWD1,HepG2,chr11:68043370:G:C,1,3,-2.4137344360351562,modal,cuda,U2AF2:HepG2
GRWD1,HepG2,chr11:68043587:G:A,1,3,-0.8153090476989746,modal,cuda,U2AF2:HepG2
GRWD1,HepG2,chr11:68043625:G:T,1,3,1.388967514038086,modal,cuda,U2AF2:HepG2
GRWD1,HepG2,chr11:68043628:C:T,1,3,1.8754847049713135,modal,cuda,U2AF2:HepG2
GRWD1,HepG2,chr11:68043794:G:A,0,3,0.7218748331069946,modal,cuda,U2AF2:HepG2
GRWD1,HepG2,chr11:68043795:C:A,0,3,-0.5518196821212769,modal,cuda,U2AF2:HepG2
GRWD1,HepG2,chr11:68043803:C:T,0,3,-0.743891716003418,modal,cuda,U2AF2:HepG2
GRWD1,HepG2,chr11:68044201:C:T,1,3,-1.4152159690856934,modal,cuda,U2AF2:HepG2
GRWD1,HepG2,chr11:686839:G:A,0,3,0.5289725065231323,modal,cuda,U2AF2:HepG2
GRWD1,HepG2,chr11:686900:T:G,1,3,0.8306818008422852,modal,cuda,U2AF2:HepG2
GRWD1,HepG2,chr11:686907:C:T,1,3,0.7834010124206543,modal,cuda,U2AF2:HepG2
GRWD1,HepG2,chr11:686911:C:T,1,3,-0.8305072784423828,modal,cuda,U2AF2:HepG2
GRWD1,HepG2,chr11:686943:A:G,1,3,-1.1224966049194336,modal,cuda,U2AF2:HepG2
GRWD1,HepG2,chr11:686953:G:T,1,3,0.7417917251586914,modal,cuda,U2AF2:HepG2
GRWD1,HepG2,chr11:68903809:A:G,0,3,-0.4836273193359375,modal,cuda,U2AF2:HepG2
GRWD1,HepG2,chr11:70272259:G:T,0,3,1.7719917297363281,modal,cuda,U2AF2:HepG2
GRWD1,HepG2,chr11:70272383:G:A,0,3,0.7396931648254395,modal,cuda,U2AF2:HepG2
GRWD1,HepG2,chr11:70339219:C:T,0,3,-1.1428539752960205,modal,cuda,U2AF2:HepG2
GRWD1,HepG2,chr11:70354423:C:T,0,3,1.6955562829971313,modal,cuda,U2AF2:HepG2
GRWD1,HepG2,chr11:70378212:A:G,0,3,-0.864227294921875,modal,cuda,U2AF2:HepG2
GRWD1,HepG2,chr11:71478390:T:C,0,3,-0.8475995063781738,modal,cuda,U2AF2:HepG2
GRWD1,HepG2,chr11:72001333:C:T,0,3,0.6555315256118774,modal,cuda,U2AF2:HepG2
GRWD1,HepG2,chr11:72022387:C:T,0,3,-0.7193176746368408,modal,cuda,U2AF2:HepG2
GRWD1,HepG2,chr11:76451851:C:T,0,3,1.124800682067871,modal,cuda,U2AF2:HepG2
GRWD1,HepG2,chr11:76451964:T:C,0,3,0.5394101142883301,modal,cuda,U2AF2:HepG2
GRWD1,HepG2,chr11:836227:A:G,0,3,-0.4077691435813904,modal,cuda,U2AF2:HepG2
GRWD1,HepG2,chr11:836864:A:G,0,3,-0.3065176010131836,modal,cuda,U2AF2:HepG2
GRWD1,HepG2,chr11:85664513:G:A,0,3,-0.4751777648925781,modal,cuda,U2AF2:HepG2
GRWD1,HepG2,chr11:86245361:C:T,0,3,-0.4291675090789795,modal,cuda,U2AF2:HepG2
GRWD1,HepG2,chr11:87321245:G:C,0,3,-0.6106479167938232,modal,cuda,U2AF2:HepG2
GRWD1,HepG2,chr11:9179008:G:A,0,3,1.2208194732666016,modal,cuda,U2AF2:HepG2
GRWD1,HepG2,chr11:9203939:C:G,0,3,-0.6676349639892578,modal,cuda,U2AF2:HepG2
GRWD1,HepG2,chr11:94435822:C:T,0,3,0.23098087310791016,modal,cuda,U2AF2:HepG2
GRWD1,HepG2,chr11:94445909:A:C,0,3,1.098976969718933,modal,cuda,U2AF2:HepG2
GRWD1,HepG2,chr11:94456263:G:A,0,3,-1.1641488075256348,modal,cuda,U2AF2:HepG2
GRWD1,HepG2,chr11:95821981:G:A,0,3,-2.3538453578948975,modal,cuda,U2AF2:HepG2
GRWD1,HepG2,chr12:100510780:G:A,0,1,0.717825174331665,modal,cuda,U2AF2:HepG2
GRWD1,HepG2,chr12:100532538:C:T,1,1,0.7150601148605347,modal,cuda,U2AF2:HepG2
GRWD1,HepG2,chr12:100532559:C:T,1,1,1.2022360563278198,modal,cuda,U2AF2:HepG2
GRWD1,HepG2,chr12:100532577:G:T,1,1,0.9171492457389832,modal,cuda,U2AF2:HepG2
GRWD1,HepG2,chr12:1027951:G:C,0,1,0.2847738265991211,modal,cuda,U2AF2:HepG2
GRWD1,HepG2,chr12:1028051:A:G,0,1,-0.4898669719696045,modal,cuda,U2AF2:HepG2
GRWD1,HepG2,chr12:102840394:A:T,1,1,1.8825726509094238,modal,cuda,U2AF2:HepG2
GRWD1,HepG2,chr12:102846890:C:T,1,1,2.309666156768799,modal,cuda,U2AF2:HepG2
GRWD1,HepG2,chr12:102855080:C:T,0,1,-0.12447530031204224,modal,cuda,U2AF2:HepG2
GRWD1,HepG2,chr12:102877457:C:A,1,1,-0.28470325469970703,modal,cuda,U2AF2:HepG2
GRWD1,HepG2,chr12:102877457:C:T,1,1,0.4344644546508789,modal,cuda,U2AF2:HepG2
GRWD1,HepG2,chr12:102877459:C:G,1,1,1.2511835098266602,modal,cuda,U2AF2:HepG2
GRWD1,HepG2,chr12:102877556:A:T,1,1,5.7832560539245605,modal,cuda,U2AF2:HepG2
GRWD1,HepG2,chr12:102877572:G:A,0,1,-0.4340050220489502,modal,cuda,U2AF2:HepG2
GRWD1,HepG2,chr12:102917066:C:A,1,1,0.45534658432006836,modal,cuda,U2AF2:HepG2
GRWD1,HepG2,chr12:102917066:C:G,1,1,0.5714235305786133,modal,cuda,U2AF2:HepG2
GRWD1,HepG2,chr12:10847109:T:C,0,1,-1.3748438358306885,modal,cuda,U2AF2:HepG2
GRWD1,HepG2,chr12:10847181:C:T,0,1,0.2284529209136963,modal,cuda,U2AF2:HepG2
GRWD1,HepG2,chr12:110282701:T:C,0,1,0.5232415199279785,modal,cuda,U2AF2:HepG2
GRWD1,HepG2,chr12:1112269:A:G,0,1,-0.42540425062179565,modal,cuda,U2AF2:HepG2
GRWD1,HepG2,chr12:111456065:C:T,0,1,1.2146492004394531,modal,cuda,U2AF2:HepG2
GRWD1,HepG2,chr12:111456268:C:T,0,1,0.2663002014160156,modal,cuda,U2AF2:HepG2
GRWD1,HepG2,chr12:111518422:T:C,0,1,-0.46956586837768555,modal,cuda,U2AF2:HepG2
GRWD1,HepG2,chr12:1115991:C:T,0,1,0.2574429512023926,modal,cuda,U2AF2:HepG2
GRWD1,HepG2,chr12:112489201:G:A,0,1,-1.2016124725341797,modal,cuda,U2AF2:HepG2
GRWD1,HepG2,chr12:113292931:C:T,0,1,2.105262041091919,modal,cuda,U2AF2:HepG2
GRWD1,HepG2,chr12:117046847:G:T,0,1,-0.4761185646057129,modal,cuda,U2AF2:HepG2
GRWD1,HepG2,chr12:117049071:G:A,0,1,-0.4437044858932495,modal,cuda,U2AF2:HepG2
GRWD1,HepG2,chr12:119757357:C:T,0,1,-0.1660623550415039,modal,cuda,U2AF2:HepG2
GRWD1,HepG2,chr12:119757359:C:A,0,1,-0.7826712131500244,modal,cuda,U2AF2:HepG2
GRWD1,HepG2,chr12:119832768:T:A,1,1,0.7157635688781738,modal,cuda,U2AF2:HepG2
GRWD1,HepG2,chr12:120440429:T:C,0,1,-0.22939181327819824,modal,cuda,U2AF2:HepG2
GRWD1,HepG2,chr12:120446488:C:T,0,1,-0.45013535022735596,modal,cuda,U2AF2:HepG2
GRWD1,HepG2,chr12:120446525:C:T,0,1,-0.5435667037963867,modal,cuda,U2AF2:HepG2
GRWD1,HepG2,chr12:12147466:A:G,0,1,-0.6341040134429932,modal,cuda,U2AF2:HepG2
GRWD1,HepG2,chr12:12158881:A:C,0,1,-0.7702803611755371,modal,cuda,U2AF2:HepG2
GRWD1,HepG2,chr12:12162324:C:T,0,1,0.34390854835510254,modal,cuda,U2AF2:HepG2
GRWD1,HepG2,chr12:122500624:A:G,0,1,-0.23666715621948242,modal,cuda,U2AF2:HepG2
GRWD1,HepG2,chr12:12266785:G:T,0,1,0.2025144100189209,modal,cuda,U2AF2:HepG2
GRWD1,HepG2,chr12:130801294:G:A,0,1,1.4834415912628174,modal,cuda,U2AF2:HepG2
GRWD1,HepG2,chr12:131960613:G:A,0,1,0.33398687839508057,modal,cuda,U2AF2:HepG2
GRWD1,HepG2,chr12:132632300:C:T,0,1,-0.12042742967605591,modal,cuda,U2AF2:HepG2
GRWD1,HepG2,chr12:132643832:G:A,0,1,0.38196301460266113,modal,cuda,U2AF2:HepG2
GRWD1,HepG2,chr12:132657119:T:C,0,1,-0.13617932796478271,modal,cuda,U2AF2:HepG2
GRWD1,HepG2,chr12:132672338:G:C,0,1,-0.7028849124908447,modal,cuda,U2AF2:HepG2
GRWD1,HepG2,chr12:132672553:T:A,0,1,-1.1543025970458984,modal,cuda,U2AF2:HepG2
GRWD1,HepG2,chr12:132718142:C:T,0,1,-0.22186541557312012,modal,cuda,U2AF2:HepG2
GRWD1,HepG2,chr12:132718183:A:G,0,1,0.3980379104614258,modal,cuda,U2AF2:HepG2
GRWD1,HepG2,chr12:132728018:C:T,0,1,0.5987398624420166,modal,cuda,U2AF2:HepG2
GRWD1,HepG2,chr12:132747814:T:C,0,1,-0.5932586193084717,modal,cuda,U2AF2:HepG2
GRWD1,HepG2,chr12:23845954:T:C,0,1,-0.20871925354003906,modal,cuda,U2AF2:HepG2
GRWD1,HepG2,chr12:24901853:G:A,0,1,0.2977445125579834,modal,cuda,U2AF2:HepG2
GRWD1,HepG2,chr12:26790237:A:T,0,1,1.01896333694458,modal,cuda,U2AF2:HepG2
GRWD1,HepG2,chr12:31084054:G:A,0,1,1.3179056644439697,modal,cuda,U2AF2:HepG2
GRWD1,HepG2,chr12:31089501:G:A,0,1,0.275939404964447,modal,cuda,U2AF2:HepG2
GRWD1,HepG2,chr12:31089506:A:G,0,1,-0.2313401699066162,modal,cuda,U2AF2:HepG2
GRWD1,HepG2,chr12:323593:T:C,0,1,-0.9082786440849304,modal,cuda,U2AF2:HepG2
GRWD1,HepG2,chr12:32701427:A:G,1,1,0.8370798826217651,modal,cuda,U2AF2:HepG2
GRWD1,HepG2,chr12:32701432:A:C,0,1,-1.5163464546203613,modal,cuda,U2AF2:HepG2
GRWD1,HepG2,chr12:39333207:T:A,0,1,-0.17374420166015625,modal,cuda,U2AF2:HepG2
GRWD1,HepG2,chr12:47999944:G:T,1,1,1.0163145065307617,modal,cuda,U2AF2:HepG2
GRWD1,HepG2,chr12:47999949:T:A,0,1,0.5970497131347656,modal,cuda,U2AF2:HepG2
GRWD1,HepG2,chr12:47999953:G:T,1,1,0.8564326763153076,modal,cuda,U2AF2:HepG2
GRWD1,HepG2,chr12:47999986:G:T,1,1,1.663360834121704,modal,cuda,U2AF2:HepG2
GRWD1,HepG2,chr12:50096916:A:G,1,1,-0.607036828994751,modal,cuda,U2AF2:HepG2
GRWD1,HepG2,chr12:52898859:C:T,0,1,0.23353052139282227,modal,cuda,U2AF2:HepG2
GRWD1,HepG2,chr12:52898882:G:A,0,1,-0.3937264680862427,modal,cuda,U2AF2:HepG2
GRWD1,HepG2,chr12:56100038:A:C,0,1,0.3511488437652588,modal,cuda,U2AF2:HepG2
GRWD1,HepG2,chr12:56181404:G:A,0,1,0.6841022968292236,modal,cuda,U2AF2:HepG2
GRWD1,HepG2,chr12:56254282:G:A,0,1,-1.1906827688217163,modal,cuda,U2AF2:HepG2
GRWD1,HepG2,chr12:56355369:C:T,0,1,0.5189003944396973,modal,cuda,U2AF2:HepG2
GRWD1,HepG2,chr12:56355703:C:G,1,1,-0.28268980979919434,modal,cuda,U2AF2:HepG2
GRWD1,HepG2,chr12:56420619:A:G,0,1,-0.9468171000480652,modal,cuda,U2AF2:HepG2
GRWD1,HepG2,chr12:57105475:C:T,0,1,0.2472764253616333,modal,cuda,U2AF2:HepG2
GRWD1,HepG2,chr12:6560439:G:A,0,1,0.8029515743255615,modal,cuda,U2AF2:HepG2
GRWD1,HepG2,chr12:6601957:C:T,0,1,-0.8168354034423828,modal,cuda,U2AF2:HepG2
GRWD1,HepG2,chr12:6606256:C:T,0,1,0.5779950618743896,modal,cuda,U2AF2:HepG2
GRWD1,HepG2,chr12:68828854:C:T,0,1,-0.7354538440704346,modal,cuda,U2AF2:HepG2
GRWD1,HepG2,chr12:6917572:A:C,0,1,-1.2567763328552246,modal,cuda,U2AF2:HepG2
GRWD1,HepG2,chr12:6934323:C:T,0,1,0.9859704375267029,modal,cuda,U2AF2:HepG2
GRWD1,HepG2,chr12:6970938:T:C,0,1,-0.34503746032714844,modal,cuda,U2AF2:HepG2
GRWD1,HepG2,chr12:6971024:C:G,0,1,0.3637150824069977,modal,cuda,U2AF2:HepG2
GRWD1,HepG2,chr12:70338488:A:T,1,1,0.6490487456321716,modal,cuda,U2AF2:HepG2
GRWD1,HepG2,chr12:79793941:T:G,0,1,-0.5547038912773132,modal,cuda,U2AF2:HepG2
GRWD1,HepG2,chr12:79845286:T:A,0,1,0.2731766104698181,modal,cuda,U2AF2:HepG2
GRWD1,HepG2,chr12:79872796:G:T,0,1,-1.3990236520767212,modal,cuda,U2AF2:HepG2
GRWD1,HepG2,chr12:89655748:G:A,1,1,-1.7187609672546387,modal,cuda,U2AF2:HepG2
GRWD1,HepG2,chr12:914052:G:T,0,1,0.818656861782074,modal,cuda,U2AF2:HepG2
GRWD1,HepG2,chr12:92864856:G:A,0,1,0.9536284804344177,modal,cuda,U2AF2:HepG2
GRWD1,HepG2,chr12:94378966:C:T,0,1,0.5940243005752563,modal,cuda,U2AF2:HepG2
GRWD1,HepG2,chr12:94994203:C:T,1,1,-3.0980725288391113,modal,cuda,U2AF2:HepG2
GRWD1,HepG2,chr12:94994211:G:A,0,1,0.33385396003723145,modal,cuda,U2AF2:HepG2
GRWD1,HepG2,chr12:94994249:G:A,1,1,1.457576036453247,modal,cuda,U2AF2:HepG2
GRWD1,HepG2,chr12:98516092:G:A,0,1,0.5106029510498047,modal,cuda,U2AF2:HepG2
GRWD1,HepG2,chr13:102633930:T:A,0,0,-1.275517463684082,modal,cuda,U2AF2:HepG2
GRWD1,HepG2,chr13:102807511:A:G,0,0,0.9088478088378906,modal,cuda,U2AF2:HepG2
GRWD1,HepG2,chr13:110634592:C:T,0,0,0.4416654109954834,modal,cuda,U2AF2:HepG2
GRWD1,HepG2,chr13:110634665:T:G,0,0,1.0093977451324463,modal,cuda,U2AF2:HepG2
GRWD1,HepG2,chr13:110635494:C:T,0,0,0.586125373840332,modal,cuda,U2AF2:HepG2
GRWD1,HepG2,chr13:110635598:G:A,0,0,0.25106358528137207,modal,cuda,U2AF2:HepG2
GRWD1,HepG2,chr13:110642449:C:T,0,0,-0.581519603729248,modal,cuda,U2AF2:HepG2
GRWD1,HepG2,chr13:113045368:G:C,0,0,0.36127185821533203,modal,cuda,U2AF2:HepG2
GRWD1,HepG2,chr13:113115689:G:T,1,0,-1.4826903343200684,modal,cuda,U2AF2:HepG2
GRWD1,HepG2,chr13:113115754:C:T,0,0,-0.3175870180130005,modal,cuda,U2AF2:HepG2
GRWD1,HepG2,chr13:113115778:C:T,0,0,-0.30857348442077637,modal,cuda,U2AF2:HepG2
GRWD1,HepG2,chr13:20003015:T:G,1,0,2.6369853019714355,modal,cuda,U2AF2:HepG2
GRWD1,HepG2,chr13:20061170:A:G,0,0,-3.3575072288513184,modal,cuda,U2AF2:HepG2
GRWD1,HepG2,chr13:24883942:G:C,0,0,3.408389091491699,modal,cuda,U2AF2:HepG2
GRWD1,HepG2,chr13:24912045:G:A,1,0,1.4196491241455078,modal,cuda,U2AF2:HepG2
GRWD1,HepG2,chr13:39655754:G:A,0,0,0.07992562651634216,modal,cuda,U2AF2:HepG2
GRWD1,HepG2,chr13:39655820:T:A,0,0,-1.009627103805542,modal,cuda,U2AF2:HepG2
GRWD1,HepG2,chr13:39655838:A:T,1,0,-2.607229471206665,modal,cuda,U2AF2:HepG2
GRWD1,HepG2,chr13:51950271:C:T,1,0,3.317483901977539,modal,cuda,U2AF2:HepG2
GRWD1,HepG2,chr13:51970491:C:G,1,0,1.1707195043563843,modal,cuda,U2AF2:HepG2
GRWD1,HepG2,chr13:51970558:G:A,1,0,1.698603868484497,modal,cuda,U2AF2:HepG2
GRWD1,HepG2,chr13:51970573:G:A,1,0,0.5359482765197754,modal,cuda,U2AF2:HepG2
GRWD1,HepG2,chr13:51974317:A:C,1,0,1.5847442150115967,modal,cuda,U2AF2:HepG2
GRWD1,HepG2,chr13:51974317:A:T,1,0,0.917435884475708,modal,cuda,U2AF2:HepG2
GRWD1,HepG2,chr13:51974350:C:G,0,0,0.6567144393920898,modal,cuda,U2AF2:HepG2
GRWD1,HepG2,chr13:75804311:G:A,0,0,-0.5179469585418701,modal,cuda,U2AF2:HepG2
GRWD1,HepG2,chr14:102027301:G:A,0,2,0.9898905754089355,modal,cuda,U2AF2:HepG2
GRWD1,HepG2,chr14:104712504:T:C,0,2,-0.19554972648620605,modal,cuda,U2AF2:HepG2
GRWD1,HepG2,chr14:104712520:C:T,0,2,-0.30363011360168457,modal,cuda,U2AF2:HepG2
GRWD1,HepG2,chr14:104773098:C:T,0,2,-0.2467585802078247,modal,cuda,U2AF2:HepG2
GRWD1,HepG2,chr14:104773099:G:A,0,2,0.41828036308288574,modal,cuda,U2AF2:HepG2
GRWD1,HepG2,chr14:104773774:G:A,0,2,0.3181953430175781,modal,cuda,U2AF2:HepG2
GRWD1,HepG2,chr14:105226625:C:T,0,2,0.25147461891174316,modal,cuda,U2AF2:HepG2
GRWD1,HepG2,chr14:105369913:C:T,0,2,-0.939889669418335,modal,cuda,U2AF2:HepG2
GRWD1,HepG2,chr14:105384992:C:T,0,2,0.4530615210533142,modal,cuda,U2AF2:HepG2
GRWD1,HepG2,chr14:105384993:G:A,0,2,0.2883142828941345,modal,cuda,U2AF2:HepG2
GRWD1,HepG2,chr14:105385001:C:T,0,2,0.2600846290588379,modal,cuda,U2AF2:HepG2
GRWD1,HepG2,chr14:105385007:C:T,0,2,-0.903950035572052,modal,cuda,U2AF2:HepG2
GRWD1,HepG2,chr14:105466467:G:A,0,2,0.2977142333984375,modal,cuda,U2AF2:HepG2
GRWD1,HepG2,chr14:105469951:C:T,0,2,0.629255473613739,modal,cuda,U2AF2:HepG2
GRWD1,HepG2,chr14:20448090:T:C,0,2,0.2445845603942871,modal,cuda,U2AF2:HepG2
GRWD1,HepG2,chr14:20449275:G:A,0,2,-1.0340793132781982,modal,cuda,U2AF2:HepG2
GRWD1,HepG2,chr14:20449283:A:T,0,2,1.279073715209961,modal,cuda,U2AF2:HepG2
GRWD1,HepG2,chr14:20469429:G:A,0,2,-1.2662327289581299,modal,cuda,U2AF2:HepG2
GRWD1,HepG2,chr14:20469434:G:T,0,2,-1.646482229232788,modal,cuda,U2AF2:HepG2
GRWD1,HepG2,chr14:20469442:C:G,0,2,0.6740032434463501,modal,cuda,U2AF2:HepG2
GRWD1,HepG2,chr14:20472290:A:T,0,2,-0.5931126475334167,modal,cuda,U2AF2:HepG2
GRWD1,HepG2,chr14:20472299:C:A,0,2,1.1153371334075928,modal,cuda,U2AF2:HepG2
GRWD1,HepG2,chr14:21074934:C:T,0,2,0.3026970624923706,modal,cuda,U2AF2:HepG2
GRWD1,HepG2,chr14:21368447:G:C,0,2,0.9323949813842773,modal,cuda,U2AF2:HepG2
GRWD1,HepG2,chr14:24155532:C:G,0,2,0.2086775302886963,modal,cuda,U2AF2:HepG2
GRWD1,HepG2,chr14:24163515:G:A,0,2,0.44341379404067993,modal,cuda,U2AF2:HepG2
GRWD1,HepG2,chr14:24184909:G:T,0,2,-1.0662449598312378,modal,cuda,U2AF2:HepG2
GRWD1,HepG2,chr14:30889673:T:C,1,2,-0.39237499237060547,modal,cuda,U2AF2:HepG2
GRWD1,HepG2,chr14:30889691:A:G,0,2,-0.3788728713989258,modal,cuda,U2AF2:HepG2
GRWD1,HepG2,chr14:31562122:C:T,1,2,0.8537566661834717,modal,cuda,U2AF2:HepG2
GRWD1,HepG2,chr14:31599348:G:A,1,2,1.3534512519836426,modal,cuda,U2AF2:HepG2
GRWD1,HepG2,chr14:34516452:C:T,0,2,0.37894654273986816,modal,cuda,U2AF2:HepG2
GRWD1,HepG2,chr14:35085702:C:T,1,2,-0.41803908348083496,modal,cuda,U2AF2:HepG2
GRWD1,HepG2,chr14:35278712:C:T,0,2,0.9898428916931152,modal,cuda,U2AF2:HepG2
GRWD1,HepG2,chr14:35403670:G:T,0,2,0.8881378173828125,modal,cuda,U2AF2:HepG2
GRWD1,HepG2,chr14:35403687:C:T,0,2,-0.47499942779541016,modal,cuda,U2AF2:HepG2
GRWD1,HepG2,chr14:39154235:T:C,0,2,-0.2433813065290451,modal,cuda,U2AF2:HepG2
GRWD1,HepG2,chr14:39154279:G:A,1,2,-1.4630897045135498,modal,cuda,U2AF2:HepG2
GRWD1,HepG2,chr14:39176159:C:T,0,2,0.2984619140625,modal,cuda,U2AF2:HepG2
GRWD1,HepG2,chr14:39299939:A:G,0,2,-0.3916010856628418,modal,cuda,U2AF2:HepG2
GRWD1,HepG2,chr14:49679806:A:G,0,2,1.5005912780761719,modal,cuda,U2AF2:HepG2
GRWD1,HepG2,chr14:55628008:C:A,0,2,1.1009225845336914,modal,cuda,U2AF2:HepG2
GRWD1,HepG2,chr14:55629968:A:C,0,2,-0.7353644371032715,modal,cuda,U2AF2:HepG2
GRWD1,HepG2,chr14:59330495:G:A,0,2,-0.5768413543701172,modal,cuda,U2AF2:HepG2
GRWD1,HepG2,chr14:64431881:C:A,0,2,1.3990352153778076,modal,cuda,U2AF2:HepG2
GRWD1,HepG2,chr14:64439078:C:A,0,2,-1.2659778594970703,modal,cuda,U2AF2:HepG2
GRWD1,HepG2,chr14:67825470:T:C,0,2,0.8584718704223633,modal,cuda,U2AF2:HepG2
GRWD1,HepG2,chr14:68880117:C:T,0,2,0.14168739318847656,modal,cuda,U2AF2:HepG2
GRWD1,HepG2,chr14:68909403:G:A,0,2,0.5159386396408081,modal,cuda,U2AF2:HepG2
GRWD1,HepG2,chr14:68925547:T:G,0,2,0.47586894035339355,modal,cuda,U2AF2:HepG2
GRWD1,HepG2,chr14:72938062:T:C,0,2,-0.47005605697631836,modal,cuda,U2AF2:HepG2
GRWD1,HepG2,chr14:74286660:G:A,0,2,0.6117427349090576,modal,cuda,U2AF2:HepG2
GRWD1,HepG2,chr14:74286696:G:A,0,2,1.2629668712615967,modal,cuda,U2AF2:HepG2
GRWD1,HepG2,chr14:74292774:C:T,0,2,0.7098810076713562,modal,cuda,U2AF2:HepG2
GRWD1,HepG2,chr14:74292826:G:A,0,2,0.6411566734313965,modal,cuda,U2AF2:HepG2
GRWD1,HepG2,chr14:74296346:G:A,1,2,-0.5580034255981445,modal,cuda,U2AF2:HepG2
GRWD1,HepG2,chr14:74296383:G:C,0,2,-0.47922325134277344,modal,cuda,U2AF2:HepG2
GRWD1,HepG2,chr14:75017075:T:A,0,2,0.35487937927246094,modal,cuda,U2AF2:HepG2
GRWD1,HepG2,chr14:75771860:G:C,0,2,-0.2830173969268799,modal,cuda,U2AF2:HepG2
GRWD1,HepG2,chr14:77512278:A:C,0,2,-0.752079963684082,modal,cuda,U2AF2:HepG2
GRWD1,HepG2,chr14:77616609:C:A,0,2,-0.5592987537384033,modal,cuda,U2AF2:HepG2
GRWD1,HepG2,chr14:77616621:T:C,0,2,-0.2322569489479065,modal,cuda,U2AF2:HepG2
GRWD1,HepG2,chr14:77616622:G:A,0,2,-0.612851619720459,modal,cuda,U2AF2:HepG2
GRWD1,HepG2,chr14:81526729:C:T,0,2,-1.1275746822357178,modal,cuda,U2AF2:HepG2
GRWD1,HepG2,chr14:88574794:C:T,0,2,-0.3675537109375,modal,cuda,U2AF2:HepG2
GRWD1,HepG2,chr14:90397013:C:T,0,2,-0.2730950713157654,modal,cuda,U2AF2:HepG2
GRWD1,HepG2,chr14:90397145:G:A,0,2,0.15592236816883087,modal,cuda,U2AF2:HepG2
GRWD1,HepG2,chr14:95094089:A:C,1,2,-2.495249032974243,modal,cuda,U2AF2:HepG2
GRWD1,HepG2,chr14:95094119:A:T,0,2,-1.0825297832489014,modal,cuda,U2AF2:HepG2
GRWD1,HepG2,chr14:95094168:C:T,1,2,-1.0205726623535156,modal,cuda,U2AF2:HepG2
GRWD1,HepG2,chr14:95096581:G:A,1,2,0.6936407089233398,modal,cuda,U2AF2:HepG2
GRWD1,HepG2,chr14:95096605:C:A,1,2,0.9241328239440918,modal,cuda,U2AF2:HepG2
GRWD1,HepG2,chr14:95096633:C:T,1,2,1.5557968616485596,modal,cuda,U2AF2:HepG2
GRWD1,HepG2,chr14:95105699:C:T,1,2,0.6003859043121338,modal,cuda,U2AF2:HepG2
GRWD1,HepG2,chr14:95105716:T:A,1,2,2.3691790103912354,modal,cuda,U2AF2:HepG2
GRWD1,HepG2,chr14:95105784:C:A,1,2,4.0195841789245605,modal,cuda,U2AF2:HepG2
GRWD1,HepG2,chr15:101370529:G:C,0,1,1.6761970520019531,modal,cuda,U2AF2:HepG2
GRWD1,HepG2,chr15:22918835:C:T,0,1,-0.7602800130844116,modal,cuda,U2AF2:HepG2
GRWD1,HepG2,chr15:22932292:C:T,0,1,-0.9772049784660339,modal,cuda,U2AF2:HepG2
GRWD1,HepG2,chr15:22943270:G:A,0,1,-0.38771820068359375,modal,cuda,U2AF2:HepG2
GRWD1,HepG2,chr15:24962126:C:T,0,1,0.28295350074768066,modal,cuda,U2AF2:HepG2
GRWD1,HepG2,chr15:25340160:C:T,1,1,-0.9385182857513428,modal,cuda,U2AF2:HepG2
GRWD1,HepG2,chr15:25340173:G:A,1,1,0.9136402606964111,modal,cuda,U2AF2:HepG2
GRWD1,HepG2,chr15:25360477:A:T,1,1,0.3921734094619751,modal,cuda,U2AF2:HepG2
GRWD1,HepG2,chr15:25370844:C:A,1,1,0.7799181938171387,modal,cuda,U2AF2:HepG2
GRWD1,HepG2,chr15:25370865:G:A,1,1,-1.08778977394104,modal,cuda,U2AF2:HepG2
GRWD1,HepG2,chr15:25370905:G:A,0,1,-0.3683018684387207,modal,cuda,U2AF2:HepG2
GRWD1,HepG2,chr15:25370913:G:A,1,1,1.408416509628296,modal,cuda,U2AF2:HepG2
GRWD1,HepG2,chr15:25370937:C:A,1,1,1.2158849239349365,modal,cuda,U2AF2:HepG2
GRWD1,HepG2,chr15:25370955:G:A,1,1,-0.9436995983123779,modal,cuda,U2AF2:HepG2
GRWD1,HepG2,chr15:25370967:C:A,1,1,1.0602716207504272,modal,cuda,U2AF2:HepG2
GRWD1,HepG2,chr15:25371276:C:A,1,1,-3.0331883430480957,modal,cuda,U2AF2:HepG2
GRWD1,HepG2,chr15:25371285:C:A,1,1,-1.1425762176513672,modal,cuda,U2AF2:HepG2
GRWD1,HepG2,chr15:25371316:G:T,0,1,-2.7646565437316895,modal,cuda,U2AF2:HepG2
GRWD1,HepG2,chr15:25371326:A:C,1,1,1.6329429149627686,modal,cuda,U2AF2:HepG2
GRWD1,HepG2,chr15:25371348:G:A,1,1,1.5653412342071533,modal,cuda,U2AF2:HepG2
GRWD1,HepG2,chr15:32633113:T:G,0,1,-1.7298204898834229,modal,cuda,U2AF2:HepG2
GRWD1,HepG2,chr15:34342999:C:T,0,1,0.25592994689941406,modal,cuda,U2AF2:HepG2
GRWD1,HepG2,chr15:40030347:T:G,0,1,1.4790356159210205,modal,cuda,U2AF2:HepG2
GRWD1,HepG2,chr15:40030351:G:T,0,1,-3.2396466732025146,modal,cuda,U2AF2:HepG2
GRWD1,HepG2,chr15:40161106:A:G,0,1,0.408427357673645,modal,cuda,U2AF2:HepG2
GRWD1,HepG2,chr15:40199751:A:G,0,1,-0.5164985656738281,modal,cuda,U2AF2:HepG2
GRWD1,HepG2,chr15:40411601:C:T,0,1,1.0801146030426025,modal,cuda,U2AF2:HepG2
GRWD1,HepG2,chr15:41736499:C:G,0,1,0.4067758321762085,modal,cuda,U2AF2:HepG2
GRWD1,HepG2,chr15:41736607:A:G,0,1,-0.46700751781463623,modal,cuda,U2AF2:HepG2
GRWD1,HepG2,chr15:41736622:A:G,0,1,0.6444458961486816,modal,cuda,U2AF2:HepG2
GRWD1,HepG2,chr15:43800658:G:A,0,1,0.5619497299194336,modal,cuda,U2AF2:HepG2
GRWD1,HepG2,chr15:43801716:T:C,0,1,-0.7026534676551819,modal,cuda,U2AF2:HepG2
GRWD1,HepG2,chr15:50439016:G:C,0,1,0.3659496307373047,modal,cuda,U2AF2:HepG2
GRWD1,HepG2,chr15:50439193:C:T,0,1,0.7006878852844238,modal,cuda,U2AF2:HepG2
GRWD1,HepG2,chr15:50449392:A:C,0,1,0.7592599391937256,modal,cuda,U2AF2:HepG2
GRWD1,HepG2,chr15:55850653:C:T,0,1,0.2283024787902832,modal,cuda,U2AF2:HepG2
GRWD1,HepG2,chr15:56142758:A:G,0,1,-0.2875380516052246,modal,cuda,U2AF2:HepG2
GRWD1,HepG2,chr15:56920007:G:C,0,1,0.20684337615966797,modal,cuda,U2AF2:HepG2
GRWD1,HepG2,chr15:56921008:A:G,0,1,-0.7339309453964233,modal,cuda,U2AF2:HepG2
GRWD1,HepG2,chr15:56921085:A:G,0,1,-0.22782421112060547,modal,cuda,U2AF2:HepG2
GRWD1,HepG2,chr15:57091863:A:G,0,1,-0.46877408027648926,modal,cuda,U2AF2:HepG2
GRWD1,HepG2,chr15:57262215:A:G,0,1,-1.0860521793365479,modal,cuda,U2AF2:HepG2
GRWD1,HepG2,chr15:58621444:T:A,0,1,1.4700722694396973,modal,cuda,U2AF2:HepG2
GRWD1,HepG2,chr15:58621464:A:G,0,1,0.8535149097442627,modal,cuda,U2AF2:HepG2
GRWD1,HepG2,chr15:63042757:C:T,0,1,-0.24636268615722656,modal,cuda,U2AF2:HepG2
GRWD1,HepG2,chr15:63042816:T:C,0,1,-0.2498478889465332,modal,cuda,U2AF2:HepG2
GRWD1,HepG2,chr15:63043708:C:G,0,1,-0.6716701984405518,modal,cuda,U2AF2:HepG2
GRWD1,HepG2,chr15:63057025:T:A,1,1,-0.9062941074371338,modal,cuda,U2AF2:HepG2
GRWD1,HepG2,chr15:63060873:C:T,1,1,0.1616215705871582,modal,cuda,U2AF2:HepG2
GRWD1,HepG2,chr15:63060929:C:T,1,1,0.2236286848783493,modal,cuda,U2AF2:HepG2
GRWD1,HepG2,chr15:63061252:A:G,0,1,-0.8070719838142395,modal,cuda,U2AF2:HepG2
GRWD1,HepG2,chr15:67165369:C:T,1,1,0.9736766815185547,modal,cuda,U2AF2:HepG2
GRWD1,HepG2,chr15:68787929:G:C,0,1,-0.5097579956054688,modal,cuda,U2AF2:HepG2
GRWD1,HepG2,chr15:72544973:C:T,0,1,-1.2368178367614746,modal,cuda,U2AF2:HepG2
GRWD1,HepG2,chr15:74893263:G:T,1,1,2.113436460494995,modal,cuda,U2AF2:HepG2
GRWD1,HepG2,chr15:74893306:G:A,1,1,0.5534696578979492,modal,cuda,U2AF2:HepG2
GRWD1,HepG2,chr15:74893329:A:G,0,1,-1.0284061431884766,modal,cuda,U2AF2:HepG2
GRWD1,HepG2,chr15:75361037:T:C,0,1,-0.24274617433547974,modal,cuda,U2AF2:HepG2
GRWD1,HepG2,chr15:75392820:T:C,0,1,-0.8061279654502869,modal,cuda,U2AF2:HepG2
GRWD1,HepG2,chr15:75392834:A:C,0,1,3.464425563812256,modal,cuda,U2AF2:HepG2
GRWD1,HepG2,chr15:75394873:C:A,0,1,-0.4258542060852051,modal,cuda,U2AF2:HepG2
GRWD1,HepG2,chr15:76702873:G:A,1,1,-0.6707887649536133,modal,cuda,U2AF2:HepG2
GRWD1,HepG2,chr15:76841797:A:C,0,1,0.4465451240539551,modal,cuda,U2AF2:HepG2
GRWD1,HepG2,chr15:76841903:G:A,0,1,0.8287229537963867,modal,cuda,U2AF2:HepG2
GRWD1,HepG2,chr15:78471943:A:G,0,1,-0.28102731704711914,modal,cuda,U2AF2:HepG2
GRWD1,HepG2,chr15:79313860:G:A,0,1,0.4473543167114258,modal,cuda,U2AF2:HepG2
GRWD1,HepG2,chr15:79889252:G:A,1,1,-0.6860814690589905,modal,cuda,U2AF2:HepG2
GRWD1,HepG2,chr15:79896882:A:G,1,1,-0.36420202255249023,modal,cuda,U2AF2:HepG2
GRWD1,HepG2,chr15:79896888:C:A,0,1,-0.21862202882766724,modal,cuda,U2AF2:HepG2
GRWD1,HepG2,chr15:80989559:G:A,0,1,0.3613011837005615,modal,cuda,U2AF2:HepG2
GRWD1,HepG2,chr15:84648523:A:G,0,1,-0.6204239130020142,modal,cuda,U2AF2:HepG2
GRWD1,HepG2,chr15:84648595:G:A,0,1,1.62391996383667,modal,cuda,U2AF2:HepG2
GRWD1,HepG2,chr15:92972440:T:C,0,1,-0.22704559564590454,modal,cuda,U2AF2:HepG2
GRWD1,HepG2,chr15:92981478:G:A,0,1,-0.4060661792755127,modal,cuda,U2AF2:HepG2
GRWD1,HepG2,chr15:92985689:G:A,0,1,0.47046709060668945,modal,cuda,U2AF2:HepG2
GRWD1,HepG2,chr15:92985715:C:T,0,1,-0.5249191522598267,modal,cuda,U2AF2:HepG2
GRWD1,HepG2,chr15:92998475:G:A,0,1,-0.25936222076416016,modal,cuda,U2AF2:HepG2
GRWD1,HepG2,chr15:93004766:C:T,0,1,-0.48143887519836426,modal,cuda,U2AF2:HepG2
GRWD1,HepG2,chr16:1459097:G:A,0,2,0.3263639807701111,modal,cuda,U2AF2:HepG2
GRWD1,HepG2,chr16:14628177:T:A,1,2,0.899024486541748,modal,cuda,U2AF2:HepG2
GRWD1,HepG2,chr16:15036083:C:T,0,2,0.568821907043457,modal,cuda,U2AF2:HepG2
GRWD1,HepG2,chr16:16159508:G:A,1,2,1.1491467952728271,modal,cuda,U2AF2:HepG2
GRWD1,HepG2,chr16:16159549:C:T,1,2,-2.7015466690063477,modal,cuda,U2AF2:HepG2
GRWD1,HepG2,chr16:16159555:C:T,1,2,1.935805320739746,modal,cuda,U2AF2:HepG2
GRWD1,HepG2,chr16:16178848:G:A,1,2,-1.0187687873840332,modal,cuda,U2AF2:HepG2
GRWD1,HepG2,chr16:16178854:C:A,1,2,-0.5270295143127441,modal,cuda,U2AF2:HepG2
GRWD1,HepG2,chr16:16178909:G:T,1,2,1.0208797454833984,modal,cuda,U2AF2:HepG2
GRWD1,HepG2,chr16:16178916:G:T,1,2,0.13710832595825195,modal,cuda,U2AF2:HepG2
GRWD1,HepG2,chr16:16188935:C:A,1,2,1.1778521537780762,modal,cuda,U2AF2:HepG2
GRWD1,HepG2,chr16:16190247:G:A,1,2,0.641690731048584,modal,cuda,U2AF2:HepG2
GRWD1,HepG2,chr16:16190294:T:C,1,2,1.195180892944336,modal,cuda,U2AF2:HepG2
GRWD1,HepG2,chr16:16198025:C:T,1,2,-0.46543601155281067,modal,cuda,U2AF2:HepG2
GRWD1,HepG2,chr16:16198051:C:T,1,2,-1.3343005180358887,modal,cuda,U2AF2:HepG2
GRWD1,HepG2,chr16:1772158:T:C,0,2,0.8249325752258301,modal,cuda,U2AF2:HepG2
GRWD1,HepG2,chr16:1772946:C:G,0,2,0.515049934387207,modal,cuda,U2AF2:HepG2
GRWD1,HepG2,chr16:1772956:C:T,1,2,-0.45863819122314453,modal,cuda,U2AF2:HepG2
GRWD1,HepG2,chr16:1772999:A:G,0,2,-0.5578858852386475,modal,cuda,U2AF2:HepG2
GRWD1,HepG2,chr16:1959761:A:G,0,2,-0.1102437973022461,modal,cuda,U2AF2:HepG2
GRWD1,HepG2,chr16:2050400:G:T,1,2,3.252690553665161,modal,cuda,U2AF2:HepG2
GRWD1,HepG2,chr16:2050423:C:G,0,2,-0.5126664042472839,modal,cuda,U2AF2:HepG2
GRWD1,HepG2,chr16:2050423:C:T,0,2,0.8198182582855225,modal,cuda,U2AF2:HepG2
GRWD1,HepG2,chr16:2050429:T:C,0,2,-0.25389909744262695,modal,cuda,U2AF2:HepG2
GRWD1,HepG2,chr16:2050448:C:T,1,2,1.5055947303771973,modal,cuda,U2AF2:HepG2
GRWD1,HepG2,chr16:2050456:T:A,1,2,0.855474054813385,modal,cuda,U2AF2:HepG2
GRWD1,HepG2,chr16:2050457:G:C,0,2,-0.6375522613525391,modal,cuda,U2AF2:HepG2
GRWD1,HepG2,chr16:2050471:C:T,0,2,0.18719482421875,modal,cuda,U2AF2:HepG2
GRWD1,HepG2,chr16:2050481:G:T,1,2,0.6807013154029846,modal,cuda,U2AF2:HepG2
GRWD1,HepG2,chr16:2053361:G:A,1,2,1.2563412189483643,modal,cuda,U2AF2:HepG2
GRWD1,HepG2,chr16:2053362:G:A,1,2,-1.9162559509277344,modal,cuda,U2AF2:HepG2
GRWD1,HepG2,chr16:2053373:C:A,0,2,0.7486764192581177,modal,cuda,U2AF2:HepG2
GRWD1,HepG2,chr16:2053384:C:T,1,2,1.3060238361358643,modal,cuda,U2AF2:HepG2
GRWD1,HepG2,chr16:2053386:G:T,0,2,3.2850821018218994,modal,cuda,U2AF2:HepG2
GRWD1,HepG2,chr16:2053390:G:T,1,2,1.4986127614974976,modal,cuda,U2AF2:HepG2
GRWD1,HepG2,chr16:2053404:G:A,0,2,0.5619618892669678,modal,cuda,U2AF2:HepG2
GRWD1,HepG2,chr16:2053428:G:C,0,2,1.408130407333374,modal,cuda,U2AF2:HepG2
GRWD1,HepG2,chr16:2053444:C:T,1,2,1.592902421951294,modal,cuda,U2AF2:HepG2
GRWD1,HepG2,chr16:2060741:T:A,1,2,-0.9000285863876343,modal,cuda,U2AF2:HepG2
GRWD1,HepG2,chr16:2074385:G:T,0,2,-2.0381481647491455,modal,cuda,U2AF2:HepG2
GRWD1,HepG2,chr16:2076095:C:G,0,2,-1.1946885585784912,modal,cuda,U2AF2:HepG2
GRWD1,HepG2,chr16:2076104:C:G,0,2,-0.5103601217269897,modal,cuda,U2AF2:HepG2
GRWD1,HepG2,chr16:2076175:G:A,1,2,0.5923495292663574,modal,cuda,U2AF2:HepG2
GRWD1,HepG2,chr16:2076175:G:C,1,2,1.2901663780212402,modal,cuda,U2AF2:HepG2
GRWD1,HepG2,chr16:2076482:C:G,1,2,2.283755302429199,modal,cuda,U2AF2:HepG2
GRWD1,HepG2,chr16:2076513:T:A,1,2,-1.4908469915390015,modal,cuda,U2AF2:HepG2
GRWD1,HepG2,chr16:2076524:G:A,0,2,0.9044272899627686,modal,cuda,U2AF2:HepG2
GRWD1,HepG2,chr16:2076556:G:A,0,2,0.3490579128265381,modal,cuda,U2AF2:HepG2
GRWD1,HepG2,chr16:23403679:C:T,0,2,-1.3720407485961914,modal,cuda,U2AF2:HepG2
GRWD1,HepG2,chr16:23529614:G:A,1,2,0.7451586723327637,modal,cuda,U2AF2:HepG2
GRWD1,HepG2,chr16:23534897:C:A,1,2,-2.4791884422302246,modal,cuda,U2AF2:HepG2
GRWD1,HepG2,chr16:23629742:A:T,0,2,3.289259195327759,modal,cuda,U2AF2:HepG2
GRWD1,HepG2,chr16:23629754:A:T,1,2,1.0558950901031494,modal,cuda,U2AF2:HepG2
GRWD1,HepG2,chr16:23629775:G:T,0,2,0.34773850440979004,modal,cuda,U2AF2:HepG2
GRWD1,HepG2,chr16:23629778:T:A,0,2,0.5577478408813477,modal,cuda,U2AF2:HepG2
GRWD1,HepG2,chr16:23629793:G:A,0,2,0.41551274061203003,modal,cuda,U2AF2:HepG2
GRWD1,HepG2,chr16:23629799:T:C,0,2,-0.6942763328552246,modal,cuda,U2AF2:HepG2
GRWD1,HepG2,chr16:23629817:T:A,0,2,1.1801462173461914,modal,cuda,U2AF2:HepG2
GRWD1,HepG2,chr16:23629844:G:A,0,2,-0.3162718713283539,modal,cuda,U2AF2:HepG2
GRWD1,HepG2,chr16:23629857:G:T,1,2,-0.864371657371521,modal,cuda,U2AF2:HepG2
GRWD1,HepG2,chr16:23634914:T:C,0,2,-0.22172045707702637,modal,cuda,U2AF2:HepG2
GRWD1,HepG2,chr16:23634954:A:T,1,2,-0.6276051998138428,modal,cuda,U2AF2:HepG2
GRWD1,HepG2,chr16:23634964:C:A,1,2,-2.410789728164673,modal,cuda,U2AF2:HepG2
GRWD1,HepG2,chr16:23634986:G:T,1,2,-0.7072594165802002,modal,cuda,U2AF2:HepG2
GRWD1,HepG2,chr16:23634992:T:A,0,2,0.20771408081054688,modal,cuda,U2AF2:HepG2
GRWD1,HepG2,chr16:23635003:T:A,1,2,0.7290441989898682,modal,cuda,U2AF2:HepG2
GRWD1,HepG2,chr16:23636207:T:C,0,2,-0.6744585037231445,modal,cuda,U2AF2:HepG2
GRWD1,HepG2,chr16:23636233:C:A,1,2,-4.2705979347229,modal,cuda,U2AF2:HepG2
GRWD1,HepG2,chr16:23636243:A:G,0,2,-0.26846766471862793,modal,cuda,U2AF2:HepG2
GRWD1,HepG2,chr16:23636263:T:A,1,2,0.5554686784744263,modal,cuda,U2AF2:HepG2
GRWD1,HepG2,chr16:23636266:C:A,1,2,-0.4817805290222168,modal,cuda,U2AF2:HepG2
GRWD1,HepG2,chr16:23636275:C:A,1,2,-0.43493175506591797,modal,cuda,U2AF2:HepG2
GRWD1,HepG2,chr16:23636278:C:A,1,2,0.7750913500785828,modal,cuda,U2AF2:HepG2
GRWD1,HepG2,chr16:23636288:G:C,0,2,-0.5950813293457031,modal,cuda,U2AF2:HepG2
GRWD1,HepG2,chr16:23636309:A:C,1,2,-4.193960189819336,modal,cuda,U2AF2:HepG2
GRWD1,HepG2,chr16:23637862:G:A,0,2,0.6993893384933472,modal,cuda,U2AF2:HepG2
GRWD1,HepG2,chr16:23637869:T:G,0,2,-0.6911296844482422,modal,cuda,U2AF2:HepG2
GRWD1,HepG2,chr16:23637870:G:T,1,2,1.2044310569763184,modal,cuda,U2AF2:HepG2
GRWD1,HepG2,chr16:23637896:T:C,0,2,0.42691636085510254,modal,cuda,U2AF2:HepG2
GRWD1,HepG2,chr16:23637901:C:A,1,2,-3.1907968521118164,modal,cuda,U2AF2:HepG2
GRWD1,HepG2,chr16:23637914:C:T,0,2,1.3506743907928467,modal,cuda,U2AF2:HepG2
GRWD1,HepG2,chr16:24806293:G:A,0,2,-0.12445306777954102,modal,cuda,U2AF2:HepG2
GRWD1,HepG2,chr16:28723156:G:T,0,2,-0.72428297996521,modal,cuda,U2AF2:HepG2
GRWD1,HepG2,chr16:28833044:G:A,0,2,0.2790236473083496,modal,cuda,U2AF2:HepG2
GRWD1,HepG2,chr16:28873442:T:C,0,2,-0.4098987579345703,modal,cuda,U2AF2:HepG2
GRWD1,HepG2,chr16:28904206:G:A,0,2,-0.5801877975463867,modal,cuda,U2AF2:HepG2
GRWD1,HepG2,chr16:29804082:G:A,0,2,0.5359268188476562,modal,cuda,U2AF2:HepG2
GRWD1,HepG2,chr16:29819546:C:T,0,2,-0.6671407222747803,modal,cuda,U2AF2:HepG2
GRWD1,HepG2,chr16:29978788:C:T,0,2,-0.31586790084838867,modal,cuda,U2AF2:HepG2
GRWD1,HepG2,chr16:30704319:C:T,0,2,0.1729412078857422,modal,cuda,U2AF2:HepG2
GRWD1,HepG2,chr16:30751319:C:T,0,2,1.2012274265289307,modal,cuda,U2AF2:HepG2
GRWD1,HepG2,chr16:30925907:G:A,0,2,-1.287145972251892,modal,cuda,U2AF2:HepG2
GRWD1,HepG2,chr16:31180161:A:G,0,2,0.4634056091308594,modal,cuda,U2AF2:HepG2
GRWD1,HepG2,chr16:31182621:C:A,0,2,-0.27069616317749023,modal,cuda,U2AF2:HepG2
GRWD1,HepG2,chr16:31182627:C:T,0,2,0.3402118682861328,modal,cuda,U2AF2:HepG2
GRWD1,HepG2,chr16:31183904:C:T,0,2,0.32764291763305664,modal,cuda,U2AF2:HepG2
GRWD1,HepG2,chr16:31183920:C:T,1,2,0.32606005668640137,modal,cuda,U2AF2:HepG2
GRWD1,HepG2,chr16:31183958:C:T,0,2,0.14731693267822266,modal,cuda,U2AF2:HepG2
GRWD1,HepG2,chr16:31185031:G:A,1,2,0.17580008506774902,modal,cuda,U2AF2:HepG2
GRWD1,HepG2,chr16:31189158:C:T,1,2,0.7044734954833984,modal,cuda,U2AF2:HepG2
GRWD1,HepG2,chr16:3479490:C:T,1,2,-1.1977622509002686,modal,cuda,U2AF2:HepG2
GRWD1,HepG2,chr16:3663412:G:A,0,2,-1.5758130550384521,modal,cuda,U2AF2:HepG2
GRWD1,HepG2,chr16:3671706:G:A,0,2,0.1126399040222168,modal,cuda,U2AF2:HepG2
GRWD1,HepG2,chr16:3671707:C:T,0,2,0.37535780668258667,modal,cuda,U2AF2:HepG2
GRWD1,HepG2,chr16:3671713:G:C,0,2,-0.2670135498046875,modal,cuda,U2AF2:HepG2
GRWD1,HepG2,chr16:3675316:G:C,0,2,0.9802484512329102,modal,cuda,U2AF2:HepG2
GRWD1,HepG2,chr16:3685978:G:A,0,2,0.4552321434020996,modal,cuda,U2AF2:HepG2
GRWD1,HepG2,chr16:3686146:T:C,0,2,-0.31161123514175415,modal,cuda,U2AF2:HepG2
GRWD1,HepG2,chr16:3744985:G:A,0,2,0.15119534730911255,modal,cuda,U2AF2:HepG2
GRWD1,HepG2,chr16:3745362:G:A,0,2,-0.7481770515441895,modal,cuda,U2AF2:HepG2
GRWD1,HepG2,chr16:4341353:G:A,0,2,-0.24900054931640625,modal,cuda,U2AF2:HepG2
GRWD1,HepG2,chr16:46691098:G:A,1,2,-0.46920228004455566,modal,cuda,U2AF2:HepG2
GRWD1,HepG2,chr16:46693173:C:G,1,2,0.9970541000366211,modal,cuda,U2AF2:HepG2
GRWD1,HepG2,chr16:46697501:T:C,0,2,-0.2842526435852051,modal,cuda,U2AF2:HepG2
GRWD1,HepG2,chr16:46697521:A:C,1,2,0.620760440826416,modal,cuda,U2AF2:HepG2
GRWD1,HepG2,chr16:4800503:G:A,1,2,-0.6211927533149719,modal,cuda,U2AF2:HepG2
GRWD1,HepG2,chr16:4800511:C:T,1,2,0.4133906364440918,modal,cuda,U2AF2:HepG2
GRWD1,HepG2,chr16:4800548:G:A,1,2,0.8377230167388916,modal,cuda,U2AF2:HepG2
GRWD1,HepG2,chr16:53470624:A:T,0,2,0.46862101554870605,modal,cuda,U2AF2:HepG2
GRWD1,HepG2,chr16:53934119:G:C,0,2,0.33217334747314453,modal,cuda,U2AF2:HepG2
GRWD1,HepG2,chr16:56502748:T:C,0,2,-4.439807415008545,modal,cuda,U2AF2:HepG2
GRWD1,HepG2,chr16:56502799:G:A,1,2,0.5935654640197754,modal,cuda,U2AF2:HepG2
GRWD1,HepG2,chr16:58546309:T:C,0,2,-0.19143009185791016,modal,cuda,U2AF2:HepG2
GRWD1,HepG2,chr16:58549799:G:A,0,2,-1.6546550989151,modal,cuda,U2AF2:HepG2
GRWD1,HepG2,chr16:66541955:T:G,1,2,2.3902926445007324,modal,cuda,U2AF2:HepG2
GRWD1,HepG2,chr16:66541965:C:T,0,2,-0.5201479196548462,modal,cuda,U2AF2:HepG2
GRWD1,HepG2,chr16:670683:C:T,0,2,-1.0736911296844482,modal,cuda,U2AF2:HepG2
GRWD1,HepG2,chr16:672123:C:T,0,2,-1.175812005996704,modal,cuda,U2AF2:HepG2
GRWD1,HepG2,chr16:67610850:C:T,0,2,0.36125850677490234,modal,cuda,U2AF2:HepG2
GRWD1,HepG2,chr16:67610907:C:A,1,2,0.5385499000549316,modal,cuda,U2AF2:HepG2
GRWD1,HepG2,chr16:67832554:A:T,0,2,1.5267176628112793,modal,cuda,U2AF2:HepG2
GRWD1,HepG2,chr16:67833865:C:A,0,2,-1.5457570552825928,modal,cuda,U2AF2:HepG2
GRWD1,HepG2,chr16:682177:C:T,1,2,0.3215349316596985,modal,cuda,U2AF2:HepG2
GRWD1,HepG2,chr16:682214:T:C,1,2,-0.21759271621704102,modal,cuda,U2AF2:HepG2
GRWD1,HepG2,chr16:68324760:C:T,0,2,0.0748147964477539,modal,cuda,U2AF2:HepG2
GRWD1,HepG2,chr16:68337544:T:A,1,2,-1.507122278213501,modal,cuda,U2AF2:HepG2
GRWD1,HepG2,chr16:68337580:C:T,0,2,-0.2616236209869385,modal,cuda,U2AF2:HepG2
GRWD1,HepG2,chr16:69328874:T:A,0,2,0.4887251853942871,modal,cuda,U2AF2:HepG2
GRWD1,HepG2,chr16:69328876:C:A,0,2,1.3241076469421387,modal,cuda,U2AF2:HepG2
GRWD1,HepG2,chr16:69647317:G:A,0,2,0.5624809265136719,modal,cuda,U2AF2:HepG2
GRWD1,HepG2,chr16:69647467:A:G,0,2,-0.32903003692626953,modal,cuda,U2AF2:HepG2
GRWD1,HepG2,chr16:69647605:T:A,0,2,-0.31499814987182617,modal,cuda,U2AF2:HepG2
GRWD1,HepG2,chr16:69659915:C:T,0,2,0.3442845344543457,modal,cuda,U2AF2:HepG2
GRWD1,HepG2,chr16:70136319:G:T,0,2,-2.3470613956451416,modal,cuda,U2AF2:HepG2
GRWD1,HepG2,chr16:70481160:T:C,0,2,-0.2485828399658203,modal,cuda,U2AF2:HepG2
GRWD1,HepG2,chr16:70500950:G:A,0,2,-0.42587947845458984,modal,cuda,U2AF2:HepG2
GRWD1,HepG2,chr16:70509336:C:T,0,2,0.2330942153930664,modal,cuda,U2AF2:HepG2
GRWD1,HepG2,chr16:70509350:C:A,1,2,1.1045732498168945,modal,cuda,U2AF2:HepG2
GRWD1,HepG2,chr16:70514316:A:T,0,2,0.48616933822631836,modal,cuda,U2AF2:HepG2
GRWD1,HepG2,chr16:70514394:G:A,0,2,-0.28461694717407227,modal,cuda,U2AF2:HepG2
GRWD1,HepG2,chr16:72097020:C:T,0,2,-0.48654913902282715,modal,cuda,U2AF2:HepG2
GRWD1,HepG2,chr16:72097021:A:G,0,2,0.2433316707611084,modal,cuda,U2AF2:HepG2
GRWD1,HepG2,chr16:72958864:T:G,0,2,-1.0485002994537354,modal,cuda,U2AF2:HepG2
GRWD1,HepG2,chr16:739693:C:T,0,2,0.38166117668151855,modal,cuda,U2AF2:HepG2
GRWD1,HepG2,chr16:74661181:G:T,0,2,-0.2959136962890625,modal,cuda,U2AF2:HepG2
GRWD1,HepG2,chr16:75641616:T:C,0,2,-0.4471883773803711,modal,cuda,U2AF2:HepG2
GRWD1,HepG2,chr16:75641711:T:C,0,2,0.26659345626831055,modal,cuda,U2AF2:HepG2
GRWD1,HepG2,chr16:75656381:A:G,0,2,0.28112149238586426,modal,cuda,U2AF2:HepG2
GRWD1,HepG2,chr16:78099774:C:T,0,2,-0.6477206349372864,modal,cuda,U2AF2:HepG2
GRWD1,HepG2,chr16:78099779:A:C,1,2,0.3977813720703125,modal,cuda,U2AF2:HepG2
GRWD1,HepG2,chr16:78099780:T:C,1,2,0.632798969745636,modal,cuda,U2AF2:HepG2
GRWD1,HepG2,chr16:78115000:C:G,1,2,0.9858115911483765,modal,cuda,U2AF2:HepG2
GRWD1,HepG2,chr16:78115038:C:T,0,2,0.46968507766723633,modal,cuda,U2AF2:HepG2
GRWD1,HepG2,chr16:78115066:C:G,1,2,0.3419675827026367,modal,cuda,U2AF2:HepG2
GRWD1,HepG2,chr16:78115096:C:G,0,2,-0.8706417083740234,modal,cuda,U2AF2:HepG2
GRWD1,HepG2,chr16:84065783:C:G,0,2,-0.6944015026092529,modal,cuda,U2AF2:HepG2
GRWD1,HepG2,chr16:84067836:G:A,0,2,0.5099837779998779,modal,cuda,U2AF2:HepG2
GRWD1,HepG2,chr16:8772774:A:G,0,2,0.26237058639526367,modal,cuda,U2AF2:HepG2
GRWD1,HepG2,chr16:8772778:A:G,1,2,5.318663597106934,modal,cuda,U2AF2:HepG2
GRWD1,HepG2,chr16:88717006:G:A,0,2,-2.023991584777832,modal,cuda,U2AF2:HepG2
GRWD1,HepG2,chr16:88717010:C:A,0,2,0.4200475215911865,modal,cuda,U2AF2:HepG2
GRWD1,HepG2,chr16:88717330:A:G,0,2,-1.0359816551208496,modal,cuda,U2AF2:HepG2
GRWD1,HepG2,chr16:88858694:G:T,1,2,-0.5224480628967285,modal,cuda,U2AF2:HepG2
GRWD1,HepG2,chr16:8903270:T:G,0,2,0.7871723175048828,modal,cuda,U2AF2:HepG2
GRWD1,HepG2,chr16:8903305:G:A,0,2,-1.377079725265503,modal,cuda,U2AF2:HepG2
GRWD1,HepG2,chr16:8903379:A:T,1,2,1.1035175323486328,modal,cuda,U2AF2:HepG2
GRWD1,HepG2,chr16:8903412:T:C,0,2,-0.4065319895744324,modal,cuda,U2AF2:HepG2
GRWD1,HepG2,chr16:89101129:C:T,1,2,-2.160245895385742,modal,cuda,U2AF2:HepG2
GRWD1,HepG2,chr16:89146003:C:T,1,2,-0.6852318644523621,modal,cuda,U2AF2:HepG2
GRWD1,HepG2,chr16:89146009:G:T,1,2,-1.6802387237548828,modal,cuda,U2AF2:HepG2
GRWD1,HepG2,chr16:89198679:A:G,0,2,0.2722022533416748,modal,cuda,U2AF2:HepG2
GRWD1,HepG2,chr16:8921250:G:C,1,2,0.9320780038833618,modal,cuda,U2AF2:HepG2
GRWD1,HepG2,chr16:89290646:C:T,0,2,-0.20751523971557617,modal,cuda,U2AF2:HepG2
GRWD1,HepG2,chr16:89290658:C:A,1,2,1.1741888523101807,modal,cuda,U2AF2:HepG2
GRWD1,HepG2,chr16:89290680:C:A,0,2,0.45911359786987305,modal,cuda,U2AF2:HepG2
GRWD1,HepG2,chr16:89290682:G:A,0,2,0.5302989482879639,modal,cuda,U2AF2:HepG2
GRWD1,HepG2,chr16:89290686:G:A,0,2,0.07278764247894287,modal,cuda,U2AF2:HepG2
GRWD1,HepG2,chr16:89290706:G:A,1,2,0.9387912750244141,modal,cuda,U2AF2:HepG2
GRWD1,HepG2,chr16:89290721:C:A,1,2,1.000941514968872,modal,cuda,U2AF2:HepG2
GRWD1,HepG2,chr16:89290749:A:G,0,2,-0.765418529510498,modal,cuda,U2AF2:HepG2
GRWD1,HepG2,chr16:89290787:G:A,1,2,1.183070421218872,modal,cuda,U2AF2:HepG2
GRWD1,HepG2,chr16:89290802:G:A,1,2,-0.7757289409637451,modal,cuda,U2AF2:HepG2
GRWD1,HepG2,chr16:89291055:G:A,0,2,-0.4380808472633362,modal,cuda,U2AF2:HepG2
GRWD1,HepG2,chr16:89291130:C:G,0,2,0.2480792999267578,modal,cuda,U2AF2:HepG2
GRWD1,HepG2,chr16:89291161:C:T,0,2,0.20435571670532227,modal,cuda,U2AF2:HepG2
GRWD1,HepG2,chr16:89291165:C:T,0,2,0.38752079010009766,modal,cuda,U2AF2:HepG2
GRWD1,HepG2,chr16:89291166:G:A,0,2,0.7364730834960938,modal,cuda,U2AF2:HepG2
GRWD1,HepG2,chr16:8930299:C:A,1,2,-1.35294508934021,modal,cuda,U2AF2:HepG2
GRWD1,HepG2,chr16:8930314:C:T,0,2,0.46744775772094727,modal,cuda,U2AF2:HepG2
GRWD1,HepG2,chr16:89316939:C:T,0,2,0.8369884490966797,modal,cuda,U2AF2:HepG2
GRWD1,HepG2,chr16:89317037:G:A,0,2,0.9113879203796387,modal,cuda,U2AF2:HepG2
GRWD1,HepG2,chr16:89544791:G:A,0,2,-0.250150203704834,modal,cuda,U2AF2:HepG2
GRWD1,HepG2,chr16:89550629:G:A,0,2,0.6887187957763672,modal,cuda,U2AF2:HepG2
GRWD1,HepG2,chr16:89556997:C:T,0,2,0.9903976917266846,modal,cuda,U2AF2:HepG2
GRWD1,HepG2,chr16:89649390:T:C,0,2,0.8913958072662354,modal,cuda,U2AF2:HepG2
GRWD1,HepG2,chr16:89711882:A:G,0,2,0.33155393600463867,modal,cuda,U2AF2:HepG2
GRWD1,HepG2,chr16:89740100:C:G,1,2,2.14664363861084,modal,cuda,U2AF2:HepG2
GRWD1,HepG2,chr16:89770373:G:A,0,2,-0.7221518754959106,modal,cuda,U2AF2:HepG2
GRWD1,HepG2,chr16:89770397:T:C,1,2,-2.0205111503601074,modal,cuda,U2AF2:HepG2
GRWD1,HepG2,chr16:89770457:A:G,0,2,-1.0426504611968994,modal,cuda,U2AF2:HepG2
GRWD1,HepG2,chr16:89770464:T:C,0,2,5.820261001586914,modal,cuda,U2AF2:HepG2
GRWD1,HepG2,chr16:89770491:T:C,0,2,-0.8365638256072998,modal,cuda,U2AF2:HepG2
GRWD1,HepG2,chr16:89770644:C:G,0,2,0.5811442136764526,modal,cuda,U2AF2:HepG2
GRWD1,HepG2,chr16:89771670:A:G,0,2,-0.7119708061218262,modal,cuda,U2AF2:HepG2
GRWD1,HepG2,chr16:89783004:T:G,1,2,1.2032456398010254,modal,cuda,U2AF2:HepG2
GRWD1,HepG2,chr16:89791907:G:A,0,2,0.4534726142883301,modal,cuda,U2AF2:HepG2
GRWD1,HepG2,chr16:89810716:C:T,1,2,0.677058219909668,modal,cuda,U2AF2:HepG2
GRWD1,HepG2,chr16:89810724:C:A,1,2,1.2500433921813965,modal,cuda,U2AF2:HepG2
GRWD1,HepG2,chr16:89810765:A:T,1,2,-0.7381840348243713,modal,cuda,U2AF2:HepG2
GRWD1,HepG2,chr16:89810767:A:T,1,2,0.7583420276641846,modal,cuda,U2AF2:HepG2
GRWD1,HepG2,chr16:89810772:G:A,1,2,1.8742570877075195,modal,cuda,U2AF2:HepG2
GRWD1,HepG2,chr16:90031353:C:T,1,2,-0.8813325762748718,modal,cuda,U2AF2:HepG2
GRWD1,HepG2,chr16:90031397:G:A,1,2,-1.102223515510559,modal,cuda,U2AF2:HepG2
GRWD1,HepG2,chr16:90036627:G:A,0,2,-0.25377368927001953,modal,cuda,U2AF2:HepG2
GRWD1,HepG2,chr16:90040357:C:T,1,2,1.4994020462036133,modal,cuda,U2AF2:HepG2
GRWD1,HepG2,chr17:1362023:A:T,0,1,-0.07374286651611328,modal,cuda,U2AF2:HepG2
GRWD1,HepG2,chr17:1362024:T:A,0,1,0.0738992691040039,modal,cuda,U2AF2:HepG2
GRWD1,HepG2,chr17:1362031:T:A,0,1,0.17013978958129883,modal,cuda,U2AF2:HepG2
GRWD1,HepG2,chr17:1400164:C:G,0,1,-0.5500640869140625,modal,cuda,U2AF2:HepG2
GRWD1,HepG2,chr17:16139000:T:C,0,1,-0.3584446907043457,modal,cuda,U2AF2:HepG2
GRWD1,HepG2,chr17:1674691:A:C,0,1,0.9570848941802979,modal,cuda,U2AF2:HepG2
GRWD1,HepG2,chr17:1683704:G:A,0,1,0.5735688209533691,modal,cuda,U2AF2:HepG2
GRWD1,HepG2,chr17:19649021:C:A,1,1,-0.7519340515136719,modal,cuda,U2AF2:HepG2
GRWD1,HepG2,chr17:19649044:C:T,1,1,0.7958118915557861,modal,cuda,U2AF2:HepG2
GRWD1,HepG2,chr17:19649074:C:T,1,1,0.6690256595611572,modal,cuda,U2AF2:HepG2
GRWD1,HepG2,chr17:19651685:C:T,1,1,-0.88250732421875,modal,cuda,U2AF2:HepG2
GRWD1,HepG2,chr17:2330940:T:C,0,1,0.35701465606689453,modal,cuda,U2AF2:HepG2
GRWD1,HepG2,chr17:2696265:G:A,0,1,0.23897409439086914,modal,cuda,U2AF2:HepG2
GRWD1,HepG2,chr17:29121649:G:A,0,1,-0.4746530055999756,modal,cuda,U2AF2:HepG2
GRWD1,HepG2,chr17:29498311:C:T,0,1,0.7818121910095215,modal,cuda,U2AF2:HepG2
GRWD1,HepG2,chr17:31226425:T:A,1,1,-1.1149311065673828,modal,cuda,U2AF2:HepG2
GRWD1,HepG2,chr17:31226432:C:G,1,1,3.967989206314087,modal,cuda,U2AF2:HepG2
GRWD1,HepG2,chr17:3592058:C:T,0,1,0.16776299476623535,modal,cuda,U2AF2:HepG2
GRWD1,HepG2,chr17:39509778:A:C,0,1,-0.3145568370819092,modal,cuda,U2AF2:HepG2
GRWD1,HepG2,chr17:40392210:A:G,0,1,-0.26546710729599,modal,cuda,U2AF2:HepG2
GRWD1,HepG2,chr17:40629011:T:C,0,1,1.1888689994812012,modal,cuda,U2AF2:HepG2
GRWD1,HepG2,chr17:40818360:T:C,0,1,-0.2539973258972168,modal,cuda,U2AF2:HepG2
GRWD1,HepG2,chr17:41990284:T:C,0,1,-0.2950601577758789,modal,cuda,U2AF2:HepG2
GRWD1,HepG2,chr17:42781204:C:T,1,1,0.7977569103240967,modal,cuda,U2AF2:HepG2
GRWD1,HepG2,chr17:43213177:G:A,0,1,0.386436402797699,modal,cuda,U2AF2:HepG2
GRWD1,HepG2,chr17:44209421:C:T,0,1,0.3726792335510254,modal,cuda,U2AF2:HepG2
GRWD1,HepG2,chr17:44872440:G:A,0,1,-0.31264519691467285,modal,cuda,U2AF2:HepG2
GRWD1,HepG2,chr17:44883139:A:C,1,1,2.5720560550689697,modal,cuda,U2AF2:HepG2
GRWD1,HepG2,chr17:44883641:C:T,0,1,0.489014208316803,modal,cuda,U2AF2:HepG2
GRWD1,HepG2,chr17:44883742:A:G,0,1,0.1741342544555664,modal,cuda,U2AF2:HepG2
GRWD1,HepG2,chr17:44886777:C:T,0,1,0.4195213317871094,modal,cuda,U2AF2:HepG2
GRWD1,HepG2,chr17:44894519:C:A,1,1,0.8690381050109863,modal,cuda,U2AF2:HepG2
GRWD1,HepG2,chr17:46929572:C:T,1,1,-0.41388416290283203,modal,cuda,U2AF2:HepG2
GRWD1,HepG2,chr17:46931204:G:A,0,1,-1.312514305114746,modal,cuda,U2AF2:HepG2
GRWD1,HepG2,chr17:46935122:G:T,1,1,-1.1402218341827393,modal,cuda,U2AF2:HepG2
GRWD1,HepG2,chr17:46935129:A:G,0,1,-0.11541461944580078,modal,cuda,U2AF2:HepG2
GRWD1,HepG2,chr17:4719367:C:T,0,1,0.5717450976371765,modal,cuda,U2AF2:HepG2
GRWD1,HepG2,chr17:47613665:G:T,0,1,-0.31666994094848633,modal,cuda,U2AF2:HepG2
GRWD1,HepG2,chr17:48940932:G:A,1,1,0.3593277931213379,modal,cuda,U2AF2:HepG2
GRWD1,HepG2,chr17:5005012:A:G,0,1,-0.3387284278869629,modal,cuda,U2AF2:HepG2
GRWD1,HepG2,chr17:5020689:G:T,0,1,0.5615367889404297,modal,cuda,U2AF2:HepG2
GRWD1,HepG2,chr17:5020802:C:G,0,1,-0.5101966857910156,modal,cuda,U2AF2:HepG2
GRWD1,HepG2,chr17:5387361:A:C,0,1,-0.9429857730865479,modal,cuda,U2AF2:HepG2
GRWD1,HepG2,chr17:5387383:G:A,0,1,-0.2611875534057617,modal,cuda,U2AF2:HepG2
GRWD1,HepG2,chr17:57849228:C:G,0,1,-0.570399284362793,modal,cuda,U2AF2:HepG2
GRWD1,HepG2,chr17:58005893:G:A,1,1,2.741925001144409,modal,cuda,U2AF2:HepG2
GRWD1,HepG2,chr17:58006471:A:C,1,1,-0.5793918967247009,modal,cuda,U2AF2:HepG2
GRWD1,HepG2,chr17:58006491:A:C,1,1,1.741011619567871,modal,cuda,U2AF2:HepG2
GRWD1,HepG2,chr17:58006514:C:T,1,1,0.2505902051925659,modal,cuda,U2AF2:HepG2
GRWD1,HepG2,chr17:58216121:G:T,1,1,1.745985984802246,modal,cuda,U2AF2:HepG2
GRWD1,HepG2,chr17:58216208:A:T,1,1,-2.7518837451934814,modal,cuda,U2AF2:HepG2
GRWD1,HepG2,chr17:58218649:A:T,1,1,1.0355286598205566,modal,cuda,U2AF2:HepG2
GRWD1,HepG2,chr17:58218674:C:A,1,1,2.428194761276245,modal,cuda,U2AF2:HepG2
GRWD1,HepG2,chr17:58218686:G:A,1,1,1.2038058042526245,modal,cuda,U2AF2:HepG2
GRWD1,HepG2,chr17:58415425:G:A,0,1,-1.0371973514556885,modal,cuda,U2AF2:HepG2
GRWD1,HepG2,chr17:58415425:G:T,0,1,-0.802823543548584,modal,cuda,U2AF2:HepG2
GRWD1,HepG2,chr17:58415451:C:A,1,1,1.5957589149475098,modal,cuda,U2AF2:HepG2
GRWD1,HepG2,chr17:58415461:T:C,0,1,-0.35590624809265137,modal,cuda,U2AF2:HepG2
GRWD1,HepG2,chr17:58415467:C:T,0,1,-0.3639109134674072,modal,cuda,U2AF2:HepG2
GRWD1,HepG2,chr17:58415476:T:A,0,1,-0.394942045211792,modal,cuda,U2AF2:HepG2
GRWD1,HepG2,chr17:58415488:C:A,0,1,0.618512749671936,modal,cuda,U2AF2:HepG2
GRWD1,HepG2,chr17:58415497:G:A,0,1,-0.6010069847106934,modal,cuda,U2AF2:HepG2
GRWD1,HepG2,chr17:58415514:G:A,1,1,-0.6297457814216614,modal,cuda,U2AF2:HepG2
GRWD1,HepG2,chr17:58415518:G:A,0,1,-0.522685170173645,modal,cuda,U2AF2:HepG2
GRWD1,HepG2,chr17:58415548:A:G,0,1,1.2360864877700806,modal,cuda,U2AF2:HepG2
GRWD1,HepG2,chr17:61859925:A:C,0,1,1.8929600715637207,modal,cuda,U2AF2:HepG2
GRWD1,HepG2,chr17:61863272:C:T,0,1,-1.0674893856048584,modal,cuda,U2AF2:HepG2
GRWD1,HepG2,chr17:61863281:T:C,0,1,-0.5173344612121582,modal,cuda,U2AF2:HepG2
GRWD1,HepG2,chr17:61863291:G:C,0,1,-0.4524587392807007,modal,cuda,U2AF2:HepG2
GRWD1,HepG2,chr17:61863294:G:A,0,1,-1.1419782638549805,modal,cuda,U2AF2:HepG2
GRWD1,HepG2,chr17:63550698:G:A,0,1,0.516518771648407,modal,cuda,U2AF2:HepG2
GRWD1,HepG2,chr17:63752432:G:A,0,1,0.5765705108642578,modal,cuda,U2AF2:HepG2
GRWD1,HepG2,chr17:63760899:G:A,0,1,0.6989181041717529,modal,cuda,U2AF2:HepG2
GRWD1,HepG2,chr17:63829486:T:C,0,1,-0.2581324577331543,modal,cuda,U2AF2:HepG2
GRWD1,HepG2,chr17:63832927:T:C,0,1,-0.6106749773025513,modal,cuda,U2AF2:HepG2
GRWD1,HepG2,chr17:6589759:G:A,0,1,-2.2308220863342285,modal,cuda,U2AF2:HepG2
GRWD1,HepG2,chr17:6589787:T:C,0,1,-0.7690293788909912,modal,cuda,U2AF2:HepG2
GRWD1,HepG2,chr17:6589856:A:G,0,1,-0.9348323345184326,modal,cuda,U2AF2:HepG2
GRWD1,HepG2,chr17:6589878:T:C,0,1,-1.069033145904541,modal,cuda,U2AF2:HepG2
GRWD1,HepG2,chr17:6589903:G:C,0,1,-2.2470993995666504,modal,cuda,U2AF2:HepG2
GRWD1,HepG2,chr17:6635035:G:A,0,1,0.29762470722198486,modal,cuda,U2AF2:HepG2
GRWD1,HepG2,chr17:6635102:A:G,1,1,-1.0374025106430054,modal,cuda,U2AF2:HepG2
GRWD1,HepG2,chr17:6713208:G:A,0,1,0.4895784854888916,modal,cuda,U2AF2:HepG2
GRWD1,HepG2,chr17:67366436:T:A,0,1,0.8895937204360962,modal,cuda,U2AF2:HepG2
GRWD1,HepG2,chr17:67854771:A:G,0,1,-0.42580175399780273,modal,cuda,U2AF2:HepG2
GRWD1,HepG2,chr17:68250275:A:G,0,1,-1.3075695037841797,modal,cuda,U2AF2:HepG2
GRWD1,HepG2,chr17:68427131:C:T,0,1,-1.7231497764587402,modal,cuda,U2AF2:HepG2
GRWD1,HepG2,chr17:68530405:C:T,1,1,0.5988888740539551,modal,cuda,U2AF2:HepG2
GRWD1,HepG2,chr17:68542098:G:T,0,1,-0.9302644729614258,modal,cuda,U2AF2:HepG2
GRWD1,HepG2,chr17:7314165:G:A,0,1,-2.595611572265625,modal,cuda,U2AF2:HepG2
GRWD1,HepG2,chr17:73200026:G:A,1,1,2.1003620624542236,modal,cuda,U2AF2:HepG2
GRWD1,HepG2,chr17:7408721:G:A,0,1,-0.07617044448852539,modal,cuda,U2AF2:HepG2
GRWD1,HepG2,chr17:75261905:C:T,0,1,-0.755611777305603,modal,cuda,U2AF2:HepG2
GRWD1,HepG2,chr17:75262005:G:C,0,1,0.3389781713485718,modal,cuda,U2AF2:HepG2
GRWD1,HepG2,chr17:75262006:C:G,0,1,-0.45871734619140625,modal,cuda,U2AF2:HepG2
GRWD1,HepG2,chr17:75262012:G:T,0,1,-0.2450580596923828,modal,cuda,U2AF2:HepG2
GRWD1,HepG2,chr17:75629852:G:A,0,1,-0.9465732574462891,modal,cuda,U2AF2:HepG2
GRWD1,HepG2,chr17:76487805:C:T,0,1,1.265669345855713,modal,cuda,U2AF2:HepG2
GRWD1,HepG2,chr17:7673708:A:T,0,1,-0.30242300033569336,modal,cuda,U2AF2:HepG2
GRWD1,HepG2,chr17:7673746:T:A,1,1,1.093555212020874,modal,cuda,U2AF2:HepG2
GRWD1,HepG2,chr17:7673767:C:A,1,1,1.332193374633789,modal,cuda,U2AF2:HepG2
GRWD1,HepG2,chr17:7673780:T:C,0,1,0.7631552219390869,modal,cuda,U2AF2:HepG2
GRWD1,HepG2,chr17:7673798:A:G,0,1,0.6262651085853577,modal,cuda,U2AF2:HepG2
GRWD1,HepG2,chr17:7673800:C:T,0,1,-0.4162116050720215,modal,cuda,U2AF2:HepG2
GRWD1,HepG2,chr17:7673815:T:A,0,1,-0.6637428402900696,modal,cuda,U2AF2:HepG2
GRWD1,HepG2,chr17:77281529:A:C,0,1,0.5892806649208069,modal,cuda,U2AF2:HepG2
GRWD1,HepG2,chr17:77402259:G:T,0,1,1.083760142326355,modal,cuda,U2AF2:HepG2
GRWD1,HepG2,chr17:77402298:C:T,1,1,0.652038037776947,modal,cuda,U2AF2:HepG2
GRWD1,HepG2,chr17:77402304:A:G,0,1,-0.3929169178009033,modal,cuda,U2AF2:HepG2
GRWD1,HepG2,chr17:77402314:C:T,1,1,0.48155516386032104,modal,cuda,U2AF2:HepG2
GRWD1,HepG2,chr17:77402710:C:T,0,1,0.3434910774230957,modal,cuda,U2AF2:HepG2
GRWD1,HepG2,chr17:77482154:G:A,0,1,0.2981100082397461,modal,cuda,U2AF2:HepG2
GRWD1,HepG2,chr17:77493085:C:T,0,1,0.4032851457595825,modal,cuda,U2AF2:HepG2
GRWD1,HepG2,chr17:77493091:C:T,0,1,-1.96671462059021,modal,cuda,U2AF2:HepG2
GRWD1,HepG2,chr17:77493097:G:A,0,1,0.851280927658081,modal,cuda,U2AF2:HepG2
GRWD1,HepG2,chr17:77498660:C:T,0,1,0.2661625146865845,modal,cuda,U2AF2:HepG2
GRWD1,HepG2,chr17:77498664:A:G,0,1,0.33420610427856445,modal,cuda,U2AF2:HepG2
GRWD1,HepG2,chr17:78113215:C:T,0,1,0.5179377198219299,modal,cuda,U2AF2:HepG2
GRWD1,HepG2,chr17:78223604:G:C,0,1,0.21773386001586914,modal,cuda,U2AF2:HepG2
GRWD1,HepG2,chr17:78821009:G:A,0,1,-0.36144542694091797,modal,cuda,U2AF2:HepG2
GRWD1,HepG2,chr17:80047415:T:C,0,1,0.1483747959136963,modal,cuda,U2AF2:HepG2
GRWD1,HepG2,chr17:80047461:T:C,0,1,-0.44928979873657227,modal,cuda,U2AF2:HepG2
GRWD1,HepG2,chr17:80212105:C:T,1,1,0.8365129232406616,modal,cuda,U2AF2:HepG2
GRWD1,HepG2,chr17:80212128:A:G,1,1,0.9449979066848755,modal,cuda,U2AF2:HepG2
GRWD1,HepG2,chr17:80214155:A:G,0,1,1.7577846050262451,modal,cuda,U2AF2:HepG2
GRWD1,HepG2,chr17:80214237:C:A,1,1,1.9329279661178589,modal,cuda,U2AF2:HepG2
GRWD1,HepG2,chr17:80214253:A:T,1,1,2.0254061222076416,modal,cuda,U2AF2:HepG2
GRWD1,HepG2,chr17:80214257:A:G,1,1,-0.5688004493713379,modal,cuda,U2AF2:HepG2
GRWD1,HepG2,chr17:80337566:C:T,0,1,0.1575073003768921,modal,cuda,U2AF2:HepG2
GRWD1,HepG2,chr17:80885016:C:T,0,1,-0.27959567308425903,modal,cuda,U2AF2:HepG2
GRWD1,HepG2,chr17:81100004:A:T,1,1,0.05498480796813965,modal,cuda,U2AF2:HepG2
GRWD1,HepG2,chr17:81239341:C:T,0,1,-0.7542052268981934,modal,cuda,U2AF2:HepG2
GRWD1,HepG2,chr17:81239364:A:C,1,1,0.8036154508590698,modal,cuda,U2AF2:HepG2
GRWD1,HepG2,chr17:81239364:A:G,1,1,-0.3728678822517395,modal,cuda,U2AF2:HepG2
GRWD1,HepG2,chr17:81572047:C:A,0,1,-0.5923923254013062,modal,cuda,U2AF2:HepG2
GRWD1,HepG2,chr17:81696600:C:T,0,1,-0.1466960906982422,modal,cuda,U2AF2:HepG2
GRWD1,HepG2,chr17:81704238:G:T,0,1,-0.6066519021987915,modal,cuda,U2AF2:HepG2
GRWD1,HepG2,chr17:81904948:A:G,0,1,-0.26794177293777466,modal,cuda,U2AF2:HepG2
GRWD1,HepG2,chr17:81905059:A:G,0,1,0.30442166328430176,modal,cuda,U2AF2:HepG2
GRWD1,HepG2,chr17:81906207:G:A,0,1,-0.17524337768554688,modal,cuda,U2AF2:HepG2
GRWD1,HepG2,chr17:81906551:A:G,0,1,0.49505114555358887,modal,cuda,U2AF2:HepG2
GRWD1,HepG2,chr17:81934651:A:C,1,1,0.5152335166931152,modal,cuda,U2AF2:HepG2
GRWD1,HepG2,chr17:81934670:C:A,1,1,0.3525437116622925,modal,cuda,U2AF2:HepG2
GRWD1,HepG2,chr17:81934710:A:G,0,1,0.6011146306991577,modal,cuda,U2AF2:HepG2
GRWD1,HepG2,chr17:8232368:G:A,1,1,0.36154842376708984,modal,cuda,U2AF2:HepG2
GRWD1,HepG2,chr17:8232377:G:A,1,1,-0.3086298108100891,modal,cuda,U2AF2:HepG2
GRWD1,HepG2,chr17:8232427:A:C,1,1,-0.9276890754699707,modal,cuda,U2AF2:HepG2
GRWD1,HepG2,chr17:8257799:C:G,0,1,0.9212052822113037,modal,cuda,U2AF2:HepG2
GRWD1,HepG2,chr17:82644032:G:A,0,1,0.199141263961792,modal,cuda,U2AF2:HepG2
GRWD1,HepG2,chr17:8478333:C:A,0,1,0.933269739151001,modal,cuda,U2AF2:HepG2
GRWD1,HepG2,chr17:8478334:G:A,0,1,0.2819170355796814,modal,cuda,U2AF2:HepG2
GRWD1,HepG2,chr17:8487415:A:G,0,1,0.2324068546295166,modal,cuda,U2AF2:HepG2
GRWD1,HepG2,chr18:12009876:A:G,0,4,-1.0548068284988403,modal,cuda,U2AF2:HepG2
GRWD1,HepG2,chr18:203081:A:C,0,4,0.8504984378814697,modal,cuda,U2AF2:HepG2
GRWD1,HepG2,chr18:21804032:A:G,0,4,0.24857139587402344,modal,cuda,U2AF2:HepG2
GRWD1,HepG2,chr18:2951049:T:C,0,4,-0.23151564598083496,modal,cuda,U2AF2:HepG2
GRWD1,HepG2,chr18:3456385:G:A,0,4,-0.5235669612884521,modal,cuda,U2AF2:HepG2
GRWD1,HepG2,chr18:3456397:C:T,0,4,-0.5002143383026123,modal,cuda,U2AF2:HepG2
GRWD1,HepG2,chr18:36159822:T:C,0,4,0.27286481857299805,modal,cuda,U2AF2:HepG2
GRWD1,HepG2,chr18:47176347:C:A,0,4,1.6160986423492432,modal,cuda,U2AF2:HepG2
GRWD1,HepG2,chr18:49331908:G:T,1,4,1.293757438659668,modal,cuda,U2AF2:HepG2
GRWD1,HepG2,chr18:49331954:G:A,1,4,1.0093498229980469,modal,cuda,U2AF2:HepG2
GRWD1,HepG2,chr18:50194891:G:A,0,4,-1.2592532634735107,modal,cuda,U2AF2:HepG2
GRWD1,HepG2,chr18:50283881:C:G,0,4,-0.8655091524124146,modal,cuda,U2AF2:HepG2
GRWD1,HepG2,chr18:58342903:T:C,0,4,-0.6349314451217651,modal,cuda,U2AF2:HepG2
GRWD1,HepG2,chr18:58385600:G:A,0,4,-2.21528697013855,modal,cuda,U2AF2:HepG2
GRWD1,HepG2,chr18:669174:G:A,1,4,-0.5137391090393066,modal,cuda,U2AF2:HepG2
GRWD1,HepG2,chr18:79110412:A:C,0,4,-0.5589547157287598,modal,cuda,U2AF2:HepG2
GRWD1,HepG2,chr18:79973859:G:C,1,4,7.729982376098633,modal,cuda,U2AF2:HepG2
GRWD1,HepG2,chr19:10151737:C:T,0,4,-0.30875635147094727,modal,cuda,U2AF2:HepG2
GRWD1,HepG2,chr19:10154274:C:T,0,4,0.5228871703147888,modal,cuda,U2AF2:HepG2
GRWD1,HepG2,chr19:10160426:G:C,0,4,0.43662405014038086,modal,cuda,U2AF2:HepG2
GRWD1,HepG2,chr19:10180437:C:G,0,4,0.6798465251922607,modal,cuda,U2AF2:HepG2
GRWD1,HepG2,chr19:10180505:T:C,0,4,-1.1411709785461426,modal,cuda,U2AF2:HepG2
GRWD1,HepG2,chr19:10180797:C:T,0,4,0.6656759977340698,modal,cuda,U2AF2:HepG2
GRWD1,HepG2,chr19:10182083:A:G,0,4,-0.48401904106140137,modal,cuda,U2AF2:HepG2
GRWD1,HepG2,chr19:10795451:G:A,0,4,0.43132710456848145,modal,cuda,U2AF2:HepG2
GRWD1,HepG2,chr19:10812257:C:A,0,4,0.39918017387390137,modal,cuda,U2AF2:HepG2
GRWD1,HepG2,chr19:10986353:C:T,1,4,-2.2745728492736816,modal,cuda,U2AF2:HepG2
GRWD1,HepG2,chr19:10986359:C:T,1,4,-1.7649564743041992,modal,cuda,U2AF2:HepG2
GRWD1,HepG2,chr19:10986394:C:G,1,4,-2.5268208980560303,modal,cuda,U2AF2:HepG2
GRWD1,HepG2,chr19:10989339:C:T,1,4,3.213489055633545,modal,cuda,U2AF2:HepG2
GRWD1,HepG2,chr19:10989387:C:T,1,4,2.1833596229553223,modal,cuda,U2AF2:HepG2
GRWD1,HepG2,chr19:10989441:C:T,1,4,0.5854597091674805,modal,cuda,U2AF2:HepG2
GRWD1,HepG2,chr19:10996285:C:T,1,4,-1.0743155479431152,modal,cuda,U2AF2:HepG2
GRWD1,HepG2,chr19:10996294:G:A,1,4,0.4645785093307495,modal,cuda,U2AF2:HepG2
GRWD1,HepG2,chr19:10996299:C:G,1,4,-1.113243818283081,modal,cuda,U2AF2:HepG2
GRWD1,HepG2,chr19:11003047:C:T,1,4,1.442408561706543,modal,cuda,U2AF2:HepG2
GRWD1,HepG2,chr19:11003392:G:T,1,4,0.7239713668823242,modal,cuda,U2AF2:HepG2
GRWD1,HepG2,chr19:11007956:G:T,1,4,-1.829160213470459,modal,cuda,U2AF2:HepG2
GRWD1,HepG2,chr19:11007965:A:T,1,4,-1.6278760433197021,modal,cuda,U2AF2:HepG2
GRWD1,HepG2,chr19:11008035:C:T,0,4,-2.7404024600982666,modal,cuda,U2AF2:HepG2
GRWD1,HepG2,chr19:11008036:G:A,0,4,-0.9632432460784912,modal,cuda,U2AF2:HepG2
GRWD1,HepG2,chr19:11010406:G:T,1,4,-6.074420928955078,modal,cuda,U2AF2:HepG2
GRWD1,HepG2,chr19:11010413:G:A,1,4,-0.3209419250488281,modal,cuda,U2AF2:HepG2
GRWD1,HepG2,chr19:11010421:C:T,1,4,-3.472810745239258,modal,cuda,U2AF2:HepG2
GRWD1,HepG2,chr19:11010451:T:G,1,4,1.5192766189575195,modal,cuda,U2AF2:HepG2
GRWD1,HepG2,chr19:11010523:C:T,1,4,-0.8789181709289551,modal,cuda,U2AF2:HepG2
GRWD1,HepG2,chr19:11012932:C:G,0,4,1.3434092998504639,modal,cuda,U2AF2:HepG2
GRWD1,HepG2,chr19:11012961:G:T,1,4,-2.126297950744629,modal,cuda,U2AF2:HepG2
GRWD1,HepG2,chr19:11012965:G:A,1,4,-2.08186411857605,modal,cuda,U2AF2:HepG2
GRWD1,HepG2,chr19:11012966:G:A,1,4,-0.9065427780151367,modal,cuda,U2AF2:HepG2
GRWD1,HepG2,chr19:11013022:T:C,1,4,-0.7292776107788086,modal,cuda,U2AF2:HepG2
GRWD1,HepG2,chr19:11018993:G:T,1,4,-1.23649263381958,modal,cuda,U2AF2:HepG2
GRWD1,HepG2,chr19:11021722:C:G,1,4,3.611042022705078,modal,cuda,U2AF2:HepG2
GRWD1,HepG2,chr19:11021762:G:A,1,4,1.2412835359573364,modal,cuda,U2AF2:HepG2
GRWD1,HepG2,chr19:11021791:C:T,1,4,-1.1212339401245117,modal,cuda,U2AF2:HepG2
GRWD1,HepG2,chr19:11021933:G:A,1,4,0.5021753311157227,modal,cuda,U2AF2:HepG2
GRWD1,HepG2,chr19:11021934:G:A,1,4,0.45587158203125,modal,cuda,U2AF2:HepG2
GRWD1,HepG2,chr19:11021936:T:G,1,4,-1.202366828918457,modal,cuda,U2AF2:HepG2
GRWD1,HepG2,chr19:11026300:G:T,1,4,1.7508244514465332,modal,cuda,U2AF2:HepG2
GRWD1,HepG2,chr19:11030816:C:G,1,4,-0.5850710868835449,modal,cuda,U2AF2:HepG2
GRWD1,HepG2,chr19:11030843:C:T,1,4,-2.684457540512085,modal,cuda,U2AF2:HepG2
GRWD1,HepG2,chr19:11030880:G:A,1,4,1.6156861782073975,modal,cuda,U2AF2:HepG2
GRWD1,HepG2,chr19:11033296:C:T,1,4,1.271152138710022,modal,cuda,U2AF2:HepG2
GRWD1,HepG2,chr19:11033299:G:A,1,4,-0.529550313949585,modal,cuda,U2AF2:HepG2
GRWD1,HepG2,chr19:11033302:C:T,1,4,2.02539324760437,modal,cuda,U2AF2:HepG2
GRWD1,HepG2,chr19:11033308:C:T,1,4,3.195002555847168,modal,cuda,U2AF2:HepG2
GRWD1,HepG2,chr19:11033350:C:T,1,4,-1.4195936918258667,modal,cuda,U2AF2:HepG2
GRWD1,HepG2,chr19:11033431:C:T,1,4,-2.3250691890716553,modal,cuda,U2AF2:HepG2
GRWD1,HepG2,chr19:11033467:G:A,1,4,-1.4065542221069336,modal,cuda,U2AF2:HepG2
GRWD1,HepG2,chr19:11035000:G:A,1,4,-1.805091381072998,modal,cuda,U2AF2:HepG2
GRWD1,HepG2,chr19:11035015:C:T,0,4,0.17640817165374756,modal,cuda,U2AF2:HepG2
GRWD1,HepG2,chr19:11035039:T:A,1,4,-0.5125770568847656,modal,cuda,U2AF2:HepG2
GRWD1,HepG2,chr19:11035107:C:A,1,4,-1.1989089250564575,modal,cuda,U2AF2:HepG2
GRWD1,HepG2,chr19:11041379:C:T,1,4,1.0448678731918335,modal,cuda,U2AF2:HepG2
GRWD1,HepG2,chr19:11058277:G:T,1,4,-3.9729597568511963,modal,cuda,U2AF2:HepG2
GRWD1,HepG2,chr19:11058289:C:T,1,4,-2.781978130340576,modal,cuda,U2AF2:HepG2
GRWD1,HepG2,chr19:11058307:G:T,1,4,-1.9954383373260498,modal,cuda,U2AF2:HepG2
GRWD1,HepG2,chr19:11058324:C:G,1,4,-1.0355637073516846,modal,cuda,U2AF2:HepG2
GRWD1,HepG2,chr19:11058833:A:T,1,4,-1.4636762142181396,modal,cuda,U2AF2:HepG2
GRWD1,HepG2,chr19:11058838:C:T,0,4,0.33674073219299316,modal,cuda,U2AF2:HepG2
GRWD1,HepG2,chr19:11058854:C:T,1,4,-0.7955427169799805,modal,cuda,U2AF2:HepG2
GRWD1,HepG2,chr19:11059777:C:T,1,4,1.2899478673934937,modal,cuda,U2AF2:HepG2
GRWD1,HepG2,chr19:11059801:C:T,1,4,2.2439839839935303,modal,cuda,U2AF2:HepG2
GRWD1,HepG2,chr19:11059855:G:T,1,4,-0.6719410419464111,modal,cuda,U2AF2:HepG2
GRWD1,HepG2,chr19:11059876:G:T,1,4,-1.4410077333450317,modal,cuda,U2AF2:HepG2
GRWD1,HepG2,chr19:11062217:G:A,0,4,0.5916311740875244,modal,cuda,U2AF2:HepG2
GRWD1,HepG2,chr19:11252109:G:A,0,4,-0.36148571968078613,modal,cuda,U2AF2:HepG2
GRWD1,HepG2,chr19:11252470:A:T,0,4,-0.6706770062446594,modal,cuda,U2AF2:HepG2
GRWD1,HepG2,chr19:11448203:C:T,0,4,0.5343285799026489,modal,cuda,U2AF2:HepG2
GRWD1,HepG2,chr19:1218423:T:C,0,4,-0.5352142453193665,modal,cuda,U2AF2:HepG2
GRWD1,HepG2,chr19:1218424:C:T,1,4,1.5431044101715088,modal,cuda,U2AF2:HepG2
GRWD1,HepG2,chr19:1221225:C:A,0,4,-0.5476260185241699,modal,cuda,U2AF2:HepG2
GRWD1,HepG2,chr19:1221237:C:G,1,4,-1.417567491531372,modal,cuda,U2AF2:HepG2
GRWD1,HepG2,chr19:1221246:A:G,0,4,0.16900205612182617,modal,cuda,U2AF2:HepG2
GRWD1,HepG2,chr19:1221261:C:A,1,4,3.326371192932129,modal,cuda,U2AF2:HepG2
GRWD1,HepG2,chr19:1221261:C:G,1,4,2.778125762939453,modal,cuda,U2AF2:HepG2
GRWD1,HepG2,chr19:1223115:G:T,1,4,1.0839743614196777,modal,cuda,U2AF2:HepG2
GRWD1,HepG2,chr19:1223144:C:A,0,4,-0.6683486700057983,modal,cuda,U2AF2:HepG2
GRWD1,HepG2,chr19:1226461:C:A,0,4,-1.2012289762496948,modal,cuda,U2AF2:HepG2
GRWD1,HepG2,chr19:1226491:G:A,0,4,0.605466365814209,modal,cuda,U2AF2:HepG2
GRWD1,HepG2,chr19:1226542:G:A,0,4,0.3600020408630371,modal,cuda,U2AF2:HepG2
GRWD1,HepG2,chr19:12706227:G:A,1,4,0.9589071273803711,modal,cuda,U2AF2:HepG2
GRWD1,HepG2,chr19:12715306:G:A,0,4,-0.15954279899597168,modal,cuda,U2AF2:HepG2
GRWD1,HepG2,chr19:12715329:C:T,0,4,0.1611013412475586,modal,cuda,U2AF2:HepG2
GRWD1,HepG2,chr19:12897776:C:T,1,4,2.31547474861145,modal,cuda,U2AF2:HepG2
GRWD1,HepG2,chr19:12897788:G:A,1,4,0.527722954750061,modal,cuda,U2AF2:HepG2
GRWD1,HepG2,chr19:12897789:G:C,1,4,1.0107630491256714,modal,cuda,U2AF2:HepG2
GRWD1,HepG2,chr19:12897793:G:T,0,4,0.8675132989883423,modal,cuda,U2AF2:HepG2
GRWD1,HepG2,chr19:12897802:T:G,1,4,-0.5913076400756836,modal,cuda,U2AF2:HepG2
GRWD1,HepG2,chr19:12897818:G:A,1,4,1.2125074863433838,modal,cuda,U2AF2:HepG2
GRWD1,HepG2,chr19:12897824:C:G,1,4,1.2318155765533447,modal,cuda,U2AF2:HepG2
GRWD1,HepG2,chr19:12897828:A:G,1,4,-0.4082071781158447,modal,cuda,U2AF2:HepG2
GRWD1,HepG2,chr19:12897831:C:G,1,4,-0.6302918791770935,modal,cuda,U2AF2:HepG2
GRWD1,HepG2,chr19:12897858:A:G,1,4,0.47293877601623535,modal,cuda,U2AF2:HepG2
GRWD1,HepG2,chr19:12897859:C:A,1,4,-1.5551033020019531,modal,cuda,U2AF2:HepG2
GRWD1,HepG2,chr19:12897860:G:T,1,4,-1.2457764148712158,modal,cuda,U2AF2:HepG2
GRWD1,HepG2,chr19:13772146:C:T,0,4,0.2701190710067749,modal,cuda,U2AF2:HepG2
GRWD1,HepG2,chr19:13772285:A:G,0,4,0.7333176136016846,modal,cuda,U2AF2:HepG2
GRWD1,HepG2,chr19:14518308:G:C,0,4,0.6772119998931885,modal,cuda,U2AF2:HepG2
GRWD1,HepG2,chr19:15254275:C:A,0,4,-1.4568067789077759,modal,cuda,U2AF2:HepG2
GRWD1,HepG2,chr19:15255604:C:T,0,4,-0.8612604141235352,modal,cuda,U2AF2:HepG2
GRWD1,HepG2,chr19:15255612:A:G,0,4,-1.7951321601867676,modal,cuda,U2AF2:HepG2
GRWD1,HepG2,chr19:15257181:G:A,0,4,0.7312703132629395,modal,cuda,U2AF2:HepG2
GRWD1,HepG2,chr19:15263414:C:G,0,4,0.6010761260986328,modal,cuda,U2AF2:HepG2
GRWD1,HepG2,chr19:15264394:T:A,0,4,-0.11041712760925293,modal,cuda,U2AF2:HepG2
GRWD1,HepG2,chr19:15370139:T:G,0,4,-0.6922638416290283,modal,cuda,U2AF2:HepG2
GRWD1,HepG2,chr19:15401582:G:A,0,4,-0.4745044708251953,modal,cuda,U2AF2:HepG2
GRWD1,HepG2,chr19:1632021:C:A,0,4,-0.8506571650505066,modal,cuda,U2AF2:HepG2
GRWD1,HepG2,chr19:17339045:G:A,1,4,0.6289620399475098,modal,cuda,U2AF2:HepG2
GRWD1,HepG2,chr19:19526169:C:T,0,4,-0.5490231513977051,modal,cuda,U2AF2:HepG2
GRWD1,HepG2,chr19:2111662:G:A,0,4,-0.619659423828125,modal,cuda,U2AF2:HepG2
GRWD1,HepG2,chr19:2112840:T:C,0,4,2.73270583152771,modal,cuda,U2AF2:HepG2
GRWD1,HepG2,chr19:2112842:G:A,0,4,0.9763690233230591,modal,cuda,U2AF2:HepG2
GRWD1,HepG2,chr19:2112845:G:T,0,4,2.2543864250183105,modal,cuda,U2AF2:HepG2
GRWD1,HepG2,chr19:2121317:C:T,0,4,-0.48967957496643066,modal,cuda,U2AF2:HepG2
GRWD1,HepG2,chr19:2121727:C:T,0,4,-0.6035805940628052,modal,cuda,U2AF2:HepG2
GRWD1,HepG2,chr19:2123882:G:A,0,4,1.990369200706482,modal,cuda,U2AF2:HepG2
GRWD1,HepG2,chr19:2137107:T:G,0,4,-0.4757818579673767,modal,cuda,U2AF2:HepG2
GRWD1,HepG2,chr19:2151228:G:A,0,4,0.49241065979003906,modal,cuda,U2AF2:HepG2
GRWD1,HepG2,chr19:30009016:C:T,0,4,-0.0969541072845459,modal,cuda,U2AF2:HepG2
GRWD1,HepG2,chr19:34451967:A:T,0,4,-0.4475901126861572,modal,cuda,U2AF2:HepG2
GRWD1,HepG2,chr19:35719554:G:A,0,4,0.3685734272003174,modal,cuda,U2AF2:HepG2
GRWD1,HepG2,chr19:38110395:C:G,0,4,-1.278733730316162,modal,cuda,U2AF2:HepG2
GRWD1,HepG2,chr19:38647913:C:T,0,4,-0.4063994884490967,modal,cuda,U2AF2:HepG2
GRWD1,HepG2,chr19:38710261:C:T,0,4,0.8360579013824463,modal,cuda,U2AF2:HepG2
GRWD1,HepG2,chr19:38710286:A:G,1,4,-0.20586633682250977,modal,cuda,U2AF2:HepG2
GRWD1,HepG2,chr19:38710299:C:T,1,4,0.41700223088264465,modal,cuda,U2AF2:HepG2
GRWD1,HepG2,chr19:38710307:T:C,1,4,0.46241021156311035,modal,cuda,U2AF2:HepG2
GRWD1,HepG2,chr19:38725907:C:T,0,4,0.6365833282470703,modal,cuda,U2AF2:HepG2
GRWD1,HepG2,chr19:39389023:A:G,0,4,-0.626220703125,modal,cuda,U2AF2:HepG2
GRWD1,HepG2,chr19:40237951:G:A,0,4,-0.39076781272888184,modal,cuda,U2AF2:HepG2
GRWD1,HepG2,chr19:40257052:C:T,1,4,-0.7510442137718201,modal,cuda,U2AF2:HepG2
GRWD1,HepG2,chr19:4110494:C:A,0,4,2.455554962158203,modal,cuda,U2AF2:HepG2
GRWD1,HepG2,chr19:41273979:C:T,0,4,0.8323385119438171,modal,cuda,U2AF2:HepG2
GRWD1,HepG2,chr19:41904307:G:A,0,4,-0.20018815994262695,modal,cuda,U2AF2:HepG2
GRWD1,HepG2,chr19:41905934:T:C,0,4,-0.6084161400794983,modal,cuda,U2AF2:HepG2
GRWD1,HepG2,chr19:43495251:C:T,0,4,2.993023633956909,modal,cuda,U2AF2:HepG2
GRWD1,HepG2,chr19:44100937:G:A,0,4,0.24247503280639648,modal,cuda,U2AF2:HepG2
GRWD1,HepG2,chr19:44974602:G:A,0,4,1.497335433959961,modal,cuda,U2AF2:HepG2
GRWD1,HepG2,chr19:45408178:G:A,0,4,0.2947201728820801,modal,cuda,U2AF2:HepG2
GRWD1,HepG2,chr19:46601421:C:A,0,4,0.9740607738494873,modal,cuda,U2AF2:HepG2
GRWD1,HepG2,chr19:46608183:C:G,0,4,0.788123369216919,modal,cuda,U2AF2:HepG2
GRWD1,HepG2,chr19:4702053:G:A,0,4,0.9895085096359253,modal,cuda,U2AF2:HepG2
GRWD1,HepG2,chr19:4702073:A:G,0,4,-0.3714132308959961,modal,cuda,U2AF2:HepG2
GRWD1,HepG2,chr19:4705953:G:A,1,4,-2.5499322414398193,modal,cuda,U2AF2:HepG2
GRWD1,HepG2,chr19:47082303:A:G,0,4,-0.6228861808776855,modal,cuda,U2AF2:HepG2
GRWD1,HepG2,chr19:47197285:T:C,0,4,-0.49970149993896484,modal,cuda,U2AF2:HepG2
GRWD1,HepG2,chr19:48127976:G:A,0,4,-0.15832173824310303,modal,cuda,U2AF2:HepG2
GRWD1,HepG2,chr19:48128001:G:A,0,4,-0.4344978332519531,modal,cuda,U2AF2:HepG2
GRWD1,HepG2,chr19:48143528:G:T,0,4,-0.4231930375099182,modal,cuda,U2AF2:HepG2
GRWD1,HepG2,chr19:48143940:T:C,0,4,-3.536223888397217,modal,cuda,U2AF2:HepG2
GRWD1,HepG2,chr19:48143968:G:A,0,4,0.5767817497253418,modal,cuda,U2AF2:HepG2
GRWD1,HepG2,chr19:48143984:T:C,0,4,0.7774572372436523,modal,cuda,U2AF2:HepG2
GRWD1,HepG2,chr19:48151296:G:T,0,4,-0.3101024627685547,modal,cuda,U2AF2:HepG2
GRWD1,HepG2,chr19:48151299:C:T,0,4,0.3226156234741211,modal,cuda,U2AF2:HepG2
GRWD1,HepG2,chr19:48161516:T:C,0,4,0.5042088031768799,modal,cuda,U2AF2:HepG2
GRWD1,HepG2,chr19:48162298:G:A,0,4,0.5922461748123169,modal,cuda,U2AF2:HepG2
GRWD1,HepG2,chr19:48165538:G:A,0,4,0.5250391960144043,modal,cuda,U2AF2:HepG2
GRWD1,HepG2,chr19:48165573:G:A,0,4,0.945077657699585,modal,cuda,U2AF2:HepG2
GRWD1,HepG2,chr19:48231685:T:C,0,4,-0.5609354972839355,modal,cuda,U2AF2:HepG2
GRWD1,HepG2,chr19:48955799:G:A,1,4,1.8409223556518555,modal,cuda,U2AF2:HepG2
GRWD1,HepG2,chr19:48982291:G:A,0,4,0.7768948078155518,modal,cuda,U2AF2:HepG2
GRWD1,HepG2,chr19:48982330:G:A,0,4,0.8438295722007751,modal,cuda,U2AF2:HepG2
GRWD1,HepG2,chr19:49015801:T:C,0,4,1.4063241481781006,modal,cuda,U2AF2:HepG2
GRWD1,HepG2,chr19:49680531:G:A,0,4,-0.22388607263565063,modal,cuda,U2AF2:HepG2
GRWD1,HepG2,chr19:49835196:C:T,0,4,-0.6250337362289429,modal,cuda,U2AF2:HepG2
GRWD1,HepG2,chr19:50320579:G:C,0,4,-0.5127856731414795,modal,cuda,U2AF2:HepG2
GRWD1,HepG2,chr19:50320579:G:T,0,4,-0.6426472663879395,modal,cuda,U2AF2:HepG2
GRWD1,HepG2,chr19:54121963:C:T,0,4,0.17994867265224457,modal,cuda,U2AF2:HepG2
GRWD1,HepG2,chr19:54142984:G:A,0,4,1.2730289697647095,modal,cuda,U2AF2:HepG2
GRWD1,HepG2,chr19:54143000:C:T,1,4,0.4922465980052948,modal,cuda,U2AF2:HepG2
GRWD1,HepG2,chr19:54143767:G:A,0,4,-0.33385229110717773,modal,cuda,U2AF2:HepG2
GRWD1,HepG2,chr19:54145833:T:C,0,4,0.37540626525878906,modal,cuda,U2AF2:HepG2
GRWD1,HepG2,chr19:54145835:A:G,0,4,0.5991101264953613,modal,cuda,U2AF2:HepG2
GRWD1,HepG2,chr19:54145837:C:T,0,4,-0.1948714256286621,modal,cuda,U2AF2:HepG2
GRWD1,HepG2,chr19:56814275:G:A,0,4,-0.5840637683868408,modal,cuda,U2AF2:HepG2
GRWD1,HepG2,chr19:56814509:G:A,0,4,-0.6196216344833374,modal,cuda,U2AF2:HepG2
GRWD1,HepG2,chr19:56814611:G:A,0,4,0.30861902236938477,modal,cuda,U2AF2:HepG2
GRWD1,HepG2,chr19:56815927:C:G,0,4,-0.8789222240447998,modal,cuda,U2AF2:HepG2
GRWD1,HepG2,chr19:56817509:G:A,0,4,-0.4378204345703125,modal,cuda,U2AF2:HepG2
GRWD1,HepG2,chr19:56821692:C:T,0,4,0.8667275905609131,modal,cuda,U2AF2:HepG2
GRWD1,HepG2,chr19:56823683:A:C,0,4,1.062098741531372,modal,cuda,U2AF2:HepG2
GRWD1,HepG2,chr19:56824431:C:T,0,4,-1.2238585948944092,modal,cuda,U2AF2:HepG2
GRWD1,HepG2,chr19:5696090:C:T,0,4,-0.2964913845062256,modal,cuda,U2AF2:HepG2
GRWD1,HepG2,chr19:5696234:A:G,0,4,0.3452363610267639,modal,cuda,U2AF2:HepG2
GRWD1,HepG2,chr19:5696237:C:G,0,4,0.3858652114868164,modal,cuda,U2AF2:HepG2
GRWD1,HepG2,chr19:5696246:C:T,0,4,-0.5364832878112793,modal,cuda,U2AF2:HepG2
GRWD1,HepG2,chr19:5696253:G:T,1,4,-0.7193809151649475,modal,cuda,U2AF2:HepG2
GRWD1,HepG2,chr19:5696355:C:T,0,4,1.4597556591033936,modal,cuda,U2AF2:HepG2
GRWD1,HepG2,chr19:5696676:G:A,0,4,0.7812924385070801,modal,cuda,U2AF2:HepG2
GRWD1,HepG2,chr19:5696739:G:A,0,4,-0.15704882144927979,modal,cuda,U2AF2:HepG2
GRWD1,HepG2,chr19:5696742:G:A,0,4,0.28200745582580566,modal,cuda,U2AF2:HepG2
GRWD1,HepG2,chr19:5705780:C:T,0,4,-0.7066583633422852,modal,cuda,U2AF2:HepG2
GRWD1,HepG2,chr19:5708373:G:C,1,4,0.31236720085144043,modal,cuda,U2AF2:HepG2
GRWD1,HepG2,chr19:5711764:G:A,0,4,0.22204196453094482,modal,cuda,U2AF2:HepG2
GRWD1,HepG2,chr19:5711807:A:G,0,4,-0.43725013732910156,modal,cuda,U2AF2:HepG2
GRWD1,HepG2,chr19:5713208:C:T,0,4,-3.4057464599609375,modal,cuda,U2AF2:HepG2
GRWD1,HepG2,chr19:5713209:G:A,0,4,0.23109006881713867,modal,cuda,U2AF2:HepG2
GRWD1,HepG2,chr19:58548289:A:C,0,4,-1.3908071517944336,modal,cuda,U2AF2:HepG2
GRWD1,HepG2,chr19:7174562:C:T,0,4,0.610938549041748,modal,cuda,U2AF2:HepG2
GRWD1,HepG2,chr19:7642425:C:T,0,4,0.2573227882385254,modal,cuda,U2AF2:HepG2
GRWD1,HepG2,chr19:7642450:C:T,0,4,0.4816933870315552,modal,cuda,U2AF2:HepG2
GRWD1,HepG2,chr19:7642498:G:A,1,4,1.5778534412384033,modal,cuda,U2AF2:HepG2
GRWD1,HepG2,chr19:7644719:C:T,1,4,-0.2645268440246582,modal,cuda,U2AF2:HepG2
GRWD1,HepG2,chr19:7934012:G:A,0,4,-0.569514274597168,modal,cuda,U2AF2:HepG2
GRWD1,HepG2,chr19:7935158:C:T,0,4,0.5008010864257812,modal,cuda,U2AF2:HepG2
GRWD1,HepG2,chr19:7935160:C:T,0,4,-1.8710826635360718,modal,cuda,U2AF2:HepG2
GRWD1,HepG2,chr19:7941205:G:C,0,4,2.540383815765381,modal,cuda,U2AF2:HepG2
GRWD1,HepG2,chr19:8399857:G:A,0,4,-0.5157502889633179,modal,cuda,U2AF2:HepG2
GRWD1,HepG2,chr19:8402477:T:C,0,4,2.630420446395874,modal,cuda,U2AF2:HepG2
GRWD1,HepG2,chr19:8402571:C:G,0,4,-0.7571671009063721,modal,cuda,U2AF2:HepG2
GRWD1,HepG2,chr19:8402571:C:T,0,4,-0.24396967887878418,modal,cuda,U2AF2:HepG2
GRWD1,HepG2,chr19:8468767:C:G,0,4,0.5791897773742676,modal,cuda,U2AF2:HepG2
GRWD1,HepG2,chr1:100133310:G:A,0,0,0.8613671064376831,modal,cuda,U2AF2:HepG2
GRWD1,HepG2,chr1:100133311:C:T,0,0,0.7254222631454468,modal,cuda,U2AF2:HepG2
GRWD1,HepG2,chr1:10119504:C:T,0,0,-0.5417277812957764,modal,cuda,U2AF2:HepG2
GRWD1,HepG2,chr1:10258474:C:T,0,0,-0.190224289894104,modal,cuda,U2AF2:HepG2
GRWD1,HepG2,chr1:10295776:C:T,0,0,0.6551132202148438,modal,cuda,U2AF2:HepG2
GRWD1,HepG2,chr1:108934848:G:A,0,0,0.3254784345626831,modal,cuda,U2AF2:HepG2
GRWD1,HepG2,chr1:109573889:T:C,0,0,0.400430291891098,modal,cuda,U2AF2:HepG2
GRWD1,HepG2,chr1:110043255:C:A,0,0,-0.2137613296508789,modal,cuda,U2AF2:HepG2
GRWD1,HepG2,chr1:11020412:C:T,0,0,0.34430646896362305,modal,cuda,U2AF2:HepG2
GRWD1,HepG2,chr1:111159398:A:G,0,0,-0.3753000795841217,modal,cuda,U2AF2:HepG2
GRWD1,HepG2,chr1:11816635:G:A,0,0,0.29518866539001465,modal,cuda,U2AF2:HepG2
GRWD1,HepG2,chr1:11819529:A:G,0,0,-2.7687816619873047,modal,cuda,U2AF2:HepG2
GRWD1,HepG2,chr1:11823775:C:T,0,0,0.21266436576843262,modal,cuda,U2AF2:HepG2
GRWD1,HepG2,chr1:11824498:A:G,0,0,0.9215870499610901,modal,cuda,U2AF2:HepG2
GRWD1,HepG2,chr1:11824504:A:C,1,0,0.14075347781181335,modal,cuda,U2AF2:HepG2
GRWD1,HepG2,chr1:11824529:G:A,0,0,0.13494271039962769,modal,cuda,U2AF2:HepG2
GRWD1,HepG2,chr1:11989357:G:A,0,0,0.43002355098724365,modal,cuda,U2AF2:HepG2
GRWD1,HepG2,chr1:1319313:G:A,1,0,-0.5294890403747559,modal,cuda,U2AF2:HepG2
GRWD1,HepG2,chr1:1321072:C:A,1,0,-1.169600248336792,modal,cuda,U2AF2:HepG2
GRWD1,HepG2,chr1:145926631:G:T,1,0,1.661757469177246,modal,cuda,U2AF2:HepG2
GRWD1,HepG2,chr1:145926888:T:C,1,0,2.65850830078125,modal,cuda,U2AF2:HepG2
GRWD1,HepG2,chr1:145927445:C:T,1,0,1.0265370607376099,modal,cuda,U2AF2:HepG2
GRWD1,HepG2,chr1:147267409:T:C,0,0,0.10953092575073242,modal,cuda,U2AF2:HepG2
GRWD1,HepG2,chr1:147268843:C:G,0,0,0.4529428482055664,modal,cuda,U2AF2:HepG2
GRWD1,HepG2,chr1:147295468:T:G,0,0,1.2861146926879883,modal,cuda,U2AF2:HepG2
GRWD1,HepG2,chr1:1485177:G:A,0,0,0.27845144271850586,modal,cuda,U2AF2:HepG2
GRWD1,HepG2,chr1:150325734:G:A,0,0,0.39466118812561035,modal,cuda,U2AF2:HepG2
GRWD1,HepG2,chr1:150328421:C:T,0,0,0.6396820545196533,modal,cuda,U2AF2:HepG2
GRWD1,HepG2,chr1:150344199:A:G,0,0,0.7957713007926941,modal,cuda,U2AF2:HepG2
GRWD1,HepG2,chr1:150344201:C:A,1,0,0.35889554023742676,modal,cuda,U2AF2:HepG2
GRWD1,HepG2,chr1:150344212:C:T,1,0,0.3134361505508423,modal,cuda,U2AF2:HepG2
GRWD1,HepG2,chr1:150344216:C:T,1,0,0.21595168113708496,modal,cuda,U2AF2:HepG2
GRWD1,HepG2,chr1:150344231:A:C,1,0,0.2592456340789795,modal,cuda,U2AF2:HepG2
GRWD1,HepG2,chr1:150353021:C:T,0,0,-0.2534050941467285,modal,cuda,U2AF2:HepG2
GRWD1,HepG2,chr1:150579173:T:C,0,0,0.3048941195011139,modal,cuda,U2AF2:HepG2
GRWD1,HepG2,chr1:154170417:G:T,1,0,-0.6009221076965332,modal,cuda,U2AF2:HepG2
GRWD1,HepG2,chr1:154173127:T:G,1,0,0.38070178031921387,modal,cuda,U2AF2:HepG2
GRWD1,HepG2,chr1:154173134:G:T,1,0,0.3314574956893921,modal,cuda,U2AF2:HepG2
GRWD1,HepG2,chr1:154176194:G:T,1,0,-0.15953373908996582,modal,cuda,U2AF2:HepG2
GRWD1,HepG2,chr1:154176220:C:G,1,0,0.5211939811706543,modal,cuda,U2AF2:HepG2
GRWD1,HepG2,chr1:154585209:C:T,0,0,-0.2150897979736328,modal,cuda,U2AF2:HepG2
GRWD1,HepG2,chr1:154601879:G:A,1,0,0.8913068175315857,modal,cuda,U2AF2:HepG2
GRWD1,HepG2,chr1:154602122:G:A,1,0,-0.782848596572876,modal,cuda,U2AF2:HepG2
GRWD1,HepG2,chr1:154602509:C:A,1,0,-1.760105848312378,modal,cuda,U2AF2:HepG2
GRWD1,HepG2,chr1:154602557:G:A,1,0,-0.5702385902404785,modal,cuda,U2AF2:HepG2
GRWD1,HepG2,chr1:154602564:C:T,0,0,0.6922327280044556,modal,cuda,U2AF2:HepG2
GRWD1,HepG2,chr1:155312274:T:C,0,0,-0.15923428535461426,modal,cuda,U2AF2:HepG2
GRWD1,HepG2,chr1:155320440:T:C,0,0,-0.5519756078720093,modal,cuda,U2AF2:HepG2
GRWD1,HepG2,chr1:155688145:C:T,0,0,0.9905295372009277,modal,cuda,U2AF2:HepG2
GRWD1,HepG2,chr1:156134455:G:C,1,0,0.6635439395904541,modal,cuda,U2AF2:HepG2
GRWD1,HepG2,chr1:156134988:G:T,0,0,-0.7359706163406372,modal,cuda,U2AF2:HepG2
GRWD1,HepG2,chr1:160238682:T:C,0,0,0.449564129114151,modal,cuda,U2AF2:HepG2
GRWD1,HepG2,chr1:160282419:G:A,1,0,1.4218900203704834,modal,cuda,U2AF2:HepG2
GRWD1,HepG2,chr1:160282515:A:T,0,0,1.0090267658233643,modal,cuda,U2AF2:HepG2
GRWD1,HepG2,chr1:160282964:G:C,1,0,0.3817009925842285,modal,cuda,U2AF2:HepG2
GRWD1,HepG2,chr1:161210647:A:G,1,0,1.461214542388916,modal,cuda,U2AF2:HepG2
GRWD1,HepG2,chr1:165759546:G:A,1,0,0.5568537712097168,modal,cuda,U2AF2:HepG2
GRWD1,HepG2,chr1:165768841:C:T,0,0,1.4184987545013428,modal,cuda,U2AF2:HepG2
GRWD1,HepG2,chr1:172551552:G:A,0,0,-0.8080048561096191,modal,cuda,U2AF2:HepG2
GRWD1,HepG2,chr1:17623185:C:T,0,0,-0.26338624954223633,modal,cuda,U2AF2:HepG2
GRWD1,HepG2,chr1:177958344:T:C,0,0,-0.9310827255249023,modal,cuda,U2AF2:HepG2
GRWD1,HepG2,chr1:177967930:C:T,0,0,0.30818605422973633,modal,cuda,U2AF2:HepG2
GRWD1,HepG2,chr1:183132551:G:A,0,0,-0.8943576812744141,modal,cuda,U2AF2:HepG2
GRWD1,HepG2,chr1:183136367:G:A,0,0,0.47020578384399414,modal,cuda,U2AF2:HepG2
GRWD1,HepG2,chr1:183142906:G:C,0,0,0.2674224376678467,modal,cuda,U2AF2:HepG2
GRWD1,HepG2,chr1:19232613:G:C,0,0,-1.0264310836791992,modal,cuda,U2AF2:HepG2
GRWD1,HepG2,chr1:193212113:A:G,0,0,-0.554534912109375,modal,cuda,U2AF2:HepG2
GRWD1,HepG2,chr1:193212495:C:G,0,0,1.6918675899505615,modal,cuda,U2AF2:HepG2
GRWD1,HepG2,chr1:193249713:C:G,0,0,0.47614338994026184,modal,cuda,U2AF2:HepG2
GRWD1,HepG2,chr1:202742649:G:T,0,0,0.9437856674194336,modal,cuda,U2AF2:HepG2
GRWD1,HepG2,chr1:20744866:T:C,0,0,-0.4611639976501465,modal,cuda,U2AF2:HepG2
GRWD1,HepG2,chr1:207783280:C:A,0,0,0.4172186851501465,modal,cuda,U2AF2:HepG2
GRWD1,HepG2,chr1:213104476:C:A,0,0,0.2387557029724121,modal,cuda,U2AF2:HepG2
GRWD1,HepG2,chr1:213167847:T:C,0,0,-0.3226027488708496,modal,cuda,U2AF2:HepG2
GRWD1,HepG2,chr1:226392320:G:T,0,0,1.9817907810211182,modal,cuda,U2AF2:HepG2
GRWD1,HepG2,chr1:231275503:G:A,1,0,0.9188752174377441,modal,cuda,U2AF2:HepG2
GRWD1,HepG2,chr1:232008993:G:C,0,0,0.5634567737579346,modal,cuda,U2AF2:HepG2
GRWD1,HepG2,chr1:232009005:C:T,0,0,-0.540886402130127,modal,cuda,U2AF2:HepG2
GRWD1,HepG2,chr1:235182498:G:A,0,0,-0.16179847717285156,modal,cuda,U2AF2:HepG2
GRWD1,HepG2,chr1:235414614:C:T,1,0,0.562772274017334,modal,cuda,U2AF2:HepG2
GRWD1,HepG2,chr1:236795637:C:T,0,0,-0.2928733825683594,modal,cuda,U2AF2:HepG2
GRWD1,HepG2,chr1:236825363:T:A,1,0,0.5675609111785889,modal,cuda,U2AF2:HepG2
GRWD1,HepG2,chr1:236826841:G:A,0,0,0.3751765191555023,modal,cuda,U2AF2:HepG2
GRWD1,HepG2,chr1:236826895:A:G,1,0,0.7419271469116211,modal,cuda,U2AF2:HepG2
GRWD1,HepG2,chr1:244855410:T:A,0,0,-0.30437397956848145,modal,cuda,U2AF2:HepG2
GRWD1,HepG2,chr1:244855614:A:T,0,0,2.0070362091064453,modal,cuda,U2AF2:HepG2
GRWD1,HepG2,chr1:244855889:T:G,0,0,-1.2717084884643555,modal,cuda,U2AF2:HepG2
GRWD1,HepG2,chr1:244856161:G:A,0,0,0.5402382016181946,modal,cuda,U2AF2:HepG2
GRWD1,HepG2,chr1:244856629:T:A,0,0,0.20375725626945496,modal,cuda,U2AF2:HepG2
GRWD1,HepG2,chr1:244856718:T:G,0,0,-0.853351354598999,modal,cuda,U2AF2:HepG2
GRWD1,HepG2,chr1:244856723:C:T,0,0,1.9459326267242432,modal,cuda,U2AF2:HepG2
GRWD1,HepG2,chr1:244856724:G:A,0,0,0.5415807962417603,modal,cuda,U2AF2:HepG2
GRWD1,HepG2,chr1:244856866:A:G,0,0,0.8022902011871338,modal,cuda,U2AF2:HepG2
GRWD1,HepG2,chr1:244857593:C:T,0,0,1.7941477298736572,modal,cuda,U2AF2:HepG2
GRWD1,HepG2,chr1:244858724:C:T,1,0,1.705551266670227,modal,cuda,U2AF2:HepG2
GRWD1,HepG2,chr1:244862608:G:A,0,0,0.23045039176940918,modal,cuda,U2AF2:HepG2
GRWD1,HepG2,chr1:244864348:C:T,0,0,0.5098716020584106,modal,cuda,U2AF2:HepG2
GRWD1,HepG2,chr1:26438213:C:A,1,0,0.8173794746398926,modal,cuda,U2AF2:HepG2
GRWD1,HepG2,chr1:26438213:C:T,1,0,0.5807197093963623,modal,cuda,U2AF2:HepG2
GRWD1,HepG2,chr1:26438228:A:G,1,0,0.20418572425842285,modal,cuda,U2AF2:HepG2
GRWD1,HepG2,chr1:28987461:G:A,0,0,-0.8022401332855225,modal,cuda,U2AF2:HepG2
GRWD1,HepG2,chr1:28987557:A:G,0,0,-0.8074090480804443,modal,cuda,U2AF2:HepG2
GRWD1,HepG2,chr1:29064973:C:T,0,0,-0.5848948955535889,modal,cuda,U2AF2:HepG2
GRWD1,HepG2,chr1:29109317:G:C,0,0,-0.471940279006958,modal,cuda,U2AF2:HepG2
GRWD1,HepG2,chr1:32180465:A:G,0,0,0.7767589092254639,modal,cuda,U2AF2:HepG2
GRWD1,HepG2,chr1:33013319:G:A,0,0,-0.14510369300842285,modal,cuda,U2AF2:HepG2
GRWD1,HepG2,chr1:33013330:G:C,0,0,0.7279724478721619,modal,cuda,U2AF2:HepG2
GRWD1,HepG2,chr1:33013358:C:G,0,0,-0.7551014423370361,modal,cuda,U2AF2:HepG2
GRWD1,HepG2,chr1:33013413:G:A,0,0,-0.7638461589813232,modal,cuda,U2AF2:HepG2
GRWD1,HepG2,chr1:33021383:G:A,1,0,1.7801058292388916,modal,cuda,U2AF2:HepG2
GRWD1,HepG2,chr1:35189008:T:C,0,0,0.3782234191894531,modal,cuda,U2AF2:HepG2
GRWD1,HepG2,chr1:35190780:T:C,0,0,0.608410120010376,modal,cuda,U2AF2:HepG2
GRWD1,HepG2,chr1:35460440:T:A,0,0,-1.911758542060852,modal,cuda,U2AF2:HepG2
GRWD1,HepG2,chr1:35460441:G:A,0,0,-2.1988861560821533,modal,cuda,U2AF2:HepG2
GRWD1,HepG2,chr1:3834873:C:T,0,0,1.3238499164581299,modal,cuda,U2AF2:HepG2
GRWD1,HepG2,chr1:3834895:C:A,0,0,0.31561946868896484,modal,cuda,U2AF2:HepG2
GRWD1,HepG2,chr1:39257917:G:A,0,0,0.22626960277557373,modal,cuda,U2AF2:HepG2
GRWD1,HepG2,chr1:39310231:C:A,0,0,0.6678457260131836,modal,cuda,U2AF2:HepG2
GRWD1,HepG2,chr1:39310231:C:G,0,0,0.4422316551208496,modal,cuda,U2AF2:HepG2
GRWD1,HepG2,chr1:39318629:T:C,0,0,0.44634151458740234,modal,cuda,U2AF2:HepG2
GRWD1,HepG2,chr1:39422905:G:A,0,0,1.1981638669967651,modal,cuda,U2AF2:HepG2
GRWD1,HepG2,chr1:39452140:C:G,0,0,-0.8938462734222412,modal,cuda,U2AF2:HepG2
GRWD1,HepG2,chr1:40311080:C:A,0,0,0.636425256729126,modal,cuda,U2AF2:HepG2
GRWD1,HepG2,chr1:41008728:C:G,0,0,-0.4509158134460449,modal,cuda,U2AF2:HepG2
GRWD1,HepG2,chr1:45013663:C:T,1,0,0.5988782644271851,modal,cuda,U2AF2:HepG2
GRWD1,HepG2,chr1:45013717:G:C,1,0,0.5099294185638428,modal,cuda,U2AF2:HepG2
GRWD1,HepG2,chr1:45013747:C:T,1,0,0.6574735641479492,modal,cuda,U2AF2:HepG2
GRWD1,HepG2,chr1:45607496:A:C,0,0,0.4165200889110565,modal,cuda,U2AF2:HepG2
GRWD1,HepG2,chr1:5978374:G:A,1,0,-1.8478046655654907,modal,cuda,U2AF2:HepG2
GRWD1,HepG2,chr1:5986204:G:A,0,0,0.14552640914916992,modal,cuda,U2AF2:HepG2
GRWD1,HepG2,chr1:5986211:C:A,1,0,-1.5850505828857422,modal,cuda,U2AF2:HepG2
GRWD1,HepG2,chr1:5986215:C:T,1,0,0.571844756603241,modal,cuda,U2AF2:HepG2
GRWD1,HepG2,chr1:62535637:T:C,0,0,1.5525474548339844,modal,cuda,U2AF2:HepG2
GRWD1,HepG2,chr1:62648398:A:C,0,0,1.0847196578979492,modal,cuda,U2AF2:HepG2
GRWD1,HepG2,chr1:64869304:G:A,0,0,0.17322969436645508,modal,cuda,U2AF2:HepG2
GRWD1,HepG2,chr1:67686488:G:A,0,0,0.18323874473571777,modal,cuda,U2AF2:HepG2
GRWD1,HepG2,chr1:8364152:G:A,0,0,0.7434778213500977,modal,cuda,U2AF2:HepG2
GRWD1,HepG2,chr1:8364188:G:A,0,0,0.9147765636444092,modal,cuda,U2AF2:HepG2
GRWD1,HepG2,chr1:8364736:G:A,0,0,0.2418076992034912,modal,cuda,U2AF2:HepG2
GRWD1,HepG2,chr1:8624304:G:A,0,0,-0.9931380748748779,modal,cuda,U2AF2:HepG2
GRWD1,HepG2,chr1:91734825:T:C,0,0,-0.6211810111999512,modal,cuda,U2AF2:HepG2
GRWD1,HepG2,chr1:92289004:A:G,0,0,-1.1215603351593018,modal,cuda,U2AF2:HepG2
GRWD1,HepG2,chr1:92289027:A:G,0,0,0.9458162784576416,modal,cuda,U2AF2:HepG2
GRWD1,HepG2,chr1:92836250:G:T,1,0,1.2231202125549316,modal,cuda,U2AF2:HepG2
GRWD1,HepG2,chr1:92837585:C:A,1,0,0.8887872695922852,modal,cuda,U2AF2:HepG2
GRWD1,HepG2,chr1:92837592:C:T,1,0,0.7621344327926636,modal,cuda,U2AF2:HepG2
GRWD1,HepG2,chr1:92841745:A:G,0,0,-0.5306984782218933,modal,cuda,U2AF2:HepG2
GRWD1,HepG2,chr1:92841757:C:A,0,0,0.3932141065597534,modal,cuda,U2AF2:HepG2
GRWD1,HepG2,chr1:92841817:A:G,0,0,-0.715896487236023,modal,cuda,U2AF2:HepG2
GRWD1,HepG2,chr1:93118449:G:A,0,0,-0.6027486324310303,modal,cuda,U2AF2:HepG2
GRWD1,HepG2,chr1:94489702:G:C,0,0,-1.0401413440704346,modal,cuda,U2AF2:HepG2
GRWD1,HepG2,chr1:94517033:T:C,0,0,-0.12910175323486328,modal,cuda,U2AF2:HepG2
GRWD1,HepG2,chr20:13534015:T:C,0,0,2.44325852394104,modal,cuda,U2AF2:HepG2
GRWD1,HepG2,chr20:13534052:C:T,0,0,0.8945524096488953,modal,cuda,U2AF2:HepG2
GRWD1,HepG2,chr20:13787297:C:T,0,0,0.3695080280303955,modal,cuda,U2AF2:HepG2
GRWD1,HepG2,chr20:13787310:A:T,1,0,3.282026767730713,modal,cuda,U2AF2:HepG2
GRWD1,HepG2,chr20:13787360:G:A,0,0,0.2964968681335449,modal,cuda,U2AF2:HepG2
GRWD1,HepG2,chr20:17616724:G:A,0,0,-0.34305620193481445,modal,cuda,U2AF2:HepG2
GRWD1,HepG2,chr20:17627494:G:A,0,0,-0.5752882957458496,modal,cuda,U2AF2:HepG2
GRWD1,HepG2,chr20:17970274:C:T,1,0,1.6170740127563477,modal,cuda,U2AF2:HepG2
GRWD1,HepG2,chr20:18142268:C:G,0,0,1.3935730457305908,modal,cuda,U2AF2:HepG2
GRWD1,HepG2,chr20:20048481:C:T,1,0,0.9083974361419678,modal,cuda,U2AF2:HepG2
GRWD1,HepG2,chr20:20048482:G:A,1,0,-1.4332754611968994,modal,cuda,U2AF2:HepG2
GRWD1,HepG2,chr20:23390028:G:T,1,0,-0.8524996042251587,modal,cuda,U2AF2:HepG2
GRWD1,HepG2,chr20:2654566:A:G,0,0,0.21431350708007812,modal,cuda,U2AF2:HepG2
GRWD1,HepG2,chr20:2654858:T:C,0,0,-0.5725541114807129,modal,cuda,U2AF2:HepG2
GRWD1,HepG2,chr20:2656425:T:C,0,0,0.5171564817428589,modal,cuda,U2AF2:HepG2
GRWD1,HepG2,chr20:2657166:C:T,0,0,-0.5029547214508057,modal,cuda,U2AF2:HepG2
GRWD1,HepG2,chr20:2657933:T:C,0,0,-0.31504642963409424,modal,cuda,U2AF2:HepG2
GRWD1,HepG2,chr20:2658081:G:A,0,0,-0.30492281913757324,modal,cuda,U2AF2:HepG2
GRWD1,HepG2,chr20:2658084:C:T,0,0,0.4893670082092285,modal,cuda,U2AF2:HepG2
GRWD1,HepG2,chr20:2658234:G:A,0,0,0.5507633686065674,modal,cuda,U2AF2:HepG2
GRWD1,HepG2,chr20:2658236:T:C,0,0,-1.194669246673584,modal,cuda,U2AF2:HepG2
GRWD1,HepG2,chr20:2663692:C:A,1,0,-2.058807849884033,modal,cuda,U2AF2:HepG2
GRWD1,HepG2,chr20:2986784:G:A,0,0,0.29509150981903076,modal,cuda,U2AF2:HepG2
GRWD1,HepG2,chr20:3200326:C:G,0,0,0.6404762864112854,modal,cuda,U2AF2:HepG2
GRWD1,HepG2,chr20:3200327:A:C,0,0,-0.49616026878356934,modal,cuda,U2AF2:HepG2
GRWD1,HepG2,chr20:3204528:A:T,0,0,-0.44641733169555664,modal,cuda,U2AF2:HepG2
GRWD1,HepG2,chr20:3213332:G:A,0,0,0.8981685042381287,modal,cuda,U2AF2:HepG2
GRWD1,HepG2,chr20:3213336:G:T,1,0,1.4222702980041504,modal,cuda,U2AF2:HepG2
GRWD1,HepG2,chr20:32215468:C:T,0,0,-0.15468549728393555,modal,cuda,U2AF2:HepG2
GRWD1,HepG2,chr20:33811394:C:G,0,0,-0.25376996397972107,modal,cuda,U2AF2:HepG2
GRWD1,HepG2,chr20:33853561:T:C,0,0,-0.29635733366012573,modal,cuda,U2AF2:HepG2
GRWD1,HepG2,chr20:34408774:G:A,1,0,-0.28711795806884766,modal,cuda,U2AF2:HepG2
GRWD1,HepG2,chr20:35384111:C:T,0,0,0.5656712055206299,modal,cuda,U2AF2:HepG2
GRWD1,HepG2,chr20:35463587:C:T,1,0,1.0910447835922241,modal,cuda,U2AF2:HepG2
GRWD1,HepG2,chr20:35466146:G:A,1,0,0.5557098388671875,modal,cuda,U2AF2:HepG2
GRWD1,HepG2,chr20:35467369:G:A,0,0,0.6618103981018066,modal,cuda,U2AF2:HepG2
GRWD1,HepG2,chr20:35467383:G:A,0,0,-0.14855903387069702,modal,cuda,U2AF2:HepG2
GRWD1,HepG2,chr20:35467533:G:T,1,0,1.4517818689346313,modal,cuda,U2AF2:HepG2
GRWD1,HepG2,chr20:35472734:T:A,1,0,-0.9136223793029785,modal,cuda,U2AF2:HepG2
GRWD1,HepG2,chr20:35473370:A:G,0,0,-0.1186896562576294,modal,cuda,U2AF2:HepG2
GRWD1,HepG2,chr20:35475582:C:A,1,0,0.5752949714660645,modal,cuda,U2AF2:HepG2
GRWD1,HepG2,chr20:35476559:G:A,0,0,0.3863210678100586,modal,cuda,U2AF2:HepG2
GRWD1,HepG2,chr20:35491196:C:G,0,0,0.3780633211135864,modal,cuda,U2AF2:HepG2
GRWD1,HepG2,chr20:35507857:C:G,0,0,-0.3627302646636963,modal,cuda,U2AF2:HepG2
GRWD1,HepG2,chr20:36771156:T:C,0,0,-0.19296503067016602,modal,cuda,U2AF2:HepG2
GRWD1,HepG2,chr20:37234013:C:G,0,0,-0.31831634044647217,modal,cuda,U2AF2:HepG2
GRWD1,HepG2,chr20:3907935:G:A,1,0,-4.792763710021973,modal,cuda,U2AF2:HepG2
GRWD1,HepG2,chr20:3907977:A:G,1,0,-1.4527361392974854,modal,cuda,U2AF2:HepG2
GRWD1,HepG2,chr20:3907980:T:C,1,0,1.9836621284484863,modal,cuda,U2AF2:HepG2
GRWD1,HepG2,chr20:3912573:C:T,1,0,0.7647912502288818,modal,cuda,U2AF2:HepG2
GRWD1,HepG2,chr20:3917074:A:G,0,0,-0.5783696174621582,modal,cuda,U2AF2:HepG2
GRWD1,HepG2,chr20:41487827:C:T,0,0,0.7857964038848877,modal,cuda,U2AF2:HepG2
GRWD1,HepG2,chr20:41512842:A:G,0,0,-0.5084328651428223,modal,cuda,U2AF2:HepG2
GRWD1,HepG2,chr20:417752:C:T,0,0,-0.5856354236602783,modal,cuda,U2AF2:HepG2
GRWD1,HepG2,chr20:417773:G:A,1,0,0.7547826766967773,modal,cuda,U2AF2:HepG2
GRWD1,HepG2,chr20:417795:C:T,1,0,1.558018684387207,modal,cuda,U2AF2:HepG2
GRWD1,HepG2,chr20:417801:C:T,1,0,0.802236795425415,modal,cuda,U2AF2:HepG2
GRWD1,HepG2,chr20:419373:C:T,1,0,0.539766252040863,modal,cuda,U2AF2:HepG2
GRWD1,HepG2,chr20:419439:C:T,1,0,1.3741540908813477,modal,cuda,U2AF2:HepG2
GRWD1,HepG2,chr20:422158:C:T,1,0,-1.8459386825561523,modal,cuda,U2AF2:HepG2
GRWD1,HepG2,chr20:422166:G:A,0,0,0.7169487476348877,modal,cuda,U2AF2:HepG2
GRWD1,HepG2,chr20:427419:G:A,1,0,1.1931910514831543,modal,cuda,U2AF2:HepG2
GRWD1,HepG2,chr20:441907:G:A,1,0,-0.8880621194839478,modal,cuda,U2AF2:HepG2
GRWD1,HepG2,chr20:445095:G:A,1,0,1.1334668397903442,modal,cuda,U2AF2:HepG2
GRWD1,HepG2,chr20:44916778:C:T,1,0,0.5169045925140381,modal,cuda,U2AF2:HepG2
GRWD1,HepG2,chr20:44930524:C:T,1,0,0.22513318061828613,modal,cuda,U2AF2:HepG2
GRWD1,HepG2,chr20:44930558:C:T,0,0,0.07485461235046387,modal,cuda,U2AF2:HepG2
GRWD1,HepG2,chr20:44930608:G:A,1,0,0.41885948181152344,modal,cuda,U2AF2:HepG2
GRWD1,HepG2,chr20:44930688:C:T,1,0,-0.9825888276100159,modal,cuda,U2AF2:HepG2
GRWD1,HepG2,chr20:44972066:C:G,0,0,-0.2810344696044922,modal,cuda,U2AF2:HepG2
GRWD1,HepG2,chr20:45075056:C:T,0,0,-0.5288492441177368,modal,cuda,U2AF2:HepG2
GRWD1,HepG2,chr20:45420648:C:T,1,0,-2.3106160163879395,modal,cuda,U2AF2:HepG2
GRWD1,HepG2,chr20:45891698:C:T,1,0,0.6171174049377441,modal,cuda,U2AF2:HepG2
GRWD1,HepG2,chr20:45891761:T:C,1,0,-0.548236608505249,modal,cuda,U2AF2:HepG2
GRWD1,HepG2,chr20:45892860:G:A,1,0,0.3804199695587158,modal,cuda,U2AF2:HepG2
GRWD1,HepG2,chr20:45894040:T:A,1,0,0.3619508743286133,modal,cuda,U2AF2:HepG2
GRWD1,HepG2,chr20:45894081:C:G,1,0,-0.789088249206543,modal,cuda,U2AF2:HepG2
GRWD1,HepG2,chr20:45894718:T:C,0,0,0.34661245346069336,modal,cuda,U2AF2:HepG2
GRWD1,HepG2,chr20:45894826:T:G,1,0,0.7752673625946045,modal,cuda,U2AF2:HepG2
GRWD1,HepG2,chr20:45894908:G:A,0,0,0.7028643488883972,modal,cuda,U2AF2:HepG2
GRWD1,HepG2,chr20:45894914:G:T,0,0,0.9330635070800781,modal,cuda,U2AF2:HepG2
GRWD1,HepG2,chr20:47276304:C:T,0,0,0.8075942993164062,modal,cuda,U2AF2:HepG2
GRWD1,HepG2,chr20:47291786:G:A,0,0,-0.41698622703552246,modal,cuda,U2AF2:HepG2
GRWD1,HepG2,chr20:48988288:G:A,0,0,-0.45589709281921387,modal,cuda,U2AF2:HepG2
GRWD1,HepG2,chr20:50958342:G:C,0,0,-0.7190532684326172,modal,cuda,U2AF2:HepG2
GRWD1,HepG2,chr20:58418191:G:A,0,0,-0.4290608763694763,modal,cuda,U2AF2:HepG2
GRWD1,HepG2,chr20:58418257:G:A,0,0,0.4094580411911011,modal,cuda,U2AF2:HepG2
GRWD1,HepG2,chr20:58418289:C:T,1,0,-1.1357347965240479,modal,cuda,U2AF2:HepG2
GRWD1,HepG2,chr20:58418318:C:T,1,0,1.8840553760528564,modal,cuda,U2AF2:HepG2
GRWD1,HepG2,chr20:58444184:G:A,0,0,-0.18861395120620728,modal,cuda,U2AF2:HepG2
GRWD1,HepG2,chr20:58670524:G:A,0,0,0.6861107349395752,modal,cuda,U2AF2:HepG2
GRWD1,HepG2,chr20:58673636:A:T,0,0,-1.0190775394439697,modal,cuda,U2AF2:HepG2
GRWD1,HepG2,chr20:58673672:C:G,0,0,-1.4270954132080078,modal,cuda,U2AF2:HepG2
GRWD1,HepG2,chr20:59030427:T:C,1,0,1.1522998809814453,modal,cuda,U2AF2:HepG2
GRWD1,HepG2,chr20:6116048:C:T,0,0,0.4268317222595215,modal,cuda,U2AF2:HepG2
GRWD1,HepG2,chr20:6119384:G:A,0,0,-0.4521467983722687,modal,cuda,U2AF2:HepG2
GRWD1,HepG2,chr20:62140809:G:A,0,0,-1.0350420475006104,modal,cuda,U2AF2:HepG2
GRWD1,HepG2,chr20:62162852:G:A,0,0,-0.8598965406417847,modal,cuda,U2AF2:HepG2
GRWD1,HepG2,chr20:62174536:G:A,0,0,0.32312095165252686,modal,cuda,U2AF2:HepG2
GRWD1,HepG2,chr20:62256244:G:A,0,0,0.6704564094543457,modal,cuda,U2AF2:HepG2
GRWD1,HepG2,chr20:62281182:G:A,0,0,0.40418004989624023,modal,cuda,U2AF2:HepG2
GRWD1,HepG2,chr20:62281887:C:T,0,0,0.48113059997558594,modal,cuda,U2AF2:HepG2
GRWD1,HepG2,chr20:62289198:G:A,0,0,0.22003209590911865,modal,cuda,U2AF2:HepG2
GRWD1,HepG2,chr20:62289334:C:T,0,0,-0.2652737498283386,modal,cuda,U2AF2:HepG2
GRWD1,HepG2,chr20:62323765:C:A,0,0,0.43135058879852295,modal,cuda,U2AF2:HepG2
GRWD1,HepG2,chr20:62338612:G:C,0,0,-0.4022964835166931,modal,cuda,U2AF2:HepG2
GRWD1,HepG2,chr20:62824511:G:A,0,0,0.1626305729150772,modal,cuda,U2AF2:HepG2
GRWD1,HepG2,chr20:63659344:A:C,0,0,0.41666024923324585,modal,cuda,U2AF2:HepG2
GRWD1,HepG2,chr20:63659448:C:T,1,0,1.2420299053192139,modal,cuda,U2AF2:HepG2
GRWD1,HepG2,chr20:63659463:C:T,1,0,-0.8737836480140686,modal,cuda,U2AF2:HepG2
GRWD1,HepG2,chr20:63659474:C:G,1,0,0.8245890140533447,modal,cuda,U2AF2:HepG2
GRWD1,HepG2,chr20:63661909:C:T,1,0,1.5966331958770752,modal,cuda,U2AF2:HepG2
GRWD1,HepG2,chr20:63661919:A:G,0,0,0.8864188194274902,modal,cuda,U2AF2:HepG2
GRWD1,HepG2,chr20:63662625:C:T,1,0,0.8200352191925049,modal,cuda,U2AF2:HepG2
GRWD1,HepG2,chr20:63662646:G:A,0,0,0.2700367569923401,modal,cuda,U2AF2:HepG2
GRWD1,HepG2,chr20:63662805:C:T,0,0,-0.40844297409057617,modal,cuda,U2AF2:HepG2
GRWD1,HepG2,chr20:63662886:G:T,1,0,0.2756885290145874,modal,cuda,U2AF2:HepG2
GRWD1,HepG2,chr20:63666047:T:C,0,0,-0.24709731340408325,modal,cuda,U2AF2:HepG2
GRWD1,HepG2,chr20:63679914:C:A,1,0,1.9953155517578125,modal,cuda,U2AF2:HepG2
GRWD1,HepG2,chr20:63679922:C:T,1,0,-0.6142709255218506,modal,cuda,U2AF2:HepG2
GRWD1,HepG2,chr20:63679931:C:T,1,0,1.0947933197021484,modal,cuda,U2AF2:HepG2
GRWD1,HepG2,chr20:63685892:C:T,0,0,-0.35260117053985596,modal,cuda,U2AF2:HepG2
GRWD1,HepG2,chr20:63688001:G:C,1,0,0.5200374126434326,modal,cuda,U2AF2:HepG2
GRWD1,HepG2,chr20:63688130:C:T,0,0,-0.639473021030426,modal,cuda,U2AF2:HepG2
GRWD1,HepG2,chr20:63688146:G:T,1,0,0.5258767008781433,modal,cuda,U2AF2:HepG2
GRWD1,HepG2,chr20:63688149:G:T,1,0,1.3982572555541992,modal,cuda,U2AF2:HepG2
GRWD1,HepG2,chr20:63688363:G:T,1,0,-2.517007827758789,modal,cuda,U2AF2:HepG2
GRWD1,HepG2,chr20:63688366:A:T,1,0,-1.3090195655822754,modal,cuda,U2AF2:HepG2
GRWD1,HepG2,chr20:63688578:G:T,1,0,-1.3911420106887817,modal,cuda,U2AF2:HepG2
GRWD1,HepG2,chr20:63689115:G:A,1,0,0.27776002883911133,modal,cuda,U2AF2:HepG2
GRWD1,HepG2,chr20:63692901:C:T,1,0,-2.1435346603393555,modal,cuda,U2AF2:HepG2
GRWD1,HepG2,chr20:63692936:C:T,0,0,0.5458574295043945,modal,cuda,U2AF2:HepG2
GRWD1,HepG2,chr20:63692975:G:C,0,0,0.6767172813415527,modal,cuda,U2AF2:HepG2
GRWD1,HepG2,chr20:63693172:A:T,1,0,1.9212498664855957,modal,cuda,U2AF2:HepG2
GRWD1,HepG2,chr20:63693178:C:T,1,0,-1.7334668636322021,modal,cuda,U2AF2:HepG2
GRWD1,HepG2,chr20:63693189:G:C,0,0,-0.7030012607574463,modal,cuda,U2AF2:HepG2
GRWD1,HepG2,chr20:63693211:C:T,1,0,1.0145421028137207,modal,cuda,U2AF2:HepG2
GRWD1,HepG2,chr20:63700673:C:T,0,0,0.08076310157775879,modal,cuda,U2AF2:HepG2
GRWD1,HepG2,chr20:63981221:C:T,0,0,-0.6863322257995605,modal,cuda,U2AF2:HepG2
GRWD1,HepG2,chr20:63981322:G:A,0,0,0.13790126144886017,modal,cuda,U2AF2:HepG2
GRWD1,HepG2,chr20:63983032:G:C,0,0,0.7628624439239502,modal,cuda,U2AF2:HepG2
GRWD1,HepG2,chr20:63995103:A:G,0,0,-0.4691758155822754,modal,cuda,U2AF2:HepG2
GRWD1,HepG2,chr20:8685104:C:G,0,0,2.1345670223236084,modal,cuda,U2AF2:HepG2
GRWD1,HepG2,chr20:8697799:G:A,0,0,0.5471663475036621,modal,cuda,U2AF2:HepG2
GRWD1,HepG2,chr20:8790285:A:C,0,0,0.540421724319458,modal,cuda,U2AF2:HepG2
GRWD1,HepG2,chr21:25976039:A:T,0,0,0.823498010635376,modal,cuda,U2AF2:HepG2
GRWD1,HepG2,chr21:26089927:C:T,0,0,0.5633137822151184,modal,cuda,U2AF2:HepG2
GRWD1,HepG2,chr21:32602313:G:A,1,0,1.944976568222046,modal,cuda,U2AF2:HepG2
GRWD1,HepG2,chr21:32602346:G:A,1,0,1.433948278427124,modal,cuda,U2AF2:HepG2
GRWD1,HepG2,chr21:32603197:C:T,0,0,0.3506429195404053,modal,cuda,U2AF2:HepG2
GRWD1,HepG2,chr21:32604220:G:A,1,0,-1.5123904943466187,modal,cuda,U2AF2:HepG2
GRWD1,HepG2,chr21:33543175:C:G,0,0,1.8113093376159668,modal,cuda,U2AF2:HepG2
GRWD1,HepG2,chr21:33549618:T:A,1,0,0.337404727935791,modal,cuda,U2AF2:HepG2
GRWD1,HepG2,chr21:33549625:C:T,1,0,-0.4581732749938965,modal,cuda,U2AF2:HepG2
GRWD1,HepG2,chr21:33549634:G:T,1,0,1.4627370834350586,modal,cuda,U2AF2:HepG2
GRWD1,HepG2,chr21:33549650:C:T,0,0,0.48519277572631836,modal,cuda,U2AF2:HepG2
GRWD1,HepG2,chr21:33549679:T:C,0,0,0.400173157453537,modal,cuda,U2AF2:HepG2
GRWD1,HepG2,chr21:33549715:C:T,0,0,0.448169469833374,modal,cuda,U2AF2:HepG2
GRWD1,HepG2,chr21:33549729:G:T,0,0,0.8606531620025635,modal,cuda,U2AF2:HepG2
GRWD1,HepG2,chr21:33549782:C:T,0,0,0.2527146339416504,modal,cuda,U2AF2:HepG2
GRWD1,HepG2,chr21:33549888:A:G,0,0,-0.30312299728393555,modal,cuda,U2AF2:HepG2
GRWD1,HepG2,chr21:33550212:T:A,0,0,1.3324410915374756,modal,cuda,U2AF2:HepG2
GRWD1,HepG2,chr21:33550255:C:T,1,0,2.453406810760498,modal,cuda,U2AF2:HepG2
GRWD1,HepG2,chr21:33550301:G:C,0,0,-0.8137671947479248,modal,cuda,U2AF2:HepG2
GRWD1,HepG2,chr21:33550338:G:A,0,0,0.29515981674194336,modal,cuda,U2AF2:HepG2
GRWD1,HepG2,chr21:33550358:C:T,0,0,0.13838887214660645,modal,cuda,U2AF2:HepG2
GRWD1,HepG2,chr21:33550367:C:A,1,0,0.40027737617492676,modal,cuda,U2AF2:HepG2
GRWD1,HepG2,chr21:33550370:C:T,0,0,-0.5880685448646545,modal,cuda,U2AF2:HepG2
GRWD1,HepG2,chr21:33550373:T:C,0,0,-0.18361997604370117,modal,cuda,U2AF2:HepG2
GRWD1,HepG2,chr21:33550406:C:T,0,0,-0.660434901714325,modal,cuda,U2AF2:HepG2
GRWD1,HepG2,chr21:33550463:C:T,0,0,-0.2455376386642456,modal,cuda,U2AF2:HepG2
GRWD1,HepG2,chr21:33550466:C:T,0,0,-0.05469322204589844,modal,cuda,U2AF2:HepG2
GRWD1,HepG2,chr21:33550730:C:T,0,0,-0.4938564896583557,modal,cuda,U2AF2:HepG2
GRWD1,HepG2,chr21:33550792:A:G,0,0,-0.2590339183807373,modal,cuda,U2AF2:HepG2
GRWD1,HepG2,chr21:33551220:G:T,0,0,-0.7938046455383301,modal,cuda,U2AF2:HepG2
GRWD1,HepG2,chr21:33551313:A:G,0,0,-0.3729572296142578,modal,cuda,U2AF2:HepG2
GRWD1,HepG2,chr21:33553139:C:T,0,0,0.6341719627380371,modal,cuda,U2AF2:HepG2
GRWD1,HepG2,chr21:33553180:G:A,0,0,0.24666833877563477,modal,cuda,U2AF2:HepG2
GRWD1,HepG2,chr21:33553196:C:T,0,0,-0.7969527244567871,modal,cuda,U2AF2:HepG2
GRWD1,HepG2,chr21:33554985:T:C,0,0,-0.9615883827209473,modal,cuda,U2AF2:HepG2
GRWD1,HepG2,chr21:33554992:C:T,1,0,1.153150200843811,modal,cuda,U2AF2:HepG2
GRWD1,HepG2,chr21:33554998:C:T,1,0,1.5060763359069824,modal,cuda,U2AF2:HepG2
GRWD1,HepG2,chr21:33555043:C:T,1,0,0.6804506778717041,modal,cuda,U2AF2:HepG2
GRWD1,HepG2,chr21:33559604:A:G,0,0,-0.5498114824295044,modal,cuda,U2AF2:HepG2
GRWD1,HepG2,chr21:33559629:T:C,0,0,-0.4854729175567627,modal,cuda,U2AF2:HepG2
GRWD1,HepG2,chr21:33559727:A:G,0,0,0.6341763734817505,modal,cuda,U2AF2:HepG2
GRWD1,HepG2,chr21:33559779:A:C,0,0,1.125053882598877,modal,cuda,U2AF2:HepG2
GRWD1,HepG2,chr21:33750246:T:C,0,0,-0.7972428798675537,modal,cuda,U2AF2:HepG2
GRWD1,HepG2,chr21:39313313:A:G,0,0,0.2512049674987793,modal,cuda,U2AF2:HepG2
GRWD1,HepG2,chr21:43674628:T:A,0,0,1.238093376159668,modal,cuda,U2AF2:HepG2
GRWD1,HepG2,chr21:44509290:G:A,1,0,-1.8116085529327393,modal,cuda,U2AF2:HepG2
GRWD1,HepG2,chr21:44509309:G:A,0,0,-1.6315357685089111,modal,cuda,U2AF2:HepG2
GRWD1,HepG2,chr21:44509356:G:A,1,0,-1.1121852397918701,modal,cuda,U2AF2:HepG2
GRWD1,HepG2,chr21:45491328:G:A,0,0,0.1418856382369995,modal,cuda,U2AF2:HepG2
GRWD1,HepG2,chr21:46001401:C:T,0,0,-0.5428409576416016,modal,cuda,U2AF2:HepG2
GRWD1,HepG2,chr21:46150104:G:A,0,0,-0.11564970016479492,modal,cuda,U2AF2:HepG2
GRWD1,HepG2,chr21:46191874:G:A,0,0,-0.9047634601593018,modal,cuda,U2AF2:HepG2
GRWD1,HepG2,chr21:46205744:T:C,0,0,-0.4643373489379883,modal,cuda,U2AF2:HepG2
GRWD1,HepG2,chr21:46275166:G:A,0,0,-0.10447263717651367,modal,cuda,U2AF2:HepG2
GRWD1,HepG2,chr21:46277515:C:A,0,0,0.5693445205688477,modal,cuda,U2AF2:HepG2
GRWD1,HepG2,chr21:46280157:A:G,0,0,0.2636876106262207,modal,cuda,U2AF2:HepG2
GRWD1,HepG2,chr21:46334436:C:T,1,0,1.0327942371368408,modal,cuda,U2AF2:HepG2
GRWD1,HepG2,chr21:46346225:T:C,0,0,-0.12891316413879395,modal,cuda,U2AF2:HepG2
GRWD1,HepG2,chr21:46346736:G:A,0,0,-0.1686997413635254,modal,cuda,U2AF2:HepG2
GRWD1,HepG2,chr22:19467853:C:T,0,3,0.46007370948791504,modal,cuda,U2AF2:HepG2
GRWD1,HepG2,chr22:19962824:C:T,0,3,0.9737441539764404,modal,cuda,U2AF2:HepG2
GRWD1,HepG2,chr22:20729303:G:A,0,3,-0.5911502838134766,modal,cuda,U2AF2:HepG2
GRWD1,HepG2,chr22:20859043:A:T,0,3,-0.4399952292442322,modal,cuda,U2AF2:HepG2
GRWD1,HepG2,chr22:20859092:C:T,0,3,0.4771466851234436,modal,cuda,U2AF2:HepG2
GRWD1,HepG2,chr22:20994748:A:G,0,3,0.18782584369182587,modal,cuda,U2AF2:HepG2
GRWD1,HepG2,chr22:21958485:C:T,0,3,-0.17631220817565918,modal,cuda,U2AF2:HepG2
GRWD1,HepG2,chr22:21959742:A:G,0,3,-0.4657726287841797,modal,cuda,U2AF2:HepG2
GRWD1,HepG2,chr22:21971869:A:G,0,3,0.14185547828674316,modal,cuda,U2AF2:HepG2
GRWD1,HepG2,chr22:23287285:G:T,0,3,1.6404520273208618,modal,cuda,U2AF2:HepG2
GRWD1,HepG2,chr22:23787153:C:T,0,3,-0.35338330268859863,modal,cuda,U2AF2:HepG2
GRWD1,HepG2,chr22:24321443:C:T,0,3,1.157207727432251,modal,cuda,U2AF2:HepG2
GRWD1,HepG2,chr22:24321892:C:T,0,3,-0.4306621551513672,modal,cuda,U2AF2:HepG2
GRWD1,HepG2,chr22:24322011:A:G,0,3,-1.6880707740783691,modal,cuda,U2AF2:HepG2
GRWD1,HepG2,chr22:24322633:G:A,0,3,-2.59731125831604,modal,cuda,U2AF2:HepG2
GRWD1,HepG2,chr22:24322709:A:C,0,3,-0.8444583415985107,modal,cuda,U2AF2:HepG2
GRWD1,HepG2,chr22:24338420:G:A,0,3,-0.10123094916343689,modal,cuda,U2AF2:HepG2
GRWD1,HepG2,chr22:24338491:A:G,0,3,0.30338186025619507,modal,cuda,U2AF2:HepG2
GRWD1,HepG2,chr22:24363291:G:A,0,3,0.6065804958343506,modal,cuda,U2AF2:HepG2
GRWD1,HepG2,chr22:24365482:G:A,0,3,2.0967960357666016,modal,cuda,U2AF2:HepG2
GRWD1,HepG2,chr22:24365499:G:A,0,3,0.47741878032684326,modal,cuda,U2AF2:HepG2
GRWD1,HepG2,chr22:24365531:G:A,0,3,0.6111442446708679,modal,cuda,U2AF2:HepG2
GRWD1,HepG2,chr22:24369246:T:C,0,3,-0.5795114040374756,modal,cuda,U2AF2:HepG2
GRWD1,HepG2,chr22:26477124:G:A,1,3,-5.577885627746582,modal,cuda,U2AF2:HepG2
GRWD1,HepG2,chr22:26477148:G:A,0,3,-1.044011116027832,modal,cuda,U2AF2:HepG2
GRWD1,HepG2,chr22:29604041:A:T,1,3,-5.383413314819336,modal,cuda,U2AF2:HepG2
GRWD1,HepG2,chr22:29604056:A:T,1,3,-2.1712701320648193,modal,cuda,U2AF2:HepG2
GRWD1,HepG2,chr22:29604109:C:A,1,3,-1.0444979667663574,modal,cuda,U2AF2:HepG2
GRWD1,HepG2,chr22:29604110:G:T,1,3,-5.671004295349121,modal,cuda,U2AF2:HepG2
GRWD1,HepG2,chr22:29636754:A:T,1,3,1.3359663486480713,modal,cuda,U2AF2:HepG2
GRWD1,HepG2,chr22:29636758:G:A,1,3,1.4578197002410889,modal,cuda,U2AF2:HepG2
GRWD1,HepG2,chr22:29636805:C:T,1,3,-1.721443772315979,modal,cuda,U2AF2:HepG2
GRWD1,HepG2,chr22:29636815:G:A,1,3,0.5727025270462036,modal,cuda,U2AF2:HepG2
GRWD1,HepG2,chr22:29636816:G:A,1,3,-2.026029348373413,modal,cuda,U2AF2:HepG2
GRWD1,HepG2,chr22:29636829:C:T,1,3,-1.62575364112854,modal,cuda,U2AF2:HepG2
GRWD1,HepG2,chr22:29636858:G:A,1,3,1.8739709854125977,modal,cuda,U2AF2:HepG2
GRWD1,HepG2,chr22:29636877:G:C,1,3,-0.5936203598976135,modal,cuda,U2AF2:HepG2
GRWD1,HepG2,chr22:29636878:T:C,1,3,-0.9872493743896484,modal,cuda,U2AF2:HepG2
GRWD1,HepG2,chr22:29642270:C:A,1,3,1.0380511283874512,modal,cuda,U2AF2:HepG2
GRWD1,HepG2,chr22:29642270:C:G,1,3,-4.048804759979248,modal,cuda,U2AF2:HepG2
GRWD1,HepG2,chr22:29642277:C:T,1,3,-2.5068109035491943,modal,cuda,U2AF2:HepG2
GRWD1,HepG2,chr22:29671829:G:T,1,3,0.359144926071167,modal,cuda,U2AF2:HepG2
GRWD1,HepG2,chr22:29671847:C:T,1,3,1.10345458984375,modal,cuda,U2AF2:HepG2
GRWD1,HepG2,chr22:29671865:G:T,1,3,1.0235486030578613,modal,cuda,U2AF2:HepG2
GRWD1,HepG2,chr22:29671905:T:C,1,3,0.8050589561462402,modal,cuda,U2AF2:HepG2
GRWD1,HepG2,chr22:29671910:C:T,1,3,-0.42475056648254395,modal,cuda,U2AF2:HepG2
GRWD1,HepG2,chr22:29671940:G:T,1,3,-1.0180091857910156,modal,cuda,U2AF2:HepG2
GRWD1,HepG2,chr22:29671949:G:A,1,3,0.9788761138916016,modal,cuda,U2AF2:HepG2
GRWD1,HepG2,chr22:29671949:G:T,1,3,0.7617714405059814,modal,cuda,U2AF2:HepG2
GRWD1,HepG2,chr22:30344925:C:G,0,3,-0.2815358638763428,modal,cuda,U2AF2:HepG2
GRWD1,HepG2,chr22:30937046:A:G,0,3,-0.7248537540435791,modal,cuda,U2AF2:HepG2
GRWD1,HepG2,chr22:30937049:A:C,0,3,2.3178837299346924,modal,cuda,U2AF2:HepG2
GRWD1,HepG2,chr22:30949850:G:C,0,3,1.1103981733322144,modal,cuda,U2AF2:HepG2
GRWD1,HepG2,chr22:35381210:G:A,0,3,-0.5474646091461182,modal,cuda,U2AF2:HepG2
GRWD1,HepG2,chr22:36261743:T:C,0,3,-0.7594256401062012,modal,cuda,U2AF2:HepG2
GRWD1,HepG2,chr22:36298908:C:G,0,3,1.2695465087890625,modal,cuda,U2AF2:HepG2
GRWD1,HepG2,chr22:36314138:T:C,0,3,0.6454410552978516,modal,cuda,U2AF2:HepG2
GRWD1,HepG2,chr22:36519398:C:T,0,3,-0.4498112201690674,modal,cuda,U2AF2:HepG2
GRWD1,HepG2,chr22:36519417:A:G,0,3,-0.596992015838623,modal,cuda,U2AF2:HepG2
GRWD1,HepG2,chr22:38069027:G:A,0,3,0.3591330945491791,modal,cuda,U2AF2:HepG2
GRWD1,HepG2,chr22:40264852:A:G,0,3,0.35527753829956055,modal,cuda,U2AF2:HepG2
GRWD1,HepG2,chr22:40358931:C:T,1,3,-2.050527572631836,modal,cuda,U2AF2:HepG2
GRWD1,HepG2,chr22:40358949:C:T,1,3,3.392754554748535,modal,cuda,U2AF2:HepG2
GRWD1,HepG2,chr22:40359009:C:T,1,3,-1.3383629322052002,modal,cuda,U2AF2:HepG2
GRWD1,HepG2,chr22:41157156:C:T,0,3,0.3565945625305176,modal,cuda,U2AF2:HepG2
GRWD1,HepG2,chr22:41164133:A:G,0,3,-0.4710540771484375,modal,cuda,U2AF2:HepG2
GRWD1,HepG2,chr22:41209711:G:A,1,3,5.443393707275391,modal,cuda,U2AF2:HepG2
GRWD1,HepG2,chr22:41209772:G:C,0,3,1.8909711837768555,modal,cuda,U2AF2:HepG2
GRWD1,HepG2,chr22:41647092:G:A,0,3,-0.30632638931274414,modal,cuda,U2AF2:HepG2
GRWD1,HepG2,chr22:41880821:G:A,0,3,0.7059755325317383,modal,cuda,U2AF2:HepG2
GRWD1,HepG2,chr22:45518661:C:T,0,3,0.41072964668273926,modal,cuda,U2AF2:HepG2
GRWD1,HepG2,chr22:46337760:T:C,0,3,-0.2289431095123291,modal,cuda,U2AF2:HepG2
GRWD1,HepG2,chr22:46337813:G:A,1,3,1.9322524070739746,modal,cuda,U2AF2:HepG2
GRWD1,HepG2,chr22:46337880:C:T,1,3,-1.930572509765625,modal,cuda,U2AF2:HepG2
GRWD1,HepG2,chr22:46355497:C:T,0,3,-0.35197973251342773,modal,cuda,U2AF2:HepG2
GRWD1,HepG2,chr22:46355505:G:A,1,3,-1.8042302131652832,modal,cuda,U2AF2:HepG2
GRWD1,HepG2,chr22:46355506:G:A,1,3,-2.720736026763916,modal,cuda,U2AF2:HepG2
GRWD1,HepG2,chr22:46355513:G:T,1,3,-4.358298301696777,modal,cuda,U2AF2:HepG2
GRWD1,HepG2,chr22:46355516:G:T,1,3,3.888732433319092,modal,cuda,U2AF2:HepG2
GRWD1,HepG2,chr22:46793719:C:T,0,3,-0.5932567715644836,modal,cuda,U2AF2:HepG2
GRWD1,HepG2,chr22:49794205:C:T,0,3,0.7101411819458008,modal,cuda,U2AF2:HepG2
GRWD1,HepG2,chr22:49823110:T:C,0,3,1.4075310230255127,modal,cuda,U2AF2:HepG2
GRWD1,HepG2,chr22:50572947:G:C,0,3,0.38922762870788574,modal,cuda,U2AF2:HepG2
GRWD1,HepG2,chr22:50574574:G:A,0,3,-0.5868065357208252,modal,cuda,U2AF2:HepG2
GRWD1,HepG2,chr22:50580198:A:T,1,3,1.692847728729248,modal,cuda,U2AF2:HepG2
GRWD1,HepG2,chr22:50580372:T:C,1,3,-1.6486899852752686,modal,cuda,U2AF2:HepG2
GRWD1,HepG2,chr22:50582800:C:A,0,3,-0.27509868144989014,modal,cuda,U2AF2:HepG2
GRWD1,HepG2,chr22:50582808:C:T,0,3,-1.6106971502304077,modal,cuda,U2AF2:HepG2
GRWD1,HepG2,chr22:50582829:C:A,0,3,-0.6865347623825073,modal,cuda,U2AF2:HepG2
GRWD1,HepG2,chr2:101002821:C:G,0,4,-0.8089566230773926,modal,cuda,U2AF2:HepG2
GRWD1,HepG2,chr2:101002859:T:C,0,4,-0.8152050971984863,modal,cuda,U2AF2:HepG2
GRWD1,HepG2,chr2:101004304:C:G,0,4,-0.6523637771606445,modal,cuda,U2AF2:HepG2
GRWD1,HepG2,chr2:101698156:G:A,0,4,0.2291322946548462,modal,cuda,U2AF2:HepG2
GRWD1,HepG2,chr2:101831730:G:A,1,4,0.5873274803161621,modal,cuda,U2AF2:HepG2
GRWD1,HepG2,chr2:101831841:A:G,1,4,-0.404604434967041,modal,cuda,U2AF2:HepG2
GRWD1,HepG2,chr2:101834405:G:A,0,4,0.15599870681762695,modal,cuda,U2AF2:HepG2
GRWD1,HepG2,chr2:101844282:C:T,1,4,1.7229572534561157,modal,cuda,U2AF2:HepG2
GRWD1,HepG2,chr2:101855997:A:G,0,4,0.9856362342834473,modal,cuda,U2AF2:HepG2
GRWD1,HepG2,chr2:101859759:G:A,0,4,1.0302073955535889,modal,cuda,U2AF2:HepG2
GRWD1,HepG2,chr2:101876990:G:A,0,4,-0.9060245752334595,modal,cuda,U2AF2:HepG2
GRWD1,HepG2,chr2:108483075:C:G,0,4,0.2828192710876465,modal,cuda,U2AF2:HepG2
GRWD1,HepG2,chr2:108719689:C:G,0,4,-0.8043355941772461,modal,cuda,U2AF2:HepG2
GRWD1,HepG2,chr2:110666253:C:T,0,4,-0.5233423709869385,modal,cuda,U2AF2:HepG2
GRWD1,HepG2,chr2:112008483:C:G,0,4,1.1568269729614258,modal,cuda,U2AF2:HepG2
GRWD1,HepG2,chr2:11201419:T:C,0,4,-0.3597888946533203,modal,cuda,U2AF2:HepG2
GRWD1,HepG2,chr2:112542706:C:G,0,4,-0.7737994194030762,modal,cuda,U2AF2:HepG2
GRWD1,HepG2,chr2:112740989:A:G,0,4,0.6638057231903076,modal,cuda,U2AF2:HepG2
GRWD1,HepG2,chr2:11773666:G:T,1,4,-2.5717527866363525,modal,cuda,U2AF2:HepG2
GRWD1,HepG2,chr2:11773680:G:A,0,4,-2.1981821060180664,modal,cuda,U2AF2:HepG2
GRWD1,HepG2,chr2:11773719:G:C,0,4,-0.8123829364776611,modal,cuda,U2AF2:HepG2
GRWD1,HepG2,chr2:11784989:G:T,1,4,0.5579314231872559,modal,cuda,U2AF2:HepG2
GRWD1,HepG2,chr2:11785064:G:T,1,4,-0.3814244270324707,modal,cuda,U2AF2:HepG2
GRWD1,HepG2,chr2:127289525:C:G,0,4,-0.6811158061027527,modal,cuda,U2AF2:HepG2
GRWD1,HepG2,chr2:127289834:G:C,0,4,1.098793864250183,modal,cuda,U2AF2:HepG2
GRWD1,HepG2,chr2:127293601:G:C,1,4,1.0002148151397705,modal,cuda,U2AF2:HepG2
GRWD1,HepG2,chr2:127293614:G:A,1,4,-1.9385006427764893,modal,cuda,U2AF2:HepG2
GRWD1,HepG2,chr2:127293711:C:G,0,4,0.8977707624435425,modal,cuda,U2AF2:HepG2
GRWD1,HepG2,chr2:128155519:T:C,1,4,2.4395194053649902,modal,cuda,U2AF2:HepG2
GRWD1,HepG2,chr2:128170312:A:T,0,4,1.1178770065307617,modal,cuda,U2AF2:HepG2
GRWD1,HepG2,chr2:128173894:T:C,0,4,-0.6036326885223389,modal,cuda,U2AF2:HepG2
GRWD1,HepG2,chr2:128173902:A:G,0,4,0.599888801574707,modal,cuda,U2AF2:HepG2
GRWD1,HepG2,chr2:128177917:A:G,0,4,0.7973740100860596,modal,cuda,U2AF2:HepG2
GRWD1,HepG2,chr2:128178569:G:A,1,4,0.5831871032714844,modal,cuda,U2AF2:HepG2
GRWD1,HepG2,chr2:128187475:G:A,0,4,0.7592965364456177,modal,cuda,U2AF2:HepG2
GRWD1,HepG2,chr2:128187547:C:T,0,4,0.5877258777618408,modal,cuda,U2AF2:HepG2
GRWD1,HepG2,chr2:147972798:G:C,0,4,-0.485798716545105,modal,cuda,U2AF2:HepG2
GRWD1,HepG2,chr2:152718791:G:T,0,4,0.8782403469085693,modal,cuda,U2AF2:HepG2
GRWD1,HepG2,chr2:15539332:C:T,1,4,1.189162254333496,modal,cuda,U2AF2:HepG2
GRWD1,HepG2,chr2:15556799:G:A,1,4,-1.7980923652648926,modal,cuda,U2AF2:HepG2
GRWD1,HepG2,chr2:158621122:G:T,0,4,0.43163180351257324,modal,cuda,U2AF2:HepG2
GRWD1,HepG2,chr2:165994294:A:T,1,4,-0.5962610244750977,modal,cuda,U2AF2:HepG2
GRWD1,HepG2,chr2:165994305:G:A,1,4,0.7055606842041016,modal,cuda,U2AF2:HepG2
GRWD1,HepG2,chr2:165994317:C:A,1,4,1.1702985763549805,modal,cuda,U2AF2:HepG2
GRWD1,HepG2,chr2:165994322:A:C,1,4,1.157196044921875,modal,cuda,U2AF2:HepG2
GRWD1,HepG2,chr2:165994342:A:T,1,4,1.1660337448120117,modal,cuda,U2AF2:HepG2
GRWD1,HepG2,chr2:165994365:T:C,1,4,-1.7523043155670166,modal,cuda,U2AF2:HepG2
GRWD1,HepG2,chr2:165994367:T:C,1,4,-1.060798168182373,modal,cuda,U2AF2:HepG2
GRWD1,HepG2,chr2:165994404:C:A,1,4,1.5012776851654053,modal,cuda,U2AF2:HepG2
GRWD1,HepG2,chr2:166009735:C:A,1,4,0.8049829006195068,modal,cuda,U2AF2:HepG2
GRWD1,HepG2,chr2:166009735:C:G,1,4,0.7427833080291748,modal,cuda,U2AF2:HepG2
GRWD1,HepG2,chr2:166009736:G:A,1,4,1.7302725315093994,modal,cuda,U2AF2:HepG2
GRWD1,HepG2,chr2:166009748:T:A,1,4,-0.6318626403808594,modal,cuda,U2AF2:HepG2
GRWD1,HepG2,chr2:166009750:A:G,1,4,-0.6247978210449219,modal,cuda,U2AF2:HepG2
GRWD1,HepG2,chr2:166009754:G:T,1,4,0.32543468475341797,modal,cuda,U2AF2:HepG2
GRWD1,HepG2,chr2:166009756:C:G,1,4,0.4070713520050049,modal,cuda,U2AF2:HepG2
GRWD1,HepG2,chr2:166009771:G:C,1,4,-0.6795508861541748,modal,cuda,U2AF2:HepG2
GRWD1,HepG2,chr2:166009784:T:A,1,4,-1.6197090148925781,modal,cuda,U2AF2:HepG2
GRWD1,HepG2,chr2:166009792:C:T,1,4,-0.7009093761444092,modal,cuda,U2AF2:HepG2
GRWD1,HepG2,chr2:166009795:A:T,1,4,-0.509547233581543,modal,cuda,U2AF2:HepG2
GRWD1,HepG2,chr2:166009801:G:C,1,4,-1.0127973556518555,modal,cuda,U2AF2:HepG2
GRWD1,HepG2,chr2:166009822:G:C,1,4,0.9343082904815674,modal,cuda,U2AF2:HepG2
GRWD1,HepG2,chr2:166009837:G:C,1,4,-1.6063735485076904,modal,cuda,U2AF2:HepG2
GRWD1,HepG2,chr2:166037915:T:C,1,4,0.7737166881561279,modal,cuda,U2AF2:HepG2
GRWD1,HepG2,chr2:166037915:T:G,1,4,-1.197296142578125,modal,cuda,U2AF2:HepG2
GRWD1,HepG2,chr2:166037916:C:A,1,4,0.5655303001403809,modal,cuda,U2AF2:HepG2
GRWD1,HepG2,chr2:166037920:C:T,1,4,-0.9914872646331787,modal,cuda,U2AF2:HepG2
GRWD1,HepG2,chr2:166037922:T:C,1,4,-0.9040800929069519,modal,cuda,U2AF2:HepG2
GRWD1,HepG2,chr2:166037926:C:T,1,4,-2.190516948699951,modal,cuda,U2AF2:HepG2
GRWD1,HepG2,chr2:166037930:C:T,1,4,1.0241374969482422,modal,cuda,U2AF2:HepG2
GRWD1,HepG2,chr2:166037974:G:T,1,4,0.7873878479003906,modal,cuda,U2AF2:HepG2
GRWD1,HepG2,chr2:166037993:T:A,1,4,-1.4672455787658691,modal,cuda,U2AF2:HepG2
GRWD1,HepG2,chr2:166037994:G:T,1,4,-0.6463494300842285,modal,cuda,U2AF2:HepG2
GRWD1,HepG2,chr2:166038009:C:T,1,4,-0.37055444717407227,modal,cuda,U2AF2:HepG2
GRWD1,HepG2,chr2:166038031:C:A,1,4,-0.7147459983825684,modal,cuda,U2AF2:HepG2
GRWD1,HepG2,chr2:166038032:A:G,1,4,0.44864368438720703,modal,cuda,U2AF2:HepG2
GRWD1,HepG2,chr2:166038038:A:G,1,4,0.9531302452087402,modal,cuda,U2AF2:HepG2
GRWD1,HepG2,chr2:166038044:A:T,1,4,0.962031364440918,modal,cuda,U2AF2:HepG2
GRWD1,HepG2,chr2:166042275:T:C,0,4,-0.3840820789337158,modal,cuda,U2AF2:HepG2
GRWD1,HepG2,chr2:166042289:A:T,1,4,-3.3988254070281982,modal,cuda,U2AF2:HepG2
GRWD1,HepG2,chr2:166042292:C:A,1,4,2.4196863174438477,modal,cuda,U2AF2:HepG2
GRWD1,HepG2,chr2:166042295:C:A,1,4,1.9963432550430298,modal,cuda,U2AF2:HepG2
GRWD1,HepG2,chr2:166042334:G:A,1,4,4.292840003967285,modal,cuda,U2AF2:HepG2
GRWD1,HepG2,chr2:166042337:G:A,1,4,3.117680788040161,modal,cuda,U2AF2:HepG2
GRWD1,HepG2,chr2:166043742:G:A,1,4,-0.5008728504180908,modal,cuda,U2AF2:HepG2
GRWD1,HepG2,chr2:166043754:A:T,1,4,-5.48628044128418,modal,cuda,U2AF2:HepG2
GRWD1,HepG2,chr2:166043829:G:T,1,4,-1.1145968437194824,modal,cuda,U2AF2:HepG2
GRWD1,HepG2,chr2:166043836:T:C,1,4,-1.6533397436141968,modal,cuda,U2AF2:HepG2
GRWD1,HepG2,chr2:166043864:C:G,1,4,-0.5457231998443604,modal,cuda,U2AF2:HepG2
GRWD1,HepG2,chr2:166043869:C:A,1,4,1.765157699584961,modal,cuda,U2AF2:HepG2
GRWD1,HepG2,chr2:166043875:G:A,1,4,1.5564072132110596,modal,cuda,U2AF2:HepG2
GRWD1,HepG2,chr2:166043878:G:A,1,4,1.4696558713912964,modal,cuda,U2AF2:HepG2
GRWD1,HepG2,chr2:166043908:C:A,1,4,2.0729658603668213,modal,cuda,U2AF2:HepG2
GRWD1,HepG2,chr2:166043917:C:A,1,4,2.5843148231506348,modal,cuda,U2AF2:HepG2
GRWD1,HepG2,chr2:166043974:G:A,1,4,2.3974387645721436,modal,cuda,U2AF2:HepG2
GRWD1,HepG2,chr2:166054633:C:G,1,4,2.6778149604797363,modal,cuda,U2AF2:HepG2
GRWD1,HepG2,chr2:166054635:T:G,1,4,2.302091598510742,modal,cuda,U2AF2:HepG2
GRWD1,HepG2,chr2:166054638:G:T,1,4,0.893643856048584,modal,cuda,U2AF2:HepG2
GRWD1,HepG2,chr2:166054660:C:A,1,4,1.2165188789367676,modal,cuda,U2AF2:HepG2
GRWD1,HepG2,chr2:166054665:C:T,1,4,1.5867260694503784,modal,cuda,U2AF2:HepG2
GRWD1,HepG2,chr2:166054667:G:C,1,4,-0.8581552505493164,modal,cuda,U2AF2:HepG2
GRWD1,HepG2,chr2:166054670:C:T,1,4,2.026379346847534,modal,cuda,U2AF2:HepG2
GRWD1,HepG2,chr2:166054672:A:G,1,4,-0.728162407875061,modal,cuda,U2AF2:HepG2
GRWD1,HepG2,chr2:166054680:C:G,1,4,-1.8932991027832031,modal,cuda,U2AF2:HepG2
GRWD1,HepG2,chr2:166054699:C:A,1,4,-1.9799585342407227,modal,cuda,U2AF2:HepG2
GRWD1,HepG2,chr2:166054701:A:T,1,4,-1.449324369430542,modal,cuda,U2AF2:HepG2
GRWD1,HepG2,chr2:166054710:C:A,1,4,-0.6498661041259766,modal,cuda,U2AF2:HepG2
GRWD1,HepG2,chr2:166054710:C:G,1,4,-0.3304252624511719,modal,cuda,U2AF2:HepG2
GRWD1,HepG2,chr2:166054710:C:T,1,4,-1.0139447450637817,modal,cuda,U2AF2:HepG2
GRWD1,HepG2,chr2:166054716:G:A,1,4,-0.5568170547485352,modal,cuda,U2AF2:HepG2
GRWD1,HepG2,chr2:169824480:C:T,0,4,0.6258115768432617,modal,cuda,U2AF2:HepG2
GRWD1,HepG2,chr2:172427775:C:G,0,4,0.7795907258987427,modal,cuda,U2AF2:HepG2
GRWD1,HepG2,chr2:173364779:T:C,0,4,-0.28182411193847656,modal,cuda,U2AF2:HepG2
GRWD1,HepG2,chr2:173365003:A:G,0,4,0.39190590381622314,modal,cuda,U2AF2:HepG2
GRWD1,HepG2,chr2:173365447:T:C,0,4,1.209639549255371,modal,cuda,U2AF2:HepG2
GRWD1,HepG2,chr2:175093202:G:A,0,4,-0.6581301689147949,modal,cuda,U2AF2:HepG2
GRWD1,HepG2,chr2:175964389:G:C,0,4,-0.32789647579193115,modal,cuda,U2AF2:HepG2
GRWD1,HepG2,chr2:175964419:C:T,0,4,-0.3974573612213135,modal,cuda,U2AF2:HepG2
GRWD1,HepG2,chr2:177232570:G:A,0,4,0.5327239036560059,modal,cuda,U2AF2:HepG2
GRWD1,HepG2,chr2:177232576:G:A,0,4,0.6027470827102661,modal,cuda,U2AF2:HepG2
GRWD1,HepG2,chr2:177392624:G:C,0,4,-1.6506205797195435,modal,cuda,U2AF2:HepG2
GRWD1,HepG2,chr2:177392663:G:A,0,4,1.2097511291503906,modal,cuda,U2AF2:HepG2
GRWD1,HepG2,chr2:187484116:A:G,0,4,-0.5232000350952148,modal,cuda,U2AF2:HepG2
GRWD1,HepG2,chr2:190294639:A:C,1,4,-1.6675902605056763,modal,cuda,U2AF2:HepG2
GRWD1,HepG2,chr2:190296956:G:C,1,4,1.9039387702941895,modal,cuda,U2AF2:HepG2
GRWD1,HepG2,chr2:196916468:G:A,1,4,2.0822880268096924,modal,cuda,U2AF2:HepG2
GRWD1,HepG2,chr2:197416735:A:T,0,4,-0.8249166011810303,modal,cuda,U2AF2:HepG2
GRWD1,HepG2,chr2:201160763:G:A,0,4,-0.42880964279174805,modal,cuda,U2AF2:HepG2
GRWD1,HepG2,chr2:201209215:G:T,0,4,1.0409398078918457,modal,cuda,U2AF2:HepG2
GRWD1,HepG2,chr2:201276955:A:G,0,4,-0.7705130577087402,modal,cuda,U2AF2:HepG2
GRWD1,HepG2,chr2:201284973:G:A,0,4,0.08160114288330078,modal,cuda,U2AF2:HepG2
GRWD1,HepG2,chr2:201633304:T:C,0,4,0.9278562068939209,modal,cuda,U2AF2:HepG2
GRWD1,HepG2,chr2:201761837:A:T,0,4,-0.6401195526123047,modal,cuda,U2AF2:HepG2
GRWD1,HepG2,chr2:206771881:G:A,0,4,0.7953071594238281,modal,cuda,U2AF2:HepG2
GRWD1,HepG2,chr2:207575339:A:G,0,4,-0.22896480560302734,modal,cuda,U2AF2:HepG2
GRWD1,HepG2,chr2:208300927:G:T,0,4,-3.503110885620117,modal,cuda,U2AF2:HepG2
GRWD1,HepG2,chr2:21033279:G:C,0,4,-0.7909748554229736,modal,cuda,U2AF2:HepG2
GRWD1,HepG2,chr2:214809500:G:A,0,4,0.6094214916229248,modal,cuda,U2AF2:HepG2
GRWD1,HepG2,chr2:214809548:T:G,0,4,-0.20935821533203125,modal,cuda,U2AF2:HepG2
GRWD1,HepG2,chr2:214809549:C:G,0,4,0.9224783182144165,modal,cuda,U2AF2:HepG2
GRWD1,HepG2,chr2:214809599:C:G,0,4,-1.3910056352615356,modal,cuda,U2AF2:HepG2
GRWD1,HepG2,chr2:214809617:A:G,0,4,-0.7911882400512695,modal,cuda,U2AF2:HepG2
GRWD1,HepG2,chr2:218662282:C:T,0,4,-1.0381155014038086,modal,cuda,U2AF2:HepG2
GRWD1,HepG2,chr2:219214374:C:T,0,4,0.3065866231918335,modal,cuda,U2AF2:HepG2
GRWD1,HepG2,chr2:219232535:G:C,0,4,0.44503164291381836,modal,cuda,U2AF2:HepG2
GRWD1,HepG2,chr2:219232564:G:A,0,4,0.6263117790222168,modal,cuda,U2AF2:HepG2
GRWD1,HepG2,chr2:219234127:T:C,0,4,1.2358583211898804,modal,cuda,U2AF2:HepG2
GRWD1,HepG2,chr2:219504278:G:A,0,4,-0.8049583435058594,modal,cuda,U2AF2:HepG2
GRWD1,HepG2,chr2:219506440:C:T,0,4,0.29004693031311035,modal,cuda,U2AF2:HepG2
GRWD1,HepG2,chr2:219563635:G:A,0,4,0.6860390901565552,modal,cuda,U2AF2:HepG2
GRWD1,HepG2,chr2:222634537:T:C,1,4,-0.5152359008789062,modal,cuda,U2AF2:HepG2
GRWD1,HepG2,chr2:222639607:T:C,0,4,-1.421305775642395,modal,cuda,U2AF2:HepG2
GRWD1,HepG2,chr2:224502952:C:T,0,4,0.41156864166259766,modal,cuda,U2AF2:HepG2
GRWD1,HepG2,chr2:224502958:A:C,0,4,0.6423182487487793,modal,cuda,U2AF2:HepG2
GRWD1,HepG2,chr2:227332522:G:A,0,4,0.18572235107421875,modal,cuda,U2AF2:HepG2
GRWD1,HepG2,chr2:227340266:C:T,0,4,-0.2458239495754242,modal,cuda,U2AF2:HepG2
GRWD1,HepG2,chr2:227340295:C:T,1,4,3.126094102859497,modal,cuda,U2AF2:HepG2
GRWD1,HepG2,chr2:229858787:G:A,1,4,1.631988763809204,modal,cuda,U2AF2:HepG2
GRWD1,HepG2,chr2:231455391:C:T,0,4,0.19385915994644165,modal,cuda,U2AF2:HepG2
GRWD1,HepG2,chr2:232014961:C:T,0,4,0.38379859924316406,modal,cuda,U2AF2:HepG2
GRWD1,HepG2,chr2:232087576:A:G,0,4,-0.3865506649017334,modal,cuda,U2AF2:HepG2
GRWD1,HepG2,chr2:232087625:C:T,1,4,1.5755565166473389,modal,cuda,U2AF2:HepG2
GRWD1,HepG2,chr2:232136589:C:T,1,4,3.5028653144836426,modal,cuda,U2AF2:HepG2
GRWD1,HepG2,chr2:232136640:G:A,0,4,0.5528297424316406,modal,cuda,U2AF2:HepG2
GRWD1,HepG2,chr2:232163439:C:T,0,4,-0.35884881019592285,modal,cuda,U2AF2:HepG2
GRWD1,HepG2,chr2:232163460:C:T,1,4,-1.1514194011688232,modal,cuda,U2AF2:HepG2
GRWD1,HepG2,chr2:232163481:C:T,1,4,1.722834825515747,modal,cuda,U2AF2:HepG2
GRWD1,HepG2,chr2:232791432:C:T,0,4,0.563483715057373,modal,cuda,U2AF2:HepG2
GRWD1,HepG2,chr2:232794843:C:A,0,4,-0.7009615898132324,modal,cuda,U2AF2:HepG2
GRWD1,HepG2,chr2:232844096:A:G,0,4,-0.35724520683288574,modal,cuda,U2AF2:HepG2
GRWD1,HepG2,chr2:232847339:G:A,0,4,0.19821739196777344,modal,cuda,U2AF2:HepG2
GRWD1,HepG2,chr2:233556972:G:A,0,4,-0.33127284049987793,modal,cuda,U2AF2:HepG2
GRWD1,HepG2,chr2:235968636:C:T,0,4,0.21605587005615234,modal,cuda,U2AF2:HepG2
GRWD1,HepG2,chr2:236049289:C:T,0,4,0.9119634628295898,modal,cuda,U2AF2:HepG2
GRWD1,HepG2,chr2:240007349:T:C,0,4,-1.2355941534042358,modal,cuda,U2AF2:HepG2
GRWD1,HepG2,chr2:240014693:A:G,0,4,0.5786147117614746,modal,cuda,U2AF2:HepG2
GRWD1,HepG2,chr2:240021232:T:C,1,4,-0.39970970153808594,modal,cuda,U2AF2:HepG2
GRWD1,HepG2,chr2:241253501:C:T,0,4,-0.7307648658752441,modal,cuda,U2AF2:HepG2
GRWD1,HepG2,chr2:241337694:G:A,0,4,0.6989578008651733,modal,cuda,U2AF2:HepG2
GRWD1,HepG2,chr2:241441561:C:T,0,4,0.7622461318969727,modal,cuda,U2AF2:HepG2
GRWD1,HepG2,chr2:241651116:C:T,0,4,1.247236967086792,modal,cuda,U2AF2:HepG2
GRWD1,HepG2,chr2:241767718:A:G,1,4,0.39023351669311523,modal,cuda,U2AF2:HepG2
GRWD1,HepG2,chr2:241767734:T:C,1,4,-0.19798564910888672,modal,cuda,U2AF2:HepG2
GRWD1,HepG2,chr2:241767780:C:A,0,4,-0.4544215202331543,modal,cuda,U2AF2:HepG2
GRWD1,HepG2,chr2:25235768:G:A,1,4,-0.7644095420837402,modal,cuda,U2AF2:HepG2
GRWD1,HepG2,chr2:25244249:C:A,1,4,1.5800998210906982,modal,cuda,U2AF2:HepG2
GRWD1,HepG2,chr2:25244258:C:T,1,4,-0.20643115043640137,modal,cuda,U2AF2:HepG2
GRWD1,HepG2,chr2:25244322:A:C,1,4,0.3487492799758911,modal,cuda,U2AF2:HepG2
GRWD1,HepG2,chr2:25246077:G:A,0,4,-0.2537407875061035,modal,cuda,U2AF2:HepG2
GRWD1,HepG2,chr2:25246184:C:A,1,4,0.9292426109313965,modal,cuda,U2AF2:HepG2
GRWD1,HepG2,chr2:25246226:T:A,1,4,0.9317492246627808,modal,cuda,U2AF2:HepG2
GRWD1,HepG2,chr2:25246270:C:T,1,4,-2.7337231636047363,modal,cuda,U2AF2:HepG2
GRWD1,HepG2,chr2:25246316:G:A,0,4,0.26939693093299866,modal,cuda,U2AF2:HepG2
GRWD1,HepG2,chr2:25247078:G:T,1,4,-3.786635637283325,modal,cuda,U2AF2:HepG2
GRWD1,HepG2,chr2:25247107:G:A,1,4,-1.7546074390411377,modal,cuda,U2AF2:HepG2
GRWD1,HepG2,chr2:25248150:G:A,1,4,-2.9837355613708496,modal,cuda,U2AF2:HepG2
GRWD1,HepG2,chr2:25756001:T:C,0,4,1.3109211921691895,modal,cuda,U2AF2:HepG2
GRWD1,HepG2,chr2:27053542:G:A,1,4,-1.2295829057693481,modal,cuda,U2AF2:HepG2
GRWD1,HepG2,chr2:27367797:G:A,1,4,-0.47582918405532837,modal,cuda,U2AF2:HepG2
GRWD1,HepG2,chr2:27368454:G:A,1,4,1.5869381427764893,modal,cuda,U2AF2:HepG2
GRWD1,HepG2,chr2:27369556:C:T,0,4,0.30199742317199707,modal,cuda,U2AF2:HepG2
GRWD1,HepG2,chr2:27457760:A:T,1,4,1.566344141960144,modal,cuda,U2AF2:HepG2
GRWD1,HepG2,chr2:27661323:C:T,1,4,-7.806570529937744,modal,cuda,U2AF2:HepG2
GRWD1,HepG2,chr2:3550384:T:C,0,4,-1.2078666687011719,modal,cuda,U2AF2:HepG2
GRWD1,HepG2,chr2:3550440:A:G,1,4,-0.3185157775878906,modal,cuda,U2AF2:HepG2
GRWD1,HepG2,chr2:38676074:C:T,0,4,-0.7275609970092773,modal,cuda,U2AF2:HepG2
GRWD1,HepG2,chr2:43949590:T:C,0,4,-0.9898037910461426,modal,cuda,U2AF2:HepG2
GRWD1,HepG2,chr2:46956927:G:A,0,4,-2.523186683654785,modal,cuda,U2AF2:HepG2
GRWD1,HepG2,chr2:46956989:G:T,1,4,-1.7625763416290283,modal,cuda,U2AF2:HepG2
GRWD1,HepG2,chr2:46957018:G:A,0,4,0.7819738388061523,modal,cuda,U2AF2:HepG2
GRWD1,HepG2,chr2:46975025:A:G,0,4,0.8232631683349609,modal,cuda,U2AF2:HepG2
GRWD1,HepG2,chr2:46975095:T:C,0,4,-1.9793612957000732,modal,cuda,U2AF2:HepG2
GRWD1,HepG2,chr2:46975123:G:A,0,4,0.28123098611831665,modal,cuda,U2AF2:HepG2
GRWD1,HepG2,chr2:47006072:A:G,0,4,-1.0763225555419922,modal,cuda,U2AF2:HepG2
GRWD1,HepG2,chr2:47161705:T:C,0,4,2.436584711074829,modal,cuda,U2AF2:HepG2
GRWD1,HepG2,chr2:47403248:C:A,0,4,-0.9555570483207703,modal,cuda,U2AF2:HepG2
GRWD1,HepG2,chr2:47403273:G:T,1,4,-1.5453799962997437,modal,cuda,U2AF2:HepG2
GRWD1,HepG2,chr2:47403278:G:A,0,4,-0.4125981330871582,modal,cuda,U2AF2:HepG2
GRWD1,HepG2,chr2:47403293:G:A,0,4,-0.5935485363006592,modal,cuda,U2AF2:HepG2
GRWD1,HepG2,chr2:47403299:T:A,0,4,-0.2866036891937256,modal,cuda,U2AF2:HepG2
GRWD1,HepG2,chr2:47403311:C:G,0,4,-0.3393998146057129,modal,cuda,U2AF2:HepG2
GRWD1,HepG2,chr2:47403320:T:G,1,4,-1.7038259506225586,modal,cuda,U2AF2:HepG2
GRWD1,HepG2,chr2:47416319:C:A,0,4,-0.7717212438583374,modal,cuda,U2AF2:HepG2
GRWD1,HepG2,chr2:47416322:T:G,0,4,-0.28035545349121094,modal,cuda,U2AF2:HepG2
GRWD1,HepG2,chr2:47416341:C:T,0,4,-0.25581789016723633,modal,cuda,U2AF2:HepG2
GRWD1,HepG2,chr2:47416346:T:C,0,4,-0.08804130554199219,modal,cuda,U2AF2:HepG2
GRWD1,HepG2,chr2:47416352:T:A,1,4,-1.2431719303131104,modal,cuda,U2AF2:HepG2
GRWD1,HepG2,chr2:47416361:T:C,0,4,0.42627763748168945,modal,cuda,U2AF2:HepG2
GRWD1,HepG2,chr2:47429883:A:G,0,4,0.8212904930114746,modal,cuda,U2AF2:HepG2
GRWD1,HepG2,chr2:47783347:C:A,0,4,-0.40118408203125,modal,cuda,U2AF2:HepG2
GRWD1,HepG2,chr2:47783349:G:A,0,4,-0.4274415969848633,modal,cuda,U2AF2:HepG2
GRWD1,HepG2,chr2:47783350:G:T,0,4,-2.1153056621551514,modal,cuda,U2AF2:HepG2
GRWD1,HepG2,chr2:47783356:T:A,0,4,2.802353858947754,modal,cuda,U2AF2:HepG2
GRWD1,HepG2,chr2:47783371:G:A,0,4,-0.6282165050506592,modal,cuda,U2AF2:HepG2
GRWD1,HepG2,chr2:47783382:G:A,1,4,0.9518543481826782,modal,cuda,U2AF2:HepG2
GRWD1,HepG2,chr2:47783383:G:A,1,4,-0.51609206199646,modal,cuda,U2AF2:HepG2
GRWD1,HepG2,chr2:47783395:G:T,0,4,-0.36961638927459717,modal,cuda,U2AF2:HepG2
GRWD1,HepG2,chr2:47783401:G:C,0,4,-0.3574192523956299,modal,cuda,U2AF2:HepG2
GRWD1,HepG2,chr2:47783412:T:A,1,4,-1.8005502223968506,modal,cuda,U2AF2:HepG2
GRWD1,HepG2,chr2:47783419:C:A,0,4,-0.4220663607120514,modal,cuda,U2AF2:HepG2
GRWD1,HepG2,chr2:47783427:C:A,1,4,-1.2354841232299805,modal,cuda,U2AF2:HepG2
GRWD1,HepG2,chr2:47783427:C:G,1,4,-1.274958848953247,modal,cuda,U2AF2:HepG2
GRWD1,HepG2,chr2:47783435:A:T,1,4,-3.553452968597412,modal,cuda,U2AF2:HepG2
GRWD1,HepG2,chr2:47783453:G:T,1,4,1.2525825500488281,modal,cuda,U2AF2:HepG2
GRWD1,HepG2,chr2:47783455:A:C,0,4,0.31946051120758057,modal,cuda,U2AF2:HepG2
GRWD1,HepG2,chr2:47783455:A:G,0,4,0.4210200309753418,modal,cuda,U2AF2:HepG2
GRWD1,HepG2,chr2:47796001:A:T,1,4,1.5279779434204102,modal,cuda,U2AF2:HepG2
GRWD1,HepG2,chr2:47796010:G:T,1,4,-4.326450347900391,modal,cuda,U2AF2:HepG2
GRWD1,HepG2,chr2:47796014:T:A,1,4,0.603655993938446,modal,cuda,U2AF2:HepG2
GRWD1,HepG2,chr2:47796024:T:A,1,4,-0.7186665534973145,modal,cuda,U2AF2:HepG2
GRWD1,HepG2,chr2:47796035:C:A,1,4,0.6687576770782471,modal,cuda,U2AF2:HepG2
GRWD1,HepG2,chr2:47796035:C:G,1,4,-0.6038548946380615,modal,cuda,U2AF2:HepG2
GRWD1,HepG2,chr2:47796037:G:T,1,4,0.3257218599319458,modal,cuda,U2AF2:HepG2
GRWD1,HepG2,chr2:47796052:G:T,1,4,1.3017570972442627,modal,cuda,U2AF2:HepG2
GRWD1,HepG2,chr2:47800309:C:T,1,4,-5.1190080642700195,modal,cuda,U2AF2:HepG2
GRWD1,HepG2,chr2:47800365:C:G,0,4,-1.2603956460952759,modal,cuda,U2AF2:HepG2
GRWD1,HepG2,chr2:47800411:G:T,1,4,1.5641462802886963,modal,cuda,U2AF2:HepG2
GRWD1,HepG2,chr2:47800423:A:T,1,4,2.3350136280059814,modal,cuda,U2AF2:HepG2
GRWD1,HepG2,chr2:47800431:A:T,0,4,-0.4345564842224121,modal,cuda,U2AF2:HepG2
GRWD1,HepG2,chr2:47800434:T:C,0,4,-0.39326047897338867,modal,cuda,U2AF2:HepG2
GRWD1,HepG2,chr2:47800438:G:T,1,4,1.7006940841674805,modal,cuda,U2AF2:HepG2
GRWD1,HepG2,chr2:47818950:T:C,0,4,-0.6405625343322754,modal,cuda,U2AF2:HepG2
GRWD1,HepG2,chr2:47839416:T:C,1,4,-1.2989606857299805,modal,cuda,U2AF2:HepG2
GRWD1,HepG2,chr2:48454661:C:T,1,4,2.4705631732940674,modal,cuda,U2AF2:HepG2
GRWD1,HepG2,chr2:48454692:T:G,1,4,-3.2374393939971924,modal,cuda,U2AF2:HepG2
GRWD1,HepG2,chr2:48454711:T:C,0,4,-0.33014917373657227,modal,cuda,U2AF2:HepG2
GRWD1,HepG2,chr2:48454729:C:G,0,4,-0.6868026256561279,modal,cuda,U2AF2:HepG2
GRWD1,HepG2,chr2:54628093:A:G,0,4,0.8772241473197937,modal,cuda,U2AF2:HepG2
GRWD1,HepG2,chr2:62747391:G:C,0,4,0.48331236839294434,modal,cuda,U2AF2:HepG2
GRWD1,HepG2,chr2:69345897:T:C,0,4,0.956834077835083,modal,cuda,U2AF2:HepG2
GRWD1,HepG2,chr2:70236109:T:C,0,4,0.7062678337097168,modal,cuda,U2AF2:HepG2
GRWD1,HepG2,chr2:70236127:T:C,0,4,-2.868346691131592,modal,cuda,U2AF2:HepG2
GRWD1,HepG2,chr2:70236172:G:A,0,4,0.4584355354309082,modal,cuda,U2AF2:HepG2
GRWD1,HepG2,chr2:70236189:A:C,0,4,0.6134510040283203,modal,cuda,U2AF2:HepG2
GRWD1,HepG2,chr2:70248567:G:A,0,4,0.26842308044433594,modal,cuda,U2AF2:HepG2
GRWD1,HepG2,chr2:70301905:T:G,0,4,-1.0437811613082886,modal,cuda,U2AF2:HepG2
GRWD1,HepG2,chr2:72718220:C:T,0,4,1.4592647552490234,modal,cuda,U2AF2:HepG2
GRWD1,HepG2,chr2:72718301:A:G,0,4,-0.5302446484565735,modal,cuda,U2AF2:HepG2
GRWD1,HepG2,chr2:72718326:A:T,0,4,2.9045684337615967,modal,cuda,U2AF2:HepG2
GRWD1,HepG2,chr2:72731172:A:C,1,4,1.0597816705703735,modal,cuda,U2AF2:HepG2
GRWD1,HepG2,chr2:72731204:T:C,0,4,-0.3717179596424103,modal,cuda,U2AF2:HepG2
GRWD1,HepG2,chr2:73847660:C:T,1,4,0.7379374504089355,modal,cuda,U2AF2:HepG2
GRWD1,HepG2,chr2:73850446:C:T,1,4,1.335587978363037,modal,cuda,U2AF2:HepG2
GRWD1,HepG2,chr2:74135676:A:C,0,4,1.8987820148468018,modal,cuda,U2AF2:HepG2
GRWD1,HepG2,chr2:74366379:C:T,0,4,-2.005312204360962,modal,cuda,U2AF2:HepG2
GRWD1,HepG2,chr2:74369194:T:C,0,4,-0.6578207015991211,modal,cuda,U2AF2:HepG2
GRWD1,HepG2,chr2:74369230:G:A,0,4,-0.21876311302185059,modal,cuda,U2AF2:HepG2
GRWD1,HepG2,chr2:74369513:T:G,0,4,-0.5903010368347168,modal,cuda,U2AF2:HepG2
GRWD1,HepG2,chr2:74370670:G:A,0,4,0.1963949203491211,modal,cuda,U2AF2:HepG2
GRWD1,HepG2,chr2:74529115:G:A,0,4,1.2378177642822266,modal,cuda,U2AF2:HepG2
GRWD1,HepG2,chr2:86105686:G:A,0,4,0.2878885269165039,modal,cuda,U2AF2:HepG2
GRWD1,HepG2,chr2:8731212:C:A,0,4,0.9616274833679199,modal,cuda,U2AF2:HepG2
GRWD1,HepG2,chr2:8813350:T:C,0,4,0.292543888092041,modal,cuda,U2AF2:HepG2
GRWD1,HepG2,chr2:8817705:T:C,0,4,0.6394951343536377,modal,cuda,U2AF2:HepG2
GRWD1,HepG2,chr2:96286294:G:C,0,4,1.767095923423767,modal,cuda,U2AF2:HepG2
GRWD1,HepG2,chr2:96303341:T:A,0,4,-1.0864028930664062,modal,cuda,U2AF2:HepG2
GRWD1,HepG2,chr2:99402793:A:T,0,4,0.18689775466918945,modal,cuda,U2AF2:HepG2
GRWD1,HepG2,chr3:100713880:T:C,0,3,0.2575133144855499,modal,cuda,U2AF2:HepG2
GRWD1,HepG2,chr3:100728874:A:G,0,3,-0.6597027778625488,modal,cuda,U2AF2:HepG2
GRWD1,HepG2,chr3:10141822:C:G,0,3,-0.9998617172241211,modal,cuda,U2AF2:HepG2
GRWD1,HepG2,chr3:10141943:G:A,0,3,0.26590073108673096,modal,cuda,U2AF2:HepG2
GRWD1,HepG2,chr3:10141952:C:T,0,3,0.9456148147583008,modal,cuda,U2AF2:HepG2
GRWD1,HepG2,chr3:10141967:G:C,0,3,0.3728569746017456,modal,cuda,U2AF2:HepG2
GRWD1,HepG2,chr3:10142004:G:A,0,3,0.41012120246887207,modal,cuda,U2AF2:HepG2
GRWD1,HepG2,chr3:10142006:G:T,0,3,-0.31207895278930664,modal,cuda,U2AF2:HepG2
GRWD1,HepG2,chr3:10142033:G:A,0,3,-1.7356553077697754,modal,cuda,U2AF2:HepG2
GRWD1,HepG2,chr3:10142049:T:C,1,3,-3.401723623275757,modal,cuda,U2AF2:HepG2
GRWD1,HepG2,chr3:10149840:G:T,1,3,-4.645636558532715,modal,cuda,U2AF2:HepG2
GRWD1,HepG2,chr3:10149848:C:A,1,3,2.217867851257324,modal,cuda,U2AF2:HepG2
GRWD1,HepG2,chr3:10149848:C:G,1,3,3.6333460807800293,modal,cuda,U2AF2:HepG2
GRWD1,HepG2,chr3:10149849:A:T,1,3,3.9113028049468994,modal,cuda,U2AF2:HepG2
GRWD1,HepG2,chr3:10149852:A:T,1,3,-2.7782487869262695,modal,cuda,U2AF2:HepG2
GRWD1,HepG2,chr3:10149856:T:A,1,3,-1.2109520435333252,modal,cuda,U2AF2:HepG2
GRWD1,HepG2,chr3:10149856:T:G,1,3,-2.0045523643493652,modal,cuda,U2AF2:HepG2
GRWD1,HepG2,chr3:10149871:C:A,1,3,1.3160369396209717,modal,cuda,U2AF2:HepG2
GRWD1,HepG2,chr3:10149878:C:A,1,3,0.9189128875732422,modal,cuda,U2AF2:HepG2
GRWD1,HepG2,chr3:10149878:C:G,1,3,-6.453701972961426,modal,cuda,U2AF2:HepG2
GRWD1,HepG2,chr3:10149887:G:A,0,3,-0.593963623046875,modal,cuda,U2AF2:HepG2
GRWD1,HepG2,chr3:10149906:C:T,1,3,3.2558512687683105,modal,cuda,U2AF2:HepG2
GRWD1,HepG2,chr3:10149909:A:T,1,3,3.934420585632324,modal,cuda,U2AF2:HepG2
GRWD1,HepG2,chr3:10149923:G:A,0,3,0.9463138580322266,modal,cuda,U2AF2:HepG2
GRWD1,HepG2,chr3:10149944:A:G,0,3,-1.2939376831054688,modal,cuda,U2AF2:HepG2
GRWD1,HepG2,chr3:10149966:A:C,0,3,-1.566884994506836,modal,cuda,U2AF2:HepG2
GRWD1,HepG2,chr3:10149967:G:T,0,3,-0.6714518070220947,modal,cuda,U2AF2:HepG2
GRWD1,HepG2,chr3:10149968:A:G,0,3,-1.0538020133972168,modal,cuda,U2AF2:HepG2
GRWD1,HepG2,chr3:10149970:T:A,0,3,-0.4569053649902344,modal,cuda,U2AF2:HepG2
GRWD1,HepG2,chr3:10149972:C:T,0,3,-1.1322705745697021,modal,cuda,U2AF2:HepG2
GRWD1,HepG2,chr3:10149974:G:A,0,3,0.33594226837158203,modal,cuda,U2AF2:HepG2
GRWD1,HepG2,chr3:101574253:A:G,0,3,0.5519101619720459,modal,cuda,U2AF2:HepG2
GRWD1,HepG2,chr3:113723951:T:C,0,3,-0.3263547420501709,modal,cuda,U2AF2:HepG2
GRWD1,HepG2,chr3:121781772:G:A,1,3,4.6681365966796875,modal,cuda,U2AF2:HepG2
GRWD1,HepG2,chr3:121781790:G:A,1,3,3.485118865966797,modal,cuda,U2AF2:HepG2
GRWD1,HepG2,chr3:121781811:G:A,1,3,1.678772211074829,modal,cuda,U2AF2:HepG2
GRWD1,HepG2,chr3:121781820:G:A,1,3,1.4507601261138916,modal,cuda,U2AF2:HepG2
GRWD1,HepG2,chr3:121781821:C:T,1,3,-1.546074390411377,modal,cuda,U2AF2:HepG2
GRWD1,HepG2,chr3:121828519:G:A,1,3,-1.0129321813583374,modal,cuda,U2AF2:HepG2
GRWD1,HepG2,chr3:124650803:T:C,0,3,0.5511482357978821,modal,cuda,U2AF2:HepG2
GRWD1,HepG2,chr3:12584624:G:C,1,3,1.611832618713379,modal,cuda,U2AF2:HepG2
GRWD1,HepG2,chr3:12584631:T:C,0,3,-0.9139580726623535,modal,cuda,U2AF2:HepG2
GRWD1,HepG2,chr3:12584653:A:G,1,3,0.2894718647003174,modal,cuda,U2AF2:HepG2
GRWD1,HepG2,chr3:12591760:C:T,0,3,-0.6601440906524658,modal,cuda,U2AF2:HepG2
GRWD1,HepG2,chr3:128895342:A:C,0,3,-3.092918872833252,modal,cuda,U2AF2:HepG2
GRWD1,HepG2,chr3:128908230:C:T,1,3,2.061414957046509,modal,cuda,U2AF2:HepG2
GRWD1,HepG2,chr3:128909044:G:A,0,3,2.9475150108337402,modal,cuda,U2AF2:HepG2
GRWD1,HepG2,chr3:128909090:C:T,0,3,-1.4117937088012695,modal,cuda,U2AF2:HepG2
GRWD1,HepG2,chr3:128909376:C:G,1,3,1.4370965957641602,modal,cuda,U2AF2:HepG2
GRWD1,HepG2,chr3:129433084:G:A,0,3,0.41048097610473633,modal,cuda,U2AF2:HepG2
GRWD1,HepG2,chr3:129437769:G:A,1,3,0.46437811851501465,modal,cuda,U2AF2:HepG2
GRWD1,HepG2,chr3:129437786:C:T,1,3,0.8964966535568237,modal,cuda,U2AF2:HepG2
GRWD1,HepG2,chr3:131382112:C:G,0,3,0.7030467987060547,modal,cuda,U2AF2:HepG2
GRWD1,HepG2,chr3:132660538:A:G,1,3,1.662905216217041,modal,cuda,U2AF2:HepG2
GRWD1,HepG2,chr3:132699927:A:G,0,3,0.858696460723877,modal,cuda,U2AF2:HepG2
GRWD1,HepG2,chr3:132719020:G:T,1,3,2.3980507850646973,modal,cuda,U2AF2:HepG2
GRWD1,HepG2,chr3:133746509:G:T,0,3,0.7660260200500488,modal,cuda,U2AF2:HepG2
GRWD1,HepG2,chr3:134191843:A:C,0,3,0.7415547370910645,modal,cuda,U2AF2:HepG2
GRWD1,HepG2,chr3:139368152:G:C,0,3,-0.8267936706542969,modal,cuda,U2AF2:HepG2
GRWD1,HepG2,chr3:139368155:T:A,0,3,1.2973551750183105,modal,cuda,U2AF2:HepG2
GRWD1,HepG2,chr3:140959543:A:T,1,3,1.733436942100525,modal,cuda,U2AF2:HepG2
GRWD1,HepG2,chr3:14132954:G:T,0,3,0.5455546379089355,modal,cuda,U2AF2:HepG2
GRWD1,HepG2,chr3:14158179:A:T,1,3,-1.5029642581939697,modal,cuda,U2AF2:HepG2
GRWD1,HepG2,chr3:14158206:G:C,1,3,-3.633850574493408,modal,cuda,U2AF2:HepG2
GRWD1,HepG2,chr3:14158206:G:T,1,3,-3.882741689682007,modal,cuda,U2AF2:HepG2
GRWD1,HepG2,chr3:14158640:G:A,1,3,2.777456045150757,modal,cuda,U2AF2:HepG2
GRWD1,HepG2,chr3:14164836:G:A,1,3,3.0911316871643066,modal,cuda,U2AF2:HepG2
GRWD1,HepG2,chr3:14165443:G:C,1,3,-1.2325549125671387,modal,cuda,U2AF2:HepG2
GRWD1,HepG2,chr3:14165468:G:A,1,3,2.4896011352539062,modal,cuda,U2AF2:HepG2
GRWD1,HepG2,chr3:14165549:G:A,1,3,-3.5389437675476074,modal,cuda,U2AF2:HepG2
GRWD1,HepG2,chr3:14165601:G:C,0,3,0.5276765823364258,modal,cuda,U2AF2:HepG2
GRWD1,HepG2,chr3:14167147:C:T,0,3,-0.7359092235565186,modal,cuda,U2AF2:HepG2
GRWD1,HepG2,chr3:168030041:G:A,0,3,0.45740842819213867,modal,cuda,U2AF2:HepG2
GRWD1,HepG2,chr3:182965756:A:G,0,3,-2.5167713165283203,modal,cuda,U2AF2:HepG2
GRWD1,HepG2,chr3:184164391:G:A,0,3,-0.6370054483413696,modal,cuda,U2AF2:HepG2
GRWD1,HepG2,chr3:184164937:G:A,0,3,-0.6053614020347595,modal,cuda,U2AF2:HepG2
GRWD1,HepG2,chr3:184165219:G:A,0,3,0.6041498184204102,modal,cuda,U2AF2:HepG2
GRWD1,HepG2,chr3:184166530:T:C,0,3,0.8621211051940918,modal,cuda,U2AF2:HepG2
GRWD1,HepG2,chr3:184179133:C:T,0,3,0.26434779167175293,modal,cuda,U2AF2:HepG2
GRWD1,HepG2,chr3:184181693:C:T,0,3,0.7269389629364014,modal,cuda,U2AF2:HepG2
GRWD1,HepG2,chr3:184322818:C:T,0,3,0.7780671119689941,modal,cuda,U2AF2:HepG2
GRWD1,HepG2,chr3:184325848:C:T,0,3,-0.8635607957839966,modal,cuda,U2AF2:HepG2
GRWD1,HepG2,chr3:184326645:C:T,0,3,0.8703523278236389,modal,cuda,U2AF2:HepG2
GRWD1,HepG2,chr3:184331611:G:A,0,3,2.072544813156128,modal,cuda,U2AF2:HepG2
GRWD1,HepG2,chr3:185248471:T:C,0,3,0.33508920669555664,modal,cuda,U2AF2:HepG2
GRWD1,HepG2,chr3:185926600:C:T,1,3,2.2972636222839355,modal,cuda,U2AF2:HepG2
GRWD1,HepG2,chr3:185937842:G:A,1,3,1.1480270624160767,modal,cuda,U2AF2:HepG2
GRWD1,HepG2,chr3:185937859:A:C,1,3,0.4929986000061035,modal,cuda,U2AF2:HepG2
GRWD1,HepG2,chr3:185937860:T:C,1,3,0.8729116320610046,modal,cuda,U2AF2:HepG2
GRWD1,HepG2,chr3:186570900:G:A,1,3,0.298979252576828,modal,cuda,U2AF2:HepG2
GRWD1,HepG2,chr3:186786157:C:T,0,3,-0.6723217964172363,modal,cuda,U2AF2:HepG2
GRWD1,HepG2,chr3:188760231:G:A,0,3,-0.44525647163391113,modal,cuda,U2AF2:HepG2
GRWD1,HepG2,chr3:188760267:C:T,0,3,0.37015533447265625,modal,cuda,U2AF2:HepG2
GRWD1,HepG2,chr3:188866398:G:A,0,3,-0.20605850219726562,modal,cuda,U2AF2:HepG2
GRWD1,HepG2,chr3:191329743:A:G,0,3,-0.49512553215026855,modal,cuda,U2AF2:HepG2
GRWD1,HepG2,chr3:191357084:C:G,0,3,-0.5637871026992798,modal,cuda,U2AF2:HepG2
GRWD1,HepG2,chr3:191380942:G:A,0,3,0.3449993133544922,modal,cuda,U2AF2:HepG2
GRWD1,HepG2,chr3:196247530:C:G,0,3,1.474414348602295,modal,cuda,U2AF2:HepG2
GRWD1,HepG2,chr3:196257893:G:A,0,3,-1.52713143825531,modal,cuda,U2AF2:HepG2
GRWD1,HepG2,chr3:197065292:C:T,0,3,-0.552922248840332,modal,cuda,U2AF2:HepG2
GRWD1,HepG2,chr3:197115960:A:G,0,3,-1.638747215270996,modal,cuda,U2AF2:HepG2
GRWD1,HepG2,chr3:197870173:C:T,0,3,-0.7022356986999512,modal,cuda,U2AF2:HepG2
GRWD1,HepG2,chr3:30672014:G:C,1,3,0.7827188968658447,modal,cuda,U2AF2:HepG2
GRWD1,HepG2,chr3:30672350:C:T,0,3,-0.8616862297058105,modal,cuda,U2AF2:HepG2
GRWD1,HepG2,chr3:30672453:T:C,0,3,0.6748747825622559,modal,cuda,U2AF2:HepG2
GRWD1,HepG2,chr3:3140600:C:T,1,3,1.0368051528930664,modal,cuda,U2AF2:HepG2
GRWD1,HepG2,chr3:3140611:G:T,0,3,0.9242134094238281,modal,cuda,U2AF2:HepG2
GRWD1,HepG2,chr3:3140628:C:T,1,3,-1.2123603820800781,modal,cuda,U2AF2:HepG2
GRWD1,HepG2,chr3:38365626:G:A,0,3,0.30935144424438477,modal,cuda,U2AF2:HepG2
GRWD1,HepG2,chr3:42176807:C:G,0,3,-0.6713029742240906,modal,cuda,U2AF2:HepG2
GRWD1,HepG2,chr3:42184818:C:T,0,3,-0.5705103874206543,modal,cuda,U2AF2:HepG2
GRWD1,HepG2,chr3:42188029:T:C,0,3,-0.25838300585746765,modal,cuda,U2AF2:HepG2
GRWD1,HepG2,chr3:42188035:G:T,0,3,0.46588635444641113,modal,cuda,U2AF2:HepG2
GRWD1,HepG2,chr3:42209771:C:T,0,3,0.5908477306365967,modal,cuda,U2AF2:HepG2
GRWD1,HepG2,chr3:42209837:C:T,0,3,0.507685661315918,modal,cuda,U2AF2:HepG2
GRWD1,HepG2,chr3:42222930:T:C,0,3,0.376184344291687,modal,cuda,U2AF2:HepG2
GRWD1,HepG2,chr3:42633618:T:G,0,3,1.4918851852416992,modal,cuda,U2AF2:HepG2
GRWD1,HepG2,chr3:4683371:C:T,0,3,-1.3054535388946533,modal,cuda,U2AF2:HepG2
GRWD1,HepG2,chr3:47046517:A:G,0,3,-1.280032992362976,modal,cuda,U2AF2:HepG2
GRWD1,HepG2,chr3:47046522:T:C,0,3,-0.40787315368652344,modal,cuda,U2AF2:HepG2
GRWD1,HepG2,chr3:47046536:G:T,0,3,0.7217394113540649,modal,cuda,U2AF2:HepG2
GRWD1,HepG2,chr3:47083741:C:T,0,3,0.4458942413330078,modal,cuda,U2AF2:HepG2
GRWD1,HepG2,chr3:47083771:C:T,0,3,0.9585151672363281,modal,cuda,U2AF2:HepG2
GRWD1,HepG2,chr3:47084336:A:C,1,3,0.9522576332092285,modal,cuda,U2AF2:HepG2
GRWD1,HepG2,chr3:47088119:G:A,0,3,0.602881669998169,modal,cuda,U2AF2:HepG2
GRWD1,HepG2,chr3:47088154:C:A,1,3,4.840552806854248,modal,cuda,U2AF2:HepG2
GRWD1,HepG2,chr3:47088171:C:T,1,3,1.0839381217956543,modal,cuda,U2AF2:HepG2
GRWD1,HepG2,chr3:47097970:A:C,0,3,-1.0702508687973022,modal,cuda,U2AF2:HepG2
GRWD1,HepG2,chr3:47916506:C:G,0,3,-1.2338966131210327,modal,cuda,U2AF2:HepG2
GRWD1,HepG2,chr3:47916547:G:T,0,3,2.8622865676879883,modal,cuda,U2AF2:HepG2
GRWD1,HepG2,chr3:47916671:T:C,0,3,-0.3200263977050781,modal,cuda,U2AF2:HepG2
GRWD1,HepG2,chr3:47928240:G:A,0,3,-1.0809388160705566,modal,cuda,U2AF2:HepG2
GRWD1,HepG2,chr3:47928244:G:A,0,3,-0.9484195709228516,modal,cuda,U2AF2:HepG2
GRWD1,HepG2,chr3:47977856:A:C,0,3,3.160464286804199,modal,cuda,U2AF2:HepG2
GRWD1,HepG2,chr3:49100273:G:A,1,3,2.483659029006958,modal,cuda,U2AF2:HepG2
GRWD1,HepG2,chr3:49419764:G:A,1,3,-2.219615936279297,modal,cuda,U2AF2:HepG2
GRWD1,HepG2,chr3:49420332:G:A,1,3,-0.6209163665771484,modal,cuda,U2AF2:HepG2
GRWD1,HepG2,chr3:49968593:G:A,0,3,-0.7921895980834961,modal,cuda,U2AF2:HepG2
GRWD1,HepG2,chr3:50274469:C:T,0,3,1.094390869140625,modal,cuda,U2AF2:HepG2
GRWD1,HepG2,chr3:52291023:G:A,0,3,-0.9987835884094238,modal,cuda,U2AF2:HepG2
GRWD1,HepG2,chr3:52291035:G:A,0,3,0.4639851748943329,modal,cuda,U2AF2:HepG2
GRWD1,HepG2,chr3:52291090:C:G,0,3,-0.6503645181655884,modal,cuda,U2AF2:HepG2
GRWD1,HepG2,chr3:53822645:G:A,0,3,-0.36038684844970703,modal,cuda,U2AF2:HepG2
GRWD1,HepG2,chr3:57890029:T:C,0,3,0.32252049446105957,modal,cuda,U2AF2:HepG2
GRWD1,HepG2,chr3:58533426:G:C,0,3,1.3188070058822632,modal,cuda,U2AF2:HepG2
GRWD1,HepG2,chr3:70959326:A:C,0,3,-0.7446829080581665,modal,cuda,U2AF2:HepG2
GRWD1,HepG2,chr3:70959406:C:A,0,3,0.2601657211780548,modal,cuda,U2AF2:HepG2
GRWD1,HepG2,chr3:70959408:G:A,0,3,-0.5606050491333008,modal,cuda,U2AF2:HepG2
GRWD1,HepG2,chr3:71041359:G:A,1,3,-0.6388765573501587,modal,cuda,U2AF2:HepG2
GRWD1,HepG2,chr3:71041430:G:A,0,3,-2.818366527557373,modal,cuda,U2AF2:HepG2
GRWD1,HepG2,chr3:71052539:C:A,1,3,3.374462604522705,modal,cuda,U2AF2:HepG2
GRWD1,HepG2,chr3:78661975:A:G,0,3,0.5161900520324707,modal,cuda,U2AF2:HepG2
GRWD1,HepG2,chr3:78938586:G:A,0,3,-0.7219027876853943,modal,cuda,U2AF2:HepG2
GRWD1,HepG2,chr3:8627716:G:A,0,3,0.38452887535095215,modal,cuda,U2AF2:HepG2
GRWD1,HepG2,chr3:8630911:G:T,1,3,1.2414528131484985,modal,cuda,U2AF2:HepG2
GRWD1,HepG2,chr3:93884905:T:C,1,3,-1.2950748205184937,modal,cuda,U2AF2:HepG2
GRWD1,HepG2,chr3:9442122:C:G,1,3,2.924740791320801,modal,cuda,U2AF2:HepG2
GRWD1,HepG2,chr3:9453732:A:G,1,3,1.9508873224258423,modal,cuda,U2AF2:HepG2
GRWD1,HepG2,chr3:9474902:T:C,0,3,0.937263011932373,modal,cuda,U2AF2:HepG2
GRWD1,HepG2,chr3:9688993:G:A,0,3,-2.7842700481414795,modal,cuda,U2AF2:HepG2
GRWD1,HepG2,chr3:9825800:C:T,0,3,0.36893439292907715,modal,cuda,U2AF2:HepG2
GRWD1,HepG2,chr3:9826993:G:A,0,3,0.4679374694824219,modal,cuda,U2AF2:HepG2
GRWD1,HepG2,chr3:9907090:A:G,0,3,-0.7396779656410217,modal,cuda,U2AF2:HepG2
GRWD1,HepG2,chr3:9910984:G:A,0,3,-0.41526269912719727,modal,cuda,U2AF2:HepG2
GRWD1,HepG2,chr3:99851036:G:C,0,3,3.437561511993408,modal,cuda,U2AF2:HepG2
GRWD1,HepG2,chr4:10021307:A:G,0,1,-0.25164246559143066,modal,cuda,U2AF2:HepG2
GRWD1,HepG2,chr4:10021357:C:T,0,1,1.079721450805664,modal,cuda,U2AF2:HepG2
GRWD1,HepG2,chr4:10098980:G:A,0,1,0.2286684513092041,modal,cuda,U2AF2:HepG2
GRWD1,HepG2,chr4:10099008:C:T,1,1,0.5500509738922119,modal,cuda,U2AF2:HepG2
GRWD1,HepG2,chr4:10116104:G:A,0,1,0.28957676887512207,modal,cuda,U2AF2:HepG2
GRWD1,HepG2,chr4:10116726:C:A,0,1,0.48831820487976074,modal,cuda,U2AF2:HepG2
GRWD1,HepG2,chr4:10116753:C:G,0,1,0.46856045722961426,modal,cuda,U2AF2:HepG2
GRWD1,HepG2,chr4:106308907:A:G,0,1,-0.34639883041381836,modal,cuda,U2AF2:HepG2
GRWD1,HepG2,chr4:106324979:C:A,0,1,0.5404701232910156,modal,cuda,U2AF2:HepG2
GRWD1,HepG2,chr4:106331906:C:T,0,1,0.39458513259887695,modal,cuda,U2AF2:HepG2
GRWD1,HepG2,chr4:109746434:C:T,0,1,0.8226025104522705,modal,cuda,U2AF2:HepG2
GRWD1,HepG2,chr4:109746511:G:A,0,1,1.1287553310394287,modal,cuda,U2AF2:HepG2
GRWD1,HepG2,chr4:109749321:C:T,1,1,1.7680094242095947,modal,cuda,U2AF2:HepG2
GRWD1,HepG2,chr4:109757769:T:C,0,1,0.5821816325187683,modal,cuda,U2AF2:HepG2
GRWD1,HepG2,chr4:109757790:A:G,0,1,-0.6703600883483887,modal,cuda,U2AF2:HepG2
GRWD1,HepG2,chr4:109760556:A:C,1,1,-0.7667936086654663,modal,cuda,U2AF2:HepG2
GRWD1,HepG2,chr4:109760567:C:T,1,1,0.22304144501686096,modal,cuda,U2AF2:HepG2
GRWD1,HepG2,chr4:109764523:A:T,0,1,0.4910297393798828,modal,cuda,U2AF2:HepG2
GRWD1,HepG2,chr4:109764531:G:A,0,1,-0.3331947326660156,modal,cuda,U2AF2:HepG2
GRWD1,HepG2,chr4:109764574:C:A,1,1,-0.8933753967285156,modal,cuda,U2AF2:HepG2
GRWD1,HepG2,chr4:109764585:C:T,1,1,0.20195460319519043,modal,cuda,U2AF2:HepG2
GRWD1,HepG2,chr4:109766567:T:A,0,1,0.517571210861206,modal,cuda,U2AF2:HepG2
GRWD1,HepG2,chr4:109766572:C:A,1,1,1.1772010326385498,modal,cuda,U2AF2:HepG2
GRWD1,HepG2,chr4:118797833:C:T,0,1,-0.932356595993042,modal,cuda,U2AF2:HepG2
GRWD1,HepG2,chr4:121814070:C:A,0,1,-0.14680957794189453,modal,cuda,U2AF2:HepG2
GRWD1,HepG2,chr4:127881837:A:T,1,1,-0.9893512725830078,modal,cuda,U2AF2:HepG2
GRWD1,HepG2,chr4:1315453:C:T,0,1,0.33858323097229004,modal,cuda,U2AF2:HepG2
GRWD1,HepG2,chr4:1315477:C:T,0,1,-0.27717089653015137,modal,cuda,U2AF2:HepG2
GRWD1,HepG2,chr4:143513921:C:T,0,1,-0.3133971691131592,modal,cuda,U2AF2:HepG2
GRWD1,HepG2,chr4:151174661:T:C,0,1,-0.6357021331787109,modal,cuda,U2AF2:HepG2
GRWD1,HepG2,chr4:163515469:C:T,0,1,-0.8562979102134705,modal,cuda,U2AF2:HepG2
GRWD1,HepG2,chr4:1744840:C:T,0,1,-0.4000880718231201,modal,cuda,U2AF2:HepG2
GRWD1,HepG2,chr4:1801509:C:T,0,1,-0.4613358974456787,modal,cuda,U2AF2:HepG2
GRWD1,HepG2,chr4:1801524:T:C,0,1,0.6614780426025391,modal,cuda,U2AF2:HepG2
GRWD1,HepG2,chr4:1801544:C:G,0,1,-0.7595710158348083,modal,cuda,U2AF2:HepG2
GRWD1,HepG2,chr4:1801658:G:C,0,1,-0.17454785108566284,modal,cuda,U2AF2:HepG2
GRWD1,HepG2,chr4:1801667:G:A,0,1,-0.8146452903747559,modal,cuda,U2AF2:HepG2
GRWD1,HepG2,chr4:1801688:C:T,0,1,0.4583737850189209,modal,cuda,U2AF2:HepG2
GRWD1,HepG2,chr4:1805644:C:A,1,1,-0.5112330913543701,modal,cuda,U2AF2:HepG2
GRWD1,HepG2,chr4:1805644:C:G,1,1,-0.4494643211364746,modal,cuda,U2AF2:HepG2
GRWD1,HepG2,chr4:1805684:G:A,0,1,0.22747644782066345,modal,cuda,U2AF2:HepG2
GRWD1,HepG2,chr4:1805746:C:T,0,1,0.4959763288497925,modal,cuda,U2AF2:HepG2
GRWD1,HepG2,chr4:1805751:G:T,0,1,-1.161726951599121,modal,cuda,U2AF2:HepG2
GRWD1,HepG2,chr4:1805772:G:A,0,1,0.2467057704925537,modal,cuda,U2AF2:HepG2
GRWD1,HepG2,chr4:186271791:C:T,0,1,0.4853588938713074,modal,cuda,U2AF2:HepG2
GRWD1,HepG2,chr4:1904379:G:C,1,1,1.3106410503387451,modal,cuda,U2AF2:HepG2
GRWD1,HepG2,chr4:1938441:T:A,0,1,0.3672500550746918,modal,cuda,U2AF2:HepG2
GRWD1,HepG2,chr4:1951223:C:T,0,1,0.7513706088066101,modal,cuda,U2AF2:HepG2
GRWD1,HepG2,chr4:1952088:C:T,0,1,-0.462097704410553,modal,cuda,U2AF2:HepG2
GRWD1,HepG2,chr4:1952089:G:A,0,1,-0.6264467239379883,modal,cuda,U2AF2:HepG2
GRWD1,HepG2,chr4:2663247:A:G,0,1,-0.4934570789337158,modal,cuda,U2AF2:HepG2
GRWD1,HepG2,chr4:2823056:T:C,0,1,-0.2821333408355713,modal,cuda,U2AF2:HepG2
GRWD1,HepG2,chr4:2824745:G:T,0,1,-0.7330856323242188,modal,cuda,U2AF2:HepG2
GRWD1,HepG2,chr4:2827588:C:A,0,1,0.29202520847320557,modal,cuda,U2AF2:HepG2
GRWD1,HepG2,chr4:2827588:C:T,0,1,0.21237874031066895,modal,cuda,U2AF2:HepG2
GRWD1,HepG2,chr4:2827591:C:G,0,1,0.36080920696258545,modal,cuda,U2AF2:HepG2
GRWD1,HepG2,chr4:2827682:G:A,0,1,0.24626654386520386,modal,cuda,U2AF2:HepG2
GRWD1,HepG2,chr4:3130443:G:C,0,1,0.7545986175537109,modal,cuda,U2AF2:HepG2
GRWD1,HepG2,chr4:3225756:C:A,0,1,-0.2184436321258545,modal,cuda,U2AF2:HepG2
GRWD1,HepG2,chr4:3518035:A:G,0,1,0.20647454261779785,modal,cuda,U2AF2:HepG2
GRWD1,HepG2,chr4:3518190:T:C,0,1,0.6934361457824707,modal,cuda,U2AF2:HepG2
GRWD1,HepG2,chr4:3524915:T:C,0,1,-0.4354677200317383,modal,cuda,U2AF2:HepG2
GRWD1,HepG2,chr4:3524929:C:T,0,1,-0.41918545961380005,modal,cuda,U2AF2:HepG2
GRWD1,HepG2,chr4:39342473:T:A,0,1,-1.2158594131469727,modal,cuda,U2AF2:HepG2
GRWD1,HepG2,chr4:500593:C:T,1,1,0.7391345500946045,modal,cuda,U2AF2:HepG2
GRWD1,HepG2,chr4:507457:G:A,1,1,0.511138916015625,modal,cuda,U2AF2:HepG2
GRWD1,HepG2,chr4:507458:G:A,1,1,0.4828181266784668,modal,cuda,U2AF2:HepG2
GRWD1,HepG2,chr4:507474:C:T,1,1,-0.22790014743804932,modal,cuda,U2AF2:HepG2
GRWD1,HepG2,chr4:507606:G:A,0,1,0.48978763818740845,modal,cuda,U2AF2:HepG2
GRWD1,HepG2,chr4:523587:T:C,0,1,1.313164472579956,modal,cuda,U2AF2:HepG2
GRWD1,HepG2,chr4:523672:T:C,0,1,-0.3499419093132019,modal,cuda,U2AF2:HepG2
GRWD1,HepG2,chr4:523741:C:T,1,1,0.3964117765426636,modal,cuda,U2AF2:HepG2
GRWD1,HepG2,chr4:523833:C:T,0,1,-0.5532714128494263,modal,cuda,U2AF2:HepG2
GRWD1,HepG2,chr4:55396043:T:C,0,1,0.971800684928894,modal,cuda,U2AF2:HepG2
GRWD1,HepG2,chr4:56474263:A:G,0,1,-0.4548039436340332,modal,cuda,U2AF2:HepG2
GRWD1,HepG2,chr4:75514275:C:T,0,1,0.5104004740715027,modal,cuda,U2AF2:HepG2
GRWD1,HepG2,chr4:761356:G:A,0,1,0.4553241729736328,modal,cuda,U2AF2:HepG2
GRWD1,HepG2,chr4:761398:C:T,0,1,-0.4039621353149414,modal,cuda,U2AF2:HepG2
GRWD1,HepG2,chr4:78265017:G:A,0,1,-0.9026634693145752,modal,cuda,U2AF2:HepG2
GRWD1,HepG2,chr4:82426113:A:G,0,1,-0.09656238555908203,modal,cuda,U2AF2:HepG2
GRWD1,HepG2,chr4:82427174:A:C,0,1,2.1227798461914062,modal,cuda,U2AF2:HepG2
GRWD1,HepG2,chr4:82427499:T:C,0,1,-0.34787821769714355,modal,cuda,U2AF2:HepG2
GRWD1,HepG2,chr4:82428060:A:C,0,1,-1.1194175481796265,modal,cuda,U2AF2:HepG2
GRWD1,HepG2,chr4:82428194:T:A,0,1,-0.49412107467651367,modal,cuda,U2AF2:HepG2
GRWD1,HepG2,chr4:82428196:T:C,0,1,0.332977294921875,modal,cuda,U2AF2:HepG2
GRWD1,HepG2,chr4:82429335:G:A,0,1,0.8955672383308411,modal,cuda,U2AF2:HepG2
GRWD1,HepG2,chr4:88043232:G:C,1,1,2.234189987182617,modal,cuda,U2AF2:HepG2
GRWD1,HepG2,chr4:88043277:G:A,1,1,1.8419787883758545,modal,cuda,U2AF2:HepG2
GRWD1,HepG2,chr4:88043278:G:A,1,1,0.5272626876831055,modal,cuda,U2AF2:HepG2
GRWD1,HepG2,chr4:88043296:T:A,1,1,1.3336613178253174,modal,cuda,U2AF2:HepG2
GRWD1,HepG2,chr4:88043296:T:G,1,1,1.8999621868133545,modal,cuda,U2AF2:HepG2
GRWD1,HepG2,chr4:88043314:T:A,1,1,-0.4560971260070801,modal,cuda,U2AF2:HepG2
GRWD1,HepG2,chr4:88043325:C:G,1,1,0.1658790111541748,modal,cuda,U2AF2:HepG2
GRWD1,HepG2,chr4:88043351:C:T,1,1,-0.37412118911743164,modal,cuda,U2AF2:HepG2
GRWD1,HepG2,chr4:88043380:G:A,1,1,-1.0865023136138916,modal,cuda,U2AF2:HepG2
GRWD1,HepG2,chr4:88043390:G:T,1,1,-2.405726194381714,modal,cuda,U2AF2:HepG2
GRWD1,HepG2,chr4:94233997:A:G,0,1,0.42736387252807617,modal,cuda,U2AF2:HepG2
GRWD1,HepG2,chr4:991392:C:T,0,1,0.2113349437713623,modal,cuda,U2AF2:HepG2
GRWD1,HepG2,chr5:10250318:G:A,0,1,0.6318202018737793,modal,cuda,U2AF2:HepG2
GRWD1,HepG2,chr5:10250331:T:C,0,1,-0.4847147464752197,modal,cuda,U2AF2:HepG2
GRWD1,HepG2,chr5:10254705:A:G,0,1,0.4499630928039551,modal,cuda,U2AF2:HepG2
GRWD1,HepG2,chr5:10255937:C:G,0,1,-0.5244126319885254,modal,cuda,U2AF2:HepG2
GRWD1,HepG2,chr5:10262628:C:A,0,1,-0.34120476245880127,modal,cuda,U2AF2:HepG2
GRWD1,HepG2,chr5:1076130:G:A,0,1,-0.39568543434143066,modal,cuda,U2AF2:HepG2
GRWD1,HepG2,chr5:119475838:G:A,0,1,1.1200687885284424,modal,cuda,U2AF2:HepG2
GRWD1,HepG2,chr5:119475838:G:C,1,1,0.6418085098266602,modal,cuda,U2AF2:HepG2
GRWD1,HepG2,chr5:119477487:A:T,0,1,0.5170072913169861,modal,cuda,U2AF2:HepG2
GRWD1,HepG2,chr5:119477488:C:T,1,1,0.7096898555755615,modal,cuda,U2AF2:HepG2
GRWD1,HepG2,chr5:119478848:C:A,1,1,1.557527780532837,modal,cuda,U2AF2:HepG2
GRWD1,HepG2,chr5:119478931:C:T,1,1,-1.4020028114318848,modal,cuda,U2AF2:HepG2
GRWD1,HepG2,chr5:119493818:T:G,1,1,-2.0293960571289062,modal,cuda,U2AF2:HepG2
GRWD1,HepG2,chr5:119493838:G:A,1,1,2.189361095428467,modal,cuda,U2AF2:HepG2
GRWD1,HepG2,chr5:119493896:G:A,1,1,0.827810525894165,modal,cuda,U2AF2:HepG2
GRWD1,HepG2,chr5:119529917:C:T,0,1,-0.4011404514312744,modal,cuda,U2AF2:HepG2
GRWD1,HepG2,chr5:1264408:A:G,1,1,-0.41171765327453613,modal,cuda,U2AF2:HepG2
GRWD1,HepG2,chr5:1264457:C:T,1,1,0.8103624582290649,modal,cuda,U2AF2:HepG2
GRWD1,HepG2,chr5:126577223:A:C,0,1,0.8083877563476562,modal,cuda,U2AF2:HepG2
GRWD1,HepG2,chr5:126819073:T:C,1,1,0.2830803394317627,modal,cuda,U2AF2:HepG2
GRWD1,HepG2,chr5:126820946:A:C,0,1,0.5394372940063477,modal,cuda,U2AF2:HepG2
GRWD1,HepG2,chr5:132579521:G:A,0,1,-1.0294709205627441,modal,cuda,U2AF2:HepG2
GRWD1,HepG2,chr5:132637224:A:G,0,1,0.8698604106903076,modal,cuda,U2AF2:HepG2
GRWD1,HepG2,chr5:132867593:C:T,0,1,0.39632391929626465,modal,cuda,U2AF2:HepG2
GRWD1,HepG2,chr5:132892418:C:T,0,1,0.8143129348754883,modal,cuda,U2AF2:HepG2
GRWD1,HepG2,chr5:132893131:T:C,0,1,-0.5240093469619751,modal,cuda,U2AF2:HepG2
GRWD1,HepG2,chr5:132934136:G:A,0,1,0.2310476303100586,modal,cuda,U2AF2:HepG2
GRWD1,HepG2,chr5:132937047:T:G,0,1,-0.5178607106208801,modal,cuda,U2AF2:HepG2
GRWD1,HepG2,chr5:134201961:G:A,1,1,0.609307050704956,modal,cuda,U2AF2:HepG2
GRWD1,HepG2,chr5:134202009:C:T,0,1,-0.23765063285827637,modal,cuda,U2AF2:HepG2
GRWD1,HepG2,chr5:134225824:C:T,1,1,-0.722883403301239,modal,cuda,U2AF2:HepG2
GRWD1,HepG2,chr5:134225898:G:C,0,1,-0.08624982833862305,modal,cuda,U2AF2:HepG2
GRWD1,HepG2,chr5:135360551:T:C,0,1,-0.3735787868499756,modal,cuda,U2AF2:HepG2
GRWD1,HepG2,chr5:138887556:T:C,0,1,1.026200771331787,modal,cuda,U2AF2:HepG2
GRWD1,HepG2,chr5:138887567:T:A,0,1,0.24321722984313965,modal,cuda,U2AF2:HepG2
GRWD1,HepG2,chr5:138887586:A:T,1,1,0.7833782434463501,modal,cuda,U2AF2:HepG2
GRWD1,HepG2,chr5:138887598:G:T,1,1,1.8805924654006958,modal,cuda,U2AF2:HepG2
GRWD1,HepG2,chr5:138887607:C:T,1,1,0.46267199516296387,modal,cuda,U2AF2:HepG2
GRWD1,HepG2,chr5:139279060:C:T,0,1,-1.0858194828033447,modal,cuda,U2AF2:HepG2
GRWD1,HepG2,chr5:139314772:G:A,0,1,0.27542591094970703,modal,cuda,U2AF2:HepG2
GRWD1,HepG2,chr5:139317048:T:A,0,1,1.677549123764038,modal,cuda,U2AF2:HepG2
GRWD1,HepG2,chr5:139319314:G:A,0,1,0.4619824290275574,modal,cuda,U2AF2:HepG2
GRWD1,HepG2,chr5:139321881:T:C,0,1,-0.5616836547851562,modal,cuda,U2AF2:HepG2
GRWD1,HepG2,chr5:140647238:C:T,0,1,0.2621290683746338,modal,cuda,U2AF2:HepG2
GRWD1,HepG2,chr5:140647251:C:T,1,1,-1.2946592569351196,modal,cuda,U2AF2:HepG2
GRWD1,HepG2,chr5:140647294:T:G,1,1,-2.0190703868865967,modal,cuda,U2AF2:HepG2
GRWD1,HepG2,chr5:140647330:T:G,1,1,-0.4336124658584595,modal,cuda,U2AF2:HepG2
GRWD1,HepG2,chr5:140647335:C:T,0,1,0.7070959806442261,modal,cuda,U2AF2:HepG2
GRWD1,HepG2,chr5:140647376:G:A,0,1,-0.32392334938049316,modal,cuda,U2AF2:HepG2
GRWD1,HepG2,chr5:142879388:C:T,0,1,0.5508890151977539,modal,cuda,U2AF2:HepG2
GRWD1,HepG2,chr5:14290809:G:T,1,1,2.01255202293396,modal,cuda,U2AF2:HepG2
GRWD1,HepG2,chr5:14290824:A:T,1,1,-1.6529861688613892,modal,cuda,U2AF2:HepG2
GRWD1,HepG2,chr5:14290992:G:T,1,1,1.0036499500274658,modal,cuda,U2AF2:HepG2
GRWD1,HepG2,chr5:14291013:C:T,1,1,0.4614682197570801,modal,cuda,U2AF2:HepG2
GRWD1,HepG2,chr5:14291150:G:A,0,1,-0.1204521656036377,modal,cuda,U2AF2:HepG2
GRWD1,HepG2,chr5:14293093:G:T,1,1,3.186521530151367,modal,cuda,U2AF2:HepG2
GRWD1,HepG2,chr5:14316533:G:A,0,1,1.0920350551605225,modal,cuda,U2AF2:HepG2
GRWD1,HepG2,chr5:14330831:T:C,0,1,1.1045150756835938,modal,cuda,U2AF2:HepG2
GRWD1,HepG2,chr5:14358155:C:T,0,1,-0.7056133151054382,modal,cuda,U2AF2:HepG2
GRWD1,HepG2,chr5:14363754:G:A,1,1,-1.0593149662017822,modal,cuda,U2AF2:HepG2
GRWD1,HepG2,chr5:14368866:C:T,0,1,0.43996286392211914,modal,cuda,U2AF2:HepG2
GRWD1,HepG2,chr5:14368884:C:G,1,1,-0.7423040866851807,modal,cuda,U2AF2:HepG2
GRWD1,HepG2,chr5:14369364:C:T,0,1,-0.6943259239196777,modal,cuda,U2AF2:HepG2
GRWD1,HepG2,chr5:14369426:G:A,1,1,0.6404148936271667,modal,cuda,U2AF2:HepG2
GRWD1,HepG2,chr5:14369534:C:T,0,1,-0.18369844555854797,modal,cuda,U2AF2:HepG2
GRWD1,HepG2,chr5:14387434:G:A,0,1,0.1990962028503418,modal,cuda,U2AF2:HepG2
GRWD1,HepG2,chr5:14420041:G:A,0,1,0.3452479839324951,modal,cuda,U2AF2:HepG2
GRWD1,HepG2,chr5:14461059:A:G,0,1,-0.4086120128631592,modal,cuda,U2AF2:HepG2
GRWD1,HepG2,chr5:14461143:G:A,1,1,-2.016737461090088,modal,cuda,U2AF2:HepG2
GRWD1,HepG2,chr5:14498145:G:A,0,1,0.37659168243408203,modal,cuda,U2AF2:HepG2
GRWD1,HepG2,chr5:14498160:C:T,1,1,0.9852889776229858,modal,cuda,U2AF2:HepG2
GRWD1,HepG2,chr5:14498203:C:T,0,1,1.2141621112823486,modal,cuda,U2AF2:HepG2
GRWD1,HepG2,chr5:146120521:A:C,0,1,-0.6717422008514404,modal,cuda,U2AF2:HepG2
GRWD1,HepG2,chr5:146128661:G:A,0,1,-0.2895141839981079,modal,cuda,U2AF2:HepG2
GRWD1,HepG2,chr5:146130010:G:A,0,1,-0.5726470947265625,modal,cuda,U2AF2:HepG2
GRWD1,HepG2,chr5:146130165:A:C,0,1,2.97537899017334,modal,cuda,U2AF2:HepG2
GRWD1,HepG2,chr5:146157709:A:T,0,1,0.6081829071044922,modal,cuda,U2AF2:HepG2
GRWD1,HepG2,chr5:14681446:T:C,0,1,-0.46794605255126953,modal,cuda,U2AF2:HepG2
GRWD1,HepG2,chr5:148402169:T:G,0,1,-1.1141300201416016,modal,cuda,U2AF2:HepG2
GRWD1,HepG2,chr5:150364257:G:C,1,1,0.9286665916442871,modal,cuda,U2AF2:HepG2
GRWD1,HepG2,chr5:150374398:G:A,0,1,-0.18338298797607422,modal,cuda,U2AF2:HepG2
GRWD1,HepG2,chr5:157287128:G:A,0,1,0.16388535499572754,modal,cuda,U2AF2:HepG2
GRWD1,HepG2,chr5:157341057:A:G,0,1,0.16670608520507812,modal,cuda,U2AF2:HepG2
GRWD1,HepG2,chr5:157341173:C:G,0,1,-0.4212697744369507,modal,cuda,U2AF2:HepG2
GRWD1,HepG2,chr5:175492180:A:G,0,1,1.856985092163086,modal,cuda,U2AF2:HepG2
GRWD1,HepG2,chr5:177516101:T:G,0,1,-0.3586427569389343,modal,cuda,U2AF2:HepG2
GRWD1,HepG2,chr5:177516122:G:A,1,1,1.3325403928756714,modal,cuda,U2AF2:HepG2
GRWD1,HepG2,chr5:177516167:G:A,1,1,1.968315839767456,modal,cuda,U2AF2:HepG2
GRWD1,HepG2,chr5:177516188:T:A,1,1,1.087975263595581,modal,cuda,U2AF2:HepG2
GRWD1,HepG2,chr5:177516312:G:A,1,1,-0.4370623230934143,modal,cuda,U2AF2:HepG2
GRWD1,HepG2,chr5:177516342:G:A,1,1,-0.5174968242645264,modal,cuda,U2AF2:HepG2
GRWD1,HepG2,chr5:177516396:G:A,1,1,1.465153455734253,modal,cuda,U2AF2:HepG2
GRWD1,HepG2,chr5:32387639:A:G,0,1,0.7713789939880371,modal,cuda,U2AF2:HepG2
GRWD1,HepG2,chr5:32395185:T:C,0,1,0.2545590400695801,modal,cuda,U2AF2:HepG2
GRWD1,HepG2,chr5:32400161:A:G,0,1,0.33748531341552734,modal,cuda,U2AF2:HepG2
GRWD1,HepG2,chr5:32403241:C:T,0,1,0.1587085723876953,modal,cuda,U2AF2:HepG2
GRWD1,HepG2,chr5:33441049:G:A,0,1,-0.9295504093170166,modal,cuda,U2AF2:HepG2
GRWD1,HepG2,chr5:33448633:A:C,0,1,0.42356419563293457,modal,cuda,U2AF2:HepG2
GRWD1,HepG2,chr5:36217895:T:A,0,1,-1.3303396701812744,modal,cuda,U2AF2:HepG2
GRWD1,HepG2,chr5:53060024:T:C,0,1,1.2078802585601807,modal,cuda,U2AF2:HepG2
GRWD1,HepG2,chr5:6604216:C:T,0,1,0.60349440574646,modal,cuda,U2AF2:HepG2
GRWD1,HepG2,chr5:6611712:G:A,0,1,-0.9812405109405518,modal,cuda,U2AF2:HepG2
GRWD1,HepG2,chr5:6611749:C:T,1,1,1.4355528354644775,modal,cuda,U2AF2:HepG2
GRWD1,HepG2,chr5:6616737:T:C,0,1,-0.23200654983520508,modal,cuda,U2AF2:HepG2
GRWD1,HepG2,chr5:6616795:T:G,1,1,0.2934234142303467,modal,cuda,U2AF2:HepG2
GRWD1,HepG2,chr5:6620242:G:A,1,1,1.5511937141418457,modal,cuda,U2AF2:HepG2
GRWD1,HepG2,chr5:73753111:A:G,0,1,-0.6262497901916504,modal,cuda,U2AF2:HepG2
GRWD1,HepG2,chr5:7878009:C:G,1,1,-0.7012341022491455,modal,cuda,U2AF2:HepG2
GRWD1,HepG2,chr5:7878079:T:C,0,1,0.20472300052642822,modal,cuda,U2AF2:HepG2
GRWD1,HepG2,chr5:7892735:T:G,1,1,1.2690508365631104,modal,cuda,U2AF2:HepG2
GRWD1,HepG2,chr5:7892820:A:G,0,1,-0.19981950521469116,modal,cuda,U2AF2:HepG2
GRWD1,HepG2,chr5:79401974:C:T,0,1,-0.50250643491745,modal,cuda,U2AF2:HepG2
GRWD1,HepG2,chr5:79439026:A:G,0,1,2.1681652069091797,modal,cuda,U2AF2:HepG2
GRWD1,HepG2,chr5:81080117:A:G,0,1,-0.23918861150741577,modal,cuda,U2AF2:HepG2
GRWD1,HepG2,chr5:892722:C:T,0,1,0.10263240337371826,modal,cuda,U2AF2:HepG2
GRWD1,HepG2,chr5:892731:C:T,0,1,0.5325043201446533,modal,cuda,U2AF2:HepG2
GRWD1,HepG2,chr5:892754:G:A,0,1,-0.21255862712860107,modal,cuda,U2AF2:HepG2
GRWD1,HepG2,chr5:96695865:A:G,0,1,-0.2685527801513672,modal,cuda,U2AF2:HepG2
GRWD1,HepG2,chr5:96695918:T:C,0,1,-0.5411758422851562,modal,cuda,U2AF2:HepG2
GRWD1,HepG2,chr5:96736204:G:T,0,1,0.8640689849853516,modal,cuda,U2AF2:HepG2
GRWD1,HepG2,chr5:96736234:G:A,0,1,0.566731870174408,modal,cuda,U2AF2:HepG2
GRWD1,HepG2,chr5:96736235:G:T,1,1,0.6739757061004639,modal,cuda,U2AF2:HepG2
GRWD1,HepG2,chr5:96746348:G:C,0,1,0.3174806833267212,modal,cuda,U2AF2:HepG2
GRWD1,HepG2,chr5:96746383:T:A,0,1,0.5752501487731934,modal,cuda,U2AF2:HepG2
GRWD1,HepG2,chr5:96746424:C:T,0,1,1.194723129272461,modal,cuda,U2AF2:HepG2
GRWD1,HepG2,chr5:96750630:G:C,0,1,-0.5029594898223877,modal,cuda,U2AF2:HepG2
GRWD1,HepG2,chr5:96757668:T:C,0,1,-0.16517066955566406,modal,cuda,U2AF2:HepG2
GRWD1,HepG2,chr5:96762275:A:G,0,1,0.2895488739013672,modal,cuda,U2AF2:HepG2
GRWD1,HepG2,chr5:96762299:C:T,0,1,-1.261953592300415,modal,cuda,U2AF2:HepG2
GRWD1,HepG2,chr5:96767912:T:G,0,1,-1.0937960147857666,modal,cuda,U2AF2:HepG2
GRWD1,HepG2,chr6:107912781:T:C,0,3,-0.4884624481201172,modal,cuda,U2AF2:HepG2
GRWD1,HepG2,chr6:107912792:T:C,0,3,0.4546811580657959,modal,cuda,U2AF2:HepG2
GRWD1,HepG2,chr6:11190126:G:A,0,3,0.8509833812713623,modal,cuda,U2AF2:HepG2
GRWD1,HepG2,chr6:136268287:G:T,0,3,1.1491862535476685,modal,cuda,U2AF2:HepG2
GRWD1,HepG2,chr6:136269502:A:C,0,3,-1.1677074432373047,modal,cuda,U2AF2:HepG2
GRWD1,HepG2,chr6:136269560:C:T,0,3,2.415144681930542,modal,cuda,U2AF2:HepG2
GRWD1,HepG2,chr6:143857408:A:G,1,3,-0.6190881729125977,modal,cuda,U2AF2:HepG2
GRWD1,HepG2,chr6:144291828:G:A,0,3,0.59130859375,modal,cuda,U2AF2:HepG2
GRWD1,HepG2,chr6:144444270:C:T,0,3,-0.5595383644104004,modal,cuda,U2AF2:HepG2
GRWD1,HepG2,chr6:145919501:T:C,0,3,-0.5276930332183838,modal,cuda,U2AF2:HepG2
GRWD1,HepG2,chr6:147204527:G:A,0,3,1.069314956665039,modal,cuda,U2AF2:HepG2
GRWD1,HepG2,chr6:154450098:T:A,0,3,-1.1213397979736328,modal,cuda,U2AF2:HepG2
GRWD1,HepG2,chr6:157181183:G:A,0,3,0.8405075073242188,modal,cuda,U2AF2:HepG2
GRWD1,HepG2,chr6:158770756:C:T,0,3,-0.16698694229125977,modal,cuda,U2AF2:HepG2
GRWD1,HepG2,chr6:163415344:C:T,0,3,-0.7432765960693359,modal,cuda,U2AF2:HepG2
GRWD1,HepG2,chr6:166382789:C:T,0,3,0.8180654644966125,modal,cuda,U2AF2:HepG2
GRWD1,HepG2,chr6:24301859:G:A,0,3,-0.5820908546447754,modal,cuda,U2AF2:HepG2
GRWD1,HepG2,chr6:24777238:A:G,0,3,-2.5466623306274414,modal,cuda,U2AF2:HepG2
GRWD1,HepG2,chr6:2948696:C:A,1,3,1.5463409423828125,modal,cuda,U2AF2:HepG2
GRWD1,HepG2,chr6:2948918:C:T,0,3,-1.2783269882202148,modal,cuda,U2AF2:HepG2
GRWD1,HepG2,chr6:30608824:T:C,0,3,0.24654173851013184,modal,cuda,U2AF2:HepG2
GRWD1,HepG2,chr6:30712862:A:G,0,3,0.3462977409362793,modal,cuda,U2AF2:HepG2
GRWD1,HepG2,chr6:30914857:C:T,0,3,-0.39611077308654785,modal,cuda,U2AF2:HepG2
GRWD1,HepG2,chr6:30914912:C:T,0,3,-0.4482874870300293,modal,cuda,U2AF2:HepG2
GRWD1,HepG2,chr6:31531137:T:C,0,3,-0.4094657897949219,modal,cuda,U2AF2:HepG2
GRWD1,HepG2,chr6:31741268:C:T,0,3,0.39429497718811035,modal,cuda,U2AF2:HepG2
GRWD1,HepG2,chr6:31892479:C:T,0,3,0.7520279288291931,modal,cuda,U2AF2:HepG2
GRWD1,HepG2,chr6:31892503:G:A,0,3,-0.3446521759033203,modal,cuda,U2AF2:HepG2
GRWD1,HepG2,chr6:31968853:C:T,0,3,-0.38015222549438477,modal,cuda,U2AF2:HepG2
GRWD1,HepG2,chr6:31969734:T:C,0,3,-0.512035608291626,modal,cuda,U2AF2:HepG2
GRWD1,HepG2,chr6:32977753:G:C,0,3,-0.8409852981567383,modal,cuda,U2AF2:HepG2
GRWD1,HepG2,chr6:33444420:C:T,0,3,-0.46302443742752075,modal,cuda,U2AF2:HepG2
GRWD1,HepG2,chr6:33444621:C:T,0,3,0.502822995185852,modal,cuda,U2AF2:HepG2
GRWD1,HepG2,chr6:33444623:A:C,0,3,-0.749936580657959,modal,cuda,U2AF2:HepG2
GRWD1,HepG2,chr6:36131273:C:T,0,3,-0.6257791519165039,modal,cuda,U2AF2:HepG2
GRWD1,HepG2,chr6:36135780:G:A,0,3,1.4152536392211914,modal,cuda,U2AF2:HepG2
GRWD1,HepG2,chr6:43521064:T:C,0,3,1.5522682666778564,modal,cuda,U2AF2:HepG2
GRWD1,HepG2,chr6:43531525:C:T,0,3,0.6278891563415527,modal,cuda,U2AF2:HepG2
GRWD1,HepG2,chr6:43531526:G:A,0,3,-0.38828182220458984,modal,cuda,U2AF2:HepG2
GRWD1,HepG2,chr6:43626216:G:C,0,3,1.228905200958252,modal,cuda,U2AF2:HepG2
GRWD1,HepG2,chr6:47478191:T:A,0,3,-0.735588550567627,modal,cuda,U2AF2:HepG2
GRWD1,HepG2,chr6:47554621:G:A,0,3,-0.40980052947998047,modal,cuda,U2AF2:HepG2
GRWD1,HepG2,chr6:47624247:C:G,0,3,-0.8309817314147949,modal,cuda,U2AF2:HepG2
GRWD1,HepG2,chr6:52424092:A:G,0,3,1.521958827972412,modal,cuda,U2AF2:HepG2
GRWD1,HepG2,chr6:56466063:T:G,0,3,-0.6401234269142151,modal,cuda,U2AF2:HepG2
GRWD1,HepG2,chr6:56482902:T:C,0,3,-0.32782649993896484,modal,cuda,U2AF2:HepG2
GRWD1,HepG2,chr6:56515684:A:G,0,3,-0.1347401738166809,modal,cuda,U2AF2:HepG2
GRWD1,HepG2,chr6:56624631:G:T,0,3,4.314732551574707,modal,cuda,U2AF2:HepG2
GRWD1,HepG2,chr6:56624634:A:T,0,3,1.2438058853149414,modal,cuda,U2AF2:HepG2
GRWD1,HepG2,chr6:7189334:C:T,0,3,-0.3752632141113281,modal,cuda,U2AF2:HepG2
GRWD1,HepG2,chr6:7246415:G:A,0,3,-0.29455655813217163,modal,cuda,U2AF2:HepG2
GRWD1,HepG2,chr6:7246699:G:C,0,3,-0.4383234977722168,modal,cuda,U2AF2:HepG2
GRWD1,HepG2,chr6:7246757:C:T,0,3,-1.4323110580444336,modal,cuda,U2AF2:HepG2
GRWD1,HepG2,chr6:7246761:C:T,0,3,-0.9028730392456055,modal,cuda,U2AF2:HepG2
GRWD1,HepG2,chr6:7571591:T:C,0,3,-0.4729952812194824,modal,cuda,U2AF2:HepG2
GRWD1,HepG2,chr6:7579902:C:T,1,3,-1.1688659191131592,modal,cuda,U2AF2:HepG2
GRWD1,HepG2,chr6:7579929:C:T,1,3,4.671047210693359,modal,cuda,U2AF2:HepG2
GRWD1,HepG2,chr6:7579974:C:T,1,3,2.1627674102783203,modal,cuda,U2AF2:HepG2
GRWD1,HepG2,chr6:7579982:T:A,0,3,-0.7369853258132935,modal,cuda,U2AF2:HepG2
GRWD1,HepG2,chr6:7579986:C:T,1,3,3.9197425842285156,modal,cuda,U2AF2:HepG2
GRWD1,HepG2,chr6:7580016:C:T,1,3,3.3288967609405518,modal,cuda,U2AF2:HepG2
GRWD1,HepG2,chr6:7581141:C:T,1,3,-2.2700209617614746,modal,cuda,U2AF2:HepG2
GRWD1,HepG2,chr6:7581402:C:T,1,3,2.408993721008301,modal,cuda,U2AF2:HepG2
GRWD1,HepG2,chr6:7581403:G:A,0,3,1.3722033500671387,modal,cuda,U2AF2:HepG2
GRWD1,HepG2,chr6:7581489:C:T,1,3,3.5478222370147705,modal,cuda,U2AF2:HepG2
GRWD1,HepG2,chr6:75855242:C:A,0,3,1.156017780303955,modal,cuda,U2AF2:HepG2
GRWD1,HepG2,chr6:78954977:G:T,0,3,-0.5848264694213867,modal,cuda,U2AF2:HepG2
GRWD1,HepG2,chr6:79016535:A:T,0,3,-0.5305619239807129,modal,cuda,U2AF2:HepG2
GRWD1,HepG2,chr6:79042824:T:C,0,3,-0.6038065552711487,modal,cuda,U2AF2:HepG2
GRWD1,HepG2,chr6:79042827:T:G,0,3,-2.005913496017456,modal,cuda,U2AF2:HepG2
GRWD1,HepG2,chr6:83170286:T:C,0,3,-0.4088706970214844,modal,cuda,U2AF2:HepG2
GRWD1,HepG2,chr6:83170340:C:A,1,3,-0.9033298492431641,modal,cuda,U2AF2:HepG2
GRWD1,HepG2,chr6:83181739:G:A,1,3,1.0866608619689941,modal,cuda,U2AF2:HepG2
GRWD1,HepG2,chr6:83181808:C:G,1,3,1.6829309463500977,modal,cuda,U2AF2:HepG2
GRWD1,HepG2,chr6:87564153:G:A,1,3,1.1865043640136719,modal,cuda,U2AF2:HepG2
GRWD1,HepG2,chr6:87564159:G:A,1,3,1.410247802734375,modal,cuda,U2AF2:HepG2
GRWD1,HepG2,chr6:87564188:T:A,0,3,-2.6801161766052246,modal,cuda,U2AF2:HepG2
GRWD1,HepG2,chr6:90550552:A:G,0,3,-0.541834831237793,modal,cuda,U2AF2:HepG2
GRWD1,HepG2,chr6:98905543:C:T,1,3,-2.393795967102051,modal,cuda,U2AF2:HepG2
GRWD1,HepG2,chr6:98905551:T:C,0,3,-1.3383359909057617,modal,cuda,U2AF2:HepG2
GRWD1,HepG2,chr7:100099732:G:A,1,2,1.3393443822860718,modal,cuda,U2AF2:HepG2
GRWD1,HepG2,chr7:100683384:G:A,1,2,-0.5536208152770996,modal,cuda,U2AF2:HepG2
GRWD1,HepG2,chr7:100687818:C:G,0,2,2.250762939453125,modal,cuda,U2AF2:HepG2
GRWD1,HepG2,chr7:101916233:G:A,0,2,0.4042317867279053,modal,cuda,U2AF2:HepG2
GRWD1,HepG2,chr7:102111780:A:G,0,2,-0.2160048484802246,modal,cuda,U2AF2:HepG2
GRWD1,HepG2,chr7:103299440:A:G,0,2,1.2936553955078125,modal,cuda,U2AF2:HepG2
GRWD1,HepG2,chr7:105542548:G:A,0,2,-0.08386564254760742,modal,cuda,U2AF2:HepG2
GRWD1,HepG2,chr7:105542599:C:T,0,2,-0.4828352928161621,modal,cuda,U2AF2:HepG2
GRWD1,HepG2,chr7:107283555:T:C,0,2,-0.7626593112945557,modal,cuda,U2AF2:HepG2
GRWD1,HepG2,chr7:107548274:G:T,0,2,-0.22009897232055664,modal,cuda,U2AF2:HepG2
GRWD1,HepG2,chr7:107548350:T:C,0,2,-0.11547279357910156,modal,cuda,U2AF2:HepG2
GRWD1,HepG2,chr7:107893265:C:A,1,2,0.9913153648376465,modal,cuda,U2AF2:HepG2
GRWD1,HepG2,chr7:107893272:C:T,1,2,1.0178024768829346,modal,cuda,U2AF2:HepG2
GRWD1,HepG2,chr7:107951207:G:A,0,2,-0.5146267414093018,modal,cuda,U2AF2:HepG2
GRWD1,HepG2,chr7:112004038:G:C,0,2,-0.6669363975524902,modal,cuda,U2AF2:HepG2
GRWD1,HepG2,chr7:112450727:T:C,0,2,-0.2143263816833496,modal,cuda,U2AF2:HepG2
GRWD1,HepG2,chr7:112462016:C:G,0,2,-0.7571557760238647,modal,cuda,U2AF2:HepG2
GRWD1,HepG2,chr7:112472825:A:G,0,2,-0.9254589080810547,modal,cuda,U2AF2:HepG2
GRWD1,HepG2,chr7:112472837:G:A,0,2,0.9302388429641724,modal,cuda,U2AF2:HepG2
GRWD1,HepG2,chr7:124859064:G:A,1,2,1.4214740991592407,modal,cuda,U2AF2:HepG2
GRWD1,HepG2,chr7:124859077:C:T,1,2,1.6341352462768555,modal,cuda,U2AF2:HepG2
GRWD1,HepG2,chr7:124859107:C:T,1,2,0.9399482011795044,modal,cuda,U2AF2:HepG2
GRWD1,HepG2,chr7:124859108:C:T,1,2,0.6233060956001282,modal,cuda,U2AF2:HepG2
GRWD1,HepG2,chr7:124863434:A:T,1,2,4.209952354431152,modal,cuda,U2AF2:HepG2
GRWD1,HepG2,chr7:124863438:A:T,1,2,0.8744714260101318,modal,cuda,U2AF2:HepG2
GRWD1,HepG2,chr7:124863447:A:C,1,2,-0.4797334671020508,modal,cuda,U2AF2:HepG2
GRWD1,HepG2,chr7:124863453:C:T,1,2,-1.2457571029663086,modal,cuda,U2AF2:HepG2
GRWD1,HepG2,chr7:124863480:C:T,1,2,-0.7425451278686523,modal,cuda,U2AF2:HepG2
GRWD1,HepG2,chr7:129054645:C:T,0,2,0.4262326955795288,modal,cuda,U2AF2:HepG2
GRWD1,HepG2,chr7:129657483:G:A,0,2,-0.49481773376464844,modal,cuda,U2AF2:HepG2
GRWD1,HepG2,chr7:134448001:C:T,0,2,0.4407010078430176,modal,cuda,U2AF2:HepG2
GRWD1,HepG2,chr7:134450843:G:A,0,2,0.7894597053527832,modal,cuda,U2AF2:HepG2
GRWD1,HepG2,chr7:140800310:A:G,0,2,0.6860501766204834,modal,cuda,U2AF2:HepG2
GRWD1,HepG2,chr7:140800335:C:T,0,2,-0.18758487701416016,modal,cuda,U2AF2:HepG2
GRWD1,HepG2,chr7:143268784:C:G,0,2,-0.8094851970672607,modal,cuda,U2AF2:HepG2
GRWD1,HepG2,chr7:148816664:G:C,0,2,-0.5192356109619141,modal,cuda,U2AF2:HepG2
GRWD1,HepG2,chr7:148827145:C:G,0,2,-5.198569297790527,modal,cuda,U2AF2:HepG2
GRWD1,HepG2,chr7:148846483:C:T,0,2,0.44801902770996094,modal,cuda,U2AF2:HepG2
GRWD1,HepG2,chr7:148846484:G:A,0,2,0.25388479232788086,modal,cuda,U2AF2:HepG2
GRWD1,HepG2,chr7:152309960:A:G,0,2,0.6053881645202637,modal,cuda,U2AF2:HepG2
GRWD1,HepG2,chr7:152309963:T:C,0,2,0.5969395637512207,modal,cuda,U2AF2:HepG2
GRWD1,HepG2,chr7:2225505:G:A,1,2,-1.0920615196228027,modal,cuda,U2AF2:HepG2
GRWD1,HepG2,chr7:23319261:G:T,0,2,0.964888334274292,modal,cuda,U2AF2:HepG2
GRWD1,HepG2,chr7:2355408:G:C,0,2,0.2331380844116211,modal,cuda,U2AF2:HepG2
GRWD1,HepG2,chr7:2360759:C:T,0,2,-1.248680591583252,modal,cuda,U2AF2:HepG2
GRWD1,HepG2,chr7:2364367:T:C,0,2,-0.28538966178894043,modal,cuda,U2AF2:HepG2
GRWD1,HepG2,chr7:26195828:A:G,0,2,0.46380615234375,modal,cuda,U2AF2:HepG2
GRWD1,HepG2,chr7:26196674:C:T,0,2,-0.601233184337616,modal,cuda,U2AF2:HepG2
GRWD1,HepG2,chr7:26196798:G:A,0,2,0.19513988494873047,modal,cuda,U2AF2:HepG2
GRWD1,HepG2,chr7:26197609:G:A,0,2,-0.2889444828033447,modal,cuda,U2AF2:HepG2
GRWD1,HepG2,chr7:26197618:A:G,0,2,0.2971162796020508,modal,cuda,U2AF2:HepG2
GRWD1,HepG2,chr7:26360970:T:C,0,2,1.2789862155914307,modal,cuda,U2AF2:HepG2
GRWD1,HepG2,chr7:27792000:C:A,0,2,0.905083417892456,modal,cuda,U2AF2:HepG2
GRWD1,HepG2,chr7:27794316:T:G,0,2,1.36447012424469,modal,cuda,U2AF2:HepG2
GRWD1,HepG2,chr7:33026888:G:A,1,2,0.8256864547729492,modal,cuda,U2AF2:HepG2
GRWD1,HepG2,chr7:33177507:C:T,1,2,-0.8802986145019531,modal,cuda,U2AF2:HepG2
GRWD1,HepG2,chr7:33177557:C:A,1,2,0.4957996904850006,modal,cuda,U2AF2:HepG2
GRWD1,HepG2,chr7:33177574:C:A,1,2,0.6301746368408203,modal,cuda,U2AF2:HepG2
GRWD1,HepG2,chr7:36422818:G:A,0,2,-0.5042233467102051,modal,cuda,U2AF2:HepG2
GRWD1,HepG2,chr7:36449844:A:G,0,2,0.3157973289489746,modal,cuda,U2AF2:HepG2
GRWD1,HepG2,chr7:36449849:C:G,0,2,0.7980222702026367,modal,cuda,U2AF2:HepG2
GRWD1,HepG2,chr7:36449854:A:G,0,2,0.3674466609954834,modal,cuda,U2AF2:HepG2
GRWD1,HepG2,chr7:36452603:C:T,0,2,-0.18158578872680664,modal,cuda,U2AF2:HepG2
GRWD1,HepG2,chr7:36452604:G:A,0,2,-0.156097412109375,modal,cuda,U2AF2:HepG2
GRWD1,HepG2,chr7:44520983:C:T,0,2,0.6330370903015137,modal,cuda,U2AF2:HepG2
GRWD1,HepG2,chr7:44624574:C:T,0,2,-1.2158727645874023,modal,cuda,U2AF2:HepG2
GRWD1,HepG2,chr7:5357285:G:A,0,2,-0.2527114152908325,modal,cuda,U2AF2:HepG2
GRWD1,HepG2,chr7:5712876:G:A,0,2,-0.4804689884185791,modal,cuda,U2AF2:HepG2
GRWD1,HepG2,chr7:65974348:C:T,1,2,0.950007438659668,modal,cuda,U2AF2:HepG2
GRWD1,HepG2,chr7:65974349:C:T,1,2,0.9173290729522705,modal,cuda,U2AF2:HepG2
GRWD1,HepG2,chr7:66089180:G:A,1,2,0.48586082458496094,modal,cuda,U2AF2:HepG2
GRWD1,HepG2,chr7:73573979:C:T,0,2,0.994534969329834,modal,cuda,U2AF2:HepG2
GRWD1,HepG2,chr7:73595675:C:T,0,2,0.19505786895751953,modal,cuda,U2AF2:HepG2
GRWD1,HepG2,chr7:73595904:C:T,0,2,0.28360772132873535,modal,cuda,U2AF2:HepG2
GRWD1,HepG2,chr7:73596855:G:A,0,2,0.4029472768306732,modal,cuda,U2AF2:HepG2
GRWD1,HepG2,chr7:73605715:T:G,0,2,-0.3428168296813965,modal,cuda,U2AF2:HepG2
GRWD1,HepG2,chr7:842037:G:A,0,2,0.6061892509460449,modal,cuda,U2AF2:HepG2
GRWD1,HepG2,chr7:842045:C:T,0,2,0.9553165435791016,modal,cuda,U2AF2:HepG2
GRWD1,HepG2,chr7:860183:G:T,0,2,-0.7606661319732666,modal,cuda,U2AF2:HepG2
GRWD1,HepG2,chr7:860249:C:T,0,2,-1.0874741077423096,modal,cuda,U2AF2:HepG2
GRWD1,HepG2,chr7:92045220:G:C,0,2,-0.2514839172363281,modal,cuda,U2AF2:HepG2
GRWD1,HepG2,chr7:92532521:A:C,0,2,0.2728538513183594,modal,cuda,U2AF2:HepG2
GRWD1,HepG2,chr7:95269499:G:A,0,2,0.40383434295654297,modal,cuda,U2AF2:HepG2
GRWD1,HepG2,chr7:95405509:A:T,0,2,1.0875790119171143,modal,cuda,U2AF2:HepG2
GRWD1,HepG2,chr7:96208849:G:A,1,2,-0.19748878479003906,modal,cuda,U2AF2:HepG2
GRWD1,HepG2,chr7:97858410:A:C,1,2,-1.0072636604309082,modal,cuda,U2AF2:HepG2
GRWD1,HepG2,chr7:97858418:G:A,0,2,-0.9828071594238281,modal,cuda,U2AF2:HepG2
GRWD1,HepG2,chr7:98983477:G:A,0,2,0.7186167240142822,modal,cuda,U2AF2:HepG2
GRWD1,HepG2,chr7:98984362:C:A,0,2,0.910011887550354,modal,cuda,U2AF2:HepG2
GRWD1,HepG2,chr7:99385711:C:T,0,2,-0.6916027069091797,modal,cuda,U2AF2:HepG2
GRWD1,HepG2,chr7:99385798:C:T,0,2,-0.20477917790412903,modal,cuda,U2AF2:HepG2
GRWD1,HepG2,chr7:99404853:C:A,0,2,-1.2519288063049316,modal,cuda,U2AF2:HepG2
GRWD1,HepG2,chr8:100923937:A:C,0,0,-0.16675853729248047,modal,cuda,U2AF2:HepG2
GRWD1,HepG2,chr8:100924055:G:A,0,0,-0.5141313076019287,modal,cuda,U2AF2:HepG2
GRWD1,HepG2,chr8:102232195:C:T,1,0,1.3100661039352417,modal,cuda,U2AF2:HepG2
GRWD1,HepG2,chr8:140572797:T:C,0,0,-0.5567398071289062,modal,cuda,U2AF2:HepG2
GRWD1,HepG2,chr8:140668299:G:A,0,0,-0.3417496681213379,modal,cuda,U2AF2:HepG2
GRWD1,HepG2,chr8:140668359:G:A,0,0,0.4487321376800537,modal,cuda,U2AF2:HepG2
GRWD1,HepG2,chr8:140800487:C:T,0,0,0.505645751953125,modal,cuda,U2AF2:HepG2
GRWD1,HepG2,chr8:140800505:C:A,0,0,0.9338178634643555,modal,cuda,U2AF2:HepG2
GRWD1,HepG2,chr8:143315717:G:A,0,0,-0.4016225337982178,modal,cuda,U2AF2:HepG2
GRWD1,HepG2,chr8:143821588:G:A,0,0,-0.2328345775604248,modal,cuda,U2AF2:HepG2
GRWD1,HepG2,chr8:143938609:C:G,0,0,0.33671116828918457,modal,cuda,U2AF2:HepG2
GRWD1,HepG2,chr8:143938609:C:T,0,0,0.3465907573699951,modal,cuda,U2AF2:HepG2
GRWD1,HepG2,chr8:144438635:G:A,0,0,-0.7187685370445251,modal,cuda,U2AF2:HepG2
GRWD1,HepG2,chr8:144443098:C:T,0,0,-3.550291061401367,modal,cuda,U2AF2:HepG2
GRWD1,HepG2,chr8:144515758:T:A,0,0,-1.0572831630706787,modal,cuda,U2AF2:HepG2
GRWD1,HepG2,chr8:144515800:G:A,1,0,0.6403677463531494,modal,cuda,U2AF2:HepG2
GRWD1,HepG2,chr8:144516578:G:A,1,0,-0.3819148540496826,modal,cuda,U2AF2:HepG2
GRWD1,HepG2,chr8:144517085:G:A,1,0,0.8856886625289917,modal,cuda,U2AF2:HepG2
GRWD1,HepG2,chr8:17655975:T:C,0,0,1.0632717609405518,modal,cuda,U2AF2:HepG2
GRWD1,HepG2,chr8:17953081:G:A,0,0,1.4134163856506348,modal,cuda,U2AF2:HepG2
GRWD1,HepG2,chr8:17960417:A:G,0,0,-0.2572038173675537,modal,cuda,U2AF2:HepG2
GRWD1,HepG2,chr8:17964628:C:T,0,0,0.2435879409313202,modal,cuda,U2AF2:HepG2
GRWD1,HepG2,chr8:18011284:G:C,0,0,0.3254513740539551,modal,cuda,U2AF2:HepG2
GRWD1,HepG2,chr8:18011290:T:C,0,0,-0.5380496978759766,modal,cuda,U2AF2:HepG2
GRWD1,HepG2,chr8:18075586:C:T,1,0,0.24249668419361115,modal,cuda,U2AF2:HepG2
GRWD1,HepG2,chr8:18075590:G:A,0,0,0.49138832092285156,modal,cuda,U2AF2:HepG2
GRWD1,HepG2,chr8:22630437:G:A,0,0,0.5266039371490479,modal,cuda,U2AF2:HepG2
GRWD1,HepG2,chr8:27606346:C:G,0,0,0.3169560432434082,modal,cuda,U2AF2:HepG2
GRWD1,HepG2,chr8:27606389:C:T,0,0,0.6403672695159912,modal,cuda,U2AF2:HepG2
GRWD1,HepG2,chr8:27609061:G:A,0,0,0.6360386610031128,modal,cuda,U2AF2:HepG2
GRWD1,HepG2,chr8:30612288:A:C,0,0,1.1754618883132935,modal,cuda,U2AF2:HepG2
GRWD1,HepG2,chr8:30612294:A:G,0,0,-0.36105775833129883,modal,cuda,U2AF2:HepG2
GRWD1,HepG2,chr8:30614598:A:C,0,0,0.7076236605644226,modal,cuda,U2AF2:HepG2
GRWD1,HepG2,chr8:37753541:G:A,0,0,0.2537679672241211,modal,cuda,U2AF2:HepG2
GRWD1,HepG2,chr8:38252199:G:A,1,0,-0.5471429824829102,modal,cuda,U2AF2:HepG2
GRWD1,HepG2,chr8:38252216:C:T,1,0,-1.454239845275879,modal,cuda,U2AF2:HepG2
GRWD1,HepG2,chr8:38421777:G:A,0,0,-0.4108169674873352,modal,cuda,U2AF2:HepG2
GRWD1,HepG2,chr8:38428101:G:T,0,0,1.988386631011963,modal,cuda,U2AF2:HepG2
GRWD1,HepG2,chr8:38428118:C:G,0,0,0.20574867725372314,modal,cuda,U2AF2:HepG2
GRWD1,HepG2,chr8:38819724:G:A,0,0,-1.7469829320907593,modal,cuda,U2AF2:HepG2
GRWD1,HepG2,chr8:41974831:A:T,0,0,0.8122608661651611,modal,cuda,U2AF2:HepG2
GRWD1,HepG2,chr8:42316223:C:T,1,0,0.7304494380950928,modal,cuda,U2AF2:HepG2
GRWD1,HepG2,chr8:42316265:C:T,1,0,0.7815430164337158,modal,cuda,U2AF2:HepG2
GRWD1,HepG2,chr8:42316288:G:A,0,0,0.9649626612663269,modal,cuda,U2AF2:HepG2
GRWD1,HepG2,chr8:42317785:A:T,0,0,-0.6194674968719482,modal,cuda,U2AF2:HepG2
GRWD1,HepG2,chr8:42318584:C:T,1,0,-1.1060110330581665,modal,cuda,U2AF2:HepG2
GRWD1,HepG2,chr8:42319372:C:T,0,0,0.6788691878318787,modal,cuda,U2AF2:HepG2
GRWD1,HepG2,chr8:42329148:T:C,0,0,2.318204641342163,modal,cuda,U2AF2:HepG2
GRWD1,HepG2,chr8:47700499:G:A,0,0,0.39868998527526855,modal,cuda,U2AF2:HepG2
GRWD1,HepG2,chr8:47712652:C:T,0,0,-1.274587869644165,modal,cuda,U2AF2:HepG2
GRWD1,HepG2,chr8:47712654:A:C,0,0,-0.5449903011322021,modal,cuda,U2AF2:HepG2
GRWD1,HepG2,chr8:47826879:C:A,0,0,0.6930815577507019,modal,cuda,U2AF2:HepG2
GRWD1,HepG2,chr8:47933959:T:C,0,0,-0.5557892322540283,modal,cuda,U2AF2:HepG2
GRWD1,HepG2,chr8:47966411:C:T,0,0,0.6560063362121582,modal,cuda,U2AF2:HepG2
GRWD1,HepG2,chr8:47970896:G:A,0,0,0.8635642528533936,modal,cuda,U2AF2:HepG2
GRWD1,HepG2,chr8:56074162:A:G,0,0,-0.8991622924804688,modal,cuda,U2AF2:HepG2
GRWD1,HepG2,chr8:60678877:C:T,0,0,-0.5653647184371948,modal,cuda,U2AF2:HepG2
GRWD1,HepG2,chr8:60800447:G:T,0,0,0.8797423839569092,modal,cuda,U2AF2:HepG2
GRWD1,HepG2,chr8:60800520:C:T,1,0,1.0736351013183594,modal,cuda,U2AF2:HepG2
GRWD1,HepG2,chr8:60822607:T:G,1,0,-2.1388561725616455,modal,cuda,U2AF2:HepG2
GRWD1,HepG2,chr8:60822634:A:G,1,0,-2.5726919174194336,modal,cuda,U2AF2:HepG2
GRWD1,HepG2,chr8:60822636:T:G,1,0,-0.37216469645500183,modal,cuda,U2AF2:HepG2
GRWD1,HepG2,chr8:60822638:G:C,1,0,-0.6764470338821411,modal,cuda,U2AF2:HepG2
GRWD1,HepG2,chr8:60822651:C:T,1,0,-0.4263143539428711,modal,cuda,U2AF2:HepG2
GRWD1,HepG2,chr8:60823911:T:A,1,0,-1.695709466934204,modal,cuda,U2AF2:HepG2
GRWD1,HepG2,chr8:60824016:G:C,1,0,0.5277433395385742,modal,cuda,U2AF2:HepG2
GRWD1,HepG2,chr8:60824021:G:C,1,0,0.6621003150939941,modal,cuda,U2AF2:HepG2
GRWD1,HepG2,chr8:60830440:A:C,1,0,0.45357847213745117,modal,cuda,U2AF2:HepG2
GRWD1,HepG2,chr8:60830440:A:G,1,0,-0.5054991245269775,modal,cuda,U2AF2:HepG2
GRWD1,HepG2,chr8:60830450:T:C,0,0,0.9254708290100098,modal,cuda,U2AF2:HepG2
GRWD1,HepG2,chr8:60830454:C:T,1,0,0.9948711395263672,modal,cuda,U2AF2:HepG2
GRWD1,HepG2,chr8:60830494:G:A,0,0,2.3892269134521484,modal,cuda,U2AF2:HepG2
GRWD1,HepG2,chr8:60830495:C:T,0,0,-2.057241439819336,modal,cuda,U2AF2:HepG2
GRWD1,HepG2,chr8:60830496:G:A,0,0,0.760947585105896,modal,cuda,U2AF2:HepG2
GRWD1,HepG2,chr8:60830567:C:G,1,0,-1.5168156623840332,modal,cuda,U2AF2:HepG2
GRWD1,HepG2,chr8:60830569:T:G,1,0,-1.2994303703308105,modal,cuda,U2AF2:HepG2
GRWD1,HepG2,chr8:60830578:G:A,1,0,1.066246747970581,modal,cuda,U2AF2:HepG2
GRWD1,HepG2,chr8:60836199:T:C,1,0,-0.8856868743896484,modal,cuda,U2AF2:HepG2
GRWD1,HepG2,chr8:60838075:G:A,1,0,3.2786507606506348,modal,cuda,U2AF2:HepG2
GRWD1,HepG2,chr8:60838082:C:T,1,0,1.8286161422729492,modal,cuda,U2AF2:HepG2
GRWD1,HepG2,chr8:60838097:G:T,1,0,1.0041428804397583,modal,cuda,U2AF2:HepG2
GRWD1,HepG2,chr8:60838115:C:T,1,0,1.0579955577850342,modal,cuda,U2AF2:HepG2
GRWD1,HepG2,chr8:60838129:T:G,1,0,0.6397485733032227,modal,cuda,U2AF2:HepG2
GRWD1,HepG2,chr8:60841940:G:T,1,0,0.8441896438598633,modal,cuda,U2AF2:HepG2
GRWD1,HepG2,chr8:60841985:C:T,1,0,1.3074512481689453,modal,cuda,U2AF2:HepG2
GRWD1,HepG2,chr8:60841995:C:G,1,0,-0.36536359786987305,modal,cuda,U2AF2:HepG2
GRWD1,HepG2,chr8:60841997:C:T,1,0,0.6428370475769043,modal,cuda,U2AF2:HepG2
GRWD1,HepG2,chr8:60845007:G:A,1,0,-1.825150728225708,modal,cuda,U2AF2:HepG2
GRWD1,HepG2,chr8:60845036:C:T,1,0,0.7491612434387207,modal,cuda,U2AF2:HepG2
GRWD1,HepG2,chr8:60845042:C:T,1,0,-1.0277495384216309,modal,cuda,U2AF2:HepG2
GRWD1,HepG2,chr8:60845052:T:C,0,0,-0.49616432189941406,modal,cuda,U2AF2:HepG2
GRWD1,HepG2,chr8:60845063:G:A,1,0,1.5100879669189453,modal,cuda,U2AF2:HepG2
GRWD1,HepG2,chr8:60845064:G:A,1,0,1.995173692703247,modal,cuda,U2AF2:HepG2
GRWD1,HepG2,chr8:60845064:G:C,1,0,1.6522161960601807,modal,cuda,U2AF2:HepG2
GRWD1,HepG2,chr8:60845300:C:T,1,0,-1.1269831657409668,modal,cuda,U2AF2:HepG2
GRWD1,HepG2,chr8:60845309:C:T,1,0,0.6208276748657227,modal,cuda,U2AF2:HepG2
GRWD1,HepG2,chr8:60845313:C:T,0,0,-0.4448489546775818,modal,cuda,U2AF2:HepG2
GRWD1,HepG2,chr8:60845322:A:G,0,0,0.5983455181121826,modal,cuda,U2AF2:HepG2
GRWD1,HepG2,chr8:60845347:C:T,0,0,-4.328483581542969,modal,cuda,U2AF2:HepG2
GRWD1,HepG2,chr8:60845380:C:G,1,0,0.3231775760650635,modal,cuda,U2AF2:HepG2
GRWD1,HepG2,chr8:60845380:C:T,0,0,1.0089123249053955,modal,cuda,U2AF2:HepG2
GRWD1,HepG2,chr8:60848573:G:A,0,0,0.23825645446777344,modal,cuda,U2AF2:HepG2
GRWD1,HepG2,chr8:60848576:G:A,0,0,0.39039307832717896,modal,cuda,U2AF2:HepG2
GRWD1,HepG2,chr8:60848605:G:A,1,0,0.8875339031219482,modal,cuda,U2AF2:HepG2
GRWD1,HepG2,chr8:60850475:C:A,1,0,-0.5837314128875732,modal,cuda,U2AF2:HepG2
GRWD1,HepG2,chr8:60850476:G:A,1,0,-3.1233036518096924,modal,cuda,U2AF2:HepG2
GRWD1,HepG2,chr8:60850480:G:A,1,0,-0.8198177814483643,modal,cuda,U2AF2:HepG2
GRWD1,HepG2,chr8:60850486:G:A,1,0,0.9384112358093262,modal,cuda,U2AF2:HepG2
GRWD1,HepG2,chr8:60850491:A:G,1,0,1.2783520221710205,modal,cuda,U2AF2:HepG2
GRWD1,HepG2,chr8:60850493:G:T,1,0,2.4524307250976562,modal,cuda,U2AF2:HepG2
GRWD1,HepG2,chr8:60850506:C:G,1,0,1.2583696842193604,modal,cuda,U2AF2:HepG2
GRWD1,HepG2,chr8:60850516:C:T,1,0,1.053271770477295,modal,cuda,U2AF2:HepG2
GRWD1,HepG2,chr8:60850523:A:G,1,0,2.142703056335449,modal,cuda,U2AF2:HepG2
GRWD1,HepG2,chr8:60850546:C:T,1,0,0.5974074602127075,modal,cuda,U2AF2:HepG2
GRWD1,HepG2,chr8:60852942:C:T,1,0,0.5349018573760986,modal,cuda,U2AF2:HepG2
GRWD1,HepG2,chr8:60852968:C:A,1,0,-1.1119375228881836,modal,cuda,U2AF2:HepG2
GRWD1,HepG2,chr8:60852986:G:A,0,0,-0.1650867462158203,modal,cuda,U2AF2:HepG2
GRWD1,HepG2,chr8:60852997:G:A,1,0,0.47553491592407227,modal,cuda,U2AF2:HepG2
GRWD1,HepG2,chr8:60852998:G:A,1,0,0.5402975082397461,modal,cuda,U2AF2:HepG2
GRWD1,HepG2,chr8:60853001:G:A,0,0,0.5689802169799805,modal,cuda,U2AF2:HepG2
GRWD1,HepG2,chr8:60853014:G:C,1,0,0.594691276550293,modal,cuda,U2AF2:HepG2
GRWD1,HepG2,chr8:60853017:C:T,1,0,-1.6981189250946045,modal,cuda,U2AF2:HepG2
GRWD1,HepG2,chr8:60853047:G:T,1,0,-0.4718320369720459,modal,cuda,U2AF2:HepG2
GRWD1,HepG2,chr8:60853109:T:G,0,0,-2.932749032974243,modal,cuda,U2AF2:HepG2
GRWD1,HepG2,chr8:60853117:T:G,0,0,1.576005220413208,modal,cuda,U2AF2:HepG2
GRWD1,HepG2,chr8:60853144:C:T,0,0,-0.5697188377380371,modal,cuda,U2AF2:HepG2
GRWD1,HepG2,chr8:60853164:G:A,0,0,-3.032275915145874,modal,cuda,U2AF2:HepG2
GRWD1,HepG2,chr8:60853171:G:A,0,0,-0.6624374389648438,modal,cuda,U2AF2:HepG2
GRWD1,HepG2,chr8:60853179:C:T,1,0,-1.6765928268432617,modal,cuda,U2AF2:HepG2
GRWD1,HepG2,chr8:60853198:C:A,1,0,1.719346523284912,modal,cuda,U2AF2:HepG2
GRWD1,HepG2,chr8:60853200:T:C,0,0,0.8837374448776245,modal,cuda,U2AF2:HepG2
GRWD1,HepG2,chr8:60853210:T:C,0,0,0.7037307024002075,modal,cuda,U2AF2:HepG2
GRWD1,HepG2,chr8:60853397:C:T,0,0,-0.2806258201599121,modal,cuda,U2AF2:HepG2
GRWD1,HepG2,chr8:60853402:A:G,0,0,-0.6205010414123535,modal,cuda,U2AF2:HepG2
GRWD1,HepG2,chr8:60853405:C:G,0,0,-0.4178428649902344,modal,cuda,U2AF2:HepG2
GRWD1,HepG2,chr8:60853406:T:G,0,0,-0.9023880958557129,modal,cuda,U2AF2:HepG2
GRWD1,HepG2,chr8:60853457:G:A,0,0,0.09863722324371338,modal,cuda,U2AF2:HepG2
GRWD1,HepG2,chr8:60853463:G:A,0,0,-0.11324882507324219,modal,cuda,U2AF2:HepG2
GRWD1,HepG2,chr8:60853501:G:A,1,0,1.2574769258499146,modal,cuda,U2AF2:HepG2
GRWD1,HepG2,chr8:60853501:G:T,1,0,1.349323034286499,modal,cuda,U2AF2:HepG2
GRWD1,HepG2,chr8:60856721:C:T,1,0,-2.951709508895874,modal,cuda,U2AF2:HepG2
GRWD1,HepG2,chr8:60856726:G:A,0,0,0.674299955368042,modal,cuda,U2AF2:HepG2
GRWD1,HepG2,chr8:60856749:C:T,0,0,0.4040403366088867,modal,cuda,U2AF2:HepG2
GRWD1,HepG2,chr8:61555978:A:T,1,0,-1.3533732891082764,modal,cuda,U2AF2:HepG2
GRWD1,HepG2,chr8:61714403:C:T,0,0,0.4018380045890808,modal,cuda,U2AF2:HepG2
GRWD1,HepG2,chr8:61714445:A:G,0,0,-0.1499549001455307,modal,cuda,U2AF2:HepG2
GRWD1,HepG2,chr8:61714548:C:G,0,0,-0.5618765950202942,modal,cuda,U2AF2:HepG2
GRWD1,HepG2,chr8:67201570:G:A,1,0,0.48526227474212646,modal,cuda,U2AF2:HepG2
GRWD1,HepG2,chr8:70216728:T:C,0,0,0.27615445852279663,modal,cuda,U2AF2:HepG2
GRWD1,HepG2,chr8:91071196:A:G,0,0,-0.7780101895332336,modal,cuda,U2AF2:HepG2
GRWD1,HepG2,chr8:96231837:C:T,0,0,-0.27089357376098633,modal,cuda,U2AF2:HepG2
GRWD1,HepG2,chr8:96233140:C:G,0,0,0.5266904830932617,modal,cuda,U2AF2:HepG2
GRWD1,HepG2,chr8:99038429:A:T,1,0,0.6003813743591309,modal,cuda,U2AF2:HepG2
GRWD1,HepG2,chr8:99038453:G:T,1,0,-1.1665406227111816,modal,cuda,U2AF2:HepG2
GRWD1,HepG2,chr8:99111181:G:T,1,0,-1.4425506591796875,modal,cuda,U2AF2:HepG2
GRWD1,HepG2,chr9:104845460:G:A,0,4,1.6382243633270264,modal,cuda,U2AF2:HepG2
GRWD1,HepG2,chr9:108912460:A:C,1,4,1.3285081386566162,modal,cuda,U2AF2:HepG2
GRWD1,HepG2,chr9:112409029:T:C,0,4,-0.7903618812561035,modal,cuda,U2AF2:HepG2
GRWD1,HepG2,chr9:113390398:C:A,0,4,1.074779748916626,modal,cuda,U2AF2:HepG2
GRWD1,HepG2,chr9:113390786:G:A,0,4,-0.6369608044624329,modal,cuda,U2AF2:HepG2
GRWD1,HepG2,chr9:114240286:C:T,0,4,0.41567206382751465,modal,cuda,U2AF2:HepG2
GRWD1,HepG2,chr9:114258525:T:C,0,4,0.6362845301628113,modal,cuda,U2AF2:HepG2
GRWD1,HepG2,chr9:114258602:G:A,0,4,0.2311534881591797,modal,cuda,U2AF2:HepG2
GRWD1,HepG2,chr9:114275643:T:G,0,4,0.341463565826416,modal,cuda,U2AF2:HepG2
GRWD1,HepG2,chr9:114275787:T:A,0,4,1.2573034763336182,modal,cuda,U2AF2:HepG2
GRWD1,HepG2,chr9:114288530:C:G,0,4,0.572490930557251,modal,cuda,U2AF2:HepG2
GRWD1,HepG2,chr9:114289306:C:G,0,4,-0.7993292808532715,modal,cuda,U2AF2:HepG2
GRWD1,HepG2,chr9:114289307:G:A,0,4,0.25817030668258667,modal,cuda,U2AF2:HepG2
GRWD1,HepG2,chr9:120402886:G:A,1,4,1.1365375518798828,modal,cuda,U2AF2:HepG2
GRWD1,HepG2,chr9:120408401:G:A,1,4,1.999631643295288,modal,cuda,U2AF2:HepG2
GRWD1,HepG2,chr9:120409173:G:A,1,4,0.6892024278640747,modal,cuda,U2AF2:HepG2
GRWD1,HepG2,chr9:120409185:C:A,1,4,1.5570188760757446,modal,cuda,U2AF2:HepG2
GRWD1,HepG2,chr9:120437349:G:A,1,4,2.3802378177642822,modal,cuda,U2AF2:HepG2
GRWD1,HepG2,chr9:120439661:G:A,1,4,1.0111753940582275,modal,cuda,U2AF2:HepG2
GRWD1,HepG2,chr9:120443703:C:T,0,4,-0.5491032600402832,modal,cuda,U2AF2:HepG2
GRWD1,HepG2,chr9:120477335:G:C,0,4,-0.7108135223388672,modal,cuda,U2AF2:HepG2
GRWD1,HepG2,chr9:120518459:G:A,1,4,2.2481861114501953,modal,cuda,U2AF2:HepG2
GRWD1,HepG2,chr9:120530076:C:A,1,4,-1.1705718040466309,modal,cuda,U2AF2:HepG2
GRWD1,HepG2,chr9:120530103:C:A,1,4,1.922324776649475,modal,cuda,U2AF2:HepG2
GRWD1,HepG2,chr9:120545742:C:A,1,4,0.8394732475280762,modal,cuda,U2AF2:HepG2
GRWD1,HepG2,chr9:120545794:C:T,0,4,0.39000511169433594,modal,cuda,U2AF2:HepG2
GRWD1,HepG2,chr9:120550848:G:A,1,4,-0.7799890041351318,modal,cuda,U2AF2:HepG2
GRWD1,HepG2,chr9:120550852:A:T,1,4,1.6757843494415283,modal,cuda,U2AF2:HepG2
GRWD1,HepG2,chr9:120571998:G:C,0,4,0.9629535675048828,modal,cuda,U2AF2:HepG2
GRWD1,HepG2,chr9:124861577:C:G,0,4,-0.31597816944122314,modal,cuda,U2AF2:HepG2
GRWD1,HepG2,chr9:127455612:C:T,1,4,0.9024249315261841,modal,cuda,U2AF2:HepG2
GRWD1,HepG2,chr9:127462332:C:T,1,4,0.35310983657836914,modal,cuda,U2AF2:HepG2
GRWD1,HepG2,chr9:127482992:T:A,0,4,-0.5970898866653442,modal,cuda,U2AF2:HepG2
GRWD1,HepG2,chr9:127483005:C:T,1,4,2.549961566925049,modal,cuda,U2AF2:HepG2
GRWD1,HepG2,chr9:128177546:C:T,0,4,0.4328534007072449,modal,cuda,U2AF2:HepG2
GRWD1,HepG2,chr9:128179427:C:A,0,4,-0.7583937644958496,modal,cuda,U2AF2:HepG2
GRWD1,HepG2,chr9:128325935:G:A,0,4,0.7362521886825562,modal,cuda,U2AF2:HepG2
GRWD1,HepG2,chr9:128574820:G:A,0,4,1.677169680595398,modal,cuda,U2AF2:HepG2
GRWD1,HepG2,chr9:128576976:T:C,0,4,-0.6910476684570312,modal,cuda,U2AF2:HepG2
GRWD1,HepG2,chr9:128584269:T:G,0,4,0.9798767566680908,modal,cuda,U2AF2:HepG2
GRWD1,HepG2,chr9:128585985:G:A,0,4,0.8634359836578369,modal,cuda,U2AF2:HepG2
GRWD1,HepG2,chr9:128607590:G:T,0,4,-1.9608688354492188,modal,cuda,U2AF2:HepG2
GRWD1,HepG2,chr9:128607723:G:C,0,4,3.725565195083618,modal,cuda,U2AF2:HepG2
GRWD1,HepG2,chr9:128608114:C:T,0,4,-0.324221134185791,modal,cuda,U2AF2:HepG2
GRWD1,HepG2,chr9:128608282:G:A,0,4,-0.5759634971618652,modal,cuda,U2AF2:HepG2
GRWD1,HepG2,chr9:128611865:G:A,0,4,0.5091457366943359,modal,cuda,U2AF2:HepG2
GRWD1,HepG2,chr9:128617624:C:T,0,4,-0.275465726852417,modal,cuda,U2AF2:HepG2
GRWD1,HepG2,chr9:128617972:G:A,0,4,-0.42705273628234863,modal,cuda,U2AF2:HepG2
GRWD1,HepG2,chr9:128692656:G:A,0,4,-0.426411509513855,modal,cuda,U2AF2:HepG2
GRWD1,HepG2,chr9:128693624:C:T,0,4,-0.8703020215034485,modal,cuda,U2AF2:HepG2
GRWD1,HepG2,chr9:128826609:G:C,0,4,2.6318252086639404,modal,cuda,U2AF2:HepG2
GRWD1,HepG2,chr9:128827130:C:T,0,4,0.8677490949630737,modal,cuda,U2AF2:HepG2
GRWD1,HepG2,chr9:128987723:G:T,0,4,-2.094508171081543,modal,cuda,U2AF2:HepG2
GRWD1,HepG2,chr9:130699309:C:T,0,4,-0.39847826957702637,modal,cuda,U2AF2:HepG2
GRWD1,HepG2,chr9:130702190:C:G,0,4,-1.0779287815093994,modal,cuda,U2AF2:HepG2
GRWD1,HepG2,chr9:131474730:G:A,0,4,0.4925347566604614,modal,cuda,U2AF2:HepG2
GRWD1,HepG2,chr9:132901697:C:G,0,4,2.195322275161743,modal,cuda,U2AF2:HepG2
GRWD1,HepG2,chr9:132927200:C:A,1,4,1.8287553787231445,modal,cuda,U2AF2:HepG2
GRWD1,HepG2,chr9:132927200:C:T,1,4,1.5488743782043457,modal,cuda,U2AF2:HepG2
GRWD1,HepG2,chr9:132927218:G:A,1,4,1.1441564559936523,modal,cuda,U2AF2:HepG2
GRWD1,HepG2,chr9:132927220:A:T,1,4,-1.190676212310791,modal,cuda,U2AF2:HepG2
GRWD1,HepG2,chr9:132927229:A:G,1,4,-0.6237802505493164,modal,cuda,U2AF2:HepG2
GRWD1,HepG2,chr9:132927248:G:A,1,4,2.0142979621887207,modal,cuda,U2AF2:HepG2
GRWD1,HepG2,chr9:132927264:G:C,1,4,2.740575075149536,modal,cuda,U2AF2:HepG2
GRWD1,HepG2,chr9:133705039:G:A,0,4,1.9242103099822998,modal,cuda,U2AF2:HepG2
GRWD1,HepG2,chr9:135503554:G:A,0,4,0.876970648765564,modal,cuda,U2AF2:HepG2
GRWD1,HepG2,chr9:135503570:C:T,1,4,2.081604242324829,modal,cuda,U2AF2:HepG2
GRWD1,HepG2,chr9:135503577:A:G,0,4,0.4844045639038086,modal,cuda,U2AF2:HepG2
GRWD1,HepG2,chr9:135503714:A:G,0,4,-0.4050559997558594,modal,cuda,U2AF2:HepG2
GRWD1,HepG2,chr9:135503721:G:A,0,4,0.4298577308654785,modal,cuda,U2AF2:HepG2
GRWD1,HepG2,chr9:136461169:G:A,0,4,3.092790365219116,modal,cuda,U2AF2:HepG2
GRWD1,HepG2,chr9:137096361:C:T,0,4,0.6489362716674805,modal,cuda,U2AF2:HepG2
GRWD1,HepG2,chr9:137096401:G:A,0,4,0.5966696739196777,modal,cuda,U2AF2:HepG2
GRWD1,HepG2,chr9:137106119:C:T,0,4,-0.30901575088500977,modal,cuda,U2AF2:HepG2
GRWD1,HepG2,chr9:137106120:C:T,0,4,0.7702122926712036,modal,cuda,U2AF2:HepG2
GRWD1,HepG2,chr9:137107414:C:G,1,4,1.3688501119613647,modal,cuda,U2AF2:HepG2
GRWD1,HepG2,chr9:137107444:C:G,0,4,-1.6006866693496704,modal,cuda,U2AF2:HepG2
GRWD1,HepG2,chr9:137450159:G:A,0,4,0.5556720495223999,modal,cuda,U2AF2:HepG2
GRWD1,HepG2,chr9:137710980:G:T,0,4,1.2831581830978394,modal,cuda,U2AF2:HepG2
GRWD1,HepG2,chr9:137710987:G:A,0,4,-1.0852348804473877,modal,cuda,U2AF2:HepG2
GRWD1,HepG2,chr9:137710991:C:T,1,4,-0.9902464747428894,modal,cuda,U2AF2:HepG2
GRWD1,HepG2,chr9:137711036:G:A,0,4,0.38304829597473145,modal,cuda,U2AF2:HepG2
GRWD1,HepG2,chr9:137728555:T:C,0,4,0.5349224209785461,modal,cuda,U2AF2:HepG2
GRWD1,HepG2,chr9:137743893:G:A,0,4,0.560802698135376,modal,cuda,U2AF2:HepG2
GRWD1,HepG2,chr9:137777864:C:T,0,4,0.5694338083267212,modal,cuda,U2AF2:HepG2
GRWD1,HepG2,chr9:137790994:C:T,0,4,0.7754998207092285,modal,cuda,U2AF2:HepG2
GRWD1,HepG2,chr9:137814410:C:T,0,4,-0.32035112380981445,modal,cuda,U2AF2:HepG2
GRWD1,HepG2,chr9:137814416:C:T,0,4,-0.8415824174880981,modal,cuda,U2AF2:HepG2
GRWD1,HepG2,chr9:137814421:C:G,0,4,0.49164730310440063,modal,cuda,U2AF2:HepG2
GRWD1,HepG2,chr9:14750218:A:G,0,4,-0.7333739995956421,modal,cuda,U2AF2:HepG2
GRWD1,HepG2,chr9:14770660:G:T,0,4,-1.3699145317077637,modal,cuda,U2AF2:HepG2
GRWD1,HepG2,chr9:14857742:T:C,0,4,0.7785568237304688,modal,cuda,U2AF2:HepG2
GRWD1,HepG2,chr9:14857746:A:C,0,4,-1.9641716480255127,modal,cuda,U2AF2:HepG2
GRWD1,HepG2,chr9:14863865:A:G,0,4,-0.17717933654785156,modal,cuda,U2AF2:HepG2
GRWD1,HepG2,chr9:15225949:C:T,0,4,1.5591617822647095,modal,cuda,U2AF2:HepG2
GRWD1,HepG2,chr9:15510109:T:C,0,4,0.43837404251098633,modal,cuda,U2AF2:HepG2
GRWD1,HepG2,chr9:2104184:C:T,0,4,0.5150766372680664,modal,cuda,U2AF2:HepG2
GRWD1,HepG2,chr9:2104193:C:T,0,4,-0.5870389938354492,modal,cuda,U2AF2:HepG2
GRWD1,HepG2,chr9:2104194:G:A,0,4,-0.4971809387207031,modal,cuda,U2AF2:HepG2
GRWD1,HepG2,chr9:34646706:T:G,1,4,-2.287736415863037,modal,cuda,U2AF2:HepG2
GRWD1,HepG2,chr9:34647166:C:T,1,4,0.9159557819366455,modal,cuda,U2AF2:HepG2
GRWD1,HepG2,chr9:34647172:C:T,1,4,1.0204720497131348,modal,cuda,U2AF2:HepG2
GRWD1,HepG2,chr9:34647190:C:A,0,4,-0.516791820526123,modal,cuda,U2AF2:HepG2
GRWD1,HepG2,chr9:35684743:G:A,1,4,-0.5294796228408813,modal,cuda,U2AF2:HepG2
GRWD1,HepG2,chr9:35684765:G:C,1,4,-0.6998384594917297,modal,cuda,U2AF2:HepG2
GRWD1,HepG2,chr9:35689952:A:T,0,4,3.2594656944274902,modal,cuda,U2AF2:HepG2
GRWD1,HepG2,chr9:35689953:A:T,0,4,0.4871366024017334,modal,cuda,U2AF2:HepG2
GRWD1,HepG2,chr9:35689954:A:T,0,4,2.926274299621582,modal,cuda,U2AF2:HepG2
GRWD1,HepG2,chr9:35744592:A:G,0,4,-0.18343544006347656,modal,cuda,U2AF2:HepG2
GRWD1,HepG2,chr9:5720172:C:G,0,4,0.7104364633560181,modal,cuda,U2AF2:HepG2
GRWD1,HepG2,chr9:6605121:G:A,0,4,0.2876109480857849,modal,cuda,U2AF2:HepG2
GRWD1,HepG2,chr9:6849518:A:G,0,4,0.16401541233062744,modal,cuda,U2AF2:HepG2
GRWD1,HepG2,chr9:69246793:A:G,1,4,-0.8027427196502686,modal,cuda,U2AF2:HepG2
GRWD1,HepG2,chr9:69248122:C:T,0,4,0.8331470489501953,modal,cuda,U2AF2:HepG2
GRWD1,HepG2,chr9:69248154:T:C,0,4,-0.5416021347045898,modal,cuda,U2AF2:HepG2
GRWD1,HepG2,chr9:69248213:C:T,1,4,-0.8391971588134766,modal,cuda,U2AF2:HepG2
GRWD1,HepG2,chr9:712674:C:T,0,4,0.5898792743682861,modal,cuda,U2AF2:HepG2
GRWD1,HepG2,chr9:713307:A:G,0,4,-0.3503913879394531,modal,cuda,U2AF2:HepG2
GRWD1,HepG2,chr9:730054:A:G,0,4,0.17986226081848145,modal,cuda,U2AF2:HepG2
GRWD1,HepG2,chr9:738509:G:A,0,4,1.2113628387451172,modal,cuda,U2AF2:HepG2
GRWD1,HepG2,chr9:740901:C:T,0,4,0.5879862308502197,modal,cuda,U2AF2:HepG2
GRWD1,HepG2,chr9:78317658:T:A,0,4,-0.3346729278564453,modal,cuda,U2AF2:HepG2
GRWD1,HepG2,chr9:83973901:C:T,1,4,0.7333602905273438,modal,cuda,U2AF2:HepG2
GRWD1,HepG2,chr9:83977684:T:C,0,4,-1.9898877143859863,modal,cuda,U2AF2:HepG2
GRWD1,HepG2,chr9:87637937:T:C,0,4,0.4710545539855957,modal,cuda,U2AF2:HepG2
GRWD1,HepG2,chr9:87728350:C:A,0,4,1.0697739124298096,modal,cuda,U2AF2:HepG2
GRWD1,HepG2,chr9:92265060:C:G,0,4,1.9424948692321777,modal,cuda,U2AF2:HepG2
GRWD1,HepG2,chr9:92271034:G:A,1,4,2.7886576652526855,modal,cuda,U2AF2:HepG2
GRWD1,HepG2,chr9:92271064:T:C,0,4,0.4063129425048828,modal,cuda,U2AF2:HepG2
GRWD1,HepG2,chr9:92274465:T:G,0,4,0.18555402755737305,modal,cuda,U2AF2:HepG2
GRWD1,HepG2,chr9:92274466:T:C,0,4,-0.9882984161376953,modal,cuda,U2AF2:HepG2
GRWD1,HepG2,chr9:95921268:C:A,0,4,1.8889845609664917,modal,cuda,U2AF2:HepG2
GRWD1,HepG2,chr9:97675549:C:A,1,4,1.0445692539215088,modal,cuda,U2AF2:HepG2
GRWD1,HepG2,chr9:97675557:C:T,1,4,0.6852169036865234,modal,cuda,U2AF2:HepG2
GRWD1,HepG2,chr9:97983620:A:G,0,4,0.37012937664985657,modal,cuda,U2AF2:HepG2
GRWD1,HepG2,chrX:119931930:G:A,0,2,-0.5971336364746094,modal,cuda,U2AF2:HepG2
GRWD1,HepG2,chrX:123624678:G:A,0,2,0.5650019645690918,modal,cuda,U2AF2:HepG2
GRWD1,HepG2,chrX:123624688:T:A,0,2,-0.24438151717185974,modal,cuda,U2AF2:HepG2
GRWD1,HepG2,chrX:124045161:T:C,0,2,-0.4604482650756836,modal,cuda,U2AF2:HepG2
GRWD1,HepG2,chrX:147945624:C:A,0,2,0.30757808685302734,modal,cuda,U2AF2:HepG2
GRWD1,HepG2,chrX:153672995:G:A,0,2,-0.051619648933410645,modal,cuda,U2AF2:HepG2
GRWD1,HepG2,chrX:154412084:A:G,1,2,2.395639181137085,modal,cuda,U2AF2:HepG2
GRWD1,HepG2,chrX:154412129:C:A,1,2,1.2735192775726318,modal,cuda,U2AF2:HepG2
GRWD1,HepG2,chrX:154412130:G:T,1,2,0.6196999549865723,modal,cuda,U2AF2:HepG2
GRWD1,HepG2,chrX:154412183:C:G,1,2,-0.9013431072235107,modal,cuda,U2AF2:HepG2
GRWD1,HepG2,chrX:154412212:G:A,1,2,-4.120710372924805,modal,cuda,U2AF2:HepG2
GRWD1,HepG2,chrX:154419579:T:A,1,2,-1.8919248580932617,modal,cuda,U2AF2:HepG2
GRWD1,HepG2,chrX:154419608:C:T,1,2,-1.7846472263336182,modal,cuda,U2AF2:HepG2
GRWD1,HepG2,chrX:154420676:G:C,1,2,-0.6078414916992188,modal,cuda,U2AF2:HepG2
GRWD1,HepG2,chrX:154764985:G:T,0,2,-0.8999419212341309,modal,cuda,U2AF2:HepG2
GRWD1,HepG2,chrX:154765450:C:A,1,2,0.4956855773925781,modal,cuda,U2AF2:HepG2
GRWD1,HepG2,chrX:154765465:T:G,1,2,-1.2774852514266968,modal,cuda,U2AF2:HepG2
GRWD1,HepG2,chrX:154765472:T:C,1,2,-0.632331132888794,modal,cuda,U2AF2:HepG2
GRWD1,HepG2,chrX:154765478:C:G,1,2,-0.6407251358032227,modal,cuda,U2AF2:HepG2
GRWD1,HepG2,chrX:154765497:G:A,0,2,0.3870522975921631,modal,cuda,U2AF2:HepG2
GRWD1,HepG2,chrX:154765505:C:T,1,2,-0.9417562484741211,modal,cuda,U2AF2:HepG2
GRWD1,HepG2,chrX:154767358:G:A,1,2,0.30005693435668945,modal,cuda,U2AF2:HepG2
GRWD1,HepG2,chrX:154774602:G:A,1,2,0.8657641410827637,modal,cuda,U2AF2:HepG2
GRWD1,HepG2,chrX:154774651:G:A,1,2,-0.4622201919555664,modal,cuda,U2AF2:HepG2
GRWD1,HepG2,chrX:154774706:G:A,1,2,1.5804719924926758,modal,cuda,U2AF2:HepG2
GRWD1,HepG2,chrX:154776216:C:T,0,2,0.457943320274353,modal,cuda,U2AF2:HepG2
GRWD1,HepG2,chrX:154776279:G:A,0,2,0.6265106201171875,modal,cuda,U2AF2:HepG2
GRWD1,HepG2,chrX:154776964:A:G,0,2,-0.41311144828796387,modal,cuda,U2AF2:HepG2
GRWD1,HepG2,chrX:18894339:G:A,0,2,0.6096267700195312,modal,cuda,U2AF2:HepG2
GRWD1,HepG2,chrX:18894344:G:A,1,2,0.9883952140808105,modal,cuda,U2AF2:HepG2
GRWD1,HepG2,chrX:18894364:G:T,1,2,-3.2348990440368652,modal,cuda,U2AF2:HepG2
GRWD1,HepG2,chrX:18894400:G:A,1,2,1.1838996410369873,modal,cuda,U2AF2:HepG2
GRWD1,HepG2,chrX:19350122:G:A,0,2,0.6320434808731079,modal,cuda,U2AF2:HepG2
GRWD1,HepG2,chrX:19351254:T:G,0,2,0.5582365989685059,modal,cuda,U2AF2:HepG2
GRWD1,HepG2,chrX:19351270:C:T,0,2,0.3849368095397949,modal,cuda,U2AF2:HepG2
GRWD1,HepG2,chrX:19355513:A:G,0,2,-0.29312849044799805,modal,cuda,U2AF2:HepG2
GRWD1,HepG2,chrX:19355514:C:G,0,2,0.23181819915771484,modal,cuda,U2AF2:HepG2
GRWD1,HepG2,chrX:20188479:C:T,0,2,-0.31409335136413574,modal,cuda,U2AF2:HepG2
GRWD1,HepG2,chrX:20188484:A:G,0,2,-0.23851847648620605,modal,cuda,U2AF2:HepG2
GRWD1,HepG2,chrX:24179316:C:A,0,2,1.025808334350586,modal,cuda,U2AF2:HepG2
GRWD1,HepG2,chrX:24717403:A:G,0,2,0.1236579418182373,modal,cuda,U2AF2:HepG2
GRWD1,HepG2,chrX:24717480:C:T,0,2,-0.15160512924194336,modal,cuda,U2AF2:HepG2
GRWD1,HepG2,chrX:48803118:T:C,0,2,-0.4361717700958252,modal,cuda,U2AF2:HepG2
GRWD1,HepG2,chrX:48815933:C:T,0,2,0.21458697319030762,modal,cuda,U2AF2:HepG2
GRWD1,HepG2,chrX:48816207:C:T,0,2,-0.34488487243652344,modal,cuda,U2AF2:HepG2
GRWD1,HepG2,chrX:48902240:A:G,0,2,-0.16362857818603516,modal,cuda,U2AF2:HepG2
GRWD1,HepG2,chrX:49076420:G:A,0,2,0.46239185333251953,modal,cuda,U2AF2:HepG2
GRWD1,HepG2,chrX:49076423:C:T,0,2,1.0064926147460938,modal,cuda,U2AF2:HepG2
GRWD1,HepG2,chrX:53211492:C:T,0,2,1.6383752822875977,modal,cuda,U2AF2:HepG2
GRWD1,HepG2,chrX:53211545:G:C,1,2,-2.9194161891937256,modal,cuda,U2AF2:HepG2
GRWD1,HepG2,chrX:53216084:C:T,0,2,-0.25660228729248047,modal,cuda,U2AF2:HepG2
GRWD1,HepG2,chrX:53217974:A:G,0,2,-0.6590514183044434,modal,cuda,U2AF2:HepG2
GRWD1,HepG2,chrX:53405674:T:C,1,2,3.3701109886169434,modal,cuda,U2AF2:HepG2
GRWD1,HepG2,chrX:53405967:T:C,0,2,-0.22302722930908203,modal,cuda,U2AF2:HepG2
GRWD1,HepG2,chrX:53413227:C:T,1,2,0.7060539722442627,modal,cuda,U2AF2:HepG2
GRWD1,HepG2,chrX:53538459:G:A,0,2,0.5346403121948242,modal,cuda,U2AF2:HepG2
GRWD1,HepG2,chrX:53538464:G:A,0,2,-1.066046953201294,modal,cuda,U2AF2:HepG2
GRWD1,HepG2,chrX:53554938:A:G,0,2,1.246955156326294,modal,cuda,U2AF2:HepG2
GRWD1,HepG2,chrX:53561737:C:T,0,2,0.22207927703857422,modal,cuda,U2AF2:HepG2
GRWD1,HepG2,chrX:53561747:G:A,0,2,0.3036813735961914,modal,cuda,U2AF2:HepG2
GRWD1,HepG2,chrX:53985957:A:G,0,2,-0.6803767085075378,modal,cuda,U2AF2:HepG2
GRWD1,HepG2,chrX:65524123:G:T,0,2,-2.315523862838745,modal,cuda,U2AF2:HepG2
GRWD1,HepG2,chrX:65524147:G:C,0,2,-0.8340740203857422,modal,cuda,U2AF2:HepG2
GRWD1,HepG2,chrX:71290740:C:T,1,2,-0.7451056241989136,modal,cuda,U2AF2:HepG2
GRWD1,HepG2,chrX:71294213:C:T,0,2,0.10518693923950195,modal,cuda,U2AF2:HepG2
GRWD1,HepG2,chrX:71294535:G:A,0,2,-0.3097095489501953,modal,cuda,U2AF2:HepG2
GRWD1,HepG2,chrX:71296841:T:C,0,2,1.063531756401062,modal,cuda,U2AF2:HepG2
GRWD1,HepG2,chrX:71297065:A:C,0,2,-0.3833742141723633,modal,cuda,U2AF2:HepG2
GRWD1,HepG2,chrX:71297821:G:A,0,2,0.4495004415512085,modal,cuda,U2AF2:HepG2
GRWD1,HepG2,chrX:71297828:C:T,0,2,-0.28370094299316406,modal,cuda,U2AF2:HepG2
GRWD1,HepG2,chrX:71368069:C:T,0,2,0.7131738662719727,modal,cuda,U2AF2:HepG2
GRWD1,HepG2,chrX:71368099:A:G,0,2,0.40687096118927,modal,cuda,U2AF2:HepG2
GRWD1,HepG2,chrX:71375250:A:G,0,2,0.062422752380371094,modal,cuda,U2AF2:HepG2
GRWD1,HepG2,chrX:71375282:T:C,0,2,-0.39808064699172974,modal,cuda,U2AF2:HepG2
GRWD1,HepG2,chrX:71377722:G:A,0,2,0.36499691009521484,modal,cuda,U2AF2:HepG2
GRWD1,HepG2,chrX:71377781:C:G,0,2,0.6342926025390625,modal,cuda,U2AF2:HepG2
GRWD1,HepG2,chrX:71378276:A:T,0,2,0.26128727197647095,modal,cuda,U2AF2:HepG2
GRWD1,HepG2,chrX:71392653:G:C,1,2,1.2717273235321045,modal,cuda,U2AF2:HepG2
GRWD1,HepG2,chrX:71394166:G:A,0,2,0.19462156295776367,modal,cuda,U2AF2:HepG2
GRWD1,HepG2,chrX:71394241:A:G,0,2,-0.28931963443756104,modal,cuda,U2AF2:HepG2
GRWD1,HepG2,chrX:71398752:G:A,0,2,-0.47597646713256836,modal,cuda,U2AF2:HepG2
GRWD1,HepG2,chrX:71460710:A:G,0,2,0.7868936061859131,modal,cuda,U2AF2:HepG2
GRWD1,HepG2,chrX:77618786:A:C,0,2,0.9695045351982117,modal,cuda,U2AF2:HepG2
GRWD1,HepG2,chrX:77636059:A:C,1,2,6.6515045166015625,modal,cuda,U2AF2:HepG2
GRWD1,HepG2,chrX:77676304:G:A,0,2,-0.44820505380630493,modal,cuda,U2AF2:HepG2
GRWD1,HepG2,chrX:77684928:A:G,0,2,-0.30256056785583496,modal,cuda,U2AF2:HepG2
GRWD1,HepG2,chrX:77688944:G:C,0,2,-0.5105581283569336,modal,cuda,U2AF2:HepG2
GRWD1,HepG2,chrX:77688945:C:T,0,2,-1.55607271194458,modal,cuda,U2AF2:HepG2
GRWD1,HepG2,chrX:77696569:C:T,0,2,0.2771644592285156,modal,cuda,U2AF2:HepG2
GRWD1,HepG2,chrX:77786015:C:T,0,2,0.36928296089172363,modal,cuda,U2AF2:HepG2
