protein,cell,vid,label,fold,delta,platform,accelerator,weights_from
BCLAF1,HepG2,chr10:100152307:T:C,0,2,0.15257835388183594,modal,cuda,U2AF2:HepG2
BCLAF1,HepG2,chr10:100179248:C:T,1,2,4.172372341156006,modal,cuda,U2AF2:HepG2
BCLAF1,HepG2,chr10:100529822:T:C,0,2,-0.5067756175994873,modal,cuda,U2AF2:HepG2
BCLAF1,HepG2,chr10:103099964:G:A,1,2,-2.1020517349243164,modal,cuda,U2AF2:HepG2
BCLAF1,HepG2,chr10:103101271:T:A,1,2,-1.0730245113372803,modal,cuda,U2AF2:HepG2
BCLAF1,HepG2,chr10:103101286:G:A,1,2,0.8628153800964355,modal,cuda,U2AF2:HepG2
BCLAF1,HepG2,chr10:103139405:C:T,1,2,0.8896799087524414,modal,cuda,U2AF2:HepG2
BCLAF1,HepG2,chr10:103139466:G:A,1,2,-1.0389031171798706,modal,cuda,U2AF2:HepG2
BCLAF1,HepG2,chr10:103174874:G:A,1,2,0.936528205871582,modal,cuda,U2AF2:HepG2
BCLAF1,HepG2,chr10:103174952:T:C,0,2,2.1976072788238525,modal,cuda,U2AF2:HepG2
BCLAF1,HepG2,chr10:104263031:C:A,0,2,0.3719010353088379,modal,cuda,U2AF2:HepG2
BCLAF1,HepG2,chr10:110284819:G:T,0,2,-1.3890608549118042,modal,cuda,U2AF2:HepG2
BCLAF1,HepG2,chr10:112438345:A:G,0,2,-0.3597038686275482,modal,cuda,U2AF2:HepG2
BCLAF1,HepG2,chr10:113879701:T:A,0,2,-0.1442255973815918,modal,cuda,U2AF2:HepG2
BCLAF1,HepG2,chr10:119073061:G:C,0,2,0.7883524894714355,modal,cuda,U2AF2:HepG2
BCLAF1,HepG2,chr10:119155116:C:T,0,2,-0.4589271545410156,modal,cuda,U2AF2:HepG2
BCLAF1,HepG2,chr10:119155180:G:A,0,2,1.15449857711792,modal,cuda,U2AF2:HepG2
BCLAF1,HepG2,chr10:11956529:A:T,0,2,-1.5131480693817139,modal,cuda,U2AF2:HepG2
BCLAF1,HepG2,chr10:119909036:T:A,0,2,1.0664093494415283,modal,cuda,U2AF2:HepG2
BCLAF1,HepG2,chr10:119912139:T:C,0,2,-0.2030501365661621,modal,cuda,U2AF2:HepG2
BCLAF1,HepG2,chr10:119915739:C:A,0,2,1.3067946434020996,modal,cuda,U2AF2:HepG2
BCLAF1,HepG2,chr10:119926047:G:A,0,2,0.6079115271568298,modal,cuda,U2AF2:HepG2
BCLAF1,HepG2,chr10:121913824:T:C,0,2,1.7293517589569092,modal,cuda,U2AF2:HepG2
BCLAF1,HepG2,chr10:123034481:A:G,0,2,-0.2691795825958252,modal,cuda,U2AF2:HepG2
BCLAF1,HepG2,chr10:123037819:C:G,1,2,-1.3258092403411865,modal,cuda,U2AF2:HepG2
BCLAF1,HepG2,chr10:125734126:T:C,0,2,-0.29970598220825195,modal,cuda,U2AF2:HepG2
BCLAF1,HepG2,chr10:13119060:G:A,0,2,-0.480975866317749,modal,cuda,U2AF2:HepG2
BCLAF1,HepG2,chr10:14935470:C:T,0,2,-0.3947024345397949,modal,cuda,U2AF2:HepG2
BCLAF1,HepG2,chr10:17695245:A:G,0,2,0.7191002368927002,modal,cuda,U2AF2:HepG2
BCLAF1,HepG2,chr10:180034:C:T,1,2,1.0826773643493652,modal,cuda,U2AF2:HepG2
BCLAF1,HepG2,chr10:180058:C:T,1,2,-2.4837303161621094,modal,cuda,U2AF2:HepG2
BCLAF1,HepG2,chr10:180094:C:T,1,2,1.3532767295837402,modal,cuda,U2AF2:HepG2
BCLAF1,HepG2,chr10:180143:A:G,0,2,0.6563534736633301,modal,cuda,U2AF2:HepG2
BCLAF1,HepG2,chr10:180148:A:G,0,2,1.2482860088348389,modal,cuda,U2AF2:HepG2
BCLAF1,HepG2,chr10:21538867:G:A,0,2,0.3465611934661865,modal,cuda,U2AF2:HepG2
BCLAF1,HepG2,chr10:22326571:G:A,0,2,-0.538475513458252,modal,cuda,U2AF2:HepG2
BCLAF1,HepG2,chr10:27022691:C:T,0,2,-0.5846850872039795,modal,cuda,U2AF2:HepG2
BCLAF1,HepG2,chr10:27082783:A:G,0,2,-0.45624208450317383,modal,cuda,U2AF2:HepG2
BCLAF1,HepG2,chr10:27082839:A:G,0,2,0.33582666516304016,modal,cuda,U2AF2:HepG2
BCLAF1,HepG2,chr10:27112127:C:T,0,2,0.19013404846191406,modal,cuda,U2AF2:HepG2
BCLAF1,HepG2,chr10:27158690:A:C,0,2,1.9127638339996338,modal,cuda,U2AF2:HepG2
BCLAF1,HepG2,chr10:28589865:A:T,0,2,0.3455195426940918,modal,cuda,U2AF2:HepG2
BCLAF1,HepG2,chr10:31461158:C:T,0,2,0.20988750457763672,modal,cuda,U2AF2:HepG2
BCLAF1,HepG2,chr10:31461170:C:T,0,2,-1.2777328491210938,modal,cuda,U2AF2:HepG2
BCLAF1,HepG2,chr10:31461211:A:C,0,2,0.13758063316345215,modal,cuda,U2AF2:HepG2
BCLAF1,HepG2,chr10:31461220:A:G,0,2,-0.24958229064941406,modal,cuda,U2AF2:HepG2
BCLAF1,HepG2,chr10:31495787:G:A,0,2,-0.40951526165008545,modal,cuda,U2AF2:HepG2
BCLAF1,HepG2,chr10:31510794:T:C,0,2,2.0100412368774414,modal,cuda,U2AF2:HepG2
BCLAF1,HepG2,chr10:32023041:A:G,0,2,0.41667747497558594,modal,cuda,U2AF2:HepG2
BCLAF1,HepG2,chr10:32935487:T:C,0,2,-1.5713324546813965,modal,cuda,U2AF2:HepG2
BCLAF1,HepG2,chr10:35179179:G:A,0,2,1.4534337520599365,modal,cuda,U2AF2:HepG2
BCLAF1,HepG2,chr10:5000472:C:T,0,2,-1.382957935333252,modal,cuda,U2AF2:HepG2
BCLAF1,HepG2,chr10:63168063:C:G,0,2,0.5002918243408203,modal,cuda,U2AF2:HepG2
BCLAF1,HepG2,chr10:63177741:G:C,0,2,-0.49297428131103516,modal,cuda,U2AF2:HepG2
BCLAF1,HepG2,chr10:63177773:G:C,0,2,-0.6794090270996094,modal,cuda,U2AF2:HepG2
BCLAF1,HepG2,chr10:63184621:C:T,0,2,-0.8535778522491455,modal,cuda,U2AF2:HepG2
BCLAF1,HepG2,chr10:63185604:G:A,0,2,-0.717247486114502,modal,cuda,U2AF2:HepG2
BCLAF1,HepG2,chr10:63186330:C:T,0,2,-0.1587390899658203,modal,cuda,U2AF2:HepG2
BCLAF1,HepG2,chr10:63186398:A:G,0,2,0.545613169670105,modal,cuda,U2AF2:HepG2
BCLAF1,HepG2,chr10:63189449:A:G,0,2,-0.6548088788986206,modal,cuda,U2AF2:HepG2
BCLAF1,HepG2,chr10:63214218:G:A,0,2,0.1872420310974121,modal,cuda,U2AF2:HepG2
BCLAF1,HepG2,chr10:63214620:G:C,0,2,0.3250389099121094,modal,cuda,U2AF2:HepG2
BCLAF1,HepG2,chr10:63214777:A:T,0,2,0.5022697448730469,modal,cuda,U2AF2:HepG2
BCLAF1,HepG2,chr10:63214788:A:G,0,2,0.3666372299194336,modal,cuda,U2AF2:HepG2
BCLAF1,HepG2,chr10:63217190:T:A,0,2,-0.44776058197021484,modal,cuda,U2AF2:HepG2
BCLAF1,HepG2,chr10:63264644:T:G,0,2,0.2346634864807129,modal,cuda,U2AF2:HepG2
BCLAF1,HepG2,chr10:68645057:A:G,0,2,-0.6613059043884277,modal,cuda,U2AF2:HepG2
BCLAF1,HepG2,chr10:72477264:G:A,0,2,0.29284584522247314,modal,cuda,U2AF2:HepG2
BCLAF1,HepG2,chr10:72508209:C:A,1,2,-4.105656623840332,modal,cuda,U2AF2:HepG2
BCLAF1,HepG2,chr10:72508273:T:C,0,2,-0.24349653720855713,modal,cuda,U2AF2:HepG2
BCLAF1,HepG2,chr10:72562912:C:A,1,2,0.41416287422180176,modal,cuda,U2AF2:HepG2
BCLAF1,HepG2,chr10:74525404:A:C,1,2,0.831000566482544,modal,cuda,U2AF2:HepG2
BCLAF1,HepG2,chr10:74525405:T:C,0,2,0.3584456443786621,modal,cuda,U2AF2:HepG2
BCLAF1,HepG2,chr10:74589271:T:C,0,2,-0.9969577789306641,modal,cuda,U2AF2:HepG2
BCLAF1,HepG2,chr10:74960085:T:A,0,2,-0.42744719982147217,modal,cuda,U2AF2:HepG2
BCLAF1,HepG2,chr10:74960097:A:G,0,2,0.29834702610969543,modal,cuda,U2AF2:HepG2
BCLAF1,HepG2,chr10:74970018:A:G,1,2,5.290094375610352,modal,cuda,U2AF2:HepG2
BCLAF1,HepG2,chr10:74970107:C:G,0,2,0.45235180854797363,modal,cuda,U2AF2:HepG2
BCLAF1,HepG2,chr10:74977330:A:G,0,2,-1.0933279991149902,modal,cuda,U2AF2:HepG2
BCLAF1,HepG2,chr10:74977345:G:T,1,2,3.1089653968811035,modal,cuda,U2AF2:HepG2
BCLAF1,HepG2,chr10:74977406:T:C,0,2,1.5320804119110107,modal,cuda,U2AF2:HepG2
BCLAF1,HepG2,chr10:74979232:G:C,0,2,-0.6437406539916992,modal,cuda,U2AF2:HepG2
BCLAF1,HepG2,chr10:74979348:A:G,0,2,-0.22824721038341522,modal,cuda,U2AF2:HepG2
BCLAF1,HepG2,chr10:76058744:G:A,0,2,0.6183630228042603,modal,cuda,U2AF2:HepG2
BCLAF1,HepG2,chr10:76058747:G:T,0,2,0.3285907506942749,modal,cuda,U2AF2:HepG2
BCLAF1,HepG2,chr10:78040201:C:A,0,2,0.6353671550750732,modal,cuda,U2AF2:HepG2
BCLAF1,HepG2,chr10:78040616:C:T,0,2,-0.3544940948486328,modal,cuda,U2AF2:HepG2
BCLAF1,HepG2,chr10:78040694:T:C,0,2,0.3808727264404297,modal,cuda,U2AF2:HepG2
BCLAF1,HepG2,chr10:79201626:G:A,0,2,-1.1617302894592285,modal,cuda,U2AF2:HepG2
BCLAF1,HepG2,chr10:80289496:T:C,0,2,-0.23428350687026978,modal,cuda,U2AF2:HepG2
BCLAF1,HepG2,chr10:86890186:A:C,0,2,-0.3257288932800293,modal,cuda,U2AF2:HepG2
BCLAF1,HepG2,chr10:86890195:T:A,1,2,1.2538995742797852,modal,cuda,U2AF2:HepG2
BCLAF1,HepG2,chr10:86890210:T:A,0,2,1.2331960201263428,modal,cuda,U2AF2:HepG2
BCLAF1,HepG2,chr10:89738973:C:T,0,2,-0.3613924980163574,modal,cuda,U2AF2:HepG2
BCLAF1,HepG2,chr10:91840723:G:A,0,2,-0.3717818260192871,modal,cuda,U2AF2:HepG2
BCLAF1,HepG2,chr10:92014035:G:A,0,2,-0.7101943492889404,modal,cuda,U2AF2:HepG2
BCLAF1,HepG2,chr10:92028774:G:T,0,2,-0.5387520790100098,modal,cuda,U2AF2:HepG2
BCLAF1,HepG2,chr10:92607141:A:G,0,2,-0.2047107219696045,modal,cuda,U2AF2:HepG2
BCLAF1,HepG2,chr10:93698371:G:A,1,2,-1.401642084121704,modal,cuda,U2AF2:HepG2
BCLAF1,HepG2,chr10:94546436:C:T,0,2,0.3841419219970703,modal,cuda,U2AF2:HepG2
BCLAF1,HepG2,chr10:94546508:G:T,0,2,-2.909607410430908,modal,cuda,U2AF2:HepG2
BCLAF1,HepG2,chr10:94554203:A:C,0,2,0.8657255172729492,modal,cuda,U2AF2:HepG2
BCLAF1,HepG2,chr10:94554242:A:G,0,2,-0.4036843776702881,modal,cuda,U2AF2:HepG2
BCLAF1,HepG2,chr10:94562672:C:T,0,2,-0.21503162384033203,modal,cuda,U2AF2:HepG2
BCLAF1,HepG2,chr10:94574092:A:T,1,2,0.9224672317504883,modal,cuda,U2AF2:HepG2
BCLAF1,HepG2,chr10:94576815:A:T,0,2,-0.4139275550842285,modal,cuda,U2AF2:HepG2
BCLAF1,HepG2,chr10:94588396:G:A,0,2,-0.17207717895507812,modal,cuda,U2AF2:HepG2
BCLAF1,HepG2,chr10:94588404:G:A,0,2,-0.7552485466003418,modal,cuda,U2AF2:HepG2
BCLAF1,HepG2,chr10:99794393:G:A,0,2,0.1491856575012207,modal,cuda,U2AF2:HepG2
BCLAF1,HepG2,chr10:99811617:T:C,0,2,1.105802297592163,modal,cuda,U2AF2:HepG2
BCLAF1,HepG2,chr10:99830703:T:G,0,2,1.1936852931976318,modal,cuda,U2AF2:HepG2
BCLAF1,HepG2,chr10:99830862:C:T,0,2,0.37237071990966797,modal,cuda,U2AF2:HepG2
BCLAF1,HepG2,chr11:108134298:C:T,1,3,-1.790238380432129,modal,cuda,U2AF2:HepG2
BCLAF1,HepG2,chr11:108134317:G:A,1,3,4.852834224700928,modal,cuda,U2AF2:HepG2
BCLAF1,HepG2,chr11:108138894:G:A,0,3,0.3209214210510254,modal,cuda,U2AF2:HepG2
BCLAF1,HepG2,chr11:108138945:T:G,1,3,-7.255716323852539,modal,cuda,U2AF2:HepG2
BCLAF1,HepG2,chr11:108141637:G:T,1,3,-5.633359432220459,modal,cuda,U2AF2:HepG2
BCLAF1,HepG2,chr11:108142451:G:A,1,3,-0.32029008865356445,modal,cuda,U2AF2:HepG2
BCLAF1,HepG2,chr11:108146296:T:A,1,3,-4.850074291229248,modal,cuda,U2AF2:HepG2
BCLAF1,HepG2,chr11:108146313:A:T,1,3,-2.0142252445220947,modal,cuda,U2AF2:HepG2
BCLAF1,HepG2,chr11:108147295:C:A,1,3,-0.703755795955658,modal,cuda,U2AF2:HepG2
BCLAF1,HepG2,chr11:108229161:A:G,0,3,-0.430556058883667,modal,cuda,U2AF2:HepG2
BCLAF1,HepG2,chr11:108235839:G:A,1,3,0.757075309753418,modal,cuda,U2AF2:HepG2
BCLAF1,HepG2,chr11:108245051:T:G,0,3,1.681910514831543,modal,cuda,U2AF2:HepG2
BCLAF1,HepG2,chr11:108248911:T:G,0,3,-0.2700233459472656,modal,cuda,U2AF2:HepG2
BCLAF1,HepG2,chr11:108248927:T:G,0,3,2.4573299884796143,modal,cuda,U2AF2:HepG2
BCLAF1,HepG2,chr11:108268393:G:T,0,3,-0.4737401008605957,modal,cuda,U2AF2:HepG2
BCLAF1,HepG2,chr11:108271230:T:G,0,3,-1.9163234233856201,modal,cuda,U2AF2:HepG2
BCLAF1,HepG2,chr11:108280981:A:T,0,3,-0.8272256851196289,modal,cuda,U2AF2:HepG2
BCLAF1,HepG2,chr11:108280982:A:T,0,3,-0.6030476093292236,modal,cuda,U2AF2:HepG2
BCLAF1,HepG2,chr11:108280986:C:T,0,3,0.7409524917602539,modal,cuda,U2AF2:HepG2
BCLAF1,HepG2,chr11:108293300:A:T,0,3,-0.24579811096191406,modal,cuda,U2AF2:HepG2
BCLAF1,HepG2,chr11:108293302:A:T,0,3,-0.507296085357666,modal,cuda,U2AF2:HepG2
BCLAF1,HepG2,chr11:108294907:A:G,0,3,0.3976304531097412,modal,cuda,U2AF2:HepG2
BCLAF1,HepG2,chr11:108312424:G:T,1,3,-5.423908710479736,modal,cuda,U2AF2:HepG2
BCLAF1,HepG2,chr11:108312440:G:A,0,3,0.4758789539337158,modal,cuda,U2AF2:HepG2
BCLAF1,HepG2,chr11:108312458:T:A,1,3,-1.3467836380004883,modal,cuda,U2AF2:HepG2
BCLAF1,HepG2,chr11:108312463:G:T,1,3,1.2385575771331787,modal,cuda,U2AF2:HepG2
BCLAF1,HepG2,chr11:108312478:G:T,1,3,1.542643666267395,modal,cuda,U2AF2:HepG2
BCLAF1,HepG2,chr11:108312496:C:T,1,3,1.333909034729004,modal,cuda,U2AF2:HepG2
BCLAF1,HepG2,chr11:108315843:C:A,1,3,1.6219580173492432,modal,cuda,U2AF2:HepG2
BCLAF1,HepG2,chr11:108315883:G:C,0,3,-1.2158732414245605,modal,cuda,U2AF2:HepG2
BCLAF1,HepG2,chr11:108315888:G:C,0,3,0.8684730529785156,modal,cuda,U2AF2:HepG2
BCLAF1,HepG2,chr11:108315889:A:T,1,3,2.0926947593688965,modal,cuda,U2AF2:HepG2
BCLAF1,HepG2,chr11:108315896:T:G,1,3,0.9158790111541748,modal,cuda,U2AF2:HepG2
BCLAF1,HepG2,chr11:108315898:C:T,1,3,0.9903644919395447,modal,cuda,U2AF2:HepG2
BCLAF1,HepG2,chr11:108315926:T:C,0,3,-0.5210838317871094,modal,cuda,U2AF2:HepG2
BCLAF1,HepG2,chr11:108317421:G:T,1,3,2.645897150039673,modal,cuda,U2AF2:HepG2
BCLAF1,HepG2,chr11:108317432:T:G,1,3,2.4234111309051514,modal,cuda,U2AF2:HepG2
BCLAF1,HepG2,chr11:108317447:G:A,1,3,-2.013939380645752,modal,cuda,U2AF2:HepG2
BCLAF1,HepG2,chr11:108317474:C:A,1,3,3.824774980545044,modal,cuda,U2AF2:HepG2
BCLAF1,HepG2,chr11:108317485:G:A,1,3,1.878889799118042,modal,cuda,U2AF2:HepG2
BCLAF1,HepG2,chr11:108317496:C:T,1,3,0.7655014991760254,modal,cuda,U2AF2:HepG2
BCLAF1,HepG2,chr11:108317500:G:A,1,3,-1.6255388259887695,modal,cuda,U2AF2:HepG2
BCLAF1,HepG2,chr11:108317501:G:A,1,3,-0.4321274757385254,modal,cuda,U2AF2:HepG2
BCLAF1,HepG2,chr11:108317516:C:A,0,3,-0.8728642463684082,modal,cuda,U2AF2:HepG2
BCLAF1,HepG2,chr11:108317516:C:G,0,3,-1.2530877590179443,modal,cuda,U2AF2:HepG2
BCLAF1,HepG2,chr11:108320017:C:T,0,3,0.19655609130859375,modal,cuda,U2AF2:HepG2
BCLAF1,HepG2,chr11:108320039:G:T,1,3,-0.4073500633239746,modal,cuda,U2AF2:HepG2
BCLAF1,HepG2,chr11:108320059:G:C,1,3,0.5567436218261719,modal,cuda,U2AF2:HepG2
BCLAF1,HepG2,chr11:108320059:G:T,1,3,0.48366451263427734,modal,cuda,U2AF2:HepG2
BCLAF1,HepG2,chr11:108321304:A:C,0,3,1.3472418785095215,modal,cuda,U2AF2:HepG2
BCLAF1,HepG2,chr11:108321308:G:T,1,3,3.329457998275757,modal,cuda,U2AF2:HepG2
BCLAF1,HepG2,chr11:108321317:G:T,1,3,3.4796926975250244,modal,cuda,U2AF2:HepG2
BCLAF1,HepG2,chr11:108321326:A:T,1,3,1.8356597423553467,modal,cuda,U2AF2:HepG2
BCLAF1,HepG2,chr11:108321337:T:C,0,3,-0.5934229493141174,modal,cuda,U2AF2:HepG2
BCLAF1,HepG2,chr11:108321338:G:T,1,3,1.5815528631210327,modal,cuda,U2AF2:HepG2
BCLAF1,HepG2,chr11:108325388:T:C,0,3,0.9422050714492798,modal,cuda,U2AF2:HepG2
BCLAF1,HepG2,chr11:108325391:T:C,0,3,0.4726330041885376,modal,cuda,U2AF2:HepG2
BCLAF1,HepG2,chr11:108325395:C:T,1,3,-0.8002026081085205,modal,cuda,U2AF2:HepG2
BCLAF1,HepG2,chr11:108325397:G:A,0,3,4.856108665466309,modal,cuda,U2AF2:HepG2
BCLAF1,HepG2,chr11:108325398:G:T,1,3,2.050844430923462,modal,cuda,U2AF2:HepG2
BCLAF1,HepG2,chr11:108325421:A:C,0,3,-0.5114226341247559,modal,cuda,U2AF2:HepG2
BCLAF1,HepG2,chr11:108325433:G:A,0,3,1.0140762329101562,modal,cuda,U2AF2:HepG2
BCLAF1,HepG2,chr11:108325436:C:A,0,3,1.0666284561157227,modal,cuda,U2AF2:HepG2
BCLAF1,HepG2,chr11:108325443:G:T,1,3,1.4156590700149536,modal,cuda,U2AF2:HepG2
BCLAF1,HepG2,chr11:108325451:A:G,0,3,0.11658799648284912,modal,cuda,U2AF2:HepG2
BCLAF1,HepG2,chr11:108325462:C:A,1,3,-0.5203056335449219,modal,cuda,U2AF2:HepG2
BCLAF1,HepG2,chr11:108325517:A:C,0,3,-0.47753143310546875,modal,cuda,U2AF2:HepG2
BCLAF1,HepG2,chr11:108325524:A:C,0,3,-1.186202049255371,modal,cuda,U2AF2:HepG2
BCLAF1,HepG2,chr11:108325533:A:T,1,3,-0.5573606491088867,modal,cuda,U2AF2:HepG2
BCLAF1,HepG2,chr11:108325542:C:T,1,3,1.9299468994140625,modal,cuda,U2AF2:HepG2
BCLAF1,HepG2,chr11:108325544:G:A,1,3,3.6447293758392334,modal,cuda,U2AF2:HepG2
BCLAF1,HepG2,chr11:108326060:C:G,0,3,1.4361077547073364,modal,cuda,U2AF2:HepG2
BCLAF1,HepG2,chr11:108326079:C:T,1,3,-0.7768298387527466,modal,cuda,U2AF2:HepG2
BCLAF1,HepG2,chr11:108326085:A:T,1,3,-0.8482415080070496,modal,cuda,U2AF2:HepG2
BCLAF1,HepG2,chr11:108326088:C:T,1,3,1.3956431150436401,modal,cuda,U2AF2:HepG2
BCLAF1,HepG2,chr11:108326093:C:G,1,3,0.8481051921844482,modal,cuda,U2AF2:HepG2
BCLAF1,HepG2,chr11:108326118:G:T,1,3,-2.5591516494750977,modal,cuda,U2AF2:HepG2
BCLAF1,HepG2,chr11:108326124:C:T,1,3,-2.115056037902832,modal,cuda,U2AF2:HepG2
BCLAF1,HepG2,chr11:108326127:C:T,0,3,1.102306604385376,modal,cuda,U2AF2:HepG2
BCLAF1,HepG2,chr11:108326139:C:T,1,3,1.2774243354797363,modal,cuda,U2AF2:HepG2
BCLAF1,HepG2,chr11:108326150:G:A,1,3,0.8074483871459961,modal,cuda,U2AF2:HepG2
BCLAF1,HepG2,chr11:108326153:A:T,0,3,0.2264878749847412,modal,cuda,U2AF2:HepG2
BCLAF1,HepG2,chr11:108326154:A:T,1,3,0.9001989364624023,modal,cuda,U2AF2:HepG2
BCLAF1,HepG2,chr11:108326157:A:T,1,3,-1.825401782989502,modal,cuda,U2AF2:HepG2
BCLAF1,HepG2,chr11:108326163:C:T,1,3,1.8051495552062988,modal,cuda,U2AF2:HepG2
BCLAF1,HepG2,chr11:108326183:T:C,0,3,-0.2776484489440918,modal,cuda,U2AF2:HepG2
BCLAF1,HepG2,chr11:108326187:A:T,1,3,-1.2430601119995117,modal,cuda,U2AF2:HepG2
BCLAF1,HepG2,chr11:108326202:A:T,1,3,0.9281089305877686,modal,cuda,U2AF2:HepG2
BCLAF1,HepG2,chr11:108327643:A:C,1,3,2.8599421977996826,modal,cuda,U2AF2:HepG2
BCLAF1,HepG2,chr11:108327643:A:T,1,3,3.8858675956726074,modal,cuda,U2AF2:HepG2
BCLAF1,HepG2,chr11:108327644:G:A,1,3,5.017370223999023,modal,cuda,U2AF2:HepG2
BCLAF1,HepG2,chr11:108327650:T:C,0,3,-0.880378246307373,modal,cuda,U2AF2:HepG2
BCLAF1,HepG2,chr11:108327659:A:C,0,3,-0.8935036659240723,modal,cuda,U2AF2:HepG2
BCLAF1,HepG2,chr11:108327660:A:T,1,3,1.0736119747161865,modal,cuda,U2AF2:HepG2
BCLAF1,HepG2,chr11:108327664:T:C,0,3,-0.5747891664505005,modal,cuda,U2AF2:HepG2
BCLAF1,HepG2,chr11:108327671:C:A,1,3,1.1385276317596436,modal,cuda,U2AF2:HepG2
BCLAF1,HepG2,chr11:108327671:C:G,1,3,2.0123214721679688,modal,cuda,U2AF2:HepG2
BCLAF1,HepG2,chr11:108327680:T:A,1,3,-1.329848289489746,modal,cuda,U2AF2:HepG2
BCLAF1,HepG2,chr11:108327689:T:G,0,3,-0.5110697746276855,modal,cuda,U2AF2:HepG2
BCLAF1,HepG2,chr11:108327713:G:C,0,3,-0.4387063980102539,modal,cuda,U2AF2:HepG2
BCLAF1,HepG2,chr11:108327716:C:A,1,3,1.3545010089874268,modal,cuda,U2AF2:HepG2
BCLAF1,HepG2,chr11:108329171:C:T,1,3,-1.9896875619888306,modal,cuda,U2AF2:HepG2
BCLAF1,HepG2,chr11:108329191:C:T,0,3,-0.24874067306518555,modal,cuda,U2AF2:HepG2
BCLAF1,HepG2,chr11:108329198:G:T,1,3,-1.6929504871368408,modal,cuda,U2AF2:HepG2
BCLAF1,HepG2,chr11:108329202:T:G,1,3,-0.6003365516662598,modal,cuda,U2AF2:HepG2
BCLAF1,HepG2,chr11:108329228:C:T,1,3,-0.27495527267456055,modal,cuda,U2AF2:HepG2
BCLAF1,HepG2,chr11:108330224:A:T,1,3,-4.830231189727783,modal,cuda,U2AF2:HepG2
BCLAF1,HepG2,chr11:108330233:C:T,1,3,3.3054463863372803,modal,cuda,U2AF2:HepG2
BCLAF1,HepG2,chr11:108330242:G:T,1,3,3.1898279190063477,modal,cuda,U2AF2:HepG2
BCLAF1,HepG2,chr11:108330246:T:A,1,3,1.675140619277954,modal,cuda,U2AF2:HepG2
BCLAF1,HepG2,chr11:108330255:T:A,1,3,2.212069511413574,modal,cuda,U2AF2:HepG2
BCLAF1,HepG2,chr11:108330255:T:G,1,3,2.1298751831054688,modal,cuda,U2AF2:HepG2
BCLAF1,HepG2,chr11:108330259:C:A,0,3,-0.7522353529930115,modal,cuda,U2AF2:HepG2
BCLAF1,HepG2,chr11:108330265:T:A,0,3,0.39137792587280273,modal,cuda,U2AF2:HepG2
BCLAF1,HepG2,chr11:108330275:G:T,1,3,2.2043917179107666,modal,cuda,U2AF2:HepG2
BCLAF1,HepG2,chr11:108330286:A:G,0,3,0.38259220123291016,modal,cuda,U2AF2:HepG2
BCLAF1,HepG2,chr11:108330294:T:A,1,3,1.5108277797698975,modal,cuda,U2AF2:HepG2
BCLAF1,HepG2,chr11:108330299:A:T,1,3,-0.7791280746459961,modal,cuda,U2AF2:HepG2
BCLAF1,HepG2,chr11:108330316:T:A,1,3,1.224259376525879,modal,cuda,U2AF2:HepG2
BCLAF1,HepG2,chr11:108330319:C:T,0,3,-0.936145007610321,modal,cuda,U2AF2:HepG2
BCLAF1,HepG2,chr11:108330354:G:A,1,3,-1.7981247901916504,modal,cuda,U2AF2:HepG2
BCLAF1,HepG2,chr11:108330355:G:A,1,3,-1.2921817302703857,modal,cuda,U2AF2:HepG2
BCLAF1,HepG2,chr11:108330376:C:T,0,3,0.7684030532836914,modal,cuda,U2AF2:HepG2
BCLAF1,HepG2,chr11:108330401:G:T,1,3,3.343888998031616,modal,cuda,U2AF2:HepG2
BCLAF1,HepG2,chr11:108331470:T:A,1,3,-0.7986724376678467,modal,cuda,U2AF2:HepG2
BCLAF1,HepG2,chr11:108331470:T:G,1,3,1.9808489084243774,modal,cuda,U2AF2:HepG2
BCLAF1,HepG2,chr11:108331491:C:G,1,3,-1.2550207376480103,modal,cuda,U2AF2:HepG2
BCLAF1,HepG2,chr11:108331492:C:T,1,3,1.5362931489944458,modal,cuda,U2AF2:HepG2
BCLAF1,HepG2,chr11:108331506:A:G,0,3,-2.028679609298706,modal,cuda,U2AF2:HepG2
BCLAF1,HepG2,chr11:108331512:G:A,0,3,0.7433996200561523,modal,cuda,U2AF2:HepG2
BCLAF1,HepG2,chr11:108331534:G:T,1,3,-1.0731511116027832,modal,cuda,U2AF2:HepG2
BCLAF1,HepG2,chr11:108331543:G:T,1,3,1.8927032947540283,modal,cuda,U2AF2:HepG2
BCLAF1,HepG2,chr11:108331545:A:G,0,3,0.6478776931762695,modal,cuda,U2AF2:HepG2
BCLAF1,HepG2,chr11:108331877:A:C,1,3,1.7588543891906738,modal,cuda,U2AF2:HepG2
BCLAF1,HepG2,chr11:108331878:G:C,1,3,2.2880616188049316,modal,cuda,U2AF2:HepG2
BCLAF1,HepG2,chr11:108331895:C:A,1,3,-1.1030192375183105,modal,cuda,U2AF2:HepG2
BCLAF1,HepG2,chr11:108331919:T:A,1,3,0.8189585208892822,modal,cuda,U2AF2:HepG2
BCLAF1,HepG2,chr11:108331937:T:A,1,3,-0.5759496688842773,modal,cuda,U2AF2:HepG2
BCLAF1,HepG2,chr11:108331993:A:T,1,3,-0.8766498565673828,modal,cuda,U2AF2:HepG2
BCLAF1,HepG2,chr11:108331995:A:G,0,3,0.41187238693237305,modal,cuda,U2AF2:HepG2
BCLAF1,HepG2,chr11:108332017:C:T,1,3,0.6520276069641113,modal,cuda,U2AF2:HepG2
BCLAF1,HepG2,chr11:108332026:C:T,1,3,0.7320351600646973,modal,cuda,U2AF2:HepG2
BCLAF1,HepG2,chr11:108332747:G:T,0,3,0.9416546821594238,modal,cuda,U2AF2:HepG2
BCLAF1,HepG2,chr11:108332765:C:T,1,3,2.3645100593566895,modal,cuda,U2AF2:HepG2
BCLAF1,HepG2,chr11:108332776:T:C,0,3,-0.36401987075805664,modal,cuda,U2AF2:HepG2
BCLAF1,HepG2,chr11:108332779:A:C,0,3,0.35797423124313354,modal,cuda,U2AF2:HepG2
BCLAF1,HepG2,chr11:108332824:C:T,0,3,0.4909982681274414,modal,cuda,U2AF2:HepG2
BCLAF1,HepG2,chr11:108332848:T:G,1,3,4.216825008392334,modal,cuda,U2AF2:HepG2
BCLAF1,HepG2,chr11:108332849:G:C,1,3,-1.2262630462646484,modal,cuda,U2AF2:HepG2
BCLAF1,HepG2,chr11:108332854:T:G,1,3,2.826982021331787,modal,cuda,U2AF2:HepG2
BCLAF1,HepG2,chr11:108332857:T:C,0,3,1.662168025970459,modal,cuda,U2AF2:HepG2
BCLAF1,HepG2,chr11:108332878:C:G,0,3,-1.845686435699463,modal,cuda,U2AF2:HepG2
BCLAF1,HepG2,chr11:108332888:A:T,1,3,4.052691459655762,modal,cuda,U2AF2:HepG2
BCLAF1,HepG2,chr11:108333909:C:T,1,3,4.486657619476318,modal,cuda,U2AF2:HepG2
BCLAF1,HepG2,chr11:108333921:A:T,1,3,1.6077828407287598,modal,cuda,U2AF2:HepG2
BCLAF1,HepG2,chr11:108333927:A:T,1,3,3.417522430419922,modal,cuda,U2AF2:HepG2
BCLAF1,HepG2,chr11:108333934:T:A,1,3,1.2724437713623047,modal,cuda,U2AF2:HepG2
BCLAF1,HepG2,chr11:108333934:T:G,1,3,1.6516456604003906,modal,cuda,U2AF2:HepG2
BCLAF1,HepG2,chr11:108333936:G:T,1,3,1.2296242713928223,modal,cuda,U2AF2:HepG2
BCLAF1,HepG2,chr11:108333960:G:T,1,3,1.7080602645874023,modal,cuda,U2AF2:HepG2
BCLAF1,HepG2,chr11:108333966:A:T,1,3,2.3691229820251465,modal,cuda,U2AF2:HepG2
BCLAF1,HepG2,chr11:108334948:T:G,0,3,1.1690666675567627,modal,cuda,U2AF2:HepG2
BCLAF1,HepG2,chr11:108334967:A:C,1,3,8.120864868164062,modal,cuda,U2AF2:HepG2
BCLAF1,HepG2,chr11:108334968:G:T,1,3,7.120406150817871,modal,cuda,U2AF2:HepG2
BCLAF1,HepG2,chr11:108334984:G:T,1,3,1.6659214496612549,modal,cuda,U2AF2:HepG2
BCLAF1,HepG2,chr11:108334990:G:T,1,3,4.344355583190918,modal,cuda,U2AF2:HepG2
BCLAF1,HepG2,chr11:108334992:A:C,0,3,-0.5045375823974609,modal,cuda,U2AF2:HepG2
BCLAF1,HepG2,chr11:108335001:G:A,0,3,-0.7203660011291504,modal,cuda,U2AF2:HepG2
BCLAF1,HepG2,chr11:108335003:C:G,1,3,-1.4360313415527344,modal,cuda,U2AF2:HepG2
BCLAF1,HepG2,chr11:108335008:C:T,1,3,2.704296588897705,modal,cuda,U2AF2:HepG2
BCLAF1,HepG2,chr11:108335031:C:T,0,3,-0.9258201122283936,modal,cuda,U2AF2:HepG2
BCLAF1,HepG2,chr11:108335037:A:G,0,3,-1.7139301300048828,modal,cuda,U2AF2:HepG2
BCLAF1,HepG2,chr11:108335038:G:T,1,3,-1.6405420303344727,modal,cuda,U2AF2:HepG2
BCLAF1,HepG2,chr11:108335051:T:G,1,3,1.4674103260040283,modal,cuda,U2AF2:HepG2
BCLAF1,HepG2,chr11:108335056:A:T,1,3,-1.2824759483337402,modal,cuda,U2AF2:HepG2
BCLAF1,HepG2,chr11:108335064:A:C,0,3,-3.875605821609497,modal,cuda,U2AF2:HepG2
BCLAF1,HepG2,chr11:108335082:T:A,1,3,0.4516606330871582,modal,cuda,U2AF2:HepG2
BCLAF1,HepG2,chr11:108335089:G:T,1,3,2.269286870956421,modal,cuda,U2AF2:HepG2
BCLAF1,HepG2,chr11:108335098:C:T,1,3,2.7947356700897217,modal,cuda,U2AF2:HepG2
BCLAF1,HepG2,chr11:108335843:A:C,1,3,1.7428655624389648,modal,cuda,U2AF2:HepG2
BCLAF1,HepG2,chr11:108335889:C:T,0,3,-0.3665304183959961,modal,cuda,U2AF2:HepG2
BCLAF1,HepG2,chr11:108335890:C:T,1,3,1.4912168979644775,modal,cuda,U2AF2:HepG2
BCLAF1,HepG2,chr11:108335911:C:T,1,3,1.819749116897583,modal,cuda,U2AF2:HepG2
BCLAF1,HepG2,chr11:108335916:A:G,0,3,-1.174190640449524,modal,cuda,U2AF2:HepG2
BCLAF1,HepG2,chr11:108343233:C:G,0,3,1.8437649011611938,modal,cuda,U2AF2:HepG2
BCLAF1,HepG2,chr11:108343237:C:T,1,3,-2.173657178878784,modal,cuda,U2AF2:HepG2
BCLAF1,HepG2,chr11:108343239:G:A,0,3,3.7963242530822754,modal,cuda,U2AF2:HepG2
BCLAF1,HepG2,chr11:108343240:C:T,1,3,1.569507122039795,modal,cuda,U2AF2:HepG2
BCLAF1,HepG2,chr11:108343255:G:T,1,3,-3.379487991333008,modal,cuda,U2AF2:HepG2
BCLAF1,HepG2,chr11:108343259:G:A,1,3,-4.330042362213135,modal,cuda,U2AF2:HepG2
BCLAF1,HepG2,chr11:108343260:G:A,1,3,-1.6826601028442383,modal,cuda,U2AF2:HepG2
BCLAF1,HepG2,chr11:108345796:C:A,1,3,-0.8932163119316101,modal,cuda,U2AF2:HepG2
BCLAF1,HepG2,chr11:108345797:C:T,1,3,-1.827702283859253,modal,cuda,U2AF2:HepG2
BCLAF1,HepG2,chr11:108345806:C:T,1,3,-2.705796957015991,modal,cuda,U2AF2:HepG2
BCLAF1,HepG2,chr11:108345819:G:T,1,3,-1.1444602012634277,modal,cuda,U2AF2:HepG2
BCLAF1,HepG2,chr11:108345823:C:A,1,3,-2.0562822818756104,modal,cuda,U2AF2:HepG2
BCLAF1,HepG2,chr11:108345823:C:G,1,3,-1.2312839031219482,modal,cuda,U2AF2:HepG2
BCLAF1,HepG2,chr11:108345850:A:C,0,3,2.6914238929748535,modal,cuda,U2AF2:HepG2
BCLAF1,HepG2,chr11:108347277:A:C,1,3,1.0767240524291992,modal,cuda,U2AF2:HepG2
BCLAF1,HepG2,chr11:108347278:G:C,1,3,2.4871909618377686,modal,cuda,U2AF2:HepG2
BCLAF1,HepG2,chr11:108347286:C:A,1,3,-1.3188648223876953,modal,cuda,U2AF2:HepG2
BCLAF1,HepG2,chr11:108347286:C:G,1,3,0.7256264686584473,modal,cuda,U2AF2:HepG2
BCLAF1,HepG2,chr11:108347292:T:G,0,3,1.0506982803344727,modal,cuda,U2AF2:HepG2
BCLAF1,HepG2,chr11:108347295:A:T,0,3,-0.3670637607574463,modal,cuda,U2AF2:HepG2
BCLAF1,HepG2,chr11:108347314:C:T,1,3,1.8260146379470825,modal,cuda,U2AF2:HepG2
BCLAF1,HepG2,chr11:108347324:T:A,1,3,1.9962363243103027,modal,cuda,U2AF2:HepG2
BCLAF1,HepG2,chr11:108347332:G:T,1,3,2.277719020843506,modal,cuda,U2AF2:HepG2
BCLAF1,HepG2,chr11:108347339:C:G,1,3,1.392505168914795,modal,cuda,U2AF2:HepG2
BCLAF1,HepG2,chr11:108347358:A:T,0,3,-1.2832146883010864,modal,cuda,U2AF2:HepG2
BCLAF1,HepG2,chr11:108353777:G:T,1,3,-3.5012872219085693,modal,cuda,U2AF2:HepG2
BCLAF1,HepG2,chr11:108353780:C:T,1,3,-1.8591248989105225,modal,cuda,U2AF2:HepG2
BCLAF1,HepG2,chr11:108353785:C:G,0,3,-0.9124031066894531,modal,cuda,U2AF2:HepG2
BCLAF1,HepG2,chr11:108353785:C:T,0,3,-1.5283164978027344,modal,cuda,U2AF2:HepG2
BCLAF1,HepG2,chr11:108353791:C:A,0,3,-0.3834543228149414,modal,cuda,U2AF2:HepG2
BCLAF1,HepG2,chr11:108353797:T:G,0,3,1.160140872001648,modal,cuda,U2AF2:HepG2
BCLAF1,HepG2,chr11:108353803:T:G,0,3,1.5592868328094482,modal,cuda,U2AF2:HepG2
BCLAF1,HepG2,chr11:108353857:G:C,0,3,0.3419639468193054,modal,cuda,U2AF2:HepG2
BCLAF1,HepG2,chr11:108353879:A:T,1,3,0.5563182830810547,modal,cuda,U2AF2:HepG2
BCLAF1,HepG2,chr11:108353881:G:A,1,3,3.451704978942871,modal,cuda,U2AF2:HepG2
BCLAF1,HepG2,chr11:108353882:T:C,1,3,2.8484749794006348,modal,cuda,U2AF2:HepG2
BCLAF1,HepG2,chr11:108354818:G:T,1,3,2.0814380645751953,modal,cuda,U2AF2:HepG2
BCLAF1,HepG2,chr11:108354821:A:T,1,3,1.3859643936157227,modal,cuda,U2AF2:HepG2
BCLAF1,HepG2,chr11:108354848:C:T,1,3,1.7296290397644043,modal,cuda,U2AF2:HepG2
BCLAF1,HepG2,chr11:108354859:G:A,0,3,0.656137228012085,modal,cuda,U2AF2:HepG2
BCLAF1,HepG2,chr11:108365114:C:T,0,3,-0.3050479590892792,modal,cuda,U2AF2:HepG2
BCLAF1,HepG2,chr11:108365134:T:A,1,3,2.010100841522217,modal,cuda,U2AF2:HepG2
BCLAF1,HepG2,chr11:108365138:T:G,1,3,1.2446366548538208,modal,cuda,U2AF2:HepG2
BCLAF1,HepG2,chr11:108365145:C:T,1,3,1.8684256076812744,modal,cuda,U2AF2:HepG2
BCLAF1,HepG2,chr11:108365154:G:T,1,3,0.9266247749328613,modal,cuda,U2AF2:HepG2
BCLAF1,HepG2,chr11:108365196:C:T,1,3,1.1790040731430054,modal,cuda,U2AF2:HepG2
BCLAF1,HepG2,chr11:108365199:G:T,1,3,-1.1294641494750977,modal,cuda,U2AF2:HepG2
BCLAF1,HepG2,chr11:108365204:C:A,1,3,0.9883301258087158,modal,cuda,U2AF2:HepG2
BCLAF1,HepG2,chr11:108365208:C:T,1,3,0.8714662790298462,modal,cuda,U2AF2:HepG2
BCLAF1,HepG2,chr11:110237635:G:A,1,3,3.883028984069824,modal,cuda,U2AF2:HepG2
BCLAF1,HepG2,chr11:110257751:C:A,0,3,-0.38703250885009766,modal,cuda,U2AF2:HepG2
BCLAF1,HepG2,chr11:110258104:A:G,1,3,1.788334846496582,modal,cuda,U2AF2:HepG2
BCLAF1,HepG2,chr11:110264842:C:T,1,3,0.7817363739013672,modal,cuda,U2AF2:HepG2
BCLAF1,HepG2,chr11:111764842:C:T,1,3,-0.35213279724121094,modal,cuda,U2AF2:HepG2
BCLAF1,HepG2,chr11:111853677:C:T,1,3,-1.555631160736084,modal,cuda,U2AF2:HepG2
BCLAF1,HepG2,chr11:112028650:C:T,0,3,0.6528942584991455,modal,cuda,U2AF2:HepG2
BCLAF1,HepG2,chr11:115229275:G:A,0,3,0.41345691680908203,modal,cuda,U2AF2:HepG2
BCLAF1,HepG2,chr11:118491320:T:G,1,3,1.6144752502441406,modal,cuda,U2AF2:HepG2
BCLAF1,HepG2,chr11:118496399:A:T,0,3,-0.8596258163452148,modal,cuda,U2AF2:HepG2
BCLAF1,HepG2,chr11:118498085:T:C,0,3,2.0932345390319824,modal,cuda,U2AF2:HepG2
BCLAF1,HepG2,chr11:118597753:C:T,1,3,3.396883010864258,modal,cuda,U2AF2:HepG2
BCLAF1,HepG2,chr11:119015081:A:T,1,3,-1.2887663841247559,modal,cuda,U2AF2:HepG2
BCLAF1,HepG2,chr11:120431918:T:A,0,3,-0.4750649929046631,modal,cuda,U2AF2:HepG2
BCLAF1,HepG2,chr11:121612844:G:T,0,3,-1.568683385848999,modal,cuda,U2AF2:HepG2
BCLAF1,HepG2,chr11:12930169:C:T,0,3,0.3349494934082031,modal,cuda,U2AF2:HepG2
BCLAF1,HepG2,chr11:130122522:A:C,0,3,-2.9627785682678223,modal,cuda,U2AF2:HepG2
BCLAF1,HepG2,chr11:130140492:G:A,0,3,-0.3583662211894989,modal,cuda,U2AF2:HepG2
BCLAF1,HepG2,chr11:14830855:T:C,0,3,0.26385068893432617,modal,cuda,U2AF2:HepG2
BCLAF1,HepG2,chr11:14859255:T:C,0,3,-0.8824648857116699,modal,cuda,U2AF2:HepG2
BCLAF1,HepG2,chr11:17102841:A:C,0,3,1.0201430320739746,modal,cuda,U2AF2:HepG2
BCLAF1,HepG2,chr11:17168713:T:C,0,3,-0.7223649024963379,modal,cuda,U2AF2:HepG2
BCLAF1,HepG2,chr11:17168732:T:C,0,3,-1.2813425064086914,modal,cuda,U2AF2:HepG2
BCLAF1,HepG2,chr11:17168843:G:A,0,3,-1.3390135765075684,modal,cuda,U2AF2:HepG2
BCLAF1,HepG2,chr11:20044127:G:T,0,3,1.0458958148956299,modal,cuda,U2AF2:HepG2
BCLAF1,HepG2,chr11:2641110:A:G,0,3,-0.31600308418273926,modal,cuda,U2AF2:HepG2
BCLAF1,HepG2,chr11:26567044:A:G,0,3,0.17576932907104492,modal,cuda,U2AF2:HepG2
BCLAF1,HepG2,chr11:3039191:C:T,0,3,-1.067037582397461,modal,cuda,U2AF2:HepG2
BCLAF1,HepG2,chr11:3042264:G:A,0,3,-0.7720876932144165,modal,cuda,U2AF2:HepG2
BCLAF1,HepG2,chr11:34086238:G:A,0,3,-0.29781675338745117,modal,cuda,U2AF2:HepG2
BCLAF1,HepG2,chr11:34108810:T:C,0,3,-1.607786774635315,modal,cuda,U2AF2:HepG2
BCLAF1,HepG2,chr11:34960443:G:A,0,3,0.8439326882362366,modal,cuda,U2AF2:HepG2
BCLAF1,HepG2,chr11:34960519:G:A,1,3,0.534400463104248,modal,cuda,U2AF2:HepG2
BCLAF1,HepG2,chr11:34960522:T:C,0,3,0.38669729232788086,modal,cuda,U2AF2:HepG2
BCLAF1,HepG2,chr11:3778975:T:C,0,3,1.8654603958129883,modal,cuda,U2AF2:HepG2
BCLAF1,HepG2,chr11:45935682:C:T,0,3,1.947251558303833,modal,cuda,U2AF2:HepG2
BCLAF1,HepG2,chr11:45935700:G:T,1,3,1.079153299331665,modal,cuda,U2AF2:HepG2
BCLAF1,HepG2,chr11:47750906:C:T,0,3,0.4989502429962158,modal,cuda,U2AF2:HepG2
BCLAF1,HepG2,chr11:47798388:C:T,0,3,0.43089866638183594,modal,cuda,U2AF2:HepG2
BCLAF1,HepG2,chr11:47798468:C:T,0,3,0.19266033172607422,modal,cuda,U2AF2:HepG2
BCLAF1,HepG2,chr11:47812384:C:T,0,3,-0.5733284950256348,modal,cuda,U2AF2:HepG2
BCLAF1,HepG2,chr11:47812399:T:C,0,3,0.3971900939941406,modal,cuda,U2AF2:HepG2
BCLAF1,HepG2,chr11:47813040:G:A,0,3,-0.40468263626098633,modal,cuda,U2AF2:HepG2
BCLAF1,HepG2,chr11:47822082:C:T,1,3,1.6875061988830566,modal,cuda,U2AF2:HepG2
BCLAF1,HepG2,chr11:47835659:G:A,1,3,0.9807122945785522,modal,cuda,U2AF2:HepG2
BCLAF1,HepG2,chr11:47835701:T:C,0,3,-0.3642299771308899,modal,cuda,U2AF2:HepG2
BCLAF1,HepG2,chr11:57796519:C:T,0,3,0.8123865127563477,modal,cuda,U2AF2:HepG2
BCLAF1,HepG2,chr11:57801864:G:A,1,3,-3.5150575637817383,modal,cuda,U2AF2:HepG2
BCLAF1,HepG2,chr11:57801869:C:T,1,3,3.0173707008361816,modal,cuda,U2AF2:HepG2
BCLAF1,HepG2,chr11:57802166:C:T,0,3,1.5982918739318848,modal,cuda,U2AF2:HepG2
BCLAF1,HepG2,chr11:57804760:C:T,1,3,2.686673641204834,modal,cuda,U2AF2:HepG2
BCLAF1,HepG2,chr11:57806980:C:T,1,3,1.2721946239471436,modal,cuda,U2AF2:HepG2
BCLAF1,HepG2,chr11:57810152:C:T,1,3,1.8072476387023926,modal,cuda,U2AF2:HepG2
BCLAF1,HepG2,chr11:62520206:G:A,0,3,-0.6922414302825928,modal,cuda,U2AF2:HepG2
BCLAF1,HepG2,chr11:62522036:C:T,0,3,-0.22389459609985352,modal,cuda,U2AF2:HepG2
BCLAF1,HepG2,chr11:62526000:C:T,0,3,0.6016073226928711,modal,cuda,U2AF2:HepG2
BCLAF1,HepG2,chr11:62526008:A:G,0,3,-0.32827043533325195,modal,cuda,U2AF2:HepG2
BCLAF1,HepG2,chr11:62527040:A:G,0,3,1.8490920066833496,modal,cuda,U2AF2:HepG2
BCLAF1,HepG2,chr11:62527677:T:G,0,3,0.8725414276123047,modal,cuda,U2AF2:HepG2
BCLAF1,HepG2,chr11:62527799:A:C,0,3,-0.5547142028808594,modal,cuda,U2AF2:HepG2
BCLAF1,HepG2,chr11:62529526:C:T,0,3,2.9392776489257812,modal,cuda,U2AF2:HepG2
BCLAF1,HepG2,chr11:62529773:A:C,0,3,-0.44214773178100586,modal,cuda,U2AF2:HepG2
BCLAF1,HepG2,chr11:62529848:A:G,0,3,0.8288383483886719,modal,cuda,U2AF2:HepG2
BCLAF1,HepG2,chr11:62529927:G:C,0,3,-1.105464220046997,modal,cuda,U2AF2:HepG2
BCLAF1,HepG2,chr11:62529938:A:G,0,3,-0.429049015045166,modal,cuda,U2AF2:HepG2
BCLAF1,HepG2,chr11:62530602:C:G,0,3,0.7198147773742676,modal,cuda,U2AF2:HepG2
BCLAF1,HepG2,chr11:62531360:A:G,0,3,-0.24066829681396484,modal,cuda,U2AF2:HepG2
BCLAF1,HepG2,chr11:62532272:A:G,0,3,-0.4121992588043213,modal,cuda,U2AF2:HepG2
BCLAF1,HepG2,chr11:62707136:G:C,0,3,-1.674980640411377,modal,cuda,U2AF2:HepG2
BCLAF1,HepG2,chr11:67180094:C:T,1,3,1.8588063716888428,modal,cuda,U2AF2:HepG2
BCLAF1,HepG2,chr11:68044201:C:T,1,3,-1.4152159690856934,modal,cuda,U2AF2:HepG2
BCLAF1,HepG2,chr11:72018840:T:C,0,3,1.258251428604126,modal,cuda,U2AF2:HepG2
BCLAF1,HepG2,chr11:77179026:G:A,0,3,0.1763204038143158,modal,cuda,U2AF2:HepG2
BCLAF1,HepG2,chr11:78559588:A:T,1,3,-0.7185678482055664,modal,cuda,U2AF2:HepG2
BCLAF1,HepG2,chr11:78566227:G:A,1,3,-2.215949535369873,modal,cuda,U2AF2:HepG2
BCLAF1,HepG2,chr11:78566231:A:G,0,3,-0.7968039512634277,modal,cuda,U2AF2:HepG2
BCLAF1,HepG2,chr11:78568693:T:C,0,3,1.6343810558319092,modal,cuda,U2AF2:HepG2
BCLAF1,HepG2,chr11:78568698:T:C,0,3,-0.8900201320648193,modal,cuda,U2AF2:HepG2
BCLAF1,HepG2,chr11:78568744:T:G,0,3,-0.5252878665924072,modal,cuda,U2AF2:HepG2
BCLAF1,HepG2,chr11:78568755:A:T,0,3,3.1368887424468994,modal,cuda,U2AF2:HepG2
BCLAF1,HepG2,chr11:78568757:A:G,0,3,-1.1298192739486694,modal,cuda,U2AF2:HepG2
BCLAF1,HepG2,chr11:78571414:C:A,1,3,-4.153205871582031,modal,cuda,U2AF2:HepG2
BCLAF1,HepG2,chr11:85664513:G:A,0,3,-0.4751777648925781,modal,cuda,U2AF2:HepG2
BCLAF1,HepG2,chr11:86266075:G:A,0,3,0.25844335556030273,modal,cuda,U2AF2:HepG2
BCLAF1,HepG2,chr11:86266128:C:T,1,3,-1.6816365718841553,modal,cuda,U2AF2:HepG2
BCLAF1,HepG2,chr11:9165958:G:A,1,3,-2.30118989944458,modal,cuda,U2AF2:HepG2
BCLAF1,HepG2,chr11:9178842:G:A,0,3,0.8739888668060303,modal,cuda,U2AF2:HepG2
BCLAF1,HepG2,chr11:9179008:G:A,0,3,1.2208194732666016,modal,cuda,U2AF2:HepG2
BCLAF1,HepG2,chr11:9179071:C:T,0,3,0.8266817927360535,modal,cuda,U2AF2:HepG2
BCLAF1,HepG2,chr11:94445909:A:C,0,3,1.098976969718933,modal,cuda,U2AF2:HepG2
BCLAF1,HepG2,chr11:94456263:G:A,0,3,-1.1641488075256348,modal,cuda,U2AF2:HepG2
BCLAF1,HepG2,chr11:95813131:T:G,0,3,0.41832542419433594,modal,cuda,U2AF2:HepG2
BCLAF1,HepG2,chr11:95849665:C:G,0,3,0.5592951774597168,modal,cuda,U2AF2:HepG2
BCLAF1,HepG2,chr11:9842776:A:G,0,3,1.0424067974090576,modal,cuda,U2AF2:HepG2
BCLAF1,HepG2,chr11:9858406:C:T,0,3,0.6993545293807983,modal,cuda,U2AF2:HepG2
BCLAF1,HepG2,chr12:100283076:C:T,1,1,0.9921789169311523,modal,cuda,U2AF2:HepG2
BCLAF1,HepG2,chr12:100283145:C:T,1,1,0.46678900718688965,modal,cuda,U2AF2:HepG2
BCLAF1,HepG2,chr12:100510780:G:A,0,1,0.717825174331665,modal,cuda,U2AF2:HepG2
BCLAF1,HepG2,chr12:100532538:C:T,1,1,0.7150601148605347,modal,cuda,U2AF2:HepG2
BCLAF1,HepG2,chr12:100532559:C:T,1,1,1.2022360563278198,modal,cuda,U2AF2:HepG2
BCLAF1,HepG2,chr12:100532577:G:T,1,1,0.9171492457389832,modal,cuda,U2AF2:HepG2
BCLAF1,HepG2,chr12:102838988:C:T,0,1,0.4544534683227539,modal,cuda,U2AF2:HepG2
BCLAF1,HepG2,chr12:102840394:A:T,1,1,1.8825726509094238,modal,cuda,U2AF2:HepG2
BCLAF1,HepG2,chr12:102855080:C:T,0,1,-0.12447530031204224,modal,cuda,U2AF2:HepG2
BCLAF1,HepG2,chr12:102917066:C:A,1,1,0.45534658432006836,modal,cuda,U2AF2:HepG2
BCLAF1,HepG2,chr12:102917066:C:G,1,1,0.5714235305786133,modal,cuda,U2AF2:HepG2
BCLAF1,HepG2,chr12:108568930:G:A,0,1,0.42785072326660156,modal,cuda,U2AF2:HepG2
BCLAF1,HepG2,chr12:110129066:T:A,1,1,0.33502936363220215,modal,cuda,U2AF2:HepG2
BCLAF1,HepG2,chr12:110129102:A:G,0,1,1.0876777172088623,modal,cuda,U2AF2:HepG2
BCLAF1,HepG2,chr12:110292002:G:A,0,1,0.19941306114196777,modal,cuda,U2AF2:HepG2
BCLAF1,HepG2,chr12:110339273:C:G,0,1,0.8842440843582153,modal,cuda,U2AF2:HepG2
BCLAF1,HepG2,chr12:1110209:T:A,0,1,-0.3034557104110718,modal,cuda,U2AF2:HepG2
BCLAF1,HepG2,chr12:1112269:A:G,0,1,-0.42540425062179565,modal,cuda,U2AF2:HepG2
BCLAF1,HepG2,chr12:1115991:C:T,0,1,0.2574429512023926,modal,cuda,U2AF2:HepG2
BCLAF1,HepG2,chr12:112450529:T:G,0,1,-1.0772325992584229,modal,cuda,U2AF2:HepG2
BCLAF1,HepG2,chr12:112450541:C:G,0,1,-1.326432228088379,modal,cuda,U2AF2:HepG2
BCLAF1,HepG2,chr12:112478025:A:G,0,1,-0.38779884576797485,modal,cuda,U2AF2:HepG2
BCLAF1,HepG2,chr12:1181934:A:G,0,1,-0.3469235897064209,modal,cuda,U2AF2:HepG2
BCLAF1,HepG2,chr12:119752254:C:G,0,1,0.32529354095458984,modal,cuda,U2AF2:HepG2
BCLAF1,HepG2,chr12:120138423:G:C,0,1,1.0709786415100098,modal,cuda,U2AF2:HepG2
BCLAF1,HepG2,chr12:12147390:G:A,1,1,1.0326471328735352,modal,cuda,U2AF2:HepG2
BCLAF1,HepG2,chr12:12147466:A:G,0,1,-0.6341040134429932,modal,cuda,U2AF2:HepG2
BCLAF1,HepG2,chr12:12159952:C:T,1,1,1.3602163791656494,modal,cuda,U2AF2:HepG2
BCLAF1,HepG2,chr12:12162182:A:C,0,1,0.9867517948150635,modal,cuda,U2AF2:HepG2
BCLAF1,HepG2,chr12:12165192:C:T,1,1,0.523444652557373,modal,cuda,U2AF2:HepG2
BCLAF1,HepG2,chr12:12179858:A:G,0,1,-0.9356693625450134,modal,cuda,U2AF2:HepG2
BCLAF1,HepG2,chr12:12179938:G:A,1,1,1.8907748460769653,modal,cuda,U2AF2:HepG2
BCLAF1,HepG2,chr12:12179987:G:C,0,1,0.4692564010620117,modal,cuda,U2AF2:HepG2
BCLAF1,HepG2,chr12:12187043:A:G,1,1,-0.6367580890655518,modal,cuda,U2AF2:HepG2
BCLAF1,HepG2,chr12:123327582:G:A,0,1,0.45519304275512695,modal,cuda,U2AF2:HepG2
BCLAF1,HepG2,chr12:130808702:T:C,0,1,1.0176010131835938,modal,cuda,U2AF2:HepG2
BCLAF1,HepG2,chr12:130873046:C:T,0,1,0.630266010761261,modal,cuda,U2AF2:HepG2
BCLAF1,HepG2,chr12:131979801:G:A,0,1,0.4014403820037842,modal,cuda,U2AF2:HepG2
BCLAF1,HepG2,chr12:132632296:C:T,0,1,0.21953153610229492,modal,cuda,U2AF2:HepG2
BCLAF1,HepG2,chr12:132632300:C:T,0,1,-0.12042742967605591,modal,cuda,U2AF2:HepG2
BCLAF1,HepG2,chr12:132741392:G:A,0,1,0.14578509330749512,modal,cuda,U2AF2:HepG2
BCLAF1,HepG2,chr12:132807172:G:A,0,1,0.28395843505859375,modal,cuda,U2AF2:HepG2
BCLAF1,HepG2,chr12:14434364:A:G,0,1,0.38498711585998535,modal,cuda,U2AF2:HepG2
BCLAF1,HepG2,chr12:14434367:A:G,0,1,0.7854494452476501,modal,cuda,U2AF2:HepG2
BCLAF1,HepG2,chr12:1792859:C:T,0,1,0.492809534072876,modal,cuda,U2AF2:HepG2
BCLAF1,HepG2,chr12:1792998:C:T,0,1,0.265444278717041,modal,cuda,U2AF2:HepG2
BCLAF1,HepG2,chr12:19274579:A:G,0,1,-1.5973246097564697,modal,cuda,U2AF2:HepG2
BCLAF1,HepG2,chr12:23845954:T:C,0,1,-0.20871925354003906,modal,cuda,U2AF2:HepG2
BCLAF1,HepG2,chr12:24818032:G:A,0,1,0.9917054176330566,modal,cuda,U2AF2:HepG2
BCLAF1,HepG2,chr12:26481127:C:T,0,1,-1.2167837619781494,modal,cuda,U2AF2:HepG2
BCLAF1,HepG2,chr12:26550237:A:T,0,1,0.23717689514160156,modal,cuda,U2AF2:HepG2
BCLAF1,HepG2,chr12:26599964:C:T,0,1,0.18052315711975098,modal,cuda,U2AF2:HepG2
BCLAF1,HepG2,chr12:27647774:C:T,1,1,2.832348585128784,modal,cuda,U2AF2:HepG2
BCLAF1,HepG2,chr12:27755435:A:G,0,1,-0.46135663986206055,modal,cuda,U2AF2:HepG2
BCLAF1,HepG2,chr12:28306836:A:G,0,1,-0.9691476821899414,modal,cuda,U2AF2:HepG2
BCLAF1,HepG2,chr12:30665215:C:T,1,1,1.7983100414276123,modal,cuda,U2AF2:HepG2
BCLAF1,HepG2,chr12:30713872:A:G,0,1,-1.6974101066589355,modal,cuda,U2AF2:HepG2
BCLAF1,HepG2,chr12:30715074:C:T,0,1,0.9796769618988037,modal,cuda,U2AF2:HepG2
BCLAF1,HepG2,chr12:30731402:A:G,0,1,-0.5937420129776001,modal,cuda,U2AF2:HepG2
BCLAF1,HepG2,chr12:323593:T:C,0,1,-0.9082786440849304,modal,cuda,U2AF2:HepG2
BCLAF1,HepG2,chr12:32582302:C:G,0,1,-0.4333498477935791,modal,cuda,U2AF2:HepG2
BCLAF1,HepG2,chr12:32582302:C:T,0,1,-0.36472487449645996,modal,cuda,U2AF2:HepG2
BCLAF1,HepG2,chr12:32582450:C:T,1,1,0.3776726722717285,modal,cuda,U2AF2:HepG2
BCLAF1,HepG2,chr12:32601410:C:T,1,1,1.0741078853607178,modal,cuda,U2AF2:HepG2
BCLAF1,HepG2,chr12:32601433:G:T,0,1,0.6317074298858643,modal,cuda,U2AF2:HepG2
BCLAF1,HepG2,chr12:32602217:T:G,1,1,-0.7496785521507263,modal,cuda,U2AF2:HepG2
BCLAF1,HepG2,chr12:32602325:G:A,0,1,-0.36882245540618896,modal,cuda,U2AF2:HepG2
BCLAF1,HepG2,chr12:32625647:T:C,0,1,-0.45774340629577637,modal,cuda,U2AF2:HepG2
BCLAF1,HepG2,chr12:32701427:A:G,1,1,0.8370798826217651,modal,cuda,U2AF2:HepG2
BCLAF1,HepG2,chr12:32701432:A:C,0,1,-1.5163464546203613,modal,cuda,U2AF2:HepG2
BCLAF1,HepG2,chr12:32708177:C:T,1,1,1.82011878490448,modal,cuda,U2AF2:HepG2
BCLAF1,HepG2,chr12:32713251:A:T,1,1,2.9511055946350098,modal,cuda,U2AF2:HepG2
BCLAF1,HepG2,chr12:32713327:C:A,1,1,-0.6576876640319824,modal,cuda,U2AF2:HepG2
BCLAF1,HepG2,chr12:32722643:A:G,0,1,0.892991304397583,modal,cuda,U2AF2:HepG2
BCLAF1,HepG2,chr12:39333207:T:A,0,1,-0.17374420166015625,modal,cuda,U2AF2:HepG2
BCLAF1,HepG2,chr12:39341637:G:A,0,1,0.36078476905822754,modal,cuda,U2AF2:HepG2
BCLAF1,HepG2,chr12:45302107:C:T,0,1,0.27490711212158203,modal,cuda,U2AF2:HepG2
BCLAF1,HepG2,chr12:45367669:T:C,0,1,-0.28771328926086426,modal,cuda,U2AF2:HepG2
BCLAF1,HepG2,chr12:49047944:C:A,0,1,0.8088440895080566,modal,cuda,U2AF2:HepG2
BCLAF1,HepG2,chr12:49053096:C:A,0,1,0.6530189514160156,modal,cuda,U2AF2:HepG2
BCLAF1,HepG2,chr12:49484628:G:A,0,1,0.5507316589355469,modal,cuda,U2AF2:HepG2
BCLAF1,HepG2,chr12:50999214:C:A,1,1,-1.1410651206970215,modal,cuda,U2AF2:HepG2
BCLAF1,HepG2,chr12:50999224:C:T,0,1,0.4545482397079468,modal,cuda,U2AF2:HepG2
BCLAF1,HepG2,chr12:54283877:T:C,1,1,-0.29692351818084717,modal,cuda,U2AF2:HepG2
BCLAF1,HepG2,chr12:54283877:T:G,1,1,-1.3588875532150269,modal,cuda,U2AF2:HepG2
BCLAF1,HepG2,chr12:54283901:T:C,1,1,-0.7297217845916748,modal,cuda,U2AF2:HepG2
BCLAF1,HepG2,chr12:56355703:C:G,1,1,-0.28268980979919434,modal,cuda,U2AF2:HepG2
BCLAF1,HepG2,chr12:57718406:A:G,0,1,-0.803436279296875,modal,cuda,U2AF2:HepG2
BCLAF1,HepG2,chr12:62302818:C:T,0,1,-0.2187197208404541,modal,cuda,U2AF2:HepG2
BCLAF1,HepG2,chr12:6591833:C:A,0,1,-1.2212061882019043,modal,cuda,U2AF2:HepG2
BCLAF1,HepG2,chr12:68689025:G:A,0,1,0.5334928035736084,modal,cuda,U2AF2:HepG2
BCLAF1,HepG2,chr12:68713999:G:C,0,1,3.105691432952881,modal,cuda,U2AF2:HepG2
BCLAF1,HepG2,chr12:68731733:G:T,0,1,0.6528623104095459,modal,cuda,U2AF2:HepG2
BCLAF1,HepG2,chr12:68731734:G:T,0,1,0.37767767906188965,modal,cuda,U2AF2:HepG2
BCLAF1,HepG2,chr12:68734687:T:C,0,1,0.2403726577758789,modal,cuda,U2AF2:HepG2
BCLAF1,HepG2,chr12:68828854:C:T,0,1,-0.7354538440704346,modal,cuda,U2AF2:HepG2
BCLAF1,HepG2,chr12:68836764:A:T,0,1,-0.7935702800750732,modal,cuda,U2AF2:HepG2
BCLAF1,HepG2,chr12:6974359:A:C,0,1,-0.5017366409301758,modal,cuda,U2AF2:HepG2
BCLAF1,HepG2,chr12:6974427:A:G,1,1,-0.27765440940856934,modal,cuda,U2AF2:HepG2
BCLAF1,HepG2,chr12:70338488:A:T,1,1,0.6490487456321716,modal,cuda,U2AF2:HepG2
BCLAF1,HepG2,chr12:71577986:C:G,0,1,-0.8473718166351318,modal,cuda,U2AF2:HepG2
BCLAF1,HepG2,chr12:71578805:G:A,0,1,-0.6199801564216614,modal,cuda,U2AF2:HepG2
BCLAF1,HepG2,chr12:71578813:G:T,0,1,1.2917513847351074,modal,cuda,U2AF2:HepG2
BCLAF1,HepG2,chr12:71634147:A:C,0,1,0.4985017776489258,modal,cuda,U2AF2:HepG2
BCLAF1,HepG2,chr12:79793941:T:G,0,1,-0.5547038912773132,modal,cuda,U2AF2:HepG2
BCLAF1,HepG2,chr12:88049360:C:A,1,1,-3.013190269470215,modal,cuda,U2AF2:HepG2
BCLAF1,HepG2,chr12:883063:C:T,0,1,-0.6409816741943359,modal,cuda,U2AF2:HepG2
BCLAF1,HepG2,chr12:89591132:G:A,0,1,0.5623055696487427,modal,cuda,U2AF2:HepG2
BCLAF1,HepG2,chr12:89616944:G:T,1,1,-0.791767418384552,modal,cuda,U2AF2:HepG2
BCLAF1,HepG2,chr12:89627708:G:A,1,1,0.9427592754364014,modal,cuda,U2AF2:HepG2
BCLAF1,HepG2,chr12:89635099:G:A,1,1,0.4799509048461914,modal,cuda,U2AF2:HepG2
BCLAF1,HepG2,chr12:94220010:G:A,0,1,-1.0326744318008423,modal,cuda,U2AF2:HepG2
BCLAF1,HepG2,chr12:94375909:C:A,1,1,1.8731510639190674,modal,cuda,U2AF2:HepG2
BCLAF1,HepG2,chr12:94378949:G:A,1,1,1.776371955871582,modal,cuda,U2AF2:HepG2
BCLAF1,HepG2,chr12:94378966:C:T,0,1,0.5940243005752563,modal,cuda,U2AF2:HepG2
BCLAF1,HepG2,chr12:94400900:C:A,1,1,3.9209160804748535,modal,cuda,U2AF2:HepG2
BCLAF1,HepG2,chr12:94403220:G:A,1,1,2.3548877239227295,modal,cuda,U2AF2:HepG2
BCLAF1,HepG2,chr12:94403241:C:A,1,1,3.5075979232788086,modal,cuda,U2AF2:HepG2
BCLAF1,HepG2,chr13:100112045:A:G,1,0,0.30445194244384766,modal,cuda,U2AF2:HepG2
BCLAF1,HepG2,chr13:100157303:G:T,1,0,-1.3090773820877075,modal,cuda,U2AF2:HepG2
BCLAF1,HepG2,chr13:100209411:T:G,1,0,-0.3696742057800293,modal,cuda,U2AF2:HepG2
BCLAF1,HepG2,chr13:100209419:A:T,1,0,0.42072153091430664,modal,cuda,U2AF2:HepG2
BCLAF1,HepG2,chr13:100268731:A:T,1,0,-1.2170581817626953,modal,cuda,U2AF2:HepG2
BCLAF1,HepG2,chr13:100268741:C:G,1,0,1.5896058082580566,modal,cuda,U2AF2:HepG2
BCLAF1,HepG2,chr13:100273218:C:T,1,0,1.8533121347427368,modal,cuda,U2AF2:HepG2
BCLAF1,HepG2,chr13:100273236:C:T,1,0,2.0710971355438232,modal,cuda,U2AF2:HepG2
BCLAF1,HepG2,chr13:100273240:C:A,1,0,-0.4292915463447571,modal,cuda,U2AF2:HepG2
BCLAF1,HepG2,chr13:102604820:G:A,0,0,-0.4759877324104309,modal,cuda,U2AF2:HepG2
BCLAF1,HepG2,chr13:102618856:G:A,0,0,-0.6965710520744324,modal,cuda,U2AF2:HepG2
BCLAF1,HepG2,chr13:102623036:T:C,0,0,-0.8985748291015625,modal,cuda,U2AF2:HepG2
BCLAF1,HepG2,chr13:102636248:G:A,0,0,-0.43781450390815735,modal,cuda,U2AF2:HepG2
BCLAF1,HepG2,chr13:102647279:C:T,1,0,-3.3456249237060547,modal,cuda,U2AF2:HepG2
BCLAF1,HepG2,chr13:102647335:T:G,1,0,0.5986394882202148,modal,cuda,U2AF2:HepG2
BCLAF1,HepG2,chr13:112833033:G:A,0,0,0.43782663345336914,modal,cuda,U2AF2:HepG2
BCLAF1,HepG2,chr13:113116822:C:T,1,0,0.4401199519634247,modal,cuda,U2AF2:HepG2
BCLAF1,HepG2,chr13:113116828:C:T,1,0,0.6880574226379395,modal,cuda,U2AF2:HepG2
BCLAF1,HepG2,chr13:113190934:C:A,0,0,-0.650054931640625,modal,cuda,U2AF2:HepG2
BCLAF1,HepG2,chr13:19993348:A:G,0,0,0.11614418029785156,modal,cuda,U2AF2:HepG2
BCLAF1,HepG2,chr13:19993463:C:T,1,0,-0.6888911724090576,modal,cuda,U2AF2:HepG2
BCLAF1,HepG2,chr13:19993493:C:T,1,0,0.3382115364074707,modal,cuda,U2AF2:HepG2
BCLAF1,HepG2,chr13:19993641:T:G,1,0,1.3525094985961914,modal,cuda,U2AF2:HepG2
BCLAF1,HepG2,chr13:20005113:G:A,0,0,-0.9153141975402832,modal,cuda,U2AF2:HepG2
BCLAF1,HepG2,chr13:20005173:C:T,0,0,-0.8106116652488708,modal,cuda,U2AF2:HepG2
BCLAF1,HepG2,chr13:20006442:T:G,1,0,-0.4759097099304199,modal,cuda,U2AF2:HepG2
BCLAF1,HepG2,chr13:20019580:C:T,1,0,0.6117222309112549,modal,cuda,U2AF2:HepG2
BCLAF1,HepG2,chr13:20026675:C:T,1,0,-1.281116008758545,modal,cuda,U2AF2:HepG2
BCLAF1,HepG2,chr13:20026715:C:G,1,0,0.33160486817359924,modal,cuda,U2AF2:HepG2
BCLAF1,HepG2,chr13:20026757:C:G,1,0,-0.34784770011901855,modal,cuda,U2AF2:HepG2
BCLAF1,HepG2,chr13:20034266:C:T,1,0,1.5628842115402222,modal,cuda,U2AF2:HepG2
BCLAF1,HepG2,chr13:20034325:T:C,0,0,-0.5488667488098145,modal,cuda,U2AF2:HepG2
BCLAF1,HepG2,chr13:20059523:C:G,1,0,0.9728357791900635,modal,cuda,U2AF2:HepG2
BCLAF1,HepG2,chr13:20061170:A:G,0,0,-3.3575072288513184,modal,cuda,U2AF2:HepG2
BCLAF1,HepG2,chr13:20596997:G:C,0,0,0.5084719657897949,modal,cuda,U2AF2:HepG2
BCLAF1,HepG2,chr13:20598669:A:G,0,0,-0.8817257881164551,modal,cuda,U2AF2:HepG2
BCLAF1,HepG2,chr13:20598768:T:C,0,0,0.49986934661865234,modal,cuda,U2AF2:HepG2
BCLAF1,HepG2,chr13:20601932:G:A,0,0,-0.17446422576904297,modal,cuda,U2AF2:HepG2
BCLAF1,HepG2,chr13:20615801:T:A,0,0,0.35600951313972473,modal,cuda,U2AF2:HepG2
BCLAF1,HepG2,chr13:20615802:G:A,0,0,0.54097580909729,modal,cuda,U2AF2:HepG2
BCLAF1,HepG2,chr13:20615814:T:C,0,0,-0.2822074890136719,modal,cuda,U2AF2:HepG2
BCLAF1,HepG2,chr13:20615891:A:G,0,0,0.12172079086303711,modal,cuda,U2AF2:HepG2
BCLAF1,HepG2,chr13:20625734:A:G,0,0,-0.41787707805633545,modal,cuda,U2AF2:HepG2
BCLAF1,HepG2,chr13:20625763:G:T,0,0,-0.514582633972168,modal,cuda,U2AF2:HepG2
BCLAF1,HepG2,chr13:20643565:G:A,0,0,1.3529646396636963,modal,cuda,U2AF2:HepG2
BCLAF1,HepG2,chr13:23365209:G:C,1,0,-4.179286956787109,modal,cuda,U2AF2:HepG2
BCLAF1,HepG2,chr13:24906906:G:A,1,0,-0.42237138748168945,modal,cuda,U2AF2:HepG2
BCLAF1,HepG2,chr13:32184697:A:G,0,0,0.5880303382873535,modal,cuda,U2AF2:HepG2
BCLAF1,HepG2,chr13:32354928:A:T,1,0,0.6442794799804688,modal,cuda,U2AF2:HepG2
BCLAF1,HepG2,chr13:32354942:T:A,1,0,1.050279140472412,modal,cuda,U2AF2:HepG2
BCLAF1,HepG2,chr13:32354986:C:A,1,0,2.3166401386260986,modal,cuda,U2AF2:HepG2
BCLAF1,HepG2,chr13:32355018:A:T,1,0,-1.614694356918335,modal,cuda,U2AF2:HepG2
BCLAF1,HepG2,chr13:36326559:A:G,0,0,1.0710608959197998,modal,cuda,U2AF2:HepG2
BCLAF1,HepG2,chr13:39680037:G:A,1,0,-1.2072248458862305,modal,cuda,U2AF2:HepG2
BCLAF1,HepG2,chr13:39689842:T:C,0,0,0.24126148223876953,modal,cuda,U2AF2:HepG2
BCLAF1,HepG2,chr13:39723394:G:T,1,0,0.5773121118545532,modal,cuda,U2AF2:HepG2
BCLAF1,HepG2,chr13:39723420:C:T,1,0,0.5375344753265381,modal,cuda,U2AF2:HepG2
BCLAF1,HepG2,chr13:47988873:G:A,0,0,-1.4258182048797607,modal,cuda,U2AF2:HepG2
BCLAF1,HepG2,chr13:48077193:A:T,0,0,-0.34798192977905273,modal,cuda,U2AF2:HepG2
BCLAF1,HepG2,chr13:48342717:A:T,1,0,1.5523821115493774,modal,cuda,U2AF2:HepG2
BCLAF1,HepG2,chr13:48345222:T:G,0,0,1.4344556331634521,modal,cuda,U2AF2:HepG2
BCLAF1,HepG2,chr13:48360005:T:G,1,0,1.493356704711914,modal,cuda,U2AF2:HepG2
BCLAF1,HepG2,chr13:48362806:C:G,1,0,0.9813294410705566,modal,cuda,U2AF2:HepG2
BCLAF1,HepG2,chr13:48412896:A:G,0,0,-0.26586437225341797,modal,cuda,U2AF2:HepG2
BCLAF1,HepG2,chr13:49131203:A:G,0,0,1.6420700550079346,modal,cuda,U2AF2:HepG2
BCLAF1,HepG2,chr13:49145783:C:T,0,0,0.4480607509613037,modal,cuda,U2AF2:HepG2
BCLAF1,HepG2,chr13:49482767:A:T,0,0,-0.16153907775878906,modal,cuda,U2AF2:HepG2
BCLAF1,HepG2,chr13:49482790:G:A,0,0,0.41696977615356445,modal,cuda,U2AF2:HepG2
BCLAF1,HepG2,chr13:51430313:G:A,1,0,0.5880880355834961,modal,cuda,U2AF2:HepG2
BCLAF1,HepG2,chr13:51949661:C:T,1,0,0.889397382736206,modal,cuda,U2AF2:HepG2
BCLAF1,HepG2,chr13:51949672:C:T,0,0,0.48762571811676025,modal,cuda,U2AF2:HepG2
BCLAF1,HepG2,chr13:51949676:G:A,1,0,-0.85540771484375,modal,cuda,U2AF2:HepG2
BCLAF1,HepG2,chr13:51949700:C:T,1,0,0.6908445358276367,modal,cuda,U2AF2:HepG2
BCLAF1,HepG2,chr13:51949720:A:T,1,0,-0.7174004316329956,modal,cuda,U2AF2:HepG2
BCLAF1,HepG2,chr13:51949732:G:C,1,0,0.6164107322692871,modal,cuda,U2AF2:HepG2
BCLAF1,HepG2,chr13:51949732:G:T,1,0,0.46250057220458984,modal,cuda,U2AF2:HepG2
BCLAF1,HepG2,chr13:51949797:C:T,1,0,3.6215322017669678,modal,cuda,U2AF2:HepG2
BCLAF1,HepG2,chr13:51950271:C:T,1,0,3.317483901977539,modal,cuda,U2AF2:HepG2
BCLAF1,HepG2,chr13:51950400:C:T,1,0,5.598012924194336,modal,cuda,U2AF2:HepG2
BCLAF1,HepG2,chr13:51960231:G:A,1,0,0.3003883361816406,modal,cuda,U2AF2:HepG2
BCLAF1,HepG2,chr13:51960269:A:T,1,0,-0.9256388545036316,modal,cuda,U2AF2:HepG2
BCLAF1,HepG2,chr13:51970491:C:G,1,0,1.1707195043563843,modal,cuda,U2AF2:HepG2
BCLAF1,HepG2,chr13:51970558:G:A,1,0,1.698603868484497,modal,cuda,U2AF2:HepG2
BCLAF1,HepG2,chr13:51974317:A:C,1,0,1.5847442150115967,modal,cuda,U2AF2:HepG2
BCLAF1,HepG2,chr13:51974317:A:T,1,0,0.917435884475708,modal,cuda,U2AF2:HepG2
BCLAF1,HepG2,chr13:51974350:C:G,0,0,0.6567144393920898,modal,cuda,U2AF2:HepG2
BCLAF1,HepG2,chr13:51974364:G:A,1,0,0.4190101623535156,modal,cuda,U2AF2:HepG2
BCLAF1,HepG2,chr13:52024872:T:C,1,0,1.5457544326782227,modal,cuda,U2AF2:HepG2
BCLAF1,HepG2,chr13:72772152:T:C,0,0,-0.4275374412536621,modal,cuda,U2AF2:HepG2
BCLAF1,HepG2,chr13:72783562:G:A,0,0,-1.4764634370803833,modal,cuda,U2AF2:HepG2
BCLAF1,HepG2,chr13:72792566:A:T,0,0,-0.23339128494262695,modal,cuda,U2AF2:HepG2
BCLAF1,HepG2,chr13:72893914:C:T,1,0,0.6061937808990479,modal,cuda,U2AF2:HepG2
BCLAF1,HepG2,chr13:75804311:G:A,0,0,-0.5179469585418701,modal,cuda,U2AF2:HepG2
BCLAF1,HepG2,chr13:79371937:A:T,0,0,0.07163572311401367,modal,cuda,U2AF2:HepG2
BCLAF1,HepG2,chr14:101892987:G:C,0,2,-0.34891414642333984,modal,cuda,U2AF2:HepG2
BCLAF1,HepG2,chr14:101979995:G:A,0,2,-0.463670015335083,modal,cuda,U2AF2:HepG2
BCLAF1,HepG2,chr14:102000160:G:A,0,2,0.5378408432006836,modal,cuda,U2AF2:HepG2
BCLAF1,HepG2,chr14:103457138:A:G,0,2,-0.3306088447570801,modal,cuda,U2AF2:HepG2
BCLAF1,HepG2,chr14:103571695:C:T,1,2,-3.617941379547119,modal,cuda,U2AF2:HepG2
BCLAF1,HepG2,chr14:21368447:G:C,0,2,0.9323949813842773,modal,cuda,U2AF2:HepG2
BCLAF1,HepG2,chr14:21401392:A:G,0,2,-0.36744022369384766,modal,cuda,U2AF2:HepG2
BCLAF1,HepG2,chr14:21412897:T:C,0,2,-0.29971981048583984,modal,cuda,U2AF2:HepG2
BCLAF1,HepG2,chr14:22927601:G:A,0,2,0.7334076762199402,modal,cuda,U2AF2:HepG2
BCLAF1,HepG2,chr14:30650657:C:T,0,2,-0.3108701705932617,modal,cuda,U2AF2:HepG2
BCLAF1,HepG2,chr14:30880739:C:T,0,2,-0.8844640254974365,modal,cuda,U2AF2:HepG2
BCLAF1,HepG2,chr14:31599348:G:A,1,2,1.3534512519836426,modal,cuda,U2AF2:HepG2
BCLAF1,HepG2,chr14:34516452:C:T,0,2,0.37894654273986816,modal,cuda,U2AF2:HepG2
BCLAF1,HepG2,chr14:35008705:A:C,0,2,0.6211707592010498,modal,cuda,U2AF2:HepG2
BCLAF1,HepG2,chr14:35008759:C:T,0,2,-0.3632240295410156,modal,cuda,U2AF2:HepG2
BCLAF1,HepG2,chr14:35109915:A:G,1,2,-0.5614867210388184,modal,cuda,U2AF2:HepG2
BCLAF1,HepG2,chr14:35775609:C:A,0,2,-0.5886802673339844,modal,cuda,U2AF2:HepG2
BCLAF1,HepG2,chr14:39151732:C:T,0,2,-0.5014972686767578,modal,cuda,U2AF2:HepG2
BCLAF1,HepG2,chr14:39176159:C:T,0,2,0.2984619140625,modal,cuda,U2AF2:HepG2
BCLAF1,HepG2,chr14:39299939:A:G,0,2,-0.3916010856628418,modal,cuda,U2AF2:HepG2
BCLAF1,HepG2,chr14:45028290:C:T,1,2,1.1579005718231201,modal,cuda,U2AF2:HepG2
BCLAF1,HepG2,chr14:49654140:C:T,0,2,-2.3950464725494385,modal,cuda,U2AF2:HepG2
BCLAF1,HepG2,chr14:49840873:T:C,0,2,-0.3991571366786957,modal,cuda,U2AF2:HepG2
BCLAF1,HepG2,chr14:50294228:G:A,1,2,1.6242560148239136,modal,cuda,U2AF2:HepG2
BCLAF1,HepG2,chr14:52658016:A:C,0,2,0.6321568489074707,modal,cuda,U2AF2:HepG2
BCLAF1,HepG2,chr14:55628008:C:A,0,2,1.1009225845336914,modal,cuda,U2AF2:HepG2
BCLAF1,HepG2,chr14:55629968:A:C,0,2,-0.7353644371032715,modal,cuda,U2AF2:HepG2
BCLAF1,HepG2,chr14:55639190:C:T,0,2,0.23334050178527832,modal,cuda,U2AF2:HepG2
BCLAF1,HepG2,chr14:55640948:G:C,0,2,0.2869337797164917,modal,cuda,U2AF2:HepG2
BCLAF1,HepG2,chr14:55671640:C:T,0,2,0.3993263244628906,modal,cuda,U2AF2:HepG2
BCLAF1,HepG2,chr14:55678416:T:C,0,2,0.2151491641998291,modal,cuda,U2AF2:HepG2
BCLAF1,HepG2,chr14:58252212:A:G,0,2,0.3694305419921875,modal,cuda,U2AF2:HepG2
BCLAF1,HepG2,chr14:58430732:T:C,0,2,0.2082526683807373,modal,cuda,U2AF2:HepG2
BCLAF1,HepG2,chr14:58459894:C:T,1,2,1.2188165187835693,modal,cuda,U2AF2:HepG2
BCLAF1,HepG2,chr14:58459945:C:T,1,2,0.11774349212646484,modal,cuda,U2AF2:HepG2
BCLAF1,HepG2,chr14:58459990:C:T,1,2,0.28096914291381836,modal,cuda,U2AF2:HepG2
BCLAF1,HepG2,chr14:65102437:C:A,0,2,0.44825273752212524,modal,cuda,U2AF2:HepG2
BCLAF1,HepG2,chr14:67302402:A:T,0,2,-0.48999881744384766,modal,cuda,U2AF2:HepG2
BCLAF1,HepG2,chr14:67825470:T:C,0,2,0.8584718704223633,modal,cuda,U2AF2:HepG2
BCLAF1,HepG2,chr14:74286404:C:G,0,2,0.1624612808227539,modal,cuda,U2AF2:HepG2
BCLAF1,HepG2,chr14:74286409:C:T,0,2,0.8776583671569824,modal,cuda,U2AF2:HepG2
BCLAF1,HepG2,chr14:74286438:C:T,0,2,-0.47797465324401855,modal,cuda,U2AF2:HepG2
BCLAF1,HepG2,chr14:74894391:T:A,0,2,-0.8457214832305908,modal,cuda,U2AF2:HepG2
BCLAF1,HepG2,chr14:75032203:T:C,0,2,1.310448169708252,modal,cuda,U2AF2:HepG2
BCLAF1,HepG2,chr14:75124143:A:T,0,2,0.9524052143096924,modal,cuda,U2AF2:HepG2
BCLAF1,HepG2,chr14:75124179:C:G,0,2,0.798677921295166,modal,cuda,U2AF2:HepG2
BCLAF1,HepG2,chr14:75124221:A:G,0,2,0.5058977603912354,modal,cuda,U2AF2:HepG2
BCLAF1,HepG2,chr14:75719836:G:A,0,2,1.1890535354614258,modal,cuda,U2AF2:HepG2
BCLAF1,HepG2,chr14:75745468:T:C,0,2,0.2560639977455139,modal,cuda,U2AF2:HepG2
BCLAF1,HepG2,chr14:75776861:T:A,0,2,0.41699981689453125,modal,cuda,U2AF2:HepG2
BCLAF1,HepG2,chr14:75779563:T:C,0,2,-0.2816953659057617,modal,cuda,U2AF2:HepG2
BCLAF1,HepG2,chr14:81526729:C:T,0,2,-1.1275746822357178,modal,cuda,U2AF2:HepG2
BCLAF1,HepG2,chr14:88575836:T:G,0,2,1.1600700616836548,modal,cuda,U2AF2:HepG2
BCLAF1,HepG2,chr14:88870170:C:T,1,2,-1.2950818538665771,modal,cuda,U2AF2:HepG2
BCLAF1,HepG2,chr14:89989101:G:A,0,2,-0.3377084732055664,modal,cuda,U2AF2:HepG2
BCLAF1,HepG2,chr14:91475932:G:A,0,2,-0.23281043767929077,modal,cuda,U2AF2:HepG2
BCLAF1,HepG2,chr14:92007634:T:C,0,2,-0.17646551132202148,modal,cuda,U2AF2:HepG2
BCLAF1,HepG2,chr14:92014598:A:C,0,2,0.3436741828918457,modal,cuda,U2AF2:HepG2
BCLAF1,HepG2,chr14:92039746:G:A,0,2,0.49626684188842773,modal,cuda,U2AF2:HepG2
BCLAF1,HepG2,chr14:95091236:G:A,1,2,0.4159712791442871,modal,cuda,U2AF2:HepG2
BCLAF1,HepG2,chr14:95091238:C:T,1,2,0.3758277893066406,modal,cuda,U2AF2:HepG2
BCLAF1,HepG2,chr14:95091253:G:T,1,2,0.6439471244812012,modal,cuda,U2AF2:HepG2
BCLAF1,HepG2,chr14:95091270:G:C,1,2,-2.586437940597534,modal,cuda,U2AF2:HepG2
BCLAF1,HepG2,chr14:95091289:G:A,1,2,-0.7908697128295898,modal,cuda,U2AF2:HepG2
BCLAF1,HepG2,chr14:95091291:C:A,1,2,-1.790235996246338,modal,cuda,U2AF2:HepG2
BCLAF1,HepG2,chr14:95091291:C:G,1,2,0.27560997009277344,modal,cuda,U2AF2:HepG2
BCLAF1,HepG2,chr14:95091291:C:T,1,2,-0.6339511871337891,modal,cuda,U2AF2:HepG2
BCLAF1,HepG2,chr14:95091292:T:A,1,2,-2.374685525894165,modal,cuda,U2AF2:HepG2
BCLAF1,HepG2,chr14:95091300:A:G,0,2,-0.1616535186767578,modal,cuda,U2AF2:HepG2
BCLAF1,HepG2,chr14:95091301:T:A,1,2,0.38924098014831543,modal,cuda,U2AF2:HepG2
BCLAF1,HepG2,chr14:95091301:T:C,1,2,-0.48069334030151367,modal,cuda,U2AF2:HepG2
BCLAF1,HepG2,chr14:95091302:C:A,1,2,0.31035637855529785,modal,cuda,U2AF2:HepG2
BCLAF1,HepG2,chr14:95091302:C:T,1,2,0.2747802734375,modal,cuda,U2AF2:HepG2
BCLAF1,HepG2,chr14:95091304:C:T,1,2,-0.6100457906723022,modal,cuda,U2AF2:HepG2
BCLAF1,HepG2,chr14:95091305:C:A,1,2,0.33893394470214844,modal,cuda,U2AF2:HepG2
BCLAF1,HepG2,chr14:95091305:C:T,1,2,0.2624692916870117,modal,cuda,U2AF2:HepG2
BCLAF1,HepG2,chr14:95096581:G:A,1,2,0.6936407089233398,modal,cuda,U2AF2:HepG2
BCLAF1,HepG2,chr14:95096605:C:A,1,2,0.9241328239440918,modal,cuda,U2AF2:HepG2
BCLAF1,HepG2,chr14:95096633:C:T,1,2,1.5557968616485596,modal,cuda,U2AF2:HepG2
BCLAF1,HepG2,chr14:95099767:C:A,0,2,-0.8692774772644043,modal,cuda,U2AF2:HepG2
BCLAF1,HepG2,chr14:95099804:T:C,0,2,-1.062234878540039,modal,cuda,U2AF2:HepG2
BCLAF1,HepG2,chr14:95099815:T:A,1,2,-0.8117492198944092,modal,cuda,U2AF2:HepG2
BCLAF1,HepG2,chr14:95103696:C:A,1,2,2.147268772125244,modal,cuda,U2AF2:HepG2
BCLAF1,HepG2,chr14:95105699:C:T,1,2,0.6003859043121338,modal,cuda,U2AF2:HepG2
BCLAF1,HepG2,chr14:95105716:T:A,1,2,2.3691790103912354,modal,cuda,U2AF2:HepG2
BCLAF1,HepG2,chr14:95105784:C:A,1,2,4.0195841789245605,modal,cuda,U2AF2:HepG2
BCLAF1,HepG2,chr14:95107673:C:T,0,2,0.0917215347290039,modal,cuda,U2AF2:HepG2
BCLAF1,HepG2,chr14:95107682:G:T,0,2,-0.4041171073913574,modal,cuda,U2AF2:HepG2
BCLAF1,HepG2,chr14:95108456:A:T,1,2,1.4772660732269287,modal,cuda,U2AF2:HepG2
BCLAF1,HepG2,chr14:95115661:C:T,0,2,-0.20456433296203613,modal,cuda,U2AF2:HepG2
BCLAF1,HepG2,chr14:95115708:A:T,0,2,-0.659538984298706,modal,cuda,U2AF2:HepG2
BCLAF1,HepG2,chr14:95116458:C:A,1,2,1.2895162105560303,modal,cuda,U2AF2:HepG2
BCLAF1,HepG2,chr14:95116517:A:C,1,2,-1.5249907970428467,modal,cuda,U2AF2:HepG2
BCLAF1,HepG2,chr14:95116612:G:T,1,2,-0.8887443542480469,modal,cuda,U2AF2:HepG2
BCLAF1,HepG2,chr14:95116671:C:A,1,2,1.2013665437698364,modal,cuda,U2AF2:HepG2
BCLAF1,HepG2,chr14:95124308:C:A,1,2,0.7361495494842529,modal,cuda,U2AF2:HepG2
BCLAF1,HepG2,chr14:95124345:A:C,1,2,-1.687479019165039,modal,cuda,U2AF2:HepG2
BCLAF1,HepG2,chr14:95124510:T:C,0,2,-1.578253984451294,modal,cuda,U2AF2:HepG2
BCLAF1,HepG2,chr14:95124566:C:A,1,2,-0.7125358581542969,modal,cuda,U2AF2:HepG2
BCLAF1,HepG2,chr14:95124644:A:G,0,2,1.216827630996704,modal,cuda,U2AF2:HepG2
BCLAF1,HepG2,chr14:95126696:T:A,1,2,-0.9494695663452148,modal,cuda,U2AF2:HepG2
BCLAF1,HepG2,chr14:95129515:T:A,1,2,-3.5875766277313232,modal,cuda,U2AF2:HepG2
BCLAF1,HepG2,chr14:95130190:A:T,0,2,-0.603428840637207,modal,cuda,U2AF2:HepG2
BCLAF1,HepG2,chr14:96303043:G:A,0,2,-0.7812008857727051,modal,cuda,U2AF2:HepG2
BCLAF1,HepG2,chr14:96531537:T:C,0,2,-0.3306865692138672,modal,cuda,U2AF2:HepG2
BCLAF1,HepG2,chr15:22943270:G:A,0,1,-0.38771820068359375,modal,cuda,U2AF2:HepG2
BCLAF1,HepG2,chr15:24976416:T:C,0,1,0.23610210418701172,modal,cuda,U2AF2:HepG2
BCLAF1,HepG2,chr15:24977017:A:T,0,1,0.33450445532798767,modal,cuda,U2AF2:HepG2
BCLAF1,HepG2,chr15:25339138:T:A,1,1,-0.3079252243041992,modal,cuda,U2AF2:HepG2
BCLAF1,HepG2,chr15:25339138:T:C,0,1,-0.29557085037231445,modal,cuda,U2AF2:HepG2
BCLAF1,HepG2,chr15:25339207:G:C,1,1,-0.3901975154876709,modal,cuda,U2AF2:HepG2
BCLAF1,HepG2,chr15:25339211:A:G,1,1,-0.584118127822876,modal,cuda,U2AF2:HepG2
BCLAF1,HepG2,chr15:25339222:A:T,1,1,1.29970121383667,modal,cuda,U2AF2:HepG2
BCLAF1,HepG2,chr15:25354402:C:A,1,1,3.596402645111084,modal,cuda,U2AF2:HepG2
BCLAF1,HepG2,chr15:25354414:G:A,1,1,1.2080135345458984,modal,cuda,U2AF2:HepG2
BCLAF1,HepG2,chr15:25354536:C:T,1,1,0.4834498465061188,modal,cuda,U2AF2:HepG2
BCLAF1,HepG2,chr15:25354571:A:T,1,1,0.9217243194580078,modal,cuda,U2AF2:HepG2
BCLAF1,HepG2,chr15:25354679:A:C,1,1,-1.128633975982666,modal,cuda,U2AF2:HepG2
BCLAF1,HepG2,chr15:25355920:T:G,0,1,-0.5980873107910156,modal,cuda,U2AF2:HepG2
BCLAF1,HepG2,chr15:25355984:G:A,1,1,-0.9992811679840088,modal,cuda,U2AF2:HepG2
BCLAF1,HepG2,chr15:25355989:G:A,1,1,-2.027251958847046,modal,cuda,U2AF2:HepG2
BCLAF1,HepG2,chr15:25356840:C:G,1,1,-1.824549674987793,modal,cuda,U2AF2:HepG2
BCLAF1,HepG2,chr15:25356859:C:T,1,1,0.965151309967041,modal,cuda,U2AF2:HepG2
BCLAF1,HepG2,chr15:25356860:C:T,1,1,1.2481651306152344,modal,cuda,U2AF2:HepG2
BCLAF1,HepG2,chr15:25356877:T:C,0,1,0.8703241348266602,modal,cuda,U2AF2:HepG2
BCLAF1,HepG2,chr15:25356883:G:A,0,1,0.4571116864681244,modal,cuda,U2AF2:HepG2
BCLAF1,HepG2,chr15:25356883:G:C,1,1,0.740116536617279,modal,cuda,U2AF2:HepG2
BCLAF1,HepG2,chr15:25360477:A:T,1,1,0.3921734094619751,modal,cuda,U2AF2:HepG2
BCLAF1,HepG2,chr15:25360509:C:A,1,1,1.101659893989563,modal,cuda,U2AF2:HepG2
BCLAF1,HepG2,chr15:25370770:T:C,0,1,-0.7579987049102783,modal,cuda,U2AF2:HepG2
BCLAF1,HepG2,chr15:25370829:C:A,1,1,0.6203012466430664,modal,cuda,U2AF2:HepG2
BCLAF1,HepG2,chr15:25370836:A:G,0,1,0.19087934494018555,modal,cuda,U2AF2:HepG2
BCLAF1,HepG2,chr15:25370844:C:A,1,1,0.7799181938171387,modal,cuda,U2AF2:HepG2
BCLAF1,HepG2,chr15:25370865:G:A,1,1,-1.08778977394104,modal,cuda,U2AF2:HepG2
BCLAF1,HepG2,chr15:25370905:G:A,0,1,-0.3683018684387207,modal,cuda,U2AF2:HepG2
BCLAF1,HepG2,chr15:25370913:G:A,1,1,1.408416509628296,modal,cuda,U2AF2:HepG2
BCLAF1,HepG2,chr15:25370937:C:A,1,1,1.2158849239349365,modal,cuda,U2AF2:HepG2
BCLAF1,HepG2,chr15:25370955:G:A,1,1,-0.9436995983123779,modal,cuda,U2AF2:HepG2
BCLAF1,HepG2,chr15:25370967:C:A,1,1,1.0602716207504272,modal,cuda,U2AF2:HepG2
BCLAF1,HepG2,chr15:25370989:T:C,0,1,-0.3322727680206299,modal,cuda,U2AF2:HepG2
BCLAF1,HepG2,chr15:25371000:C:A,1,1,0.882882297039032,modal,cuda,U2AF2:HepG2
BCLAF1,HepG2,chr15:25371005:T:C,0,1,0.16928982734680176,modal,cuda,U2AF2:HepG2
BCLAF1,HepG2,chr15:25371024:C:A,1,1,1.38016939163208,modal,cuda,U2AF2:HepG2
BCLAF1,HepG2,chr15:25371043:A:T,1,1,0.6863594055175781,modal,cuda,U2AF2:HepG2
BCLAF1,HepG2,chr15:25371214:T:C,0,1,-0.6131471395492554,modal,cuda,U2AF2:HepG2
BCLAF1,HepG2,chr15:25371238:C:T,0,1,0.5152902603149414,modal,cuda,U2AF2:HepG2
BCLAF1,HepG2,chr15:25371348:G:A,1,1,1.5653412342071533,modal,cuda,U2AF2:HepG2
BCLAF1,HepG2,chr15:25371359:T:C,0,1,0.4383418560028076,modal,cuda,U2AF2:HepG2
BCLAF1,HepG2,chr15:25371364:A:T,1,1,0.7389973402023315,modal,cuda,U2AF2:HepG2
BCLAF1,HepG2,chr15:25371395:A:T,1,1,1.0129010677337646,modal,cuda,U2AF2:HepG2
BCLAF1,HepG2,chr15:25371397:A:T,1,1,0.949000358581543,modal,cuda,U2AF2:HepG2
BCLAF1,HepG2,chr15:25371404:A:G,1,1,-0.3919529914855957,modal,cuda,U2AF2:HepG2
BCLAF1,HepG2,chr15:25371426:C:A,1,1,-1.7737147808074951,modal,cuda,U2AF2:HepG2
BCLAF1,HepG2,chr15:25371548:G:C,1,1,1.0075187683105469,modal,cuda,U2AF2:HepG2
BCLAF1,HepG2,chr15:25371556:T:A,0,1,-0.2613835334777832,modal,cuda,U2AF2:HepG2
BCLAF1,HepG2,chr15:25371639:G:A,1,1,-1.7735010385513306,modal,cuda,U2AF2:HepG2
BCLAF1,HepG2,chr15:25371697:T:A,0,1,0.3892817497253418,modal,cuda,U2AF2:HepG2
BCLAF1,HepG2,chr15:28198512:G:T,0,1,-0.4800221920013428,modal,cuda,U2AF2:HepG2
BCLAF1,HepG2,chr15:29732824:G:C,0,1,1.048567771911621,modal,cuda,U2AF2:HepG2
BCLAF1,HepG2,chr15:39943372:G:T,0,1,-1.4803402423858643,modal,cuda,U2AF2:HepG2
BCLAF1,HepG2,chr15:39972904:C:A,1,1,-3.381462812423706,modal,cuda,U2AF2:HepG2
BCLAF1,HepG2,chr15:40199751:A:G,0,1,-0.5164985656738281,modal,cuda,U2AF2:HepG2
BCLAF1,HepG2,chr15:40411601:C:T,0,1,1.0801146030426025,modal,cuda,U2AF2:HepG2
BCLAF1,HepG2,chr15:41749552:A:G,0,1,-0.1959085464477539,modal,cuda,U2AF2:HepG2
BCLAF1,HepG2,chr15:42444880:C:T,0,1,0.7346291542053223,modal,cuda,U2AF2:HepG2
BCLAF1,HepG2,chr15:42665334:T:G,0,1,-0.4459495544433594,modal,cuda,U2AF2:HepG2
BCLAF1,HepG2,chr15:43047301:A:T,0,1,1.6559393405914307,modal,cuda,U2AF2:HepG2
BCLAF1,HepG2,chr15:43059686:C:T,0,1,0.2762322425842285,modal,cuda,U2AF2:HepG2
BCLAF1,HepG2,chr15:43070776:G:A,0,1,0.6977629661560059,modal,cuda,U2AF2:HepG2
BCLAF1,HepG2,chr15:44337899:A:C,0,1,-0.6911227703094482,modal,cuda,U2AF2:HepG2
BCLAF1,HepG2,chr15:48767476:C:T,0,1,0.21403709053993225,modal,cuda,U2AF2:HepG2
BCLAF1,HepG2,chr15:50439016:G:C,0,1,0.3659496307373047,modal,cuda,U2AF2:HepG2
BCLAF1,HepG2,chr15:50439193:C:T,0,1,0.7006878852844238,modal,cuda,U2AF2:HepG2
BCLAF1,HepG2,chr15:50449392:A:C,0,1,0.7592599391937256,modal,cuda,U2AF2:HepG2
BCLAF1,HepG2,chr15:50574314:G:A,0,1,0.1549067497253418,modal,cuda,U2AF2:HepG2
BCLAF1,HepG2,chr15:50574885:G:A,0,1,0.8798153400421143,modal,cuda,U2AF2:HepG2
BCLAF1,HepG2,chr15:50574892:C:T,0,1,0.28694772720336914,modal,cuda,U2AF2:HepG2
BCLAF1,HepG2,chr15:50599148:C:T,1,1,0.46787118911743164,modal,cuda,U2AF2:HepG2
BCLAF1,HepG2,chr15:50604917:A:G,0,1,0.8869116306304932,modal,cuda,U2AF2:HepG2
BCLAF1,HepG2,chr15:50632866:T:C,0,1,0.563971757888794,modal,cuda,U2AF2:HepG2
BCLAF1,HepG2,chr15:50639403:A:C,0,1,0.5629832744598389,modal,cuda,U2AF2:HepG2
BCLAF1,HepG2,chr15:50648785:T:C,0,1,-0.25544071197509766,modal,cuda,U2AF2:HepG2
BCLAF1,HepG2,chr15:50722112:A:G,0,1,-0.5257079005241394,modal,cuda,U2AF2:HepG2
BCLAF1,HepG2,chr15:50748096:T:C,0,1,-0.46286582946777344,modal,cuda,U2AF2:HepG2
BCLAF1,HepG2,chr15:50912167:G:A,0,1,-0.6098129749298096,modal,cuda,U2AF2:HepG2
BCLAF1,HepG2,chr15:51486215:T:A,0,1,0.762458086013794,modal,cuda,U2AF2:HepG2
BCLAF1,HepG2,chr15:51486261:G:C,1,1,-0.742224931716919,modal,cuda,U2AF2:HepG2
BCLAF1,HepG2,chr15:51491623:T:C,0,1,-0.37913084030151367,modal,cuda,U2AF2:HepG2
BCLAF1,HepG2,chr15:51507169:C:T,1,1,-2.2018885612487793,modal,cuda,U2AF2:HepG2
BCLAF1,HepG2,chr15:55834113:C:T,0,1,0.48932862281799316,modal,cuda,U2AF2:HepG2
BCLAF1,HepG2,chr15:56921085:A:G,0,1,-0.22782421112060547,modal,cuda,U2AF2:HepG2
BCLAF1,HepG2,chr15:57091863:A:G,0,1,-0.46877408027648926,modal,cuda,U2AF2:HepG2
BCLAF1,HepG2,chr15:57166423:C:A,1,1,0.582216203212738,modal,cuda,U2AF2:HepG2
BCLAF1,HepG2,chr15:57192224:G:T,1,1,0.940899133682251,modal,cuda,U2AF2:HepG2
BCLAF1,HepG2,chr15:58621444:T:A,0,1,1.4700722694396973,modal,cuda,U2AF2:HepG2
BCLAF1,HepG2,chr15:58621464:A:G,0,1,0.8535149097442627,modal,cuda,U2AF2:HepG2
BCLAF1,HepG2,chr15:58633367:A:G,0,1,-0.1894102692604065,modal,cuda,U2AF2:HepG2
BCLAF1,HepG2,chr15:60442498:A:G,0,1,0.3099710941314697,modal,cuda,U2AF2:HepG2
BCLAF1,HepG2,chr15:60455347:T:A,0,1,0.3559877872467041,modal,cuda,U2AF2:HepG2
BCLAF1,HepG2,chr15:60466693:G:A,0,1,0.779158353805542,modal,cuda,U2AF2:HepG2
BCLAF1,HepG2,chr15:61920052:A:C,0,1,1.9320392608642578,modal,cuda,U2AF2:HepG2
BCLAF1,HepG2,chr15:61920666:C:T,0,1,0.4088406562805176,modal,cuda,U2AF2:HepG2
BCLAF1,HepG2,chr15:61929480:T:C,0,1,-0.4543588161468506,modal,cuda,U2AF2:HepG2
BCLAF1,HepG2,chr15:61945694:A:C,0,1,1.624145746231079,modal,cuda,U2AF2:HepG2
BCLAF1,HepG2,chr15:61951990:G:A,0,1,-1.2277796268463135,modal,cuda,U2AF2:HepG2
BCLAF1,HepG2,chr15:62013021:A:G,0,1,-1.1118791103363037,modal,cuda,U2AF2:HepG2
BCLAF1,HepG2,chr15:62020472:A:G,0,1,0.6708640456199646,modal,cuda,U2AF2:HepG2
BCLAF1,HepG2,chr15:63060873:C:T,1,1,0.1616215705871582,modal,cuda,U2AF2:HepG2
BCLAF1,HepG2,chr15:63060929:C:T,1,1,0.2236286848783493,modal,cuda,U2AF2:HepG2
BCLAF1,HepG2,chr15:63061252:A:G,0,1,-0.8070719838142395,modal,cuda,U2AF2:HepG2
BCLAF1,HepG2,chr15:63588415:C:T,0,1,0.37082719802856445,modal,cuda,U2AF2:HepG2
BCLAF1,HepG2,chr15:63659945:T:C,0,1,0.8922615051269531,modal,cuda,U2AF2:HepG2
BCLAF1,HepG2,chr15:65154950:A:G,0,1,0.22022175788879395,modal,cuda,U2AF2:HepG2
BCLAF1,HepG2,chr15:65154995:C:T,0,1,0.5929404497146606,modal,cuda,U2AF2:HepG2
BCLAF1,HepG2,chr15:65157816:G:A,0,1,1.0495151281356812,modal,cuda,U2AF2:HepG2
BCLAF1,HepG2,chr15:68142041:G:C,0,1,0.6311852931976318,modal,cuda,U2AF2:HepG2
BCLAF1,HepG2,chr15:68787929:G:C,0,1,-0.5097579956054688,modal,cuda,U2AF2:HepG2
BCLAF1,HepG2,chr15:69423149:C:T,0,1,1.430973768234253,modal,cuda,U2AF2:HepG2
BCLAF1,HepG2,chr15:69436191:A:C,0,1,-0.3583524227142334,modal,cuda,U2AF2:HepG2
BCLAF1,HepG2,chr15:69436610:A:G,0,1,-0.5970137715339661,modal,cuda,U2AF2:HepG2
BCLAF1,HepG2,chr15:71935496:A:G,0,1,1.4635791778564453,modal,cuda,U2AF2:HepG2
BCLAF1,HepG2,chr15:72346235:C:T,1,1,0.6334995031356812,modal,cuda,U2AF2:HepG2
BCLAF1,HepG2,chr15:72346271:T:A,1,1,-0.6802912950515747,modal,cuda,U2AF2:HepG2
BCLAF1,HepG2,chr15:72346278:A:G,1,1,-0.9681633114814758,modal,cuda,U2AF2:HepG2
BCLAF1,HepG2,chr15:72563514:T:C,0,1,0.2463829517364502,modal,cuda,U2AF2:HepG2
BCLAF1,HepG2,chr15:72572174:A:G,0,1,-0.21264290809631348,modal,cuda,U2AF2:HepG2
BCLAF1,HepG2,chr15:72735903:T:G,1,1,0.4986227750778198,modal,cuda,U2AF2:HepG2
BCLAF1,HepG2,chr15:75394673:C:A,0,1,0.7080166339874268,modal,cuda,U2AF2:HepG2
BCLAF1,HepG2,chr15:75394873:C:A,0,1,-0.4258542060852051,modal,cuda,U2AF2:HepG2
BCLAF1,HepG2,chr15:76231279:C:A,0,1,-1.3997080326080322,modal,cuda,U2AF2:HepG2
BCLAF1,HepG2,chr15:76702873:G:A,1,1,-0.6707887649536133,modal,cuda,U2AF2:HepG2
BCLAF1,HepG2,chr15:76705971:G:A,1,1,1.5199716091156006,modal,cuda,U2AF2:HepG2
BCLAF1,HepG2,chr15:76795444:T:C,0,1,0.2728118896484375,modal,cuda,U2AF2:HepG2
BCLAF1,HepG2,chr15:76841797:A:C,0,1,0.4465451240539551,modal,cuda,U2AF2:HepG2
BCLAF1,HepG2,chr15:76841903:G:A,0,1,0.8287229537963867,modal,cuda,U2AF2:HepG2
BCLAF1,HepG2,chr15:78466335:C:G,0,1,-0.7997485995292664,modal,cuda,U2AF2:HepG2
BCLAF1,HepG2,chr15:80979351:G:A,0,1,0.3304353952407837,modal,cuda,U2AF2:HepG2
BCLAF1,HepG2,chr15:80979368:C:A,1,1,-2.7079946994781494,modal,cuda,U2AF2:HepG2
BCLAF1,HepG2,chr15:89263479:C:T,0,1,0.6981568336486816,modal,cuda,U2AF2:HepG2
BCLAF1,HepG2,chr15:92927222:G:A,0,1,0.07269644737243652,modal,cuda,U2AF2:HepG2
BCLAF1,HepG2,chr15:92937638:C:T,0,1,-0.49784111976623535,modal,cuda,U2AF2:HepG2
BCLAF1,HepG2,chr15:92939554:C:T,0,1,0.5930595397949219,modal,cuda,U2AF2:HepG2
BCLAF1,HepG2,chr15:92953350:T:C,0,1,-1.0917434692382812,modal,cuda,U2AF2:HepG2
BCLAF1,HepG2,chr15:92972255:A:G,0,1,0.6219702363014221,modal,cuda,U2AF2:HepG2
BCLAF1,HepG2,chr15:92972440:T:C,0,1,-0.22704559564590454,modal,cuda,U2AF2:HepG2
BCLAF1,HepG2,chr15:92979294:G:A,0,1,0.38936614990234375,modal,cuda,U2AF2:HepG2
BCLAF1,HepG2,chr15:92985689:G:A,0,1,0.47046709060668945,modal,cuda,U2AF2:HepG2
BCLAF1,HepG2,chr15:92998475:G:A,0,1,-0.25936222076416016,modal,cuda,U2AF2:HepG2
BCLAF1,HepG2,chr15:98913024:T:C,0,1,0.2622342109680176,modal,cuda,U2AF2:HepG2
BCLAF1,HepG2,chr15:98913035:G:A,0,1,0.4704865515232086,modal,cuda,U2AF2:HepG2
BCLAF1,HepG2,chr15:99675391:G:A,0,1,0.5509998798370361,modal,cuda,U2AF2:HepG2
BCLAF1,HepG2,chr16:119118:A:C,0,2,-1.1903724670410156,modal,cuda,U2AF2:HepG2
BCLAF1,HepG2,chr16:119125:C:A,1,2,0.4821065664291382,modal,cuda,U2AF2:HepG2
BCLAF1,HepG2,chr16:119128:G:A,1,2,-0.33833742141723633,modal,cuda,U2AF2:HepG2
BCLAF1,HepG2,chr16:119200:G:A,1,2,-1.1500909328460693,modal,cuda,U2AF2:HepG2
BCLAF1,HepG2,chr16:119250:G:C,1,2,1.141174077987671,modal,cuda,U2AF2:HepG2
BCLAF1,HepG2,chr16:119256:C:T,1,2,1.3192896842956543,modal,cuda,U2AF2:HepG2
BCLAF1,HepG2,chr16:119257:T:A,1,2,-0.9267123937606812,modal,cuda,U2AF2:HepG2
BCLAF1,HepG2,chr16:14599898:A:G,0,2,1.191080093383789,modal,cuda,U2AF2:HepG2
BCLAF1,HepG2,chr16:14628177:T:A,1,2,0.899024486541748,modal,cuda,U2AF2:HepG2
BCLAF1,HepG2,chr16:14629645:G:A,1,2,-1.3043465614318848,modal,cuda,U2AF2:HepG2
BCLAF1,HepG2,chr16:1607283:C:G,0,2,-0.21981441974639893,modal,cuda,U2AF2:HepG2
BCLAF1,HepG2,chr16:16173393:G:C,1,2,0.8545665740966797,modal,cuda,U2AF2:HepG2
BCLAF1,HepG2,chr16:16182484:T:A,0,2,1.0397536754608154,modal,cuda,U2AF2:HepG2
BCLAF1,HepG2,chr16:16182488:C:T,0,2,0.7527346611022949,modal,cuda,U2AF2:HepG2
BCLAF1,HepG2,chr16:16182497:C:T,1,2,-1.5416016578674316,modal,cuda,U2AF2:HepG2
BCLAF1,HepG2,chr16:16182506:T:C,1,2,-0.6316530704498291,modal,cuda,U2AF2:HepG2
BCLAF1,HepG2,chr16:16182520:G:A,0,2,-1.7397384643554688,modal,cuda,U2AF2:HepG2
BCLAF1,HepG2,chr16:16182534:C:A,1,2,-3.4311766624450684,modal,cuda,U2AF2:HepG2
BCLAF1,HepG2,chr16:21976160:G:C,0,2,-0.7262091636657715,modal,cuda,U2AF2:HepG2
BCLAF1,HepG2,chr16:22317165:C:T,0,2,-0.19909286499023438,modal,cuda,U2AF2:HepG2
BCLAF1,HepG2,chr16:23532740:C:T,0,2,0.846046507358551,modal,cuda,U2AF2:HepG2
BCLAF1,HepG2,chr16:23630366:T:C,0,2,-0.46582189202308655,modal,cuda,U2AF2:HepG2
BCLAF1,HepG2,chr16:23630372:C:T,0,2,2.262399435043335,modal,cuda,U2AF2:HepG2
BCLAF1,HepG2,chr16:23630405:C:T,0,2,-2.2385976314544678,modal,cuda,U2AF2:HepG2
BCLAF1,HepG2,chr16:23630414:A:C,1,2,0.4234919548034668,modal,cuda,U2AF2:HepG2
BCLAF1,HepG2,chr16:23630417:A:T,0,2,1.2261748313903809,modal,cuda,U2AF2:HepG2
BCLAF1,HepG2,chr16:23634886:C:A,1,2,0.8600122928619385,modal,cuda,U2AF2:HepG2
BCLAF1,HepG2,chr16:23634892:G:A,1,2,0.8678184747695923,modal,cuda,U2AF2:HepG2
BCLAF1,HepG2,chr16:23634914:T:C,0,2,-0.22172045707702637,modal,cuda,U2AF2:HepG2
BCLAF1,HepG2,chr16:23634954:A:T,1,2,-0.6276051998138428,modal,cuda,U2AF2:HepG2
BCLAF1,HepG2,chr16:23634964:C:A,1,2,-2.410789728164673,modal,cuda,U2AF2:HepG2
BCLAF1,HepG2,chr16:23636027:C:G,0,2,0.32578015327453613,modal,cuda,U2AF2:HepG2
BCLAF1,HepG2,chr16:23636057:G:A,0,2,0.6935675144195557,modal,cuda,U2AF2:HepG2
BCLAF1,HepG2,chr16:23636076:G:T,1,2,-0.5466680526733398,modal,cuda,U2AF2:HepG2
BCLAF1,HepG2,chr16:23636084:T:G,0,2,0.20470619201660156,modal,cuda,U2AF2:HepG2
BCLAF1,HepG2,chr16:23636104:T:A,1,2,1.283315896987915,modal,cuda,U2AF2:HepG2
BCLAF1,HepG2,chr16:23636134:C:A,1,2,-1.1465222835540771,modal,cuda,U2AF2:HepG2
BCLAF1,HepG2,chr16:23636180:A:G,0,2,0.7422764301300049,modal,cuda,U2AF2:HepG2
BCLAF1,HepG2,chr16:23636189:T:C,0,2,-0.3031747341156006,modal,cuda,U2AF2:HepG2
BCLAF1,HepG2,chr16:23636191:G:A,1,2,-0.5019216537475586,modal,cuda,U2AF2:HepG2
BCLAF1,HepG2,chr16:23637862:G:A,0,2,0.6993893384933472,modal,cuda,U2AF2:HepG2
BCLAF1,HepG2,chr16:23637869:T:G,0,2,-0.6911296844482422,modal,cuda,U2AF2:HepG2
BCLAF1,HepG2,chr16:23637870:G:T,1,2,1.2044310569763184,modal,cuda,U2AF2:HepG2
BCLAF1,HepG2,chr16:23637896:T:C,0,2,0.42691636085510254,modal,cuda,U2AF2:HepG2
BCLAF1,HepG2,chr16:23637901:C:A,1,2,-3.1907968521118164,modal,cuda,U2AF2:HepG2
BCLAF1,HepG2,chr16:23637914:C:T,0,2,1.3506743907928467,modal,cuda,U2AF2:HepG2
BCLAF1,HepG2,chr16:24806293:G:A,0,2,-0.12445306777954102,modal,cuda,U2AF2:HepG2
BCLAF1,HepG2,chr16:29803433:T:C,0,2,0.3490445613861084,modal,cuda,U2AF2:HepG2
BCLAF1,HepG2,chr16:29803442:C:G,0,2,0.8954174518585205,modal,cuda,U2AF2:HepG2
BCLAF1,HepG2,chr16:29978788:C:T,0,2,-0.31586790084838867,modal,cuda,U2AF2:HepG2
BCLAF1,HepG2,chr16:30716288:C:T,0,2,1.4485183954238892,modal,cuda,U2AF2:HepG2
BCLAF1,HepG2,chr16:31191052:C:T,1,2,-0.391221284866333,modal,cuda,U2AF2:HepG2
BCLAF1,HepG2,chr16:31191109:A:G,1,2,-0.1750470995903015,modal,cuda,U2AF2:HepG2
BCLAF1,HepG2,chr16:31191399:G:T,1,2,1.063591718673706,modal,cuda,U2AF2:HepG2
BCLAF1,HepG2,chr16:31191408:C:G,1,2,0.39842820167541504,modal,cuda,U2AF2:HepG2
BCLAF1,HepG2,chr16:31191410:G:A,1,2,-0.22926735877990723,modal,cuda,U2AF2:HepG2
BCLAF1,HepG2,chr16:31191412:C:T,1,2,0.2212458848953247,modal,cuda,U2AF2:HepG2
BCLAF1,HepG2,chr16:31191418:C:A,1,2,0.9730675220489502,modal,cuda,U2AF2:HepG2
BCLAF1,HepG2,chr16:31191418:C:G,1,2,-1.3648643493652344,modal,cuda,U2AF2:HepG2
BCLAF1,HepG2,chr16:31191418:C:T,1,2,-0.521696925163269,modal,cuda,U2AF2:HepG2
BCLAF1,HepG2,chr16:31191419:G:A,1,2,0.47501444816589355,modal,cuda,U2AF2:HepG2
BCLAF1,HepG2,chr16:31191429:G:C,1,2,-0.6003210544586182,modal,cuda,U2AF2:HepG2
BCLAF1,HepG2,chr16:31191430:C:A,1,2,-0.8275573253631592,modal,cuda,U2AF2:HepG2
BCLAF1,HepG2,chr16:31191431:C:T,1,2,-1.6718337535858154,modal,cuda,U2AF2:HepG2
BCLAF1,HepG2,chr16:31191434:A:G,1,2,-0.4901905059814453,modal,cuda,U2AF2:HepG2
BCLAF1,HepG2,chr16:46697501:T:C,0,2,-0.2842526435852051,modal,cuda,U2AF2:HepG2
BCLAF1,HepG2,chr16:46697521:A:C,1,2,0.620760440826416,modal,cuda,U2AF2:HepG2
BCLAF1,HepG2,chr16:47587650:T:C,0,2,-0.7319045066833496,modal,cuda,U2AF2:HepG2
BCLAF1,HepG2,chr16:47587662:G:C,0,2,-1.384446620941162,modal,cuda,U2AF2:HepG2
BCLAF1,HepG2,chr16:47596544:G:T,0,2,0.38141489028930664,modal,cuda,U2AF2:HepG2
BCLAF1,HepG2,chr16:50102409:G:C,0,2,-1.7777373790740967,modal,cuda,U2AF2:HepG2
BCLAF1,HepG2,chr16:53934119:G:C,0,2,0.33217334747314453,modal,cuda,U2AF2:HepG2
BCLAF1,HepG2,chr16:56498550:G:A,1,2,1.8897863626480103,modal,cuda,U2AF2:HepG2
BCLAF1,HepG2,chr16:56505962:C:T,1,2,-0.2327117919921875,modal,cuda,U2AF2:HepG2
BCLAF1,HepG2,chr16:56505979:C:A,1,2,0.8398922085762024,modal,cuda,U2AF2:HepG2
BCLAF1,HepG2,chr16:56506137:G:A,1,2,1.0045747756958008,modal,cuda,U2AF2:HepG2
BCLAF1,HepG2,chr16:56506150:A:C,1,2,1.7716009616851807,modal,cuda,U2AF2:HepG2
BCLAF1,HepG2,chr16:56506191:G:A,1,2,-1.8364487886428833,modal,cuda,U2AF2:HepG2
BCLAF1,HepG2,chr16:56509945:G:T,0,2,-0.40420079231262207,modal,cuda,U2AF2:HepG2
BCLAF1,HepG2,chr16:56510004:G:A,1,2,-1.9778523445129395,modal,cuda,U2AF2:HepG2
BCLAF1,HepG2,chr16:58542223:A:G,0,2,0.9297342300415039,modal,cuda,U2AF2:HepG2
BCLAF1,HepG2,chr16:58542479:C:T,0,2,1.4841339588165283,modal,cuda,U2AF2:HepG2
BCLAF1,HepG2,chr16:58547643:C:A,1,2,0.3067460060119629,modal,cuda,U2AF2:HepG2
BCLAF1,HepG2,chr16:58549799:G:A,0,2,-1.6546550989151,modal,cuda,U2AF2:HepG2
BCLAF1,HepG2,chr16:58551122:G:C,0,2,0.8684263229370117,modal,cuda,U2AF2:HepG2
BCLAF1,HepG2,chr16:58553768:C:T,0,2,0.37060117721557617,modal,cuda,U2AF2:HepG2
BCLAF1,HepG2,chr16:58553775:C:T,0,2,-0.3922736644744873,modal,cuda,U2AF2:HepG2
BCLAF1,HepG2,chr16:58553833:C:T,0,2,0.5726218223571777,modal,cuda,U2AF2:HepG2
BCLAF1,HepG2,chr16:58555444:G:A,1,2,-1.4289954900741577,modal,cuda,U2AF2:HepG2
BCLAF1,HepG2,chr16:58555529:T:C,0,2,0.49510282278060913,modal,cuda,U2AF2:HepG2
BCLAF1,HepG2,chr16:58576454:T:G,0,2,-0.5941658020019531,modal,cuda,U2AF2:HepG2
BCLAF1,HepG2,chr16:58580777:T:C,0,2,0.30815333127975464,modal,cuda,U2AF2:HepG2
BCLAF1,HepG2,chr16:58582911:A:G,0,2,-0.6709309816360474,modal,cuda,U2AF2:HepG2
BCLAF1,HepG2,chr16:58583080:T:C,0,2,-0.43802618980407715,modal,cuda,U2AF2:HepG2
BCLAF1,HepG2,chr16:58583093:C:T,0,2,-0.15707993507385254,modal,cuda,U2AF2:HepG2
BCLAF1,HepG2,chr16:58599241:G:A,1,2,0.7187482714653015,modal,cuda,U2AF2:HepG2
BCLAF1,HepG2,chr16:66536996:T:A,1,2,0.6304736137390137,modal,cuda,U2AF2:HepG2
BCLAF1,HepG2,chr16:66541955:T:G,1,2,2.3902926445007324,modal,cuda,U2AF2:HepG2
BCLAF1,HepG2,chr16:66541965:C:T,0,2,-0.5201479196548462,modal,cuda,U2AF2:HepG2
BCLAF1,HepG2,chr16:67611509:A:G,1,2,-0.2865161895751953,modal,cuda,U2AF2:HepG2
BCLAF1,HepG2,chr16:67942776:G:A,0,2,-0.30130553245544434,modal,cuda,U2AF2:HepG2
BCLAF1,HepG2,chr16:67942789:G:T,0,2,-0.1467592716217041,modal,cuda,U2AF2:HepG2
BCLAF1,HepG2,chr16:68329187:C:T,0,2,0.3227376937866211,modal,cuda,U2AF2:HepG2
BCLAF1,HepG2,chr16:68337544:T:A,1,2,-1.507122278213501,modal,cuda,U2AF2:HepG2
BCLAF1,HepG2,chr16:68337580:C:T,0,2,-0.2616236209869385,modal,cuda,U2AF2:HepG2
BCLAF1,HepG2,chr16:68347613:G:A,0,2,-0.42357707023620605,modal,cuda,U2AF2:HepG2
BCLAF1,HepG2,chr16:69647317:G:A,0,2,0.5624809265136719,modal,cuda,U2AF2:HepG2
BCLAF1,HepG2,chr16:69647467:A:G,0,2,-0.32903003692626953,modal,cuda,U2AF2:HepG2
BCLAF1,HepG2,chr16:69647605:T:A,0,2,-0.31499814987182617,modal,cuda,U2AF2:HepG2
BCLAF1,HepG2,chr16:69659711:T:A,0,2,0.271651029586792,modal,cuda,U2AF2:HepG2
BCLAF1,HepG2,chr16:69659915:C:T,0,2,0.3442845344543457,modal,cuda,U2AF2:HepG2
BCLAF1,HepG2,chr16:69669960:C:A,0,2,0.35782337188720703,modal,cuda,U2AF2:HepG2
BCLAF1,HepG2,chr16:69690920:T:C,0,2,-0.638242244720459,modal,cuda,U2AF2:HepG2
BCLAF1,HepG2,chr16:69690920:T:G,0,2,0.354654461145401,modal,cuda,U2AF2:HepG2
BCLAF1,HepG2,chr16:70500950:G:A,0,2,-0.42587947845458984,modal,cuda,U2AF2:HepG2
BCLAF1,HepG2,chr16:70509208:T:C,0,2,-0.7244818210601807,modal,cuda,U2AF2:HepG2
BCLAF1,HepG2,chr16:70510030:G:C,0,2,0.4405379593372345,modal,cuda,U2AF2:HepG2
BCLAF1,HepG2,chr16:70512280:C:A,1,2,2.526543378829956,modal,cuda,U2AF2:HepG2
BCLAF1,HepG2,chr16:70514316:A:T,0,2,0.48616933822631836,modal,cuda,U2AF2:HepG2
BCLAF1,HepG2,chr16:70514394:G:A,0,2,-0.28461694717407227,modal,cuda,U2AF2:HepG2
BCLAF1,HepG2,chr16:70784234:G:A,0,2,-0.29483509063720703,modal,cuda,U2AF2:HepG2
BCLAF1,HepG2,chr16:72109515:G:A,0,2,1.3228158950805664,modal,cuda,U2AF2:HepG2
BCLAF1,HepG2,chr16:72958583:C:A,0,2,-1.1710903644561768,modal,cuda,U2AF2:HepG2
BCLAF1,HepG2,chr16:75656381:A:G,0,2,0.28112149238586426,modal,cuda,U2AF2:HepG2
BCLAF1,HepG2,chr16:78108411:G:T,0,2,0.6205768585205078,modal,cuda,U2AF2:HepG2
BCLAF1,HepG2,chr16:78108442:C:T,1,2,0.5376591682434082,modal,cuda,U2AF2:HepG2
BCLAF1,HepG2,chr16:78108446:G:A,1,2,1.9214062690734863,modal,cuda,U2AF2:HepG2
BCLAF1,HepG2,chr16:78108447:G:A,1,2,0.6656110286712646,modal,cuda,U2AF2:HepG2
BCLAF1,HepG2,chr16:78108454:C:A,1,2,-0.5569542646408081,modal,cuda,U2AF2:HepG2
BCLAF1,HepG2,chr16:78108455:C:G,1,2,-0.8859803676605225,modal,cuda,U2AF2:HepG2
BCLAF1,HepG2,chr16:78108475:C:T,1,2,-0.5899584293365479,modal,cuda,U2AF2:HepG2
BCLAF1,HepG2,chr16:78108488:G:C,1,2,0.4941368103027344,modal,cuda,U2AF2:HepG2
BCLAF1,HepG2,chr16:78115000:C:G,1,2,0.9858115911483765,modal,cuda,U2AF2:HepG2
BCLAF1,HepG2,chr16:78115038:C:T,0,2,0.46968507766723633,modal,cuda,U2AF2:HepG2
BCLAF1,HepG2,chr16:78115066:C:G,1,2,0.3419675827026367,modal,cuda,U2AF2:HepG2
BCLAF1,HepG2,chr16:78115096:C:G,0,2,-0.8706417083740234,modal,cuda,U2AF2:HepG2
BCLAF1,HepG2,chr16:81351581:A:C,1,2,2.870354652404785,modal,cuda,U2AF2:HepG2
BCLAF1,HepG2,chr16:81351630:A:T,1,2,-1.1530389785766602,modal,cuda,U2AF2:HepG2
BCLAF1,HepG2,chr16:81354506:C:A,1,2,0.9313812255859375,modal,cuda,U2AF2:HepG2
BCLAF1,HepG2,chr16:81354554:C:G,1,2,-0.753358006477356,modal,cuda,U2AF2:HepG2
BCLAF1,HepG2,chr16:81354606:C:T,1,2,1.2117140293121338,modal,cuda,U2AF2:HepG2
BCLAF1,HepG2,chr16:81354624:G:T,1,2,-1.1225221157073975,modal,cuda,U2AF2:HepG2
BCLAF1,HepG2,chr16:81354704:T:A,1,2,1.2739624977111816,modal,cuda,U2AF2:HepG2
BCLAF1,HepG2,chr16:81354723:C:T,1,2,0.8689703941345215,modal,cuda,U2AF2:HepG2
BCLAF1,HepG2,chr16:81354727:G:A,1,2,0.6276049613952637,modal,cuda,U2AF2:HepG2
BCLAF1,HepG2,chr16:8811197:T:C,0,2,-0.11780786514282227,modal,cuda,U2AF2:HepG2
BCLAF1,HepG2,chr16:8894533:G:A,0,2,0.2977602481842041,modal,cuda,U2AF2:HepG2
BCLAF1,HepG2,chr16:8894534:G:C,0,2,0.5252243876457214,modal,cuda,U2AF2:HepG2
BCLAF1,HepG2,chr16:8894652:A:C,0,2,-1.4031076431274414,modal,cuda,U2AF2:HepG2
BCLAF1,HepG2,chr16:8895654:C:T,0,2,1.2214093208312988,modal,cuda,U2AF2:HepG2
BCLAF1,HepG2,chr16:8895687:T:C,0,2,-0.29651975631713867,modal,cuda,U2AF2:HepG2
BCLAF1,HepG2,chr16:8895755:A:C,0,2,0.7564346790313721,modal,cuda,U2AF2:HepG2
BCLAF1,HepG2,chr16:8896991:A:T,0,2,-0.2884831428527832,modal,cuda,U2AF2:HepG2
BCLAF1,HepG2,chr16:8897013:T:C,0,2,-0.3423137664794922,modal,cuda,U2AF2:HepG2
BCLAF1,HepG2,chr16:8901124:A:G,0,2,0.6263017654418945,modal,cuda,U2AF2:HepG2
BCLAF1,HepG2,chr16:8901130:C:T,0,2,-0.2507777214050293,modal,cuda,U2AF2:HepG2
BCLAF1,HepG2,chr16:8902441:T:C,0,2,-0.5436961650848389,modal,cuda,U2AF2:HepG2
BCLAF1,HepG2,chr16:8903270:T:G,0,2,0.7871723175048828,modal,cuda,U2AF2:HepG2
BCLAF1,HepG2,chr16:8903305:G:A,0,2,-1.377079725265503,modal,cuda,U2AF2:HepG2
BCLAF1,HepG2,chr16:8903379:A:T,1,2,1.1035175323486328,modal,cuda,U2AF2:HepG2
BCLAF1,HepG2,chr16:8906591:A:C,0,2,2.7802767753601074,modal,cuda,U2AF2:HepG2
BCLAF1,HepG2,chr16:8910769:G:A,0,2,0.7805275917053223,modal,cuda,U2AF2:HepG2
BCLAF1,HepG2,chr16:8915534:G:C,0,2,0.47722822427749634,modal,cuda,U2AF2:HepG2
BCLAF1,HepG2,chr16:8919014:G:A,0,2,-1.035599708557129,modal,cuda,U2AF2:HepG2
BCLAF1,HepG2,chr16:8919036:G:A,1,2,0.39397740364074707,modal,cuda,U2AF2:HepG2
BCLAF1,HepG2,chr16:8921250:G:C,1,2,0.9320780038833618,modal,cuda,U2AF2:HepG2
BCLAF1,HepG2,chr16:8930299:C:A,1,2,-1.35294508934021,modal,cuda,U2AF2:HepG2
BCLAF1,HepG2,chr16:8930314:C:T,0,2,0.46744775772094727,modal,cuda,U2AF2:HepG2
BCLAF1,HepG2,chr16:89305242:C:T,0,2,0.1933942437171936,modal,cuda,U2AF2:HepG2
BCLAF1,HepG2,chr16:89305272:G:A,1,2,0.6856546401977539,modal,cuda,U2AF2:HepG2
BCLAF1,HepG2,chr16:89305281:C:A,0,2,0.20520973205566406,modal,cuda,U2AF2:HepG2
BCLAF1,HepG2,chr16:89305291:G:A,0,2,0.2659040093421936,modal,cuda,U2AF2:HepG2
BCLAF1,HepG2,chr16:89305297:G:A,0,2,0.3001518249511719,modal,cuda,U2AF2:HepG2
BCLAF1,HepG2,chr16:89305321:G:A,0,2,0.3731875419616699,modal,cuda,U2AF2:HepG2
BCLAF1,HepG2,chr16:89550629:G:A,0,2,0.6887187957763672,modal,cuda,U2AF2:HepG2
BCLAF1,HepG2,chr16:89740803:C:A,1,2,0.9846420288085938,modal,cuda,U2AF2:HepG2
BCLAF1,HepG2,chr16:89740803:C:G,1,2,0.9555097818374634,modal,cuda,U2AF2:HepG2
BCLAF1,HepG2,chr16:89740808:G:C,1,2,-1.1358754634857178,modal,cuda,U2AF2:HepG2
BCLAF1,HepG2,chr16:89740823:G:T,1,2,-0.5822830200195312,modal,cuda,U2AF2:HepG2
BCLAF1,HepG2,chr16:89740825:C:G,0,2,0.649364709854126,modal,cuda,U2AF2:HepG2
BCLAF1,HepG2,chr16:89740846:G:C,1,2,0.837364673614502,modal,cuda,U2AF2:HepG2
BCLAF1,HepG2,chr16:89749906:A:G,0,2,-0.6057915687561035,modal,cuda,U2AF2:HepG2
BCLAF1,HepG2,chr16:89749925:C:T,0,2,0.6044209003448486,modal,cuda,U2AF2:HepG2
BCLAF1,HepG2,chr16:89752122:G:A,0,2,-0.3793039321899414,modal,cuda,U2AF2:HepG2
BCLAF1,HepG2,chr16:89778786:A:G,0,2,-0.8418211936950684,modal,cuda,U2AF2:HepG2
BCLAF1,HepG2,chr16:89791907:G:A,0,2,0.4534726142883301,modal,cuda,U2AF2:HepG2
BCLAF1,HepG2,chr17:1362023:A:T,0,1,-0.07374286651611328,modal,cuda,U2AF2:HepG2
BCLAF1,HepG2,chr17:1362024:T:A,0,1,0.0738992691040039,modal,cuda,U2AF2:HepG2
BCLAF1,HepG2,chr17:1362031:T:A,0,1,0.17013978958129883,modal,cuda,U2AF2:HepG2
BCLAF1,HepG2,chr17:16070530:A:T,0,1,2.8564651012420654,modal,cuda,U2AF2:HepG2
BCLAF1,HepG2,chr17:16139000:T:C,0,1,-0.3584446907043457,modal,cuda,U2AF2:HepG2
BCLAF1,HepG2,chr17:17219013:G:A,0,1,-0.41879796981811523,modal,cuda,U2AF2:HepG2
BCLAF1,HepG2,chr17:19657867:G:A,1,1,1.0089302062988281,modal,cuda,U2AF2:HepG2
BCLAF1,HepG2,chr17:2680326:T:C,1,1,0.46364474296569824,modal,cuda,U2AF2:HepG2
BCLAF1,HepG2,chr17:2680328:C:T,0,1,-0.549889326095581,modal,cuda,U2AF2:HepG2
BCLAF1,HepG2,chr17:29121649:G:A,0,1,-0.4746530055999756,modal,cuda,U2AF2:HepG2
BCLAF1,HepG2,chr17:29498311:C:T,0,1,0.7818121910095215,modal,cuda,U2AF2:HepG2
BCLAF1,HepG2,chr17:29517510:C:T,1,1,1.772989273071289,modal,cuda,U2AF2:HepG2
BCLAF1,HepG2,chr17:29517561:C:T,1,1,1.1083450317382812,modal,cuda,U2AF2:HepG2
BCLAF1,HepG2,chr17:29517567:C:T,1,1,-0.34521055221557617,modal,cuda,U2AF2:HepG2
BCLAF1,HepG2,chr17:29517575:A:G,0,1,-0.3492469787597656,modal,cuda,U2AF2:HepG2
BCLAF1,HepG2,chr17:29522454:C:T,1,1,2.688131809234619,modal,cuda,U2AF2:HepG2
BCLAF1,HepG2,chr17:29522463:C:T,1,1,4.332489013671875,modal,cuda,U2AF2:HepG2
BCLAF1,HepG2,chr17:29534311:T:C,0,1,0.1971902847290039,modal,cuda,U2AF2:HepG2
BCLAF1,HepG2,chr17:31159098:G:C,1,1,4.179896354675293,modal,cuda,U2AF2:HepG2
BCLAF1,HepG2,chr17:31169883:C:G,1,1,2.7538342475891113,modal,cuda,U2AF2:HepG2
BCLAF1,HepG2,chr17:31170002:G:A,1,1,2.0998330116271973,modal,cuda,U2AF2:HepG2
BCLAF1,HepG2,chr17:31170002:G:T,1,1,2.8279147148132324,modal,cuda,U2AF2:HepG2
BCLAF1,HepG2,chr17:31181688:A:C,0,1,0.3959922790527344,modal,cuda,U2AF2:HepG2
BCLAF1,HepG2,chr17:31182503:T:G,1,1,-1.5709896087646484,modal,cuda,U2AF2:HepG2
BCLAF1,HepG2,chr17:31227517:T:G,1,1,3.7036595344543457,modal,cuda,U2AF2:HepG2
BCLAF1,HepG2,chr17:31229011:A:G,1,1,2.6924562454223633,modal,cuda,U2AF2:HepG2
BCLAF1,HepG2,chr17:31229016:T:A,1,1,5.519132614135742,modal,cuda,U2AF2:HepG2
BCLAF1,HepG2,chr17:31230257:T:G,1,1,2.835507869720459,modal,cuda,U2AF2:HepG2
BCLAF1,HepG2,chr17:31230839:T:G,1,1,2.9560351371765137,modal,cuda,U2AF2:HepG2
BCLAF1,HepG2,chr17:31252953:C:T,0,1,0.06628037989139557,modal,cuda,U2AF2:HepG2
BCLAF1,HepG2,chr17:31252955:A:G,0,1,-0.5832908153533936,modal,cuda,U2AF2:HepG2
BCLAF1,HepG2,chr17:31252991:C:T,0,1,0.24874544143676758,modal,cuda,U2AF2:HepG2
BCLAF1,HepG2,chr17:31325810:T:G,1,1,4.0613298416137695,modal,cuda,U2AF2:HepG2
BCLAF1,HepG2,chr17:31330502:A:T,1,1,1.5335800647735596,modal,cuda,U2AF2:HepG2
BCLAF1,HepG2,chr17:31330503:G:A,1,1,1.4337666034698486,modal,cuda,U2AF2:HepG2
BCLAF1,HepG2,chr17:31338695:T:G,1,1,3.1294937133789062,modal,cuda,U2AF2:HepG2
BCLAF1,HepG2,chr17:31349100:T:A,1,1,0.5074737071990967,modal,cuda,U2AF2:HepG2
BCLAF1,HepG2,chr17:37248577:A:G,0,1,-0.15121841430664062,modal,cuda,U2AF2:HepG2
BCLAF1,HepG2,chr17:37248579:G:T,0,1,0.23802495002746582,modal,cuda,U2AF2:HepG2
BCLAF1,HepG2,chr17:37259341:C:T,0,1,0.47186315059661865,modal,cuda,U2AF2:HepG2
BCLAF1,HepG2,chr17:37263902:A:G,0,1,-0.45486950874328613,modal,cuda,U2AF2:HepG2
BCLAF1,HepG2,chr17:37278020:G:A,0,1,0.19901274144649506,modal,cuda,U2AF2:HepG2
BCLAF1,HepG2,chr17:37330157:T:C,0,1,0.30573606491088867,modal,cuda,U2AF2:HepG2
BCLAF1,HepG2,chr17:39509778:A:C,0,1,-0.3145568370819092,modal,cuda,U2AF2:HepG2
BCLAF1,HepG2,chr17:40392210:A:G,0,1,-0.26546710729599,modal,cuda,U2AF2:HepG2
BCLAF1,HepG2,chr17:41990284:T:C,0,1,-0.2950601577758789,modal,cuda,U2AF2:HepG2
BCLAF1,HepG2,chr17:42120388:G:C,0,1,0.19083178043365479,modal,cuda,U2AF2:HepG2
BCLAF1,HepG2,chr17:42217366:T:G,0,1,0.6405606865882874,modal,cuda,U2AF2:HepG2
BCLAF1,HepG2,chr17:42315759:T:C,0,1,-0.5254302024841309,modal,cuda,U2AF2:HepG2
BCLAF1,HepG2,chr17:42315763:G:A,0,1,-0.4711487293243408,modal,cuda,U2AF2:HepG2
BCLAF1,HepG2,chr17:42315764:C:T,0,1,0.5466954708099365,modal,cuda,U2AF2:HepG2
BCLAF1,HepG2,chr17:42315766:C:T,0,1,-0.303311824798584,modal,cuda,U2AF2:HepG2
BCLAF1,HepG2,chr17:42331448:C:A,0,1,0.3324143886566162,modal,cuda,U2AF2:HepG2
BCLAF1,HepG2,chr17:43090934:C:G,0,1,0.3292872905731201,modal,cuda,U2AF2:HepG2
BCLAF1,HepG2,chr17:43090946:G:A,1,1,1.5333716869354248,modal,cuda,U2AF2:HepG2
BCLAF1,HepG2,chr17:43090967:G:A,1,1,1.1285836696624756,modal,cuda,U2AF2:HepG2
BCLAF1,HepG2,chr17:43090981:G:C,1,1,-0.18227863311767578,modal,cuda,U2AF2:HepG2
BCLAF1,HepG2,chr17:43090983:G:T,1,1,0.4818711280822754,modal,cuda,U2AF2:HepG2
BCLAF1,HepG2,chr17:43090997:C:T,0,1,0.8489588499069214,modal,cuda,U2AF2:HepG2
BCLAF1,HepG2,chr17:43091006:C:A,1,1,1.1859850883483887,modal,cuda,U2AF2:HepG2
BCLAF1,HepG2,chr17:43104187:G:A,1,1,0.44194984436035156,modal,cuda,U2AF2:HepG2
BCLAF1,HepG2,chr17:43104193:T:C,0,1,-0.3977699279785156,modal,cuda,U2AF2:HepG2
BCLAF1,HepG2,chr17:43104208:T:A,1,1,1.4052972793579102,modal,cuda,U2AF2:HepG2
BCLAF1,HepG2,chr17:43104217:C:A,1,1,-1.9089223146438599,modal,cuda,U2AF2:HepG2
BCLAF1,HepG2,chr17:43104232:C:A,1,1,2.6797516345977783,modal,cuda,U2AF2:HepG2
BCLAF1,HepG2,chr17:43104235:T:A,1,1,-1.869812250137329,modal,cuda,U2AF2:HepG2
BCLAF1,HepG2,chr17:43104248:A:T,1,1,0.7489343881607056,modal,cuda,U2AF2:HepG2
BCLAF1,HepG2,chr17:43104249:T:C,0,1,-0.7925937175750732,modal,cuda,U2AF2:HepG2
BCLAF1,HepG2,chr17:43104258:G:C,0,1,0.2212543487548828,modal,cuda,U2AF2:HepG2
BCLAF1,HepG2,chr17:43104260:A:C,1,1,0.8617194294929504,modal,cuda,U2AF2:HepG2
BCLAF1,HepG2,chr17:43104260:A:T,1,1,0.3028249740600586,modal,cuda,U2AF2:HepG2
BCLAF1,HepG2,chr17:43104262:C:G,1,1,4.00514554977417,modal,cuda,U2AF2:HepG2
BCLAF1,HepG2,chr17:43104263:T:A,1,1,3.949469804763794,modal,cuda,U2AF2:HepG2
BCLAF1,HepG2,chr17:43124013:T:A,1,1,-0.6600127220153809,modal,cuda,U2AF2:HepG2
BCLAF1,HepG2,chr17:43124014:T:G,1,1,-0.39545536041259766,modal,cuda,U2AF2:HepG2
BCLAF1,HepG2,chr17:43124015:A:C,1,1,-0.3143577575683594,modal,cuda,U2AF2:HepG2
BCLAF1,HepG2,chr17:43124015:A:G,1,1,0.23958158493041992,modal,cuda,U2AF2:HepG2
BCLAF1,HepG2,chr17:43124015:A:T,1,1,0.34583139419555664,modal,cuda,U2AF2:HepG2
BCLAF1,HepG2,chr17:43124016:C:A,1,1,1.2340843677520752,modal,cuda,U2AF2:HepG2
BCLAF1,HepG2,chr17:43124016:C:G,1,1,1.0300962924957275,modal,cuda,U2AF2:HepG2
BCLAF1,HepG2,chr17:43124020:A:T,1,1,-1.0007933378219604,modal,cuda,U2AF2:HepG2
BCLAF1,HepG2,chr17:43124025:A:C,1,1,-0.2826378345489502,modal,cuda,U2AF2:HepG2
BCLAF1,HepG2,chr17:43124030:C:A,1,1,-1.6548211574554443,modal,cuda,U2AF2:HepG2
BCLAF1,HepG2,chr17:43124032:A:C,1,1,-0.6603174209594727,modal,cuda,U2AF2:HepG2
BCLAF1,HepG2,chr17:43124032:A:G,1,1,0.38283729553222656,modal,cuda,U2AF2:HepG2
BCLAF1,HepG2,chr17:43124032:A:T,1,1,-0.38533973693847656,modal,cuda,U2AF2:HepG2
BCLAF1,HepG2,chr17:43124042:G:A,1,1,1.6338508129119873,modal,cuda,U2AF2:HepG2
BCLAF1,HepG2,chr17:43124044:A:G,1,1,-0.391080379486084,modal,cuda,U2AF2:HepG2
BCLAF1,HepG2,chr17:43124063:G:A,1,1,2.6799778938293457,modal,cuda,U2AF2:HepG2
BCLAF1,HepG2,chr17:43124076:G:A,0,1,-0.420851469039917,modal,cuda,U2AF2:HepG2
BCLAF1,HepG2,chr17:43124089:A:C,1,1,1.284430980682373,modal,cuda,U2AF2:HepG2
BCLAF1,HepG2,chr17:43124094:C:A,1,1,0.5921783447265625,modal,cuda,U2AF2:HepG2
BCLAF1,HepG2,chr17:43124094:C:G,1,1,0.678290843963623,modal,cuda,U2AF2:HepG2
BCLAF1,HepG2,chr17:43124095:A:C,1,1,0.9819080829620361,modal,cuda,U2AF2:HepG2
BCLAF1,HepG2,chr17:43124095:A:G,1,1,-0.5715293884277344,modal,cuda,U2AF2:HepG2
BCLAF1,HepG2,chr17:43124095:A:T,1,1,-0.13315510749816895,modal,cuda,U2AF2:HepG2
BCLAF1,HepG2,chr17:43124118:T:C,0,1,1.425661563873291,modal,cuda,U2AF2:HepG2
BCLAF1,HepG2,chr17:47137288:C:T,1,1,-0.4107537269592285,modal,cuda,U2AF2:HepG2
BCLAF1,HepG2,chr17:47613665:G:T,0,1,-0.31666994094848633,modal,cuda,U2AF2:HepG2
BCLAF1,HepG2,chr17:49039981:C:T,0,1,1.2523713111877441,modal,cuda,U2AF2:HepG2
BCLAF1,HepG2,chr17:4953081:A:G,0,1,0.2218998670578003,modal,cuda,U2AF2:HepG2
BCLAF1,HepG2,chr17:4953095:G:C,0,1,1.7724336385726929,modal,cuda,U2AF2:HepG2
BCLAF1,HepG2,chr17:5007245:C:T,0,1,-0.11771011352539062,modal,cuda,U2AF2:HepG2
BCLAF1,HepG2,chr17:5007253:A:T,0,1,-0.41428709030151367,modal,cuda,U2AF2:HepG2
BCLAF1,HepG2,chr17:5020689:G:T,0,1,0.5615367889404297,modal,cuda,U2AF2:HepG2
BCLAF1,HepG2,chr17:50995048:C:T,0,1,-0.2991662621498108,modal,cuda,U2AF2:HepG2
BCLAF1,HepG2,chr17:51005202:G:A,0,1,-0.8657076358795166,modal,cuda,U2AF2:HepG2
BCLAF1,HepG2,chr17:58005893:G:A,1,1,2.741925001144409,modal,cuda,U2AF2:HepG2
BCLAF1,HepG2,chr17:58370894:G:A,0,1,-0.5749478340148926,modal,cuda,U2AF2:HepG2
BCLAF1,HepG2,chr17:58370926:C:G,0,1,1.0822875499725342,modal,cuda,U2AF2:HepG2
BCLAF1,HepG2,chr17:59056907:G:C,1,1,0.362424373626709,modal,cuda,U2AF2:HepG2
BCLAF1,HepG2,chr17:59056958:G:A,0,1,-0.5001215934753418,modal,cuda,U2AF2:HepG2
BCLAF1,HepG2,chr17:59647682:T:G,0,1,0.9429354667663574,modal,cuda,U2AF2:HepG2
BCLAF1,HepG2,chr17:59651334:A:C,0,1,0.7747691869735718,modal,cuda,U2AF2:HepG2
BCLAF1,HepG2,chr17:59664771:C:T,0,1,0.8162251710891724,modal,cuda,U2AF2:HepG2
BCLAF1,HepG2,chr17:59664779:G:C,0,1,-0.4204983711242676,modal,cuda,U2AF2:HepG2
BCLAF1,HepG2,chr17:59673621:T:C,0,1,-0.1860365867614746,modal,cuda,U2AF2:HepG2
BCLAF1,HepG2,chr17:59682620:T:G,0,1,-1.0305460691452026,modal,cuda,U2AF2:HepG2
BCLAF1,HepG2,chr17:59683089:G:A,0,1,0.36610209941864014,modal,cuda,U2AF2:HepG2
BCLAF1,HepG2,chr17:59914627:T:A,0,1,0.410980224609375,modal,cuda,U2AF2:HepG2
BCLAF1,HepG2,chr17:60647880:C:A,0,1,1.6695613861083984,modal,cuda,U2AF2:HepG2
BCLAF1,HepG2,chr17:62052710:A:G,0,1,1.6081719398498535,modal,cuda,U2AF2:HepG2
BCLAF1,HepG2,chr17:62522231:C:T,1,1,1.9332329034805298,modal,cuda,U2AF2:HepG2
BCLAF1,HepG2,chr17:62522252:G:T,1,1,1.9426112174987793,modal,cuda,U2AF2:HepG2
BCLAF1,HepG2,chr17:63760899:G:A,0,1,0.6989181041717529,modal,cuda,U2AF2:HepG2
BCLAF1,HepG2,chr17:65529829:G:A,0,1,0.17511940002441406,modal,cuda,U2AF2:HepG2
BCLAF1,HepG2,chr17:6623043:G:A,1,1,2.266120195388794,modal,cuda,U2AF2:HepG2
BCLAF1,HepG2,chr17:6623565:C:A,1,1,2.196589946746826,modal,cuda,U2AF2:HepG2
BCLAF1,HepG2,chr17:67345860:A:G,0,1,1.9998526573181152,modal,cuda,U2AF2:HepG2
BCLAF1,HepG2,chr17:67854771:A:G,0,1,-0.42580175399780273,modal,cuda,U2AF2:HepG2
BCLAF1,HepG2,chr17:67903776:C:G,0,1,1.1574113368988037,modal,cuda,U2AF2:HepG2
BCLAF1,HepG2,chr17:67909578:T:C,0,1,-0.7067124843597412,modal,cuda,U2AF2:HepG2
BCLAF1,HepG2,chr17:68523831:T:C,0,1,0.6538610458374023,modal,cuda,U2AF2:HepG2
BCLAF1,HepG2,chr17:68525736:A:G,0,1,0.6347737312316895,modal,cuda,U2AF2:HepG2
BCLAF1,HepG2,chr17:68525746:C:T,0,1,-0.9086050987243652,modal,cuda,U2AF2:HepG2
BCLAF1,HepG2,chr17:69255854:A:G,0,1,-0.859849214553833,modal,cuda,U2AF2:HepG2
BCLAF1,HepG2,chr17:75630844:G:T,0,1,1.2570252418518066,modal,cuda,U2AF2:HepG2
BCLAF1,HepG2,chr17:75630845:G:T,0,1,0.793825626373291,modal,cuda,U2AF2:HepG2
BCLAF1,HepG2,chr17:75630846:G:T,0,1,0.9499354362487793,modal,cuda,U2AF2:HepG2
BCLAF1,HepG2,chr17:75949484:C:T,0,1,-2.1245062351226807,modal,cuda,U2AF2:HepG2
BCLAF1,HepG2,chr17:78814538:C:T,0,1,0.4351017475128174,modal,cuda,U2AF2:HepG2
BCLAF1,HepG2,chr17:80331997:C:T,0,1,-0.9380956292152405,modal,cuda,U2AF2:HepG2
BCLAF1,HepG2,chr17:80343344:C:T,0,1,0.4268455505371094,modal,cuda,U2AF2:HepG2
BCLAF1,HepG2,chr17:80354550:C:T,0,1,-0.40562301874160767,modal,cuda,U2AF2:HepG2
BCLAF1,HepG2,chr17:80354565:G:A,0,1,0.2802855968475342,modal,cuda,U2AF2:HepG2
BCLAF1,HepG2,chr17:82927172:A:C,0,1,0.4428720474243164,modal,cuda,U2AF2:HepG2
BCLAF1,HepG2,chr18:10797364:T:G,0,4,-0.8207428455352783,modal,cuda,U2AF2:HepG2
BCLAF1,HepG2,chr18:12344256:A:G,0,4,-1.0145728588104248,modal,cuda,U2AF2:HepG2
BCLAF1,HepG2,chr18:12366938:C:T,0,4,0.6845216751098633,modal,cuda,U2AF2:HepG2
BCLAF1,HepG2,chr18:12794489:T:C,0,4,-0.5416920185089111,modal,cuda,U2AF2:HepG2
BCLAF1,HepG2,chr18:203081:A:C,0,4,0.8504984378814697,modal,cuda,U2AF2:HepG2
BCLAF1,HepG2,chr18:20970516:G:A,0,4,1.6484029293060303,modal,cuda,U2AF2:HepG2
BCLAF1,HepG2,chr18:21804032:A:G,0,4,0.24857139587402344,modal,cuda,U2AF2:HepG2
BCLAF1,HepG2,chr18:21838514:A:G,0,4,0.3357844352722168,modal,cuda,U2AF2:HepG2
BCLAF1,HepG2,chr18:2688754:T:C,0,4,0.4943695068359375,modal,cuda,U2AF2:HepG2
BCLAF1,HepG2,chr18:2700921:A:G,1,4,1.2037062644958496,modal,cuda,U2AF2:HepG2
BCLAF1,HepG2,chr18:2707802:C:T,0,4,-0.812802791595459,modal,cuda,U2AF2:HepG2
BCLAF1,HepG2,chr18:2951049:T:C,0,4,-0.23151564598083496,modal,cuda,U2AF2:HepG2
BCLAF1,HepG2,chr18:31092098:T:C,1,4,0.39132094383239746,modal,cuda,U2AF2:HepG2
BCLAF1,HepG2,chr18:31524601:C:A,0,4,0.41063570976257324,modal,cuda,U2AF2:HepG2
BCLAF1,HepG2,chr18:31531269:C:T,0,4,-0.43163466453552246,modal,cuda,U2AF2:HepG2
BCLAF1,HepG2,chr18:31545906:C:A,1,4,0.4895210266113281,modal,cuda,U2AF2:HepG2
BCLAF1,HepG2,chr18:36145962:C:T,1,4,2.6990694999694824,modal,cuda,U2AF2:HepG2
BCLAF1,HepG2,chr18:36146372:A:T,0,4,-0.8650791645050049,modal,cuda,U2AF2:HepG2
BCLAF1,HepG2,chr18:36156575:G:T,1,4,1.5722861289978027,modal,cuda,U2AF2:HepG2
BCLAF1,HepG2,chr18:36159822:T:C,0,4,0.27286481857299805,modal,cuda,U2AF2:HepG2
BCLAF1,HepG2,chr18:36159984:C:T,1,4,1.5971533060073853,modal,cuda,U2AF2:HepG2
BCLAF1,HepG2,chr18:36159990:A:C,1,4,-1.43804931640625,modal,cuda,U2AF2:HepG2
BCLAF1,HepG2,chr18:36171049:A:G,0,4,0.32881706953048706,modal,cuda,U2AF2:HepG2
BCLAF1,HepG2,chr18:36171050:C:T,0,4,0.4285564422607422,modal,cuda,U2AF2:HepG2
BCLAF1,HepG2,chr18:45939771:G:A,0,4,-0.7541582584381104,modal,cuda,U2AF2:HepG2
BCLAF1,HepG2,chr18:46090014:T:C,0,4,0.753197431564331,modal,cuda,U2AF2:HepG2
BCLAF1,HepG2,chr18:46855381:T:C,0,4,0.449582576751709,modal,cuda,U2AF2:HepG2
BCLAF1,HepG2,chr18:47848464:A:G,0,4,-0.2170872688293457,modal,cuda,U2AF2:HepG2
BCLAF1,HepG2,chr18:49331908:G:T,1,4,1.293757438659668,modal,cuda,U2AF2:HepG2
BCLAF1,HepG2,chr18:49331954:G:A,1,4,1.0093498229980469,modal,cuda,U2AF2:HepG2
BCLAF1,HepG2,chr18:49363144:G:A,0,4,-0.49246931076049805,modal,cuda,U2AF2:HepG2
BCLAF1,HepG2,chr18:49363235:T:C,1,4,3.002213716506958,modal,cuda,U2AF2:HepG2
BCLAF1,HepG2,chr18:49379676:T:C,0,4,-0.9762439727783203,modal,cuda,U2AF2:HepG2
BCLAF1,HepG2,chr18:49379693:C:T,1,4,1.4830131530761719,modal,cuda,U2AF2:HepG2
BCLAF1,HepG2,chr18:50276696:C:T,0,4,0.4899888038635254,modal,cuda,U2AF2:HepG2
BCLAF1,HepG2,chr18:51047061:T:G,0,4,-0.2806847095489502,modal,cuda,U2AF2:HepG2
BCLAF1,HepG2,chr18:51047103:T:C,0,4,0.36167192459106445,modal,cuda,U2AF2:HepG2
BCLAF1,HepG2,chr18:51047124:T:C,0,4,-1.1328980922698975,modal,cuda,U2AF2:HepG2
BCLAF1,HepG2,chr18:51047167:G:T,1,4,2.4118316173553467,modal,cuda,U2AF2:HepG2
BCLAF1,HepG2,chr18:51047226:T:C,0,4,-0.3087575435638428,modal,cuda,U2AF2:HepG2
BCLAF1,HepG2,chr18:51047268:A:C,0,4,0.5551323890686035,modal,cuda,U2AF2:HepG2
BCLAF1,HepG2,chr18:51047292:T:G,0,4,-0.712592601776123,modal,cuda,U2AF2:HepG2
BCLAF1,HepG2,chr18:51048760:A:G,0,4,0.6805636882781982,modal,cuda,U2AF2:HepG2
BCLAF1,HepG2,chr18:51048814:C:G,0,4,-1.4957633018493652,modal,cuda,U2AF2:HepG2
BCLAF1,HepG2,chr18:51048832:C:T,0,4,0.5654300451278687,modal,cuda,U2AF2:HepG2
BCLAF1,HepG2,chr18:51048849:C:A,1,4,0.5952668190002441,modal,cuda,U2AF2:HepG2
BCLAF1,HepG2,chr18:51048853:T:C,0,4,-0.22719763219356537,modal,cuda,U2AF2:HepG2
BCLAF1,HepG2,chr18:51067020:T:C,0,4,0.6100492477416992,modal,cuda,U2AF2:HepG2
BCLAF1,HepG2,chr18:51067107:C:T,1,4,1.1941580772399902,modal,cuda,U2AF2:HepG2
BCLAF1,HepG2,chr18:51067120:T:G,1,4,-3.6440305709838867,modal,cuda,U2AF2:HepG2
BCLAF1,HepG2,chr18:51067142:A:T,0,4,-0.45200657844543457,modal,cuda,U2AF2:HepG2
BCLAF1,HepG2,chr18:58245441:A:G,0,4,1.9201281070709229,modal,cuda,U2AF2:HepG2
BCLAF1,HepG2,chr18:58245461:G:A,0,4,0.9851710796356201,modal,cuda,U2AF2:HepG2
BCLAF1,HepG2,chr18:58323338:C:T,0,4,-0.31383180618286133,modal,cuda,U2AF2:HepG2
BCLAF1,HepG2,chr18:58323348:G:A,0,4,0.657132625579834,modal,cuda,U2AF2:HepG2
BCLAF1,HepG2,chr18:58370393:T:G,0,4,-0.9991236925125122,modal,cuda,U2AF2:HepG2
BCLAF1,HepG2,chr18:58370394:T:C,0,4,-1.0116393566131592,modal,cuda,U2AF2:HepG2
BCLAF1,HepG2,chr18:58370482:G:A,0,4,0.8374385833740234,modal,cuda,U2AF2:HepG2
BCLAF1,HepG2,chr18:58383323:T:C,0,4,0.41016101837158203,modal,cuda,U2AF2:HepG2
BCLAF1,HepG2,chr18:58383333:T:C,0,4,0.31681299209594727,modal,cuda,U2AF2:HepG2
BCLAF1,HepG2,chr18:58733594:T:C,0,4,0.44065845012664795,modal,cuda,U2AF2:HepG2
BCLAF1,HepG2,chr18:62146032:A:T,0,4,0.9519986510276794,modal,cuda,U2AF2:HepG2
BCLAF1,HepG2,chr18:62228347:A:G,0,4,-0.6006059646606445,modal,cuda,U2AF2:HepG2
BCLAF1,HepG2,chr18:70150601:G:A,0,4,-1.6519994735717773,modal,cuda,U2AF2:HepG2
BCLAF1,HepG2,chr18:70150610:C:A,1,4,4.844173431396484,modal,cuda,U2AF2:HepG2
BCLAF1,HepG2,chr18:70166044:G:A,0,4,0.7879867553710938,modal,cuda,U2AF2:HepG2
BCLAF1,HepG2,chr18:70166059:C:T,0,4,-1.4805006980895996,modal,cuda,U2AF2:HepG2
BCLAF1,HepG2,chr18:70166070:T:C,0,4,0.3133220672607422,modal,cuda,U2AF2:HepG2
BCLAF1,HepG2,chr18:70166149:T:C,0,4,0.29732441902160645,modal,cuda,U2AF2:HepG2
BCLAF1,HepG2,chr18:70166157:G:A,1,4,1.3182815313339233,modal,cuda,U2AF2:HepG2
BCLAF1,HepG2,chr18:70190723:C:A,0,4,0.758786678314209,modal,cuda,U2AF2:HepG2
BCLAF1,HepG2,chr18:74501372:C:T,0,4,0.2049424648284912,modal,cuda,U2AF2:HepG2
BCLAF1,HepG2,chr18:79110412:A:C,0,4,-0.5589547157287598,modal,cuda,U2AF2:HepG2
BCLAF1,HepG2,chr18:79253425:A:G,0,4,-0.46358126401901245,modal,cuda,U2AF2:HepG2
BCLAF1,HepG2,chr19:10151737:C:T,0,4,-0.30875635147094727,modal,cuda,U2AF2:HepG2
BCLAF1,HepG2,chr19:10994833:C:A,1,4,-1.6042745113372803,modal,cuda,U2AF2:HepG2
BCLAF1,HepG2,chr19:10994932:T:C,0,4,0.742324709892273,modal,cuda,U2AF2:HepG2
BCLAF1,HepG2,chr19:10994951:C:T,1,4,1.5588085651397705,modal,cuda,U2AF2:HepG2
BCLAF1,HepG2,chr19:10996285:C:T,1,4,-1.0743155479431152,modal,cuda,U2AF2:HepG2
BCLAF1,HepG2,chr19:10996294:G:A,1,4,0.4645785093307495,modal,cuda,U2AF2:HepG2
BCLAF1,HepG2,chr19:10996299:C:G,1,4,-1.113243818283081,modal,cuda,U2AF2:HepG2
BCLAF1,HepG2,chr19:11003047:C:T,1,4,1.442408561706543,modal,cuda,U2AF2:HepG2
BCLAF1,HepG2,chr19:12943967:G:T,0,4,0.8630480766296387,modal,cuda,U2AF2:HepG2
BCLAF1,HepG2,chr19:23373748:G:A,0,4,-0.7507311105728149,modal,cuda,U2AF2:HepG2
BCLAF1,HepG2,chr19:23373803:A:G,0,4,-0.3125760555267334,modal,cuda,U2AF2:HepG2
BCLAF1,HepG2,chr19:30009016:C:T,0,4,-0.0969533920288086,modal,cuda,U2AF2:HepG2
BCLAF1,HepG2,chr19:34451967:A:T,0,4,-0.4475884437561035,modal,cuda,U2AF2:HepG2
BCLAF1,HepG2,chr19:56814075:G:A,0,4,0.3649177551269531,modal,cuda,U2AF2:HepG2
BCLAF1,HepG2,chr19:56814275:G:A,0,4,-0.5840637683868408,modal,cuda,U2AF2:HepG2
BCLAF1,HepG2,chr19:56814509:G:A,0,4,-0.6196216344833374,modal,cuda,U2AF2:HepG2
BCLAF1,HepG2,chr19:56814611:G:A,0,4,0.30861902236938477,modal,cuda,U2AF2:HepG2
BCLAF1,HepG2,chr19:56815927:C:G,0,4,-0.8789222240447998,modal,cuda,U2AF2:HepG2
BCLAF1,HepG2,chr19:56816052:C:A,0,4,1.059384822845459,modal,cuda,U2AF2:HepG2
BCLAF1,HepG2,chr19:56816064:A:G,0,4,-0.48132967948913574,modal,cuda,U2AF2:HepG2
BCLAF1,HepG2,chr19:56816350:A:C,0,4,-0.6652719974517822,modal,cuda,U2AF2:HepG2
BCLAF1,HepG2,chr19:56816571:T:C,0,4,0.636735200881958,modal,cuda,U2AF2:HepG2
BCLAF1,HepG2,chr19:56816845:C:A,0,4,0.6347265243530273,modal,cuda,U2AF2:HepG2
BCLAF1,HepG2,chr1:100015402:G:A,1,0,1.2626347541809082,modal,cuda,U2AF2:HepG2
BCLAF1,HepG2,chr1:100015418:C:T,1,0,2.953126907348633,modal,cuda,U2AF2:HepG2
BCLAF1,HepG2,chr1:100214875:A:T,1,0,1.4830936193466187,modal,cuda,U2AF2:HepG2
BCLAF1,HepG2,chr1:10258474:C:T,0,0,-0.190224289894104,modal,cuda,U2AF2:HepG2
BCLAF1,HepG2,chr1:10258678:A:C,0,0,0.11779451370239258,modal,cuda,U2AF2:HepG2
BCLAF1,HepG2,chr1:10261983:G:A,0,0,0.6262561082839966,modal,cuda,U2AF2:HepG2
BCLAF1,HepG2,chr1:10261996:G:A,0,0,0.564673662185669,modal,cuda,U2AF2:HepG2
BCLAF1,HepG2,chr1:10268280:C:T,0,0,0.631258487701416,modal,cuda,U2AF2:HepG2
BCLAF1,HepG2,chr1:10295776:C:T,0,0,0.6551132202148438,modal,cuda,U2AF2:HepG2
BCLAF1,HepG2,chr1:103544934:C:G,0,0,2.29205060005188,modal,cuda,U2AF2:HepG2
BCLAF1,HepG2,chr1:108937207:C:T,0,0,-0.5737292170524597,modal,cuda,U2AF2:HepG2
BCLAF1,HepG2,chr1:108937337:G:A,0,0,1.4611587524414062,modal,cuda,U2AF2:HepG2
BCLAF1,HepG2,chr1:108939681:C:T,0,0,0.9054079055786133,modal,cuda,U2AF2:HepG2
BCLAF1,HepG2,chr1:108939682:G:A,0,0,0.15547895431518555,modal,cuda,U2AF2:HepG2
BCLAF1,HepG2,chr1:108943574:A:G,0,0,-0.6130027770996094,modal,cuda,U2AF2:HepG2
BCLAF1,HepG2,chr1:108949856:T:C,0,0,-0.9252476692199707,modal,cuda,U2AF2:HepG2
BCLAF1,HepG2,chr1:11013974:C:T,0,0,-0.32824039459228516,modal,cuda,U2AF2:HepG2
BCLAF1,HepG2,chr1:111159398:A:G,0,0,-0.3753000795841217,modal,cuda,U2AF2:HepG2
BCLAF1,HepG2,chr1:11232419:G:A,0,0,-0.7581593990325928,modal,cuda,U2AF2:HepG2
BCLAF1,HepG2,chr1:11232433:C:A,0,0,3.106050491333008,modal,cuda,U2AF2:HepG2
BCLAF1,HepG2,chr1:11247729:C:A,0,0,0.19024968147277832,modal,cuda,U2AF2:HepG2
BCLAF1,HepG2,chr1:11253894:T:G,0,0,-0.699397087097168,modal,cuda,U2AF2:HepG2
BCLAF1,HepG2,chr1:11253918:C:A,0,0,-0.4894249439239502,modal,cuda,U2AF2:HepG2
BCLAF1,HepG2,chr1:11253942:T:C,0,0,0.24179255962371826,modal,cuda,U2AF2:HepG2
BCLAF1,HepG2,chr1:11253957:G:A,0,0,0.775792121887207,modal,cuda,U2AF2:HepG2
BCLAF1,HepG2,chr1:11259273:T:C,0,0,-1.0971161127090454,modal,cuda,U2AF2:HepG2
BCLAF1,HepG2,chr1:11259312:T:A,0,0,0.23183059692382812,modal,cuda,U2AF2:HepG2
BCLAF1,HepG2,chr1:11259350:G:A,0,0,-2.3453450202941895,modal,cuda,U2AF2:HepG2
BCLAF1,HepG2,chr1:113116443:A:G,0,0,1.0524230003356934,modal,cuda,U2AF2:HepG2
BCLAF1,HepG2,chr1:11815922:C:A,0,0,-0.5588808059692383,modal,cuda,U2AF2:HepG2
BCLAF1,HepG2,chr1:11816605:G:A,0,0,0.1984102725982666,modal,cuda,U2AF2:HepG2
BCLAF1,HepG2,chr1:11816629:T:C,0,0,-0.8031368255615234,modal,cuda,U2AF2:HepG2
BCLAF1,HepG2,chr1:11816635:G:A,0,0,0.29518866539001465,modal,cuda,U2AF2:HepG2
BCLAF1,HepG2,chr1:119950690:C:T,0,0,0.5712668895721436,modal,cuda,U2AF2:HepG2
BCLAF1,HepG2,chr1:12256527:A:G,0,0,-0.7265896797180176,modal,cuda,U2AF2:HepG2
BCLAF1,HepG2,chr1:147201336:G:A,0,0,0.742146372795105,modal,cuda,U2AF2:HepG2
BCLAF1,HepG2,chr1:147275406:T:C,0,0,-1.1347577571868896,modal,cuda,U2AF2:HepG2
BCLAF1,HepG2,chr1:147280037:A:G,0,0,-0.5277499556541443,modal,cuda,U2AF2:HepG2
BCLAF1,HepG2,chr1:147280109:C:A,0,0,-0.7790215015411377,modal,cuda,U2AF2:HepG2
BCLAF1,HepG2,chr1:147285415:A:C,0,0,0.1444694995880127,modal,cuda,U2AF2:HepG2
BCLAF1,HepG2,chr1:147285455:G:A,0,0,0.7684611082077026,modal,cuda,U2AF2:HepG2
BCLAF1,HepG2,chr1:147295468:T:G,0,0,1.2861146926879883,modal,cuda,U2AF2:HepG2
BCLAF1,HepG2,chr1:150076219:C:T,0,0,-0.25981831550598145,modal,cuda,U2AF2:HepG2
BCLAF1,HepG2,chr1:150076341:C:T,0,0,-0.8551366329193115,modal,cuda,U2AF2:HepG2
BCLAF1,HepG2,chr1:150082811:A:G,0,0,-0.7416634559631348,modal,cuda,U2AF2:HepG2
BCLAF1,HepG2,chr1:150325734:G:A,0,0,0.39466118812561035,modal,cuda,U2AF2:HepG2
BCLAF1,HepG2,chr1:151429635:C:A,1,0,0.25704050064086914,modal,cuda,U2AF2:HepG2
BCLAF1,HepG2,chr1:151429642:G:A,1,0,0.40538930892944336,modal,cuda,U2AF2:HepG2
BCLAF1,HepG2,chr1:151429712:C:T,1,0,3.851680278778076,modal,cuda,U2AF2:HepG2
BCLAF1,HepG2,chr1:151429713:T:G,1,0,4.999325275421143,modal,cuda,U2AF2:HepG2
BCLAF1,HepG2,chr1:151441087:C:A,1,0,3.447455406188965,modal,cuda,U2AF2:HepG2
BCLAF1,HepG2,chr1:151441097:G:T,0,0,0.29335731267929077,modal,cuda,U2AF2:HepG2
BCLAF1,HepG2,chr1:153827982:T:C,0,0,-0.42949461936950684,modal,cuda,U2AF2:HepG2
BCLAF1,HepG2,chr1:153827983:A:G,0,0,0.35174083709716797,modal,cuda,U2AF2:HepG2
BCLAF1,HepG2,chr1:154170417:G:T,1,0,-0.6009221076965332,modal,cuda,U2AF2:HepG2
BCLAF1,HepG2,chr1:154172971:C:T,1,0,0.8945599794387817,modal,cuda,U2AF2:HepG2
BCLAF1,HepG2,chr1:154172972:G:A,1,0,0.5961887836456299,modal,cuda,U2AF2:HepG2
BCLAF1,HepG2,chr1:154173127:T:G,1,0,0.38070178031921387,modal,cuda,U2AF2:HepG2
BCLAF1,HepG2,chr1:154173134:G:T,1,0,0.3314574956893921,modal,cuda,U2AF2:HepG2
BCLAF1,HepG2,chr1:154602122:G:A,1,0,-0.782848596572876,modal,cuda,U2AF2:HepG2
BCLAF1,HepG2,chr1:156268420:A:G,0,0,0.6600649356842041,modal,cuda,U2AF2:HepG2
BCLAF1,HepG2,chr1:156334921:A:G,0,0,0.8365709185600281,modal,cuda,U2AF2:HepG2
BCLAF1,HepG2,chr1:160238682:T:C,0,0,0.449564129114151,modal,cuda,U2AF2:HepG2
BCLAF1,HepG2,chr1:160293382:T:C,0,0,0.909119725227356,modal,cuda,U2AF2:HepG2
BCLAF1,HepG2,chr1:160295878:G:C,0,0,0.25631260871887207,modal,cuda,U2AF2:HepG2
BCLAF1,HepG2,chr1:160297336:T:C,0,0,0.4183058440685272,modal,cuda,U2AF2:HepG2
BCLAF1,HepG2,chr1:160297765:G:A,0,0,-0.4795093536376953,modal,cuda,U2AF2:HepG2
BCLAF1,HepG2,chr1:160313067:A:G,0,0,-0.42799627780914307,modal,cuda,U2AF2:HepG2
BCLAF1,HepG2,chr1:161819835:C:G,0,0,-0.7553119659423828,modal,cuda,U2AF2:HepG2
BCLAF1,HepG2,chr1:161821166:G:C,1,0,1.1029832363128662,modal,cuda,U2AF2:HepG2
BCLAF1,HepG2,chr1:162590324:A:C,0,0,-0.6421138644218445,modal,cuda,U2AF2:HepG2
BCLAF1,HepG2,chr1:162590419:G:A,0,0,0.27498602867126465,modal,cuda,U2AF2:HepG2
BCLAF1,HepG2,chr1:165759546:G:A,1,0,0.5568537712097168,modal,cuda,U2AF2:HepG2
BCLAF1,HepG2,chr1:169546601:C:A,0,0,-0.9356143474578857,modal,cuda,U2AF2:HepG2
BCLAF1,HepG2,chr1:169558942:C:A,0,0,0.7290897369384766,modal,cuda,U2AF2:HepG2
BCLAF1,HepG2,chr1:174221067:A:G,0,0,-0.7639055252075195,modal,cuda,U2AF2:HepG2
BCLAF1,HepG2,chr1:175008715:A:G,0,0,0.20292091369628906,modal,cuda,U2AF2:HepG2
BCLAF1,HepG2,chr1:17622992:G:T,0,0,0.48868852853775024,modal,cuda,U2AF2:HepG2
BCLAF1,HepG2,chr1:180803395:C:T,0,0,0.7055764198303223,modal,cuda,U2AF2:HepG2
BCLAF1,HepG2,chr1:182385715:A:G,0,0,-0.2055060863494873,modal,cuda,U2AF2:HepG2
BCLAF1,HepG2,chr1:182858115:C:T,1,0,0.9403538107872009,modal,cuda,U2AF2:HepG2
BCLAF1,HepG2,chr1:182858162:G:A,0,0,0.5446310043334961,modal,cuda,U2AF2:HepG2
BCLAF1,HepG2,chr1:182876110:C:T,1,0,-1.1429662704467773,modal,cuda,U2AF2:HepG2
BCLAF1,HepG2,chr1:183132551:G:A,0,0,-0.8943576812744141,modal,cuda,U2AF2:HepG2
BCLAF1,HepG2,chr1:183136367:G:A,0,0,0.47020578384399414,modal,cuda,U2AF2:HepG2
BCLAF1,HepG2,chr1:184721300:T:A,1,0,0.842039942741394,modal,cuda,U2AF2:HepG2
BCLAF1,HepG2,chr1:184732874:G:A,0,0,0.5904045104980469,modal,cuda,U2AF2:HepG2
BCLAF1,HepG2,chr1:19128202:A:G,0,0,-0.4281134605407715,modal,cuda,U2AF2:HepG2
BCLAF1,HepG2,chr1:19147986:C:A,0,0,-3.264000654220581,modal,cuda,U2AF2:HepG2
BCLAF1,HepG2,chr1:19157805:G:A,0,0,-1.259594202041626,modal,cuda,U2AF2:HepG2
BCLAF1,HepG2,chr1:19162618:G:A,0,0,-0.42388108372688293,modal,cuda,U2AF2:HepG2
BCLAF1,HepG2,chr1:19165007:G:A,0,0,-1.023903727531433,modal,cuda,U2AF2:HepG2
BCLAF1,HepG2,chr1:19165363:T:C,0,0,-0.22047990560531616,modal,cuda,U2AF2:HepG2
BCLAF1,HepG2,chr1:19165646:C:T,0,0,0.5582749843597412,modal,cuda,U2AF2:HepG2
BCLAF1,HepG2,chr1:19201715:T:C,0,0,0.646984875202179,modal,cuda,U2AF2:HepG2
BCLAF1,HepG2,chr1:193212495:C:G,0,0,1.6918675899505615,modal,cuda,U2AF2:HepG2
BCLAF1,HepG2,chr1:197133615:A:G,0,0,0.42283737659454346,modal,cuda,U2AF2:HepG2
BCLAF1,HepG2,chr1:200598216:T:C,0,0,-0.5117042064666748,modal,cuda,U2AF2:HepG2
BCLAF1,HepG2,chr1:200598225:G:A,0,0,0.2035379409790039,modal,cuda,U2AF2:HepG2
BCLAF1,HepG2,chr1:204549613:G:A,0,0,0.9232518672943115,modal,cuda,U2AF2:HepG2
BCLAF1,HepG2,chr1:20744866:T:C,0,0,-0.4611639976501465,modal,cuda,U2AF2:HepG2
BCLAF1,HepG2,chr1:207785659:T:A,1,0,0.13422489166259766,modal,cuda,U2AF2:HepG2
BCLAF1,HepG2,chr1:207785684:T:A,1,0,0.5617008209228516,modal,cuda,U2AF2:HepG2
BCLAF1,HepG2,chr1:212895062:T:C,0,0,-0.20958971977233887,modal,cuda,U2AF2:HepG2
BCLAF1,HepG2,chr1:213104476:C:A,0,0,0.2387557029724121,modal,cuda,U2AF2:HepG2
BCLAF1,HepG2,chr1:213129907:T:C,0,0,0.46726739406585693,modal,cuda,U2AF2:HepG2
BCLAF1,HepG2,chr1:213167847:T:C,0,0,-0.3226027488708496,modal,cuda,U2AF2:HepG2
BCLAF1,HepG2,chr1:213241036:G:A,0,0,0.36221909523010254,modal,cuda,U2AF2:HepG2
BCLAF1,HepG2,chr1:213241112:G:C,0,0,-1.6640188694000244,modal,cuda,U2AF2:HepG2
BCLAF1,HepG2,chr1:22501551:T:C,0,0,-0.4096609652042389,modal,cuda,U2AF2:HepG2
BCLAF1,HepG2,chr1:227030478:A:C,0,0,1.422166347503662,modal,cuda,U2AF2:HepG2
BCLAF1,HepG2,chr1:23073280:G:T,0,0,-1.0308184623718262,modal,cuda,U2AF2:HepG2
BCLAF1,HepG2,chr1:231275503:G:A,1,0,0.9188752174377441,modal,cuda,U2AF2:HepG2
BCLAF1,HepG2,chr1:231373965:A:G,0,0,0.16036272048950195,modal,cuda,U2AF2:HepG2
BCLAF1,HepG2,chr1:231373973:T:C,0,0,-0.2194204330444336,modal,cuda,U2AF2:HepG2
BCLAF1,HepG2,chr1:231561210:A:G,0,0,1.0375335216522217,modal,cuda,U2AF2:HepG2
BCLAF1,HepG2,chr1:235182498:G:A,0,0,-0.16179847717285156,modal,cuda,U2AF2:HepG2
BCLAF1,HepG2,chr1:235414614:C:T,1,0,0.562772274017334,modal,cuda,U2AF2:HepG2
BCLAF1,HepG2,chr1:236803547:C:T,1,0,2.618910789489746,modal,cuda,U2AF2:HepG2
BCLAF1,HepG2,chr1:236816464:G:A,0,0,0.11182260513305664,modal,cuda,U2AF2:HepG2
BCLAF1,HepG2,chr1:236825363:T:A,1,0,0.5675609111785889,modal,cuda,U2AF2:HepG2
BCLAF1,HepG2,chr1:236826841:G:A,0,0,0.3751765191555023,modal,cuda,U2AF2:HepG2
BCLAF1,HepG2,chr1:236826895:A:G,1,0,0.7419271469116211,modal,cuda,U2AF2:HepG2
BCLAF1,HepG2,chr1:236861168:T:G,1,0,1.0537854433059692,modal,cuda,U2AF2:HepG2
BCLAF1,HepG2,chr1:236861188:C:T,1,0,-1.9035730361938477,modal,cuda,U2AF2:HepG2
BCLAF1,HepG2,chr1:236874861:T:C,0,0,0.2243683785200119,modal,cuda,U2AF2:HepG2
BCLAF1,HepG2,chr1:236897550:T:C,0,0,0.4814581871032715,modal,cuda,U2AF2:HepG2
BCLAF1,HepG2,chr1:243304716:A:T,1,0,1.4959309101104736,modal,cuda,U2AF2:HepG2
BCLAF1,HepG2,chr1:244843041:G:T,1,0,1.4723176956176758,modal,cuda,U2AF2:HepG2
BCLAF1,HepG2,chr1:244843137:C:T,0,0,0.34226131439208984,modal,cuda,U2AF2:HepG2
BCLAF1,HepG2,chr1:244843172:A:G,0,0,-0.24082326889038086,modal,cuda,U2AF2:HepG2
BCLAF1,HepG2,chr1:244855614:A:T,0,0,2.0070362091064453,modal,cuda,U2AF2:HepG2
BCLAF1,HepG2,chr1:244855889:T:G,0,0,-1.2717084884643555,modal,cuda,U2AF2:HepG2
BCLAF1,HepG2,chr1:244856161:G:A,0,0,0.5402382016181946,modal,cuda,U2AF2:HepG2
BCLAF1,HepG2,chr1:244856629:T:A,0,0,0.20375725626945496,modal,cuda,U2AF2:HepG2
BCLAF1,HepG2,chr1:244856718:T:G,0,0,-0.853351354598999,modal,cuda,U2AF2:HepG2
BCLAF1,HepG2,chr1:244856723:C:T,0,0,1.9459326267242432,modal,cuda,U2AF2:HepG2
BCLAF1,HepG2,chr1:244856724:G:A,0,0,0.5415807962417603,modal,cuda,U2AF2:HepG2
BCLAF1,HepG2,chr1:244856866:A:G,0,0,0.8022902011871338,modal,cuda,U2AF2:HepG2
BCLAF1,HepG2,chr1:244857593:C:T,0,0,1.7941477298736572,modal,cuda,U2AF2:HepG2
BCLAF1,HepG2,chr1:244858724:C:T,1,0,1.705551266670227,modal,cuda,U2AF2:HepG2
BCLAF1,HepG2,chr1:244859251:A:C,0,0,-0.7484073638916016,modal,cuda,U2AF2:HepG2
BCLAF1,HepG2,chr1:244860327:G:A,0,0,-0.6417957544326782,modal,cuda,U2AF2:HepG2
BCLAF1,HepG2,chr1:244860330:T:C,0,0,-0.8412430286407471,modal,cuda,U2AF2:HepG2
BCLAF1,HepG2,chr1:244860483:A:G,0,0,0.8460054397583008,modal,cuda,U2AF2:HepG2
BCLAF1,HepG2,chr1:244862608:G:A,0,0,0.23045039176940918,modal,cuda,U2AF2:HepG2
BCLAF1,HepG2,chr1:26432980:G:A,1,0,-4.566812515258789,modal,cuda,U2AF2:HepG2
BCLAF1,HepG2,chr1:26766572:G:A,0,0,-0.45363855361938477,modal,cuda,U2AF2:HepG2
BCLAF1,HepG2,chr1:28987461:G:A,0,0,-0.8022401332855225,modal,cuda,U2AF2:HepG2
BCLAF1,HepG2,chr1:28987557:A:G,0,0,-0.8074090480804443,modal,cuda,U2AF2:HepG2
BCLAF1,HepG2,chr1:28997275:G:T,1,0,-1.0111432075500488,modal,cuda,U2AF2:HepG2
BCLAF1,HepG2,chr1:32180465:A:G,0,0,0.7767589092254639,modal,cuda,U2AF2:HepG2
BCLAF1,HepG2,chr1:32780294:G:A,0,0,-0.24643802642822266,modal,cuda,U2AF2:HepG2
BCLAF1,HepG2,chr1:35189008:T:C,0,0,0.3782234191894531,modal,cuda,U2AF2:HepG2
BCLAF1,HepG2,chr1:35190780:T:C,0,0,0.608410120010376,modal,cuda,U2AF2:HepG2
BCLAF1,HepG2,chr1:3826360:C:T,0,0,0.30550336837768555,modal,cuda,U2AF2:HepG2
BCLAF1,HepG2,chr1:39001114:C:G,0,0,-0.2704150676727295,modal,cuda,U2AF2:HepG2
BCLAF1,HepG2,chr1:39303095:G:A,0,0,-0.2890205383300781,modal,cuda,U2AF2:HepG2
BCLAF1,HepG2,chr1:39361019:A:G,0,0,-0.5514400005340576,modal,cuda,U2AF2:HepG2
BCLAF1,HepG2,chr1:39422905:G:A,0,0,1.1981638669967651,modal,cuda,U2AF2:HepG2
BCLAF1,HepG2,chr1:39424005:G:A,0,0,0.17362737655639648,modal,cuda,U2AF2:HepG2
BCLAF1,HepG2,chr1:39448165:A:C,0,0,-0.5915436148643494,modal,cuda,U2AF2:HepG2
BCLAF1,HepG2,chr1:39459254:T:C,0,0,-0.4488108158111572,modal,cuda,U2AF2:HepG2
BCLAF1,HepG2,chr1:40307503:G:C,0,0,-0.1893153190612793,modal,cuda,U2AF2:HepG2
BCLAF1,HepG2,chr1:40310095:G:A,0,0,-0.5120530724525452,modal,cuda,U2AF2:HepG2
BCLAF1,HepG2,chr1:41009488:G:C,0,0,-1.6769616603851318,modal,cuda,U2AF2:HepG2
BCLAF1,HepG2,chr1:41009515:A:G,0,0,0.522409200668335,modal,cuda,U2AF2:HepG2
BCLAF1,HepG2,chr1:45607496:A:C,0,0,0.4165200889110565,modal,cuda,U2AF2:HepG2
BCLAF1,HepG2,chr1:52461623:T:A,0,0,-0.16576576232910156,modal,cuda,U2AF2:HepG2
BCLAF1,HepG2,chr1:52948032:C:T,1,0,0.9137260913848877,modal,cuda,U2AF2:HepG2
BCLAF1,HepG2,chr1:52988011:C:T,0,0,0.1460895538330078,modal,cuda,U2AF2:HepG2
BCLAF1,HepG2,chr1:56876220:G:T,0,0,0.5369143486022949,modal,cuda,U2AF2:HepG2
BCLAF1,HepG2,chr1:58660162:G:T,0,0,0.768240213394165,modal,cuda,U2AF2:HepG2
BCLAF1,HepG2,chr1:58660171:A:C,0,0,0.45727062225341797,modal,cuda,U2AF2:HepG2
BCLAF1,HepG2,chr1:58667234:C:T,0,0,0.20285776257514954,modal,cuda,U2AF2:HepG2
BCLAF1,HepG2,chr1:58667830:T:A,0,0,-0.6225420236587524,modal,cuda,U2AF2:HepG2
BCLAF1,HepG2,chr1:58668978:T:C,0,0,-0.5833351612091064,modal,cuda,U2AF2:HepG2
BCLAF1,HepG2,chr1:58673657:T:C,0,0,-0.2949695289134979,modal,cuda,U2AF2:HepG2
BCLAF1,HepG2,chr1:58685269:G:A,0,0,0.7275827527046204,modal,cuda,U2AF2:HepG2
BCLAF1,HepG2,chr1:62510677:T:C,0,0,0.7306613326072693,modal,cuda,U2AF2:HepG2
BCLAF1,HepG2,chr1:62648398:A:C,0,0,1.0847196578979492,modal,cuda,U2AF2:HepG2
BCLAF1,HepG2,chr1:67052009:T:C,1,0,0.596773624420166,modal,cuda,U2AF2:HepG2
BCLAF1,HepG2,chr1:75732682:C:T,1,0,0.7742674350738525,modal,cuda,U2AF2:HepG2
BCLAF1,HepG2,chr1:75732688:T:C,1,0,-1.0275053977966309,modal,cuda,U2AF2:HepG2
BCLAF1,HepG2,chr1:75732751:T:C,0,0,1.000176191329956,modal,cuda,U2AF2:HepG2
BCLAF1,HepG2,chr1:75734772:T:A,1,0,1.1648454666137695,modal,cuda,U2AF2:HepG2
BCLAF1,HepG2,chr1:75734798:C:A,1,0,0.4928120970726013,modal,cuda,U2AF2:HepG2
BCLAF1,HepG2,chr1:75734846:G:T,1,0,0.5843498706817627,modal,cuda,U2AF2:HepG2
BCLAF1,HepG2,chr1:75734873:T:C,1,0,0.5184758305549622,modal,cuda,U2AF2:HepG2
BCLAF1,HepG2,chr1:75734873:T:G,1,0,0.6340312957763672,modal,cuda,U2AF2:HepG2
BCLAF1,HepG2,chr1:75739958:C:A,0,0,0.3250943124294281,modal,cuda,U2AF2:HepG2
BCLAF1,HepG2,chr1:75739988:T:G,0,0,2.3515639305114746,modal,cuda,U2AF2:HepG2
BCLAF1,HepG2,chr1:75739995:G:T,1,0,1.8527964353561401,modal,cuda,U2AF2:HepG2
BCLAF1,HepG2,chr1:75740000:T:G,0,0,0.4006943702697754,modal,cuda,U2AF2:HepG2
BCLAF1,HepG2,chr1:75740014:A:G,1,0,0.21862554550170898,modal,cuda,U2AF2:HepG2
BCLAF1,HepG2,chr1:77962911:G:A,0,0,0.2003154754638672,modal,cuda,U2AF2:HepG2
BCLAF1,HepG2,chr1:8624304:G:A,0,0,-0.9931380748748779,modal,cuda,U2AF2:HepG2
BCLAF1,HepG2,chr1:90937849:A:G,0,0,0.9511255025863647,modal,cuda,U2AF2:HepG2
BCLAF1,HepG2,chr1:90941120:C:T,0,0,0.665395975112915,modal,cuda,U2AF2:HepG2
BCLAF1,HepG2,chr1:90941218:T:C,0,0,0.46329689025878906,modal,cuda,U2AF2:HepG2
BCLAF1,HepG2,chr1:92247100:C:A,1,0,1.5711262226104736,modal,cuda,U2AF2:HepG2
BCLAF1,HepG2,chr1:92290213:G:A,1,0,1.2485105991363525,modal,cuda,U2AF2:HepG2
BCLAF1,HepG2,chr1:92297425:A:C,0,0,-0.5289623737335205,modal,cuda,U2AF2:HepG2
BCLAF1,HepG2,chr1:92297511:C:T,0,0,-1.0150127410888672,modal,cuda,U2AF2:HepG2
BCLAF1,HepG2,chr1:92833544:G:C,1,0,-2.6316933631896973,modal,cuda,U2AF2:HepG2
BCLAF1,HepG2,chr1:92833603:C:G,1,0,2.179424285888672,modal,cuda,U2AF2:HepG2
BCLAF1,HepG2,chr1:92833632:G:C,1,0,0.5468480587005615,modal,cuda,U2AF2:HepG2
BCLAF1,HepG2,chr1:92833658:C:T,1,0,2.276442289352417,modal,cuda,U2AF2:HepG2
BCLAF1,HepG2,chr1:92836250:G:T,1,0,1.2231202125549316,modal,cuda,U2AF2:HepG2
BCLAF1,HepG2,chr1:92837585:C:A,1,0,0.8887872695922852,modal,cuda,U2AF2:HepG2
BCLAF1,HepG2,chr1:92837592:C:T,1,0,0.7621344327926636,modal,cuda,U2AF2:HepG2
BCLAF1,HepG2,chr1:92840587:C:T,1,0,1.059192180633545,modal,cuda,U2AF2:HepG2
BCLAF1,HepG2,chr1:92841745:A:G,0,0,-0.5306984782218933,modal,cuda,U2AF2:HepG2
BCLAF1,HepG2,chr1:92841757:C:A,0,0,0.3932141065597534,modal,cuda,U2AF2:HepG2
BCLAF1,HepG2,chr1:92841817:A:G,0,0,-0.715896487236023,modal,cuda,U2AF2:HepG2
BCLAF1,HepG2,chr1:93118449:G:A,0,0,-0.6027486324310303,modal,cuda,U2AF2:HepG2
BCLAF1,HepG2,chr1:93530747:G:T,0,0,-1.9403808116912842,modal,cuda,U2AF2:HepG2
BCLAF1,HepG2,chr1:94464884:T:C,0,0,-0.25999605655670166,modal,cuda,U2AF2:HepG2
BCLAF1,HepG2,chr1:94506651:G:A,0,0,-0.5429809093475342,modal,cuda,U2AF2:HepG2
BCLAF1,HepG2,chr1:96769734:A:G,0,0,0.6080813407897949,modal,cuda,U2AF2:HepG2
BCLAF1,HepG2,chr1:96785115:C:T,0,0,-1.1199949979782104,modal,cuda,U2AF2:HepG2
BCLAF1,HepG2,chr1:99862421:C:G,1,0,0.9637928009033203,modal,cuda,U2AF2:HepG2
BCLAF1,HepG2,chr20:13534052:C:T,0,0,0.8945524096488953,modal,cuda,U2AF2:HepG2
BCLAF1,HepG2,chr20:13587326:C:A,0,0,-5.900272369384766,modal,cuda,U2AF2:HepG2
BCLAF1,HepG2,chr20:13625199:G:A,1,0,0.9551324844360352,modal,cuda,U2AF2:HepG2
BCLAF1,HepG2,chr20:13625256:A:T,0,0,0.3083987236022949,modal,cuda,U2AF2:HepG2
BCLAF1,HepG2,chr20:13785231:C:A,1,0,-0.2510864734649658,modal,cuda,U2AF2:HepG2
BCLAF1,HepG2,chr20:13785288:G:T,1,0,0.42333877086639404,modal,cuda,U2AF2:HepG2
BCLAF1,HepG2,chr20:13785298:C:G,0,0,-0.1952960044145584,modal,cuda,U2AF2:HepG2
BCLAF1,HepG2,chr20:17970274:C:T,1,0,1.6170740127563477,modal,cuda,U2AF2:HepG2
BCLAF1,HepG2,chr20:17988280:T:C,0,0,-0.44622135162353516,modal,cuda,U2AF2:HepG2
BCLAF1,HepG2,chr20:18142268:C:G,0,0,1.3935730457305908,modal,cuda,U2AF2:HepG2
BCLAF1,HepG2,chr20:18530812:A:G,0,0,1.5250270366668701,modal,cuda,U2AF2:HepG2
BCLAF1,HepG2,chr20:20048481:C:T,1,0,0.9083974361419678,modal,cuda,U2AF2:HepG2
BCLAF1,HepG2,chr20:20048482:G:A,1,0,-1.4332754611968994,modal,cuda,U2AF2:HepG2
BCLAF1,HepG2,chr20:21136463:C:T,1,0,3.581066608428955,modal,cuda,U2AF2:HepG2
BCLAF1,HepG2,chr20:21136484:C:T,1,0,3.1073875427246094,modal,cuda,U2AF2:HepG2
BCLAF1,HepG2,chr20:21145597:A:G,0,0,-0.7740683555603027,modal,cuda,U2AF2:HepG2
BCLAF1,HepG2,chr20:21232723:G:A,0,0,0.5013755559921265,modal,cuda,U2AF2:HepG2
BCLAF1,HepG2,chr20:23402998:C:T,1,0,-0.33213376998901367,modal,cuda,U2AF2:HepG2
BCLAF1,HepG2,chr20:2654858:T:C,0,0,-0.5725541114807129,modal,cuda,U2AF2:HepG2
BCLAF1,HepG2,chr20:2657166:C:T,0,0,-0.5029547214508057,modal,cuda,U2AF2:HepG2
BCLAF1,HepG2,chr20:2657933:T:C,0,0,-0.31504642963409424,modal,cuda,U2AF2:HepG2
BCLAF1,HepG2,chr20:2658081:G:A,0,0,-0.30492281913757324,modal,cuda,U2AF2:HepG2
BCLAF1,HepG2,chr20:2658084:C:T,0,0,0.4893670082092285,modal,cuda,U2AF2:HepG2
BCLAF1,HepG2,chr20:2658234:G:A,0,0,0.5507633686065674,modal,cuda,U2AF2:HepG2
BCLAF1,HepG2,chr20:2658236:T:C,0,0,-1.194669246673584,modal,cuda,U2AF2:HepG2
BCLAF1,HepG2,chr20:2660340:G:A,1,0,1.0615947246551514,modal,cuda,U2AF2:HepG2
BCLAF1,HepG2,chr20:33853561:T:C,0,0,-0.29635733366012573,modal,cuda,U2AF2:HepG2
BCLAF1,HepG2,chr20:34408774:G:A,1,0,-0.28711795806884766,modal,cuda,U2AF2:HepG2
BCLAF1,HepG2,chr20:34412548:T:C,0,0,0.8002324104309082,modal,cuda,U2AF2:HepG2
BCLAF1,HepG2,chr20:34479809:T:A,0,0,-0.2059585154056549,modal,cuda,U2AF2:HepG2
BCLAF1,HepG2,chr20:35384111:C:T,0,0,0.5656712055206299,modal,cuda,U2AF2:HepG2
BCLAF1,HepG2,chr20:35466146:G:A,1,0,0.5557098388671875,modal,cuda,U2AF2:HepG2
BCLAF1,HepG2,chr20:35472734:T:A,1,0,-0.9136223793029785,modal,cuda,U2AF2:HepG2
BCLAF1,HepG2,chr20:35473370:A:G,0,0,-0.1186896562576294,modal,cuda,U2AF2:HepG2
BCLAF1,HepG2,chr20:35473949:C:T,1,0,-0.7975369691848755,modal,cuda,U2AF2:HepG2
BCLAF1,HepG2,chr20:35473991:C:T,1,0,-0.6891010403633118,modal,cuda,U2AF2:HepG2
BCLAF1,HepG2,chr20:35475582:C:A,1,0,0.5752949714660645,modal,cuda,U2AF2:HepG2
BCLAF1,HepG2,chr20:35491196:C:G,0,0,0.3780633211135864,modal,cuda,U2AF2:HepG2
BCLAF1,HepG2,chr20:35497699:G:A,0,0,0.262140691280365,modal,cuda,U2AF2:HepG2
BCLAF1,HepG2,chr20:37777430:C:G,0,0,-0.7763612270355225,modal,cuda,U2AF2:HepG2
BCLAF1,HepG2,chr20:38499437:T:C,0,0,-0.5334132313728333,modal,cuda,U2AF2:HepG2
BCLAF1,HepG2,chr20:41487827:C:T,0,0,0.7857964038848877,modal,cuda,U2AF2:HepG2
BCLAF1,HepG2,chr20:41512842:A:G,0,0,-0.5084328651428223,modal,cuda,U2AF2:HepG2
BCLAF1,HepG2,chr20:43460026:C:T,0,0,-0.3100094795227051,modal,cuda,U2AF2:HepG2
BCLAF1,HepG2,chr20:43460203:C:T,0,0,0.214552640914917,modal,cuda,U2AF2:HepG2
BCLAF1,HepG2,chr20:44972066:C:G,0,0,-0.2810344696044922,modal,cuda,U2AF2:HepG2
BCLAF1,HepG2,chr20:48988288:G:A,0,0,-0.45589709281921387,modal,cuda,U2AF2:HepG2
BCLAF1,HepG2,chr20:49153924:A:C,0,0,-0.5598862171173096,modal,cuda,U2AF2:HepG2
BCLAF1,HepG2,chr20:50942116:C:A,1,0,1.1050200462341309,modal,cuda,U2AF2:HepG2
BCLAF1,HepG2,chr20:58441038:G:A,0,0,0.30136942863464355,modal,cuda,U2AF2:HepG2
BCLAF1,HepG2,chr20:58673636:A:T,0,0,-1.0190775394439697,modal,cuda,U2AF2:HepG2
BCLAF1,HepG2,chr20:58673672:C:G,0,0,-1.4270954132080078,modal,cuda,U2AF2:HepG2
BCLAF1,HepG2,chr20:5944037:G:A,0,0,0.4319760799407959,modal,cuda,U2AF2:HepG2
BCLAF1,HepG2,chr20:6087773:T:C,1,0,0.4906949996948242,modal,cuda,U2AF2:HepG2
BCLAF1,HepG2,chr20:6112469:A:G,0,0,0.8030793070793152,modal,cuda,U2AF2:HepG2
BCLAF1,HepG2,chr20:62140809:G:A,0,0,-1.0350420475006104,modal,cuda,U2AF2:HepG2
BCLAF1,HepG2,chr20:62836349:G:A,0,0,0.7283538579940796,modal,cuda,U2AF2:HepG2
BCLAF1,HepG2,chr20:63662805:C:T,0,0,-0.40844297409057617,modal,cuda,U2AF2:HepG2
BCLAF1,HepG2,chr20:63662886:G:T,1,0,0.2756885290145874,modal,cuda,U2AF2:HepG2
BCLAF1,HepG2,chr20:63666047:T:C,0,0,-0.24709731340408325,modal,cuda,U2AF2:HepG2
BCLAF1,HepG2,chr20:63995103:A:G,0,0,-0.4691758155822754,modal,cuda,U2AF2:HepG2
BCLAF1,HepG2,chr20:63995108:A:T,0,0,0.3973579406738281,modal,cuda,U2AF2:HepG2
BCLAF1,HepG2,chr20:8646203:G:A,0,0,-0.9369964599609375,modal,cuda,U2AF2:HepG2
BCLAF1,HepG2,chr20:8649470:A:G,0,0,-0.2765226364135742,modal,cuda,U2AF2:HepG2
BCLAF1,HepG2,chr20:8697799:G:A,0,0,0.5471663475036621,modal,cuda,U2AF2:HepG2
BCLAF1,HepG2,chr20:8741450:T:G,0,0,1.132436990737915,modal,cuda,U2AF2:HepG2
BCLAF1,HepG2,chr20:8788533:C:T,0,0,0.3888521194458008,modal,cuda,U2AF2:HepG2
BCLAF1,HepG2,chr20:8790285:A:C,0,0,0.540421724319458,modal,cuda,U2AF2:HepG2
BCLAF1,HepG2,chr21:25975945:A:G,0,0,0.6468517184257507,modal,cuda,U2AF2:HepG2
BCLAF1,HepG2,chr21:25976039:A:T,0,0,0.823498010635376,modal,cuda,U2AF2:HepG2
BCLAF1,HepG2,chr21:25982324:G:A,0,0,-0.38338732719421387,modal,cuda,U2AF2:HepG2
BCLAF1,HepG2,chr21:26000158:G:A,0,0,0.30070972442626953,modal,cuda,U2AF2:HepG2
BCLAF1,HepG2,chr21:32603197:C:T,0,0,0.3506429195404053,modal,cuda,U2AF2:HepG2
BCLAF1,HepG2,chr21:32604220:G:A,1,0,-1.5123904943466187,modal,cuda,U2AF2:HepG2
BCLAF1,HepG2,chr21:32604303:G:A,0,0,0.40223681926727295,modal,cuda,U2AF2:HepG2
BCLAF1,HepG2,chr21:32607716:G:T,1,0,-0.13057684898376465,modal,cuda,U2AF2:HepG2
BCLAF1,HepG2,chr21:32607732:G:C,0,0,0.22527700662612915,modal,cuda,U2AF2:HepG2
BCLAF1,HepG2,chr21:32744819:T:G,0,0,-1.350573182106018,modal,cuda,U2AF2:HepG2
BCLAF1,HepG2,chr21:33263038:G:A,0,0,0.489809513092041,modal,cuda,U2AF2:HepG2
BCLAF1,HepG2,chr21:33263044:C:T,0,0,0.26219385862350464,modal,cuda,U2AF2:HepG2
BCLAF1,HepG2,chr21:33343257:T:C,0,0,0.21689200401306152,modal,cuda,U2AF2:HepG2
BCLAF1,HepG2,chr21:33355333:A:G,0,0,-0.5217122435569763,modal,cuda,U2AF2:HepG2
BCLAF1,HepG2,chr21:33546246:A:G,0,0,1.007378339767456,modal,cuda,U2AF2:HepG2
BCLAF1,HepG2,chr21:33549618:T:A,1,0,0.337404727935791,modal,cuda,U2AF2:HepG2
BCLAF1,HepG2,chr21:33549625:C:T,1,0,-0.4581732749938965,modal,cuda,U2AF2:HepG2
BCLAF1,HepG2,chr21:33549634:G:T,1,0,1.4627370834350586,modal,cuda,U2AF2:HepG2
BCLAF1,HepG2,chr21:33549650:C:T,0,0,0.48519277572631836,modal,cuda,U2AF2:HepG2
BCLAF1,HepG2,chr21:33549679:T:C,0,0,0.400173157453537,modal,cuda,U2AF2:HepG2
BCLAF1,HepG2,chr21:33549715:C:T,0,0,0.448169469833374,modal,cuda,U2AF2:HepG2
BCLAF1,HepG2,chr21:33549729:G:T,0,0,0.8606531620025635,modal,cuda,U2AF2:HepG2
BCLAF1,HepG2,chr21:33549782:C:T,0,0,0.2527146339416504,modal,cuda,U2AF2:HepG2
BCLAF1,HepG2,chr21:33553885:G:A,0,0,0.5357520580291748,modal,cuda,U2AF2:HepG2
BCLAF1,HepG2,chr21:33554381:C:T,0,0,0.1937122344970703,modal,cuda,U2AF2:HepG2
BCLAF1,HepG2,chr21:33554386:T:A,0,0,-0.4980771541595459,modal,cuda,U2AF2:HepG2
BCLAF1,HepG2,chr21:33554495:C:G,0,0,-0.8503038883209229,modal,cuda,U2AF2:HepG2
BCLAF1,HepG2,chr21:33554681:A:G,0,0,0.4434647262096405,modal,cuda,U2AF2:HepG2
BCLAF1,HepG2,chr21:33554704:C:T,1,0,1.1370584964752197,modal,cuda,U2AF2:HepG2
BCLAF1,HepG2,chr21:33554985:T:C,0,0,-0.9615883827209473,modal,cuda,U2AF2:HepG2
BCLAF1,HepG2,chr21:33554992:C:T,1,0,1.153150200843811,modal,cuda,U2AF2:HepG2
BCLAF1,HepG2,chr21:33554998:C:T,1,0,1.5060763359069824,modal,cuda,U2AF2:HepG2
BCLAF1,HepG2,chr21:33555043:C:T,1,0,0.6804506778717041,modal,cuda,U2AF2:HepG2
BCLAF1,HepG2,chr21:33557320:A:G,0,0,0.8694467544555664,modal,cuda,U2AF2:HepG2
BCLAF1,HepG2,chr21:33559604:A:G,0,0,-0.5498114824295044,modal,cuda,U2AF2:HepG2
BCLAF1,HepG2,chr21:33559629:T:C,0,0,-0.4854729175567627,modal,cuda,U2AF2:HepG2
BCLAF1,HepG2,chr21:33559727:A:G,0,0,0.6341763734817505,modal,cuda,U2AF2:HepG2
BCLAF1,HepG2,chr21:33559779:A:C,0,0,1.125053882598877,modal,cuda,U2AF2:HepG2
BCLAF1,HepG2,chr21:33573415:T:C,0,0,-0.7347373962402344,modal,cuda,U2AF2:HepG2
BCLAF1,HepG2,chr21:33582064:T:C,1,0,1.5283900499343872,modal,cuda,U2AF2:HepG2
BCLAF1,HepG2,chr21:33750246:T:C,0,0,-0.7972428798675537,modal,cuda,U2AF2:HepG2
BCLAF1,HepG2,chr21:37095344:T:C,0,0,0.5419087409973145,modal,cuda,U2AF2:HepG2
BCLAF1,HepG2,chr21:37126118:T:C,0,0,0.663754940032959,modal,cuda,U2AF2:HepG2
BCLAF1,HepG2,chr21:37129055:A:G,0,0,0.3087143898010254,modal,cuda,U2AF2:HepG2
BCLAF1,HepG2,chr21:37144636:A:G,0,0,-0.5748887062072754,modal,cuda,U2AF2:HepG2
BCLAF1,HepG2,chr21:37197706:C:T,0,0,-0.6005902290344238,modal,cuda,U2AF2:HepG2
BCLAF1,HepG2,chr21:37486464:T:C,0,0,0.3031589984893799,modal,cuda,U2AF2:HepG2
BCLAF1,HepG2,chr21:37486464:T:G,1,0,3.8668816089630127,modal,cuda,U2AF2:HepG2
BCLAF1,HepG2,chr21:37505276:C:T,0,0,0.4966411590576172,modal,cuda,U2AF2:HepG2
BCLAF1,HepG2,chr21:37505280:C:G,1,0,2.187027931213379,modal,cuda,U2AF2:HepG2
BCLAF1,HepG2,chr21:39213562:C:G,0,0,0.39956146478652954,modal,cuda,U2AF2:HepG2
BCLAF1,HepG2,chr21:39293802:C:G,0,0,0.7505925297737122,modal,cuda,U2AF2:HepG2
BCLAF1,HepG2,chr21:46251526:C:A,1,0,0.9055401086807251,modal,cuda,U2AF2:HepG2
BCLAF1,HepG2,chr21:46334436:C:T,1,0,1.0327942371368408,modal,cuda,U2AF2:HepG2
BCLAF1,HepG2,chr22:21964299:G:A,0,3,-0.3593869209289551,modal,cuda,U2AF2:HepG2
BCLAF1,HepG2,chr22:21971869:A:G,0,3,0.14185547828674316,modal,cuda,U2AF2:HepG2
BCLAF1,HepG2,chr22:24321443:C:T,0,3,1.157207727432251,modal,cuda,U2AF2:HepG2
BCLAF1,HepG2,chr22:24322011:A:G,0,3,-1.6880707740783691,modal,cuda,U2AF2:HepG2
BCLAF1,HepG2,chr22:24322309:T:G,0,3,-1.5007035732269287,modal,cuda,U2AF2:HepG2
BCLAF1,HepG2,chr22:24322709:A:C,0,3,-0.8444583415985107,modal,cuda,U2AF2:HepG2
BCLAF1,HepG2,chr22:24338420:G:A,0,3,-0.10123094916343689,modal,cuda,U2AF2:HepG2
BCLAF1,HepG2,chr22:26479280:G:C,1,3,1.3285419940948486,modal,cuda,U2AF2:HepG2
BCLAF1,HepG2,chr22:28724966:A:G,0,3,0.4550201892852783,modal,cuda,U2AF2:HepG2
BCLAF1,HepG2,chr22:28724980:T:A,1,3,0.7436994910240173,modal,cuda,U2AF2:HepG2
BCLAF1,HepG2,chr22:28724986:T:A,1,3,1.0792930126190186,modal,cuda,U2AF2:HepG2
BCLAF1,HepG2,chr22:28724994:G:C,1,3,1.1154402494430542,modal,cuda,U2AF2:HepG2
BCLAF1,HepG2,chr22:28724994:G:T,1,3,1.3038090467453003,modal,cuda,U2AF2:HepG2
BCLAF1,HepG2,chr22:28724999:T:G,0,3,-0.541409969329834,modal,cuda,U2AF2:HepG2
BCLAF1,HepG2,chr22:28725021:A:T,1,3,0.9755382537841797,modal,cuda,U2AF2:HepG2
BCLAF1,HepG2,chr22:28725022:A:G,0,3,-0.5649495124816895,modal,cuda,U2AF2:HepG2
BCLAF1,HepG2,chr22:28725029:G:C,0,3,-0.9213495254516602,modal,cuda,U2AF2:HepG2
BCLAF1,HepG2,chr22:28725040:T:A,1,3,-1.6000988483428955,modal,cuda,U2AF2:HepG2
BCLAF1,HepG2,chr22:28725052:C:A,1,3,1.6366643905639648,modal,cuda,U2AF2:HepG2
BCLAF1,HepG2,chr22:28725068:T:C,0,3,0.27898263931274414,modal,cuda,U2AF2:HepG2
BCLAF1,HepG2,chr22:28725083:A:G,0,3,-0.6449877619743347,modal,cuda,U2AF2:HepG2
BCLAF1,HepG2,chr22:28725092:G:T,1,3,1.770491361618042,modal,cuda,U2AF2:HepG2
BCLAF1,HepG2,chr22:28725101:G:T,1,3,2.18961501121521,modal,cuda,U2AF2:HepG2
BCLAF1,HepG2,chr22:28725104:A:T,0,3,2.0836873054504395,modal,cuda,U2AF2:HepG2
BCLAF1,HepG2,chr22:29292471:C:G,0,3,-0.4400938153266907,modal,cuda,U2AF2:HepG2
BCLAF1,HepG2,chr22:36300109:G:A,0,3,-1.1179938316345215,modal,cuda,U2AF2:HepG2
BCLAF1,HepG2,chr22:40265320:C:T,1,3,1.522078514099121,modal,cuda,U2AF2:HepG2
BCLAF1,HepG2,chr22:40266980:G:C,0,3,-0.5211669206619263,modal,cuda,U2AF2:HepG2
BCLAF1,HepG2,chr22:40278049:G:C,1,3,2.155174732208252,modal,cuda,U2AF2:HepG2
BCLAF1,HepG2,chr22:41141036:A:G,1,3,-1.502477765083313,modal,cuda,U2AF2:HepG2
BCLAF1,HepG2,chr22:41141230:G:T,0,3,-0.5344023704528809,modal,cuda,U2AF2:HepG2
BCLAF1,HepG2,chr22:41157156:C:T,0,3,0.3565945625305176,modal,cuda,U2AF2:HepG2
BCLAF1,HepG2,chr22:41164133:A:G,0,3,-0.4710540771484375,modal,cuda,U2AF2:HepG2
BCLAF1,HepG2,chr22:41168704:C:A,0,3,0.613802969455719,modal,cuda,U2AF2:HepG2
BCLAF1,HepG2,chr22:41168712:A:G,1,3,1.0321626663208008,modal,cuda,U2AF2:HepG2
BCLAF1,HepG2,chr22:41170591:C:T,0,3,0.3657960891723633,modal,cuda,U2AF2:HepG2
BCLAF1,HepG2,chr22:41173605:C:T,0,3,0.4198765754699707,modal,cuda,U2AF2:HepG2
BCLAF1,HepG2,chr22:41209772:G:C,0,3,1.8909711837768555,modal,cuda,U2AF2:HepG2
BCLAF1,HepG2,chr22:41647092:G:A,0,3,-0.30632638931274414,modal,cuda,U2AF2:HepG2
BCLAF1,HepG2,chr22:46350347:C:T,1,3,-1.575149416923523,modal,cuda,U2AF2:HepG2
BCLAF1,HepG2,chr22:46350364:C:T,0,3,-0.33731985092163086,modal,cuda,U2AF2:HepG2
BCLAF1,HepG2,chr22:50224499:G:A,0,3,-0.8902212977409363,modal,cuda,U2AF2:HepG2
BCLAF1,HepG2,chr22:50579755:C:A,1,3,1.08506441116333,modal,cuda,U2AF2:HepG2
BCLAF1,HepG2,chr22:50579976:G:A,1,3,1.3569343090057373,modal,cuda,U2AF2:HepG2
BCLAF1,HepG2,chr22:50579979:G:A,1,3,-1.392422080039978,modal,cuda,U2AF2:HepG2
BCLAF1,HepG2,chr2:101006165:C:A,0,4,0.311734676361084,modal,cuda,U2AF2:HepG2
BCLAF1,HepG2,chr2:101011463:C:T,0,4,-1.0864450931549072,modal,cuda,U2AF2:HepG2
BCLAF1,HepG2,chr2:101054214:G:A,0,4,-0.6460227966308594,modal,cuda,U2AF2:HepG2
BCLAF1,HepG2,chr2:101831730:G:A,1,4,0.5873274803161621,modal,cuda,U2AF2:HepG2
BCLAF1,HepG2,chr2:101831841:A:G,1,4,-0.404604434967041,modal,cuda,U2AF2:HepG2
BCLAF1,HepG2,chr2:101844282:C:T,1,4,1.7229572534561157,modal,cuda,U2AF2:HepG2
BCLAF1,HepG2,chr2:101887813:C:T,0,4,-2.648987293243408,modal,cuda,U2AF2:HepG2
BCLAF1,HepG2,chr2:108452435:C:G,0,4,-0.7370281219482422,modal,cuda,U2AF2:HepG2
BCLAF1,HepG2,chr2:108470358:A:G,0,4,0.5948584079742432,modal,cuda,U2AF2:HepG2
BCLAF1,HepG2,chr2:108483075:C:G,0,4,0.2828192710876465,modal,cuda,U2AF2:HepG2
BCLAF1,HepG2,chr2:108752009:A:G,0,4,-0.8302874565124512,modal,cuda,U2AF2:HepG2
BCLAF1,HepG2,chr2:111825773:T:C,0,4,3.8332316875457764,modal,cuda,U2AF2:HepG2
BCLAF1,HepG2,chr2:11193868:T:G,0,4,-0.48293304443359375,modal,cuda,U2AF2:HepG2
BCLAF1,HepG2,chr2:111945070:C:T,0,4,1.3088326454162598,modal,cuda,U2AF2:HepG2
BCLAF1,HepG2,chr2:11201419:T:C,0,4,-0.3597888946533203,modal,cuda,U2AF2:HepG2
BCLAF1,HepG2,chr2:112550841:A:T,0,4,-1.1706618070602417,modal,cuda,U2AF2:HepG2
BCLAF1,HepG2,chr2:112752314:T:C,0,4,-0.7582879066467285,modal,cuda,U2AF2:HepG2
BCLAF1,HepG2,chr2:11771503:C:T,0,4,1.145836591720581,modal,cuda,U2AF2:HepG2
BCLAF1,HepG2,chr2:11771635:C:T,0,4,0.6377472877502441,modal,cuda,U2AF2:HepG2
BCLAF1,HepG2,chr2:117821760:C:G,0,4,0.7941805124282837,modal,cuda,U2AF2:HepG2
BCLAF1,HepG2,chr2:119946590:G:T,0,4,-1.3007588386535645,modal,cuda,U2AF2:HepG2
BCLAF1,HepG2,chr2:128129068:G:A,0,4,0.38145923614501953,modal,cuda,U2AF2:HepG2
BCLAF1,HepG2,chr2:128155519:T:C,1,4,2.4395194053649902,modal,cuda,U2AF2:HepG2
BCLAF1,HepG2,chr2:128170312:A:T,0,4,1.1178770065307617,modal,cuda,U2AF2:HepG2
BCLAF1,HepG2,chr2:128177917:A:G,0,4,0.7973740100860596,modal,cuda,U2AF2:HepG2
BCLAF1,HepG2,chr2:128178569:G:A,1,4,0.5831871032714844,modal,cuda,U2AF2:HepG2
BCLAF1,HepG2,chr2:128187578:C:T,0,4,-0.29346609115600586,modal,cuda,U2AF2:HepG2
BCLAF1,HepG2,chr2:128187595:A:G,0,4,-0.8419218063354492,modal,cuda,U2AF2:HepG2
BCLAF1,HepG2,chr2:128187608:C:T,1,4,0.6840939521789551,modal,cuda,U2AF2:HepG2
BCLAF1,HepG2,chr2:135090993:T:G,1,4,1.2322744131088257,modal,cuda,U2AF2:HepG2
BCLAF1,HepG2,chr2:135164720:C:A,0,4,-1.455357551574707,modal,cuda,U2AF2:HepG2
BCLAF1,HepG2,chr2:135979383:C:T,0,4,-0.3517465591430664,modal,cuda,U2AF2:HepG2
BCLAF1,HepG2,chr2:142960779:G:A,0,4,-0.21317577362060547,modal,cuda,U2AF2:HepG2
BCLAF1,HepG2,chr2:147972798:G:C,0,4,-0.485798716545105,modal,cuda,U2AF2:HepG2
BCLAF1,HepG2,chr2:147975958:T:C,1,4,-0.985719621181488,modal,cuda,U2AF2:HepG2
BCLAF1,HepG2,chr2:148342233:A:T,0,4,-1.4083726406097412,modal,cuda,U2AF2:HepG2
BCLAF1,HepG2,chr2:15394305:G:T,1,4,-0.5008788108825684,modal,cuda,U2AF2:HepG2
BCLAF1,HepG2,chr2:15402193:C:A,1,4,2.782198190689087,modal,cuda,U2AF2:HepG2
BCLAF1,HepG2,chr2:15402213:C:G,0,4,-1.4225589036941528,modal,cuda,U2AF2:HepG2
BCLAF1,HepG2,chr2:15402228:C:T,0,4,0.7827239036560059,modal,cuda,U2AF2:HepG2
BCLAF1,HepG2,chr2:15402229:G:A,1,4,1.577270269393921,modal,cuda,U2AF2:HepG2
BCLAF1,HepG2,chr2:15415617:C:A,1,4,-2.5207693576812744,modal,cuda,U2AF2:HepG2
BCLAF1,HepG2,chr2:15415638:C:G,0,4,1.1041734218597412,modal,cuda,U2AF2:HepG2
BCLAF1,HepG2,chr2:15415656:C:A,1,4,3.100700855255127,modal,cuda,U2AF2:HepG2
BCLAF1,HepG2,chr2:15415681:C:T,1,4,1.4106024503707886,modal,cuda,U2AF2:HepG2
BCLAF1,HepG2,chr2:15415708:A:G,0,4,-0.48339295387268066,modal,cuda,U2AF2:HepG2
BCLAF1,HepG2,chr2:15461759:C:T,0,4,0.7823176383972168,modal,cuda,U2AF2:HepG2
BCLAF1,HepG2,chr2:15461781:C:G,0,4,-0.6035442352294922,modal,cuda,U2AF2:HepG2
BCLAF1,HepG2,chr2:15467346:G:A,1,4,2.812143087387085,modal,cuda,U2AF2:HepG2
BCLAF1,HepG2,chr2:15467394:G:A,1,4,2.326871633529663,modal,cuda,U2AF2:HepG2
BCLAF1,HepG2,chr2:15467665:T:A,1,4,-0.9981193542480469,modal,cuda,U2AF2:HepG2
BCLAF1,HepG2,chr2:15467683:T:A,1,4,1.2076351642608643,modal,cuda,U2AF2:HepG2
BCLAF1,HepG2,chr2:15468401:T:A,1,4,0.5125899314880371,modal,cuda,U2AF2:HepG2
BCLAF1,HepG2,chr2:15468413:A:G,0,4,-0.2824900150299072,modal,cuda,U2AF2:HepG2
BCLAF1,HepG2,chr2:15468449:G:A,1,4,0.7321748733520508,modal,cuda,U2AF2:HepG2
BCLAF1,HepG2,chr2:15473333:C:T,0,4,-0.22700905799865723,modal,cuda,U2AF2:HepG2
BCLAF1,HepG2,chr2:15473336:T:C,0,4,0.43439120054244995,modal,cuda,U2AF2:HepG2
BCLAF1,HepG2,chr2:15474138:G:A,1,4,1.3538881540298462,modal,cuda,U2AF2:HepG2
BCLAF1,HepG2,chr2:15474280:T:C,0,4,-1.950604796409607,modal,cuda,U2AF2:HepG2
BCLAF1,HepG2,chr2:15474295:A:C,0,4,0.24242708086967468,modal,cuda,U2AF2:HepG2
BCLAF1,HepG2,chr2:15504147:G:A,1,4,1.9834556579589844,modal,cuda,U2AF2:HepG2
BCLAF1,HepG2,chr2:15504166:G:C,1,4,2.7886152267456055,modal,cuda,U2AF2:HepG2
BCLAF1,HepG2,chr2:15504208:C:T,0,4,0.6748020648956299,modal,cuda,U2AF2:HepG2
BCLAF1,HepG2,chr2:15511306:G:C,1,4,-0.550511360168457,modal,cuda,U2AF2:HepG2
BCLAF1,HepG2,chr2:15534554:G:A,0,4,-0.24111080169677734,modal,cuda,U2AF2:HepG2
BCLAF1,HepG2,chr2:15534562:T:C,0,4,-0.49382323026657104,modal,cuda,U2AF2:HepG2
BCLAF1,HepG2,chr2:15534565:C:T,0,4,-0.9232978820800781,modal,cuda,U2AF2:HepG2
BCLAF1,HepG2,chr2:15534578:A:G,0,4,0.2638099193572998,modal,cuda,U2AF2:HepG2
BCLAF1,HepG2,chr2:15534655:G:A,0,4,0.9930391311645508,modal,cuda,U2AF2:HepG2
BCLAF1,HepG2,chr2:15536446:G:A,1,4,2.240701913833618,modal,cuda,U2AF2:HepG2
BCLAF1,HepG2,chr2:15539332:C:T,1,4,1.189162254333496,modal,cuda,U2AF2:HepG2
BCLAF1,HepG2,chr2:15551480:T:C,0,4,1.6650092601776123,modal,cuda,U2AF2:HepG2
BCLAF1,HepG2,chr2:15553414:A:C,0,4,3.372857093811035,modal,cuda,U2AF2:HepG2
BCLAF1,HepG2,chr2:15553470:A:T,0,4,0.5733116269111633,modal,cuda,U2AF2:HepG2
BCLAF1,HepG2,chr2:15553484:G:C,0,4,3.6436781883239746,modal,cuda,U2AF2:HepG2
BCLAF1,HepG2,chr2:15554052:C:G,0,4,-0.3674149513244629,modal,cuda,U2AF2:HepG2
BCLAF1,HepG2,chr2:15554053:T:C,0,4,1.2998627424240112,modal,cuda,U2AF2:HepG2
BCLAF1,HepG2,chr2:159163390:C:T,0,4,-0.3857080936431885,modal,cuda,U2AF2:HepG2
BCLAF1,HepG2,chr2:159439221:C:T,0,4,-0.5697557926177979,modal,cuda,U2AF2:HepG2
BCLAF1,HepG2,chr2:162008558:A:G,0,4,0.48547887802124023,modal,cuda,U2AF2:HepG2
BCLAF1,HepG2,chr2:162009238:C:T,0,4,-1.2320208549499512,modal,cuda,U2AF2:HepG2
BCLAF1,HepG2,chr2:165898670:A:G,0,4,0.3099846839904785,modal,cuda,U2AF2:HepG2
BCLAF1,HepG2,chr2:165907803:T:G,0,4,1.3309423923492432,modal,cuda,U2AF2:HepG2
BCLAF1,HepG2,chr2:165913561:T:C,0,4,-2.1653013229370117,modal,cuda,U2AF2:HepG2
BCLAF1,HepG2,chr2:165929627:G:C,0,4,-1.0868215560913086,modal,cuda,U2AF2:HepG2
BCLAF1,HepG2,chr2:165998033:C:T,1,4,-0.40805238485336304,modal,cuda,U2AF2:HepG2
BCLAF1,HepG2,chr2:165998040:T:A,1,4,1.436232566833496,modal,cuda,U2AF2:HepG2
BCLAF1,HepG2,chr2:165998047:C:G,1,4,0.5980300903320312,modal,cuda,U2AF2:HepG2
BCLAF1,HepG2,chr2:165998049:G:T,1,4,-0.3864956498146057,modal,cuda,U2AF2:HepG2
BCLAF1,HepG2,chr2:165998061:T:C,1,4,0.43214547634124756,modal,cuda,U2AF2:HepG2
BCLAF1,HepG2,chr2:165998065:T:C,1,4,0.4208637475967407,modal,cuda,U2AF2:HepG2
BCLAF1,HepG2,chr2:165998069:A:T,1,4,0.8280258178710938,modal,cuda,U2AF2:HepG2
BCLAF1,HepG2,chr2:165998075:C:A,1,4,-2.4529919624328613,modal,cuda,U2AF2:HepG2
BCLAF1,HepG2,chr2:165998086:G:T,1,4,0.3805513381958008,modal,cuda,U2AF2:HepG2
BCLAF1,HepG2,chr2:165998087:T:C,1,4,1.0857672691345215,modal,cuda,U2AF2:HepG2
BCLAF1,HepG2,chr2:165998091:A:C,1,4,-1.0129151344299316,modal,cuda,U2AF2:HepG2
BCLAF1,HepG2,chr2:165998096:A:G,1,4,0.7910566329956055,modal,cuda,U2AF2:HepG2
BCLAF1,HepG2,chr2:165998099:A:G,1,4,0.2840220332145691,modal,cuda,U2AF2:HepG2
BCLAF1,HepG2,chr2:165998102:G:A,1,4,0.2901575565338135,modal,cuda,U2AF2:HepG2
BCLAF1,HepG2,chr2:165998121:T:C,0,4,0.17748284339904785,modal,cuda,U2AF2:HepG2
BCLAF1,HepG2,chr2:165998124:C:G,0,4,-1.3625750541687012,modal,cuda,U2AF2:HepG2
BCLAF1,HepG2,chr2:165998127:A:G,1,4,0.32841289043426514,modal,cuda,U2AF2:HepG2
BCLAF1,HepG2,chr2:165998128:G:C,1,4,2.828683376312256,modal,cuda,U2AF2:HepG2
BCLAF1,HepG2,chr2:165998130:A:G,1,4,0.5028057098388672,modal,cuda,U2AF2:HepG2
BCLAF1,HepG2,chr2:165998134:A:T,1,4,-2.6892356872558594,modal,cuda,U2AF2:HepG2
BCLAF1,HepG2,chr2:165998140:G:T,1,4,-1.109383225440979,modal,cuda,U2AF2:HepG2
BCLAF1,HepG2,chr2:165998154:C:T,1,4,1.8024778366088867,modal,cuda,U2AF2:HepG2
BCLAF1,HepG2,chr2:165998155:A:C,1,4,1.8528754711151123,modal,cuda,U2AF2:HepG2
BCLAF1,HepG2,chr2:165998156:T:C,1,4,0.8785151243209839,modal,cuda,U2AF2:HepG2
BCLAF1,HepG2,chr2:165998163:G:C,1,4,0.33358192443847656,modal,cuda,U2AF2:HepG2
BCLAF1,HepG2,chr2:165998163:G:T,1,4,0.2191181182861328,modal,cuda,U2AF2:HepG2
BCLAF1,HepG2,chr2:165998166:G:A,1,4,2.257791757583618,modal,cuda,U2AF2:HepG2
BCLAF1,HepG2,chr2:165999718:C:A,1,4,1.7386808395385742,modal,cuda,U2AF2:HepG2
BCLAF1,HepG2,chr2:165999719:T:G,1,4,2.0636770725250244,modal,cuda,U2AF2:HepG2
BCLAF1,HepG2,chr2:165999728:T:A,1,4,-0.7476893067359924,modal,cuda,U2AF2:HepG2
BCLAF1,HepG2,chr2:165999730:G:T,1,4,-2.0151095390319824,modal,cuda,U2AF2:HepG2
BCLAF1,HepG2,chr2:165999733:T:C,1,4,0.7257657051086426,modal,cuda,U2AF2:HepG2
BCLAF1,HepG2,chr2:165999743:C:T,1,4,0.7004547119140625,modal,cuda,U2AF2:HepG2
BCLAF1,HepG2,chr2:165999759:C:T,1,4,0.9138127565383911,modal,cuda,U2AF2:HepG2
BCLAF1,HepG2,chr2:165999760:C:T,1,4,1.6706759929656982,modal,cuda,U2AF2:HepG2
BCLAF1,HepG2,chr2:165999764:C:G,1,4,-0.815697193145752,modal,cuda,U2AF2:HepG2
BCLAF1,HepG2,chr2:165999766:T:A,1,4,0.7239229679107666,modal,cuda,U2AF2:HepG2
BCLAF1,HepG2,chr2:165999769:A:G,1,4,-0.19687104225158691,modal,cuda,U2AF2:HepG2
BCLAF1,HepG2,chr2:165999775:G:A,1,4,-0.8392165899276733,modal,cuda,U2AF2:HepG2
BCLAF1,HepG2,chr2:165999776:C:T,1,4,0.8677881360054016,modal,cuda,U2AF2:HepG2
BCLAF1,HepG2,chr2:166009771:G:C,1,4,-0.6795508861541748,modal,cuda,U2AF2:HepG2
BCLAF1,HepG2,chr2:166009784:T:A,1,4,-1.6197090148925781,modal,cuda,U2AF2:HepG2
BCLAF1,HepG2,chr2:166009792:C:T,1,4,-0.7009093761444092,modal,cuda,U2AF2:HepG2
BCLAF1,HepG2,chr2:166009795:A:T,1,4,-0.509547233581543,modal,cuda,U2AF2:HepG2
BCLAF1,HepG2,chr2:166009801:G:C,1,4,-1.0127973556518555,modal,cuda,U2AF2:HepG2
BCLAF1,HepG2,chr2:166009822:G:C,1,4,0.9343082904815674,modal,cuda,U2AF2:HepG2
BCLAF1,HepG2,chr2:166009837:G:C,1,4,-1.6063735485076904,modal,cuda,U2AF2:HepG2
BCLAF1,HepG2,chr2:166013834:C:T,1,4,0.42824363708496094,modal,cuda,U2AF2:HepG2
BCLAF1,HepG2,chr2:166013835:C:T,1,4,0.38659238815307617,modal,cuda,U2AF2:HepG2
BCLAF1,HepG2,chr2:166013837:C:T,1,4,-0.3899186849594116,modal,cuda,U2AF2:HepG2
BCLAF1,HepG2,chr2:166013838:C:T,1,4,0.40965133905410767,modal,cuda,U2AF2:HepG2
BCLAF1,HepG2,chr2:166013839:A:G,1,4,-0.3695076107978821,modal,cuda,U2AF2:HepG2
BCLAF1,HepG2,chr2:166013842:G:A,1,4,0.7449687719345093,modal,cuda,U2AF2:HepG2
BCLAF1,HepG2,chr2:166013873:A:T,1,4,-0.42813217639923096,modal,cuda,U2AF2:HepG2
BCLAF1,HepG2,chr2:166015596:C:A,0,4,-2.358022451400757,modal,cuda,U2AF2:HepG2
BCLAF1,HepG2,chr2:166015631:C:A,1,4,-1.3534736633300781,modal,cuda,U2AF2:HepG2
BCLAF1,HepG2,chr2:166015640:C:A,1,4,0.887382984161377,modal,cuda,U2AF2:HepG2
BCLAF1,HepG2,chr2:166036043:C:T,1,4,1.3244304656982422,modal,cuda,U2AF2:HepG2
BCLAF1,HepG2,chr2:166036070:G:T,1,4,-1.6893870830535889,modal,cuda,U2AF2:HepG2
BCLAF1,HepG2,chr2:166036074:C:A,1,4,0.848456859588623,modal,cuda,U2AF2:HepG2
BCLAF1,HepG2,chr2:166036097:A:C,1,4,-2.70257830619812,modal,cuda,U2AF2:HepG2
BCLAF1,HepG2,chr2:166036278:C:T,0,4,-0.11714839935302734,modal,cuda,U2AF2:HepG2
BCLAF1,HepG2,chr2:166036294:A:T,1,4,-0.4743243455886841,modal,cuda,U2AF2:HepG2
BCLAF1,HepG2,chr2:166036305:T:A,1,4,-1.9438292980194092,modal,cuda,U2AF2:HepG2
BCLAF1,HepG2,chr2:166036338:C:A,1,4,2.9366559982299805,modal,cuda,U2AF2:HepG2
BCLAF1,HepG2,chr2:166036353:G:A,1,4,1.3185231685638428,modal,cuda,U2AF2:HepG2
BCLAF1,HepG2,chr2:166036371:G:A,1,4,0.7155561447143555,modal,cuda,U2AF2:HepG2
BCLAF1,HepG2,chr2:166036374:G:A,1,4,-3.098508834838867,modal,cuda,U2AF2:HepG2
BCLAF1,HepG2,chr2:166036383:C:A,1,4,-2.4084203243255615,modal,cuda,U2AF2:HepG2
BCLAF1,HepG2,chr2:166036384:A:T,1,4,1.1367567777633667,modal,cuda,U2AF2:HepG2
BCLAF1,HepG2,chr2:166036494:A:G,1,4,0.6395565271377563,modal,cuda,U2AF2:HepG2
BCLAF1,HepG2,chr2:166036503:G:T,1,4,1.2500357627868652,modal,cuda,U2AF2:HepG2
BCLAF1,HepG2,chr2:166036516:A:T,1,4,-0.73099684715271,modal,cuda,U2AF2:HepG2
BCLAF1,HepG2,chr2:166036521:G:A,1,4,-0.7880899906158447,modal,cuda,U2AF2:HepG2
BCLAF1,HepG2,chr2:166036521:G:C,1,4,-1.2819019556045532,modal,cuda,U2AF2:HepG2
BCLAF1,HepG2,chr2:166036526:A:G,1,4,1.415406584739685,modal,cuda,U2AF2:HepG2
BCLAF1,HepG2,chr2:166036527:G:C,1,4,0.5507681369781494,modal,cuda,U2AF2:HepG2
BCLAF1,HepG2,chr2:166041354:A:G,0,4,-0.3787569999694824,modal,cuda,U2AF2:HepG2
BCLAF1,HepG2,chr2:166041374:T:G,1,4,0.9201388359069824,modal,cuda,U2AF2:HepG2
BCLAF1,HepG2,chr2:166041380:T:A,1,4,-1.4691858291625977,modal,cuda,U2AF2:HepG2
BCLAF1,HepG2,chr2:166041382:A:C,1,4,1.768721580505371,modal,cuda,U2AF2:HepG2
BCLAF1,HepG2,chr2:166041385:C:A,1,4,-0.32461977005004883,modal,cuda,U2AF2:HepG2
BCLAF1,HepG2,chr2:166041385:C:T,1,4,-2.1922895908355713,modal,cuda,U2AF2:HepG2
BCLAF1,HepG2,chr2:166041387:A:C,1,4,-3.050413131713867,modal,cuda,U2AF2:HepG2
BCLAF1,HepG2,chr2:166041402:C:T,1,4,-1.7580783367156982,modal,cuda,U2AF2:HepG2
BCLAF1,HepG2,chr2:166041403:C:T,1,4,-6.045878887176514,modal,cuda,U2AF2:HepG2
BCLAF1,HepG2,chr2:166041429:A:C,1,4,1.0718650817871094,modal,cuda,U2AF2:HepG2
BCLAF1,HepG2,chr2:166041432:C:T,1,4,-1.4231727123260498,modal,cuda,U2AF2:HepG2
BCLAF1,HepG2,chr2:166041433:C:A,1,4,-1.5382089614868164,modal,cuda,U2AF2:HepG2
BCLAF1,HepG2,chr2:166041433:C:T,1,4,-1.3600189685821533,modal,cuda,U2AF2:HepG2
BCLAF1,HepG2,chr2:166041452:G:A,1,4,0.5471611022949219,modal,cuda,U2AF2:HepG2
BCLAF1,HepG2,chr2:166041479:G:A,0,4,1.0185067653656006,modal,cuda,U2AF2:HepG2
BCLAF1,HepG2,chr2:166042275:T:C,0,4,-0.3840820789337158,modal,cuda,U2AF2:HepG2
BCLAF1,HepG2,chr2:166042289:A:T,1,4,-3.3988254070281982,modal,cuda,U2AF2:HepG2
BCLAF1,HepG2,chr2:166042292:C:A,1,4,2.4196863174438477,modal,cuda,U2AF2:HepG2
BCLAF1,HepG2,chr2:166042295:C:A,1,4,1.9963432550430298,modal,cuda,U2AF2:HepG2
BCLAF1,HepG2,chr2:166042334:G:A,1,4,4.292840003967285,modal,cuda,U2AF2:HepG2
BCLAF1,HepG2,chr2:166042337:G:A,1,4,3.117680788040161,modal,cuda,U2AF2:HepG2
BCLAF1,HepG2,chr2:166043742:G:A,1,4,-0.5008728504180908,modal,cuda,U2AF2:HepG2
BCLAF1,HepG2,chr2:166043754:A:T,1,4,-5.48628044128418,modal,cuda,U2AF2:HepG2
BCLAF1,HepG2,chr2:166043829:G:T,1,4,-1.1145968437194824,modal,cuda,U2AF2:HepG2
BCLAF1,HepG2,chr2:166043836:T:C,1,4,-1.6533397436141968,modal,cuda,U2AF2:HepG2
BCLAF1,HepG2,chr2:166043864:C:G,1,4,-0.5457231998443604,modal,cuda,U2AF2:HepG2
BCLAF1,HepG2,chr2:166043869:C:A,1,4,1.765157699584961,modal,cuda,U2AF2:HepG2
BCLAF1,HepG2,chr2:166043875:G:A,1,4,1.5564072132110596,modal,cuda,U2AF2:HepG2
BCLAF1,HepG2,chr2:166043878:G:A,1,4,1.4696558713912964,modal,cuda,U2AF2:HepG2
BCLAF1,HepG2,chr2:166043908:C:A,1,4,2.0729658603668213,modal,cuda,U2AF2:HepG2
BCLAF1,HepG2,chr2:166043974:G:A,1,4,2.3974387645721436,modal,cuda,U2AF2:HepG2
BCLAF1,HepG2,chr2:166044010:G:A,1,4,1.589634895324707,modal,cuda,U2AF2:HepG2
BCLAF1,HepG2,chr2:166045043:C:G,1,4,4.487674236297607,modal,cuda,U2AF2:HepG2
BCLAF1,HepG2,chr2:166045043:C:T,1,4,4.324815273284912,modal,cuda,U2AF2:HepG2
BCLAF1,HepG2,chr2:166045070:A:C,1,4,0.9909260272979736,modal,cuda,U2AF2:HepG2
BCLAF1,HepG2,chr2:166045070:A:T,1,4,0.8920619487762451,modal,cuda,U2AF2:HepG2
BCLAF1,HepG2,chr2:166045081:G:A,1,4,0.4402315616607666,modal,cuda,U2AF2:HepG2
BCLAF1,HepG2,chr2:166045144:G:A,1,4,-1.072907567024231,modal,cuda,U2AF2:HepG2
BCLAF1,HepG2,chr2:166045151:A:C,0,4,-0.758094310760498,modal,cuda,U2AF2:HepG2
BCLAF1,HepG2,chr2:166046760:G:A,0,4,-0.5544444918632507,modal,cuda,U2AF2:HepG2
BCLAF1,HepG2,chr2:166046793:T:A,1,4,3.0316550731658936,modal,cuda,U2AF2:HepG2
BCLAF1,HepG2,chr2:166046799:G:A,1,4,2.1400864124298096,modal,cuda,U2AF2:HepG2
BCLAF1,HepG2,chr2:166046802:C:A,1,4,3.195223331451416,modal,cuda,U2AF2:HepG2
BCLAF1,HepG2,chr2:166046814:G:A,1,4,0.5430562496185303,modal,cuda,U2AF2:HepG2
BCLAF1,HepG2,chr2:166046820:C:A,1,4,0.6945091485977173,modal,cuda,U2AF2:HepG2
BCLAF1,HepG2,chr2:166046832:G:A,1,4,1.8150811195373535,modal,cuda,U2AF2:HepG2
BCLAF1,HepG2,chr2:166046841:C:A,1,4,1.061958909034729,modal,cuda,U2AF2:HepG2
BCLAF1,HepG2,chr2:166046862:G:A,1,4,-1.7987079620361328,modal,cuda,U2AF2:HepG2
BCLAF1,HepG2,chr2:166046862:G:T,1,4,-0.5476454496383667,modal,cuda,U2AF2:HepG2
BCLAF1,HepG2,chr2:166046869:G:C,1,4,-2.960848569869995,modal,cuda,U2AF2:HepG2
BCLAF1,HepG2,chr2:166046869:G:T,1,4,-1.4352258443832397,modal,cuda,U2AF2:HepG2
BCLAF1,HepG2,chr2:166046871:A:G,1,4,0.857675313949585,modal,cuda,U2AF2:HepG2
BCLAF1,HepG2,chr2:166046882:A:G,1,4,-0.4042501449584961,modal,cuda,U2AF2:HepG2
BCLAF1,HepG2,chr2:166046883:C:A,1,4,-0.7268960475921631,modal,cuda,U2AF2:HepG2
BCLAF1,HepG2,chr2:166046899:A:C,1,4,-0.8500128984451294,modal,cuda,U2AF2:HepG2
BCLAF1,HepG2,chr2:166046899:A:T,1,4,-0.4359797239303589,modal,cuda,U2AF2:HepG2
BCLAF1,HepG2,chr2:166046910:A:T,1,4,0.680435061454773,modal,cuda,U2AF2:HepG2
BCLAF1,HepG2,chr2:166046913:A:C,1,4,0.4543113112449646,modal,cuda,U2AF2:HepG2
BCLAF1,HepG2,chr2:166046915:G:A,1,4,-0.8574626445770264,modal,cuda,U2AF2:HepG2
BCLAF1,HepG2,chr2:166046915:G:T,1,4,-3.0747671127319336,modal,cuda,U2AF2:HepG2
BCLAF1,HepG2,chr2:166046930:A:G,1,4,0.5518369674682617,modal,cuda,U2AF2:HepG2
BCLAF1,HepG2,chr2:166046935:T:C,0,4,-0.5770649909973145,modal,cuda,U2AF2:HepG2
BCLAF1,HepG2,chr2:166046941:A:T,1,4,-0.4593537449836731,modal,cuda,U2AF2:HepG2
BCLAF1,HepG2,chr2:166046948:A:G,1,4,0.5570700168609619,modal,cuda,U2AF2:HepG2
BCLAF1,HepG2,chr2:166046948:A:T,1,4,1.0720243453979492,modal,cuda,U2AF2:HepG2
BCLAF1,HepG2,chr2:166047716:C:A,1,4,0.5120372772216797,modal,cuda,U2AF2:HepG2
BCLAF1,HepG2,chr2:166047721:T:A,1,4,-0.23549938201904297,modal,cuda,U2AF2:HepG2
BCLAF1,HepG2,chr2:166047725:G:A,1,4,0.5801682472229004,modal,cuda,U2AF2:HepG2
BCLAF1,HepG2,chr2:166047733:C:T,1,4,-0.6069259643554688,modal,cuda,U2AF2:HepG2
BCLAF1,HepG2,chr2:166047749:T:C,1,4,-0.8820710182189941,modal,cuda,U2AF2:HepG2
BCLAF1,HepG2,chr2:166047750:A:C,1,4,0.7401056289672852,modal,cuda,U2AF2:HepG2
BCLAF1,HepG2,chr2:166047750:A:T,1,4,1.1777844429016113,modal,cuda,U2AF2:HepG2
BCLAF1,HepG2,chr2:166047751:T:C,1,4,-0.4284086227416992,modal,cuda,U2AF2:HepG2
BCLAF1,HepG2,chr2:166047755:C:A,1,4,-0.8201594352722168,modal,cuda,U2AF2:HepG2
BCLAF1,HepG2,chr2:166047761:G:A,1,4,1.1089391708374023,modal,cuda,U2AF2:HepG2
BCLAF1,HepG2,chr2:166047763:C:T,1,4,1.0945241451263428,modal,cuda,U2AF2:HepG2
BCLAF1,HepG2,chr2:166047764:A:G,1,4,-0.7458548545837402,modal,cuda,U2AF2:HepG2
BCLAF1,HepG2,chr2:166047767:G:A,1,4,0.8674594163894653,modal,cuda,U2AF2:HepG2
BCLAF1,HepG2,chr2:166047780:G:A,0,4,0.5469284057617188,modal,cuda,U2AF2:HepG2
BCLAF1,HepG2,chr2:166048865:A:G,0,4,-0.48176005482673645,modal,cuda,U2AF2:HepG2
BCLAF1,HepG2,chr2:166048887:C:A,1,4,-1.1944153308868408,modal,cuda,U2AF2:HepG2
BCLAF1,HepG2,chr2:166048887:C:G,1,4,-2.1278390884399414,modal,cuda,U2AF2:HepG2
BCLAF1,HepG2,chr2:166048889:G:A,1,4,1.45729660987854,modal,cuda,U2AF2:HepG2
BCLAF1,HepG2,chr2:166048895:G:A,1,4,-0.27743053436279297,modal,cuda,U2AF2:HepG2
BCLAF1,HepG2,chr2:166048895:G:T,1,4,-0.6422309875488281,modal,cuda,U2AF2:HepG2
BCLAF1,HepG2,chr2:166048896:A:G,1,4,-0.7671754956245422,modal,cuda,U2AF2:HepG2
BCLAF1,HepG2,chr2:166048901:T:C,1,4,-1.4852540493011475,modal,cuda,U2AF2:HepG2
BCLAF1,HepG2,chr2:166048904:C:G,1,4,2.9362423419952393,modal,cuda,U2AF2:HepG2
BCLAF1,HepG2,chr2:166048904:C:T,1,4,2.4551494121551514,modal,cuda,U2AF2:HepG2
BCLAF1,HepG2,chr2:166048906:A:T,1,4,0.6378707885742188,modal,cuda,U2AF2:HepG2
BCLAF1,HepG2,chr2:166048907:C:T,1,4,1.5025570392608643,modal,cuda,U2AF2:HepG2
BCLAF1,HepG2,chr2:166048913:A:G,1,4,-0.7233648300170898,modal,cuda,U2AF2:HepG2
BCLAF1,HepG2,chr2:166048932:C:A,1,4,-4.992094039916992,modal,cuda,U2AF2:HepG2
BCLAF1,HepG2,chr2:166048940:T:C,1,4,-0.4923996925354004,modal,cuda,U2AF2:HepG2
BCLAF1,HepG2,chr2:166048944:G:T,1,4,-1.5957022905349731,modal,cuda,U2AF2:HepG2
BCLAF1,HepG2,chr2:166048945:A:C,1,4,2.1986474990844727,modal,cuda,U2AF2:HepG2
BCLAF1,HepG2,chr2:166048949:C:A,1,4,-1.6321184635162354,modal,cuda,U2AF2:HepG2
BCLAF1,HepG2,chr2:166048954:T:C,1,4,1.7600383758544922,modal,cuda,U2AF2:HepG2
BCLAF1,HepG2,chr2:166051841:G:A,1,4,0.4760305881500244,modal,cuda,U2AF2:HepG2
BCLAF1,HepG2,chr2:166051841:G:C,1,4,-1.554689884185791,modal,cuda,U2AF2:HepG2
BCLAF1,HepG2,chr2:166051842:G:A,1,4,0.35676276683807373,modal,cuda,U2AF2:HepG2
BCLAF1,HepG2,chr2:166051843:C:T,1,4,-0.4845442771911621,modal,cuda,U2AF2:HepG2
BCLAF1,HepG2,chr2:166051844:C:T,1,4,-1.2890655994415283,modal,cuda,U2AF2:HepG2
BCLAF1,HepG2,chr2:166051845:A:G,1,4,-1.0228064060211182,modal,cuda,U2AF2:HepG2
BCLAF1,HepG2,chr2:166051848:G:A,1,4,-1.0097079277038574,modal,cuda,U2AF2:HepG2
BCLAF1,HepG2,chr2:166051854:A:G,1,4,-1.2964986562728882,modal,cuda,U2AF2:HepG2
BCLAF1,HepG2,chr2:166051855:T:G,1,4,0.20383548736572266,modal,cuda,U2AF2:HepG2
BCLAF1,HepG2,chr2:166051857:T:C,1,4,-0.6962915658950806,modal,cuda,U2AF2:HepG2
BCLAF1,HepG2,chr2:166051857:T:G,1,4,0.7470235824584961,modal,cuda,U2AF2:HepG2
BCLAF1,HepG2,chr2:166051871:C:T,1,4,-0.8381813168525696,modal,cuda,U2AF2:HepG2
BCLAF1,HepG2,chr2:166051884:G:A,1,4,0.7267227172851562,modal,cuda,U2AF2:HepG2
BCLAF1,HepG2,chr2:166051896:G:C,1,4,0.6180853843688965,modal,cuda,U2AF2:HepG2
BCLAF1,HepG2,chr2:166051928:A:G,1,4,-0.6225617527961731,modal,cuda,U2AF2:HepG2
BCLAF1,HepG2,chr2:166051936:A:C,1,4,0.9455132484436035,modal,cuda,U2AF2:HepG2
BCLAF1,HepG2,chr2:166051943:A:G,1,4,0.3962225914001465,modal,cuda,U2AF2:HepG2
BCLAF1,HepG2,chr2:166051944:G:C,1,4,-0.37970930337905884,modal,cuda,U2AF2:HepG2
BCLAF1,HepG2,chr2:166051955:G:T,1,4,-1.2217557430267334,modal,cuda,U2AF2:HepG2
BCLAF1,HepG2,chr2:166051967:G:A,1,4,0.38477128744125366,modal,cuda,U2AF2:HepG2
BCLAF1,HepG2,chr2:166051967:G:C,1,4,0.18578720092773438,modal,cuda,U2AF2:HepG2
BCLAF1,HepG2,chr2:166051967:G:T,1,4,-1.1463100910186768,modal,cuda,U2AF2:HepG2
BCLAF1,HepG2,chr2:166051968:C:T,1,4,-0.48802995681762695,modal,cuda,U2AF2:HepG2
BCLAF1,HepG2,chr2:166051970:C:A,1,4,0.4666558504104614,modal,cuda,U2AF2:HepG2
BCLAF1,HepG2,chr2:166051980:T:C,1,4,-0.36495792865753174,modal,cuda,U2AF2:HepG2
BCLAF1,HepG2,chr2:166051985:A:C,1,4,-0.7449455857276917,modal,cuda,U2AF2:HepG2
BCLAF1,HepG2,chr2:166052887:A:T,1,4,-1.0173873901367188,modal,cuda,U2AF2:HepG2
BCLAF1,HepG2,chr2:166052892:G:T,1,4,-0.44060611724853516,modal,cuda,U2AF2:HepG2
BCLAF1,HepG2,chr2:166052896:G:T,1,4,-0.5075311660766602,modal,cuda,U2AF2:HepG2
BCLAF1,HepG2,chr2:166052902:A:C,1,4,-0.936375617980957,modal,cuda,U2AF2:HepG2
BCLAF1,HepG2,chr2:166052902:A:T,1,4,1.2177207469940186,modal,cuda,U2AF2:HepG2
BCLAF1,HepG2,chr2:166052920:A:G,1,4,-0.8960819244384766,modal,cuda,U2AF2:HepG2
BCLAF1,HepG2,chr2:166052933:C:A,1,4,2.997312068939209,modal,cuda,U2AF2:HepG2
BCLAF1,HepG2,chr2:166054633:C:G,1,4,2.6778149604797363,modal,cuda,U2AF2:HepG2
BCLAF1,HepG2,chr2:166054635:T:G,1,4,2.302091598510742,modal,cuda,U2AF2:HepG2
BCLAF1,HepG2,chr2:166054638:G:T,1,4,0.893643856048584,modal,cuda,U2AF2:HepG2
BCLAF1,HepG2,chr2:166054660:C:A,1,4,1.2165188789367676,modal,cuda,U2AF2:HepG2
BCLAF1,HepG2,chr2:166054665:C:T,1,4,1.5867260694503784,modal,cuda,U2AF2:HepG2
BCLAF1,HepG2,chr2:166054667:G:C,1,4,-0.8581552505493164,modal,cuda,U2AF2:HepG2
BCLAF1,HepG2,chr2:166054670:C:T,1,4,2.026379346847534,modal,cuda,U2AF2:HepG2
BCLAF1,HepG2,chr2:166054672:A:G,1,4,-0.728162407875061,modal,cuda,U2AF2:HepG2
BCLAF1,HepG2,chr2:166054680:C:G,1,4,-1.8932991027832031,modal,cuda,U2AF2:HepG2
BCLAF1,HepG2,chr2:166054699:C:A,1,4,-1.9799585342407227,modal,cuda,U2AF2:HepG2
BCLAF1,HepG2,chr2:166054701:A:T,1,4,-1.449324369430542,modal,cuda,U2AF2:HepG2
BCLAF1,HepG2,chr2:166054710:C:A,1,4,-0.6498661041259766,modal,cuda,U2AF2:HepG2
BCLAF1,HepG2,chr2:166054710:C:G,1,4,-0.3304252624511719,modal,cuda,U2AF2:HepG2
BCLAF1,HepG2,chr2:166054710:C:T,1,4,-1.0139447450637817,modal,cuda,U2AF2:HepG2
BCLAF1,HepG2,chr2:166054716:G:A,1,4,-0.5568170547485352,modal,cuda,U2AF2:HepG2
BCLAF1,HepG2,chr2:166054723:T:A,1,4,0.8070526123046875,modal,cuda,U2AF2:HepG2
BCLAF1,HepG2,chr2:166054726:T:A,1,4,1.207071304321289,modal,cuda,U2AF2:HepG2
BCLAF1,HepG2,chr2:166056406:C:T,1,4,1.7122581005096436,modal,cuda,U2AF2:HepG2
BCLAF1,HepG2,chr2:166056425:C:T,1,4,-0.18464791774749756,modal,cuda,U2AF2:HepG2
BCLAF1,HepG2,chr2:166056426:C:T,1,4,1.1152818202972412,modal,cuda,U2AF2:HepG2
BCLAF1,HepG2,chr2:166056447:G:C,1,4,1.567765712738037,modal,cuda,U2AF2:HepG2
BCLAF1,HepG2,chr2:166056450:A:G,1,4,-1.1423768997192383,modal,cuda,U2AF2:HepG2
BCLAF1,HepG2,chr2:166056450:A:T,1,4,2.56475567817688,modal,cuda,U2AF2:HepG2
BCLAF1,HepG2,chr2:166056451:T:C,1,4,-1.0842310190200806,modal,cuda,U2AF2:HepG2
BCLAF1,HepG2,chr2:166056461:G:T,1,4,0.218855619430542,modal,cuda,U2AF2:HepG2
BCLAF1,HepG2,chr2:166056475:T:G,1,4,-1.0027228593826294,modal,cuda,U2AF2:HepG2
BCLAF1,HepG2,chr2:166056486:A:G,1,4,2.2875635623931885,modal,cuda,U2AF2:HepG2
BCLAF1,HepG2,chr2:166056498:A:C,1,4,0.6895467042922974,modal,cuda,U2AF2:HepG2
BCLAF1,HepG2,chr2:166056520:C:G,0,4,-1.1293970346450806,modal,cuda,U2AF2:HepG2
BCLAF1,HepG2,chr2:166058564:G:A,1,4,-0.40328407287597656,modal,cuda,U2AF2:HepG2
BCLAF1,HepG2,chr2:166058570:G:T,1,4,1.1797666549682617,modal,cuda,U2AF2:HepG2
BCLAF1,HepG2,chr2:166058573:T:A,1,4,-2.3469090461730957,modal,cuda,U2AF2:HepG2
BCLAF1,HepG2,chr2:166058586:T:A,1,4,1.72054123878479,modal,cuda,U2AF2:HepG2
BCLAF1,HepG2,chr2:166058608:A:T,1,4,1.6784083843231201,modal,cuda,U2AF2:HepG2
BCLAF1,HepG2,chr2:166058615:G:A,1,4,-0.7969460487365723,modal,cuda,U2AF2:HepG2
BCLAF1,HepG2,chr2:166058616:G:A,1,4,0.6610069274902344,modal,cuda,U2AF2:HepG2
BCLAF1,HepG2,chr2:166058616:G:T,1,4,1.875881314277649,modal,cuda,U2AF2:HepG2
BCLAF1,HepG2,chr2:166058621:A:T,1,4,2.158782958984375,modal,cuda,U2AF2:HepG2
BCLAF1,HepG2,chr2:166058626:G:C,1,4,1.5918467044830322,modal,cuda,U2AF2:HepG2
BCLAF1,HepG2,chr2:166058630:A:G,1,4,0.7522487640380859,modal,cuda,U2AF2:HepG2
BCLAF1,HepG2,chr2:166073353:C:G,1,4,-1.3506604433059692,modal,cuda,U2AF2:HepG2
BCLAF1,HepG2,chr2:166073370:A:T,1,4,-1.1098488569259644,modal,cuda,U2AF2:HepG2
BCLAF1,HepG2,chr2:166073373:G:C,1,4,0.594048023223877,modal,cuda,U2AF2:HepG2
BCLAF1,HepG2,chr2:166073373:G:T,1,4,0.7407979965209961,modal,cuda,U2AF2:HepG2
BCLAF1,HepG2,chr2:166073374:T:C,1,4,1.0880532264709473,modal,cuda,U2AF2:HepG2
BCLAF1,HepG2,chr2:166073375:A:C,1,4,-0.8848729133605957,modal,cuda,U2AF2:HepG2
BCLAF1,HepG2,chr2:166073379:G:T,1,4,-0.3841893672943115,modal,cuda,U2AF2:HepG2
BCLAF1,HepG2,chr2:166073381:C:T,1,4,-0.4811739921569824,modal,cuda,U2AF2:HepG2
BCLAF1,HepG2,chr2:166073386:T:C,1,4,0.7222555875778198,modal,cuda,U2AF2:HepG2
BCLAF1,HepG2,chr2:166073387:C:T,1,4,-0.3771965503692627,modal,cuda,U2AF2:HepG2
BCLAF1,HepG2,chr2:166073396:G:T,1,4,-0.612188458442688,modal,cuda,U2AF2:HepG2
BCLAF1,HepG2,chr2:166073402:A:G,1,4,-0.33567550778388977,modal,cuda,U2AF2:HepG2
BCLAF1,HepG2,chr2:166073427:A:C,1,4,-4.528502941131592,modal,cuda,U2AF2:HepG2
BCLAF1,HepG2,chr2:166073441:G:A,1,4,-0.7239913940429688,modal,cuda,U2AF2:HepG2
BCLAF1,HepG2,chr2:166073615:G:A,1,4,-3.956155776977539,modal,cuda,U2AF2:HepG2
BCLAF1,HepG2,chr2:166073619:C:T,1,4,2.7549028396606445,modal,cuda,U2AF2:HepG2
BCLAF1,HepG2,chr2:166073620:A:G,1,4,-0.7361942529678345,modal,cuda,U2AF2:HepG2
BCLAF1,HepG2,chr2:166233466:T:C,0,4,-0.4060378074645996,modal,cuda,U2AF2:HepG2
BCLAF1,HepG2,chr2:166280609:G:A,0,4,-0.8331403732299805,modal,cuda,U2AF2:HepG2
BCLAF1,HepG2,chr2:166280610:C:T,0,4,0.9095343351364136,modal,cuda,U2AF2:HepG2
BCLAF1,HepG2,chr2:166294649:G:T,1,4,1.3196783065795898,modal,cuda,U2AF2:HepG2
BCLAF1,HepG2,chr2:166305767:G:A,0,4,1.521303653717041,modal,cuda,U2AF2:HepG2
BCLAF1,HepG2,chr2:166306949:A:C,1,4,0.8921217918395996,modal,cuda,U2AF2:HepG2
BCLAF1,HepG2,chr2:169631944:A:G,0,4,-0.1915106475353241,modal,cuda,U2AF2:HepG2
BCLAF1,HepG2,chr2:169824480:C:T,0,4,0.6258115768432617,modal,cuda,U2AF2:HepG2
BCLAF1,HepG2,chr2:171473883:A:G,0,4,0.401475191116333,modal,cuda,U2AF2:HepG2
BCLAF1,HepG2,chr2:171473922:T:G,1,4,1.3805174827575684,modal,cuda,U2AF2:HepG2
BCLAF1,HepG2,chr2:171473977:T:C,1,4,1.6780202388763428,modal,cuda,U2AF2:HepG2
BCLAF1,HepG2,chr2:171473981:T:G,1,4,2.458509922027588,modal,cuda,U2AF2:HepG2
BCLAF1,HepG2,chr2:171480198:G:T,1,4,1.5972039699554443,modal,cuda,U2AF2:HepG2
BCLAF1,HepG2,chr2:171725602:T:G,0,4,0.22986125946044922,modal,cuda,U2AF2:HepG2
BCLAF1,HepG2,chr2:173191003:A:G,0,4,-1.034342885017395,modal,cuda,U2AF2:HepG2
BCLAF1,HepG2,chr2:173363481:G:A,0,4,0.28916120529174805,modal,cuda,U2AF2:HepG2
BCLAF1,HepG2,chr2:175093202:G:A,0,4,-0.6581301689147949,modal,cuda,U2AF2:HepG2
BCLAF1,HepG2,chr2:177234146:T:C,0,4,-0.3659334182739258,modal,cuda,U2AF2:HepG2
BCLAF1,HepG2,chr2:177234189:C:T,0,4,0.7139475345611572,modal,cuda,U2AF2:HepG2
BCLAF1,HepG2,chr2:177234190:G:A,0,4,2.3391361236572266,modal,cuda,U2AF2:HepG2
BCLAF1,HepG2,chr2:177538058:G:T,0,4,-1.467282772064209,modal,cuda,U2AF2:HepG2
BCLAF1,HepG2,chr2:17773154:C:G,0,4,-0.7356431484222412,modal,cuda,U2AF2:HepG2
BCLAF1,HepG2,chr2:186640975:T:A,0,4,-0.2466106414794922,modal,cuda,U2AF2:HepG2
BCLAF1,HepG2,chr2:187484116:A:G,0,4,-0.5232000350952148,modal,cuda,U2AF2:HepG2
BCLAF1,HepG2,chr2:187496871:A:G,0,4,-0.4120755195617676,modal,cuda,U2AF2:HepG2
BCLAF1,HepG2,chr2:189795777:T:C,0,4,-0.7803757190704346,modal,cuda,U2AF2:HepG2
BCLAF1,HepG2,chr2:189805681:T:C,0,4,1.3100980520248413,modal,cuda,U2AF2:HepG2
BCLAF1,HepG2,chr2:189854875:A:G,0,4,0.730288028717041,modal,cuda,U2AF2:HepG2
BCLAF1,HepG2,chr2:189864116:G:A,0,4,2.264563798904419,modal,cuda,U2AF2:HepG2
BCLAF1,HepG2,chr2:189864224:G:A,0,4,-0.5994809865951538,modal,cuda,U2AF2:HepG2
BCLAF1,HepG2,chr2:190252143:C:A,0,4,-0.25000905990600586,modal,cuda,U2AF2:HepG2
BCLAF1,HepG2,chr2:190261141:A:T,0,4,0.41262364387512207,modal,cuda,U2AF2:HepG2
BCLAF1,HepG2,chr2:190294639:A:C,1,4,-1.6675902605056763,modal,cuda,U2AF2:HepG2
BCLAF1,HepG2,chr2:190931645:A:C,0,4,0.359041690826416,modal,cuda,U2AF2:HepG2
BCLAF1,HepG2,chr2:190985669:C:A,0,4,1.1995822191238403,modal,cuda,U2AF2:HepG2
BCLAF1,HepG2,chr2:190991304:T:C,1,4,-0.6156630516052246,modal,cuda,U2AF2:HepG2
BCLAF1,HepG2,chr2:190991307:C:G,1,4,1.2529042959213257,modal,cuda,U2AF2:HepG2
BCLAF1,HepG2,chr2:190998020:G:A,0,4,-0.7162168025970459,modal,cuda,U2AF2:HepG2
BCLAF1,HepG2,chr2:190998023:G:A,0,4,0.7791063785552979,modal,cuda,U2AF2:HepG2
BCLAF1,HepG2,chr2:191001165:T:G,1,4,7.197641372680664,modal,cuda,U2AF2:HepG2
BCLAF1,HepG2,chr2:196842706:A:G,0,4,-0.7303148508071899,modal,cuda,U2AF2:HepG2
BCLAF1,HepG2,chr2:196875837:T:C,0,4,1.9476301670074463,modal,cuda,U2AF2:HepG2
BCLAF1,HepG2,chr2:196885478:T:C,1,4,-2.1189236640930176,modal,cuda,U2AF2:HepG2
BCLAF1,HepG2,chr2:196885815:A:G,0,4,-0.925621747970581,modal,cuda,U2AF2:HepG2
BCLAF1,HepG2,chr2:196902616:A:C,1,4,-1.3609685897827148,modal,cuda,U2AF2:HepG2
BCLAF1,HepG2,chr2:196912997:A:C,0,4,-0.2731490135192871,modal,cuda,U2AF2:HepG2
BCLAF1,HepG2,chr2:196916468:G:A,1,4,2.0822880268096924,modal,cuda,U2AF2:HepG2
BCLAF1,HepG2,chr2:197393196:G:A,0,4,0.5255258083343506,modal,cuda,U2AF2:HepG2
BCLAF1,HepG2,chr2:197416735:A:T,0,4,-0.8249166011810303,modal,cuda,U2AF2:HepG2
BCLAF1,HepG2,chr2:201633304:T:C,0,4,0.9278562068939209,modal,cuda,U2AF2:HepG2
BCLAF1,HepG2,chr2:201741867:A:G,0,4,0.7131441831588745,modal,cuda,U2AF2:HepG2
BCLAF1,HepG2,chr2:201754689:G:A,0,4,-0.5920650959014893,modal,cuda,U2AF2:HepG2
BCLAF1,HepG2,chr2:202542450:A:T,1,4,2.8522279262542725,modal,cuda,U2AF2:HepG2
BCLAF1,HepG2,chr2:206126692:T:A,0,4,-1.0974936485290527,modal,cuda,U2AF2:HepG2
BCLAF1,HepG2,chr2:206132921:A:G,0,4,0.5452556610107422,modal,cuda,U2AF2:HepG2
BCLAF1,HepG2,chr2:208324127:A:T,0,4,-0.8187971115112305,modal,cuda,U2AF2:HepG2
BCLAF1,HepG2,chr2:208324136:A:T,0,4,-1.0019019842147827,modal,cuda,U2AF2:HepG2
BCLAF1,HepG2,chr2:208324294:T:A,0,4,0.4091792106628418,modal,cuda,U2AF2:HepG2
BCLAF1,HepG2,chr2:208340002:T:C,0,4,0.922336220741272,modal,cuda,U2AF2:HepG2
BCLAF1,HepG2,chr2:208345103:G:A,0,4,-0.6343398094177246,modal,cuda,U2AF2:HepG2
BCLAF1,HepG2,chr2:21029803:A:G,0,4,0.43895435333251953,modal,cuda,U2AF2:HepG2
BCLAF1,HepG2,chr2:210556758:A:T,1,4,-1.0571845769882202,modal,cuda,U2AF2:HepG2
BCLAF1,HepG2,chr2:210590886:C:G,1,4,-0.8014967441558838,modal,cuda,U2AF2:HepG2
BCLAF1,HepG2,chr2:210590905:A:T,1,4,0.8918392658233643,modal,cuda,U2AF2:HepG2
BCLAF1,HepG2,chr2:210595552:C:G,1,4,3.6046628952026367,modal,cuda,U2AF2:HepG2
BCLAF1,HepG2,chr2:210595589:G:A,0,4,-0.37631988525390625,modal,cuda,U2AF2:HepG2
BCLAF1,HepG2,chr2:214780927:A:C,1,4,2.6546149253845215,modal,cuda,U2AF2:HepG2
BCLAF1,HepG2,chr2:214780940:T:A,1,4,-1.464803695678711,modal,cuda,U2AF2:HepG2
BCLAF1,HepG2,chr2:214780947:T:G,0,4,-1.2351560592651367,modal,cuda,U2AF2:HepG2
BCLAF1,HepG2,chr2:214780970:T:A,1,4,1.0086721181869507,modal,cuda,U2AF2:HepG2
BCLAF1,HepG2,chr2:214780995:G:A,0,4,1.0223102569580078,modal,cuda,U2AF2:HepG2
BCLAF1,HepG2,chr2:214781015:C:A,1,4,-0.5921659469604492,modal,cuda,U2AF2:HepG2
BCLAF1,HepG2,chr2:214781025:A:C,0,4,-0.7837686538696289,modal,cuda,U2AF2:HepG2
BCLAF1,HepG2,chr2:214781040:G:T,0,4,0.8838562965393066,modal,cuda,U2AF2:HepG2
BCLAF1,HepG2,chr2:214781045:C:A,1,4,-2.501096487045288,modal,cuda,U2AF2:HepG2
BCLAF1,HepG2,chr2:214781050:A:C,1,4,1.7787336111068726,modal,cuda,U2AF2:HepG2
BCLAF1,HepG2,chr2:214781050:A:T,1,4,-1.8952436447143555,modal,cuda,U2AF2:HepG2
BCLAF1,HepG2,chr2:215349087:C:T,0,4,0.4403505325317383,modal,cuda,U2AF2:HepG2
BCLAF1,HepG2,chr2:215365493:G:C,0,4,1.2807488441467285,modal,cuda,U2AF2:HepG2
BCLAF1,HepG2,chr2:222634537:T:C,1,4,-0.5152359008789062,modal,cuda,U2AF2:HepG2
BCLAF1,HepG2,chr2:222639607:T:C,0,4,-1.421305775642395,modal,cuda,U2AF2:HepG2
BCLAF1,HepG2,chr2:222640924:C:G,0,4,-1.043635368347168,modal,cuda,U2AF2:HepG2
BCLAF1,HepG2,chr2:222642894:A:G,1,4,-2.533587694168091,modal,cuda,U2AF2:HepG2
BCLAF1,HepG2,chr2:224495980:A:T,0,4,0.6659436225891113,modal,cuda,U2AF2:HepG2
BCLAF1,HepG2,chr2:224502952:C:T,0,4,0.41156864166259766,modal,cuda,U2AF2:HepG2
BCLAF1,HepG2,chr2:224502958:A:C,0,4,0.6423182487487793,modal,cuda,U2AF2:HepG2
BCLAF1,HepG2,chr2:224503825:G:A,1,4,0.9588006734848022,modal,cuda,U2AF2:HepG2
BCLAF1,HepG2,chr2:224503827:A:T,1,4,1.609375,modal,cuda,U2AF2:HepG2
BCLAF1,HepG2,chr2:224503834:A:C,1,4,2.5126991271972656,modal,cuda,U2AF2:HepG2
BCLAF1,HepG2,chr2:224503848:T:C,1,4,1.0737807750701904,modal,cuda,U2AF2:HepG2
BCLAF1,HepG2,chr2:224503850:A:C,1,4,1.6273705959320068,modal,cuda,U2AF2:HepG2
BCLAF1,HepG2,chr2:224506150:A:T,0,4,0.699655294418335,modal,cuda,U2AF2:HepG2
BCLAF1,HepG2,chr2:227332522:G:A,0,4,0.18572235107421875,modal,cuda,U2AF2:HepG2
BCLAF1,HepG2,chr2:227340266:C:T,0,4,-0.2458239495754242,modal,cuda,U2AF2:HepG2
BCLAF1,HepG2,chr2:227340295:C:T,1,4,3.126094102859497,modal,cuda,U2AF2:HepG2
BCLAF1,HepG2,chr2:229791861:C:T,1,4,0.9366087913513184,modal,cuda,U2AF2:HepG2
BCLAF1,HepG2,chr2:229858787:G:A,1,4,1.631988763809204,modal,cuda,U2AF2:HepG2
BCLAF1,HepG2,chr2:232029988:C:T,1,4,2.4455184936523438,modal,cuda,U2AF2:HepG2
BCLAF1,HepG2,chr2:232030077:G:A,1,4,0.9956789016723633,modal,cuda,U2AF2:HepG2
BCLAF1,HepG2,chr2:232087550:G:T,1,4,1.6949446201324463,modal,cuda,U2AF2:HepG2
BCLAF1,HepG2,chr2:232087576:A:G,0,4,-0.3865506649017334,modal,cuda,U2AF2:HepG2
BCLAF1,HepG2,chr2:232087701:C:G,1,4,-0.19138002395629883,modal,cuda,U2AF2:HepG2
BCLAF1,HepG2,chr2:232130712:C:G,1,4,-1.0302038192749023,modal,cuda,U2AF2:HepG2
BCLAF1,HepG2,chr2:232136499:T:C,0,4,-0.5229557156562805,modal,cuda,U2AF2:HepG2
BCLAF1,HepG2,chr2:232163439:C:T,0,4,-0.35884881019592285,modal,cuda,U2AF2:HepG2
BCLAF1,HepG2,chr2:232163460:C:T,1,4,-1.1514194011688232,modal,cuda,U2AF2:HepG2
BCLAF1,HepG2,chr2:232163481:C:T,1,4,1.722834825515747,modal,cuda,U2AF2:HepG2
BCLAF1,HepG2,chr2:232249324:G:A,1,4,-2.1046907901763916,modal,cuda,U2AF2:HepG2
BCLAF1,HepG2,chr2:232263229:G:A,0,4,1.3362244367599487,modal,cuda,U2AF2:HepG2
BCLAF1,HepG2,chr2:232791432:C:T,0,4,0.563483715057373,modal,cuda,U2AF2:HepG2
BCLAF1,HepG2,chr2:232794843:C:A,0,4,-0.7009615898132324,modal,cuda,U2AF2:HepG2
BCLAF1,HepG2,chr2:232796136:G:A,0,4,-0.21415257453918457,modal,cuda,U2AF2:HepG2
BCLAF1,HepG2,chr2:238068120:A:G,0,4,-1.3365592956542969,modal,cuda,U2AF2:HepG2
BCLAF1,HepG2,chr2:239190094:C:A,0,4,-0.3372688293457031,modal,cuda,U2AF2:HepG2
BCLAF1,HepG2,chr2:239352670:G:A,0,4,-0.7286310195922852,modal,cuda,U2AF2:HepG2
BCLAF1,HepG2,chr2:240007349:T:C,0,4,-1.2355941534042358,modal,cuda,U2AF2:HepG2
BCLAF1,HepG2,chr2:24252336:T:C,0,4,0.448880672454834,modal,cuda,U2AF2:HepG2
BCLAF1,HepG2,chr2:24298659:C:T,0,4,0.679926872253418,modal,cuda,U2AF2:HepG2
BCLAF1,HepG2,chr2:27234001:C:T,0,4,0.09482097625732422,modal,cuda,U2AF2:HepG2
BCLAF1,HepG2,chr2:28776842:G:A,0,4,0.6443839073181152,modal,cuda,U2AF2:HepG2
BCLAF1,HepG2,chr2:28781721:A:G,0,4,-0.5503535270690918,modal,cuda,U2AF2:HepG2
BCLAF1,HepG2,chr2:28906450:T:A,0,4,0.25342631340026855,modal,cuda,U2AF2:HepG2
BCLAF1,HepG2,chr2:36499357:C:G,0,4,-0.7481589317321777,modal,cuda,U2AF2:HepG2
BCLAF1,HepG2,chr2:36899508:A:C,0,4,-0.64569091796875,modal,cuda,U2AF2:HepG2
BCLAF1,HepG2,chr2:37126291:G:A,0,4,1.0026705265045166,modal,cuda,U2AF2:HepG2
BCLAF1,HepG2,chr2:37126321:A:G,0,4,0.9889726638793945,modal,cuda,U2AF2:HepG2
BCLAF1,HepG2,chr2:37138497:G:A,0,4,-0.6275005340576172,modal,cuda,U2AF2:HepG2
BCLAF1,HepG2,chr2:37237883:A:C,0,4,0.4661884307861328,modal,cuda,U2AF2:HepG2
BCLAF1,HepG2,chr2:37243971:C:A,0,4,2.3419225215911865,modal,cuda,U2AF2:HepG2
BCLAF1,HepG2,chr2:38997049:T:G,0,4,-0.9256188273429871,modal,cuda,U2AF2:HepG2
BCLAF1,HepG2,chr2:38997236:T:C,0,4,0.52777099609375,modal,cuda,U2AF2:HepG2
BCLAF1,HepG2,chr2:39007017:A:G,0,4,0.17055892944335938,modal,cuda,U2AF2:HepG2
BCLAF1,HepG2,chr2:39012120:A:C,0,4,1.6635067462921143,modal,cuda,U2AF2:HepG2
BCLAF1,HepG2,chr2:39013454:A:C,0,4,3.924952268600464,modal,cuda,U2AF2:HepG2
BCLAF1,HepG2,chr2:39023245:A:G,0,4,-0.4696856737136841,modal,cuda,U2AF2:HepG2
BCLAF1,HepG2,chr2:39035207:C:G,0,4,1.926680326461792,modal,cuda,U2AF2:HepG2
BCLAF1,HepG2,chr2:39056693:G:C,0,4,0.5709593296051025,modal,cuda,U2AF2:HepG2
BCLAF1,HepG2,chr2:42263316:G:A,0,4,-0.2705996036529541,modal,cuda,U2AF2:HepG2
BCLAF1,HepG2,chr2:43551817:T:C,0,4,0.865435004234314,modal,cuda,U2AF2:HepG2
BCLAF1,HepG2,chr2:43556523:T:G,0,4,-1.3690019845962524,modal,cuda,U2AF2:HepG2
BCLAF1,HepG2,chr2:43556551:G:A,0,4,1.849083662033081,modal,cuda,U2AF2:HepG2
BCLAF1,HepG2,chr2:43570490:T:G,0,4,-0.26314592361450195,modal,cuda,U2AF2:HepG2
BCLAF1,HepG2,chr2:43575014:T:C,0,4,0.4258582592010498,modal,cuda,U2AF2:HepG2
BCLAF1,HepG2,chr2:43590938:T:C,0,4,1.0022761821746826,modal,cuda,U2AF2:HepG2
BCLAF1,HepG2,chr2:43823981:C:G,1,4,-2.3039796352386475,modal,cuda,U2AF2:HepG2
BCLAF1,HepG2,chr2:43823981:C:T,1,4,1.0586423873901367,modal,cuda,U2AF2:HepG2
BCLAF1,HepG2,chr2:43899608:G:A,0,4,1.7802318334579468,modal,cuda,U2AF2:HepG2
BCLAF1,HepG2,chr2:43918235:G:T,0,4,-0.418428897857666,modal,cuda,U2AF2:HepG2
BCLAF1,HepG2,chr2:43925051:T:C,0,4,-0.4369020462036133,modal,cuda,U2AF2:HepG2
BCLAF1,HepG2,chr2:43925175:G:C,0,4,0.8735251426696777,modal,cuda,U2AF2:HepG2
BCLAF1,HepG2,chr2:43963572:C:T,0,4,0.2667381763458252,modal,cuda,U2AF2:HepG2
BCLAF1,HepG2,chr2:44218547:A:G,0,4,-0.3690671920776367,modal,cuda,U2AF2:HepG2
BCLAF1,HepG2,chr2:44338367:G:C,1,4,-0.6452198028564453,modal,cuda,U2AF2:HepG2
BCLAF1,HepG2,chr2:44343970:G:A,0,4,-0.8160800933837891,modal,cuda,U2AF2:HepG2
BCLAF1,HepG2,chr2:44346251:G:C,0,4,0.9926924705505371,modal,cuda,U2AF2:HepG2
BCLAF1,HepG2,chr2:46623886:C:T,0,4,-0.4058173894882202,modal,cuda,U2AF2:HepG2
BCLAF1,HepG2,chr2:46623887:G:A,0,4,0.34977245330810547,modal,cuda,U2AF2:HepG2
BCLAF1,HepG2,chr2:46950458:A:T,1,4,1.544715166091919,modal,cuda,U2AF2:HepG2
BCLAF1,HepG2,chr2:46950464:G:T,1,4,0.7387504577636719,modal,cuda,U2AF2:HepG2
BCLAF1,HepG2,chr2:46950478:C:T,0,4,0.13456344604492188,modal,cuda,U2AF2:HepG2
BCLAF1,HepG2,chr2:47161705:T:C,0,4,2.436584711074829,modal,cuda,U2AF2:HepG2
BCLAF1,HepG2,chr2:47408531:G:A,0,4,-0.807746410369873,modal,cuda,U2AF2:HepG2
BCLAF1,HepG2,chr2:47408553:A:T,1,4,1.2320449352264404,modal,cuda,U2AF2:HepG2
BCLAF1,HepG2,chr2:47410186:C:A,0,4,0.4206230640411377,modal,cuda,U2AF2:HepG2
BCLAF1,HepG2,chr2:47410210:T:C,0,4,0.5619621276855469,modal,cuda,U2AF2:HepG2
BCLAF1,HepG2,chr2:47410210:T:G,0,4,-2.3900413513183594,modal,cuda,U2AF2:HepG2
BCLAF1,HepG2,chr2:47410213:A:C,0,4,1.7261500358581543,modal,cuda,U2AF2:HepG2
BCLAF1,HepG2,chr2:47410255:T:C,0,4,0.48232221603393555,modal,cuda,U2AF2:HepG2
BCLAF1,HepG2,chr2:47410264:T:G,0,4,0.5129337310791016,modal,cuda,U2AF2:HepG2
BCLAF1,HepG2,chr2:47410316:A:T,1,4,0.4701094627380371,modal,cuda,U2AF2:HepG2
BCLAF1,HepG2,chr2:47410334:G:T,1,4,1.456955909729004,modal,cuda,U2AF2:HepG2
BCLAF1,HepG2,chr2:47412497:G:A,0,4,0.3186323642730713,modal,cuda,U2AF2:HepG2
BCLAF1,HepG2,chr2:47412535:C:G,0,4,0.6784288287162781,modal,cuda,U2AF2:HepG2
BCLAF1,HepG2,chr2:47412541:T:A,1,4,0.3312954902648926,modal,cuda,U2AF2:HepG2
BCLAF1,HepG2,chr2:47412546:G:T,1,4,1.0183123350143433,modal,cuda,U2AF2:HepG2
BCLAF1,HepG2,chr2:47414246:G:A,0,4,1.0897550582885742,modal,cuda,U2AF2:HepG2
BCLAF1,HepG2,chr2:47414279:C:G,1,4,1.2385923862457275,modal,cuda,U2AF2:HepG2
BCLAF1,HepG2,chr2:47414280:A:C,0,4,0.8233522772789001,modal,cuda,U2AF2:HepG2
BCLAF1,HepG2,chr2:47416319:C:A,0,4,-0.7717212438583374,modal,cuda,U2AF2:HepG2
BCLAF1,HepG2,chr2:47416322:T:G,0,4,-0.28035545349121094,modal,cuda,U2AF2:HepG2
BCLAF1,HepG2,chr2:47416341:C:T,0,4,-0.25581789016723633,modal,cuda,U2AF2:HepG2
BCLAF1,HepG2,chr2:47416346:T:C,0,4,-0.08804130554199219,modal,cuda,U2AF2:HepG2
BCLAF1,HepG2,chr2:47416352:T:A,1,4,-1.2431719303131104,modal,cuda,U2AF2:HepG2
BCLAF1,HepG2,chr2:47416361:T:C,0,4,0.42627763748168945,modal,cuda,U2AF2:HepG2
BCLAF1,HepG2,chr2:47445588:T:C,0,4,0.7437772750854492,modal,cuda,U2AF2:HepG2
BCLAF1,HepG2,chr2:47445621:T:C,0,4,-0.6033358573913574,modal,cuda,U2AF2:HepG2
BCLAF1,HepG2,chr2:47466649:A:T,0,4,-2.568746328353882,modal,cuda,U2AF2:HepG2
BCLAF1,HepG2,chr2:47466668:T:C,0,4,0.4925917387008667,modal,cuda,U2AF2:HepG2
BCLAF1,HepG2,chr2:47470956:G:A,0,4,-0.36423754692077637,modal,cuda,U2AF2:HepG2
BCLAF1,HepG2,chr2:47470963:A:T,1,4,5.0296454429626465,modal,cuda,U2AF2:HepG2
BCLAF1,HepG2,chr2:47470964:G:A,1,4,4.728182792663574,modal,cuda,U2AF2:HepG2
BCLAF1,HepG2,chr2:47470971:G:A,0,4,-0.47322845458984375,modal,cuda,U2AF2:HepG2
BCLAF1,HepG2,chr2:47470979:T:G,1,4,-0.26770567893981934,modal,cuda,U2AF2:HepG2
BCLAF1,HepG2,chr2:47471013:T:G,1,4,-1.779883861541748,modal,cuda,U2AF2:HepG2
BCLAF1,HepG2,chr2:47471017:G:T,1,4,2.5474724769592285,modal,cuda,U2AF2:HepG2
BCLAF1,HepG2,chr2:47471022:C:A,0,4,-0.6886305809020996,modal,cuda,U2AF2:HepG2
BCLAF1,HepG2,chr2:47475050:C:A,0,4,-1.104525089263916,modal,cuda,U2AF2:HepG2
BCLAF1,HepG2,chr2:47475083:C:G,0,4,-0.5858988761901855,modal,cuda,U2AF2:HepG2
BCLAF1,HepG2,chr2:47475083:C:T,0,4,-1.1435723304748535,modal,cuda,U2AF2:HepG2
BCLAF1,HepG2,chr2:47475231:T:A,0,4,0.6695051193237305,modal,cuda,U2AF2:HepG2
BCLAF1,HepG2,chr2:47475266:T:C,0,4,0.5925607681274414,modal,cuda,U2AF2:HepG2
BCLAF1,HepG2,chr2:47475272:T:C,1,4,0.5298399925231934,modal,cuda,U2AF2:HepG2
BCLAF1,HepG2,chr2:47476408:G:C,1,4,1.0765399932861328,modal,cuda,U2AF2:HepG2
BCLAF1,HepG2,chr2:47476437:G:T,0,4,-0.47988128662109375,modal,cuda,U2AF2:HepG2
BCLAF1,HepG2,chr2:47476457:C:A,1,4,-2.1452205181121826,modal,cuda,U2AF2:HepG2
BCLAF1,HepG2,chr2:47476462:G:T,1,4,0.8204569816589355,modal,cuda,U2AF2:HepG2
BCLAF1,HepG2,chr2:47476476:G:A,0,4,0.9682433605194092,modal,cuda,U2AF2:HepG2
BCLAF1,HepG2,chr2:47476524:A:G,0,4,0.8781285285949707,modal,cuda,U2AF2:HepG2
BCLAF1,HepG2,chr2:47790990:T:A,1,4,1.0925464630126953,modal,cuda,U2AF2:HepG2
BCLAF1,HepG2,chr2:47790999:C:G,1,4,1.796865463256836,modal,cuda,U2AF2:HepG2
BCLAF1,HepG2,chr2:47791014:T:C,0,4,-0.39080333709716797,modal,cuda,U2AF2:HepG2
BCLAF1,HepG2,chr2:47791015:G:T,1,4,1.7341947555541992,modal,cuda,U2AF2:HepG2
BCLAF1,HepG2,chr2:47791017:A:T,0,4,1.2140847444534302,modal,cuda,U2AF2:HepG2
BCLAF1,HepG2,chr2:47791033:A:T,1,4,1.4598586559295654,modal,cuda,U2AF2:HepG2
BCLAF1,HepG2,chr2:47791039:A:T,1,4,1.5930283069610596,modal,cuda,U2AF2:HepG2
BCLAF1,HepG2,chr2:47791043:C:G,1,4,0.5863914489746094,modal,cuda,U2AF2:HepG2
BCLAF1,HepG2,chr2:47791053:T:G,0,4,-0.9640731811523438,modal,cuda,U2AF2:HepG2
BCLAF1,HepG2,chr2:47791060:C:T,1,4,-0.9688289165496826,modal,cuda,U2AF2:HepG2
BCLAF1,HepG2,chr2:47791071:T:C,0,4,-0.4242839813232422,modal,cuda,U2AF2:HepG2
BCLAF1,HepG2,chr2:47791091:G:A,1,4,0.7092142105102539,modal,cuda,U2AF2:HepG2
BCLAF1,HepG2,chr2:47791092:G:A,1,4,0.5047597885131836,modal,cuda,U2AF2:HepG2
BCLAF1,HepG2,chr2:47791095:T:C,0,4,-2.568222761154175,modal,cuda,U2AF2:HepG2
BCLAF1,HepG2,chr2:47791097:G:T,0,4,-0.2806873321533203,modal,cuda,U2AF2:HepG2
BCLAF1,HepG2,chr2:47791099:A:T,1,4,0.5974359512329102,modal,cuda,U2AF2:HepG2
BCLAF1,HepG2,chr2:47791101:A:G,0,4,-0.5931625366210938,modal,cuda,U2AF2:HepG2
BCLAF1,HepG2,chr2:47791102:A:C,0,4,-1.8743008375167847,modal,cuda,U2AF2:HepG2
BCLAF1,HepG2,chr2:47791109:T:G,1,4,-1.5496916770935059,modal,cuda,U2AF2:HepG2
BCLAF1,HepG2,chr2:47791125:T:A,1,4,0.8280103206634521,modal,cuda,U2AF2:HepG2
BCLAF1,HepG2,chr2:47796001:A:T,1,4,1.5279779434204102,modal,cuda,U2AF2:HepG2
BCLAF1,HepG2,chr2:47796010:G:T,1,4,-4.326450347900391,modal,cuda,U2AF2:HepG2
BCLAF1,HepG2,chr2:47796014:T:A,1,4,0.603655993938446,modal,cuda,U2AF2:HepG2
BCLAF1,HepG2,chr2:47796024:T:A,1,4,-0.7186665534973145,modal,cuda,U2AF2:HepG2
BCLAF1,HepG2,chr2:47796035:C:A,1,4,0.6687576770782471,modal,cuda,U2AF2:HepG2
BCLAF1,HepG2,chr2:47796035:C:G,1,4,-0.6038548946380615,modal,cuda,U2AF2:HepG2
BCLAF1,HepG2,chr2:47796037:G:T,1,4,0.3257218599319458,modal,cuda,U2AF2:HepG2
BCLAF1,HepG2,chr2:47796052:G:T,1,4,1.3017570972442627,modal,cuda,U2AF2:HepG2
BCLAF1,HepG2,chr2:47798625:C:A,1,4,1.1139545440673828,modal,cuda,U2AF2:HepG2
BCLAF1,HepG2,chr2:47798625:C:G,1,4,-2.536564588546753,modal,cuda,U2AF2:HepG2
BCLAF1,HepG2,chr2:47798625:C:T,0,4,0.3859696388244629,modal,cuda,U2AF2:HepG2
BCLAF1,HepG2,chr2:47798631:A:G,0,4,0.9304519295692444,modal,cuda,U2AF2:HepG2
BCLAF1,HepG2,chr2:47798635:A:T,1,4,1.8086656332015991,modal,cuda,U2AF2:HepG2
BCLAF1,HepG2,chr2:47798641:G:T,1,4,2.4663000106811523,modal,cuda,U2AF2:HepG2
BCLAF1,HepG2,chr2:47798644:G:T,1,4,1.8281625509262085,modal,cuda,U2AF2:HepG2
BCLAF1,HepG2,chr2:47798653:G:T,1,4,0.9173154830932617,modal,cuda,U2AF2:HepG2
BCLAF1,HepG2,chr2:47798659:G:T,1,4,-1.7617743015289307,modal,cuda,U2AF2:HepG2
BCLAF1,HepG2,chr2:47798668:G:T,1,4,1.0919222831726074,modal,cuda,U2AF2:HepG2
BCLAF1,HepG2,chr2:47798677:C:T,1,4,0.6324787139892578,modal,cuda,U2AF2:HepG2
BCLAF1,HepG2,chr2:47798689:C:T,1,4,0.7356500625610352,modal,cuda,U2AF2:HepG2
BCLAF1,HepG2,chr2:47798692:G:T,1,4,0.6582374572753906,modal,cuda,U2AF2:HepG2
BCLAF1,HepG2,chr2:47798701:C:T,1,4,1.2088680267333984,modal,cuda,U2AF2:HepG2
BCLAF1,HepG2,chr2:47798703:A:C,0,4,0.2651238441467285,modal,cuda,U2AF2:HepG2
BCLAF1,HepG2,chr2:47798713:C:T,1,4,1.2003552913665771,modal,cuda,U2AF2:HepG2
BCLAF1,HepG2,chr2:47798714:A:G,0,4,-0.7305755615234375,modal,cuda,U2AF2:HepG2
BCLAF1,HepG2,chr2:47798718:A:C,0,4,-0.40469884872436523,modal,cuda,U2AF2:HepG2
BCLAF1,HepG2,chr2:47798719:A:T,1,4,0.973130464553833,modal,cuda,U2AF2:HepG2
BCLAF1,HepG2,chr2:47798725:C:T,1,4,2.3303699493408203,modal,cuda,U2AF2:HepG2
BCLAF1,HepG2,chr2:47798797:G:T,1,4,0.9049777984619141,modal,cuda,U2AF2:HepG2
BCLAF1,HepG2,chr2:47798800:G:T,1,4,0.5183882713317871,modal,cuda,U2AF2:HepG2
BCLAF1,HepG2,chr2:47798812:G:T,1,4,1.1307750940322876,modal,cuda,U2AF2:HepG2
BCLAF1,HepG2,chr2:47798814:A:G,0,4,0.5980010032653809,modal,cuda,U2AF2:HepG2
BCLAF1,HepG2,chr2:47798824:G:T,1,4,1.7644293308258057,modal,cuda,U2AF2:HepG2
BCLAF1,HepG2,chr2:47798859:C:T,0,4,0.2258514165878296,modal,cuda,U2AF2:HepG2
BCLAF1,HepG2,chr2:47798866:A:T,1,4,-0.9887299537658691,modal,cuda,U2AF2:HepG2
BCLAF1,HepG2,chr2:47798875:C:T,1,4,2.2585983276367188,modal,cuda,U2AF2:HepG2
BCLAF1,HepG2,chr2:47798877:A:C,0,4,-0.3380308151245117,modal,cuda,U2AF2:HepG2
BCLAF1,HepG2,chr2:47798881:C:A,0,4,1.0021591186523438,modal,cuda,U2AF2:HepG2
BCLAF1,HepG2,chr2:47798883:G:T,0,4,1.5068910121917725,modal,cuda,U2AF2:HepG2
BCLAF1,HepG2,chr2:47798887:A:T,1,4,2.7559447288513184,modal,cuda,U2AF2:HepG2
BCLAF1,HepG2,chr2:47798901:A:G,0,4,-0.5004839897155762,modal,cuda,U2AF2:HepG2
BCLAF1,HepG2,chr2:47798982:C:A,0,4,-0.3330545425415039,modal,cuda,U2AF2:HepG2
BCLAF1,HepG2,chr2:47799003:C:T,0,4,-0.8859598636627197,modal,cuda,U2AF2:HepG2
BCLAF1,HepG2,chr2:47799006:T:A,0,4,0.7248945236206055,modal,cuda,U2AF2:HepG2
BCLAF1,HepG2,chr2:47799009:C:T,0,4,1.3586835861206055,modal,cuda,U2AF2:HepG2
BCLAF1,HepG2,chr2:47799012:T:G,0,4,1.1552462577819824,modal,cuda,U2AF2:HepG2
BCLAF1,HepG2,chr2:47799077:G:A,1,4,-1.286313533782959,modal,cuda,U2AF2:HepG2
BCLAF1,HepG2,chr2:47799133:A:C,0,4,-0.8568665981292725,modal,cuda,U2AF2:HepG2
BCLAF1,HepG2,chr2:47799156:T:C,0,4,-0.6582846641540527,modal,cuda,U2AF2:HepG2
BCLAF1,HepG2,chr2:47799177:G:T,0,4,1.1011533737182617,modal,cuda,U2AF2:HepG2
BCLAF1,HepG2,chr2:47799477:G:A,0,4,0.4861852526664734,modal,cuda,U2AF2:HepG2
BCLAF1,HepG2,chr2:47799493:A:T,1,4,-1.5959274768829346,modal,cuda,U2AF2:HepG2
BCLAF1,HepG2,chr2:47799514:A:C,0,4,0.9305634498596191,modal,cuda,U2AF2:HepG2
BCLAF1,HepG2,chr2:47799526:A:C,0,4,0.7232315540313721,modal,cuda,U2AF2:HepG2
BCLAF1,HepG2,chr2:47799540:G:A,0,4,0.7833364009857178,modal,cuda,U2AF2:HepG2
BCLAF1,HepG2,chr2:47799546:A:C,0,4,1.1342220306396484,modal,cuda,U2AF2:HepG2
BCLAF1,HepG2,chr2:47800581:A:G,0,4,-1.002760887145996,modal,cuda,U2AF2:HepG2
BCLAF1,HepG2,chr2:47800591:A:T,1,4,-3.7160041332244873,modal,cuda,U2AF2:HepG2
BCLAF1,HepG2,chr2:47800596:T:A,0,4,0.7702651023864746,modal,cuda,U2AF2:HepG2
BCLAF1,HepG2,chr2:47800599:A:C,0,4,1.0415964126586914,modal,cuda,U2AF2:HepG2
BCLAF1,HepG2,chr2:47800617:T:A,0,4,-1.3388383388519287,modal,cuda,U2AF2:HepG2
BCLAF1,HepG2,chr2:47800650:G:C,0,4,0.9705486297607422,modal,cuda,U2AF2:HepG2
BCLAF1,HepG2,chr2:47800704:A:G,0,4,1.7993817329406738,modal,cuda,U2AF2:HepG2
BCLAF1,HepG2,chr2:47800738:G:T,1,4,3.612002372741699,modal,cuda,U2AF2:HepG2
BCLAF1,HepG2,chr2:47800750:A:T,1,4,1.3737399578094482,modal,cuda,U2AF2:HepG2
BCLAF1,HepG2,chr2:47800756:G:T,1,4,-6.0468363761901855,modal,cuda,U2AF2:HepG2
BCLAF1,HepG2,chr2:47801017:G:T,1,4,-0.6607034206390381,modal,cuda,U2AF2:HepG2
BCLAF1,HepG2,chr2:47801040:A:C,0,4,0.4530770778656006,modal,cuda,U2AF2:HepG2
BCLAF1,HepG2,chr2:47801067:A:G,0,4,-0.45238494873046875,modal,cuda,U2AF2:HepG2
BCLAF1,HepG2,chr2:47801069:T:A,1,4,-0.8985710144042969,modal,cuda,U2AF2:HepG2
BCLAF1,HepG2,chr2:47803562:A:T,0,4,-1.116358757019043,modal,cuda,U2AF2:HepG2
BCLAF1,HepG2,chr2:47803643:T:C,0,4,-0.47885337471961975,modal,cuda,U2AF2:HepG2
BCLAF1,HepG2,chr2:47803670:T:G,0,4,-1.1092071533203125,modal,cuda,U2AF2:HepG2
BCLAF1,HepG2,chr2:47803680:A:T,1,4,-2.210813522338867,modal,cuda,U2AF2:HepG2
BCLAF1,HepG2,chr2:47803699:A:T,0,4,0.720820426940918,modal,cuda,U2AF2:HepG2
BCLAF1,HepG2,chr2:47805649:A:G,0,4,1.6262413263320923,modal,cuda,U2AF2:HepG2
BCLAF1,HepG2,chr2:47805655:C:G,0,4,-0.5194573402404785,modal,cuda,U2AF2:HepG2
BCLAF1,HepG2,chr2:47805661:A:T,0,4,0.48448801040649414,modal,cuda,U2AF2:HepG2
BCLAF1,HepG2,chr2:47805688:G:T,0,4,-1.7871670722961426,modal,cuda,U2AF2:HepG2
BCLAF1,HepG2,chr2:47806214:T:A,0,4,0.4986276626586914,modal,cuda,U2AF2:HepG2
BCLAF1,HepG2,chr2:47806254:A:T,1,4,0.7651858329772949,modal,cuda,U2AF2:HepG2
BCLAF1,HepG2,chr2:47806520:T:A,0,4,-0.41509008407592773,modal,cuda,U2AF2:HepG2
BCLAF1,HepG2,chr2:47806536:A:T,1,4,-2.615431308746338,modal,cuda,U2AF2:HepG2
BCLAF1,HepG2,chr2:47806544:T:A,1,4,0.9681715965270996,modal,cuda,U2AF2:HepG2
BCLAF1,HepG2,chr2:47806547:C:T,0,4,0.43101024627685547,modal,cuda,U2AF2:HepG2
BCLAF1,HepG2,chr2:47806653:T:C,1,4,0.7756354808807373,modal,cuda,U2AF2:HepG2
BCLAF1,HepG2,chr2:47806806:A:C,0,4,0.44094371795654297,modal,cuda,U2AF2:HepG2
BCLAF1,HepG2,chr2:47806862:C:G,0,4,-0.6083841323852539,modal,cuda,U2AF2:HepG2
BCLAF1,HepG2,chr2:47806867:T:C,0,4,-0.2442784309387207,modal,cuda,U2AF2:HepG2
BCLAF1,HepG2,chr2:47808430:A:G,0,4,-1.7772983312606812,modal,cuda,U2AF2:HepG2
BCLAF1,HepG2,chr2:47809154:T:G,0,4,-1.5731019973754883,modal,cuda,U2AF2:HepG2
BCLAF1,HepG2,chr2:47813381:T:C,0,4,-0.3375420570373535,modal,cuda,U2AF2:HepG2
BCLAF1,HepG2,chr2:47818950:T:C,0,4,-0.6405625343322754,modal,cuda,U2AF2:HepG2
BCLAF1,HepG2,chr2:47822214:T:C,0,4,1.1884466409683228,modal,cuda,U2AF2:HepG2
BCLAF1,HepG2,chr2:47823133:A:G,0,4,0.9250264167785645,modal,cuda,U2AF2:HepG2
BCLAF1,HepG2,chr2:47823138:A:G,0,4,0.7736514806747437,modal,cuda,U2AF2:HepG2
BCLAF1,HepG2,chr2:47832697:T:G,0,4,-0.7713823318481445,modal,cuda,U2AF2:HepG2
BCLAF1,HepG2,chr2:47832753:T:G,0,4,-1.5136361122131348,modal,cuda,U2AF2:HepG2
BCLAF1,HepG2,chr2:47832948:T:C,0,4,0.2857208251953125,modal,cuda,U2AF2:HepG2
BCLAF1,HepG2,chr2:47835867:C:G,1,4,2.246894598007202,modal,cuda,U2AF2:HepG2
BCLAF1,HepG2,chr2:47839023:T:C,0,4,-0.4025888442993164,modal,cuda,U2AF2:HepG2
BCLAF1,HepG2,chr2:47839416:T:C,1,4,-1.2989606857299805,modal,cuda,U2AF2:HepG2
BCLAF1,HepG2,chr2:48454661:C:T,1,4,2.4705631732940674,modal,cuda,U2AF2:HepG2
BCLAF1,HepG2,chr2:48454692:T:G,1,4,-3.2374393939971924,modal,cuda,U2AF2:HepG2
BCLAF1,HepG2,chr2:48454711:T:C,0,4,-0.33014917373657227,modal,cuda,U2AF2:HepG2
BCLAF1,HepG2,chr2:48454729:C:G,0,4,-0.6868026256561279,modal,cuda,U2AF2:HepG2
BCLAF1,HepG2,chr2:48458162:C:T,1,4,1.384074330329895,modal,cuda,U2AF2:HepG2
BCLAF1,HepG2,chr2:48459793:G:T,1,4,1.7344841957092285,modal,cuda,U2AF2:HepG2
BCLAF1,HepG2,chr2:48459805:C:T,1,4,2.2004239559173584,modal,cuda,U2AF2:HepG2
BCLAF1,HepG2,chr2:54628093:A:G,0,4,0.8772241473197937,modal,cuda,U2AF2:HepG2
BCLAF1,HepG2,chr2:55362298:T:A,0,4,-0.642573356628418,modal,cuda,U2AF2:HepG2
BCLAF1,HepG2,chr2:55643155:T:C,1,4,1.8514299392700195,modal,cuda,U2AF2:HepG2
BCLAF1,HepG2,chr2:55646250:C:G,0,4,-0.9008818864822388,modal,cuda,U2AF2:HepG2
BCLAF1,HepG2,chr2:58204239:G:A,0,4,-0.8644802570343018,modal,cuda,U2AF2:HepG2
BCLAF1,HepG2,chr2:61018063:A:G,0,4,-0.7466047406196594,modal,cuda,U2AF2:HepG2
BCLAF1,HepG2,chr2:61339689:G:A,0,4,1.0311148166656494,modal,cuda,U2AF2:HepG2
BCLAF1,HepG2,chr2:61483031:C:A,1,4,-0.2847607135772705,modal,cuda,U2AF2:HepG2
BCLAF1,HepG2,chr2:61490715:T:G,1,4,0.5082781314849854,modal,cuda,U2AF2:HepG2
BCLAF1,HepG2,chr2:61496870:T:C,0,4,0.798365592956543,modal,cuda,U2AF2:HepG2
BCLAF1,HepG2,chr2:62747391:G:C,0,4,0.48331236839294434,modal,cuda,U2AF2:HepG2
BCLAF1,HepG2,chr2:68158384:G:C,0,4,-1.2431254386901855,modal,cuda,U2AF2:HepG2
BCLAF1,HepG2,chr2:69345897:T:C,0,4,0.956834077835083,modal,cuda,U2AF2:HepG2
BCLAF1,HepG2,chr2:69359261:T:A,0,4,0.6058142185211182,modal,cuda,U2AF2:HepG2
BCLAF1,HepG2,chr2:70214405:A:G,0,4,-0.6169555187225342,modal,cuda,U2AF2:HepG2
BCLAF1,HepG2,chr2:70214459:C:T,0,4,0.7664316892623901,modal,cuda,U2AF2:HepG2
BCLAF1,HepG2,chr2:70229206:C:T,0,4,0.6828383803367615,modal,cuda,U2AF2:HepG2
BCLAF1,HepG2,chr2:70236109:T:C,0,4,0.7062678337097168,modal,cuda,U2AF2:HepG2
BCLAF1,HepG2,chr2:70236127:T:C,0,4,-2.868346691131592,modal,cuda,U2AF2:HepG2
BCLAF1,HepG2,chr2:72492312:G:C,0,4,0.8517463207244873,modal,cuda,U2AF2:HepG2
BCLAF1,HepG2,chr2:72492402:C:A,0,4,-5.526937007904053,modal,cuda,U2AF2:HepG2
BCLAF1,HepG2,chr2:72498563:T:C,0,4,-0.4985710382461548,modal,cuda,U2AF2:HepG2
BCLAF1,HepG2,chr2:72513174:T:G,0,4,0.5150146484375,modal,cuda,U2AF2:HepG2
BCLAF1,HepG2,chr2:72513186:A:G,0,4,0.46422576904296875,modal,cuda,U2AF2:HepG2
BCLAF1,HepG2,chr2:72559462:A:T,1,4,1.0185198783874512,modal,cuda,U2AF2:HepG2
BCLAF1,HepG2,chr2:72559534:G:A,0,4,-0.8114109039306641,modal,cuda,U2AF2:HepG2
BCLAF1,HepG2,chr2:72718092:C:A,0,4,-0.8501439094543457,modal,cuda,U2AF2:HepG2
BCLAF1,HepG2,chr2:72718220:C:T,0,4,1.4592647552490234,modal,cuda,U2AF2:HepG2
BCLAF1,HepG2,chr2:72718301:A:G,0,4,-0.5302446484565735,modal,cuda,U2AF2:HepG2
BCLAF1,HepG2,chr2:72718326:A:T,0,4,2.9045684337615967,modal,cuda,U2AF2:HepG2
BCLAF1,HepG2,chr2:72731172:A:C,1,4,1.0597816705703735,modal,cuda,U2AF2:HepG2
BCLAF1,HepG2,chr2:72731204:T:C,0,4,-0.3717179596424103,modal,cuda,U2AF2:HepG2
BCLAF1,HepG2,chr2:73845186:T:A,1,4,1.8135676383972168,modal,cuda,U2AF2:HepG2
BCLAF1,HepG2,chr2:73847383:G:A,0,4,0.24915266036987305,modal,cuda,U2AF2:HepG2
BCLAF1,HepG2,chr2:73847660:C:T,1,4,0.7379374504089355,modal,cuda,U2AF2:HepG2
BCLAF1,HepG2,chr2:74369513:T:G,0,4,-0.5903010368347168,modal,cuda,U2AF2:HepG2
BCLAF1,HepG2,chr2:86078000:T:C,0,4,0.3615093231201172,modal,cuda,U2AF2:HepG2
BCLAF1,HepG2,chr2:8750329:C:T,0,4,2.132138967514038,modal,cuda,U2AF2:HepG2
BCLAF1,HepG2,chr2:8751481:G:A,0,4,2.1801929473876953,modal,cuda,U2AF2:HepG2
BCLAF1,HepG2,chr2:8785753:T:C,0,4,1.056852102279663,modal,cuda,U2AF2:HepG2
BCLAF1,HepG2,chr2:8793961:A:G,0,4,0.6165214776992798,modal,cuda,U2AF2:HepG2
BCLAF1,HepG2,chr2:8796755:C:T,0,4,0.7088205814361572,modal,cuda,U2AF2:HepG2
BCLAF1,HepG2,chr2:8802913:T:A,0,4,-2.2944040298461914,modal,cuda,U2AF2:HepG2
BCLAF1,HepG2,chr2:8813350:T:C,0,4,0.292543888092041,modal,cuda,U2AF2:HepG2
BCLAF1,HepG2,chr2:8817705:T:C,0,4,0.6394951343536377,modal,cuda,U2AF2:HepG2
BCLAF1,HepG2,chr2:9521321:A:G,0,4,1.1759717464447021,modal,cuda,U2AF2:HepG2
BCLAF1,HepG2,chr2:9526150:G:T,1,4,0.32868099212646484,modal,cuda,U2AF2:HepG2
BCLAF1,HepG2,chr2:9526233:G:A,1,4,2.5758039951324463,modal,cuda,U2AF2:HepG2
BCLAF1,HepG2,chr2:96298427:A:G,0,4,-0.8942947387695312,modal,cuda,U2AF2:HepG2
BCLAF1,HepG2,chr2:96301514:G:A,0,4,0.6440281867980957,modal,cuda,U2AF2:HepG2
BCLAF1,HepG2,chr2:99360559:A:T,0,4,-1.758955955505371,modal,cuda,U2AF2:HepG2
BCLAF1,HepG2,chr2:99402793:A:T,0,4,0.18689775466918945,modal,cuda,U2AF2:HepG2
BCLAF1,HepG2,chr2:99404456:T:C,0,4,-1.9310259819030762,modal,cuda,U2AF2:HepG2
BCLAF1,HepG2,chr3:100279642:T:G,0,3,0.4071159362792969,modal,cuda,U2AF2:HepG2
BCLAF1,HepG2,chr3:100713880:T:C,0,3,0.2575133144855499,modal,cuda,U2AF2:HepG2
BCLAF1,HepG2,chr3:100719965:T:C,0,3,-1.1825449466705322,modal,cuda,U2AF2:HepG2
BCLAF1,HepG2,chr3:100728874:A:G,0,3,-0.6597027778625488,modal,cuda,U2AF2:HepG2
BCLAF1,HepG2,chr3:101590212:T:C,0,3,-0.33509230613708496,modal,cuda,U2AF2:HepG2
BCLAF1,HepG2,chr3:10449546:T:C,0,3,1.463245153427124,modal,cuda,U2AF2:HepG2
BCLAF1,HepG2,chr3:105737189:G:A,0,3,-0.308490514755249,modal,cuda,U2AF2:HepG2
BCLAF1,HepG2,chr3:105745922:G:A,0,3,-0.7366032600402832,modal,cuda,U2AF2:HepG2
BCLAF1,HepG2,chr3:105745937:T:C,0,3,-0.39808714389801025,modal,cuda,U2AF2:HepG2
BCLAF1,HepG2,chr3:105745992:T:A,1,3,-3.9452579021453857,modal,cuda,U2AF2:HepG2
BCLAF1,HepG2,chr3:107773045:G:A,0,3,0.5452404022216797,modal,cuda,U2AF2:HepG2
BCLAF1,HepG2,chr3:107791303:A:G,0,3,1.7426080703735352,modal,cuda,U2AF2:HepG2
BCLAF1,HepG2,chr3:108624534:A:G,0,3,-0.3644270896911621,modal,cuda,U2AF2:HepG2
BCLAF1,HepG2,chr3:11340637:G:T,0,3,-0.921337366104126,modal,cuda,U2AF2:HepG2
BCLAF1,HepG2,chr3:11340638:C:T,0,3,-0.5060617923736572,modal,cuda,U2AF2:HepG2
BCLAF1,HepG2,chr3:120641571:T:C,0,3,0.4039125442504883,modal,cuda,U2AF2:HepG2
BCLAF1,HepG2,chr3:120647871:A:G,1,3,2.0860931873321533,modal,cuda,U2AF2:HepG2
BCLAF1,HepG2,chr3:120647872:C:T,1,3,2.934803009033203,modal,cuda,U2AF2:HepG2
BCLAF1,HepG2,chr3:120652567:G:A,0,3,0.37738943099975586,modal,cuda,U2AF2:HepG2
BCLAF1,HepG2,chr3:120652655:G:A,0,3,0.6554036140441895,modal,cuda,U2AF2:HepG2
BCLAF1,HepG2,chr3:120670413:C:T,0,3,1.0016558170318604,modal,cuda,U2AF2:HepG2
BCLAF1,HepG2,chr3:121828596:A:T,1,3,0.6637420654296875,modal,cuda,U2AF2:HepG2
BCLAF1,HepG2,chr3:12416775:C:G,0,3,2.838798999786377,modal,cuda,U2AF2:HepG2
BCLAF1,HepG2,chr3:124737895:G:C,0,3,-0.7826265096664429,modal,cuda,U2AF2:HepG2
BCLAF1,HepG2,chr3:124737927:G:T,1,3,-3.2861218452453613,modal,cuda,U2AF2:HepG2
BCLAF1,HepG2,chr3:12489908:A:G,0,3,0.6464300155639648,modal,cuda,U2AF2:HepG2
BCLAF1,HepG2,chr3:12489922:G:A,0,3,1.0485525131225586,modal,cuda,U2AF2:HepG2
BCLAF1,HepG2,chr3:12489922:G:C,0,3,1.2539863586425781,modal,cuda,U2AF2:HepG2
BCLAF1,HepG2,chr3:12489922:G:T,0,3,0.9300198554992676,modal,cuda,U2AF2:HepG2
BCLAF1,HepG2,chr3:12489962:G:A,0,3,0.3920292854309082,modal,cuda,U2AF2:HepG2
BCLAF1,HepG2,chr3:12489962:G:C,0,3,-0.3049454689025879,modal,cuda,U2AF2:HepG2
BCLAF1,HepG2,chr3:12503280:G:A,0,3,-0.24196481704711914,modal,cuda,U2AF2:HepG2
BCLAF1,HepG2,chr3:12503330:G:A,0,3,2.552656650543213,modal,cuda,U2AF2:HepG2
BCLAF1,HepG2,chr3:12585745:G:A,1,3,1.8598310947418213,modal,cuda,U2AF2:HepG2
BCLAF1,HepG2,chr3:12618603:C:T,0,3,2.683945894241333,modal,cuda,U2AF2:HepG2
BCLAF1,HepG2,chr3:12618628:T:C,0,3,-4.596022605895996,modal,cuda,U2AF2:HepG2
BCLAF1,HepG2,chr3:128895290:C:T,0,3,0.18671023845672607,modal,cuda,U2AF2:HepG2
BCLAF1,HepG2,chr3:128895342:A:C,0,3,-3.092918872833252,modal,cuda,U2AF2:HepG2
BCLAF1,HepG2,chr3:130992939:G:A,0,3,2.860802173614502,modal,cuda,U2AF2:HepG2
BCLAF1,HepG2,chr3:132513106:G:A,0,3,-0.5701167583465576,modal,cuda,U2AF2:HepG2
BCLAF1,HepG2,chr3:132688781:C:T,1,3,-0.7596192359924316,modal,cuda,U2AF2:HepG2
BCLAF1,HepG2,chr3:132688790:G:C,1,3,-2.25606632232666,modal,cuda,U2AF2:HepG2
BCLAF1,HepG2,chr3:132688858:G:A,1,3,2.0274605751037598,modal,cuda,U2AF2:HepG2
BCLAF1,HepG2,chr3:132692742:C:T,1,3,-0.8281102180480957,modal,cuda,U2AF2:HepG2
BCLAF1,HepG2,chr3:132694900:G:C,1,3,1.180251955986023,modal,cuda,U2AF2:HepG2
BCLAF1,HepG2,chr3:132694919:G:A,1,3,1.577409267425537,modal,cuda,U2AF2:HepG2
BCLAF1,HepG2,chr3:132694923:A:T,1,3,1.3072834014892578,modal,cuda,U2AF2:HepG2
BCLAF1,HepG2,chr3:132704341:C:A,1,3,3.454354763031006,modal,cuda,U2AF2:HepG2
BCLAF1,HepG2,chr3:132705801:G:C,1,3,2.728792190551758,modal,cuda,U2AF2:HepG2
BCLAF1,HepG2,chr3:132708252:A:T,1,3,1.859978437423706,modal,cuda,U2AF2:HepG2
BCLAF1,HepG2,chr3:132713256:C:T,1,3,-1.0042054653167725,modal,cuda,U2AF2:HepG2
BCLAF1,HepG2,chr3:132716885:C:T,1,3,1.5791287422180176,modal,cuda,U2AF2:HepG2
BCLAF1,HepG2,chr3:132719020:G:T,1,3,2.3980507850646973,modal,cuda,U2AF2:HepG2
BCLAF1,HepG2,chr3:134537203:C:T,1,3,1.26762056350708,modal,cuda,U2AF2:HepG2
BCLAF1,HepG2,chr3:134537251:C:T,1,3,2.510106086730957,modal,cuda,U2AF2:HepG2
BCLAF1,HepG2,chr3:134550059:A:G,0,3,0.20814275741577148,modal,cuda,U2AF2:HepG2
BCLAF1,HepG2,chr3:134550069:G:T,1,3,-1.683067798614502,modal,cuda,U2AF2:HepG2
BCLAF1,HepG2,chr3:134550081:C:T,1,3,1.1716859340667725,modal,cuda,U2AF2:HepG2
BCLAF1,HepG2,chr3:134550146:G:A,0,3,0.4435725808143616,modal,cuda,U2AF2:HepG2
BCLAF1,HepG2,chr3:134552002:G:T,0,3,-0.8031210899353027,modal,cuda,U2AF2:HepG2
BCLAF1,HepG2,chr3:134552044:A:C,0,3,-1.6849980354309082,modal,cuda,U2AF2:HepG2
BCLAF1,HepG2,chr3:136422862:A:G,0,3,0.3079493045806885,modal,cuda,U2AF2:HepG2
BCLAF1,HepG2,chr3:136422869:A:G,0,3,0.3354206085205078,modal,cuda,U2AF2:HepG2
BCLAF1,HepG2,chr3:136521203:A:G,0,3,1.3224444389343262,modal,cuda,U2AF2:HepG2
BCLAF1,HepG2,chr3:136521426:C:G,0,3,-0.5521544218063354,modal,cuda,U2AF2:HepG2
BCLAF1,HepG2,chr3:136568752:C:T,0,3,0.40154457092285156,modal,cuda,U2AF2:HepG2
BCLAF1,HepG2,chr3:138714458:A:G,0,3,0.5158939361572266,modal,cuda,U2AF2:HepG2
BCLAF1,HepG2,chr3:138714459:T:C,0,3,-0.7266100645065308,modal,cuda,U2AF2:HepG2
BCLAF1,HepG2,chr3:139369443:A:C,0,3,-0.3744487762451172,modal,cuda,U2AF2:HepG2
BCLAF1,HepG2,chr3:139373274:C:T,0,3,0.5228672027587891,modal,cuda,U2AF2:HepG2
BCLAF1,HepG2,chr3:14158179:A:T,1,3,-1.5029642581939697,modal,cuda,U2AF2:HepG2
BCLAF1,HepG2,chr3:14158206:G:C,1,3,-3.633850574493408,modal,cuda,U2AF2:HepG2
BCLAF1,HepG2,chr3:14158206:G:T,1,3,-3.882741689682007,modal,cuda,U2AF2:HepG2
BCLAF1,HepG2,chr3:14168330:G:A,1,3,-0.9686150550842285,modal,cuda,U2AF2:HepG2
BCLAF1,HepG2,chr3:14168389:A:T,1,3,1.3689849376678467,modal,cuda,U2AF2:HepG2
BCLAF1,HepG2,chr3:142547925:T:A,0,3,-0.9680213928222656,modal,cuda,U2AF2:HepG2
BCLAF1,HepG2,chr3:146079104:T:C,0,3,-0.7926697731018066,modal,cuda,U2AF2:HepG2
BCLAF1,HepG2,chr3:146121108:C:T,0,3,-1.5028762817382812,modal,cuda,U2AF2:HepG2
BCLAF1,HepG2,chr3:149177905:T:C,1,3,0.3466343879699707,modal,cuda,U2AF2:HepG2
BCLAF1,HepG2,chr3:149178592:G:A,1,3,1.8161691427230835,modal,cuda,U2AF2:HepG2
BCLAF1,HepG2,chr3:149178618:C:T,1,3,-1.0739927291870117,modal,cuda,U2AF2:HepG2
BCLAF1,HepG2,chr3:149178623:G:T,1,3,1.186131238937378,modal,cuda,U2AF2:HepG2
BCLAF1,HepG2,chr3:149178643:A:G,0,3,0.3503611087799072,modal,cuda,U2AF2:HepG2
BCLAF1,HepG2,chr3:149188047:C:T,1,3,4.079564571380615,modal,cuda,U2AF2:HepG2
BCLAF1,HepG2,chr3:149188073:G:A,1,3,2.505070686340332,modal,cuda,U2AF2:HepG2
BCLAF1,HepG2,chr3:149199721:G:A,1,3,-1.6625425815582275,modal,cuda,U2AF2:HepG2
BCLAF1,HepG2,chr3:149202144:G:A,1,3,1.156232476234436,modal,cuda,U2AF2:HepG2
BCLAF1,HepG2,chr3:149206227:C:T,1,3,-3.7763524055480957,modal,cuda,U2AF2:HepG2
BCLAF1,HepG2,chr3:149207387:A:T,1,3,-0.26259279251098633,modal,cuda,U2AF2:HepG2
BCLAF1,HepG2,chr3:149207402:C:A,1,3,-4.072055339813232,modal,cuda,U2AF2:HepG2
BCLAF1,HepG2,chr3:149207631:G:A,0,3,-0.91025310754776,modal,cuda,U2AF2:HepG2
BCLAF1,HepG2,chr3:149209298:G:A,0,3,0.6577324867248535,modal,cuda,U2AF2:HepG2
BCLAF1,HepG2,chr3:149209302:C:T,1,3,-1.0013538599014282,modal,cuda,U2AF2:HepG2
BCLAF1,HepG2,chr3:149209323:C:G,0,3,-1.485779047012329,modal,cuda,U2AF2:HepG2
BCLAF1,HepG2,chr3:149209342:A:G,1,3,0.3158292770385742,modal,cuda,U2AF2:HepG2
BCLAF1,HepG2,chr3:149209349:G:A,1,3,3.929579496383667,modal,cuda,U2AF2:HepG2
BCLAF1,HepG2,chr3:149209361:T:A,1,3,2.384862184524536,modal,cuda,U2AF2:HepG2
BCLAF1,HepG2,chr3:149209364:C:A,1,3,3.442333936691284,modal,cuda,U2AF2:HepG2
BCLAF1,HepG2,chr3:149210187:G:C,1,3,-0.691552996635437,modal,cuda,U2AF2:HepG2
BCLAF1,HepG2,chr3:149210281:G:C,1,3,-0.3554372787475586,modal,cuda,U2AF2:HepG2
BCLAF1,HepG2,chr3:149212431:G:A,0,3,0.5365386009216309,modal,cuda,U2AF2:HepG2
BCLAF1,HepG2,chr3:149212432:C:T,0,3,-2.7406766414642334,modal,cuda,U2AF2:HepG2
BCLAF1,HepG2,chr3:149895470:C:A,0,3,3.794842481613159,modal,cuda,U2AF2:HepG2
BCLAF1,HepG2,chr3:149895491:G:T,0,3,0.45748090744018555,modal,cuda,U2AF2:HepG2
BCLAF1,HepG2,chr3:149895519:A:G,0,3,-0.297302782535553,modal,cuda,U2AF2:HepG2
BCLAF1,HepG2,chr3:149902089:A:G,0,3,0.4489094614982605,modal,cuda,U2AF2:HepG2
BCLAF1,HepG2,chr3:149902113:G:C,0,3,-2.353466749191284,modal,cuda,U2AF2:HepG2
BCLAF1,HepG2,chr3:15571772:T:G,0,3,-4.946163177490234,modal,cuda,U2AF2:HepG2
BCLAF1,HepG2,chr3:158659047:C:T,0,3,-0.9361298084259033,modal,cuda,U2AF2:HepG2
BCLAF1,HepG2,chr3:158665349:A:T,1,3,1.1915147304534912,modal,cuda,U2AF2:HepG2
BCLAF1,HepG2,chr3:158666279:A:G,0,3,-0.6970272064208984,modal,cuda,U2AF2:HepG2
BCLAF1,HepG2,chr3:158666321:T:A,1,3,1.281822681427002,modal,cuda,U2AF2:HepG2
BCLAF1,HepG2,chr3:158666331:T:C,1,3,2.039675712585449,modal,cuda,U2AF2:HepG2
BCLAF1,HepG2,chr3:158666356:C:T,1,3,0.4777411222457886,modal,cuda,U2AF2:HepG2
BCLAF1,HepG2,chr3:160279273:T:A,0,3,-0.5498666763305664,modal,cuda,U2AF2:HepG2
BCLAF1,HepG2,chr3:160279274:T:G,0,3,1.5209314823150635,modal,cuda,U2AF2:HepG2
BCLAF1,HepG2,chr3:160381634:A:C,1,3,-0.3174300193786621,modal,cuda,U2AF2:HepG2
BCLAF1,HepG2,chr3:160381642:C:T,1,3,-1.164504051208496,modal,cuda,U2AF2:HepG2
BCLAF1,HepG2,chr3:167720282:A:G,0,3,-0.4196556806564331,modal,cuda,U2AF2:HepG2
BCLAF1,HepG2,chr3:168030041:G:A,0,3,0.45740842819213867,modal,cuda,U2AF2:HepG2
BCLAF1,HepG2,chr3:171014624:G:A,0,3,0.4728431701660156,modal,cuda,U2AF2:HepG2
BCLAF1,HepG2,chr3:171014683:G:A,1,3,3.119217872619629,modal,cuda,U2AF2:HepG2
BCLAF1,HepG2,chr3:171014733:T:C,1,3,4.436550140380859,modal,cuda,U2AF2:HepG2
BCLAF1,HepG2,chr3:171699842:C:G,0,3,0.4271378517150879,modal,cuda,U2AF2:HepG2
BCLAF1,HepG2,chr3:171724804:A:T,0,3,0.4991413354873657,modal,cuda,U2AF2:HepG2
BCLAF1,HepG2,chr3:171734855:A:G,0,3,0.26833248138427734,modal,cuda,U2AF2:HepG2
BCLAF1,HepG2,chr3:177033149:G:C,0,3,0.9211440086364746,modal,cuda,U2AF2:HepG2
BCLAF1,HepG2,chr3:177038395:A:G,1,3,1.5338850021362305,modal,cuda,U2AF2:HepG2
BCLAF1,HepG2,chr3:177038442:G:A,0,3,0.6189945936203003,modal,cuda,U2AF2:HepG2
BCLAF1,HepG2,chr3:177046208:G:A,0,3,0.9886064529418945,modal,cuda,U2AF2:HepG2
BCLAF1,HepG2,chr3:177047481:T:C,0,3,-1.3579914569854736,modal,cuda,U2AF2:HepG2
BCLAF1,HepG2,chr3:177053817:G:A,1,3,-2.633890390396118,modal,cuda,U2AF2:HepG2
BCLAF1,HepG2,chr3:177053931:G:C,0,3,0.36485087871551514,modal,cuda,U2AF2:HepG2
BCLAF1,HepG2,chr3:177064918:A:G,1,3,2.5288820266723633,modal,cuda,U2AF2:HepG2
BCLAF1,HepG2,chr3:183052169:A:T,1,3,1.509704828262329,modal,cuda,U2AF2:HepG2
BCLAF1,HepG2,chr3:183663652:G:T,0,3,-0.7912378311157227,modal,cuda,U2AF2:HepG2
BCLAF1,HepG2,chr3:184182892:G:C,0,3,0.27129650115966797,modal,cuda,U2AF2:HepG2
BCLAF1,HepG2,chr3:184182941:T:C,0,3,-0.3671727180480957,modal,cuda,U2AF2:HepG2
BCLAF1,HepG2,chr3:184322818:C:T,0,3,0.7780671119689941,modal,cuda,U2AF2:HepG2
BCLAF1,HepG2,chr3:184383109:G:A,0,3,0.7885804176330566,modal,cuda,U2AF2:HepG2
BCLAF1,HepG2,chr3:184930527:G:A,0,3,0.5651063919067383,modal,cuda,U2AF2:HepG2
BCLAF1,HepG2,chr3:186577769:T:A,1,3,1.0132991075515747,modal,cuda,U2AF2:HepG2
BCLAF1,HepG2,chr3:186582095:G:C,0,3,-0.4082622528076172,modal,cuda,U2AF2:HepG2
BCLAF1,HepG2,chr3:186584594:G:A,0,3,1.265105962753296,modal,cuda,U2AF2:HepG2
BCLAF1,HepG2,chr3:186584603:G:T,0,3,-1.2484288215637207,modal,cuda,U2AF2:HepG2
BCLAF1,HepG2,chr3:186585390:T:C,0,3,-0.6138348579406738,modal,cuda,U2AF2:HepG2
BCLAF1,HepG2,chr3:186786157:C:T,0,3,-0.6723217964172363,modal,cuda,U2AF2:HepG2
BCLAF1,HepG2,chr3:188760231:G:A,0,3,-0.44525647163391113,modal,cuda,U2AF2:HepG2
BCLAF1,HepG2,chr3:188760267:C:T,0,3,0.37015533447265625,modal,cuda,U2AF2:HepG2
BCLAF1,HepG2,chr3:191380750:C:G,0,3,-1.0155625343322754,modal,cuda,U2AF2:HepG2
BCLAF1,HepG2,chr3:191380942:G:A,0,3,0.3449993133544922,modal,cuda,U2AF2:HepG2
BCLAF1,HepG2,chr3:191382853:A:T,0,3,-0.4293389320373535,modal,cuda,U2AF2:HepG2
BCLAF1,HepG2,chr3:193615687:G:A,1,3,-2.8445217609405518,modal,cuda,U2AF2:HepG2
BCLAF1,HepG2,chr3:193617189:A:T,1,3,1.4549274444580078,modal,cuda,U2AF2:HepG2
BCLAF1,HepG2,chr3:193617202:G:A,0,3,1.086693286895752,modal,cuda,U2AF2:HepG2
BCLAF1,HepG2,chr3:193618850:T:C,0,3,0.664053201675415,modal,cuda,U2AF2:HepG2
BCLAF1,HepG2,chr3:193618876:G:A,0,3,1.0568767786026,modal,cuda,U2AF2:HepG2
BCLAF1,HepG2,chr3:193618887:C:T,0,3,2.508540630340576,modal,cuda,U2AF2:HepG2
BCLAF1,HepG2,chr3:193648150:T:G,0,3,-0.8767585754394531,modal,cuda,U2AF2:HepG2
BCLAF1,HepG2,chr3:193662806:T:A,0,3,1.5355761051177979,modal,cuda,U2AF2:HepG2
BCLAF1,HepG2,chr3:193665007:C:G,0,3,-1.1045966148376465,modal,cuda,U2AF2:HepG2
BCLAF1,HepG2,chr3:193667285:G:A,1,3,2.4374358654022217,modal,cuda,U2AF2:HepG2
BCLAF1,HepG2,chr3:194427274:G:A,0,3,0.3736065626144409,modal,cuda,U2AF2:HepG2
BCLAF1,HepG2,chr3:194431771:C:T,1,3,-2.4834494590759277,modal,cuda,U2AF2:HepG2
BCLAF1,HepG2,chr3:194431876:A:G,0,3,-0.8047568798065186,modal,cuda,U2AF2:HepG2
BCLAF1,HepG2,chr3:194437305:C:T,0,3,-0.7580600380897522,modal,cuda,U2AF2:HepG2
BCLAF1,HepG2,chr3:194438909:G:A,0,3,2.1268491744995117,modal,cuda,U2AF2:HepG2
BCLAF1,HepG2,chr3:194438916:T:C,0,3,1.7871795892715454,modal,cuda,U2AF2:HepG2
BCLAF1,HepG2,chr3:194438977:A:G,0,3,-0.3341245651245117,modal,cuda,U2AF2:HepG2
BCLAF1,HepG2,chr3:194438985:A:G,0,3,-0.40374040603637695,modal,cuda,U2AF2:HepG2
BCLAF1,HepG2,chr3:194441437:C:T,0,3,-0.3302903175354004,modal,cuda,U2AF2:HepG2
BCLAF1,HepG2,chr3:194448494:G:A,0,3,1.0060129165649414,modal,cuda,U2AF2:HepG2
BCLAF1,HepG2,chr3:194454296:T:C,0,3,-2.0221962928771973,modal,cuda,U2AF2:HepG2
BCLAF1,HepG2,chr3:194455983:C:A,0,3,-0.43837809562683105,modal,cuda,U2AF2:HepG2
BCLAF1,HepG2,chr3:194459561:G:A,0,3,0.6651432514190674,modal,cuda,U2AF2:HepG2
BCLAF1,HepG2,chr3:194459936:G:A,0,3,0.41715431213378906,modal,cuda,U2AF2:HepG2
BCLAF1,HepG2,chr3:194459982:G:A,0,3,-0.6130114197731018,modal,cuda,U2AF2:HepG2
BCLAF1,HepG2,chr3:196239535:G:A,0,3,-0.33882400393486023,modal,cuda,U2AF2:HepG2
BCLAF1,HepG2,chr3:197044642:G:A,0,3,0.46115875244140625,modal,cuda,U2AF2:HepG2
BCLAF1,HepG2,chr3:197044683:T:C,0,3,0.4443669319152832,modal,cuda,U2AF2:HepG2
BCLAF1,HepG2,chr3:197065292:C:T,0,3,-0.552922248840332,modal,cuda,U2AF2:HepG2
BCLAF1,HepG2,chr3:197081057:A:C,0,3,-0.47626394033432007,modal,cuda,U2AF2:HepG2
BCLAF1,HepG2,chr3:197115960:A:G,0,3,-1.638747215270996,modal,cuda,U2AF2:HepG2
BCLAF1,HepG2,chr3:197138319:C:T,0,3,0.9750747680664062,modal,cuda,U2AF2:HepG2
BCLAF1,HepG2,chr3:197138320:G:A,0,3,1.0676307678222656,modal,cuda,U2AF2:HepG2
BCLAF1,HepG2,chr3:197149779:T:A,0,3,-0.5735371708869934,modal,cuda,U2AF2:HepG2
BCLAF1,HepG2,chr3:25612504:G:T,0,3,-1.3523015975952148,modal,cuda,U2AF2:HepG2
BCLAF1,HepG2,chr3:25612507:T:C,0,3,-0.7637834548950195,modal,cuda,U2AF2:HepG2
BCLAF1,HepG2,chr3:25733865:A:C,0,3,0.7471203804016113,modal,cuda,U2AF2:HepG2
BCLAF1,HepG2,chr3:25778566:A:T,0,3,0.8998317718505859,modal,cuda,U2AF2:HepG2
BCLAF1,HepG2,chr3:3144599:T:C,1,3,0.39056825637817383,modal,cuda,U2AF2:HepG2
BCLAF1,HepG2,chr3:3144640:A:T,1,3,0.8706257343292236,modal,cuda,U2AF2:HepG2
BCLAF1,HepG2,chr3:3144671:G:T,1,3,-0.6779265403747559,modal,cuda,U2AF2:HepG2
BCLAF1,HepG2,chr3:3146404:T:C,1,3,0.6203026175498962,modal,cuda,U2AF2:HepG2
BCLAF1,HepG2,chr3:3146489:T:C,1,3,0.33679771423339844,modal,cuda,U2AF2:HepG2
BCLAF1,HepG2,chr3:36996644:C:T,1,3,2.3692760467529297,modal,cuda,U2AF2:HepG2
BCLAF1,HepG2,chr3:36996648:T:A,1,3,0.678410530090332,modal,cuda,U2AF2:HepG2
BCLAF1,HepG2,chr3:36996659:G:T,1,3,-5.712710857391357,modal,cuda,U2AF2:HepG2
BCLAF1,HepG2,chr3:36996668:C:T,0,3,0.46086132526397705,modal,cuda,U2AF2:HepG2
BCLAF1,HepG2,chr3:36996670:G:A,0,3,0.857734203338623,modal,cuda,U2AF2:HepG2
BCLAF1,HepG2,chr3:36996671:A:T,1,3,1.8915730714797974,modal,cuda,U2AF2:HepG2
BCLAF1,HepG2,chr3:36996680:C:T,1,3,1.9058637619018555,modal,cuda,U2AF2:HepG2
BCLAF1,HepG2,chr3:36996686:C:T,1,3,2.3016786575317383,modal,cuda,U2AF2:HepG2
BCLAF1,HepG2,chr3:36996691:C:A,1,3,-0.29188108444213867,modal,cuda,U2AF2:HepG2
BCLAF1,HepG2,chr3:36996697:C:T,0,3,1.1173295974731445,modal,cuda,U2AF2:HepG2
BCLAF1,HepG2,chr3:36996701:G:A,1,3,0.8402934074401855,modal,cuda,U2AF2:HepG2
BCLAF1,HepG2,chr3:36996701:G:T,1,3,0.6389319896697998,modal,cuda,U2AF2:HepG2
BCLAF1,HepG2,chr3:36996702:G:A,1,3,-0.5416741371154785,modal,cuda,U2AF2:HepG2
BCLAF1,HepG2,chr3:36996710:G:C,1,3,3.1748270988464355,modal,cuda,U2AF2:HepG2
BCLAF1,HepG2,chr3:36996711:T:G,1,3,2.84470272064209,modal,cuda,U2AF2:HepG2
BCLAF1,HepG2,chr3:37000953:A:G,1,3,2.3110625743865967,modal,cuda,U2AF2:HepG2
BCLAF1,HepG2,chr3:37000954:G:A,1,3,4.602418899536133,modal,cuda,U2AF2:HepG2
BCLAF1,HepG2,chr3:37000958:G:T,1,3,3.553164005279541,modal,cuda,U2AF2:HepG2
BCLAF1,HepG2,chr3:37000976:T:C,1,3,-1.2597556114196777,modal,cuda,U2AF2:HepG2
BCLAF1,HepG2,chr3:37000977:G:A,1,3,0.11759710311889648,modal,cuda,U2AF2:HepG2
BCLAF1,HepG2,chr3:37000979:G:T,1,3,-2.659440040588379,modal,cuda,U2AF2:HepG2
BCLAF1,HepG2,chr3:37000992:C:T,1,3,0.9811217784881592,modal,cuda,U2AF2:HepG2
BCLAF1,HepG2,chr3:37000997:A:T,1,3,1.9964962005615234,modal,cuda,U2AF2:HepG2
BCLAF1,HepG2,chr3:37001003:C:T,1,3,1.8038008213043213,modal,cuda,U2AF2:HepG2
BCLAF1,HepG2,chr3:37001008:C:A,0,3,1.748697280883789,modal,cuda,U2AF2:HepG2
BCLAF1,HepG2,chr3:37001012:G:T,1,3,-4.006572246551514,modal,cuda,U2AF2:HepG2
BCLAF1,HepG2,chr3:37001019:T:G,1,3,2.875556468963623,modal,cuda,U2AF2:HepG2
BCLAF1,HepG2,chr3:37001045:C:T,1,3,1.3593387603759766,modal,cuda,U2AF2:HepG2
BCLAF1,HepG2,chr3:37001046:G:C,1,3,-2.8465781211853027,modal,cuda,U2AF2:HepG2
BCLAF1,HepG2,chr3:37001053:G:C,1,3,2.930133819580078,modal,cuda,U2AF2:HepG2
BCLAF1,HepG2,chr3:37001054:G:A,1,3,2.698209762573242,modal,cuda,U2AF2:HepG2
BCLAF1,HepG2,chr3:37001054:G:C,1,3,2.484480381011963,modal,cuda,U2AF2:HepG2
BCLAF1,HepG2,chr3:37001054:G:T,1,3,1.8319287300109863,modal,cuda,U2AF2:HepG2
BCLAF1,HepG2,chr3:37001055:T:A,1,3,2.4204955101013184,modal,cuda,U2AF2:HepG2
BCLAF1,HepG2,chr3:37001058:G:A,1,3,2.2078564167022705,modal,cuda,U2AF2:HepG2
BCLAF1,HepG2,chr3:37004405:T:A,1,3,0.6205652952194214,modal,cuda,U2AF2:HepG2
BCLAF1,HepG2,chr3:37004414:T:G,1,3,-1.1978113651275635,modal,cuda,U2AF2:HepG2
BCLAF1,HepG2,chr3:37004444:C:T,1,3,1.6346867084503174,modal,cuda,U2AF2:HepG2
BCLAF1,HepG2,chr3:37011823:T:G,1,3,1.2162070274353027,modal,cuda,U2AF2:HepG2
BCLAF1,HepG2,chr3:37011825:C:G,1,3,0.5038871765136719,modal,cuda,U2AF2:HepG2
BCLAF1,HepG2,chr3:37011828:T:G,1,3,0.8840970993041992,modal,cuda,U2AF2:HepG2
BCLAF1,HepG2,chr3:37011852:C:G,1,3,0.6794953346252441,modal,cuda,U2AF2:HepG2
BCLAF1,HepG2,chr3:37011860:A:T,1,3,0.537503719329834,modal,cuda,U2AF2:HepG2
BCLAF1,HepG2,chr3:37011867:G:A,1,3,1.1335761547088623,modal,cuda,U2AF2:HepG2
BCLAF1,HepG2,chr3:37011873:G:C,0,3,-0.24377775192260742,modal,cuda,U2AF2:HepG2
BCLAF1,HepG2,chr3:37337743:C:T,0,3,-1.004866600036621,modal,cuda,U2AF2:HepG2
BCLAF1,HepG2,chr3:39091638:A:G,0,3,0.4153457283973694,modal,cuda,U2AF2:HepG2
BCLAF1,HepG2,chr3:39094036:G:A,0,3,-0.31700557470321655,modal,cuda,U2AF2:HepG2
BCLAF1,HepG2,chr3:41224767:T:C,0,3,-0.38854551315307617,modal,cuda,U2AF2:HepG2
BCLAF1,HepG2,chr3:41224951:C:A,1,3,3.460357427597046,modal,cuda,U2AF2:HepG2
BCLAF1,HepG2,chr3:41954644:T:C,0,3,-1.432116985321045,modal,cuda,U2AF2:HepG2
BCLAF1,HepG2,chr3:42176807:C:G,0,3,-0.6713029742240906,modal,cuda,U2AF2:HepG2
BCLAF1,HepG2,chr3:42201047:G:A,0,3,0.5304327011108398,modal,cuda,U2AF2:HepG2
BCLAF1,HepG2,chr3:4376305:A:C,0,3,2.1258084774017334,modal,cuda,U2AF2:HepG2
BCLAF1,HepG2,chr3:4376365:G:A,1,3,2.5060417652130127,modal,cuda,U2AF2:HepG2
BCLAF1,HepG2,chr3:4452849:T:C,0,3,0.3689252734184265,modal,cuda,U2AF2:HepG2
BCLAF1,HepG2,chr3:4493454:G:A,0,3,0.47076964378356934,modal,cuda,U2AF2:HepG2
BCLAF1,HepG2,chr3:4494442:A:G,0,3,-0.5773043632507324,modal,cuda,U2AF2:HepG2
BCLAF1,HepG2,chr3:45388659:G:A,0,3,1.2077829837799072,modal,cuda,U2AF2:HepG2
BCLAF1,HepG2,chr3:47083741:C:T,0,3,0.4458942413330078,modal,cuda,U2AF2:HepG2
BCLAF1,HepG2,chr3:47083771:C:T,0,3,0.9585151672363281,modal,cuda,U2AF2:HepG2
BCLAF1,HepG2,chr3:47083968:C:T,0,3,-0.45438337326049805,modal,cuda,U2AF2:HepG2
BCLAF1,HepG2,chr3:47084019:C:A,1,3,1.7386054992675781,modal,cuda,U2AF2:HepG2
BCLAF1,HepG2,chr3:47084336:A:C,1,3,0.9522576332092285,modal,cuda,U2AF2:HepG2
BCLAF1,HepG2,chr3:47088119:G:A,0,3,0.602881669998169,modal,cuda,U2AF2:HepG2
BCLAF1,HepG2,chr3:47088154:C:A,1,3,4.840552806854248,modal,cuda,U2AF2:HepG2
BCLAF1,HepG2,chr3:47088171:C:T,1,3,1.0839381217956543,modal,cuda,U2AF2:HepG2
BCLAF1,HepG2,chr3:47105977:A:G,0,3,0.8944931030273438,modal,cuda,U2AF2:HepG2
BCLAF1,HepG2,chr3:47106062:G:A,1,3,2.4023935794830322,modal,cuda,U2AF2:HepG2
BCLAF1,HepG2,chr3:47106069:A:G,0,3,0.38450098037719727,modal,cuda,U2AF2:HepG2
BCLAF1,HepG2,chr3:47116723:G:A,1,3,4.244301795959473,modal,cuda,U2AF2:HepG2
BCLAF1,HepG2,chr3:47116766:A:C,0,3,1.7830109596252441,modal,cuda,U2AF2:HepG2
BCLAF1,HepG2,chr3:47121171:A:G,0,3,-0.7152472734451294,modal,cuda,U2AF2:HepG2
BCLAF1,HepG2,chr3:47121197:G:A,1,3,-1.6635892391204834,modal,cuda,U2AF2:HepG2
BCLAF1,HepG2,chr3:47121210:T:G,0,3,1.652864694595337,modal,cuda,U2AF2:HepG2
BCLAF1,HepG2,chr3:47121683:C:G,0,3,0.7531700134277344,modal,cuda,U2AF2:HepG2
BCLAF1,HepG2,chr3:47121724:G:C,0,3,-1.6849617958068848,modal,cuda,U2AF2:HepG2
BCLAF1,HepG2,chr3:47124428:G:A,1,3,3.38102650642395,modal,cuda,U2AF2:HepG2
BCLAF1,HepG2,chr3:47916506:C:G,0,3,-1.2338966131210327,modal,cuda,U2AF2:HepG2
BCLAF1,HepG2,chr3:47916547:G:T,0,3,2.8622865676879883,modal,cuda,U2AF2:HepG2
BCLAF1,HepG2,chr3:47916671:T:C,0,3,-0.3200263977050781,modal,cuda,U2AF2:HepG2
BCLAF1,HepG2,chr3:47998750:A:G,0,3,0.7921351790428162,modal,cuda,U2AF2:HepG2
BCLAF1,HepG2,chr3:48567782:G:C,0,3,-0.123321533203125,modal,cuda,U2AF2:HepG2
BCLAF1,HepG2,chr3:50059680:A:G,0,3,0.6623374223709106,modal,cuda,U2AF2:HepG2
BCLAF1,HepG2,chr3:50066325:G:A,0,3,-0.7046091556549072,modal,cuda,U2AF2:HepG2
BCLAF1,HepG2,chr3:52662287:G:C,0,3,0.7872071266174316,modal,cuda,U2AF2:HepG2
BCLAF1,HepG2,chr3:52668490:T:C,0,3,-0.18620145320892334,modal,cuda,U2AF2:HepG2
BCLAF1,HepG2,chr3:57860850:C:A,0,3,-0.3495817184448242,modal,cuda,U2AF2:HepG2
BCLAF1,HepG2,chr3:57861934:A:G,0,3,-1.0354158878326416,modal,cuda,U2AF2:HepG2
BCLAF1,HepG2,chr3:57912385:A:G,0,3,0.22025597095489502,modal,cuda,U2AF2:HepG2
BCLAF1,HepG2,chr3:58096233:C:T,0,3,0.2620573043823242,modal,cuda,U2AF2:HepG2
BCLAF1,HepG2,chr3:58126597:T:G,0,3,4.048822402954102,modal,cuda,U2AF2:HepG2
BCLAF1,HepG2,chr3:58391211:G:A,0,3,0.5487508773803711,modal,cuda,U2AF2:HepG2
BCLAF1,HepG2,chr3:67528240:C:T,0,3,0.1420242190361023,modal,cuda,U2AF2:HepG2
BCLAF1,HepG2,chr3:67529077:C:G,0,3,-3.674851655960083,modal,cuda,U2AF2:HepG2
BCLAF1,HepG2,chr3:70959326:A:C,0,3,-0.7446829080581665,modal,cuda,U2AF2:HepG2
BCLAF1,HepG2,chr3:71001073:T:C,0,3,-0.26920294761657715,modal,cuda,U2AF2:HepG2
BCLAF1,HepG2,chr3:71359168:C:T,0,3,-1.8818111419677734,modal,cuda,U2AF2:HepG2
BCLAF1,HepG2,chr3:78938586:G:A,0,3,-0.7219027876853943,modal,cuda,U2AF2:HepG2
BCLAF1,HepG2,chr3:93884905:T:C,1,3,-1.2950748205184937,modal,cuda,U2AF2:HepG2
BCLAF1,HepG2,chr3:9445644:C:T,0,3,-0.8476117849349976,modal,cuda,U2AF2:HepG2
BCLAF1,HepG2,chr3:9447031:C:A,0,3,-0.5360150337219238,modal,cuda,U2AF2:HepG2
BCLAF1,HepG2,chr3:9940912:C:T,1,3,0.7276469469070435,modal,cuda,U2AF2:HepG2
BCLAF1,HepG2,chr3:99849303:G:A,0,3,-0.20433378219604492,modal,cuda,U2AF2:HepG2
BCLAF1,HepG2,chr3:99849441:G:A,0,3,0.7350955009460449,modal,cuda,U2AF2:HepG2
BCLAF1,HepG2,chr3:99849893:A:G,0,3,0.1607213020324707,modal,cuda,U2AF2:HepG2
BCLAF1,HepG2,chr3:99851036:G:C,0,3,3.437561511993408,modal,cuda,U2AF2:HepG2
BCLAF1,HepG2,chr4:105424224:C:T,0,1,0.36875033378601074,modal,cuda,U2AF2:HepG2
BCLAF1,HepG2,chr4:105424311:A:T,1,1,0.9960565567016602,modal,cuda,U2AF2:HepG2
BCLAF1,HepG2,chr4:105449353:C:A,1,1,0.9630495309829712,modal,cuda,U2AF2:HepG2
BCLAF1,HepG2,chr4:105449391:T:C,1,1,-0.42911195755004883,modal,cuda,U2AF2:HepG2
BCLAF1,HepG2,chr4:105449422:C:A,0,1,1.52927827835083,modal,cuda,U2AF2:HepG2
BCLAF1,HepG2,chr4:106231725:T:A,0,1,1.0148327350616455,modal,cuda,U2AF2:HepG2
BCLAF1,HepG2,chr4:106233575:A:G,0,1,0.5410634279251099,modal,cuda,U2AF2:HepG2
BCLAF1,HepG2,chr4:106244775:C:T,0,1,1.014861822128296,modal,cuda,U2AF2:HepG2
BCLAF1,HepG2,chr4:106250409:G:C,0,1,1.2560420036315918,modal,cuda,U2AF2:HepG2
BCLAF1,HepG2,chr4:106250490:G:A,0,1,0.7402873039245605,modal,cuda,U2AF2:HepG2
BCLAF1,HepG2,chr4:106251973:G:A,1,1,1.0743989944458008,modal,cuda,U2AF2:HepG2
BCLAF1,HepG2,chr4:106260459:C:T,0,1,-0.7703620195388794,modal,cuda,U2AF2:HepG2
BCLAF1,HepG2,chr4:106262103:G:A,1,1,1.2046440839767456,modal,cuda,U2AF2:HepG2
BCLAF1,HepG2,chr4:106308907:A:G,0,1,-0.34639883041381836,modal,cuda,U2AF2:HepG2
BCLAF1,HepG2,chr4:109741074:T:A,1,1,0.25037479400634766,modal,cuda,U2AF2:HepG2
BCLAF1,HepG2,chr4:109746241:A:G,0,1,-0.7883388996124268,modal,cuda,U2AF2:HepG2
BCLAF1,HepG2,chr4:109746434:C:T,0,1,0.8226025104522705,modal,cuda,U2AF2:HepG2
BCLAF1,HepG2,chr4:109746511:G:A,0,1,1.1287553310394287,modal,cuda,U2AF2:HepG2
BCLAF1,HepG2,chr4:109749321:C:T,1,1,1.7680094242095947,modal,cuda,U2AF2:HepG2
BCLAF1,HepG2,chr4:109749510:G:A,1,1,0.6430943012237549,modal,cuda,U2AF2:HepG2
BCLAF1,HepG2,chr4:109757769:T:C,0,1,0.5821816325187683,modal,cuda,U2AF2:HepG2
BCLAF1,HepG2,chr4:109757790:A:G,0,1,-0.6703600883483887,modal,cuda,U2AF2:HepG2
BCLAF1,HepG2,chr4:109760349:C:T,0,1,-0.9689611196517944,modal,cuda,U2AF2:HepG2
BCLAF1,HepG2,chr4:109760556:A:C,1,1,-0.7667936086654663,modal,cuda,U2AF2:HepG2
BCLAF1,HepG2,chr4:109760567:C:T,1,1,0.22304144501686096,modal,cuda,U2AF2:HepG2
BCLAF1,HepG2,chr4:109764523:A:T,0,1,0.4910297393798828,modal,cuda,U2AF2:HepG2
BCLAF1,HepG2,chr4:109764531:G:A,0,1,-0.3331947326660156,modal,cuda,U2AF2:HepG2
BCLAF1,HepG2,chr4:109764574:C:A,1,1,-0.8933753967285156,modal,cuda,U2AF2:HepG2
BCLAF1,HepG2,chr4:109764585:C:T,1,1,0.20195460319519043,modal,cuda,U2AF2:HepG2
BCLAF1,HepG2,chr4:109766567:T:A,0,1,0.517571210861206,modal,cuda,U2AF2:HepG2
BCLAF1,HepG2,chr4:109766572:C:A,1,1,1.1772010326385498,modal,cuda,U2AF2:HepG2
BCLAF1,HepG2,chr4:112644679:G:A,0,1,0.30310362577438354,modal,cuda,U2AF2:HepG2
BCLAF1,HepG2,chr4:119245361:C:T,1,1,0.6759128570556641,modal,cuda,U2AF2:HepG2
BCLAF1,HepG2,chr4:121814070:C:A,0,1,-0.14680957794189453,modal,cuda,U2AF2:HepG2
BCLAF1,HepG2,chr4:121816810:G:C,0,1,0.22720813751220703,modal,cuda,U2AF2:HepG2
BCLAF1,HepG2,chr4:122199459:G:A,0,1,0.1776731014251709,modal,cuda,U2AF2:HepG2
BCLAF1,HepG2,chr4:122238075:A:G,0,1,-0.8659734725952148,modal,cuda,U2AF2:HepG2
BCLAF1,HepG2,chr4:122244031:T:G,0,1,0.6666467189788818,modal,cuda,U2AF2:HepG2
BCLAF1,HepG2,chr4:123090563:G:A,0,1,0.8589189052581787,modal,cuda,U2AF2:HepG2
BCLAF1,HepG2,chr4:127938782:C:G,1,1,1.01566481590271,modal,cuda,U2AF2:HepG2
BCLAF1,HepG2,chr4:127938789:C:A,1,1,1.1586930751800537,modal,cuda,U2AF2:HepG2
BCLAF1,HepG2,chr4:127938810:G:A,1,1,0.6490373611450195,modal,cuda,U2AF2:HepG2
BCLAF1,HepG2,chr4:127938818:G:C,1,1,1.133225679397583,modal,cuda,U2AF2:HepG2
BCLAF1,HepG2,chr4:127938839:C:T,1,1,1.4167143106460571,modal,cuda,U2AF2:HepG2
BCLAF1,HepG2,chr4:139342975:C:A,0,1,-0.31179046630859375,modal,cuda,U2AF2:HepG2
BCLAF1,HepG2,chr4:139354103:G:A,1,1,2.9074785709381104,modal,cuda,U2AF2:HepG2
BCLAF1,HepG2,chr4:139359900:G:A,1,1,0.40976834297180176,modal,cuda,U2AF2:HepG2
BCLAF1,HepG2,chr4:145110451:G:T,0,1,1.026383399963379,modal,cuda,U2AF2:HepG2
BCLAF1,HepG2,chr4:150844091:G:A,0,1,-0.6991853713989258,modal,cuda,U2AF2:HepG2
BCLAF1,HepG2,chr4:150872652:G:A,0,1,0.8813304901123047,modal,cuda,U2AF2:HepG2
BCLAF1,HepG2,chr4:150905994:C:A,0,1,1.3558430671691895,modal,cuda,U2AF2:HepG2
BCLAF1,HepG2,chr4:150914350:G:A,0,1,0.8825180530548096,modal,cuda,U2AF2:HepG2
BCLAF1,HepG2,chr4:150929074:G:A,0,1,1.2927982807159424,modal,cuda,U2AF2:HepG2
BCLAF1,HepG2,chr4:154568434:C:T,1,1,-2.7332918643951416,modal,cuda,U2AF2:HepG2
BCLAF1,HepG2,chr4:154569192:G:T,0,1,0.32943058013916016,modal,cuda,U2AF2:HepG2
BCLAF1,HepG2,chr4:154569320:C:T,1,1,-2.4435863494873047,modal,cuda,U2AF2:HepG2
BCLAF1,HepG2,chr4:154569529:G:C,1,1,0.337888240814209,modal,cuda,U2AF2:HepG2
BCLAF1,HepG2,chr4:154569680:C:T,0,1,0.5301229953765869,modal,cuda,U2AF2:HepG2
BCLAF1,HepG2,chr4:154569703:T:G,1,1,-1.2214820384979248,modal,cuda,U2AF2:HepG2
BCLAF1,HepG2,chr4:154605079:G:A,0,1,-1.922058343887329,modal,cuda,U2AF2:HepG2
BCLAF1,HepG2,chr4:158682194:G:T,1,1,5.581589221954346,modal,cuda,U2AF2:HepG2
BCLAF1,HepG2,chr4:165337904:A:G,0,1,-0.8419499397277832,modal,cuda,U2AF2:HepG2
BCLAF1,HepG2,chr4:165337909:C:G,0,1,-0.8692612051963806,modal,cuda,U2AF2:HepG2
BCLAF1,HepG2,chr4:169585396:C:A,1,1,-0.6577696800231934,modal,cuda,U2AF2:HepG2
BCLAF1,HepG2,chr4:169585552:A:G,0,1,0.3497352600097656,modal,cuda,U2AF2:HepG2
BCLAF1,HepG2,chr4:169588686:G:A,1,1,0.5526437759399414,modal,cuda,U2AF2:HepG2
BCLAF1,HepG2,chr4:1744840:C:T,0,1,-0.4000880718231201,modal,cuda,U2AF2:HepG2
BCLAF1,HepG2,chr4:1904379:G:C,1,1,1.3106410503387451,modal,cuda,U2AF2:HepG2
BCLAF1,HepG2,chr4:22401411:G:A,0,1,0.130723774433136,modal,cuda,U2AF2:HepG2
BCLAF1,HepG2,chr4:22438236:G:A,0,1,-0.2843911647796631,modal,cuda,U2AF2:HepG2
BCLAF1,HepG2,chr4:22442637:A:T,0,1,-0.5286054611206055,modal,cuda,U2AF2:HepG2
BCLAF1,HepG2,chr4:23813899:C:T,0,1,0.7293248176574707,modal,cuda,U2AF2:HepG2
BCLAF1,HepG2,chr4:25127252:A:G,0,1,-0.9144585132598877,modal,cuda,U2AF2:HepG2
BCLAF1,HepG2,chr4:26428874:T:C,0,1,-0.7004817724227905,modal,cuda,U2AF2:HepG2
BCLAF1,HepG2,chr4:2663247:A:G,0,1,-0.4934570789337158,modal,cuda,U2AF2:HepG2
BCLAF1,HepG2,chr4:3178294:T:C,0,1,-1.6165401935577393,modal,cuda,U2AF2:HepG2
BCLAF1,HepG2,chr4:3180654:A:G,0,1,0.3775966167449951,modal,cuda,U2AF2:HepG2
BCLAF1,HepG2,chr4:39189694:T:A,1,1,-0.9646931886672974,modal,cuda,U2AF2:HepG2
BCLAF1,HepG2,chr4:39189725:C:A,1,1,0.41822004318237305,modal,cuda,U2AF2:HepG2
BCLAF1,HepG2,chr4:39203745:C:T,0,1,0.24728059768676758,modal,cuda,U2AF2:HepG2
BCLAF1,HepG2,chr4:39342473:T:A,0,1,-1.2158594131469727,modal,cuda,U2AF2:HepG2
BCLAF1,HepG2,chr4:44683303:T:C,0,1,-0.28568029403686523,modal,cuda,U2AF2:HepG2
BCLAF1,HepG2,chr4:47885519:T:C,0,1,-0.33423328399658203,modal,cuda,U2AF2:HepG2
BCLAF1,HepG2,chr4:47885974:G:A,0,1,0.17070770263671875,modal,cuda,U2AF2:HepG2
BCLAF1,HepG2,chr4:47899071:C:T,0,1,-0.5525873899459839,modal,cuda,U2AF2:HepG2
BCLAF1,HepG2,chr4:500593:C:T,1,1,0.7391345500946045,modal,cuda,U2AF2:HepG2
BCLAF1,HepG2,chr4:507457:G:A,1,1,0.511138916015625,modal,cuda,U2AF2:HepG2
BCLAF1,HepG2,chr4:507458:G:A,1,1,0.4828181266784668,modal,cuda,U2AF2:HepG2
BCLAF1,HepG2,chr4:507474:C:T,1,1,-0.22790014743804932,modal,cuda,U2AF2:HepG2
BCLAF1,HepG2,chr4:507606:G:A,0,1,0.48978763818740845,modal,cuda,U2AF2:HepG2
BCLAF1,HepG2,chr4:508835:G:T,1,1,2.266780138015747,modal,cuda,U2AF2:HepG2
BCLAF1,HepG2,chr4:521104:G:A,1,1,1.2898855209350586,modal,cuda,U2AF2:HepG2
BCLAF1,HepG2,chr4:521105:G:A,1,1,0.7903803586959839,modal,cuda,U2AF2:HepG2
BCLAF1,HepG2,chr4:521134:C:G,1,1,-1.3204991817474365,modal,cuda,U2AF2:HepG2
BCLAF1,HepG2,chr4:55417826:T:C,0,1,-0.5196495056152344,modal,cuda,U2AF2:HepG2
BCLAF1,HepG2,chr4:56478613:A:G,0,1,-0.6718335151672363,modal,cuda,U2AF2:HepG2
BCLAF1,HepG2,chr4:73420317:C:T,0,1,-0.5726437568664551,modal,cuda,U2AF2:HepG2
BCLAF1,HepG2,chr4:76124687:T:C,1,1,0.3370335102081299,modal,cuda,U2AF2:HepG2
BCLAF1,HepG2,chr4:78252556:G:T,1,1,2.1733453273773193,modal,cuda,U2AF2:HepG2
BCLAF1,HepG2,chr4:78255238:C:G,0,1,-0.9692052006721497,modal,cuda,U2AF2:HepG2
BCLAF1,HepG2,chr4:78267441:C:T,0,1,-0.44167256355285645,modal,cuda,U2AF2:HepG2
BCLAF1,HepG2,chr4:78281446:T:C,0,1,0.8396047353744507,modal,cuda,U2AF2:HepG2
BCLAF1,HepG2,chr4:82426113:A:G,0,1,-0.09656238555908203,modal,cuda,U2AF2:HepG2
BCLAF1,HepG2,chr4:82427174:A:C,0,1,2.1227798461914062,modal,cuda,U2AF2:HepG2
BCLAF1,HepG2,chr4:82427499:T:C,0,1,-0.34787821769714355,modal,cuda,U2AF2:HepG2
BCLAF1,HepG2,chr4:82428060:A:C,0,1,-1.1194175481796265,modal,cuda,U2AF2:HepG2
BCLAF1,HepG2,chr4:82428194:T:A,0,1,-0.49412107467651367,modal,cuda,U2AF2:HepG2
BCLAF1,HepG2,chr4:82428196:T:C,0,1,0.332977294921875,modal,cuda,U2AF2:HepG2
BCLAF1,HepG2,chr4:82872090:A:C,0,1,-1.02604079246521,modal,cuda,U2AF2:HepG2
BCLAF1,HepG2,chr4:94233997:A:G,0,1,0.42736387252807617,modal,cuda,U2AF2:HepG2
BCLAF1,HepG2,chr4:94252628:T:C,0,1,-0.6223649978637695,modal,cuda,U2AF2:HepG2
BCLAF1,HepG2,chr4:94252777:C:T,0,1,0.4136779308319092,modal,cuda,U2AF2:HepG2
BCLAF1,HepG2,chr4:94264904:A:G,0,1,-0.9350557327270508,modal,cuda,U2AF2:HepG2
BCLAF1,HepG2,chr4:9920590:C:T,0,1,0.891796886920929,modal,cuda,U2AF2:HepG2
BCLAF1,HepG2,chr5:10254705:A:G,0,1,0.4499630928039551,modal,cuda,U2AF2:HepG2
BCLAF1,HepG2,chr5:10264850:A:G,0,1,-0.2977166175842285,modal,cuda,U2AF2:HepG2
BCLAF1,HepG2,chr5:108959248:T:C,0,1,-0.8509438037872314,modal,cuda,U2AF2:HepG2
BCLAF1,HepG2,chr5:112766331:A:T,0,1,-0.21099400520324707,modal,cuda,U2AF2:HepG2
BCLAF1,HepG2,chr5:112766335:A:T,1,1,0.6707117557525635,modal,cuda,U2AF2:HepG2
BCLAF1,HepG2,chr5:112766338:C:T,1,1,1.3018958568572998,modal,cuda,U2AF2:HepG2
BCLAF1,HepG2,chr5:112766344:C:T,1,1,1.40230393409729,modal,cuda,U2AF2:HepG2
BCLAF1,HepG2,chr5:112766367:T:A,0,1,0.312772274017334,modal,cuda,U2AF2:HepG2
BCLAF1,HepG2,chr5:112766376:T:C,0,1,0.0970456600189209,modal,cuda,U2AF2:HepG2
BCLAF1,HepG2,chr5:112766380:G:T,1,1,-0.616786003112793,modal,cuda,U2AF2:HepG2
BCLAF1,HepG2,chr5:112766383:C:T,1,1,0.39786243438720703,modal,cuda,U2AF2:HepG2
BCLAF1,HepG2,chr5:112766393:T:A,1,1,0.40518808364868164,modal,cuda,U2AF2:HepG2
BCLAF1,HepG2,chr5:112766393:T:G,1,1,0.2556126117706299,modal,cuda,U2AF2:HepG2
BCLAF1,HepG2,chr5:112766396:T:A,1,1,0.4964022636413574,modal,cuda,U2AF2:HepG2
BCLAF1,HepG2,chr5:112801283:C:A,1,1,1.134814739227295,modal,cuda,U2AF2:HepG2
BCLAF1,HepG2,chr5:112801288:C:T,1,1,1.6739847660064697,modal,cuda,U2AF2:HepG2
BCLAF1,HepG2,chr5:112801310:C:G,1,1,0.8407276272773743,modal,cuda,U2AF2:HepG2
BCLAF1,HepG2,chr5:112801339:C:T,1,1,0.8274613618850708,modal,cuda,U2AF2:HepG2
BCLAF1,HepG2,chr5:112801351:G:T,1,1,0.9718637466430664,modal,cuda,U2AF2:HepG2
BCLAF1,HepG2,chr5:112839221:A:G,0,1,0.4115595817565918,modal,cuda,U2AF2:HepG2
BCLAF1,HepG2,chr5:112839251:C:T,0,1,-0.7106887102127075,modal,cuda,U2AF2:HepG2
BCLAF1,HepG2,chr5:112839284:G:A,0,1,0.2363884449005127,modal,cuda,U2AF2:HepG2
BCLAF1,HepG2,chr5:112839287:C:A,0,1,-0.5079755783081055,modal,cuda,U2AF2:HepG2
BCLAF1,HepG2,chr5:112839320:G:A,0,1,0.2523202896118164,modal,cuda,U2AF2:HepG2
BCLAF1,HepG2,chr5:113532996:C:A,0,1,1.2838678359985352,modal,cuda,U2AF2:HepG2
BCLAF1,HepG2,chr5:113548532:T:C,0,1,-0.9390744566917419,modal,cuda,U2AF2:HepG2
BCLAF1,HepG2,chr5:113553178:C:T,0,1,1.6127593517303467,modal,cuda,U2AF2:HepG2
BCLAF1,HepG2,chr5:113553368:G:A,0,1,0.6678056716918945,modal,cuda,U2AF2:HepG2
BCLAF1,HepG2,chr5:113553581:T:C,0,1,0.42401182651519775,modal,cuda,U2AF2:HepG2
BCLAF1,HepG2,chr5:113591989:C:A,0,1,1.308149814605713,modal,cuda,U2AF2:HepG2
BCLAF1,HepG2,chr5:119116178:T:G,0,1,0.6717383861541748,modal,cuda,U2AF2:HepG2
BCLAF1,HepG2,chr5:119116201:G:A,0,1,1.1952950954437256,modal,cuda,U2AF2:HepG2
BCLAF1,HepG2,chr5:119116244:C:T,0,1,-0.34177541732788086,modal,cuda,U2AF2:HepG2
BCLAF1,HepG2,chr5:119473982:A:T,1,1,0.5741347074508667,modal,cuda,U2AF2:HepG2
BCLAF1,HepG2,chr5:119475699:A:G,0,1,-0.6706693172454834,modal,cuda,U2AF2:HepG2
BCLAF1,HepG2,chr5:119475838:G:A,0,1,1.1200687885284424,modal,cuda,U2AF2:HepG2
BCLAF1,HepG2,chr5:119475838:G:C,1,1,0.6418085098266602,modal,cuda,U2AF2:HepG2
BCLAF1,HepG2,chr5:119477487:A:T,0,1,0.5170072913169861,modal,cuda,U2AF2:HepG2
BCLAF1,HepG2,chr5:119477488:C:T,1,1,0.7096898555755615,modal,cuda,U2AF2:HepG2
BCLAF1,HepG2,chr5:119478848:C:A,1,1,1.557527780532837,modal,cuda,U2AF2:HepG2
BCLAF1,HepG2,chr5:119489251:G:T,1,1,-0.626957893371582,modal,cuda,U2AF2:HepG2
BCLAF1,HepG2,chr5:119489276:T:A,1,1,0.6413469910621643,modal,cuda,U2AF2:HepG2
BCLAF1,HepG2,chr5:119493818:T:G,1,1,-2.0293960571289062,modal,cuda,U2AF2:HepG2
BCLAF1,HepG2,chr5:119493838:G:A,1,1,2.189361095428467,modal,cuda,U2AF2:HepG2
BCLAF1,HepG2,chr5:119493896:G:A,1,1,0.827810525894165,modal,cuda,U2AF2:HepG2
BCLAF1,HepG2,chr5:119496563:G:T,1,1,3.074110269546509,modal,cuda,U2AF2:HepG2
BCLAF1,HepG2,chr5:119496585:C:G,1,1,1.6687374114990234,modal,cuda,U2AF2:HepG2
BCLAF1,HepG2,chr5:119499491:C:T,1,1,1.3593050241470337,modal,cuda,U2AF2:HepG2
BCLAF1,HepG2,chr5:119502061:C:G,1,1,1.6185394525527954,modal,cuda,U2AF2:HepG2
BCLAF1,HepG2,chr5:119502063:T:A,1,1,-0.6861472129821777,modal,cuda,U2AF2:HepG2
BCLAF1,HepG2,chr5:119529917:C:T,0,1,-0.4011404514312744,modal,cuda,U2AF2:HepG2
BCLAF1,HepG2,chr5:126819005:C:T,0,1,-0.23678116500377655,modal,cuda,U2AF2:HepG2
BCLAF1,HepG2,chr5:126822763:C:G,0,1,-0.41298794746398926,modal,cuda,U2AF2:HepG2
BCLAF1,HepG2,chr5:126836279:T:C,0,1,-0.4833660125732422,modal,cuda,U2AF2:HepG2
BCLAF1,HepG2,chr5:126836282:C:T,0,1,0.5406889915466309,modal,cuda,U2AF2:HepG2
BCLAF1,HepG2,chr5:126836307:T:C,0,1,-0.2988767623901367,modal,cuda,U2AF2:HepG2
BCLAF1,HepG2,chr5:132579521:G:A,0,1,-1.0294709205627441,modal,cuda,U2AF2:HepG2
BCLAF1,HepG2,chr5:132587701:G:A,0,1,-0.7263040542602539,modal,cuda,U2AF2:HepG2
BCLAF1,HepG2,chr5:132592056:T:C,0,1,0.7562127709388733,modal,cuda,U2AF2:HepG2
BCLAF1,HepG2,chr5:132616000:T:C,0,1,-0.41343021392822266,modal,cuda,U2AF2:HepG2
BCLAF1,HepG2,chr5:132637224:A:G,0,1,0.8698604106903076,modal,cuda,U2AF2:HepG2
BCLAF1,HepG2,chr5:132638126:C:G,1,1,-0.4776933789253235,modal,cuda,U2AF2:HepG2
BCLAF1,HepG2,chr5:132638158:C:T,1,1,1.3391780853271484,modal,cuda,U2AF2:HepG2
BCLAF1,HepG2,chr5:132892418:C:T,0,1,0.8143129348754883,modal,cuda,U2AF2:HepG2
BCLAF1,HepG2,chr5:132893131:T:C,0,1,-0.5240093469619751,modal,cuda,U2AF2:HepG2
BCLAF1,HepG2,chr5:132898403:T:C,0,1,-0.5259075164794922,modal,cuda,U2AF2:HepG2
BCLAF1,HepG2,chr5:138810049:A:T,1,1,-3.7510111331939697,modal,cuda,U2AF2:HepG2
BCLAF1,HepG2,chr5:138810064:G:T,1,1,1.0582892894744873,modal,cuda,U2AF2:HepG2
BCLAF1,HepG2,chr5:138810084:C:A,1,1,0.5837254524230957,modal,cuda,U2AF2:HepG2
BCLAF1,HepG2,chr5:138810090:T:A,0,1,-0.2463693618774414,modal,cuda,U2AF2:HepG2
BCLAF1,HepG2,chr5:138810096:G:A,0,1,0.48428893089294434,modal,cuda,U2AF2:HepG2
BCLAF1,HepG2,chr5:138887504:C:G,0,1,-1.0606002807617188,modal,cuda,U2AF2:HepG2
BCLAF1,HepG2,chr5:138887556:T:C,0,1,1.026200771331787,modal,cuda,U2AF2:HepG2
BCLAF1,HepG2,chr5:138887567:T:A,0,1,0.24321722984313965,modal,cuda,U2AF2:HepG2
BCLAF1,HepG2,chr5:138887586:A:T,1,1,0.7833782434463501,modal,cuda,U2AF2:HepG2
BCLAF1,HepG2,chr5:138887598:G:T,1,1,1.8805924654006958,modal,cuda,U2AF2:HepG2
BCLAF1,HepG2,chr5:138887607:C:T,1,1,0.46267199516296387,modal,cuda,U2AF2:HepG2
BCLAF1,HepG2,chr5:138887635:T:A,1,1,0.33481013774871826,modal,cuda,U2AF2:HepG2
BCLAF1,HepG2,chr5:138887640:G:T,1,1,1.1106081008911133,modal,cuda,U2AF2:HepG2
BCLAF1,HepG2,chr5:138904403:C:T,1,1,1.7995882034301758,modal,cuda,U2AF2:HepG2
BCLAF1,HepG2,chr5:138904429:C:A,0,1,-0.39015060663223267,modal,cuda,U2AF2:HepG2
BCLAF1,HepG2,chr5:138904439:C:T,1,1,0.7972140312194824,modal,cuda,U2AF2:HepG2
BCLAF1,HepG2,chr5:139317048:T:A,0,1,1.677549123764038,modal,cuda,U2AF2:HepG2
BCLAF1,HepG2,chr5:139319314:G:A,0,1,0.4619824290275574,modal,cuda,U2AF2:HepG2
BCLAF1,HepG2,chr5:140662219:C:T,0,1,-0.595196008682251,modal,cuda,U2AF2:HepG2
BCLAF1,HepG2,chr5:140674672:C:T,0,1,0.3398304581642151,modal,cuda,U2AF2:HepG2
BCLAF1,HepG2,chr5:14290992:G:T,1,1,1.0036499500274658,modal,cuda,U2AF2:HepG2
BCLAF1,HepG2,chr5:14291013:C:T,1,1,0.4614682197570801,modal,cuda,U2AF2:HepG2
BCLAF1,HepG2,chr5:14293093:G:T,1,1,3.186521530151367,modal,cuda,U2AF2:HepG2
BCLAF1,HepG2,chr5:14297074:C:T,0,1,0.7246333360671997,modal,cuda,U2AF2:HepG2
BCLAF1,HepG2,chr5:14358155:C:T,0,1,-0.7056133151054382,modal,cuda,U2AF2:HepG2
BCLAF1,HepG2,chr5:14366916:C:G,0,1,-0.31335628032684326,modal,cuda,U2AF2:HepG2
BCLAF1,HepG2,chr5:14366947:C:T,1,1,1.3626261949539185,modal,cuda,U2AF2:HepG2
BCLAF1,HepG2,chr5:14369364:C:T,0,1,-0.6943259239196777,modal,cuda,U2AF2:HepG2
BCLAF1,HepG2,chr5:14369426:G:A,1,1,0.6404148936271667,modal,cuda,U2AF2:HepG2
BCLAF1,HepG2,chr5:14387711:A:G,0,1,-0.5147948265075684,modal,cuda,U2AF2:HepG2
BCLAF1,HepG2,chr5:14387792:C:T,1,1,3.942462205886841,modal,cuda,U2AF2:HepG2
BCLAF1,HepG2,chr5:14388626:G:A,1,1,1.1288795471191406,modal,cuda,U2AF2:HepG2
BCLAF1,HepG2,chr5:14389360:C:T,0,1,0.8242173194885254,modal,cuda,U2AF2:HepG2
BCLAF1,HepG2,chr5:14390284:A:G,1,1,-0.7315554618835449,modal,cuda,U2AF2:HepG2
BCLAF1,HepG2,chr5:14390300:G:A,1,1,0.7172985076904297,modal,cuda,U2AF2:HepG2
BCLAF1,HepG2,chr5:14394111:A:T,1,1,-0.7042856216430664,modal,cuda,U2AF2:HepG2
BCLAF1,HepG2,chr5:14394114:A:G,1,1,0.36473965644836426,modal,cuda,U2AF2:HepG2
BCLAF1,HepG2,chr5:14397112:C:A,1,1,-0.4818166494369507,modal,cuda,U2AF2:HepG2
BCLAF1,HepG2,chr5:14397129:T:C,0,1,-0.4733094274997711,modal,cuda,U2AF2:HepG2
BCLAF1,HepG2,chr5:14397137:A:G,1,1,-0.7686948776245117,modal,cuda,U2AF2:HepG2
BCLAF1,HepG2,chr5:14405832:C:G,0,1,0.34818267822265625,modal,cuda,U2AF2:HepG2
BCLAF1,HepG2,chr5:14405877:G:A,1,1,2.770739793777466,modal,cuda,U2AF2:HepG2
BCLAF1,HepG2,chr5:14476881:C:G,0,1,0.2406524419784546,modal,cuda,U2AF2:HepG2
BCLAF1,HepG2,chr5:146120521:A:C,0,1,-0.6717422008514404,modal,cuda,U2AF2:HepG2
BCLAF1,HepG2,chr5:146128661:G:A,0,1,-0.2895141839981079,modal,cuda,U2AF2:HepG2
BCLAF1,HepG2,chr5:146128964:C:A,0,1,0.9796006083488464,modal,cuda,U2AF2:HepG2
BCLAF1,HepG2,chr5:146128973:T:C,0,1,-0.8747875094413757,modal,cuda,U2AF2:HepG2
BCLAF1,HepG2,chr5:146130165:A:C,0,1,2.97537899017334,modal,cuda,U2AF2:HepG2
BCLAF1,HepG2,chr5:146144713:A:C,0,1,-0.771702766418457,modal,cuda,U2AF2:HepG2
BCLAF1,HepG2,chr5:146149607:T:C,0,1,-0.19788384437561035,modal,cuda,U2AF2:HepG2
BCLAF1,HepG2,chr5:146157709:A:T,0,1,0.6081829071044922,modal,cuda,U2AF2:HepG2
BCLAF1,HepG2,chr5:146164301:T:G,0,1,0.5051485300064087,modal,cuda,U2AF2:HepG2
BCLAF1,HepG2,chr5:146164483:G:A,0,1,0.49271488189697266,modal,cuda,U2AF2:HepG2
BCLAF1,HepG2,chr5:146168206:T:C,0,1,2.0830166339874268,modal,cuda,U2AF2:HepG2
BCLAF1,HepG2,chr5:146168276:T:C,0,1,-0.5321085453033447,modal,cuda,U2AF2:HepG2
BCLAF1,HepG2,chr5:146171902:G:A,0,1,-1.1880333423614502,modal,cuda,U2AF2:HepG2
BCLAF1,HepG2,chr5:146171959:T:C,0,1,0.5044745802879333,modal,cuda,U2AF2:HepG2
BCLAF1,HepG2,chr5:146172783:C:A,0,1,0.8604203462600708,modal,cuda,U2AF2:HepG2
BCLAF1,HepG2,chr5:148423994:G:T,0,1,-1.6307834386825562,modal,cuda,U2AF2:HepG2
BCLAF1,HepG2,chr5:148424125:T:A,0,1,0.6286838054656982,modal,cuda,U2AF2:HepG2
BCLAF1,HepG2,chr5:177513085:G:C,1,1,2.846235513687134,modal,cuda,U2AF2:HepG2
BCLAF1,HepG2,chr5:179618141:G:A,0,1,0.309978723526001,modal,cuda,U2AF2:HepG2
BCLAF1,HepG2,chr5:179618243:C:T,1,1,-0.41518843173980713,modal,cuda,U2AF2:HepG2
BCLAF1,HepG2,chr5:179618269:T:C,0,1,-1.4280951023101807,modal,cuda,U2AF2:HepG2
BCLAF1,HepG2,chr5:32387639:A:G,0,1,0.7713789939880371,modal,cuda,U2AF2:HepG2
BCLAF1,HepG2,chr5:32395185:T:C,0,1,0.2545590400695801,modal,cuda,U2AF2:HepG2
BCLAF1,HepG2,chr5:32400161:A:G,0,1,0.33748531341552734,modal,cuda,U2AF2:HepG2
BCLAF1,HepG2,chr5:32403241:C:T,0,1,0.1587085723876953,modal,cuda,U2AF2:HepG2
BCLAF1,HepG2,chr5:33448633:A:C,0,1,0.42356419563293457,modal,cuda,U2AF2:HepG2
BCLAF1,HepG2,chr5:33448686:C:A,0,1,0.29068565368652344,modal,cuda,U2AF2:HepG2
BCLAF1,HepG2,chr5:33453311:G:A,0,1,0.3165168762207031,modal,cuda,U2AF2:HepG2
BCLAF1,HepG2,chr5:33455691:T:C,1,1,-1.1417653560638428,modal,cuda,U2AF2:HepG2
BCLAF1,HepG2,chr5:33455710:T:C,0,1,0.5414657592773438,modal,cuda,U2AF2:HepG2
BCLAF1,HepG2,chr5:33461250:G:A,0,1,-1.263674259185791,modal,cuda,U2AF2:HepG2
BCLAF1,HepG2,chr5:33461929:G:A,0,1,0.400707483291626,modal,cuda,U2AF2:HepG2
BCLAF1,HepG2,chr5:33462106:G:T,0,1,0.49590349197387695,modal,cuda,U2AF2:HepG2
BCLAF1,HepG2,chr5:33462107:G:A,0,1,-0.17734718322753906,modal,cuda,U2AF2:HepG2
BCLAF1,HepG2,chr5:34937646:G:A,0,1,0.132154643535614,modal,cuda,U2AF2:HepG2
BCLAF1,HepG2,chr5:36207164:A:G,1,1,0.5998260974884033,modal,cuda,U2AF2:HepG2
BCLAF1,HepG2,chr5:37000355:A:G,0,1,-0.5474712252616882,modal,cuda,U2AF2:HepG2
BCLAF1,HepG2,chr5:37000986:C:G,1,1,6.278748512268066,modal,cuda,U2AF2:HepG2
BCLAF1,HepG2,chr5:37008093:G:A,1,1,3.366138219833374,modal,cuda,U2AF2:HepG2
BCLAF1,HepG2,chr5:37008730:A:G,0,1,-0.30993080139160156,modal,cuda,U2AF2:HepG2
BCLAF1,HepG2,chr5:37026347:G:C,0,1,0.42183470726013184,modal,cuda,U2AF2:HepG2
BCLAF1,HepG2,chr5:37048695:T:C,0,1,-0.5998015403747559,modal,cuda,U2AF2:HepG2
BCLAF1,HepG2,chr5:37175989:A:G,0,1,-2.0545601844787598,modal,cuda,U2AF2:HepG2
BCLAF1,HepG2,chr5:38502620:T:C,0,1,-0.28264808654785156,modal,cuda,U2AF2:HepG2
BCLAF1,HepG2,chr5:38510733:A:G,0,1,0.26241302490234375,modal,cuda,U2AF2:HepG2
BCLAF1,HepG2,chr5:39388861:A:T,0,1,1.5430142879486084,modal,cuda,U2AF2:HepG2
BCLAF1,HepG2,chr5:53042194:G:A,0,1,-0.5736730098724365,modal,cuda,U2AF2:HepG2
BCLAF1,HepG2,chr5:53045032:G:A,0,1,0.7307522296905518,modal,cuda,U2AF2:HepG2
BCLAF1,HepG2,chr5:53048780:A:G,0,1,-0.28470683097839355,modal,cuda,U2AF2:HepG2
BCLAF1,HepG2,chr5:53051539:C:T,0,1,0.48595380783081055,modal,cuda,U2AF2:HepG2
BCLAF1,HepG2,chr5:53055547:T:C,0,1,1.8789546489715576,modal,cuda,U2AF2:HepG2
BCLAF1,HepG2,chr5:53055583:G:A,0,1,0.5444050431251526,modal,cuda,U2AF2:HepG2
BCLAF1,HepG2,chr5:53055607:C:T,0,1,-0.25836849212646484,modal,cuda,U2AF2:HepG2
BCLAF1,HepG2,chr5:53055629:A:T,0,1,0.9390370845794678,modal,cuda,U2AF2:HepG2
BCLAF1,HepG2,chr5:53056008:G:A,0,1,0.6065244674682617,modal,cuda,U2AF2:HepG2
BCLAF1,HepG2,chr5:53064947:C:T,0,1,0.2757382392883301,modal,cuda,U2AF2:HepG2
BCLAF1,HepG2,chr5:53072642:C:T,0,1,0.45328855514526367,modal,cuda,U2AF2:HepG2
BCLAF1,HepG2,chr5:53072643:G:A,0,1,1.0698316097259521,modal,cuda,U2AF2:HepG2
BCLAF1,HepG2,chr5:53072695:A:G,0,1,-1.5880630016326904,modal,cuda,U2AF2:HepG2
BCLAF1,HepG2,chr5:53072716:T:C,0,1,-0.14934635162353516,modal,cuda,U2AF2:HepG2
BCLAF1,HepG2,chr5:53646353:G:T,1,1,0.8284733295440674,modal,cuda,U2AF2:HepG2
BCLAF1,HepG2,chr5:53646367:A:G,0,1,-1.4431283473968506,modal,cuda,U2AF2:HepG2
BCLAF1,HepG2,chr5:53646371:C:T,1,1,0.6137022972106934,modal,cuda,U2AF2:HepG2
BCLAF1,HepG2,chr5:53646375:G:A,1,1,0.840827226638794,modal,cuda,U2AF2:HepG2
BCLAF1,HepG2,chr5:53646410:G:A,1,1,1.1152799129486084,modal,cuda,U2AF2:HepG2
BCLAF1,HepG2,chr5:53683267:G:A,0,1,0.15592384338378906,modal,cuda,U2AF2:HepG2
BCLAF1,HepG2,chr5:55951925:T:C,1,1,0.31757664680480957,modal,cuda,U2AF2:HepG2
BCLAF1,HepG2,chr5:55956168:G:C,1,1,-0.3985004425048828,modal,cuda,U2AF2:HepG2
BCLAF1,HepG2,chr5:55957263:A:C,1,1,1.8267762660980225,modal,cuda,U2AF2:HepG2
BCLAF1,HepG2,chr5:55960534:G:A,1,1,-1.0131416320800781,modal,cuda,U2AF2:HepG2
BCLAF1,HepG2,chr5:55963493:C:T,0,1,0.6750082969665527,modal,cuda,U2AF2:HepG2
BCLAF1,HepG2,chr5:55964237:C:A,0,1,-1.8471670150756836,modal,cuda,U2AF2:HepG2
BCLAF1,HepG2,chr5:55968272:G:A,0,1,0.2929410934448242,modal,cuda,U2AF2:HepG2
BCLAF1,HepG2,chr5:55968314:T:C,0,1,-0.42162275314331055,modal,cuda,U2AF2:HepG2
BCLAF1,HepG2,chr5:55968364:T:C,0,1,-0.3016921281814575,modal,cuda,U2AF2:HepG2
BCLAF1,HepG2,chr5:65224338:T:C,0,1,-1.0630137920379639,modal,cuda,U2AF2:HepG2
BCLAF1,HepG2,chr5:65994729:C:A,0,1,0.998624324798584,modal,cuda,U2AF2:HepG2
BCLAF1,HepG2,chr5:6604216:C:T,0,1,0.60349440574646,modal,cuda,U2AF2:HepG2
BCLAF1,HepG2,chr5:6604227:G:C,1,1,0.8442468643188477,modal,cuda,U2AF2:HepG2
BCLAF1,HepG2,chr5:6605256:G:A,0,1,-0.17714214324951172,modal,cuda,U2AF2:HepG2
BCLAF1,HepG2,chr5:6609844:C:T,1,1,0.42637407779693604,modal,cuda,U2AF2:HepG2
BCLAF1,HepG2,chr5:6622009:T:A,0,1,1.0170793533325195,modal,cuda,U2AF2:HepG2
BCLAF1,HepG2,chr5:68293153:C:T,1,1,1.3662617206573486,modal,cuda,U2AF2:HepG2
BCLAF1,HepG2,chr5:69509196:C:T,1,1,2.675325632095337,modal,cuda,U2AF2:HepG2
BCLAF1,HepG2,chr5:69509603:C:A,1,1,0.5563666820526123,modal,cuda,U2AF2:HepG2
BCLAF1,HepG2,chr5:69509746:T:C,1,1,-0.880199670791626,modal,cuda,U2AF2:HepG2
BCLAF1,HepG2,chr5:69509765:T:G,0,1,-0.8246432542800903,modal,cuda,U2AF2:HepG2
BCLAF1,HepG2,chr5:69509789:G:A,0,1,1.005847454071045,modal,cuda,U2AF2:HepG2
BCLAF1,HepG2,chr5:71539099:T:C,0,1,-0.21236348152160645,modal,cuda,U2AF2:HepG2
BCLAF1,HepG2,chr5:71635285:T:G,0,1,0.7142519950866699,modal,cuda,U2AF2:HepG2
BCLAF1,HepG2,chr5:75389695:A:G,0,1,-0.36802077293395996,modal,cuda,U2AF2:HepG2
BCLAF1,HepG2,chr5:75573790:G:A,1,1,0.334683895111084,modal,cuda,U2AF2:HepG2
BCLAF1,HepG2,chr5:75573793:T:C,1,1,-0.24474620819091797,modal,cuda,U2AF2:HepG2
BCLAF1,HepG2,chr5:75573841:T:C,1,1,-0.43253636360168457,modal,cuda,U2AF2:HepG2
BCLAF1,HepG2,chr5:75593981:T:C,1,1,0.41592931747436523,modal,cuda,U2AF2:HepG2
BCLAF1,HepG2,chr5:75596275:A:T,1,1,-1.1548924446105957,modal,cuda,U2AF2:HepG2
BCLAF1,HepG2,chr5:75596345:A:T,1,1,-0.3755054473876953,modal,cuda,U2AF2:HepG2
BCLAF1,HepG2,chr5:78156252:A:G,1,1,0.8771257400512695,modal,cuda,U2AF2:HepG2
BCLAF1,HepG2,chr5:78228133:C:T,0,1,-0.5182127952575684,modal,cuda,U2AF2:HepG2
BCLAF1,HepG2,chr5:79401890:T:C,0,1,-0.4539194107055664,modal,cuda,U2AF2:HepG2
BCLAF1,HepG2,chr5:79401974:C:T,0,1,-0.50250643491745,modal,cuda,U2AF2:HepG2
BCLAF1,HepG2,chr5:80665136:G:A,0,1,0.15376389026641846,modal,cuda,U2AF2:HepG2
BCLAF1,HepG2,chr5:87338031:G:A,1,1,0.48752498626708984,modal,cuda,U2AF2:HepG2
BCLAF1,HepG2,chr5:87346671:G:A,1,1,3.5817060470581055,modal,cuda,U2AF2:HepG2
BCLAF1,HepG2,chr5:87346674:G:A,1,1,1.0622589588165283,modal,cuda,U2AF2:HepG2
BCLAF1,HepG2,chr5:87346675:G:A,1,1,-0.6311619281768799,modal,cuda,U2AF2:HepG2
BCLAF1,HepG2,chr5:87346710:A:G,0,1,0.47489020228385925,modal,cuda,U2AF2:HepG2
BCLAF1,HepG2,chr5:87349303:C:T,1,1,0.7231488227844238,modal,cuda,U2AF2:HepG2
BCLAF1,HepG2,chr5:87349304:G:T,1,1,0.6599931716918945,modal,cuda,U2AF2:HepG2
BCLAF1,HepG2,chr5:87349309:A:G,1,1,-1.0416533946990967,modal,cuda,U2AF2:HepG2
BCLAF1,HepG2,chr5:87349333:C:T,1,1,0.40585803985595703,modal,cuda,U2AF2:HepG2
BCLAF1,HepG2,chr5:87349359:T:G,1,1,2.201486349105835,modal,cuda,U2AF2:HepG2
BCLAF1,HepG2,chr5:87353182:C:T,1,1,3.310494899749756,modal,cuda,U2AF2:HepG2
BCLAF1,HepG2,chr5:87363401:C:T,1,1,-2.784684658050537,modal,cuda,U2AF2:HepG2
BCLAF1,HepG2,chr5:87363422:G:T,1,1,2.255551815032959,modal,cuda,U2AF2:HepG2
BCLAF1,HepG2,chr5:87363428:C:T,1,1,2.8364458084106445,modal,cuda,U2AF2:HepG2
BCLAF1,HepG2,chr5:87363450:T:G,1,1,0.6321690082550049,modal,cuda,U2AF2:HepG2
BCLAF1,HepG2,chr5:87383729:C:T,1,1,-2.1728296279907227,modal,cuda,U2AF2:HepG2
BCLAF1,HepG2,chr5:886609:C:T,0,1,0.31418609619140625,modal,cuda,U2AF2:HepG2
BCLAF1,HepG2,chr5:95513556:T:C,0,1,-0.734717845916748,modal,cuda,U2AF2:HepG2
BCLAF1,HepG2,chr5:95517338:T:C,0,1,0.7543964385986328,modal,cuda,U2AF2:HepG2
BCLAF1,HepG2,chr5:95523344:C:T,0,1,-0.7670314311981201,modal,cuda,U2AF2:HepG2
BCLAF1,HepG2,chr5:96727539:T:C,0,1,-0.2069110870361328,modal,cuda,U2AF2:HepG2
BCLAF1,HepG2,chr5:96730788:A:G,0,1,-0.9650228023529053,modal,cuda,U2AF2:HepG2
BCLAF1,HepG2,chr5:96730872:C:G,0,1,-0.36118435859680176,modal,cuda,U2AF2:HepG2
BCLAF1,HepG2,chr5:96736204:G:T,0,1,0.8640689849853516,modal,cuda,U2AF2:HepG2
BCLAF1,HepG2,chr5:96736234:G:A,0,1,0.566731870174408,modal,cuda,U2AF2:HepG2
BCLAF1,HepG2,chr5:96736235:G:T,1,1,0.6739757061004639,modal,cuda,U2AF2:HepG2
BCLAF1,HepG2,chr5:96746348:G:C,0,1,0.3174806833267212,modal,cuda,U2AF2:HepG2
BCLAF1,HepG2,chr5:96746383:T:A,0,1,0.5752501487731934,modal,cuda,U2AF2:HepG2
BCLAF1,HepG2,chr5:96746424:C:T,0,1,1.194723129272461,modal,cuda,U2AF2:HepG2
BCLAF1,HepG2,chr5:96750599:G:A,0,1,0.7576613426208496,modal,cuda,U2AF2:HepG2
BCLAF1,HepG2,chr5:96750630:G:C,0,1,-0.5029594898223877,modal,cuda,U2AF2:HepG2
BCLAF1,HepG2,chr5:96757434:C:T,0,1,0.6672549247741699,modal,cuda,U2AF2:HepG2
BCLAF1,HepG2,chr5:96757518:G:A,0,1,-0.3865634799003601,modal,cuda,U2AF2:HepG2
BCLAF1,HepG2,chr5:96757668:T:C,0,1,-0.16517066955566406,modal,cuda,U2AF2:HepG2
BCLAF1,HepG2,chr5:96767912:T:G,0,1,-1.0937960147857666,modal,cuda,U2AF2:HepG2
BCLAF1,HepG2,chr5:98881153:T:C,0,1,0.24988722801208496,modal,cuda,U2AF2:HepG2
BCLAF1,HepG2,chr5:98889184:G:A,0,1,0.5918850302696228,modal,cuda,U2AF2:HepG2
BCLAF1,HepG2,chr5:98897307:C:T,1,1,-0.21383047103881836,modal,cuda,U2AF2:HepG2
BCLAF1,HepG2,chr6:104795643:G:A,1,3,4.692322731018066,modal,cuda,U2AF2:HepG2
BCLAF1,HepG2,chr6:104843270:C:A,1,3,-5.6114888191223145,modal,cuda,U2AF2:HepG2
BCLAF1,HepG2,chr6:106316143:T:C,0,3,-0.953700065612793,modal,cuda,U2AF2:HepG2
BCLAF1,HepG2,chr6:107871581:A:T,0,3,-1.1494133472442627,modal,cuda,U2AF2:HepG2
BCLAF1,HepG2,chr6:107893465:G:A,0,3,0.2913682460784912,modal,cuda,U2AF2:HepG2
BCLAF1,HepG2,chr6:107906598:A:G,0,3,-0.28453493118286133,modal,cuda,U2AF2:HepG2
BCLAF1,HepG2,chr6:107912781:T:C,0,3,-0.4884624481201172,modal,cuda,U2AF2:HepG2
BCLAF1,HepG2,chr6:107912792:T:C,0,3,0.4546811580657959,modal,cuda,U2AF2:HepG2
BCLAF1,HepG2,chr6:111694538:C:T,0,3,0.7137999534606934,modal,cuda,U2AF2:HepG2
BCLAF1,HepG2,chr6:111694620:G:T,0,3,0.5248732566833496,modal,cuda,U2AF2:HepG2
BCLAF1,HepG2,chr6:113946123:T:A,0,3,-0.5884425640106201,modal,cuda,U2AF2:HepG2
BCLAF1,HepG2,chr6:113956702:G:T,0,3,0.5770933628082275,modal,cuda,U2AF2:HepG2
BCLAF1,HepG2,chr6:113960025:T:C,0,3,-0.40492963790893555,modal,cuda,U2AF2:HepG2
BCLAF1,HepG2,chr6:119193769:T:C,0,3,-0.4968757629394531,modal,cuda,U2AF2:HepG2
BCLAF1,HepG2,chr6:128083730:G:A,0,3,0.4954390525817871,modal,cuda,U2AF2:HepG2
BCLAF1,HepG2,chr6:130869620:G:A,0,3,0.6961579322814941,modal,cuda,U2AF2:HepG2
BCLAF1,HepG2,chr6:131726105:G:A,0,3,0.32074636220932007,modal,cuda,U2AF2:HepG2
BCLAF1,HepG2,chr6:131847857:G:T,0,3,-0.437366247177124,modal,cuda,U2AF2:HepG2
BCLAF1,HepG2,chr6:13316573:A:G,0,3,-0.6708436012268066,modal,cuda,U2AF2:HepG2
BCLAF1,HepG2,chr6:13316655:C:T,0,3,1.0872068405151367,modal,cuda,U2AF2:HepG2
BCLAF1,HepG2,chr6:13320947:C:T,0,3,0.8282904624938965,modal,cuda,U2AF2:HepG2
BCLAF1,HepG2,chr6:135002823:C:G,0,3,0.5968255996704102,modal,cuda,U2AF2:HepG2
BCLAF1,HepG2,chr6:135002834:C:T,0,3,0.6197640895843506,modal,cuda,U2AF2:HepG2
BCLAF1,HepG2,chr6:136261279:G:A,0,3,2.222358226776123,modal,cuda,U2AF2:HepG2
BCLAF1,HepG2,chr6:136261359:G:T,0,3,-0.8441038131713867,modal,cuda,U2AF2:HepG2
BCLAF1,HepG2,chr6:136269502:A:C,0,3,-1.1677074432373047,modal,cuda,U2AF2:HepG2
BCLAF1,HepG2,chr6:136269560:C:T,0,3,2.415144681930542,modal,cuda,U2AF2:HepG2
BCLAF1,HepG2,chr6:138920195:A:G,0,3,0.8504948616027832,modal,cuda,U2AF2:HepG2
BCLAF1,HepG2,chr6:143857408:A:G,1,3,-0.6190881729125977,modal,cuda,U2AF2:HepG2
BCLAF1,HepG2,chr6:144513904:T:C,0,3,0.7554631233215332,modal,cuda,U2AF2:HepG2
BCLAF1,HepG2,chr6:144521955:A:T,0,3,0.272045373916626,modal,cuda,U2AF2:HepG2
BCLAF1,HepG2,chr6:145919501:T:C,0,3,-0.5276930332183838,modal,cuda,U2AF2:HepG2
BCLAF1,HepG2,chr6:145954847:T:G,0,3,-1.0831800699234009,modal,cuda,U2AF2:HepG2
BCLAF1,HepG2,chr6:151433138:T:C,0,3,-0.5565941333770752,modal,cuda,U2AF2:HepG2
BCLAF1,HepG2,chr6:154450098:T:A,0,3,-1.1213397979736328,modal,cuda,U2AF2:HepG2
BCLAF1,HepG2,chr6:157196324:T:A,0,3,-0.8844249844551086,modal,cuda,U2AF2:HepG2
BCLAF1,HepG2,chr6:158146763:G:A,0,3,1.9807343482971191,modal,cuda,U2AF2:HepG2
BCLAF1,HepG2,chr6:158146827:G:A,1,3,2.603163719177246,modal,cuda,U2AF2:HepG2
BCLAF1,HepG2,chr6:158146905:T:C,0,3,0.4904155731201172,modal,cuda,U2AF2:HepG2
BCLAF1,HepG2,chr6:158503756:T:C,0,3,-0.7326078414916992,modal,cuda,U2AF2:HepG2
BCLAF1,HepG2,chr6:24174727:G:C,0,3,0.24823808670043945,modal,cuda,U2AF2:HepG2
BCLAF1,HepG2,chr6:24781633:T:C,0,3,0.5813379287719727,modal,cuda,U2AF2:HepG2
BCLAF1,HepG2,chr6:24784433:A:T,0,3,-0.7242515087127686,modal,cuda,U2AF2:HepG2
BCLAF1,HepG2,chr6:2836032:T:A,0,3,-2.470355272293091,modal,cuda,U2AF2:HepG2
BCLAF1,HepG2,chr6:2948918:C:T,0,3,-1.2783269882202148,modal,cuda,U2AF2:HepG2
BCLAF1,HepG2,chr6:30922792:G:T,0,3,-1.2309257984161377,modal,cuda,U2AF2:HepG2
BCLAF1,HepG2,chr6:31740551:C:T,0,3,1.552720546722412,modal,cuda,U2AF2:HepG2
BCLAF1,HepG2,chr6:31761582:A:G,0,3,-2.8432676792144775,modal,cuda,U2AF2:HepG2
BCLAF1,HepG2,chr6:31762148:C:T,0,3,0.8634103536605835,modal,cuda,U2AF2:HepG2
BCLAF1,HepG2,chr6:4052813:A:G,0,3,-0.41654008626937866,modal,cuda,U2AF2:HepG2
BCLAF1,HepG2,chr6:4126146:G:A,0,3,-0.22120976448059082,modal,cuda,U2AF2:HepG2
BCLAF1,HepG2,chr6:43587375:C:T,1,3,1.1227598190307617,modal,cuda,U2AF2:HepG2
BCLAF1,HepG2,chr6:43587387:C:T,1,3,0.7298955917358398,modal,cuda,U2AF2:HepG2
BCLAF1,HepG2,chr6:43626216:G:C,0,3,1.228905200958252,modal,cuda,U2AF2:HepG2
BCLAF1,HepG2,chr6:44406319:A:G,0,3,0.8439245223999023,modal,cuda,U2AF2:HepG2
BCLAF1,HepG2,chr6:47478053:A:C,0,3,0.8699966669082642,modal,cuda,U2AF2:HepG2
BCLAF1,HepG2,chr6:47554621:G:A,0,3,-0.40980052947998047,modal,cuda,U2AF2:HepG2
BCLAF1,HepG2,chr6:47599281:G:A,0,3,1.303573727607727,modal,cuda,U2AF2:HepG2
BCLAF1,HepG2,chr6:47624247:C:G,0,3,-0.8309817314147949,modal,cuda,U2AF2:HepG2
BCLAF1,HepG2,chr6:52452943:C:T,0,3,2.191474199295044,modal,cuda,U2AF2:HepG2
BCLAF1,HepG2,chr6:53498978:G:C,0,3,0.8616008758544922,modal,cuda,U2AF2:HepG2
BCLAF1,HepG2,chr6:56515684:A:G,0,3,-0.1347401738166809,modal,cuda,U2AF2:HepG2
BCLAF1,HepG2,chr6:56552171:A:G,0,3,2.6102423667907715,modal,cuda,U2AF2:HepG2
BCLAF1,HepG2,chr6:56560442:T:C,0,3,-0.5599982738494873,modal,cuda,U2AF2:HepG2
BCLAF1,HepG2,chr6:56624631:G:T,0,3,4.314732551574707,modal,cuda,U2AF2:HepG2
BCLAF1,HepG2,chr6:56624634:A:T,0,3,1.2438058853149414,modal,cuda,U2AF2:HepG2
BCLAF1,HepG2,chr6:56631404:A:C,0,3,1.0248620510101318,modal,cuda,U2AF2:HepG2
BCLAF1,HepG2,chr6:56640063:G:A,0,3,-2.484755039215088,modal,cuda,U2AF2:HepG2
BCLAF1,HepG2,chr6:56699768:A:G,0,3,0.5236775875091553,modal,cuda,U2AF2:HepG2
BCLAF1,HepG2,chr6:63684165:A:G,0,3,-1.5460405349731445,modal,cuda,U2AF2:HepG2
BCLAF1,HepG2,chr6:63684176:G:T,0,3,-1.161928653717041,modal,cuda,U2AF2:HepG2
BCLAF1,HepG2,chr6:63684220:A:G,0,3,-0.6120996475219727,modal,cuda,U2AF2:HepG2
BCLAF1,HepG2,chr6:63684419:G:A,0,3,0.3102555274963379,modal,cuda,U2AF2:HepG2
BCLAF1,HepG2,chr6:63685016:G:A,0,3,-0.4372425079345703,modal,cuda,U2AF2:HepG2
BCLAF1,HepG2,chr6:63703530:C:T,0,3,0.9621968269348145,modal,cuda,U2AF2:HepG2
BCLAF1,HepG2,chr6:7189334:C:T,0,3,-0.3752632141113281,modal,cuda,U2AF2:HepG2
BCLAF1,HepG2,chr6:75678807:A:T,0,3,1.394054889678955,modal,cuda,U2AF2:HepG2
BCLAF1,HepG2,chr6:7571591:T:C,0,3,-0.4729952812194824,modal,cuda,U2AF2:HepG2
BCLAF1,HepG2,chr6:7579902:C:T,1,3,-1.1688659191131592,modal,cuda,U2AF2:HepG2
BCLAF1,HepG2,chr6:7579929:C:T,1,3,4.671047210693359,modal,cuda,U2AF2:HepG2
BCLAF1,HepG2,chr6:7579974:C:T,1,3,2.1627674102783203,modal,cuda,U2AF2:HepG2
BCLAF1,HepG2,chr6:7579982:T:A,0,3,-0.7369853258132935,modal,cuda,U2AF2:HepG2
BCLAF1,HepG2,chr6:7579986:C:T,1,3,3.9197425842285156,modal,cuda,U2AF2:HepG2
BCLAF1,HepG2,chr6:7580016:C:T,1,3,3.3288967609405518,modal,cuda,U2AF2:HepG2
BCLAF1,HepG2,chr6:7581402:C:T,1,3,2.408993721008301,modal,cuda,U2AF2:HepG2
BCLAF1,HepG2,chr6:7581403:G:A,0,3,1.3722033500671387,modal,cuda,U2AF2:HepG2
BCLAF1,HepG2,chr6:7581489:C:T,1,3,3.5478222370147705,modal,cuda,U2AF2:HepG2
BCLAF1,HepG2,chr6:75832856:C:T,1,3,2.8656227588653564,modal,cuda,U2AF2:HepG2
BCLAF1,HepG2,chr6:75832908:C:G,1,3,1.197139024734497,modal,cuda,U2AF2:HepG2
BCLAF1,HepG2,chr6:75832925:G:A,0,3,0.4810047149658203,modal,cuda,U2AF2:HepG2
BCLAF1,HepG2,chr6:75835967:T:C,0,3,0.72507643699646,modal,cuda,U2AF2:HepG2
BCLAF1,HepG2,chr6:75840584:G:A,1,3,1.928797960281372,modal,cuda,U2AF2:HepG2
BCLAF1,HepG2,chr6:75840644:C:T,1,3,2.1454052925109863,modal,cuda,U2AF2:HepG2
BCLAF1,HepG2,chr6:75855242:C:A,0,3,1.156017780303955,modal,cuda,U2AF2:HepG2
BCLAF1,HepG2,chr6:75879864:C:T,1,3,2.5672552585601807,modal,cuda,U2AF2:HepG2
BCLAF1,HepG2,chr6:75892557:C:T,1,3,1.4928163290023804,modal,cuda,U2AF2:HepG2
BCLAF1,HepG2,chr6:78947787:A:T,0,3,1.256534218788147,modal,cuda,U2AF2:HepG2
BCLAF1,HepG2,chr6:78954977:G:T,0,3,-0.5848264694213867,modal,cuda,U2AF2:HepG2
BCLAF1,HepG2,chr6:78958618:T:A,0,3,-0.6655840873718262,modal,cuda,U2AF2:HepG2
BCLAF1,HepG2,chr6:78963079:G:A,0,3,0.5373209714889526,modal,cuda,U2AF2:HepG2
BCLAF1,HepG2,chr6:78970043:C:T,0,3,-0.5378983020782471,modal,cuda,U2AF2:HepG2
BCLAF1,HepG2,chr6:78997395:A:C,0,3,-1.4112701416015625,modal,cuda,U2AF2:HepG2
BCLAF1,HepG2,chr6:78997408:C:T,0,3,-0.835996150970459,modal,cuda,U2AF2:HepG2
BCLAF1,HepG2,chr6:79016535:A:T,0,3,-0.5305619239807129,modal,cuda,U2AF2:HepG2
BCLAF1,HepG2,chr6:79026168:A:C,0,3,-0.4780747890472412,modal,cuda,U2AF2:HepG2
BCLAF1,HepG2,chr6:79042824:T:C,0,3,-0.6038065552711487,modal,cuda,U2AF2:HepG2
BCLAF1,HepG2,chr6:79042827:T:G,0,3,-2.005913496017456,modal,cuda,U2AF2:HepG2
BCLAF1,HepG2,chr6:80200936:G:T,1,3,-1.5603821277618408,modal,cuda,U2AF2:HepG2
BCLAF1,HepG2,chr6:80200939:G:T,1,3,2.355151653289795,modal,cuda,U2AF2:HepG2
BCLAF1,HepG2,chr6:80200990:C:T,1,3,2.092388153076172,modal,cuda,U2AF2:HepG2
BCLAF1,HepG2,chr6:80203193:A:T,1,3,-0.31659364700317383,modal,cuda,U2AF2:HepG2
BCLAF1,HepG2,chr6:83172021:T:C,0,3,0.5842504501342773,modal,cuda,U2AF2:HepG2
BCLAF1,HepG2,chr6:83188602:T:A,0,3,-1.4991321563720703,modal,cuda,U2AF2:HepG2
BCLAF1,HepG2,chr6:83188654:G:T,0,3,-0.3948349952697754,modal,cuda,U2AF2:HepG2
BCLAF1,HepG2,chr6:85530283:T:C,1,3,0.903043270111084,modal,cuda,U2AF2:HepG2
BCLAF1,HepG2,chr6:85530290:C:T,0,3,0.8162647485733032,modal,cuda,U2AF2:HepG2
BCLAF1,HepG2,chr6:85543321:C:A,0,3,-1.882580280303955,modal,cuda,U2AF2:HepG2
BCLAF1,HepG2,chr6:85543737:G:A,1,3,1.341766357421875,modal,cuda,U2AF2:HepG2
BCLAF1,HepG2,chr6:85547511:T:G,0,3,-1.0817983150482178,modal,cuda,U2AF2:HepG2
BCLAF1,HepG2,chr6:85567520:T:C,0,3,-0.48546090722084045,modal,cuda,U2AF2:HepG2
BCLAF1,HepG2,chr6:87564153:G:A,1,3,1.1865043640136719,modal,cuda,U2AF2:HepG2
BCLAF1,HepG2,chr6:87564159:G:A,1,3,1.410247802734375,modal,cuda,U2AF2:HepG2
BCLAF1,HepG2,chr6:87564188:T:A,0,3,-2.6801161766052246,modal,cuda,U2AF2:HepG2
BCLAF1,HepG2,chr6:89727827:C:T,0,3,-0.7769279479980469,modal,cuda,U2AF2:HepG2
BCLAF1,HepG2,chr6:89740382:A:C,0,3,-0.6807246208190918,modal,cuda,U2AF2:HepG2
BCLAF1,HepG2,chr6:90518552:G:A,1,3,0.5681614875793457,modal,cuda,U2AF2:HepG2
BCLAF1,HepG2,chr6:90547209:A:T,0,3,-0.7070503234863281,modal,cuda,U2AF2:HepG2
BCLAF1,HepG2,chr6:98875430:G:A,1,3,2.2793588638305664,modal,cuda,U2AF2:HepG2
BCLAF1,HepG2,chr6:99468617:C:T,1,3,1.3284680843353271,modal,cuda,U2AF2:HepG2
BCLAF1,HepG2,chr6:99503853:A:G,0,3,-1.037672996520996,modal,cuda,U2AF2:HepG2
BCLAF1,HepG2,chr6:99503874:G:A,0,3,0.5876708030700684,modal,cuda,U2AF2:HepG2
BCLAF1,HepG2,chr6:99508684:T:C,0,3,-0.19892215728759766,modal,cuda,U2AF2:HepG2
BCLAF1,HepG2,chr7:100686291:T:C,0,2,-1.5207918882369995,modal,cuda,U2AF2:HepG2
BCLAF1,HepG2,chr7:100687818:C:G,0,2,2.250762939453125,modal,cuda,U2AF2:HepG2
BCLAF1,HepG2,chr7:102097441:C:T,1,2,0.9262242317199707,modal,cuda,U2AF2:HepG2
BCLAF1,HepG2,chr7:102111780:A:G,0,2,-0.2160048484802246,modal,cuda,U2AF2:HepG2
BCLAF1,HepG2,chr7:102115284:C:T,0,2,-0.5022472143173218,modal,cuda,U2AF2:HepG2
BCLAF1,HepG2,chr7:102115304:G:A,0,2,-0.646647572517395,modal,cuda,U2AF2:HepG2
BCLAF1,HepG2,chr7:103299440:A:G,0,2,1.2936553955078125,modal,cuda,U2AF2:HepG2
BCLAF1,HepG2,chr7:103310486:T:C,0,2,-0.9761860370635986,modal,cuda,U2AF2:HepG2
BCLAF1,HepG2,chr7:103311900:A:G,0,2,0.5055928230285645,modal,cuda,U2AF2:HepG2
BCLAF1,HepG2,chr7:105076959:T:G,0,2,-1.1332621574401855,modal,cuda,U2AF2:HepG2
BCLAF1,HepG2,chr7:105090278:T:C,0,2,-0.7646951675415039,modal,cuda,U2AF2:HepG2
BCLAF1,HepG2,chr7:107256792:A:C,0,2,0.917256772518158,modal,cuda,U2AF2:HepG2
BCLAF1,HepG2,chr7:107256794:C:A,1,2,2.499631881713867,modal,cuda,U2AF2:HepG2
BCLAF1,HepG2,chr7:107258276:T:C,0,2,0.46677494049072266,modal,cuda,U2AF2:HepG2
BCLAF1,HepG2,chr7:107258332:G:A,1,2,1.5618314743041992,modal,cuda,U2AF2:HepG2
BCLAF1,HepG2,chr7:107362361:A:G,0,2,-0.27691078186035156,modal,cuda,U2AF2:HepG2
BCLAF1,HepG2,chr7:107372733:G:A,1,2,-4.273553848266602,modal,cuda,U2AF2:HepG2
BCLAF1,HepG2,chr7:107412519:G:A,1,2,1.0370194911956787,modal,cuda,U2AF2:HepG2
BCLAF1,HepG2,chr7:107412558:G:A,1,2,0.9437961578369141,modal,cuda,U2AF2:HepG2
BCLAF1,HepG2,chr7:107527288:G:A,1,2,1.356985092163086,modal,cuda,U2AF2:HepG2
BCLAF1,HepG2,chr7:107548274:G:T,0,2,-0.22009897232055664,modal,cuda,U2AF2:HepG2
BCLAF1,HepG2,chr7:107548350:T:C,0,2,-0.11547279357910156,modal,cuda,U2AF2:HepG2
BCLAF1,HepG2,chr7:107919110:A:G,0,2,0.3716139793395996,modal,cuda,U2AF2:HepG2
BCLAF1,HepG2,chr7:107923921:T:G,0,2,0.4244077205657959,modal,cuda,U2AF2:HepG2
BCLAF1,HepG2,chr7:107924094:G:A,0,2,0.4096829295158386,modal,cuda,U2AF2:HepG2
BCLAF1,HepG2,chr7:107924097:G:T,0,2,1.2693078517913818,modal,cuda,U2AF2:HepG2
BCLAF1,HepG2,chr7:111944878:A:C,0,2,0.6895747184753418,modal,cuda,U2AF2:HepG2
BCLAF1,HepG2,chr7:112004038:G:C,0,2,-0.6669363975524902,modal,cuda,U2AF2:HepG2
BCLAF1,HepG2,chr7:112472825:A:G,0,2,-0.9254589080810547,modal,cuda,U2AF2:HepG2
BCLAF1,HepG2,chr7:112472837:G:A,0,2,0.9302388429641724,modal,cuda,U2AF2:HepG2
BCLAF1,HepG2,chr7:122116972:T:C,0,2,0.35636210441589355,modal,cuda,U2AF2:HepG2
BCLAF1,HepG2,chr7:127701159:C:T,0,2,0.3484463691711426,modal,cuda,U2AF2:HepG2
BCLAF1,HepG2,chr7:128989939:A:G,0,2,-1.7940635681152344,modal,cuda,U2AF2:HepG2
BCLAF1,HepG2,chr7:139259375:G:A,0,2,0.41551539301872253,modal,cuda,U2AF2:HepG2
BCLAF1,HepG2,chr7:140777971:A:G,0,2,1.8432958126068115,modal,cuda,U2AF2:HepG2
BCLAF1,HepG2,chr7:141745501:G:A,1,2,1.0680739879608154,modal,cuda,U2AF2:HepG2
BCLAF1,HepG2,chr7:148846483:C:T,0,2,0.44801902770996094,modal,cuda,U2AF2:HepG2
BCLAF1,HepG2,chr7:148846484:G:A,0,2,0.25388479232788086,modal,cuda,U2AF2:HepG2
BCLAF1,HepG2,chr7:152162101:T:C,0,2,0.26101842522621155,modal,cuda,U2AF2:HepG2
BCLAF1,HepG2,chr7:152185650:G:A,0,2,0.076568603515625,modal,cuda,U2AF2:HepG2
BCLAF1,HepG2,chr7:152199265:A:C,0,2,1.0861597061157227,modal,cuda,U2AF2:HepG2
BCLAF1,HepG2,chr7:152235812:C:A,0,2,-1.1387860774993896,modal,cuda,U2AF2:HepG2
BCLAF1,HepG2,chr7:152247896:C:A,0,2,-0.4615745544433594,modal,cuda,U2AF2:HepG2
BCLAF1,HepG2,chr7:152249866:T:A,0,2,0.46291685104370117,modal,cuda,U2AF2:HepG2
BCLAF1,HepG2,chr7:156724181:G:A,0,2,2.2933146953582764,modal,cuda,U2AF2:HepG2
BCLAF1,HepG2,chr7:157178682:T:C,0,2,-0.9184174537658691,modal,cuda,U2AF2:HepG2
BCLAF1,HepG2,chr7:157366482:A:G,0,2,0.31443285942077637,modal,cuda,U2AF2:HepG2
BCLAF1,HepG2,chr7:158652371:G:C,0,2,-0.6585419178009033,modal,cuda,U2AF2:HepG2
BCLAF1,HepG2,chr7:158655163:T:G,0,2,0.34453630447387695,modal,cuda,U2AF2:HepG2
BCLAF1,HepG2,chr7:158913110:C:G,0,2,-0.41974878311157227,modal,cuda,U2AF2:HepG2
BCLAF1,HepG2,chr7:17839912:T:C,0,2,0.24028348922729492,modal,cuda,U2AF2:HepG2
BCLAF1,HepG2,chr7:23125082:C:T,0,2,-0.3333864212036133,modal,cuda,U2AF2:HepG2
BCLAF1,HepG2,chr7:23140783:G:A,1,2,-0.36508917808532715,modal,cuda,U2AF2:HepG2
BCLAF1,HepG2,chr7:2360759:C:T,0,2,-1.248680591583252,modal,cuda,U2AF2:HepG2
BCLAF1,HepG2,chr7:26192512:A:C,0,2,-0.5161893367767334,modal,cuda,U2AF2:HepG2
BCLAF1,HepG2,chr7:26193241:T:C,0,2,-0.3083806037902832,modal,cuda,U2AF2:HepG2
BCLAF1,HepG2,chr7:26193569:T:C,0,2,-0.4337801933288574,modal,cuda,U2AF2:HepG2
BCLAF1,HepG2,chr7:26195828:A:G,0,2,0.46380615234375,modal,cuda,U2AF2:HepG2
BCLAF1,HepG2,chr7:26195916:G:C,0,2,0.7590422630310059,modal,cuda,U2AF2:HepG2
BCLAF1,HepG2,chr7:26195928:A:G,0,2,-0.39441192150115967,modal,cuda,U2AF2:HepG2
BCLAF1,HepG2,chr7:26196383:G:A,0,2,-0.6178994178771973,modal,cuda,U2AF2:HepG2
BCLAF1,HepG2,chr7:26196674:C:T,0,2,-0.601233184337616,modal,cuda,U2AF2:HepG2
BCLAF1,HepG2,chr7:26196798:G:A,0,2,0.19513988494873047,modal,cuda,U2AF2:HepG2
BCLAF1,HepG2,chr7:26197609:G:A,0,2,-0.2889444828033447,modal,cuda,U2AF2:HepG2
BCLAF1,HepG2,chr7:26197618:A:G,0,2,0.2971162796020508,modal,cuda,U2AF2:HepG2
BCLAF1,HepG2,chr7:26360970:T:C,0,2,1.2789862155914307,modal,cuda,U2AF2:HepG2
BCLAF1,HepG2,chr7:26372503:G:A,0,2,-0.24716663360595703,modal,cuda,U2AF2:HepG2
BCLAF1,HepG2,chr7:27792000:C:A,0,2,0.905083417892456,modal,cuda,U2AF2:HepG2
BCLAF1,HepG2,chr7:27794316:T:G,0,2,1.36447012424469,modal,cuda,U2AF2:HepG2
BCLAF1,HepG2,chr7:29400536:C:T,0,2,0.2434094399213791,modal,cuda,U2AF2:HepG2
BCLAF1,HepG2,chr7:33026888:G:A,1,2,0.8256864547729492,modal,cuda,U2AF2:HepG2
BCLAF1,HepG2,chr7:33146286:A:G,0,2,-0.7333831787109375,modal,cuda,U2AF2:HepG2
BCLAF1,HepG2,chr7:33152699:A:G,1,2,3.0774447917938232,modal,cuda,U2AF2:HepG2
BCLAF1,HepG2,chr7:33152778:C:T,1,2,0.5868643522262573,modal,cuda,U2AF2:HepG2
BCLAF1,HepG2,chr7:33152811:C:T,1,2,1.2214808464050293,modal,cuda,U2AF2:HepG2
BCLAF1,HepG2,chr7:33152851:C:A,1,2,0.4246969223022461,modal,cuda,U2AF2:HepG2
BCLAF1,HepG2,chr7:33152852:G:A,1,2,-0.3653855323791504,modal,cuda,U2AF2:HepG2
BCLAF1,HepG2,chr7:33152852:G:T,1,2,-0.43403053283691406,modal,cuda,U2AF2:HepG2
BCLAF1,HepG2,chr7:33155724:G:A,0,2,0.4595138430595398,modal,cuda,U2AF2:HepG2
BCLAF1,HepG2,chr7:33177507:C:T,1,2,-0.8802986145019531,modal,cuda,U2AF2:HepG2
BCLAF1,HepG2,chr7:33177557:C:A,1,2,0.4957996904850006,modal,cuda,U2AF2:HepG2
BCLAF1,HepG2,chr7:33177574:C:A,1,2,0.6301746368408203,modal,cuda,U2AF2:HepG2
BCLAF1,HepG2,chr7:33257238:C:T,1,2,0.3443162441253662,modal,cuda,U2AF2:HepG2
BCLAF1,HepG2,chr7:33257252:C:A,1,2,0.7928307056427002,modal,cuda,U2AF2:HepG2
BCLAF1,HepG2,chr7:36422818:G:A,0,2,-0.5042233467102051,modal,cuda,U2AF2:HepG2
BCLAF1,HepG2,chr7:36449844:A:G,0,2,0.3157973289489746,modal,cuda,U2AF2:HepG2
BCLAF1,HepG2,chr7:36449849:C:G,0,2,0.7980222702026367,modal,cuda,U2AF2:HepG2
BCLAF1,HepG2,chr7:36449854:A:G,0,2,0.3674466609954834,modal,cuda,U2AF2:HepG2
BCLAF1,HepG2,chr7:40046029:T:C,0,2,-1.4295490980148315,modal,cuda,U2AF2:HepG2
BCLAF1,HepG2,chr7:40189528:A:G,0,2,-0.8126778602600098,modal,cuda,U2AF2:HepG2
BCLAF1,HepG2,chr7:40189528:A:T,0,2,-0.2139291763305664,modal,cuda,U2AF2:HepG2
BCLAF1,HepG2,chr7:40237629:T:C,0,2,1.1392512321472168,modal,cuda,U2AF2:HepG2
BCLAF1,HepG2,chr7:40274566:G:A,0,2,0.26898622512817383,modal,cuda,U2AF2:HepG2
BCLAF1,HepG2,chr7:50537907:T:A,1,2,0.8261821269989014,modal,cuda,U2AF2:HepG2
BCLAF1,HepG2,chr7:6037542:T:A,0,2,0.21929383277893066,modal,cuda,U2AF2:HepG2
BCLAF1,HepG2,chr7:65964372:G:A,0,2,0.06498956680297852,modal,cuda,U2AF2:HepG2
BCLAF1,HepG2,chr7:66089333:C:T,1,2,-0.6843550205230713,modal,cuda,U2AF2:HepG2
BCLAF1,HepG2,chr7:66089352:G:A,0,2,0.7590279579162598,modal,cuda,U2AF2:HepG2
BCLAF1,HepG2,chr7:77571160:A:G,1,2,-0.5193338394165039,modal,cuda,U2AF2:HepG2
BCLAF1,HepG2,chr7:855021:C:G,0,2,0.5580916404724121,modal,cuda,U2AF2:HepG2
BCLAF1,HepG2,chr7:855021:C:T,0,2,0.20362091064453125,modal,cuda,U2AF2:HepG2
BCLAF1,HepG2,chr7:860398:G:A,0,2,0.24940085411071777,modal,cuda,U2AF2:HepG2
BCLAF1,HepG2,chr7:87550300:C:T,0,2,-1.439396619796753,modal,cuda,U2AF2:HepG2
BCLAF1,HepG2,chr7:92044988:G:A,0,2,-0.5657764673233032,modal,cuda,U2AF2:HepG2
BCLAF1,HepG2,chr7:92066403:A:G,0,2,-0.5178240537643433,modal,cuda,U2AF2:HepG2
BCLAF1,HepG2,chr7:92225703:A:G,0,2,-0.796196460723877,modal,cuda,U2AF2:HepG2
BCLAF1,HepG2,chr7:92234451:G:T,1,2,0.9466485977172852,modal,cuda,U2AF2:HepG2
BCLAF1,HepG2,chr7:92236480:G:A,1,2,-2.4810590744018555,modal,cuda,U2AF2:HepG2
BCLAF1,HepG2,chr7:92236492:G:A,1,2,1.6113171577453613,modal,cuda,U2AF2:HepG2
BCLAF1,HepG2,chr7:92236494:A:T,1,2,1.1199512481689453,modal,cuda,U2AF2:HepG2
BCLAF1,HepG2,chr7:92236516:C:A,1,2,-2.3312084674835205,modal,cuda,U2AF2:HepG2
BCLAF1,HepG2,chr7:92241005:G:A,1,2,0.7243161201477051,modal,cuda,U2AF2:HepG2
BCLAF1,HepG2,chr7:92241049:A:T,1,2,-0.45580434799194336,modal,cuda,U2AF2:HepG2
BCLAF1,HepG2,chr7:92241059:G:A,1,2,-1.3310003280639648,modal,cuda,U2AF2:HepG2
BCLAF1,HepG2,chr7:92241113:T:A,1,2,0.8335844278335571,modal,cuda,U2AF2:HepG2
BCLAF1,HepG2,chr7:92504753:G:A,1,2,0.22847366333007812,modal,cuda,U2AF2:HepG2
BCLAF1,HepG2,chr7:92504840:G:A,1,2,-0.6570944786071777,modal,cuda,U2AF2:HepG2
BCLAF1,HepG2,chr7:92517908:C:A,1,2,-0.9579157829284668,modal,cuda,U2AF2:HepG2
BCLAF1,HepG2,chr7:92532521:A:C,0,2,0.2728538513183594,modal,cuda,U2AF2:HepG2
BCLAF1,HepG2,chr7:92618225:A:G,0,2,0.380709171295166,modal,cuda,U2AF2:HepG2
BCLAF1,HepG2,chr7:95269499:G:A,0,2,0.40383434295654297,modal,cuda,U2AF2:HepG2
BCLAF1,HepG2,chr7:95409887:A:G,0,2,-0.45418477058410645,modal,cuda,U2AF2:HepG2
BCLAF1,HepG2,chr7:96171506:A:T,1,2,0.5043563842773438,modal,cuda,U2AF2:HepG2
BCLAF1,HepG2,chr7:96171508:T:C,0,2,0.1672382354736328,modal,cuda,U2AF2:HepG2
BCLAF1,HepG2,chr7:96171509:A:T,1,2,0.21382856369018555,modal,cuda,U2AF2:HepG2
BCLAF1,HepG2,chr7:96208849:G:A,1,2,-0.19748878479003906,modal,cuda,U2AF2:HepG2
BCLAF1,HepG2,chr7:97852323:C:T,1,2,0.7978434562683105,modal,cuda,U2AF2:HepG2
BCLAF1,HepG2,chr7:97852335:C:T,1,2,1.1170496940612793,modal,cuda,U2AF2:HepG2
BCLAF1,HepG2,chr7:97852350:C:T,1,2,1.4969208240509033,modal,cuda,U2AF2:HepG2
BCLAF1,HepG2,chr7:97853307:T:A,1,2,1.4428386688232422,modal,cuda,U2AF2:HepG2
BCLAF1,HepG2,chr7:97855390:G:C,1,2,0.5068871974945068,modal,cuda,U2AF2:HepG2
BCLAF1,HepG2,chr7:97864352:T:A,1,2,-2.001497268676758,modal,cuda,U2AF2:HepG2
BCLAF1,HepG2,chr7:97868944:C:T,1,2,-0.9793996810913086,modal,cuda,U2AF2:HepG2
BCLAF1,HepG2,chr7:97868948:A:T,1,2,1.8121423721313477,modal,cuda,U2AF2:HepG2
BCLAF1,HepG2,chr7:97868975:G:A,1,2,-0.8727602958679199,modal,cuda,U2AF2:HepG2
BCLAF1,HepG2,chr7:98897877:C:T,0,2,-0.8519184589385986,modal,cuda,U2AF2:HepG2
BCLAF1,HepG2,chr8:116857259:C:T,0,0,0.5147428512573242,modal,cuda,U2AF2:HepG2
BCLAF1,HepG2,chr8:125151154:A:G,0,0,0.12367798388004303,modal,cuda,U2AF2:HepG2
BCLAF1,HepG2,chr8:125182215:T:G,0,0,1.8510444164276123,modal,cuda,U2AF2:HepG2
BCLAF1,HepG2,chr8:125182232:C:T,1,0,1.403422474861145,modal,cuda,U2AF2:HepG2
BCLAF1,HepG2,chr8:13102772:T:C,0,0,-0.8131453990936279,modal,cuda,U2AF2:HepG2
BCLAF1,HepG2,chr8:13102826:C:T,0,0,0.38779735565185547,modal,cuda,U2AF2:HepG2
BCLAF1,HepG2,chr8:140572797:T:C,0,0,-0.5567398071289062,modal,cuda,U2AF2:HepG2
BCLAF1,HepG2,chr8:140800487:C:T,0,0,0.505645751953125,modal,cuda,U2AF2:HepG2
BCLAF1,HepG2,chr8:140800505:C:A,0,0,0.9338178634643555,modal,cuda,U2AF2:HepG2
BCLAF1,HepG2,chr8:140830475:G:A,0,0,0.626025915145874,modal,cuda,U2AF2:HepG2
BCLAF1,HepG2,chr8:140890755:G:A,0,0,0.31761741638183594,modal,cuda,U2AF2:HepG2
BCLAF1,HepG2,chr8:17280178:G:A,0,0,0.671709418296814,modal,cuda,U2AF2:HepG2
BCLAF1,HepG2,chr8:17286321:G:C,0,0,0.39885616302490234,modal,cuda,U2AF2:HepG2
BCLAF1,HepG2,chr8:17684551:C:T,0,0,0.5676677227020264,modal,cuda,U2AF2:HepG2
BCLAF1,HepG2,chr8:17754555:A:C,0,0,-0.8001470565795898,modal,cuda,U2AF2:HepG2
BCLAF1,HepG2,chr8:17754836:T:A,0,0,0.5942721366882324,modal,cuda,U2AF2:HepG2
BCLAF1,HepG2,chr8:17953081:G:A,0,0,1.4134163856506348,modal,cuda,U2AF2:HepG2
BCLAF1,HepG2,chr8:17957260:C:G,0,0,0.5334882736206055,modal,cuda,U2AF2:HepG2
BCLAF1,HepG2,chr8:17957605:G:A,0,0,-0.1405012607574463,modal,cuda,U2AF2:HepG2
BCLAF1,HepG2,chr8:17960417:A:G,0,0,-0.2572038173675537,modal,cuda,U2AF2:HepG2
BCLAF1,HepG2,chr8:17964628:C:T,0,0,0.2435879409313202,modal,cuda,U2AF2:HepG2
BCLAF1,HepG2,chr8:17989909:A:G,0,0,0.44450247287750244,modal,cuda,U2AF2:HepG2
BCLAF1,HepG2,chr8:18011284:G:C,0,0,0.3254513740539551,modal,cuda,U2AF2:HepG2
BCLAF1,HepG2,chr8:18011290:T:C,0,0,-0.5380496978759766,modal,cuda,U2AF2:HepG2
BCLAF1,HepG2,chr8:18069771:G:T,0,0,0.41655778884887695,modal,cuda,U2AF2:HepG2
BCLAF1,HepG2,chr8:18069785:C:T,0,0,-1.515779733657837,modal,cuda,U2AF2:HepG2
BCLAF1,HepG2,chr8:18069805:A:T,1,0,-0.5970156192779541,modal,cuda,U2AF2:HepG2
BCLAF1,HepG2,chr8:18069812:G:A,1,0,0.5414459705352783,modal,cuda,U2AF2:HepG2
BCLAF1,HepG2,chr8:18069818:T:C,0,0,0.4584159851074219,modal,cuda,U2AF2:HepG2
BCLAF1,HepG2,chr8:27606346:C:G,0,0,0.3169560432434082,modal,cuda,U2AF2:HepG2
BCLAF1,HepG2,chr8:27606389:C:T,0,0,0.6403672695159912,modal,cuda,U2AF2:HepG2
BCLAF1,HepG2,chr8:27609061:G:A,0,0,0.6360386610031128,modal,cuda,U2AF2:HepG2
BCLAF1,HepG2,chr8:31088887:C:A,0,0,1.2188851833343506,modal,cuda,U2AF2:HepG2
BCLAF1,HepG2,chr8:38234507:C:T,1,0,-0.28257179260253906,modal,cuda,U2AF2:HepG2
BCLAF1,HepG2,chr8:38234517:G:A,1,0,-0.9054830074310303,modal,cuda,U2AF2:HepG2
BCLAF1,HepG2,chr8:38251915:A:G,0,0,0.20263338088989258,modal,cuda,U2AF2:HepG2
BCLAF1,HepG2,chr8:38252697:T:C,0,0,-0.25840604305267334,modal,cuda,U2AF2:HepG2
BCLAF1,HepG2,chr8:38253113:C:G,1,0,0.24102115631103516,modal,cuda,U2AF2:HepG2
BCLAF1,HepG2,chr8:39021671:C:T,0,0,0.18675518035888672,modal,cuda,U2AF2:HepG2
BCLAF1,HepG2,chr8:39021705:C:A,1,0,-0.886752188205719,modal,cuda,U2AF2:HepG2
BCLAF1,HepG2,chr8:39042004:A:T,1,0,-0.9659531712532043,modal,cuda,U2AF2:HepG2
BCLAF1,HepG2,chr8:39042033:A:G,0,0,1.4717905521392822,modal,cuda,U2AF2:HepG2
BCLAF1,HepG2,chr8:39055696:C:T,0,0,-0.5606441497802734,modal,cuda,U2AF2:HepG2
BCLAF1,HepG2,chr8:39077258:G:A,0,0,-0.7256441116333008,modal,cuda,U2AF2:HepG2
BCLAF1,HepG2,chr8:39077332:G:A,1,0,1.0973966121673584,modal,cuda,U2AF2:HepG2
BCLAF1,HepG2,chr8:39082973:T:A,1,0,-0.7278969287872314,modal,cuda,U2AF2:HepG2
BCLAF1,HepG2,chr8:39083025:G:T,1,0,0.7827620506286621,modal,cuda,U2AF2:HepG2
BCLAF1,HepG2,chr8:41941447:G:C,1,0,2.8341927528381348,modal,cuda,U2AF2:HepG2
BCLAF1,HepG2,chr8:42316223:C:T,1,0,0.7304494380950928,modal,cuda,U2AF2:HepG2
BCLAF1,HepG2,chr8:42316265:C:T,1,0,0.7815430164337158,modal,cuda,U2AF2:HepG2
BCLAF1,HepG2,chr8:42316288:G:A,0,0,0.9649626612663269,modal,cuda,U2AF2:HepG2
BCLAF1,HepG2,chr8:42330914:G:A,0,0,0.54588383436203,modal,cuda,U2AF2:HepG2
BCLAF1,HepG2,chr8:47407898:C:T,1,0,0.7387046813964844,modal,cuda,U2AF2:HepG2
BCLAF1,HepG2,chr8:47407923:G:A,1,0,-2.2910566329956055,modal,cuda,U2AF2:HepG2
BCLAF1,HepG2,chr8:47700499:G:A,0,0,0.39868998527526855,modal,cuda,U2AF2:HepG2
BCLAF1,HepG2,chr8:47912405:C:G,0,0,-0.2878131866455078,modal,cuda,U2AF2:HepG2
BCLAF1,HepG2,chr8:60781216:G:T,1,0,-3.682507276535034,modal,cuda,U2AF2:HepG2
BCLAF1,HepG2,chr8:60781232:C:A,1,0,-1.1671197414398193,modal,cuda,U2AF2:HepG2
BCLAF1,HepG2,chr8:60808277:G:A,1,0,0.8958628177642822,modal,cuda,U2AF2:HepG2
BCLAF1,HepG2,chr8:60808284:G:T,0,0,0.43303585052490234,modal,cuda,U2AF2:HepG2
BCLAF1,HepG2,chr8:60820036:T:A,1,0,2.9887502193450928,modal,cuda,U2AF2:HepG2
BCLAF1,HepG2,chr8:60820036:T:G,1,0,-1.6997007131576538,modal,cuda,U2AF2:HepG2
BCLAF1,HepG2,chr8:60820055:A:G,0,0,0.7704854011535645,modal,cuda,U2AF2:HepG2
BCLAF1,HepG2,chr8:60820063:T:C,0,0,-0.5534254312515259,modal,cuda,U2AF2:HepG2
BCLAF1,HepG2,chr8:60822062:T:A,0,0,-0.7285077571868896,modal,cuda,U2AF2:HepG2
BCLAF1,HepG2,chr8:60822096:G:T,1,0,-1.0558167695999146,modal,cuda,U2AF2:HepG2
BCLAF1,HepG2,chr8:60822104:G:A,0,0,0.5977184772491455,modal,cuda,U2AF2:HepG2
BCLAF1,HepG2,chr8:60822121:G:A,1,0,0.3772439956665039,modal,cuda,U2AF2:HepG2
BCLAF1,HepG2,chr8:60822127:T:C,1,0,-0.5075700283050537,modal,cuda,U2AF2:HepG2
BCLAF1,HepG2,chr8:60822136:G:A,1,0,-0.44454604387283325,modal,cuda,U2AF2:HepG2
BCLAF1,HepG2,chr8:60822137:G:A,1,0,-0.3682035803794861,modal,cuda,U2AF2:HepG2
BCLAF1,HepG2,chr8:60822147:T:C,1,0,0.3223879337310791,modal,cuda,U2AF2:HepG2
BCLAF1,HepG2,chr8:60822147:T:G,1,0,0.9727883338928223,modal,cuda,U2AF2:HepG2
BCLAF1,HepG2,chr8:60822150:G:A,1,0,0.6243472099304199,modal,cuda,U2AF2:HepG2
BCLAF1,HepG2,chr8:60822767:T:G,0,0,2.0379836559295654,modal,cuda,U2AF2:HepG2
BCLAF1,HepG2,chr8:60823839:G:A,1,0,4.409100532531738,modal,cuda,U2AF2:HepG2
BCLAF1,HepG2,chr8:60823843:C:T,1,0,1.301436185836792,modal,cuda,U2AF2:HepG2
BCLAF1,HepG2,chr8:60823911:T:A,1,0,-1.695709466934204,modal,cuda,U2AF2:HepG2
BCLAF1,HepG2,chr8:60830440:A:C,1,0,0.45357847213745117,modal,cuda,U2AF2:HepG2
BCLAF1,HepG2,chr8:60830440:A:G,1,0,-0.5054991245269775,modal,cuda,U2AF2:HepG2
BCLAF1,HepG2,chr8:60830450:T:C,0,0,0.9254708290100098,modal,cuda,U2AF2:HepG2
BCLAF1,HepG2,chr8:60830454:C:T,1,0,0.9948711395263672,modal,cuda,U2AF2:HepG2
BCLAF1,HepG2,chr8:60830494:G:A,0,0,2.3892269134521484,modal,cuda,U2AF2:HepG2
BCLAF1,HepG2,chr8:60830495:C:T,0,0,-2.057241439819336,modal,cuda,U2AF2:HepG2
BCLAF1,HepG2,chr8:60830496:G:A,0,0,0.760947585105896,modal,cuda,U2AF2:HepG2
BCLAF1,HepG2,chr8:60830567:C:G,1,0,-1.5168156623840332,modal,cuda,U2AF2:HepG2
BCLAF1,HepG2,chr8:60830569:T:G,1,0,-1.2994303703308105,modal,cuda,U2AF2:HepG2
BCLAF1,HepG2,chr8:60836128:A:G,0,0,-1.364201307296753,modal,cuda,U2AF2:HepG2
BCLAF1,HepG2,chr8:60836141:C:T,1,0,-0.8510404825210571,modal,cuda,U2AF2:HepG2
BCLAF1,HepG2,chr8:60836153:C:T,1,0,2.489670991897583,modal,cuda,U2AF2:HepG2
BCLAF1,HepG2,chr8:60836175:T:C,1,0,0.3556489944458008,modal,cuda,U2AF2:HepG2
BCLAF1,HepG2,chr8:60837666:A:G,1,0,3.3881709575653076,modal,cuda,U2AF2:HepG2
BCLAF1,HepG2,chr8:60837671:C:T,1,0,0.2142186164855957,modal,cuda,U2AF2:HepG2
BCLAF1,HepG2,chr8:60837695:C:T,1,0,0.2523186206817627,modal,cuda,U2AF2:HepG2
BCLAF1,HepG2,chr8:60837800:C:T,1,0,-0.6201534271240234,modal,cuda,U2AF2:HepG2
BCLAF1,HepG2,chr8:60837806:A:G,0,0,-0.5266125202178955,modal,cuda,U2AF2:HepG2
BCLAF1,HepG2,chr8:60837818:G:T,1,0,0.42563533782958984,modal,cuda,U2AF2:HepG2
BCLAF1,HepG2,chr8:60837823:T:C,0,0,-0.4026670455932617,modal,cuda,U2AF2:HepG2
BCLAF1,HepG2,chr8:60837827:A:G,0,0,0.28459930419921875,modal,cuda,U2AF2:HepG2
BCLAF1,HepG2,chr8:60837836:G:A,1,0,-0.28410816192626953,modal,cuda,U2AF2:HepG2
BCLAF1,HepG2,chr8:60837836:G:T,1,0,-0.43951940536499023,modal,cuda,U2AF2:HepG2
BCLAF1,HepG2,chr8:60838075:G:A,1,0,3.2786507606506348,modal,cuda,U2AF2:HepG2
BCLAF1,HepG2,chr8:60838082:C:T,1,0,1.8286161422729492,modal,cuda,U2AF2:HepG2
BCLAF1,HepG2,chr8:60838097:G:T,1,0,1.0041428804397583,modal,cuda,U2AF2:HepG2
BCLAF1,HepG2,chr8:60838115:C:T,1,0,1.0579955577850342,modal,cuda,U2AF2:HepG2
BCLAF1,HepG2,chr8:60838129:T:G,1,0,0.6397485733032227,modal,cuda,U2AF2:HepG2
BCLAF1,HepG2,chr8:60838202:C:T,1,0,0.9833073616027832,modal,cuda,U2AF2:HepG2
BCLAF1,HepG2,chr8:60838229:G:T,1,0,0.34427404403686523,modal,cuda,U2AF2:HepG2
BCLAF1,HepG2,chr8:60838237:A:G,0,0,0.07712268829345703,modal,cuda,U2AF2:HepG2
BCLAF1,HepG2,chr8:60838256:G:A,1,0,0.3305177688598633,modal,cuda,U2AF2:HepG2
BCLAF1,HepG2,chr8:60841845:A:G,1,0,3.339599132537842,modal,cuda,U2AF2:HepG2
BCLAF1,HepG2,chr8:60841846:G:A,1,0,3.731236219406128,modal,cuda,U2AF2:HepG2
BCLAF1,HepG2,chr8:60841858:T:C,0,0,0.9472970962524414,modal,cuda,U2AF2:HepG2
BCLAF1,HepG2,chr8:60852496:A:T,1,0,6.085894584655762,modal,cuda,U2AF2:HepG2
BCLAF1,HepG2,chr8:60852497:G:A,1,0,5.994365692138672,modal,cuda,U2AF2:HepG2
BCLAF1,HepG2,chr8:60852497:G:C,1,0,5.911129474639893,modal,cuda,U2AF2:HepG2
BCLAF1,HepG2,chr8:60852500:G:A,1,0,0.5751473903656006,modal,cuda,U2AF2:HepG2
BCLAF1,HepG2,chr8:60852501:G:A,1,0,-0.4636695384979248,modal,cuda,U2AF2:HepG2
BCLAF1,HepG2,chr8:60852571:C:T,1,0,-0.5663485527038574,modal,cuda,U2AF2:HepG2
BCLAF1,HepG2,chr8:60852574:C:T,1,0,-1.8659815788269043,modal,cuda,U2AF2:HepG2
BCLAF1,HepG2,chr8:60852588:C:T,0,0,-0.0894618034362793,modal,cuda,U2AF2:HepG2
BCLAF1,HepG2,chr8:60853395:G:A,0,0,-0.9612216949462891,modal,cuda,U2AF2:HepG2
BCLAF1,HepG2,chr8:60853397:C:T,0,0,-0.2806258201599121,modal,cuda,U2AF2:HepG2
BCLAF1,HepG2,chr8:60853402:A:G,0,0,-0.6205010414123535,modal,cuda,U2AF2:HepG2
BCLAF1,HepG2,chr8:60853405:C:G,0,0,-0.4178428649902344,modal,cuda,U2AF2:HepG2
BCLAF1,HepG2,chr8:60853406:T:G,0,0,-0.9023880958557129,modal,cuda,U2AF2:HepG2
BCLAF1,HepG2,chr8:60853457:G:A,0,0,0.09863722324371338,modal,cuda,U2AF2:HepG2
BCLAF1,HepG2,chr8:60853463:G:A,0,0,-0.11324882507324219,modal,cuda,U2AF2:HepG2
BCLAF1,HepG2,chr8:60853501:G:A,1,0,1.2574769258499146,modal,cuda,U2AF2:HepG2
BCLAF1,HepG2,chr8:60853501:G:T,1,0,1.349323034286499,modal,cuda,U2AF2:HepG2
BCLAF1,HepG2,chr8:60854430:T:G,0,0,-1.1121430397033691,modal,cuda,U2AF2:HepG2
BCLAF1,HepG2,chr8:60854437:C:T,1,0,0.6614322662353516,modal,cuda,U2AF2:HepG2
BCLAF1,HepG2,chr8:60854479:C:T,1,0,-0.9177873134613037,modal,cuda,U2AF2:HepG2
BCLAF1,HepG2,chr8:60854500:T:C,0,0,0.6203732490539551,modal,cuda,U2AF2:HepG2
BCLAF1,HepG2,chr8:60854505:C:G,0,0,1.0214941501617432,modal,cuda,U2AF2:HepG2
BCLAF1,HepG2,chr8:60854508:C:T,0,0,-1.0882253646850586,modal,cuda,U2AF2:HepG2
BCLAF1,HepG2,chr8:60854510:C:A,1,0,0.6880581378936768,modal,cuda,U2AF2:HepG2
BCLAF1,HepG2,chr8:60856721:C:T,1,0,-2.951709508895874,modal,cuda,U2AF2:HepG2
BCLAF1,HepG2,chr8:60856726:G:A,0,0,0.674299955368042,modal,cuda,U2AF2:HepG2
BCLAF1,HepG2,chr8:60856749:C:T,0,0,0.4040403366088867,modal,cuda,U2AF2:HepG2
BCLAF1,HepG2,chr8:60856751:C:T,0,0,-0.44048237800598145,modal,cuda,U2AF2:HepG2
BCLAF1,HepG2,chr8:60860963:C:T,0,0,-0.30946749448776245,modal,cuda,U2AF2:HepG2
BCLAF1,HepG2,chr8:60860964:A:G,0,0,0.469222754240036,modal,cuda,U2AF2:HepG2
BCLAF1,HepG2,chr8:60860976:G:T,1,0,-1.9457180500030518,modal,cuda,U2AF2:HepG2
BCLAF1,HepG2,chr8:60860978:A:G,0,0,0.4405553340911865,modal,cuda,U2AF2:HepG2
BCLAF1,HepG2,chr8:60860979:C:T,1,0,0.9391650557518005,modal,cuda,U2AF2:HepG2
BCLAF1,HepG2,chr8:60861009:A:G,0,0,0.22305750846862793,modal,cuda,U2AF2:HepG2
BCLAF1,HepG2,chr8:60861058:A:G,1,0,-1.1320009231567383,modal,cuda,U2AF2:HepG2
BCLAF1,HepG2,chr8:60861076:G:A,1,0,-2.46525502204895,modal,cuda,U2AF2:HepG2
BCLAF1,HepG2,chr8:60861092:T:A,0,0,0.1131138801574707,modal,cuda,U2AF2:HepG2
BCLAF1,HepG2,chr8:60861098:C:A,1,0,-0.34244418144226074,modal,cuda,U2AF2:HepG2
BCLAF1,HepG2,chr8:60861119:T:A,1,0,0.2699730396270752,modal,cuda,U2AF2:HepG2
BCLAF1,HepG2,chr8:60861119:T:G,1,0,-2.2148468494415283,modal,cuda,U2AF2:HepG2
BCLAF1,HepG2,chr8:61553021:T:C,0,0,0.22479963302612305,modal,cuda,U2AF2:HepG2
BCLAF1,HepG2,chr8:61553105:C:A,1,0,1.0164897441864014,modal,cuda,U2AF2:HepG2
BCLAF1,HepG2,chr8:61555978:A:T,1,0,-1.3533732891082764,modal,cuda,U2AF2:HepG2
BCLAF1,HepG2,chr8:6409330:C:G,1,0,-0.18914794921875,modal,cuda,U2AF2:HepG2
BCLAF1,HepG2,chr8:6444762:C:A,1,0,-1.0199165344238281,modal,cuda,U2AF2:HepG2
BCLAF1,HepG2,chr8:6444826:G:A,0,0,2.7012453079223633,modal,cuda,U2AF2:HepG2
BCLAF1,HepG2,chr8:67227254:G:A,1,0,-1.1703433990478516,modal,cuda,U2AF2:HepG2
BCLAF1,HepG2,chr8:67238412:G:A,1,0,1.0550835132598877,modal,cuda,U2AF2:HepG2
BCLAF1,HepG2,chr8:67259847:G:A,1,0,-0.3308444023132324,modal,cuda,U2AF2:HepG2
BCLAF1,HepG2,chr8:70216728:T:C,0,0,0.27615445852279663,modal,cuda,U2AF2:HepG2
BCLAF1,HepG2,chr8:91071196:A:G,0,0,-0.7780101895332336,modal,cuda,U2AF2:HepG2
BCLAF1,HepG2,chr8:94841480:G:A,0,0,0.5560354590415955,modal,cuda,U2AF2:HepG2
BCLAF1,HepG2,chr8:94876224:T:C,0,0,-0.6609988212585449,modal,cuda,U2AF2:HepG2
BCLAF1,HepG2,chr8:95048547:C:G,1,0,0.6086156368255615,modal,cuda,U2AF2:HepG2
BCLAF1,HepG2,chr8:96231837:C:T,0,0,-0.27089357376098633,modal,cuda,U2AF2:HepG2
BCLAF1,HepG2,chr8:96233140:C:G,0,0,0.5266904830932617,modal,cuda,U2AF2:HepG2
BCLAF1,HepG2,chr8:96785338:T:C,0,0,1.3617043495178223,modal,cuda,U2AF2:HepG2
BCLAF1,HepG2,chr8:99013850:T:G,1,0,0.8123641014099121,modal,cuda,U2AF2:HepG2
BCLAF1,HepG2,chr8:99013930:G:T,1,0,-1.1796070337295532,modal,cuda,U2AF2:HepG2
BCLAF1,HepG2,chr8:99013933:C:T,1,0,0.9997847080230713,modal,cuda,U2AF2:HepG2
BCLAF1,HepG2,chr8:99038429:A:T,1,0,0.6003813743591309,modal,cuda,U2AF2:HepG2
BCLAF1,HepG2,chr8:99038453:G:T,1,0,-1.1665406227111816,modal,cuda,U2AF2:HepG2
BCLAF1,HepG2,chr8:99111181:G:T,1,0,-1.4425506591796875,modal,cuda,U2AF2:HepG2
BCLAF1,HepG2,chr8:99111243:T:G,1,0,-3.080674171447754,modal,cuda,U2AF2:HepG2
BCLAF1,HepG2,chr8:99121218:C:T,1,0,2.2926275730133057,modal,cuda,U2AF2:HepG2
BCLAF1,HepG2,chr8:99121273:G:A,1,0,1.0529203414916992,modal,cuda,U2AF2:HepG2
BCLAF1,HepG2,chr8:99121282:G:A,1,0,-3.017106533050537,modal,cuda,U2AF2:HepG2
BCLAF1,HepG2,chr8:99121389:A:T,1,0,0.8168716430664062,modal,cuda,U2AF2:HepG2
BCLAF1,HepG2,chr8:99170035:T:G,0,0,0.8836460113525391,modal,cuda,U2AF2:HepG2
BCLAF1,HepG2,chr8:99384331:A:T,0,0,-0.2140336036682129,modal,cuda,U2AF2:HepG2
BCLAF1,HepG2,chr8:99442390:T:C,0,0,0.9821515083312988,modal,cuda,U2AF2:HepG2
BCLAF1,HepG2,chr9:100229650:G:A,0,4,0.6027092933654785,modal,cuda,U2AF2:HepG2
BCLAF1,HepG2,chr9:100229676:G:A,1,4,2.802961826324463,modal,cuda,U2AF2:HepG2
BCLAF1,HepG2,chr9:100252989:C:A,1,4,1.5657191276550293,modal,cuda,U2AF2:HepG2
BCLAF1,HepG2,chr9:100253026:C:T,1,4,-1.4963947534561157,modal,cuda,U2AF2:HepG2
BCLAF1,HepG2,chr9:100253085:C:A,1,4,1.5491862297058105,modal,cuda,U2AF2:HepG2
BCLAF1,HepG2,chr9:100264822:G:T,1,4,1.5456759929656982,modal,cuda,U2AF2:HepG2
BCLAF1,HepG2,chr9:100264841:G:A,1,4,0.6711561679840088,modal,cuda,U2AF2:HepG2
BCLAF1,HepG2,chr9:100264860:C:G,1,4,2.9635727405548096,modal,cuda,U2AF2:HepG2
BCLAF1,HepG2,chr9:100273009:A:T,1,4,1.5391020774841309,modal,cuda,U2AF2:HepG2
BCLAF1,HepG2,chr9:100273018:C:T,1,4,2.3897545337677,modal,cuda,U2AF2:HepG2
BCLAF1,HepG2,chr9:104786285:T:C,0,4,0.5097846984863281,modal,cuda,U2AF2:HepG2
BCLAF1,HepG2,chr9:104787913:T:C,0,4,-0.8785638809204102,modal,cuda,U2AF2:HepG2
BCLAF1,HepG2,chr9:104802047:A:G,0,4,0.5368084907531738,modal,cuda,U2AF2:HepG2
BCLAF1,HepG2,chr9:104845460:G:A,0,4,1.6382243633270264,modal,cuda,U2AF2:HepG2
BCLAF1,HepG2,chr9:105356390:T:C,0,4,1.8211718797683716,modal,cuda,U2AF2:HepG2
BCLAF1,HepG2,chr9:105472013:A:G,0,4,0.3455524444580078,modal,cuda,U2AF2:HepG2
BCLAF1,HepG2,chr9:108912460:A:C,1,4,1.3285081386566162,modal,cuda,U2AF2:HepG2
BCLAF1,HepG2,chr9:108926548:C:T,0,4,0.4701584577560425,modal,cuda,U2AF2:HepG2
BCLAF1,HepG2,chr9:112405714:A:T,0,4,0.8993198871612549,modal,cuda,U2AF2:HepG2
BCLAF1,HepG2,chr9:112409029:T:C,0,4,-0.7903618812561035,modal,cuda,U2AF2:HepG2
BCLAF1,HepG2,chr9:113278969:A:G,0,4,-0.8454687595367432,modal,cuda,U2AF2:HepG2
BCLAF1,HepG2,chr9:113279036:T:C,0,4,0.31942176818847656,modal,cuda,U2AF2:HepG2
BCLAF1,HepG2,chr9:114206232:C:T,0,4,-0.0935821533203125,modal,cuda,U2AF2:HepG2
BCLAF1,HepG2,chr9:114222282:G:T,0,4,-0.3299652636051178,modal,cuda,U2AF2:HepG2
BCLAF1,HepG2,chr9:114236963:G:C,0,4,-1.066244125366211,modal,cuda,U2AF2:HepG2
BCLAF1,HepG2,chr9:114240286:C:T,0,4,0.41567206382751465,modal,cuda,U2AF2:HepG2
BCLAF1,HepG2,chr9:114250612:T:C,0,4,-1.3108400106430054,modal,cuda,U2AF2:HepG2
BCLAF1,HepG2,chr9:114264906:G:A,0,4,0.14253951609134674,modal,cuda,U2AF2:HepG2
BCLAF1,HepG2,chr9:114275787:T:A,0,4,1.2573034763336182,modal,cuda,U2AF2:HepG2
BCLAF1,HepG2,chr9:114282258:G:T,0,4,-0.63673996925354,modal,cuda,U2AF2:HepG2
BCLAF1,HepG2,chr9:114288530:C:G,0,4,0.572490930557251,modal,cuda,U2AF2:HepG2
BCLAF1,HepG2,chr9:114290935:A:G,0,4,-0.33089637756347656,modal,cuda,U2AF2:HepG2
BCLAF1,HepG2,chr9:114300704:C:T,0,4,-0.5869097709655762,modal,cuda,U2AF2:HepG2
BCLAF1,HepG2,chr9:120409173:G:A,1,4,0.6892024278640747,modal,cuda,U2AF2:HepG2
BCLAF1,HepG2,chr9:120409185:C:A,1,4,1.5570188760757446,modal,cuda,U2AF2:HepG2
BCLAF1,HepG2,chr9:120415028:G:T,0,4,-1.1916190385818481,modal,cuda,U2AF2:HepG2
BCLAF1,HepG2,chr9:120470214:G:C,1,4,0.4844648241996765,modal,cuda,U2AF2:HepG2
BCLAF1,HepG2,chr9:120477335:G:C,0,4,-0.7108135223388672,modal,cuda,U2AF2:HepG2
BCLAF1,HepG2,chr9:120527932:T:C,0,4,-0.20767498016357422,modal,cuda,U2AF2:HepG2
BCLAF1,HepG2,chr9:120530076:C:A,1,4,-1.1705718040466309,modal,cuda,U2AF2:HepG2
BCLAF1,HepG2,chr9:120530103:C:A,1,4,1.922324776649475,modal,cuda,U2AF2:HepG2
BCLAF1,HepG2,chr9:120545742:C:A,1,4,0.8394732475280762,modal,cuda,U2AF2:HepG2
BCLAF1,HepG2,chr9:120545794:C:T,0,4,0.39000511169433594,modal,cuda,U2AF2:HepG2
BCLAF1,HepG2,chr9:120550848:G:A,1,4,-0.7799890041351318,modal,cuda,U2AF2:HepG2
BCLAF1,HepG2,chr9:120550852:A:T,1,4,1.6757843494415283,modal,cuda,U2AF2:HepG2
BCLAF1,HepG2,chr9:124890381:G:C,0,4,-1.1028010845184326,modal,cuda,U2AF2:HepG2
BCLAF1,HepG2,chr9:125307821:A:G,0,4,-0.8876893520355225,modal,cuda,U2AF2:HepG2
BCLAF1,HepG2,chr9:125312528:T:C,0,4,-0.41828346252441406,modal,cuda,U2AF2:HepG2
BCLAF1,HepG2,chr9:128576976:T:C,0,4,-0.6910476684570312,modal,cuda,U2AF2:HepG2
BCLAF1,HepG2,chr9:128584269:T:G,0,4,0.9798767566680908,modal,cuda,U2AF2:HepG2
BCLAF1,HepG2,chr9:128632559:C:T,0,4,-2.549835205078125,modal,cuda,U2AF2:HepG2
BCLAF1,HepG2,chr9:128693624:C:T,0,4,-0.8703020215034485,modal,cuda,U2AF2:HepG2
BCLAF1,HepG2,chr9:130703746:G:A,0,4,0.31617116928100586,modal,cuda,U2AF2:HepG2
BCLAF1,HepG2,chr9:130703765:G:A,0,4,2.744965076446533,modal,cuda,U2AF2:HepG2
BCLAF1,HepG2,chr9:131475071:C:T,0,4,0.36698395013809204,modal,cuda,U2AF2:HepG2
BCLAF1,HepG2,chr9:132300611:T:C,0,4,-1.0391602516174316,modal,cuda,U2AF2:HepG2
BCLAF1,HepG2,chr9:132901615:G:A,0,4,-1.4039571285247803,modal,cuda,U2AF2:HepG2
BCLAF1,HepG2,chr9:132901697:C:G,0,4,2.195322275161743,modal,cuda,U2AF2:HepG2
BCLAF1,HepG2,chr9:132902771:A:C,1,4,1.4227020740509033,modal,cuda,U2AF2:HepG2
BCLAF1,HepG2,chr9:132921343:T:C,0,4,0.2932577133178711,modal,cuda,U2AF2:HepG2
BCLAF1,HepG2,chr9:132921362:C:G,1,4,0.7154299020767212,modal,cuda,U2AF2:HepG2
BCLAF1,HepG2,chr9:132921362:C:T,1,4,-1.1902070045471191,modal,cuda,U2AF2:HepG2
BCLAF1,HepG2,chr9:132921427:C:A,1,4,3.943467617034912,modal,cuda,U2AF2:HepG2
BCLAF1,HepG2,chr9:132923368:G:C,1,4,0.4045863151550293,modal,cuda,U2AF2:HepG2
BCLAF1,HepG2,chr9:132923379:G:C,0,4,-1.5610406398773193,modal,cuda,U2AF2:HepG2
BCLAF1,HepG2,chr9:14792814:C:A,1,4,3.156120538711548,modal,cuda,U2AF2:HepG2
BCLAF1,HepG2,chr9:14792894:G:C,0,4,0.5406341552734375,modal,cuda,U2AF2:HepG2
BCLAF1,HepG2,chr9:14797518:A:T,0,4,-1.2064038515090942,modal,cuda,U2AF2:HepG2
BCLAF1,HepG2,chr9:14797629:C:T,0,4,0.4851090908050537,modal,cuda,U2AF2:HepG2
BCLAF1,HepG2,chr9:14801771:C:T,0,4,0.25225830078125,modal,cuda,U2AF2:HepG2
BCLAF1,HepG2,chr9:14804945:A:G,0,4,0.8673591613769531,modal,cuda,U2AF2:HepG2
BCLAF1,HepG2,chr9:14804988:C:A,1,4,-0.5611581802368164,modal,cuda,U2AF2:HepG2
BCLAF1,HepG2,chr9:14806646:G:A,0,4,-0.12365531921386719,modal,cuda,U2AF2:HepG2
BCLAF1,HepG2,chr9:14813074:G:A,0,4,0.741611123085022,modal,cuda,U2AF2:HepG2
BCLAF1,HepG2,chr9:14816817:G:A,0,4,0.7343063354492188,modal,cuda,U2AF2:HepG2
BCLAF1,HepG2,chr9:14823220:A:G,0,4,1.2340576648712158,modal,cuda,U2AF2:HepG2
BCLAF1,HepG2,chr9:14823223:G:T,0,4,0.9495224952697754,modal,cuda,U2AF2:HepG2
BCLAF1,HepG2,chr9:14824090:T:C,0,4,-0.9658913612365723,modal,cuda,U2AF2:HepG2
BCLAF1,HepG2,chr9:14841537:A:G,0,4,0.12700986862182617,modal,cuda,U2AF2:HepG2
BCLAF1,HepG2,chr9:14851596:C:T,0,4,0.564183235168457,modal,cuda,U2AF2:HepG2
BCLAF1,HepG2,chr9:14851619:T:C,0,4,0.3523685932159424,modal,cuda,U2AF2:HepG2
BCLAF1,HepG2,chr9:14859358:T:C,0,4,1.287724494934082,modal,cuda,U2AF2:HepG2
BCLAF1,HepG2,chr9:14863865:A:G,0,4,-0.17717933654785156,modal,cuda,U2AF2:HepG2
BCLAF1,HepG2,chr9:19376395:A:G,0,4,-0.517315685749054,modal,cuda,U2AF2:HepG2
BCLAF1,HepG2,chr9:21818012:C:T,0,4,0.42052024602890015,modal,cuda,U2AF2:HepG2
BCLAF1,HepG2,chr9:26919291:A:T,0,4,1.1783971786499023,modal,cuda,U2AF2:HepG2
BCLAF1,HepG2,chr9:27562354:T:C,0,4,-0.8429698944091797,modal,cuda,U2AF2:HepG2
BCLAF1,HepG2,chr9:35295883:C:A,0,4,-0.7019195556640625,modal,cuda,U2AF2:HepG2
BCLAF1,HepG2,chr9:36204081:G:A,0,4,-0.17715930938720703,modal,cuda,U2AF2:HepG2
BCLAF1,HepG2,chr9:36246472:G:A,1,4,-2.087580680847168,modal,cuda,U2AF2:HepG2
BCLAF1,HepG2,chr9:5077517:T:C,0,4,-0.20399951934814453,modal,cuda,U2AF2:HepG2
BCLAF1,HepG2,chr9:5732483:T:C,0,4,0.6206531524658203,modal,cuda,U2AF2:HepG2
BCLAF1,HepG2,chr9:6849518:A:G,0,4,0.16401541233062744,modal,cuda,U2AF2:HepG2
BCLAF1,HepG2,chr9:6888034:T:C,0,4,-1.1189424991607666,modal,cuda,U2AF2:HepG2
BCLAF1,HepG2,chr9:69216482:T:C,0,4,-0.8688949346542358,modal,cuda,U2AF2:HepG2
BCLAF1,HepG2,chr9:69237989:T:G,0,4,1.2408936023712158,modal,cuda,U2AF2:HepG2
BCLAF1,HepG2,chr9:69238803:T:A,0,4,0.1266641616821289,modal,cuda,U2AF2:HepG2
BCLAF1,HepG2,chr9:69246793:A:G,1,4,-0.8027427196502686,modal,cuda,U2AF2:HepG2
BCLAF1,HepG2,chr9:69248011:G:T,1,4,5.462505340576172,modal,cuda,U2AF2:HepG2
BCLAF1,HepG2,chr9:69248059:C:T,0,4,0.23939573764801025,modal,cuda,U2AF2:HepG2
BCLAF1,HepG2,chr9:69248071:G:A,0,4,0.3461064100265503,modal,cuda,U2AF2:HepG2
BCLAF1,HepG2,chr9:7013874:C:T,0,4,-0.42483949661254883,modal,cuda,U2AF2:HepG2
BCLAF1,HepG2,chr9:710961:G:A,0,4,0.48128461837768555,modal,cuda,U2AF2:HepG2
BCLAF1,HepG2,chr9:712060:G:C,0,4,-0.9803557395935059,modal,cuda,U2AF2:HepG2
BCLAF1,HepG2,chr9:712066:A:C,0,4,0.5612359046936035,modal,cuda,U2AF2:HepG2
BCLAF1,HepG2,chr9:712119:T:C,0,4,-0.7078759670257568,modal,cuda,U2AF2:HepG2
BCLAF1,HepG2,chr9:712137:G:C,0,4,1.2824225425720215,modal,cuda,U2AF2:HepG2
BCLAF1,HepG2,chr9:712156:T:G,0,4,-0.8847671747207642,modal,cuda,U2AF2:HepG2
BCLAF1,HepG2,chr9:712599:C:T,0,4,0.7472890615463257,modal,cuda,U2AF2:HepG2
BCLAF1,HepG2,chr9:71734841:C:T,1,4,0.8248867988586426,modal,cuda,U2AF2:HepG2
BCLAF1,HepG2,chr9:730054:A:G,0,4,0.17986226081848145,modal,cuda,U2AF2:HepG2
BCLAF1,HepG2,chr9:732536:T:C,0,4,-0.2773120403289795,modal,cuda,U2AF2:HepG2
BCLAF1,HepG2,chr9:77220261:A:C,0,4,-1.040938138961792,modal,cuda,U2AF2:HepG2
BCLAF1,HepG2,chr9:77227498:C:A,0,4,0.5343103408813477,modal,cuda,U2AF2:HepG2
BCLAF1,HepG2,chr9:77252372:T:C,0,4,0.36724019050598145,modal,cuda,U2AF2:HepG2
BCLAF1,HepG2,chr9:77283393:C:T,1,4,0.9423239231109619,modal,cuda,U2AF2:HepG2
BCLAF1,HepG2,chr9:77283420:C:T,1,4,1.7297334671020508,modal,cuda,U2AF2:HepG2
BCLAF1,HepG2,chr9:77283468:G:T,1,4,3.3281338214874268,modal,cuda,U2AF2:HepG2
BCLAF1,HepG2,chr9:77368037:T:C,0,4,-0.6841081380844116,modal,cuda,U2AF2:HepG2
BCLAF1,HepG2,chr9:83976988:T:C,0,4,-0.26688575744628906,modal,cuda,U2AF2:HepG2
BCLAF1,HepG2,chr9:83977684:T:C,0,4,-1.9898877143859863,modal,cuda,U2AF2:HepG2
BCLAF1,HepG2,chr9:85942286:G:A,0,4,-0.2944450378417969,modal,cuda,U2AF2:HepG2
BCLAF1,HepG2,chr9:85942296:T:C,0,4,0.27897024154663086,modal,cuda,U2AF2:HepG2
BCLAF1,HepG2,chr9:86346438:G:A,0,4,0.6261718273162842,modal,cuda,U2AF2:HepG2
BCLAF1,HepG2,chr9:87643366:T:A,0,4,0.9325742721557617,modal,cuda,U2AF2:HepG2
BCLAF1,HepG2,chr9:89325666:C:T,0,4,0.8382672667503357,modal,cuda,U2AF2:HepG2
BCLAF1,HepG2,chr9:89348221:A:C,0,4,-0.773970365524292,modal,cuda,U2AF2:HepG2
BCLAF1,HepG2,chr9:91325340:T:G,0,4,-1.3910317420959473,modal,cuda,U2AF2:HepG2
BCLAF1,HepG2,chr9:91325406:T:C,1,4,8.07994270324707,modal,cuda,U2AF2:HepG2
BCLAF1,HepG2,chr9:91355976:C:T,0,4,-0.11724889278411865,modal,cuda,U2AF2:HepG2
BCLAF1,HepG2,chr9:92050084:C:T,0,4,-0.35699033737182617,modal,cuda,U2AF2:HepG2
BCLAF1,HepG2,chr9:92247504:A:G,0,4,0.26857948303222656,modal,cuda,U2AF2:HepG2
BCLAF1,HepG2,chr9:92253376:G:A,1,4,0.9554047584533691,modal,cuda,U2AF2:HepG2
BCLAF1,HepG2,chr9:92253389:A:T,1,4,3.1425769329071045,modal,cuda,U2AF2:HepG2
BCLAF1,HepG2,chr9:92258946:C:A,1,4,1.6312074661254883,modal,cuda,U2AF2:HepG2
BCLAF1,HepG2,chr9:92260132:G:A,0,4,-0.611713171005249,modal,cuda,U2AF2:HepG2
BCLAF1,HepG2,chr9:92265060:C:G,0,4,1.9424948692321777,modal,cuda,U2AF2:HepG2
BCLAF1,HepG2,chr9:92269899:A:G,0,4,-0.8747223615646362,modal,cuda,U2AF2:HepG2
BCLAF1,HepG2,chr9:92269937:G:A,1,4,1.1904232501983643,modal,cuda,U2AF2:HepG2
BCLAF1,HepG2,chr9:92271034:G:A,1,4,2.7886576652526855,modal,cuda,U2AF2:HepG2
BCLAF1,HepG2,chr9:92271064:T:C,0,4,0.4063129425048828,modal,cuda,U2AF2:HepG2
BCLAF1,HepG2,chr9:92274465:T:G,0,4,0.18555402755737305,modal,cuda,U2AF2:HepG2
BCLAF1,HepG2,chr9:92274466:T:C,0,4,-0.9882984161376953,modal,cuda,U2AF2:HepG2
BCLAF1,HepG2,chr9:92278187:T:C,0,4,0.7925167083740234,modal,cuda,U2AF2:HepG2
BCLAF1,HepG2,chr9:92278272:G:A,1,4,1.242382287979126,modal,cuda,U2AF2:HepG2
BCLAF1,HepG2,chr9:92285779:G:A,0,4,-1.5441536903381348,modal,cuda,U2AF2:HepG2
BCLAF1,HepG2,chr9:92286592:C:T,1,4,1.9271265268325806,modal,cuda,U2AF2:HepG2
BCLAF1,HepG2,chr9:92286608:C:T,0,4,-2.23390531539917,modal,cuda,U2AF2:HepG2
BCLAF1,HepG2,chr9:92287772:T:C,0,4,-0.5901479721069336,modal,cuda,U2AF2:HepG2
BCLAF1,HepG2,chr9:94773170:T:G,1,4,2.3643455505371094,modal,cuda,U2AF2:HepG2
BCLAF1,HepG2,chr9:95881111:C:T,1,4,-3.1197283267974854,modal,cuda,U2AF2:HepG2
BCLAF1,HepG2,chr9:95916209:C:G,0,4,0.8266348838806152,modal,cuda,U2AF2:HepG2
BCLAF1,HepG2,chr9:95916336:C:T,1,4,0.4302990436553955,modal,cuda,U2AF2:HepG2
BCLAF1,HepG2,chr9:95921268:C:A,0,4,1.8889845609664917,modal,cuda,U2AF2:HepG2
BCLAF1,HepG2,chr9:95928767:C:T,1,4,2.30419659614563,modal,cuda,U2AF2:HepG2
BCLAF1,HepG2,chr9:95928833:C:T,1,4,-0.8930215835571289,modal,cuda,U2AF2:HepG2
BCLAF1,HepG2,chr9:95955996:C:T,1,4,0.48183631896972656,modal,cuda,U2AF2:HepG2
BCLAF1,HepG2,chr9:97684977:G:A,1,4,2.4534554481506348,modal,cuda,U2AF2:HepG2
BCLAF1,HepG2,chr9:97689575:A:T,1,4,1.0719985961914062,modal,cuda,U2AF2:HepG2
BCLAF1,HepG2,chr9:97689592:C:A,1,4,-3.2186546325683594,modal,cuda,U2AF2:HepG2
BCLAF1,HepG2,chr9:97689608:G:T,1,4,1.6210145950317383,modal,cuda,U2AF2:HepG2
BCLAF1,HepG2,chrX:106818656:A:G,0,2,0.7308666706085205,modal,cuda,U2AF2:HepG2
BCLAF1,HepG2,chrX:106840206:G:A,0,2,0.39268922805786133,modal,cuda,U2AF2:HepG2
BCLAF1,HepG2,chrX:108580594:C:A,0,2,-0.6735537052154541,modal,cuda,U2AF2:HepG2
BCLAF1,HepG2,chrX:108580600:G:A,0,2,-0.2984180450439453,modal,cuda,U2AF2:HepG2
BCLAF1,HepG2,chrX:108580673:T:A,1,2,1.0027663707733154,modal,cuda,U2AF2:HepG2
BCLAF1,HepG2,chrX:108586754:G:A,0,2,-0.5371570587158203,modal,cuda,U2AF2:HepG2
BCLAF1,HepG2,chrX:108622665:A:G,0,2,-0.43227726221084595,modal,cuda,U2AF2:HepG2
BCLAF1,HepG2,chrX:108680662:T:G,0,2,0.4919643998146057,modal,cuda,U2AF2:HepG2
BCLAF1,HepG2,chrX:111685098:C:T,0,2,-0.8709774017333984,modal,cuda,U2AF2:HepG2
BCLAF1,HepG2,chrX:119931930:G:A,0,2,-0.5971336364746094,modal,cuda,U2AF2:HepG2
BCLAF1,HepG2,chrX:120536921:T:G,0,2,-0.7436017990112305,modal,cuda,U2AF2:HepG2
BCLAF1,HepG2,chrX:120540359:G:A,0,2,0.3044891357421875,modal,cuda,U2AF2:HepG2
BCLAF1,HepG2,chrX:120542951:C:T,0,2,0.29141998291015625,modal,cuda,U2AF2:HepG2
BCLAF1,HepG2,chrX:120543052:A:G,0,2,0.2657124996185303,modal,cuda,U2AF2:HepG2
BCLAF1,HepG2,chrX:123900474:T:G,0,2,0.7804579734802246,modal,cuda,U2AF2:HepG2
BCLAF1,HepG2,chrX:123900507:C:T,1,2,0.4821200370788574,modal,cuda,U2AF2:HepG2
BCLAF1,HepG2,chrX:123900515:T:C,0,2,0.6660051941871643,modal,cuda,U2AF2:HepG2
BCLAF1,HepG2,chrX:123900531:A:G,0,2,-0.4026947021484375,modal,cuda,U2AF2:HepG2
BCLAF1,HepG2,chrX:123900534:C:T,1,2,0.7588253021240234,modal,cuda,U2AF2:HepG2
BCLAF1,HepG2,chrX:123900587:G:T,0,2,-0.6287429332733154,modal,cuda,U2AF2:HepG2
BCLAF1,HepG2,chrX:123900589:T:G,0,2,0.45672130584716797,modal,cuda,U2AF2:HepG2
BCLAF1,HepG2,chrX:123900623:G:A,0,2,1.5659563541412354,modal,cuda,U2AF2:HepG2
BCLAF1,HepG2,chrX:123900661:A:C,0,2,0.5953223705291748,modal,cuda,U2AF2:HepG2
BCLAF1,HepG2,chrX:123900692:A:G,0,2,0.680627167224884,modal,cuda,U2AF2:HepG2
BCLAF1,HepG2,chrX:123900700:A:G,0,2,-0.11110401153564453,modal,cuda,U2AF2:HepG2
BCLAF1,HepG2,chrX:124030945:C:T,0,2,-0.4865150451660156,modal,cuda,U2AF2:HepG2
BCLAF1,HepG2,chrX:124045161:T:C,0,2,-0.4604482650756836,modal,cuda,U2AF2:HepG2
BCLAF1,HepG2,chrX:124049088:G:C,0,2,-0.5165894031524658,modal,cuda,U2AF2:HepG2
BCLAF1,HepG2,chrX:124063839:A:G,0,2,-0.4027969241142273,modal,cuda,U2AF2:HepG2
BCLAF1,HepG2,chrX:124065862:A:T,0,2,-0.23481011390686035,modal,cuda,U2AF2:HepG2
BCLAF1,HepG2,chrX:132054721:C:T,0,2,-1.4180946350097656,modal,cuda,U2AF2:HepG2
BCLAF1,HepG2,chrX:134378116:T:C,0,2,0.3474578857421875,modal,cuda,U2AF2:HepG2
BCLAF1,HepG2,chrX:13738877:T:A,1,2,0.8792675733566284,modal,cuda,U2AF2:HepG2
BCLAF1,HepG2,chrX:13738892:C:T,0,2,-0.8827099800109863,modal,cuda,U2AF2:HepG2
BCLAF1,HepG2,chrX:13739002:G:C,0,2,1.0704361200332642,modal,cuda,U2AF2:HepG2
BCLAF1,HepG2,chrX:13739016:T:A,0,2,-0.3628826141357422,modal,cuda,U2AF2:HepG2
BCLAF1,HepG2,chrX:147921961:C:A,1,2,0.25414609909057617,modal,cuda,U2AF2:HepG2
BCLAF1,HepG2,chrX:147928736:T:C,0,2,-0.4371180534362793,modal,cuda,U2AF2:HepG2
BCLAF1,HepG2,chrX:147928802:G:A,0,2,-0.11382770538330078,modal,cuda,U2AF2:HepG2
BCLAF1,HepG2,chrX:147929940:A:G,1,2,-0.554492712020874,modal,cuda,U2AF2:HepG2
BCLAF1,HepG2,chrX:147929961:G:T,0,2,0.2529795169830322,modal,cuda,U2AF2:HepG2
BCLAF1,HepG2,chrX:147936534:T:A,1,2,0.744006872177124,modal,cuda,U2AF2:HepG2
BCLAF1,HepG2,chrX:147936627:C:T,0,2,-0.3188457489013672,modal,cuda,U2AF2:HepG2
BCLAF1,HepG2,chrX:154764985:G:T,0,2,-0.8999419212341309,modal,cuda,U2AF2:HepG2
BCLAF1,HepG2,chrX:154765450:C:A,1,2,0.4956855773925781,modal,cuda,U2AF2:HepG2
BCLAF1,HepG2,chrX:154765465:T:G,1,2,-1.2774852514266968,modal,cuda,U2AF2:HepG2
BCLAF1,HepG2,chrX:154765472:T:C,1,2,-0.632331132888794,modal,cuda,U2AF2:HepG2
BCLAF1,HepG2,chrX:154765478:C:G,1,2,-0.6407251358032227,modal,cuda,U2AF2:HepG2
BCLAF1,HepG2,chrX:154765497:G:A,0,2,0.3870522975921631,modal,cuda,U2AF2:HepG2
BCLAF1,HepG2,chrX:154765505:C:T,1,2,-0.9417562484741211,modal,cuda,U2AF2:HepG2
BCLAF1,HepG2,chrX:154765924:T:G,1,2,-1.4794436693191528,modal,cuda,U2AF2:HepG2
BCLAF1,HepG2,chrX:154765938:A:G,1,2,-0.8448129892349243,modal,cuda,U2AF2:HepG2
BCLAF1,HepG2,chrX:154765942:T:C,0,2,-0.34195375442504883,modal,cuda,U2AF2:HepG2
BCLAF1,HepG2,chrX:154768445:G:A,0,2,0.3016653060913086,modal,cuda,U2AF2:HepG2
BCLAF1,HepG2,chrX:154776279:G:A,0,2,0.6265113353729248,modal,cuda,U2AF2:HepG2
BCLAF1,HepG2,chrX:154776309:C:T,0,2,0.37875890731811523,modal,cuda,U2AF2:HepG2
BCLAF1,HepG2,chrX:154776873:G:A,0,2,0.20392799377441406,modal,cuda,U2AF2:HepG2
BCLAF1,HepG2,chrX:154776964:A:G,0,2,-0.41311144828796387,modal,cuda,U2AF2:HepG2
BCLAF1,HepG2,chrX:17749482:C:T,0,2,0.4520387649536133,modal,cuda,U2AF2:HepG2
BCLAF1,HepG2,chrX:18938605:G:A,0,2,-0.4431263208389282,modal,cuda,U2AF2:HepG2
BCLAF1,HepG2,chrX:19355671:C:A,0,2,0.679232120513916,modal,cuda,U2AF2:HepG2
BCLAF1,HepG2,chrX:19355772:C:T,0,2,0.6465635299682617,modal,cuda,U2AF2:HepG2
BCLAF1,HepG2,chrX:19359466:T:C,0,2,0.5752179622650146,modal,cuda,U2AF2:HepG2
BCLAF1,HepG2,chrX:19359471:C:T,0,2,0.22068548202514648,modal,cuda,U2AF2:HepG2
BCLAF1,HepG2,chrX:19359480:A:C,0,2,-0.6220325231552124,modal,cuda,U2AF2:HepG2
BCLAF1,HepG2,chrX:20172741:T:A,0,2,-0.3155338764190674,modal,cuda,U2AF2:HepG2
BCLAF1,HepG2,chrX:20175298:G:A,0,2,-0.9267888069152832,modal,cuda,U2AF2:HepG2
BCLAF1,HepG2,chrX:20186286:G:A,0,2,-1.1647469997406006,modal,cuda,U2AF2:HepG2
BCLAF1,HepG2,chrX:20186291:C:T,1,2,1.309321403503418,modal,cuda,U2AF2:HepG2
BCLAF1,HepG2,chrX:20188479:C:T,0,2,-0.31409335136413574,modal,cuda,U2AF2:HepG2
BCLAF1,HepG2,chrX:20188484:A:G,0,2,-0.23851847648620605,modal,cuda,U2AF2:HepG2
BCLAF1,HepG2,chrX:20193471:T:C,0,2,0.23766517639160156,modal,cuda,U2AF2:HepG2
BCLAF1,HepG2,chrX:20195052:G:A,0,2,-0.6514131426811218,modal,cuda,U2AF2:HepG2
BCLAF1,HepG2,chrX:20195053:G:T,0,2,0.5576138496398926,modal,cuda,U2AF2:HepG2
BCLAF1,HepG2,chrX:20209418:C:T,0,2,0.23104536533355713,modal,cuda,U2AF2:HepG2
BCLAF1,HepG2,chrX:20234745:A:G,0,2,0.4235682487487793,modal,cuda,U2AF2:HepG2
BCLAF1,HepG2,chrX:20234834:C:T,0,2,0.46730998158454895,modal,cuda,U2AF2:HepG2
BCLAF1,HepG2,chrX:23783890:C:T,0,2,0.739307165145874,modal,cuda,U2AF2:HepG2
BCLAF1,HepG2,chrX:24210545:T:C,0,2,-0.9920482635498047,modal,cuda,U2AF2:HepG2
BCLAF1,HepG2,chrX:24727020:T:C,0,2,-0.9587731957435608,modal,cuda,U2AF2:HepG2
BCLAF1,HepG2,chrX:24815046:C:T,0,2,0.5591769218444824,modal,cuda,U2AF2:HepG2
BCLAF1,HepG2,chrX:24815125:T:A,0,2,1.24076247215271,modal,cuda,U2AF2:HepG2
BCLAF1,HepG2,chrX:30694527:G:A,1,2,0.11295747756958008,modal,cuda,U2AF2:HepG2
BCLAF1,HepG2,chrX:30696700:C:A,0,2,0.11259818077087402,modal,cuda,U2AF2:HepG2
BCLAF1,HepG2,chrX:30700906:G:A,1,2,1.254220962524414,modal,cuda,U2AF2:HepG2
BCLAF1,HepG2,chrX:30718638:G:T,0,2,0.5606107711791992,modal,cuda,U2AF2:HepG2
BCLAF1,HepG2,chrX:30720761:T:C,0,2,0.6121068000793457,modal,cuda,U2AF2:HepG2
BCLAF1,HepG2,chrX:38276710:A:C,0,2,-0.3628896474838257,modal,cuda,U2AF2:HepG2
BCLAF1,HepG2,chrX:38317310:T:C,0,2,0.5321674346923828,modal,cuda,U2AF2:HepG2
BCLAF1,HepG2,chrX:38317333:T:A,1,2,-2.427316188812256,modal,cuda,U2AF2:HepG2
BCLAF1,HepG2,chrX:38317338:A:C,1,2,0.9376296997070312,modal,cuda,U2AF2:HepG2
BCLAF1,HepG2,chrX:38317343:C:T,1,2,-2.060760974884033,modal,cuda,U2AF2:HepG2
BCLAF1,HepG2,chrX:38317354:C:T,1,2,-3.697422742843628,modal,cuda,U2AF2:HepG2
BCLAF1,HepG2,chrX:38317383:C:A,0,2,1.666480302810669,modal,cuda,U2AF2:HepG2
BCLAF1,HepG2,chrX:38317385:G:A,1,2,-0.8087317943572998,modal,cuda,U2AF2:HepG2
BCLAF1,HepG2,chrX:38317441:C:T,1,2,-0.6385006904602051,modal,cuda,U2AF2:HepG2
BCLAF1,HepG2,chrX:38317443:C:T,1,2,0.6832184791564941,modal,cuda,U2AF2:HepG2
BCLAF1,HepG2,chrX:38318829:C:A,1,2,1.1153316497802734,modal,cuda,U2AF2:HepG2
BCLAF1,HepG2,chrX:38318856:C:G,1,2,-0.30755090713500977,modal,cuda,U2AF2:HepG2
BCLAF1,HepG2,chrX:38318883:C:A,1,2,-3.626535654067993,modal,cuda,U2AF2:HepG2
BCLAF1,HepG2,chrX:38318904:C:T,0,2,0.73333740234375,modal,cuda,U2AF2:HepG2
BCLAF1,HepG2,chrX:41131554:A:G,0,2,-0.44837886095046997,modal,cuda,U2AF2:HepG2
BCLAF1,HepG2,chrX:41144502:T:C,0,2,0.24556589126586914,modal,cuda,U2AF2:HepG2
BCLAF1,HepG2,chrX:41144650:T:C,0,2,0.8707277774810791,modal,cuda,U2AF2:HepG2
BCLAF1,HepG2,chrX:41165852:A:G,0,2,0.3588714599609375,modal,cuda,U2AF2:HepG2
BCLAF1,HepG2,chrX:41165859:A:C,0,2,-0.6964260339736938,modal,cuda,U2AF2:HepG2
BCLAF1,HepG2,chrX:41188136:C:T,0,2,-0.46091651916503906,modal,cuda,U2AF2:HepG2
BCLAF1,HepG2,chrX:41229415:G:C,0,2,-1.4431402683258057,modal,cuda,U2AF2:HepG2
BCLAF1,HepG2,chrX:41343788:C:G,1,2,3.08148455619812,modal,cuda,U2AF2:HepG2
BCLAF1,HepG2,chrX:41343802:G:T,1,2,3.005230665206909,modal,cuda,U2AF2:HepG2
BCLAF1,HepG2,chrX:41344044:T:G,1,2,1.1059420108795166,modal,cuda,U2AF2:HepG2
BCLAF1,HepG2,chrX:41344084:C:G,1,2,-1.0367765426635742,modal,cuda,U2AF2:HepG2
BCLAF1,HepG2,chrX:41344093:G:T,1,2,2.3980960845947266,modal,cuda,U2AF2:HepG2
BCLAF1,HepG2,chrX:41344105:C:T,1,2,1.2695140838623047,modal,cuda,U2AF2:HepG2
BCLAF1,HepG2,chrX:41344113:C:T,0,2,0.7838413715362549,modal,cuda,U2AF2:HepG2
BCLAF1,HepG2,chrX:41344126:A:G,1,2,-0.1794872283935547,modal,cuda,U2AF2:HepG2
BCLAF1,HepG2,chrX:41344126:A:T,1,2,0.7365667819976807,modal,cuda,U2AF2:HepG2
BCLAF1,HepG2,chrX:41344351:G:A,1,2,0.43967509269714355,modal,cuda,U2AF2:HepG2
BCLAF1,HepG2,chrX:41344360:A:G,1,2,-0.21660089492797852,modal,cuda,U2AF2:HepG2
BCLAF1,HepG2,chrX:41344423:T:G,0,2,-0.704986572265625,modal,cuda,U2AF2:HepG2
BCLAF1,HepG2,chrX:41345245:T:G,1,2,-0.8050885200500488,modal,cuda,U2AF2:HepG2
BCLAF1,HepG2,chrX:41345250:G:T,1,2,-5.200927734375,modal,cuda,U2AF2:HepG2
BCLAF1,HepG2,chrX:41345264:G:T,1,2,0.4756011962890625,modal,cuda,U2AF2:HepG2
BCLAF1,HepG2,chrX:41345281:G:A,1,2,0.6152129173278809,modal,cuda,U2AF2:HepG2
BCLAF1,HepG2,chrX:41345298:A:C,1,2,-1.2517480850219727,modal,cuda,U2AF2:HepG2
BCLAF1,HepG2,chrX:41345302:C:G,1,2,0.7069258689880371,modal,cuda,U2AF2:HepG2
BCLAF1,HepG2,chrX:41345477:T:C,1,2,0.6587882041931152,modal,cuda,U2AF2:HepG2
BCLAF1,HepG2,chrX:41345507:C:G,1,2,-1.2406837940216064,modal,cuda,U2AF2:HepG2
BCLAF1,HepG2,chrX:41346361:C:A,1,2,-0.44318103790283203,modal,cuda,U2AF2:HepG2
BCLAF1,HepG2,chrX:41346376:G:C,1,2,0.41554880142211914,modal,cuda,U2AF2:HepG2
BCLAF1,HepG2,chrX:41346379:C:A,1,2,1.247422218322754,modal,cuda,U2AF2:HepG2
BCLAF1,HepG2,chrX:41346406:C:T,1,2,0.35037875175476074,modal,cuda,U2AF2:HepG2
BCLAF1,HepG2,chrX:41346511:G:A,1,2,0.23826861381530762,modal,cuda,U2AF2:HepG2
BCLAF1,HepG2,chrX:41346518:G:A,1,2,-0.4498981535434723,modal,cuda,U2AF2:HepG2
BCLAF1,HepG2,chrX:41346527:T:C,1,2,0.38071519136428833,modal,cuda,U2AF2:HepG2
BCLAF1,HepG2,chrX:41346603:G:A,0,2,-0.6588356494903564,modal,cuda,U2AF2:HepG2
BCLAF1,HepG2,chrX:41346607:C:G,1,2,-0.33110201358795166,modal,cuda,U2AF2:HepG2
BCLAF1,HepG2,chrX:41346608:G:A,1,2,0.4670748710632324,modal,cuda,U2AF2:HepG2
BCLAF1,HepG2,chrX:41346860:C:T,0,2,-1.642073154449463,modal,cuda,U2AF2:HepG2
BCLAF1,HepG2,chrX:41346865:C:T,1,2,-0.35421323776245117,modal,cuda,U2AF2:HepG2
BCLAF1,HepG2,chrX:41346871:C:G,1,2,-0.8264572620391846,modal,cuda,U2AF2:HepG2
BCLAF1,HepG2,chrX:41346910:T:C,1,2,0.614631175994873,modal,cuda,U2AF2:HepG2
BCLAF1,HepG2,chrX:41346936:C:T,1,2,1.5791347026824951,modal,cuda,U2AF2:HepG2
BCLAF1,HepG2,chrX:41346946:C:T,1,2,0.5407965183258057,modal,cuda,U2AF2:HepG2
BCLAF1,HepG2,chrX:41347668:T:C,0,2,-0.24955224990844727,modal,cuda,U2AF2:HepG2
BCLAF1,HepG2,chrX:45082809:T:G,0,2,0.23719120025634766,modal,cuda,U2AF2:HepG2
BCLAF1,HepG2,chrX:47209915:C:T,0,2,-0.8658461570739746,modal,cuda,U2AF2:HepG2
BCLAF1,HepG2,chrX:47212866:G:A,0,2,0.48076510429382324,modal,cuda,U2AF2:HepG2
BCLAF1,HepG2,chrX:47212874:T:A,0,2,-0.4977140426635742,modal,cuda,U2AF2:HepG2
BCLAF1,HepG2,chrX:48805666:T:C,0,2,1.00431227684021,modal,cuda,U2AF2:HepG2
BCLAF1,HepG2,chrX:48824894:A:T,1,2,0.5397152900695801,modal,cuda,U2AF2:HepG2
BCLAF1,HepG2,chrX:49077446:A:C,0,2,0.3599534034729004,modal,cuda,U2AF2:HepG2
BCLAF1,HepG2,chrX:53198524:G:A,1,2,-0.4491395950317383,modal,cuda,U2AF2:HepG2
BCLAF1,HepG2,chrX:53198544:T:A,0,2,0.2299102544784546,modal,cuda,U2AF2:HepG2
BCLAF1,HepG2,chrX:53198600:A:G,0,2,0.19722557067871094,modal,cuda,U2AF2:HepG2
BCLAF1,HepG2,chrX:53210516:C:T,0,2,0.7059183120727539,modal,cuda,U2AF2:HepG2
BCLAF1,HepG2,chrX:53210544:G:C,1,2,-0.2346172332763672,modal,cuda,U2AF2:HepG2
BCLAF1,HepG2,chrX:53210795:G:T,1,2,-2.2581872940063477,modal,cuda,U2AF2:HepG2
BCLAF1,HepG2,chrX:53210820:G:A,1,2,-0.8446128368377686,modal,cuda,U2AF2:HepG2
BCLAF1,HepG2,chrX:53211492:C:T,0,2,1.6383752822875977,modal,cuda,U2AF2:HepG2
BCLAF1,HepG2,chrX:53211545:G:C,1,2,-2.9194161891937256,modal,cuda,U2AF2:HepG2
BCLAF1,HepG2,chrX:53215869:C:A,1,2,0.7563374042510986,modal,cuda,U2AF2:HepG2
BCLAF1,HepG2,chrX:53215870:C:A,0,2,0.5346240997314453,modal,cuda,U2AF2:HepG2
BCLAF1,HepG2,chrX:53215902:T:C,0,2,-0.5390868186950684,modal,cuda,U2AF2:HepG2
BCLAF1,HepG2,chrX:53215912:C:T,0,2,0.8217943906784058,modal,cuda,U2AF2:HepG2
BCLAF1,HepG2,chrX:53215972:C:T,0,2,0.5574520826339722,modal,cuda,U2AF2:HepG2
BCLAF1,HepG2,chrX:53215986:A:G,0,2,0.6217844486236572,modal,cuda,U2AF2:HepG2
BCLAF1,HepG2,chrX:53216084:C:T,0,2,-0.25660228729248047,modal,cuda,U2AF2:HepG2
BCLAF1,HepG2,chrX:53218275:C:A,1,2,2.1132397651672363,modal,cuda,U2AF2:HepG2
BCLAF1,HepG2,chrX:53396624:C:T,0,2,0.8631196618080139,modal,cuda,U2AF2:HepG2
BCLAF1,HepG2,chrX:53405674:T:C,1,2,3.3701109886169434,modal,cuda,U2AF2:HepG2
BCLAF1,HepG2,chrX:53409412:G:A,0,2,0.2298743724822998,modal,cuda,U2AF2:HepG2
BCLAF1,HepG2,chrX:53422549:G:A,1,2,-2.9220643043518066,modal,cuda,U2AF2:HepG2
BCLAF1,HepG2,chrX:53561747:G:A,0,2,0.3036813735961914,modal,cuda,U2AF2:HepG2
BCLAF1,HepG2,chrX:53590387:C:T,0,2,0.3890104293823242,modal,cuda,U2AF2:HepG2
BCLAF1,HepG2,chrX:53590397:T:C,0,2,0.14546775817871094,modal,cuda,U2AF2:HepG2
BCLAF1,HepG2,chrX:53590988:G:C,0,2,-0.5596826076507568,modal,cuda,U2AF2:HepG2
BCLAF1,HepG2,chrX:53608926:G:T,0,2,0.4227028489112854,modal,cuda,U2AF2:HepG2
BCLAF1,HepG2,chrX:53628739:C:T,0,2,-0.4949791431427002,modal,cuda,U2AF2:HepG2
BCLAF1,HepG2,chrX:54014366:C:T,0,2,0.7904233932495117,modal,cuda,U2AF2:HepG2
BCLAF1,HepG2,chrX:65529630:G:A,0,2,-0.20283126831054688,modal,cuda,U2AF2:HepG2
BCLAF1,HepG2,chrX:65529686:G:A,0,2,0.27274495363235474,modal,cuda,U2AF2:HepG2
BCLAF1,HepG2,chrX:71368069:C:T,0,2,0.7131738662719727,modal,cuda,U2AF2:HepG2
BCLAF1,HepG2,chrX:71375250:A:G,0,2,0.062422752380371094,modal,cuda,U2AF2:HepG2
BCLAF1,HepG2,chrX:71375282:T:C,0,2,-0.39808064699172974,modal,cuda,U2AF2:HepG2
BCLAF1,HepG2,chrX:71377781:C:G,0,2,0.6342926025390625,modal,cuda,U2AF2:HepG2
BCLAF1,HepG2,chrX:71379009:G:A,0,2,0.40312767028808594,modal,cuda,U2AF2:HepG2
BCLAF1,HepG2,chrX:71381855:C:G,0,2,-0.1815958023071289,modal,cuda,U2AF2:HepG2
BCLAF1,HepG2,chrX:71388335:C:T,0,2,0.7097934484481812,modal,cuda,U2AF2:HepG2
BCLAF1,HepG2,chrX:71393344:C:T,1,2,-0.3309507369995117,modal,cuda,U2AF2:HepG2
BCLAF1,HepG2,chrX:71394166:G:A,0,2,0.19462156295776367,modal,cuda,U2AF2:HepG2
BCLAF1,HepG2,chrX:71394241:A:G,0,2,-0.28931963443756104,modal,cuda,U2AF2:HepG2
BCLAF1,HepG2,chrX:71556787:G:T,0,2,-0.45926570892333984,modal,cuda,U2AF2:HepG2
BCLAF1,HepG2,chrX:71557117:T:G,0,2,0.44080066680908203,modal,cuda,U2AF2:HepG2
BCLAF1,HepG2,chrX:71561912:A:G,0,2,0.6840035915374756,modal,cuda,U2AF2:HepG2
BCLAF1,HepG2,chrX:71563262:G:A,0,2,0.17686223983764648,modal,cuda,U2AF2:HepG2
BCLAF1,HepG2,chrX:71563516:A:G,0,2,-0.6393542289733887,modal,cuda,U2AF2:HepG2
BCLAF1,HepG2,chrX:72567954:T:C,0,2,-0.782721757888794,modal,cuda,U2AF2:HepG2
BCLAF1,HepG2,chrX:72567969:C:T,0,2,0.47299671173095703,modal,cuda,U2AF2:HepG2
BCLAF1,HepG2,chrX:72567970:G:A,1,2,0.24996352195739746,modal,cuda,U2AF2:HepG2
BCLAF1,HepG2,chrX:72567970:G:C,1,2,0.9311442375183105,modal,cuda,U2AF2:HepG2
BCLAF1,HepG2,chrX:72567975:C:A,0,2,0.328524112701416,modal,cuda,U2AF2:HepG2
BCLAF1,HepG2,chrX:77593858:G:C,0,2,-0.35340332984924316,modal,cuda,U2AF2:HepG2
BCLAF1,HepG2,chrX:77593864:T:C,0,2,0.11769223213195801,modal,cuda,U2AF2:HepG2
BCLAF1,HepG2,chrX:77599395:C:T,0,2,-0.2082996368408203,modal,cuda,U2AF2:HepG2
BCLAF1,HepG2,chrX:77599604:C:A,0,2,0.6286983489990234,modal,cuda,U2AF2:HepG2
BCLAF1,HepG2,chrX:77599712:C:T,0,2,-0.7072644233703613,modal,cuda,U2AF2:HepG2
BCLAF1,HepG2,chrX:77599713:G:A,0,2,-0.37848830223083496,modal,cuda,U2AF2:HepG2
BCLAF1,HepG2,chrX:77618786:A:C,0,2,0.9695045351982117,modal,cuda,U2AF2:HepG2
BCLAF1,HepG2,chrX:77620379:A:G,0,2,0.5296950340270996,modal,cuda,U2AF2:HepG2
BCLAF1,HepG2,chrX:77636059:A:C,1,2,6.6515045166015625,modal,cuda,U2AF2:HepG2
BCLAF1,HepG2,chrX:77652095:G:A,0,2,1.0486207008361816,modal,cuda,U2AF2:HepG2
BCLAF1,HepG2,chrX:77652099:A:G,0,2,-1.1040735244750977,modal,cuda,U2AF2:HepG2
BCLAF1,HepG2,chrX:77656543:A:G,0,2,0.6351539492607117,modal,cuda,U2AF2:HepG2
BCLAF1,HepG2,chrX:77656554:T:C,0,2,-0.3688817024230957,modal,cuda,U2AF2:HepG2
BCLAF1,HepG2,chrX:77664642:C:A,1,2,0.242919921875,modal,cuda,U2AF2:HepG2
BCLAF1,HepG2,chrX:77676304:G:A,0,2,-0.44820505380630493,modal,cuda,U2AF2:HepG2
BCLAF1,HepG2,chrX:77684928:A:G,0,2,-0.30256056785583496,modal,cuda,U2AF2:HepG2
BCLAF1,HepG2,chrX:77688944:G:C,0,2,-0.5105581283569336,modal,cuda,U2AF2:HepG2
BCLAF1,HepG2,chrX:77688945:C:T,0,2,-1.55607271194458,modal,cuda,U2AF2:HepG2
BCLAF1,HepG2,chrX:77696569:C:T,0,2,0.2771644592285156,modal,cuda,U2AF2:HepG2
BCLAF1,HepG2,chrX:77785970:G:A,0,2,-0.4839341640472412,modal,cuda,U2AF2:HepG2
BCLAF1,HepG2,chrX:77786015:C:T,0,2,0.36928296089172363,modal,cuda,U2AF2:HepG2
BCLAF1,HepG2,chrX:78109933:A:C,0,2,0.29369306564331055,modal,cuda,U2AF2:HepG2
BCLAF1,HepG2,chrX:78123189:G:A,0,2,-0.7709234356880188,modal,cuda,U2AF2:HepG2
BCLAF1,HepG2,chrX:80682459:T:C,0,2,0.39642906188964844,modal,cuda,U2AF2:HepG2
BCLAF1,HepG2,chrX:80688049:C:G,0,2,0.6600921154022217,modal,cuda,U2AF2:HepG2
BCLAF1,HepG2,chrX:80719476:T:C,0,2,-0.3063681125640869,modal,cuda,U2AF2:HepG2
BCLAF1,HepG2,chrX:85265099:G:A,0,2,0.5037115216255188,modal,cuda,U2AF2:HepG2
BCLAF1,HepG2,chrX:85270166:A:G,0,2,0.3952479362487793,modal,cuda,U2AF2:HepG2
BCLAF1,HepG2,chrX:85964016:T:C,0,2,-0.348233699798584,modal,cuda,U2AF2:HepG2
BCLAF1,HepG2,chrX:85964027:C:A,1,2,1.4632749557495117,modal,cuda,U2AF2:HepG2
BCLAF1,HepG2,chrX:85964051:G:A,1,2,-1.8196938037872314,modal,cuda,U2AF2:HepG2
BCLAF1,HepG2,chrX:85964053:C:A,1,2,-1.212601661682129,modal,cuda,U2AF2:HepG2
BCLAF1,HepG2,chrX:85964053:C:G,1,2,-1.3075885772705078,modal,cuda,U2AF2:HepG2
BCLAF1,HepG2,chrX:85964053:C:T,1,2,-0.9924983978271484,modal,cuda,U2AF2:HepG2
BCLAF1,HepG2,chrX:85964054:T:G,1,2,-1.1010451316833496,modal,cuda,U2AF2:HepG2
BCLAF1,HepG2,chrX:85964058:A:G,0,2,-0.4423684775829315,modal,cuda,U2AF2:HepG2
BCLAF1,HepG2,chrX:85978772:A:C,1,2,2.383848190307617,modal,cuda,U2AF2:HepG2
BCLAF1,HepG2,chrX:85978772:A:T,1,2,2.8583192825317383,modal,cuda,U2AF2:HepG2
BCLAF1,HepG2,chrX:85978786:C:A,1,2,-2.6534619331359863,modal,cuda,U2AF2:HepG2
BCLAF1,HepG2,chrX:85978795:G:A,1,2,-1.2144248485565186,modal,cuda,U2AF2:HepG2
BCLAF1,HepG2,chrX:85978816:T:A,0,2,-4.976207256317139,modal,cuda,U2AF2:HepG2
BCLAF1,HepG2,chrX:85978843:G:A,0,2,0.22817420959472656,modal,cuda,U2AF2:HepG2
BCLAF1,HepG2,chrX:85978849:G:A,1,2,1.4146648645401,modal,cuda,U2AF2:HepG2
BCLAF1,HepG2,chrX:85978855:G:A,1,2,1.5015984773635864,modal,cuda,U2AF2:HepG2
BCLAF1,HepG2,chrX:85978857:C:T,1,2,1.1610521078109741,modal,cuda,U2AF2:HepG2
BCLAF1,HepG2,chrX:85978896:A:G,0,2,0.7836682796478271,modal,cuda,U2AF2:HepG2
BCLAF1,HepG2,chrX:85981759:A:T,1,2,1.5032973289489746,modal,cuda,U2AF2:HepG2
BCLAF1,HepG2,chrX:85981785:C:T,1,2,-2.921964645385742,modal,cuda,U2AF2:HepG2
BCLAF1,HepG2,chrX:85981793:C:A,1,2,-1.6900107860565186,modal,cuda,U2AF2:HepG2
BCLAF1,HepG2,chrX:85981796:C:A,1,2,-1.3474509716033936,modal,cuda,U2AF2:HepG2
BCLAF1,HepG2,chrX:85981797:A:C,1,2,1.1700314283370972,modal,cuda,U2AF2:HepG2
BCLAF1,HepG2,chrX:85981800:G:C,1,2,0.6228941679000854,modal,cuda,U2AF2:HepG2
BCLAF1,HepG2,chrX:85981800:G:T,1,2,0.5938104391098022,modal,cuda,U2AF2:HepG2
BCLAF1,HepG2,chrX:96937224:A:G,0,2,-0.16252756118774414,modal,cuda,U2AF2:HepG2
