protein,cell,vid,label,fold,delta,platform,accelerator,weights_from
AQR,HepG2,chr10:100347540:C:T,0,2,0.40644407272338867,modal,cuda,U2AF1:K562
AQR,HepG2,chr10:100980600:C:T,0,2,0.4578251838684082,modal,cuda,U2AF1:K562
AQR,HepG2,chr10:100980986:C:T,0,2,0.2851994037628174,modal,cuda,U2AF1:K562
AQR,HepG2,chr10:102656254:C:T,0,2,-1.710395097732544,modal,cuda,U2AF1:K562
AQR,HepG2,chr10:104254948:G:A,0,2,-1.0735297203063965,modal,cuda,U2AF1:K562
AQR,HepG2,chr10:104254967:G:A,0,2,3.6944711208343506,modal,cuda,U2AF1:K562
AQR,HepG2,chr10:123009067:G:A,0,2,-0.7739418745040894,modal,cuda,U2AF1:K562
AQR,HepG2,chr10:123009098:G:A,0,2,0.17856812477111816,modal,cuda,U2AF1:K562
AQR,HepG2,chr10:28534053:G:T,0,2,0.3279660940170288,modal,cuda,U2AF1:K562
AQR,HepG2,chr10:28534057:A:G,0,2,0.39129114151000977,modal,cuda,U2AF1:K562
AQR,HepG2,chr10:28534068:G:A,0,2,0.32215428352355957,modal,cuda,U2AF1:K562
AQR,HepG2,chr10:58388174:T:C,0,2,0.12002229690551758,modal,cuda,U2AF1:K562
AQR,HepG2,chr10:71820198:G:C,0,2,-0.2489621639251709,modal,cuda,U2AF1:K562
AQR,HepG2,chr10:71820222:G:A,0,2,0.9726808071136475,modal,cuda,U2AF1:K562
AQR,HepG2,chr10:78040201:C:A,0,2,0.629004716873169,modal,cuda,U2AF1:K562
AQR,HepG2,chr10:78040616:C:T,0,2,1.1020541191101074,modal,cuda,U2AF1:K562
AQR,HepG2,chr10:79300717:T:C,0,2,0.08671450614929199,modal,cuda,U2AF1:K562
AQR,HepG2,chr10:79304011:G:A,0,2,0.28233885765075684,modal,cuda,U2AF1:K562
AQR,HepG2,chr10:79305517:C:G,0,2,-0.5165667533874512,modal,cuda,U2AF1:K562
AQR,HepG2,chr10:79305614:C:G,0,2,-0.1739920973777771,modal,cuda,U2AF1:K562
AQR,HepG2,chr10:79305618:C:T,0,2,0.4514123201370239,modal,cuda,U2AF1:K562
AQR,HepG2,chr10:79306083:C:T,0,2,-0.5393908619880676,modal,cuda,U2AF1:K562
AQR,HepG2,chr10:80285498:C:T,0,2,0.34536218643188477,modal,cuda,U2AF1:K562
AQR,HepG2,chr10:80285598:G:C,0,2,0.5071923732757568,modal,cuda,U2AF1:K562
AQR,HepG2,chr10:87060250:G:A,0,2,0.7478868961334229,modal,cuda,U2AF1:K562
AQR,HepG2,chr10:87060250:G:C,0,2,-0.6317191123962402,modal,cuda,U2AF1:K562
AQR,HepG2,chr10:87068162:G:C,0,2,1.4326188564300537,modal,cuda,U2AF1:K562
AQR,HepG2,chr10:93594060:C:G,0,2,-0.4919095039367676,modal,cuda,U2AF1:K562
AQR,HepG2,chr10:93600352:C:G,0,2,-0.6754054427146912,modal,cuda,U2AF1:K562
AQR,HepG2,chr10:93600893:C:T,0,2,0.49671387672424316,modal,cuda,U2AF1:K562
AQR,HepG2,chr10:98434126:C:T,0,2,-0.3603858947753906,modal,cuda,U2AF1:K562
AQR,HepG2,chr10:99817203:T:C,0,2,0.48486971855163574,modal,cuda,U2AF1:K562
AQR,HepG2,chr10:99817261:G:A,0,2,2.0048935413360596,modal,cuda,U2AF1:K562
AQR,HepG2,chr10:99817278:T:A,0,2,-1.5288496017456055,modal,cuda,U2AF1:K562
AQR,HepG2,chr10:99817302:A:G,0,2,-0.7882212996482849,modal,cuda,U2AF1:K562
AQR,HepG2,chr11:111764842:C:T,1,3,-0.19230127334594727,modal,cuda,U2AF1:K562
AQR,HepG2,chr11:116830953:G:A,0,3,0.344637393951416,modal,cuda,U2AF1:K562
AQR,HepG2,chr11:116830958:T:A,0,3,-0.6390699148178101,modal,cuda,U2AF1:K562
AQR,HepG2,chr11:116836326:A:G,1,3,-0.40694689750671387,modal,cuda,U2AF1:K562
AQR,HepG2,chr11:116836968:A:G,0,3,0.15136586129665375,modal,cuda,U2AF1:K562
AQR,HepG2,chr11:116837000:C:A,1,3,1.7904207706451416,modal,cuda,U2AF1:K562
AQR,HepG2,chr11:116837071:C:A,1,3,0.47887229919433594,modal,cuda,U2AF1:K562
AQR,HepG2,chr11:116837121:G:C,1,3,-1.1934667825698853,modal,cuda,U2AF1:K562
AQR,HepG2,chr11:116837134:G:A,1,3,1.02256178855896,modal,cuda,U2AF1:K562
AQR,HepG2,chr11:116837135:C:T,1,3,-1.8330355882644653,modal,cuda,U2AF1:K562
AQR,HepG2,chr11:116837304:A:G,0,3,0.22239506244659424,modal,cuda,U2AF1:K562
AQR,HepG2,chr11:118480265:C:A,0,3,0.5120358467102051,modal,cuda,U2AF1:K562
AQR,HepG2,chr11:119023290:A:G,0,3,-0.16756534576416016,modal,cuda,U2AF1:K562
AQR,HepG2,chr11:121590179:G:C,0,3,0.2731161117553711,modal,cuda,U2AF1:K562
AQR,HepG2,chr11:124922731:G:A,0,3,0.1528315544128418,modal,cuda,U2AF1:K562
AQR,HepG2,chr11:126276349:C:T,0,3,0.4064250886440277,modal,cuda,U2AF1:K562
AQR,HepG2,chr11:126276396:A:G,0,3,1.0682562589645386,modal,cuda,U2AF1:K562
AQR,HepG2,chr11:126276415:C:A,1,3,0.6921132802963257,modal,cuda,U2AF1:K562
AQR,HepG2,chr11:1754155:C:T,0,3,0.1200568675994873,modal,cuda,U2AF1:K562
AQR,HepG2,chr11:1759104:G:A,0,3,-0.3973299264907837,modal,cuda,U2AF1:K562
AQR,HepG2,chr11:18400890:C:T,1,3,2.7752387523651123,modal,cuda,U2AF1:K562
AQR,HepG2,chr11:18401002:C:A,1,3,1.9429231882095337,modal,cuda,U2AF1:K562
AQR,HepG2,chr11:18403709:G:C,0,3,-0.46343398094177246,modal,cuda,U2AF1:K562
AQR,HepG2,chr11:2135349:C:G,0,3,0.2203860878944397,modal,cuda,U2AF1:K562
AQR,HepG2,chr11:2135362:C:T,1,3,0.6214439868927002,modal,cuda,U2AF1:K562
AQR,HepG2,chr11:2135364:T:G,1,3,0.8962035179138184,modal,cuda,U2AF1:K562
AQR,HepG2,chr11:2135501:G:T,1,3,0.4566645622253418,modal,cuda,U2AF1:K562
AQR,HepG2,chr11:46726479:G:A,0,3,-0.16595816612243652,modal,cuda,U2AF1:K562
AQR,HepG2,chr11:563400:C:T,0,3,0.08796811103820801,modal,cuda,U2AF1:K562
AQR,HepG2,chr11:57814314:A:C,0,3,-0.9795466661453247,modal,cuda,U2AF1:K562
AQR,HepG2,chr11:62630181:G:A,0,3,0.20958781242370605,modal,cuda,U2AF1:K562
AQR,HepG2,chr11:62639408:T:C,0,3,3.0901880264282227,modal,cuda,U2AF1:K562
AQR,HepG2,chr11:62639430:G:A,1,3,-1.536292314529419,modal,cuda,U2AF1:K562
AQR,HepG2,chr11:62639482:G:A,0,3,-0.6711076498031616,modal,cuda,U2AF1:K562
AQR,HepG2,chr11:62639723:G:A,0,3,-1.5026286840438843,modal,cuda,U2AF1:K562
AQR,HepG2,chr11:62841632:T:C,0,3,0.4459714889526367,modal,cuda,U2AF1:K562
AQR,HepG2,chr11:62841770:G:A,1,3,-0.5779092311859131,modal,cuda,U2AF1:K562
AQR,HepG2,chr11:62841770:G:C,1,3,0.5377132892608643,modal,cuda,U2AF1:K562
AQR,HepG2,chr11:62841775:T:C,1,3,0.24765491485595703,modal,cuda,U2AF1:K562
AQR,HepG2,chr11:64806410:C:G,0,3,0.18361234664916992,modal,cuda,U2AF1:K562
AQR,HepG2,chr11:64810080:C:T,0,3,-0.4764135777950287,modal,cuda,U2AF1:K562
AQR,HepG2,chr11:64810146:C:G,0,3,-1.4279818534851074,modal,cuda,U2AF1:K562
AQR,HepG2,chr11:64810148:G:C,0,3,0.6534897089004517,modal,cuda,U2AF1:K562
AQR,HepG2,chr11:65540861:G:C,0,3,-0.22819441556930542,modal,cuda,U2AF1:K562
AQR,HepG2,chr11:65547377:C:T,0,3,0.7294454574584961,modal,cuda,U2AF1:K562
AQR,HepG2,chr11:65547431:C:T,0,3,0.6627950668334961,modal,cuda,U2AF1:K562
AQR,HepG2,chr11:65654954:A:C,1,3,1.3427512645721436,modal,cuda,U2AF1:K562
AQR,HepG2,chr11:65655015:C:G,0,3,-0.28307676315307617,modal,cuda,U2AF1:K562
AQR,HepG2,chr11:65662163:C:T,0,3,0.2350964993238449,modal,cuda,U2AF1:K562
AQR,HepG2,chr11:65864791:G:T,0,3,-0.6687393188476562,modal,cuda,U2AF1:K562
AQR,HepG2,chr11:67490453:C:G,1,3,0.26413893699645996,modal,cuda,U2AF1:K562
AQR,HepG2,chr11:68043370:G:C,1,3,-1.0931906700134277,modal,cuda,U2AF1:K562
AQR,HepG2,chr11:68050409:C:T,0,3,0.5774535536766052,modal,cuda,U2AF1:K562
AQR,HepG2,chr11:68364043:G:A,0,3,0.4245503544807434,modal,cuda,U2AF1:K562
AQR,HepG2,chr11:68365567:T:C,0,3,0.06455850601196289,modal,cuda,U2AF1:K562
AQR,HepG2,chr11:68411657:C:T,0,3,0.11192142963409424,modal,cuda,U2AF1:K562
AQR,HepG2,chr11:68411698:A:G,0,3,-0.2980194091796875,modal,cuda,U2AF1:K562
AQR,HepG2,chr11:68433848:T:A,0,3,-0.2812676429748535,modal,cuda,U2AF1:K562
AQR,HepG2,chr11:687999:G:T,1,3,3.48114013671875,modal,cuda,U2AF1:K562
AQR,HepG2,chr11:688004:T:A,1,3,1.4101531505584717,modal,cuda,U2AF1:K562
AQR,HepG2,chr11:688091:C:T,0,3,0.36226511001586914,modal,cuda,U2AF1:K562
AQR,HepG2,chr11:69651092:A:G,0,3,0.20310282707214355,modal,cuda,U2AF1:K562
AQR,HepG2,chr11:70492345:G:C,1,3,0.5176313519477844,modal,cuda,U2AF1:K562
AQR,HepG2,chr11:71443959:G:T,0,3,-0.27378368377685547,modal,cuda,U2AF1:K562
AQR,HepG2,chr11:71443971:C:T,0,3,0.590215802192688,modal,cuda,U2AF1:K562
AQR,HepG2,chr11:71447778:T:C,0,3,-0.2168116569519043,modal,cuda,U2AF1:K562
AQR,HepG2,chr11:71447795:A:C,0,3,-0.38478660583496094,modal,cuda,U2AF1:K562
AQR,HepG2,chr11:72697010:G:C,0,3,-0.18550920486450195,modal,cuda,U2AF1:K562
AQR,HepG2,chr11:72712555:G:A,0,3,-0.8522833585739136,modal,cuda,U2AF1:K562
AQR,HepG2,chr11:75401637:C:T,0,3,-0.22577142715454102,modal,cuda,U2AF1:K562
AQR,HepG2,chr11:822622:A:G,0,3,-0.2685971260070801,modal,cuda,U2AF1:K562
AQR,HepG2,chr11:85996936:A:T,0,3,1.9022305011749268,modal,cuda,U2AF1:K562
AQR,HepG2,chr11:85996937:G:A,0,3,-1.2898542881011963,modal,cuda,U2AF1:K562
AQR,HepG2,chr11:86007598:T:C,0,3,0.8108144998550415,modal,cuda,U2AF1:K562
AQR,HepG2,chr11:86007620:A:C,0,3,0.19935369491577148,modal,cuda,U2AF1:K562
AQR,HepG2,chr12:102852957:T:A,0,1,-2.9866840839385986,modal,cuda,U2AF1:K562
AQR,HepG2,chr12:102853009:G:C,0,1,-0.9276289939880371,modal,cuda,U2AF1:K562
AQR,HepG2,chr12:102855080:C:T,0,1,0.1622033715248108,modal,cuda,U2AF1:K562
AQR,HepG2,chr12:102855386:C:T,0,1,0.356670081615448,modal,cuda,U2AF1:K562
AQR,HepG2,chr12:110326383:C:T,0,1,2.4386141300201416,modal,cuda,U2AF1:K562
AQR,HepG2,chr12:119712391:C:T,0,1,0.5650038719177246,modal,cuda,U2AF1:K562
AQR,HepG2,chr12:120162841:C:T,0,1,1.2773902416229248,modal,cuda,U2AF1:K562
AQR,HepG2,chr12:120988791:G:A,0,1,0.7767336368560791,modal,cuda,U2AF1:K562
AQR,HepG2,chr12:121858702:A:C,0,1,-0.7420167922973633,modal,cuda,U2AF1:K562
AQR,HepG2,chr12:121858708:A:G,0,1,-1.3972010612487793,modal,cuda,U2AF1:K562
AQR,HepG2,chr12:122500624:A:G,0,1,-0.23859000205993652,modal,cuda,U2AF1:K562
AQR,HepG2,chr12:123626515:C:A,0,1,0.4053283929824829,modal,cuda,U2AF1:K562
AQR,HepG2,chr12:124786544:G:C,0,1,-0.17191940546035767,modal,cuda,U2AF1:K562
AQR,HepG2,chr12:124786555:A:C,0,1,-0.2555079460144043,modal,cuda,U2AF1:K562
AQR,HepG2,chr12:124811815:C:T,0,1,0.6535909175872803,modal,cuda,U2AF1:K562
AQR,HepG2,chr12:124811816:G:A,0,1,-0.1861829161643982,modal,cuda,U2AF1:K562
AQR,HepG2,chr12:124814996:C:T,0,1,0.22676721215248108,modal,cuda,U2AF1:K562
AQR,HepG2,chr12:124815123:G:A,0,1,-1.7409451007843018,modal,cuda,U2AF1:K562
AQR,HepG2,chr12:124815131:T:G,0,1,-0.9199225306510925,modal,cuda,U2AF1:K562
AQR,HepG2,chr12:132735358:T:C,0,1,-0.5391674041748047,modal,cuda,U2AF1:K562
AQR,HepG2,chr12:31089501:G:A,0,1,0.7009595632553101,modal,cuda,U2AF1:K562
AQR,HepG2,chr12:31089506:A:G,0,1,-1.6805317401885986,modal,cuda,U2AF1:K562
AQR,HepG2,chr12:31093332:C:T,0,1,0.5990960001945496,modal,cuda,U2AF1:K562
AQR,HepG2,chr12:31093336:G:T,0,1,1.7428874969482422,modal,cuda,U2AF1:K562
AQR,HepG2,chr12:49042338:G:A,0,1,-1.6633015871047974,modal,cuda,U2AF1:K562
AQR,HepG2,chr12:49042556:C:T,1,1,2.6483561992645264,modal,cuda,U2AF1:K562
AQR,HepG2,chr12:50089848:C:T,0,1,0.5365390777587891,modal,cuda,U2AF1:K562
AQR,HepG2,chr12:52897580:C:T,0,1,0.4295836091041565,modal,cuda,U2AF1:K562
AQR,HepG2,chr12:52898452:G:A,0,1,0.5579732656478882,modal,cuda,U2AF1:K562
AQR,HepG2,chr12:52898859:C:T,0,1,0.25758326053619385,modal,cuda,U2AF1:K562
AQR,HepG2,chr12:52898882:G:A,0,1,-0.686506986618042,modal,cuda,U2AF1:K562
AQR,HepG2,chr12:54280829:T:C,0,1,-0.5869002342224121,modal,cuda,U2AF1:K562
AQR,HepG2,chr12:54281329:G:A,0,1,0.5714092254638672,modal,cuda,U2AF1:K562
AQR,HepG2,chr12:54283877:T:C,1,1,-0.17685914039611816,modal,cuda,U2AF1:K562
AQR,HepG2,chr12:54283877:T:G,1,1,-0.2868686318397522,modal,cuda,U2AF1:K562
AQR,HepG2,chr12:56042142:C:T,0,1,0.5665440559387207,modal,cuda,U2AF1:K562
AQR,HepG2,chr12:56042145:C:G,0,1,-1.245195984840393,modal,cuda,U2AF1:K562
AQR,HepG2,chr12:56083705:G:T,0,1,2.6784706115722656,modal,cuda,U2AF1:K562
AQR,HepG2,chr12:56086690:C:A,0,1,0.48295795917510986,modal,cuda,U2AF1:K562
AQR,HepG2,chr12:56101522:C:T,0,1,-0.7408065795898438,modal,cuda,U2AF1:K562
AQR,HepG2,chr12:57196952:T:C,0,1,1.132016658782959,modal,cuda,U2AF1:K562
AQR,HepG2,chr12:57196975:C:T,0,1,-0.8718268871307373,modal,cuda,U2AF1:K562
AQR,HepG2,chr12:57211385:T:C,0,1,-0.47098755836486816,modal,cuda,U2AF1:K562
AQR,HepG2,chr12:6329638:C:T,0,1,-0.10244512557983398,modal,cuda,U2AF1:K562
AQR,HepG2,chr12:6329653:C:T,0,1,0.07108569145202637,modal,cuda,U2AF1:K562
AQR,HepG2,chr12:6329680:C:A,0,1,0.09472513198852539,modal,cuda,U2AF1:K562
AQR,HepG2,chr12:6333180:A:G,0,1,-0.8193154335021973,modal,cuda,U2AF1:K562
AQR,HepG2,chr12:6333219:C:T,0,1,0.9001678228378296,modal,cuda,U2AF1:K562
AQR,HepG2,chr12:6333303:G:A,0,1,1.3296608924865723,modal,cuda,U2AF1:K562
AQR,HepG2,chr12:6333320:A:G,0,1,-1.2800743579864502,modal,cuda,U2AF1:K562
AQR,HepG2,chr12:6333376:G:A,1,1,-0.5508220195770264,modal,cuda,U2AF1:K562
AQR,HepG2,chr12:6341779:T:C,0,1,-0.6096625924110413,modal,cuda,U2AF1:K562
AQR,HepG2,chr12:6341800:G:A,0,1,-0.11291086673736572,modal,cuda,U2AF1:K562
AQR,HepG2,chr12:6534825:C:G,0,1,0.8841469287872314,modal,cuda,U2AF1:K562
AQR,HepG2,chr12:67649166:C:T,0,1,0.2933077812194824,modal,cuda,U2AF1:K562
AQR,HepG2,chr12:6868873:G:A,1,1,-1.6162676811218262,modal,cuda,U2AF1:K562
AQR,HepG2,chr12:6870149:G:A,0,1,-1.4466502666473389,modal,cuda,U2AF1:K562
AQR,HepG2,chr12:68836764:A:T,0,1,-0.09691429138183594,modal,cuda,U2AF1:K562
AQR,HepG2,chr12:69592969:G:T,0,1,-1.007246971130371,modal,cuda,U2AF1:K562
AQR,HepG2,chr12:7190262:G:A,0,1,-0.30972611904144287,modal,cuda,U2AF1:K562
AQR,HepG2,chr12:89350996:A:C,0,1,-3.4293317794799805,modal,cuda,U2AF1:K562
AQR,HepG2,chr12:89351049:A:G,0,1,0.24366331100463867,modal,cuda,U2AF1:K562
AQR,HepG2,chr12:89351633:C:A,0,1,0.5244224667549133,modal,cuda,U2AF1:K562
AQR,HepG2,chr12:9090027:A:T,0,1,0.4414057731628418,modal,cuda,U2AF1:K562
AQR,HepG2,chr13:110646185:G:A,0,0,0.42842939496040344,modal,cuda,U2AF1:K562
AQR,HepG2,chr13:110682972:C:T,0,0,-0.10908734798431396,modal,cuda,U2AF1:K562
AQR,HepG2,chr13:110683059:C:T,0,0,0.9769785404205322,modal,cuda,U2AF1:K562
AQR,HepG2,chr13:113075197:G:A,0,0,0.2632884383201599,modal,cuda,U2AF1:K562
AQR,HepG2,chr13:113636018:G:A,0,0,0.28181779384613037,modal,cuda,U2AF1:K562
AQR,HepG2,chr13:27256165:G:T,0,0,-2.089733123779297,modal,cuda,U2AF1:K562
AQR,HepG2,chr13:27622027:G:A,0,0,-0.10693085193634033,modal,cuda,U2AF1:K562
AQR,HepG2,chr13:27622067:G:T,0,0,-0.3719743490219116,modal,cuda,U2AF1:K562
AQR,HepG2,chr13:36995063:A:G,0,0,0.44308120012283325,modal,cuda,U2AF1:K562
AQR,HepG2,chr13:51939288:T:C,0,0,-0.4728816747665405,modal,cuda,U2AF1:K562
AQR,HepG2,chr13:51965034:C:T,1,0,5.359072685241699,modal,cuda,U2AF1:K562
AQR,HepG2,chr13:51965035:T:C,1,0,4.57728910446167,modal,cuda,U2AF1:K562
AQR,HepG2,chr14:102048673:C:T,0,2,0.2644544243812561,modal,cuda,U2AF1:K562
AQR,HepG2,chr14:102048678:G:A,0,2,0.35422539710998535,modal,cuda,U2AF1:K562
AQR,HepG2,chr14:102049688:C:A,0,2,-0.37804651260375977,modal,cuda,U2AF1:K562
AQR,HepG2,chr14:104703884:C:T,0,2,-0.0911492109298706,modal,cuda,U2AF1:K562
AQR,HepG2,chr14:104703885:G:A,0,2,0.2098238468170166,modal,cuda,U2AF1:K562
AQR,HepG2,chr14:104706192:C:T,0,2,-0.2055588960647583,modal,cuda,U2AF1:K562
AQR,HepG2,chr14:104713370:C:T,0,2,-0.9221190810203552,modal,cuda,U2AF1:K562
AQR,HepG2,chr14:104713418:G:A,0,2,1.1686068773269653,modal,cuda,U2AF1:K562
AQR,HepG2,chr14:104713459:G:A,0,2,-0.7579007148742676,modal,cuda,U2AF1:K562
AQR,HepG2,chr14:104714128:G:A,0,2,0.27144354581832886,modal,cuda,U2AF1:K562
AQR,HepG2,chr14:104714147:C:T,0,2,0.47525298595428467,modal,cuda,U2AF1:K562
AQR,HepG2,chr14:104772333:C:T,0,2,0.19311046600341797,modal,cuda,U2AF1:K562
AQR,HepG2,chr14:104772353:G:A,0,2,0.21959009766578674,modal,cuda,U2AF1:K562
AQR,HepG2,chr14:20684736:T:C,0,2,-0.5581700801849365,modal,cuda,U2AF1:K562
AQR,HepG2,chr14:23323207:A:C,0,2,0.594275712966919,modal,cuda,U2AF1:K562
AQR,HepG2,chr14:24094411:C:T,0,2,0.4793136715888977,modal,cuda,U2AF1:K562
AQR,HepG2,chr14:24150046:G:A,0,2,0.8045291304588318,modal,cuda,U2AF1:K562
AQR,HepG2,chr14:24164660:C:T,0,2,0.5402507781982422,modal,cuda,U2AF1:K562
AQR,HepG2,chr14:35402754:G:A,0,2,0.4225780963897705,modal,cuda,U2AF1:K562
AQR,HepG2,chr14:35402888:C:T,0,2,-0.6173754930496216,modal,cuda,U2AF1:K562
AQR,HepG2,chr14:35403101:C:T,0,2,0.7765808701515198,modal,cuda,U2AF1:K562
AQR,HepG2,chr14:35403670:G:T,0,2,-0.46682286262512207,modal,cuda,U2AF1:K562
AQR,HepG2,chr14:35403687:C:T,0,2,0.40273430943489075,modal,cuda,U2AF1:K562
AQR,HepG2,chr14:35403801:G:A,0,2,0.6535742878913879,modal,cuda,U2AF1:K562
AQR,HepG2,chr14:35404361:A:T,0,2,0.048422425985336304,modal,cuda,U2AF1:K562
AQR,HepG2,chr14:35404402:G:A,0,2,0.025677084922790527,modal,cuda,U2AF1:K562
AQR,HepG2,chr14:39042882:A:G,0,2,0.4573638141155243,modal,cuda,U2AF1:K562
AQR,HepG2,chr14:39176159:C:T,0,2,-0.245772123336792,modal,cuda,U2AF1:K562
AQR,HepG2,chr14:53952268:T:C,0,2,-0.2543625831604004,modal,cuda,U2AF1:K562
AQR,HepG2,chr14:53953247:G:A,0,2,0.4148637652397156,modal,cuda,U2AF1:K562
AQR,HepG2,chr14:53953517:T:C,0,2,0.10674524307250977,modal,cuda,U2AF1:K562
AQR,HepG2,chr14:55640948:G:C,0,2,-0.2728133201599121,modal,cuda,U2AF1:K562
AQR,HepG2,chr14:68879945:C:A,0,2,-1.4739199876785278,modal,cuda,U2AF1:K562
AQR,HepG2,chr14:68881038:C:T,0,2,-0.5680485367774963,modal,cuda,U2AF1:K562
AQR,HepG2,chr14:68893643:G:A,0,2,0.14742088317871094,modal,cuda,U2AF1:K562
AQR,HepG2,chr14:74287800:G:A,0,2,0.294727087020874,modal,cuda,U2AF1:K562
AQR,HepG2,chr14:74287840:G:A,1,2,-0.9345598220825195,modal,cuda,U2AF1:K562
AQR,HepG2,chr14:74287898:T:G,0,2,0.21793437004089355,modal,cuda,U2AF1:K562
AQR,HepG2,chr14:74288233:G:A,0,2,1.7222400903701782,modal,cuda,U2AF1:K562
AQR,HepG2,chr14:74288270:C:G,0,2,-0.5267386436462402,modal,cuda,U2AF1:K562
AQR,HepG2,chr14:74289483:C:A,1,2,-2.9208080768585205,modal,cuda,U2AF1:K562
AQR,HepG2,chr14:74289501:C:A,1,2,-1.2672066688537598,modal,cuda,U2AF1:K562
AQR,HepG2,chr14:74289545:A:G,0,2,0.33261144161224365,modal,cuda,U2AF1:K562
AQR,HepG2,chr14:74290316:C:T,0,2,-2.9083213806152344,modal,cuda,U2AF1:K562
AQR,HepG2,chr14:74292826:G:A,0,2,0.5721629858016968,modal,cuda,U2AF1:K562
AQR,HepG2,chr14:74292882:C:G,0,2,-0.17606669664382935,modal,cuda,U2AF1:K562
AQR,HepG2,chr14:74296346:G:A,1,2,1.012894630432129,modal,cuda,U2AF1:K562
AQR,HepG2,chr14:74296421:G:A,1,2,0.9797055125236511,modal,cuda,U2AF1:K562
AQR,HepG2,chr14:74296433:G:A,1,2,0.5954549312591553,modal,cuda,U2AF1:K562
AQR,HepG2,chr14:74297882:A:T,0,2,1.4618260860443115,modal,cuda,U2AF1:K562
AQR,HepG2,chr14:74892876:C:T,0,2,-0.5996500253677368,modal,cuda,U2AF1:K562
AQR,HepG2,chr14:77279769:T:C,0,2,-0.4354276657104492,modal,cuda,U2AF1:K562
AQR,HepG2,chr14:90400002:C:T,0,2,0.14061832427978516,modal,cuda,U2AF1:K562
AQR,HepG2,chr14:90400124:G:A,0,2,0.593910813331604,modal,cuda,U2AF1:K562
AQR,HepG2,chr14:94388559:C:G,1,2,2.905625343322754,modal,cuda,U2AF1:K562
AQR,HepG2,chr14:95131622:G:A,1,2,4.219803810119629,modal,cuda,U2AF1:K562
AQR,HepG2,chr14:95131625:G:A,1,2,4.465670585632324,modal,cuda,U2AF1:K562
AQR,HepG2,chr15:25438500:C:T,0,1,0.6276363134384155,modal,cuda,U2AF1:K562
AQR,HepG2,chr15:30925961:T:C,0,1,0.7264935970306396,modal,cuda,U2AF1:K562
AQR,HepG2,chr15:34342123:C:G,0,1,-0.7404727935791016,modal,cuda,U2AF1:K562
AQR,HepG2,chr15:41079857:G:T,0,1,-0.5600532293319702,modal,cuda,U2AF1:K562
AQR,HepG2,chr15:43801560:G:A,0,1,0.8744237422943115,modal,cuda,U2AF1:K562
AQR,HepG2,chr15:45376797:C:T,1,1,3.0987651348114014,modal,cuda,U2AF1:K562
AQR,HepG2,chr15:45376813:G:A,1,1,4.86824893951416,modal,cuda,U2AF1:K562
AQR,HepG2,chr15:48331804:G:A,0,1,0.21966272592544556,modal,cuda,U2AF1:K562
AQR,HepG2,chr15:64156744:C:T,1,1,-2.629579544067383,modal,cuda,U2AF1:K562
AQR,HepG2,chr15:64393980:C:T,1,1,8.618425369262695,modal,cuda,U2AF1:K562
AQR,HepG2,chr15:64394004:C:T,1,1,-4.8387227058410645,modal,cuda,U2AF1:K562
AQR,HepG2,chr15:67165147:G:C,0,1,-1.6667660474777222,modal,cuda,U2AF1:K562
AQR,HepG2,chr15:67165369:C:T,1,1,0.4581964910030365,modal,cuda,U2AF1:K562
AQR,HepG2,chr15:72345517:C:T,1,1,4.206918239593506,modal,cuda,U2AF1:K562
AQR,HepG2,chr15:72345528:C:A,1,1,2.348557472229004,modal,cuda,U2AF1:K562
AQR,HepG2,chr15:72345540:C:T,1,1,0.8778444528579712,modal,cuda,U2AF1:K562
AQR,HepG2,chr15:72345619:C:T,0,1,1.0604231357574463,modal,cuda,U2AF1:K562
AQR,HepG2,chr15:78944915:C:T,0,1,0.5316343307495117,modal,cuda,U2AF1:K562
AQR,HepG2,chr15:82538253:C:A,0,1,1.0710594654083252,modal,cuda,U2AF1:K562
AQR,HepG2,chr15:82538982:A:C,1,1,-0.39721107482910156,modal,cuda,U2AF1:K562
AQR,HepG2,chr15:82540427:A:C,1,1,1.8182649612426758,modal,cuda,U2AF1:K562
AQR,HepG2,chr15:84653659:G:A,1,1,2.852461338043213,modal,cuda,U2AF1:K562
AQR,HepG2,chr15:84653700:C:G,1,1,7.2797064781188965,modal,cuda,U2AF1:K562
AQR,HepG2,chr15:89247649:T:C,1,1,-0.747025728225708,modal,cuda,U2AF1:K562
AQR,HepG2,chr15:89247711:C:T,1,1,2.8375868797302246,modal,cuda,U2AF1:K562
AQR,HepG2,chr15:89322027:G:C,0,1,0.16007375717163086,modal,cuda,U2AF1:K562
AQR,HepG2,chr15:89803637:C:T,0,1,0.2966685891151428,modal,cuda,U2AF1:K562
AQR,HepG2,chr15:89803638:G:C,0,1,0.25374436378479004,modal,cuda,U2AF1:K562
AQR,HepG2,chr15:89803639:G:C,0,1,-0.6769014596939087,modal,cuda,U2AF1:K562
AQR,HepG2,chr15:91005345:C:T,0,1,-0.4292184114456177,modal,cuda,U2AF1:K562
AQR,HepG2,chr15:91005371:G:A,0,1,0.2809126377105713,modal,cuda,U2AF1:K562
AQR,HepG2,chr15:92998475:G:A,0,1,-1.0472204685211182,modal,cuda,U2AF1:K562
AQR,HepG2,chr15:96334621:C:A,0,1,0.5573630332946777,modal,cuda,U2AF1:K562
AQR,HepG2,chr16:11255546:A:C,0,2,0.18940353393554688,modal,cuda,U2AF1:K562
AQR,HepG2,chr16:130496:C:A,0,2,0.5761744976043701,modal,cuda,U2AF1:K562
AQR,HepG2,chr16:130530:G:A,0,2,0.12665534019470215,modal,cuda,U2AF1:K562
AQR,HepG2,chr16:130541:C:A,1,2,1.9370797872543335,modal,cuda,U2AF1:K562
AQR,HepG2,chr16:1320302:T:C,0,2,-0.18631696701049805,modal,cuda,U2AF1:K562
AQR,HepG2,chr16:16159508:G:A,1,2,1.057483434677124,modal,cuda,U2AF1:K562
AQR,HepG2,chr16:16159549:C:T,1,2,-2.2593705654144287,modal,cuda,U2AF1:K562
AQR,HepG2,chr16:16159555:C:T,1,2,1.4131187200546265,modal,cuda,U2AF1:K562
AQR,HepG2,chr16:16161383:G:A,0,2,0.3334794044494629,modal,cuda,U2AF1:K562
AQR,HepG2,chr16:16165625:G:A,1,2,-1.4456429481506348,modal,cuda,U2AF1:K562
AQR,HepG2,chr16:16173222:A:G,0,2,-0.32766151428222656,modal,cuda,U2AF1:K562
AQR,HepG2,chr16:16173290:G:C,1,2,1.4211716651916504,modal,cuda,U2AF1:K562
AQR,HepG2,chr16:16173290:G:T,1,2,1.3889985084533691,modal,cuda,U2AF1:K562
AQR,HepG2,chr16:16185091:C:T,0,2,0.40159523487091064,modal,cuda,U2AF1:K562
AQR,HepG2,chr16:16187032:C:T,0,2,0.7360125184059143,modal,cuda,U2AF1:K562
AQR,HepG2,chr16:16187038:A:G,0,2,-0.1784651279449463,modal,cuda,U2AF1:K562
AQR,HepG2,chr16:16187064:T:C,0,2,-0.24511009454727173,modal,cuda,U2AF1:K562
AQR,HepG2,chr16:16190116:G:A,0,2,0.6566517949104309,modal,cuda,U2AF1:K562
AQR,HepG2,chr16:16190408:T:C,0,2,0.7076166272163391,modal,cuda,U2AF1:K562
AQR,HepG2,chr16:16190415:C:T,0,2,0.6567737460136414,modal,cuda,U2AF1:K562
AQR,HepG2,chr16:16192917:C:T,0,2,0.5996228456497192,modal,cuda,U2AF1:K562
AQR,HepG2,chr16:1767926:G:C,0,2,-0.7087189555168152,modal,cuda,U2AF1:K562
AQR,HepG2,chr16:1767934:A:C,0,2,-1.4846137762069702,modal,cuda,U2AF1:K562
AQR,HepG2,chr16:1772595:G:A,0,2,0.20967209339141846,modal,cuda,U2AF1:K562
AQR,HepG2,chr16:1772656:C:T,1,2,0.6032822132110596,modal,cuda,U2AF1:K562
AQR,HepG2,chr16:1772786:G:C,0,2,-0.12028956413269043,modal,cuda,U2AF1:K562
AQR,HepG2,chr16:2056193:C:G,1,2,6.157444000244141,modal,cuda,U2AF1:K562
AQR,HepG2,chr16:2056194:A:T,1,2,5.450920104980469,modal,cuda,U2AF1:K562
AQR,HepG2,chr16:2056195:G:A,1,2,1.963076114654541,modal,cuda,U2AF1:K562
AQR,HepG2,chr16:2056202:C:A,0,2,1.6793763637542725,modal,cuda,U2AF1:K562
AQR,HepG2,chr16:2056643:G:C,1,2,3.383815050125122,modal,cuda,U2AF1:K562
AQR,HepG2,chr16:2056685:C:A,1,2,0.8301108479499817,modal,cuda,U2AF1:K562
AQR,HepG2,chr16:2091913:G:A,0,2,0.20267271995544434,modal,cuda,U2AF1:K562
AQR,HepG2,chr16:23452822:T:G,1,2,0.6964778304100037,modal,cuda,U2AF1:K562
AQR,HepG2,chr16:29804082:G:A,0,2,0.4238816499710083,modal,cuda,U2AF1:K562
AQR,HepG2,chr16:30067171:G:C,0,2,1.0342705249786377,modal,cuda,U2AF1:K562
AQR,HepG2,chr16:30068742:G:A,0,2,-0.7101377248764038,modal,cuda,U2AF1:K562
AQR,HepG2,chr16:30069384:G:A,1,2,0.40847456455230713,modal,cuda,U2AF1:K562
AQR,HepG2,chr16:30069459:C:T,0,2,-0.19667255878448486,modal,cuda,U2AF1:K562
AQR,HepG2,chr16:3067992:G:A,0,2,0.5376040935516357,modal,cuda,U2AF1:K562
AQR,HepG2,chr16:30710990:C:T,0,2,1.1307806968688965,modal,cuda,U2AF1:K562
AQR,HepG2,chr16:30969581:T:C,0,2,0.4964662790298462,modal,cuda,U2AF1:K562
AQR,HepG2,chr16:31093392:T:C,0,2,-1.260317325592041,modal,cuda,U2AF1:K562
AQR,HepG2,chr16:31183904:C:T,0,2,0.09651613235473633,modal,cuda,U2AF1:K562
AQR,HepG2,chr16:31185191:A:C,0,2,-0.630556583404541,modal,cuda,U2AF1:K562
AQR,HepG2,chr16:31186777:C:T,0,2,-0.407199889421463,modal,cuda,U2AF1:K562
AQR,HepG2,chr16:31466121:T:C,0,2,-0.39195144176483154,modal,cuda,U2AF1:K562
AQR,HepG2,chr16:3679713:G:A,0,2,-0.25421643257141113,modal,cuda,U2AF1:K562
AQR,HepG2,chr16:4351218:G:A,0,2,-0.1020052433013916,modal,cuda,U2AF1:K562
AQR,HepG2,chr16:46689754:G:T,1,2,1.3505561351776123,modal,cuda,U2AF1:K562
AQR,HepG2,chr16:46689770:G:A,1,2,0.20865967869758606,modal,cuda,U2AF1:K562
AQR,HepG2,chr16:46690972:A:C,0,2,-0.7870121002197266,modal,cuda,U2AF1:K562
AQR,HepG2,chr16:46690996:C:T,1,2,0.5691559910774231,modal,cuda,U2AF1:K562
AQR,HepG2,chr16:57382093:G:A,0,2,-0.41938430070877075,modal,cuda,U2AF1:K562
AQR,HepG2,chr16:57750938:G:A,0,2,0.5571783781051636,modal,cuda,U2AF1:K562
AQR,HepG2,chr16:57764182:C:T,0,2,-0.5044403076171875,modal,cuda,U2AF1:K562
AQR,HepG2,chr16:58526147:G:C,0,2,-0.1987006664276123,modal,cuda,U2AF1:K562
AQR,HepG2,chr16:58541585:G:A,0,2,0.3925807476043701,modal,cuda,U2AF1:K562
AQR,HepG2,chr16:58576564:G:A,1,2,1.0565214157104492,modal,cuda,U2AF1:K562
AQR,HepG2,chr16:58576590:G:A,0,2,0.30055975914001465,modal,cuda,U2AF1:K562
AQR,HepG2,chr16:67832320:C:T,0,2,1.188637137413025,modal,cuda,U2AF1:K562
AQR,HepG2,chr16:69339948:C:T,0,2,-0.26184022426605225,modal,cuda,U2AF1:K562
AQR,HepG2,chr16:69385491:G:A,0,2,-0.2004084587097168,modal,cuda,U2AF1:K562
AQR,HepG2,chr16:70253397:G:A,0,2,0.38635683059692383,modal,cuda,U2AF1:K562
AQR,HepG2,chr16:70253671:A:G,0,2,-0.35094940662384033,modal,cuda,U2AF1:K562
AQR,HepG2,chr16:81096116:G:A,0,2,-0.7824324369430542,modal,cuda,U2AF1:K562
AQR,HepG2,chr16:81678638:C:A,0,2,0.5204130411148071,modal,cuda,U2AF1:K562
AQR,HepG2,chr16:87333876:G:A,0,2,0.8068586587905884,modal,cuda,U2AF1:K562
AQR,HepG2,chr16:8811197:T:C,0,2,-0.05148601531982422,modal,cuda,U2AF1:K562
AQR,HepG2,chr16:88646212:G:C,1,2,0.9761090874671936,modal,cuda,U2AF1:K562
AQR,HepG2,chr16:88647065:G:A,0,2,-0.5786454677581787,modal,cuda,U2AF1:K562
AQR,HepG2,chr16:88647093:A:G,0,2,-0.13032779097557068,modal,cuda,U2AF1:K562
AQR,HepG2,chr16:88648151:C:T,0,2,0.1494431048631668,modal,cuda,U2AF1:K562
AQR,HepG2,chr16:88653416:A:C,0,2,0.31618833541870117,modal,cuda,U2AF1:K562
AQR,HepG2,chr16:88811768:C:A,0,2,-1.0244332551956177,modal,cuda,U2AF1:K562
AQR,HepG2,chr16:8894776:C:G,0,2,0.1927812099456787,modal,cuda,U2AF1:K562
AQR,HepG2,chr16:8894835:C:G,0,2,0.11867231130599976,modal,cuda,U2AF1:K562
AQR,HepG2,chr16:8894869:G:A,0,2,-0.330363392829895,modal,cuda,U2AF1:K562
AQR,HepG2,chr16:8895654:C:T,0,2,0.430584192276001,modal,cuda,U2AF1:K562
AQR,HepG2,chr16:8903270:T:G,0,2,0.8275991678237915,modal,cuda,U2AF1:K562
AQR,HepG2,chr16:8903305:G:A,0,2,0.5521894693374634,modal,cuda,U2AF1:K562
AQR,HepG2,chr16:8905238:G:A,1,2,2.6501572132110596,modal,cuda,U2AF1:K562
AQR,HepG2,chr16:8905281:T:C,0,2,-0.8765931129455566,modal,cuda,U2AF1:K562
AQR,HepG2,chr16:8905351:C:T,0,2,-0.426602840423584,modal,cuda,U2AF1:K562
AQR,HepG2,chr16:89094044:A:G,0,2,-0.19531172513961792,modal,cuda,U2AF1:K562
AQR,HepG2,chr16:8915429:A:G,0,2,0.22686195373535156,modal,cuda,U2AF1:K562
AQR,HepG2,chr16:8915534:G:C,0,2,0.6057798862457275,modal,cuda,U2AF1:K562
AQR,HepG2,chr16:8919076:C:T,1,2,1.2758880853652954,modal,cuda,U2AF1:K562
AQR,HepG2,chr16:89270788:G:A,0,2,0.3322944641113281,modal,cuda,U2AF1:K562
AQR,HepG2,chr16:89270803:C:T,0,2,0.2969909906387329,modal,cuda,U2AF1:K562
AQR,HepG2,chr16:89270806:G:A,0,2,-0.5807567238807678,modal,cuda,U2AF1:K562
AQR,HepG2,chr16:89275208:A:C,0,2,-1.316721796989441,modal,cuda,U2AF1:K562
AQR,HepG2,chr16:89290588:G:A,0,2,-0.07263877987861633,modal,cuda,U2AF1:K562
AQR,HepG2,chr16:89290646:C:T,0,2,0.05720120668411255,modal,cuda,U2AF1:K562
AQR,HepG2,chr16:89290972:C:A,0,2,0.47566282749176025,modal,cuda,U2AF1:K562
AQR,HepG2,chr16:8930299:C:A,1,2,1.0960538387298584,modal,cuda,U2AF1:K562
AQR,HepG2,chr16:89530649:G:T,0,2,-1.5453894138336182,modal,cuda,U2AF1:K562
AQR,HepG2,chr16:89646722:C:A,0,2,-0.5034279823303223,modal,cuda,U2AF1:K562
AQR,HepG2,chr16:89646766:C:T,0,2,0.5186611413955688,modal,cuda,U2AF1:K562
AQR,HepG2,chr16:89647155:C:G,0,2,0.6479510068893433,modal,cuda,U2AF1:K562
AQR,HepG2,chr16:89749906:A:G,0,2,-0.46181178092956543,modal,cuda,U2AF1:K562
AQR,HepG2,chr16:89749925:C:T,0,2,-0.4589179754257202,modal,cuda,U2AF1:K562
AQR,HepG2,chr16:89770262:G:C,1,2,4.131600856781006,modal,cuda,U2AF1:K562
AQR,HepG2,chr16:89810716:C:T,1,2,0.3519771099090576,modal,cuda,U2AF1:K562
AQR,HepG2,chr16:89810724:C:A,1,2,0.4820375442504883,modal,cuda,U2AF1:K562
AQR,HepG2,chr17:1659562:G:A,0,1,0.37810301780700684,modal,cuda,U2AF1:K562
AQR,HepG2,chr17:1675352:A:G,0,1,-4.0633134841918945,modal,cuda,U2AF1:K562
AQR,HepG2,chr17:1683704:G:A,0,1,1.6543803215026855,modal,cuda,U2AF1:K562
AQR,HepG2,chr17:1683719:T:C,0,1,1.0191466808319092,modal,cuda,U2AF1:K562
AQR,HepG2,chr17:1762130:G:A,0,1,-2.199453353881836,modal,cuda,U2AF1:K562
AQR,HepG2,chr17:1771040:C:T,1,1,1.138120412826538,modal,cuda,U2AF1:K562
AQR,HepG2,chr17:1776499:A:G,0,1,-0.9291768074035645,modal,cuda,U2AF1:K562
AQR,HepG2,chr17:1776510:C:T,0,1,-0.18987536430358887,modal,cuda,U2AF1:K562
AQR,HepG2,chr17:1776511:A:G,0,1,-0.53293776512146,modal,cuda,U2AF1:K562
AQR,HepG2,chr17:17812861:C:T,0,1,0.7563601136207581,modal,cuda,U2AF1:K562
AQR,HepG2,chr17:28547357:G:A,0,1,0.7555727958679199,modal,cuda,U2AF1:K562
AQR,HepG2,chr17:36486794:G:A,0,1,0.45412397384643555,modal,cuda,U2AF1:K562
AQR,HepG2,chr17:38736070:C:T,0,1,0.4730215072631836,modal,cuda,U2AF1:K562
AQR,HepG2,chr17:38739701:G:A,0,1,-0.1029055118560791,modal,cuda,U2AF1:K562
AQR,HepG2,chr17:38850487:A:G,0,1,-0.1438910961151123,modal,cuda,U2AF1:K562
AQR,HepG2,chr17:39202978:C:T,0,1,0.3886861801147461,modal,cuda,U2AF1:K562
AQR,HepG2,chr17:39707015:G:A,0,1,-0.12171649932861328,modal,cuda,U2AF1:K562
AQR,HepG2,chr17:39715752:G:T,0,1,1.0320911407470703,modal,cuda,U2AF1:K562
AQR,HepG2,chr17:39715782:G:T,0,1,1.1444764137268066,modal,cuda,U2AF1:K562
AQR,HepG2,chr17:39715797:A:G,0,1,-0.8271119594573975,modal,cuda,U2AF1:K562
AQR,HepG2,chr17:39725322:C:G,0,1,1.055120587348938,modal,cuda,U2AF1:K562
AQR,HepG2,chr17:41906521:C:T,0,1,1.0057109594345093,modal,cuda,U2AF1:K562
AQR,HepG2,chr17:42564217:C:T,0,1,0.4557189643383026,modal,cuda,U2AF1:K562
AQR,HepG2,chr17:42612177:A:G,0,1,-0.4102640151977539,modal,cuda,U2AF1:K562
AQR,HepG2,chr17:42781336:C:T,0,1,0.4643048048019409,modal,cuda,U2AF1:K562
AQR,HepG2,chr17:42782941:C:T,0,1,0.36025917530059814,modal,cuda,U2AF1:K562
AQR,HepG2,chr17:42782949:T:C,0,1,0.8557837605476379,modal,cuda,U2AF1:K562
AQR,HepG2,chr17:42783970:G:A,0,1,-0.12556695938110352,modal,cuda,U2AF1:K562
AQR,HepG2,chr17:42909472:T:C,0,1,1.4643406867980957,modal,cuda,U2AF1:K562
AQR,HepG2,chr17:44080885:A:G,0,1,-0.9248546957969666,modal,cuda,U2AF1:K562
AQR,HepG2,chr17:46033380:T:C,0,1,0.5805914402008057,modal,cuda,U2AF1:K562
AQR,HepG2,chr17:46033522:A:T,0,1,0.48563528060913086,modal,cuda,U2AF1:K562
AQR,HepG2,chr17:46923194:T:G,1,1,1.2497522830963135,modal,cuda,U2AF1:K562
AQR,HepG2,chr17:46923208:C:T,1,1,-0.8663201332092285,modal,cuda,U2AF1:K562
AQR,HepG2,chr17:46932164:C:T,1,1,4.102968215942383,modal,cuda,U2AF1:K562
AQR,HepG2,chr17:46932182:C:T,1,1,4.172526836395264,modal,cuda,U2AF1:K562
AQR,HepG2,chr17:46932244:G:T,0,1,-0.9133161306381226,modal,cuda,U2AF1:K562
AQR,HepG2,chr17:47945523:C:T,0,1,1.2875027656555176,modal,cuda,U2AF1:K562
AQR,HepG2,chr17:49039981:C:T,0,1,1.2456791400909424,modal,cuda,U2AF1:K562
AQR,HepG2,chr17:49409322:T:C,0,1,-1.0055233240127563,modal,cuda,U2AF1:K562
AQR,HepG2,chr17:4945970:C:A,1,1,0.34456872940063477,modal,cuda,U2AF1:K562
AQR,HepG2,chr17:4945982:A:G,1,1,-0.3141136169433594,modal,cuda,U2AF1:K562
AQR,HepG2,chr17:4945989:G:A,0,1,0.33038783073425293,modal,cuda,U2AF1:K562
AQR,HepG2,chr17:4946013:A:G,0,1,0.7338240742683411,modal,cuda,U2AF1:K562
AQR,HepG2,chr17:4946618:A:G,1,1,1.344639539718628,modal,cuda,U2AF1:K562
AQR,HepG2,chr17:5000869:A:G,0,1,-0.6397932767868042,modal,cuda,U2AF1:K562
AQR,HepG2,chr17:50346285:C:A,0,1,0.5195685625076294,modal,cuda,U2AF1:K562
AQR,HepG2,chr17:50346373:G:C,0,1,0.5051981806755066,modal,cuda,U2AF1:K562
AQR,HepG2,chr17:50353603:A:C,0,1,1.2672631740570068,modal,cuda,U2AF1:K562
AQR,HepG2,chr17:58006491:A:C,1,1,4.007872104644775,modal,cuda,U2AF1:K562
AQR,HepG2,chr17:58006514:C:T,1,1,0.08480644226074219,modal,cuda,U2AF1:K562
AQR,HepG2,chr17:58370894:G:A,0,1,-0.18622732162475586,modal,cuda,U2AF1:K562
AQR,HepG2,chr17:58370926:C:G,0,1,0.8695730566978455,modal,cuda,U2AF1:K562
AQR,HepG2,chr17:58370986:C:T,0,1,0.8980633616447449,modal,cuda,U2AF1:K562
AQR,HepG2,chr17:58370989:C:T,0,1,0.6966993808746338,modal,cuda,U2AF1:K562
AQR,HepG2,chr17:58371001:A:G,0,1,-0.4185352325439453,modal,cuda,U2AF1:K562
AQR,HepG2,chr17:58371016:C:T,0,1,0.4291257858276367,modal,cuda,U2AF1:K562
AQR,HepG2,chr17:63579922:G:A,0,1,1.7698702812194824,modal,cuda,U2AF1:K562
AQR,HepG2,chr17:63837625:G:A,1,1,1.7177355289459229,modal,cuda,U2AF1:K562
AQR,HepG2,chr17:65536247:C:T,0,1,-0.6238793134689331,modal,cuda,U2AF1:K562
AQR,HepG2,chr17:65536649:C:G,0,1,-7.091692924499512,modal,cuda,U2AF1:K562
AQR,HepG2,chr17:65536830:A:T,0,1,1.4263602495193481,modal,cuda,U2AF1:K562
AQR,HepG2,chr17:65536892:C:G,0,1,0.8710131645202637,modal,cuda,U2AF1:K562
AQR,HepG2,chr17:65537305:C:A,0,1,-0.28983962535858154,modal,cuda,U2AF1:K562
AQR,HepG2,chr17:65538360:G:A,0,1,-0.8038854598999023,modal,cuda,U2AF1:K562
AQR,HepG2,chr17:65538420:C:A,0,1,2.802478790283203,modal,cuda,U2AF1:K562
AQR,HepG2,chr17:65549504:T:C,0,1,-0.3648895025253296,modal,cuda,U2AF1:K562
AQR,HepG2,chr17:65558753:G:C,0,1,-1.0406609773635864,modal,cuda,U2AF1:K562
AQR,HepG2,chr17:6704011:C:T,1,1,-1.436819314956665,modal,cuda,U2AF1:K562
AQR,HepG2,chr17:6704070:G:A,0,1,-1.3846118450164795,modal,cuda,U2AF1:K562
AQR,HepG2,chr17:6704116:G:A,0,1,1.6260154247283936,modal,cuda,U2AF1:K562
AQR,HepG2,chr17:67366436:T:A,0,1,0.43715035915374756,modal,cuda,U2AF1:K562
AQR,HepG2,chr17:67854771:A:G,0,1,-0.7377305030822754,modal,cuda,U2AF1:K562
AQR,HepG2,chr17:68524972:A:G,0,1,-0.23273444175720215,modal,cuda,U2AF1:K562
AQR,HepG2,chr17:68525736:A:G,0,1,0.6073412895202637,modal,cuda,U2AF1:K562
AQR,HepG2,chr17:68525746:C:T,0,1,-0.9180009365081787,modal,cuda,U2AF1:K562
AQR,HepG2,chr17:7258827:T:C,0,1,2.666627883911133,modal,cuda,U2AF1:K562
AQR,HepG2,chr17:7314601:G:A,0,1,-1.3196918964385986,modal,cuda,U2AF1:K562
AQR,HepG2,chr17:74749294:G:A,0,1,-0.274567574262619,modal,cuda,U2AF1:K562
AQR,HepG2,chr17:74749301:A:G,0,1,-0.556509256362915,modal,cuda,U2AF1:K562
AQR,HepG2,chr17:7500623:A:C,0,1,-1.0307528972625732,modal,cuda,U2AF1:K562
AQR,HepG2,chr17:75262005:G:C,0,1,0.30139124393463135,modal,cuda,U2AF1:K562
AQR,HepG2,chr17:75262006:C:G,0,1,-0.1050713062286377,modal,cuda,U2AF1:K562
AQR,HepG2,chr17:75262012:G:T,0,1,0.128098726272583,modal,cuda,U2AF1:K562
AQR,HepG2,chr17:75262423:T:C,0,1,-1.5335156917572021,modal,cuda,U2AF1:K562
AQR,HepG2,chr17:75517538:C:A,0,1,0.7795517444610596,modal,cuda,U2AF1:K562
AQR,HepG2,chr17:75841019:C:T,0,1,0.4520421326160431,modal,cuda,U2AF1:K562
AQR,HepG2,chr17:75841061:A:C,0,1,-0.41855525970458984,modal,cuda,U2AF1:K562
AQR,HepG2,chr17:75951371:C:T,0,1,0.4851994514465332,modal,cuda,U2AF1:K562
AQR,HepG2,chr17:75978713:C:A,0,1,0.57869553565979,modal,cuda,U2AF1:K562
AQR,HepG2,chr17:77281529:A:C,0,1,-0.7593181133270264,modal,cuda,U2AF1:K562
AQR,HepG2,chr17:77488370:C:G,0,1,0.43122410774230957,modal,cuda,U2AF1:K562
AQR,HepG2,chr17:77490724:C:A,0,1,-0.9538612365722656,modal,cuda,U2AF1:K562
AQR,HepG2,chr17:77493085:C:T,0,1,-0.7996663451194763,modal,cuda,U2AF1:K562
AQR,HepG2,chr17:77493091:C:T,0,1,-0.889934778213501,modal,cuda,U2AF1:K562
AQR,HepG2,chr17:77493097:G:A,0,1,1.8738688230514526,modal,cuda,U2AF1:K562
AQR,HepG2,chr17:78117633:G:T,1,1,0.9382167458534241,modal,cuda,U2AF1:K562
AQR,HepG2,chr17:78117658:C:T,0,1,2.949171543121338,modal,cuda,U2AF1:K562
AQR,HepG2,chr17:78118894:G:T,0,1,0.2612578868865967,modal,cuda,U2AF1:K562
AQR,HepG2,chr17:78119272:T:C,0,1,0.21478748321533203,modal,cuda,U2AF1:K562
AQR,HepG2,chr17:78121663:C:T,0,1,-0.7414717674255371,modal,cuda,U2AF1:K562
AQR,HepG2,chr17:78121719:C:T,0,1,0.327667236328125,modal,cuda,U2AF1:K562
AQR,HepG2,chr17:78125876:G:A,1,1,-1.5475091934204102,modal,cuda,U2AF1:K562
AQR,HepG2,chr17:80376976:G:T,0,1,-2.630953073501587,modal,cuda,U2AF1:K562
AQR,HepG2,chr17:80376983:T:C,0,1,-0.773594856262207,modal,cuda,U2AF1:K562
AQR,HepG2,chr17:81239704:C:G,0,1,1.0912086963653564,modal,cuda,U2AF1:K562
AQR,HepG2,chr17:81239762:T:C,0,1,1.0418154001235962,modal,cuda,U2AF1:K562
AQR,HepG2,chr17:81511591:G:A,0,1,0.4348915219306946,modal,cuda,U2AF1:K562
AQR,HepG2,chr17:81511635:G:A,0,1,0.2062084674835205,modal,cuda,U2AF1:K562
AQR,HepG2,chr17:81511843:G:A,0,1,-0.8216938972473145,modal,cuda,U2AF1:K562
AQR,HepG2,chr17:81511844:C:A,0,1,-0.7968717813491821,modal,cuda,U2AF1:K562
AQR,HepG2,chr17:81511845:C:T,0,1,0.9420760869979858,modal,cuda,U2AF1:K562
AQR,HepG2,chr17:81511847:G:A,0,1,0.6501537561416626,modal,cuda,U2AF1:K562
AQR,HepG2,chr17:81511851:G:A,0,1,-0.4927961826324463,modal,cuda,U2AF1:K562
AQR,HepG2,chr17:81511872:G:C,0,1,4.574163436889648,modal,cuda,U2AF1:K562
AQR,HepG2,chr17:81511890:G:T,0,1,1.2754359245300293,modal,cuda,U2AF1:K562
AQR,HepG2,chr17:81511912:C:A,1,1,0.19570791721343994,modal,cuda,U2AF1:K562
AQR,HepG2,chr17:81511912:C:G,1,1,-0.23386335372924805,modal,cuda,U2AF1:K562
AQR,HepG2,chr17:81512340:G:T,0,1,1.4894258975982666,modal,cuda,U2AF1:K562
AQR,HepG2,chr17:81512374:G:A,0,1,0.15806372463703156,modal,cuda,U2AF1:K562
AQR,HepG2,chr17:81512386:C:T,0,1,-0.13207292556762695,modal,cuda,U2AF1:K562
AQR,HepG2,chr17:81512391:G:A,0,1,0.6163286566734314,modal,cuda,U2AF1:K562
AQR,HepG2,chr17:81512391:G:C,0,1,-0.7697767019271851,modal,cuda,U2AF1:K562
AQR,HepG2,chr17:81512393:G:A,0,1,-0.15692973136901855,modal,cuda,U2AF1:K562
AQR,HepG2,chr17:81512397:G:A,0,1,0.34642642736434937,modal,cuda,U2AF1:K562
AQR,HepG2,chr17:81512443:A:C,0,1,-0.9239951968193054,modal,cuda,U2AF1:K562
AQR,HepG2,chr17:81512698:C:T,0,1,-0.32350945472717285,modal,cuda,U2AF1:K562
AQR,HepG2,chr17:81512751:G:A,0,1,-1.0267932415008545,modal,cuda,U2AF1:K562
AQR,HepG2,chr17:81512758:C:G,0,1,-1.835561752319336,modal,cuda,U2AF1:K562
AQR,HepG2,chr17:81512766:G:A,0,1,-1.2483090162277222,modal,cuda,U2AF1:K562
AQR,HepG2,chr17:81703612:G:A,0,1,0.29854726791381836,modal,cuda,U2AF1:K562
AQR,HepG2,chr17:81704238:G:T,0,1,0.40337395668029785,modal,cuda,U2AF1:K562
AQR,HepG2,chr17:81845241:C:T,0,1,0.18436217308044434,modal,cuda,U2AF1:K562
AQR,HepG2,chr17:81845541:C:T,0,1,0.6265856623649597,modal,cuda,U2AF1:K562
AQR,HepG2,chr17:81845542:G:A,0,1,-0.7916115522384644,modal,cuda,U2AF1:K562
AQR,HepG2,chr17:81845557:G:A,0,1,1.9019800424575806,modal,cuda,U2AF1:K562
AQR,HepG2,chr17:81859448:C:T,0,1,0.420947790145874,modal,cuda,U2AF1:K562
AQR,HepG2,chr17:81860283:T:C,0,1,1.2205071449279785,modal,cuda,U2AF1:K562
AQR,HepG2,chr17:81933389:G:A,0,1,-1.4640746116638184,modal,cuda,U2AF1:K562
AQR,HepG2,chr17:81934314:G:A,0,1,0.2775315046310425,modal,cuda,U2AF1:K562
AQR,HepG2,chr17:81934326:C:T,1,1,0.9775004386901855,modal,cuda,U2AF1:K562
AQR,HepG2,chr17:81934651:A:C,1,1,1.6053112745285034,modal,cuda,U2AF1:K562
AQR,HepG2,chr17:81934670:C:A,1,1,1.561051368713379,modal,cuda,U2AF1:K562
AQR,HepG2,chr17:81934710:A:G,0,1,0.8174557089805603,modal,cuda,U2AF1:K562
AQR,HepG2,chr17:82081152:A:G,0,1,0.33798861503601074,modal,cuda,U2AF1:K562
AQR,HepG2,chr17:82081589:G:A,0,1,0.47895169258117676,modal,cuda,U2AF1:K562
AQR,HepG2,chr17:82081851:G:C,0,1,-0.17918366193771362,modal,cuda,U2AF1:K562
AQR,HepG2,chr17:82081997:G:A,0,1,-0.7864629030227661,modal,cuda,U2AF1:K562
AQR,HepG2,chr17:82082170:C:T,0,1,0.22550714015960693,modal,cuda,U2AF1:K562
AQR,HepG2,chr17:82082172:C:G,0,1,-0.6699120998382568,modal,cuda,U2AF1:K562
AQR,HepG2,chr17:82082310:G:A,0,1,0.16523408889770508,modal,cuda,U2AF1:K562
AQR,HepG2,chr17:82082905:C:T,0,1,-0.650421142578125,modal,cuda,U2AF1:K562
AQR,HepG2,chr17:82083509:G:A,0,1,0.9624371528625488,modal,cuda,U2AF1:K562
AQR,HepG2,chr17:82085882:T:A,0,1,-1.9658796787261963,modal,cuda,U2AF1:K562
AQR,HepG2,chr17:82087042:G:A,0,1,3.8461380004882812,modal,cuda,U2AF1:K562
AQR,HepG2,chr17:82087941:C:T,0,1,-0.5252581834793091,modal,cuda,U2AF1:K562
AQR,HepG2,chr17:82088048:G:A,0,1,0.46442556381225586,modal,cuda,U2AF1:K562
AQR,HepG2,chr17:82090866:G:C,0,1,-0.5271068811416626,modal,cuda,U2AF1:K562
AQR,HepG2,chr17:82092817:G:A,0,1,-0.3880586624145508,modal,cuda,U2AF1:K562
AQR,HepG2,chr17:82092884:C:T,0,1,0.36329174041748047,modal,cuda,U2AF1:K562
AQR,HepG2,chr17:82444130:C:T,0,1,-0.20628803968429565,modal,cuda,U2AF1:K562
AQR,HepG2,chr17:82444165:G:A,0,1,-0.9132914543151855,modal,cuda,U2AF1:K562
AQR,HepG2,chr17:82444169:T:C,0,1,-0.43354320526123047,modal,cuda,U2AF1:K562
AQR,HepG2,chr17:82445871:G:A,0,1,0.4145779609680176,modal,cuda,U2AF1:K562
AQR,HepG2,chr17:82752391:G:A,0,1,0.7602617740631104,modal,cuda,U2AF1:K562
AQR,HepG2,chr17:82752402:G:C,0,1,-1.1663084030151367,modal,cuda,U2AF1:K562
AQR,HepG2,chr18:3456385:G:A,0,4,1.05287504196167,modal,cuda,U2AF1:K562
AQR,HepG2,chr18:3456397:C:T,0,4,-0.885418176651001,modal,cuda,U2AF1:K562
AQR,HepG2,chr18:58044736:A:C,0,4,0.4451380968093872,modal,cuda,U2AF1:K562
AQR,HepG2,chr18:58044739:C:T,0,4,-0.43247395753860474,modal,cuda,U2AF1:K562
AQR,HepG2,chr18:58044789:C:G,0,4,-2.2254326343536377,modal,cuda,U2AF1:K562
AQR,HepG2,chr18:58391581:A:G,0,4,0.5747365951538086,modal,cuda,U2AF1:K562
AQR,HepG2,chr18:58715931:A:G,0,4,-0.4991271495819092,modal,cuda,U2AF1:K562
AQR,HepG2,chr18:68714873:G:A,0,4,0.6189779043197632,modal,cuda,U2AF1:K562
AQR,HepG2,chr18:68714963:A:G,0,4,-2.4323630332946777,modal,cuda,U2AF1:K562
AQR,HepG2,chr18:74260915:C:T,0,4,2.6639404296875,modal,cuda,U2AF1:K562
AQR,HepG2,chr18:74260963:G:C,0,4,0.21436214447021484,modal,cuda,U2AF1:K562
AQR,HepG2,chr19:10182083:A:G,0,4,-2.5211331844329834,modal,cuda,U2AF1:K562
AQR,HepG2,chr19:10353998:A:G,0,4,0.2558079957962036,modal,cuda,U2AF1:K562
AQR,HepG2,chr19:10354011:A:G,0,4,0.21266794204711914,modal,cuda,U2AF1:K562
AQR,HepG2,chr19:10795451:G:A,0,4,1.1346006393432617,modal,cuda,U2AF1:K562
AQR,HepG2,chr19:10829016:T:G,0,4,1.797501564025879,modal,cuda,U2AF1:K562
AQR,HepG2,chr19:1105845:T:G,0,4,-0.8379930257797241,modal,cuda,U2AF1:K562
AQR,HepG2,chr19:1105851:T:G,0,4,-1.026429533958435,modal,cuda,U2AF1:K562
AQR,HepG2,chr19:11089589:T:A,1,4,0.7157752513885498,modal,cuda,U2AF1:K562
AQR,HepG2,chr19:11089606:G:A,0,4,0.5884425640106201,modal,cuda,U2AF1:K562
AQR,HepG2,chr19:11102758:C:A,1,4,2.218513250350952,modal,cuda,U2AF1:K562
AQR,HepG2,chr19:11102758:C:G,1,4,0.6015619039535522,modal,cuda,U2AF1:K562
AQR,HepG2,chr19:11102769:C:G,1,4,1.3071517944335938,modal,cuda,U2AF1:K562
AQR,HepG2,chr19:11102774:G:A,1,4,-0.3115260601043701,modal,cuda,U2AF1:K562
AQR,HepG2,chr19:11102774:G:T,1,4,3.2315704822540283,modal,cuda,U2AF1:K562
AQR,HepG2,chr19:11102777:C:T,1,4,3.381998300552368,modal,cuda,U2AF1:K562
AQR,HepG2,chr19:11102784:G:C,1,4,0.24967575073242188,modal,cuda,U2AF1:K562
AQR,HepG2,chr19:11102785:T:A,1,4,-2.2202608585357666,modal,cuda,U2AF1:K562
AQR,HepG2,chr19:11102787:G:A,1,4,2.5071072578430176,modal,cuda,U2AF1:K562
AQR,HepG2,chr19:11102788:T:C,1,4,2.028125762939453,modal,cuda,U2AF1:K562
AQR,HepG2,chr19:11105170:T:C,0,4,-0.7926855087280273,modal,cuda,U2AF1:K562
AQR,HepG2,chr19:11105218:A:T,1,4,5.929133892059326,modal,cuda,U2AF1:K562
AQR,HepG2,chr19:11105219:G:T,1,4,4.87483024597168,modal,cuda,U2AF1:K562
AQR,HepG2,chr19:11105231:T:A,1,4,0.601877748966217,modal,cuda,U2AF1:K562
AQR,HepG2,chr19:11105233:C:A,1,4,1.6601204872131348,modal,cuda,U2AF1:K562
AQR,HepG2,chr19:11105243:G:A,1,4,0.16347455978393555,modal,cuda,U2AF1:K562
AQR,HepG2,chr19:11105251:C:T,0,4,0.2310352325439453,modal,cuda,U2AF1:K562
AQR,HepG2,chr19:11105586:A:G,1,4,-0.1409282684326172,modal,cuda,U2AF1:K562
AQR,HepG2,chr19:11105587:C:G,1,4,-0.3541145324707031,modal,cuda,U2AF1:K562
AQR,HepG2,chr19:11105588:G:A,1,4,0.1776578426361084,modal,cuda,U2AF1:K562
AQR,HepG2,chr19:11105588:G:T,1,4,0.47452235221862793,modal,cuda,U2AF1:K562
AQR,HepG2,chr19:11105590:G:T,1,4,-0.21104216575622559,modal,cuda,U2AF1:K562
AQR,HepG2,chr19:11105591:G:T,1,4,0.1120138168334961,modal,cuda,U2AF1:K562
AQR,HepG2,chr19:11105601:G:C,1,4,1.5629675388336182,modal,cuda,U2AF1:K562
AQR,HepG2,chr19:11106666:G:A,1,4,1.1840240955352783,modal,cuda,U2AF1:K562
AQR,HepG2,chr19:11106666:G:T,1,4,1.8156983852386475,modal,cuda,U2AF1:K562
AQR,HepG2,chr19:11106668:T:A,1,4,0.5856680870056152,modal,cuda,U2AF1:K562
AQR,HepG2,chr19:11106680:C:A,1,4,1.1099653244018555,modal,cuda,U2AF1:K562
AQR,HepG2,chr19:11106689:T:G,1,4,0.7782039642333984,modal,cuda,U2AF1:K562
AQR,HepG2,chr19:11107523:C:T,0,4,0.39908289909362793,modal,cuda,U2AF1:K562
AQR,HepG2,chr19:11107550:G:A,0,4,1.006639838218689,modal,cuda,U2AF1:K562
AQR,HepG2,chr19:11110613:C:T,0,4,-0.24622011184692383,modal,cuda,U2AF1:K562
AQR,HepG2,chr19:11110648:G:A,0,4,-0.13831520080566406,modal,cuda,U2AF1:K562
AQR,HepG2,chr19:11120513:T:G,1,4,-0.2722611427307129,modal,cuda,U2AF1:K562
AQR,HepG2,chr19:11120515:C:A,1,4,0.8646847009658813,modal,cuda,U2AF1:K562
AQR,HepG2,chr19:11120523:G:A,1,4,2.178934335708618,modal,cuda,U2AF1:K562
AQR,HepG2,chr19:11120527:G:A,0,4,0.4262118339538574,modal,cuda,U2AF1:K562
AQR,HepG2,chr19:11123085:G:A,0,4,-0.17150545120239258,modal,cuda,U2AF1:K562
AQR,HepG2,chr19:11127961:G:A,0,4,-1.2719535827636719,modal,cuda,U2AF1:K562
AQR,HepG2,chr19:11128005:C:T,1,4,0.9397337436676025,modal,cuda,U2AF1:K562
AQR,HepG2,chr19:11128126:C:A,0,4,-0.9983463287353516,modal,cuda,U2AF1:K562
AQR,HepG2,chr19:11128131:C:T,0,4,0.2646827697753906,modal,cuda,U2AF1:K562
AQR,HepG2,chr19:11128132:G:A,0,4,0.3585207462310791,modal,cuda,U2AF1:K562
AQR,HepG2,chr19:11204072:C:T,0,4,0.5220959186553955,modal,cuda,U2AF1:K562
AQR,HepG2,chr19:11448674:C:T,0,4,-0.23316386342048645,modal,cuda,U2AF1:K562
AQR,HepG2,chr19:11449434:C:T,0,4,-1.327349066734314,modal,cuda,U2AF1:K562
AQR,HepG2,chr19:1218385:C:T,0,4,0.6354465484619141,modal,cuda,U2AF1:K562
AQR,HepG2,chr19:1218423:T:C,0,4,-0.3622167110443115,modal,cuda,U2AF1:K562
AQR,HepG2,chr19:1218424:C:T,1,4,2.542923927307129,modal,cuda,U2AF1:K562
AQR,HepG2,chr19:1218524:G:A,0,4,1.0168336629867554,modal,cuda,U2AF1:K562
AQR,HepG2,chr19:1219354:C:T,0,4,2.3081531524658203,modal,cuda,U2AF1:K562
AQR,HepG2,chr19:1219360:G:A,0,4,0.9527820348739624,modal,cuda,U2AF1:K562
AQR,HepG2,chr19:1219369:G:A,0,4,0.6941165924072266,modal,cuda,U2AF1:K562
AQR,HepG2,chr19:1219382:G:T,1,4,2.676682710647583,modal,cuda,U2AF1:K562
AQR,HepG2,chr19:1219430:G:A,0,4,0.42267847061157227,modal,cuda,U2AF1:K562
AQR,HepG2,chr19:1220454:G:C,0,4,0.14558017253875732,modal,cuda,U2AF1:K562
AQR,HepG2,chr19:1220481:A:G,0,4,0.4146277606487274,modal,cuda,U2AF1:K562
AQR,HepG2,chr19:1220496:C:A,0,4,-0.433027982711792,modal,cuda,U2AF1:K562
AQR,HepG2,chr19:1220499:G:A,0,4,-0.32332560420036316,modal,cuda,U2AF1:K562
AQR,HepG2,chr19:1220502:C:A,0,4,-0.36522960662841797,modal,cuda,U2AF1:K562
AQR,HepG2,chr19:1220610:C:G,0,4,-0.5492604970932007,modal,cuda,U2AF1:K562
AQR,HepG2,chr19:1220643:G:A,0,4,2.2104625701904297,modal,cuda,U2AF1:K562
AQR,HepG2,chr19:1221246:A:G,0,4,0.6766555309295654,modal,cuda,U2AF1:K562
AQR,HepG2,chr19:1221261:C:A,1,4,2.746486186981201,modal,cuda,U2AF1:K562
AQR,HepG2,chr19:1221261:C:G,1,4,1.4834628105163574,modal,cuda,U2AF1:K562
AQR,HepG2,chr19:1242049:C:T,0,4,0.13846540451049805,modal,cuda,U2AF1:K562
AQR,HepG2,chr19:12669199:A:G,0,4,0.174607515335083,modal,cuda,U2AF1:K562
AQR,HepG2,chr19:12669214:C:A,1,4,3.2827723026275635,modal,cuda,U2AF1:K562
AQR,HepG2,chr19:12711303:C:G,1,4,-1.5754640102386475,modal,cuda,U2AF1:K562
AQR,HepG2,chr19:12711305:A:G,1,4,-0.7501844167709351,modal,cuda,U2AF1:K562
AQR,HepG2,chr19:12897713:G:A,1,4,0.5267596244812012,modal,cuda,U2AF1:K562
AQR,HepG2,chr19:12897723:C:A,1,4,-3.567246675491333,modal,cuda,U2AF1:K562
AQR,HepG2,chr19:12939276:C:G,0,4,1.8185582160949707,modal,cuda,U2AF1:K562
AQR,HepG2,chr19:1388507:C:T,0,4,-0.3951345682144165,modal,cuda,U2AF1:K562
AQR,HepG2,chr19:1399724:A:C,0,4,-0.5050654411315918,modal,cuda,U2AF1:K562
AQR,HepG2,chr19:1399956:G:A,0,4,-0.1796259880065918,modal,cuda,U2AF1:K562
AQR,HepG2,chr19:15255604:C:T,0,4,2.2934367656707764,modal,cuda,U2AF1:K562
AQR,HepG2,chr19:15255612:A:G,0,4,-0.461423397064209,modal,cuda,U2AF1:K562
AQR,HepG2,chr19:15263414:C:G,0,4,0.709135890007019,modal,cuda,U2AF1:K562
AQR,HepG2,chr19:15265653:A:G,0,4,2.2051007747650146,modal,cuda,U2AF1:K562
AQR,HepG2,chr19:1620950:C:T,0,4,1.9077380895614624,modal,cuda,U2AF1:K562
AQR,HepG2,chr19:1620951:C:G,0,4,1.6181870698928833,modal,cuda,U2AF1:K562
AQR,HepG2,chr19:1620951:C:T,0,4,1.771776795387268,modal,cuda,U2AF1:K562
AQR,HepG2,chr19:17268749:C:T,0,4,0.6403007507324219,modal,cuda,U2AF1:K562
AQR,HepG2,chr19:17338002:T:C,0,4,4.0627121925354,modal,cuda,U2AF1:K562
AQR,HepG2,chr19:17338348:C:G,0,4,0.4054231643676758,modal,cuda,U2AF1:K562
AQR,HepG2,chr19:18160954:C:T,0,4,-0.28377485275268555,modal,cuda,U2AF1:K562
AQR,HepG2,chr19:18168709:A:G,0,4,-0.17245888710021973,modal,cuda,U2AF1:K562
AQR,HepG2,chr19:18168719:A:C,0,4,-1.1866196393966675,modal,cuda,U2AF1:K562
AQR,HepG2,chr19:18168719:A:T,0,4,-1.1158794164657593,modal,cuda,U2AF1:K562
AQR,HepG2,chr19:18168762:G:A,0,4,0.8976353406906128,modal,cuda,U2AF1:K562
AQR,HepG2,chr19:18594499:G:T,0,4,0.4614686965942383,modal,cuda,U2AF1:K562
AQR,HepG2,chr19:2111650:T:C,0,4,-0.6326678991317749,modal,cuda,U2AF1:K562
AQR,HepG2,chr19:2111662:G:A,0,4,-0.3782682418823242,modal,cuda,U2AF1:K562
AQR,HepG2,chr19:2113302:C:T,0,4,0.1676349639892578,modal,cuda,U2AF1:K562
AQR,HepG2,chr19:2123821:G:A,0,4,0.2900905907154083,modal,cuda,U2AF1:K562
AQR,HepG2,chr19:2123882:G:A,0,4,0.934842586517334,modal,cuda,U2AF1:K562
AQR,HepG2,chr19:2123929:C:T,0,4,-1.0927953720092773,modal,cuda,U2AF1:K562
AQR,HepG2,chr19:2127142:C:T,0,4,0.9690146446228027,modal,cuda,U2AF1:K562
AQR,HepG2,chr19:2129474:T:C,0,4,-0.4432647228240967,modal,cuda,U2AF1:K562
AQR,HepG2,chr19:2129475:C:G,0,4,-1.7881746292114258,modal,cuda,U2AF1:K562
AQR,HepG2,chr19:2130393:C:T,0,4,1.4011096954345703,modal,cuda,U2AF1:K562
AQR,HepG2,chr19:2164274:C:G,0,4,-0.22289037704467773,modal,cuda,U2AF1:K562
AQR,HepG2,chr19:2227131:G:C,0,4,1.0553667545318604,modal,cuda,U2AF1:K562
AQR,HepG2,chr19:2431544:C:T,0,4,0.9341481924057007,modal,cuda,U2AF1:K562
AQR,HepG2,chr19:2432534:C:T,0,4,0.5547065734863281,modal,cuda,U2AF1:K562
AQR,HepG2,chr19:2432543:C:T,0,4,-0.5805783867835999,modal,cuda,U2AF1:K562
AQR,HepG2,chr19:2432557:A:G,0,4,-0.43227553367614746,modal,cuda,U2AF1:K562
AQR,HepG2,chr19:2432705:T:C,0,4,0.26495134830474854,modal,cuda,U2AF1:K562
AQR,HepG2,chr19:2434247:T:C,0,4,-0.9987836480140686,modal,cuda,U2AF1:K562
AQR,HepG2,chr19:29942649:C:G,0,4,1.118769884109497,modal,cuda,U2AF1:K562
AQR,HepG2,chr19:34365408:G:A,0,4,1.1132060289382935,modal,cuda,U2AF1:K562
AQR,HepG2,chr19:35737766:C:T,0,4,-0.8699091672897339,modal,cuda,U2AF1:K562
AQR,HepG2,chr19:35737843:T:A,0,4,3.044132709503174,modal,cuda,U2AF1:K562
AQR,HepG2,chr19:38700743:G:C,0,4,-0.3611713647842407,modal,cuda,U2AF1:K562
AQR,HepG2,chr19:38723771:C:T,0,4,-0.644561767578125,modal,cuda,U2AF1:K562
AQR,HepG2,chr19:38838877:C:T,0,4,0.6484886407852173,modal,cuda,U2AF1:K562
AQR,HepG2,chr19:38845640:C:G,0,4,0.5304076671600342,modal,cuda,U2AF1:K562
AQR,HepG2,chr19:3977809:C:T,0,4,1.055759072303772,modal,cuda,U2AF1:K562
AQR,HepG2,chr19:3979314:T:C,0,4,0.3841569423675537,modal,cuda,U2AF1:K562
AQR,HepG2,chr19:3979321:C:A,0,4,0.3603874444961548,modal,cuda,U2AF1:K562
AQR,HepG2,chr19:3980821:C:T,0,4,0.7146933078765869,modal,cuda,U2AF1:K562
AQR,HepG2,chr19:3980826:A:G,0,4,-0.7875989079475403,modal,cuda,U2AF1:K562
AQR,HepG2,chr19:3980828:C:T,0,4,1.083767056465149,modal,cuda,U2AF1:K562
AQR,HepG2,chr19:3982787:C:T,0,4,0.36910879611968994,modal,cuda,U2AF1:K562
AQR,HepG2,chr19:3982794:G:C,0,4,-0.44523894786834717,modal,cuda,U2AF1:K562
AQR,HepG2,chr19:3982795:G:A,0,4,0.7637944221496582,modal,cuda,U2AF1:K562
AQR,HepG2,chr19:3984120:G:A,0,4,-0.7922120094299316,modal,cuda,U2AF1:K562
AQR,HepG2,chr19:3985367:G:A,0,4,-0.6196203231811523,modal,cuda,U2AF1:K562
AQR,HepG2,chr19:40255305:G:A,0,4,0.7222294807434082,modal,cuda,U2AF1:K562
AQR,HepG2,chr19:4101008:C:G,0,4,0.41577064990997314,modal,cuda,U2AF1:K562
AQR,HepG2,chr19:41331218:C:T,0,4,0.2418384552001953,modal,cuda,U2AF1:K562
AQR,HepG2,chr19:41332113:G:A,0,4,-0.4927593469619751,modal,cuda,U2AF1:K562
AQR,HepG2,chr19:41860315:G:T,0,4,1.1435290575027466,modal,cuda,U2AF1:K562
AQR,HepG2,chr19:41869012:C:G,0,4,4.323738098144531,modal,cuda,U2AF1:K562
AQR,HepG2,chr19:41869697:A:G,1,4,7.947483062744141,modal,cuda,U2AF1:K562
AQR,HepG2,chr19:41869765:G:A,0,4,-0.5260262489318848,modal,cuda,U2AF1:K562
AQR,HepG2,chr19:41888059:T:C,0,4,-0.631623387336731,modal,cuda,U2AF1:K562
AQR,HepG2,chr19:41888182:C:G,0,4,4.470860958099365,modal,cuda,U2AF1:K562
AQR,HepG2,chr19:42199798:G:A,0,4,-0.4622802734375,modal,cuda,U2AF1:K562
AQR,HepG2,chr19:42250564:C:T,0,4,-0.540395975112915,modal,cuda,U2AF1:K562
AQR,HepG2,chr19:42254999:T:C,1,4,1.4038666486740112,modal,cuda,U2AF1:K562
AQR,HepG2,chr19:42352925:C:T,0,4,1.1736304759979248,modal,cuda,U2AF1:K562
AQR,HepG2,chr19:43495251:C:T,0,4,1.973854422569275,modal,cuda,U2AF1:K562
AQR,HepG2,chr19:44948697:G:C,0,4,1.5402300357818604,modal,cuda,U2AF1:K562
AQR,HepG2,chr19:44949198:C:A,1,4,4.30790901184082,modal,cuda,U2AF1:K562
AQR,HepG2,chr19:4548003:G:A,0,4,-0.35434454679489136,modal,cuda,U2AF1:K562
AQR,HepG2,chr19:4548018:G:A,0,4,0.9281500577926636,modal,cuda,U2AF1:K562
AQR,HepG2,chr19:46601421:C:A,0,4,0.7793207168579102,modal,cuda,U2AF1:K562
AQR,HepG2,chr19:46605754:T:C,0,4,0.4798252582550049,modal,cuda,U2AF1:K562
AQR,HepG2,chr19:46605894:G:C,0,4,0.32691001892089844,modal,cuda,U2AF1:K562
AQR,HepG2,chr19:46784148:T:C,0,4,-1.8112757205963135,modal,cuda,U2AF1:K562
AQR,HepG2,chr19:4679870:G:A,1,4,-2.4898386001586914,modal,cuda,U2AF1:K562
AQR,HepG2,chr19:48119170:A:G,0,4,0.2476661205291748,modal,cuda,U2AF1:K562
AQR,HepG2,chr19:48119226:A:G,0,4,0.47100305557250977,modal,cuda,U2AF1:K562
AQR,HepG2,chr19:48615463:G:A,0,4,-2.1366779804229736,modal,cuda,U2AF1:K562
AQR,HepG2,chr19:48617331:C:A,0,4,3.3475589752197266,modal,cuda,U2AF1:K562
AQR,HepG2,chr19:48617441:C:T,0,4,1.9996939897537231,modal,cuda,U2AF1:K562
AQR,HepG2,chr19:49490225:C:T,0,4,0.15314531326293945,modal,cuda,U2AF1:K562
AQR,HepG2,chr19:49680531:G:A,0,4,0.4276759624481201,modal,cuda,U2AF1:K562
AQR,HepG2,chr19:51347148:T:C,0,4,-0.6858716011047363,modal,cuda,U2AF1:K562
AQR,HepG2,chr19:51350309:G:A,0,4,-1.3152046203613281,modal,cuda,U2AF1:K562
AQR,HepG2,chr19:51353350:C:T,0,4,1.4700064659118652,modal,cuda,U2AF1:K562
AQR,HepG2,chr19:51353365:T:C,0,4,-0.5938550233840942,modal,cuda,U2AF1:K562
AQR,HepG2,chr19:51353377:G:A,0,4,-0.4216570556163788,modal,cuda,U2AF1:K562
AQR,HepG2,chr19:51353387:G:C,0,4,-1.1110886335372925,modal,cuda,U2AF1:K562
AQR,HepG2,chr19:56823683:A:C,0,4,1.3583027124404907,modal,cuda,U2AF1:K562
AQR,HepG2,chr19:56824431:C:T,0,4,-0.6044583320617676,modal,cuda,U2AF1:K562
AQR,HepG2,chr19:5693278:G:T,0,4,1.7471346855163574,modal,cuda,U2AF1:K562
AQR,HepG2,chr19:5693298:C:A,0,4,0.7074272632598877,modal,cuda,U2AF1:K562
AQR,HepG2,chr19:5693301:A:G,0,4,1.1392176151275635,modal,cuda,U2AF1:K562
AQR,HepG2,chr19:5696355:C:T,0,4,0.7132208347320557,modal,cuda,U2AF1:K562
AQR,HepG2,chr19:5708373:G:C,1,4,-0.24352321028709412,modal,cuda,U2AF1:K562
AQR,HepG2,chr19:579519:C:T,0,4,1.7278990745544434,modal,cuda,U2AF1:K562
AQR,HepG2,chr19:580388:C:G,0,4,2.0636632442474365,modal,cuda,U2AF1:K562
AQR,HepG2,chr19:582505:G:A,0,4,0.3911142349243164,modal,cuda,U2AF1:K562
AQR,HepG2,chr19:58545418:C:T,0,4,-1.4189796447753906,modal,cuda,U2AF1:K562
AQR,HepG2,chr19:58548597:G:A,0,4,4.714498519897461,modal,cuda,U2AF1:K562
AQR,HepG2,chr19:58548789:G:T,0,4,1.0478614568710327,modal,cuda,U2AF1:K562
AQR,HepG2,chr19:58548842:T:G,0,4,4.227444648742676,modal,cuda,U2AF1:K562
AQR,HepG2,chr19:58550055:A:G,0,4,-0.5095502138137817,modal,cuda,U2AF1:K562
AQR,HepG2,chr19:6686078:G:A,0,4,0.19032669067382812,modal,cuda,U2AF1:K562
AQR,HepG2,chr19:6693376:G:A,0,4,-0.5885241031646729,modal,cuda,U2AF1:K562
AQR,HepG2,chr19:6694388:G:A,0,4,-0.47568655014038086,modal,cuda,U2AF1:K562
AQR,HepG2,chr19:6696485:T:C,0,4,0.6771843433380127,modal,cuda,U2AF1:K562
AQR,HepG2,chr19:6696546:C:G,0,4,0.938422441482544,modal,cuda,U2AF1:K562
AQR,HepG2,chr19:6718067:T:G,0,4,-0.3146679699420929,modal,cuda,U2AF1:K562
AQR,HepG2,chr19:7184264:C:T,0,4,1.6040183305740356,modal,cuda,U2AF1:K562
AQR,HepG2,chr19:7557340:G:A,0,4,0.510921835899353,modal,cuda,U2AF1:K562
AQR,HepG2,chr19:7911587:C:T,0,4,0.6655759811401367,modal,cuda,U2AF1:K562
AQR,HepG2,chr19:797517:G:C,0,4,0.589044451713562,modal,cuda,U2AF1:K562
AQR,HepG2,chr19:8403405:C:T,0,4,-0.30115509033203125,modal,cuda,U2AF1:K562
AQR,HepG2,chr19:8468767:C:G,0,4,1.0323824882507324,modal,cuda,U2AF1:K562
AQR,HepG2,chr19:964434:G:A,0,4,-0.6197628974914551,modal,cuda,U2AF1:K562
AQR,HepG2,chr1:1041134:C:A,0,0,-0.08265447616577148,modal,cuda,U2AF1:K562
AQR,HepG2,chr1:1041158:A:C,0,0,-0.23422694206237793,modal,cuda,U2AF1:K562
AQR,HepG2,chr1:1042190:G:A,0,0,0.3309785723686218,modal,cuda,U2AF1:K562
AQR,HepG2,chr1:1048822:A:G,0,0,-0.818840742111206,modal,cuda,U2AF1:K562
AQR,HepG2,chr1:1050080:T:C,0,0,0.25034040212631226,modal,cuda,U2AF1:K562
AQR,HepG2,chr1:1055037:T:C,0,0,-0.1400970220565796,modal,cuda,U2AF1:K562
AQR,HepG2,chr1:109627335:A:G,0,0,-0.2413952350616455,modal,cuda,U2AF1:K562
AQR,HepG2,chr1:109627353:G:A,0,0,0.19398242235183716,modal,cuda,U2AF1:K562
AQR,HepG2,chr1:109630674:C:A,0,0,1.8720691204071045,modal,cuda,U2AF1:K562
AQR,HepG2,chr1:11127815:A:C,0,0,0.7649229764938354,modal,cuda,U2AF1:K562
AQR,HepG2,chr1:11127836:T:C,0,0,0.585291862487793,modal,cuda,U2AF1:K562
AQR,HepG2,chr1:11127955:C:T,0,0,0.24368464946746826,modal,cuda,U2AF1:K562
AQR,HepG2,chr1:11128001:C:T,0,0,-1.3671215772628784,modal,cuda,U2AF1:K562
AQR,HepG2,chr1:11248031:C:T,0,0,0.9330613613128662,modal,cuda,U2AF1:K562
AQR,HepG2,chr1:11248042:T:C,0,0,-0.32840824127197266,modal,cuda,U2AF1:K562
AQR,HepG2,chr1:11248080:T:G,0,0,-0.09627628326416016,modal,cuda,U2AF1:K562
AQR,HepG2,chr1:11248122:T:C,0,0,-0.24966740608215332,modal,cuda,U2AF1:K562
AQR,HepG2,chr1:11253847:C:G,0,0,0.2741227149963379,modal,cuda,U2AF1:K562
AQR,HepG2,chr1:11253894:T:G,0,0,0.2568928003311157,modal,cuda,U2AF1:K562
AQR,HepG2,chr1:112694012:C:T,0,0,1.6347711086273193,modal,cuda,U2AF1:K562
AQR,HepG2,chr1:116373534:G:A,0,0,0.14032971858978271,modal,cuda,U2AF1:K562
AQR,HepG2,chr1:116403983:T:C,0,0,0.41671818494796753,modal,cuda,U2AF1:K562
AQR,HepG2,chr1:116404013:T:C,0,0,0.6339269876480103,modal,cuda,U2AF1:K562
AQR,HepG2,chr1:116404401:C:T,0,0,-0.2832777500152588,modal,cuda,U2AF1:K562
AQR,HepG2,chr1:11806337:C:A,0,0,0.18603980541229248,modal,cuda,U2AF1:K562
AQR,HepG2,chr1:11816605:G:A,0,0,0.7248184084892273,modal,cuda,U2AF1:K562
AQR,HepG2,chr1:11816629:T:C,0,0,-1.1585988998413086,modal,cuda,U2AF1:K562
AQR,HepG2,chr1:11816635:G:A,0,0,0.30057787895202637,modal,cuda,U2AF1:K562
AQR,HepG2,chr1:11819529:A:G,0,0,-0.6466704607009888,modal,cuda,U2AF1:K562
AQR,HepG2,chr1:12579283:T:G,0,0,0.2601616382598877,modal,cuda,U2AF1:K562
AQR,HepG2,chr1:1339820:G:A,0,0,0.02723860740661621,modal,cuda,U2AF1:K562
AQR,HepG2,chr1:1339911:G:A,0,0,0.13903993368148804,modal,cuda,U2AF1:K562
AQR,HepG2,chr1:147264433:C:T,0,0,0.5181357860565186,modal,cuda,U2AF1:K562
AQR,HepG2,chr1:147264451:C:T,0,0,1.5662696361541748,modal,cuda,U2AF1:K562
AQR,HepG2,chr1:147268843:C:G,0,0,-0.14779925346374512,modal,cuda,U2AF1:K562
AQR,HepG2,chr1:150444268:A:G,0,0,-0.09819352626800537,modal,cuda,U2AF1:K562
AQR,HepG2,chr1:150578448:T:C,0,0,-0.61673504114151,modal,cuda,U2AF1:K562
AQR,HepG2,chr1:150578834:C:A,0,0,0.6197078227996826,modal,cuda,U2AF1:K562
AQR,HepG2,chr1:151289291:C:T,0,0,0.07954448461532593,modal,cuda,U2AF1:K562
AQR,HepG2,chr1:151400203:A:G,0,0,0.1895887851715088,modal,cuda,U2AF1:K562
AQR,HepG2,chr1:151401219:T:C,0,0,-0.7056093811988831,modal,cuda,U2AF1:K562
AQR,HepG2,chr1:1520319:G:C,0,0,0.06469225883483887,modal,cuda,U2AF1:K562
AQR,HepG2,chr1:154172971:C:T,1,0,1.3391789197921753,modal,cuda,U2AF1:K562
AQR,HepG2,chr1:154172972:G:A,1,0,1.0088484287261963,modal,cuda,U2AF1:K562
AQR,HepG2,chr1:154589943:G:A,0,0,0.22758865356445312,modal,cuda,U2AF1:K562
AQR,HepG2,chr1:155312274:T:C,0,0,0.1951591968536377,modal,cuda,U2AF1:K562
AQR,HepG2,chr1:155318292:G:A,1,0,1.7813844680786133,modal,cuda,U2AF1:K562
AQR,HepG2,chr1:155320440:T:C,0,0,-0.6238666772842407,modal,cuda,U2AF1:K562
AQR,HepG2,chr1:155965141:A:G,0,0,-0.30521583557128906,modal,cuda,U2AF1:K562
AQR,HepG2,chr1:155965141:A:T,0,0,0.6174106597900391,modal,cuda,U2AF1:K562
AQR,HepG2,chr1:156134584:G:T,0,0,-0.6780524253845215,modal,cuda,U2AF1:K562
AQR,HepG2,chr1:156134601:C:T,0,0,0.23109391331672668,modal,cuda,U2AF1:K562
AQR,HepG2,chr1:156135890:C:G,1,0,0.6311608552932739,modal,cuda,U2AF1:K562
AQR,HepG2,chr1:156334921:A:G,0,0,0.6264712810516357,modal,cuda,U2AF1:K562
AQR,HepG2,chr1:160295878:G:C,0,0,0.08702647686004639,modal,cuda,U2AF1:K562
AQR,HepG2,chr1:161222526:G:A,0,0,0.6027898788452148,modal,cuda,U2AF1:K562
AQR,HepG2,chr1:16125329:C:T,1,0,-0.1926860809326172,modal,cuda,U2AF1:K562
AQR,HepG2,chr1:16133142:C:T,0,0,0.3513680696487427,modal,cuda,U2AF1:K562
AQR,HepG2,chr1:16135193:T:C,0,0,0.3150925636291504,modal,cuda,U2AF1:K562
AQR,HepG2,chr1:16135639:C:T,0,0,0.3535447120666504,modal,cuda,U2AF1:K562
AQR,HepG2,chr1:16138441:C:T,0,0,0.579656720161438,modal,cuda,U2AF1:K562
AQR,HepG2,chr1:16150928:G:C,0,0,-0.12131631374359131,modal,cuda,U2AF1:K562
AQR,HepG2,chr1:16150972:G:A,0,0,0.40612244606018066,modal,cuda,U2AF1:K562
AQR,HepG2,chr1:165759546:G:A,1,0,0.9975506067276001,modal,cuda,U2AF1:K562
AQR,HepG2,chr1:169546601:C:A,0,0,-0.2652168273925781,modal,cuda,U2AF1:K562
AQR,HepG2,chr1:169546636:T:A,0,0,-0.24043262004852295,modal,cuda,U2AF1:K562
AQR,HepG2,chr1:17602183:G:A,0,0,-0.7792443037033081,modal,cuda,U2AF1:K562
AQR,HepG2,chr1:17622992:G:T,0,0,0.1801360845565796,modal,cuda,U2AF1:K562
AQR,HepG2,chr1:17632449:T:C,0,0,-0.5718298554420471,modal,cuda,U2AF1:K562
AQR,HepG2,chr1:1790609:C:T,0,0,0.29987621307373047,modal,cuda,U2AF1:K562
AQR,HepG2,chr1:1815749:C:T,0,0,0.16174505650997162,modal,cuda,U2AF1:K562
AQR,HepG2,chr1:1815750:G:A,0,0,-0.8014994859695435,modal,cuda,U2AF1:K562
AQR,HepG2,chr1:1815771:C:T,1,0,1.0693914890289307,modal,cuda,U2AF1:K562
AQR,HepG2,chr1:1815796:G:C,1,0,-0.34162986278533936,modal,cuda,U2AF1:K562
AQR,HepG2,chr1:1815869:A:G,0,0,0.6382453441619873,modal,cuda,U2AF1:K562
AQR,HepG2,chr1:1815879:T:C,0,0,0.33929622173309326,modal,cuda,U2AF1:K562
AQR,HepG2,chr1:1817857:C:T,0,0,-0.5963307023048401,modal,cuda,U2AF1:K562
AQR,HepG2,chr1:1817872:C:T,0,0,0.18679320812225342,modal,cuda,U2AF1:K562
AQR,HepG2,chr1:182385715:A:G,0,0,0.3437396287918091,modal,cuda,U2AF1:K562
AQR,HepG2,chr1:182385911:A:G,0,0,0.22433996200561523,modal,cuda,U2AF1:K562
AQR,HepG2,chr1:182387112:T:C,0,0,0.6087849140167236,modal,cuda,U2AF1:K562
AQR,HepG2,chr1:183133584:C:T,0,0,-0.34906333684921265,modal,cuda,U2AF1:K562
AQR,HepG2,chr1:18876432:T:C,0,0,0.3188022971153259,modal,cuda,U2AF1:K562
AQR,HepG2,chr1:18883049:A:G,0,0,-0.08701532334089279,modal,cuda,U2AF1:K562
AQR,HepG2,chr1:18886528:G:A,0,0,0.5365418195724487,modal,cuda,U2AF1:K562
AQR,HepG2,chr1:18889340:T:C,0,0,-1.138261079788208,modal,cuda,U2AF1:K562
AQR,HepG2,chr1:19165007:G:A,0,0,-0.6975502967834473,modal,cuda,U2AF1:K562
AQR,HepG2,chr1:203861715:T:A,1,0,-0.9241252541542053,modal,cuda,U2AF1:K562
AQR,HepG2,chr1:207767777:A:G,1,0,4.677117824554443,modal,cuda,U2AF1:K562
AQR,HepG2,chr1:207767846:G:T,0,0,-0.11446905136108398,modal,cuda,U2AF1:K562
AQR,HepG2,chr1:219927785:T:C,0,0,-0.2777552604675293,modal,cuda,U2AF1:K562
AQR,HepG2,chr1:225838915:G:A,0,0,0.21586185693740845,modal,cuda,U2AF1:K562
AQR,HepG2,chr1:225921374:A:G,0,0,-0.21488261222839355,modal,cuda,U2AF1:K562
AQR,HepG2,chr1:226940407:T:C,0,0,-0.24628162384033203,modal,cuda,U2AF1:K562
AQR,HepG2,chr1:226983509:G:A,0,0,0.05831150710582733,modal,cuda,U2AF1:K562
AQR,HepG2,chr1:226983711:T:A,0,0,0.7491528391838074,modal,cuda,U2AF1:K562
AQR,HepG2,chr1:226985202:G:A,0,0,0.23188817501068115,modal,cuda,U2AF1:K562
AQR,HepG2,chr1:228402165:C:A,0,0,-0.2262105941772461,modal,cuda,U2AF1:K562
AQR,HepG2,chr1:2303121:G:A,0,0,0.7075191736221313,modal,cuda,U2AF1:K562
AQR,HepG2,chr1:2303193:G:A,0,0,0.6020920276641846,modal,cuda,U2AF1:K562
AQR,HepG2,chr1:2304117:C:T,0,0,0.11340224742889404,modal,cuda,U2AF1:K562
AQR,HepG2,chr1:230705815:G:A,0,0,0.13142132759094238,modal,cuda,U2AF1:K562
AQR,HepG2,chr1:230710933:T:C,0,0,-0.35068511962890625,modal,cuda,U2AF1:K562
AQR,HepG2,chr1:234607870:T:C,0,0,-0.49266862869262695,modal,cuda,U2AF1:K562
AQR,HepG2,chr1:23693789:G:C,0,0,-0.23705017566680908,modal,cuda,U2AF1:K562
AQR,HepG2,chr1:2406687:C:A,0,0,0.5540106296539307,modal,cuda,U2AF1:K562
AQR,HepG2,chr1:2406749:C:T,1,0,0.5093516111373901,modal,cuda,U2AF1:K562
AQR,HepG2,chr1:244843137:C:T,0,0,0.21829843521118164,modal,cuda,U2AF1:K562
AQR,HepG2,chr1:244843172:A:G,0,0,0.11818623542785645,modal,cuda,U2AF1:K562
AQR,HepG2,chr1:244856629:T:A,0,0,-0.9428119659423828,modal,cuda,U2AF1:K562
AQR,HepG2,chr1:244856866:A:G,0,0,2.1926348209381104,modal,cuda,U2AF1:K562
AQR,HepG2,chr1:244859251:A:C,0,0,-0.5372805595397949,modal,cuda,U2AF1:K562
AQR,HepG2,chr1:244862744:G:A,0,0,-0.5857815742492676,modal,cuda,U2AF1:K562
AQR,HepG2,chr1:244863621:C:T,0,0,0.05626487731933594,modal,cuda,U2AF1:K562
AQR,HepG2,chr1:26272017:T:G,0,0,-0.7535356879234314,modal,cuda,U2AF1:K562
AQR,HepG2,chr1:39001114:C:G,0,0,-0.14853930473327637,modal,cuda,U2AF1:K562
AQR,HepG2,chr1:40979845:G:T,0,0,-0.4597563147544861,modal,cuda,U2AF1:K562
AQR,HepG2,chr1:42929050:T:C,0,0,-0.16822142899036407,modal,cuda,U2AF1:K562
AQR,HepG2,chr1:42930916:G:A,0,0,0.7773463726043701,modal,cuda,U2AF1:K562
AQR,HepG2,chr1:43403564:G:C,0,0,0.42072874307632446,modal,cuda,U2AF1:K562
AQR,HepG2,chr1:45511415:C:A,1,0,2.4386167526245117,modal,cuda,U2AF1:K562
AQR,HepG2,chr1:54865293:T:C,0,0,-0.4330345392227173,modal,cuda,U2AF1:K562
AQR,HepG2,chr1:54871642:C:G,0,0,0.7537886500358582,modal,cuda,U2AF1:K562
AQR,HepG2,chr1:54883599:G:A,0,0,-0.2519695460796356,modal,cuda,U2AF1:K562
AQR,HepG2,chr1:54886870:C:G,0,0,0.17041081190109253,modal,cuda,U2AF1:K562
AQR,HepG2,chr1:55040059:A:G,0,0,-0.8865370154380798,modal,cuda,U2AF1:K562
AQR,HepG2,chr1:55052267:G:A,0,0,0.8085240125656128,modal,cuda,U2AF1:K562
AQR,HepG2,chr1:5873285:C:T,1,0,2.7068119049072266,modal,cuda,U2AF1:K562
AQR,HepG2,chr1:5873347:G:A,0,0,-0.22918230295181274,modal,cuda,U2AF1:K562
AQR,HepG2,chr1:6448565:A:G,0,0,-0.259124219417572,modal,cuda,U2AF1:K562
AQR,HepG2,chr1:6448573:G:T,0,0,0.27399682998657227,modal,cuda,U2AF1:K562
AQR,HepG2,chr1:6451522:A:G,0,0,-0.2861381769180298,modal,cuda,U2AF1:K562
AQR,HepG2,chr1:6459964:C:A,0,0,0.18567818403244019,modal,cuda,U2AF1:K562
AQR,HepG2,chr1:6459979:C:T,0,0,-0.16519105434417725,modal,cuda,U2AF1:K562
AQR,HepG2,chr1:8358193:C:T,0,0,-0.5526805520057678,modal,cuda,U2AF1:K562
AQR,HepG2,chr1:92840587:C:T,1,0,2.280792236328125,modal,cuda,U2AF1:K562
AQR,HepG2,chr1:92841745:A:G,0,0,-0.06624007225036621,modal,cuda,U2AF1:K562
AQR,HepG2,chr1:92841757:C:A,0,0,0.12162208557128906,modal,cuda,U2AF1:K562
AQR,HepG2,chr1:92841817:A:G,0,0,-1.0887362957000732,modal,cuda,U2AF1:K562
AQR,HepG2,chr1:96769734:A:G,0,0,0.7948330640792847,modal,cuda,U2AF1:K562
AQR,HepG2,chr20:10642441:C:T,0,0,0.4057607650756836,modal,cuda,U2AF1:K562
AQR,HepG2,chr20:10645093:C:G,0,0,0.2173532247543335,modal,cuda,U2AF1:K562
AQR,HepG2,chr20:10645105:C:T,0,0,0.5045762658119202,modal,cuda,U2AF1:K562
AQR,HepG2,chr20:10645126:G:A,0,0,-0.29948174953460693,modal,cuda,U2AF1:K562
AQR,HepG2,chr20:10646898:G:A,0,0,-0.2172555923461914,modal,cuda,U2AF1:K562
AQR,HepG2,chr20:10651710:T:C,0,0,-0.1089017391204834,modal,cuda,U2AF1:K562
AQR,HepG2,chr20:10652308:T:C,0,0,0.17233413457870483,modal,cuda,U2AF1:K562
AQR,HepG2,chr20:10658737:A:G,0,0,0.1943681240081787,modal,cuda,U2AF1:K562
AQR,HepG2,chr20:10658744:A:C,0,0,0.8422199487686157,modal,cuda,U2AF1:K562
AQR,HepG2,chr20:13787297:C:T,0,0,-0.30368924140930176,modal,cuda,U2AF1:K562
AQR,HepG2,chr20:13787310:A:T,1,0,3.6534194946289062,modal,cuda,U2AF1:K562
AQR,HepG2,chr20:13787360:G:A,0,0,0.20436644554138184,modal,cuda,U2AF1:K562
AQR,HepG2,chr20:13816446:C:A,0,0,-0.547691822052002,modal,cuda,U2AF1:K562
AQR,HepG2,chr20:13816533:G:A,0,0,0.39791929721832275,modal,cuda,U2AF1:K562
AQR,HepG2,chr20:23421338:T:C,0,0,0.7229900360107422,modal,cuda,U2AF1:K562
AQR,HepG2,chr20:2467826:A:C,0,0,-0.4488822817802429,modal,cuda,U2AF1:K562
AQR,HepG2,chr20:2470762:G:T,1,0,-0.15709924697875977,modal,cuda,U2AF1:K562
AQR,HepG2,chr20:25303488:C:A,0,0,-0.3167775869369507,modal,cuda,U2AF1:K562
AQR,HepG2,chr20:2657933:T:C,0,0,-0.8046252727508545,modal,cuda,U2AF1:K562
AQR,HepG2,chr20:2658234:G:A,0,0,0.89804607629776,modal,cuda,U2AF1:K562
AQR,HepG2,chr20:2658236:T:C,0,0,-0.2962379455566406,modal,cuda,U2AF1:K562
AQR,HepG2,chr20:3218631:C:A,1,0,0.4052487909793854,modal,cuda,U2AF1:K562
AQR,HepG2,chr20:3221881:G:A,1,0,1.8696961402893066,modal,cuda,U2AF1:K562
AQR,HepG2,chr20:3221913:C:T,1,0,0.9747394323348999,modal,cuda,U2AF1:K562
AQR,HepG2,chr20:3221990:G:A,0,0,0.2646602988243103,modal,cuda,U2AF1:K562
AQR,HepG2,chr20:3223304:T:A,0,0,-0.09424567222595215,modal,cuda,U2AF1:K562
AQR,HepG2,chr20:3223416:G:A,0,0,-1.2728724479675293,modal,cuda,U2AF1:K562
AQR,HepG2,chr20:3230258:G:C,1,0,0.7419744729995728,modal,cuda,U2AF1:K562
AQR,HepG2,chr20:3230515:C:T,1,0,1.9210617542266846,modal,cuda,U2AF1:K562
AQR,HepG2,chr20:32358772:A:G,0,0,0.4804924726486206,modal,cuda,U2AF1:K562
AQR,HepG2,chr20:32358884:C:T,0,0,-0.08165812492370605,modal,cuda,U2AF1:K562
AQR,HepG2,chr20:32366492:A:G,0,0,-0.2784942388534546,modal,cuda,U2AF1:K562
AQR,HepG2,chr20:3237557:G:C,1,0,0.3601951599121094,modal,cuda,U2AF1:K562
AQR,HepG2,chr20:3237570:G:T,1,0,1.1417783498764038,modal,cuda,U2AF1:K562
AQR,HepG2,chr20:3237596:G:C,0,0,0.19251275062561035,modal,cuda,U2AF1:K562
AQR,HepG2,chr20:32429916:A:G,0,0,0.3163958787918091,modal,cuda,U2AF1:K562
AQR,HepG2,chr20:32429917:C:T,0,0,1.0622104406356812,modal,cuda,U2AF1:K562
AQR,HepG2,chr20:32429940:C:T,0,0,-0.13795995712280273,modal,cuda,U2AF1:K562
AQR,HepG2,chr20:34285641:G:A,0,0,-0.20967459678649902,modal,cuda,U2AF1:K562
AQR,HepG2,chr20:34303226:C:A,0,0,0.18973016738891602,modal,cuda,U2AF1:K562
AQR,HepG2,chr20:35463587:C:T,1,0,1.6705399751663208,modal,cuda,U2AF1:K562
AQR,HepG2,chr20:35467533:G:T,1,0,1.394424557685852,modal,cuda,U2AF1:K562
AQR,HepG2,chr20:35491196:C:G,0,0,1.6355772018432617,modal,cuda,U2AF1:K562
AQR,HepG2,chr20:37232377:C:T,0,0,-0.18036675453186035,modal,cuda,U2AF1:K562
AQR,HepG2,chr20:37232385:C:T,0,0,0.37524545192718506,modal,cuda,U2AF1:K562
AQR,HepG2,chr20:37396157:C:T,0,0,0.10687041282653809,modal,cuda,U2AF1:K562
AQR,HepG2,chr20:3889670:C:G,1,0,-0.43418431282043457,modal,cuda,U2AF1:K562
AQR,HepG2,chr20:3889695:C:T,1,0,-0.3965986967086792,modal,cuda,U2AF1:K562
AQR,HepG2,chr20:3889758:C:G,0,0,0.21717619895935059,modal,cuda,U2AF1:K562
AQR,HepG2,chr20:3889762:C:T,0,0,-0.1516648530960083,modal,cuda,U2AF1:K562
AQR,HepG2,chr20:3889763:C:T,0,0,-0.18752431869506836,modal,cuda,U2AF1:K562
AQR,HepG2,chr20:3889770:C:A,0,0,0.8335008025169373,modal,cuda,U2AF1:K562
AQR,HepG2,chr20:3910559:A:C,0,0,-0.46812117099761963,modal,cuda,U2AF1:K562
AQR,HepG2,chr20:3910589:C:T,1,0,1.090806245803833,modal,cuda,U2AF1:K562
AQR,HepG2,chr20:3910598:A:G,1,0,-0.6460349559783936,modal,cuda,U2AF1:K562
AQR,HepG2,chr20:3910607:G:T,1,0,1.9281377792358398,modal,cuda,U2AF1:K562
AQR,HepG2,chr20:408812:C:T,0,0,-0.25574415922164917,modal,cuda,U2AF1:K562
AQR,HepG2,chr20:410002:G:A,0,0,0.5949352979660034,modal,cuda,U2AF1:K562
AQR,HepG2,chr20:419702:G:T,1,0,1.7445852756500244,modal,cuda,U2AF1:K562
AQR,HepG2,chr20:419713:G:T,0,0,0.6142382025718689,modal,cuda,U2AF1:K562
AQR,HepG2,chr20:419726:C:T,1,0,0.47273653745651245,modal,cuda,U2AF1:K562
AQR,HepG2,chr20:428921:G:A,0,0,0.23095595836639404,modal,cuda,U2AF1:K562
AQR,HepG2,chr20:44406020:T:C,0,0,-0.16785287857055664,modal,cuda,U2AF1:K562
AQR,HepG2,chr20:44406054:G:A,0,0,-0.30473482608795166,modal,cuda,U2AF1:K562
AQR,HepG2,chr20:44407360:A:G,1,0,-3.3876419067382812,modal,cuda,U2AF1:K562
AQR,HepG2,chr20:44407494:C:T,0,0,-0.30117765069007874,modal,cuda,U2AF1:K562
AQR,HepG2,chr20:44414455:G:A,0,0,0.20403870940208435,modal,cuda,U2AF1:K562
AQR,HepG2,chr20:44428481:C:T,1,0,-0.33319491147994995,modal,cuda,U2AF1:K562
AQR,HepG2,chr20:44429456:C:G,0,0,-0.5227888822555542,modal,cuda,U2AF1:K562
AQR,HepG2,chr20:445095:G:A,1,0,0.9276800155639648,modal,cuda,U2AF1:K562
AQR,HepG2,chr20:462293:C:G,0,0,0.16370630264282227,modal,cuda,U2AF1:K562
AQR,HepG2,chr20:48941849:T:C,0,0,0.21426129341125488,modal,cuda,U2AF1:K562
AQR,HepG2,chr20:499976:A:T,0,0,0.12049996852874756,modal,cuda,U2AF1:K562
AQR,HepG2,chr20:50948650:G:C,1,0,-0.27205419540405273,modal,cuda,U2AF1:K562
AQR,HepG2,chr20:5118870:G:A,0,0,-0.7101775407791138,modal,cuda,U2AF1:K562
AQR,HepG2,chr20:57562631:A:C,0,0,0.4881361722946167,modal,cuda,U2AF1:K562
AQR,HepG2,chr20:57562984:G:C,0,0,0.2821376323699951,modal,cuda,U2AF1:K562
AQR,HepG2,chr20:58651457:G:A,0,0,0.30417490005493164,modal,cuda,U2AF1:K562
AQR,HepG2,chr20:58651473:C:G,0,0,-0.15669268369674683,modal,cuda,U2AF1:K562
AQR,HepG2,chr20:58651944:T:C,0,0,0.1665538102388382,modal,cuda,U2AF1:K562
AQR,HepG2,chr20:58651982:A:C,0,0,0.3733029365539551,modal,cuda,U2AF1:K562
AQR,HepG2,chr20:58673636:A:T,0,0,-0.13742226362228394,modal,cuda,U2AF1:K562
AQR,HepG2,chr20:58891826:A:T,1,0,0.4234306216239929,modal,cuda,U2AF1:K562
AQR,HepG2,chr20:58891829:C:T,1,0,-0.9426648616790771,modal,cuda,U2AF1:K562
AQR,HepG2,chr20:58891850:C:A,1,0,-0.04942524433135986,modal,cuda,U2AF1:K562
AQR,HepG2,chr20:58891850:C:T,1,0,0.09129083156585693,modal,cuda,U2AF1:K562
AQR,HepG2,chr20:58891853:C:G,1,0,-0.19842618703842163,modal,cuda,U2AF1:K562
AQR,HepG2,chr20:58891866:G:A,1,0,0.7692297697067261,modal,cuda,U2AF1:K562
AQR,HepG2,chr20:58891866:G:C,1,0,1.0251429080963135,modal,cuda,U2AF1:K562
AQR,HepG2,chr20:58891867:T:C,1,0,1.0150490999221802,modal,cuda,U2AF1:K562
AQR,HepG2,chr20:58895629:A:G,1,0,-0.22964739799499512,modal,cuda,U2AF1:K562
AQR,HepG2,chr20:58903801:A:T,0,0,0.15931105613708496,modal,cuda,U2AF1:K562
AQR,HepG2,chr20:58903802:C:A,0,0,0.3300706744194031,modal,cuda,U2AF1:K562
AQR,HepG2,chr20:58909186:C:T,0,0,1.2340342998504639,modal,cuda,U2AF1:K562
AQR,HepG2,chr20:58909190:C:T,1,0,1.171309471130371,modal,cuda,U2AF1:K562
AQR,HepG2,chr20:58909201:T:G,1,0,1.8549875020980835,modal,cuda,U2AF1:K562
AQR,HepG2,chr20:59032205:G:A,0,0,-0.09967124462127686,modal,cuda,U2AF1:K562
AQR,HepG2,chr20:62140809:G:A,0,0,-0.45526131987571716,modal,cuda,U2AF1:K562
AQR,HepG2,chr20:62159842:G:A,0,0,0.17143917083740234,modal,cuda,U2AF1:K562
AQR,HepG2,chr20:62161393:G:A,0,0,0.7856011986732483,modal,cuda,U2AF1:K562
AQR,HepG2,chr20:62161411:C:T,0,0,-0.30836373567581177,modal,cuda,U2AF1:K562
AQR,HepG2,chr20:62281182:G:A,0,0,-0.48655009269714355,modal,cuda,U2AF1:K562
AQR,HepG2,chr20:62281196:C:T,0,0,0.19981712102890015,modal,cuda,U2AF1:K562
AQR,HepG2,chr20:62281225:G:A,0,0,0.7617105841636658,modal,cuda,U2AF1:K562
AQR,HepG2,chr20:62310372:C:A,0,0,0.7658506631851196,modal,cuda,U2AF1:K562
AQR,HepG2,chr20:62316646:G:A,0,0,0.08007240295410156,modal,cuda,U2AF1:K562
AQR,HepG2,chr20:62324566:C:T,0,0,-1.526178240776062,modal,cuda,U2AF1:K562
AQR,HepG2,chr20:62324567:G:A,0,0,1.4108848571777344,modal,cuda,U2AF1:K562
AQR,HepG2,chr20:62352201:G:A,0,0,-0.06657028198242188,modal,cuda,U2AF1:K562
AQR,HepG2,chr20:62353047:C:T,0,0,0.48217833042144775,modal,cuda,U2AF1:K562
AQR,HepG2,chr20:62353117:C:A,0,0,-0.2694808542728424,modal,cuda,U2AF1:K562
AQR,HepG2,chr20:62353120:C:T,0,0,0.2284696102142334,modal,cuda,U2AF1:K562
AQR,HepG2,chr20:62821485:G:A,0,0,0.28388333320617676,modal,cuda,U2AF1:K562
AQR,HepG2,chr20:62822197:G:A,0,0,0.12197732925415039,modal,cuda,U2AF1:K562
AQR,HepG2,chr20:62827459:C:A,0,0,0.6326362490653992,modal,cuda,U2AF1:K562
AQR,HepG2,chr20:62963266:C:T,0,0,0.42840492725372314,modal,cuda,U2AF1:K562
AQR,HepG2,chr20:62966741:C:T,0,0,0.2703392505645752,modal,cuda,U2AF1:K562
AQR,HepG2,chr20:63661511:C:T,0,0,-0.06791454553604126,modal,cuda,U2AF1:K562
AQR,HepG2,chr20:63873800:G:A,0,0,0.3515768051147461,modal,cuda,U2AF1:K562
AQR,HepG2,chr20:63929545:C:T,0,0,0.24101057648658752,modal,cuda,U2AF1:K562
AQR,HepG2,chr20:63981322:G:A,0,0,0.0665743350982666,modal,cuda,U2AF1:K562
AQR,HepG2,chr20:63983032:G:C,0,0,0.9790209531784058,modal,cuda,U2AF1:K562
AQR,HepG2,chr20:64025924:G:A,0,0,0.34689295291900635,modal,cuda,U2AF1:K562
AQR,HepG2,chr20:64028584:C:T,0,0,-0.06393788754940033,modal,cuda,U2AF1:K562
AQR,HepG2,chr21:31659801:G:C,1,0,0.48119229078292847,modal,cuda,U2AF1:K562
AQR,HepG2,chr21:32607716:G:T,1,0,0.041597843170166016,modal,cuda,U2AF1:K562
AQR,HepG2,chr21:32607732:G:C,0,0,0.3698868751525879,modal,cuda,U2AF1:K562
AQR,HepG2,chr21:33546193:C:T,0,0,-1.302974820137024,modal,cuda,U2AF1:K562
AQR,HepG2,chr21:33546246:A:G,0,0,-0.8394603133201599,modal,cuda,U2AF1:K562
AQR,HepG2,chr21:33549618:T:A,1,0,1.7356860637664795,modal,cuda,U2AF1:K562
AQR,HepG2,chr21:33549625:C:T,1,0,2.4710702896118164,modal,cuda,U2AF1:K562
AQR,HepG2,chr21:33549634:G:T,1,0,2.150641679763794,modal,cuda,U2AF1:K562
AQR,HepG2,chr21:33549650:C:T,0,0,1.0671191215515137,modal,cuda,U2AF1:K562
AQR,HepG2,chr21:33549679:T:C,0,0,1.2706164121627808,modal,cuda,U2AF1:K562
AQR,HepG2,chr21:33582064:T:C,1,0,1.3552132844924927,modal,cuda,U2AF1:K562
AQR,HepG2,chr21:39213562:C:G,0,0,0.821448802947998,modal,cuda,U2AF1:K562
AQR,HepG2,chr21:42852217:G:A,0,0,0.5123509764671326,modal,cuda,U2AF1:K562
AQR,HepG2,chr21:43793309:C:T,0,0,-1.503843069076538,modal,cuda,U2AF1:K562
AQR,HepG2,chr21:45475593:G:A,0,0,0.7042226195335388,modal,cuda,U2AF1:K562
AQR,HepG2,chr21:45477979:T:C,0,0,-0.1386566162109375,modal,cuda,U2AF1:K562
AQR,HepG2,chr21:45507498:A:T,0,0,0.08049225807189941,modal,cuda,U2AF1:K562
AQR,HepG2,chr21:46151751:C:T,0,0,0.2795593738555908,modal,cuda,U2AF1:K562
AQR,HepG2,chr21:46151753:C:T,0,0,0.09874451160430908,modal,cuda,U2AF1:K562
AQR,HepG2,chr21:46153048:G:A,0,0,-0.9801907539367676,modal,cuda,U2AF1:K562
AQR,HepG2,chr21:46153051:G:A,0,0,-0.5061905384063721,modal,cuda,U2AF1:K562
AQR,HepG2,chr21:46191874:G:A,0,0,-0.41319525241851807,modal,cuda,U2AF1:K562
AQR,HepG2,chr21:46215631:G:A,0,0,0.0319238156080246,modal,cuda,U2AF1:K562
AQR,HepG2,chr21:46215663:C:T,0,0,0.19710400700569153,modal,cuda,U2AF1:K562
AQR,HepG2,chr21:46228579:C:T,1,0,-0.5464396476745605,modal,cuda,U2AF1:K562
AQR,HepG2,chr21:46228611:C:T,0,0,0.41736578941345215,modal,cuda,U2AF1:K562
AQR,HepG2,chr21:46246418:A:G,0,0,0.7238665223121643,modal,cuda,U2AF1:K562
AQR,HepG2,chr22:19480129:T:C,0,3,0.4213794469833374,modal,cuda,U2AF1:K562
AQR,HepG2,chr22:19480194:C:T,0,3,0.47343766689300537,modal,cuda,U2AF1:K562
AQR,HepG2,chr22:20785999:T:C,0,3,0.38161492347717285,modal,cuda,U2AF1:K562
AQR,HepG2,chr22:23766251:G:T,0,3,-0.5114649534225464,modal,cuda,U2AF1:K562
AQR,HepG2,chr22:23767600:G:C,0,3,2.546884536743164,modal,cuda,U2AF1:K562
AQR,HepG2,chr22:23895031:C:T,0,3,-0.07049340009689331,modal,cuda,U2AF1:K562
AQR,HepG2,chr22:23895034:C:G,0,3,0.805926501750946,modal,cuda,U2AF1:K562
AQR,HepG2,chr22:24177467:G:A,0,3,0.13106298446655273,modal,cuda,U2AF1:K562
AQR,HepG2,chr22:31620988:G:A,0,3,0.14697694778442383,modal,cuda,U2AF1:K562
AQR,HepG2,chr22:32857333:G:A,0,3,0.14082306623458862,modal,cuda,U2AF1:K562
AQR,HepG2,chr22:32858060:C:T,0,3,0.3925572633743286,modal,cuda,U2AF1:K562
AQR,HepG2,chr22:35416622:G:A,0,3,0.7478014230728149,modal,cuda,U2AF1:K562
AQR,HepG2,chr22:36286660:C:T,0,3,0.18514394760131836,modal,cuda,U2AF1:K562
AQR,HepG2,chr22:36286661:G:A,0,3,0.055821239948272705,modal,cuda,U2AF1:K562
AQR,HepG2,chr22:36286688:G:A,0,3,-0.11533981561660767,modal,cuda,U2AF1:K562
AQR,HepG2,chr22:36305891:G:T,0,3,-0.22121882438659668,modal,cuda,U2AF1:K562
AQR,HepG2,chr22:36322421:C:A,0,3,0.3181132674217224,modal,cuda,U2AF1:K562
AQR,HepG2,chr22:36348854:A:C,0,3,-0.2681467533111572,modal,cuda,U2AF1:K562
AQR,HepG2,chr22:36348857:T:C,0,3,-0.27614229917526245,modal,cuda,U2AF1:K562
AQR,HepG2,chr22:37508688:G:A,0,3,0.5964940190315247,modal,cuda,U2AF1:K562
AQR,HepG2,chr22:38294256:G:T,0,3,2.8614628314971924,modal,cuda,U2AF1:K562
AQR,HepG2,chr22:39316911:G:A,0,3,0.10641646385192871,modal,cuda,U2AF1:K562
AQR,HepG2,chr22:39416786:C:T,0,3,0.4224061965942383,modal,cuda,U2AF1:K562
AQR,HepG2,chr22:40346693:G:A,1,3,0.33554166555404663,modal,cuda,U2AF1:K562
AQR,HepG2,chr22:40346709:C:T,1,3,0.5421960353851318,modal,cuda,U2AF1:K562
AQR,HepG2,chr22:40358931:C:T,1,3,2.78127384185791,modal,cuda,U2AF1:K562
AQR,HepG2,chr22:40358949:C:T,1,3,4.101317405700684,modal,cuda,U2AF1:K562
AQR,HepG2,chr22:40359279:T:C,1,3,-0.407162070274353,modal,cuda,U2AF1:K562
AQR,HepG2,chr22:40361653:A:G,0,3,-0.5413603782653809,modal,cuda,U2AF1:K562
AQR,HepG2,chr22:41160592:G:A,0,3,0.2669945955276489,modal,cuda,U2AF1:K562
AQR,HepG2,chr22:41170356:T:G,0,3,0.14075469970703125,modal,cuda,U2AF1:K562
AQR,HepG2,chr22:41176537:C:T,0,3,0.27514755725860596,modal,cuda,U2AF1:K562
AQR,HepG2,chr22:41176562:C:G,0,3,0.3687019348144531,modal,cuda,U2AF1:K562
AQR,HepG2,chr22:41176564:C:T,0,3,-0.22754406929016113,modal,cuda,U2AF1:K562
AQR,HepG2,chr22:41176565:C:T,0,3,0.15302658081054688,modal,cuda,U2AF1:K562
AQR,HepG2,chr22:41176578:T:C,0,3,0.27700066566467285,modal,cuda,U2AF1:K562
AQR,HepG2,chr22:41877458:G:A,0,3,0.27167123556137085,modal,cuda,U2AF1:K562
AQR,HepG2,chr22:41878030:G:T,0,3,0.5823783874511719,modal,cuda,U2AF1:K562
AQR,HepG2,chr22:41904874:T:C,0,3,-0.29584014415740967,modal,cuda,U2AF1:K562
AQR,HepG2,chr22:42631350:G:A,0,3,0.27529478073120117,modal,cuda,U2AF1:K562
AQR,HepG2,chr22:42636864:G:T,0,3,1.1092920303344727,modal,cuda,U2AF1:K562
AQR,HepG2,chr22:42649289:G:A,0,3,-0.28117233514785767,modal,cuda,U2AF1:K562
AQR,HepG2,chr22:45672264:G:A,0,3,0.24483203887939453,modal,cuda,U2AF1:K562
AQR,HepG2,chr22:46356916:G:A,0,3,0.3156278133392334,modal,cuda,U2AF1:K562
AQR,HepG2,chr22:49775698:G:C,0,3,-0.30357620120048523,modal,cuda,U2AF1:K562
AQR,HepG2,chr22:50220065:C:A,0,3,-0.7945867776870728,modal,cuda,U2AF1:K562
AQR,HepG2,chr22:50220072:A:G,0,3,-0.09981608390808105,modal,cuda,U2AF1:K562
AQR,HepG2,chr22:50281866:G:A,0,3,-0.110995352268219,modal,cuda,U2AF1:K562
AQR,HepG2,chr22:50465744:G:A,0,3,0.16659116744995117,modal,cuda,U2AF1:K562
AQR,HepG2,chr22:50465748:A:G,0,3,-0.47811269760131836,modal,cuda,U2AF1:K562
AQR,HepG2,chr22:50581814:C:A,1,3,-3.5819549560546875,modal,cuda,U2AF1:K562
AQR,HepG2,chr22:50582239:C:A,0,3,0.39851391315460205,modal,cuda,U2AF1:K562
AQR,HepG2,chr22:50582251:G:A,1,3,-0.06605696678161621,modal,cuda,U2AF1:K562
AQR,HepG2,chr22:50698666:G:A,0,3,0.6656606197357178,modal,cuda,U2AF1:K562
AQR,HepG2,chr22:50698668:C:T,0,3,-0.3922398090362549,modal,cuda,U2AF1:K562
AQR,HepG2,chr2:101002821:C:G,0,4,0.948966920375824,modal,cuda,U2AF1:K562
AQR,HepG2,chr2:101004304:C:G,0,4,0.2211456298828125,modal,cuda,U2AF1:K562
AQR,HepG2,chr2:101006266:C:T,0,4,0.3152933120727539,modal,cuda,U2AF1:K562
AQR,HepG2,chr2:101698156:G:A,0,4,0.6656699180603027,modal,cuda,U2AF1:K562
AQR,HepG2,chr2:11201419:T:C,0,4,0.33666038513183594,modal,cuda,U2AF1:K562
AQR,HepG2,chr2:11783934:G:A,0,4,-0.4158797264099121,modal,cuda,U2AF1:K562
AQR,HepG2,chr2:11784692:T:G,0,4,-1.011542797088623,modal,cuda,U2AF1:K562
AQR,HepG2,chr2:127289834:G:C,0,4,3.663132905960083,modal,cuda,U2AF1:K562
AQR,HepG2,chr2:127292558:T:C,0,4,0.3272056579589844,modal,cuda,U2AF1:K562
AQR,HepG2,chr2:127423176:G:A,1,4,0.3882577419281006,modal,cuda,U2AF1:K562
AQR,HepG2,chr2:127423176:G:T,1,4,0.4568297863006592,modal,cuda,U2AF1:K562
AQR,HepG2,chr2:127423184:G:A,0,4,0.17605149745941162,modal,cuda,U2AF1:K562
AQR,HepG2,chr2:127423296:G:T,0,4,0.4102175235748291,modal,cuda,U2AF1:K562
AQR,HepG2,chr2:127423319:A:C,1,4,-0.4660613238811493,modal,cuda,U2AF1:K562
AQR,HepG2,chr2:135985369:T:C,0,4,-0.5084565877914429,modal,cuda,U2AF1:K562
AQR,HepG2,chr2:152720525:A:G,0,4,-0.4412236213684082,modal,cuda,U2AF1:K562
AQR,HepG2,chr2:166204478:C:A,0,4,0.8202290534973145,modal,cuda,U2AF1:K562
AQR,HepG2,chr2:173364779:T:C,0,4,1.3679851293563843,modal,cuda,U2AF1:K562
AQR,HepG2,chr2:177233994:G:A,0,4,-0.5486136674880981,modal,cuda,U2AF1:K562
AQR,HepG2,chr2:177393111:A:C,0,4,-1.9746456146240234,modal,cuda,U2AF1:K562
AQR,HepG2,chr2:178450950:C:T,0,4,0.3893258571624756,modal,cuda,U2AF1:K562
AQR,HepG2,chr2:197494303:G:C,0,4,-1.0323100090026855,modal,cuda,U2AF1:K562
AQR,HepG2,chr2:197495386:C:T,0,4,0.807220458984375,modal,cuda,U2AF1:K562
AQR,HepG2,chr2:197498870:G:A,0,4,0.9220237731933594,modal,cuda,U2AF1:K562
AQR,HepG2,chr2:197499767:G:A,0,4,-2.5511724948883057,modal,cuda,U2AF1:K562
AQR,HepG2,chr2:197499794:G:A,0,4,-0.7079759836196899,modal,cuda,U2AF1:K562
AQR,HepG2,chr2:197499799:G:C,0,4,0.7662326097488403,modal,cuda,U2AF1:K562
AQR,HepG2,chr2:19997269:C:T,0,4,0.9489226341247559,modal,cuda,U2AF1:K562
AQR,HepG2,chr2:206161480:G:A,0,4,1.679172396659851,modal,cuda,U2AF1:K562
AQR,HepG2,chr2:21019706:C:G,0,4,0.776293933391571,modal,cuda,U2AF1:K562
AQR,HepG2,chr2:21029803:A:G,0,4,0.46817779541015625,modal,cuda,U2AF1:K562
AQR,HepG2,chr2:21043491:G:T,0,4,0.8307452201843262,modal,cuda,U2AF1:K562
AQR,HepG2,chr2:21043497:T:C,0,4,-0.6244043111801147,modal,cuda,U2AF1:K562
AQR,HepG2,chr2:215364859:C:T,0,4,0.6540601253509521,modal,cuda,U2AF1:K562
AQR,HepG2,chr2:215370519:T:G,0,4,-1.1795274019241333,modal,cuda,U2AF1:K562
AQR,HepG2,chr2:215376719:C:T,0,4,0.589381217956543,modal,cuda,U2AF1:K562
AQR,HepG2,chr2:215379352:T:C,0,4,-0.45145273208618164,modal,cuda,U2AF1:K562
AQR,HepG2,chr2:215388316:G:C,0,4,0.9468593597412109,modal,cuda,U2AF1:K562
AQR,HepG2,chr2:215397128:C:T,0,4,4.427933216094971,modal,cuda,U2AF1:K562
AQR,HepG2,chr2:215397624:T:C,0,4,-0.6206607818603516,modal,cuda,U2AF1:K562
AQR,HepG2,chr2:215406211:G:A,0,4,2.230246067047119,modal,cuda,U2AF1:K562
AQR,HepG2,chr2:215424116:A:C,0,4,-0.5757613182067871,modal,cuda,U2AF1:K562
AQR,HepG2,chr2:215424118:T:C,0,4,-2.864651679992676,modal,cuda,U2AF1:K562
AQR,HepG2,chr2:215434827:G:A,0,4,2.3259599208831787,modal,cuda,U2AF1:K562
AQR,HepG2,chr2:215434828:C:A,0,4,-3.369597911834717,modal,cuda,U2AF1:K562
AQR,HepG2,chr2:218814242:A:C,0,4,0.7320365905761719,modal,cuda,U2AF1:K562
AQR,HepG2,chr2:219218053:G:C,0,4,1.13676118850708,modal,cuda,U2AF1:K562
AQR,HepG2,chr2:219501598:G:A,0,4,0.5181024074554443,modal,cuda,U2AF1:K562
AQR,HepG2,chr2:219567606:T:C,0,4,-2.1449873447418213,modal,cuda,U2AF1:K562
AQR,HepG2,chr2:229815092:G:A,0,4,-2.778733253479004,modal,cuda,U2AF1:K562
AQR,HepG2,chr2:231078656:C:T,0,4,2.2210144996643066,modal,cuda,U2AF1:K562
AQR,HepG2,chr2:238093915:G:A,0,4,-0.07553339004516602,modal,cuda,U2AF1:K562
AQR,HepG2,chr2:239115336:G:A,0,4,-0.7637170553207397,modal,cuda,U2AF1:K562
AQR,HepG2,chr2:240596909:C:T,0,4,0.7369563579559326,modal,cuda,U2AF1:K562
AQR,HepG2,chr2:241236773:G:C,0,4,2.5986554622650146,modal,cuda,U2AF1:K562
AQR,HepG2,chr2:241734689:A:G,0,4,0.9749530553817749,modal,cuda,U2AF1:K562
AQR,HepG2,chr2:25236956:C:A,1,4,-0.6234803199768066,modal,cuda,U2AF1:K562
AQR,HepG2,chr2:25245326:C:G,1,4,0.49934887886047363,modal,cuda,U2AF1:K562
AQR,HepG2,chr2:26193784:G:A,0,4,-1.0929406881332397,modal,cuda,U2AF1:K562
AQR,HepG2,chr2:26244479:C:A,0,4,-1.2442142963409424,modal,cuda,U2AF1:K562
AQR,HepG2,chr2:264985:G:T,0,4,-0.5667434930801392,modal,cuda,U2AF1:K562
AQR,HepG2,chr2:265015:G:A,0,4,-0.5041265487670898,modal,cuda,U2AF1:K562
AQR,HepG2,chr2:265017:C:T,0,4,0.4347982406616211,modal,cuda,U2AF1:K562
AQR,HepG2,chr2:27232413:C:T,0,4,-0.35535717010498047,modal,cuda,U2AF1:K562
AQR,HepG2,chr2:27241411:C:T,0,4,-0.8195763826370239,modal,cuda,U2AF1:K562
AQR,HepG2,chr2:27368723:A:G,0,4,1.3365569114685059,modal,cuda,U2AF1:K562
AQR,HepG2,chr2:27661323:C:T,1,4,-9.65235710144043,modal,cuda,U2AF1:K562
AQR,HepG2,chr2:28752241:G:C,0,4,-0.5404573678970337,modal,cuda,U2AF1:K562
AQR,HepG2,chr2:28776842:G:A,0,4,1.5701489448547363,modal,cuda,U2AF1:K562
AQR,HepG2,chr2:3575333:A:C,0,4,-2.842226266860962,modal,cuda,U2AF1:K562
AQR,HepG2,chr2:3575950:A:G,0,4,-0.46224284172058105,modal,cuda,U2AF1:K562
AQR,HepG2,chr2:3575951:G:A,0,4,-0.5015225410461426,modal,cuda,U2AF1:K562
AQR,HepG2,chr2:3576461:C:A,0,4,0.5912878513336182,modal,cuda,U2AF1:K562
AQR,HepG2,chr2:3577671:C:T,0,4,-1.1917678117752075,modal,cuda,U2AF1:K562
AQR,HepG2,chr2:3580058:G:C,0,4,0.7431159019470215,modal,cuda,U2AF1:K562
AQR,HepG2,chr2:3580789:C:A,0,4,-0.7149391174316406,modal,cuda,U2AF1:K562
AQR,HepG2,chr2:3580793:C:A,0,4,2.6860098838806152,modal,cuda,U2AF1:K562
AQR,HepG2,chr2:43831758:G:T,0,4,-0.6557943820953369,modal,cuda,U2AF1:K562
AQR,HepG2,chr2:43995742:C:A,0,4,1.6343492269515991,modal,cuda,U2AF1:K562
AQR,HepG2,chr2:43995780:A:G,0,4,0.6953374147415161,modal,cuda,U2AF1:K562
AQR,HepG2,chr2:46297944:G:C,0,4,0.4372677803039551,modal,cuda,U2AF1:K562
AQR,HepG2,chr2:46297949:T:C,0,4,0.5276131629943848,modal,cuda,U2AF1:K562
AQR,HepG2,chr2:46346861:T:C,0,4,0.4773073196411133,modal,cuda,U2AF1:K562
AQR,HepG2,chr2:46956989:G:T,1,4,2.1505537033081055,modal,cuda,U2AF1:K562
AQR,HepG2,chr2:46957018:G:A,0,4,0.9876834750175476,modal,cuda,U2AF1:K562
AQR,HepG2,chr2:46995097:G:T,0,4,1.0583207607269287,modal,cuda,U2AF1:K562
AQR,HepG2,chr2:46995142:C:G,1,4,-2.610743999481201,modal,cuda,U2AF1:K562
AQR,HepG2,chr2:47798625:C:A,1,4,3.281379222869873,modal,cuda,U2AF1:K562
AQR,HepG2,chr2:47798625:C:G,1,4,3.752732753753662,modal,cuda,U2AF1:K562
AQR,HepG2,chr2:47798625:C:T,0,4,-1.2259411811828613,modal,cuda,U2AF1:K562
AQR,HepG2,chr2:47798631:A:G,0,4,2.61185884475708,modal,cuda,U2AF1:K562
AQR,HepG2,chr2:47798635:A:T,1,4,2.5982985496520996,modal,cuda,U2AF1:K562
AQR,HepG2,chr2:47798641:G:T,1,4,5.626039505004883,modal,cuda,U2AF1:K562
AQR,HepG2,chr2:47798644:G:T,1,4,8.804118156433105,modal,cuda,U2AF1:K562
AQR,HepG2,chr2:47798653:G:T,1,4,3.706059455871582,modal,cuda,U2AF1:K562
AQR,HepG2,chr2:47798659:G:T,1,4,4.143426418304443,modal,cuda,U2AF1:K562
AQR,HepG2,chr2:47798668:G:T,1,4,7.889657020568848,modal,cuda,U2AF1:K562
AQR,HepG2,chr2:47798677:C:T,1,4,2.926921844482422,modal,cuda,U2AF1:K562
AQR,HepG2,chr2:47798689:C:T,1,4,3.72996187210083,modal,cuda,U2AF1:K562
AQR,HepG2,chr2:47798692:G:T,1,4,1.8688263893127441,modal,cuda,U2AF1:K562
AQR,HepG2,chr2:47798701:C:T,1,4,2.8780148029327393,modal,cuda,U2AF1:K562
AQR,HepG2,chr2:47798703:A:C,0,4,0.9174070358276367,modal,cuda,U2AF1:K562
AQR,HepG2,chr2:47798713:C:T,1,4,1.8864765167236328,modal,cuda,U2AF1:K562
AQR,HepG2,chr2:47798714:A:G,0,4,-2.32247257232666,modal,cuda,U2AF1:K562
AQR,HepG2,chr2:47798718:A:C,0,4,-2.075725793838501,modal,cuda,U2AF1:K562
AQR,HepG2,chr2:47798719:A:T,1,4,1.9278059005737305,modal,cuda,U2AF1:K562
AQR,HepG2,chr2:47798725:C:T,1,4,2.1705946922302246,modal,cuda,U2AF1:K562
AQR,HepG2,chr2:48459793:G:T,1,4,7.6089677810668945,modal,cuda,U2AF1:K562
AQR,HepG2,chr2:48459805:C:T,1,4,5.2082977294921875,modal,cuda,U2AF1:K562
AQR,HepG2,chr2:55233469:A:T,0,4,1.629439353942871,modal,cuda,U2AF1:K562
AQR,HepG2,chr2:55234828:C:A,0,4,6.881433010101318,modal,cuda,U2AF1:K562
AQR,HepG2,chr2:58163544:T:G,0,4,-1.3324750661849976,modal,cuda,U2AF1:K562
AQR,HepG2,chr2:63916886:A:T,0,4,1.5349235534667969,modal,cuda,U2AF1:K562
AQR,HepG2,chr2:63916887:A:C,0,4,1.6949682235717773,modal,cuda,U2AF1:K562
AQR,HepG2,chr2:70224652:G:A,0,4,2.0468521118164062,modal,cuda,U2AF1:K562
AQR,HepG2,chr2:73845186:T:A,1,4,-2.1362926959991455,modal,cuda,U2AF1:K562
AQR,HepG2,chr2:73847383:G:A,0,4,0.22602546215057373,modal,cuda,U2AF1:K562
AQR,HepG2,chr2:74377329:A:C,0,4,2.486868381500244,modal,cuda,U2AF1:K562
AQR,HepG2,chr2:74529115:G:A,0,4,0.8889789581298828,modal,cuda,U2AF1:K562
AQR,HepG2,chr2:74873381:G:A,0,4,0.9033634662628174,modal,cuda,U2AF1:K562
AQR,HepG2,chr2:85539422:C:T,0,4,-1.1510343551635742,modal,cuda,U2AF1:K562
AQR,HepG2,chr2:85542123:G:A,0,4,-1.1912240982055664,modal,cuda,U2AF1:K562
AQR,HepG2,chr2:86030403:A:T,0,4,2.384735345840454,modal,cuda,U2AF1:K562
AQR,HepG2,chr2:96284591:G:A,0,4,1.0118122100830078,modal,cuda,U2AF1:K562
AQR,HepG2,chr3:10142166:C:A,1,3,-0.3197475075721741,modal,cuda,U2AF1:K562
AQR,HepG2,chr3:10142178:A:C,1,3,0.10321514308452606,modal,cuda,U2AF1:K562
AQR,HepG2,chr3:10149757:C:T,0,3,-0.7997970581054688,modal,cuda,U2AF1:K562
AQR,HepG2,chr3:10149790:A:C,1,3,-0.22719907760620117,modal,cuda,U2AF1:K562
AQR,HepG2,chr3:10149793:C:T,1,3,0.4858109951019287,modal,cuda,U2AF1:K562
AQR,HepG2,chr3:10149795:C:G,1,3,-1.1640563011169434,modal,cuda,U2AF1:K562
AQR,HepG2,chr3:10149796:T:C,1,3,0.741223931312561,modal,cuda,U2AF1:K562
AQR,HepG2,chr3:10149796:T:G,1,3,-1.312735915184021,modal,cuda,U2AF1:K562
AQR,HepG2,chr3:10149798:A:T,1,3,-1.4250198602676392,modal,cuda,U2AF1:K562
AQR,HepG2,chr3:10149801:G:T,1,3,2.707568645477295,modal,cuda,U2AF1:K562
AQR,HepG2,chr3:10149804:C:G,1,3,1.2775352001190186,modal,cuda,U2AF1:K562
AQR,HepG2,chr3:10149804:C:T,1,3,2.7874491214752197,modal,cuda,U2AF1:K562
AQR,HepG2,chr3:10149805:G:A,1,3,0.9644265174865723,modal,cuda,U2AF1:K562
AQR,HepG2,chr3:10149805:G:C,1,3,1.0373121500015259,modal,cuda,U2AF1:K562
AQR,HepG2,chr3:10149807:T:C,1,3,-1.2515394687652588,modal,cuda,U2AF1:K562
AQR,HepG2,chr3:10149808:G:T,1,3,-0.5748393535614014,modal,cuda,U2AF1:K562
AQR,HepG2,chr3:10149809:C:A,1,3,0.650355875492096,modal,cuda,U2AF1:K562
AQR,HepG2,chr3:10149809:C:T,0,3,-1.108455777168274,modal,cuda,U2AF1:K562
AQR,HepG2,chr3:10149811:T:G,1,3,-0.6594644784927368,modal,cuda,U2AF1:K562
AQR,HepG2,chr3:10149813:C:T,1,3,2.872648000717163,modal,cuda,U2AF1:K562
AQR,HepG2,chr3:10149814:A:G,1,3,2.4165384769439697,modal,cuda,U2AF1:K562
AQR,HepG2,chr3:10149819:G:T,1,3,0.9877007007598877,modal,cuda,U2AF1:K562
AQR,HepG2,chr3:10149820:T:A,1,3,-0.9161688089370728,modal,cuda,U2AF1:K562
AQR,HepG2,chr3:10149822:C:G,1,3,1.484763741493225,modal,cuda,U2AF1:K562
AQR,HepG2,chr3:10149823:G:A,1,3,1.715232014656067,modal,cuda,U2AF1:K562
AQR,HepG2,chr3:10149823:G:T,1,3,1.392943024635315,modal,cuda,U2AF1:K562
AQR,HepG2,chr3:10149840:G:T,1,3,-1.599514365196228,modal,cuda,U2AF1:K562
AQR,HepG2,chr3:10149848:C:A,1,3,2.5522377490997314,modal,cuda,U2AF1:K562
AQR,HepG2,chr3:10149848:C:G,1,3,2.3930602073669434,modal,cuda,U2AF1:K562
AQR,HepG2,chr3:10149849:A:T,1,3,1.0465219020843506,modal,cuda,U2AF1:K562
AQR,HepG2,chr3:10149852:A:T,1,3,-1.807859182357788,modal,cuda,U2AF1:K562
AQR,HepG2,chr3:101590212:T:C,0,3,0.25888943672180176,modal,cuda,U2AF1:K562
AQR,HepG2,chr3:119498942:G:T,0,3,0.41057026386260986,modal,cuda,U2AF1:K562
AQR,HepG2,chr3:121829015:G:A,0,3,1.410522699356079,modal,cuda,U2AF1:K562
AQR,HepG2,chr3:12587551:A:G,0,3,0.563231885433197,modal,cuda,U2AF1:K562
AQR,HepG2,chr3:12590995:G:A,0,3,-0.5208454132080078,modal,cuda,U2AF1:K562
AQR,HepG2,chr3:12591669:A:G,0,3,-0.25372207164764404,modal,cuda,U2AF1:K562
AQR,HepG2,chr3:127604876:G:A,0,3,-0.14557099342346191,modal,cuda,U2AF1:K562
AQR,HepG2,chr3:128056637:G:T,0,3,0.8487234115600586,modal,cuda,U2AF1:K562
AQR,HepG2,chr3:128056656:C:T,0,3,0.26275086402893066,modal,cuda,U2AF1:K562
AQR,HepG2,chr3:128056689:T:C,0,3,-0.40900301933288574,modal,cuda,U2AF1:K562
AQR,HepG2,chr3:130894737:T:C,0,3,-0.422795832157135,modal,cuda,U2AF1:K562
AQR,HepG2,chr3:133746439:A:G,0,3,0.4994971752166748,modal,cuda,U2AF1:K562
AQR,HepG2,chr3:133746509:G:T,0,3,0.362256795167923,modal,cuda,U2AF1:K562
AQR,HepG2,chr3:133753607:G:A,1,3,-1.1581411361694336,modal,cuda,U2AF1:K562
AQR,HepG2,chr3:133755508:T:A,0,3,-0.5824489593505859,modal,cuda,U2AF1:K562
AQR,HepG2,chr3:133764852:T:C,0,3,0.427634596824646,modal,cuda,U2AF1:K562
AQR,HepG2,chr3:149199721:G:A,1,3,0.8924384117126465,modal,cuda,U2AF1:K562
AQR,HepG2,chr3:149207631:G:A,0,3,-0.7434084415435791,modal,cuda,U2AF1:K562
AQR,HepG2,chr3:15059395:G:A,1,3,0.37137076258659363,modal,cuda,U2AF1:K562
AQR,HepG2,chr3:172341241:G:A,0,3,-0.20976710319519043,modal,cuda,U2AF1:K562
AQR,HepG2,chr3:184245212:A:G,0,3,-0.6726134419441223,modal,cuda,U2AF1:K562
AQR,HepG2,chr3:184387076:A:G,0,3,-0.6985812783241272,modal,cuda,U2AF1:K562
AQR,HepG2,chr3:186617180:C:T,0,3,0.7124195098876953,modal,cuda,U2AF1:K562
AQR,HepG2,chr3:186618647:C:A,0,3,-0.2643444538116455,modal,cuda,U2AF1:K562
AQR,HepG2,chr3:186619924:T:C,0,3,-1.4195753335952759,modal,cuda,U2AF1:K562
AQR,HepG2,chr3:186786157:C:T,0,3,-0.3646160364151001,modal,cuda,U2AF1:K562
AQR,HepG2,chr3:186787124:C:T,0,3,-0.4070720672607422,modal,cuda,U2AF1:K562
AQR,HepG2,chr3:194137678:C:T,0,3,-0.09607607126235962,modal,cuda,U2AF1:K562
AQR,HepG2,chr3:196077150:G:A,0,3,-0.268770694732666,modal,cuda,U2AF1:K562
AQR,HepG2,chr3:197950933:A:G,0,3,4.103278160095215,modal,cuda,U2AF1:K562
AQR,HepG2,chr3:23917888:T:C,1,3,0.5437831878662109,modal,cuda,U2AF1:K562
AQR,HepG2,chr3:23918422:G:A,0,3,0.32425999641418457,modal,cuda,U2AF1:K562
AQR,HepG2,chr3:23918436:G:A,0,3,0.3999466896057129,modal,cuda,U2AF1:K562
AQR,HepG2,chr3:23918444:C:T,0,3,-1.90613853931427,modal,cuda,U2AF1:K562
AQR,HepG2,chr3:23918589:G:C,0,3,0.17788052558898926,modal,cuda,U2AF1:K562
AQR,HepG2,chr3:23919194:A:G,1,3,5.861466407775879,modal,cuda,U2AF1:K562
AQR,HepG2,chr3:23919225:G:C,0,3,0.2693941593170166,modal,cuda,U2AF1:K562
AQR,HepG2,chr3:25783268:G:A,0,3,-0.49689024686813354,modal,cuda,U2AF1:K562
AQR,HepG2,chr3:30674116:A:G,0,3,-0.7718074321746826,modal,cuda,U2AF1:K562
AQR,HepG2,chr3:30674123:A:T,1,3,0.545923113822937,modal,cuda,U2AF1:K562
AQR,HepG2,chr3:30674132:G:A,1,3,1.102136254310608,modal,cuda,U2AF1:K562
AQR,HepG2,chr3:30674135:G:T,1,3,1.5676453113555908,modal,cuda,U2AF1:K562
AQR,HepG2,chr3:30674141:G:A,1,3,-0.38828450441360474,modal,cuda,U2AF1:K562
AQR,HepG2,chr3:30688383:G:A,1,3,5.349891185760498,modal,cuda,U2AF1:K562
AQR,HepG2,chr3:38129319:C:G,0,3,0.09423351287841797,modal,cuda,U2AF1:K562
AQR,HepG2,chr3:38129373:G:A,0,3,-1.6733813285827637,modal,cuda,U2AF1:K562
AQR,HepG2,chr3:38479119:C:T,0,3,0.7767705321311951,modal,cuda,U2AF1:K562
AQR,HepG2,chr3:39408574:C:T,0,3,-1.267289161682129,modal,cuda,U2AF1:K562
AQR,HepG2,chr3:41239897:T:G,0,3,-0.4898874759674072,modal,cuda,U2AF1:K562
AQR,HepG2,chr3:42633618:T:G,0,3,0.5699590444564819,modal,cuda,U2AF1:K562
AQR,HepG2,chr3:48627096:G:A,0,3,0.5799071192741394,modal,cuda,U2AF1:K562
AQR,HepG2,chr3:48630737:C:G,0,3,-0.5981405973434448,modal,cuda,U2AF1:K562
AQR,HepG2,chr3:48632215:G:A,0,3,-0.4925212860107422,modal,cuda,U2AF1:K562
AQR,HepG2,chr3:49102533:G:A,0,3,-0.5559844970703125,modal,cuda,U2AF1:K562
AQR,HepG2,chr3:49103347:G:A,1,3,0.41859006881713867,modal,cuda,U2AF1:K562
AQR,HepG2,chr3:49358048:C:A,0,3,0.5991219282150269,modal,cuda,U2AF1:K562
AQR,HepG2,chr3:49419764:G:A,1,3,1.8299005031585693,modal,cuda,U2AF1:K562
AQR,HepG2,chr3:50350079:A:C,0,3,-0.3329031467437744,modal,cuda,U2AF1:K562
AQR,HepG2,chr3:52291090:C:G,0,3,-1.1163008213043213,modal,cuda,U2AF1:K562
AQR,HepG2,chr3:52291743:A:G,0,3,-0.6549735069274902,modal,cuda,U2AF1:K562
AQR,HepG2,chr3:53233271:C:T,1,3,1.4621301889419556,modal,cuda,U2AF1:K562
AQR,HepG2,chr3:53822645:G:A,0,3,0.16954267024993896,modal,cuda,U2AF1:K562
AQR,HepG2,chr3:58104124:G:A,0,3,-0.09734082221984863,modal,cuda,U2AF1:K562
AQR,HepG2,chr3:58104150:A:G,0,3,-0.1371290683746338,modal,cuda,U2AF1:K562
AQR,HepG2,chr3:58108430:A:G,0,3,-0.7406067848205566,modal,cuda,U2AF1:K562
AQR,HepG2,chr3:58132973:A:G,0,3,-0.15655088424682617,modal,cuda,U2AF1:K562
AQR,HepG2,chr3:58169835:C:T,0,3,-0.32048046588897705,modal,cuda,U2AF1:K562
AQR,HepG2,chr3:9892896:C:T,0,3,-0.0651102066040039,modal,cuda,U2AF1:K562
AQR,HepG2,chr3:9892921:T:C,0,3,-0.4163980484008789,modal,cuda,U2AF1:K562
AQR,HepG2,chr4:106316331:C:T,0,1,0.5001351833343506,modal,cuda,U2AF1:K562
AQR,HepG2,chr4:121816810:G:C,0,1,0.3757033348083496,modal,cuda,U2AF1:K562
AQR,HepG2,chr4:151100479:A:T,0,1,-4.5865325927734375,modal,cuda,U2AF1:K562
AQR,HepG2,chr4:165337753:G:A,0,1,0.2715001106262207,modal,cuda,U2AF1:K562
AQR,HepG2,chr4:1730877:G:C,0,1,0.17434239387512207,modal,cuda,U2AF1:K562
AQR,HepG2,chr4:17509363:A:G,1,1,-0.5406887531280518,modal,cuda,U2AF1:K562
AQR,HepG2,chr4:1793830:T:C,0,1,-0.5949230194091797,modal,cuda,U2AF1:K562
AQR,HepG2,chr4:1799187:C:T,0,1,-0.5360748767852783,modal,cuda,U2AF1:K562
AQR,HepG2,chr4:1799815:A:G,0,1,0.28851866722106934,modal,cuda,U2AF1:K562
AQR,HepG2,chr4:1801350:C:T,0,1,0.4732472896575928,modal,cuda,U2AF1:K562
AQR,HepG2,chr4:1801977:T:C,0,1,-0.3182932734489441,modal,cuda,U2AF1:K562
AQR,HepG2,chr4:1802097:C:G,0,1,-0.47493863105773926,modal,cuda,U2AF1:K562
AQR,HepG2,chr4:1802199:T:C,0,1,0.9058018922805786,modal,cuda,U2AF1:K562
AQR,HepG2,chr4:1803841:C:T,0,1,-0.13556575775146484,modal,cuda,U2AF1:K562
AQR,HepG2,chr4:1803866:G:C,0,1,1.5279709100723267,modal,cuda,U2AF1:K562
AQR,HepG2,chr4:1805326:A:G,0,1,0.25988268852233887,modal,cuda,U2AF1:K562
AQR,HepG2,chr4:1805335:C:T,0,1,0.6326297521591187,modal,cuda,U2AF1:K562
AQR,HepG2,chr4:1805339:C:G,0,1,1.0323063135147095,modal,cuda,U2AF1:K562
AQR,HepG2,chr4:1986392:T:C,0,1,0.11101102828979492,modal,cuda,U2AF1:K562
AQR,HepG2,chr4:3122949:G:A,0,1,1.6633100509643555,modal,cuda,U2AF1:K562
AQR,HepG2,chr4:3122951:A:T,0,1,-0.7246260643005371,modal,cuda,U2AF1:K562
AQR,HepG2,chr4:3125535:A:G,0,1,-1.0566458702087402,modal,cuda,U2AF1:K562
AQR,HepG2,chr4:39455015:T:C,0,1,0.2720787525177002,modal,cuda,U2AF1:K562
AQR,HepG2,chr4:39456390:G:C,0,1,-0.6147456169128418,modal,cuda,U2AF1:K562
AQR,HepG2,chr4:39458870:C:G,0,1,0.79679274559021,modal,cuda,U2AF1:K562
AQR,HepG2,chr4:4860373:G:A,1,1,2.653107166290283,modal,cuda,U2AF1:K562
AQR,HepG2,chr4:56467815:G:A,0,1,0.23302912712097168,modal,cuda,U2AF1:K562
AQR,HepG2,chr4:56478422:A:G,0,1,-2.610600709915161,modal,cuda,U2AF1:K562
AQR,HepG2,chr4:6288973:T:G,0,1,0.096649169921875,modal,cuda,U2AF1:K562
AQR,HepG2,chr4:73410309:T:C,0,1,1.3099775314331055,modal,cuda,U2AF1:K562
AQR,HepG2,chr4:73411982:G:A,0,1,1.7427740097045898,modal,cuda,U2AF1:K562
AQR,HepG2,chr4:82428060:A:C,0,1,-1.778799295425415,modal,cuda,U2AF1:K562
AQR,HepG2,chr5:10255937:C:G,0,1,-0.2674074172973633,modal,cuda,U2AF1:K562
AQR,HepG2,chr5:1076591:C:T,0,1,1.0051634311676025,modal,cuda,U2AF1:K562
AQR,HepG2,chr5:119477487:A:T,0,1,0.37644702196121216,modal,cuda,U2AF1:K562
AQR,HepG2,chr5:119477488:C:T,1,1,0.4557691514492035,modal,cuda,U2AF1:K562
AQR,HepG2,chr5:131165058:A:C,0,1,0.7129733562469482,modal,cuda,U2AF1:K562
AQR,HepG2,chr5:131165096:C:G,1,1,0.2622225284576416,modal,cuda,U2AF1:K562
AQR,HepG2,chr5:131165106:C:A,1,1,-4.533232688903809,modal,cuda,U2AF1:K562
AQR,HepG2,chr5:132866707:T:C,0,1,-0.5222789645195007,modal,cuda,U2AF1:K562
AQR,HepG2,chr5:132866719:C:G,0,1,-0.45966267585754395,modal,cuda,U2AF1:K562
AQR,HepG2,chr5:132867052:C:T,0,1,0.3291289210319519,modal,cuda,U2AF1:K562
AQR,HepG2,chr5:136046834:C:T,0,1,-0.3103504180908203,modal,cuda,U2AF1:K562
AQR,HepG2,chr5:136046835:C:T,0,1,0.11293268203735352,modal,cuda,U2AF1:K562
AQR,HepG2,chr5:140662219:C:T,0,1,-0.7045736312866211,modal,cuda,U2AF1:K562
AQR,HepG2,chr5:14405811:C:T,0,1,-0.8021150827407837,modal,cuda,U2AF1:K562
AQR,HepG2,chr5:14405832:C:G,0,1,-0.9583191871643066,modal,cuda,U2AF1:K562
AQR,HepG2,chr5:14405877:G:A,1,1,7.035591125488281,modal,cuda,U2AF1:K562
AQR,HepG2,chr5:14498049:C:T,0,1,0.380032479763031,modal,cuda,U2AF1:K562
AQR,HepG2,chr5:14498145:G:A,0,1,-0.3662855625152588,modal,cuda,U2AF1:K562
AQR,HepG2,chr5:14498160:C:T,1,1,2.411306142807007,modal,cuda,U2AF1:K562
AQR,HepG2,chr5:171410565:A:G,1,1,0.32920026779174805,modal,cuda,U2AF1:K562
AQR,HepG2,chr5:175492180:A:G,0,1,1.5556001663208008,modal,cuda,U2AF1:K562
AQR,HepG2,chr5:177095727:C:T,0,1,1.9798957109451294,modal,cuda,U2AF1:K562
AQR,HepG2,chr5:177515672:A:C,0,1,-1.1209170818328857,modal,cuda,U2AF1:K562
AQR,HepG2,chr5:177516003:C:T,0,1,2.7384424209594727,modal,cuda,U2AF1:K562
AQR,HepG2,chr5:179618243:C:T,1,1,1.1930794715881348,modal,cuda,U2AF1:K562
AQR,HepG2,chr5:179618269:T:C,0,1,-1.6505722999572754,modal,cuda,U2AF1:K562
AQR,HepG2,chr5:179833791:A:G,0,1,-1.4977061748504639,modal,cuda,U2AF1:K562
AQR,HepG2,chr5:181241646:G:A,0,1,0.5864031314849854,modal,cuda,U2AF1:K562
AQR,HepG2,chr5:53480885:G:C,0,1,0.4720171093940735,modal,cuda,U2AF1:K562
AQR,HepG2,chr5:56883514:G:A,0,1,1.6857545375823975,modal,cuda,U2AF1:K562
AQR,HepG2,chr5:56883520:T:C,0,1,1.1487566232681274,modal,cuda,U2AF1:K562
AQR,HepG2,chr5:6623205:A:G,0,1,0.22524404525756836,modal,cuda,U2AF1:K562
AQR,HepG2,chr5:75360350:G:A,0,1,0.34487247467041016,modal,cuda,U2AF1:K562
AQR,HepG2,chr6:107893465:G:A,0,3,-0.12662185728549957,modal,cuda,U2AF1:K562
AQR,HepG2,chr6:107912781:T:C,0,3,-0.1294569969177246,modal,cuda,U2AF1:K562
AQR,HepG2,chr6:107912792:T:C,0,3,1.0353225469589233,modal,cuda,U2AF1:K562
AQR,HepG2,chr6:109382188:C:T,0,3,-0.5780261754989624,modal,cuda,U2AF1:K562
AQR,HepG2,chr6:131874254:T:C,0,3,0.5051944255828857,modal,cuda,U2AF1:K562
AQR,HepG2,chr6:131950549:G:A,0,3,-0.809012234210968,modal,cuda,U2AF1:K562
AQR,HepG2,chr6:137874840:C:G,0,3,0.44145822525024414,modal,cuda,U2AF1:K562
AQR,HepG2,chr6:137875050:C:T,0,3,0.42189568281173706,modal,cuda,U2AF1:K562
AQR,HepG2,chr6:139374428:T:A,0,3,0.2737635672092438,modal,cuda,U2AF1:K562
AQR,HepG2,chr6:144836570:C:T,0,3,0.4500659704208374,modal,cuda,U2AF1:K562
AQR,HepG2,chr6:144846842:C:G,0,3,-0.27819347381591797,modal,cuda,U2AF1:K562
AQR,HepG2,chr6:158062174:G:A,0,3,0.5811867713928223,modal,cuda,U2AF1:K562
AQR,HepG2,chr6:158503756:T:C,0,3,-0.6067324876785278,modal,cuda,U2AF1:K562
AQR,HepG2,chr6:166370148:C:A,0,3,0.8254091739654541,modal,cuda,U2AF1:K562
AQR,HepG2,chr6:166382789:C:T,0,3,0.1049489974975586,modal,cuda,U2AF1:K562
AQR,HepG2,chr6:166952468:G:A,0,3,0.18349742889404297,modal,cuda,U2AF1:K562
AQR,HepG2,chr6:166952476:A:G,0,3,-0.2543126344680786,modal,cuda,U2AF1:K562
AQR,HepG2,chr6:166952485:C:T,0,3,-0.3014735281467438,modal,cuda,U2AF1:K562
AQR,HepG2,chr6:30606246:G:A,0,3,-0.1391398310661316,modal,cuda,U2AF1:K562
AQR,HepG2,chr6:30722488:A:T,0,3,0.1589212417602539,modal,cuda,U2AF1:K562
AQR,HepG2,chr6:31536689:G:A,0,3,1.0652165412902832,modal,cuda,U2AF1:K562
AQR,HepG2,chr6:31688737:C:T,0,3,0.6080532073974609,modal,cuda,U2AF1:K562
AQR,HepG2,chr6:32974487:T:C,0,3,-1.5839154720306396,modal,cuda,U2AF1:K562
AQR,HepG2,chr6:32974500:G:A,0,3,-0.7097768783569336,modal,cuda,U2AF1:K562
AQR,HepG2,chr6:34418433:T:C,0,3,-0.5145196914672852,modal,cuda,U2AF1:K562
AQR,HepG2,chr6:34418442:G:A,0,3,0.12623119354248047,modal,cuda,U2AF1:K562
AQR,HepG2,chr6:43567362:A:G,0,3,0.730396032333374,modal,cuda,U2AF1:K562
AQR,HepG2,chr6:43568664:C:T,0,3,0.8734073638916016,modal,cuda,U2AF1:K562
AQR,HepG2,chr6:43622181:G:A,0,3,-0.33455580472946167,modal,cuda,U2AF1:K562
AQR,HepG2,chr6:43770931:G:A,0,3,0.18264901638031006,modal,cuda,U2AF1:K562
AQR,HepG2,chr6:44303031:G:T,0,3,-0.030722379684448242,modal,cuda,U2AF1:K562
AQR,HepG2,chr6:63580063:G:T,0,3,0.2116711139678955,modal,cuda,U2AF1:K562
AQR,HepG2,chr6:63580091:C:T,0,3,-0.4243350028991699,modal,cuda,U2AF1:K562
AQR,HepG2,chr6:7189334:C:T,0,3,0.15751099586486816,modal,cuda,U2AF1:K562
AQR,HepG2,chr6:7246415:G:A,0,3,0.3533076047897339,modal,cuda,U2AF1:K562
AQR,HepG2,chr7:100817372:T:C,0,2,0.41495370864868164,modal,cuda,U2AF1:K562
AQR,HepG2,chr7:100818517:T:C,0,2,-0.3915053904056549,modal,cuda,U2AF1:K562
AQR,HepG2,chr7:100818710:T:A,0,2,-0.08971452713012695,modal,cuda,U2AF1:K562
AQR,HepG2,chr7:100822676:G:A,0,2,0.14667510986328125,modal,cuda,U2AF1:K562
AQR,HepG2,chr7:100884905:C:G,0,2,0.23132014274597168,modal,cuda,U2AF1:K562
AQR,HepG2,chr7:100884916:C:T,0,2,-0.15612030029296875,modal,cuda,U2AF1:K562
AQR,HepG2,chr7:101128442:G:A,0,2,1.0651271343231201,modal,cuda,U2AF1:K562
AQR,HepG2,chr7:101133650:G:A,0,2,1.6393475532531738,modal,cuda,U2AF1:K562
AQR,HepG2,chr7:101133905:C:T,0,2,0.3238358497619629,modal,cuda,U2AF1:K562
AQR,HepG2,chr7:105062147:C:G,0,2,1.4389152526855469,modal,cuda,U2AF1:K562
AQR,HepG2,chr7:105076029:C:T,0,2,-0.5489208698272705,modal,cuda,U2AF1:K562
AQR,HepG2,chr7:105076959:T:G,0,2,3.0536341667175293,modal,cuda,U2AF1:K562
AQR,HepG2,chr7:108001772:G:A,0,2,-0.4420890808105469,modal,cuda,U2AF1:K562
AQR,HepG2,chr7:157416010:C:T,0,2,-0.17443346977233887,modal,cuda,U2AF1:K562
AQR,HepG2,chr7:158879714:C:G,0,2,-0.9147177934646606,modal,cuda,U2AF1:K562
AQR,HepG2,chr7:158879785:C:G,0,2,-1.9659796953201294,modal,cuda,U2AF1:K562
AQR,HepG2,chr7:2360671:T:C,0,2,0.11661911010742188,modal,cuda,U2AF1:K562
AQR,HepG2,chr7:2360759:C:T,0,2,-0.9619390368461609,modal,cuda,U2AF1:K562
AQR,HepG2,chr7:256773:G:A,0,2,0.2550795078277588,modal,cuda,U2AF1:K562
AQR,HepG2,chr7:26196674:C:T,0,2,-1.542188286781311,modal,cuda,U2AF1:K562
AQR,HepG2,chr7:26197609:G:A,0,2,-0.3688521385192871,modal,cuda,U2AF1:K562
AQR,HepG2,chr7:26197618:A:G,0,2,-0.3823215961456299,modal,cuda,U2AF1:K562
AQR,HepG2,chr7:33109203:C:T,0,2,0.16653048992156982,modal,cuda,U2AF1:K562
AQR,HepG2,chr7:47439481:G:A,0,2,0.15819090604782104,modal,cuda,U2AF1:K562
AQR,HepG2,chr7:4787789:C:T,0,2,0.30390143394470215,modal,cuda,U2AF1:K562
AQR,HepG2,chr7:4788065:A:C,0,2,-0.3756287097930908,modal,cuda,U2AF1:K562
AQR,HepG2,chr7:5376243:T:C,0,2,-0.20075362920761108,modal,cuda,U2AF1:K562
AQR,HepG2,chr7:5376246:G:A,0,2,0.24730229377746582,modal,cuda,U2AF1:K562
AQR,HepG2,chr7:5390652:G:A,0,2,-0.9771422147750854,modal,cuda,U2AF1:K562
AQR,HepG2,chr7:5527900:G:A,0,2,-0.08254766464233398,modal,cuda,U2AF1:K562
AQR,HepG2,chr7:5527929:T:C,0,2,-0.12265920639038086,modal,cuda,U2AF1:K562
AQR,HepG2,chr7:5527965:C:T,0,2,-0.21594376862049103,modal,cuda,U2AF1:K562
AQR,HepG2,chr7:5528735:A:G,0,2,-0.625666618347168,modal,cuda,U2AF1:K562
AQR,HepG2,chr7:5528750:G:A,0,2,0.383381187915802,modal,cuda,U2AF1:K562
AQR,HepG2,chr7:5528757:C:A,0,2,-0.512570858001709,modal,cuda,U2AF1:K562
AQR,HepG2,chr7:5529099:C:A,0,2,-0.693825364112854,modal,cuda,U2AF1:K562
AQR,HepG2,chr7:5529118:G:A,0,2,0.6045019030570984,modal,cuda,U2AF1:K562
AQR,HepG2,chr7:5529131:G:C,0,2,1.5227997303009033,modal,cuda,U2AF1:K562
AQR,HepG2,chr7:5529404:G:A,0,2,0.23701262474060059,modal,cuda,U2AF1:K562
AQR,HepG2,chr7:5529407:A:T,0,2,0.6046949625015259,modal,cuda,U2AF1:K562
AQR,HepG2,chr7:5529667:C:A,0,2,0.7381157875061035,modal,cuda,U2AF1:K562
AQR,HepG2,chr7:5529696:G:A,0,2,0.36340248584747314,modal,cuda,U2AF1:K562
AQR,HepG2,chr7:66089180:G:A,1,2,0.6503604650497437,modal,cuda,U2AF1:K562
AQR,HepG2,chr7:66092721:G:A,0,2,0.47052526473999023,modal,cuda,U2AF1:K562
AQR,HepG2,chr7:73607323:C:G,0,2,0.5898034572601318,modal,cuda,U2AF1:K562
AQR,HepG2,chr7:73693403:C:T,0,2,1.28554105758667,modal,cuda,U2AF1:K562
AQR,HepG2,chr7:75981644:C:T,0,2,0.23335063457489014,modal,cuda,U2AF1:K562
AQR,HepG2,chr7:75985545:T:C,0,2,-0.47178125381469727,modal,cuda,U2AF1:K562
AQR,HepG2,chr7:75985546:G:T,0,2,0.42900896072387695,modal,cuda,U2AF1:K562
AQR,HepG2,chr7:857855:A:G,0,2,2.8349366188049316,modal,cuda,U2AF1:K562
AQR,HepG2,chr7:857859:G:A,0,2,0.2667989730834961,modal,cuda,U2AF1:K562
AQR,HepG2,chr7:92447998:C:G,0,2,-0.25132203102111816,modal,cuda,U2AF1:K562
AQR,HepG2,chr7:92618225:A:G,0,2,0.5593101978302002,modal,cuda,U2AF1:K562
AQR,HepG2,chr7:99404853:C:A,0,2,0.2518308162689209,modal,cuda,U2AF1:K562
AQR,HepG2,chr7:99450781:G:A,0,2,0.5862205028533936,modal,cuda,U2AF1:K562
AQR,HepG2,chr8:102650408:C:A,0,0,1.1410744190216064,modal,cuda,U2AF1:K562
AQR,HepG2,chr8:102651156:C:G,0,0,0.2884361743927002,modal,cuda,U2AF1:K562
AQR,HepG2,chr8:102651162:C:T,0,0,0.3311431407928467,modal,cuda,U2AF1:K562
AQR,HepG2,chr8:102655553:C:T,0,0,0.21863186359405518,modal,cuda,U2AF1:K562
AQR,HepG2,chr8:11808828:A:G,0,0,-4.220946311950684,modal,cuda,U2AF1:K562
AQR,HepG2,chr8:11809670:C:T,0,0,0.5491853952407837,modal,cuda,U2AF1:K562
AQR,HepG2,chr8:11830429:G:C,0,0,-0.9533103704452515,modal,cuda,U2AF1:K562
AQR,HepG2,chr8:11847833:G:C,0,0,1.4699463844299316,modal,cuda,U2AF1:K562
AQR,HepG2,chr8:11848168:C:G,0,0,-4.5705485343933105,modal,cuda,U2AF1:K562
AQR,HepG2,chr8:11849037:C:G,0,0,-1.2705974578857422,modal,cuda,U2AF1:K562
AQR,HepG2,chr8:11849051:C:T,0,0,0.580463171005249,modal,cuda,U2AF1:K562
AQR,HepG2,chr8:11849072:T:C,0,0,-0.27807629108428955,modal,cuda,U2AF1:K562
AQR,HepG2,chr8:11849072:T:G,0,0,0.18369269371032715,modal,cuda,U2AF1:K562
AQR,HepG2,chr8:11849174:C:A,0,0,-0.6688539981842041,modal,cuda,U2AF1:K562
AQR,HepG2,chr8:11849174:C:T,0,0,0.5653775930404663,modal,cuda,U2AF1:K562
AQR,HepG2,chr8:11849182:A:G,0,0,-0.49582770466804504,modal,cuda,U2AF1:K562
AQR,HepG2,chr8:11850846:G:A,0,0,-0.10131967067718506,modal,cuda,U2AF1:K562
AQR,HepG2,chr8:11850856:A:T,0,0,0.22102022171020508,modal,cuda,U2AF1:K562
AQR,HepG2,chr8:13091442:A:G,0,0,0.578123927116394,modal,cuda,U2AF1:K562
AQR,HepG2,chr8:13091443:G:A,0,0,-0.7128198146820068,modal,cuda,U2AF1:K562
AQR,HepG2,chr8:13092600:T:C,0,0,-0.9111071228981018,modal,cuda,U2AF1:K562
AQR,HepG2,chr8:13092601:G:A,0,0,-0.6009109020233154,modal,cuda,U2AF1:K562
AQR,HepG2,chr8:13092842:C:A,0,0,-0.35538387298583984,modal,cuda,U2AF1:K562
AQR,HepG2,chr8:133239161:C:G,0,0,-0.11630415916442871,modal,cuda,U2AF1:K562
AQR,HepG2,chr8:133242005:G:A,0,0,-0.2897804379463196,modal,cuda,U2AF1:K562
AQR,HepG2,chr8:133242079:G:A,0,0,-0.20434105396270752,modal,cuda,U2AF1:K562
AQR,HepG2,chr8:133244316:G:T,0,0,-0.34918105602264404,modal,cuda,U2AF1:K562
AQR,HepG2,chr8:133246608:C:T,0,0,-0.41103363037109375,modal,cuda,U2AF1:K562
AQR,HepG2,chr8:133247931:G:A,0,0,0.4910423755645752,modal,cuda,U2AF1:K562
AQR,HepG2,chr8:133248705:A:G,0,0,0.2886960506439209,modal,cuda,U2AF1:K562
AQR,HepG2,chr8:133248822:T:G,0,0,0.33374863862991333,modal,cuda,U2AF1:K562
AQR,HepG2,chr8:133259263:G:A,0,0,0.18967407941818237,modal,cuda,U2AF1:K562
AQR,HepG2,chr8:133259278:G:C,0,0,-0.253509521484375,modal,cuda,U2AF1:K562
AQR,HepG2,chr8:133259297:C:T,0,0,0.23729932308197021,modal,cuda,U2AF1:K562
AQR,HepG2,chr8:133261983:C:G,0,0,0.5762321352958679,modal,cuda,U2AF1:K562
AQR,HepG2,chr8:133280273:A:G,0,0,-0.2876884937286377,modal,cuda,U2AF1:K562
AQR,HepG2,chr8:133297085:G:A,0,0,-0.19631987810134888,modal,cuda,U2AF1:K562
AQR,HepG2,chr8:143309548:G:A,0,0,0.8241472840309143,modal,cuda,U2AF1:K562
AQR,HepG2,chr8:143309558:A:G,0,0,-0.12114322185516357,modal,cuda,U2AF1:K562
AQR,HepG2,chr8:144052440:C:A,0,0,0.17910826206207275,modal,cuda,U2AF1:K562
AQR,HepG2,chr8:144085569:A:G,0,0,-0.5163567066192627,modal,cuda,U2AF1:K562
AQR,HepG2,chr8:144097007:T:C,0,0,0.32091307640075684,modal,cuda,U2AF1:K562
AQR,HepG2,chr8:144413221:C:T,0,0,0.4385862350463867,modal,cuda,U2AF1:K562
AQR,HepG2,chr8:144413427:C:A,0,0,0.546135663986206,modal,cuda,U2AF1:K562
AQR,HepG2,chr8:144444293:G:C,0,0,-0.09390109777450562,modal,cuda,U2AF1:K562
AQR,HepG2,chr8:17543321:G:A,0,0,0.19778823852539062,modal,cuda,U2AF1:K562
AQR,HepG2,chr8:22404670:G:C,0,0,-0.1459420919418335,modal,cuda,U2AF1:K562
AQR,HepG2,chr8:22408541:G:T,0,0,-1.91890549659729,modal,cuda,U2AF1:K562
AQR,HepG2,chr8:22408569:T:G,0,0,-0.6235660910606384,modal,cuda,U2AF1:K562
AQR,HepG2,chr8:22416316:T:C,0,0,0.3703925609588623,modal,cuda,U2AF1:K562
AQR,HepG2,chr8:22419527:G:A,0,0,-0.24361610412597656,modal,cuda,U2AF1:K562
AQR,HepG2,chr8:22419555:C:T,1,0,0.6444473266601562,modal,cuda,U2AF1:K562
AQR,HepG2,chr8:23028507:A:G,0,0,-0.34245604276657104,modal,cuda,U2AF1:K562
AQR,HepG2,chr8:30696489:G:A,0,0,-0.46697378158569336,modal,cuda,U2AF1:K562
AQR,HepG2,chr8:38428326:G:A,0,0,-0.20939970016479492,modal,cuda,U2AF1:K562
AQR,HepG2,chr8:39018885:T:G,1,0,1.550074577331543,modal,cuda,U2AF1:K562
AQR,HepG2,chr8:67158974:C:T,0,0,-0.2586202621459961,modal,cuda,U2AF1:K562
AQR,HepG2,chr9:104793325:G:A,0,4,0.7142989635467529,modal,cuda,U2AF1:K562
AQR,HepG2,chr9:104831149:T:A,0,4,0.6434690952301025,modal,cuda,U2AF1:K562
AQR,HepG2,chr9:104837109:G:A,0,4,-2.098322629928589,modal,cuda,U2AF1:K562
AQR,HepG2,chr9:108875024:G:T,0,4,-0.8824601173400879,modal,cuda,U2AF1:K562
AQR,HepG2,chr9:108882116:G:A,0,4,-0.4774298667907715,modal,cuda,U2AF1:K562
AQR,HepG2,chr9:108882259:C:T,0,4,0.37415170669555664,modal,cuda,U2AF1:K562
AQR,HepG2,chr9:108897318:C:T,0,4,0.41782069206237793,modal,cuda,U2AF1:K562
AQR,HepG2,chr9:114072919:A:G,0,4,0.48868465423583984,modal,cuda,U2AF1:K562
AQR,HepG2,chr9:114206303:G:A,0,4,0.3415100872516632,modal,cuda,U2AF1:K562
AQR,HepG2,chr9:114240507:T:A,0,4,0.27329540252685547,modal,cuda,U2AF1:K562
AQR,HepG2,chr9:114258602:G:A,0,4,0.3704296946525574,modal,cuda,U2AF1:K562
AQR,HepG2,chr9:114292262:C:T,0,4,-0.1448349952697754,modal,cuda,U2AF1:K562
AQR,HepG2,chr9:114302065:G:A,0,4,1.6786482334136963,modal,cuda,U2AF1:K562
AQR,HepG2,chr9:114302125:C:G,0,4,0.5803807377815247,modal,cuda,U2AF1:K562
AQR,HepG2,chr9:120518631:A:C,1,4,3.479809284210205,modal,cuda,U2AF1:K562
AQR,HepG2,chr9:120527932:T:C,0,4,0.4959726929664612,modal,cuda,U2AF1:K562
AQR,HepG2,chr9:121017343:G:A,0,4,0.8209872245788574,modal,cuda,U2AF1:K562
AQR,HepG2,chr9:121302000:A:G,0,4,-2.2637338638305664,modal,cuda,U2AF1:K562
AQR,HepG2,chr9:121302046:C:G,0,4,1.7878918647766113,modal,cuda,U2AF1:K562
AQR,HepG2,chr9:121312363:A:G,0,4,-2.0635323524475098,modal,cuda,U2AF1:K562
AQR,HepG2,chr9:121314051:G:A,0,4,0.3185234069824219,modal,cuda,U2AF1:K562
AQR,HepG2,chr9:121318537:G:C,0,4,-0.3385920822620392,modal,cuda,U2AF1:K562
AQR,HepG2,chr9:121328857:G:A,0,4,-0.8335301876068115,modal,cuda,U2AF1:K562
AQR,HepG2,chr9:124493010:G:A,0,4,0.5738000869750977,modal,cuda,U2AF1:K562
AQR,HepG2,chr9:124493162:G:A,0,4,-0.2412281036376953,modal,cuda,U2AF1:K562
AQR,HepG2,chr9:124493169:G:A,0,4,0.1192622184753418,modal,cuda,U2AF1:K562
AQR,HepG2,chr9:127467759:C:T,0,4,1.079875111579895,modal,cuda,U2AF1:K562
AQR,HepG2,chr9:128170003:C:T,0,4,0.6271944046020508,modal,cuda,U2AF1:K562
AQR,HepG2,chr9:128170004:G:A,0,4,0.9649016857147217,modal,cuda,U2AF1:K562
AQR,HepG2,chr9:128692656:G:A,0,4,-1.6517657041549683,modal,cuda,U2AF1:K562
AQR,HepG2,chr9:130697640:T:A,0,4,-1.4079861640930176,modal,cuda,U2AF1:K562
AQR,HepG2,chr9:130698158:A:G,0,4,-2.8540937900543213,modal,cuda,U2AF1:K562
AQR,HepG2,chr9:135501043:C:A,0,4,0.7279789447784424,modal,cuda,U2AF1:K562
AQR,HepG2,chr9:136431189:C:T,0,4,-1.8766478300094604,modal,cuda,U2AF1:K562
AQR,HepG2,chr9:136835855:C:G,0,4,-0.6664658188819885,modal,cuda,U2AF1:K562
AQR,HepG2,chr9:137241427:C:T,0,4,-0.2210642695426941,modal,cuda,U2AF1:K562
AQR,HepG2,chr9:137242027:C:T,0,4,0.6472527980804443,modal,cuda,U2AF1:K562
AQR,HepG2,chr9:137242492:A:T,0,4,-2.5562047958374023,modal,cuda,U2AF1:K562
AQR,HepG2,chr9:137452830:A:G,0,4,0.9629442691802979,modal,cuda,U2AF1:K562
AQR,HepG2,chr9:137456394:G:A,0,4,-0.2888507843017578,modal,cuda,U2AF1:K562
AQR,HepG2,chr9:14770582:G:A,0,4,0.39814043045043945,modal,cuda,U2AF1:K562
AQR,HepG2,chr9:14801868:C:T,0,4,1.6815674304962158,modal,cuda,U2AF1:K562
AQR,HepG2,chr9:14816817:G:A,0,4,1.6119318008422852,modal,cuda,U2AF1:K562
AQR,HepG2,chr9:14816831:G:C,0,4,1.3673880100250244,modal,cuda,U2AF1:K562
AQR,HepG2,chr9:14846038:C:G,0,4,2.3103280067443848,modal,cuda,U2AF1:K562
AQR,HepG2,chr9:14846065:G:A,1,4,7.121428966522217,modal,cuda,U2AF1:K562
AQR,HepG2,chr9:14846124:C:G,0,4,-0.4391922950744629,modal,cuda,U2AF1:K562
AQR,HepG2,chr9:14846152:A:G,0,4,0.463797926902771,modal,cuda,U2AF1:K562
AQR,HepG2,chr9:19116591:G:A,0,4,-0.24896526336669922,modal,cuda,U2AF1:K562
AQR,HepG2,chr9:19376395:A:G,0,4,0.28876638412475586,modal,cuda,U2AF1:K562
AQR,HepG2,chr9:34220857:G:A,0,4,0.23627686500549316,modal,cuda,U2AF1:K562
AQR,HepG2,chr9:34637039:G:A,1,4,3.4130921363830566,modal,cuda,U2AF1:K562
AQR,HepG2,chr9:34637068:G:T,1,4,3.8484606742858887,modal,cuda,U2AF1:K562
AQR,HepG2,chr9:35061506:T:C,0,4,-0.2335834503173828,modal,cuda,U2AF1:K562
AQR,HepG2,chr9:35068216:C:T,0,4,0.7553603649139404,modal,cuda,U2AF1:K562
AQR,HepG2,chr9:35068326:T:C,0,4,0.5348958969116211,modal,cuda,U2AF1:K562
AQR,HepG2,chr9:35068367:A:G,0,4,-0.3964136838912964,modal,cuda,U2AF1:K562
AQR,HepG2,chr9:37426527:C:T,0,4,2.1516637802124023,modal,cuda,U2AF1:K562
AQR,HepG2,chr9:69220859:G:A,0,4,0.44214963912963867,modal,cuda,U2AF1:K562
AQR,HepG2,chr9:734839:A:C,0,4,2.0347061157226562,modal,cuda,U2AF1:K562
AQR,HepG2,chr9:734854:C:G,0,4,1.678626537322998,modal,cuda,U2AF1:K562
AQR,HepG2,chr9:738238:G:A,0,4,-0.45122861862182617,modal,cuda,U2AF1:K562
AQR,HepG2,chr9:744418:T:C,0,4,-0.3087782859802246,modal,cuda,U2AF1:K562
AQR,HepG2,chr9:78328061:G:T,1,4,3.385486125946045,modal,cuda,U2AF1:K562
AQR,HepG2,chr9:78328073:A:T,1,4,4.648202419281006,modal,cuda,U2AF1:K562
AQR,HepG2,chr9:83970839:G:A,0,4,-0.0929255485534668,modal,cuda,U2AF1:K562
AQR,HepG2,chr9:83971263:G:C,0,4,1.9483418464660645,modal,cuda,U2AF1:K562
AQR,HepG2,chr9:83971266:A:G,0,4,1.272819995880127,modal,cuda,U2AF1:K562
AQR,HepG2,chr9:83973901:C:T,1,4,0.20896828174591064,modal,cuda,U2AF1:K562
AQR,HepG2,chr9:83975457:C:T,1,4,2.9867911338806152,modal,cuda,U2AF1:K562
AQR,HepG2,chr9:83976942:T:C,0,4,0.16770267486572266,modal,cuda,U2AF1:K562
AQR,HepG2,chr9:83976988:T:C,0,4,0.3898286819458008,modal,cuda,U2AF1:K562
AQR,HepG2,chr9:83977684:T:C,0,4,-1.928778886795044,modal,cuda,U2AF1:K562
AQR,HepG2,chrX:109683415:G:A,0,2,0.6726739406585693,modal,cuda,U2AF1:K562
AQR,HepG2,chrX:129814810:G:C,0,2,0.7975731492042542,modal,cuda,U2AF1:K562
AQR,HepG2,chrX:129823662:C:T,0,2,0.23599791526794434,modal,cuda,U2AF1:K562
AQR,HepG2,chrX:129823664:T:C,0,2,-0.5699858665466309,modal,cuda,U2AF1:K562
AQR,HepG2,chrX:129823665:G:A,0,2,0.18089401721954346,modal,cuda,U2AF1:K562
AQR,HepG2,chrX:132391091:C:T,0,2,0.6369930505752563,modal,cuda,U2AF1:K562
AQR,HepG2,chrX:133536304:A:G,0,2,1.0620779991149902,modal,cuda,U2AF1:K562
AQR,HepG2,chrX:1387425:C:G,0,2,-0.7623058557510376,modal,cuda,U2AF1:K562
AQR,HepG2,chrX:153691300:C:T,0,2,0.6779134273529053,modal,cuda,U2AF1:K562
AQR,HepG2,chrX:153693184:G:A,0,2,-0.3363935053348541,modal,cuda,U2AF1:K562
AQR,HepG2,chrX:153693623:G:A,0,2,0.7039885520935059,modal,cuda,U2AF1:K562
AQR,HepG2,chrX:153693886:G:A,0,2,0.16238605976104736,modal,cuda,U2AF1:K562
AQR,HepG2,chrX:153694099:C:T,0,2,0.09849512577056885,modal,cuda,U2AF1:K562
AQR,HepG2,chrX:153729222:C:T,0,2,-0.2844235897064209,modal,cuda,U2AF1:K562
AQR,HepG2,chrX:153729228:G:A,0,2,-0.18484997749328613,modal,cuda,U2AF1:K562
AQR,HepG2,chrX:153932056:T:A,0,2,-1.2709921598434448,modal,cuda,U2AF1:K562
AQR,HepG2,chrX:153932058:G:A,0,2,-1.1352373361587524,modal,cuda,U2AF1:K562
AQR,HepG2,chrX:153932073:A:C,1,2,-0.37347888946533203,modal,cuda,U2AF1:K562
AQR,HepG2,chrX:153932073:A:T,1,2,-0.1697709560394287,modal,cuda,U2AF1:K562
AQR,HepG2,chrX:153932106:G:A,0,2,0.45541930198669434,modal,cuda,U2AF1:K562
AQR,HepG2,chrX:153932306:C:A,0,2,0.927873969078064,modal,cuda,U2AF1:K562
AQR,HepG2,chrX:153932306:C:T,0,2,0.9165810346603394,modal,cuda,U2AF1:K562
AQR,HepG2,chrX:153955556:C:G,0,2,-0.21259808540344238,modal,cuda,U2AF1:K562
AQR,HepG2,chrX:153956184:G:A,0,2,-0.4889407455921173,modal,cuda,U2AF1:K562
AQR,HepG2,chrX:154380231:A:G,1,2,1.6098053455352783,modal,cuda,U2AF1:K562
AQR,HepG2,chrX:154380416:G:A,0,2,0.34053707122802734,modal,cuda,U2AF1:K562
AQR,HepG2,chrX:154380813:G:C,0,2,0.35265183448791504,modal,cuda,U2AF1:K562
AQR,HepG2,chrX:154398397:G:A,0,2,-0.600290060043335,modal,cuda,U2AF1:K562
AQR,HepG2,chrX:154398551:T:A,0,2,0.6053802967071533,modal,cuda,U2AF1:K562
AQR,HepG2,chrX:154399331:C:T,0,2,0.4640406370162964,modal,cuda,U2AF1:K562
AQR,HepG2,chrX:154433630:C:T,0,2,0.6587487459182739,modal,cuda,U2AF1:K562
AQR,HepG2,chrX:154764985:G:T,0,2,-0.43244409561157227,modal,cuda,U2AF1:K562
AQR,HepG2,chrX:18897347:A:G,0,2,0.34301865100860596,modal,cuda,U2AF1:K562
AQR,HepG2,chrX:18897360:A:G,0,2,1.3359336853027344,modal,cuda,U2AF1:K562
AQR,HepG2,chrX:18897394:G:A,0,2,-0.4363449811935425,modal,cuda,U2AF1:K562
AQR,HepG2,chrX:20172741:T:A,0,2,0.10233402252197266,modal,cuda,U2AF1:K562
AQR,HepG2,chrX:20175298:G:A,0,2,-0.8362219333648682,modal,cuda,U2AF1:K562
AQR,HepG2,chrX:20177090:T:C,0,2,0.5549516677856445,modal,cuda,U2AF1:K562
AQR,HepG2,chrX:20186286:G:A,0,2,-0.6757326126098633,modal,cuda,U2AF1:K562
AQR,HepG2,chrX:20186291:C:T,1,2,3.8629281520843506,modal,cuda,U2AF1:K562
AQR,HepG2,chrX:20187800:T:C,0,2,-0.9260680675506592,modal,cuda,U2AF1:K562
AQR,HepG2,chrX:20188479:C:T,0,2,-0.8170132637023926,modal,cuda,U2AF1:K562
AQR,HepG2,chrX:20188484:A:G,0,2,-0.1153564453125,modal,cuda,U2AF1:K562
AQR,HepG2,chrX:20195052:G:A,0,2,0.33176374435424805,modal,cuda,U2AF1:K562
AQR,HepG2,chrX:20195053:G:T,0,2,0.39996933937072754,modal,cuda,U2AF1:K562
AQR,HepG2,chrX:20209418:C:T,0,2,0.6384704113006592,modal,cuda,U2AF1:K562
AQR,HepG2,chrX:20234834:C:T,0,2,-0.5018603801727295,modal,cuda,U2AF1:K562
AQR,HepG2,chrX:2830010:T:C,0,2,0.34392642974853516,modal,cuda,U2AF1:K562
AQR,HepG2,chrX:30700392:T:C,0,2,-0.33791583776474,modal,cuda,U2AF1:K562
AQR,HepG2,chrX:38285735:C:T,0,2,0.6947143077850342,modal,cuda,U2AF1:K562
AQR,HepG2,chrX:38285744:G:T,1,2,3.3874826431274414,modal,cuda,U2AF1:K562
AQR,HepG2,chrX:38285749:C:A,1,2,2.397000312805176,modal,cuda,U2AF1:K562
AQR,HepG2,chrX:38285768:A:T,0,2,0.6098716855049133,modal,cuda,U2AF1:K562
AQR,HepG2,chrX:38285779:C:A,1,2,2.1273353099823,modal,cuda,U2AF1:K562
AQR,HepG2,chrX:38285780:G:A,0,2,0.3043147325515747,modal,cuda,U2AF1:K562
AQR,HepG2,chrX:38285839:C:A,1,2,0.486244261264801,modal,cuda,U2AF1:K562
AQR,HepG2,chrX:38285866:C:A,1,2,0.40616703033447266,modal,cuda,U2AF1:K562
AQR,HepG2,chrX:38285914:C:A,1,2,0.04403281211853027,modal,cuda,U2AF1:K562
AQR,HepG2,chrX:38285917:C:A,1,2,0.16781377792358398,modal,cuda,U2AF1:K562
AQR,HepG2,chrX:38285929:C:A,1,2,0.12390995025634766,modal,cuda,U2AF1:K562
AQR,HepG2,chrX:38285950:C:A,1,2,-0.02154719829559326,modal,cuda,U2AF1:K562
AQR,HepG2,chrX:41334292:C:T,1,2,2.356736421585083,modal,cuda,U2AF1:K562
AQR,HepG2,chrX:41334294:G:C,0,2,0.8614057302474976,modal,cuda,U2AF1:K562
AQR,HepG2,chrX:41334316:A:G,0,2,-0.3402411937713623,modal,cuda,U2AF1:K562
AQR,HepG2,chrX:41337396:A:T,0,2,-3.5633857250213623,modal,cuda,U2AF1:K562
AQR,HepG2,chrX:41337401:C:T,0,2,0.42749452590942383,modal,cuda,U2AF1:K562
AQR,HepG2,chrX:41337410:T:C,0,2,-0.6235954761505127,modal,cuda,U2AF1:K562
AQR,HepG2,chrX:41337433:C:A,1,2,2.723175048828125,modal,cuda,U2AF1:K562
AQR,HepG2,chrX:41339051:C:G,1,2,-1.0271289348602295,modal,cuda,U2AF1:K562
AQR,HepG2,chrX:41339068:C:T,1,2,2.5246870517730713,modal,cuda,U2AF1:K562
AQR,HepG2,chrX:41339080:A:T,1,2,1.7665740251541138,modal,cuda,U2AF1:K562
AQR,HepG2,chrX:41339084:G:A,1,2,3.476425886154175,modal,cuda,U2AF1:K562
AQR,HepG2,chrX:41341479:C:G,0,2,0.9568295478820801,modal,cuda,U2AF1:K562
AQR,HepG2,chrX:41341511:G:A,1,2,2.2780838012695312,modal,cuda,U2AF1:K562
AQR,HepG2,chrX:41341512:G:A,1,2,0.8095263242721558,modal,cuda,U2AF1:K562
AQR,HepG2,chrX:41341539:T:G,1,2,2.1337733268737793,modal,cuda,U2AF1:K562
AQR,HepG2,chrX:41341565:C:A,1,2,1.7760848999023438,modal,cuda,U2AF1:K562
AQR,HepG2,chrX:41341565:C:G,1,2,1.943832278251648,modal,cuda,U2AF1:K562
AQR,HepG2,chrX:47169513:C:T,0,2,-0.28461527824401855,modal,cuda,U2AF1:K562
AQR,HepG2,chrX:48805666:T:C,0,2,0.5676351189613342,modal,cuda,U2AF1:K562
AQR,HepG2,chrX:53409412:G:A,0,2,-0.11684703826904297,modal,cuda,U2AF1:K562
AQR,HepG2,chrX:71294213:C:T,0,2,-0.8713175058364868,modal,cuda,U2AF1:K562
AQR,HepG2,chrX:71392653:G:C,1,2,2.5224647521972656,modal,cuda,U2AF1:K562
AQR,HepG2,chrX:71392661:G:A,0,2,-2.452751874923706,modal,cuda,U2AF1:K562
AQR,HepG2,chrX:71423104:T:C,0,2,0.42368507385253906,modal,cuda,U2AF1:K562
AQR,HepG2,chrX:71459534:C:A,0,2,0.30550599098205566,modal,cuda,U2AF1:K562
AQR,HepG2,chrX:71459600:G:A,0,2,0.5400715470314026,modal,cuda,U2AF1:K562
AQR,HepG2,chrX:78109933:A:C,0,2,-0.2147829532623291,modal,cuda,U2AF1:K562
AQR,HepG2,chrX:78125057:C:T,0,2,-0.16658616065979004,modal,cuda,U2AF1:K562
AQR,HepG2,chrX:78125505:A:G,0,2,-0.32636818289756775,modal,cuda,U2AF1:K562
AQR,HepG2,chrX:78125517:G:A,0,2,-1.8481051921844482,modal,cuda,U2AF1:K562
