protein,cell,vid,label,fold,delta,platform,accelerator,weights_from
GRWD1,HepG2,chr10:100529822:T:C,0,2,-0.42839500308036804,modal,cuda,PPIL4:K562
GRWD1,HepG2,chr10:100979179:A:G,0,2,-0.26416611671447754,modal,cuda,PPIL4:K562
GRWD1,HepG2,chr10:103174874:G:A,1,2,-1.4171067476272583,modal,cuda,PPIL4:K562
GRWD1,HepG2,chr10:104254948:G:A,0,2,-1.3753445148468018,modal,cuda,PPIL4:K562
GRWD1,HepG2,chr10:104254967:G:A,0,2,1.155409336090088,modal,cuda,PPIL4:K562
GRWD1,HepG2,chr10:110575410:G:A,0,2,0.35033103823661804,modal,cuda,PPIL4:K562
GRWD1,HepG2,chr10:121836739:T:C,0,2,0.9398270845413208,modal,cuda,PPIL4:K562
GRWD1,HepG2,chr10:123008776:G:A,0,2,0.362186074256897,modal,cuda,PPIL4:K562
GRWD1,HepG2,chr10:21538867:G:A,0,2,1.0762741565704346,modal,cuda,PPIL4:K562
GRWD1,HepG2,chr10:24542917:C:T,0,2,1.2386311292648315,modal,cuda,PPIL4:K562
GRWD1,HepG2,chr10:27538022:G:A,0,2,-2.2143523693084717,modal,cuda,PPIL4:K562
GRWD1,HepG2,chr10:27538049:T:C,1,2,0.8018276691436768,modal,cuda,PPIL4:K562
GRWD1,HepG2,chr10:31461070:C:G,1,2,2.8726024627685547,modal,cuda,PPIL4:K562
GRWD1,HepG2,chr10:31461158:C:T,0,2,0.1515188217163086,modal,cuda,PPIL4:K562
GRWD1,HepG2,chr10:31461170:C:T,0,2,0.08492422103881836,modal,cuda,PPIL4:K562
GRWD1,HepG2,chr10:31461211:A:C,0,2,0.7865023612976074,modal,cuda,PPIL4:K562
GRWD1,HepG2,chr10:31461220:A:G,0,2,0.3377004861831665,modal,cuda,PPIL4:K562
GRWD1,HepG2,chr10:3151235:G:A,0,2,1.333083987236023,modal,cuda,PPIL4:K562
GRWD1,HepG2,chr10:3151260:G:A,0,2,-0.29776731133461,modal,cuda,PPIL4:K562
GRWD1,HepG2,chr10:3151264:A:G,0,2,-0.4778054356575012,modal,cuda,PPIL4:K562
GRWD1,HepG2,chr10:32935487:T:C,0,2,0.2746056914329529,modal,cuda,PPIL4:K562
GRWD1,HepG2,chr10:33263767:C:T,0,2,-0.775530993938446,modal,cuda,PPIL4:K562
GRWD1,HepG2,chr10:5456847:A:G,0,2,0.19126039743423462,modal,cuda,PPIL4:K562
GRWD1,HepG2,chr10:56359679:G:A,0,2,-0.20095348358154297,modal,cuda,PPIL4:K562
GRWD1,HepG2,chr10:63184621:C:T,0,2,0.39186394214630127,modal,cuda,PPIL4:K562
GRWD1,HepG2,chr10:63217190:T:A,0,2,0.25251200795173645,modal,cuda,PPIL4:K562
GRWD1,HepG2,chr10:74176853:C:T,0,2,-0.7457120418548584,modal,cuda,PPIL4:K562
GRWD1,HepG2,chr10:78033866:T:G,0,2,0.2128201723098755,modal,cuda,PPIL4:K562
GRWD1,HepG2,chr10:78033870:C:T,0,2,-0.19620490074157715,modal,cuda,PPIL4:K562
GRWD1,HepG2,chr10:78033895:C:A,0,2,-1.0493712425231934,modal,cuda,PPIL4:K562
GRWD1,HepG2,chr10:78033930:C:T,0,2,-0.35236454010009766,modal,cuda,PPIL4:K562
GRWD1,HepG2,chr10:78040616:C:T,0,2,0.9058372974395752,modal,cuda,PPIL4:K562
GRWD1,HepG2,chr10:78040694:T:C,0,2,0.28619861602783203,modal,cuda,PPIL4:K562
GRWD1,HepG2,chr10:79208452:G:A,0,2,-0.26798897981643677,modal,cuda,PPIL4:K562
GRWD1,HepG2,chr10:79208469:G:A,0,2,0.21502268314361572,modal,cuda,PPIL4:K562
GRWD1,HepG2,chr10:79306083:C:T,0,2,-0.6030000448226929,modal,cuda,PPIL4:K562
GRWD1,HepG2,chr10:80285498:C:T,0,2,0.427606463432312,modal,cuda,PPIL4:K562
GRWD1,HepG2,chr10:80285598:G:C,0,2,1.273848056793213,modal,cuda,PPIL4:K562
GRWD1,HepG2,chr10:80289496:T:C,0,2,-0.6251596808433533,modal,cuda,PPIL4:K562
GRWD1,HepG2,chr10:94545972:T:C,0,2,0.45949888229370117,modal,cuda,PPIL4:K562
GRWD1,HepG2,chr10:94546436:C:T,0,2,0.30087006092071533,modal,cuda,PPIL4:K562
GRWD1,HepG2,chr10:99800372:C:A,0,2,-1.4975812435150146,modal,cuda,PPIL4:K562
GRWD1,HepG2,chr10:99811617:T:C,0,2,0.2178739309310913,modal,cuda,PPIL4:K562
GRWD1,HepG2,chr10:99817203:T:C,0,2,-1.6414028406143188,modal,cuda,PPIL4:K562
GRWD1,HepG2,chr10:99830703:T:G,0,2,0.25475311279296875,modal,cuda,PPIL4:K562
GRWD1,HepG2,chr11:102114192:C:T,1,3,-0.6950827836990356,modal,cuda,PPIL4:K562
GRWD1,HepG2,chr11:102206084:C:T,0,3,-0.3432455062866211,modal,cuda,PPIL4:K562
GRWD1,HepG2,chr11:108133862:T:A,1,3,3.357567310333252,modal,cuda,PPIL4:K562
GRWD1,HepG2,chr11:108147295:C:A,1,3,1.4039779901504517,modal,cuda,PPIL4:K562
GRWD1,HepG2,chr11:108310170:G:T,1,3,0.47846853733062744,modal,cuda,PPIL4:K562
GRWD1,HepG2,chr11:108310196:G:A,1,3,0.7437002658843994,modal,cuda,PPIL4:K562
GRWD1,HepG2,chr11:108310211:T:C,0,3,0.2717801630496979,modal,cuda,PPIL4:K562
GRWD1,HepG2,chr11:108310215:G:T,1,3,1.5293302536010742,modal,cuda,PPIL4:K562
GRWD1,HepG2,chr11:108310224:A:T,1,3,1.215299129486084,modal,cuda,PPIL4:K562
GRWD1,HepG2,chr11:108310268:T:G,1,3,1.3798710107803345,modal,cuda,PPIL4:K562
GRWD1,HepG2,chr11:108310271:A:C,0,3,-0.5200384855270386,modal,cuda,PPIL4:K562
GRWD1,HepG2,chr11:108310272:G:T,1,3,1.3639557361602783,modal,cuda,PPIL4:K562
GRWD1,HepG2,chr11:108310280:T:A,1,3,2.5429587364196777,modal,cuda,PPIL4:K562
GRWD1,HepG2,chr11:108310280:T:C,0,3,-0.15587563812732697,modal,cuda,PPIL4:K562
GRWD1,HepG2,chr11:108310314:A:T,1,3,0.996640145778656,modal,cuda,PPIL4:K562
GRWD1,HepG2,chr11:108330224:A:T,1,3,0.6720385551452637,modal,cuda,PPIL4:K562
GRWD1,HepG2,chr11:108330233:C:T,1,3,2.3189857006073,modal,cuda,PPIL4:K562
GRWD1,HepG2,chr11:108330242:G:T,1,3,1.1246095895767212,modal,cuda,PPIL4:K562
GRWD1,HepG2,chr11:108330246:T:A,1,3,2.450514316558838,modal,cuda,PPIL4:K562
GRWD1,HepG2,chr11:108330255:T:A,1,3,1.6647374629974365,modal,cuda,PPIL4:K562
GRWD1,HepG2,chr11:108330255:T:G,1,3,2.1604957580566406,modal,cuda,PPIL4:K562
GRWD1,HepG2,chr11:108330259:C:A,0,3,-0.1909782886505127,modal,cuda,PPIL4:K562
GRWD1,HepG2,chr11:108330265:T:A,0,3,-0.1260467767715454,modal,cuda,PPIL4:K562
GRWD1,HepG2,chr11:108330275:G:T,1,3,2.762186288833618,modal,cuda,PPIL4:K562
GRWD1,HepG2,chr11:108330286:A:G,0,3,0.3282865285873413,modal,cuda,PPIL4:K562
GRWD1,HepG2,chr11:108330294:T:A,1,3,0.7870168089866638,modal,cuda,PPIL4:K562
GRWD1,HepG2,chr11:108330299:A:T,1,3,1.477297306060791,modal,cuda,PPIL4:K562
GRWD1,HepG2,chr11:108330316:T:A,1,3,1.737548828125,modal,cuda,PPIL4:K562
GRWD1,HepG2,chr11:108330319:C:T,0,3,-0.9480979442596436,modal,cuda,PPIL4:K562
GRWD1,HepG2,chr11:110237635:G:A,1,3,-1.609844446182251,modal,cuda,PPIL4:K562
GRWD1,HepG2,chr11:110257751:C:A,0,3,-1.5901209115982056,modal,cuda,PPIL4:K562
GRWD1,HepG2,chr11:111764842:C:T,1,3,1.1147384643554688,modal,cuda,PPIL4:K562
GRWD1,HepG2,chr11:117344290:G:T,0,3,0.3234546184539795,modal,cuda,PPIL4:K562
GRWD1,HepG2,chr11:118498085:T:C,0,3,-1.083571434020996,modal,cuda,PPIL4:K562
GRWD1,HepG2,chr11:118581318:C:T,1,3,2.049142837524414,modal,cuda,PPIL4:K562
GRWD1,HepG2,chr11:118590509:G:A,0,3,-0.2887229919433594,modal,cuda,PPIL4:K562
GRWD1,HepG2,chr11:118597753:C:T,1,3,-0.9774619340896606,modal,cuda,PPIL4:K562
GRWD1,HepG2,chr11:118754900:C:T,0,3,0.5987270474433899,modal,cuda,PPIL4:K562
GRWD1,HepG2,chr11:119018306:G:A,0,3,0.9299283623695374,modal,cuda,PPIL4:K562
GRWD1,HepG2,chr11:119018318:G:A,0,3,-0.24532651901245117,modal,cuda,PPIL4:K562
GRWD1,HepG2,chr11:119070247:C:G,0,3,-0.7353866100311279,modal,cuda,PPIL4:K562
GRWD1,HepG2,chr11:119089666:C:T,0,3,0.23555481433868408,modal,cuda,PPIL4:K562
GRWD1,HepG2,chr11:119093040:G:A,0,3,0.40296670794487,modal,cuda,PPIL4:K562
GRWD1,HepG2,chr11:124922644:C:A,0,3,0.8247039914131165,modal,cuda,PPIL4:K562
GRWD1,HepG2,chr11:126271441:G:A,1,3,-1.205237865447998,modal,cuda,PPIL4:K562
GRWD1,HepG2,chr11:126271535:G:T,1,3,-0.9108464121818542,modal,cuda,PPIL4:K562
GRWD1,HepG2,chr11:126275811:C:T,1,3,-0.3006698489189148,modal,cuda,PPIL4:K562
GRWD1,HepG2,chr11:126276080:G:T,1,3,-2.2223007678985596,modal,cuda,PPIL4:K562
GRWD1,HepG2,chr11:126276235:A:G,0,3,-0.2961456775665283,modal,cuda,PPIL4:K562
GRWD1,HepG2,chr11:12862323:A:G,0,3,-1.4589334726333618,modal,cuda,PPIL4:K562
GRWD1,HepG2,chr11:129947260:T:C,0,3,-0.033560752868652344,modal,cuda,PPIL4:K562
GRWD1,HepG2,chr11:130122522:A:C,0,3,0.330552339553833,modal,cuda,PPIL4:K562
GRWD1,HepG2,chr11:130140492:G:A,0,3,-0.5127391815185547,modal,cuda,PPIL4:K562
GRWD1,HepG2,chr11:17169660:T:C,0,3,-0.3441869020462036,modal,cuda,PPIL4:K562
GRWD1,HepG2,chr11:17169735:G:A,1,3,-0.598152756690979,modal,cuda,PPIL4:K562
GRWD1,HepG2,chr11:3017133:G:T,0,3,-0.40599048137664795,modal,cuda,PPIL4:K562
GRWD1,HepG2,chr11:3017136:G:A,0,3,-0.3133370280265808,modal,cuda,PPIL4:K562
GRWD1,HepG2,chr11:3029392:G:A,0,3,0.3646661639213562,modal,cuda,PPIL4:K562
GRWD1,HepG2,chr11:3029397:G:C,0,3,-0.10634644329547882,modal,cuda,PPIL4:K562
GRWD1,HepG2,chr11:34957479:C:T,0,3,-0.1865839958190918,modal,cuda,PPIL4:K562
GRWD1,HepG2,chr11:34957548:C:T,0,3,0.30849331617355347,modal,cuda,PPIL4:K562
GRWD1,HepG2,chr11:34957572:C:T,0,3,0.4077695608139038,modal,cuda,PPIL4:K562
GRWD1,HepG2,chr11:34960443:G:A,0,3,1.3376580476760864,modal,cuda,PPIL4:K562
GRWD1,HepG2,chr11:34960519:G:A,1,3,-0.2194129228591919,modal,cuda,PPIL4:K562
GRWD1,HepG2,chr11:34960522:T:C,0,3,0.37203216552734375,modal,cuda,PPIL4:K562
GRWD1,HepG2,chr11:3723274:G:A,0,3,0.7125546932220459,modal,cuda,PPIL4:K562
GRWD1,HepG2,chr11:3744549:C:T,0,3,-0.03856539726257324,modal,cuda,PPIL4:K562
GRWD1,HepG2,chr11:3778975:T:C,0,3,-0.07795286178588867,modal,cuda,PPIL4:K562
GRWD1,HepG2,chr11:45971183:G:A,0,3,0.31800946593284607,modal,cuda,PPIL4:K562
GRWD1,HepG2,chr11:45971199:G:C,0,3,0.19537343084812164,modal,cuda,PPIL4:K562
GRWD1,HepG2,chr11:45971262:T:C,0,3,0.1239626407623291,modal,cuda,PPIL4:K562
GRWD1,HepG2,chr11:46542715:G:C,0,3,-0.3273806571960449,modal,cuda,PPIL4:K562
GRWD1,HepG2,chr11:47216971:C:T,0,3,-0.17529858648777008,modal,cuda,PPIL4:K562
GRWD1,HepG2,chr11:47234610:C:T,1,3,1.4706850051879883,modal,cuda,PPIL4:K562
GRWD1,HepG2,chr11:47234684:G:C,0,3,-0.09898358583450317,modal,cuda,PPIL4:K562
GRWD1,HepG2,chr11:47808377:T:C,0,3,0.09766306728124619,modal,cuda,PPIL4:K562
GRWD1,HepG2,chr11:47808401:G:A,0,3,0.5875391364097595,modal,cuda,PPIL4:K562
GRWD1,HepG2,chr11:47835659:G:A,1,3,-0.16193491220474243,modal,cuda,PPIL4:K562
GRWD1,HepG2,chr11:47835701:T:C,0,3,-0.19912785291671753,modal,cuda,PPIL4:K562
GRWD1,HepG2,chr11:57796519:C:T,0,3,0.5171180963516235,modal,cuda,PPIL4:K562
GRWD1,HepG2,chr11:57796774:A:G,0,3,0.07513999938964844,modal,cuda,PPIL4:K562
GRWD1,HepG2,chr11:57801864:G:A,1,3,0.7003308534622192,modal,cuda,PPIL4:K562
GRWD1,HepG2,chr11:57801869:C:T,1,3,-1.1472219228744507,modal,cuda,PPIL4:K562
GRWD1,HepG2,chr11:57803651:C:G,1,3,2.7094624042510986,modal,cuda,PPIL4:K562
GRWD1,HepG2,chr11:57805909:C:T,1,3,0.800948441028595,modal,cuda,PPIL4:K562
GRWD1,HepG2,chr11:57808471:C:T,0,3,0.205293208360672,modal,cuda,PPIL4:K562
GRWD1,HepG2,chr11:61364367:G:A,0,3,-0.24888265132904053,modal,cuda,PPIL4:K562
GRWD1,HepG2,chr11:61366177:G:A,0,3,0.3424232602119446,modal,cuda,PPIL4:K562
GRWD1,HepG2,chr11:61366209:G:A,1,3,0.5403855443000793,modal,cuda,PPIL4:K562
GRWD1,HepG2,chr11:61367933:G:A,1,3,0.8409830927848816,modal,cuda,PPIL4:K562
GRWD1,HepG2,chr11:61367998:G:A,1,3,1.5205223560333252,modal,cuda,PPIL4:K562
GRWD1,HepG2,chr11:61778370:C:T,0,3,0.4245645999908447,modal,cuda,PPIL4:K562
GRWD1,HepG2,chr11:61964896:A:G,0,3,-1.0101068019866943,modal,cuda,PPIL4:K562
GRWD1,HepG2,chr11:61964975:T:C,0,3,0.2611621022224426,modal,cuda,PPIL4:K562
GRWD1,HepG2,chr11:62707136:G:C,0,3,0.2643061876296997,modal,cuda,PPIL4:K562
GRWD1,HepG2,chr11:62833013:G:A,0,3,0.14034390449523926,modal,cuda,PPIL4:K562
GRWD1,HepG2,chr11:65185912:C:A,0,3,0.16294729709625244,modal,cuda,PPIL4:K562
GRWD1,HepG2,chr11:65185922:G:A,1,3,-0.4739934206008911,modal,cuda,PPIL4:K562
GRWD1,HepG2,chr11:65185943:C:T,0,3,-0.145370751619339,modal,cuda,PPIL4:K562
GRWD1,HepG2,chr11:65208201:C:T,0,3,0.2178073227405548,modal,cuda,PPIL4:K562
GRWD1,HepG2,chr11:65208274:C:T,0,3,-0.7338111996650696,modal,cuda,PPIL4:K562
GRWD1,HepG2,chr11:65210007:C:T,0,3,0.1598341464996338,modal,cuda,PPIL4:K562
GRWD1,HepG2,chr11:65210013:C:T,0,3,-0.23013490438461304,modal,cuda,PPIL4:K562
GRWD1,HepG2,chr11:65547431:C:T,0,3,-1.3138608932495117,modal,cuda,PPIL4:K562
GRWD1,HepG2,chr11:65553919:G:A,0,3,-0.6395302414894104,modal,cuda,PPIL4:K562
GRWD1,HepG2,chr11:65864605:A:C,0,3,-0.40029510855674744,modal,cuda,PPIL4:K562
GRWD1,HepG2,chr11:66220794:G:A,0,3,-0.1117592453956604,modal,cuda,PPIL4:K562
GRWD1,HepG2,chr11:66220807:T:C,0,3,0.17647123336791992,modal,cuda,PPIL4:K562
GRWD1,HepG2,chr11:67255019:C:T,0,3,-0.1474299132823944,modal,cuda,PPIL4:K562
GRWD1,HepG2,chr11:68041789:G:C,0,3,-0.30326494574546814,modal,cuda,PPIL4:K562
GRWD1,HepG2,chr11:68043370:G:C,1,3,0.5070421099662781,modal,cuda,PPIL4:K562
GRWD1,HepG2,chr11:68043587:G:A,1,3,-0.4280262887477875,modal,cuda,PPIL4:K562
GRWD1,HepG2,chr11:68043625:G:T,1,3,-0.6323665976524353,modal,cuda,PPIL4:K562
GRWD1,HepG2,chr11:68043628:C:T,1,3,-0.5909776091575623,modal,cuda,PPIL4:K562
GRWD1,HepG2,chr11:68043794:G:A,0,3,-0.07422077655792236,modal,cuda,PPIL4:K562
GRWD1,HepG2,chr11:68043795:C:A,0,3,-0.7053253650665283,modal,cuda,PPIL4:K562
GRWD1,HepG2,chr11:68043803:C:T,0,3,-0.3346242904663086,modal,cuda,PPIL4:K562
GRWD1,HepG2,chr11:68044201:C:T,1,3,-0.8720665574073792,modal,cuda,PPIL4:K562
GRWD1,HepG2,chr11:686839:G:A,0,3,-0.1680821180343628,modal,cuda,PPIL4:K562
GRWD1,HepG2,chr11:686900:T:G,1,3,0.539688229560852,modal,cuda,PPIL4:K562
GRWD1,HepG2,chr11:686907:C:T,1,3,-1.439310073852539,modal,cuda,PPIL4:K562
GRWD1,HepG2,chr11:686911:C:T,1,3,-0.4960213303565979,modal,cuda,PPIL4:K562
GRWD1,HepG2,chr11:686943:A:G,1,3,-1.0746089220046997,modal,cuda,PPIL4:K562
GRWD1,HepG2,chr11:686953:G:T,1,3,1.0778528451919556,modal,cuda,PPIL4:K562
GRWD1,HepG2,chr11:68903809:A:G,0,3,0.5043594241142273,modal,cuda,PPIL4:K562
GRWD1,HepG2,chr11:70272259:G:T,0,3,0.2297276258468628,modal,cuda,PPIL4:K562
GRWD1,HepG2,chr11:70272383:G:A,0,3,-0.4712519645690918,modal,cuda,PPIL4:K562
GRWD1,HepG2,chr11:70339219:C:T,0,3,-0.2001049518585205,modal,cuda,PPIL4:K562
GRWD1,HepG2,chr11:70354423:C:T,0,3,-0.3915937542915344,modal,cuda,PPIL4:K562
GRWD1,HepG2,chr11:70378212:A:G,0,3,-0.32396793365478516,modal,cuda,PPIL4:K562
GRWD1,HepG2,chr11:71478390:T:C,0,3,0.14656198024749756,modal,cuda,PPIL4:K562
GRWD1,HepG2,chr11:72001333:C:T,0,3,-0.34819990396499634,modal,cuda,PPIL4:K562
GRWD1,HepG2,chr11:72022387:C:T,0,3,0.6431049704551697,modal,cuda,PPIL4:K562
GRWD1,HepG2,chr11:76451851:C:T,0,3,-0.7442378997802734,modal,cuda,PPIL4:K562
GRWD1,HepG2,chr11:76451964:T:C,0,3,0.4188361167907715,modal,cuda,PPIL4:K562
GRWD1,HepG2,chr11:836227:A:G,0,3,-0.17851026356220245,modal,cuda,PPIL4:K562
GRWD1,HepG2,chr11:836864:A:G,0,3,0.4776861071586609,modal,cuda,PPIL4:K562
GRWD1,HepG2,chr11:85664513:G:A,0,3,-0.6010651588439941,modal,cuda,PPIL4:K562
GRWD1,HepG2,chr11:86245361:C:T,0,3,-0.4137847423553467,modal,cuda,PPIL4:K562
GRWD1,HepG2,chr11:87321245:G:C,0,3,1.0435768365859985,modal,cuda,PPIL4:K562
GRWD1,HepG2,chr11:9179008:G:A,0,3,0.18170952796936035,modal,cuda,PPIL4:K562
GRWD1,HepG2,chr11:9203939:C:G,0,3,0.27732038497924805,modal,cuda,PPIL4:K562
GRWD1,HepG2,chr11:94435822:C:T,0,3,-1.0588170289993286,modal,cuda,PPIL4:K562
GRWD1,HepG2,chr11:94445909:A:C,0,3,-0.13281738758087158,modal,cuda,PPIL4:K562
GRWD1,HepG2,chr11:94456263:G:A,0,3,-0.6759331822395325,modal,cuda,PPIL4:K562
GRWD1,HepG2,chr11:95821981:G:A,0,3,0.7491202354431152,modal,cuda,PPIL4:K562
GRWD1,HepG2,chr12:100510780:G:A,0,1,2.1140546798706055,modal,cuda,PPIL4:K562
GRWD1,HepG2,chr12:100532538:C:T,1,1,1.9964985847473145,modal,cuda,PPIL4:K562
GRWD1,HepG2,chr12:100532559:C:T,1,1,-6.1108222007751465,modal,cuda,PPIL4:K562
GRWD1,HepG2,chr12:100532577:G:T,1,1,-3.6506004333496094,modal,cuda,PPIL4:K562
GRWD1,HepG2,chr12:1027951:G:C,0,1,0.9978736639022827,modal,cuda,PPIL4:K562
GRWD1,HepG2,chr12:1028051:A:G,0,1,0.26791560649871826,modal,cuda,PPIL4:K562
GRWD1,HepG2,chr12:102840394:A:T,1,1,-2.8844361305236816,modal,cuda,PPIL4:K562
GRWD1,HepG2,chr12:102846890:C:T,1,1,-6.0922112464904785,modal,cuda,PPIL4:K562
GRWD1,HepG2,chr12:102855080:C:T,0,1,0.6273201704025269,modal,cuda,PPIL4:K562
GRWD1,HepG2,chr12:102877457:C:A,1,1,-4.985872268676758,modal,cuda,PPIL4:K562
GRWD1,HepG2,chr12:102877457:C:T,1,1,-3.6238250732421875,modal,cuda,PPIL4:K562
GRWD1,HepG2,chr12:102877459:C:G,1,1,-6.998594284057617,modal,cuda,PPIL4:K562
GRWD1,HepG2,chr12:102877556:A:T,1,1,-1.5602025985717773,modal,cuda,PPIL4:K562
GRWD1,HepG2,chr12:102877572:G:A,0,1,-2.3164358139038086,modal,cuda,PPIL4:K562
GRWD1,HepG2,chr12:102917066:C:A,1,1,1.9034984111785889,modal,cuda,PPIL4:K562
GRWD1,HepG2,chr12:102917066:C:G,1,1,-2.3023910522460938,modal,cuda,PPIL4:K562
GRWD1,HepG2,chr12:10847109:T:C,0,1,1.4317846298217773,modal,cuda,PPIL4:K562
GRWD1,HepG2,chr12:10847181:C:T,0,1,0.7584853172302246,modal,cuda,PPIL4:K562
GRWD1,HepG2,chr12:110282701:T:C,0,1,1.4323396682739258,modal,cuda,PPIL4:K562
GRWD1,HepG2,chr12:1112269:A:G,0,1,2.0265655517578125,modal,cuda,PPIL4:K562
GRWD1,HepG2,chr12:111456065:C:T,0,1,-0.8893823623657227,modal,cuda,PPIL4:K562
GRWD1,HepG2,chr12:111456268:C:T,0,1,-2.907869815826416,modal,cuda,PPIL4:K562
GRWD1,HepG2,chr12:111518422:T:C,0,1,-1.4956083297729492,modal,cuda,PPIL4:K562
GRWD1,HepG2,chr12:1115991:C:T,0,1,-0.775196373462677,modal,cuda,PPIL4:K562
GRWD1,HepG2,chr12:112489201:G:A,0,1,-1.7557008266448975,modal,cuda,PPIL4:K562
GRWD1,HepG2,chr12:113292931:C:T,0,1,-0.6906676888465881,modal,cuda,PPIL4:K562
GRWD1,HepG2,chr12:117046847:G:T,0,1,-1.182721495628357,modal,cuda,PPIL4:K562
GRWD1,HepG2,chr12:117049071:G:A,0,1,0.44484782218933105,modal,cuda,PPIL4:K562
GRWD1,HepG2,chr12:119757357:C:T,0,1,1.6068917512893677,modal,cuda,PPIL4:K562
GRWD1,HepG2,chr12:119757359:C:A,0,1,1.649658203125,modal,cuda,PPIL4:K562
GRWD1,HepG2,chr12:119832768:T:A,1,1,-2.1460154056549072,modal,cuda,PPIL4:K562
GRWD1,HepG2,chr12:120440429:T:C,0,1,1.269155740737915,modal,cuda,PPIL4:K562
GRWD1,HepG2,chr12:120446488:C:T,0,1,0.2616536617279053,modal,cuda,PPIL4:K562
GRWD1,HepG2,chr12:120446525:C:T,0,1,0.75343918800354,modal,cuda,PPIL4:K562
GRWD1,HepG2,chr12:12147466:A:G,0,1,1.12554931640625,modal,cuda,PPIL4:K562
GRWD1,HepG2,chr12:12158881:A:C,0,1,3.601323127746582,modal,cuda,PPIL4:K562
GRWD1,HepG2,chr12:12162324:C:T,0,1,-3.0894336700439453,modal,cuda,PPIL4:K562
GRWD1,HepG2,chr12:122500624:A:G,0,1,-1.5215933322906494,modal,cuda,PPIL4:K562
GRWD1,HepG2,chr12:12266785:G:T,0,1,0.757002592086792,modal,cuda,PPIL4:K562
GRWD1,HepG2,chr12:130801294:G:A,0,1,-1.990710735321045,modal,cuda,PPIL4:K562
GRWD1,HepG2,chr12:131960613:G:A,0,1,2.420931100845337,modal,cuda,PPIL4:K562
GRWD1,HepG2,chr12:132632300:C:T,0,1,0.9466304779052734,modal,cuda,PPIL4:K562
GRWD1,HepG2,chr12:132643832:G:A,0,1,0.8175179958343506,modal,cuda,PPIL4:K562
GRWD1,HepG2,chr12:132657119:T:C,0,1,-0.3526197671890259,modal,cuda,PPIL4:K562
GRWD1,HepG2,chr12:132672338:G:C,0,1,-2.2630183696746826,modal,cuda,PPIL4:K562
GRWD1,HepG2,chr12:132672553:T:A,0,1,1.3734500408172607,modal,cuda,PPIL4:K562
GRWD1,HepG2,chr12:132718142:C:T,0,1,0.3176603317260742,modal,cuda,PPIL4:K562
GRWD1,HepG2,chr12:132718183:A:G,0,1,-0.3983297348022461,modal,cuda,PPIL4:K562
GRWD1,HepG2,chr12:132728018:C:T,0,1,-1.4227049350738525,modal,cuda,PPIL4:K562
GRWD1,HepG2,chr12:132747814:T:C,0,1,0.27050304412841797,modal,cuda,PPIL4:K562
GRWD1,HepG2,chr12:23845954:T:C,0,1,1.3912901878356934,modal,cuda,PPIL4:K562
GRWD1,HepG2,chr12:24901853:G:A,0,1,2.922093391418457,modal,cuda,PPIL4:K562
GRWD1,HepG2,chr12:26790237:A:T,0,1,1.054783821105957,modal,cuda,PPIL4:K562
GRWD1,HepG2,chr12:31084054:G:A,0,1,-2.5500710010528564,modal,cuda,PPIL4:K562
GRWD1,HepG2,chr12:31089501:G:A,0,1,-3.127257823944092,modal,cuda,PPIL4:K562
GRWD1,HepG2,chr12:31089506:A:G,0,1,-0.7201385498046875,modal,cuda,PPIL4:K562
GRWD1,HepG2,chr12:323593:T:C,0,1,-1.4100759029388428,modal,cuda,PPIL4:K562
GRWD1,HepG2,chr12:32701427:A:G,1,1,-2.487250804901123,modal,cuda,PPIL4:K562
GRWD1,HepG2,chr12:32701432:A:C,0,1,2.3429181575775146,modal,cuda,PPIL4:K562
GRWD1,HepG2,chr12:39333207:T:A,0,1,1.421665906906128,modal,cuda,PPIL4:K562
GRWD1,HepG2,chr12:47999944:G:T,1,1,-7.1390886306762695,modal,cuda,PPIL4:K562
GRWD1,HepG2,chr12:47999949:T:A,0,1,-0.5698027610778809,modal,cuda,PPIL4:K562
GRWD1,HepG2,chr12:47999953:G:T,1,1,-3.154982089996338,modal,cuda,PPIL4:K562
GRWD1,HepG2,chr12:47999986:G:T,1,1,-4.797571182250977,modal,cuda,PPIL4:K562
GRWD1,HepG2,chr12:50096916:A:G,1,1,1.2299671173095703,modal,cuda,PPIL4:K562
GRWD1,HepG2,chr12:52898859:C:T,0,1,0.47379040718078613,modal,cuda,PPIL4:K562
GRWD1,HepG2,chr12:52898882:G:A,0,1,0.597977876663208,modal,cuda,PPIL4:K562
GRWD1,HepG2,chr12:56100038:A:C,0,1,1.8076260089874268,modal,cuda,PPIL4:K562
GRWD1,HepG2,chr12:56181404:G:A,0,1,2.43621826171875,modal,cuda,PPIL4:K562
GRWD1,HepG2,chr12:56254282:G:A,0,1,-1.5937371253967285,modal,cuda,PPIL4:K562
GRWD1,HepG2,chr12:56355369:C:T,0,1,-0.7009445428848267,modal,cuda,PPIL4:K562
GRWD1,HepG2,chr12:56355703:C:G,1,1,3.3497121334075928,modal,cuda,PPIL4:K562
GRWD1,HepG2,chr12:56420619:A:G,0,1,-2.046692371368408,modal,cuda,PPIL4:K562
GRWD1,HepG2,chr12:57105475:C:T,0,1,2.246861457824707,modal,cuda,PPIL4:K562
GRWD1,HepG2,chr12:6560439:G:A,0,1,-1.3518657684326172,modal,cuda,PPIL4:K562
GRWD1,HepG2,chr12:6601957:C:T,0,1,-1.2294375896453857,modal,cuda,PPIL4:K562
GRWD1,HepG2,chr12:6606256:C:T,0,1,-3.5338165760040283,modal,cuda,PPIL4:K562
GRWD1,HepG2,chr12:68828854:C:T,0,1,-2.8748371601104736,modal,cuda,PPIL4:K562
GRWD1,HepG2,chr12:6917572:A:C,0,1,-3.103848695755005,modal,cuda,PPIL4:K562
GRWD1,HepG2,chr12:6934323:C:T,0,1,-0.7637672424316406,modal,cuda,PPIL4:K562
GRWD1,HepG2,chr12:6970938:T:C,0,1,0.45787861943244934,modal,cuda,PPIL4:K562
GRWD1,HepG2,chr12:6971024:C:G,0,1,2.5850610733032227,modal,cuda,PPIL4:K562
GRWD1,HepG2,chr12:70338488:A:T,1,1,3.9545936584472656,modal,cuda,PPIL4:K562
GRWD1,HepG2,chr12:79793941:T:G,0,1,2.3144919872283936,modal,cuda,PPIL4:K562
GRWD1,HepG2,chr12:79845286:T:A,0,1,2.067739486694336,modal,cuda,PPIL4:K562
GRWD1,HepG2,chr12:79872796:G:T,0,1,-6.057031631469727,modal,cuda,PPIL4:K562
GRWD1,HepG2,chr12:89655748:G:A,1,1,3.5757131576538086,modal,cuda,PPIL4:K562
GRWD1,HepG2,chr12:914052:G:T,0,1,2.010718584060669,modal,cuda,PPIL4:K562
GRWD1,HepG2,chr12:92864856:G:A,0,1,1.1854567527770996,modal,cuda,PPIL4:K562
GRWD1,HepG2,chr12:94378966:C:T,0,1,-1.4136117696762085,modal,cuda,PPIL4:K562
GRWD1,HepG2,chr12:94994203:C:T,1,1,-4.013369560241699,modal,cuda,PPIL4:K562
GRWD1,HepG2,chr12:94994211:G:A,0,1,0.7305793762207031,modal,cuda,PPIL4:K562
GRWD1,HepG2,chr12:94994249:G:A,1,1,-1.1103601455688477,modal,cuda,PPIL4:K562
GRWD1,HepG2,chr12:98516092:G:A,0,1,0.4663240909576416,modal,cuda,PPIL4:K562
GRWD1,HepG2,chr13:102633930:T:A,0,0,1.0634095668792725,modal,cuda,PPIL4:K562
GRWD1,HepG2,chr13:102807511:A:G,0,0,-0.4031573534011841,modal,cuda,PPIL4:K562
GRWD1,HepG2,chr13:110634592:C:T,0,0,0.2868894934654236,modal,cuda,PPIL4:K562
GRWD1,HepG2,chr13:110634665:T:G,0,0,-0.7871814370155334,modal,cuda,PPIL4:K562
GRWD1,HepG2,chr13:110635494:C:T,0,0,-1.2086135149002075,modal,cuda,PPIL4:K562
GRWD1,HepG2,chr13:110635598:G:A,0,0,-0.24687409400939941,modal,cuda,PPIL4:K562
GRWD1,HepG2,chr13:110642449:C:T,0,0,0.5039275884628296,modal,cuda,PPIL4:K562
GRWD1,HepG2,chr13:113045368:G:C,0,0,-0.7552642822265625,modal,cuda,PPIL4:K562
GRWD1,HepG2,chr13:113115689:G:T,1,0,-0.4305288791656494,modal,cuda,PPIL4:K562
GRWD1,HepG2,chr13:113115754:C:T,0,0,-0.032523393630981445,modal,cuda,PPIL4:K562
GRWD1,HepG2,chr13:113115778:C:T,0,0,-0.3747744560241699,modal,cuda,PPIL4:K562
GRWD1,HepG2,chr13:20003015:T:G,1,0,-1.572161078453064,modal,cuda,PPIL4:K562
GRWD1,HepG2,chr13:20061170:A:G,0,0,-0.21568727493286133,modal,cuda,PPIL4:K562
GRWD1,HepG2,chr13:24883942:G:C,0,0,0.6211749315261841,modal,cuda,PPIL4:K562
GRWD1,HepG2,chr13:24912045:G:A,1,0,0.6247614622116089,modal,cuda,PPIL4:K562
GRWD1,HepG2,chr13:39655754:G:A,0,0,0.4992234706878662,modal,cuda,PPIL4:K562
GRWD1,HepG2,chr13:39655820:T:A,0,0,-0.5284994840621948,modal,cuda,PPIL4:K562
GRWD1,HepG2,chr13:39655838:A:T,1,0,-0.4779972434043884,modal,cuda,PPIL4:K562
GRWD1,HepG2,chr13:51950271:C:T,1,0,1.3001086711883545,modal,cuda,PPIL4:K562
GRWD1,HepG2,chr13:51970491:C:G,1,0,-1.5637400150299072,modal,cuda,PPIL4:K562
GRWD1,HepG2,chr13:51970558:G:A,1,0,-0.9680784940719604,modal,cuda,PPIL4:K562
GRWD1,HepG2,chr13:51970573:G:A,1,0,-0.428631067276001,modal,cuda,PPIL4:K562
GRWD1,HepG2,chr13:51974317:A:C,1,0,-1.4388811588287354,modal,cuda,PPIL4:K562
GRWD1,HepG2,chr13:51974317:A:T,1,0,-0.9093928933143616,modal,cuda,PPIL4:K562
GRWD1,HepG2,chr13:51974350:C:G,0,0,0.9779438972473145,modal,cuda,PPIL4:K562
GRWD1,HepG2,chr13:75804311:G:A,0,0,0.2802765369415283,modal,cuda,PPIL4:K562
GRWD1,HepG2,chr14:102027301:G:A,0,2,-1.2638440132141113,modal,cuda,PPIL4:K562
GRWD1,HepG2,chr14:104712504:T:C,0,2,-0.41830405592918396,modal,cuda,PPIL4:K562
GRWD1,HepG2,chr14:104712520:C:T,0,2,-0.1832594871520996,modal,cuda,PPIL4:K562
GRWD1,HepG2,chr14:104773098:C:T,0,2,-0.4192754626274109,modal,cuda,PPIL4:K562
GRWD1,HepG2,chr14:104773099:G:A,0,2,0.17051398754119873,modal,cuda,PPIL4:K562
GRWD1,HepG2,chr14:104773774:G:A,0,2,-1.136328935623169,modal,cuda,PPIL4:K562
GRWD1,HepG2,chr14:105226625:C:T,0,2,-0.4718952178955078,modal,cuda,PPIL4:K562
GRWD1,HepG2,chr14:105369913:C:T,0,2,0.7699018716812134,modal,cuda,PPIL4:K562
GRWD1,HepG2,chr14:105384992:C:T,0,2,-1.1390061378479004,modal,cuda,PPIL4:K562
GRWD1,HepG2,chr14:105384993:G:A,0,2,0.259973406791687,modal,cuda,PPIL4:K562
GRWD1,HepG2,chr14:105385001:C:T,0,2,-0.24212884902954102,modal,cuda,PPIL4:K562
GRWD1,HepG2,chr14:105385007:C:T,0,2,-0.24373957514762878,modal,cuda,PPIL4:K562
GRWD1,HepG2,chr14:105466467:G:A,0,2,-0.2436206340789795,modal,cuda,PPIL4:K562
GRWD1,HepG2,chr14:105469951:C:T,0,2,-0.18400757014751434,modal,cuda,PPIL4:K562
GRWD1,HepG2,chr14:20448090:T:C,0,2,0.3805621862411499,modal,cuda,PPIL4:K562
GRWD1,HepG2,chr14:20449275:G:A,0,2,-0.44869816303253174,modal,cuda,PPIL4:K562
GRWD1,HepG2,chr14:20449283:A:T,0,2,-1.1373783349990845,modal,cuda,PPIL4:K562
GRWD1,HepG2,chr14:20469429:G:A,0,2,1.0114529132843018,modal,cuda,PPIL4:K562
GRWD1,HepG2,chr14:20469434:G:T,0,2,1.5481226444244385,modal,cuda,PPIL4:K562
GRWD1,HepG2,chr14:20469442:C:G,0,2,0.3647097051143646,modal,cuda,PPIL4:K562
GRWD1,HepG2,chr14:20472290:A:T,0,2,0.8583825826644897,modal,cuda,PPIL4:K562
GRWD1,HepG2,chr14:20472299:C:A,0,2,-1.8724792003631592,modal,cuda,PPIL4:K562
GRWD1,HepG2,chr14:21074934:C:T,0,2,-0.15615177154541016,modal,cuda,PPIL4:K562
GRWD1,HepG2,chr14:21368447:G:C,0,2,0.10732311010360718,modal,cuda,PPIL4:K562
GRWD1,HepG2,chr14:24155532:C:G,0,2,-0.8858518004417419,modal,cuda,PPIL4:K562
GRWD1,HepG2,chr14:24163515:G:A,0,2,-1.1827616691589355,modal,cuda,PPIL4:K562
GRWD1,HepG2,chr14:24184909:G:T,0,2,-0.3308755159378052,modal,cuda,PPIL4:K562
GRWD1,HepG2,chr14:30889673:T:C,1,2,-0.8565667867660522,modal,cuda,PPIL4:K562
GRWD1,HepG2,chr14:30889691:A:G,0,2,1.5761382579803467,modal,cuda,PPIL4:K562
GRWD1,HepG2,chr14:31562122:C:T,1,2,-0.8892852067947388,modal,cuda,PPIL4:K562
GRWD1,HepG2,chr14:31599348:G:A,1,2,-0.7753579616546631,modal,cuda,PPIL4:K562
GRWD1,HepG2,chr14:34516452:C:T,0,2,-0.5948183536529541,modal,cuda,PPIL4:K562
GRWD1,HepG2,chr14:35085702:C:T,1,2,0.5928922295570374,modal,cuda,PPIL4:K562
GRWD1,HepG2,chr14:35278712:C:T,0,2,0.9042931795120239,modal,cuda,PPIL4:K562
GRWD1,HepG2,chr14:35403670:G:T,0,2,0.22985351085662842,modal,cuda,PPIL4:K562
GRWD1,HepG2,chr14:35403687:C:T,0,2,-0.26454484462738037,modal,cuda,PPIL4:K562
GRWD1,HepG2,chr14:39154235:T:C,0,2,0.37800371646881104,modal,cuda,PPIL4:K562
GRWD1,HepG2,chr14:39154279:G:A,1,2,0.6369718313217163,modal,cuda,PPIL4:K562
GRWD1,HepG2,chr14:39176159:C:T,0,2,-0.5630412101745605,modal,cuda,PPIL4:K562
GRWD1,HepG2,chr14:39299939:A:G,0,2,-1.1014554500579834,modal,cuda,PPIL4:K562
GRWD1,HepG2,chr14:49679806:A:G,0,2,-0.34039783477783203,modal,cuda,PPIL4:K562
GRWD1,HepG2,chr14:55628008:C:A,0,2,0.7532988786697388,modal,cuda,PPIL4:K562
GRWD1,HepG2,chr14:55629968:A:C,0,2,-2.0235722064971924,modal,cuda,PPIL4:K562
GRWD1,HepG2,chr14:59330495:G:A,0,2,0.09475409984588623,modal,cuda,PPIL4:K562
GRWD1,HepG2,chr14:64431881:C:A,0,2,-0.6046047806739807,modal,cuda,PPIL4:K562
GRWD1,HepG2,chr14:64439078:C:A,0,2,-0.8997101783752441,modal,cuda,PPIL4:K562
GRWD1,HepG2,chr14:67825470:T:C,0,2,-0.6369030475616455,modal,cuda,PPIL4:K562
GRWD1,HepG2,chr14:68880117:C:T,0,2,-1.0109593868255615,modal,cuda,PPIL4:K562
GRWD1,HepG2,chr14:68909403:G:A,0,2,0.29734158515930176,modal,cuda,PPIL4:K562
GRWD1,HepG2,chr14:68925547:T:G,0,2,-1.055504560470581,modal,cuda,PPIL4:K562
GRWD1,HepG2,chr14:72938062:T:C,0,2,2.681278705596924,modal,cuda,PPIL4:K562
GRWD1,HepG2,chr14:74286660:G:A,0,2,1.5096259117126465,modal,cuda,PPIL4:K562
GRWD1,HepG2,chr14:74286696:G:A,0,2,-0.18623971939086914,modal,cuda,PPIL4:K562
GRWD1,HepG2,chr14:74292774:C:T,0,2,0.21019631624221802,modal,cuda,PPIL4:K562
GRWD1,HepG2,chr14:74292826:G:A,0,2,0.2046526074409485,modal,cuda,PPIL4:K562
GRWD1,HepG2,chr14:74296346:G:A,1,2,0.42202579975128174,modal,cuda,PPIL4:K562
GRWD1,HepG2,chr14:74296383:G:C,0,2,-0.2894914150238037,modal,cuda,PPIL4:K562
GRWD1,HepG2,chr14:75017075:T:A,0,2,0.7345831990242004,modal,cuda,PPIL4:K562
GRWD1,HepG2,chr14:75771860:G:C,0,2,-0.22767919301986694,modal,cuda,PPIL4:K562
GRWD1,HepG2,chr14:77512278:A:C,0,2,-0.18626108765602112,modal,cuda,PPIL4:K562
GRWD1,HepG2,chr14:77616609:C:A,0,2,0.5158588886260986,modal,cuda,PPIL4:K562
GRWD1,HepG2,chr14:77616621:T:C,0,2,0.6071418523788452,modal,cuda,PPIL4:K562
GRWD1,HepG2,chr14:77616622:G:A,0,2,-0.390993595123291,modal,cuda,PPIL4:K562
GRWD1,HepG2,chr14:81526729:C:T,0,2,1.357527256011963,modal,cuda,PPIL4:K562
GRWD1,HepG2,chr14:88574794:C:T,0,2,-0.08206665515899658,modal,cuda,PPIL4:K562
GRWD1,HepG2,chr14:90397013:C:T,0,2,0.1204683780670166,modal,cuda,PPIL4:K562
GRWD1,HepG2,chr14:90397145:G:A,0,2,-0.18407852947711945,modal,cuda,PPIL4:K562
GRWD1,HepG2,chr14:95094089:A:C,1,2,2.717301607131958,modal,cuda,PPIL4:K562
GRWD1,HepG2,chr14:95094119:A:T,0,2,0.42461684346199036,modal,cuda,PPIL4:K562
GRWD1,HepG2,chr14:95094168:C:T,1,2,-1.3889968395233154,modal,cuda,PPIL4:K562
GRWD1,HepG2,chr14:95096581:G:A,1,2,2.157182216644287,modal,cuda,PPIL4:K562
GRWD1,HepG2,chr14:95096605:C:A,1,2,0.8452062606811523,modal,cuda,PPIL4:K562
GRWD1,HepG2,chr14:95096633:C:T,1,2,0.7751249670982361,modal,cuda,PPIL4:K562
GRWD1,HepG2,chr14:95105699:C:T,1,2,1.7172751426696777,modal,cuda,PPIL4:K562
GRWD1,HepG2,chr14:95105716:T:A,1,2,2.8688580989837646,modal,cuda,PPIL4:K562
GRWD1,HepG2,chr14:95105784:C:A,1,2,-2.532304286956787,modal,cuda,PPIL4:K562
GRWD1,HepG2,chr15:101370529:G:C,0,1,1.1941397190093994,modal,cuda,PPIL4:K562
GRWD1,HepG2,chr15:22918835:C:T,0,1,-0.6416616439819336,modal,cuda,PPIL4:K562
GRWD1,HepG2,chr15:22932292:C:T,0,1,-0.44340723752975464,modal,cuda,PPIL4:K562
GRWD1,HepG2,chr15:22943270:G:A,0,1,-2.7412362098693848,modal,cuda,PPIL4:K562
GRWD1,HepG2,chr15:24962126:C:T,0,1,1.122401237487793,modal,cuda,PPIL4:K562
GRWD1,HepG2,chr15:25340160:C:T,1,1,-0.8186392784118652,modal,cuda,PPIL4:K562
GRWD1,HepG2,chr15:25340173:G:A,1,1,2.0939314365386963,modal,cuda,PPIL4:K562
GRWD1,HepG2,chr15:25360477:A:T,1,1,3.473015785217285,modal,cuda,PPIL4:K562
GRWD1,HepG2,chr15:25370844:C:A,1,1,5.68502140045166,modal,cuda,PPIL4:K562
GRWD1,HepG2,chr15:25370865:G:A,1,1,2.885166883468628,modal,cuda,PPIL4:K562
GRWD1,HepG2,chr15:25370905:G:A,0,1,-1.37897789478302,modal,cuda,PPIL4:K562
GRWD1,HepG2,chr15:25370913:G:A,1,1,4.175812244415283,modal,cuda,PPIL4:K562
GRWD1,HepG2,chr15:25370937:C:A,1,1,7.710562705993652,modal,cuda,PPIL4:K562
GRWD1,HepG2,chr15:25370955:G:A,1,1,4.730302810668945,modal,cuda,PPIL4:K562
GRWD1,HepG2,chr15:25370967:C:A,1,1,4.42882776260376,modal,cuda,PPIL4:K562
GRWD1,HepG2,chr15:25371276:C:A,1,1,-2.8024075031280518,modal,cuda,PPIL4:K562
GRWD1,HepG2,chr15:25371285:C:A,1,1,-6.90797758102417,modal,cuda,PPIL4:K562
GRWD1,HepG2,chr15:25371316:G:T,0,1,-4.091318130493164,modal,cuda,PPIL4:K562
GRWD1,HepG2,chr15:25371326:A:C,1,1,4.507526874542236,modal,cuda,PPIL4:K562
GRWD1,HepG2,chr15:25371348:G:A,1,1,-8.278955459594727,modal,cuda,PPIL4:K562
GRWD1,HepG2,chr15:32633113:T:G,0,1,-4.272830486297607,modal,cuda,PPIL4:K562
GRWD1,HepG2,chr15:34342999:C:T,0,1,-1.6939501762390137,modal,cuda,PPIL4:K562
GRWD1,HepG2,chr15:40030347:T:G,0,1,-3.6938490867614746,modal,cuda,PPIL4:K562
GRWD1,HepG2,chr15:40030351:G:T,0,1,4.356209754943848,modal,cuda,PPIL4:K562
GRWD1,HepG2,chr15:40161106:A:G,0,1,-0.8041259050369263,modal,cuda,PPIL4:K562
GRWD1,HepG2,chr15:40199751:A:G,0,1,-0.5388772487640381,modal,cuda,PPIL4:K562
GRWD1,HepG2,chr15:40411601:C:T,0,1,0.21361780166625977,modal,cuda,PPIL4:K562
GRWD1,HepG2,chr15:41736499:C:G,0,1,2.558119297027588,modal,cuda,PPIL4:K562
GRWD1,HepG2,chr15:41736607:A:G,0,1,-3.094041109085083,modal,cuda,PPIL4:K562
GRWD1,HepG2,chr15:41736622:A:G,0,1,-2.792839288711548,modal,cuda,PPIL4:K562
GRWD1,HepG2,chr15:43800658:G:A,0,1,-1.1660339832305908,modal,cuda,PPIL4:K562
GRWD1,HepG2,chr15:43801716:T:C,0,1,-1.397566318511963,modal,cuda,PPIL4:K562
GRWD1,HepG2,chr15:50439016:G:C,0,1,1.7445793151855469,modal,cuda,PPIL4:K562
GRWD1,HepG2,chr15:50439193:C:T,0,1,0.775442361831665,modal,cuda,PPIL4:K562
GRWD1,HepG2,chr15:50449392:A:C,0,1,5.548914432525635,modal,cuda,PPIL4:K562
GRWD1,HepG2,chr15:55850653:C:T,0,1,1.0187854766845703,modal,cuda,PPIL4:K562
GRWD1,HepG2,chr15:56142758:A:G,0,1,1.6424732208251953,modal,cuda,PPIL4:K562
GRWD1,HepG2,chr15:56920007:G:C,0,1,2.4788756370544434,modal,cuda,PPIL4:K562
GRWD1,HepG2,chr15:56921008:A:G,0,1,1.5586540699005127,modal,cuda,PPIL4:K562
GRWD1,HepG2,chr15:56921085:A:G,0,1,-1.1335068941116333,modal,cuda,PPIL4:K562
GRWD1,HepG2,chr15:57091863:A:G,0,1,-0.6670136451721191,modal,cuda,PPIL4:K562
GRWD1,HepG2,chr15:57262215:A:G,0,1,0.6898212432861328,modal,cuda,PPIL4:K562
GRWD1,HepG2,chr15:58621444:T:A,0,1,-1.5286948680877686,modal,cuda,PPIL4:K562
GRWD1,HepG2,chr15:58621464:A:G,0,1,1.1022522449493408,modal,cuda,PPIL4:K562
GRWD1,HepG2,chr15:63042757:C:T,0,1,-0.245805025100708,modal,cuda,PPIL4:K562
GRWD1,HepG2,chr15:63042816:T:C,0,1,0.9455413818359375,modal,cuda,PPIL4:K562
GRWD1,HepG2,chr15:63043708:C:G,0,1,0.27753162384033203,modal,cuda,PPIL4:K562
GRWD1,HepG2,chr15:63057025:T:A,1,1,-0.337368369102478,modal,cuda,PPIL4:K562
GRWD1,HepG2,chr15:63060873:C:T,1,1,1.1340625286102295,modal,cuda,PPIL4:K562
GRWD1,HepG2,chr15:63060929:C:T,1,1,0.7873688340187073,modal,cuda,PPIL4:K562
GRWD1,HepG2,chr15:63061252:A:G,0,1,1.1618516445159912,modal,cuda,PPIL4:K562
GRWD1,HepG2,chr15:67165369:C:T,1,1,1.7408831119537354,modal,cuda,PPIL4:K562
GRWD1,HepG2,chr15:68787929:G:C,0,1,-1.3069374561309814,modal,cuda,PPIL4:K562
GRWD1,HepG2,chr15:72544973:C:T,0,1,1.1083130836486816,modal,cuda,PPIL4:K562
GRWD1,HepG2,chr15:74893263:G:T,1,1,-8.007986068725586,modal,cuda,PPIL4:K562
GRWD1,HepG2,chr15:74893306:G:A,1,1,-1.8340253829956055,modal,cuda,PPIL4:K562
GRWD1,HepG2,chr15:74893329:A:G,0,1,-1.1623411178588867,modal,cuda,PPIL4:K562
GRWD1,HepG2,chr15:75361037:T:C,0,1,0.5423007011413574,modal,cuda,PPIL4:K562
GRWD1,HepG2,chr15:75392820:T:C,0,1,2.4559051990509033,modal,cuda,PPIL4:K562
GRWD1,HepG2,chr15:75392834:A:C,0,1,-2.6869394779205322,modal,cuda,PPIL4:K562
GRWD1,HepG2,chr15:75394873:C:A,0,1,0.3366985321044922,modal,cuda,PPIL4:K562
GRWD1,HepG2,chr15:76702873:G:A,1,1,-4.348235130310059,modal,cuda,PPIL4:K562
GRWD1,HepG2,chr15:76841797:A:C,0,1,-2.106854200363159,modal,cuda,PPIL4:K562
GRWD1,HepG2,chr15:76841903:G:A,0,1,1.3221778869628906,modal,cuda,PPIL4:K562
GRWD1,HepG2,chr15:78471943:A:G,0,1,4.111410140991211,modal,cuda,PPIL4:K562
GRWD1,HepG2,chr15:79313860:G:A,0,1,0.7200541496276855,modal,cuda,PPIL4:K562
GRWD1,HepG2,chr15:79889252:G:A,1,1,-3.978724241256714,modal,cuda,PPIL4:K562
GRWD1,HepG2,chr15:79896882:A:G,1,1,-3.126215696334839,modal,cuda,PPIL4:K562
GRWD1,HepG2,chr15:79896888:C:A,0,1,-2.8082213401794434,modal,cuda,PPIL4:K562
GRWD1,HepG2,chr15:80989559:G:A,0,1,2.1520538330078125,modal,cuda,PPIL4:K562
GRWD1,HepG2,chr15:84648523:A:G,0,1,2.2524476051330566,modal,cuda,PPIL4:K562
GRWD1,HepG2,chr15:84648595:G:A,0,1,-2.142162799835205,modal,cuda,PPIL4:K562
GRWD1,HepG2,chr15:92972440:T:C,0,1,0.8523377180099487,modal,cuda,PPIL4:K562
GRWD1,HepG2,chr15:92981478:G:A,0,1,1.6701951026916504,modal,cuda,PPIL4:K562
GRWD1,HepG2,chr15:92985689:G:A,0,1,-0.6345095634460449,modal,cuda,PPIL4:K562
GRWD1,HepG2,chr15:92985715:C:T,0,1,1.2987675666809082,modal,cuda,PPIL4:K562
GRWD1,HepG2,chr15:92998475:G:A,0,1,-0.7875393629074097,modal,cuda,PPIL4:K562
GRWD1,HepG2,chr15:93004766:C:T,0,1,-0.713991641998291,modal,cuda,PPIL4:K562
GRWD1,HepG2,chr16:1459097:G:A,0,2,-0.130462646484375,modal,cuda,PPIL4:K562
GRWD1,HepG2,chr16:14628177:T:A,1,2,2.944790840148926,modal,cuda,PPIL4:K562
GRWD1,HepG2,chr16:15036083:C:T,0,2,0.1397535800933838,modal,cuda,PPIL4:K562
GRWD1,HepG2,chr16:16159508:G:A,1,2,0.5853317975997925,modal,cuda,PPIL4:K562
GRWD1,HepG2,chr16:16159549:C:T,1,2,-0.44522854685783386,modal,cuda,PPIL4:K562
GRWD1,HepG2,chr16:16159555:C:T,1,2,0.47062158584594727,modal,cuda,PPIL4:K562
GRWD1,HepG2,chr16:16178848:G:A,1,2,1.3388042449951172,modal,cuda,PPIL4:K562
GRWD1,HepG2,chr16:16178854:C:A,1,2,0.6278242468833923,modal,cuda,PPIL4:K562
GRWD1,HepG2,chr16:16178909:G:T,1,2,-0.6860277652740479,modal,cuda,PPIL4:K562
GRWD1,HepG2,chr16:16178916:G:T,1,2,-0.39526498317718506,modal,cuda,PPIL4:K562
GRWD1,HepG2,chr16:16188935:C:A,1,2,0.6763991117477417,modal,cuda,PPIL4:K562
GRWD1,HepG2,chr16:16190247:G:A,1,2,0.6734757423400879,modal,cuda,PPIL4:K562
GRWD1,HepG2,chr16:16190294:T:C,1,2,1.1538431644439697,modal,cuda,PPIL4:K562
GRWD1,HepG2,chr16:16198025:C:T,1,2,-0.11884821951389313,modal,cuda,PPIL4:K562
GRWD1,HepG2,chr16:16198051:C:T,1,2,-0.3922290503978729,modal,cuda,PPIL4:K562
GRWD1,HepG2,chr16:1772158:T:C,0,2,-0.2651315927505493,modal,cuda,PPIL4:K562
GRWD1,HepG2,chr16:1772946:C:G,0,2,-0.07893258333206177,modal,cuda,PPIL4:K562
GRWD1,HepG2,chr16:1772956:C:T,1,2,-0.4212687611579895,modal,cuda,PPIL4:K562
GRWD1,HepG2,chr16:1772999:A:G,0,2,0.3261209726333618,modal,cuda,PPIL4:K562
GRWD1,HepG2,chr16:1959761:A:G,0,2,0.14273309707641602,modal,cuda,PPIL4:K562
GRWD1,HepG2,chr16:2050400:G:T,1,2,-2.0839736461639404,modal,cuda,PPIL4:K562
GRWD1,HepG2,chr16:2050423:C:G,0,2,-0.48676803708076477,modal,cuda,PPIL4:K562
GRWD1,HepG2,chr16:2050423:C:T,0,2,1.1337742805480957,modal,cuda,PPIL4:K562
GRWD1,HepG2,chr16:2050429:T:C,0,2,0.1368563175201416,modal,cuda,PPIL4:K562
GRWD1,HepG2,chr16:2050448:C:T,1,2,1.704825758934021,modal,cuda,PPIL4:K562
GRWD1,HepG2,chr16:2050456:T:A,1,2,-1.181387186050415,modal,cuda,PPIL4:K562
GRWD1,HepG2,chr16:2050457:G:C,0,2,0.3532489538192749,modal,cuda,PPIL4:K562
GRWD1,HepG2,chr16:2050471:C:T,0,2,0.38883131742477417,modal,cuda,PPIL4:K562
GRWD1,HepG2,chr16:2050481:G:T,1,2,0.8077574968338013,modal,cuda,PPIL4:K562
GRWD1,HepG2,chr16:2053361:G:A,1,2,0.5901157855987549,modal,cuda,PPIL4:K562
GRWD1,HepG2,chr16:2053362:G:A,1,2,2.7831907272338867,modal,cuda,PPIL4:K562
GRWD1,HepG2,chr16:2053373:C:A,0,2,0.6581094264984131,modal,cuda,PPIL4:K562
GRWD1,HepG2,chr16:2053384:C:T,1,2,-0.22462472319602966,modal,cuda,PPIL4:K562
GRWD1,HepG2,chr16:2053386:G:T,0,2,-0.2913140058517456,modal,cuda,PPIL4:K562
GRWD1,HepG2,chr16:2053390:G:T,1,2,-0.8736335039138794,modal,cuda,PPIL4:K562
GRWD1,HepG2,chr16:2053404:G:A,0,2,-0.21992123126983643,modal,cuda,PPIL4:K562
GRWD1,HepG2,chr16:2053428:G:C,0,2,-0.19596794247627258,modal,cuda,PPIL4:K562
GRWD1,HepG2,chr16:2053444:C:T,1,2,-0.344923734664917,modal,cuda,PPIL4:K562
GRWD1,HepG2,chr16:2060741:T:A,1,2,0.4488818645477295,modal,cuda,PPIL4:K562
GRWD1,HepG2,chr16:2074385:G:T,0,2,-0.208548903465271,modal,cuda,PPIL4:K562
GRWD1,HepG2,chr16:2076095:C:G,0,2,-0.5144292116165161,modal,cuda,PPIL4:K562
GRWD1,HepG2,chr16:2076104:C:G,0,2,0.16385138034820557,modal,cuda,PPIL4:K562
GRWD1,HepG2,chr16:2076175:G:A,1,2,0.27911365032196045,modal,cuda,PPIL4:K562
GRWD1,HepG2,chr16:2076175:G:C,1,2,0.42553281784057617,modal,cuda,PPIL4:K562
GRWD1,HepG2,chr16:2076482:C:G,1,2,-0.33168667554855347,modal,cuda,PPIL4:K562
GRWD1,HepG2,chr16:2076513:T:A,1,2,-1.0779237747192383,modal,cuda,PPIL4:K562
GRWD1,HepG2,chr16:2076524:G:A,0,2,0.186946302652359,modal,cuda,PPIL4:K562
GRWD1,HepG2,chr16:2076556:G:A,0,2,-0.09290075302124023,modal,cuda,PPIL4:K562
GRWD1,HepG2,chr16:23403679:C:T,0,2,0.24350181221961975,modal,cuda,PPIL4:K562
GRWD1,HepG2,chr16:23529614:G:A,1,2,0.5908389687538147,modal,cuda,PPIL4:K562
GRWD1,HepG2,chr16:23534897:C:A,1,2,0.7120094299316406,modal,cuda,PPIL4:K562
GRWD1,HepG2,chr16:23629742:A:T,0,2,-1.061310052871704,modal,cuda,PPIL4:K562
GRWD1,HepG2,chr16:23629754:A:T,1,2,2.171935558319092,modal,cuda,PPIL4:K562
GRWD1,HepG2,chr16:23629775:G:T,0,2,1.5228245258331299,modal,cuda,PPIL4:K562
GRWD1,HepG2,chr16:23629778:T:A,0,2,-1.600250244140625,modal,cuda,PPIL4:K562
GRWD1,HepG2,chr16:23629793:G:A,0,2,-0.762373685836792,modal,cuda,PPIL4:K562
GRWD1,HepG2,chr16:23629799:T:C,0,2,-2.077054023742676,modal,cuda,PPIL4:K562
GRWD1,HepG2,chr16:23629817:T:A,0,2,-1.8037588596343994,modal,cuda,PPIL4:K562
GRWD1,HepG2,chr16:23629844:G:A,0,2,1.2461912631988525,modal,cuda,PPIL4:K562
GRWD1,HepG2,chr16:23629857:G:T,1,2,-0.41444408893585205,modal,cuda,PPIL4:K562
GRWD1,HepG2,chr16:23634914:T:C,0,2,-0.881932258605957,modal,cuda,PPIL4:K562
GRWD1,HepG2,chr16:23634954:A:T,1,2,4.00865364074707,modal,cuda,PPIL4:K562
GRWD1,HepG2,chr16:23634964:C:A,1,2,1.3663660287857056,modal,cuda,PPIL4:K562
GRWD1,HepG2,chr16:23634986:G:T,1,2,1.8515390157699585,modal,cuda,PPIL4:K562
GRWD1,HepG2,chr16:23634992:T:A,0,2,-0.7814733982086182,modal,cuda,PPIL4:K562
GRWD1,HepG2,chr16:23635003:T:A,1,2,0.9507462382316589,modal,cuda,PPIL4:K562
GRWD1,HepG2,chr16:23636207:T:C,0,2,1.3064138889312744,modal,cuda,PPIL4:K562
GRWD1,HepG2,chr16:23636233:C:A,1,2,4.01678466796875,modal,cuda,PPIL4:K562
GRWD1,HepG2,chr16:23636243:A:G,0,2,0.27543318271636963,modal,cuda,PPIL4:K562
GRWD1,HepG2,chr16:23636263:T:A,1,2,0.45775413513183594,modal,cuda,PPIL4:K562
GRWD1,HepG2,chr16:23636266:C:A,1,2,-2.4757027626037598,modal,cuda,PPIL4:K562
GRWD1,HepG2,chr16:23636275:C:A,1,2,2.1238412857055664,modal,cuda,PPIL4:K562
GRWD1,HepG2,chr16:23636278:C:A,1,2,2.2432281970977783,modal,cuda,PPIL4:K562
GRWD1,HepG2,chr16:23636288:G:C,0,2,0.8239073753356934,modal,cuda,PPIL4:K562
GRWD1,HepG2,chr16:23636309:A:C,1,2,-0.8980375528335571,modal,cuda,PPIL4:K562
GRWD1,HepG2,chr16:23637862:G:A,0,2,0.5586873888969421,modal,cuda,PPIL4:K562
GRWD1,HepG2,chr16:23637869:T:G,0,2,2.090984582901001,modal,cuda,PPIL4:K562
GRWD1,HepG2,chr16:23637870:G:T,1,2,2.3189239501953125,modal,cuda,PPIL4:K562
GRWD1,HepG2,chr16:23637896:T:C,0,2,0.283039391040802,modal,cuda,PPIL4:K562
GRWD1,HepG2,chr16:23637901:C:A,1,2,2.7736592292785645,modal,cuda,PPIL4:K562
GRWD1,HepG2,chr16:23637914:C:T,0,2,-1.2987806797027588,modal,cuda,PPIL4:K562
GRWD1,HepG2,chr16:24806293:G:A,0,2,0.08148711919784546,modal,cuda,PPIL4:K562
GRWD1,HepG2,chr16:28723156:G:T,0,2,0.10315927863121033,modal,cuda,PPIL4:K562
GRWD1,HepG2,chr16:28833044:G:A,0,2,0.6716557741165161,modal,cuda,PPIL4:K562
GRWD1,HepG2,chr16:28873442:T:C,0,2,-2.3032102584838867,modal,cuda,PPIL4:K562
GRWD1,HepG2,chr16:28904206:G:A,0,2,0.29386329650878906,modal,cuda,PPIL4:K562
GRWD1,HepG2,chr16:29804082:G:A,0,2,-0.09486114978790283,modal,cuda,PPIL4:K562
GRWD1,HepG2,chr16:29819546:C:T,0,2,0.3383595943450928,modal,cuda,PPIL4:K562
GRWD1,HepG2,chr16:29978788:C:T,0,2,0.5910236835479736,modal,cuda,PPIL4:K562
GRWD1,HepG2,chr16:30704319:C:T,0,2,1.1231286525726318,modal,cuda,PPIL4:K562
GRWD1,HepG2,chr16:30751319:C:T,0,2,0.6143203973770142,modal,cuda,PPIL4:K562
GRWD1,HepG2,chr16:30925907:G:A,0,2,-0.673548698425293,modal,cuda,PPIL4:K562
GRWD1,HepG2,chr16:31180161:A:G,0,2,0.3695313334465027,modal,cuda,PPIL4:K562
GRWD1,HepG2,chr16:31182621:C:A,0,2,-0.1375645399093628,modal,cuda,PPIL4:K562
GRWD1,HepG2,chr16:31182627:C:T,0,2,-0.09830951690673828,modal,cuda,PPIL4:K562
GRWD1,HepG2,chr16:31183904:C:T,0,2,-0.10468399524688721,modal,cuda,PPIL4:K562
GRWD1,HepG2,chr16:31183920:C:T,1,2,-0.33673906326293945,modal,cuda,PPIL4:K562
GRWD1,HepG2,chr16:31183958:C:T,0,2,-0.10113871097564697,modal,cuda,PPIL4:K562
GRWD1,HepG2,chr16:31185031:G:A,1,2,-0.1289757490158081,modal,cuda,PPIL4:K562
GRWD1,HepG2,chr16:31189158:C:T,1,2,1.8037744760513306,modal,cuda,PPIL4:K562
GRWD1,HepG2,chr16:3479490:C:T,1,2,0.8531934022903442,modal,cuda,PPIL4:K562
GRWD1,HepG2,chr16:3663412:G:A,0,2,-0.13930225372314453,modal,cuda,PPIL4:K562
GRWD1,HepG2,chr16:3671706:G:A,0,2,-0.22666189074516296,modal,cuda,PPIL4:K562
GRWD1,HepG2,chr16:3671707:C:T,0,2,-0.09569919109344482,modal,cuda,PPIL4:K562
GRWD1,HepG2,chr16:3671713:G:C,0,2,-0.2556220591068268,modal,cuda,PPIL4:K562
GRWD1,HepG2,chr16:3675316:G:C,0,2,0.7955858111381531,modal,cuda,PPIL4:K562
GRWD1,HepG2,chr16:3685978:G:A,0,2,-0.3760642409324646,modal,cuda,PPIL4:K562
GRWD1,HepG2,chr16:3686146:T:C,0,2,-0.6301673650741577,modal,cuda,PPIL4:K562
GRWD1,HepG2,chr16:3744985:G:A,0,2,-0.4626656174659729,modal,cuda,PPIL4:K562
GRWD1,HepG2,chr16:3745362:G:A,0,2,0.0846337080001831,modal,cuda,PPIL4:K562
GRWD1,HepG2,chr16:4341353:G:A,0,2,0.2116263210773468,modal,cuda,PPIL4:K562
GRWD1,HepG2,chr16:46691098:G:A,1,2,-0.4749678373336792,modal,cuda,PPIL4:K562
GRWD1,HepG2,chr16:46693173:C:G,1,2,0.7010065913200378,modal,cuda,PPIL4:K562
GRWD1,HepG2,chr16:46697501:T:C,0,2,0.1811600774526596,modal,cuda,PPIL4:K562
GRWD1,HepG2,chr16:46697521:A:C,1,2,0.22865299880504608,modal,cuda,PPIL4:K562
GRWD1,HepG2,chr16:4800503:G:A,1,2,-0.9358571767807007,modal,cuda,PPIL4:K562
GRWD1,HepG2,chr16:4800511:C:T,1,2,-0.6036620140075684,modal,cuda,PPIL4:K562
GRWD1,HepG2,chr16:4800548:G:A,1,2,-0.9147620797157288,modal,cuda,PPIL4:K562
GRWD1,HepG2,chr16:53470624:A:T,0,2,-0.24990254640579224,modal,cuda,PPIL4:K562
GRWD1,HepG2,chr16:53934119:G:C,0,2,-0.6784749031066895,modal,cuda,PPIL4:K562
GRWD1,HepG2,chr16:56502748:T:C,0,2,-0.6556543707847595,modal,cuda,PPIL4:K562
GRWD1,HepG2,chr16:56502799:G:A,1,2,0.5074887275695801,modal,cuda,PPIL4:K562
GRWD1,HepG2,chr16:58546309:T:C,0,2,-0.32195043563842773,modal,cuda,PPIL4:K562
GRWD1,HepG2,chr16:58549799:G:A,0,2,0.6412945985794067,modal,cuda,PPIL4:K562
GRWD1,HepG2,chr16:66541955:T:G,1,2,-0.679350733757019,modal,cuda,PPIL4:K562
GRWD1,HepG2,chr16:66541965:C:T,0,2,0.5348936319351196,modal,cuda,PPIL4:K562
GRWD1,HepG2,chr16:670683:C:T,0,2,0.3427441120147705,modal,cuda,PPIL4:K562
GRWD1,HepG2,chr16:672123:C:T,0,2,0.3318023383617401,modal,cuda,PPIL4:K562
GRWD1,HepG2,chr16:67610850:C:T,0,2,-0.33057665824890137,modal,cuda,PPIL4:K562
GRWD1,HepG2,chr16:67610907:C:A,1,2,3.0694189071655273,modal,cuda,PPIL4:K562
GRWD1,HepG2,chr16:67832554:A:T,0,2,0.751251220703125,modal,cuda,PPIL4:K562
GRWD1,HepG2,chr16:67833865:C:A,0,2,-2.0409016609191895,modal,cuda,PPIL4:K562
GRWD1,HepG2,chr16:682177:C:T,1,2,0.582823634147644,modal,cuda,PPIL4:K562
GRWD1,HepG2,chr16:682214:T:C,1,2,-0.22091978788375854,modal,cuda,PPIL4:K562
GRWD1,HepG2,chr16:68324760:C:T,0,2,0.2691292464733124,modal,cuda,PPIL4:K562
GRWD1,HepG2,chr16:68337544:T:A,1,2,1.276849389076233,modal,cuda,PPIL4:K562
GRWD1,HepG2,chr16:68337580:C:T,0,2,-0.3447439670562744,modal,cuda,PPIL4:K562
GRWD1,HepG2,chr16:69328874:T:A,0,2,-0.667628288269043,modal,cuda,PPIL4:K562
GRWD1,HepG2,chr16:69328876:C:A,0,2,1.633877158164978,modal,cuda,PPIL4:K562
GRWD1,HepG2,chr16:69647317:G:A,0,2,0.33262670040130615,modal,cuda,PPIL4:K562
GRWD1,HepG2,chr16:69647467:A:G,0,2,-0.2839500904083252,modal,cuda,PPIL4:K562
GRWD1,HepG2,chr16:69647605:T:A,0,2,0.31153011322021484,modal,cuda,PPIL4:K562
GRWD1,HepG2,chr16:69659915:C:T,0,2,-0.5613741874694824,modal,cuda,PPIL4:K562
GRWD1,HepG2,chr16:70136319:G:T,0,2,-0.5035121440887451,modal,cuda,PPIL4:K562
GRWD1,HepG2,chr16:70481160:T:C,0,2,-0.19843748211860657,modal,cuda,PPIL4:K562
GRWD1,HepG2,chr16:70500950:G:A,0,2,-0.27206218242645264,modal,cuda,PPIL4:K562
GRWD1,HepG2,chr16:70509336:C:T,0,2,-1.904731273651123,modal,cuda,PPIL4:K562
GRWD1,HepG2,chr16:70509350:C:A,1,2,-1.4295634031295776,modal,cuda,PPIL4:K562
GRWD1,HepG2,chr16:70514316:A:T,0,2,-1.436962604522705,modal,cuda,PPIL4:K562
GRWD1,HepG2,chr16:70514394:G:A,0,2,0.4557276964187622,modal,cuda,PPIL4:K562
GRWD1,HepG2,chr16:72097020:C:T,0,2,-0.1248551607131958,modal,cuda,PPIL4:K562
GRWD1,HepG2,chr16:72097021:A:G,0,2,0.3917118310928345,modal,cuda,PPIL4:K562
GRWD1,HepG2,chr16:72958864:T:G,0,2,0.0851285457611084,modal,cuda,PPIL4:K562
GRWD1,HepG2,chr16:739693:C:T,0,2,0.9180073738098145,modal,cuda,PPIL4:K562
GRWD1,HepG2,chr16:74661181:G:T,0,2,-0.13112497329711914,modal,cuda,PPIL4:K562
GRWD1,HepG2,chr16:75641616:T:C,0,2,-0.2123469114303589,modal,cuda,PPIL4:K562
GRWD1,HepG2,chr16:75641711:T:C,0,2,0.15630638599395752,modal,cuda,PPIL4:K562
GRWD1,HepG2,chr16:75656381:A:G,0,2,-1.0470645427703857,modal,cuda,PPIL4:K562
GRWD1,HepG2,chr16:78099774:C:T,0,2,0.18231260776519775,modal,cuda,PPIL4:K562
GRWD1,HepG2,chr16:78099779:A:C,1,2,-0.5867369174957275,modal,cuda,PPIL4:K562
GRWD1,HepG2,chr16:78099780:T:C,1,2,-0.6371240615844727,modal,cuda,PPIL4:K562
GRWD1,HepG2,chr16:78115000:C:G,1,2,2.5683789253234863,modal,cuda,PPIL4:K562
GRWD1,HepG2,chr16:78115038:C:T,0,2,0.6789672374725342,modal,cuda,PPIL4:K562
GRWD1,HepG2,chr16:78115066:C:G,1,2,2.660464286804199,modal,cuda,PPIL4:K562
GRWD1,HepG2,chr16:78115096:C:G,0,2,-0.9222047328948975,modal,cuda,PPIL4:K562
GRWD1,HepG2,chr16:84065783:C:G,0,2,-0.8654813170433044,modal,cuda,PPIL4:K562
GRWD1,HepG2,chr16:84067836:G:A,0,2,-0.45604974031448364,modal,cuda,PPIL4:K562
GRWD1,HepG2,chr16:8772774:A:G,0,2,0.3090933561325073,modal,cuda,PPIL4:K562
GRWD1,HepG2,chr16:8772778:A:G,1,2,-1.6482285261154175,modal,cuda,PPIL4:K562
GRWD1,HepG2,chr16:88717006:G:A,0,2,-0.46527957916259766,modal,cuda,PPIL4:K562
GRWD1,HepG2,chr16:88717010:C:A,0,2,0.18729805946350098,modal,cuda,PPIL4:K562
GRWD1,HepG2,chr16:88717330:A:G,0,2,-0.992294192314148,modal,cuda,PPIL4:K562
GRWD1,HepG2,chr16:88858694:G:T,1,2,0.6456248164176941,modal,cuda,PPIL4:K562
GRWD1,HepG2,chr16:8903270:T:G,0,2,1.3387267589569092,modal,cuda,PPIL4:K562
GRWD1,HepG2,chr16:8903305:G:A,0,2,0.7463559508323669,modal,cuda,PPIL4:K562
GRWD1,HepG2,chr16:8903379:A:T,1,2,1.9944679737091064,modal,cuda,PPIL4:K562
GRWD1,HepG2,chr16:8903412:T:C,0,2,1.1811070442199707,modal,cuda,PPIL4:K562
GRWD1,HepG2,chr16:89101129:C:T,1,2,1.3623467683792114,modal,cuda,PPIL4:K562
GRWD1,HepG2,chr16:89146003:C:T,1,2,2.230534315109253,modal,cuda,PPIL4:K562
GRWD1,HepG2,chr16:89146009:G:T,1,2,1.3186359405517578,modal,cuda,PPIL4:K562
GRWD1,HepG2,chr16:89198679:A:G,0,2,0.281948983669281,modal,cuda,PPIL4:K562
GRWD1,HepG2,chr16:8921250:G:C,1,2,1.2951008081436157,modal,cuda,PPIL4:K562
GRWD1,HepG2,chr16:89290646:C:T,0,2,0.17027705907821655,modal,cuda,PPIL4:K562
GRWD1,HepG2,chr16:89290658:C:A,1,2,-0.28740784525871277,modal,cuda,PPIL4:K562
GRWD1,HepG2,chr16:89290680:C:A,0,2,-0.19077670574188232,modal,cuda,PPIL4:K562
GRWD1,HepG2,chr16:89290682:G:A,0,2,-0.0855942964553833,modal,cuda,PPIL4:K562
GRWD1,HepG2,chr16:89290686:G:A,0,2,-0.1369839906692505,modal,cuda,PPIL4:K562
GRWD1,HepG2,chr16:89290706:G:A,1,2,0.27913519740104675,modal,cuda,PPIL4:K562
GRWD1,HepG2,chr16:89290721:C:A,1,2,-0.5099920034408569,modal,cuda,PPIL4:K562
GRWD1,HepG2,chr16:89290749:A:G,0,2,0.5458880066871643,modal,cuda,PPIL4:K562
GRWD1,HepG2,chr16:89290787:G:A,1,2,2.0808470249176025,modal,cuda,PPIL4:K562
GRWD1,HepG2,chr16:89290802:G:A,1,2,1.7630265951156616,modal,cuda,PPIL4:K562
GRWD1,HepG2,chr16:89291055:G:A,0,2,0.1581626534461975,modal,cuda,PPIL4:K562
GRWD1,HepG2,chr16:89291130:C:G,0,2,-0.4308246970176697,modal,cuda,PPIL4:K562
GRWD1,HepG2,chr16:89291161:C:T,0,2,-0.16228723526000977,modal,cuda,PPIL4:K562
GRWD1,HepG2,chr16:89291165:C:T,0,2,0.4618428945541382,modal,cuda,PPIL4:K562
GRWD1,HepG2,chr16:89291166:G:A,0,2,0.6837741732597351,modal,cuda,PPIL4:K562
GRWD1,HepG2,chr16:8930299:C:A,1,2,-1.522141456604004,modal,cuda,PPIL4:K562
GRWD1,HepG2,chr16:8930314:C:T,0,2,0.1862596869468689,modal,cuda,PPIL4:K562
GRWD1,HepG2,chr16:89316939:C:T,0,2,-0.30488622188568115,modal,cuda,PPIL4:K562
GRWD1,HepG2,chr16:89317037:G:A,0,2,0.33124256134033203,modal,cuda,PPIL4:K562
GRWD1,HepG2,chr16:89544791:G:A,0,2,0.49511343240737915,modal,cuda,PPIL4:K562
GRWD1,HepG2,chr16:89550629:G:A,0,2,-0.20028281211853027,modal,cuda,PPIL4:K562
GRWD1,HepG2,chr16:89556997:C:T,0,2,-0.3425685167312622,modal,cuda,PPIL4:K562
GRWD1,HepG2,chr16:89649390:T:C,0,2,0.934632420539856,modal,cuda,PPIL4:K562
GRWD1,HepG2,chr16:89711882:A:G,0,2,0.2541407346725464,modal,cuda,PPIL4:K562
GRWD1,HepG2,chr16:89740100:C:G,1,2,-0.8040575385093689,modal,cuda,PPIL4:K562
GRWD1,HepG2,chr16:89770373:G:A,0,2,0.7582448720932007,modal,cuda,PPIL4:K562
GRWD1,HepG2,chr16:89770397:T:C,1,2,1.7937688827514648,modal,cuda,PPIL4:K562
GRWD1,HepG2,chr16:89770457:A:G,0,2,-0.39855003356933594,modal,cuda,PPIL4:K562
GRWD1,HepG2,chr16:89770464:T:C,0,2,-0.7745531797409058,modal,cuda,PPIL4:K562
GRWD1,HepG2,chr16:89770491:T:C,0,2,0.2450270652770996,modal,cuda,PPIL4:K562
GRWD1,HepG2,chr16:89770644:C:G,0,2,-0.17898717522621155,modal,cuda,PPIL4:K562
GRWD1,HepG2,chr16:89771670:A:G,0,2,0.33354485034942627,modal,cuda,PPIL4:K562
GRWD1,HepG2,chr16:89783004:T:G,1,2,0.8072960376739502,modal,cuda,PPIL4:K562
GRWD1,HepG2,chr16:89791907:G:A,0,2,0.30280160903930664,modal,cuda,PPIL4:K562
GRWD1,HepG2,chr16:89810716:C:T,1,2,1.1364173889160156,modal,cuda,PPIL4:K562
GRWD1,HepG2,chr16:89810724:C:A,1,2,-0.6154508590698242,modal,cuda,PPIL4:K562
GRWD1,HepG2,chr16:89810765:A:T,1,2,0.9414331316947937,modal,cuda,PPIL4:K562
GRWD1,HepG2,chr16:89810767:A:T,1,2,0.7266351580619812,modal,cuda,PPIL4:K562
GRWD1,HepG2,chr16:89810772:G:A,1,2,0.45765936374664307,modal,cuda,PPIL4:K562
GRWD1,HepG2,chr16:90031353:C:T,1,2,-0.3556697368621826,modal,cuda,PPIL4:K562
GRWD1,HepG2,chr16:90031397:G:A,1,2,-0.317305326461792,modal,cuda,PPIL4:K562
GRWD1,HepG2,chr16:90036627:G:A,0,2,-0.7559633255004883,modal,cuda,PPIL4:K562
GRWD1,HepG2,chr16:90040357:C:T,1,2,-0.2280062437057495,modal,cuda,PPIL4:K562
GRWD1,HepG2,chr17:1362023:A:T,0,1,0.8425758481025696,modal,cuda,PPIL4:K562
GRWD1,HepG2,chr17:1362024:T:A,0,1,-0.6493992805480957,modal,cuda,PPIL4:K562
GRWD1,HepG2,chr17:1362031:T:A,0,1,-1.071220874786377,modal,cuda,PPIL4:K562
GRWD1,HepG2,chr17:1400164:C:G,0,1,-1.0895867347717285,modal,cuda,PPIL4:K562
GRWD1,HepG2,chr17:16139000:T:C,0,1,-0.867804765701294,modal,cuda,PPIL4:K562
GRWD1,HepG2,chr17:1674691:A:C,0,1,4.009258270263672,modal,cuda,PPIL4:K562
GRWD1,HepG2,chr17:1683704:G:A,0,1,-0.8393211364746094,modal,cuda,PPIL4:K562
GRWD1,HepG2,chr17:19649021:C:A,1,1,1.369730830192566,modal,cuda,PPIL4:K562
GRWD1,HepG2,chr17:19649044:C:T,1,1,1.0454728603363037,modal,cuda,PPIL4:K562
GRWD1,HepG2,chr17:19649074:C:T,1,1,-2.1849138736724854,modal,cuda,PPIL4:K562
GRWD1,HepG2,chr17:19651685:C:T,1,1,1.5038902759552002,modal,cuda,PPIL4:K562
GRWD1,HepG2,chr17:2330940:T:C,0,1,0.7934962511062622,modal,cuda,PPIL4:K562
GRWD1,HepG2,chr17:2696265:G:A,0,1,0.8560914993286133,modal,cuda,PPIL4:K562
GRWD1,HepG2,chr17:29121649:G:A,0,1,0.35803937911987305,modal,cuda,PPIL4:K562
GRWD1,HepG2,chr17:29498311:C:T,0,1,-1.383011817932129,modal,cuda,PPIL4:K562
GRWD1,HepG2,chr17:31226425:T:A,1,1,2.7430930137634277,modal,cuda,PPIL4:K562
GRWD1,HepG2,chr17:31226432:C:G,1,1,4.246353626251221,modal,cuda,PPIL4:K562
GRWD1,HepG2,chr17:3592058:C:T,0,1,-0.839923620223999,modal,cuda,PPIL4:K562
GRWD1,HepG2,chr17:39509778:A:C,0,1,0.6963618993759155,modal,cuda,PPIL4:K562
GRWD1,HepG2,chr17:40392210:A:G,0,1,-0.5292420387268066,modal,cuda,PPIL4:K562
GRWD1,HepG2,chr17:40629011:T:C,0,1,1.4639697074890137,modal,cuda,PPIL4:K562
GRWD1,HepG2,chr17:40818360:T:C,0,1,4.790191173553467,modal,cuda,PPIL4:K562
GRWD1,HepG2,chr17:41990284:T:C,0,1,-1.2105050086975098,modal,cuda,PPIL4:K562
GRWD1,HepG2,chr17:42781204:C:T,1,1,-0.599786639213562,modal,cuda,PPIL4:K562
GRWD1,HepG2,chr17:43213177:G:A,0,1,2.0156421661376953,modal,cuda,PPIL4:K562
GRWD1,HepG2,chr17:44209421:C:T,0,1,-0.16182518005371094,modal,cuda,PPIL4:K562
GRWD1,HepG2,chr17:44872440:G:A,0,1,0.7585482597351074,modal,cuda,PPIL4:K562
GRWD1,HepG2,chr17:44883139:A:C,1,1,4.4464616775512695,modal,cuda,PPIL4:K562
GRWD1,HepG2,chr17:44883641:C:T,0,1,-1.8628618717193604,modal,cuda,PPIL4:K562
GRWD1,HepG2,chr17:44883742:A:G,0,1,1.2374687194824219,modal,cuda,PPIL4:K562
GRWD1,HepG2,chr17:44886777:C:T,0,1,-0.7768800854682922,modal,cuda,PPIL4:K562
GRWD1,HepG2,chr17:44894519:C:A,1,1,-2.2792510986328125,modal,cuda,PPIL4:K562
GRWD1,HepG2,chr17:46929572:C:T,1,1,-1.9548664093017578,modal,cuda,PPIL4:K562
GRWD1,HepG2,chr17:46931204:G:A,0,1,3.5011987686157227,modal,cuda,PPIL4:K562
GRWD1,HepG2,chr17:46935122:G:T,1,1,3.579270362854004,modal,cuda,PPIL4:K562
GRWD1,HepG2,chr17:46935129:A:G,0,1,-1.0388832092285156,modal,cuda,PPIL4:K562
GRWD1,HepG2,chr17:4719367:C:T,0,1,-0.07882213592529297,modal,cuda,PPIL4:K562
GRWD1,HepG2,chr17:47613665:G:T,0,1,0.9298803806304932,modal,cuda,PPIL4:K562
GRWD1,HepG2,chr17:48940932:G:A,1,1,-0.7496027946472168,modal,cuda,PPIL4:K562
GRWD1,HepG2,chr17:5005012:A:G,0,1,-1.7766203880310059,modal,cuda,PPIL4:K562
GRWD1,HepG2,chr17:5020689:G:T,0,1,1.060936450958252,modal,cuda,PPIL4:K562
GRWD1,HepG2,chr17:5020802:C:G,0,1,1.6331952810287476,modal,cuda,PPIL4:K562
GRWD1,HepG2,chr17:5387361:A:C,0,1,-3.9788100719451904,modal,cuda,PPIL4:K562
GRWD1,HepG2,chr17:5387383:G:A,0,1,-0.9952178001403809,modal,cuda,PPIL4:K562
GRWD1,HepG2,chr17:57849228:C:G,0,1,-1.1154694557189941,modal,cuda,PPIL4:K562
GRWD1,HepG2,chr17:58005893:G:A,1,1,-2.6900768280029297,modal,cuda,PPIL4:K562
GRWD1,HepG2,chr17:58006471:A:C,1,1,-0.7217422127723694,modal,cuda,PPIL4:K562
GRWD1,HepG2,chr17:58006491:A:C,1,1,-1.5430729389190674,modal,cuda,PPIL4:K562
GRWD1,HepG2,chr17:58006514:C:T,1,1,1.7088916301727295,modal,cuda,PPIL4:K562
GRWD1,HepG2,chr17:58216121:G:T,1,1,-0.8152434825897217,modal,cuda,PPIL4:K562
GRWD1,HepG2,chr17:58216208:A:T,1,1,-1.5993852615356445,modal,cuda,PPIL4:K562
GRWD1,HepG2,chr17:58218649:A:T,1,1,-2.091348171234131,modal,cuda,PPIL4:K562
GRWD1,HepG2,chr17:58218674:C:A,1,1,-2.2653112411499023,modal,cuda,PPIL4:K562
GRWD1,HepG2,chr17:58218686:G:A,1,1,-4.546655654907227,modal,cuda,PPIL4:K562
GRWD1,HepG2,chr17:58415425:G:A,0,1,3.262892723083496,modal,cuda,PPIL4:K562
GRWD1,HepG2,chr17:58415425:G:T,0,1,-1.5650724172592163,modal,cuda,PPIL4:K562
GRWD1,HepG2,chr17:58415451:C:A,1,1,4.873630523681641,modal,cuda,PPIL4:K562
GRWD1,HepG2,chr17:58415461:T:C,0,1,-2.104252338409424,modal,cuda,PPIL4:K562
GRWD1,HepG2,chr17:58415467:C:T,0,1,-1.3097730875015259,modal,cuda,PPIL4:K562
GRWD1,HepG2,chr17:58415476:T:A,0,1,1.456443428993225,modal,cuda,PPIL4:K562
GRWD1,HepG2,chr17:58415488:C:A,0,1,1.7898362874984741,modal,cuda,PPIL4:K562
GRWD1,HepG2,chr17:58415497:G:A,0,1,-0.8964020609855652,modal,cuda,PPIL4:K562
GRWD1,HepG2,chr17:58415514:G:A,1,1,-3.321737289428711,modal,cuda,PPIL4:K562
GRWD1,HepG2,chr17:58415518:G:A,0,1,-0.8404945135116577,modal,cuda,PPIL4:K562
GRWD1,HepG2,chr17:58415548:A:G,0,1,1.1188737154006958,modal,cuda,PPIL4:K562
GRWD1,HepG2,chr17:61859925:A:C,0,1,2.046844482421875,modal,cuda,PPIL4:K562
GRWD1,HepG2,chr17:61863272:C:T,0,1,2.6787357330322266,modal,cuda,PPIL4:K562
GRWD1,HepG2,chr17:61863281:T:C,0,1,-3.417252779006958,modal,cuda,PPIL4:K562
GRWD1,HepG2,chr17:61863291:G:C,0,1,-1.4002153873443604,modal,cuda,PPIL4:K562
GRWD1,HepG2,chr17:61863294:G:A,0,1,0.5607833862304688,modal,cuda,PPIL4:K562
GRWD1,HepG2,chr17:63550698:G:A,0,1,0.27136605978012085,modal,cuda,PPIL4:K562
GRWD1,HepG2,chr17:63752432:G:A,0,1,-1.2923190593719482,modal,cuda,PPIL4:K562
GRWD1,HepG2,chr17:63760899:G:A,0,1,1.188153624534607,modal,cuda,PPIL4:K562
GRWD1,HepG2,chr17:63829486:T:C,0,1,0.901772141456604,modal,cuda,PPIL4:K562
GRWD1,HepG2,chr17:63832927:T:C,0,1,2.1073577404022217,modal,cuda,PPIL4:K562
GRWD1,HepG2,chr17:6589759:G:A,0,1,-1.865947961807251,modal,cuda,PPIL4:K562
GRWD1,HepG2,chr17:6589787:T:C,0,1,-2.0680203437805176,modal,cuda,PPIL4:K562
GRWD1,HepG2,chr17:6589856:A:G,0,1,-1.9540247917175293,modal,cuda,PPIL4:K562
GRWD1,HepG2,chr17:6589878:T:C,0,1,-0.7709579467773438,modal,cuda,PPIL4:K562
GRWD1,HepG2,chr17:6589903:G:C,0,1,2.80863356590271,modal,cuda,PPIL4:K562
GRWD1,HepG2,chr17:6635035:G:A,0,1,-2.040435314178467,modal,cuda,PPIL4:K562
GRWD1,HepG2,chr17:6635102:A:G,1,1,8.976678848266602,modal,cuda,PPIL4:K562
GRWD1,HepG2,chr17:6713208:G:A,0,1,-0.8215382099151611,modal,cuda,PPIL4:K562
GRWD1,HepG2,chr17:67366436:T:A,0,1,0.721138596534729,modal,cuda,PPIL4:K562
GRWD1,HepG2,chr17:67854771:A:G,0,1,-0.5795106887817383,modal,cuda,PPIL4:K562
GRWD1,HepG2,chr17:68250275:A:G,0,1,-2.8482744693756104,modal,cuda,PPIL4:K562
GRWD1,HepG2,chr17:68427131:C:T,0,1,-4.007322311401367,modal,cuda,PPIL4:K562
GRWD1,HepG2,chr17:68530405:C:T,1,1,-3.7098472118377686,modal,cuda,PPIL4:K562
GRWD1,HepG2,chr17:68542098:G:T,0,1,0.7453341484069824,modal,cuda,PPIL4:K562
GRWD1,HepG2,chr17:7314165:G:A,0,1,2.016369342803955,modal,cuda,PPIL4:K562
GRWD1,HepG2,chr17:73200026:G:A,1,1,-5.607518672943115,modal,cuda,PPIL4:K562
GRWD1,HepG2,chr17:7408721:G:A,0,1,0.4555506706237793,modal,cuda,PPIL4:K562
GRWD1,HepG2,chr17:75261905:C:T,0,1,-0.7450299263000488,modal,cuda,PPIL4:K562
GRWD1,HepG2,chr17:75262005:G:C,0,1,1.86044442653656,modal,cuda,PPIL4:K562
GRWD1,HepG2,chr17:75262006:C:G,0,1,-1.0258088111877441,modal,cuda,PPIL4:K562
GRWD1,HepG2,chr17:75262012:G:T,0,1,-2.822172164916992,modal,cuda,PPIL4:K562
GRWD1,HepG2,chr17:75629852:G:A,0,1,0.5045042037963867,modal,cuda,PPIL4:K562
GRWD1,HepG2,chr17:76487805:C:T,0,1,-1.1853501796722412,modal,cuda,PPIL4:K562
GRWD1,HepG2,chr17:7673708:A:T,0,1,0.6692991256713867,modal,cuda,PPIL4:K562
GRWD1,HepG2,chr17:7673746:T:A,1,1,3.1058592796325684,modal,cuda,PPIL4:K562
GRWD1,HepG2,chr17:7673767:C:A,1,1,-6.1835174560546875,modal,cuda,PPIL4:K562
GRWD1,HepG2,chr17:7673780:T:C,0,1,1.5988256931304932,modal,cuda,PPIL4:K562
GRWD1,HepG2,chr17:7673798:A:G,0,1,1.005150556564331,modal,cuda,PPIL4:K562
GRWD1,HepG2,chr17:7673800:C:T,0,1,-1.018306851387024,modal,cuda,PPIL4:K562
GRWD1,HepG2,chr17:7673815:T:A,0,1,1.7763340473175049,modal,cuda,PPIL4:K562
GRWD1,HepG2,chr17:77281529:A:C,0,1,0.8099331259727478,modal,cuda,PPIL4:K562
GRWD1,HepG2,chr17:77402259:G:T,0,1,-0.8848631381988525,modal,cuda,PPIL4:K562
GRWD1,HepG2,chr17:77402298:C:T,1,1,1.627457618713379,modal,cuda,PPIL4:K562
GRWD1,HepG2,chr17:77402304:A:G,0,1,-0.8844954967498779,modal,cuda,PPIL4:K562
GRWD1,HepG2,chr17:77402314:C:T,1,1,1.8145532608032227,modal,cuda,PPIL4:K562
GRWD1,HepG2,chr17:77402710:C:T,0,1,-0.510922908782959,modal,cuda,PPIL4:K562
GRWD1,HepG2,chr17:77482154:G:A,0,1,1.4241299629211426,modal,cuda,PPIL4:K562
GRWD1,HepG2,chr17:77493085:C:T,0,1,1.267458200454712,modal,cuda,PPIL4:K562
GRWD1,HepG2,chr17:77493091:C:T,0,1,2.4071929454803467,modal,cuda,PPIL4:K562
GRWD1,HepG2,chr17:77493097:G:A,0,1,-1.7417881488800049,modal,cuda,PPIL4:K562
GRWD1,HepG2,chr17:77498660:C:T,0,1,-3.551406145095825,modal,cuda,PPIL4:K562
GRWD1,HepG2,chr17:77498664:A:G,0,1,0.576362133026123,modal,cuda,PPIL4:K562
GRWD1,HepG2,chr17:78113215:C:T,0,1,-3.3984763622283936,modal,cuda,PPIL4:K562
GRWD1,HepG2,chr17:78223604:G:C,0,1,4.071497917175293,modal,cuda,PPIL4:K562
GRWD1,HepG2,chr17:78821009:G:A,0,1,0.8843798637390137,modal,cuda,PPIL4:K562
GRWD1,HepG2,chr17:80047415:T:C,0,1,0.655729353427887,modal,cuda,PPIL4:K562
GRWD1,HepG2,chr17:80047461:T:C,0,1,-1.7658860683441162,modal,cuda,PPIL4:K562
GRWD1,HepG2,chr17:80212105:C:T,1,1,2.197746753692627,modal,cuda,PPIL4:K562
GRWD1,HepG2,chr17:80212128:A:G,1,1,-0.423947811126709,modal,cuda,PPIL4:K562
GRWD1,HepG2,chr17:80214155:A:G,0,1,-3.5576605796813965,modal,cuda,PPIL4:K562
GRWD1,HepG2,chr17:80214237:C:A,1,1,1.1575648784637451,modal,cuda,PPIL4:K562
GRWD1,HepG2,chr17:80214253:A:T,1,1,-2.696852207183838,modal,cuda,PPIL4:K562
GRWD1,HepG2,chr17:80214257:A:G,1,1,-0.4195108413696289,modal,cuda,PPIL4:K562
GRWD1,HepG2,chr17:80337566:C:T,0,1,-1.0560070276260376,modal,cuda,PPIL4:K562
GRWD1,HepG2,chr17:80885016:C:T,0,1,0.3170499801635742,modal,cuda,PPIL4:K562
GRWD1,HepG2,chr17:81100004:A:T,1,1,0.24985122680664062,modal,cuda,PPIL4:K562
GRWD1,HepG2,chr17:81239341:C:T,0,1,2.205252170562744,modal,cuda,PPIL4:K562
GRWD1,HepG2,chr17:81239364:A:C,1,1,0.9373849630355835,modal,cuda,PPIL4:K562
GRWD1,HepG2,chr17:81239364:A:G,1,1,0.5502930879592896,modal,cuda,PPIL4:K562
GRWD1,HepG2,chr17:81572047:C:A,0,1,-0.4637174606323242,modal,cuda,PPIL4:K562
GRWD1,HepG2,chr17:81696600:C:T,0,1,-0.620790958404541,modal,cuda,PPIL4:K562
GRWD1,HepG2,chr17:81704238:G:T,0,1,-3.1411654949188232,modal,cuda,PPIL4:K562
GRWD1,HepG2,chr17:81904948:A:G,0,1,0.3965996503829956,modal,cuda,PPIL4:K562
GRWD1,HepG2,chr17:81905059:A:G,0,1,0.682034432888031,modal,cuda,PPIL4:K562
GRWD1,HepG2,chr17:81906207:G:A,0,1,-1.243699550628662,modal,cuda,PPIL4:K562
GRWD1,HepG2,chr17:81906551:A:G,0,1,-0.7112412452697754,modal,cuda,PPIL4:K562
GRWD1,HepG2,chr17:81934651:A:C,1,1,3.9572150707244873,modal,cuda,PPIL4:K562
GRWD1,HepG2,chr17:81934670:C:A,1,1,-2.074410915374756,modal,cuda,PPIL4:K562
GRWD1,HepG2,chr17:81934710:A:G,0,1,-0.7570483684539795,modal,cuda,PPIL4:K562
GRWD1,HepG2,chr17:8232368:G:A,1,1,-3.0720674991607666,modal,cuda,PPIL4:K562
GRWD1,HepG2,chr17:8232377:G:A,1,1,-4.426271438598633,modal,cuda,PPIL4:K562
GRWD1,HepG2,chr17:8232427:A:C,1,1,1.7986323833465576,modal,cuda,PPIL4:K562
GRWD1,HepG2,chr17:8257799:C:G,0,1,2.2244620323181152,modal,cuda,PPIL4:K562
GRWD1,HepG2,chr17:82644032:G:A,0,1,2.182649850845337,modal,cuda,PPIL4:K562
GRWD1,HepG2,chr17:8478333:C:A,0,1,-0.8197286128997803,modal,cuda,PPIL4:K562
GRWD1,HepG2,chr17:8478334:G:A,0,1,0.28800880908966064,modal,cuda,PPIL4:K562
GRWD1,HepG2,chr17:8487415:A:G,0,1,-1.5313489437103271,modal,cuda,PPIL4:K562
GRWD1,HepG2,chr18:12009876:A:G,0,4,0.3459296226501465,modal,cuda,PPIL4:K562
GRWD1,HepG2,chr18:203081:A:C,0,4,0.3453725576400757,modal,cuda,PPIL4:K562
GRWD1,HepG2,chr18:21804032:A:G,0,4,0.5070759057998657,modal,cuda,PPIL4:K562
GRWD1,HepG2,chr18:2951049:T:C,0,4,-1.0214797258377075,modal,cuda,PPIL4:K562
GRWD1,HepG2,chr18:3456385:G:A,0,4,0.304245263338089,modal,cuda,PPIL4:K562
GRWD1,HepG2,chr18:3456397:C:T,0,4,0.4810749292373657,modal,cuda,PPIL4:K562
GRWD1,HepG2,chr18:36159822:T:C,0,4,-0.5066487193107605,modal,cuda,PPIL4:K562
GRWD1,HepG2,chr18:47176347:C:A,0,4,-0.8566124439239502,modal,cuda,PPIL4:K562
GRWD1,HepG2,chr18:49331908:G:T,1,4,2.05340313911438,modal,cuda,PPIL4:K562
GRWD1,HepG2,chr18:49331954:G:A,1,4,0.8716239929199219,modal,cuda,PPIL4:K562
GRWD1,HepG2,chr18:50194891:G:A,0,4,-0.749241828918457,modal,cuda,PPIL4:K562
GRWD1,HepG2,chr18:50283881:C:G,0,4,0.9440709352493286,modal,cuda,PPIL4:K562
GRWD1,HepG2,chr18:58342903:T:C,0,4,-1.0837544202804565,modal,cuda,PPIL4:K562
GRWD1,HepG2,chr18:58385600:G:A,0,4,-0.5662491321563721,modal,cuda,PPIL4:K562
GRWD1,HepG2,chr18:669174:G:A,1,4,-0.511866569519043,modal,cuda,PPIL4:K562
GRWD1,HepG2,chr18:79110412:A:C,0,4,-0.40498971939086914,modal,cuda,PPIL4:K562
GRWD1,HepG2,chr18:79973859:G:C,1,4,1.0416698455810547,modal,cuda,PPIL4:K562
GRWD1,HepG2,chr19:10151737:C:T,0,4,-0.5753686428070068,modal,cuda,PPIL4:K562
GRWD1,HepG2,chr19:10154274:C:T,0,4,-0.775667130947113,modal,cuda,PPIL4:K562
GRWD1,HepG2,chr19:10160426:G:C,0,4,-1.2566986083984375,modal,cuda,PPIL4:K562
GRWD1,HepG2,chr19:10180437:C:G,0,4,-0.610323429107666,modal,cuda,PPIL4:K562
GRWD1,HepG2,chr19:10180505:T:C,0,4,-0.46895527839660645,modal,cuda,PPIL4:K562
GRWD1,HepG2,chr19:10180797:C:T,0,4,0.7291117906570435,modal,cuda,PPIL4:K562
GRWD1,HepG2,chr19:10182083:A:G,0,4,-1.265120267868042,modal,cuda,PPIL4:K562
GRWD1,HepG2,chr19:10795451:G:A,0,4,-0.3656184673309326,modal,cuda,PPIL4:K562
GRWD1,HepG2,chr19:10812257:C:A,0,4,-1.2957005500793457,modal,cuda,PPIL4:K562
GRWD1,HepG2,chr19:10986353:C:T,1,4,2.2461495399475098,modal,cuda,PPIL4:K562
GRWD1,HepG2,chr19:10986359:C:T,1,4,0.9606356620788574,modal,cuda,PPIL4:K562
GRWD1,HepG2,chr19:10986394:C:G,1,4,-0.6598631143569946,modal,cuda,PPIL4:K562
GRWD1,HepG2,chr19:10989339:C:T,1,4,-1.2651116847991943,modal,cuda,PPIL4:K562
GRWD1,HepG2,chr19:10989387:C:T,1,4,-1.252381682395935,modal,cuda,PPIL4:K562
GRWD1,HepG2,chr19:10989441:C:T,1,4,-0.617042064666748,modal,cuda,PPIL4:K562
GRWD1,HepG2,chr19:10996285:C:T,1,4,-0.2850216031074524,modal,cuda,PPIL4:K562
GRWD1,HepG2,chr19:10996294:G:A,1,4,-0.20795130729675293,modal,cuda,PPIL4:K562
GRWD1,HepG2,chr19:10996299:C:G,1,4,-0.7018316984176636,modal,cuda,PPIL4:K562
GRWD1,HepG2,chr19:11003047:C:T,1,4,-1.0211539268493652,modal,cuda,PPIL4:K562
GRWD1,HepG2,chr19:11003392:G:T,1,4,1.2840989828109741,modal,cuda,PPIL4:K562
GRWD1,HepG2,chr19:11007956:G:T,1,4,-1.647249460220337,modal,cuda,PPIL4:K562
GRWD1,HepG2,chr19:11007965:A:T,1,4,1.396376132965088,modal,cuda,PPIL4:K562
GRWD1,HepG2,chr19:11008035:C:T,0,4,0.42229604721069336,modal,cuda,PPIL4:K562
GRWD1,HepG2,chr19:11008036:G:A,0,4,0.23796974122524261,modal,cuda,PPIL4:K562
GRWD1,HepG2,chr19:11010406:G:T,1,4,1.511498212814331,modal,cuda,PPIL4:K562
GRWD1,HepG2,chr19:11010413:G:A,1,4,-0.41050148010253906,modal,cuda,PPIL4:K562
GRWD1,HepG2,chr19:11010421:C:T,1,4,0.798768162727356,modal,cuda,PPIL4:K562
GRWD1,HepG2,chr19:11010451:T:G,1,4,-1.5283615589141846,modal,cuda,PPIL4:K562
GRWD1,HepG2,chr19:11010523:C:T,1,4,-0.48378467559814453,modal,cuda,PPIL4:K562
GRWD1,HepG2,chr19:11012932:C:G,0,4,-0.4038968086242676,modal,cuda,PPIL4:K562
GRWD1,HepG2,chr19:11012961:G:T,1,4,0.5582735538482666,modal,cuda,PPIL4:K562
GRWD1,HepG2,chr19:11012965:G:A,1,4,-0.695106029510498,modal,cuda,PPIL4:K562
GRWD1,HepG2,chr19:11012966:G:A,1,4,-0.7506152391433716,modal,cuda,PPIL4:K562
GRWD1,HepG2,chr19:11013022:T:C,1,4,0.35909152030944824,modal,cuda,PPIL4:K562
GRWD1,HepG2,chr19:11018993:G:T,1,4,-0.34869933128356934,modal,cuda,PPIL4:K562
GRWD1,HepG2,chr19:11021722:C:G,1,4,-0.9839637279510498,modal,cuda,PPIL4:K562
GRWD1,HepG2,chr19:11021762:G:A,1,4,-0.10197091102600098,modal,cuda,PPIL4:K562
GRWD1,HepG2,chr19:11021791:C:T,1,4,-1.0494412183761597,modal,cuda,PPIL4:K562
GRWD1,HepG2,chr19:11021933:G:A,1,4,-0.3153390884399414,modal,cuda,PPIL4:K562
GRWD1,HepG2,chr19:11021934:G:A,1,4,-0.30913853645324707,modal,cuda,PPIL4:K562
GRWD1,HepG2,chr19:11021936:T:G,1,4,-0.15839600563049316,modal,cuda,PPIL4:K562
GRWD1,HepG2,chr19:11026300:G:T,1,4,-0.2914506196975708,modal,cuda,PPIL4:K562
GRWD1,HepG2,chr19:11030816:C:G,1,4,-0.0984029769897461,modal,cuda,PPIL4:K562
GRWD1,HepG2,chr19:11030843:C:T,1,4,-0.2112746238708496,modal,cuda,PPIL4:K562
GRWD1,HepG2,chr19:11030880:G:A,1,4,-0.5504710078239441,modal,cuda,PPIL4:K562
GRWD1,HepG2,chr19:11033296:C:T,1,4,-0.788074254989624,modal,cuda,PPIL4:K562
GRWD1,HepG2,chr19:11033299:G:A,1,4,-0.37048113346099854,modal,cuda,PPIL4:K562
GRWD1,HepG2,chr19:11033302:C:T,1,4,-2.418443202972412,modal,cuda,PPIL4:K562
GRWD1,HepG2,chr19:11033308:C:T,1,4,-1.9271601438522339,modal,cuda,PPIL4:K562
GRWD1,HepG2,chr19:11033350:C:T,1,4,0.21140050888061523,modal,cuda,PPIL4:K562
GRWD1,HepG2,chr19:11033431:C:T,1,4,-0.4778252840042114,modal,cuda,PPIL4:K562
GRWD1,HepG2,chr19:11033467:G:A,1,4,0.18949437141418457,modal,cuda,PPIL4:K562
GRWD1,HepG2,chr19:11035000:G:A,1,4,-0.7990440130233765,modal,cuda,PPIL4:K562
GRWD1,HepG2,chr19:11035015:C:T,0,4,-0.3351414203643799,modal,cuda,PPIL4:K562
GRWD1,HepG2,chr19:11035039:T:A,1,4,-1.5381642580032349,modal,cuda,PPIL4:K562
GRWD1,HepG2,chr19:11035107:C:A,1,4,-0.3902137279510498,modal,cuda,PPIL4:K562
GRWD1,HepG2,chr19:11041379:C:T,1,4,-0.48381686210632324,modal,cuda,PPIL4:K562
GRWD1,HepG2,chr19:11058277:G:T,1,4,-2.125919818878174,modal,cuda,PPIL4:K562
GRWD1,HepG2,chr19:11058289:C:T,1,4,-1.6258900165557861,modal,cuda,PPIL4:K562
GRWD1,HepG2,chr19:11058307:G:T,1,4,-0.7521237134933472,modal,cuda,PPIL4:K562
GRWD1,HepG2,chr19:11058324:C:G,1,4,-1.5166069269180298,modal,cuda,PPIL4:K562
GRWD1,HepG2,chr19:11058833:A:T,1,4,-0.7630087733268738,modal,cuda,PPIL4:K562
GRWD1,HepG2,chr19:11058838:C:T,0,4,-0.14758813381195068,modal,cuda,PPIL4:K562
GRWD1,HepG2,chr19:11058854:C:T,1,4,-0.47221100330352783,modal,cuda,PPIL4:K562
GRWD1,HepG2,chr19:11059777:C:T,1,4,-0.44376111030578613,modal,cuda,PPIL4:K562
GRWD1,HepG2,chr19:11059801:C:T,1,4,-0.49986135959625244,modal,cuda,PPIL4:K562
GRWD1,HepG2,chr19:11059855:G:T,1,4,-0.4822303056716919,modal,cuda,PPIL4:K562
GRWD1,HepG2,chr19:11059876:G:T,1,4,1.7688822746276855,modal,cuda,PPIL4:K562
GRWD1,HepG2,chr19:11062217:G:A,0,4,0.965364396572113,modal,cuda,PPIL4:K562
GRWD1,HepG2,chr19:11252109:G:A,0,4,-0.23529767990112305,modal,cuda,PPIL4:K562
GRWD1,HepG2,chr19:11252470:A:T,0,4,0.7679241895675659,modal,cuda,PPIL4:K562
GRWD1,HepG2,chr19:11448203:C:T,0,4,-0.513929009437561,modal,cuda,PPIL4:K562
GRWD1,HepG2,chr19:1218423:T:C,0,4,-0.3916305899620056,modal,cuda,PPIL4:K562
GRWD1,HepG2,chr19:1218424:C:T,1,4,-2.5635178089141846,modal,cuda,PPIL4:K562
GRWD1,HepG2,chr19:1221225:C:A,0,4,-0.2667357921600342,modal,cuda,PPIL4:K562
GRWD1,HepG2,chr19:1221237:C:G,1,4,-1.2886910438537598,modal,cuda,PPIL4:K562
GRWD1,HepG2,chr19:1221246:A:G,0,4,0.055526018142700195,modal,cuda,PPIL4:K562
GRWD1,HepG2,chr19:1221261:C:A,1,4,-0.7257308959960938,modal,cuda,PPIL4:K562
GRWD1,HepG2,chr19:1221261:C:G,1,4,-0.7092747688293457,modal,cuda,PPIL4:K562
GRWD1,HepG2,chr19:1223115:G:T,1,4,-0.32981693744659424,modal,cuda,PPIL4:K562
GRWD1,HepG2,chr19:1223144:C:A,0,4,0.7558903694152832,modal,cuda,PPIL4:K562
GRWD1,HepG2,chr19:1226461:C:A,0,4,0.975032389163971,modal,cuda,PPIL4:K562
GRWD1,HepG2,chr19:1226491:G:A,0,4,-0.5344655513763428,modal,cuda,PPIL4:K562
GRWD1,HepG2,chr19:1226542:G:A,0,4,-0.9340908527374268,modal,cuda,PPIL4:K562
GRWD1,HepG2,chr19:12706227:G:A,1,4,0.09623456001281738,modal,cuda,PPIL4:K562
GRWD1,HepG2,chr19:12715306:G:A,0,4,-0.1288526952266693,modal,cuda,PPIL4:K562
GRWD1,HepG2,chr19:12715329:C:T,0,4,0.19185176491737366,modal,cuda,PPIL4:K562
GRWD1,HepG2,chr19:12897776:C:T,1,4,1.22032630443573,modal,cuda,PPIL4:K562
GRWD1,HepG2,chr19:12897788:G:A,1,4,-0.30754637718200684,modal,cuda,PPIL4:K562
GRWD1,HepG2,chr19:12897789:G:C,1,4,-0.20798778533935547,modal,cuda,PPIL4:K562
GRWD1,HepG2,chr19:12897793:G:T,0,4,-0.3276841640472412,modal,cuda,PPIL4:K562
GRWD1,HepG2,chr19:12897802:T:G,1,4,-0.28508687019348145,modal,cuda,PPIL4:K562
GRWD1,HepG2,chr19:12897818:G:A,1,4,0.245772123336792,modal,cuda,PPIL4:K562
GRWD1,HepG2,chr19:12897824:C:G,1,4,-0.33466196060180664,modal,cuda,PPIL4:K562
GRWD1,HepG2,chr19:12897828:A:G,1,4,-0.22953176498413086,modal,cuda,PPIL4:K562
GRWD1,HepG2,chr19:12897831:C:G,1,4,0.18376612663269043,modal,cuda,PPIL4:K562
GRWD1,HepG2,chr19:12897858:A:G,1,4,0.3287329077720642,modal,cuda,PPIL4:K562
GRWD1,HepG2,chr19:12897859:C:A,1,4,-2.475519895553589,modal,cuda,PPIL4:K562
GRWD1,HepG2,chr19:12897860:G:T,1,4,-0.812318742275238,modal,cuda,PPIL4:K562
GRWD1,HepG2,chr19:13772146:C:T,0,4,1.378294825553894,modal,cuda,PPIL4:K562
GRWD1,HepG2,chr19:13772285:A:G,0,4,1.666245698928833,modal,cuda,PPIL4:K562
GRWD1,HepG2,chr19:14518308:G:C,0,4,0.15721487998962402,modal,cuda,PPIL4:K562
GRWD1,HepG2,chr19:15254275:C:A,0,4,1.250712513923645,modal,cuda,PPIL4:K562
GRWD1,HepG2,chr19:15255604:C:T,0,4,-0.3207094669342041,modal,cuda,PPIL4:K562
GRWD1,HepG2,chr19:15255612:A:G,0,4,-1.0008409023284912,modal,cuda,PPIL4:K562
GRWD1,HepG2,chr19:15257181:G:A,0,4,-0.4179704189300537,modal,cuda,PPIL4:K562
GRWD1,HepG2,chr19:15263414:C:G,0,4,-0.14472055435180664,modal,cuda,PPIL4:K562
GRWD1,HepG2,chr19:15264394:T:A,0,4,-0.6228554248809814,modal,cuda,PPIL4:K562
GRWD1,HepG2,chr19:15370139:T:G,0,4,-1.2237257957458496,modal,cuda,PPIL4:K562
GRWD1,HepG2,chr19:15401582:G:A,0,4,-0.42949774861335754,modal,cuda,PPIL4:K562
GRWD1,HepG2,chr19:1632021:C:A,0,4,0.24802887439727783,modal,cuda,PPIL4:K562
GRWD1,HepG2,chr19:17339045:G:A,1,4,0.1474255472421646,modal,cuda,PPIL4:K562
GRWD1,HepG2,chr19:19526169:C:T,0,4,0.08170366287231445,modal,cuda,PPIL4:K562
GRWD1,HepG2,chr19:2111662:G:A,0,4,-0.5544195175170898,modal,cuda,PPIL4:K562
GRWD1,HepG2,chr19:2112840:T:C,0,4,0.424538254737854,modal,cuda,PPIL4:K562
GRWD1,HepG2,chr19:2112842:G:A,0,4,-0.23798060417175293,modal,cuda,PPIL4:K562
GRWD1,HepG2,chr19:2112845:G:T,0,4,0.7344632148742676,modal,cuda,PPIL4:K562
GRWD1,HepG2,chr19:2121317:C:T,0,4,-0.5624157190322876,modal,cuda,PPIL4:K562
GRWD1,HepG2,chr19:2121727:C:T,0,4,-0.21129465103149414,modal,cuda,PPIL4:K562
GRWD1,HepG2,chr19:2123882:G:A,0,4,0.09841316938400269,modal,cuda,PPIL4:K562
GRWD1,HepG2,chr19:2137107:T:G,0,4,0.5759924650192261,modal,cuda,PPIL4:K562
GRWD1,HepG2,chr19:2151228:G:A,0,4,-0.07040119171142578,modal,cuda,PPIL4:K562
GRWD1,HepG2,chr19:30009016:C:T,0,4,0.7188528776168823,modal,cuda,PPIL4:K562
GRWD1,HepG2,chr19:34451967:A:T,0,4,-0.3981659412384033,modal,cuda,PPIL4:K562
GRWD1,HepG2,chr19:35719554:G:A,0,4,-0.19394731521606445,modal,cuda,PPIL4:K562
GRWD1,HepG2,chr19:38110395:C:G,0,4,0.8502123355865479,modal,cuda,PPIL4:K562
GRWD1,HepG2,chr19:38647913:C:T,0,4,-0.4478055238723755,modal,cuda,PPIL4:K562
GRWD1,HepG2,chr19:38710261:C:T,0,4,0.5146599411964417,modal,cuda,PPIL4:K562
GRWD1,HepG2,chr19:38710286:A:G,1,4,0.10803312063217163,modal,cuda,PPIL4:K562
GRWD1,HepG2,chr19:38710299:C:T,1,4,0.39075273275375366,modal,cuda,PPIL4:K562
GRWD1,HepG2,chr19:38710307:T:C,1,4,-0.7814063429832458,modal,cuda,PPIL4:K562
GRWD1,HepG2,chr19:38725907:C:T,0,4,-0.2842560410499573,modal,cuda,PPIL4:K562
GRWD1,HepG2,chr19:39389023:A:G,0,4,0.34616339206695557,modal,cuda,PPIL4:K562
GRWD1,HepG2,chr19:40237951:G:A,0,4,-0.4148845672607422,modal,cuda,PPIL4:K562
GRWD1,HepG2,chr19:40257052:C:T,1,4,0.18270885944366455,modal,cuda,PPIL4:K562
GRWD1,HepG2,chr19:4110494:C:A,0,4,0.7324070930480957,modal,cuda,PPIL4:K562
GRWD1,HepG2,chr19:41273979:C:T,0,4,0.48501503467559814,modal,cuda,PPIL4:K562
GRWD1,HepG2,chr19:41904307:G:A,0,4,-0.15950369834899902,modal,cuda,PPIL4:K562
GRWD1,HepG2,chr19:41905934:T:C,0,4,-0.58304762840271,modal,cuda,PPIL4:K562
GRWD1,HepG2,chr19:43495251:C:T,0,4,-1.1119107007980347,modal,cuda,PPIL4:K562
GRWD1,HepG2,chr19:44100937:G:A,0,4,1.3823081254959106,modal,cuda,PPIL4:K562
GRWD1,HepG2,chr19:44974602:G:A,0,4,0.6059553623199463,modal,cuda,PPIL4:K562
GRWD1,HepG2,chr19:45408178:G:A,0,4,0.21558713912963867,modal,cuda,PPIL4:K562
GRWD1,HepG2,chr19:46601421:C:A,0,4,-0.631595253944397,modal,cuda,PPIL4:K562
GRWD1,HepG2,chr19:46608183:C:G,0,4,0.2960808277130127,modal,cuda,PPIL4:K562
GRWD1,HepG2,chr19:4702053:G:A,0,4,0.4200460910797119,modal,cuda,PPIL4:K562
GRWD1,HepG2,chr19:4702073:A:G,0,4,-0.17752623558044434,modal,cuda,PPIL4:K562
GRWD1,HepG2,chr19:4705953:G:A,1,4,-2.5786335468292236,modal,cuda,PPIL4:K562
GRWD1,HepG2,chr19:47082303:A:G,0,4,-1.2730032205581665,modal,cuda,PPIL4:K562
GRWD1,HepG2,chr19:47197285:T:C,0,4,-0.41822171211242676,modal,cuda,PPIL4:K562
GRWD1,HepG2,chr19:48127976:G:A,0,4,0.18566548824310303,modal,cuda,PPIL4:K562
GRWD1,HepG2,chr19:48128001:G:A,0,4,0.3357276916503906,modal,cuda,PPIL4:K562
GRWD1,HepG2,chr19:48143528:G:T,0,4,0.3142082691192627,modal,cuda,PPIL4:K562
GRWD1,HepG2,chr19:48143940:T:C,0,4,-1.253509759902954,modal,cuda,PPIL4:K562
GRWD1,HepG2,chr19:48143968:G:A,0,4,-1.2956063747406006,modal,cuda,PPIL4:K562
GRWD1,HepG2,chr19:48143984:T:C,0,4,0.940608024597168,modal,cuda,PPIL4:K562
GRWD1,HepG2,chr19:48151296:G:T,0,4,1.1863209009170532,modal,cuda,PPIL4:K562
GRWD1,HepG2,chr19:48151299:C:T,0,4,-0.6684131622314453,modal,cuda,PPIL4:K562
GRWD1,HepG2,chr19:48161516:T:C,0,4,-1.2855294942855835,modal,cuda,PPIL4:K562
GRWD1,HepG2,chr19:48162298:G:A,0,4,-0.5341333746910095,modal,cuda,PPIL4:K562
GRWD1,HepG2,chr19:48165538:G:A,0,4,0.41346275806427,modal,cuda,PPIL4:K562
GRWD1,HepG2,chr19:48165573:G:A,0,4,0.52549147605896,modal,cuda,PPIL4:K562
GRWD1,HepG2,chr19:48231685:T:C,0,4,0.4999110698699951,modal,cuda,PPIL4:K562
GRWD1,HepG2,chr19:48955799:G:A,1,4,-0.4013552665710449,modal,cuda,PPIL4:K562
GRWD1,HepG2,chr19:48982291:G:A,0,4,-0.1017603874206543,modal,cuda,PPIL4:K562
GRWD1,HepG2,chr19:48982330:G:A,0,4,0.07239437103271484,modal,cuda,PPIL4:K562
GRWD1,HepG2,chr19:49015801:T:C,0,4,-0.9185675382614136,modal,cuda,PPIL4:K562
GRWD1,HepG2,chr19:49680531:G:A,0,4,-0.3446817398071289,modal,cuda,PPIL4:K562
GRWD1,HepG2,chr19:49835196:C:T,0,4,-0.31536364555358887,modal,cuda,PPIL4:K562
GRWD1,HepG2,chr19:50320579:G:C,0,4,1.0194847583770752,modal,cuda,PPIL4:K562
GRWD1,HepG2,chr19:50320579:G:T,0,4,1.1117117404937744,modal,cuda,PPIL4:K562
GRWD1,HepG2,chr19:54121963:C:T,0,4,0.4447965621948242,modal,cuda,PPIL4:K562
GRWD1,HepG2,chr19:54142984:G:A,0,4,-0.8602440357208252,modal,cuda,PPIL4:K562
GRWD1,HepG2,chr19:54143000:C:T,1,4,-1.19864821434021,modal,cuda,PPIL4:K562
GRWD1,HepG2,chr19:54143767:G:A,0,4,-1.7537516355514526,modal,cuda,PPIL4:K562
GRWD1,HepG2,chr19:54145833:T:C,0,4,-0.5178896188735962,modal,cuda,PPIL4:K562
GRWD1,HepG2,chr19:54145835:A:G,0,4,-0.6493364572525024,modal,cuda,PPIL4:K562
GRWD1,HepG2,chr19:54145837:C:T,0,4,0.3866429328918457,modal,cuda,PPIL4:K562
GRWD1,HepG2,chr19:56814275:G:A,0,4,-0.11913478374481201,modal,cuda,PPIL4:K562
GRWD1,HepG2,chr19:56814509:G:A,0,4,-2.096351146697998,modal,cuda,PPIL4:K562
GRWD1,HepG2,chr19:56814611:G:A,0,4,0.1931544542312622,modal,cuda,PPIL4:K562
GRWD1,HepG2,chr19:56815927:C:G,0,4,1.2847175598144531,modal,cuda,PPIL4:K562
GRWD1,HepG2,chr19:56817509:G:A,0,4,0.5475239753723145,modal,cuda,PPIL4:K562
GRWD1,HepG2,chr19:56821692:C:T,0,4,0.7135879993438721,modal,cuda,PPIL4:K562
GRWD1,HepG2,chr19:56823683:A:C,0,4,-0.5303605794906616,modal,cuda,PPIL4:K562
GRWD1,HepG2,chr19:56824431:C:T,0,4,0.41493767499923706,modal,cuda,PPIL4:K562
GRWD1,HepG2,chr19:5696090:C:T,0,4,0.09890007972717285,modal,cuda,PPIL4:K562
GRWD1,HepG2,chr19:5696234:A:G,0,4,-0.4047667682170868,modal,cuda,PPIL4:K562
GRWD1,HepG2,chr19:5696237:C:G,0,4,0.9556146860122681,modal,cuda,PPIL4:K562
GRWD1,HepG2,chr19:5696246:C:T,0,4,-0.47082066535949707,modal,cuda,PPIL4:K562
GRWD1,HepG2,chr19:5696253:G:T,1,4,0.9106228351593018,modal,cuda,PPIL4:K562
GRWD1,HepG2,chr19:5696355:C:T,0,4,-0.8683775067329407,modal,cuda,PPIL4:K562
GRWD1,HepG2,chr19:5696676:G:A,0,4,-0.3112344443798065,modal,cuda,PPIL4:K562
GRWD1,HepG2,chr19:5696739:G:A,0,4,0.6480454206466675,modal,cuda,PPIL4:K562
GRWD1,HepG2,chr19:5696742:G:A,0,4,-0.5764589309692383,modal,cuda,PPIL4:K562
GRWD1,HepG2,chr19:5705780:C:T,0,4,-0.34779810905456543,modal,cuda,PPIL4:K562
GRWD1,HepG2,chr19:5708373:G:C,1,4,0.11503219604492188,modal,cuda,PPIL4:K562
GRWD1,HepG2,chr19:5711764:G:A,0,4,0.7117798328399658,modal,cuda,PPIL4:K562
GRWD1,HepG2,chr19:5711807:A:G,0,4,0.47356367111206055,modal,cuda,PPIL4:K562
GRWD1,HepG2,chr19:5713208:C:T,0,4,-0.09383761882781982,modal,cuda,PPIL4:K562
GRWD1,HepG2,chr19:5713209:G:A,0,4,0.19763875007629395,modal,cuda,PPIL4:K562
GRWD1,HepG2,chr19:58548289:A:C,0,4,-0.402890682220459,modal,cuda,PPIL4:K562
GRWD1,HepG2,chr19:7174562:C:T,0,4,0.2215418815612793,modal,cuda,PPIL4:K562
GRWD1,HepG2,chr19:7642425:C:T,0,4,0.49537548422813416,modal,cuda,PPIL4:K562
GRWD1,HepG2,chr19:7642450:C:T,0,4,-0.2393026351928711,modal,cuda,PPIL4:K562
GRWD1,HepG2,chr19:7642498:G:A,1,4,-1.5472115278244019,modal,cuda,PPIL4:K562
GRWD1,HepG2,chr19:7644719:C:T,1,4,0.22833704948425293,modal,cuda,PPIL4:K562
GRWD1,HepG2,chr19:7934012:G:A,0,4,0.7988831400871277,modal,cuda,PPIL4:K562
GRWD1,HepG2,chr19:7935158:C:T,0,4,0.5326383113861084,modal,cuda,PPIL4:K562
GRWD1,HepG2,chr19:7935160:C:T,0,4,-0.1841953694820404,modal,cuda,PPIL4:K562
GRWD1,HepG2,chr19:7941205:G:C,0,4,1.2687804698944092,modal,cuda,PPIL4:K562
GRWD1,HepG2,chr19:8399857:G:A,0,4,0.3726532459259033,modal,cuda,PPIL4:K562
GRWD1,HepG2,chr19:8402477:T:C,0,4,-0.5903189182281494,modal,cuda,PPIL4:K562
GRWD1,HepG2,chr19:8402571:C:G,0,4,0.45380687713623047,modal,cuda,PPIL4:K562
GRWD1,HepG2,chr19:8402571:C:T,0,4,-0.3666156530380249,modal,cuda,PPIL4:K562
GRWD1,HepG2,chr19:8468767:C:G,0,4,-0.4721255302429199,modal,cuda,PPIL4:K562
GRWD1,HepG2,chr1:100133310:G:A,0,0,1.0894711017608643,modal,cuda,PPIL4:K562
GRWD1,HepG2,chr1:100133311:C:T,0,0,1.1841461658477783,modal,cuda,PPIL4:K562
GRWD1,HepG2,chr1:10119504:C:T,0,0,0.24553191661834717,modal,cuda,PPIL4:K562
GRWD1,HepG2,chr1:10258474:C:T,0,0,-0.9374330043792725,modal,cuda,PPIL4:K562
GRWD1,HepG2,chr1:10295776:C:T,0,0,0.6279829740524292,modal,cuda,PPIL4:K562
GRWD1,HepG2,chr1:108934848:G:A,0,0,-0.6188908815383911,modal,cuda,PPIL4:K562
GRWD1,HepG2,chr1:109573889:T:C,0,0,-0.39436325430870056,modal,cuda,PPIL4:K562
GRWD1,HepG2,chr1:110043255:C:A,0,0,-0.22119760513305664,modal,cuda,PPIL4:K562
GRWD1,HepG2,chr1:11020412:C:T,0,0,-0.4191860556602478,modal,cuda,PPIL4:K562
GRWD1,HepG2,chr1:111159398:A:G,0,0,-0.21572256088256836,modal,cuda,PPIL4:K562
GRWD1,HepG2,chr1:11816635:G:A,0,0,-0.6327521800994873,modal,cuda,PPIL4:K562
GRWD1,HepG2,chr1:11819529:A:G,0,0,0.6741480827331543,modal,cuda,PPIL4:K562
GRWD1,HepG2,chr1:11823775:C:T,0,0,-0.24188566207885742,modal,cuda,PPIL4:K562
GRWD1,HepG2,chr1:11824498:A:G,0,0,-0.49151262640953064,modal,cuda,PPIL4:K562
GRWD1,HepG2,chr1:11824504:A:C,1,0,-0.36419522762298584,modal,cuda,PPIL4:K562
GRWD1,HepG2,chr1:11824529:G:A,0,0,0.3208874464035034,modal,cuda,PPIL4:K562
GRWD1,HepG2,chr1:11989357:G:A,0,0,0.5553637146949768,modal,cuda,PPIL4:K562
GRWD1,HepG2,chr1:1319313:G:A,1,0,0.881417453289032,modal,cuda,PPIL4:K562
GRWD1,HepG2,chr1:1321072:C:A,1,0,0.5087206363677979,modal,cuda,PPIL4:K562
GRWD1,HepG2,chr1:145926631:G:T,1,0,0.8085740208625793,modal,cuda,PPIL4:K562
GRWD1,HepG2,chr1:145926888:T:C,1,0,2.2386720180511475,modal,cuda,PPIL4:K562
GRWD1,HepG2,chr1:145927445:C:T,1,0,0.42643630504608154,modal,cuda,PPIL4:K562
GRWD1,HepG2,chr1:147267409:T:C,0,0,0.2838752269744873,modal,cuda,PPIL4:K562
GRWD1,HepG2,chr1:147268843:C:G,0,0,-0.5201033353805542,modal,cuda,PPIL4:K562
GRWD1,HepG2,chr1:147295468:T:G,0,0,-0.4095303416252136,modal,cuda,PPIL4:K562
GRWD1,HepG2,chr1:1485177:G:A,0,0,0.21984410285949707,modal,cuda,PPIL4:K562
GRWD1,HepG2,chr1:150325734:G:A,0,0,-0.1748408079147339,modal,cuda,PPIL4:K562
GRWD1,HepG2,chr1:150328421:C:T,0,0,0.3657582104206085,modal,cuda,PPIL4:K562
GRWD1,HepG2,chr1:150344199:A:G,0,0,-1.0888237953186035,modal,cuda,PPIL4:K562
GRWD1,HepG2,chr1:150344201:C:A,1,0,-0.48929768800735474,modal,cuda,PPIL4:K562
GRWD1,HepG2,chr1:150344212:C:T,1,0,0.45792922377586365,modal,cuda,PPIL4:K562
GRWD1,HepG2,chr1:150344216:C:T,1,0,0.2767595052719116,modal,cuda,PPIL4:K562
GRWD1,HepG2,chr1:150344231:A:C,1,0,1.5342860221862793,modal,cuda,PPIL4:K562
GRWD1,HepG2,chr1:150353021:C:T,0,0,-0.3371027708053589,modal,cuda,PPIL4:K562
GRWD1,HepG2,chr1:150579173:T:C,0,0,-0.23802340030670166,modal,cuda,PPIL4:K562
GRWD1,HepG2,chr1:154170417:G:T,1,0,0.12376785278320312,modal,cuda,PPIL4:K562
GRWD1,HepG2,chr1:154173127:T:G,1,0,0.7465139031410217,modal,cuda,PPIL4:K562
GRWD1,HepG2,chr1:154173134:G:T,1,0,-0.12170839309692383,modal,cuda,PPIL4:K562
GRWD1,HepG2,chr1:154176194:G:T,1,0,-0.09637808799743652,modal,cuda,PPIL4:K562
GRWD1,HepG2,chr1:154176220:C:G,1,0,-0.364166259765625,modal,cuda,PPIL4:K562
GRWD1,HepG2,chr1:154585209:C:T,0,0,0.43875133991241455,modal,cuda,PPIL4:K562
GRWD1,HepG2,chr1:154601879:G:A,1,0,-1.0717666149139404,modal,cuda,PPIL4:K562
GRWD1,HepG2,chr1:154602122:G:A,1,0,-1.5152027606964111,modal,cuda,PPIL4:K562
GRWD1,HepG2,chr1:154602509:C:A,1,0,0.5492246150970459,modal,cuda,PPIL4:K562
GRWD1,HepG2,chr1:154602557:G:A,1,0,-1.7401622533798218,modal,cuda,PPIL4:K562
GRWD1,HepG2,chr1:154602564:C:T,0,0,1.1264610290527344,modal,cuda,PPIL4:K562
GRWD1,HepG2,chr1:155312274:T:C,0,0,0.19027453660964966,modal,cuda,PPIL4:K562
GRWD1,HepG2,chr1:155320440:T:C,0,0,-0.21394562721252441,modal,cuda,PPIL4:K562
GRWD1,HepG2,chr1:155688145:C:T,0,0,0.7111178636550903,modal,cuda,PPIL4:K562
GRWD1,HepG2,chr1:156134455:G:C,1,0,-0.20689475536346436,modal,cuda,PPIL4:K562
GRWD1,HepG2,chr1:156134988:G:T,0,0,0.5080703496932983,modal,cuda,PPIL4:K562
GRWD1,HepG2,chr1:160238682:T:C,0,0,-0.8907269835472107,modal,cuda,PPIL4:K562
GRWD1,HepG2,chr1:160282419:G:A,1,0,1.6964200735092163,modal,cuda,PPIL4:K562
GRWD1,HepG2,chr1:160282515:A:T,0,0,0.7123086452484131,modal,cuda,PPIL4:K562
GRWD1,HepG2,chr1:160282964:G:C,1,0,1.7576520442962646,modal,cuda,PPIL4:K562
GRWD1,HepG2,chr1:161210647:A:G,1,0,0.6215424537658691,modal,cuda,PPIL4:K562
GRWD1,HepG2,chr1:165759546:G:A,1,0,0.4520193934440613,modal,cuda,PPIL4:K562
GRWD1,HepG2,chr1:165768841:C:T,0,0,-0.9406173229217529,modal,cuda,PPIL4:K562
GRWD1,HepG2,chr1:172551552:G:A,0,0,0.20788002014160156,modal,cuda,PPIL4:K562
GRWD1,HepG2,chr1:17623185:C:T,0,0,0.5737805366516113,modal,cuda,PPIL4:K562
GRWD1,HepG2,chr1:177958344:T:C,0,0,0.41323322057724,modal,cuda,PPIL4:K562
GRWD1,HepG2,chr1:177967930:C:T,0,0,-0.1674203872680664,modal,cuda,PPIL4:K562
GRWD1,HepG2,chr1:183132551:G:A,0,0,0.8136191964149475,modal,cuda,PPIL4:K562
GRWD1,HepG2,chr1:183136367:G:A,0,0,0.7827401161193848,modal,cuda,PPIL4:K562
GRWD1,HepG2,chr1:183142906:G:C,0,0,1.4386463165283203,modal,cuda,PPIL4:K562
GRWD1,HepG2,chr1:19232613:G:C,0,0,-0.550085186958313,modal,cuda,PPIL4:K562
GRWD1,HepG2,chr1:193212113:A:G,0,0,-0.20753693580627441,modal,cuda,PPIL4:K562
GRWD1,HepG2,chr1:193212495:C:G,0,0,0.598968505859375,modal,cuda,PPIL4:K562
GRWD1,HepG2,chr1:193249713:C:G,0,0,0.5073271989822388,modal,cuda,PPIL4:K562
GRWD1,HepG2,chr1:202742649:G:T,0,0,-0.415768027305603,modal,cuda,PPIL4:K562
GRWD1,HepG2,chr1:20744866:T:C,0,0,0.2148953676223755,modal,cuda,PPIL4:K562
GRWD1,HepG2,chr1:207783280:C:A,0,0,0.7712075710296631,modal,cuda,PPIL4:K562
GRWD1,HepG2,chr1:213104476:C:A,0,0,1.2871732711791992,modal,cuda,PPIL4:K562
GRWD1,HepG2,chr1:213167847:T:C,0,0,0.594164252281189,modal,cuda,PPIL4:K562
GRWD1,HepG2,chr1:226392320:G:T,0,0,-1.0629706382751465,modal,cuda,PPIL4:K562
GRWD1,HepG2,chr1:231275503:G:A,1,0,-0.661159336566925,modal,cuda,PPIL4:K562
GRWD1,HepG2,chr1:232008993:G:C,0,0,0.9135898351669312,modal,cuda,PPIL4:K562
GRWD1,HepG2,chr1:232009005:C:T,0,0,1.047385334968567,modal,cuda,PPIL4:K562
GRWD1,HepG2,chr1:235182498:G:A,0,0,-0.2949850559234619,modal,cuda,PPIL4:K562
GRWD1,HepG2,chr1:235414614:C:T,1,0,1.3058295249938965,modal,cuda,PPIL4:K562
GRWD1,HepG2,chr1:236795637:C:T,0,0,1.2357094287872314,modal,cuda,PPIL4:K562
GRWD1,HepG2,chr1:236825363:T:A,1,0,-2.082049608230591,modal,cuda,PPIL4:K562
GRWD1,HepG2,chr1:236826841:G:A,0,0,0.46871235966682434,modal,cuda,PPIL4:K562
GRWD1,HepG2,chr1:236826895:A:G,1,0,-0.48169803619384766,modal,cuda,PPIL4:K562
GRWD1,HepG2,chr1:244855410:T:A,0,0,0.37272894382476807,modal,cuda,PPIL4:K562
GRWD1,HepG2,chr1:244855614:A:T,0,0,0.9278346300125122,modal,cuda,PPIL4:K562
GRWD1,HepG2,chr1:244855889:T:G,0,0,0.6844336986541748,modal,cuda,PPIL4:K562
GRWD1,HepG2,chr1:244856161:G:A,0,0,0.6494890451431274,modal,cuda,PPIL4:K562
GRWD1,HepG2,chr1:244856629:T:A,0,0,0.44200772047042847,modal,cuda,PPIL4:K562
GRWD1,HepG2,chr1:244856718:T:G,0,0,-0.46417999267578125,modal,cuda,PPIL4:K562
GRWD1,HepG2,chr1:244856723:C:T,0,0,0.7080745100975037,modal,cuda,PPIL4:K562
GRWD1,HepG2,chr1:244856724:G:A,0,0,0.5251116156578064,modal,cuda,PPIL4:K562
GRWD1,HepG2,chr1:244856866:A:G,0,0,0.6747910976409912,modal,cuda,PPIL4:K562
GRWD1,HepG2,chr1:244857593:C:T,0,0,1.6139274835586548,modal,cuda,PPIL4:K562
GRWD1,HepG2,chr1:244858724:C:T,1,0,0.8107070922851562,modal,cuda,PPIL4:K562
GRWD1,HepG2,chr1:244862608:G:A,0,0,0.8307637572288513,modal,cuda,PPIL4:K562
GRWD1,HepG2,chr1:244864348:C:T,0,0,-0.12355834245681763,modal,cuda,PPIL4:K562
GRWD1,HepG2,chr1:26438213:C:A,1,0,0.19026333093643188,modal,cuda,PPIL4:K562
GRWD1,HepG2,chr1:26438213:C:T,1,0,0.33706361055374146,modal,cuda,PPIL4:K562
GRWD1,HepG2,chr1:26438228:A:G,1,0,0.4079446494579315,modal,cuda,PPIL4:K562
GRWD1,HepG2,chr1:28987461:G:A,0,0,0.3675163984298706,modal,cuda,PPIL4:K562
GRWD1,HepG2,chr1:28987557:A:G,0,0,-0.30582499504089355,modal,cuda,PPIL4:K562
GRWD1,HepG2,chr1:29064973:C:T,0,0,0.574697732925415,modal,cuda,PPIL4:K562
GRWD1,HepG2,chr1:29109317:G:C,0,0,1.0025649070739746,modal,cuda,PPIL4:K562
GRWD1,HepG2,chr1:32180465:A:G,0,0,-0.9734401702880859,modal,cuda,PPIL4:K562
GRWD1,HepG2,chr1:33013319:G:A,0,0,-0.1829538345336914,modal,cuda,PPIL4:K562
GRWD1,HepG2,chr1:33013330:G:C,0,0,-0.4185357093811035,modal,cuda,PPIL4:K562
GRWD1,HepG2,chr1:33013358:C:G,0,0,-0.8057078123092651,modal,cuda,PPIL4:K562
GRWD1,HepG2,chr1:33013413:G:A,0,0,0.3186304569244385,modal,cuda,PPIL4:K562
GRWD1,HepG2,chr1:33021383:G:A,1,0,-2.027449607849121,modal,cuda,PPIL4:K562
GRWD1,HepG2,chr1:35189008:T:C,0,0,0.13726980984210968,modal,cuda,PPIL4:K562
GRWD1,HepG2,chr1:35190780:T:C,0,0,0.32221436500549316,modal,cuda,PPIL4:K562
GRWD1,HepG2,chr1:35460440:T:A,0,0,-0.8785760402679443,modal,cuda,PPIL4:K562
GRWD1,HepG2,chr1:35460441:G:A,0,0,0.9791173338890076,modal,cuda,PPIL4:K562
GRWD1,HepG2,chr1:3834873:C:T,0,0,-0.5240755081176758,modal,cuda,PPIL4:K562
GRWD1,HepG2,chr1:3834895:C:A,0,0,0.2883012890815735,modal,cuda,PPIL4:K562
GRWD1,HepG2,chr1:39257917:G:A,0,0,-0.20953118801116943,modal,cuda,PPIL4:K562
GRWD1,HepG2,chr1:39310231:C:A,0,0,-0.7928401231765747,modal,cuda,PPIL4:K562
GRWD1,HepG2,chr1:39310231:C:G,0,0,-0.5156667232513428,modal,cuda,PPIL4:K562
GRWD1,HepG2,chr1:39318629:T:C,0,0,0.5278478860855103,modal,cuda,PPIL4:K562
GRWD1,HepG2,chr1:39422905:G:A,0,0,0.6811990141868591,modal,cuda,PPIL4:K562
GRWD1,HepG2,chr1:39452140:C:G,0,0,-0.923297643661499,modal,cuda,PPIL4:K562
GRWD1,HepG2,chr1:40311080:C:A,0,0,-0.4181269407272339,modal,cuda,PPIL4:K562
GRWD1,HepG2,chr1:41008728:C:G,0,0,-0.9762789011001587,modal,cuda,PPIL4:K562
GRWD1,HepG2,chr1:45013663:C:T,1,0,-0.4851694107055664,modal,cuda,PPIL4:K562
GRWD1,HepG2,chr1:45013717:G:C,1,0,-0.27319571375846863,modal,cuda,PPIL4:K562
GRWD1,HepG2,chr1:45013747:C:T,1,0,-3.3525404930114746,modal,cuda,PPIL4:K562
GRWD1,HepG2,chr1:45607496:A:C,0,0,-0.18680691719055176,modal,cuda,PPIL4:K562
GRWD1,HepG2,chr1:5978374:G:A,1,0,-2.0026321411132812,modal,cuda,PPIL4:K562
GRWD1,HepG2,chr1:5986204:G:A,0,0,0.5266285538673401,modal,cuda,PPIL4:K562
GRWD1,HepG2,chr1:5986211:C:A,1,0,-0.9623570442199707,modal,cuda,PPIL4:K562
GRWD1,HepG2,chr1:5986215:C:T,1,0,-1.8713583946228027,modal,cuda,PPIL4:K562
GRWD1,HepG2,chr1:62535637:T:C,0,0,0.7385522723197937,modal,cuda,PPIL4:K562
GRWD1,HepG2,chr1:62648398:A:C,0,0,-0.38004517555236816,modal,cuda,PPIL4:K562
GRWD1,HepG2,chr1:64869304:G:A,0,0,-0.28530263900756836,modal,cuda,PPIL4:K562
GRWD1,HepG2,chr1:67686488:G:A,0,0,0.2538056969642639,modal,cuda,PPIL4:K562
GRWD1,HepG2,chr1:8364152:G:A,0,0,-0.2930394411087036,modal,cuda,PPIL4:K562
GRWD1,HepG2,chr1:8364188:G:A,0,0,-0.46886390447616577,modal,cuda,PPIL4:K562
GRWD1,HepG2,chr1:8364736:G:A,0,0,0.17325043678283691,modal,cuda,PPIL4:K562
GRWD1,HepG2,chr1:8624304:G:A,0,0,0.4528743624687195,modal,cuda,PPIL4:K562
GRWD1,HepG2,chr1:91734825:T:C,0,0,-0.33140087127685547,modal,cuda,PPIL4:K562
GRWD1,HepG2,chr1:92289004:A:G,0,0,-0.9410385489463806,modal,cuda,PPIL4:K562
GRWD1,HepG2,chr1:92289027:A:G,0,0,1.0386279821395874,modal,cuda,PPIL4:K562
GRWD1,HepG2,chr1:92836250:G:T,1,0,1.1075968742370605,modal,cuda,PPIL4:K562
GRWD1,HepG2,chr1:92837585:C:A,1,0,-0.795897364616394,modal,cuda,PPIL4:K562
GRWD1,HepG2,chr1:92837592:C:T,1,0,0.6709078550338745,modal,cuda,PPIL4:K562
GRWD1,HepG2,chr1:92841745:A:G,0,0,0.3150244951248169,modal,cuda,PPIL4:K562
GRWD1,HepG2,chr1:92841757:C:A,0,0,-0.29452526569366455,modal,cuda,PPIL4:K562
GRWD1,HepG2,chr1:92841817:A:G,0,0,-0.36453819274902344,modal,cuda,PPIL4:K562
GRWD1,HepG2,chr1:93118449:G:A,0,0,-0.5479881167411804,modal,cuda,PPIL4:K562
GRWD1,HepG2,chr1:94489702:G:C,0,0,0.43242084980010986,modal,cuda,PPIL4:K562
GRWD1,HepG2,chr1:94517033:T:C,0,0,-0.5052979588508606,modal,cuda,PPIL4:K562
GRWD1,HepG2,chr20:13534015:T:C,0,0,0.19559884071350098,modal,cuda,PPIL4:K562
GRWD1,HepG2,chr20:13534052:C:T,0,0,0.8066482543945312,modal,cuda,PPIL4:K562
GRWD1,HepG2,chr20:13787297:C:T,0,0,0.48206520080566406,modal,cuda,PPIL4:K562
GRWD1,HepG2,chr20:13787310:A:T,1,0,1.1347744464874268,modal,cuda,PPIL4:K562
GRWD1,HepG2,chr20:13787360:G:A,0,0,-0.940596342086792,modal,cuda,PPIL4:K562
GRWD1,HepG2,chr20:17616724:G:A,0,0,0.11685013771057129,modal,cuda,PPIL4:K562
GRWD1,HepG2,chr20:17627494:G:A,0,0,-0.48188847303390503,modal,cuda,PPIL4:K562
GRWD1,HepG2,chr20:17970274:C:T,1,0,2.995589017868042,modal,cuda,PPIL4:K562
GRWD1,HepG2,chr20:18142268:C:G,0,0,-0.1923971176147461,modal,cuda,PPIL4:K562
GRWD1,HepG2,chr20:20048481:C:T,1,0,-0.3834265470504761,modal,cuda,PPIL4:K562
GRWD1,HepG2,chr20:20048482:G:A,1,0,-0.42873358726501465,modal,cuda,PPIL4:K562
GRWD1,HepG2,chr20:23390028:G:T,1,0,-1.2838504314422607,modal,cuda,PPIL4:K562
GRWD1,HepG2,chr20:2654566:A:G,0,0,-0.3464820981025696,modal,cuda,PPIL4:K562
GRWD1,HepG2,chr20:2654858:T:C,0,0,-0.14040780067443848,modal,cuda,PPIL4:K562
GRWD1,HepG2,chr20:2656425:T:C,0,0,-0.6496036052703857,modal,cuda,PPIL4:K562
GRWD1,HepG2,chr20:2657166:C:T,0,0,0.46105313301086426,modal,cuda,PPIL4:K562
GRWD1,HepG2,chr20:2657933:T:C,0,0,0.6798127293586731,modal,cuda,PPIL4:K562
GRWD1,HepG2,chr20:2658081:G:A,0,0,-0.17228233814239502,modal,cuda,PPIL4:K562
GRWD1,HepG2,chr20:2658084:C:T,0,0,0.1766681671142578,modal,cuda,PPIL4:K562
GRWD1,HepG2,chr20:2658234:G:A,0,0,0.36668121814727783,modal,cuda,PPIL4:K562
GRWD1,HepG2,chr20:2658236:T:C,0,0,0.6546643972396851,modal,cuda,PPIL4:K562
GRWD1,HepG2,chr20:2663692:C:A,1,0,1.5138018131256104,modal,cuda,PPIL4:K562
GRWD1,HepG2,chr20:2986784:G:A,0,0,0.1201331615447998,modal,cuda,PPIL4:K562
GRWD1,HepG2,chr20:3200326:C:G,0,0,-0.6805837154388428,modal,cuda,PPIL4:K562
GRWD1,HepG2,chr20:3200327:A:C,0,0,-0.6880483031272888,modal,cuda,PPIL4:K562
GRWD1,HepG2,chr20:3204528:A:T,0,0,0.5131126642227173,modal,cuda,PPIL4:K562
GRWD1,HepG2,chr20:3213332:G:A,0,0,0.7058662176132202,modal,cuda,PPIL4:K562
GRWD1,HepG2,chr20:3213336:G:T,1,0,-2.423950433731079,modal,cuda,PPIL4:K562
GRWD1,HepG2,chr20:32215468:C:T,0,0,-0.5783770084381104,modal,cuda,PPIL4:K562
GRWD1,HepG2,chr20:33811394:C:G,0,0,-0.2850268483161926,modal,cuda,PPIL4:K562
GRWD1,HepG2,chr20:33853561:T:C,0,0,-0.4091741442680359,modal,cuda,PPIL4:K562
GRWD1,HepG2,chr20:34408774:G:A,1,0,0.9512937068939209,modal,cuda,PPIL4:K562
GRWD1,HepG2,chr20:35384111:C:T,0,0,-0.3384082317352295,modal,cuda,PPIL4:K562
GRWD1,HepG2,chr20:35463587:C:T,1,0,-1.2487493753433228,modal,cuda,PPIL4:K562
GRWD1,HepG2,chr20:35466146:G:A,1,0,-0.7491765022277832,modal,cuda,PPIL4:K562
GRWD1,HepG2,chr20:35467369:G:A,0,0,-0.4025309085845947,modal,cuda,PPIL4:K562
GRWD1,HepG2,chr20:35467383:G:A,0,0,0.6369762420654297,modal,cuda,PPIL4:K562
GRWD1,HepG2,chr20:35467533:G:T,1,0,0.32863521575927734,modal,cuda,PPIL4:K562
GRWD1,HepG2,chr20:35472734:T:A,1,0,-0.8940349817276001,modal,cuda,PPIL4:K562
GRWD1,HepG2,chr20:35473370:A:G,0,0,-0.3948580026626587,modal,cuda,PPIL4:K562
GRWD1,HepG2,chr20:35475582:C:A,1,0,1.5738590955734253,modal,cuda,PPIL4:K562
GRWD1,HepG2,chr20:35476559:G:A,0,0,0.29032546281814575,modal,cuda,PPIL4:K562
GRWD1,HepG2,chr20:35491196:C:G,0,0,-0.5579757690429688,modal,cuda,PPIL4:K562
GRWD1,HepG2,chr20:35507857:C:G,0,0,0.4835188388824463,modal,cuda,PPIL4:K562
GRWD1,HepG2,chr20:36771156:T:C,0,0,-0.9830811023712158,modal,cuda,PPIL4:K562
GRWD1,HepG2,chr20:37234013:C:G,0,0,-0.3885512351989746,modal,cuda,PPIL4:K562
GRWD1,HepG2,chr20:3907935:G:A,1,0,-0.9943481683731079,modal,cuda,PPIL4:K562
GRWD1,HepG2,chr20:3907977:A:G,1,0,0.18329858779907227,modal,cuda,PPIL4:K562
GRWD1,HepG2,chr20:3907980:T:C,1,0,-0.1356678009033203,modal,cuda,PPIL4:K562
GRWD1,HepG2,chr20:3912573:C:T,1,0,-2.276829719543457,modal,cuda,PPIL4:K562
GRWD1,HepG2,chr20:3917074:A:G,0,0,-1.6278117895126343,modal,cuda,PPIL4:K562
GRWD1,HepG2,chr20:41487827:C:T,0,0,0.49021488428115845,modal,cuda,PPIL4:K562
GRWD1,HepG2,chr20:41512842:A:G,0,0,0.5032103061676025,modal,cuda,PPIL4:K562
GRWD1,HepG2,chr20:417752:C:T,0,0,0.18956121802330017,modal,cuda,PPIL4:K562
GRWD1,HepG2,chr20:417773:G:A,1,0,-0.9400978088378906,modal,cuda,PPIL4:K562
GRWD1,HepG2,chr20:417795:C:T,1,0,-1.2182554006576538,modal,cuda,PPIL4:K562
GRWD1,HepG2,chr20:417801:C:T,1,0,-0.6850168108940125,modal,cuda,PPIL4:K562
GRWD1,HepG2,chr20:419373:C:T,1,0,-0.9245458841323853,modal,cuda,PPIL4:K562
GRWD1,HepG2,chr20:419439:C:T,1,0,-0.4799201488494873,modal,cuda,PPIL4:K562
GRWD1,HepG2,chr20:422158:C:T,1,0,-0.7120071053504944,modal,cuda,PPIL4:K562
GRWD1,HepG2,chr20:422166:G:A,0,0,0.38067013025283813,modal,cuda,PPIL4:K562
GRWD1,HepG2,chr20:427419:G:A,1,0,-0.30299967527389526,modal,cuda,PPIL4:K562
GRWD1,HepG2,chr20:441907:G:A,1,0,0.4521689713001251,modal,cuda,PPIL4:K562
GRWD1,HepG2,chr20:445095:G:A,1,0,-0.4730299711227417,modal,cuda,PPIL4:K562
GRWD1,HepG2,chr20:44916778:C:T,1,0,-0.23107144236564636,modal,cuda,PPIL4:K562
GRWD1,HepG2,chr20:44930524:C:T,1,0,0.46394217014312744,modal,cuda,PPIL4:K562
GRWD1,HepG2,chr20:44930558:C:T,0,0,0.18823468685150146,modal,cuda,PPIL4:K562
GRWD1,HepG2,chr20:44930608:G:A,1,0,-0.27464282512664795,modal,cuda,PPIL4:K562
GRWD1,HepG2,chr20:44930688:C:T,1,0,0.477009654045105,modal,cuda,PPIL4:K562
GRWD1,HepG2,chr20:44972066:C:G,0,0,-0.19699430465698242,modal,cuda,PPIL4:K562
GRWD1,HepG2,chr20:45075056:C:T,0,0,0.33078184723854065,modal,cuda,PPIL4:K562
GRWD1,HepG2,chr20:45420648:C:T,1,0,0.4502139091491699,modal,cuda,PPIL4:K562
GRWD1,HepG2,chr20:45891698:C:T,1,0,-0.3915429711341858,modal,cuda,PPIL4:K562
GRWD1,HepG2,chr20:45891761:T:C,1,0,0.7338111400604248,modal,cuda,PPIL4:K562
GRWD1,HepG2,chr20:45892860:G:A,1,0,2.0336358547210693,modal,cuda,PPIL4:K562
GRWD1,HepG2,chr20:45894040:T:A,1,0,-0.21915173530578613,modal,cuda,PPIL4:K562
GRWD1,HepG2,chr20:45894081:C:G,1,0,-0.3680783212184906,modal,cuda,PPIL4:K562
GRWD1,HepG2,chr20:45894718:T:C,0,0,-0.20207536220550537,modal,cuda,PPIL4:K562
GRWD1,HepG2,chr20:45894826:T:G,1,0,-1.691948652267456,modal,cuda,PPIL4:K562
GRWD1,HepG2,chr20:45894908:G:A,0,0,0.24443747103214264,modal,cuda,PPIL4:K562
GRWD1,HepG2,chr20:45894914:G:T,0,0,-0.19963407516479492,modal,cuda,PPIL4:K562
GRWD1,HepG2,chr20:47276304:C:T,0,0,0.2629043161869049,modal,cuda,PPIL4:K562
GRWD1,HepG2,chr20:47291786:G:A,0,0,1.4870285987854004,modal,cuda,PPIL4:K562
GRWD1,HepG2,chr20:48988288:G:A,0,0,0.7100926041603088,modal,cuda,PPIL4:K562
GRWD1,HepG2,chr20:50958342:G:C,0,0,-0.36398494243621826,modal,cuda,PPIL4:K562
GRWD1,HepG2,chr20:58418191:G:A,0,0,0.3476913571357727,modal,cuda,PPIL4:K562
GRWD1,HepG2,chr20:58418257:G:A,0,0,-0.2717354893684387,modal,cuda,PPIL4:K562
GRWD1,HepG2,chr20:58418289:C:T,1,0,0.37880170345306396,modal,cuda,PPIL4:K562
GRWD1,HepG2,chr20:58418318:C:T,1,0,-0.24579015374183655,modal,cuda,PPIL4:K562
GRWD1,HepG2,chr20:58444184:G:A,0,0,-1.4251461029052734,modal,cuda,PPIL4:K562
GRWD1,HepG2,chr20:58670524:G:A,0,0,-0.9560027122497559,modal,cuda,PPIL4:K562
GRWD1,HepG2,chr20:58673636:A:T,0,0,0.5880515575408936,modal,cuda,PPIL4:K562
GRWD1,HepG2,chr20:58673672:C:G,0,0,-0.5081937909126282,modal,cuda,PPIL4:K562
GRWD1,HepG2,chr20:59030427:T:C,1,0,-0.8712140917778015,modal,cuda,PPIL4:K562
GRWD1,HepG2,chr20:6116048:C:T,0,0,0.31519848108291626,modal,cuda,PPIL4:K562
GRWD1,HepG2,chr20:6119384:G:A,0,0,0.34159761667251587,modal,cuda,PPIL4:K562
GRWD1,HepG2,chr20:62140809:G:A,0,0,-0.5855273008346558,modal,cuda,PPIL4:K562
GRWD1,HepG2,chr20:62162852:G:A,0,0,-0.23897230625152588,modal,cuda,PPIL4:K562
GRWD1,HepG2,chr20:62174536:G:A,0,0,0.05678725242614746,modal,cuda,PPIL4:K562
GRWD1,HepG2,chr20:62256244:G:A,0,0,-0.19546186923980713,modal,cuda,PPIL4:K562
GRWD1,HepG2,chr20:62281182:G:A,0,0,-0.3456883430480957,modal,cuda,PPIL4:K562
GRWD1,HepG2,chr20:62281887:C:T,0,0,-0.9849539995193481,modal,cuda,PPIL4:K562
GRWD1,HepG2,chr20:62289198:G:A,0,0,0.16208630800247192,modal,cuda,PPIL4:K562
GRWD1,HepG2,chr20:62289334:C:T,0,0,0.3381783962249756,modal,cuda,PPIL4:K562
GRWD1,HepG2,chr20:62323765:C:A,0,0,-0.19932341575622559,modal,cuda,PPIL4:K562
GRWD1,HepG2,chr20:62338612:G:C,0,0,0.13544070720672607,modal,cuda,PPIL4:K562
GRWD1,HepG2,chr20:62824511:G:A,0,0,-0.14358782768249512,modal,cuda,PPIL4:K562
GRWD1,HepG2,chr20:63659344:A:C,0,0,-0.16866040229797363,modal,cuda,PPIL4:K562
GRWD1,HepG2,chr20:63659448:C:T,1,0,-1.8974542617797852,modal,cuda,PPIL4:K562
GRWD1,HepG2,chr20:63659463:C:T,1,0,0.971596896648407,modal,cuda,PPIL4:K562
GRWD1,HepG2,chr20:63659474:C:G,1,0,-2.8592348098754883,modal,cuda,PPIL4:K562
GRWD1,HepG2,chr20:63661909:C:T,1,0,-0.7565302848815918,modal,cuda,PPIL4:K562
GRWD1,HepG2,chr20:63661919:A:G,0,0,-0.11974024772644043,modal,cuda,PPIL4:K562
GRWD1,HepG2,chr20:63662625:C:T,1,0,-1.1030536890029907,modal,cuda,PPIL4:K562
GRWD1,HepG2,chr20:63662646:G:A,0,0,0.6954989433288574,modal,cuda,PPIL4:K562
GRWD1,HepG2,chr20:63662805:C:T,0,0,-0.36886143684387207,modal,cuda,PPIL4:K562
GRWD1,HepG2,chr20:63662886:G:T,1,0,-0.1211705207824707,modal,cuda,PPIL4:K562
GRWD1,HepG2,chr20:63666047:T:C,0,0,-0.4844290316104889,modal,cuda,PPIL4:K562
GRWD1,HepG2,chr20:63679914:C:A,1,0,-0.582977294921875,modal,cuda,PPIL4:K562
GRWD1,HepG2,chr20:63679922:C:T,1,0,0.09856456518173218,modal,cuda,PPIL4:K562
GRWD1,HepG2,chr20:63679931:C:T,1,0,-0.887268602848053,modal,cuda,PPIL4:K562
GRWD1,HepG2,chr20:63685892:C:T,0,0,-0.8227265477180481,modal,cuda,PPIL4:K562
GRWD1,HepG2,chr20:63688001:G:C,1,0,-0.38745713233947754,modal,cuda,PPIL4:K562
GRWD1,HepG2,chr20:63688130:C:T,0,0,-0.4370630979537964,modal,cuda,PPIL4:K562
GRWD1,HepG2,chr20:63688146:G:T,1,0,0.7730006575584412,modal,cuda,PPIL4:K562
GRWD1,HepG2,chr20:63688149:G:T,1,0,-1.0213725566864014,modal,cuda,PPIL4:K562
GRWD1,HepG2,chr20:63688363:G:T,1,0,-0.3332815170288086,modal,cuda,PPIL4:K562
GRWD1,HepG2,chr20:63688366:A:T,1,0,-0.34454500675201416,modal,cuda,PPIL4:K562
GRWD1,HepG2,chr20:63688578:G:T,1,0,-0.26414287090301514,modal,cuda,PPIL4:K562
GRWD1,HepG2,chr20:63689115:G:A,1,0,0.5168659687042236,modal,cuda,PPIL4:K562
GRWD1,HepG2,chr20:63692901:C:T,1,0,-1.0682085752487183,modal,cuda,PPIL4:K562
GRWD1,HepG2,chr20:63692936:C:T,0,0,-0.15224671363830566,modal,cuda,PPIL4:K562
GRWD1,HepG2,chr20:63692975:G:C,0,0,0.4327261447906494,modal,cuda,PPIL4:K562
GRWD1,HepG2,chr20:63693172:A:T,1,0,-2.249907970428467,modal,cuda,PPIL4:K562
GRWD1,HepG2,chr20:63693178:C:T,1,0,-3.094835042953491,modal,cuda,PPIL4:K562
GRWD1,HepG2,chr20:63693189:G:C,0,0,0.29883575439453125,modal,cuda,PPIL4:K562
GRWD1,HepG2,chr20:63693211:C:T,1,0,-2.3851988315582275,modal,cuda,PPIL4:K562
GRWD1,HepG2,chr20:63700673:C:T,0,0,0.22274041175842285,modal,cuda,PPIL4:K562
GRWD1,HepG2,chr20:63981221:C:T,0,0,-0.45008087158203125,modal,cuda,PPIL4:K562
GRWD1,HepG2,chr20:63981322:G:A,0,0,0.29324978590011597,modal,cuda,PPIL4:K562
GRWD1,HepG2,chr20:63983032:G:C,0,0,0.9371709823608398,modal,cuda,PPIL4:K562
GRWD1,HepG2,chr20:63995103:A:G,0,0,0.8627341389656067,modal,cuda,PPIL4:K562
GRWD1,HepG2,chr20:8685104:C:G,0,0,-0.9070805311203003,modal,cuda,PPIL4:K562
GRWD1,HepG2,chr20:8697799:G:A,0,0,0.3022136688232422,modal,cuda,PPIL4:K562
GRWD1,HepG2,chr20:8790285:A:C,0,0,0.45201385021209717,modal,cuda,PPIL4:K562
GRWD1,HepG2,chr21:25976039:A:T,0,0,-1.6011236906051636,modal,cuda,PPIL4:K562
GRWD1,HepG2,chr21:26089927:C:T,0,0,0.5001676082611084,modal,cuda,PPIL4:K562
GRWD1,HepG2,chr21:32602313:G:A,1,0,-1.7051945924758911,modal,cuda,PPIL4:K562
GRWD1,HepG2,chr21:32602346:G:A,1,0,-2.5181632041931152,modal,cuda,PPIL4:K562
GRWD1,HepG2,chr21:32603197:C:T,0,0,0.34799647331237793,modal,cuda,PPIL4:K562
GRWD1,HepG2,chr21:32604220:G:A,1,0,-1.9098068475723267,modal,cuda,PPIL4:K562
GRWD1,HepG2,chr21:33543175:C:G,0,0,1.57143235206604,modal,cuda,PPIL4:K562
GRWD1,HepG2,chr21:33549618:T:A,1,0,-0.3614197373390198,modal,cuda,PPIL4:K562
GRWD1,HepG2,chr21:33549625:C:T,1,0,-0.4245262145996094,modal,cuda,PPIL4:K562
GRWD1,HepG2,chr21:33549634:G:T,1,0,-0.6426163911819458,modal,cuda,PPIL4:K562
GRWD1,HepG2,chr21:33549650:C:T,0,0,0.20627975463867188,modal,cuda,PPIL4:K562
GRWD1,HepG2,chr21:33549679:T:C,0,0,0.20801591873168945,modal,cuda,PPIL4:K562
GRWD1,HepG2,chr21:33549715:C:T,0,0,-0.15600824356079102,modal,cuda,PPIL4:K562
GRWD1,HepG2,chr21:33549729:G:T,0,0,0.18057918548583984,modal,cuda,PPIL4:K562
GRWD1,HepG2,chr21:33549782:C:T,0,0,0.1507260799407959,modal,cuda,PPIL4:K562
GRWD1,HepG2,chr21:33549888:A:G,0,0,-0.20845508575439453,modal,cuda,PPIL4:K562
GRWD1,HepG2,chr21:33550212:T:A,0,0,0.23666620254516602,modal,cuda,PPIL4:K562
GRWD1,HepG2,chr21:33550255:C:T,1,0,-0.346376895904541,modal,cuda,PPIL4:K562
GRWD1,HepG2,chr21:33550301:G:C,0,0,-0.11468863487243652,modal,cuda,PPIL4:K562
GRWD1,HepG2,chr21:33550338:G:A,0,0,-0.13090014457702637,modal,cuda,PPIL4:K562
GRWD1,HepG2,chr21:33550358:C:T,0,0,0.1157379150390625,modal,cuda,PPIL4:K562
GRWD1,HepG2,chr21:33550367:C:A,1,0,-0.2526853084564209,modal,cuda,PPIL4:K562
GRWD1,HepG2,chr21:33550370:C:T,0,0,0.06983232498168945,modal,cuda,PPIL4:K562
GRWD1,HepG2,chr21:33550373:T:C,0,0,0.06716251373291016,modal,cuda,PPIL4:K562
GRWD1,HepG2,chr21:33550406:C:T,0,0,0.04840683937072754,modal,cuda,PPIL4:K562
GRWD1,HepG2,chr21:33550463:C:T,0,0,-0.08154916763305664,modal,cuda,PPIL4:K562
GRWD1,HepG2,chr21:33550466:C:T,0,0,0.04414987564086914,modal,cuda,PPIL4:K562
GRWD1,HepG2,chr21:33550730:C:T,0,0,0.11175966262817383,modal,cuda,PPIL4:K562
GRWD1,HepG2,chr21:33550792:A:G,0,0,0.059287309646606445,modal,cuda,PPIL4:K562
GRWD1,HepG2,chr21:33551220:G:T,0,0,-0.48118722438812256,modal,cuda,PPIL4:K562
GRWD1,HepG2,chr21:33551313:A:G,0,0,-0.5563443899154663,modal,cuda,PPIL4:K562
GRWD1,HepG2,chr21:33553139:C:T,0,0,0.11333632469177246,modal,cuda,PPIL4:K562
GRWD1,HepG2,chr21:33553180:G:A,0,0,0.566899299621582,modal,cuda,PPIL4:K562
GRWD1,HepG2,chr21:33553196:C:T,0,0,-0.10692000389099121,modal,cuda,PPIL4:K562
GRWD1,HepG2,chr21:33554985:T:C,0,0,-0.07370495796203613,modal,cuda,PPIL4:K562
GRWD1,HepG2,chr21:33554992:C:T,1,0,-0.08466458320617676,modal,cuda,PPIL4:K562
GRWD1,HepG2,chr21:33554998:C:T,1,0,-0.1531693935394287,modal,cuda,PPIL4:K562
GRWD1,HepG2,chr21:33555043:C:T,1,0,0.5532993078231812,modal,cuda,PPIL4:K562
GRWD1,HepG2,chr21:33559604:A:G,0,0,-0.3139536380767822,modal,cuda,PPIL4:K562
GRWD1,HepG2,chr21:33559629:T:C,0,0,1.0027616024017334,modal,cuda,PPIL4:K562
GRWD1,HepG2,chr21:33559727:A:G,0,0,0.44474783539772034,modal,cuda,PPIL4:K562
GRWD1,HepG2,chr21:33559779:A:C,0,0,1.830892562866211,modal,cuda,PPIL4:K562
GRWD1,HepG2,chr21:33750246:T:C,0,0,0.23114967346191406,modal,cuda,PPIL4:K562
GRWD1,HepG2,chr21:39313313:A:G,0,0,0.3716003894805908,modal,cuda,PPIL4:K562
GRWD1,HepG2,chr21:43674628:T:A,0,0,-0.4676220417022705,modal,cuda,PPIL4:K562
GRWD1,HepG2,chr21:44509290:G:A,1,0,-1.1828795671463013,modal,cuda,PPIL4:K562
GRWD1,HepG2,chr21:44509309:G:A,0,0,0.742037832736969,modal,cuda,PPIL4:K562
GRWD1,HepG2,chr21:44509356:G:A,1,0,0.5371649265289307,modal,cuda,PPIL4:K562
GRWD1,HepG2,chr21:45491328:G:A,0,0,0.34329402446746826,modal,cuda,PPIL4:K562
GRWD1,HepG2,chr21:46001401:C:T,0,0,0.2604970932006836,modal,cuda,PPIL4:K562
GRWD1,HepG2,chr21:46150104:G:A,0,0,0.16638422012329102,modal,cuda,PPIL4:K562
GRWD1,HepG2,chr21:46191874:G:A,0,0,0.4842332601547241,modal,cuda,PPIL4:K562
GRWD1,HepG2,chr21:46205744:T:C,0,0,-0.305706262588501,modal,cuda,PPIL4:K562
GRWD1,HepG2,chr21:46275166:G:A,0,0,0.4157392978668213,modal,cuda,PPIL4:K562
GRWD1,HepG2,chr21:46277515:C:A,0,0,0.1852097511291504,modal,cuda,PPIL4:K562
GRWD1,HepG2,chr21:46280157:A:G,0,0,0.47380173206329346,modal,cuda,PPIL4:K562
GRWD1,HepG2,chr21:46334436:C:T,1,0,1.8774917125701904,modal,cuda,PPIL4:K562
GRWD1,HepG2,chr21:46346225:T:C,0,0,0.35827183723449707,modal,cuda,PPIL4:K562
GRWD1,HepG2,chr21:46346736:G:A,0,0,-0.23727154731750488,modal,cuda,PPIL4:K562
GRWD1,HepG2,chr22:19467853:C:T,0,3,1.3954530954360962,modal,cuda,PPIL4:K562
GRWD1,HepG2,chr22:19962824:C:T,0,3,0.12952232360839844,modal,cuda,PPIL4:K562
GRWD1,HepG2,chr22:20729303:G:A,0,3,-0.8450590968132019,modal,cuda,PPIL4:K562
GRWD1,HepG2,chr22:20859043:A:T,0,3,-0.24789005517959595,modal,cuda,PPIL4:K562
GRWD1,HepG2,chr22:20859092:C:T,0,3,-0.22498124837875366,modal,cuda,PPIL4:K562
GRWD1,HepG2,chr22:20994748:A:G,0,3,0.30169785022735596,modal,cuda,PPIL4:K562
GRWD1,HepG2,chr22:21958485:C:T,0,3,0.3812774419784546,modal,cuda,PPIL4:K562
GRWD1,HepG2,chr22:21959742:A:G,0,3,0.38288700580596924,modal,cuda,PPIL4:K562
GRWD1,HepG2,chr22:21971869:A:G,0,3,0.1530141830444336,modal,cuda,PPIL4:K562
GRWD1,HepG2,chr22:23287285:G:T,0,3,-0.5526715517044067,modal,cuda,PPIL4:K562
GRWD1,HepG2,chr22:23787153:C:T,0,3,0.1078227162361145,modal,cuda,PPIL4:K562
GRWD1,HepG2,chr22:24321443:C:T,0,3,-0.3649231195449829,modal,cuda,PPIL4:K562
GRWD1,HepG2,chr22:24321892:C:T,0,3,-0.10493159294128418,modal,cuda,PPIL4:K562
GRWD1,HepG2,chr22:24322011:A:G,0,3,0.07065939903259277,modal,cuda,PPIL4:K562
GRWD1,HepG2,chr22:24322633:G:A,0,3,-0.07066869735717773,modal,cuda,PPIL4:K562
GRWD1,HepG2,chr22:24322709:A:C,0,3,-0.25797224044799805,modal,cuda,PPIL4:K562
GRWD1,HepG2,chr22:24338420:G:A,0,3,0.10260705649852753,modal,cuda,PPIL4:K562
GRWD1,HepG2,chr22:24338491:A:G,0,3,0.3332328796386719,modal,cuda,PPIL4:K562
GRWD1,HepG2,chr22:24363291:G:A,0,3,-0.4747721552848816,modal,cuda,PPIL4:K562
GRWD1,HepG2,chr22:24365482:G:A,0,3,1.866044282913208,modal,cuda,PPIL4:K562
GRWD1,HepG2,chr22:24365499:G:A,0,3,0.908252477645874,modal,cuda,PPIL4:K562
GRWD1,HepG2,chr22:24365531:G:A,0,3,0.22376392781734467,modal,cuda,PPIL4:K562
GRWD1,HepG2,chr22:24369246:T:C,0,3,-0.3600260019302368,modal,cuda,PPIL4:K562
GRWD1,HepG2,chr22:26477124:G:A,1,3,0.27248048782348633,modal,cuda,PPIL4:K562
GRWD1,HepG2,chr22:26477148:G:A,0,3,1.2441977262496948,modal,cuda,PPIL4:K562
GRWD1,HepG2,chr22:29604041:A:T,1,3,-0.5881741046905518,modal,cuda,PPIL4:K562
GRWD1,HepG2,chr22:29604056:A:T,1,3,-0.5740602016448975,modal,cuda,PPIL4:K562
GRWD1,HepG2,chr22:29604109:C:A,1,3,-0.6200220584869385,modal,cuda,PPIL4:K562
GRWD1,HepG2,chr22:29604110:G:T,1,3,-2.3938241004943848,modal,cuda,PPIL4:K562
GRWD1,HepG2,chr22:29636754:A:T,1,3,-1.7032603025436401,modal,cuda,PPIL4:K562
GRWD1,HepG2,chr22:29636758:G:A,1,3,-0.7097965478897095,modal,cuda,PPIL4:K562
GRWD1,HepG2,chr22:29636805:C:T,1,3,0.9669238328933716,modal,cuda,PPIL4:K562
GRWD1,HepG2,chr22:29636815:G:A,1,3,-0.6811765432357788,modal,cuda,PPIL4:K562
GRWD1,HepG2,chr22:29636816:G:A,1,3,-0.881676435470581,modal,cuda,PPIL4:K562
GRWD1,HepG2,chr22:29636829:C:T,1,3,-0.527594268321991,modal,cuda,PPIL4:K562
GRWD1,HepG2,chr22:29636858:G:A,1,3,0.34140336513519287,modal,cuda,PPIL4:K562
GRWD1,HepG2,chr22:29636877:G:C,1,3,-0.5821845531463623,modal,cuda,PPIL4:K562
GRWD1,HepG2,chr22:29636878:T:C,1,3,-1.0391916036605835,modal,cuda,PPIL4:K562
GRWD1,HepG2,chr22:29642270:C:A,1,3,-1.346328854560852,modal,cuda,PPIL4:K562
GRWD1,HepG2,chr22:29642270:C:G,1,3,-1.2374048233032227,modal,cuda,PPIL4:K562
GRWD1,HepG2,chr22:29642277:C:T,1,3,-1.3406610488891602,modal,cuda,PPIL4:K562
GRWD1,HepG2,chr22:29671829:G:T,1,3,-0.7705256342887878,modal,cuda,PPIL4:K562
GRWD1,HepG2,chr22:29671847:C:T,1,3,-0.8969230651855469,modal,cuda,PPIL4:K562
GRWD1,HepG2,chr22:29671865:G:T,1,3,-0.5640285015106201,modal,cuda,PPIL4:K562
GRWD1,HepG2,chr22:29671905:T:C,1,3,-0.24015070497989655,modal,cuda,PPIL4:K562
GRWD1,HepG2,chr22:29671910:C:T,1,3,0.9439628720283508,modal,cuda,PPIL4:K562
GRWD1,HepG2,chr22:29671940:G:T,1,3,-0.4586305022239685,modal,cuda,PPIL4:K562
GRWD1,HepG2,chr22:29671949:G:A,1,3,1.8535206317901611,modal,cuda,PPIL4:K562
GRWD1,HepG2,chr22:29671949:G:T,1,3,1.4807332754135132,modal,cuda,PPIL4:K562
GRWD1,HepG2,chr22:30344925:C:G,0,3,0.2034839391708374,modal,cuda,PPIL4:K562
GRWD1,HepG2,chr22:30937046:A:G,0,3,-0.5044270753860474,modal,cuda,PPIL4:K562
GRWD1,HepG2,chr22:30937049:A:C,0,3,-0.38763904571533203,modal,cuda,PPIL4:K562
GRWD1,HepG2,chr22:30949850:G:C,0,3,-0.439730167388916,modal,cuda,PPIL4:K562
GRWD1,HepG2,chr22:35381210:G:A,0,3,-0.2942968010902405,modal,cuda,PPIL4:K562
GRWD1,HepG2,chr22:36261743:T:C,0,3,-0.6585667133331299,modal,cuda,PPIL4:K562
GRWD1,HepG2,chr22:36298908:C:G,0,3,0.17153668403625488,modal,cuda,PPIL4:K562
GRWD1,HepG2,chr22:36314138:T:C,0,3,0.26981377601623535,modal,cuda,PPIL4:K562
GRWD1,HepG2,chr22:36519398:C:T,0,3,0.05788302421569824,modal,cuda,PPIL4:K562
GRWD1,HepG2,chr22:36519417:A:G,0,3,0.19494278728961945,modal,cuda,PPIL4:K562
GRWD1,HepG2,chr22:38069027:G:A,0,3,0.07627120614051819,modal,cuda,PPIL4:K562
GRWD1,HepG2,chr22:40264852:A:G,0,3,0.17741644382476807,modal,cuda,PPIL4:K562
GRWD1,HepG2,chr22:40358931:C:T,1,3,-0.7137122750282288,modal,cuda,PPIL4:K562
GRWD1,HepG2,chr22:40358949:C:T,1,3,1.3482099771499634,modal,cuda,PPIL4:K562
GRWD1,HepG2,chr22:40359009:C:T,1,3,1.3416693210601807,modal,cuda,PPIL4:K562
GRWD1,HepG2,chr22:41157156:C:T,0,3,-0.24409079551696777,modal,cuda,PPIL4:K562
GRWD1,HepG2,chr22:41164133:A:G,0,3,-0.3388407230377197,modal,cuda,PPIL4:K562
GRWD1,HepG2,chr22:41209711:G:A,1,3,1.2831082344055176,modal,cuda,PPIL4:K562
GRWD1,HepG2,chr22:41209772:G:C,0,3,-0.07969808578491211,modal,cuda,PPIL4:K562
GRWD1,HepG2,chr22:41647092:G:A,0,3,0.15613025426864624,modal,cuda,PPIL4:K562
GRWD1,HepG2,chr22:41880821:G:A,0,3,-0.07107043266296387,modal,cuda,PPIL4:K562
GRWD1,HepG2,chr22:45518661:C:T,0,3,-0.47689536213874817,modal,cuda,PPIL4:K562
GRWD1,HepG2,chr22:46337760:T:C,0,3,-0.11060118675231934,modal,cuda,PPIL4:K562
GRWD1,HepG2,chr22:46337813:G:A,1,3,2.6450271606445312,modal,cuda,PPIL4:K562
GRWD1,HepG2,chr22:46337880:C:T,1,3,2.6493499279022217,modal,cuda,PPIL4:K562
GRWD1,HepG2,chr22:46355497:C:T,0,3,0.15644139051437378,modal,cuda,PPIL4:K562
GRWD1,HepG2,chr22:46355505:G:A,1,3,-1.7265889644622803,modal,cuda,PPIL4:K562
GRWD1,HepG2,chr22:46355506:G:A,1,3,-1.5922248363494873,modal,cuda,PPIL4:K562
GRWD1,HepG2,chr22:46355513:G:T,1,3,-1.249954342842102,modal,cuda,PPIL4:K562
GRWD1,HepG2,chr22:46355516:G:T,1,3,-1.6532883644104004,modal,cuda,PPIL4:K562
GRWD1,HepG2,chr22:46793719:C:T,0,3,0.09218865633010864,modal,cuda,PPIL4:K562
GRWD1,HepG2,chr22:49794205:C:T,0,3,-0.12353253364562988,modal,cuda,PPIL4:K562
GRWD1,HepG2,chr22:49823110:T:C,0,3,-1.0437654256820679,modal,cuda,PPIL4:K562
GRWD1,HepG2,chr22:50572947:G:C,0,3,0.11619669198989868,modal,cuda,PPIL4:K562
GRWD1,HepG2,chr22:50574574:G:A,0,3,-0.15232551097869873,modal,cuda,PPIL4:K562
GRWD1,HepG2,chr22:50580198:A:T,1,3,-3.019745111465454,modal,cuda,PPIL4:K562
GRWD1,HepG2,chr22:50580372:T:C,1,3,0.27108311653137207,modal,cuda,PPIL4:K562
GRWD1,HepG2,chr22:50582800:C:A,0,3,-0.12574756145477295,modal,cuda,PPIL4:K562
GRWD1,HepG2,chr22:50582808:C:T,0,3,-0.24534016847610474,modal,cuda,PPIL4:K562
GRWD1,HepG2,chr22:50582829:C:A,0,3,-0.4741330146789551,modal,cuda,PPIL4:K562
GRWD1,HepG2,chr2:101002821:C:G,0,4,-0.38494873046875,modal,cuda,PPIL4:K562
GRWD1,HepG2,chr2:101002859:T:C,0,4,0.14262938499450684,modal,cuda,PPIL4:K562
GRWD1,HepG2,chr2:101004304:C:G,0,4,-1.4428033828735352,modal,cuda,PPIL4:K562
GRWD1,HepG2,chr2:101698156:G:A,0,4,0.7757500410079956,modal,cuda,PPIL4:K562
GRWD1,HepG2,chr2:101831730:G:A,1,4,1.1563951969146729,modal,cuda,PPIL4:K562
GRWD1,HepG2,chr2:101831841:A:G,1,4,-0.3374142646789551,modal,cuda,PPIL4:K562
GRWD1,HepG2,chr2:101834405:G:A,0,4,-0.8895862102508545,modal,cuda,PPIL4:K562
GRWD1,HepG2,chr2:101844282:C:T,1,4,-0.5084410905838013,modal,cuda,PPIL4:K562
GRWD1,HepG2,chr2:101855997:A:G,0,4,0.7693222761154175,modal,cuda,PPIL4:K562
GRWD1,HepG2,chr2:101859759:G:A,0,4,0.3890325129032135,modal,cuda,PPIL4:K562
GRWD1,HepG2,chr2:101876990:G:A,0,4,1.3742713928222656,modal,cuda,PPIL4:K562
GRWD1,HepG2,chr2:108483075:C:G,0,4,0.13150787353515625,modal,cuda,PPIL4:K562
GRWD1,HepG2,chr2:108719689:C:G,0,4,0.8041589260101318,modal,cuda,PPIL4:K562
GRWD1,HepG2,chr2:110666253:C:T,0,4,0.7008576393127441,modal,cuda,PPIL4:K562
GRWD1,HepG2,chr2:112008483:C:G,0,4,-1.1662335395812988,modal,cuda,PPIL4:K562
GRWD1,HepG2,chr2:11201419:T:C,0,4,-0.24317246675491333,modal,cuda,PPIL4:K562
GRWD1,HepG2,chr2:112542706:C:G,0,4,-2.3045334815979004,modal,cuda,PPIL4:K562
GRWD1,HepG2,chr2:112740989:A:G,0,4,-1.0424054861068726,modal,cuda,PPIL4:K562
GRWD1,HepG2,chr2:11773666:G:T,1,4,1.960300326347351,modal,cuda,PPIL4:K562
GRWD1,HepG2,chr2:11773680:G:A,0,4,-1.7370549440383911,modal,cuda,PPIL4:K562
GRWD1,HepG2,chr2:11773719:G:C,0,4,-1.781179428100586,modal,cuda,PPIL4:K562
GRWD1,HepG2,chr2:11784989:G:T,1,4,-0.687549889087677,modal,cuda,PPIL4:K562
GRWD1,HepG2,chr2:11785064:G:T,1,4,-0.22010135650634766,modal,cuda,PPIL4:K562
GRWD1,HepG2,chr2:127289525:C:G,0,4,-2.0262157917022705,modal,cuda,PPIL4:K562
GRWD1,HepG2,chr2:127289834:G:C,0,4,-1.8666963577270508,modal,cuda,PPIL4:K562
GRWD1,HepG2,chr2:127293601:G:C,1,4,2.8405256271362305,modal,cuda,PPIL4:K562
GRWD1,HepG2,chr2:127293614:G:A,1,4,1.4161872863769531,modal,cuda,PPIL4:K562
GRWD1,HepG2,chr2:127293711:C:G,0,4,0.41430211067199707,modal,cuda,PPIL4:K562
GRWD1,HepG2,chr2:128155519:T:C,1,4,-0.8767505884170532,modal,cuda,PPIL4:K562
GRWD1,HepG2,chr2:128170312:A:T,0,4,-0.45261669158935547,modal,cuda,PPIL4:K562
GRWD1,HepG2,chr2:128173894:T:C,0,4,0.7388750910758972,modal,cuda,PPIL4:K562
GRWD1,HepG2,chr2:128173902:A:G,0,4,-0.8893876075744629,modal,cuda,PPIL4:K562
GRWD1,HepG2,chr2:128177917:A:G,0,4,-1.2437410354614258,modal,cuda,PPIL4:K562
GRWD1,HepG2,chr2:128178569:G:A,1,4,0.8604201078414917,modal,cuda,PPIL4:K562
GRWD1,HepG2,chr2:128187475:G:A,0,4,0.5655661821365356,modal,cuda,PPIL4:K562
GRWD1,HepG2,chr2:128187547:C:T,0,4,-0.18789848685264587,modal,cuda,PPIL4:K562
GRWD1,HepG2,chr2:147972798:G:C,0,4,-0.613567590713501,modal,cuda,PPIL4:K562
GRWD1,HepG2,chr2:152718791:G:T,0,4,1.6094107627868652,modal,cuda,PPIL4:K562
GRWD1,HepG2,chr2:15539332:C:T,1,4,-1.6724046468734741,modal,cuda,PPIL4:K562
GRWD1,HepG2,chr2:15556799:G:A,1,4,1.7089934349060059,modal,cuda,PPIL4:K562
GRWD1,HepG2,chr2:158621122:G:T,0,4,0.711962103843689,modal,cuda,PPIL4:K562
GRWD1,HepG2,chr2:165994294:A:T,1,4,1.488004446029663,modal,cuda,PPIL4:K562
GRWD1,HepG2,chr2:165994305:G:A,1,4,1.298823356628418,modal,cuda,PPIL4:K562
GRWD1,HepG2,chr2:165994317:C:A,1,4,1.5385680198669434,modal,cuda,PPIL4:K562
GRWD1,HepG2,chr2:165994322:A:C,1,4,0.484100341796875,modal,cuda,PPIL4:K562
GRWD1,HepG2,chr2:165994342:A:T,1,4,-2.335963726043701,modal,cuda,PPIL4:K562
GRWD1,HepG2,chr2:165994365:T:C,1,4,-0.8617196083068848,modal,cuda,PPIL4:K562
GRWD1,HepG2,chr2:165994367:T:C,1,4,0.36510777473449707,modal,cuda,PPIL4:K562
GRWD1,HepG2,chr2:165994404:C:A,1,4,1.8096243143081665,modal,cuda,PPIL4:K562
GRWD1,HepG2,chr2:166009735:C:A,1,4,1.2141753435134888,modal,cuda,PPIL4:K562
GRWD1,HepG2,chr2:166009735:C:G,1,4,2.1323909759521484,modal,cuda,PPIL4:K562
GRWD1,HepG2,chr2:166009736:G:A,1,4,0.41036057472229004,modal,cuda,PPIL4:K562
GRWD1,HepG2,chr2:166009748:T:A,1,4,2.8645200729370117,modal,cuda,PPIL4:K562
GRWD1,HepG2,chr2:166009750:A:G,1,4,0.7635950446128845,modal,cuda,PPIL4:K562
GRWD1,HepG2,chr2:166009754:G:T,1,4,-0.5041437149047852,modal,cuda,PPIL4:K562
GRWD1,HepG2,chr2:166009756:C:G,1,4,2.1046669483184814,modal,cuda,PPIL4:K562
GRWD1,HepG2,chr2:166009771:G:C,1,4,-0.7662383317947388,modal,cuda,PPIL4:K562
GRWD1,HepG2,chr2:166009784:T:A,1,4,1.0563040971755981,modal,cuda,PPIL4:K562
GRWD1,HepG2,chr2:166009792:C:T,1,4,0.3922692537307739,modal,cuda,PPIL4:K562
GRWD1,HepG2,chr2:166009795:A:T,1,4,1.2597562074661255,modal,cuda,PPIL4:K562
GRWD1,HepG2,chr2:166009801:G:C,1,4,-0.8615219593048096,modal,cuda,PPIL4:K562
GRWD1,HepG2,chr2:166009822:G:C,1,4,-3.1225483417510986,modal,cuda,PPIL4:K562
GRWD1,HepG2,chr2:166009837:G:C,1,4,-1.3015516996383667,modal,cuda,PPIL4:K562
GRWD1,HepG2,chr2:166037915:T:C,1,4,-0.420926570892334,modal,cuda,PPIL4:K562
GRWD1,HepG2,chr2:166037915:T:G,1,4,-0.4168972969055176,modal,cuda,PPIL4:K562
GRWD1,HepG2,chr2:166037916:C:A,1,4,-1.4525370597839355,modal,cuda,PPIL4:K562
GRWD1,HepG2,chr2:166037920:C:T,1,4,-0.3601667881011963,modal,cuda,PPIL4:K562
GRWD1,HepG2,chr2:166037922:T:C,1,4,-0.2982931137084961,modal,cuda,PPIL4:K562
GRWD1,HepG2,chr2:166037926:C:T,1,4,0.5101578235626221,modal,cuda,PPIL4:K562
GRWD1,HepG2,chr2:166037930:C:T,1,4,0.22127127647399902,modal,cuda,PPIL4:K562
GRWD1,HepG2,chr2:166037974:G:T,1,4,-2.5449681282043457,modal,cuda,PPIL4:K562
GRWD1,HepG2,chr2:166037993:T:A,1,4,-0.1327378749847412,modal,cuda,PPIL4:K562
GRWD1,HepG2,chr2:166037994:G:T,1,4,0.2762162685394287,modal,cuda,PPIL4:K562
GRWD1,HepG2,chr2:166038009:C:T,1,4,-0.2738301753997803,modal,cuda,PPIL4:K562
GRWD1,HepG2,chr2:166038031:C:A,1,4,0.948927640914917,modal,cuda,PPIL4:K562
GRWD1,HepG2,chr2:166038032:A:G,1,4,0.2873971462249756,modal,cuda,PPIL4:K562
GRWD1,HepG2,chr2:166038038:A:G,1,4,-1.0050737857818604,modal,cuda,PPIL4:K562
GRWD1,HepG2,chr2:166038044:A:T,1,4,-0.7046947479248047,modal,cuda,PPIL4:K562
GRWD1,HepG2,chr2:166042275:T:C,0,4,0.6886438131332397,modal,cuda,PPIL4:K562
GRWD1,HepG2,chr2:166042289:A:T,1,4,-1.370638132095337,modal,cuda,PPIL4:K562
GRWD1,HepG2,chr2:166042292:C:A,1,4,0.9037790298461914,modal,cuda,PPIL4:K562
GRWD1,HepG2,chr2:166042295:C:A,1,4,0.7190994024276733,modal,cuda,PPIL4:K562
GRWD1,HepG2,chr2:166042334:G:A,1,4,1.5369012355804443,modal,cuda,PPIL4:K562
GRWD1,HepG2,chr2:166042337:G:A,1,4,0.8054770231246948,modal,cuda,PPIL4:K562
GRWD1,HepG2,chr2:166043742:G:A,1,4,2.2138073444366455,modal,cuda,PPIL4:K562
GRWD1,HepG2,chr2:166043754:A:T,1,4,-2.3663511276245117,modal,cuda,PPIL4:K562
GRWD1,HepG2,chr2:166043829:G:T,1,4,-3.280211925506592,modal,cuda,PPIL4:K562
GRWD1,HepG2,chr2:166043836:T:C,1,4,-1.157334566116333,modal,cuda,PPIL4:K562
GRWD1,HepG2,chr2:166043864:C:G,1,4,0.6503796577453613,modal,cuda,PPIL4:K562
GRWD1,HepG2,chr2:166043869:C:A,1,4,-1.0299072265625,modal,cuda,PPIL4:K562
GRWD1,HepG2,chr2:166043875:G:A,1,4,-1.2268234491348267,modal,cuda,PPIL4:K562
GRWD1,HepG2,chr2:166043878:G:A,1,4,-1.3990572690963745,modal,cuda,PPIL4:K562
GRWD1,HepG2,chr2:166043908:C:A,1,4,1.2621904611587524,modal,cuda,PPIL4:K562
GRWD1,HepG2,chr2:166043917:C:A,1,4,3.829726457595825,modal,cuda,PPIL4:K562
GRWD1,HepG2,chr2:166043974:G:A,1,4,1.6102442741394043,modal,cuda,PPIL4:K562
GRWD1,HepG2,chr2:166054633:C:G,1,4,-2.021101474761963,modal,cuda,PPIL4:K562
GRWD1,HepG2,chr2:166054635:T:G,1,4,-1.0450190305709839,modal,cuda,PPIL4:K562
GRWD1,HepG2,chr2:166054638:G:T,1,4,-0.6110347509384155,modal,cuda,PPIL4:K562
GRWD1,HepG2,chr2:166054660:C:A,1,4,1.1144616603851318,modal,cuda,PPIL4:K562
GRWD1,HepG2,chr2:166054665:C:T,1,4,-1.940894603729248,modal,cuda,PPIL4:K562
GRWD1,HepG2,chr2:166054667:G:C,1,4,-0.5082106590270996,modal,cuda,PPIL4:K562
GRWD1,HepG2,chr2:166054670:C:T,1,4,-0.5623409748077393,modal,cuda,PPIL4:K562
GRWD1,HepG2,chr2:166054672:A:G,1,4,-0.36348462104797363,modal,cuda,PPIL4:K562
GRWD1,HepG2,chr2:166054680:C:G,1,4,-0.49415260553359985,modal,cuda,PPIL4:K562
GRWD1,HepG2,chr2:166054699:C:A,1,4,-1.6669738292694092,modal,cuda,PPIL4:K562
GRWD1,HepG2,chr2:166054701:A:T,1,4,-0.8995382785797119,modal,cuda,PPIL4:K562
GRWD1,HepG2,chr2:166054710:C:A,1,4,0.26606082916259766,modal,cuda,PPIL4:K562
GRWD1,HepG2,chr2:166054710:C:G,1,4,0.31050825119018555,modal,cuda,PPIL4:K562
GRWD1,HepG2,chr2:166054710:C:T,1,4,-0.22437715530395508,modal,cuda,PPIL4:K562
GRWD1,HepG2,chr2:166054716:G:A,1,4,-0.5264477729797363,modal,cuda,PPIL4:K562
GRWD1,HepG2,chr2:169824480:C:T,0,4,-0.9928659200668335,modal,cuda,PPIL4:K562
GRWD1,HepG2,chr2:172427775:C:G,0,4,-0.2653930187225342,modal,cuda,PPIL4:K562
GRWD1,HepG2,chr2:173364779:T:C,0,4,0.9552422761917114,modal,cuda,PPIL4:K562
GRWD1,HepG2,chr2:173365003:A:G,0,4,1.0095902681350708,modal,cuda,PPIL4:K562
GRWD1,HepG2,chr2:173365447:T:C,0,4,-1.1967358589172363,modal,cuda,PPIL4:K562
GRWD1,HepG2,chr2:175093202:G:A,0,4,0.39441394805908203,modal,cuda,PPIL4:K562
GRWD1,HepG2,chr2:175964389:G:C,0,4,0.6995503902435303,modal,cuda,PPIL4:K562
GRWD1,HepG2,chr2:175964419:C:T,0,4,0.3018885850906372,modal,cuda,PPIL4:K562
GRWD1,HepG2,chr2:177232570:G:A,0,4,1.5309054851531982,modal,cuda,PPIL4:K562
GRWD1,HepG2,chr2:177232576:G:A,0,4,-1.0296354293823242,modal,cuda,PPIL4:K562
GRWD1,HepG2,chr2:177392624:G:C,0,4,-0.36177968978881836,modal,cuda,PPIL4:K562
GRWD1,HepG2,chr2:177392663:G:A,0,4,0.5443422794342041,modal,cuda,PPIL4:K562
GRWD1,HepG2,chr2:187484116:A:G,0,4,0.8327820301055908,modal,cuda,PPIL4:K562
GRWD1,HepG2,chr2:190294639:A:C,1,4,0.532944917678833,modal,cuda,PPIL4:K562
GRWD1,HepG2,chr2:190296956:G:C,1,4,-0.8792406916618347,modal,cuda,PPIL4:K562
GRWD1,HepG2,chr2:196916468:G:A,1,4,1.7992093563079834,modal,cuda,PPIL4:K562
GRWD1,HepG2,chr2:197416735:A:T,0,4,0.13265275955200195,modal,cuda,PPIL4:K562
GRWD1,HepG2,chr2:201160763:G:A,0,4,-0.5076792240142822,modal,cuda,PPIL4:K562
GRWD1,HepG2,chr2:201209215:G:T,0,4,-0.26540589332580566,modal,cuda,PPIL4:K562
GRWD1,HepG2,chr2:201276955:A:G,0,4,-1.2150522470474243,modal,cuda,PPIL4:K562
GRWD1,HepG2,chr2:201284973:G:A,0,4,0.19788432121276855,modal,cuda,PPIL4:K562
GRWD1,HepG2,chr2:201633304:T:C,0,4,0.5471712946891785,modal,cuda,PPIL4:K562
GRWD1,HepG2,chr2:201761837:A:T,0,4,-0.8636429309844971,modal,cuda,PPIL4:K562
GRWD1,HepG2,chr2:206771881:G:A,0,4,-1.3876395225524902,modal,cuda,PPIL4:K562
GRWD1,HepG2,chr2:207575339:A:G,0,4,0.8717459440231323,modal,cuda,PPIL4:K562
GRWD1,HepG2,chr2:208300927:G:T,0,4,0.6056041121482849,modal,cuda,PPIL4:K562
GRWD1,HepG2,chr2:21033279:G:C,0,4,-2.4838201999664307,modal,cuda,PPIL4:K562
GRWD1,HepG2,chr2:214809500:G:A,0,4,0.3533897399902344,modal,cuda,PPIL4:K562
GRWD1,HepG2,chr2:214809548:T:G,0,4,0.19077301025390625,modal,cuda,PPIL4:K562
GRWD1,HepG2,chr2:214809549:C:G,0,4,-0.19866681098937988,modal,cuda,PPIL4:K562
GRWD1,HepG2,chr2:214809599:C:G,0,4,0.10659146308898926,modal,cuda,PPIL4:K562
GRWD1,HepG2,chr2:214809617:A:G,0,4,0.9167383909225464,modal,cuda,PPIL4:K562
GRWD1,HepG2,chr2:218662282:C:T,0,4,-0.5742789506912231,modal,cuda,PPIL4:K562
GRWD1,HepG2,chr2:219214374:C:T,0,4,-0.24658334255218506,modal,cuda,PPIL4:K562
GRWD1,HepG2,chr2:219232535:G:C,0,4,-0.5819355249404907,modal,cuda,PPIL4:K562
GRWD1,HepG2,chr2:219232564:G:A,0,4,0.5698772072792053,modal,cuda,PPIL4:K562
GRWD1,HepG2,chr2:219234127:T:C,0,4,-1.7837324142456055,modal,cuda,PPIL4:K562
GRWD1,HepG2,chr2:219504278:G:A,0,4,0.5536737442016602,modal,cuda,PPIL4:K562
GRWD1,HepG2,chr2:219506440:C:T,0,4,0.3433511257171631,modal,cuda,PPIL4:K562
GRWD1,HepG2,chr2:219563635:G:A,0,4,0.2988240718841553,modal,cuda,PPIL4:K562
GRWD1,HepG2,chr2:222634537:T:C,1,4,0.9866888523101807,modal,cuda,PPIL4:K562
GRWD1,HepG2,chr2:222639607:T:C,0,4,0.8712368011474609,modal,cuda,PPIL4:K562
GRWD1,HepG2,chr2:224502952:C:T,0,4,-0.326308012008667,modal,cuda,PPIL4:K562
GRWD1,HepG2,chr2:224502958:A:C,0,4,-0.3752458691596985,modal,cuda,PPIL4:K562
GRWD1,HepG2,chr2:227332522:G:A,0,4,0.11853504180908203,modal,cuda,PPIL4:K562
GRWD1,HepG2,chr2:227340266:C:T,0,4,-0.4722709655761719,modal,cuda,PPIL4:K562
GRWD1,HepG2,chr2:227340295:C:T,1,4,-1.9075214862823486,modal,cuda,PPIL4:K562
GRWD1,HepG2,chr2:229858787:G:A,1,4,1.1556082963943481,modal,cuda,PPIL4:K562
GRWD1,HepG2,chr2:231455391:C:T,0,4,0.20569515228271484,modal,cuda,PPIL4:K562
GRWD1,HepG2,chr2:232014961:C:T,0,4,0.5304179191589355,modal,cuda,PPIL4:K562
GRWD1,HepG2,chr2:232087576:A:G,0,4,-0.47872447967529297,modal,cuda,PPIL4:K562
GRWD1,HepG2,chr2:232087625:C:T,1,4,3.2417891025543213,modal,cuda,PPIL4:K562
GRWD1,HepG2,chr2:232136589:C:T,1,4,-2.204010248184204,modal,cuda,PPIL4:K562
GRWD1,HepG2,chr2:232136640:G:A,0,4,-0.7269196510314941,modal,cuda,PPIL4:K562
GRWD1,HepG2,chr2:232163439:C:T,0,4,-1.1095247268676758,modal,cuda,PPIL4:K562
GRWD1,HepG2,chr2:232163460:C:T,1,4,-1.4091190099716187,modal,cuda,PPIL4:K562
GRWD1,HepG2,chr2:232163481:C:T,1,4,-2.272836685180664,modal,cuda,PPIL4:K562
GRWD1,HepG2,chr2:232791432:C:T,0,4,0.3996908664703369,modal,cuda,PPIL4:K562
GRWD1,HepG2,chr2:232794843:C:A,0,4,0.6670920848846436,modal,cuda,PPIL4:K562
GRWD1,HepG2,chr2:232844096:A:G,0,4,-0.4791746139526367,modal,cuda,PPIL4:K562
GRWD1,HepG2,chr2:232847339:G:A,0,4,0.3153148889541626,modal,cuda,PPIL4:K562
GRWD1,HepG2,chr2:233556972:G:A,0,4,1.8574035167694092,modal,cuda,PPIL4:K562
GRWD1,HepG2,chr2:235968636:C:T,0,4,2.2966840267181396,modal,cuda,PPIL4:K562
GRWD1,HepG2,chr2:236049289:C:T,0,4,-1.6112754344940186,modal,cuda,PPIL4:K562
GRWD1,HepG2,chr2:240007349:T:C,0,4,-0.5617845058441162,modal,cuda,PPIL4:K562
GRWD1,HepG2,chr2:240014693:A:G,0,4,-2.0350215435028076,modal,cuda,PPIL4:K562
GRWD1,HepG2,chr2:240021232:T:C,1,4,0.39583301544189453,modal,cuda,PPIL4:K562
GRWD1,HepG2,chr2:241253501:C:T,0,4,-0.9686490297317505,modal,cuda,PPIL4:K562
GRWD1,HepG2,chr2:241337694:G:A,0,4,0.8622941970825195,modal,cuda,PPIL4:K562
GRWD1,HepG2,chr2:241441561:C:T,0,4,1.3441823720932007,modal,cuda,PPIL4:K562
GRWD1,HepG2,chr2:241651116:C:T,0,4,-0.5336320996284485,modal,cuda,PPIL4:K562
GRWD1,HepG2,chr2:241767718:A:G,1,4,-0.2323007881641388,modal,cuda,PPIL4:K562
GRWD1,HepG2,chr2:241767734:T:C,1,4,0.2746170461177826,modal,cuda,PPIL4:K562
GRWD1,HepG2,chr2:241767780:C:A,0,4,-0.2398831844329834,modal,cuda,PPIL4:K562
GRWD1,HepG2,chr2:25235768:G:A,1,4,-0.9492702484130859,modal,cuda,PPIL4:K562
GRWD1,HepG2,chr2:25244249:C:A,1,4,0.8005363941192627,modal,cuda,PPIL4:K562
GRWD1,HepG2,chr2:25244258:C:T,1,4,0.8625545501708984,modal,cuda,PPIL4:K562
GRWD1,HepG2,chr2:25244322:A:C,1,4,-0.3745129108428955,modal,cuda,PPIL4:K562
GRWD1,HepG2,chr2:25246077:G:A,0,4,0.174157977104187,modal,cuda,PPIL4:K562
GRWD1,HepG2,chr2:25246184:C:A,1,4,2.2392845153808594,modal,cuda,PPIL4:K562
GRWD1,HepG2,chr2:25246226:T:A,1,4,2.260542154312134,modal,cuda,PPIL4:K562
GRWD1,HepG2,chr2:25246270:C:T,1,4,-0.4847627878189087,modal,cuda,PPIL4:K562
GRWD1,HepG2,chr2:25246316:G:A,0,4,0.4631344676017761,modal,cuda,PPIL4:K562
GRWD1,HepG2,chr2:25247078:G:T,1,4,-1.0180389881134033,modal,cuda,PPIL4:K562
GRWD1,HepG2,chr2:25247107:G:A,1,4,-1.6654021739959717,modal,cuda,PPIL4:K562
GRWD1,HepG2,chr2:25248150:G:A,1,4,0.6152439713478088,modal,cuda,PPIL4:K562
GRWD1,HepG2,chr2:25756001:T:C,0,4,-2.465986967086792,modal,cuda,PPIL4:K562
GRWD1,HepG2,chr2:27053542:G:A,1,4,-1.709209680557251,modal,cuda,PPIL4:K562
GRWD1,HepG2,chr2:27367797:G:A,1,4,1.426621437072754,modal,cuda,PPIL4:K562
GRWD1,HepG2,chr2:27368454:G:A,1,4,-1.029907464981079,modal,cuda,PPIL4:K562
GRWD1,HepG2,chr2:27369556:C:T,0,4,-0.889718770980835,modal,cuda,PPIL4:K562
GRWD1,HepG2,chr2:27457760:A:T,1,4,-0.3190348148345947,modal,cuda,PPIL4:K562
GRWD1,HepG2,chr2:27661323:C:T,1,4,1.2749128341674805,modal,cuda,PPIL4:K562
GRWD1,HepG2,chr2:3550384:T:C,0,4,-1.5326342582702637,modal,cuda,PPIL4:K562
GRWD1,HepG2,chr2:3550440:A:G,1,4,-0.5390409231185913,modal,cuda,PPIL4:K562
GRWD1,HepG2,chr2:38676074:C:T,0,4,-1.1173536777496338,modal,cuda,PPIL4:K562
GRWD1,HepG2,chr2:43949590:T:C,0,4,1.1574995517730713,modal,cuda,PPIL4:K562
GRWD1,HepG2,chr2:46956927:G:A,0,4,-0.25114965438842773,modal,cuda,PPIL4:K562
GRWD1,HepG2,chr2:46956989:G:T,1,4,0.36151766777038574,modal,cuda,PPIL4:K562
GRWD1,HepG2,chr2:46957018:G:A,0,4,0.35671380162239075,modal,cuda,PPIL4:K562
GRWD1,HepG2,chr2:46975025:A:G,0,4,-0.499062180519104,modal,cuda,PPIL4:K562
GRWD1,HepG2,chr2:46975095:T:C,0,4,0.853611946105957,modal,cuda,PPIL4:K562
GRWD1,HepG2,chr2:46975123:G:A,0,4,-0.6939153671264648,modal,cuda,PPIL4:K562
GRWD1,HepG2,chr2:47006072:A:G,0,4,0.27716064453125,modal,cuda,PPIL4:K562
GRWD1,HepG2,chr2:47161705:T:C,0,4,-0.6362738609313965,modal,cuda,PPIL4:K562
GRWD1,HepG2,chr2:47403248:C:A,0,4,-1.5426275730133057,modal,cuda,PPIL4:K562
GRWD1,HepG2,chr2:47403273:G:T,1,4,-0.8971360921859741,modal,cuda,PPIL4:K562
GRWD1,HepG2,chr2:47403278:G:A,0,4,-0.261455774307251,modal,cuda,PPIL4:K562
GRWD1,HepG2,chr2:47403293:G:A,0,4,-0.2583131790161133,modal,cuda,PPIL4:K562
GRWD1,HepG2,chr2:47403299:T:A,0,4,-0.2783393859863281,modal,cuda,PPIL4:K562
GRWD1,HepG2,chr2:47403311:C:G,0,4,0.1673954725265503,modal,cuda,PPIL4:K562
GRWD1,HepG2,chr2:47403320:T:G,1,4,-0.2854273319244385,modal,cuda,PPIL4:K562
GRWD1,HepG2,chr2:47416319:C:A,0,4,-1.2044849395751953,modal,cuda,PPIL4:K562
GRWD1,HepG2,chr2:47416322:T:G,0,4,0.5276566743850708,modal,cuda,PPIL4:K562
GRWD1,HepG2,chr2:47416341:C:T,0,4,0.8203327655792236,modal,cuda,PPIL4:K562
GRWD1,HepG2,chr2:47416346:T:C,0,4,0.7617456912994385,modal,cuda,PPIL4:K562
GRWD1,HepG2,chr2:47416352:T:A,1,4,-0.9960479736328125,modal,cuda,PPIL4:K562
GRWD1,HepG2,chr2:47416361:T:C,0,4,0.6113331317901611,modal,cuda,PPIL4:K562
GRWD1,HepG2,chr2:47429883:A:G,0,4,0.31701427698135376,modal,cuda,PPIL4:K562
GRWD1,HepG2,chr2:47783347:C:A,0,4,-0.9907584190368652,modal,cuda,PPIL4:K562
GRWD1,HepG2,chr2:47783349:G:A,0,4,-1.3261935710906982,modal,cuda,PPIL4:K562
GRWD1,HepG2,chr2:47783350:G:T,0,4,0.9670466184616089,modal,cuda,PPIL4:K562
GRWD1,HepG2,chr2:47783356:T:A,0,4,-1.548476219177246,modal,cuda,PPIL4:K562
GRWD1,HepG2,chr2:47783371:G:A,0,4,-1.5107556581497192,modal,cuda,PPIL4:K562
GRWD1,HepG2,chr2:47783382:G:A,1,4,-0.4996185302734375,modal,cuda,PPIL4:K562
GRWD1,HepG2,chr2:47783383:G:A,1,4,-0.8307420015335083,modal,cuda,PPIL4:K562
GRWD1,HepG2,chr2:47783395:G:T,0,4,0.35184645652770996,modal,cuda,PPIL4:K562
GRWD1,HepG2,chr2:47783401:G:C,0,4,0.8247060775756836,modal,cuda,PPIL4:K562
GRWD1,HepG2,chr2:47783412:T:A,1,4,-0.456426739692688,modal,cuda,PPIL4:K562
GRWD1,HepG2,chr2:47783419:C:A,0,4,-0.3256518840789795,modal,cuda,PPIL4:K562
GRWD1,HepG2,chr2:47783427:C:A,1,4,-0.45893287658691406,modal,cuda,PPIL4:K562
GRWD1,HepG2,chr2:47783427:C:G,1,4,-0.6153725385665894,modal,cuda,PPIL4:K562
GRWD1,HepG2,chr2:47783435:A:T,1,4,-0.34965014457702637,modal,cuda,PPIL4:K562
GRWD1,HepG2,chr2:47783453:G:T,1,4,0.31964749097824097,modal,cuda,PPIL4:K562
GRWD1,HepG2,chr2:47783455:A:C,0,4,0.34804248809814453,modal,cuda,PPIL4:K562
GRWD1,HepG2,chr2:47783455:A:G,0,4,0.5730007886886597,modal,cuda,PPIL4:K562
GRWD1,HepG2,chr2:47796001:A:T,1,4,2.4413931369781494,modal,cuda,PPIL4:K562
GRWD1,HepG2,chr2:47796010:G:T,1,4,4.606415748596191,modal,cuda,PPIL4:K562
GRWD1,HepG2,chr2:47796014:T:A,1,4,-2.053208589553833,modal,cuda,PPIL4:K562
GRWD1,HepG2,chr2:47796024:T:A,1,4,-0.9200608730316162,modal,cuda,PPIL4:K562
GRWD1,HepG2,chr2:47796035:C:A,1,4,2.478175640106201,modal,cuda,PPIL4:K562
GRWD1,HepG2,chr2:47796035:C:G,1,4,1.1951720714569092,modal,cuda,PPIL4:K562
GRWD1,HepG2,chr2:47796037:G:T,1,4,1.7076098918914795,modal,cuda,PPIL4:K562
GRWD1,HepG2,chr2:47796052:G:T,1,4,2.0599544048309326,modal,cuda,PPIL4:K562
GRWD1,HepG2,chr2:47800309:C:T,1,4,2.0119481086730957,modal,cuda,PPIL4:K562
GRWD1,HepG2,chr2:47800365:C:G,0,4,0.34252238273620605,modal,cuda,PPIL4:K562
GRWD1,HepG2,chr2:47800411:G:T,1,4,4.728238105773926,modal,cuda,PPIL4:K562
GRWD1,HepG2,chr2:47800423:A:T,1,4,2.153266191482544,modal,cuda,PPIL4:K562
GRWD1,HepG2,chr2:47800431:A:T,0,4,0.8602510690689087,modal,cuda,PPIL4:K562
GRWD1,HepG2,chr2:47800434:T:C,0,4,1.0565767288208008,modal,cuda,PPIL4:K562
GRWD1,HepG2,chr2:47800438:G:T,1,4,2.7669599056243896,modal,cuda,PPIL4:K562
GRWD1,HepG2,chr2:47818950:T:C,0,4,0.8995785713195801,modal,cuda,PPIL4:K562
GRWD1,HepG2,chr2:47839416:T:C,1,4,-1.1413342952728271,modal,cuda,PPIL4:K562
GRWD1,HepG2,chr2:48454661:C:T,1,4,2.1942968368530273,modal,cuda,PPIL4:K562
GRWD1,HepG2,chr2:48454692:T:G,1,4,-0.48026129603385925,modal,cuda,PPIL4:K562
GRWD1,HepG2,chr2:48454711:T:C,0,4,0.3970934748649597,modal,cuda,PPIL4:K562
GRWD1,HepG2,chr2:48454729:C:G,0,4,1.144615888595581,modal,cuda,PPIL4:K562
GRWD1,HepG2,chr2:54628093:A:G,0,4,0.8948931694030762,modal,cuda,PPIL4:K562
GRWD1,HepG2,chr2:62747391:G:C,0,4,-0.9645750522613525,modal,cuda,PPIL4:K562
GRWD1,HepG2,chr2:69345897:T:C,0,4,0.45990967750549316,modal,cuda,PPIL4:K562
GRWD1,HepG2,chr2:70236109:T:C,0,4,0.4256553649902344,modal,cuda,PPIL4:K562
GRWD1,HepG2,chr2:70236127:T:C,0,4,0.5124191045761108,modal,cuda,PPIL4:K562
GRWD1,HepG2,chr2:70236172:G:A,0,4,-0.6314008235931396,modal,cuda,PPIL4:K562
GRWD1,HepG2,chr2:70236189:A:C,0,4,-0.5210796594619751,modal,cuda,PPIL4:K562
GRWD1,HepG2,chr2:70248567:G:A,0,4,0.14411377906799316,modal,cuda,PPIL4:K562
GRWD1,HepG2,chr2:70301905:T:G,0,4,1.2756352424621582,modal,cuda,PPIL4:K562
GRWD1,HepG2,chr2:72718220:C:T,0,4,-0.7803322076797485,modal,cuda,PPIL4:K562
GRWD1,HepG2,chr2:72718301:A:G,0,4,-1.0368437767028809,modal,cuda,PPIL4:K562
GRWD1,HepG2,chr2:72718326:A:T,0,4,1.2467888593673706,modal,cuda,PPIL4:K562
GRWD1,HepG2,chr2:72731172:A:C,1,4,1.537135124206543,modal,cuda,PPIL4:K562
GRWD1,HepG2,chr2:72731204:T:C,0,4,-0.22583377361297607,modal,cuda,PPIL4:K562
GRWD1,HepG2,chr2:73847660:C:T,1,4,2.4899353981018066,modal,cuda,PPIL4:K562
GRWD1,HepG2,chr2:73850446:C:T,1,4,0.25261902809143066,modal,cuda,PPIL4:K562
GRWD1,HepG2,chr2:74135676:A:C,0,4,-5.067459583282471,modal,cuda,PPIL4:K562
GRWD1,HepG2,chr2:74366379:C:T,0,4,-0.20286822319030762,modal,cuda,PPIL4:K562
GRWD1,HepG2,chr2:74369194:T:C,0,4,-0.6105854511260986,modal,cuda,PPIL4:K562
GRWD1,HepG2,chr2:74369230:G:A,0,4,0.24800539016723633,modal,cuda,PPIL4:K562
GRWD1,HepG2,chr2:74369513:T:G,0,4,0.6434822082519531,modal,cuda,PPIL4:K562
GRWD1,HepG2,chr2:74370670:G:A,0,4,-0.1281648874282837,modal,cuda,PPIL4:K562
GRWD1,HepG2,chr2:74529115:G:A,0,4,0.5679601430892944,modal,cuda,PPIL4:K562
GRWD1,HepG2,chr2:86105686:G:A,0,4,0.2736746072769165,modal,cuda,PPIL4:K562
GRWD1,HepG2,chr2:8731212:C:A,0,4,1.3872660398483276,modal,cuda,PPIL4:K562
GRWD1,HepG2,chr2:8813350:T:C,0,4,0.30967187881469727,modal,cuda,PPIL4:K562
GRWD1,HepG2,chr2:8817705:T:C,0,4,-0.6816824078559875,modal,cuda,PPIL4:K562
GRWD1,HepG2,chr2:96286294:G:C,0,4,1.2272621393203735,modal,cuda,PPIL4:K562
GRWD1,HepG2,chr2:96303341:T:A,0,4,1.5650711059570312,modal,cuda,PPIL4:K562
GRWD1,HepG2,chr2:99402793:A:T,0,4,-0.1593545526266098,modal,cuda,PPIL4:K562
GRWD1,HepG2,chr3:100713880:T:C,0,3,0.30155864357948303,modal,cuda,PPIL4:K562
GRWD1,HepG2,chr3:100728874:A:G,0,3,-0.24051445722579956,modal,cuda,PPIL4:K562
GRWD1,HepG2,chr3:10141822:C:G,0,3,0.46633803844451904,modal,cuda,PPIL4:K562
GRWD1,HepG2,chr3:10141943:G:A,0,3,-0.4703485369682312,modal,cuda,PPIL4:K562
GRWD1,HepG2,chr3:10141952:C:T,0,3,-0.1437477469444275,modal,cuda,PPIL4:K562
GRWD1,HepG2,chr3:10141967:G:C,0,3,0.19366538524627686,modal,cuda,PPIL4:K562
GRWD1,HepG2,chr3:10142004:G:A,0,3,-0.11854776740074158,modal,cuda,PPIL4:K562
GRWD1,HepG2,chr3:10142006:G:T,0,3,-0.3513399660587311,modal,cuda,PPIL4:K562
GRWD1,HepG2,chr3:10142033:G:A,0,3,-0.265295147895813,modal,cuda,PPIL4:K562
GRWD1,HepG2,chr3:10142049:T:C,1,3,0.09557704627513885,modal,cuda,PPIL4:K562
GRWD1,HepG2,chr3:10149840:G:T,1,3,-0.8447985053062439,modal,cuda,PPIL4:K562
GRWD1,HepG2,chr3:10149848:C:A,1,3,-0.45348769426345825,modal,cuda,PPIL4:K562
GRWD1,HepG2,chr3:10149848:C:G,1,3,-0.8424330353736877,modal,cuda,PPIL4:K562
GRWD1,HepG2,chr3:10149849:A:T,1,3,0.421163946390152,modal,cuda,PPIL4:K562
GRWD1,HepG2,chr3:10149852:A:T,1,3,-0.68645840883255,modal,cuda,PPIL4:K562
GRWD1,HepG2,chr3:10149856:T:A,1,3,0.35774490237236023,modal,cuda,PPIL4:K562
GRWD1,HepG2,chr3:10149856:T:G,1,3,0.334583044052124,modal,cuda,PPIL4:K562
GRWD1,HepG2,chr3:10149871:C:A,1,3,-0.7845415472984314,modal,cuda,PPIL4:K562
GRWD1,HepG2,chr3:10149878:C:A,1,3,-0.9549843072891235,modal,cuda,PPIL4:K562
GRWD1,HepG2,chr3:10149878:C:G,1,3,-1.033186912536621,modal,cuda,PPIL4:K562
GRWD1,HepG2,chr3:10149887:G:A,0,3,-0.22107970714569092,modal,cuda,PPIL4:K562
GRWD1,HepG2,chr3:10149906:C:T,1,3,-2.3676774501800537,modal,cuda,PPIL4:K562
GRWD1,HepG2,chr3:10149909:A:T,1,3,-2.349912643432617,modal,cuda,PPIL4:K562
GRWD1,HepG2,chr3:10149923:G:A,0,3,-0.5998049974441528,modal,cuda,PPIL4:K562
GRWD1,HepG2,chr3:10149944:A:G,0,3,0.3243282437324524,modal,cuda,PPIL4:K562
GRWD1,HepG2,chr3:10149966:A:C,0,3,-0.8201522827148438,modal,cuda,PPIL4:K562
GRWD1,HepG2,chr3:10149967:G:T,0,3,0.927320122718811,modal,cuda,PPIL4:K562
GRWD1,HepG2,chr3:10149968:A:G,0,3,0.9658569693565369,modal,cuda,PPIL4:K562
GRWD1,HepG2,chr3:10149970:T:A,0,3,-0.6052933931350708,modal,cuda,PPIL4:K562
GRWD1,HepG2,chr3:10149972:C:T,0,3,0.21558356285095215,modal,cuda,PPIL4:K562
GRWD1,HepG2,chr3:10149974:G:A,0,3,-0.415560245513916,modal,cuda,PPIL4:K562
GRWD1,HepG2,chr3:101574253:A:G,0,3,0.5920776128768921,modal,cuda,PPIL4:K562
GRWD1,HepG2,chr3:113723951:T:C,0,3,0.1643674373626709,modal,cuda,PPIL4:K562
GRWD1,HepG2,chr3:121781772:G:A,1,3,1.303095817565918,modal,cuda,PPIL4:K562
GRWD1,HepG2,chr3:121781790:G:A,1,3,1.434361219406128,modal,cuda,PPIL4:K562
GRWD1,HepG2,chr3:121781811:G:A,1,3,-0.701606273651123,modal,cuda,PPIL4:K562
GRWD1,HepG2,chr3:121781820:G:A,1,3,0.489435076713562,modal,cuda,PPIL4:K562
GRWD1,HepG2,chr3:121781821:C:T,1,3,-0.5025733113288879,modal,cuda,PPIL4:K562
GRWD1,HepG2,chr3:121828519:G:A,1,3,-0.8996041417121887,modal,cuda,PPIL4:K562
GRWD1,HepG2,chr3:124650803:T:C,0,3,0.2629593312740326,modal,cuda,PPIL4:K562
GRWD1,HepG2,chr3:12584624:G:C,1,3,0.4219139814376831,modal,cuda,PPIL4:K562
GRWD1,HepG2,chr3:12584631:T:C,0,3,-0.5345527529716492,modal,cuda,PPIL4:K562
GRWD1,HepG2,chr3:12584653:A:G,1,3,-0.6893470287322998,modal,cuda,PPIL4:K562
GRWD1,HepG2,chr3:12591760:C:T,0,3,0.21143388748168945,modal,cuda,PPIL4:K562
GRWD1,HepG2,chr3:128895342:A:C,0,3,0.8039251565933228,modal,cuda,PPIL4:K562
GRWD1,HepG2,chr3:128908230:C:T,1,3,0.8094635605812073,modal,cuda,PPIL4:K562
GRWD1,HepG2,chr3:128909044:G:A,0,3,-0.9712779521942139,modal,cuda,PPIL4:K562
GRWD1,HepG2,chr3:128909090:C:T,0,3,-0.25724267959594727,modal,cuda,PPIL4:K562
GRWD1,HepG2,chr3:128909376:C:G,1,3,-0.7545486092567444,modal,cuda,PPIL4:K562
GRWD1,HepG2,chr3:129433084:G:A,0,3,0.5121884942054749,modal,cuda,PPIL4:K562
GRWD1,HepG2,chr3:129437769:G:A,1,3,0.491130530834198,modal,cuda,PPIL4:K562
GRWD1,HepG2,chr3:129437786:C:T,1,3,-0.8536512851715088,modal,cuda,PPIL4:K562
GRWD1,HepG2,chr3:131382112:C:G,0,3,-0.12676294147968292,modal,cuda,PPIL4:K562
GRWD1,HepG2,chr3:132660538:A:G,1,3,-0.48163729906082153,modal,cuda,PPIL4:K562
GRWD1,HepG2,chr3:132699927:A:G,0,3,-0.2113913893699646,modal,cuda,PPIL4:K562
GRWD1,HepG2,chr3:132719020:G:T,1,3,-1.210713505744934,modal,cuda,PPIL4:K562
GRWD1,HepG2,chr3:133746509:G:T,0,3,0.5315076112747192,modal,cuda,PPIL4:K562
GRWD1,HepG2,chr3:134191843:A:C,0,3,-0.7768794298171997,modal,cuda,PPIL4:K562
GRWD1,HepG2,chr3:139368152:G:C,0,3,0.2623404860496521,modal,cuda,PPIL4:K562
GRWD1,HepG2,chr3:139368155:T:A,0,3,0.4703121781349182,modal,cuda,PPIL4:K562
GRWD1,HepG2,chr3:140959543:A:T,1,3,-0.22671997547149658,modal,cuda,PPIL4:K562
GRWD1,HepG2,chr3:14132954:G:T,0,3,-0.7960906624794006,modal,cuda,PPIL4:K562
GRWD1,HepG2,chr3:14158179:A:T,1,3,-0.608744740486145,modal,cuda,PPIL4:K562
GRWD1,HepG2,chr3:14158206:G:C,1,3,-0.42241960763931274,modal,cuda,PPIL4:K562
GRWD1,HepG2,chr3:14158206:G:T,1,3,-2.0812389850616455,modal,cuda,PPIL4:K562
GRWD1,HepG2,chr3:14158640:G:A,1,3,-0.9462451338768005,modal,cuda,PPIL4:K562
GRWD1,HepG2,chr3:14164836:G:A,1,3,2.39772367477417,modal,cuda,PPIL4:K562
GRWD1,HepG2,chr3:14165443:G:C,1,3,-0.6004114151000977,modal,cuda,PPIL4:K562
GRWD1,HepG2,chr3:14165468:G:A,1,3,-2.5775694847106934,modal,cuda,PPIL4:K562
GRWD1,HepG2,chr3:14165549:G:A,1,3,1.7453503608703613,modal,cuda,PPIL4:K562
GRWD1,HepG2,chr3:14165601:G:C,0,3,0.5560804009437561,modal,cuda,PPIL4:K562
GRWD1,HepG2,chr3:14167147:C:T,0,3,0.4322105050086975,modal,cuda,PPIL4:K562
GRWD1,HepG2,chr3:168030041:G:A,0,3,-0.460979700088501,modal,cuda,PPIL4:K562
GRWD1,HepG2,chr3:182965756:A:G,0,3,0.614215075969696,modal,cuda,PPIL4:K562
GRWD1,HepG2,chr3:184164391:G:A,0,3,0.18231201171875,modal,cuda,PPIL4:K562
GRWD1,HepG2,chr3:184164937:G:A,0,3,-0.5684935450553894,modal,cuda,PPIL4:K562
GRWD1,HepG2,chr3:184165219:G:A,0,3,0.29926735162734985,modal,cuda,PPIL4:K562
GRWD1,HepG2,chr3:184166530:T:C,0,3,1.1767520904541016,modal,cuda,PPIL4:K562
GRWD1,HepG2,chr3:184179133:C:T,0,3,-0.22789251804351807,modal,cuda,PPIL4:K562
GRWD1,HepG2,chr3:184181693:C:T,0,3,-0.45683908462524414,modal,cuda,PPIL4:K562
GRWD1,HepG2,chr3:184322818:C:T,0,3,-1.0174145698547363,modal,cuda,PPIL4:K562
GRWD1,HepG2,chr3:184325848:C:T,0,3,-0.8289365172386169,modal,cuda,PPIL4:K562
GRWD1,HepG2,chr3:184326645:C:T,0,3,-0.29937779903411865,modal,cuda,PPIL4:K562
GRWD1,HepG2,chr3:184331611:G:A,0,3,-1.082421064376831,modal,cuda,PPIL4:K562
GRWD1,HepG2,chr3:185248471:T:C,0,3,-1.0034239292144775,modal,cuda,PPIL4:K562
GRWD1,HepG2,chr3:185926600:C:T,1,3,-0.9757043123245239,modal,cuda,PPIL4:K562
GRWD1,HepG2,chr3:185937842:G:A,1,3,-0.7009618878364563,modal,cuda,PPIL4:K562
GRWD1,HepG2,chr3:185937859:A:C,1,3,-0.930221438407898,modal,cuda,PPIL4:K562
GRWD1,HepG2,chr3:185937860:T:C,1,3,-0.6011282801628113,modal,cuda,PPIL4:K562
GRWD1,HepG2,chr3:186570900:G:A,1,3,-0.8375077247619629,modal,cuda,PPIL4:K562
GRWD1,HepG2,chr3:186786157:C:T,0,3,-0.8558724522590637,modal,cuda,PPIL4:K562
GRWD1,HepG2,chr3:188760231:G:A,0,3,-0.1446889042854309,modal,cuda,PPIL4:K562
GRWD1,HepG2,chr3:188760267:C:T,0,3,0.2071477174758911,modal,cuda,PPIL4:K562
GRWD1,HepG2,chr3:188866398:G:A,0,3,0.2596665024757385,modal,cuda,PPIL4:K562
GRWD1,HepG2,chr3:191329743:A:G,0,3,0.405470609664917,modal,cuda,PPIL4:K562
GRWD1,HepG2,chr3:191357084:C:G,0,3,-0.3031589090824127,modal,cuda,PPIL4:K562
GRWD1,HepG2,chr3:191380942:G:A,0,3,0.18602682650089264,modal,cuda,PPIL4:K562
GRWD1,HepG2,chr3:196247530:C:G,0,3,2.8392131328582764,modal,cuda,PPIL4:K562
GRWD1,HepG2,chr3:196257893:G:A,0,3,-0.2210613638162613,modal,cuda,PPIL4:K562
GRWD1,HepG2,chr3:197065292:C:T,0,3,-0.21110427379608154,modal,cuda,PPIL4:K562
GRWD1,HepG2,chr3:197115960:A:G,0,3,-0.2861713767051697,modal,cuda,PPIL4:K562
GRWD1,HepG2,chr3:197870173:C:T,0,3,0.4803733825683594,modal,cuda,PPIL4:K562
GRWD1,HepG2,chr3:30672014:G:C,1,3,0.2666202783584595,modal,cuda,PPIL4:K562
GRWD1,HepG2,chr3:30672350:C:T,0,3,-0.10094571113586426,modal,cuda,PPIL4:K562
GRWD1,HepG2,chr3:30672453:T:C,0,3,-0.28015801310539246,modal,cuda,PPIL4:K562
GRWD1,HepG2,chr3:3140600:C:T,1,3,-0.28286051750183105,modal,cuda,PPIL4:K562
GRWD1,HepG2,chr3:3140611:G:T,0,3,0.6930948495864868,modal,cuda,PPIL4:K562
GRWD1,HepG2,chr3:3140628:C:T,1,3,0.6181204319000244,modal,cuda,PPIL4:K562
GRWD1,HepG2,chr3:38365626:G:A,0,3,0.05921812355518341,modal,cuda,PPIL4:K562
GRWD1,HepG2,chr3:42176807:C:G,0,3,-1.1664897203445435,modal,cuda,PPIL4:K562
GRWD1,HepG2,chr3:42184818:C:T,0,3,0.19553306698799133,modal,cuda,PPIL4:K562
GRWD1,HepG2,chr3:42188029:T:C,0,3,-0.4918288588523865,modal,cuda,PPIL4:K562
GRWD1,HepG2,chr3:42188035:G:T,0,3,-0.5824158191680908,modal,cuda,PPIL4:K562
GRWD1,HepG2,chr3:42209771:C:T,0,3,0.5308983325958252,modal,cuda,PPIL4:K562
GRWD1,HepG2,chr3:42209837:C:T,0,3,-0.09889185428619385,modal,cuda,PPIL4:K562
GRWD1,HepG2,chr3:42222930:T:C,0,3,0.2792319655418396,modal,cuda,PPIL4:K562
GRWD1,HepG2,chr3:42633618:T:G,0,3,-0.8624677062034607,modal,cuda,PPIL4:K562
GRWD1,HepG2,chr3:4683371:C:T,0,3,-0.40869569778442383,modal,cuda,PPIL4:K562
GRWD1,HepG2,chr3:47046517:A:G,0,3,0.5391610860824585,modal,cuda,PPIL4:K562
GRWD1,HepG2,chr3:47046522:T:C,0,3,-0.10145798325538635,modal,cuda,PPIL4:K562
GRWD1,HepG2,chr3:47046536:G:T,0,3,-0.21056360006332397,modal,cuda,PPIL4:K562
GRWD1,HepG2,chr3:47083741:C:T,0,3,-0.45207035541534424,modal,cuda,PPIL4:K562
GRWD1,HepG2,chr3:47083771:C:T,0,3,-0.8473193049430847,modal,cuda,PPIL4:K562
GRWD1,HepG2,chr3:47084336:A:C,1,3,-1.2779852151870728,modal,cuda,PPIL4:K562
GRWD1,HepG2,chr3:47088119:G:A,0,3,-0.35749053955078125,modal,cuda,PPIL4:K562
GRWD1,HepG2,chr3:47088154:C:A,1,3,2.698857307434082,modal,cuda,PPIL4:K562
GRWD1,HepG2,chr3:47088171:C:T,1,3,0.20355594158172607,modal,cuda,PPIL4:K562
GRWD1,HepG2,chr3:47097970:A:C,0,3,-0.5136436223983765,modal,cuda,PPIL4:K562
GRWD1,HepG2,chr3:47916506:C:G,0,3,-0.4703493118286133,modal,cuda,PPIL4:K562
GRWD1,HepG2,chr3:47916547:G:T,0,3,0.8518645167350769,modal,cuda,PPIL4:K562
GRWD1,HepG2,chr3:47916671:T:C,0,3,0.0872955322265625,modal,cuda,PPIL4:K562
GRWD1,HepG2,chr3:47928240:G:A,0,3,0.7546080350875854,modal,cuda,PPIL4:K562
GRWD1,HepG2,chr3:47928244:G:A,0,3,0.9865599274635315,modal,cuda,PPIL4:K562
GRWD1,HepG2,chr3:47977856:A:C,0,3,-0.34877529740333557,modal,cuda,PPIL4:K562
GRWD1,HepG2,chr3:49100273:G:A,1,3,0.4915069341659546,modal,cuda,PPIL4:K562
GRWD1,HepG2,chr3:49419764:G:A,1,3,-1.0482864379882812,modal,cuda,PPIL4:K562
GRWD1,HepG2,chr3:49420332:G:A,1,3,0.8020932674407959,modal,cuda,PPIL4:K562
GRWD1,HepG2,chr3:49968593:G:A,0,3,-0.06782019138336182,modal,cuda,PPIL4:K562
GRWD1,HepG2,chr3:50274469:C:T,0,3,-0.13393953442573547,modal,cuda,PPIL4:K562
GRWD1,HepG2,chr3:52291023:G:A,0,3,0.08798423409461975,modal,cuda,PPIL4:K562
GRWD1,HepG2,chr3:52291035:G:A,0,3,-0.08372986316680908,modal,cuda,PPIL4:K562
GRWD1,HepG2,chr3:52291090:C:G,0,3,0.16881704330444336,modal,cuda,PPIL4:K562
GRWD1,HepG2,chr3:53822645:G:A,0,3,0.18863534927368164,modal,cuda,PPIL4:K562
GRWD1,HepG2,chr3:57890029:T:C,0,3,0.4634808301925659,modal,cuda,PPIL4:K562
GRWD1,HepG2,chr3:58533426:G:C,0,3,1.0695664882659912,modal,cuda,PPIL4:K562
GRWD1,HepG2,chr3:70959326:A:C,0,3,-0.39973926544189453,modal,cuda,PPIL4:K562
GRWD1,HepG2,chr3:70959406:C:A,0,3,0.6982254981994629,modal,cuda,PPIL4:K562
GRWD1,HepG2,chr3:70959408:G:A,0,3,-0.16448140144348145,modal,cuda,PPIL4:K562
GRWD1,HepG2,chr3:71041359:G:A,1,3,1.1562902927398682,modal,cuda,PPIL4:K562
GRWD1,HepG2,chr3:71041430:G:A,0,3,0.5206754207611084,modal,cuda,PPIL4:K562
GRWD1,HepG2,chr3:71052539:C:A,1,3,0.6010282039642334,modal,cuda,PPIL4:K562
GRWD1,HepG2,chr3:78661975:A:G,0,3,-0.9109841585159302,modal,cuda,PPIL4:K562
GRWD1,HepG2,chr3:78938586:G:A,0,3,0.8628259897232056,modal,cuda,PPIL4:K562
GRWD1,HepG2,chr3:8627716:G:A,0,3,-0.3168153762817383,modal,cuda,PPIL4:K562
GRWD1,HepG2,chr3:8630911:G:T,1,3,0.5303722620010376,modal,cuda,PPIL4:K562
GRWD1,HepG2,chr3:93884905:T:C,1,3,-0.3364177942276001,modal,cuda,PPIL4:K562
GRWD1,HepG2,chr3:9442122:C:G,1,3,-1.9626147747039795,modal,cuda,PPIL4:K562
GRWD1,HepG2,chr3:9453732:A:G,1,3,-0.7582564949989319,modal,cuda,PPIL4:K562
GRWD1,HepG2,chr3:9474902:T:C,0,3,-0.6750905513763428,modal,cuda,PPIL4:K562
GRWD1,HepG2,chr3:9688993:G:A,0,3,-1.0891327857971191,modal,cuda,PPIL4:K562
GRWD1,HepG2,chr3:9825800:C:T,0,3,0.19124126434326172,modal,cuda,PPIL4:K562
GRWD1,HepG2,chr3:9826993:G:A,0,3,-0.09319543838500977,modal,cuda,PPIL4:K562
GRWD1,HepG2,chr3:9907090:A:G,0,3,2.6476938724517822,modal,cuda,PPIL4:K562
GRWD1,HepG2,chr3:9910984:G:A,0,3,-0.6883184909820557,modal,cuda,PPIL4:K562
GRWD1,HepG2,chr3:99851036:G:C,0,3,0.20545709133148193,modal,cuda,PPIL4:K562
GRWD1,HepG2,chr4:10021307:A:G,0,1,-0.7831352353096008,modal,cuda,PPIL4:K562
GRWD1,HepG2,chr4:10021357:C:T,0,1,-0.9831004738807678,modal,cuda,PPIL4:K562
GRWD1,HepG2,chr4:10098980:G:A,0,1,0.8885506391525269,modal,cuda,PPIL4:K562
GRWD1,HepG2,chr4:10099008:C:T,1,1,1.5205824375152588,modal,cuda,PPIL4:K562
GRWD1,HepG2,chr4:10116104:G:A,0,1,-0.3104376792907715,modal,cuda,PPIL4:K562
GRWD1,HepG2,chr4:10116726:C:A,0,1,-1.227781891822815,modal,cuda,PPIL4:K562
GRWD1,HepG2,chr4:10116753:C:G,0,1,-1.3047332763671875,modal,cuda,PPIL4:K562
GRWD1,HepG2,chr4:106308907:A:G,0,1,2.2712903022766113,modal,cuda,PPIL4:K562
GRWD1,HepG2,chr4:106324979:C:A,0,1,-0.8230811357498169,modal,cuda,PPIL4:K562
GRWD1,HepG2,chr4:106331906:C:T,0,1,-2.1103031635284424,modal,cuda,PPIL4:K562
GRWD1,HepG2,chr4:109746434:C:T,0,1,-3.57887601852417,modal,cuda,PPIL4:K562
GRWD1,HepG2,chr4:109746511:G:A,0,1,-3.5091986656188965,modal,cuda,PPIL4:K562
GRWD1,HepG2,chr4:109749321:C:T,1,1,0.5852165222167969,modal,cuda,PPIL4:K562
GRWD1,HepG2,chr4:109757769:T:C,0,1,0.9779806137084961,modal,cuda,PPIL4:K562
GRWD1,HepG2,chr4:109757790:A:G,0,1,1.5591237545013428,modal,cuda,PPIL4:K562
GRWD1,HepG2,chr4:109760556:A:C,1,1,3.3589911460876465,modal,cuda,PPIL4:K562
GRWD1,HepG2,chr4:109760567:C:T,1,1,-0.5942637920379639,modal,cuda,PPIL4:K562
GRWD1,HepG2,chr4:109764523:A:T,0,1,-2.124577522277832,modal,cuda,PPIL4:K562
GRWD1,HepG2,chr4:109764531:G:A,0,1,-1.2031867504119873,modal,cuda,PPIL4:K562
GRWD1,HepG2,chr4:109764574:C:A,1,1,-4.783024311065674,modal,cuda,PPIL4:K562
GRWD1,HepG2,chr4:109764585:C:T,1,1,-2.1805241107940674,modal,cuda,PPIL4:K562
GRWD1,HepG2,chr4:109766567:T:A,0,1,-2.4854142665863037,modal,cuda,PPIL4:K562
GRWD1,HepG2,chr4:109766572:C:A,1,1,-4.329987049102783,modal,cuda,PPIL4:K562
GRWD1,HepG2,chr4:118797833:C:T,0,1,-3.137079954147339,modal,cuda,PPIL4:K562
GRWD1,HepG2,chr4:121814070:C:A,0,1,-0.4823470115661621,modal,cuda,PPIL4:K562
GRWD1,HepG2,chr4:127881837:A:T,1,1,-4.113052845001221,modal,cuda,PPIL4:K562
GRWD1,HepG2,chr4:1315453:C:T,0,1,0.8513504862785339,modal,cuda,PPIL4:K562
GRWD1,HepG2,chr4:1315477:C:T,0,1,-0.2144145965576172,modal,cuda,PPIL4:K562
GRWD1,HepG2,chr4:143513921:C:T,0,1,2.2364139556884766,modal,cuda,PPIL4:K562
GRWD1,HepG2,chr4:151174661:T:C,0,1,-0.9443058967590332,modal,cuda,PPIL4:K562
GRWD1,HepG2,chr4:163515469:C:T,0,1,-1.6752543449401855,modal,cuda,PPIL4:K562
GRWD1,HepG2,chr4:1744840:C:T,0,1,-1.0866775512695312,modal,cuda,PPIL4:K562
GRWD1,HepG2,chr4:1801509:C:T,0,1,0.07049798965454102,modal,cuda,PPIL4:K562
GRWD1,HepG2,chr4:1801524:T:C,0,1,-0.16881299018859863,modal,cuda,PPIL4:K562
GRWD1,HepG2,chr4:1801544:C:G,0,1,-0.4454747140407562,modal,cuda,PPIL4:K562
GRWD1,HepG2,chr4:1801658:G:C,0,1,-0.1294710636138916,modal,cuda,PPIL4:K562
GRWD1,HepG2,chr4:1801667:G:A,0,1,0.13606595993041992,modal,cuda,PPIL4:K562
GRWD1,HepG2,chr4:1801688:C:T,0,1,0.14859533309936523,modal,cuda,PPIL4:K562
GRWD1,HepG2,chr4:1805644:C:A,1,1,-0.579988956451416,modal,cuda,PPIL4:K562
GRWD1,HepG2,chr4:1805644:C:G,1,1,0.34795045852661133,modal,cuda,PPIL4:K562
GRWD1,HepG2,chr4:1805684:G:A,0,1,1.101121425628662,modal,cuda,PPIL4:K562
GRWD1,HepG2,chr4:1805746:C:T,0,1,-0.1724376678466797,modal,cuda,PPIL4:K562
GRWD1,HepG2,chr4:1805751:G:T,0,1,-0.9945371150970459,modal,cuda,PPIL4:K562
GRWD1,HepG2,chr4:1805772:G:A,0,1,-0.5109195709228516,modal,cuda,PPIL4:K562
GRWD1,HepG2,chr4:186271791:C:T,0,1,-2.228787899017334,modal,cuda,PPIL4:K562
GRWD1,HepG2,chr4:1904379:G:C,1,1,-1.8561091423034668,modal,cuda,PPIL4:K562
GRWD1,HepG2,chr4:1938441:T:A,0,1,-0.9531636238098145,modal,cuda,PPIL4:K562
GRWD1,HepG2,chr4:1951223:C:T,0,1,-1.3591549396514893,modal,cuda,PPIL4:K562
GRWD1,HepG2,chr4:1952088:C:T,0,1,1.8202310800552368,modal,cuda,PPIL4:K562
GRWD1,HepG2,chr4:1952089:G:A,0,1,0.9910686612129211,modal,cuda,PPIL4:K562
GRWD1,HepG2,chr4:2663247:A:G,0,1,-1.3925013542175293,modal,cuda,PPIL4:K562
GRWD1,HepG2,chr4:2823056:T:C,0,1,-0.6040823459625244,modal,cuda,PPIL4:K562
GRWD1,HepG2,chr4:2824745:G:T,0,1,-2.1488659381866455,modal,cuda,PPIL4:K562
GRWD1,HepG2,chr4:2827588:C:A,0,1,0.20183110237121582,modal,cuda,PPIL4:K562
GRWD1,HepG2,chr4:2827588:C:T,0,1,-0.6898055672645569,modal,cuda,PPIL4:K562
GRWD1,HepG2,chr4:2827591:C:G,0,1,0.2718757390975952,modal,cuda,PPIL4:K562
GRWD1,HepG2,chr4:2827682:G:A,0,1,-0.4949411153793335,modal,cuda,PPIL4:K562
GRWD1,HepG2,chr4:3130443:G:C,0,1,1.4989118576049805,modal,cuda,PPIL4:K562
GRWD1,HepG2,chr4:3225756:C:A,0,1,1.1176679134368896,modal,cuda,PPIL4:K562
GRWD1,HepG2,chr4:3518035:A:G,0,1,0.1906578540802002,modal,cuda,PPIL4:K562
GRWD1,HepG2,chr4:3518190:T:C,0,1,0.30327796936035156,modal,cuda,PPIL4:K562
GRWD1,HepG2,chr4:3524915:T:C,0,1,-0.6568593978881836,modal,cuda,PPIL4:K562
GRWD1,HepG2,chr4:3524929:C:T,0,1,1.2996628284454346,modal,cuda,PPIL4:K562
GRWD1,HepG2,chr4:39342473:T:A,0,1,1.1215496063232422,modal,cuda,PPIL4:K562
GRWD1,HepG2,chr4:500593:C:T,1,1,4.53964376449585,modal,cuda,PPIL4:K562
GRWD1,HepG2,chr4:507457:G:A,1,1,-5.003011703491211,modal,cuda,PPIL4:K562
GRWD1,HepG2,chr4:507458:G:A,1,1,-4.751942157745361,modal,cuda,PPIL4:K562
GRWD1,HepG2,chr4:507474:C:T,1,1,4.190853118896484,modal,cuda,PPIL4:K562
GRWD1,HepG2,chr4:507606:G:A,0,1,0.9461585879325867,modal,cuda,PPIL4:K562
GRWD1,HepG2,chr4:523587:T:C,0,1,-0.587890625,modal,cuda,PPIL4:K562
GRWD1,HepG2,chr4:523672:T:C,0,1,-2.2310304641723633,modal,cuda,PPIL4:K562
GRWD1,HepG2,chr4:523741:C:T,1,1,2.410799503326416,modal,cuda,PPIL4:K562
GRWD1,HepG2,chr4:523833:C:T,0,1,-5.5609540939331055,modal,cuda,PPIL4:K562
GRWD1,HepG2,chr4:55396043:T:C,0,1,-0.550117015838623,modal,cuda,PPIL4:K562
GRWD1,HepG2,chr4:56474263:A:G,0,1,0.965723991394043,modal,cuda,PPIL4:K562
GRWD1,HepG2,chr4:75514275:C:T,0,1,-1.0111005306243896,modal,cuda,PPIL4:K562
GRWD1,HepG2,chr4:761356:G:A,0,1,0.4358959197998047,modal,cuda,PPIL4:K562
GRWD1,HepG2,chr4:761398:C:T,0,1,0.36449193954467773,modal,cuda,PPIL4:K562
GRWD1,HepG2,chr4:78265017:G:A,0,1,0.3593411445617676,modal,cuda,PPIL4:K562
GRWD1,HepG2,chr4:82426113:A:G,0,1,2.5796096324920654,modal,cuda,PPIL4:K562
GRWD1,HepG2,chr4:82427174:A:C,0,1,1.6602392196655273,modal,cuda,PPIL4:K562
GRWD1,HepG2,chr4:82427499:T:C,0,1,0.893767774105072,modal,cuda,PPIL4:K562
GRWD1,HepG2,chr4:82428060:A:C,0,1,-1.3752946853637695,modal,cuda,PPIL4:K562
GRWD1,HepG2,chr4:82428194:T:A,0,1,-1.302524209022522,modal,cuda,PPIL4:K562
GRWD1,HepG2,chr4:82428196:T:C,0,1,-0.5055785179138184,modal,cuda,PPIL4:K562
GRWD1,HepG2,chr4:82429335:G:A,0,1,0.5336363911628723,modal,cuda,PPIL4:K562
GRWD1,HepG2,chr4:88043232:G:C,1,1,-2.314207077026367,modal,cuda,PPIL4:K562
GRWD1,HepG2,chr4:88043277:G:A,1,1,-3.2303943634033203,modal,cuda,PPIL4:K562
GRWD1,HepG2,chr4:88043278:G:A,1,1,-3.6226272583007812,modal,cuda,PPIL4:K562
GRWD1,HepG2,chr4:88043296:T:A,1,1,-3.2179219722747803,modal,cuda,PPIL4:K562
GRWD1,HepG2,chr4:88043296:T:G,1,1,-8.723543167114258,modal,cuda,PPIL4:K562
GRWD1,HepG2,chr4:88043314:T:A,1,1,-5.973924160003662,modal,cuda,PPIL4:K562
GRWD1,HepG2,chr4:88043325:C:G,1,1,3.482515811920166,modal,cuda,PPIL4:K562
GRWD1,HepG2,chr4:88043351:C:T,1,1,-3.685939073562622,modal,cuda,PPIL4:K562
GRWD1,HepG2,chr4:88043380:G:A,1,1,-2.305811882019043,modal,cuda,PPIL4:K562
GRWD1,HepG2,chr4:88043390:G:T,1,1,2.4840900897979736,modal,cuda,PPIL4:K562
GRWD1,HepG2,chr4:94233997:A:G,0,1,-0.19515419006347656,modal,cuda,PPIL4:K562
GRWD1,HepG2,chr4:991392:C:T,0,1,0.12048768997192383,modal,cuda,PPIL4:K562
GRWD1,HepG2,chr5:10250318:G:A,0,1,0.33383893966674805,modal,cuda,PPIL4:K562
GRWD1,HepG2,chr5:10250331:T:C,0,1,2.057332992553711,modal,cuda,PPIL4:K562
GRWD1,HepG2,chr5:10254705:A:G,0,1,2.2021188735961914,modal,cuda,PPIL4:K562
GRWD1,HepG2,chr5:10255937:C:G,0,1,2.5924153327941895,modal,cuda,PPIL4:K562
GRWD1,HepG2,chr5:10262628:C:A,0,1,-1.3207430839538574,modal,cuda,PPIL4:K562
GRWD1,HepG2,chr5:1076130:G:A,0,1,-0.5310388803482056,modal,cuda,PPIL4:K562
GRWD1,HepG2,chr5:119475838:G:A,0,1,-2.072448253631592,modal,cuda,PPIL4:K562
GRWD1,HepG2,chr5:119475838:G:C,1,1,-3.057898998260498,modal,cuda,PPIL4:K562
GRWD1,HepG2,chr5:119477487:A:T,0,1,-2.6888747215270996,modal,cuda,PPIL4:K562
GRWD1,HepG2,chr5:119477488:C:T,1,1,1.381971836090088,modal,cuda,PPIL4:K562
GRWD1,HepG2,chr5:119478848:C:A,1,1,2.4074583053588867,modal,cuda,PPIL4:K562
GRWD1,HepG2,chr5:119478931:C:T,1,1,2.9647603034973145,modal,cuda,PPIL4:K562
GRWD1,HepG2,chr5:119493818:T:G,1,1,-4.723787307739258,modal,cuda,PPIL4:K562
GRWD1,HepG2,chr5:119493838:G:A,1,1,3.700155735015869,modal,cuda,PPIL4:K562
GRWD1,HepG2,chr5:119493896:G:A,1,1,5.93882942199707,modal,cuda,PPIL4:K562
GRWD1,HepG2,chr5:119529917:C:T,0,1,0.8107624053955078,modal,cuda,PPIL4:K562
GRWD1,HepG2,chr5:1264408:A:G,1,1,-0.6622114181518555,modal,cuda,PPIL4:K562
GRWD1,HepG2,chr5:1264457:C:T,1,1,-3.0089173316955566,modal,cuda,PPIL4:K562
GRWD1,HepG2,chr5:126577223:A:C,0,1,0.9167304039001465,modal,cuda,PPIL4:K562
GRWD1,HepG2,chr5:126819073:T:C,1,1,1.4536715745925903,modal,cuda,PPIL4:K562
GRWD1,HepG2,chr5:126820946:A:C,0,1,0.8198070526123047,modal,cuda,PPIL4:K562
GRWD1,HepG2,chr5:132579521:G:A,0,1,-8.612838745117188,modal,cuda,PPIL4:K562
GRWD1,HepG2,chr5:132637224:A:G,0,1,1.834129810333252,modal,cuda,PPIL4:K562
GRWD1,HepG2,chr5:132867593:C:T,0,1,-2.42020845413208,modal,cuda,PPIL4:K562
GRWD1,HepG2,chr5:132892418:C:T,0,1,2.804018974304199,modal,cuda,PPIL4:K562
GRWD1,HepG2,chr5:132893131:T:C,0,1,2.198033094406128,modal,cuda,PPIL4:K562
GRWD1,HepG2,chr5:132934136:G:A,0,1,2.6098389625549316,modal,cuda,PPIL4:K562
GRWD1,HepG2,chr5:132937047:T:G,0,1,2.569812774658203,modal,cuda,PPIL4:K562
GRWD1,HepG2,chr5:134201961:G:A,1,1,-6.305874824523926,modal,cuda,PPIL4:K562
GRWD1,HepG2,chr5:134202009:C:T,0,1,0.4733816087245941,modal,cuda,PPIL4:K562
GRWD1,HepG2,chr5:134225824:C:T,1,1,-1.2607882022857666,modal,cuda,PPIL4:K562
GRWD1,HepG2,chr5:134225898:G:C,0,1,-0.25253579020500183,modal,cuda,PPIL4:K562
GRWD1,HepG2,chr5:135360551:T:C,0,1,0.7071407437324524,modal,cuda,PPIL4:K562
GRWD1,HepG2,chr5:138887556:T:C,0,1,-1.183178424835205,modal,cuda,PPIL4:K562
GRWD1,HepG2,chr5:138887567:T:A,0,1,2.7683980464935303,modal,cuda,PPIL4:K562
GRWD1,HepG2,chr5:138887586:A:T,1,1,5.802393436431885,modal,cuda,PPIL4:K562
GRWD1,HepG2,chr5:138887598:G:T,1,1,8.132492065429688,modal,cuda,PPIL4:K562
GRWD1,HepG2,chr5:138887607:C:T,1,1,-5.783822536468506,modal,cuda,PPIL4:K562
GRWD1,HepG2,chr5:139279060:C:T,0,1,1.2120251655578613,modal,cuda,PPIL4:K562
GRWD1,HepG2,chr5:139314772:G:A,0,1,-2.5315871238708496,modal,cuda,PPIL4:K562
GRWD1,HepG2,chr5:139317048:T:A,0,1,-0.711851954460144,modal,cuda,PPIL4:K562
GRWD1,HepG2,chr5:139319314:G:A,0,1,2.2243454456329346,modal,cuda,PPIL4:K562
GRWD1,HepG2,chr5:139321881:T:C,0,1,1.6509191989898682,modal,cuda,PPIL4:K562
GRWD1,HepG2,chr5:140647238:C:T,0,1,-0.3215830326080322,modal,cuda,PPIL4:K562
GRWD1,HepG2,chr5:140647251:C:T,1,1,1.9321346282958984,modal,cuda,PPIL4:K562
GRWD1,HepG2,chr5:140647294:T:G,1,1,-1.8441252708435059,modal,cuda,PPIL4:K562
GRWD1,HepG2,chr5:140647330:T:G,1,1,0.4154987335205078,modal,cuda,PPIL4:K562
GRWD1,HepG2,chr5:140647335:C:T,0,1,-0.6026872396469116,modal,cuda,PPIL4:K562
GRWD1,HepG2,chr5:140647376:G:A,0,1,0.5449711680412292,modal,cuda,PPIL4:K562
GRWD1,HepG2,chr5:142879388:C:T,0,1,3.1273460388183594,modal,cuda,PPIL4:K562
GRWD1,HepG2,chr5:14290809:G:T,1,1,7.283328056335449,modal,cuda,PPIL4:K562
GRWD1,HepG2,chr5:14290824:A:T,1,1,3.483138084411621,modal,cuda,PPIL4:K562
GRWD1,HepG2,chr5:14290992:G:T,1,1,4.636757850646973,modal,cuda,PPIL4:K562
GRWD1,HepG2,chr5:14291013:C:T,1,1,4.470054626464844,modal,cuda,PPIL4:K562
GRWD1,HepG2,chr5:14291150:G:A,0,1,0.733829915523529,modal,cuda,PPIL4:K562
GRWD1,HepG2,chr5:14293093:G:T,1,1,5.311344146728516,modal,cuda,PPIL4:K562
GRWD1,HepG2,chr5:14316533:G:A,0,1,-4.08258056640625,modal,cuda,PPIL4:K562
GRWD1,HepG2,chr5:14330831:T:C,0,1,-5.038486957550049,modal,cuda,PPIL4:K562
GRWD1,HepG2,chr5:14358155:C:T,0,1,0.45350006222724915,modal,cuda,PPIL4:K562
GRWD1,HepG2,chr5:14363754:G:A,1,1,-3.615314483642578,modal,cuda,PPIL4:K562
GRWD1,HepG2,chr5:14368866:C:T,0,1,1.7918672561645508,modal,cuda,PPIL4:K562
GRWD1,HepG2,chr5:14368884:C:G,1,1,-4.36403751373291,modal,cuda,PPIL4:K562
GRWD1,HepG2,chr5:14369364:C:T,0,1,-1.761298418045044,modal,cuda,PPIL4:K562
GRWD1,HepG2,chr5:14369426:G:A,1,1,-1.1265983581542969,modal,cuda,PPIL4:K562
GRWD1,HepG2,chr5:14369534:C:T,0,1,1.9262632131576538,modal,cuda,PPIL4:K562
GRWD1,HepG2,chr5:14387434:G:A,0,1,-1.8521190881729126,modal,cuda,PPIL4:K562
GRWD1,HepG2,chr5:14420041:G:A,0,1,-0.8844056129455566,modal,cuda,PPIL4:K562
GRWD1,HepG2,chr5:14461059:A:G,0,1,-0.39047399163246155,modal,cuda,PPIL4:K562
GRWD1,HepG2,chr5:14461143:G:A,1,1,-1.2707939147949219,modal,cuda,PPIL4:K562
GRWD1,HepG2,chr5:14498145:G:A,0,1,2.217092275619507,modal,cuda,PPIL4:K562
GRWD1,HepG2,chr5:14498160:C:T,1,1,-9.523982048034668,modal,cuda,PPIL4:K562
GRWD1,HepG2,chr5:14498203:C:T,0,1,-1.5675158500671387,modal,cuda,PPIL4:K562
GRWD1,HepG2,chr5:146120521:A:C,0,1,2.4154574871063232,modal,cuda,PPIL4:K562
GRWD1,HepG2,chr5:146128661:G:A,0,1,2.911987781524658,modal,cuda,PPIL4:K562
GRWD1,HepG2,chr5:146130010:G:A,0,1,-1.0752525329589844,modal,cuda,PPIL4:K562
GRWD1,HepG2,chr5:146130165:A:C,0,1,2.684908390045166,modal,cuda,PPIL4:K562
GRWD1,HepG2,chr5:146157709:A:T,0,1,6.663957595825195,modal,cuda,PPIL4:K562
GRWD1,HepG2,chr5:14681446:T:C,0,1,-0.8942470550537109,modal,cuda,PPIL4:K562
GRWD1,HepG2,chr5:148402169:T:G,0,1,1.456578254699707,modal,cuda,PPIL4:K562
GRWD1,HepG2,chr5:150364257:G:C,1,1,-0.9239143133163452,modal,cuda,PPIL4:K562
GRWD1,HepG2,chr5:150374398:G:A,0,1,-1.4737166166305542,modal,cuda,PPIL4:K562
GRWD1,HepG2,chr5:157287128:G:A,0,1,-1.0506913661956787,modal,cuda,PPIL4:K562
GRWD1,HepG2,chr5:157341057:A:G,0,1,1.445991039276123,modal,cuda,PPIL4:K562
GRWD1,HepG2,chr5:157341173:C:G,0,1,1.76326322555542,modal,cuda,PPIL4:K562
GRWD1,HepG2,chr5:175492180:A:G,0,1,-0.635401725769043,modal,cuda,PPIL4:K562
GRWD1,HepG2,chr5:177516101:T:G,0,1,-0.7243008613586426,modal,cuda,PPIL4:K562
GRWD1,HepG2,chr5:177516122:G:A,1,1,-2.51821231842041,modal,cuda,PPIL4:K562
GRWD1,HepG2,chr5:177516167:G:A,1,1,-2.3949508666992188,modal,cuda,PPIL4:K562
GRWD1,HepG2,chr5:177516188:T:A,1,1,-2.1354990005493164,modal,cuda,PPIL4:K562
GRWD1,HepG2,chr5:177516312:G:A,1,1,-4.029281139373779,modal,cuda,PPIL4:K562
GRWD1,HepG2,chr5:177516342:G:A,1,1,0.9027366638183594,modal,cuda,PPIL4:K562
GRWD1,HepG2,chr5:177516396:G:A,1,1,-1.9978313446044922,modal,cuda,PPIL4:K562
GRWD1,HepG2,chr5:32387639:A:G,0,1,-3.0312981605529785,modal,cuda,PPIL4:K562
GRWD1,HepG2,chr5:32395185:T:C,0,1,-1.1562464237213135,modal,cuda,PPIL4:K562
GRWD1,HepG2,chr5:32400161:A:G,0,1,0.9714617729187012,modal,cuda,PPIL4:K562
GRWD1,HepG2,chr5:32403241:C:T,0,1,-1.1400301456451416,modal,cuda,PPIL4:K562
GRWD1,HepG2,chr5:33441049:G:A,0,1,1.225319743156433,modal,cuda,PPIL4:K562
GRWD1,HepG2,chr5:33448633:A:C,0,1,2.1825661659240723,modal,cuda,PPIL4:K562
GRWD1,HepG2,chr5:36217895:T:A,0,1,-5.602867126464844,modal,cuda,PPIL4:K562
GRWD1,HepG2,chr5:53060024:T:C,0,1,-3.0923337936401367,modal,cuda,PPIL4:K562
GRWD1,HepG2,chr5:6604216:C:T,0,1,0.5412530899047852,modal,cuda,PPIL4:K562
GRWD1,HepG2,chr5:6611712:G:A,0,1,-1.5255094766616821,modal,cuda,PPIL4:K562
GRWD1,HepG2,chr5:6611749:C:T,1,1,-1.9877793788909912,modal,cuda,PPIL4:K562
GRWD1,HepG2,chr5:6616737:T:C,0,1,0.532292366027832,modal,cuda,PPIL4:K562
GRWD1,HepG2,chr5:6616795:T:G,1,1,-5.451691627502441,modal,cuda,PPIL4:K562
GRWD1,HepG2,chr5:6620242:G:A,1,1,1.132843017578125,modal,cuda,PPIL4:K562
GRWD1,HepG2,chr5:73753111:A:G,0,1,0.3043174743652344,modal,cuda,PPIL4:K562
GRWD1,HepG2,chr5:7878009:C:G,1,1,4.797415733337402,modal,cuda,PPIL4:K562
GRWD1,HepG2,chr5:7878079:T:C,0,1,-3.4373703002929688,modal,cuda,PPIL4:K562
GRWD1,HepG2,chr5:7892735:T:G,1,1,2.163351058959961,modal,cuda,PPIL4:K562
GRWD1,HepG2,chr5:7892820:A:G,0,1,-1.7869873046875,modal,cuda,PPIL4:K562
GRWD1,HepG2,chr5:79401974:C:T,0,1,1.234663963317871,modal,cuda,PPIL4:K562
GRWD1,HepG2,chr5:79439026:A:G,0,1,-2.3376998901367188,modal,cuda,PPIL4:K562
GRWD1,HepG2,chr5:81080117:A:G,0,1,-3.6531693935394287,modal,cuda,PPIL4:K562
GRWD1,HepG2,chr5:892722:C:T,0,1,-0.37590450048446655,modal,cuda,PPIL4:K562
GRWD1,HepG2,chr5:892731:C:T,0,1,0.838947057723999,modal,cuda,PPIL4:K562
GRWD1,HepG2,chr5:892754:G:A,0,1,-2.256871223449707,modal,cuda,PPIL4:K562
GRWD1,HepG2,chr5:96695865:A:G,0,1,1.0511457920074463,modal,cuda,PPIL4:K562
GRWD1,HepG2,chr5:96695918:T:C,0,1,-0.8202109336853027,modal,cuda,PPIL4:K562
GRWD1,HepG2,chr5:96736204:G:T,0,1,-1.1762866973876953,modal,cuda,PPIL4:K562
GRWD1,HepG2,chr5:96736234:G:A,0,1,0.5814249515533447,modal,cuda,PPIL4:K562
GRWD1,HepG2,chr5:96736235:G:T,1,1,2.9255969524383545,modal,cuda,PPIL4:K562
GRWD1,HepG2,chr5:96746348:G:C,0,1,-1.5677917003631592,modal,cuda,PPIL4:K562
GRWD1,HepG2,chr5:96746383:T:A,0,1,4.589357376098633,modal,cuda,PPIL4:K562
GRWD1,HepG2,chr5:96746424:C:T,0,1,2.910144805908203,modal,cuda,PPIL4:K562
GRWD1,HepG2,chr5:96750630:G:C,0,1,-4.1804327964782715,modal,cuda,PPIL4:K562
GRWD1,HepG2,chr5:96757668:T:C,0,1,-0.9171278476715088,modal,cuda,PPIL4:K562
GRWD1,HepG2,chr5:96762275:A:G,0,1,1.6769969463348389,modal,cuda,PPIL4:K562
GRWD1,HepG2,chr5:96762299:C:T,0,1,2.0750718116760254,modal,cuda,PPIL4:K562
GRWD1,HepG2,chr5:96767912:T:G,0,1,1.1481904983520508,modal,cuda,PPIL4:K562
GRWD1,HepG2,chr6:107912781:T:C,0,3,0.5470294952392578,modal,cuda,PPIL4:K562
GRWD1,HepG2,chr6:107912792:T:C,0,3,0.24075883626937866,modal,cuda,PPIL4:K562
GRWD1,HepG2,chr6:11190126:G:A,0,3,-0.34678030014038086,modal,cuda,PPIL4:K562
GRWD1,HepG2,chr6:136268287:G:T,0,3,-0.16355586051940918,modal,cuda,PPIL4:K562
GRWD1,HepG2,chr6:136269502:A:C,0,3,-1.1483536958694458,modal,cuda,PPIL4:K562
GRWD1,HepG2,chr6:136269560:C:T,0,3,-0.14912539720535278,modal,cuda,PPIL4:K562
GRWD1,HepG2,chr6:143857408:A:G,1,3,0.9411066174507141,modal,cuda,PPIL4:K562
GRWD1,HepG2,chr6:144291828:G:A,0,3,0.7601690888404846,modal,cuda,PPIL4:K562
GRWD1,HepG2,chr6:144444270:C:T,0,3,-0.2326568365097046,modal,cuda,PPIL4:K562
GRWD1,HepG2,chr6:145919501:T:C,0,3,1.595414400100708,modal,cuda,PPIL4:K562
GRWD1,HepG2,chr6:147204527:G:A,0,3,-0.2896222472190857,modal,cuda,PPIL4:K562
GRWD1,HepG2,chr6:154450098:T:A,0,3,-0.7544315457344055,modal,cuda,PPIL4:K562
GRWD1,HepG2,chr6:157181183:G:A,0,3,-1.12969172000885,modal,cuda,PPIL4:K562
GRWD1,HepG2,chr6:158770756:C:T,0,3,-0.1314905285835266,modal,cuda,PPIL4:K562
GRWD1,HepG2,chr6:163415344:C:T,0,3,-0.14440596103668213,modal,cuda,PPIL4:K562
GRWD1,HepG2,chr6:166382789:C:T,0,3,-0.30983996391296387,modal,cuda,PPIL4:K562
GRWD1,HepG2,chr6:24301859:G:A,0,3,0.36186614632606506,modal,cuda,PPIL4:K562
GRWD1,HepG2,chr6:24777238:A:G,0,3,0.6350846290588379,modal,cuda,PPIL4:K562
GRWD1,HepG2,chr6:2948696:C:A,1,3,-0.7037112712860107,modal,cuda,PPIL4:K562
GRWD1,HepG2,chr6:2948918:C:T,0,3,0.9562572240829468,modal,cuda,PPIL4:K562
GRWD1,HepG2,chr6:30608824:T:C,0,3,0.4294140934944153,modal,cuda,PPIL4:K562
GRWD1,HepG2,chr6:30712862:A:G,0,3,0.6728619337081909,modal,cuda,PPIL4:K562
GRWD1,HepG2,chr6:30914857:C:T,0,3,-0.7679771780967712,modal,cuda,PPIL4:K562
GRWD1,HepG2,chr6:30914912:C:T,0,3,0.17656373977661133,modal,cuda,PPIL4:K562
GRWD1,HepG2,chr6:31531137:T:C,0,3,0.17939844727516174,modal,cuda,PPIL4:K562
GRWD1,HepG2,chr6:31741268:C:T,0,3,-0.10974323749542236,modal,cuda,PPIL4:K562
GRWD1,HepG2,chr6:31892479:C:T,0,3,-0.13068357110023499,modal,cuda,PPIL4:K562
GRWD1,HepG2,chr6:31892503:G:A,0,3,0.20385634899139404,modal,cuda,PPIL4:K562
GRWD1,HepG2,chr6:31968853:C:T,0,3,0.35465002059936523,modal,cuda,PPIL4:K562
GRWD1,HepG2,chr6:31969734:T:C,0,3,-0.3866073489189148,modal,cuda,PPIL4:K562
GRWD1,HepG2,chr6:32977753:G:C,0,3,0.3067740201950073,modal,cuda,PPIL4:K562
GRWD1,HepG2,chr6:33444420:C:T,0,3,1.0418095588684082,modal,cuda,PPIL4:K562
GRWD1,HepG2,chr6:33444621:C:T,0,3,-0.47607505321502686,modal,cuda,PPIL4:K562
GRWD1,HepG2,chr6:33444623:A:C,0,3,0.17021751403808594,modal,cuda,PPIL4:K562
GRWD1,HepG2,chr6:36131273:C:T,0,3,-0.12837857007980347,modal,cuda,PPIL4:K562
GRWD1,HepG2,chr6:36135780:G:A,0,3,0.02399832010269165,modal,cuda,PPIL4:K562
GRWD1,HepG2,chr6:43521064:T:C,0,3,0.978291392326355,modal,cuda,PPIL4:K562
GRWD1,HepG2,chr6:43531525:C:T,0,3,0.27102720737457275,modal,cuda,PPIL4:K562
GRWD1,HepG2,chr6:43531526:G:A,0,3,-0.6318583488464355,modal,cuda,PPIL4:K562
GRWD1,HepG2,chr6:43626216:G:C,0,3,0.5522241592407227,modal,cuda,PPIL4:K562
GRWD1,HepG2,chr6:47478191:T:A,0,3,0.16688859462738037,modal,cuda,PPIL4:K562
GRWD1,HepG2,chr6:47554621:G:A,0,3,-0.3095916509628296,modal,cuda,PPIL4:K562
GRWD1,HepG2,chr6:47624247:C:G,0,3,-0.6517093181610107,modal,cuda,PPIL4:K562
GRWD1,HepG2,chr6:52424092:A:G,0,3,0.229106605052948,modal,cuda,PPIL4:K562
GRWD1,HepG2,chr6:56466063:T:G,0,3,1.0113561153411865,modal,cuda,PPIL4:K562
GRWD1,HepG2,chr6:56482902:T:C,0,3,0.21325159072875977,modal,cuda,PPIL4:K562
GRWD1,HepG2,chr6:56515684:A:G,0,3,-1.1900465488433838,modal,cuda,PPIL4:K562
GRWD1,HepG2,chr6:56624631:G:T,0,3,1.0852534770965576,modal,cuda,PPIL4:K562
GRWD1,HepG2,chr6:56624634:A:T,0,3,-0.2894653081893921,modal,cuda,PPIL4:K562
GRWD1,HepG2,chr6:7189334:C:T,0,3,-0.21404224634170532,modal,cuda,PPIL4:K562
GRWD1,HepG2,chr6:7246415:G:A,0,3,0.3568880558013916,modal,cuda,PPIL4:K562
GRWD1,HepG2,chr6:7246699:G:C,0,3,0.08017855882644653,modal,cuda,PPIL4:K562
GRWD1,HepG2,chr6:7246757:C:T,0,3,0.507613480091095,modal,cuda,PPIL4:K562
GRWD1,HepG2,chr6:7246761:C:T,0,3,-0.20722946524620056,modal,cuda,PPIL4:K562
GRWD1,HepG2,chr6:7571591:T:C,0,3,-0.7204218506813049,modal,cuda,PPIL4:K562
GRWD1,HepG2,chr6:7579902:C:T,1,3,0.6153049468994141,modal,cuda,PPIL4:K562
GRWD1,HepG2,chr6:7579929:C:T,1,3,-0.7683295607566833,modal,cuda,PPIL4:K562
GRWD1,HepG2,chr6:7579974:C:T,1,3,-0.36607563495635986,modal,cuda,PPIL4:K562
GRWD1,HepG2,chr6:7579982:T:A,0,3,0.10196331143379211,modal,cuda,PPIL4:K562
GRWD1,HepG2,chr6:7579986:C:T,1,3,0.634004533290863,modal,cuda,PPIL4:K562
GRWD1,HepG2,chr6:7580016:C:T,1,3,2.0373635292053223,modal,cuda,PPIL4:K562
GRWD1,HepG2,chr6:7581141:C:T,1,3,-0.685289740562439,modal,cuda,PPIL4:K562
GRWD1,HepG2,chr6:7581402:C:T,1,3,-0.7706781029701233,modal,cuda,PPIL4:K562
GRWD1,HepG2,chr6:7581403:G:A,0,3,-0.06691664457321167,modal,cuda,PPIL4:K562
GRWD1,HepG2,chr6:7581489:C:T,1,3,-0.6156736612319946,modal,cuda,PPIL4:K562
GRWD1,HepG2,chr6:75855242:C:A,0,3,-1.3370723724365234,modal,cuda,PPIL4:K562
GRWD1,HepG2,chr6:78954977:G:T,0,3,0.9937892556190491,modal,cuda,PPIL4:K562
GRWD1,HepG2,chr6:79016535:A:T,0,3,-1.8233150243759155,modal,cuda,PPIL4:K562
GRWD1,HepG2,chr6:79042824:T:C,0,3,0.21947459876537323,modal,cuda,PPIL4:K562
GRWD1,HepG2,chr6:79042827:T:G,0,3,-0.18094544112682343,modal,cuda,PPIL4:K562
GRWD1,HepG2,chr6:83170286:T:C,0,3,-0.3904761075973511,modal,cuda,PPIL4:K562
GRWD1,HepG2,chr6:83170340:C:A,1,3,-0.5256298780441284,modal,cuda,PPIL4:K562
GRWD1,HepG2,chr6:83181739:G:A,1,3,2.4791595935821533,modal,cuda,PPIL4:K562
GRWD1,HepG2,chr6:83181808:C:G,1,3,-2.203659772872925,modal,cuda,PPIL4:K562
GRWD1,HepG2,chr6:87564153:G:A,1,3,-2.679381847381592,modal,cuda,PPIL4:K562
GRWD1,HepG2,chr6:87564159:G:A,1,3,1.3876564502716064,modal,cuda,PPIL4:K562
GRWD1,HepG2,chr6:87564188:T:A,0,3,-0.4473973512649536,modal,cuda,PPIL4:K562
GRWD1,HepG2,chr6:90550552:A:G,0,3,0.35701102018356323,modal,cuda,PPIL4:K562
GRWD1,HepG2,chr6:98905543:C:T,1,3,0.9808899760246277,modal,cuda,PPIL4:K562
GRWD1,HepG2,chr6:98905551:T:C,0,3,-0.30574509501457214,modal,cuda,PPIL4:K562
GRWD1,HepG2,chr7:100099732:G:A,1,2,1.073198676109314,modal,cuda,PPIL4:K562
GRWD1,HepG2,chr7:100683384:G:A,1,2,-0.6822845935821533,modal,cuda,PPIL4:K562
GRWD1,HepG2,chr7:100687818:C:G,0,2,-0.40282416343688965,modal,cuda,PPIL4:K562
GRWD1,HepG2,chr7:101916233:G:A,0,2,0.29004669189453125,modal,cuda,PPIL4:K562
GRWD1,HepG2,chr7:102111780:A:G,0,2,-0.7961176633834839,modal,cuda,PPIL4:K562
GRWD1,HepG2,chr7:103299440:A:G,0,2,0.36693477630615234,modal,cuda,PPIL4:K562
GRWD1,HepG2,chr7:105542548:G:A,0,2,0.37140804529190063,modal,cuda,PPIL4:K562
GRWD1,HepG2,chr7:105542599:C:T,0,2,-0.43734318017959595,modal,cuda,PPIL4:K562
GRWD1,HepG2,chr7:107283555:T:C,0,2,0.0703563243150711,modal,cuda,PPIL4:K562
GRWD1,HepG2,chr7:107548274:G:T,0,2,1.9232131242752075,modal,cuda,PPIL4:K562
GRWD1,HepG2,chr7:107548350:T:C,0,2,-0.29954415559768677,modal,cuda,PPIL4:K562
GRWD1,HepG2,chr7:107893265:C:A,1,2,2.4328131675720215,modal,cuda,PPIL4:K562
GRWD1,HepG2,chr7:107893272:C:T,1,2,1.5367664098739624,modal,cuda,PPIL4:K562
GRWD1,HepG2,chr7:107951207:G:A,0,2,-1.3052678108215332,modal,cuda,PPIL4:K562
GRWD1,HepG2,chr7:112004038:G:C,0,2,0.2813491225242615,modal,cuda,PPIL4:K562
GRWD1,HepG2,chr7:112450727:T:C,0,2,-0.5301957726478577,modal,cuda,PPIL4:K562
GRWD1,HepG2,chr7:112462016:C:G,0,2,-0.9842714071273804,modal,cuda,PPIL4:K562
GRWD1,HepG2,chr7:112472825:A:G,0,2,-0.292450875043869,modal,cuda,PPIL4:K562
GRWD1,HepG2,chr7:112472837:G:A,0,2,0.2567942142486572,modal,cuda,PPIL4:K562
GRWD1,HepG2,chr7:124859064:G:A,1,2,0.5724214315414429,modal,cuda,PPIL4:K562
GRWD1,HepG2,chr7:124859077:C:T,1,2,0.7812845706939697,modal,cuda,PPIL4:K562
GRWD1,HepG2,chr7:124859107:C:T,1,2,0.6394838094711304,modal,cuda,PPIL4:K562
GRWD1,HepG2,chr7:124859108:C:T,1,2,0.3072347640991211,modal,cuda,PPIL4:K562
GRWD1,HepG2,chr7:124863434:A:T,1,2,0.3891538083553314,modal,cuda,PPIL4:K562
GRWD1,HepG2,chr7:124863438:A:T,1,2,0.4921945333480835,modal,cuda,PPIL4:K562
GRWD1,HepG2,chr7:124863447:A:C,1,2,-1.4352939128875732,modal,cuda,PPIL4:K562
GRWD1,HepG2,chr7:124863453:C:T,1,2,-0.4319113492965698,modal,cuda,PPIL4:K562
GRWD1,HepG2,chr7:124863480:C:T,1,2,-0.6930912137031555,modal,cuda,PPIL4:K562
GRWD1,HepG2,chr7:129054645:C:T,0,2,0.9439980983734131,modal,cuda,PPIL4:K562
GRWD1,HepG2,chr7:129657483:G:A,0,2,-0.4689706563949585,modal,cuda,PPIL4:K562
GRWD1,HepG2,chr7:134448001:C:T,0,2,0.392727792263031,modal,cuda,PPIL4:K562
GRWD1,HepG2,chr7:134450843:G:A,0,2,-0.24446964263916016,modal,cuda,PPIL4:K562
GRWD1,HepG2,chr7:140800310:A:G,0,2,-0.3748149573802948,modal,cuda,PPIL4:K562
GRWD1,HepG2,chr7:140800335:C:T,0,2,-0.4190869927406311,modal,cuda,PPIL4:K562
GRWD1,HepG2,chr7:143268784:C:G,0,2,3.173215866088867,modal,cuda,PPIL4:K562
GRWD1,HepG2,chr7:148816664:G:C,0,2,0.21503758430480957,modal,cuda,PPIL4:K562
GRWD1,HepG2,chr7:148827145:C:G,0,2,1.195297122001648,modal,cuda,PPIL4:K562
GRWD1,HepG2,chr7:148846483:C:T,0,2,0.7787597179412842,modal,cuda,PPIL4:K562
GRWD1,HepG2,chr7:148846484:G:A,0,2,0.8040957450866699,modal,cuda,PPIL4:K562
GRWD1,HepG2,chr7:152309960:A:G,0,2,0.46277356147766113,modal,cuda,PPIL4:K562
GRWD1,HepG2,chr7:152309963:T:C,0,2,-0.2206130027770996,modal,cuda,PPIL4:K562
GRWD1,HepG2,chr7:2225505:G:A,1,2,-0.45081543922424316,modal,cuda,PPIL4:K562
GRWD1,HepG2,chr7:23319261:G:T,0,2,-0.5801854133605957,modal,cuda,PPIL4:K562
GRWD1,HepG2,chr7:2355408:G:C,0,2,0.07925398647785187,modal,cuda,PPIL4:K562
GRWD1,HepG2,chr7:2360759:C:T,0,2,-0.395290732383728,modal,cuda,PPIL4:K562
GRWD1,HepG2,chr7:2364367:T:C,0,2,0.28610700368881226,modal,cuda,PPIL4:K562
GRWD1,HepG2,chr7:26195828:A:G,0,2,0.27558839321136475,modal,cuda,PPIL4:K562
GRWD1,HepG2,chr7:26196674:C:T,0,2,0.4231865406036377,modal,cuda,PPIL4:K562
GRWD1,HepG2,chr7:26196798:G:A,0,2,-0.1870632767677307,modal,cuda,PPIL4:K562
GRWD1,HepG2,chr7:26197609:G:A,0,2,0.3348662853240967,modal,cuda,PPIL4:K562
GRWD1,HepG2,chr7:26197618:A:G,0,2,-0.8986661434173584,modal,cuda,PPIL4:K562
GRWD1,HepG2,chr7:26360970:T:C,0,2,0.5945795774459839,modal,cuda,PPIL4:K562
GRWD1,HepG2,chr7:27792000:C:A,0,2,0.13368934392929077,modal,cuda,PPIL4:K562
GRWD1,HepG2,chr7:27794316:T:G,0,2,0.5145609378814697,modal,cuda,PPIL4:K562
GRWD1,HepG2,chr7:33026888:G:A,1,2,-2.572744607925415,modal,cuda,PPIL4:K562
GRWD1,HepG2,chr7:33177507:C:T,1,2,0.6724199056625366,modal,cuda,PPIL4:K562
GRWD1,HepG2,chr7:33177557:C:A,1,2,1.7899571657180786,modal,cuda,PPIL4:K562
GRWD1,HepG2,chr7:33177574:C:A,1,2,1.3526369333267212,modal,cuda,PPIL4:K562
GRWD1,HepG2,chr7:36422818:G:A,0,2,0.22333459556102753,modal,cuda,PPIL4:K562
GRWD1,HepG2,chr7:36449844:A:G,0,2,0.8212889432907104,modal,cuda,PPIL4:K562
GRWD1,HepG2,chr7:36449849:C:G,0,2,0.7748860120773315,modal,cuda,PPIL4:K562
GRWD1,HepG2,chr7:36449854:A:G,0,2,-0.40207594633102417,modal,cuda,PPIL4:K562
GRWD1,HepG2,chr7:36452603:C:T,0,2,0.45271456241607666,modal,cuda,PPIL4:K562
GRWD1,HepG2,chr7:36452604:G:A,0,2,0.5418932437896729,modal,cuda,PPIL4:K562
GRWD1,HepG2,chr7:44520983:C:T,0,2,0.3923020362854004,modal,cuda,PPIL4:K562
GRWD1,HepG2,chr7:44624574:C:T,0,2,-0.6303713321685791,modal,cuda,PPIL4:K562
GRWD1,HepG2,chr7:5357285:G:A,0,2,0.38144242763519287,modal,cuda,PPIL4:K562
GRWD1,HepG2,chr7:5712876:G:A,0,2,0.2577010989189148,modal,cuda,PPIL4:K562
GRWD1,HepG2,chr7:65974348:C:T,1,2,-1.0970643758773804,modal,cuda,PPIL4:K562
GRWD1,HepG2,chr7:65974349:C:T,1,2,0.44536295533180237,modal,cuda,PPIL4:K562
GRWD1,HepG2,chr7:66089180:G:A,1,2,-0.3407084345817566,modal,cuda,PPIL4:K562
GRWD1,HepG2,chr7:73573979:C:T,0,2,-0.19700153172016144,modal,cuda,PPIL4:K562
GRWD1,HepG2,chr7:73595675:C:T,0,2,0.09547913074493408,modal,cuda,PPIL4:K562
GRWD1,HepG2,chr7:73595904:C:T,0,2,-0.08130908012390137,modal,cuda,PPIL4:K562
GRWD1,HepG2,chr7:73596855:G:A,0,2,-0.2705177068710327,modal,cuda,PPIL4:K562
GRWD1,HepG2,chr7:73605715:T:G,0,2,0.707046389579773,modal,cuda,PPIL4:K562
GRWD1,HepG2,chr7:842037:G:A,0,2,-0.6714430451393127,modal,cuda,PPIL4:K562
GRWD1,HepG2,chr7:842045:C:T,0,2,1.5151381492614746,modal,cuda,PPIL4:K562
GRWD1,HepG2,chr7:860183:G:T,0,2,-0.6247082352638245,modal,cuda,PPIL4:K562
GRWD1,HepG2,chr7:860249:C:T,0,2,0.3508741855621338,modal,cuda,PPIL4:K562
GRWD1,HepG2,chr7:92045220:G:C,0,2,0.08881336450576782,modal,cuda,PPIL4:K562
GRWD1,HepG2,chr7:92532521:A:C,0,2,-0.2507026195526123,modal,cuda,PPIL4:K562
GRWD1,HepG2,chr7:95269499:G:A,0,2,0.23809778690338135,modal,cuda,PPIL4:K562
GRWD1,HepG2,chr7:95405509:A:T,0,2,0.3165247440338135,modal,cuda,PPIL4:K562
GRWD1,HepG2,chr7:96208849:G:A,1,2,-0.19715845584869385,modal,cuda,PPIL4:K562
GRWD1,HepG2,chr7:97858410:A:C,1,2,-1.8199678659439087,modal,cuda,PPIL4:K562
GRWD1,HepG2,chr7:97858418:G:A,0,2,-0.3334461450576782,modal,cuda,PPIL4:K562
GRWD1,HepG2,chr7:98983477:G:A,0,2,0.36303865909576416,modal,cuda,PPIL4:K562
GRWD1,HepG2,chr7:98984362:C:A,0,2,0.3157254457473755,modal,cuda,PPIL4:K562
GRWD1,HepG2,chr7:99385711:C:T,0,2,0.2761514484882355,modal,cuda,PPIL4:K562
GRWD1,HepG2,chr7:99385798:C:T,0,2,-0.6733217239379883,modal,cuda,PPIL4:K562
GRWD1,HepG2,chr7:99404853:C:A,0,2,-0.3658456802368164,modal,cuda,PPIL4:K562
GRWD1,HepG2,chr8:100923937:A:C,0,0,-0.42201900482177734,modal,cuda,PPIL4:K562
GRWD1,HepG2,chr8:100924055:G:A,0,0,0.24158668518066406,modal,cuda,PPIL4:K562
GRWD1,HepG2,chr8:102232195:C:T,1,0,-2.2529051303863525,modal,cuda,PPIL4:K562
GRWD1,HepG2,chr8:140572797:T:C,0,0,0.41433560848236084,modal,cuda,PPIL4:K562
GRWD1,HepG2,chr8:140668299:G:A,0,0,-0.3466572165489197,modal,cuda,PPIL4:K562
GRWD1,HepG2,chr8:140668359:G:A,0,0,0.3676724433898926,modal,cuda,PPIL4:K562
GRWD1,HepG2,chr8:140800487:C:T,0,0,0.32125353813171387,modal,cuda,PPIL4:K562
GRWD1,HepG2,chr8:140800505:C:A,0,0,0.22923600673675537,modal,cuda,PPIL4:K562
GRWD1,HepG2,chr8:143315717:G:A,0,0,0.34730064868927,modal,cuda,PPIL4:K562
GRWD1,HepG2,chr8:143821588:G:A,0,0,-0.13213585317134857,modal,cuda,PPIL4:K562
GRWD1,HepG2,chr8:143938609:C:G,0,0,0.6234143972396851,modal,cuda,PPIL4:K562
GRWD1,HepG2,chr8:143938609:C:T,0,0,-1.0802443027496338,modal,cuda,PPIL4:K562
GRWD1,HepG2,chr8:144438635:G:A,0,0,1.3664779663085938,modal,cuda,PPIL4:K562
GRWD1,HepG2,chr8:144443098:C:T,0,0,-0.7271690368652344,modal,cuda,PPIL4:K562
GRWD1,HepG2,chr8:144515758:T:A,0,0,-0.39356350898742676,modal,cuda,PPIL4:K562
GRWD1,HepG2,chr8:144515800:G:A,1,0,-1.1568011045455933,modal,cuda,PPIL4:K562
GRWD1,HepG2,chr8:144516578:G:A,1,0,-2.793705463409424,modal,cuda,PPIL4:K562
GRWD1,HepG2,chr8:144517085:G:A,1,0,-0.9798729419708252,modal,cuda,PPIL4:K562
GRWD1,HepG2,chr8:17655975:T:C,0,0,0.6865391731262207,modal,cuda,PPIL4:K562
GRWD1,HepG2,chr8:17953081:G:A,0,0,0.5185682773590088,modal,cuda,PPIL4:K562
GRWD1,HepG2,chr8:17960417:A:G,0,0,-0.05888628959655762,modal,cuda,PPIL4:K562
GRWD1,HepG2,chr8:17964628:C:T,0,0,-0.2144542932510376,modal,cuda,PPIL4:K562
GRWD1,HepG2,chr8:18011284:G:C,0,0,0.6476058959960938,modal,cuda,PPIL4:K562
GRWD1,HepG2,chr8:18011290:T:C,0,0,0.3326559066772461,modal,cuda,PPIL4:K562
GRWD1,HepG2,chr8:18075586:C:T,1,0,-0.46428489685058594,modal,cuda,PPIL4:K562
GRWD1,HepG2,chr8:18075590:G:A,0,0,0.3134406805038452,modal,cuda,PPIL4:K562
GRWD1,HepG2,chr8:22630437:G:A,0,0,0.3644692897796631,modal,cuda,PPIL4:K562
GRWD1,HepG2,chr8:27606346:C:G,0,0,0.5466918349266052,modal,cuda,PPIL4:K562
GRWD1,HepG2,chr8:27606389:C:T,0,0,0.31598877906799316,modal,cuda,PPIL4:K562
GRWD1,HepG2,chr8:27609061:G:A,0,0,0.4883926510810852,modal,cuda,PPIL4:K562
GRWD1,HepG2,chr8:30612288:A:C,0,0,0.8183908462524414,modal,cuda,PPIL4:K562
GRWD1,HepG2,chr8:30612294:A:G,0,0,0.3768364191055298,modal,cuda,PPIL4:K562
GRWD1,HepG2,chr8:30614598:A:C,0,0,-1.0133310556411743,modal,cuda,PPIL4:K562
GRWD1,HepG2,chr8:37753541:G:A,0,0,0.23761111497879028,modal,cuda,PPIL4:K562
GRWD1,HepG2,chr8:38252199:G:A,1,0,-0.7573277950286865,modal,cuda,PPIL4:K562
GRWD1,HepG2,chr8:38252216:C:T,1,0,-2.5966124534606934,modal,cuda,PPIL4:K562
GRWD1,HepG2,chr8:38421777:G:A,0,0,0.2848840355873108,modal,cuda,PPIL4:K562
GRWD1,HepG2,chr8:38428101:G:T,0,0,-1.1040239334106445,modal,cuda,PPIL4:K562
GRWD1,HepG2,chr8:38428118:C:G,0,0,0.7846566438674927,modal,cuda,PPIL4:K562
GRWD1,HepG2,chr8:38819724:G:A,0,0,0.6834499835968018,modal,cuda,PPIL4:K562
GRWD1,HepG2,chr8:41974831:A:T,0,0,-1.1328786611557007,modal,cuda,PPIL4:K562
GRWD1,HepG2,chr8:42316223:C:T,1,0,-1.8440499305725098,modal,cuda,PPIL4:K562
GRWD1,HepG2,chr8:42316265:C:T,1,0,-1.0303747653961182,modal,cuda,PPIL4:K562
GRWD1,HepG2,chr8:42316288:G:A,0,0,0.29164302349090576,modal,cuda,PPIL4:K562
GRWD1,HepG2,chr8:42317785:A:T,0,0,-0.7847405076026917,modal,cuda,PPIL4:K562
GRWD1,HepG2,chr8:42318584:C:T,1,0,0.599479079246521,modal,cuda,PPIL4:K562
GRWD1,HepG2,chr8:42319372:C:T,0,0,-0.3130221366882324,modal,cuda,PPIL4:K562
GRWD1,HepG2,chr8:42329148:T:C,0,0,-0.369972825050354,modal,cuda,PPIL4:K562
GRWD1,HepG2,chr8:47700499:G:A,0,0,0.656826376914978,modal,cuda,PPIL4:K562
GRWD1,HepG2,chr8:47712652:C:T,0,0,0.5855265259742737,modal,cuda,PPIL4:K562
GRWD1,HepG2,chr8:47712654:A:C,0,0,0.809126615524292,modal,cuda,PPIL4:K562
GRWD1,HepG2,chr8:47826879:C:A,0,0,0.603825569152832,modal,cuda,PPIL4:K562
GRWD1,HepG2,chr8:47933959:T:C,0,0,0.2651735544204712,modal,cuda,PPIL4:K562
GRWD1,HepG2,chr8:47966411:C:T,0,0,-0.7417457103729248,modal,cuda,PPIL4:K562
GRWD1,HepG2,chr8:47970896:G:A,0,0,-0.9354270696640015,modal,cuda,PPIL4:K562
GRWD1,HepG2,chr8:56074162:A:G,0,0,0.10599946975708008,modal,cuda,PPIL4:K562
GRWD1,HepG2,chr8:60678877:C:T,0,0,-0.7755781412124634,modal,cuda,PPIL4:K562
GRWD1,HepG2,chr8:60800447:G:T,0,0,0.8409485816955566,modal,cuda,PPIL4:K562
GRWD1,HepG2,chr8:60800520:C:T,1,0,-0.9397975206375122,modal,cuda,PPIL4:K562
GRWD1,HepG2,chr8:60822607:T:G,1,0,0.8787257671356201,modal,cuda,PPIL4:K562
GRWD1,HepG2,chr8:60822634:A:G,1,0,0.23510921001434326,modal,cuda,PPIL4:K562
GRWD1,HepG2,chr8:60822636:T:G,1,0,0.8037385940551758,modal,cuda,PPIL4:K562
GRWD1,HepG2,chr8:60822638:G:C,1,0,-0.38115501403808594,modal,cuda,PPIL4:K562
GRWD1,HepG2,chr8:60822651:C:T,1,0,-2.8418853282928467,modal,cuda,PPIL4:K562
GRWD1,HepG2,chr8:60823911:T:A,1,0,-2.1026458740234375,modal,cuda,PPIL4:K562
GRWD1,HepG2,chr8:60824016:G:C,1,0,1.3490746021270752,modal,cuda,PPIL4:K562
GRWD1,HepG2,chr8:60824021:G:C,1,0,-1.1368483304977417,modal,cuda,PPIL4:K562
GRWD1,HepG2,chr8:60830440:A:C,1,0,0.8041558265686035,modal,cuda,PPIL4:K562
GRWD1,HepG2,chr8:60830440:A:G,1,0,1.3203376531600952,modal,cuda,PPIL4:K562
GRWD1,HepG2,chr8:60830450:T:C,0,0,-0.1392340362071991,modal,cuda,PPIL4:K562
GRWD1,HepG2,chr8:60830454:C:T,1,0,-2.0385143756866455,modal,cuda,PPIL4:K562
GRWD1,HepG2,chr8:60830494:G:A,0,0,-0.6765691637992859,modal,cuda,PPIL4:K562
GRWD1,HepG2,chr8:60830495:C:T,0,0,0.6268666386604309,modal,cuda,PPIL4:K562
GRWD1,HepG2,chr8:60830496:G:A,0,0,-0.3526662588119507,modal,cuda,PPIL4:K562
GRWD1,HepG2,chr8:60830567:C:G,1,0,-2.0643904209136963,modal,cuda,PPIL4:K562
GRWD1,HepG2,chr8:60830569:T:G,1,0,-0.7035496830940247,modal,cuda,PPIL4:K562
GRWD1,HepG2,chr8:60830578:G:A,1,0,0.7648491859436035,modal,cuda,PPIL4:K562
GRWD1,HepG2,chr8:60836199:T:C,1,0,-0.5701136589050293,modal,cuda,PPIL4:K562
GRWD1,HepG2,chr8:60838075:G:A,1,0,0.2359405755996704,modal,cuda,PPIL4:K562
GRWD1,HepG2,chr8:60838082:C:T,1,0,1.2597432136535645,modal,cuda,PPIL4:K562
GRWD1,HepG2,chr8:60838097:G:T,1,0,1.565904140472412,modal,cuda,PPIL4:K562
GRWD1,HepG2,chr8:60838115:C:T,1,0,1.6704329252243042,modal,cuda,PPIL4:K562
GRWD1,HepG2,chr8:60838129:T:G,1,0,-0.6193668246269226,modal,cuda,PPIL4:K562
GRWD1,HepG2,chr8:60841940:G:T,1,0,3.816108465194702,modal,cuda,PPIL4:K562
GRWD1,HepG2,chr8:60841985:C:T,1,0,1.683762788772583,modal,cuda,PPIL4:K562
GRWD1,HepG2,chr8:60841995:C:G,1,0,2.209998607635498,modal,cuda,PPIL4:K562
GRWD1,HepG2,chr8:60841997:C:T,1,0,1.080721139907837,modal,cuda,PPIL4:K562
GRWD1,HepG2,chr8:60845007:G:A,1,0,-1.797918438911438,modal,cuda,PPIL4:K562
GRWD1,HepG2,chr8:60845036:C:T,1,0,-0.8323333263397217,modal,cuda,PPIL4:K562
GRWD1,HepG2,chr8:60845042:C:T,1,0,0.6259185075759888,modal,cuda,PPIL4:K562
GRWD1,HepG2,chr8:60845052:T:C,0,0,1.556015968322754,modal,cuda,PPIL4:K562
GRWD1,HepG2,chr8:60845063:G:A,1,0,0.2830889821052551,modal,cuda,PPIL4:K562
GRWD1,HepG2,chr8:60845064:G:A,1,0,0.8687673807144165,modal,cuda,PPIL4:K562
GRWD1,HepG2,chr8:60845064:G:C,1,0,-0.3319777548313141,modal,cuda,PPIL4:K562
GRWD1,HepG2,chr8:60845300:C:T,1,0,-1.426274061203003,modal,cuda,PPIL4:K562
GRWD1,HepG2,chr8:60845309:C:T,1,0,-0.7618343830108643,modal,cuda,PPIL4:K562
GRWD1,HepG2,chr8:60845313:C:T,0,0,0.4853542447090149,modal,cuda,PPIL4:K562
GRWD1,HepG2,chr8:60845322:A:G,0,0,0.41443049907684326,modal,cuda,PPIL4:K562
GRWD1,HepG2,chr8:60845347:C:T,0,0,0.5748884677886963,modal,cuda,PPIL4:K562
GRWD1,HepG2,chr8:60845380:C:G,1,0,-0.7056319713592529,modal,cuda,PPIL4:K562
GRWD1,HepG2,chr8:60845380:C:T,0,0,-1.1562068462371826,modal,cuda,PPIL4:K562
GRWD1,HepG2,chr8:60848573:G:A,0,0,0.7586064338684082,modal,cuda,PPIL4:K562
GRWD1,HepG2,chr8:60848576:G:A,0,0,0.2828848361968994,modal,cuda,PPIL4:K562
GRWD1,HepG2,chr8:60848605:G:A,1,0,0.8429533839225769,modal,cuda,PPIL4:K562
GRWD1,HepG2,chr8:60850475:C:A,1,0,-0.24312031269073486,modal,cuda,PPIL4:K562
GRWD1,HepG2,chr8:60850476:G:A,1,0,-0.5748618841171265,modal,cuda,PPIL4:K562
GRWD1,HepG2,chr8:60850480:G:A,1,0,-0.4949924349784851,modal,cuda,PPIL4:K562
GRWD1,HepG2,chr8:60850486:G:A,1,0,0.2255256175994873,modal,cuda,PPIL4:K562
GRWD1,HepG2,chr8:60850491:A:G,1,0,-0.1543048620223999,modal,cuda,PPIL4:K562
GRWD1,HepG2,chr8:60850493:G:T,1,0,0.5232477188110352,modal,cuda,PPIL4:K562
GRWD1,HepG2,chr8:60850506:C:G,1,0,-2.481193780899048,modal,cuda,PPIL4:K562
GRWD1,HepG2,chr8:60850516:C:T,1,0,-1.015120029449463,modal,cuda,PPIL4:K562
GRWD1,HepG2,chr8:60850523:A:G,1,0,-0.6559518575668335,modal,cuda,PPIL4:K562
GRWD1,HepG2,chr8:60850546:C:T,1,0,-1.962501883506775,modal,cuda,PPIL4:K562
GRWD1,HepG2,chr8:60852942:C:T,1,0,-2.7689619064331055,modal,cuda,PPIL4:K562
GRWD1,HepG2,chr8:60852968:C:A,1,0,1.5758910179138184,modal,cuda,PPIL4:K562
GRWD1,HepG2,chr8:60852986:G:A,0,0,0.8362979888916016,modal,cuda,PPIL4:K562
GRWD1,HepG2,chr8:60852997:G:A,1,0,-0.671981155872345,modal,cuda,PPIL4:K562
GRWD1,HepG2,chr8:60852998:G:A,1,0,1.0632696151733398,modal,cuda,PPIL4:K562
GRWD1,HepG2,chr8:60853001:G:A,0,0,1.9915659427642822,modal,cuda,PPIL4:K562
GRWD1,HepG2,chr8:60853014:G:C,1,0,0.7749319076538086,modal,cuda,PPIL4:K562
GRWD1,HepG2,chr8:60853017:C:T,1,0,1.3424235582351685,modal,cuda,PPIL4:K562
GRWD1,HepG2,chr8:60853047:G:T,1,0,0.6090466976165771,modal,cuda,PPIL4:K562
GRWD1,HepG2,chr8:60853109:T:G,0,0,-0.7758625745773315,modal,cuda,PPIL4:K562
GRWD1,HepG2,chr8:60853117:T:G,0,0,1.4957456588745117,modal,cuda,PPIL4:K562
GRWD1,HepG2,chr8:60853144:C:T,0,0,0.7352402210235596,modal,cuda,PPIL4:K562
GRWD1,HepG2,chr8:60853164:G:A,0,0,-0.31505703926086426,modal,cuda,PPIL4:K562
GRWD1,HepG2,chr8:60853171:G:A,0,0,-1.411420464515686,modal,cuda,PPIL4:K562
GRWD1,HepG2,chr8:60853179:C:T,1,0,1.7294185161590576,modal,cuda,PPIL4:K562
GRWD1,HepG2,chr8:60853198:C:A,1,0,1.0877021551132202,modal,cuda,PPIL4:K562
GRWD1,HepG2,chr8:60853200:T:C,0,0,-0.21537399291992188,modal,cuda,PPIL4:K562
GRWD1,HepG2,chr8:60853210:T:C,0,0,-0.32010507583618164,modal,cuda,PPIL4:K562
GRWD1,HepG2,chr8:60853397:C:T,0,0,0.0774526596069336,modal,cuda,PPIL4:K562
GRWD1,HepG2,chr8:60853402:A:G,0,0,1.3230462074279785,modal,cuda,PPIL4:K562
GRWD1,HepG2,chr8:60853405:C:G,0,0,0.07702136039733887,modal,cuda,PPIL4:K562
GRWD1,HepG2,chr8:60853406:T:G,0,0,-0.2590593099594116,modal,cuda,PPIL4:K562
GRWD1,HepG2,chr8:60853457:G:A,0,0,-0.10660791397094727,modal,cuda,PPIL4:K562
GRWD1,HepG2,chr8:60853463:G:A,0,0,-0.4754737615585327,modal,cuda,PPIL4:K562
GRWD1,HepG2,chr8:60853501:G:A,1,0,0.5213102102279663,modal,cuda,PPIL4:K562
GRWD1,HepG2,chr8:60853501:G:T,1,0,-0.9398984909057617,modal,cuda,PPIL4:K562
GRWD1,HepG2,chr8:60856721:C:T,1,0,-2.0670740604400635,modal,cuda,PPIL4:K562
GRWD1,HepG2,chr8:60856726:G:A,0,0,0.284954309463501,modal,cuda,PPIL4:K562
GRWD1,HepG2,chr8:60856749:C:T,0,0,0.39742016792297363,modal,cuda,PPIL4:K562
GRWD1,HepG2,chr8:61555978:A:T,1,0,-0.9865739345550537,modal,cuda,PPIL4:K562
GRWD1,HepG2,chr8:61714403:C:T,0,0,0.06958770751953125,modal,cuda,PPIL4:K562
GRWD1,HepG2,chr8:61714445:A:G,0,0,0.592860996723175,modal,cuda,PPIL4:K562
GRWD1,HepG2,chr8:61714548:C:G,0,0,0.9409949779510498,modal,cuda,PPIL4:K562
GRWD1,HepG2,chr8:67201570:G:A,1,0,-1.7890210151672363,modal,cuda,PPIL4:K562
GRWD1,HepG2,chr8:70216728:T:C,0,0,-0.21566063165664673,modal,cuda,PPIL4:K562
GRWD1,HepG2,chr8:91071196:A:G,0,0,0.24068069458007812,modal,cuda,PPIL4:K562
GRWD1,HepG2,chr8:96231837:C:T,0,0,-0.4598982334136963,modal,cuda,PPIL4:K562
GRWD1,HepG2,chr8:96233140:C:G,0,0,-0.37751108407974243,modal,cuda,PPIL4:K562
GRWD1,HepG2,chr8:99038429:A:T,1,0,1.0533943176269531,modal,cuda,PPIL4:K562
GRWD1,HepG2,chr8:99038453:G:T,1,0,-1.323763370513916,modal,cuda,PPIL4:K562
GRWD1,HepG2,chr8:99111181:G:T,1,0,-0.6924806237220764,modal,cuda,PPIL4:K562
GRWD1,HepG2,chr9:104845460:G:A,0,4,-0.882375955581665,modal,cuda,PPIL4:K562
GRWD1,HepG2,chr9:108912460:A:C,1,4,-1.8184313774108887,modal,cuda,PPIL4:K562
GRWD1,HepG2,chr9:112409029:T:C,0,4,-2.0154051780700684,modal,cuda,PPIL4:K562
GRWD1,HepG2,chr9:113390398:C:A,0,4,-0.4553307890892029,modal,cuda,PPIL4:K562
GRWD1,HepG2,chr9:113390786:G:A,0,4,0.5246249437332153,modal,cuda,PPIL4:K562
GRWD1,HepG2,chr9:114240286:C:T,0,4,0.7838630676269531,modal,cuda,PPIL4:K562
GRWD1,HepG2,chr9:114258525:T:C,0,4,0.3251166343688965,modal,cuda,PPIL4:K562
GRWD1,HepG2,chr9:114258602:G:A,0,4,0.6409609913825989,modal,cuda,PPIL4:K562
GRWD1,HepG2,chr9:114275643:T:G,0,4,-0.3344171345233917,modal,cuda,PPIL4:K562
GRWD1,HepG2,chr9:114275787:T:A,0,4,-2.2847912311553955,modal,cuda,PPIL4:K562
GRWD1,HepG2,chr9:114288530:C:G,0,4,-0.32544636726379395,modal,cuda,PPIL4:K562
GRWD1,HepG2,chr9:114289306:C:G,0,4,-0.28999948501586914,modal,cuda,PPIL4:K562
GRWD1,HepG2,chr9:114289307:G:A,0,4,0.12882304191589355,modal,cuda,PPIL4:K562
GRWD1,HepG2,chr9:120402886:G:A,1,4,1.7710026502609253,modal,cuda,PPIL4:K562
GRWD1,HepG2,chr9:120408401:G:A,1,4,-1.0441901683807373,modal,cuda,PPIL4:K562
GRWD1,HepG2,chr9:120409173:G:A,1,4,-0.8268016576766968,modal,cuda,PPIL4:K562
GRWD1,HepG2,chr9:120409185:C:A,1,4,-0.982879102230072,modal,cuda,PPIL4:K562
GRWD1,HepG2,chr9:120437349:G:A,1,4,0.6253155469894409,modal,cuda,PPIL4:K562
GRWD1,HepG2,chr9:120439661:G:A,1,4,3.342679023742676,modal,cuda,PPIL4:K562
GRWD1,HepG2,chr9:120443703:C:T,0,4,-0.4251387119293213,modal,cuda,PPIL4:K562
GRWD1,HepG2,chr9:120477335:G:C,0,4,-0.5111907720565796,modal,cuda,PPIL4:K562
GRWD1,HepG2,chr9:120518459:G:A,1,4,-0.5809921026229858,modal,cuda,PPIL4:K562
GRWD1,HepG2,chr9:120530076:C:A,1,4,4.331146240234375,modal,cuda,PPIL4:K562
GRWD1,HepG2,chr9:120530103:C:A,1,4,2.440645933151245,modal,cuda,PPIL4:K562
GRWD1,HepG2,chr9:120545742:C:A,1,4,0.7808040380477905,modal,cuda,PPIL4:K562
GRWD1,HepG2,chr9:120545794:C:T,0,4,-0.07361912727355957,modal,cuda,PPIL4:K562
GRWD1,HepG2,chr9:120550848:G:A,1,4,0.8610519170761108,modal,cuda,PPIL4:K562
GRWD1,HepG2,chr9:120550852:A:T,1,4,-2.290034294128418,modal,cuda,PPIL4:K562
GRWD1,HepG2,chr9:120571998:G:C,0,4,1.1540381908416748,modal,cuda,PPIL4:K562
GRWD1,HepG2,chr9:124861577:C:G,0,4,0.1692596673965454,modal,cuda,PPIL4:K562
GRWD1,HepG2,chr9:127455612:C:T,1,4,1.1396596431732178,modal,cuda,PPIL4:K562
GRWD1,HepG2,chr9:127462332:C:T,1,4,-1.1485611200332642,modal,cuda,PPIL4:K562
GRWD1,HepG2,chr9:127482992:T:A,0,4,1.4044781923294067,modal,cuda,PPIL4:K562
GRWD1,HepG2,chr9:127483005:C:T,1,4,-2.1840529441833496,modal,cuda,PPIL4:K562
GRWD1,HepG2,chr9:128177546:C:T,0,4,0.4483911991119385,modal,cuda,PPIL4:K562
GRWD1,HepG2,chr9:128179427:C:A,0,4,0.32749176025390625,modal,cuda,PPIL4:K562
GRWD1,HepG2,chr9:128325935:G:A,0,4,0.7595301866531372,modal,cuda,PPIL4:K562
GRWD1,HepG2,chr9:128574820:G:A,0,4,-0.35176602005958557,modal,cuda,PPIL4:K562
GRWD1,HepG2,chr9:128576976:T:C,0,4,-1.419196367263794,modal,cuda,PPIL4:K562
GRWD1,HepG2,chr9:128584269:T:G,0,4,-0.19826138019561768,modal,cuda,PPIL4:K562
GRWD1,HepG2,chr9:128585985:G:A,0,4,1.2803552150726318,modal,cuda,PPIL4:K562
GRWD1,HepG2,chr9:128607590:G:T,0,4,0.5162674188613892,modal,cuda,PPIL4:K562
GRWD1,HepG2,chr9:128607723:G:C,0,4,0.7906277179718018,modal,cuda,PPIL4:K562
GRWD1,HepG2,chr9:128608114:C:T,0,4,-0.4951973259449005,modal,cuda,PPIL4:K562
GRWD1,HepG2,chr9:128608282:G:A,0,4,-0.39319074153900146,modal,cuda,PPIL4:K562
GRWD1,HepG2,chr9:128611865:G:A,0,4,-0.7934486865997314,modal,cuda,PPIL4:K562
GRWD1,HepG2,chr9:128617624:C:T,0,4,-0.32451319694519043,modal,cuda,PPIL4:K562
GRWD1,HepG2,chr9:128617972:G:A,0,4,1.603158950805664,modal,cuda,PPIL4:K562
GRWD1,HepG2,chr9:128692656:G:A,0,4,-2.491589307785034,modal,cuda,PPIL4:K562
GRWD1,HepG2,chr9:128693624:C:T,0,4,2.857487678527832,modal,cuda,PPIL4:K562
GRWD1,HepG2,chr9:128826609:G:C,0,4,0.9840658903121948,modal,cuda,PPIL4:K562
GRWD1,HepG2,chr9:128827130:C:T,0,4,-0.9695522785186768,modal,cuda,PPIL4:K562
GRWD1,HepG2,chr9:128987723:G:T,0,4,-0.30250978469848633,modal,cuda,PPIL4:K562
GRWD1,HepG2,chr9:130699309:C:T,0,4,-0.6076301336288452,modal,cuda,PPIL4:K562
GRWD1,HepG2,chr9:130702190:C:G,0,4,1.4980158805847168,modal,cuda,PPIL4:K562
GRWD1,HepG2,chr9:131474730:G:A,0,4,1.533308744430542,modal,cuda,PPIL4:K562
GRWD1,HepG2,chr9:132901697:C:G,0,4,-0.9438083171844482,modal,cuda,PPIL4:K562
GRWD1,HepG2,chr9:132927200:C:A,1,4,0.7095775604248047,modal,cuda,PPIL4:K562
GRWD1,HepG2,chr9:132927200:C:T,1,4,0.47870492935180664,modal,cuda,PPIL4:K562
GRWD1,HepG2,chr9:132927218:G:A,1,4,1.5381078720092773,modal,cuda,PPIL4:K562
GRWD1,HepG2,chr9:132927220:A:T,1,4,-2.374293804168701,modal,cuda,PPIL4:K562
GRWD1,HepG2,chr9:132927229:A:G,1,4,-0.6112096905708313,modal,cuda,PPIL4:K562
GRWD1,HepG2,chr9:132927248:G:A,1,4,0.7132782936096191,modal,cuda,PPIL4:K562
GRWD1,HepG2,chr9:132927264:G:C,1,4,-2.7998974323272705,modal,cuda,PPIL4:K562
GRWD1,HepG2,chr9:133705039:G:A,0,4,-0.8960897922515869,modal,cuda,PPIL4:K562
GRWD1,HepG2,chr9:135503554:G:A,0,4,0.21747779846191406,modal,cuda,PPIL4:K562
GRWD1,HepG2,chr9:135503570:C:T,1,4,0.27309656143188477,modal,cuda,PPIL4:K562
GRWD1,HepG2,chr9:135503577:A:G,0,4,0.3280658721923828,modal,cuda,PPIL4:K562
GRWD1,HepG2,chr9:135503714:A:G,0,4,-0.1448594331741333,modal,cuda,PPIL4:K562
GRWD1,HepG2,chr9:135503721:G:A,0,4,0.34293973445892334,modal,cuda,PPIL4:K562
GRWD1,HepG2,chr9:136461169:G:A,0,4,1.7387118339538574,modal,cuda,PPIL4:K562
GRWD1,HepG2,chr9:137096361:C:T,0,4,-0.6377307176589966,modal,cuda,PPIL4:K562
GRWD1,HepG2,chr9:137096401:G:A,0,4,1.7459070682525635,modal,cuda,PPIL4:K562
GRWD1,HepG2,chr9:137106119:C:T,0,4,0.9681030511856079,modal,cuda,PPIL4:K562
GRWD1,HepG2,chr9:137106120:C:T,0,4,0.2272047996520996,modal,cuda,PPIL4:K562
GRWD1,HepG2,chr9:137107414:C:G,1,4,-1.427685260772705,modal,cuda,PPIL4:K562
GRWD1,HepG2,chr9:137107444:C:G,0,4,0.18463072180747986,modal,cuda,PPIL4:K562
GRWD1,HepG2,chr9:137450159:G:A,0,4,0.45378077030181885,modal,cuda,PPIL4:K562
GRWD1,HepG2,chr9:137710980:G:T,0,4,1.1083602905273438,modal,cuda,PPIL4:K562
GRWD1,HepG2,chr9:137710987:G:A,0,4,0.8726081848144531,modal,cuda,PPIL4:K562
GRWD1,HepG2,chr9:137710991:C:T,1,4,-1.4449694156646729,modal,cuda,PPIL4:K562
GRWD1,HepG2,chr9:137711036:G:A,0,4,-1.5195845365524292,modal,cuda,PPIL4:K562
GRWD1,HepG2,chr9:137728555:T:C,0,4,-1.24016535282135,modal,cuda,PPIL4:K562
GRWD1,HepG2,chr9:137743893:G:A,0,4,-0.563338041305542,modal,cuda,PPIL4:K562
GRWD1,HepG2,chr9:137777864:C:T,0,4,2.0473828315734863,modal,cuda,PPIL4:K562
GRWD1,HepG2,chr9:137790994:C:T,0,4,-0.38159769773483276,modal,cuda,PPIL4:K562
GRWD1,HepG2,chr9:137814410:C:T,0,4,-0.9003748893737793,modal,cuda,PPIL4:K562
GRWD1,HepG2,chr9:137814416:C:T,0,4,0.17286615073680878,modal,cuda,PPIL4:K562
GRWD1,HepG2,chr9:137814421:C:G,0,4,-0.12611281871795654,modal,cuda,PPIL4:K562
GRWD1,HepG2,chr9:14750218:A:G,0,4,-0.30948853492736816,modal,cuda,PPIL4:K562
GRWD1,HepG2,chr9:14770660:G:T,0,4,0.664840579032898,modal,cuda,PPIL4:K562
GRWD1,HepG2,chr9:14857742:T:C,0,4,-0.8908655047416687,modal,cuda,PPIL4:K562
GRWD1,HepG2,chr9:14857746:A:C,0,4,2.542666435241699,modal,cuda,PPIL4:K562
GRWD1,HepG2,chr9:14863865:A:G,0,4,0.33358967304229736,modal,cuda,PPIL4:K562
GRWD1,HepG2,chr9:15225949:C:T,0,4,-0.9307634830474854,modal,cuda,PPIL4:K562
GRWD1,HepG2,chr9:15510109:T:C,0,4,0.14274752140045166,modal,cuda,PPIL4:K562
GRWD1,HepG2,chr9:2104184:C:T,0,4,1.803259253501892,modal,cuda,PPIL4:K562
GRWD1,HepG2,chr9:2104193:C:T,0,4,1.7927029132843018,modal,cuda,PPIL4:K562
GRWD1,HepG2,chr9:2104194:G:A,0,4,0.5485552549362183,modal,cuda,PPIL4:K562
GRWD1,HepG2,chr9:34646706:T:G,1,4,-0.7918789386749268,modal,cuda,PPIL4:K562
GRWD1,HepG2,chr9:34647166:C:T,1,4,0.7859909534454346,modal,cuda,PPIL4:K562
GRWD1,HepG2,chr9:34647172:C:T,1,4,0.4307091236114502,modal,cuda,PPIL4:K562
GRWD1,HepG2,chr9:34647190:C:A,0,4,-0.5210628509521484,modal,cuda,PPIL4:K562
GRWD1,HepG2,chr9:35684743:G:A,1,4,-0.6949882507324219,modal,cuda,PPIL4:K562
GRWD1,HepG2,chr9:35684765:G:C,1,4,-0.3440037965774536,modal,cuda,PPIL4:K562
GRWD1,HepG2,chr9:35689952:A:T,0,4,0.6518558263778687,modal,cuda,PPIL4:K562
GRWD1,HepG2,chr9:35689953:A:T,0,4,-0.47803425788879395,modal,cuda,PPIL4:K562
GRWD1,HepG2,chr9:35689954:A:T,0,4,-0.7797343134880066,modal,cuda,PPIL4:K562
GRWD1,HepG2,chr9:35744592:A:G,0,4,0.6306509971618652,modal,cuda,PPIL4:K562
GRWD1,HepG2,chr9:5720172:C:G,0,4,-1.1109466552734375,modal,cuda,PPIL4:K562
GRWD1,HepG2,chr9:6605121:G:A,0,4,0.24969899654388428,modal,cuda,PPIL4:K562
GRWD1,HepG2,chr9:6849518:A:G,0,4,-0.24093902111053467,modal,cuda,PPIL4:K562
GRWD1,HepG2,chr9:69246793:A:G,1,4,1.1743628978729248,modal,cuda,PPIL4:K562
GRWD1,HepG2,chr9:69248122:C:T,0,4,0.2541266083717346,modal,cuda,PPIL4:K562
GRWD1,HepG2,chr9:69248154:T:C,0,4,-0.6359614729881287,modal,cuda,PPIL4:K562
GRWD1,HepG2,chr9:69248213:C:T,1,4,-1.007420539855957,modal,cuda,PPIL4:K562
GRWD1,HepG2,chr9:712674:C:T,0,4,0.7063586115837097,modal,cuda,PPIL4:K562
GRWD1,HepG2,chr9:713307:A:G,0,4,0.504157543182373,modal,cuda,PPIL4:K562
GRWD1,HepG2,chr9:730054:A:G,0,4,-0.38349658250808716,modal,cuda,PPIL4:K562
GRWD1,HepG2,chr9:738509:G:A,0,4,-0.6544272303581238,modal,cuda,PPIL4:K562
GRWD1,HepG2,chr9:740901:C:T,0,4,0.324786901473999,modal,cuda,PPIL4:K562
GRWD1,HepG2,chr9:78317658:T:A,0,4,-0.22465968132019043,modal,cuda,PPIL4:K562
GRWD1,HepG2,chr9:83973901:C:T,1,4,-0.42032670974731445,modal,cuda,PPIL4:K562
GRWD1,HepG2,chr9:83977684:T:C,0,4,-0.5087161064147949,modal,cuda,PPIL4:K562
GRWD1,HepG2,chr9:87637937:T:C,0,4,0.6956441402435303,modal,cuda,PPIL4:K562
GRWD1,HepG2,chr9:87728350:C:A,0,4,1.6607563495635986,modal,cuda,PPIL4:K562
GRWD1,HepG2,chr9:92265060:C:G,0,4,0.95157790184021,modal,cuda,PPIL4:K562
GRWD1,HepG2,chr9:92271034:G:A,1,4,-4.12553596496582,modal,cuda,PPIL4:K562
GRWD1,HepG2,chr9:92271064:T:C,0,4,0.4014970064163208,modal,cuda,PPIL4:K562
GRWD1,HepG2,chr9:92274465:T:G,0,4,-0.32582616806030273,modal,cuda,PPIL4:K562
GRWD1,HepG2,chr9:92274466:T:C,0,4,0.17380404472351074,modal,cuda,PPIL4:K562
GRWD1,HepG2,chr9:95921268:C:A,0,4,1.1096889972686768,modal,cuda,PPIL4:K562
GRWD1,HepG2,chr9:97675549:C:A,1,4,-2.161653995513916,modal,cuda,PPIL4:K562
GRWD1,HepG2,chr9:97675557:C:T,1,4,-1.3079833984375,modal,cuda,PPIL4:K562
GRWD1,HepG2,chr9:97983620:A:G,0,4,0.7939402461051941,modal,cuda,PPIL4:K562
GRWD1,HepG2,chrX:119931930:G:A,0,2,0.5027251243591309,modal,cuda,PPIL4:K562
GRWD1,HepG2,chrX:123624678:G:A,0,2,-0.1850895881652832,modal,cuda,PPIL4:K562
GRWD1,HepG2,chrX:123624688:T:A,0,2,-0.24853909015655518,modal,cuda,PPIL4:K562
GRWD1,HepG2,chrX:124045161:T:C,0,2,-0.10768795013427734,modal,cuda,PPIL4:K562
GRWD1,HepG2,chrX:147945624:C:A,0,2,0.4341139793395996,modal,cuda,PPIL4:K562
GRWD1,HepG2,chrX:153672995:G:A,0,2,-0.05099719762802124,modal,cuda,PPIL4:K562
GRWD1,HepG2,chrX:154412084:A:G,1,2,-0.4956936240196228,modal,cuda,PPIL4:K562
GRWD1,HepG2,chrX:154412129:C:A,1,2,-0.7017213106155396,modal,cuda,PPIL4:K562
GRWD1,HepG2,chrX:154412130:G:T,1,2,-0.4375656545162201,modal,cuda,PPIL4:K562
GRWD1,HepG2,chrX:154412183:C:G,1,2,-0.21679997444152832,modal,cuda,PPIL4:K562
GRWD1,HepG2,chrX:154412212:G:A,1,2,-0.5192908048629761,modal,cuda,PPIL4:K562
GRWD1,HepG2,chrX:154419579:T:A,1,2,-0.8582730293273926,modal,cuda,PPIL4:K562
GRWD1,HepG2,chrX:154419608:C:T,1,2,0.6144127249717712,modal,cuda,PPIL4:K562
GRWD1,HepG2,chrX:154420676:G:C,1,2,0.5849345922470093,modal,cuda,PPIL4:K562
GRWD1,HepG2,chrX:154764985:G:T,0,2,0.7731360197067261,modal,cuda,PPIL4:K562
GRWD1,HepG2,chrX:154765450:C:A,1,2,0.6465231776237488,modal,cuda,PPIL4:K562
GRWD1,HepG2,chrX:154765465:T:G,1,2,-0.31071197986602783,modal,cuda,PPIL4:K562
GRWD1,HepG2,chrX:154765472:T:C,1,2,-0.7043325901031494,modal,cuda,PPIL4:K562
GRWD1,HepG2,chrX:154765478:C:G,1,2,0.6580376625061035,modal,cuda,PPIL4:K562
GRWD1,HepG2,chrX:154765497:G:A,0,2,-0.9208232164382935,modal,cuda,PPIL4:K562
GRWD1,HepG2,chrX:154765505:C:T,1,2,0.15245655179023743,modal,cuda,PPIL4:K562
GRWD1,HepG2,chrX:154767358:G:A,1,2,0.9896407127380371,modal,cuda,PPIL4:K562
GRWD1,HepG2,chrX:154774602:G:A,1,2,0.49923890829086304,modal,cuda,PPIL4:K562
GRWD1,HepG2,chrX:154774651:G:A,1,2,0.4964632987976074,modal,cuda,PPIL4:K562
GRWD1,HepG2,chrX:154774706:G:A,1,2,2.5437862873077393,modal,cuda,PPIL4:K562
GRWD1,HepG2,chrX:154776216:C:T,0,2,-0.3048643171787262,modal,cuda,PPIL4:K562
GRWD1,HepG2,chrX:154776279:G:A,0,2,-0.1222527027130127,modal,cuda,PPIL4:K562
GRWD1,HepG2,chrX:154776964:A:G,0,2,-0.2358698844909668,modal,cuda,PPIL4:K562
GRWD1,HepG2,chrX:18894339:G:A,0,2,-0.21299967169761658,modal,cuda,PPIL4:K562
GRWD1,HepG2,chrX:18894344:G:A,1,2,1.5556809902191162,modal,cuda,PPIL4:K562
GRWD1,HepG2,chrX:18894364:G:T,1,2,1.441529393196106,modal,cuda,PPIL4:K562
GRWD1,HepG2,chrX:18894400:G:A,1,2,-0.4231349229812622,modal,cuda,PPIL4:K562
GRWD1,HepG2,chrX:19350122:G:A,0,2,0.4014320373535156,modal,cuda,PPIL4:K562
GRWD1,HepG2,chrX:19351254:T:G,0,2,-0.7939845323562622,modal,cuda,PPIL4:K562
GRWD1,HepG2,chrX:19351270:C:T,0,2,0.8173184990882874,modal,cuda,PPIL4:K562
GRWD1,HepG2,chrX:19355513:A:G,0,2,0.31769895553588867,modal,cuda,PPIL4:K562
GRWD1,HepG2,chrX:19355514:C:G,0,2,0.4100536108016968,modal,cuda,PPIL4:K562
GRWD1,HepG2,chrX:20188479:C:T,0,2,0.38312065601348877,modal,cuda,PPIL4:K562
GRWD1,HepG2,chrX:20188484:A:G,0,2,-0.14878344535827637,modal,cuda,PPIL4:K562
GRWD1,HepG2,chrX:24179316:C:A,0,2,0.2739524841308594,modal,cuda,PPIL4:K562
GRWD1,HepG2,chrX:24717403:A:G,0,2,0.03548097610473633,modal,cuda,PPIL4:K562
GRWD1,HepG2,chrX:24717480:C:T,0,2,-0.34997665882110596,modal,cuda,PPIL4:K562
GRWD1,HepG2,chrX:48803118:T:C,0,2,-0.12555770576000214,modal,cuda,PPIL4:K562
GRWD1,HepG2,chrX:48815933:C:T,0,2,-0.1994842290878296,modal,cuda,PPIL4:K562
GRWD1,HepG2,chrX:48816207:C:T,0,2,-0.23138917982578278,modal,cuda,PPIL4:K562
GRWD1,HepG2,chrX:48902240:A:G,0,2,-0.17401236295700073,modal,cuda,PPIL4:K562
GRWD1,HepG2,chrX:49076420:G:A,0,2,0.31992214918136597,modal,cuda,PPIL4:K562
GRWD1,HepG2,chrX:49076423:C:T,0,2,0.41760504245758057,modal,cuda,PPIL4:K562
GRWD1,HepG2,chrX:53211492:C:T,0,2,1.0206021070480347,modal,cuda,PPIL4:K562
GRWD1,HepG2,chrX:53211545:G:C,1,2,1.2180172204971313,modal,cuda,PPIL4:K562
GRWD1,HepG2,chrX:53216084:C:T,0,2,-0.228249192237854,modal,cuda,PPIL4:K562
GRWD1,HepG2,chrX:53217974:A:G,0,2,0.7933589220046997,modal,cuda,PPIL4:K562
GRWD1,HepG2,chrX:53405674:T:C,1,2,-0.6787089109420776,modal,cuda,PPIL4:K562
GRWD1,HepG2,chrX:53405967:T:C,0,2,0.3440888822078705,modal,cuda,PPIL4:K562
GRWD1,HepG2,chrX:53413227:C:T,1,2,-0.8914300203323364,modal,cuda,PPIL4:K562
GRWD1,HepG2,chrX:53538459:G:A,0,2,0.25292515754699707,modal,cuda,PPIL4:K562
GRWD1,HepG2,chrX:53538464:G:A,0,2,1.330242395401001,modal,cuda,PPIL4:K562
GRWD1,HepG2,chrX:53554938:A:G,0,2,-0.6064590215682983,modal,cuda,PPIL4:K562
GRWD1,HepG2,chrX:53561737:C:T,0,2,0.3300783038139343,modal,cuda,PPIL4:K562
GRWD1,HepG2,chrX:53561747:G:A,0,2,-0.33124756813049316,modal,cuda,PPIL4:K562
GRWD1,HepG2,chrX:53985957:A:G,0,2,-0.661602258682251,modal,cuda,PPIL4:K562
GRWD1,HepG2,chrX:65524123:G:T,0,2,0.44880056381225586,modal,cuda,PPIL4:K562
GRWD1,HepG2,chrX:65524147:G:C,0,2,-0.29391372203826904,modal,cuda,PPIL4:K562
GRWD1,HepG2,chrX:71290740:C:T,1,2,-0.46952033042907715,modal,cuda,PPIL4:K562
GRWD1,HepG2,chrX:71294213:C:T,0,2,0.30921363830566406,modal,cuda,PPIL4:K562
GRWD1,HepG2,chrX:71294535:G:A,0,2,0.4628719985485077,modal,cuda,PPIL4:K562
GRWD1,HepG2,chrX:71296841:T:C,0,2,-2.506002426147461,modal,cuda,PPIL4:K562
GRWD1,HepG2,chrX:71297065:A:C,0,2,-0.4375007152557373,modal,cuda,PPIL4:K562
GRWD1,HepG2,chrX:71297821:G:A,0,2,-0.10257121920585632,modal,cuda,PPIL4:K562
GRWD1,HepG2,chrX:71297828:C:T,0,2,0.06663990020751953,modal,cuda,PPIL4:K562
GRWD1,HepG2,chrX:71368069:C:T,0,2,0.39997947216033936,modal,cuda,PPIL4:K562
GRWD1,HepG2,chrX:71368099:A:G,0,2,-0.3938037157058716,modal,cuda,PPIL4:K562
GRWD1,HepG2,chrX:71375250:A:G,0,2,-0.058473825454711914,modal,cuda,PPIL4:K562
GRWD1,HepG2,chrX:71375282:T:C,0,2,0.1435401439666748,modal,cuda,PPIL4:K562
GRWD1,HepG2,chrX:71377722:G:A,0,2,0.13220453262329102,modal,cuda,PPIL4:K562
GRWD1,HepG2,chrX:71377781:C:G,0,2,-0.7307204008102417,modal,cuda,PPIL4:K562
GRWD1,HepG2,chrX:71378276:A:T,0,2,-0.6313053965568542,modal,cuda,PPIL4:K562
GRWD1,HepG2,chrX:71392653:G:C,1,2,1.7855883836746216,modal,cuda,PPIL4:K562
GRWD1,HepG2,chrX:71394166:G:A,0,2,0.04239058494567871,modal,cuda,PPIL4:K562
GRWD1,HepG2,chrX:71394241:A:G,0,2,0.18642038106918335,modal,cuda,PPIL4:K562
GRWD1,HepG2,chrX:71398752:G:A,0,2,0.15658044815063477,modal,cuda,PPIL4:K562
GRWD1,HepG2,chrX:71460710:A:G,0,2,0.21464276313781738,modal,cuda,PPIL4:K562
GRWD1,HepG2,chrX:77618786:A:C,0,2,0.6265698671340942,modal,cuda,PPIL4:K562
GRWD1,HepG2,chrX:77636059:A:C,1,2,-2.2942681312561035,modal,cuda,PPIL4:K562
GRWD1,HepG2,chrX:77676304:G:A,0,2,0.30399101972579956,modal,cuda,PPIL4:K562
GRWD1,HepG2,chrX:77684928:A:G,0,2,0.30968570709228516,modal,cuda,PPIL4:K562
GRWD1,HepG2,chrX:77688944:G:C,0,2,-0.1191718578338623,modal,cuda,PPIL4:K562
GRWD1,HepG2,chrX:77688945:C:T,0,2,-0.6768918037414551,modal,cuda,PPIL4:K562
GRWD1,HepG2,chrX:77696569:C:T,0,2,0.28725874423980713,modal,cuda,PPIL4:K562
GRWD1,HepG2,chrX:77786015:C:T,0,2,0.561006486415863,modal,cuda,PPIL4:K562
