protein,cell,vid,label,fold,delta,platform,accelerator,weights_from
AQR,HepG2,chr10:100347540:C:T,0,2,-0.16333705186843872,modal,cuda,QKI:K562
AQR,HepG2,chr10:100980600:C:T,0,2,0.35551440715789795,modal,cuda,QKI:K562
AQR,HepG2,chr10:100980986:C:T,0,2,-0.2681000232696533,modal,cuda,QKI:K562
AQR,HepG2,chr10:102656254:C:T,0,2,0.12122011184692383,modal,cuda,QKI:K562
AQR,HepG2,chr10:104254948:G:A,0,2,-0.3823881447315216,modal,cuda,QKI:K562
AQR,HepG2,chr10:104254967:G:A,0,2,-0.4771040678024292,modal,cuda,QKI:K562
AQR,HepG2,chr10:123009067:G:A,0,2,0.4749622344970703,modal,cuda,QKI:K562
AQR,HepG2,chr10:123009098:G:A,0,2,-0.965009331703186,modal,cuda,QKI:K562
AQR,HepG2,chr10:28534053:G:T,0,2,-0.21384626626968384,modal,cuda,QKI:K562
AQR,HepG2,chr10:28534057:A:G,0,2,-0.3103203773498535,modal,cuda,QKI:K562
AQR,HepG2,chr10:28534068:G:A,0,2,-0.3175516128540039,modal,cuda,QKI:K562
AQR,HepG2,chr10:58388174:T:C,0,2,0.06397724151611328,modal,cuda,QKI:K562
AQR,HepG2,chr10:71820198:G:C,0,2,0.15082120895385742,modal,cuda,QKI:K562
AQR,HepG2,chr10:71820222:G:A,0,2,-0.0766301155090332,modal,cuda,QKI:K562
AQR,HepG2,chr10:78040201:C:A,0,2,0.4951289892196655,modal,cuda,QKI:K562
AQR,HepG2,chr10:78040616:C:T,0,2,0.5815557241439819,modal,cuda,QKI:K562
AQR,HepG2,chr10:79300717:T:C,0,2,0.15823674201965332,modal,cuda,QKI:K562
AQR,HepG2,chr10:79304011:G:A,0,2,0.315984845161438,modal,cuda,QKI:K562
AQR,HepG2,chr10:79305517:C:G,0,2,-0.20519208908081055,modal,cuda,QKI:K562
AQR,HepG2,chr10:79305614:C:G,0,2,-0.9597790837287903,modal,cuda,QKI:K562
AQR,HepG2,chr10:79305618:C:T,0,2,1.2049481868743896,modal,cuda,QKI:K562
AQR,HepG2,chr10:79306083:C:T,0,2,-0.4620177745819092,modal,cuda,QKI:K562
AQR,HepG2,chr10:80285498:C:T,0,2,-0.1859571933746338,modal,cuda,QKI:K562
AQR,HepG2,chr10:80285598:G:C,0,2,-0.3591797351837158,modal,cuda,QKI:K562
AQR,HepG2,chr10:87060250:G:A,0,2,-0.11971521377563477,modal,cuda,QKI:K562
AQR,HepG2,chr10:87060250:G:C,0,2,-0.1732466220855713,modal,cuda,QKI:K562
AQR,HepG2,chr10:87068162:G:C,0,2,-0.33360058069229126,modal,cuda,QKI:K562
AQR,HepG2,chr10:93594060:C:G,0,2,0.11264705657958984,modal,cuda,QKI:K562
AQR,HepG2,chr10:93600352:C:G,0,2,1.4136743545532227,modal,cuda,QKI:K562
AQR,HepG2,chr10:93600893:C:T,0,2,0.3782801032066345,modal,cuda,QKI:K562
AQR,HepG2,chr10:98434126:C:T,0,2,-0.5877821445465088,modal,cuda,QKI:K562
AQR,HepG2,chr10:99817203:T:C,0,2,0.6327356100082397,modal,cuda,QKI:K562
AQR,HepG2,chr10:99817261:G:A,0,2,0.29761266708374023,modal,cuda,QKI:K562
AQR,HepG2,chr10:99817278:T:A,0,2,-0.6460800170898438,modal,cuda,QKI:K562
AQR,HepG2,chr10:99817302:A:G,0,2,0.2246570587158203,modal,cuda,QKI:K562
AQR,HepG2,chr11:111764842:C:T,1,3,-0.3126344680786133,modal,cuda,QKI:K562
AQR,HepG2,chr11:116830953:G:A,0,3,0.16031217575073242,modal,cuda,QKI:K562
AQR,HepG2,chr11:116830958:T:A,0,3,-0.11549973487854004,modal,cuda,QKI:K562
AQR,HepG2,chr11:116836326:A:G,1,3,-0.23587799072265625,modal,cuda,QKI:K562
AQR,HepG2,chr11:116836968:A:G,0,3,0.24233150482177734,modal,cuda,QKI:K562
AQR,HepG2,chr11:116837000:C:A,1,3,0.36418771743774414,modal,cuda,QKI:K562
AQR,HepG2,chr11:116837071:C:A,1,3,0.03488492965698242,modal,cuda,QKI:K562
AQR,HepG2,chr11:116837121:G:C,1,3,0.2359023094177246,modal,cuda,QKI:K562
AQR,HepG2,chr11:116837134:G:A,1,3,-0.29329752922058105,modal,cuda,QKI:K562
AQR,HepG2,chr11:116837135:C:T,1,3,0.3165724277496338,modal,cuda,QKI:K562
AQR,HepG2,chr11:116837304:A:G,0,3,0.5421391129493713,modal,cuda,QKI:K562
AQR,HepG2,chr11:118480265:C:A,0,3,0.20163607597351074,modal,cuda,QKI:K562
AQR,HepG2,chr11:119023290:A:G,0,3,-0.10767269134521484,modal,cuda,QKI:K562
AQR,HepG2,chr11:121590179:G:C,0,3,-1.0661214590072632,modal,cuda,QKI:K562
AQR,HepG2,chr11:124922731:G:A,0,3,-1.0130422115325928,modal,cuda,QKI:K562
AQR,HepG2,chr11:126276349:C:T,0,3,0.5620275139808655,modal,cuda,QKI:K562
AQR,HepG2,chr11:126276396:A:G,0,3,-0.9492185115814209,modal,cuda,QKI:K562
AQR,HepG2,chr11:126276415:C:A,1,3,-0.8068653345108032,modal,cuda,QKI:K562
AQR,HepG2,chr11:1754155:C:T,0,3,-0.0999135971069336,modal,cuda,QKI:K562
AQR,HepG2,chr11:1759104:G:A,0,3,0.09918051958084106,modal,cuda,QKI:K562
AQR,HepG2,chr11:18400890:C:T,1,3,-3.891697883605957,modal,cuda,QKI:K562
AQR,HepG2,chr11:18401002:C:A,1,3,-0.7474086284637451,modal,cuda,QKI:K562
AQR,HepG2,chr11:18403709:G:C,0,3,0.4084186553955078,modal,cuda,QKI:K562
AQR,HepG2,chr11:2135349:C:G,0,3,0.20310163497924805,modal,cuda,QKI:K562
AQR,HepG2,chr11:2135362:C:T,1,3,0.3848111629486084,modal,cuda,QKI:K562
AQR,HepG2,chr11:2135364:T:G,1,3,0.4847908020019531,modal,cuda,QKI:K562
AQR,HepG2,chr11:2135501:G:T,1,3,-0.3662710189819336,modal,cuda,QKI:K562
AQR,HepG2,chr11:46726479:G:A,0,3,0.31290292739868164,modal,cuda,QKI:K562
AQR,HepG2,chr11:563400:C:T,0,3,0.12152695655822754,modal,cuda,QKI:K562
AQR,HepG2,chr11:57814314:A:C,0,3,0.1970367431640625,modal,cuda,QKI:K562
AQR,HepG2,chr11:62630181:G:A,0,3,-0.650773286819458,modal,cuda,QKI:K562
AQR,HepG2,chr11:62639408:T:C,0,3,-0.20453619956970215,modal,cuda,QKI:K562
AQR,HepG2,chr11:62639430:G:A,1,3,-0.41222572326660156,modal,cuda,QKI:K562
AQR,HepG2,chr11:62639482:G:A,0,3,-0.23105716705322266,modal,cuda,QKI:K562
AQR,HepG2,chr11:62639723:G:A,0,3,-0.15369224548339844,modal,cuda,QKI:K562
AQR,HepG2,chr11:62841632:T:C,0,3,-0.8268081545829773,modal,cuda,QKI:K562
AQR,HepG2,chr11:62841770:G:A,1,3,0.3807027339935303,modal,cuda,QKI:K562
AQR,HepG2,chr11:62841770:G:C,1,3,-0.6732009053230286,modal,cuda,QKI:K562
AQR,HepG2,chr11:62841775:T:C,1,3,0.9465120434761047,modal,cuda,QKI:K562
AQR,HepG2,chr11:64806410:C:G,0,3,0.09755373001098633,modal,cuda,QKI:K562
AQR,HepG2,chr11:64810080:C:T,0,3,-0.4083472192287445,modal,cuda,QKI:K562
AQR,HepG2,chr11:64810146:C:G,0,3,-0.33164918422698975,modal,cuda,QKI:K562
AQR,HepG2,chr11:64810148:G:C,0,3,-0.38828736543655396,modal,cuda,QKI:K562
AQR,HepG2,chr11:65540861:G:C,0,3,-0.2853655219078064,modal,cuda,QKI:K562
AQR,HepG2,chr11:65547377:C:T,0,3,0.4290468394756317,modal,cuda,QKI:K562
AQR,HepG2,chr11:65547431:C:T,0,3,-0.2512807846069336,modal,cuda,QKI:K562
AQR,HepG2,chr11:65654954:A:C,1,3,0.6659097671508789,modal,cuda,QKI:K562
AQR,HepG2,chr11:65655015:C:G,0,3,-0.26619982719421387,modal,cuda,QKI:K562
AQR,HepG2,chr11:65662163:C:T,0,3,0.3760190010070801,modal,cuda,QKI:K562
AQR,HepG2,chr11:65864791:G:T,0,3,0.36626696586608887,modal,cuda,QKI:K562
AQR,HepG2,chr11:67490453:C:G,1,3,-0.17166423797607422,modal,cuda,QKI:K562
AQR,HepG2,chr11:68043370:G:C,1,3,0.4775543212890625,modal,cuda,QKI:K562
AQR,HepG2,chr11:68050409:C:T,0,3,-0.23797345161437988,modal,cuda,QKI:K562
AQR,HepG2,chr11:68364043:G:A,0,3,0.6038081645965576,modal,cuda,QKI:K562
AQR,HepG2,chr11:68365567:T:C,0,3,0.19707012176513672,modal,cuda,QKI:K562
AQR,HepG2,chr11:68411657:C:T,0,3,0.3607301712036133,modal,cuda,QKI:K562
AQR,HepG2,chr11:68411698:A:G,0,3,-0.8750109672546387,modal,cuda,QKI:K562
AQR,HepG2,chr11:68433848:T:A,0,3,-0.13651061058044434,modal,cuda,QKI:K562
AQR,HepG2,chr11:687999:G:T,1,3,-5.72196102142334,modal,cuda,QKI:K562
AQR,HepG2,chr11:688004:T:A,1,3,-1.4790757894515991,modal,cuda,QKI:K562
AQR,HepG2,chr11:688091:C:T,0,3,0.5664033889770508,modal,cuda,QKI:K562
AQR,HepG2,chr11:69651092:A:G,0,3,-0.207810640335083,modal,cuda,QKI:K562
AQR,HepG2,chr11:70492345:G:C,1,3,-1.1029040813446045,modal,cuda,QKI:K562
AQR,HepG2,chr11:71443959:G:T,0,3,0.4760708808898926,modal,cuda,QKI:K562
AQR,HepG2,chr11:71443971:C:T,0,3,0.22767066955566406,modal,cuda,QKI:K562
AQR,HepG2,chr11:71447778:T:C,0,3,-0.3249337673187256,modal,cuda,QKI:K562
AQR,HepG2,chr11:71447795:A:C,0,3,0.19173502922058105,modal,cuda,QKI:K562
AQR,HepG2,chr11:72697010:G:C,0,3,-0.5664658546447754,modal,cuda,QKI:K562
AQR,HepG2,chr11:72712555:G:A,0,3,0.457309365272522,modal,cuda,QKI:K562
AQR,HepG2,chr11:75401637:C:T,0,3,0.21446704864501953,modal,cuda,QKI:K562
AQR,HepG2,chr11:822622:A:G,0,3,-0.4794609546661377,modal,cuda,QKI:K562
AQR,HepG2,chr11:85996936:A:T,0,3,-0.3603423833847046,modal,cuda,QKI:K562
AQR,HepG2,chr11:85996937:G:A,0,3,-0.43074750900268555,modal,cuda,QKI:K562
AQR,HepG2,chr11:86007598:T:C,0,3,-0.3497500419616699,modal,cuda,QKI:K562
AQR,HepG2,chr11:86007620:A:C,0,3,0.824002742767334,modal,cuda,QKI:K562
AQR,HepG2,chr12:102852957:T:A,0,1,-2.9272701740264893,modal,cuda,QKI:K562
AQR,HepG2,chr12:102853009:G:C,0,1,-0.6403002738952637,modal,cuda,QKI:K562
AQR,HepG2,chr12:102855080:C:T,0,1,1.6257789134979248,modal,cuda,QKI:K562
AQR,HepG2,chr12:102855386:C:T,0,1,1.333078384399414,modal,cuda,QKI:K562
AQR,HepG2,chr12:110326383:C:T,0,1,1.7983739376068115,modal,cuda,QKI:K562
AQR,HepG2,chr12:119712391:C:T,0,1,1.760960578918457,modal,cuda,QKI:K562
AQR,HepG2,chr12:120162841:C:T,0,1,-0.3827707767486572,modal,cuda,QKI:K562
AQR,HepG2,chr12:120988791:G:A,0,1,0.27838659286499023,modal,cuda,QKI:K562
AQR,HepG2,chr12:121858702:A:C,0,1,2.3120410442352295,modal,cuda,QKI:K562
AQR,HepG2,chr12:121858708:A:G,0,1,2.5494701862335205,modal,cuda,QKI:K562
AQR,HepG2,chr12:122500624:A:G,0,1,-1.2129911184310913,modal,cuda,QKI:K562
AQR,HepG2,chr12:123626515:C:A,0,1,0.5170507431030273,modal,cuda,QKI:K562
AQR,HepG2,chr12:124786544:G:C,0,1,-0.836806058883667,modal,cuda,QKI:K562
AQR,HepG2,chr12:124786555:A:C,0,1,2.167091131210327,modal,cuda,QKI:K562
AQR,HepG2,chr12:124811815:C:T,0,1,0.4746800661087036,modal,cuda,QKI:K562
AQR,HepG2,chr12:124811816:G:A,0,1,0.22986602783203125,modal,cuda,QKI:K562
AQR,HepG2,chr12:124814996:C:T,0,1,0.1665353775024414,modal,cuda,QKI:K562
AQR,HepG2,chr12:124815123:G:A,0,1,0.5540764331817627,modal,cuda,QKI:K562
AQR,HepG2,chr12:124815131:T:G,0,1,0.9748184680938721,modal,cuda,QKI:K562
AQR,HepG2,chr12:132735358:T:C,0,1,-1.5508978366851807,modal,cuda,QKI:K562
AQR,HepG2,chr12:31089501:G:A,0,1,-2.539285898208618,modal,cuda,QKI:K562
AQR,HepG2,chr12:31089506:A:G,0,1,-1.4757599830627441,modal,cuda,QKI:K562
AQR,HepG2,chr12:31093332:C:T,0,1,-0.45756101608276367,modal,cuda,QKI:K562
AQR,HepG2,chr12:31093336:G:T,0,1,-0.5687274932861328,modal,cuda,QKI:K562
AQR,HepG2,chr12:49042338:G:A,0,1,2.4046883583068848,modal,cuda,QKI:K562
AQR,HepG2,chr12:49042556:C:T,1,1,0.952733039855957,modal,cuda,QKI:K562
AQR,HepG2,chr12:50089848:C:T,0,1,0.553983211517334,modal,cuda,QKI:K562
AQR,HepG2,chr12:52897580:C:T,0,1,0.5608749389648438,modal,cuda,QKI:K562
AQR,HepG2,chr12:52898452:G:A,0,1,0.44965803623199463,modal,cuda,QKI:K562
AQR,HepG2,chr12:52898859:C:T,0,1,0.6935420036315918,modal,cuda,QKI:K562
AQR,HepG2,chr12:52898882:G:A,0,1,0.36580467224121094,modal,cuda,QKI:K562
AQR,HepG2,chr12:54280829:T:C,0,1,1.3386167287826538,modal,cuda,QKI:K562
AQR,HepG2,chr12:54281329:G:A,0,1,1.858264446258545,modal,cuda,QKI:K562
AQR,HepG2,chr12:54283877:T:C,1,1,0.5762696266174316,modal,cuda,QKI:K562
AQR,HepG2,chr12:54283877:T:G,1,1,-1.5749561786651611,modal,cuda,QKI:K562
AQR,HepG2,chr12:56042142:C:T,0,1,-0.8396269679069519,modal,cuda,QKI:K562
AQR,HepG2,chr12:56042145:C:G,0,1,-4.075384140014648,modal,cuda,QKI:K562
AQR,HepG2,chr12:56083705:G:T,0,1,-0.8002195358276367,modal,cuda,QKI:K562
AQR,HepG2,chr12:56086690:C:A,0,1,-0.6595015525817871,modal,cuda,QKI:K562
AQR,HepG2,chr12:56101522:C:T,0,1,-0.33390188217163086,modal,cuda,QKI:K562
AQR,HepG2,chr12:57196952:T:C,0,1,0.5385963916778564,modal,cuda,QKI:K562
AQR,HepG2,chr12:57196975:C:T,0,1,-0.3191814422607422,modal,cuda,QKI:K562
AQR,HepG2,chr12:57211385:T:C,0,1,-0.2335071563720703,modal,cuda,QKI:K562
AQR,HepG2,chr12:6329638:C:T,0,1,-1.47438383102417,modal,cuda,QKI:K562
AQR,HepG2,chr12:6329653:C:T,0,1,-0.5544581413269043,modal,cuda,QKI:K562
AQR,HepG2,chr12:6329680:C:A,0,1,-0.8331494331359863,modal,cuda,QKI:K562
AQR,HepG2,chr12:6333180:A:G,0,1,1.6072155237197876,modal,cuda,QKI:K562
AQR,HepG2,chr12:6333219:C:T,0,1,0.9068112373352051,modal,cuda,QKI:K562
AQR,HepG2,chr12:6333303:G:A,0,1,-1.4257996082305908,modal,cuda,QKI:K562
AQR,HepG2,chr12:6333320:A:G,0,1,0.25925397872924805,modal,cuda,QKI:K562
AQR,HepG2,chr12:6333376:G:A,1,1,0.286649227142334,modal,cuda,QKI:K562
AQR,HepG2,chr12:6341779:T:C,0,1,-0.5357377529144287,modal,cuda,QKI:K562
AQR,HepG2,chr12:6341800:G:A,0,1,-0.35211181640625,modal,cuda,QKI:K562
AQR,HepG2,chr12:6534825:C:G,0,1,-1.2803105115890503,modal,cuda,QKI:K562
AQR,HepG2,chr12:67649166:C:T,0,1,0.20537909865379333,modal,cuda,QKI:K562
AQR,HepG2,chr12:6868873:G:A,1,1,1.1999454498291016,modal,cuda,QKI:K562
AQR,HepG2,chr12:6870149:G:A,0,1,-1.2663378715515137,modal,cuda,QKI:K562
AQR,HepG2,chr12:68836764:A:T,0,1,-0.5256609916687012,modal,cuda,QKI:K562
AQR,HepG2,chr12:69592969:G:T,0,1,0.9753168821334839,modal,cuda,QKI:K562
AQR,HepG2,chr12:7190262:G:A,0,1,-0.5327544212341309,modal,cuda,QKI:K562
AQR,HepG2,chr12:89350996:A:C,0,1,-2.1831672191619873,modal,cuda,QKI:K562
AQR,HepG2,chr12:89351049:A:G,0,1,-0.8594106435775757,modal,cuda,QKI:K562
AQR,HepG2,chr12:89351633:C:A,0,1,0.5265040397644043,modal,cuda,QKI:K562
AQR,HepG2,chr12:9090027:A:T,0,1,0.6976935863494873,modal,cuda,QKI:K562
AQR,HepG2,chr13:110646185:G:A,0,0,-1.4946982860565186,modal,cuda,QKI:K562
AQR,HepG2,chr13:110682972:C:T,0,0,0.4312652349472046,modal,cuda,QKI:K562
AQR,HepG2,chr13:110683059:C:T,0,0,0.9492975473403931,modal,cuda,QKI:K562
AQR,HepG2,chr13:113075197:G:A,0,0,0.7986215353012085,modal,cuda,QKI:K562
AQR,HepG2,chr13:113636018:G:A,0,0,0.5106598138809204,modal,cuda,QKI:K562
AQR,HepG2,chr13:27256165:G:T,0,0,-1.37548828125,modal,cuda,QKI:K562
AQR,HepG2,chr13:27622027:G:A,0,0,0.2276899814605713,modal,cuda,QKI:K562
AQR,HepG2,chr13:27622067:G:T,0,0,0.40360307693481445,modal,cuda,QKI:K562
AQR,HepG2,chr13:36995063:A:G,0,0,-0.43798398971557617,modal,cuda,QKI:K562
AQR,HepG2,chr13:51939288:T:C,0,0,-0.8610072135925293,modal,cuda,QKI:K562
AQR,HepG2,chr13:51965034:C:T,1,0,1.4179060459136963,modal,cuda,QKI:K562
AQR,HepG2,chr13:51965035:T:C,1,0,0.40621399879455566,modal,cuda,QKI:K562
AQR,HepG2,chr14:102048673:C:T,0,2,0.527262806892395,modal,cuda,QKI:K562
AQR,HepG2,chr14:102048678:G:A,0,2,-0.18987059593200684,modal,cuda,QKI:K562
AQR,HepG2,chr14:102049688:C:A,0,2,-0.4383358955383301,modal,cuda,QKI:K562
AQR,HepG2,chr14:104703884:C:T,0,2,-0.6376829147338867,modal,cuda,QKI:K562
AQR,HepG2,chr14:104703885:G:A,0,2,-0.38935041427612305,modal,cuda,QKI:K562
AQR,HepG2,chr14:104706192:C:T,0,2,-0.11751008033752441,modal,cuda,QKI:K562
AQR,HepG2,chr14:104713370:C:T,0,2,-0.07828235626220703,modal,cuda,QKI:K562
AQR,HepG2,chr14:104713418:G:A,0,2,-0.16485214233398438,modal,cuda,QKI:K562
AQR,HepG2,chr14:104713459:G:A,0,2,0.0818943977355957,modal,cuda,QKI:K562
AQR,HepG2,chr14:104714128:G:A,0,2,0.1953418254852295,modal,cuda,QKI:K562
AQR,HepG2,chr14:104714147:C:T,0,2,-0.16611504554748535,modal,cuda,QKI:K562
AQR,HepG2,chr14:104772333:C:T,0,2,0.5081313848495483,modal,cuda,QKI:K562
AQR,HepG2,chr14:104772353:G:A,0,2,0.19279813766479492,modal,cuda,QKI:K562
AQR,HepG2,chr14:20684736:T:C,0,2,-1.8242030143737793,modal,cuda,QKI:K562
AQR,HepG2,chr14:23323207:A:C,0,2,-0.5029045343399048,modal,cuda,QKI:K562
AQR,HepG2,chr14:24094411:C:T,0,2,0.7535336017608643,modal,cuda,QKI:K562
AQR,HepG2,chr14:24150046:G:A,0,2,0.2747495174407959,modal,cuda,QKI:K562
AQR,HepG2,chr14:24164660:C:T,0,2,0.11888790130615234,modal,cuda,QKI:K562
AQR,HepG2,chr14:35402754:G:A,0,2,-0.10586142539978027,modal,cuda,QKI:K562
AQR,HepG2,chr14:35402888:C:T,0,2,0.1744551658630371,modal,cuda,QKI:K562
AQR,HepG2,chr14:35403101:C:T,0,2,0.9803657531738281,modal,cuda,QKI:K562
AQR,HepG2,chr14:35403670:G:T,0,2,0.11832523345947266,modal,cuda,QKI:K562
AQR,HepG2,chr14:35403687:C:T,0,2,0.2272942066192627,modal,cuda,QKI:K562
AQR,HepG2,chr14:35403801:G:A,0,2,-0.45733779668807983,modal,cuda,QKI:K562
AQR,HepG2,chr14:35404361:A:T,0,2,-0.14794421195983887,modal,cuda,QKI:K562
AQR,HepG2,chr14:35404402:G:A,0,2,-0.2805826663970947,modal,cuda,QKI:K562
AQR,HepG2,chr14:39042882:A:G,0,2,-0.919297456741333,modal,cuda,QKI:K562
AQR,HepG2,chr14:39176159:C:T,0,2,-0.341658353805542,modal,cuda,QKI:K562
AQR,HepG2,chr14:53952268:T:C,0,2,-0.1508573293685913,modal,cuda,QKI:K562
AQR,HepG2,chr14:53953247:G:A,0,2,-0.1378788948059082,modal,cuda,QKI:K562
AQR,HepG2,chr14:53953517:T:C,0,2,0.5529567003250122,modal,cuda,QKI:K562
AQR,HepG2,chr14:55640948:G:C,0,2,0.5339704751968384,modal,cuda,QKI:K562
AQR,HepG2,chr14:68879945:C:A,0,2,-0.20029473304748535,modal,cuda,QKI:K562
AQR,HepG2,chr14:68881038:C:T,0,2,0.5488808155059814,modal,cuda,QKI:K562
AQR,HepG2,chr14:68893643:G:A,0,2,-0.08568716049194336,modal,cuda,QKI:K562
AQR,HepG2,chr14:74287800:G:A,0,2,0.17336320877075195,modal,cuda,QKI:K562
AQR,HepG2,chr14:74287840:G:A,1,2,-0.44362688064575195,modal,cuda,QKI:K562
AQR,HepG2,chr14:74287898:T:G,0,2,-0.28090929985046387,modal,cuda,QKI:K562
AQR,HepG2,chr14:74288233:G:A,0,2,-0.08676719665527344,modal,cuda,QKI:K562
AQR,HepG2,chr14:74288270:C:G,0,2,0.14129924774169922,modal,cuda,QKI:K562
AQR,HepG2,chr14:74289483:C:A,1,2,0.6302108764648438,modal,cuda,QKI:K562
AQR,HepG2,chr14:74289501:C:A,1,2,0.5907055139541626,modal,cuda,QKI:K562
AQR,HepG2,chr14:74289545:A:G,0,2,0.21225619316101074,modal,cuda,QKI:K562
AQR,HepG2,chr14:74290316:C:T,0,2,0.14637160301208496,modal,cuda,QKI:K562
AQR,HepG2,chr14:74292826:G:A,0,2,0.19302749633789062,modal,cuda,QKI:K562
AQR,HepG2,chr14:74292882:C:G,0,2,0.1940932273864746,modal,cuda,QKI:K562
AQR,HepG2,chr14:74296346:G:A,1,2,-1.7598167657852173,modal,cuda,QKI:K562
AQR,HepG2,chr14:74296421:G:A,1,2,0.33977317810058594,modal,cuda,QKI:K562
AQR,HepG2,chr14:74296433:G:A,1,2,0.263214111328125,modal,cuda,QKI:K562
AQR,HepG2,chr14:74297882:A:T,0,2,0.2757399082183838,modal,cuda,QKI:K562
AQR,HepG2,chr14:74892876:C:T,0,2,-0.6240029335021973,modal,cuda,QKI:K562
AQR,HepG2,chr14:77279769:T:C,0,2,-0.29663658142089844,modal,cuda,QKI:K562
AQR,HepG2,chr14:90400002:C:T,0,2,0.7934260964393616,modal,cuda,QKI:K562
AQR,HepG2,chr14:90400124:G:A,0,2,0.30439043045043945,modal,cuda,QKI:K562
AQR,HepG2,chr14:94388559:C:G,1,2,-0.6380009651184082,modal,cuda,QKI:K562
AQR,HepG2,chr14:95131622:G:A,1,2,0.9047276973724365,modal,cuda,QKI:K562
AQR,HepG2,chr14:95131625:G:A,1,2,-3.263181209564209,modal,cuda,QKI:K562
AQR,HepG2,chr15:25438500:C:T,0,1,1.058218240737915,modal,cuda,QKI:K562
AQR,HepG2,chr15:30925961:T:C,0,1,-0.3409152030944824,modal,cuda,QKI:K562
AQR,HepG2,chr15:34342123:C:G,0,1,-2.1781210899353027,modal,cuda,QKI:K562
AQR,HepG2,chr15:41079857:G:T,0,1,-0.7999975681304932,modal,cuda,QKI:K562
AQR,HepG2,chr15:43801560:G:A,0,1,-1.6920673847198486,modal,cuda,QKI:K562
AQR,HepG2,chr15:45376797:C:T,1,1,3.151895761489868,modal,cuda,QKI:K562
AQR,HepG2,chr15:45376813:G:A,1,1,3.515684127807617,modal,cuda,QKI:K562
AQR,HepG2,chr15:48331804:G:A,0,1,-0.21988773345947266,modal,cuda,QKI:K562
AQR,HepG2,chr15:64156744:C:T,1,1,0.8412485122680664,modal,cuda,QKI:K562
AQR,HepG2,chr15:64393980:C:T,1,1,1.1270956993103027,modal,cuda,QKI:K562
AQR,HepG2,chr15:64394004:C:T,1,1,-1.001061201095581,modal,cuda,QKI:K562
AQR,HepG2,chr15:67165147:G:C,0,1,-1.2262346744537354,modal,cuda,QKI:K562
AQR,HepG2,chr15:67165369:C:T,1,1,-2.745278835296631,modal,cuda,QKI:K562
AQR,HepG2,chr15:72345517:C:T,1,1,-2.9734013080596924,modal,cuda,QKI:K562
AQR,HepG2,chr15:72345528:C:A,1,1,-3.0182580947875977,modal,cuda,QKI:K562
AQR,HepG2,chr15:72345540:C:T,1,1,0.7911276817321777,modal,cuda,QKI:K562
AQR,HepG2,chr15:72345619:C:T,0,1,0.8259892463684082,modal,cuda,QKI:K562
AQR,HepG2,chr15:78944915:C:T,0,1,0.8471647500991821,modal,cuda,QKI:K562
AQR,HepG2,chr15:82538253:C:A,0,1,0.23564815521240234,modal,cuda,QKI:K562
AQR,HepG2,chr15:82538982:A:C,1,1,-0.9674423933029175,modal,cuda,QKI:K562
AQR,HepG2,chr15:82540427:A:C,1,1,-0.9921383857727051,modal,cuda,QKI:K562
AQR,HepG2,chr15:84653659:G:A,1,1,-1.8076218366622925,modal,cuda,QKI:K562
AQR,HepG2,chr15:84653700:C:G,1,1,0.9787533283233643,modal,cuda,QKI:K562
AQR,HepG2,chr15:89247649:T:C,1,1,-0.9889352321624756,modal,cuda,QKI:K562
AQR,HepG2,chr15:89247711:C:T,1,1,-1.7904019355773926,modal,cuda,QKI:K562
AQR,HepG2,chr15:89322027:G:C,0,1,-1.5195103883743286,modal,cuda,QKI:K562
AQR,HepG2,chr15:89803637:C:T,0,1,0.5306386947631836,modal,cuda,QKI:K562
AQR,HepG2,chr15:89803638:G:C,0,1,-0.7952949404716492,modal,cuda,QKI:K562
AQR,HepG2,chr15:89803639:G:C,0,1,-2.985837697982788,modal,cuda,QKI:K562
AQR,HepG2,chr15:91005345:C:T,0,1,0.24407100677490234,modal,cuda,QKI:K562
AQR,HepG2,chr15:91005371:G:A,0,1,0.11453914642333984,modal,cuda,QKI:K562
AQR,HepG2,chr15:92998475:G:A,0,1,-1.2329188585281372,modal,cuda,QKI:K562
AQR,HepG2,chr15:96334621:C:A,0,1,-0.9517252445220947,modal,cuda,QKI:K562
AQR,HepG2,chr16:11255546:A:C,0,2,-0.36674273014068604,modal,cuda,QKI:K562
AQR,HepG2,chr16:130496:C:A,0,2,-0.26048746705055237,modal,cuda,QKI:K562
AQR,HepG2,chr16:130530:G:A,0,2,0.29498380422592163,modal,cuda,QKI:K562
AQR,HepG2,chr16:130541:C:A,1,2,-1.9474694728851318,modal,cuda,QKI:K562
AQR,HepG2,chr16:1320302:T:C,0,2,-0.14310216903686523,modal,cuda,QKI:K562
AQR,HepG2,chr16:16159508:G:A,1,2,-0.8454022407531738,modal,cuda,QKI:K562
AQR,HepG2,chr16:16159549:C:T,1,2,-0.3847215175628662,modal,cuda,QKI:K562
AQR,HepG2,chr16:16159555:C:T,1,2,0.1834874153137207,modal,cuda,QKI:K562
AQR,HepG2,chr16:16161383:G:A,0,2,0.06925010681152344,modal,cuda,QKI:K562
AQR,HepG2,chr16:16165625:G:A,1,2,-0.2629532814025879,modal,cuda,QKI:K562
AQR,HepG2,chr16:16173222:A:G,0,2,-0.26679182052612305,modal,cuda,QKI:K562
AQR,HepG2,chr16:16173290:G:C,1,2,-1.311862587928772,modal,cuda,QKI:K562
AQR,HepG2,chr16:16173290:G:T,1,2,-0.47419607639312744,modal,cuda,QKI:K562
AQR,HepG2,chr16:16185091:C:T,0,2,0.21745944023132324,modal,cuda,QKI:K562
AQR,HepG2,chr16:16187032:C:T,0,2,0.44878315925598145,modal,cuda,QKI:K562
AQR,HepG2,chr16:16187038:A:G,0,2,-0.4244353771209717,modal,cuda,QKI:K562
AQR,HepG2,chr16:16187064:T:C,0,2,-0.46055516600608826,modal,cuda,QKI:K562
AQR,HepG2,chr16:16190116:G:A,0,2,0.5419212579727173,modal,cuda,QKI:K562
AQR,HepG2,chr16:16190408:T:C,0,2,-0.7838073968887329,modal,cuda,QKI:K562
AQR,HepG2,chr16:16190415:C:T,0,2,0.23654627799987793,modal,cuda,QKI:K562
AQR,HepG2,chr16:16192917:C:T,0,2,0.13842558860778809,modal,cuda,QKI:K562
AQR,HepG2,chr16:1767926:G:C,0,2,0.20330488681793213,modal,cuda,QKI:K562
AQR,HepG2,chr16:1767934:A:C,0,2,-0.2544238567352295,modal,cuda,QKI:K562
AQR,HepG2,chr16:1772595:G:A,0,2,-0.12750156223773956,modal,cuda,QKI:K562
AQR,HepG2,chr16:1772656:C:T,1,2,-1.207524061203003,modal,cuda,QKI:K562
AQR,HepG2,chr16:1772786:G:C,0,2,-0.5055932998657227,modal,cuda,QKI:K562
AQR,HepG2,chr16:2056193:C:G,1,2,0.584378719329834,modal,cuda,QKI:K562
AQR,HepG2,chr16:2056194:A:T,1,2,0.6260732412338257,modal,cuda,QKI:K562
AQR,HepG2,chr16:2056195:G:A,1,2,0.6168907880783081,modal,cuda,QKI:K562
AQR,HepG2,chr16:2056202:C:A,0,2,0.28184711933135986,modal,cuda,QKI:K562
AQR,HepG2,chr16:2056643:G:C,1,2,0.16477537155151367,modal,cuda,QKI:K562
AQR,HepG2,chr16:2056685:C:A,1,2,-0.5755620002746582,modal,cuda,QKI:K562
AQR,HepG2,chr16:2091913:G:A,0,2,-0.1514517068862915,modal,cuda,QKI:K562
AQR,HepG2,chr16:23452822:T:G,1,2,-0.9904506206512451,modal,cuda,QKI:K562
AQR,HepG2,chr16:29804082:G:A,0,2,0.7791427373886108,modal,cuda,QKI:K562
AQR,HepG2,chr16:30067171:G:C,0,2,-0.26707005500793457,modal,cuda,QKI:K562
AQR,HepG2,chr16:30068742:G:A,0,2,0.20162391662597656,modal,cuda,QKI:K562
AQR,HepG2,chr16:30069384:G:A,1,2,0.22786150872707367,modal,cuda,QKI:K562
AQR,HepG2,chr16:30069459:C:T,0,2,0.12139582633972168,modal,cuda,QKI:K562
AQR,HepG2,chr16:3067992:G:A,0,2,0.6743806600570679,modal,cuda,QKI:K562
AQR,HepG2,chr16:30710990:C:T,0,2,-0.63081955909729,modal,cuda,QKI:K562
AQR,HepG2,chr16:30969581:T:C,0,2,1.2065812349319458,modal,cuda,QKI:K562
AQR,HepG2,chr16:31093392:T:C,0,2,-0.19583773612976074,modal,cuda,QKI:K562
AQR,HepG2,chr16:31183904:C:T,0,2,0.30900120735168457,modal,cuda,QKI:K562
AQR,HepG2,chr16:31185191:A:C,0,2,0.277370810508728,modal,cuda,QKI:K562
AQR,HepG2,chr16:31186777:C:T,0,2,-0.33591771125793457,modal,cuda,QKI:K562
AQR,HepG2,chr16:31466121:T:C,0,2,0.41937899589538574,modal,cuda,QKI:K562
AQR,HepG2,chr16:3679713:G:A,0,2,-0.7704627513885498,modal,cuda,QKI:K562
AQR,HepG2,chr16:4351218:G:A,0,2,0.4016749858856201,modal,cuda,QKI:K562
AQR,HepG2,chr16:46689754:G:T,1,2,-1.2886661291122437,modal,cuda,QKI:K562
AQR,HepG2,chr16:46689770:G:A,1,2,0.3567950427532196,modal,cuda,QKI:K562
AQR,HepG2,chr16:46690972:A:C,0,2,-0.5099204778671265,modal,cuda,QKI:K562
AQR,HepG2,chr16:46690996:C:T,1,2,-1.4527151584625244,modal,cuda,QKI:K562
AQR,HepG2,chr16:57382093:G:A,0,2,0.4853585958480835,modal,cuda,QKI:K562
AQR,HepG2,chr16:57750938:G:A,0,2,0.15183472633361816,modal,cuda,QKI:K562
AQR,HepG2,chr16:57764182:C:T,0,2,0.5529248714447021,modal,cuda,QKI:K562
AQR,HepG2,chr16:58526147:G:C,0,2,-0.32062387466430664,modal,cuda,QKI:K562
AQR,HepG2,chr16:58541585:G:A,0,2,0.40027427673339844,modal,cuda,QKI:K562
AQR,HepG2,chr16:58576564:G:A,1,2,0.31870198249816895,modal,cuda,QKI:K562
AQR,HepG2,chr16:58576590:G:A,0,2,0.18901577591896057,modal,cuda,QKI:K562
AQR,HepG2,chr16:67832320:C:T,0,2,1.5862082242965698,modal,cuda,QKI:K562
AQR,HepG2,chr16:69339948:C:T,0,2,0.07488316297531128,modal,cuda,QKI:K562
AQR,HepG2,chr16:69385491:G:A,0,2,-0.06950712203979492,modal,cuda,QKI:K562
AQR,HepG2,chr16:70253397:G:A,0,2,-0.7014623880386353,modal,cuda,QKI:K562
AQR,HepG2,chr16:70253671:A:G,0,2,-0.1375422477722168,modal,cuda,QKI:K562
AQR,HepG2,chr16:81096116:G:A,0,2,-1.2848985195159912,modal,cuda,QKI:K562
AQR,HepG2,chr16:81678638:C:A,0,2,0.4682300090789795,modal,cuda,QKI:K562
AQR,HepG2,chr16:87333876:G:A,0,2,-0.22462153434753418,modal,cuda,QKI:K562
AQR,HepG2,chr16:8811197:T:C,0,2,0.06735348701477051,modal,cuda,QKI:K562
AQR,HepG2,chr16:88646212:G:C,1,2,0.7038094997406006,modal,cuda,QKI:K562
AQR,HepG2,chr16:88647065:G:A,0,2,-0.5992288589477539,modal,cuda,QKI:K562
AQR,HepG2,chr16:88647093:A:G,0,2,0.25503289699554443,modal,cuda,QKI:K562
AQR,HepG2,chr16:88648151:C:T,0,2,0.29350900650024414,modal,cuda,QKI:K562
AQR,HepG2,chr16:88653416:A:C,0,2,0.13853967189788818,modal,cuda,QKI:K562
AQR,HepG2,chr16:88811768:C:A,0,2,0.5394009351730347,modal,cuda,QKI:K562
AQR,HepG2,chr16:8894776:C:G,0,2,0.33789992332458496,modal,cuda,QKI:K562
AQR,HepG2,chr16:8894835:C:G,0,2,0.4447709321975708,modal,cuda,QKI:K562
AQR,HepG2,chr16:8894869:G:A,0,2,-0.6666755676269531,modal,cuda,QKI:K562
AQR,HepG2,chr16:8895654:C:T,0,2,0.439410924911499,modal,cuda,QKI:K562
AQR,HepG2,chr16:8903270:T:G,0,2,-0.05604219436645508,modal,cuda,QKI:K562
AQR,HepG2,chr16:8903305:G:A,0,2,0.13964271545410156,modal,cuda,QKI:K562
AQR,HepG2,chr16:8905238:G:A,1,2,-5.5485968589782715,modal,cuda,QKI:K562
AQR,HepG2,chr16:8905281:T:C,0,2,-1.475919485092163,modal,cuda,QKI:K562
AQR,HepG2,chr16:8905351:C:T,0,2,1.090863823890686,modal,cuda,QKI:K562
AQR,HepG2,chr16:89094044:A:G,0,2,-0.29750746488571167,modal,cuda,QKI:K562
AQR,HepG2,chr16:8915429:A:G,0,2,-0.24198698997497559,modal,cuda,QKI:K562
AQR,HepG2,chr16:8915534:G:C,0,2,-0.7295081615447998,modal,cuda,QKI:K562
AQR,HepG2,chr16:8919076:C:T,1,2,-1.2094395160675049,modal,cuda,QKI:K562
AQR,HepG2,chr16:89270788:G:A,0,2,-0.1880946159362793,modal,cuda,QKI:K562
AQR,HepG2,chr16:89270803:C:T,0,2,-0.5473190546035767,modal,cuda,QKI:K562
AQR,HepG2,chr16:89270806:G:A,0,2,0.3505589962005615,modal,cuda,QKI:K562
AQR,HepG2,chr16:89275208:A:C,0,2,2.8379921913146973,modal,cuda,QKI:K562
AQR,HepG2,chr16:89290588:G:A,0,2,0.14801549911499023,modal,cuda,QKI:K562
AQR,HepG2,chr16:89290646:C:T,0,2,0.07249724864959717,modal,cuda,QKI:K562
AQR,HepG2,chr16:89290972:C:A,0,2,-0.05852961540222168,modal,cuda,QKI:K562
AQR,HepG2,chr16:8930299:C:A,1,2,0.898163914680481,modal,cuda,QKI:K562
AQR,HepG2,chr16:89530649:G:T,0,2,0.7859014272689819,modal,cuda,QKI:K562
AQR,HepG2,chr16:89646722:C:A,0,2,-0.15173101425170898,modal,cuda,QKI:K562
AQR,HepG2,chr16:89646766:C:T,0,2,-0.32168102264404297,modal,cuda,QKI:K562
AQR,HepG2,chr16:89647155:C:G,0,2,0.4572388231754303,modal,cuda,QKI:K562
AQR,HepG2,chr16:89749906:A:G,0,2,0.13136911392211914,modal,cuda,QKI:K562
AQR,HepG2,chr16:89749925:C:T,0,2,-0.1471724510192871,modal,cuda,QKI:K562
AQR,HepG2,chr16:89770262:G:C,1,2,-0.3703429698944092,modal,cuda,QKI:K562
AQR,HepG2,chr16:89810716:C:T,1,2,-0.31201767921447754,modal,cuda,QKI:K562
AQR,HepG2,chr16:89810724:C:A,1,2,-0.7026417255401611,modal,cuda,QKI:K562
AQR,HepG2,chr17:1659562:G:A,0,1,-0.4097890853881836,modal,cuda,QKI:K562
AQR,HepG2,chr17:1675352:A:G,0,1,0.4301474094390869,modal,cuda,QKI:K562
AQR,HepG2,chr17:1683704:G:A,0,1,-1.245956301689148,modal,cuda,QKI:K562
AQR,HepG2,chr17:1683719:T:C,0,1,1.211700439453125,modal,cuda,QKI:K562
AQR,HepG2,chr17:1762130:G:A,0,1,-0.4648587703704834,modal,cuda,QKI:K562
AQR,HepG2,chr17:1771040:C:T,1,1,2.4462695121765137,modal,cuda,QKI:K562
AQR,HepG2,chr17:1776499:A:G,0,1,1.053868293762207,modal,cuda,QKI:K562
AQR,HepG2,chr17:1776510:C:T,0,1,-1.0957047939300537,modal,cuda,QKI:K562
AQR,HepG2,chr17:1776511:A:G,0,1,-0.49245643615722656,modal,cuda,QKI:K562
AQR,HepG2,chr17:17812861:C:T,0,1,0.6704671382904053,modal,cuda,QKI:K562
AQR,HepG2,chr17:28547357:G:A,0,1,0.14106273651123047,modal,cuda,QKI:K562
AQR,HepG2,chr17:36486794:G:A,0,1,0.37231922149658203,modal,cuda,QKI:K562
AQR,HepG2,chr17:38736070:C:T,0,1,0.6567392349243164,modal,cuda,QKI:K562
AQR,HepG2,chr17:38739701:G:A,0,1,0.5754604339599609,modal,cuda,QKI:K562
AQR,HepG2,chr17:38850487:A:G,0,1,0.7834210395812988,modal,cuda,QKI:K562
AQR,HepG2,chr17:39202978:C:T,0,1,-0.6909313201904297,modal,cuda,QKI:K562
AQR,HepG2,chr17:39707015:G:A,0,1,0.8077409267425537,modal,cuda,QKI:K562
AQR,HepG2,chr17:39715752:G:T,0,1,7.827140808105469,modal,cuda,QKI:K562
AQR,HepG2,chr17:39715782:G:T,0,1,1.385669231414795,modal,cuda,QKI:K562
AQR,HepG2,chr17:39715797:A:G,0,1,0.4180788993835449,modal,cuda,QKI:K562
AQR,HepG2,chr17:39725322:C:G,0,1,-1.2366924285888672,modal,cuda,QKI:K562
AQR,HepG2,chr17:41906521:C:T,0,1,0.3880000114440918,modal,cuda,QKI:K562
AQR,HepG2,chr17:42564217:C:T,0,1,0.25431084632873535,modal,cuda,QKI:K562
AQR,HepG2,chr17:42612177:A:G,0,1,-0.9724974632263184,modal,cuda,QKI:K562
AQR,HepG2,chr17:42781336:C:T,0,1,-0.38276028633117676,modal,cuda,QKI:K562
AQR,HepG2,chr17:42782941:C:T,0,1,0.3766177296638489,modal,cuda,QKI:K562
AQR,HepG2,chr17:42782949:T:C,0,1,-1.1113141775131226,modal,cuda,QKI:K562
AQR,HepG2,chr17:42783970:G:A,0,1,-0.9359316825866699,modal,cuda,QKI:K562
AQR,HepG2,chr17:42909472:T:C,0,1,-0.8272640705108643,modal,cuda,QKI:K562
AQR,HepG2,chr17:44080885:A:G,0,1,1.1035829782485962,modal,cuda,QKI:K562
AQR,HepG2,chr17:46033380:T:C,0,1,-0.5612974166870117,modal,cuda,QKI:K562
AQR,HepG2,chr17:46033522:A:T,0,1,-1.7723021507263184,modal,cuda,QKI:K562
AQR,HepG2,chr17:46923194:T:G,1,1,3.049452304840088,modal,cuda,QKI:K562
AQR,HepG2,chr17:46923208:C:T,1,1,-3.5503499507904053,modal,cuda,QKI:K562
AQR,HepG2,chr17:46932164:C:T,1,1,-3.8407089710235596,modal,cuda,QKI:K562
AQR,HepG2,chr17:46932182:C:T,1,1,-4.38095235824585,modal,cuda,QKI:K562
AQR,HepG2,chr17:46932244:G:T,0,1,2.526948928833008,modal,cuda,QKI:K562
AQR,HepG2,chr17:47945523:C:T,0,1,-0.740209698677063,modal,cuda,QKI:K562
AQR,HepG2,chr17:49039981:C:T,0,1,0.5539836883544922,modal,cuda,QKI:K562
AQR,HepG2,chr17:49409322:T:C,0,1,-1.8652962446212769,modal,cuda,QKI:K562
AQR,HepG2,chr17:4945970:C:A,1,1,0.9893640279769897,modal,cuda,QKI:K562
AQR,HepG2,chr17:4945982:A:G,1,1,-4.186159133911133,modal,cuda,QKI:K562
AQR,HepG2,chr17:4945989:G:A,0,1,-0.8574814796447754,modal,cuda,QKI:K562
AQR,HepG2,chr17:4946013:A:G,0,1,-0.27174949645996094,modal,cuda,QKI:K562
AQR,HepG2,chr17:4946618:A:G,1,1,-0.3199453353881836,modal,cuda,QKI:K562
AQR,HepG2,chr17:5000869:A:G,0,1,-1.476850986480713,modal,cuda,QKI:K562
AQR,HepG2,chr17:50346285:C:A,0,1,-1.044347882270813,modal,cuda,QKI:K562
AQR,HepG2,chr17:50346373:G:C,0,1,-0.387376070022583,modal,cuda,QKI:K562
AQR,HepG2,chr17:50353603:A:C,0,1,0.627119779586792,modal,cuda,QKI:K562
AQR,HepG2,chr17:58006491:A:C,1,1,-3.077331781387329,modal,cuda,QKI:K562
AQR,HepG2,chr17:58006514:C:T,1,1,1.3926076889038086,modal,cuda,QKI:K562
AQR,HepG2,chr17:58370894:G:A,0,1,1.0055968761444092,modal,cuda,QKI:K562
AQR,HepG2,chr17:58370926:C:G,0,1,-2.340435266494751,modal,cuda,QKI:K562
AQR,HepG2,chr17:58370986:C:T,0,1,-0.18213462829589844,modal,cuda,QKI:K562
AQR,HepG2,chr17:58370989:C:T,0,1,0.7550939917564392,modal,cuda,QKI:K562
AQR,HepG2,chr17:58371001:A:G,0,1,-0.76031494140625,modal,cuda,QKI:K562
AQR,HepG2,chr17:58371016:C:T,0,1,0.9673272371292114,modal,cuda,QKI:K562
AQR,HepG2,chr17:63579922:G:A,0,1,-2.675255537033081,modal,cuda,QKI:K562
AQR,HepG2,chr17:63837625:G:A,1,1,-2.390561580657959,modal,cuda,QKI:K562
AQR,HepG2,chr17:65536247:C:T,0,1,1.257727861404419,modal,cuda,QKI:K562
AQR,HepG2,chr17:65536649:C:G,0,1,-0.8118535280227661,modal,cuda,QKI:K562
AQR,HepG2,chr17:65536830:A:T,0,1,1.6588495969772339,modal,cuda,QKI:K562
AQR,HepG2,chr17:65536892:C:G,0,1,-0.45703500509262085,modal,cuda,QKI:K562
AQR,HepG2,chr17:65537305:C:A,0,1,1.480878472328186,modal,cuda,QKI:K562
AQR,HepG2,chr17:65538360:G:A,0,1,-0.39261627197265625,modal,cuda,QKI:K562
AQR,HepG2,chr17:65538420:C:A,0,1,0.7648395895957947,modal,cuda,QKI:K562
AQR,HepG2,chr17:65549504:T:C,0,1,-1.163010597229004,modal,cuda,QKI:K562
AQR,HepG2,chr17:65558753:G:C,0,1,1.495469093322754,modal,cuda,QKI:K562
AQR,HepG2,chr17:6704011:C:T,1,1,-3.376328706741333,modal,cuda,QKI:K562
AQR,HepG2,chr17:6704070:G:A,0,1,1.1165118217468262,modal,cuda,QKI:K562
AQR,HepG2,chr17:6704116:G:A,0,1,-0.7750360369682312,modal,cuda,QKI:K562
AQR,HepG2,chr17:67366436:T:A,0,1,-0.8013039827346802,modal,cuda,QKI:K562
AQR,HepG2,chr17:67854771:A:G,0,1,-2.5637078285217285,modal,cuda,QKI:K562
AQR,HepG2,chr17:68524972:A:G,0,1,1.768749475479126,modal,cuda,QKI:K562
AQR,HepG2,chr17:68525736:A:G,0,1,-0.3219638466835022,modal,cuda,QKI:K562
AQR,HepG2,chr17:68525746:C:T,0,1,0.9177496433258057,modal,cuda,QKI:K562
AQR,HepG2,chr17:7258827:T:C,0,1,-3.110323190689087,modal,cuda,QKI:K562
AQR,HepG2,chr17:7314601:G:A,0,1,0.30162858963012695,modal,cuda,QKI:K562
AQR,HepG2,chr17:74749294:G:A,0,1,1.7970255613327026,modal,cuda,QKI:K562
AQR,HepG2,chr17:74749301:A:G,0,1,-0.7928716540336609,modal,cuda,QKI:K562
AQR,HepG2,chr17:7500623:A:C,0,1,4.194318771362305,modal,cuda,QKI:K562
AQR,HepG2,chr17:75262005:G:C,0,1,1.1466338634490967,modal,cuda,QKI:K562
AQR,HepG2,chr17:75262006:C:G,0,1,-0.48168182373046875,modal,cuda,QKI:K562
AQR,HepG2,chr17:75262012:G:T,0,1,0.38118934631347656,modal,cuda,QKI:K562
AQR,HepG2,chr17:75262423:T:C,0,1,-2.3796567916870117,modal,cuda,QKI:K562
AQR,HepG2,chr17:75517538:C:A,0,1,-2.1287715435028076,modal,cuda,QKI:K562
AQR,HepG2,chr17:75841019:C:T,0,1,0.32712268829345703,modal,cuda,QKI:K562
AQR,HepG2,chr17:75841061:A:C,0,1,-0.5949170589447021,modal,cuda,QKI:K562
AQR,HepG2,chr17:75951371:C:T,0,1,0.5141983032226562,modal,cuda,QKI:K562
AQR,HepG2,chr17:75978713:C:A,0,1,0.6233301758766174,modal,cuda,QKI:K562
AQR,HepG2,chr17:77281529:A:C,0,1,0.8154082298278809,modal,cuda,QKI:K562
AQR,HepG2,chr17:77488370:C:G,0,1,-0.9121754169464111,modal,cuda,QKI:K562
AQR,HepG2,chr17:77490724:C:A,0,1,-0.7070045471191406,modal,cuda,QKI:K562
AQR,HepG2,chr17:77493085:C:T,0,1,1.4438483715057373,modal,cuda,QKI:K562
AQR,HepG2,chr17:77493091:C:T,0,1,0.973933219909668,modal,cuda,QKI:K562
AQR,HepG2,chr17:77493097:G:A,0,1,-2.6181952953338623,modal,cuda,QKI:K562
AQR,HepG2,chr17:78117633:G:T,1,1,-1.1434743404388428,modal,cuda,QKI:K562
AQR,HepG2,chr17:78117658:C:T,0,1,2.4667279720306396,modal,cuda,QKI:K562
AQR,HepG2,chr17:78118894:G:T,0,1,-0.8152111768722534,modal,cuda,QKI:K562
AQR,HepG2,chr17:78119272:T:C,0,1,-0.27272891998291016,modal,cuda,QKI:K562
AQR,HepG2,chr17:78121663:C:T,0,1,0.5137948989868164,modal,cuda,QKI:K562
AQR,HepG2,chr17:78121719:C:T,0,1,0.6926499605178833,modal,cuda,QKI:K562
AQR,HepG2,chr17:78125876:G:A,1,1,-0.775179386138916,modal,cuda,QKI:K562
AQR,HepG2,chr17:80376976:G:T,0,1,1.0380494594573975,modal,cuda,QKI:K562
AQR,HepG2,chr17:80376983:T:C,0,1,0.9861376285552979,modal,cuda,QKI:K562
AQR,HepG2,chr17:81239704:C:G,0,1,-0.7884864807128906,modal,cuda,QKI:K562
AQR,HepG2,chr17:81239762:T:C,0,1,1.613375186920166,modal,cuda,QKI:K562
AQR,HepG2,chr17:81511591:G:A,0,1,0.15416479110717773,modal,cuda,QKI:K562
AQR,HepG2,chr17:81511635:G:A,0,1,-0.8223965167999268,modal,cuda,QKI:K562
AQR,HepG2,chr17:81511843:G:A,0,1,-0.24918889999389648,modal,cuda,QKI:K562
AQR,HepG2,chr17:81511844:C:A,0,1,-0.7469759583473206,modal,cuda,QKI:K562
AQR,HepG2,chr17:81511845:C:T,0,1,1.9452929496765137,modal,cuda,QKI:K562
AQR,HepG2,chr17:81511847:G:A,0,1,0.6124972105026245,modal,cuda,QKI:K562
AQR,HepG2,chr17:81511851:G:A,0,1,-0.6711399555206299,modal,cuda,QKI:K562
AQR,HepG2,chr17:81511872:G:C,0,1,-0.20583009719848633,modal,cuda,QKI:K562
AQR,HepG2,chr17:81511890:G:T,0,1,1.2699859142303467,modal,cuda,QKI:K562
AQR,HepG2,chr17:81511912:C:A,1,1,-0.32984745502471924,modal,cuda,QKI:K562
AQR,HepG2,chr17:81511912:C:G,1,1,0.4747142791748047,modal,cuda,QKI:K562
AQR,HepG2,chr17:81512340:G:T,0,1,-1.7259130477905273,modal,cuda,QKI:K562
AQR,HepG2,chr17:81512374:G:A,0,1,-1.1100975275039673,modal,cuda,QKI:K562
AQR,HepG2,chr17:81512386:C:T,0,1,1.949953556060791,modal,cuda,QKI:K562
AQR,HepG2,chr17:81512391:G:A,0,1,1.5017445087432861,modal,cuda,QKI:K562
AQR,HepG2,chr17:81512391:G:C,0,1,1.2475123405456543,modal,cuda,QKI:K562
AQR,HepG2,chr17:81512393:G:A,0,1,0.5021822452545166,modal,cuda,QKI:K562
AQR,HepG2,chr17:81512397:G:A,0,1,-0.36318397521972656,modal,cuda,QKI:K562
AQR,HepG2,chr17:81512443:A:C,0,1,1.8759181499481201,modal,cuda,QKI:K562
AQR,HepG2,chr17:81512698:C:T,0,1,1.9215080738067627,modal,cuda,QKI:K562
AQR,HepG2,chr17:81512751:G:A,0,1,-0.973879337310791,modal,cuda,QKI:K562
AQR,HepG2,chr17:81512758:C:G,0,1,-0.18956255912780762,modal,cuda,QKI:K562
AQR,HepG2,chr17:81512766:G:A,0,1,-2.098266124725342,modal,cuda,QKI:K562
AQR,HepG2,chr17:81703612:G:A,0,1,-0.5501232147216797,modal,cuda,QKI:K562
AQR,HepG2,chr17:81704238:G:T,0,1,1.7344427108764648,modal,cuda,QKI:K562
AQR,HepG2,chr17:81845241:C:T,0,1,-0.41603922843933105,modal,cuda,QKI:K562
AQR,HepG2,chr17:81845541:C:T,0,1,1.269529938697815,modal,cuda,QKI:K562
AQR,HepG2,chr17:81845542:G:A,0,1,0.5170155167579651,modal,cuda,QKI:K562
AQR,HepG2,chr17:81845557:G:A,0,1,0.5313253402709961,modal,cuda,QKI:K562
AQR,HepG2,chr17:81859448:C:T,0,1,0.7334632873535156,modal,cuda,QKI:K562
AQR,HepG2,chr17:81860283:T:C,0,1,1.8763353824615479,modal,cuda,QKI:K562
AQR,HepG2,chr17:81933389:G:A,0,1,-0.5341253280639648,modal,cuda,QKI:K562
AQR,HepG2,chr17:81934314:G:A,0,1,0.29366445541381836,modal,cuda,QKI:K562
AQR,HepG2,chr17:81934326:C:T,1,1,0.44075775146484375,modal,cuda,QKI:K562
AQR,HepG2,chr17:81934651:A:C,1,1,-1.0537667274475098,modal,cuda,QKI:K562
AQR,HepG2,chr17:81934670:C:A,1,1,0.36388683319091797,modal,cuda,QKI:K562
AQR,HepG2,chr17:81934710:A:G,0,1,-0.8532445430755615,modal,cuda,QKI:K562
AQR,HepG2,chr17:82081152:A:G,0,1,-0.5906281471252441,modal,cuda,QKI:K562
AQR,HepG2,chr17:82081589:G:A,0,1,-1.0511937141418457,modal,cuda,QKI:K562
AQR,HepG2,chr17:82081851:G:C,0,1,-0.6435790061950684,modal,cuda,QKI:K562
AQR,HepG2,chr17:82081997:G:A,0,1,1.2264208793640137,modal,cuda,QKI:K562
AQR,HepG2,chr17:82082170:C:T,0,1,1.7568644285202026,modal,cuda,QKI:K562
AQR,HepG2,chr17:82082172:C:G,0,1,2.5528817176818848,modal,cuda,QKI:K562
AQR,HepG2,chr17:82082310:G:A,0,1,-0.4019155502319336,modal,cuda,QKI:K562
AQR,HepG2,chr17:82082905:C:T,0,1,0.48107433319091797,modal,cuda,QKI:K562
AQR,HepG2,chr17:82083509:G:A,0,1,0.5217690467834473,modal,cuda,QKI:K562
AQR,HepG2,chr17:82085882:T:A,0,1,-1.321277379989624,modal,cuda,QKI:K562
AQR,HepG2,chr17:82087042:G:A,0,1,-1.8063597679138184,modal,cuda,QKI:K562
AQR,HepG2,chr17:82087941:C:T,0,1,0.4040236473083496,modal,cuda,QKI:K562
AQR,HepG2,chr17:82088048:G:A,0,1,-1.6896324157714844,modal,cuda,QKI:K562
AQR,HepG2,chr17:82090866:G:C,0,1,-0.35463523864746094,modal,cuda,QKI:K562
AQR,HepG2,chr17:82092817:G:A,0,1,1.0631084442138672,modal,cuda,QKI:K562
AQR,HepG2,chr17:82092884:C:T,0,1,2.235105514526367,modal,cuda,QKI:K562
AQR,HepG2,chr17:82444130:C:T,0,1,0.9459095001220703,modal,cuda,QKI:K562
AQR,HepG2,chr17:82444165:G:A,0,1,1.5133026838302612,modal,cuda,QKI:K562
AQR,HepG2,chr17:82444169:T:C,0,1,0.9081950187683105,modal,cuda,QKI:K562
AQR,HepG2,chr17:82445871:G:A,0,1,-1.6122584342956543,modal,cuda,QKI:K562
AQR,HepG2,chr17:82752391:G:A,0,1,0.3392409086227417,modal,cuda,QKI:K562
AQR,HepG2,chr17:82752402:G:C,0,1,0.343826562166214,modal,cuda,QKI:K562
AQR,HepG2,chr18:3456385:G:A,0,4,0.20239901542663574,modal,cuda,QKI:K562
AQR,HepG2,chr18:3456397:C:T,0,4,0.33159053325653076,modal,cuda,QKI:K562
AQR,HepG2,chr18:58044736:A:C,0,4,0.49628883600234985,modal,cuda,QKI:K562
AQR,HepG2,chr18:58044739:C:T,0,4,-1.1196247339248657,modal,cuda,QKI:K562
AQR,HepG2,chr18:58044789:C:G,0,4,-1.0612620115280151,modal,cuda,QKI:K562
AQR,HepG2,chr18:58391581:A:G,0,4,-0.2415529489517212,modal,cuda,QKI:K562
AQR,HepG2,chr18:58715931:A:G,0,4,-0.3989109992980957,modal,cuda,QKI:K562
AQR,HepG2,chr18:68714873:G:A,0,4,-0.18077492713928223,modal,cuda,QKI:K562
AQR,HepG2,chr18:68714963:A:G,0,4,0.5480426549911499,modal,cuda,QKI:K562
AQR,HepG2,chr18:74260915:C:T,0,4,0.7981667518615723,modal,cuda,QKI:K562
AQR,HepG2,chr18:74260963:G:C,0,4,-0.266507625579834,modal,cuda,QKI:K562
AQR,HepG2,chr19:10182083:A:G,0,4,-0.5702462196350098,modal,cuda,QKI:K562
AQR,HepG2,chr19:10353998:A:G,0,4,0.08057832717895508,modal,cuda,QKI:K562
AQR,HepG2,chr19:10354011:A:G,0,4,0.21385449171066284,modal,cuda,QKI:K562
AQR,HepG2,chr19:10795451:G:A,0,4,0.23139262199401855,modal,cuda,QKI:K562
AQR,HepG2,chr19:10829016:T:G,0,4,-0.42587804794311523,modal,cuda,QKI:K562
AQR,HepG2,chr19:1105845:T:G,0,4,-0.7390192151069641,modal,cuda,QKI:K562
AQR,HepG2,chr19:1105851:T:G,0,4,-0.8326786756515503,modal,cuda,QKI:K562
AQR,HepG2,chr19:11089589:T:A,1,4,0.2946584224700928,modal,cuda,QKI:K562
AQR,HepG2,chr19:11089606:G:A,0,4,0.5244615077972412,modal,cuda,QKI:K562
AQR,HepG2,chr19:11102758:C:A,1,4,-0.9392695426940918,modal,cuda,QKI:K562
AQR,HepG2,chr19:11102758:C:G,1,4,-0.13097429275512695,modal,cuda,QKI:K562
AQR,HepG2,chr19:11102769:C:G,1,4,-1.460476040840149,modal,cuda,QKI:K562
AQR,HepG2,chr19:11102774:G:A,1,4,0.4796799421310425,modal,cuda,QKI:K562
AQR,HepG2,chr19:11102774:G:T,1,4,-3.2830991744995117,modal,cuda,QKI:K562
AQR,HepG2,chr19:11102777:C:T,1,4,-0.7479541301727295,modal,cuda,QKI:K562
AQR,HepG2,chr19:11102784:G:C,1,4,1.072493314743042,modal,cuda,QKI:K562
AQR,HepG2,chr19:11102785:T:A,1,4,-0.5929826498031616,modal,cuda,QKI:K562
AQR,HepG2,chr19:11102787:G:A,1,4,1.1953083276748657,modal,cuda,QKI:K562
AQR,HepG2,chr19:11102788:T:C,1,4,1.571711540222168,modal,cuda,QKI:K562
AQR,HepG2,chr19:11105170:T:C,0,4,-0.4737064838409424,modal,cuda,QKI:K562
AQR,HepG2,chr19:11105218:A:T,1,4,0.5910229682922363,modal,cuda,QKI:K562
AQR,HepG2,chr19:11105219:G:T,1,4,0.7834415435791016,modal,cuda,QKI:K562
AQR,HepG2,chr19:11105231:T:A,1,4,-0.5043559074401855,modal,cuda,QKI:K562
AQR,HepG2,chr19:11105233:C:A,1,4,-0.7176802158355713,modal,cuda,QKI:K562
AQR,HepG2,chr19:11105243:G:A,1,4,0.2912025451660156,modal,cuda,QKI:K562
AQR,HepG2,chr19:11105251:C:T,0,4,-0.38267624378204346,modal,cuda,QKI:K562
AQR,HepG2,chr19:11105586:A:G,1,4,-1.157487392425537,modal,cuda,QKI:K562
AQR,HepG2,chr19:11105587:C:G,1,4,-0.7413426637649536,modal,cuda,QKI:K562
AQR,HepG2,chr19:11105588:G:A,1,4,-0.5538257360458374,modal,cuda,QKI:K562
AQR,HepG2,chr19:11105588:G:T,1,4,-1.801954746246338,modal,cuda,QKI:K562
AQR,HepG2,chr19:11105590:G:T,1,4,-0.14487922191619873,modal,cuda,QKI:K562
AQR,HepG2,chr19:11105591:G:T,1,4,-0.575692892074585,modal,cuda,QKI:K562
AQR,HepG2,chr19:11105601:G:C,1,4,-0.49640440940856934,modal,cuda,QKI:K562
AQR,HepG2,chr19:11106666:G:A,1,4,-0.46460485458374023,modal,cuda,QKI:K562
AQR,HepG2,chr19:11106666:G:T,1,4,0.5112152099609375,modal,cuda,QKI:K562
AQR,HepG2,chr19:11106668:T:A,1,4,0.0744699239730835,modal,cuda,QKI:K562
AQR,HepG2,chr19:11106680:C:A,1,4,1.1668360233306885,modal,cuda,QKI:K562
AQR,HepG2,chr19:11106689:T:G,1,4,-0.6143124103546143,modal,cuda,QKI:K562
AQR,HepG2,chr19:11107523:C:T,0,4,0.399405837059021,modal,cuda,QKI:K562
AQR,HepG2,chr19:11107550:G:A,0,4,0.5918006896972656,modal,cuda,QKI:K562
AQR,HepG2,chr19:11110613:C:T,0,4,-0.21175456047058105,modal,cuda,QKI:K562
AQR,HepG2,chr19:11110648:G:A,0,4,0.9336528182029724,modal,cuda,QKI:K562
AQR,HepG2,chr19:11120513:T:G,1,4,-0.15355443954467773,modal,cuda,QKI:K562
AQR,HepG2,chr19:11120515:C:A,1,4,1.273991346359253,modal,cuda,QKI:K562
AQR,HepG2,chr19:11120523:G:A,1,4,-0.40692996978759766,modal,cuda,QKI:K562
AQR,HepG2,chr19:11120527:G:A,0,4,0.6461532115936279,modal,cuda,QKI:K562
AQR,HepG2,chr19:11123085:G:A,0,4,-0.16680097579956055,modal,cuda,QKI:K562
AQR,HepG2,chr19:11127961:G:A,0,4,0.3812267780303955,modal,cuda,QKI:K562
AQR,HepG2,chr19:11128005:C:T,1,4,-0.3522440791130066,modal,cuda,QKI:K562
AQR,HepG2,chr19:11128126:C:A,0,4,0.1749560832977295,modal,cuda,QKI:K562
AQR,HepG2,chr19:11128131:C:T,0,4,1.064594030380249,modal,cuda,QKI:K562
AQR,HepG2,chr19:11128132:G:A,0,4,0.5392074584960938,modal,cuda,QKI:K562
AQR,HepG2,chr19:11204072:C:T,0,4,-0.6258695125579834,modal,cuda,QKI:K562
AQR,HepG2,chr19:11448674:C:T,0,4,-0.3160344362258911,modal,cuda,QKI:K562
AQR,HepG2,chr19:11449434:C:T,0,4,0.5501270294189453,modal,cuda,QKI:K562
AQR,HepG2,chr19:1218385:C:T,0,4,0.9737614393234253,modal,cuda,QKI:K562
AQR,HepG2,chr19:1218423:T:C,0,4,-0.20745480060577393,modal,cuda,QKI:K562
AQR,HepG2,chr19:1218424:C:T,1,4,-2.7435989379882812,modal,cuda,QKI:K562
AQR,HepG2,chr19:1218524:G:A,0,4,1.0472429990768433,modal,cuda,QKI:K562
AQR,HepG2,chr19:1219354:C:T,0,4,-0.29100310802459717,modal,cuda,QKI:K562
AQR,HepG2,chr19:1219360:G:A,0,4,-0.3941320776939392,modal,cuda,QKI:K562
AQR,HepG2,chr19:1219369:G:A,0,4,-0.3907139301300049,modal,cuda,QKI:K562
AQR,HepG2,chr19:1219382:G:T,1,4,-1.215465784072876,modal,cuda,QKI:K562
AQR,HepG2,chr19:1219430:G:A,0,4,0.3773086667060852,modal,cuda,QKI:K562
AQR,HepG2,chr19:1220454:G:C,0,4,-0.07210493087768555,modal,cuda,QKI:K562
AQR,HepG2,chr19:1220481:A:G,0,4,0.4490351676940918,modal,cuda,QKI:K562
AQR,HepG2,chr19:1220496:C:A,0,4,-0.24722766876220703,modal,cuda,QKI:K562
AQR,HepG2,chr19:1220499:G:A,0,4,-0.17705070972442627,modal,cuda,QKI:K562
AQR,HepG2,chr19:1220502:C:A,0,4,-0.5554200410842896,modal,cuda,QKI:K562
AQR,HepG2,chr19:1220610:C:G,0,4,-0.5780353546142578,modal,cuda,QKI:K562
AQR,HepG2,chr19:1220643:G:A,0,4,-0.37691962718963623,modal,cuda,QKI:K562
AQR,HepG2,chr19:1221246:A:G,0,4,-0.3115663528442383,modal,cuda,QKI:K562
AQR,HepG2,chr19:1221261:C:A,1,4,-1.073533296585083,modal,cuda,QKI:K562
AQR,HepG2,chr19:1221261:C:G,1,4,-0.6931934356689453,modal,cuda,QKI:K562
AQR,HepG2,chr19:1242049:C:T,0,4,0.12765002250671387,modal,cuda,QKI:K562
AQR,HepG2,chr19:12669199:A:G,0,4,0.28651225566864014,modal,cuda,QKI:K562
AQR,HepG2,chr19:12669214:C:A,1,4,-2.3581361770629883,modal,cuda,QKI:K562
AQR,HepG2,chr19:12711303:C:G,1,4,1.3698557615280151,modal,cuda,QKI:K562
AQR,HepG2,chr19:12711305:A:G,1,4,0.8399595022201538,modal,cuda,QKI:K562
AQR,HepG2,chr19:12897713:G:A,1,4,0.5276046991348267,modal,cuda,QKI:K562
AQR,HepG2,chr19:12897723:C:A,1,4,0.35756683349609375,modal,cuda,QKI:K562
AQR,HepG2,chr19:12939276:C:G,0,4,-1.0945643186569214,modal,cuda,QKI:K562
AQR,HepG2,chr19:1388507:C:T,0,4,0.3297443389892578,modal,cuda,QKI:K562
AQR,HepG2,chr19:1399724:A:C,0,4,-0.38862085342407227,modal,cuda,QKI:K562
AQR,HepG2,chr19:1399956:G:A,0,4,0.4612703323364258,modal,cuda,QKI:K562
AQR,HepG2,chr19:15255604:C:T,0,4,0.5530135631561279,modal,cuda,QKI:K562
AQR,HepG2,chr19:15255612:A:G,0,4,-0.6890555620193481,modal,cuda,QKI:K562
AQR,HepG2,chr19:15263414:C:G,0,4,0.45983266830444336,modal,cuda,QKI:K562
AQR,HepG2,chr19:15265653:A:G,0,4,-1.4761381149291992,modal,cuda,QKI:K562
AQR,HepG2,chr19:1620950:C:T,0,4,0.6857095956802368,modal,cuda,QKI:K562
AQR,HepG2,chr19:1620951:C:G,0,4,0.3489806056022644,modal,cuda,QKI:K562
AQR,HepG2,chr19:1620951:C:T,0,4,0.3393372893333435,modal,cuda,QKI:K562
AQR,HepG2,chr19:17268749:C:T,0,4,-0.4392462968826294,modal,cuda,QKI:K562
AQR,HepG2,chr19:17338002:T:C,0,4,-0.24666939675807953,modal,cuda,QKI:K562
AQR,HepG2,chr19:17338348:C:G,0,4,1.2593164443969727,modal,cuda,QKI:K562
AQR,HepG2,chr19:18160954:C:T,0,4,0.5720081925392151,modal,cuda,QKI:K562
AQR,HepG2,chr19:18168709:A:G,0,4,-0.47947001457214355,modal,cuda,QKI:K562
AQR,HepG2,chr19:18168719:A:C,0,4,-1.4001624584197998,modal,cuda,QKI:K562
AQR,HepG2,chr19:18168719:A:T,0,4,-0.29973936080932617,modal,cuda,QKI:K562
AQR,HepG2,chr19:18168762:G:A,0,4,0.46173346042633057,modal,cuda,QKI:K562
AQR,HepG2,chr19:18594499:G:T,0,4,0.17208027839660645,modal,cuda,QKI:K562
AQR,HepG2,chr19:2111650:T:C,0,4,0.1340632438659668,modal,cuda,QKI:K562
AQR,HepG2,chr19:2111662:G:A,0,4,-0.40539467334747314,modal,cuda,QKI:K562
AQR,HepG2,chr19:2113302:C:T,0,4,0.15658307075500488,modal,cuda,QKI:K562
AQR,HepG2,chr19:2123821:G:A,0,4,0.7547237873077393,modal,cuda,QKI:K562
AQR,HepG2,chr19:2123882:G:A,0,4,0.3150259256362915,modal,cuda,QKI:K562
AQR,HepG2,chr19:2123929:C:T,0,4,0.9038594961166382,modal,cuda,QKI:K562
AQR,HepG2,chr19:2127142:C:T,0,4,-1.0621485710144043,modal,cuda,QKI:K562
AQR,HepG2,chr19:2129474:T:C,0,4,-0.4497244358062744,modal,cuda,QKI:K562
AQR,HepG2,chr19:2129475:C:G,0,4,-1.6653807163238525,modal,cuda,QKI:K562
AQR,HepG2,chr19:2130393:C:T,0,4,-0.5213212966918945,modal,cuda,QKI:K562
AQR,HepG2,chr19:2164274:C:G,0,4,-0.17724227905273438,modal,cuda,QKI:K562
AQR,HepG2,chr19:2227131:G:C,0,4,1.0153608322143555,modal,cuda,QKI:K562
AQR,HepG2,chr19:2431544:C:T,0,4,0.9921637773513794,modal,cuda,QKI:K562
AQR,HepG2,chr19:2432534:C:T,0,4,0.7915341854095459,modal,cuda,QKI:K562
AQR,HepG2,chr19:2432543:C:T,0,4,0.5407975912094116,modal,cuda,QKI:K562
AQR,HepG2,chr19:2432557:A:G,0,4,-0.1805408000946045,modal,cuda,QKI:K562
AQR,HepG2,chr19:2432705:T:C,0,4,-0.13234424591064453,modal,cuda,QKI:K562
AQR,HepG2,chr19:2434247:T:C,0,4,-0.3927112817764282,modal,cuda,QKI:K562
AQR,HepG2,chr19:29942649:C:G,0,4,-0.23333650827407837,modal,cuda,QKI:K562
AQR,HepG2,chr19:34365408:G:A,0,4,0.5113255977630615,modal,cuda,QKI:K562
AQR,HepG2,chr19:35737766:C:T,0,4,-0.16317838430404663,modal,cuda,QKI:K562
AQR,HepG2,chr19:35737843:T:A,0,4,0.5776691436767578,modal,cuda,QKI:K562
AQR,HepG2,chr19:38700743:G:C,0,4,-0.2855360507965088,modal,cuda,QKI:K562
AQR,HepG2,chr19:38723771:C:T,0,4,-0.21579229831695557,modal,cuda,QKI:K562
AQR,HepG2,chr19:38838877:C:T,0,4,0.4870530366897583,modal,cuda,QKI:K562
AQR,HepG2,chr19:38845640:C:G,0,4,0.47469377517700195,modal,cuda,QKI:K562
AQR,HepG2,chr19:3977809:C:T,0,4,0.11640357971191406,modal,cuda,QKI:K562
AQR,HepG2,chr19:3979314:T:C,0,4,0.8664966821670532,modal,cuda,QKI:K562
AQR,HepG2,chr19:3979321:C:A,0,4,0.8617687225341797,modal,cuda,QKI:K562
AQR,HepG2,chr19:3980821:C:T,0,4,0.6019757390022278,modal,cuda,QKI:K562
AQR,HepG2,chr19:3980826:A:G,0,4,0.47113925218582153,modal,cuda,QKI:K562
AQR,HepG2,chr19:3980828:C:T,0,4,0.49031686782836914,modal,cuda,QKI:K562
AQR,HepG2,chr19:3982787:C:T,0,4,0.20524632930755615,modal,cuda,QKI:K562
AQR,HepG2,chr19:3982794:G:C,0,4,-0.48851656913757324,modal,cuda,QKI:K562
AQR,HepG2,chr19:3982795:G:A,0,4,0.44283270835876465,modal,cuda,QKI:K562
AQR,HepG2,chr19:3984120:G:A,0,4,-0.1913437843322754,modal,cuda,QKI:K562
AQR,HepG2,chr19:3985367:G:A,0,4,1.021092414855957,modal,cuda,QKI:K562
AQR,HepG2,chr19:40255305:G:A,0,4,0.4409152865409851,modal,cuda,QKI:K562
AQR,HepG2,chr19:4101008:C:G,0,4,0.9287194013595581,modal,cuda,QKI:K562
AQR,HepG2,chr19:41331218:C:T,0,4,0.3709802031517029,modal,cuda,QKI:K562
AQR,HepG2,chr19:41332113:G:A,0,4,-1.0345327854156494,modal,cuda,QKI:K562
AQR,HepG2,chr19:41860315:G:T,0,4,0.11089146137237549,modal,cuda,QKI:K562
AQR,HepG2,chr19:41869012:C:G,0,4,-0.4373183250427246,modal,cuda,QKI:K562
AQR,HepG2,chr19:41869697:A:G,1,4,-0.6749758720397949,modal,cuda,QKI:K562
AQR,HepG2,chr19:41869765:G:A,0,4,0.5855140686035156,modal,cuda,QKI:K562
AQR,HepG2,chr19:41888059:T:C,0,4,-0.7663549184799194,modal,cuda,QKI:K562
AQR,HepG2,chr19:41888182:C:G,0,4,-0.2657840847969055,modal,cuda,QKI:K562
AQR,HepG2,chr19:42199798:G:A,0,4,0.5047684907913208,modal,cuda,QKI:K562
AQR,HepG2,chr19:42250564:C:T,0,4,0.10562658309936523,modal,cuda,QKI:K562
AQR,HepG2,chr19:42254999:T:C,1,4,-0.3535585403442383,modal,cuda,QKI:K562
AQR,HepG2,chr19:42352925:C:T,0,4,-0.9216269254684448,modal,cuda,QKI:K562
AQR,HepG2,chr19:43495251:C:T,0,4,0.0984196662902832,modal,cuda,QKI:K562
AQR,HepG2,chr19:44948697:G:C,0,4,0.5260698795318604,modal,cuda,QKI:K562
AQR,HepG2,chr19:44949198:C:A,1,4,1.4308921098709106,modal,cuda,QKI:K562
AQR,HepG2,chr19:4548003:G:A,0,4,-0.5915923714637756,modal,cuda,QKI:K562
AQR,HepG2,chr19:4548018:G:A,0,4,-0.9417914748191833,modal,cuda,QKI:K562
AQR,HepG2,chr19:46601421:C:A,0,4,-0.9392696619033813,modal,cuda,QKI:K562
AQR,HepG2,chr19:46605754:T:C,0,4,-0.29899862408638,modal,cuda,QKI:K562
AQR,HepG2,chr19:46605894:G:C,0,4,0.5432250499725342,modal,cuda,QKI:K562
AQR,HepG2,chr19:46784148:T:C,0,4,-0.8540636897087097,modal,cuda,QKI:K562
AQR,HepG2,chr19:4679870:G:A,1,4,-2.751974582672119,modal,cuda,QKI:K562
AQR,HepG2,chr19:48119170:A:G,0,4,-0.3375142812728882,modal,cuda,QKI:K562
AQR,HepG2,chr19:48119226:A:G,0,4,0.39741140604019165,modal,cuda,QKI:K562
AQR,HepG2,chr19:48615463:G:A,0,4,-1.4868814945220947,modal,cuda,QKI:K562
AQR,HepG2,chr19:48617331:C:A,0,4,-1.2421929836273193,modal,cuda,QKI:K562
AQR,HepG2,chr19:48617441:C:T,0,4,-0.4082132577896118,modal,cuda,QKI:K562
AQR,HepG2,chr19:49490225:C:T,0,4,0.30841219425201416,modal,cuda,QKI:K562
AQR,HepG2,chr19:49680531:G:A,0,4,0.440778911113739,modal,cuda,QKI:K562
AQR,HepG2,chr19:51347148:T:C,0,4,-1.2024283409118652,modal,cuda,QKI:K562
AQR,HepG2,chr19:51350309:G:A,0,4,0.11519718170166016,modal,cuda,QKI:K562
AQR,HepG2,chr19:51353350:C:T,0,4,-2.429614543914795,modal,cuda,QKI:K562
AQR,HepG2,chr19:51353365:T:C,0,4,0.17267203330993652,modal,cuda,QKI:K562
AQR,HepG2,chr19:51353377:G:A,0,4,1.0890192985534668,modal,cuda,QKI:K562
AQR,HepG2,chr19:51353387:G:C,0,4,-0.5934998989105225,modal,cuda,QKI:K562
AQR,HepG2,chr19:56823683:A:C,0,4,-0.5466679334640503,modal,cuda,QKI:K562
AQR,HepG2,chr19:56824431:C:T,0,4,0.3251052498817444,modal,cuda,QKI:K562
AQR,HepG2,chr19:5693278:G:T,0,4,0.36656153202056885,modal,cuda,QKI:K562
AQR,HepG2,chr19:5693298:C:A,0,4,0.4887439012527466,modal,cuda,QKI:K562
AQR,HepG2,chr19:5693301:A:G,0,4,-0.4651296138763428,modal,cuda,QKI:K562
AQR,HepG2,chr19:5696355:C:T,0,4,-0.48971691727638245,modal,cuda,QKI:K562
AQR,HepG2,chr19:5708373:G:C,1,4,-0.07291007041931152,modal,cuda,QKI:K562
AQR,HepG2,chr19:579519:C:T,0,4,-0.1251683235168457,modal,cuda,QKI:K562
AQR,HepG2,chr19:580388:C:G,0,4,-0.18174117803573608,modal,cuda,QKI:K562
AQR,HepG2,chr19:582505:G:A,0,4,0.24090918898582458,modal,cuda,QKI:K562
AQR,HepG2,chr19:58545418:C:T,0,4,-0.3168911933898926,modal,cuda,QKI:K562
AQR,HepG2,chr19:58548597:G:A,0,4,0.5592496395111084,modal,cuda,QKI:K562
AQR,HepG2,chr19:58548789:G:T,0,4,0.5772497057914734,modal,cuda,QKI:K562
AQR,HepG2,chr19:58548842:T:G,0,4,0.29691648483276367,modal,cuda,QKI:K562
AQR,HepG2,chr19:58550055:A:G,0,4,-0.7039172649383545,modal,cuda,QKI:K562
AQR,HepG2,chr19:6686078:G:A,0,4,-0.3466365337371826,modal,cuda,QKI:K562
AQR,HepG2,chr19:6693376:G:A,0,4,0.11907196044921875,modal,cuda,QKI:K562
AQR,HepG2,chr19:6694388:G:A,0,4,0.5415128469467163,modal,cuda,QKI:K562
AQR,HepG2,chr19:6696485:T:C,0,4,-0.1962447166442871,modal,cuda,QKI:K562
AQR,HepG2,chr19:6696546:C:G,0,4,0.6208536624908447,modal,cuda,QKI:K562
AQR,HepG2,chr19:6718067:T:G,0,4,-0.31613898277282715,modal,cuda,QKI:K562
AQR,HepG2,chr19:7184264:C:T,0,4,1.1778037548065186,modal,cuda,QKI:K562
AQR,HepG2,chr19:7557340:G:A,0,4,0.7750376462936401,modal,cuda,QKI:K562
AQR,HepG2,chr19:7911587:C:T,0,4,-0.41959571838378906,modal,cuda,QKI:K562
AQR,HepG2,chr19:797517:G:C,0,4,0.21328489482402802,modal,cuda,QKI:K562
AQR,HepG2,chr19:8403405:C:T,0,4,-0.4503457546234131,modal,cuda,QKI:K562
AQR,HepG2,chr19:8468767:C:G,0,4,-0.4069514274597168,modal,cuda,QKI:K562
AQR,HepG2,chr19:964434:G:A,0,4,0.5295255184173584,modal,cuda,QKI:K562
AQR,HepG2,chr1:1041134:C:A,0,0,0.337310791015625,modal,cuda,QKI:K562
AQR,HepG2,chr1:1041158:A:C,0,0,0.42609667778015137,modal,cuda,QKI:K562
AQR,HepG2,chr1:1042190:G:A,0,0,0.28936314582824707,modal,cuda,QKI:K562
AQR,HepG2,chr1:1048822:A:G,0,0,-0.1805734634399414,modal,cuda,QKI:K562
AQR,HepG2,chr1:1050080:T:C,0,0,-0.07973372936248779,modal,cuda,QKI:K562
AQR,HepG2,chr1:1055037:T:C,0,0,-0.6944009065628052,modal,cuda,QKI:K562
AQR,HepG2,chr1:109627335:A:G,0,0,-0.5682531595230103,modal,cuda,QKI:K562
AQR,HepG2,chr1:109627353:G:A,0,0,0.5150246620178223,modal,cuda,QKI:K562
AQR,HepG2,chr1:109630674:C:A,0,0,-0.5870574712753296,modal,cuda,QKI:K562
AQR,HepG2,chr1:11127815:A:C,0,0,0.29419994354248047,modal,cuda,QKI:K562
AQR,HepG2,chr1:11127836:T:C,0,0,-0.17742586135864258,modal,cuda,QKI:K562
AQR,HepG2,chr1:11127955:C:T,0,0,0.6067860126495361,modal,cuda,QKI:K562
AQR,HepG2,chr1:11128001:C:T,0,0,-0.18559789657592773,modal,cuda,QKI:K562
AQR,HepG2,chr1:11248031:C:T,0,0,-0.15109562873840332,modal,cuda,QKI:K562
AQR,HepG2,chr1:11248042:T:C,0,0,1.148972988128662,modal,cuda,QKI:K562
AQR,HepG2,chr1:11248080:T:G,0,0,-0.2755758762359619,modal,cuda,QKI:K562
AQR,HepG2,chr1:11248122:T:C,0,0,-0.38591623306274414,modal,cuda,QKI:K562
AQR,HepG2,chr1:11253847:C:G,0,0,0.42755722999572754,modal,cuda,QKI:K562
AQR,HepG2,chr1:11253894:T:G,0,0,-0.2718503475189209,modal,cuda,QKI:K562
AQR,HepG2,chr1:112694012:C:T,0,0,0.5440354347229004,modal,cuda,QKI:K562
AQR,HepG2,chr1:116373534:G:A,0,0,-0.1703042984008789,modal,cuda,QKI:K562
AQR,HepG2,chr1:116403983:T:C,0,0,-1.3822842836380005,modal,cuda,QKI:K562
AQR,HepG2,chr1:116404013:T:C,0,0,-0.9616186618804932,modal,cuda,QKI:K562
AQR,HepG2,chr1:116404401:C:T,0,0,-1.2710797786712646,modal,cuda,QKI:K562
AQR,HepG2,chr1:11806337:C:A,0,0,-0.36492156982421875,modal,cuda,QKI:K562
AQR,HepG2,chr1:11816605:G:A,0,0,1.5187777280807495,modal,cuda,QKI:K562
AQR,HepG2,chr1:11816629:T:C,0,0,1.6099718809127808,modal,cuda,QKI:K562
AQR,HepG2,chr1:11816635:G:A,0,0,0.3520158529281616,modal,cuda,QKI:K562
AQR,HepG2,chr1:11819529:A:G,0,0,-0.5244026184082031,modal,cuda,QKI:K562
AQR,HepG2,chr1:12579283:T:G,0,0,0.8691396713256836,modal,cuda,QKI:K562
AQR,HepG2,chr1:1339820:G:A,0,0,-0.5573646426200867,modal,cuda,QKI:K562
AQR,HepG2,chr1:1339911:G:A,0,0,-0.413948655128479,modal,cuda,QKI:K562
AQR,HepG2,chr1:147264433:C:T,0,0,-0.4287128448486328,modal,cuda,QKI:K562
AQR,HepG2,chr1:147264451:C:T,0,0,-0.6683933734893799,modal,cuda,QKI:K562
AQR,HepG2,chr1:147268843:C:G,0,0,2.9489355087280273,modal,cuda,QKI:K562
AQR,HepG2,chr1:150444268:A:G,0,0,-0.7871184349060059,modal,cuda,QKI:K562
AQR,HepG2,chr1:150578448:T:C,0,0,0.9444501399993896,modal,cuda,QKI:K562
AQR,HepG2,chr1:150578834:C:A,0,0,0.39675411581993103,modal,cuda,QKI:K562
AQR,HepG2,chr1:151289291:C:T,0,0,-0.3134405016899109,modal,cuda,QKI:K562
AQR,HepG2,chr1:151400203:A:G,0,0,-0.29993271827697754,modal,cuda,QKI:K562
AQR,HepG2,chr1:151401219:T:C,0,0,-0.3961045742034912,modal,cuda,QKI:K562
AQR,HepG2,chr1:1520319:G:C,0,0,0.9385949373245239,modal,cuda,QKI:K562
AQR,HepG2,chr1:154172971:C:T,1,0,2.052835464477539,modal,cuda,QKI:K562
AQR,HepG2,chr1:154172972:G:A,1,0,1.6067030429840088,modal,cuda,QKI:K562
AQR,HepG2,chr1:154589943:G:A,0,0,0.3641519546508789,modal,cuda,QKI:K562
AQR,HepG2,chr1:155312274:T:C,0,0,-0.9024484157562256,modal,cuda,QKI:K562
AQR,HepG2,chr1:155318292:G:A,1,0,0.15448904037475586,modal,cuda,QKI:K562
AQR,HepG2,chr1:155320440:T:C,0,0,-0.5555591583251953,modal,cuda,QKI:K562
AQR,HepG2,chr1:155965141:A:G,0,0,2.8971352577209473,modal,cuda,QKI:K562
AQR,HepG2,chr1:155965141:A:T,0,0,3.029768943786621,modal,cuda,QKI:K562
AQR,HepG2,chr1:156134584:G:T,0,0,0.9370204210281372,modal,cuda,QKI:K562
AQR,HepG2,chr1:156134601:C:T,0,0,-2.867036819458008,modal,cuda,QKI:K562
AQR,HepG2,chr1:156135890:C:G,1,0,0.8864685297012329,modal,cuda,QKI:K562
AQR,HepG2,chr1:156334921:A:G,0,0,-0.40067219734191895,modal,cuda,QKI:K562
AQR,HepG2,chr1:160295878:G:C,0,0,-0.4153308868408203,modal,cuda,QKI:K562
AQR,HepG2,chr1:161222526:G:A,0,0,-0.6254951357841492,modal,cuda,QKI:K562
AQR,HepG2,chr1:16125329:C:T,1,0,0.5209530591964722,modal,cuda,QKI:K562
AQR,HepG2,chr1:16133142:C:T,0,0,0.45916879177093506,modal,cuda,QKI:K562
AQR,HepG2,chr1:16135193:T:C,0,0,-0.8234767913818359,modal,cuda,QKI:K562
AQR,HepG2,chr1:16135639:C:T,0,0,1.2489498853683472,modal,cuda,QKI:K562
AQR,HepG2,chr1:16138441:C:T,0,0,0.7116095423698425,modal,cuda,QKI:K562
AQR,HepG2,chr1:16150928:G:C,0,0,-0.32411932945251465,modal,cuda,QKI:K562
AQR,HepG2,chr1:16150972:G:A,0,0,0.44316864013671875,modal,cuda,QKI:K562
AQR,HepG2,chr1:165759546:G:A,1,0,-0.5938056111335754,modal,cuda,QKI:K562
AQR,HepG2,chr1:169546601:C:A,0,0,-0.6004176735877991,modal,cuda,QKI:K562
AQR,HepG2,chr1:169546636:T:A,0,0,-0.23132967948913574,modal,cuda,QKI:K562
AQR,HepG2,chr1:17602183:G:A,0,0,0.4698125123977661,modal,cuda,QKI:K562
AQR,HepG2,chr1:17622992:G:T,0,0,0.14816999435424805,modal,cuda,QKI:K562
AQR,HepG2,chr1:17632449:T:C,0,0,-0.5137954950332642,modal,cuda,QKI:K562
AQR,HepG2,chr1:1790609:C:T,0,0,0.5483255386352539,modal,cuda,QKI:K562
AQR,HepG2,chr1:1815749:C:T,0,0,0.23604822158813477,modal,cuda,QKI:K562
AQR,HepG2,chr1:1815750:G:A,0,0,0.23259401321411133,modal,cuda,QKI:K562
AQR,HepG2,chr1:1815771:C:T,1,0,-0.9955359697341919,modal,cuda,QKI:K562
AQR,HepG2,chr1:1815796:G:C,1,0,-0.4384450912475586,modal,cuda,QKI:K562
AQR,HepG2,chr1:1815869:A:G,0,0,0.9941118955612183,modal,cuda,QKI:K562
AQR,HepG2,chr1:1815879:T:C,0,0,-0.6503826379776001,modal,cuda,QKI:K562
AQR,HepG2,chr1:1817857:C:T,0,0,1.179028034210205,modal,cuda,QKI:K562
AQR,HepG2,chr1:1817872:C:T,0,0,1.5136206150054932,modal,cuda,QKI:K562
AQR,HepG2,chr1:182385715:A:G,0,0,-0.8926137685775757,modal,cuda,QKI:K562
AQR,HepG2,chr1:182385911:A:G,0,0,-0.4256824851036072,modal,cuda,QKI:K562
AQR,HepG2,chr1:182387112:T:C,0,0,0.9119197130203247,modal,cuda,QKI:K562
AQR,HepG2,chr1:183133584:C:T,0,0,0.3443470001220703,modal,cuda,QKI:K562
AQR,HepG2,chr1:18876432:T:C,0,0,-0.1652531623840332,modal,cuda,QKI:K562
AQR,HepG2,chr1:18883049:A:G,0,0,-0.40613865852355957,modal,cuda,QKI:K562
AQR,HepG2,chr1:18886528:G:A,0,0,0.34817028045654297,modal,cuda,QKI:K562
AQR,HepG2,chr1:18889340:T:C,0,0,0.39675283432006836,modal,cuda,QKI:K562
AQR,HepG2,chr1:19165007:G:A,0,0,-1.4127031564712524,modal,cuda,QKI:K562
AQR,HepG2,chr1:203861715:T:A,1,0,-0.9582302570343018,modal,cuda,QKI:K562
AQR,HepG2,chr1:207767777:A:G,1,0,-0.8876545429229736,modal,cuda,QKI:K562
AQR,HepG2,chr1:207767846:G:T,0,0,-0.40122509002685547,modal,cuda,QKI:K562
AQR,HepG2,chr1:219927785:T:C,0,0,-1.068192720413208,modal,cuda,QKI:K562
AQR,HepG2,chr1:225838915:G:A,0,0,2.028568983078003,modal,cuda,QKI:K562
AQR,HepG2,chr1:225921374:A:G,0,0,0.8137171268463135,modal,cuda,QKI:K562
AQR,HepG2,chr1:226940407:T:C,0,0,-0.40319132804870605,modal,cuda,QKI:K562
AQR,HepG2,chr1:226983509:G:A,0,0,0.963053286075592,modal,cuda,QKI:K562
AQR,HepG2,chr1:226983711:T:A,0,0,0.17392969131469727,modal,cuda,QKI:K562
AQR,HepG2,chr1:226985202:G:A,0,0,0.6247166991233826,modal,cuda,QKI:K562
AQR,HepG2,chr1:228402165:C:A,0,0,0.3212183713912964,modal,cuda,QKI:K562
AQR,HepG2,chr1:2303121:G:A,0,0,0.6470333337783813,modal,cuda,QKI:K562
AQR,HepG2,chr1:2303193:G:A,0,0,0.894050121307373,modal,cuda,QKI:K562
AQR,HepG2,chr1:2304117:C:T,0,0,-0.3041725158691406,modal,cuda,QKI:K562
AQR,HepG2,chr1:230705815:G:A,0,0,-0.5746694803237915,modal,cuda,QKI:K562
AQR,HepG2,chr1:230710933:T:C,0,0,0.6804428100585938,modal,cuda,QKI:K562
AQR,HepG2,chr1:234607870:T:C,0,0,-1.0142707824707031,modal,cuda,QKI:K562
AQR,HepG2,chr1:23693789:G:C,0,0,0.424851655960083,modal,cuda,QKI:K562
AQR,HepG2,chr1:2406687:C:A,0,0,1.2987420558929443,modal,cuda,QKI:K562
AQR,HepG2,chr1:2406749:C:T,1,0,-1.6211620569229126,modal,cuda,QKI:K562
AQR,HepG2,chr1:244843137:C:T,0,0,-0.3260631561279297,modal,cuda,QKI:K562
AQR,HepG2,chr1:244843172:A:G,0,0,0.37515926361083984,modal,cuda,QKI:K562
AQR,HepG2,chr1:244856629:T:A,0,0,-0.6027644276618958,modal,cuda,QKI:K562
AQR,HepG2,chr1:244856866:A:G,0,0,1.2212927341461182,modal,cuda,QKI:K562
AQR,HepG2,chr1:244859251:A:C,0,0,-0.6114003658294678,modal,cuda,QKI:K562
AQR,HepG2,chr1:244862744:G:A,0,0,0.3184880018234253,modal,cuda,QKI:K562
AQR,HepG2,chr1:244863621:C:T,0,0,-0.09286320209503174,modal,cuda,QKI:K562
AQR,HepG2,chr1:26272017:T:G,0,0,-0.19039130210876465,modal,cuda,QKI:K562
AQR,HepG2,chr1:39001114:C:G,0,0,-0.542503833770752,modal,cuda,QKI:K562
AQR,HepG2,chr1:40979845:G:T,0,0,-0.3591303825378418,modal,cuda,QKI:K562
AQR,HepG2,chr1:42929050:T:C,0,0,-0.293060839176178,modal,cuda,QKI:K562
AQR,HepG2,chr1:42930916:G:A,0,0,-0.22813904285430908,modal,cuda,QKI:K562
AQR,HepG2,chr1:43403564:G:C,0,0,0.7639085054397583,modal,cuda,QKI:K562
AQR,HepG2,chr1:45511415:C:A,1,0,-0.7330822944641113,modal,cuda,QKI:K562
AQR,HepG2,chr1:54865293:T:C,0,0,0.15595579147338867,modal,cuda,QKI:K562
AQR,HepG2,chr1:54871642:C:G,0,0,0.8721730709075928,modal,cuda,QKI:K562
AQR,HepG2,chr1:54883599:G:A,0,0,1.1394237279891968,modal,cuda,QKI:K562
AQR,HepG2,chr1:54886870:C:G,0,0,0.43732762336730957,modal,cuda,QKI:K562
AQR,HepG2,chr1:55040059:A:G,0,0,-0.5371484160423279,modal,cuda,QKI:K562
AQR,HepG2,chr1:55052267:G:A,0,0,0.8622099161148071,modal,cuda,QKI:K562
AQR,HepG2,chr1:5873285:C:T,1,0,2.125091552734375,modal,cuda,QKI:K562
AQR,HepG2,chr1:5873347:G:A,0,0,0.40924492478370667,modal,cuda,QKI:K562
AQR,HepG2,chr1:6448565:A:G,0,0,-0.3699915409088135,modal,cuda,QKI:K562
AQR,HepG2,chr1:6448573:G:T,0,0,0.3454105854034424,modal,cuda,QKI:K562
AQR,HepG2,chr1:6451522:A:G,0,0,-1.0950390100479126,modal,cuda,QKI:K562
AQR,HepG2,chr1:6459964:C:A,0,0,0.8063235878944397,modal,cuda,QKI:K562
AQR,HepG2,chr1:6459979:C:T,0,0,-0.2628973722457886,modal,cuda,QKI:K562
AQR,HepG2,chr1:8358193:C:T,0,0,0.5783787965774536,modal,cuda,QKI:K562
AQR,HepG2,chr1:92840587:C:T,1,0,0.6681382656097412,modal,cuda,QKI:K562
AQR,HepG2,chr1:92841745:A:G,0,0,0.28875207901000977,modal,cuda,QKI:K562
AQR,HepG2,chr1:92841757:C:A,0,0,0.6317932605743408,modal,cuda,QKI:K562
AQR,HepG2,chr1:92841817:A:G,0,0,-0.5720274448394775,modal,cuda,QKI:K562
AQR,HepG2,chr1:96769734:A:G,0,0,0.9669885635375977,modal,cuda,QKI:K562
AQR,HepG2,chr20:10642441:C:T,0,0,0.5231896638870239,modal,cuda,QKI:K562
AQR,HepG2,chr20:10645093:C:G,0,0,1.4122508764266968,modal,cuda,QKI:K562
AQR,HepG2,chr20:10645105:C:T,0,0,-0.5763907432556152,modal,cuda,QKI:K562
AQR,HepG2,chr20:10645126:G:A,0,0,-0.7541031837463379,modal,cuda,QKI:K562
AQR,HepG2,chr20:10646898:G:A,0,0,0.8661792278289795,modal,cuda,QKI:K562
AQR,HepG2,chr20:10651710:T:C,0,0,-0.8603746891021729,modal,cuda,QKI:K562
AQR,HepG2,chr20:10652308:T:C,0,0,-1.0562043190002441,modal,cuda,QKI:K562
AQR,HepG2,chr20:10658737:A:G,0,0,0.5543450117111206,modal,cuda,QKI:K562
AQR,HepG2,chr20:10658744:A:C,0,0,-1.1711091995239258,modal,cuda,QKI:K562
AQR,HepG2,chr20:13787297:C:T,0,0,1.1353785991668701,modal,cuda,QKI:K562
AQR,HepG2,chr20:13787310:A:T,1,0,-0.5886266231536865,modal,cuda,QKI:K562
AQR,HepG2,chr20:13787360:G:A,0,0,0.384344220161438,modal,cuda,QKI:K562
AQR,HepG2,chr20:13816446:C:A,0,0,1.240652322769165,modal,cuda,QKI:K562
AQR,HepG2,chr20:13816533:G:A,0,0,0.8867627382278442,modal,cuda,QKI:K562
AQR,HepG2,chr20:23421338:T:C,0,0,-0.8148030042648315,modal,cuda,QKI:K562
AQR,HepG2,chr20:2467826:A:C,0,0,-0.4393601417541504,modal,cuda,QKI:K562
AQR,HepG2,chr20:2470762:G:T,1,0,0.30506396293640137,modal,cuda,QKI:K562
AQR,HepG2,chr20:25303488:C:A,0,0,-0.7591347694396973,modal,cuda,QKI:K562
AQR,HepG2,chr20:2657933:T:C,0,0,-0.5057318210601807,modal,cuda,QKI:K562
AQR,HepG2,chr20:2658234:G:A,0,0,0.6446281671524048,modal,cuda,QKI:K562
AQR,HepG2,chr20:2658236:T:C,0,0,0.34240877628326416,modal,cuda,QKI:K562
AQR,HepG2,chr20:3218631:C:A,1,0,-0.5355652570724487,modal,cuda,QKI:K562
AQR,HepG2,chr20:3221881:G:A,1,0,-0.8422403335571289,modal,cuda,QKI:K562
AQR,HepG2,chr20:3221913:C:T,1,0,-0.4016432762145996,modal,cuda,QKI:K562
AQR,HepG2,chr20:3221990:G:A,0,0,1.0074524879455566,modal,cuda,QKI:K562
AQR,HepG2,chr20:3223304:T:A,0,0,0.1747710108757019,modal,cuda,QKI:K562
AQR,HepG2,chr20:3223416:G:A,0,0,0.28194379806518555,modal,cuda,QKI:K562
AQR,HepG2,chr20:3230258:G:C,1,0,-0.7609293460845947,modal,cuda,QKI:K562
AQR,HepG2,chr20:3230515:C:T,1,0,0.7092070579528809,modal,cuda,QKI:K562
AQR,HepG2,chr20:32358772:A:G,0,0,0.2521636188030243,modal,cuda,QKI:K562
AQR,HepG2,chr20:32358884:C:T,0,0,-0.18942499160766602,modal,cuda,QKI:K562
AQR,HepG2,chr20:32366492:A:G,0,0,0.48865389823913574,modal,cuda,QKI:K562
AQR,HepG2,chr20:3237557:G:C,1,0,-1.5842058658599854,modal,cuda,QKI:K562
AQR,HepG2,chr20:3237570:G:T,1,0,1.2406718730926514,modal,cuda,QKI:K562
AQR,HepG2,chr20:3237596:G:C,0,0,-1.1997811794281006,modal,cuda,QKI:K562
AQR,HepG2,chr20:32429916:A:G,0,0,-1.0528364181518555,modal,cuda,QKI:K562
AQR,HepG2,chr20:32429917:C:T,0,0,0.3131781220436096,modal,cuda,QKI:K562
AQR,HepG2,chr20:32429940:C:T,0,0,0.3741098642349243,modal,cuda,QKI:K562
AQR,HepG2,chr20:34285641:G:A,0,0,0.27836835384368896,modal,cuda,QKI:K562
AQR,HepG2,chr20:34303226:C:A,0,0,0.16865766048431396,modal,cuda,QKI:K562
AQR,HepG2,chr20:35463587:C:T,1,0,-1.4060900211334229,modal,cuda,QKI:K562
AQR,HepG2,chr20:35467533:G:T,1,0,-1.3436521291732788,modal,cuda,QKI:K562
AQR,HepG2,chr20:35491196:C:G,0,0,1.4664299488067627,modal,cuda,QKI:K562
AQR,HepG2,chr20:37232377:C:T,0,0,-0.5488412976264954,modal,cuda,QKI:K562
AQR,HepG2,chr20:37232385:C:T,0,0,0.5442459583282471,modal,cuda,QKI:K562
AQR,HepG2,chr20:37396157:C:T,0,0,0.2804381847381592,modal,cuda,QKI:K562
AQR,HepG2,chr20:3889670:C:G,1,0,-1.054034948348999,modal,cuda,QKI:K562
AQR,HepG2,chr20:3889695:C:T,1,0,-1.214530110359192,modal,cuda,QKI:K562
AQR,HepG2,chr20:3889758:C:G,0,0,-0.3719838857650757,modal,cuda,QKI:K562
AQR,HepG2,chr20:3889762:C:T,0,0,-0.24670282006263733,modal,cuda,QKI:K562
AQR,HepG2,chr20:3889763:C:T,0,0,-0.32212233543395996,modal,cuda,QKI:K562
AQR,HepG2,chr20:3889770:C:A,0,0,1.2459380626678467,modal,cuda,QKI:K562
AQR,HepG2,chr20:3910559:A:C,0,0,-1.2249345779418945,modal,cuda,QKI:K562
AQR,HepG2,chr20:3910589:C:T,1,0,1.558988094329834,modal,cuda,QKI:K562
AQR,HepG2,chr20:3910598:A:G,1,0,-0.8070952892303467,modal,cuda,QKI:K562
AQR,HepG2,chr20:3910607:G:T,1,0,-2.7568163871765137,modal,cuda,QKI:K562
AQR,HepG2,chr20:408812:C:T,0,0,-0.37218722701072693,modal,cuda,QKI:K562
AQR,HepG2,chr20:410002:G:A,0,0,-1.3409303426742554,modal,cuda,QKI:K562
AQR,HepG2,chr20:419702:G:T,1,0,-1.4646358489990234,modal,cuda,QKI:K562
AQR,HepG2,chr20:419713:G:T,0,0,0.4009256362915039,modal,cuda,QKI:K562
AQR,HepG2,chr20:419726:C:T,1,0,-2.6065943241119385,modal,cuda,QKI:K562
AQR,HepG2,chr20:428921:G:A,0,0,0.7572875022888184,modal,cuda,QKI:K562
AQR,HepG2,chr20:44406020:T:C,0,0,0.3970015048980713,modal,cuda,QKI:K562
AQR,HepG2,chr20:44406054:G:A,0,0,0.9878276586532593,modal,cuda,QKI:K562
AQR,HepG2,chr20:44407360:A:G,1,0,2.5950143337249756,modal,cuda,QKI:K562
AQR,HepG2,chr20:44407494:C:T,0,0,0.3086585998535156,modal,cuda,QKI:K562
AQR,HepG2,chr20:44414455:G:A,0,0,0.7429097890853882,modal,cuda,QKI:K562
AQR,HepG2,chr20:44428481:C:T,1,0,-0.27432340383529663,modal,cuda,QKI:K562
AQR,HepG2,chr20:44429456:C:G,0,0,-1.4342458248138428,modal,cuda,QKI:K562
AQR,HepG2,chr20:445095:G:A,1,0,-2.0680181980133057,modal,cuda,QKI:K562
AQR,HepG2,chr20:462293:C:G,0,0,0.2654581069946289,modal,cuda,QKI:K562
AQR,HepG2,chr20:48941849:T:C,0,0,-0.24052023887634277,modal,cuda,QKI:K562
AQR,HepG2,chr20:499976:A:T,0,0,0.3236927092075348,modal,cuda,QKI:K562
AQR,HepG2,chr20:50948650:G:C,1,0,-1.1679476499557495,modal,cuda,QKI:K562
AQR,HepG2,chr20:5118870:G:A,0,0,-1.3810898065567017,modal,cuda,QKI:K562
AQR,HepG2,chr20:57562631:A:C,0,0,-1.749739408493042,modal,cuda,QKI:K562
AQR,HepG2,chr20:57562984:G:C,0,0,-0.6188951730728149,modal,cuda,QKI:K562
AQR,HepG2,chr20:58651457:G:A,0,0,0.689871072769165,modal,cuda,QKI:K562
AQR,HepG2,chr20:58651473:C:G,0,0,-0.22101068496704102,modal,cuda,QKI:K562
AQR,HepG2,chr20:58651944:T:C,0,0,-1.0720884799957275,modal,cuda,QKI:K562
AQR,HepG2,chr20:58651982:A:C,0,0,0.16900694370269775,modal,cuda,QKI:K562
AQR,HepG2,chr20:58673636:A:T,0,0,-0.5230324268341064,modal,cuda,QKI:K562
AQR,HepG2,chr20:58891826:A:T,1,0,-1.5255364179611206,modal,cuda,QKI:K562
AQR,HepG2,chr20:58891829:C:T,1,0,-0.8028454780578613,modal,cuda,QKI:K562
AQR,HepG2,chr20:58891850:C:A,1,0,0.11391019821166992,modal,cuda,QKI:K562
AQR,HepG2,chr20:58891850:C:T,1,0,0.1546667516231537,modal,cuda,QKI:K562
AQR,HepG2,chr20:58891853:C:G,1,0,-0.10734057426452637,modal,cuda,QKI:K562
AQR,HepG2,chr20:58891866:G:A,1,0,0.5733123421669006,modal,cuda,QKI:K562
AQR,HepG2,chr20:58891866:G:C,1,0,0.24253854155540466,modal,cuda,QKI:K562
AQR,HepG2,chr20:58891867:T:C,1,0,0.8406386375427246,modal,cuda,QKI:K562
AQR,HepG2,chr20:58895629:A:G,1,0,-0.5847444534301758,modal,cuda,QKI:K562
AQR,HepG2,chr20:58903801:A:T,0,0,0.33489179611206055,modal,cuda,QKI:K562
AQR,HepG2,chr20:58903802:C:A,0,0,-0.43718576431274414,modal,cuda,QKI:K562
AQR,HepG2,chr20:58909186:C:T,0,0,0.39072251319885254,modal,cuda,QKI:K562
AQR,HepG2,chr20:58909190:C:T,1,0,-0.36038970947265625,modal,cuda,QKI:K562
AQR,HepG2,chr20:58909201:T:G,1,0,-1.2506673336029053,modal,cuda,QKI:K562
AQR,HepG2,chr20:59032205:G:A,0,0,-0.6293055415153503,modal,cuda,QKI:K562
AQR,HepG2,chr20:62140809:G:A,0,0,0.8208260536193848,modal,cuda,QKI:K562
AQR,HepG2,chr20:62159842:G:A,0,0,0.2742133140563965,modal,cuda,QKI:K562
AQR,HepG2,chr20:62161393:G:A,0,0,1.7142722606658936,modal,cuda,QKI:K562
AQR,HepG2,chr20:62161411:C:T,0,0,0.703380823135376,modal,cuda,QKI:K562
AQR,HepG2,chr20:62281182:G:A,0,0,-0.45357048511505127,modal,cuda,QKI:K562
AQR,HepG2,chr20:62281196:C:T,0,0,1.077000379562378,modal,cuda,QKI:K562
AQR,HepG2,chr20:62281225:G:A,0,0,0.9860186576843262,modal,cuda,QKI:K562
AQR,HepG2,chr20:62310372:C:A,0,0,0.19574594497680664,modal,cuda,QKI:K562
AQR,HepG2,chr20:62316646:G:A,0,0,0.6588358879089355,modal,cuda,QKI:K562
AQR,HepG2,chr20:62324566:C:T,0,0,0.25174617767333984,modal,cuda,QKI:K562
AQR,HepG2,chr20:62324567:G:A,0,0,0.16602110862731934,modal,cuda,QKI:K562
AQR,HepG2,chr20:62352201:G:A,0,0,0.7908439040184021,modal,cuda,QKI:K562
AQR,HepG2,chr20:62353047:C:T,0,0,0.5539546012878418,modal,cuda,QKI:K562
AQR,HepG2,chr20:62353117:C:A,0,0,0.38712215423583984,modal,cuda,QKI:K562
AQR,HepG2,chr20:62353120:C:T,0,0,0.5391559600830078,modal,cuda,QKI:K562
AQR,HepG2,chr20:62821485:G:A,0,0,-1.7562673091888428,modal,cuda,QKI:K562
AQR,HepG2,chr20:62822197:G:A,0,0,0.4467165470123291,modal,cuda,QKI:K562
AQR,HepG2,chr20:62827459:C:A,0,0,-1.3260546922683716,modal,cuda,QKI:K562
AQR,HepG2,chr20:62963266:C:T,0,0,-0.350872278213501,modal,cuda,QKI:K562
AQR,HepG2,chr20:62966741:C:T,0,0,0.40008997917175293,modal,cuda,QKI:K562
AQR,HepG2,chr20:63661511:C:T,0,0,0.39309096336364746,modal,cuda,QKI:K562
AQR,HepG2,chr20:63873800:G:A,0,0,0.5837324857711792,modal,cuda,QKI:K562
AQR,HepG2,chr20:63929545:C:T,0,0,0.43746042251586914,modal,cuda,QKI:K562
AQR,HepG2,chr20:63981322:G:A,0,0,-0.2101740837097168,modal,cuda,QKI:K562
AQR,HepG2,chr20:63983032:G:C,0,0,0.9589323997497559,modal,cuda,QKI:K562
AQR,HepG2,chr20:64025924:G:A,0,0,-0.6355607509613037,modal,cuda,QKI:K562
AQR,HepG2,chr20:64028584:C:T,0,0,-0.2992424964904785,modal,cuda,QKI:K562
AQR,HepG2,chr21:31659801:G:C,1,0,0.407892107963562,modal,cuda,QKI:K562
AQR,HepG2,chr21:32607716:G:T,1,0,-0.2554159164428711,modal,cuda,QKI:K562
AQR,HepG2,chr21:32607732:G:C,0,0,-0.5284125804901123,modal,cuda,QKI:K562
AQR,HepG2,chr21:33546193:C:T,0,0,-0.4066663384437561,modal,cuda,QKI:K562
AQR,HepG2,chr21:33546246:A:G,0,0,-1.5022109746932983,modal,cuda,QKI:K562
AQR,HepG2,chr21:33549618:T:A,1,0,-0.20110130310058594,modal,cuda,QKI:K562
AQR,HepG2,chr21:33549625:C:T,1,0,-0.24386024475097656,modal,cuda,QKI:K562
AQR,HepG2,chr21:33549634:G:T,1,0,1.2156462669372559,modal,cuda,QKI:K562
AQR,HepG2,chr21:33549650:C:T,0,0,0.3116731643676758,modal,cuda,QKI:K562
AQR,HepG2,chr21:33549679:T:C,0,0,0.5676703453063965,modal,cuda,QKI:K562
AQR,HepG2,chr21:33582064:T:C,1,0,0.7931888103485107,modal,cuda,QKI:K562
AQR,HepG2,chr21:39213562:C:G,0,0,1.1511120796203613,modal,cuda,QKI:K562
AQR,HepG2,chr21:42852217:G:A,0,0,1.37209153175354,modal,cuda,QKI:K562
AQR,HepG2,chr21:43793309:C:T,0,0,-0.4920496940612793,modal,cuda,QKI:K562
AQR,HepG2,chr21:45475593:G:A,0,0,0.4580059051513672,modal,cuda,QKI:K562
AQR,HepG2,chr21:45477979:T:C,0,0,-0.25505173206329346,modal,cuda,QKI:K562
AQR,HepG2,chr21:45507498:A:T,0,0,-0.5813016891479492,modal,cuda,QKI:K562
AQR,HepG2,chr21:46151751:C:T,0,0,1.351744532585144,modal,cuda,QKI:K562
AQR,HepG2,chr21:46151753:C:T,0,0,1.8878017663955688,modal,cuda,QKI:K562
AQR,HepG2,chr21:46153048:G:A,0,0,0.46161794662475586,modal,cuda,QKI:K562
AQR,HepG2,chr21:46153051:G:A,0,0,0.18714046478271484,modal,cuda,QKI:K562
AQR,HepG2,chr21:46191874:G:A,0,0,0.7705509662628174,modal,cuda,QKI:K562
AQR,HepG2,chr21:46215631:G:A,0,0,0.4849729537963867,modal,cuda,QKI:K562
AQR,HepG2,chr21:46215663:C:T,0,0,0.38607966899871826,modal,cuda,QKI:K562
AQR,HepG2,chr21:46228579:C:T,1,0,0.5033468008041382,modal,cuda,QKI:K562
AQR,HepG2,chr21:46228611:C:T,0,0,0.5406172275543213,modal,cuda,QKI:K562
AQR,HepG2,chr21:46246418:A:G,0,0,-0.798713207244873,modal,cuda,QKI:K562
AQR,HepG2,chr22:19480129:T:C,0,3,-0.7393181324005127,modal,cuda,QKI:K562
AQR,HepG2,chr22:19480194:C:T,0,3,-0.31576550006866455,modal,cuda,QKI:K562
AQR,HepG2,chr22:20785999:T:C,0,3,0.11874723434448242,modal,cuda,QKI:K562
AQR,HepG2,chr22:23766251:G:T,0,3,0.0691065788269043,modal,cuda,QKI:K562
AQR,HepG2,chr22:23767600:G:C,0,3,-0.43273115158081055,modal,cuda,QKI:K562
AQR,HepG2,chr22:23895031:C:T,0,3,-0.16030406951904297,modal,cuda,QKI:K562
AQR,HepG2,chr22:23895034:C:G,0,3,-0.15111267566680908,modal,cuda,QKI:K562
AQR,HepG2,chr22:24177467:G:A,0,3,0.3686140179634094,modal,cuda,QKI:K562
AQR,HepG2,chr22:31620988:G:A,0,3,0.09976696968078613,modal,cuda,QKI:K562
AQR,HepG2,chr22:32857333:G:A,0,3,0.3643035888671875,modal,cuda,QKI:K562
AQR,HepG2,chr22:32858060:C:T,0,3,0.19191217422485352,modal,cuda,QKI:K562
AQR,HepG2,chr22:35416622:G:A,0,3,0.6211404800415039,modal,cuda,QKI:K562
AQR,HepG2,chr22:36286660:C:T,0,3,-0.31811022758483887,modal,cuda,QKI:K562
AQR,HepG2,chr22:36286661:G:A,0,3,0.15196168422698975,modal,cuda,QKI:K562
AQR,HepG2,chr22:36286688:G:A,0,3,0.322065532207489,modal,cuda,QKI:K562
AQR,HepG2,chr22:36305891:G:T,0,3,0.4396083354949951,modal,cuda,QKI:K562
AQR,HepG2,chr22:36322421:C:A,0,3,0.17047232389450073,modal,cuda,QKI:K562
AQR,HepG2,chr22:36348854:A:C,0,3,-0.6268872022628784,modal,cuda,QKI:K562
AQR,HepG2,chr22:36348857:T:C,0,3,-0.46464478969573975,modal,cuda,QKI:K562
AQR,HepG2,chr22:37508688:G:A,0,3,-0.24139833450317383,modal,cuda,QKI:K562
AQR,HepG2,chr22:38294256:G:T,0,3,0.36991190910339355,modal,cuda,QKI:K562
AQR,HepG2,chr22:39316911:G:A,0,3,0.3729372024536133,modal,cuda,QKI:K562
AQR,HepG2,chr22:39416786:C:T,0,3,-0.13483309745788574,modal,cuda,QKI:K562
AQR,HepG2,chr22:40346693:G:A,1,3,-0.6705851554870605,modal,cuda,QKI:K562
AQR,HepG2,chr22:40346709:C:T,1,3,-0.45609718561172485,modal,cuda,QKI:K562
AQR,HepG2,chr22:40358931:C:T,1,3,0.3656749725341797,modal,cuda,QKI:K562
AQR,HepG2,chr22:40358949:C:T,1,3,0.39745497703552246,modal,cuda,QKI:K562
AQR,HepG2,chr22:40359279:T:C,1,3,0.11599063873291016,modal,cuda,QKI:K562
AQR,HepG2,chr22:40361653:A:G,0,3,-0.30294275283813477,modal,cuda,QKI:K562
AQR,HepG2,chr22:41160592:G:A,0,3,0.3538627624511719,modal,cuda,QKI:K562
AQR,HepG2,chr22:41170356:T:G,0,3,0.1772770881652832,modal,cuda,QKI:K562
AQR,HepG2,chr22:41176537:C:T,0,3,0.18560528755187988,modal,cuda,QKI:K562
AQR,HepG2,chr22:41176562:C:G,0,3,-0.3327000141143799,modal,cuda,QKI:K562
AQR,HepG2,chr22:41176564:C:T,0,3,0.056995391845703125,modal,cuda,QKI:K562
AQR,HepG2,chr22:41176565:C:T,0,3,-0.12362527847290039,modal,cuda,QKI:K562
AQR,HepG2,chr22:41176578:T:C,0,3,-0.40577268600463867,modal,cuda,QKI:K562
AQR,HepG2,chr22:41877458:G:A,0,3,-0.24634027481079102,modal,cuda,QKI:K562
AQR,HepG2,chr22:41878030:G:T,0,3,0.18063068389892578,modal,cuda,QKI:K562
AQR,HepG2,chr22:41904874:T:C,0,3,-0.18981575965881348,modal,cuda,QKI:K562
AQR,HepG2,chr22:42631350:G:A,0,3,0.44370412826538086,modal,cuda,QKI:K562
AQR,HepG2,chr22:42636864:G:T,0,3,1.057180404663086,modal,cuda,QKI:K562
AQR,HepG2,chr22:42649289:G:A,0,3,-0.17485833168029785,modal,cuda,QKI:K562
AQR,HepG2,chr22:45672264:G:A,0,3,0.8639798760414124,modal,cuda,QKI:K562
AQR,HepG2,chr22:46356916:G:A,0,3,0.2526404857635498,modal,cuda,QKI:K562
AQR,HepG2,chr22:49775698:G:C,0,3,-0.41572093963623047,modal,cuda,QKI:K562
AQR,HepG2,chr22:50220065:C:A,0,3,0.24794673919677734,modal,cuda,QKI:K562
AQR,HepG2,chr22:50220072:A:G,0,3,0.18081188201904297,modal,cuda,QKI:K562
AQR,HepG2,chr22:50281866:G:A,0,3,-0.09515714645385742,modal,cuda,QKI:K562
AQR,HepG2,chr22:50465744:G:A,0,3,0.44506990909576416,modal,cuda,QKI:K562
AQR,HepG2,chr22:50465748:A:G,0,3,-0.597545862197876,modal,cuda,QKI:K562
AQR,HepG2,chr22:50581814:C:A,1,3,-1.4576343297958374,modal,cuda,QKI:K562
AQR,HepG2,chr22:50582239:C:A,0,3,0.41145265102386475,modal,cuda,QKI:K562
AQR,HepG2,chr22:50582251:G:A,1,3,-0.33830738067626953,modal,cuda,QKI:K562
AQR,HepG2,chr22:50698666:G:A,0,3,-0.7278605699539185,modal,cuda,QKI:K562
AQR,HepG2,chr22:50698668:C:T,0,3,-0.6315772533416748,modal,cuda,QKI:K562
AQR,HepG2,chr2:101002821:C:G,0,4,-0.22565817832946777,modal,cuda,QKI:K562
AQR,HepG2,chr2:101004304:C:G,0,4,-0.7444393634796143,modal,cuda,QKI:K562
AQR,HepG2,chr2:101006266:C:T,0,4,0.3277813196182251,modal,cuda,QKI:K562
AQR,HepG2,chr2:101698156:G:A,0,4,0.20850849151611328,modal,cuda,QKI:K562
AQR,HepG2,chr2:11201419:T:C,0,4,-0.3410158157348633,modal,cuda,QKI:K562
AQR,HepG2,chr2:11783934:G:A,0,4,-2.207491636276245,modal,cuda,QKI:K562
AQR,HepG2,chr2:11784692:T:G,0,4,0.8473862409591675,modal,cuda,QKI:K562
AQR,HepG2,chr2:127289834:G:C,0,4,0.21088647842407227,modal,cuda,QKI:K562
AQR,HepG2,chr2:127292558:T:C,0,4,-0.46073639392852783,modal,cuda,QKI:K562
AQR,HepG2,chr2:127423176:G:A,1,4,-0.2980165481567383,modal,cuda,QKI:K562
AQR,HepG2,chr2:127423176:G:T,1,4,-0.36413371562957764,modal,cuda,QKI:K562
AQR,HepG2,chr2:127423184:G:A,0,4,-0.25084972381591797,modal,cuda,QKI:K562
AQR,HepG2,chr2:127423296:G:T,0,4,0.43066006898880005,modal,cuda,QKI:K562
AQR,HepG2,chr2:127423319:A:C,1,4,0.29564231634140015,modal,cuda,QKI:K562
AQR,HepG2,chr2:135985369:T:C,0,4,-0.35444819927215576,modal,cuda,QKI:K562
AQR,HepG2,chr2:152720525:A:G,0,4,-0.3204226493835449,modal,cuda,QKI:K562
AQR,HepG2,chr2:166204478:C:A,0,4,-0.6399713754653931,modal,cuda,QKI:K562
AQR,HepG2,chr2:173364779:T:C,0,4,-0.6159330606460571,modal,cuda,QKI:K562
AQR,HepG2,chr2:177233994:G:A,0,4,-0.06637287139892578,modal,cuda,QKI:K562
AQR,HepG2,chr2:177393111:A:C,0,4,-0.41802453994750977,modal,cuda,QKI:K562
AQR,HepG2,chr2:178450950:C:T,0,4,-0.7819125056266785,modal,cuda,QKI:K562
AQR,HepG2,chr2:197494303:G:C,0,4,-1.844478726387024,modal,cuda,QKI:K562
AQR,HepG2,chr2:197495386:C:T,0,4,1.225508213043213,modal,cuda,QKI:K562
AQR,HepG2,chr2:197498870:G:A,0,4,-0.44438350200653076,modal,cuda,QKI:K562
AQR,HepG2,chr2:197499767:G:A,0,4,-0.22921574115753174,modal,cuda,QKI:K562
AQR,HepG2,chr2:197499794:G:A,0,4,-0.14934909343719482,modal,cuda,QKI:K562
AQR,HepG2,chr2:197499799:G:C,0,4,-0.2647553086280823,modal,cuda,QKI:K562
AQR,HepG2,chr2:19997269:C:T,0,4,0.22867631912231445,modal,cuda,QKI:K562
AQR,HepG2,chr2:206161480:G:A,0,4,0.5355734825134277,modal,cuda,QKI:K562
AQR,HepG2,chr2:21019706:C:G,0,4,-0.26433825492858887,modal,cuda,QKI:K562
AQR,HepG2,chr2:21029803:A:G,0,4,0.17635893821716309,modal,cuda,QKI:K562
AQR,HepG2,chr2:21043491:G:T,0,4,0.34652459621429443,modal,cuda,QKI:K562
AQR,HepG2,chr2:21043497:T:C,0,4,0.7167730331420898,modal,cuda,QKI:K562
AQR,HepG2,chr2:215364859:C:T,0,4,-0.9593808650970459,modal,cuda,QKI:K562
AQR,HepG2,chr2:215370519:T:G,0,4,-2.366154670715332,modal,cuda,QKI:K562
AQR,HepG2,chr2:215376719:C:T,0,4,-0.5511186122894287,modal,cuda,QKI:K562
AQR,HepG2,chr2:215379352:T:C,0,4,-0.2598452568054199,modal,cuda,QKI:K562
AQR,HepG2,chr2:215388316:G:C,0,4,-0.24377012252807617,modal,cuda,QKI:K562
AQR,HepG2,chr2:215397128:C:T,0,4,1.2698910236358643,modal,cuda,QKI:K562
AQR,HepG2,chr2:215397624:T:C,0,4,2.3193585872650146,modal,cuda,QKI:K562
AQR,HepG2,chr2:215406211:G:A,0,4,-0.23346519470214844,modal,cuda,QKI:K562
AQR,HepG2,chr2:215424116:A:C,0,4,-0.4403371810913086,modal,cuda,QKI:K562
AQR,HepG2,chr2:215424118:T:C,0,4,-0.8180421590805054,modal,cuda,QKI:K562
AQR,HepG2,chr2:215434827:G:A,0,4,1.6115026473999023,modal,cuda,QKI:K562
AQR,HepG2,chr2:215434828:C:A,0,4,1.718904733657837,modal,cuda,QKI:K562
AQR,HepG2,chr2:218814242:A:C,0,4,-0.2038125991821289,modal,cuda,QKI:K562
AQR,HepG2,chr2:219218053:G:C,0,4,-0.7404422163963318,modal,cuda,QKI:K562
AQR,HepG2,chr2:219501598:G:A,0,4,1.1412758827209473,modal,cuda,QKI:K562
AQR,HepG2,chr2:219567606:T:C,0,4,-0.4395732879638672,modal,cuda,QKI:K562
AQR,HepG2,chr2:229815092:G:A,0,4,0.39995384216308594,modal,cuda,QKI:K562
AQR,HepG2,chr2:231078656:C:T,0,4,-1.1806366443634033,modal,cuda,QKI:K562
AQR,HepG2,chr2:238093915:G:A,0,4,0.27889764308929443,modal,cuda,QKI:K562
AQR,HepG2,chr2:239115336:G:A,0,4,-0.4149828255176544,modal,cuda,QKI:K562
AQR,HepG2,chr2:240596909:C:T,0,4,-0.1979994773864746,modal,cuda,QKI:K562
AQR,HepG2,chr2:241236773:G:C,0,4,0.20659971237182617,modal,cuda,QKI:K562
AQR,HepG2,chr2:241734689:A:G,0,4,0.7102178335189819,modal,cuda,QKI:K562
AQR,HepG2,chr2:25236956:C:A,1,4,0.9377884864807129,modal,cuda,QKI:K562
AQR,HepG2,chr2:25245326:C:G,1,4,-0.2618288993835449,modal,cuda,QKI:K562
AQR,HepG2,chr2:26193784:G:A,0,4,0.3864295482635498,modal,cuda,QKI:K562
AQR,HepG2,chr2:26244479:C:A,0,4,-0.7764973044395447,modal,cuda,QKI:K562
AQR,HepG2,chr2:264985:G:T,0,4,-0.6205264329910278,modal,cuda,QKI:K562
AQR,HepG2,chr2:265015:G:A,0,4,0.12499427795410156,modal,cuda,QKI:K562
AQR,HepG2,chr2:265017:C:T,0,4,-0.44479888677597046,modal,cuda,QKI:K562
AQR,HepG2,chr2:27232413:C:T,0,4,-0.24588346481323242,modal,cuda,QKI:K562
AQR,HepG2,chr2:27241411:C:T,0,4,-0.45515918731689453,modal,cuda,QKI:K562
AQR,HepG2,chr2:27368723:A:G,0,4,0.27903175354003906,modal,cuda,QKI:K562
AQR,HepG2,chr2:27661323:C:T,1,4,0.8402125835418701,modal,cuda,QKI:K562
AQR,HepG2,chr2:28752241:G:C,0,4,-0.40444886684417725,modal,cuda,QKI:K562
AQR,HepG2,chr2:28776842:G:A,0,4,0.5168143510818481,modal,cuda,QKI:K562
AQR,HepG2,chr2:3575333:A:C,0,4,-0.9621848464012146,modal,cuda,QKI:K562
AQR,HepG2,chr2:3575950:A:G,0,4,-0.5448625087738037,modal,cuda,QKI:K562
AQR,HepG2,chr2:3575951:G:A,0,4,0.7078709602355957,modal,cuda,QKI:K562
AQR,HepG2,chr2:3576461:C:A,0,4,0.5850980281829834,modal,cuda,QKI:K562
AQR,HepG2,chr2:3577671:C:T,0,4,-0.5528702735900879,modal,cuda,QKI:K562
AQR,HepG2,chr2:3580058:G:C,0,4,1.073338270187378,modal,cuda,QKI:K562
AQR,HepG2,chr2:3580789:C:A,0,4,-0.3994588255882263,modal,cuda,QKI:K562
AQR,HepG2,chr2:3580793:C:A,0,4,0.7849564552307129,modal,cuda,QKI:K562
AQR,HepG2,chr2:43831758:G:T,0,4,1.0347790718078613,modal,cuda,QKI:K562
AQR,HepG2,chr2:43995742:C:A,0,4,-0.2048501968383789,modal,cuda,QKI:K562
AQR,HepG2,chr2:43995780:A:G,0,4,0.454992413520813,modal,cuda,QKI:K562
AQR,HepG2,chr2:46297944:G:C,0,4,0.25680315494537354,modal,cuda,QKI:K562
AQR,HepG2,chr2:46297949:T:C,0,4,0.45520734786987305,modal,cuda,QKI:K562
AQR,HepG2,chr2:46346861:T:C,0,4,-0.15649080276489258,modal,cuda,QKI:K562
AQR,HepG2,chr2:46956989:G:T,1,4,-0.2619011402130127,modal,cuda,QKI:K562
AQR,HepG2,chr2:46957018:G:A,0,4,0.5192713737487793,modal,cuda,QKI:K562
AQR,HepG2,chr2:46995097:G:T,0,4,0.3864114284515381,modal,cuda,QKI:K562
AQR,HepG2,chr2:46995142:C:G,1,4,-0.27283716201782227,modal,cuda,QKI:K562
AQR,HepG2,chr2:47798625:C:A,1,4,2.126162528991699,modal,cuda,QKI:K562
AQR,HepG2,chr2:47798625:C:G,1,4,1.6853833198547363,modal,cuda,QKI:K562
AQR,HepG2,chr2:47798625:C:T,0,4,1.692618489265442,modal,cuda,QKI:K562
AQR,HepG2,chr2:47798631:A:G,0,4,-0.6447954177856445,modal,cuda,QKI:K562
AQR,HepG2,chr2:47798635:A:T,1,4,1.2538024187088013,modal,cuda,QKI:K562
AQR,HepG2,chr2:47798641:G:T,1,4,2.353081226348877,modal,cuda,QKI:K562
AQR,HepG2,chr2:47798644:G:T,1,4,3.390186309814453,modal,cuda,QKI:K562
AQR,HepG2,chr2:47798653:G:T,1,4,2.510693073272705,modal,cuda,QKI:K562
AQR,HepG2,chr2:47798659:G:T,1,4,2.252450466156006,modal,cuda,QKI:K562
AQR,HepG2,chr2:47798668:G:T,1,4,2.95918869972229,modal,cuda,QKI:K562
AQR,HepG2,chr2:47798677:C:T,1,4,-1.01617431640625,modal,cuda,QKI:K562
AQR,HepG2,chr2:47798689:C:T,1,4,1.4912221431732178,modal,cuda,QKI:K562
AQR,HepG2,chr2:47798692:G:T,1,4,1.028496265411377,modal,cuda,QKI:K562
AQR,HepG2,chr2:47798701:C:T,1,4,5.533941268920898,modal,cuda,QKI:K562
AQR,HepG2,chr2:47798703:A:C,0,4,3.9606237411499023,modal,cuda,QKI:K562
AQR,HepG2,chr2:47798713:C:T,1,4,1.3843886852264404,modal,cuda,QKI:K562
AQR,HepG2,chr2:47798714:A:G,0,4,0.5936365127563477,modal,cuda,QKI:K562
AQR,HepG2,chr2:47798718:A:C,0,4,1.4062645435333252,modal,cuda,QKI:K562
AQR,HepG2,chr2:47798719:A:T,1,4,3.399122714996338,modal,cuda,QKI:K562
AQR,HepG2,chr2:47798725:C:T,1,4,4.336893081665039,modal,cuda,QKI:K562
AQR,HepG2,chr2:48459793:G:T,1,4,-1.8604719638824463,modal,cuda,QKI:K562
AQR,HepG2,chr2:48459805:C:T,1,4,-2.483675003051758,modal,cuda,QKI:K562
AQR,HepG2,chr2:55233469:A:T,0,4,1.4015028476715088,modal,cuda,QKI:K562
AQR,HepG2,chr2:55234828:C:A,0,4,5.2368340492248535,modal,cuda,QKI:K562
AQR,HepG2,chr2:58163544:T:G,0,4,1.5909295082092285,modal,cuda,QKI:K562
AQR,HepG2,chr2:63916886:A:T,0,4,0.5613241195678711,modal,cuda,QKI:K562
AQR,HepG2,chr2:63916887:A:C,0,4,0.2850346565246582,modal,cuda,QKI:K562
AQR,HepG2,chr2:70224652:G:A,0,4,-0.15124845504760742,modal,cuda,QKI:K562
AQR,HepG2,chr2:73845186:T:A,1,4,0.2443089485168457,modal,cuda,QKI:K562
AQR,HepG2,chr2:73847383:G:A,0,4,0.9694193601608276,modal,cuda,QKI:K562
AQR,HepG2,chr2:74377329:A:C,0,4,-0.8340870141983032,modal,cuda,QKI:K562
AQR,HepG2,chr2:74529115:G:A,0,4,0.27682822942733765,modal,cuda,QKI:K562
AQR,HepG2,chr2:74873381:G:A,0,4,0.1370556354522705,modal,cuda,QKI:K562
AQR,HepG2,chr2:85539422:C:T,0,4,-1.0722808837890625,modal,cuda,QKI:K562
AQR,HepG2,chr2:85542123:G:A,0,4,0.9354150295257568,modal,cuda,QKI:K562
AQR,HepG2,chr2:86030403:A:T,0,4,-1.0004328489303589,modal,cuda,QKI:K562
AQR,HepG2,chr2:96284591:G:A,0,4,-0.2031083106994629,modal,cuda,QKI:K562
AQR,HepG2,chr3:10142166:C:A,1,3,-0.5045222043991089,modal,cuda,QKI:K562
AQR,HepG2,chr3:10142178:A:C,1,3,-0.32413238286972046,modal,cuda,QKI:K562
AQR,HepG2,chr3:10149757:C:T,0,3,-0.48287534713745117,modal,cuda,QKI:K562
AQR,HepG2,chr3:10149790:A:C,1,3,-0.3321797847747803,modal,cuda,QKI:K562
AQR,HepG2,chr3:10149793:C:T,1,3,-0.3691718578338623,modal,cuda,QKI:K562
AQR,HepG2,chr3:10149795:C:G,1,3,-0.3565857410430908,modal,cuda,QKI:K562
AQR,HepG2,chr3:10149796:T:C,1,3,-0.23311376571655273,modal,cuda,QKI:K562
AQR,HepG2,chr3:10149796:T:G,1,3,-0.278505802154541,modal,cuda,QKI:K562
AQR,HepG2,chr3:10149798:A:T,1,3,-0.3028717041015625,modal,cuda,QKI:K562
AQR,HepG2,chr3:10149801:G:T,1,3,0.37729597091674805,modal,cuda,QKI:K562
AQR,HepG2,chr3:10149804:C:G,1,3,0.22069382667541504,modal,cuda,QKI:K562
AQR,HepG2,chr3:10149804:C:T,1,3,0.47794294357299805,modal,cuda,QKI:K562
AQR,HepG2,chr3:10149805:G:A,1,3,0.2967953681945801,modal,cuda,QKI:K562
AQR,HepG2,chr3:10149805:G:C,1,3,0.35173892974853516,modal,cuda,QKI:K562
AQR,HepG2,chr3:10149807:T:C,1,3,-0.22903728485107422,modal,cuda,QKI:K562
AQR,HepG2,chr3:10149808:G:T,1,3,-0.08105921745300293,modal,cuda,QKI:K562
AQR,HepG2,chr3:10149809:C:A,1,3,0.15360760688781738,modal,cuda,QKI:K562
AQR,HepG2,chr3:10149809:C:T,0,3,-0.06376004219055176,modal,cuda,QKI:K562
AQR,HepG2,chr3:10149811:T:G,1,3,-0.6016901731491089,modal,cuda,QKI:K562
AQR,HepG2,chr3:10149813:C:T,1,3,0.203078031539917,modal,cuda,QKI:K562
AQR,HepG2,chr3:10149814:A:G,1,3,-0.7387003898620605,modal,cuda,QKI:K562
AQR,HepG2,chr3:10149819:G:T,1,3,-0.09438896179199219,modal,cuda,QKI:K562
AQR,HepG2,chr3:10149820:T:A,1,3,0.12684845924377441,modal,cuda,QKI:K562
AQR,HepG2,chr3:10149822:C:G,1,3,-0.25881123542785645,modal,cuda,QKI:K562
AQR,HepG2,chr3:10149823:G:A,1,3,0.13459253311157227,modal,cuda,QKI:K562
AQR,HepG2,chr3:10149823:G:T,1,3,0.331514835357666,modal,cuda,QKI:K562
AQR,HepG2,chr3:10149840:G:T,1,3,0.5433626174926758,modal,cuda,QKI:K562
AQR,HepG2,chr3:10149848:C:A,1,3,-0.3875305652618408,modal,cuda,QKI:K562
AQR,HepG2,chr3:10149848:C:G,1,3,-0.6997270584106445,modal,cuda,QKI:K562
AQR,HepG2,chr3:10149849:A:T,1,3,0.1166219711303711,modal,cuda,QKI:K562
AQR,HepG2,chr3:10149852:A:T,1,3,-0.1731107234954834,modal,cuda,QKI:K562
AQR,HepG2,chr3:101590212:T:C,0,3,0.17710089683532715,modal,cuda,QKI:K562
AQR,HepG2,chr3:119498942:G:T,0,3,0.5840636491775513,modal,cuda,QKI:K562
AQR,HepG2,chr3:121829015:G:A,0,3,-0.4930126667022705,modal,cuda,QKI:K562
AQR,HepG2,chr3:12587551:A:G,0,3,0.7264890670776367,modal,cuda,QKI:K562
AQR,HepG2,chr3:12590995:G:A,0,3,0.06403732299804688,modal,cuda,QKI:K562
AQR,HepG2,chr3:12591669:A:G,0,3,-1.2985674142837524,modal,cuda,QKI:K562
AQR,HepG2,chr3:127604876:G:A,0,3,-0.4410412311553955,modal,cuda,QKI:K562
AQR,HepG2,chr3:128056637:G:T,0,3,1.1354268789291382,modal,cuda,QKI:K562
AQR,HepG2,chr3:128056656:C:T,0,3,2.5738980770111084,modal,cuda,QKI:K562
AQR,HepG2,chr3:128056689:T:C,0,3,-0.990818977355957,modal,cuda,QKI:K562
AQR,HepG2,chr3:130894737:T:C,0,3,-0.10308098793029785,modal,cuda,QKI:K562
AQR,HepG2,chr3:133746439:A:G,0,3,0.10719746351242065,modal,cuda,QKI:K562
AQR,HepG2,chr3:133746509:G:T,0,3,0.834854245185852,modal,cuda,QKI:K562
AQR,HepG2,chr3:133753607:G:A,1,3,0.1307675838470459,modal,cuda,QKI:K562
AQR,HepG2,chr3:133755508:T:A,0,3,0.3333444595336914,modal,cuda,QKI:K562
AQR,HepG2,chr3:133764852:T:C,0,3,0.4642915725708008,modal,cuda,QKI:K562
AQR,HepG2,chr3:149199721:G:A,1,3,0.48273682594299316,modal,cuda,QKI:K562
AQR,HepG2,chr3:149207631:G:A,0,3,0.11398530006408691,modal,cuda,QKI:K562
AQR,HepG2,chr3:15059395:G:A,1,3,0.11455869674682617,modal,cuda,QKI:K562
AQR,HepG2,chr3:172341241:G:A,0,3,0.2935962677001953,modal,cuda,QKI:K562
AQR,HepG2,chr3:184245212:A:G,0,3,0.16442060470581055,modal,cuda,QKI:K562
AQR,HepG2,chr3:184387076:A:G,0,3,-0.7035996913909912,modal,cuda,QKI:K562
AQR,HepG2,chr3:186617180:C:T,0,3,0.4212949275970459,modal,cuda,QKI:K562
AQR,HepG2,chr3:186618647:C:A,0,3,-0.22525382041931152,modal,cuda,QKI:K562
AQR,HepG2,chr3:186619924:T:C,0,3,-0.1235196590423584,modal,cuda,QKI:K562
AQR,HepG2,chr3:186786157:C:T,0,3,2.2992429733276367,modal,cuda,QKI:K562
AQR,HepG2,chr3:186787124:C:T,0,3,0.13839197158813477,modal,cuda,QKI:K562
AQR,HepG2,chr3:194137678:C:T,0,3,0.2584505081176758,modal,cuda,QKI:K562
AQR,HepG2,chr3:196077150:G:A,0,3,0.3360714912414551,modal,cuda,QKI:K562
AQR,HepG2,chr3:197950933:A:G,0,3,-0.6935536861419678,modal,cuda,QKI:K562
AQR,HepG2,chr3:23917888:T:C,1,3,0.4502687454223633,modal,cuda,QKI:K562
AQR,HepG2,chr3:23918422:G:A,0,3,1.3066604137420654,modal,cuda,QKI:K562
AQR,HepG2,chr3:23918436:G:A,0,3,-0.6556856632232666,modal,cuda,QKI:K562
AQR,HepG2,chr3:23918444:C:T,0,3,1.7623438835144043,modal,cuda,QKI:K562
AQR,HepG2,chr3:23918589:G:C,0,3,0.27364110946655273,modal,cuda,QKI:K562
AQR,HepG2,chr3:23919194:A:G,1,3,-0.5964579582214355,modal,cuda,QKI:K562
AQR,HepG2,chr3:23919225:G:C,0,3,0.20500552654266357,modal,cuda,QKI:K562
AQR,HepG2,chr3:25783268:G:A,0,3,-0.8615021109580994,modal,cuda,QKI:K562
AQR,HepG2,chr3:30674116:A:G,0,3,0.30783891677856445,modal,cuda,QKI:K562
AQR,HepG2,chr3:30674123:A:T,1,3,-0.10447120666503906,modal,cuda,QKI:K562
AQR,HepG2,chr3:30674132:G:A,1,3,0.2212357521057129,modal,cuda,QKI:K562
AQR,HepG2,chr3:30674135:G:T,1,3,0.22012948989868164,modal,cuda,QKI:K562
AQR,HepG2,chr3:30674141:G:A,1,3,-0.21721410751342773,modal,cuda,QKI:K562
AQR,HepG2,chr3:30688383:G:A,1,3,0.28249430656433105,modal,cuda,QKI:K562
AQR,HepG2,chr3:38129319:C:G,0,3,0.19729351997375488,modal,cuda,QKI:K562
AQR,HepG2,chr3:38129373:G:A,0,3,-0.1809406280517578,modal,cuda,QKI:K562
AQR,HepG2,chr3:38479119:C:T,0,3,0.32331323623657227,modal,cuda,QKI:K562
AQR,HepG2,chr3:39408574:C:T,0,3,-0.4387173652648926,modal,cuda,QKI:K562
AQR,HepG2,chr3:41239897:T:G,0,3,-0.7180572748184204,modal,cuda,QKI:K562
AQR,HepG2,chr3:42633618:T:G,0,3,-0.35768425464630127,modal,cuda,QKI:K562
AQR,HepG2,chr3:48627096:G:A,0,3,-0.2253173589706421,modal,cuda,QKI:K562
AQR,HepG2,chr3:48630737:C:G,0,3,-0.12335562705993652,modal,cuda,QKI:K562
AQR,HepG2,chr3:48632215:G:A,0,3,-0.2994425296783447,modal,cuda,QKI:K562
AQR,HepG2,chr3:49102533:G:A,0,3,-0.5902576446533203,modal,cuda,QKI:K562
AQR,HepG2,chr3:49103347:G:A,1,3,0.13581323623657227,modal,cuda,QKI:K562
AQR,HepG2,chr3:49358048:C:A,0,3,-0.37023627758026123,modal,cuda,QKI:K562
AQR,HepG2,chr3:49419764:G:A,1,3,-0.5495935678482056,modal,cuda,QKI:K562
AQR,HepG2,chr3:50350079:A:C,0,3,-0.287930965423584,modal,cuda,QKI:K562
AQR,HepG2,chr3:52291090:C:G,0,3,0.5027153491973877,modal,cuda,QKI:K562
AQR,HepG2,chr3:52291743:A:G,0,3,-0.8767064809799194,modal,cuda,QKI:K562
AQR,HepG2,chr3:53233271:C:T,1,3,-0.44356632232666016,modal,cuda,QKI:K562
AQR,HepG2,chr3:53822645:G:A,0,3,0.2574312686920166,modal,cuda,QKI:K562
AQR,HepG2,chr3:58104124:G:A,0,3,-0.3958505392074585,modal,cuda,QKI:K562
AQR,HepG2,chr3:58104150:A:G,0,3,-0.40340280532836914,modal,cuda,QKI:K562
AQR,HepG2,chr3:58108430:A:G,0,3,-0.06625914573669434,modal,cuda,QKI:K562
AQR,HepG2,chr3:58132973:A:G,0,3,-0.07523393630981445,modal,cuda,QKI:K562
AQR,HepG2,chr3:58169835:C:T,0,3,-0.20828449726104736,modal,cuda,QKI:K562
AQR,HepG2,chr3:9892896:C:T,0,3,-0.05559825897216797,modal,cuda,QKI:K562
AQR,HepG2,chr3:9892921:T:C,0,3,0.21654844284057617,modal,cuda,QKI:K562
AQR,HepG2,chr4:106316331:C:T,0,1,1.7230379581451416,modal,cuda,QKI:K562
AQR,HepG2,chr4:121816810:G:C,0,1,-6.851655006408691,modal,cuda,QKI:K562
AQR,HepG2,chr4:151100479:A:T,0,1,0.9617400169372559,modal,cuda,QKI:K562
AQR,HepG2,chr4:165337753:G:A,0,1,-1.3050787448883057,modal,cuda,QKI:K562
AQR,HepG2,chr4:1730877:G:C,0,1,-2.575249195098877,modal,cuda,QKI:K562
AQR,HepG2,chr4:17509363:A:G,1,1,0.3621797561645508,modal,cuda,QKI:K562
AQR,HepG2,chr4:1793830:T:C,0,1,1.2335128784179688,modal,cuda,QKI:K562
AQR,HepG2,chr4:1799187:C:T,0,1,-0.381807804107666,modal,cuda,QKI:K562
AQR,HepG2,chr4:1799815:A:G,0,1,-1.1040515899658203,modal,cuda,QKI:K562
AQR,HepG2,chr4:1801350:C:T,0,1,1.7674596309661865,modal,cuda,QKI:K562
AQR,HepG2,chr4:1801977:T:C,0,1,-0.11574649810791016,modal,cuda,QKI:K562
AQR,HepG2,chr4:1802097:C:G,0,1,-1.1819875240325928,modal,cuda,QKI:K562
AQR,HepG2,chr4:1802199:T:C,0,1,1.863010048866272,modal,cuda,QKI:K562
AQR,HepG2,chr4:1803841:C:T,0,1,-1.0461390018463135,modal,cuda,QKI:K562
AQR,HepG2,chr4:1803866:G:C,0,1,1.929197072982788,modal,cuda,QKI:K562
AQR,HepG2,chr4:1805326:A:G,0,1,1.0634207725524902,modal,cuda,QKI:K562
AQR,HepG2,chr4:1805335:C:T,0,1,-0.5487307906150818,modal,cuda,QKI:K562
AQR,HepG2,chr4:1805339:C:G,0,1,-0.4418116807937622,modal,cuda,QKI:K562
AQR,HepG2,chr4:1986392:T:C,0,1,-0.40972304344177246,modal,cuda,QKI:K562
AQR,HepG2,chr4:3122949:G:A,0,1,0.6254434585571289,modal,cuda,QKI:K562
AQR,HepG2,chr4:3122951:A:T,0,1,0.7857155799865723,modal,cuda,QKI:K562
AQR,HepG2,chr4:3125535:A:G,0,1,-2.9775824546813965,modal,cuda,QKI:K562
AQR,HepG2,chr4:39455015:T:C,0,1,-0.36420488357543945,modal,cuda,QKI:K562
AQR,HepG2,chr4:39456390:G:C,0,1,-4.016667366027832,modal,cuda,QKI:K562
AQR,HepG2,chr4:39458870:C:G,0,1,0.51639723777771,modal,cuda,QKI:K562
AQR,HepG2,chr4:4860373:G:A,1,1,-2.4155383110046387,modal,cuda,QKI:K562
AQR,HepG2,chr4:56467815:G:A,0,1,-1.4580068588256836,modal,cuda,QKI:K562
AQR,HepG2,chr4:56478422:A:G,0,1,0.9869053959846497,modal,cuda,QKI:K562
AQR,HepG2,chr4:6288973:T:G,0,1,1.5504889488220215,modal,cuda,QKI:K562
AQR,HepG2,chr4:73410309:T:C,0,1,0.6071176528930664,modal,cuda,QKI:K562
AQR,HepG2,chr4:73411982:G:A,0,1,5.052367210388184,modal,cuda,QKI:K562
AQR,HepG2,chr4:82428060:A:C,0,1,-1.326033353805542,modal,cuda,QKI:K562
AQR,HepG2,chr5:10255937:C:G,0,1,-1.4926939010620117,modal,cuda,QKI:K562
AQR,HepG2,chr5:1076591:C:T,0,1,-2.053983688354492,modal,cuda,QKI:K562
AQR,HepG2,chr5:119477487:A:T,0,1,-1.6890113353729248,modal,cuda,QKI:K562
AQR,HepG2,chr5:119477488:C:T,1,1,0.586876630783081,modal,cuda,QKI:K562
AQR,HepG2,chr5:131165058:A:C,0,1,-2.706730604171753,modal,cuda,QKI:K562
AQR,HepG2,chr5:131165096:C:G,1,1,0.7442401647567749,modal,cuda,QKI:K562
AQR,HepG2,chr5:131165106:C:A,1,1,-5.378281593322754,modal,cuda,QKI:K562
AQR,HepG2,chr5:132866707:T:C,0,1,1.177283525466919,modal,cuda,QKI:K562
AQR,HepG2,chr5:132866719:C:G,0,1,-0.6396002769470215,modal,cuda,QKI:K562
AQR,HepG2,chr5:132867052:C:T,0,1,1.0053004026412964,modal,cuda,QKI:K562
AQR,HepG2,chr5:136046834:C:T,0,1,0.8123486042022705,modal,cuda,QKI:K562
AQR,HepG2,chr5:136046835:C:T,0,1,1.4518717527389526,modal,cuda,QKI:K562
AQR,HepG2,chr5:140662219:C:T,0,1,0.7972902655601501,modal,cuda,QKI:K562
AQR,HepG2,chr5:14405811:C:T,0,1,1.4828433990478516,modal,cuda,QKI:K562
AQR,HepG2,chr5:14405832:C:G,0,1,6.9655632972717285,modal,cuda,QKI:K562
AQR,HepG2,chr5:14405877:G:A,1,1,-3.802495241165161,modal,cuda,QKI:K562
AQR,HepG2,chr5:14498049:C:T,0,1,-0.7121133804321289,modal,cuda,QKI:K562
AQR,HepG2,chr5:14498145:G:A,0,1,0.5688281059265137,modal,cuda,QKI:K562
AQR,HepG2,chr5:14498160:C:T,1,1,-0.5869851112365723,modal,cuda,QKI:K562
AQR,HepG2,chr5:171410565:A:G,1,1,-1.4557394981384277,modal,cuda,QKI:K562
AQR,HepG2,chr5:175492180:A:G,0,1,0.7905011177062988,modal,cuda,QKI:K562
AQR,HepG2,chr5:177095727:C:T,0,1,-1.1227242946624756,modal,cuda,QKI:K562
AQR,HepG2,chr5:177515672:A:C,0,1,-1.55656099319458,modal,cuda,QKI:K562
AQR,HepG2,chr5:177516003:C:T,0,1,0.8566114902496338,modal,cuda,QKI:K562
AQR,HepG2,chr5:179618243:C:T,1,1,-1.224285364151001,modal,cuda,QKI:K562
AQR,HepG2,chr5:179618269:T:C,0,1,-2.867844581604004,modal,cuda,QKI:K562
AQR,HepG2,chr5:179833791:A:G,0,1,-0.2956571578979492,modal,cuda,QKI:K562
AQR,HepG2,chr5:181241646:G:A,0,1,0.7962489128112793,modal,cuda,QKI:K562
AQR,HepG2,chr5:53480885:G:C,0,1,0.9862687587738037,modal,cuda,QKI:K562
AQR,HepG2,chr5:56883514:G:A,0,1,-0.93648362159729,modal,cuda,QKI:K562
AQR,HepG2,chr5:56883520:T:C,0,1,-3.8185465335845947,modal,cuda,QKI:K562
AQR,HepG2,chr5:6623205:A:G,0,1,1.7309045791625977,modal,cuda,QKI:K562
AQR,HepG2,chr5:75360350:G:A,0,1,1.7472929954528809,modal,cuda,QKI:K562
AQR,HepG2,chr6:107893465:G:A,0,3,0.5894272327423096,modal,cuda,QKI:K562
AQR,HepG2,chr6:107912781:T:C,0,3,0.23626399040222168,modal,cuda,QKI:K562
AQR,HepG2,chr6:107912792:T:C,0,3,0.6122207641601562,modal,cuda,QKI:K562
AQR,HepG2,chr6:109382188:C:T,0,3,-0.8204612731933594,modal,cuda,QKI:K562
AQR,HepG2,chr6:131874254:T:C,0,3,0.126084566116333,modal,cuda,QKI:K562
AQR,HepG2,chr6:131950549:G:A,0,3,-0.12811613082885742,modal,cuda,QKI:K562
AQR,HepG2,chr6:137874840:C:G,0,3,-0.2430121898651123,modal,cuda,QKI:K562
AQR,HepG2,chr6:137875050:C:T,0,3,0.37581849098205566,modal,cuda,QKI:K562
AQR,HepG2,chr6:139374428:T:A,0,3,-0.3321031928062439,modal,cuda,QKI:K562
AQR,HepG2,chr6:144836570:C:T,0,3,-0.1613006591796875,modal,cuda,QKI:K562
AQR,HepG2,chr6:144846842:C:G,0,3,-0.7972939610481262,modal,cuda,QKI:K562
AQR,HepG2,chr6:158062174:G:A,0,3,0.5594280958175659,modal,cuda,QKI:K562
AQR,HepG2,chr6:158503756:T:C,0,3,0.5164870023727417,modal,cuda,QKI:K562
AQR,HepG2,chr6:166370148:C:A,0,3,0.7106480598449707,modal,cuda,QKI:K562
AQR,HepG2,chr6:166382789:C:T,0,3,-0.23984748125076294,modal,cuda,QKI:K562
AQR,HepG2,chr6:166952468:G:A,0,3,-0.061786651611328125,modal,cuda,QKI:K562
AQR,HepG2,chr6:166952476:A:G,0,3,-0.19574785232543945,modal,cuda,QKI:K562
AQR,HepG2,chr6:166952485:C:T,0,3,-0.15346670150756836,modal,cuda,QKI:K562
AQR,HepG2,chr6:30606246:G:A,0,3,-0.25838208198547363,modal,cuda,QKI:K562
AQR,HepG2,chr6:30722488:A:T,0,3,-0.36124229431152344,modal,cuda,QKI:K562
AQR,HepG2,chr6:31536689:G:A,0,3,-0.1310340166091919,modal,cuda,QKI:K562
AQR,HepG2,chr6:31688737:C:T,0,3,0.3571600914001465,modal,cuda,QKI:K562
AQR,HepG2,chr6:32974487:T:C,0,3,0.08985614776611328,modal,cuda,QKI:K562
AQR,HepG2,chr6:32974500:G:A,0,3,0.46469181776046753,modal,cuda,QKI:K562
AQR,HepG2,chr6:34418433:T:C,0,3,-2.106689453125,modal,cuda,QKI:K562
AQR,HepG2,chr6:34418442:G:A,0,3,0.47158658504486084,modal,cuda,QKI:K562
AQR,HepG2,chr6:43567362:A:G,0,3,-0.11760902404785156,modal,cuda,QKI:K562
AQR,HepG2,chr6:43568664:C:T,0,3,0.39322078227996826,modal,cuda,QKI:K562
AQR,HepG2,chr6:43622181:G:A,0,3,-0.46826982498168945,modal,cuda,QKI:K562
AQR,HepG2,chr6:43770931:G:A,0,3,-0.1861581802368164,modal,cuda,QKI:K562
AQR,HepG2,chr6:44303031:G:T,0,3,-0.07708334922790527,modal,cuda,QKI:K562
AQR,HepG2,chr6:63580063:G:T,0,3,1.3482885360717773,modal,cuda,QKI:K562
AQR,HepG2,chr6:63580091:C:T,0,3,-0.6451054811477661,modal,cuda,QKI:K562
AQR,HepG2,chr6:7189334:C:T,0,3,0.20464754104614258,modal,cuda,QKI:K562
AQR,HepG2,chr6:7246415:G:A,0,3,-0.6402902603149414,modal,cuda,QKI:K562
AQR,HepG2,chr7:100817372:T:C,0,2,1.6642184257507324,modal,cuda,QKI:K562
AQR,HepG2,chr7:100818517:T:C,0,2,-0.05255484580993652,modal,cuda,QKI:K562
AQR,HepG2,chr7:100818710:T:A,0,2,-0.10524463653564453,modal,cuda,QKI:K562
AQR,HepG2,chr7:100822676:G:A,0,2,0.5185275077819824,modal,cuda,QKI:K562
AQR,HepG2,chr7:100884905:C:G,0,2,0.20383791625499725,modal,cuda,QKI:K562
AQR,HepG2,chr7:100884916:C:T,0,2,-0.5811101198196411,modal,cuda,QKI:K562
AQR,HepG2,chr7:101128442:G:A,0,2,0.1062021255493164,modal,cuda,QKI:K562
AQR,HepG2,chr7:101133650:G:A,0,2,0.7567460536956787,modal,cuda,QKI:K562
AQR,HepG2,chr7:101133905:C:T,0,2,1.0232867002487183,modal,cuda,QKI:K562
AQR,HepG2,chr7:105062147:C:G,0,2,-0.5727462768554688,modal,cuda,QKI:K562
AQR,HepG2,chr7:105076029:C:T,0,2,-0.3674178123474121,modal,cuda,QKI:K562
AQR,HepG2,chr7:105076959:T:G,0,2,0.5731232762336731,modal,cuda,QKI:K562
AQR,HepG2,chr7:108001772:G:A,0,2,-0.5738024711608887,modal,cuda,QKI:K562
AQR,HepG2,chr7:157416010:C:T,0,2,-0.141634002327919,modal,cuda,QKI:K562
AQR,HepG2,chr7:158879714:C:G,0,2,-0.19315385818481445,modal,cuda,QKI:K562
AQR,HepG2,chr7:158879785:C:G,0,2,-0.32750749588012695,modal,cuda,QKI:K562
AQR,HepG2,chr7:2360671:T:C,0,2,-0.24391722679138184,modal,cuda,QKI:K562
AQR,HepG2,chr7:2360759:C:T,0,2,0.49061107635498047,modal,cuda,QKI:K562
AQR,HepG2,chr7:256773:G:A,0,2,0.2539103031158447,modal,cuda,QKI:K562
AQR,HepG2,chr7:26196674:C:T,0,2,0.24286293983459473,modal,cuda,QKI:K562
AQR,HepG2,chr7:26197609:G:A,0,2,0.19870448112487793,modal,cuda,QKI:K562
AQR,HepG2,chr7:26197618:A:G,0,2,-0.12920618057250977,modal,cuda,QKI:K562
AQR,HepG2,chr7:33109203:C:T,0,2,0.08506989479064941,modal,cuda,QKI:K562
AQR,HepG2,chr7:47439481:G:A,0,2,0.11597156524658203,modal,cuda,QKI:K562
AQR,HepG2,chr7:4787789:C:T,0,2,0.25604796409606934,modal,cuda,QKI:K562
AQR,HepG2,chr7:4788065:A:C,0,2,0.5887472629547119,modal,cuda,QKI:K562
AQR,HepG2,chr7:5376243:T:C,0,2,-0.44143804907798767,modal,cuda,QKI:K562
AQR,HepG2,chr7:5376246:G:A,0,2,0.7823107242584229,modal,cuda,QKI:K562
AQR,HepG2,chr7:5390652:G:A,0,2,-0.38664698600769043,modal,cuda,QKI:K562
AQR,HepG2,chr7:5527900:G:A,0,2,-0.4668470621109009,modal,cuda,QKI:K562
AQR,HepG2,chr7:5527929:T:C,0,2,-0.23411989212036133,modal,cuda,QKI:K562
AQR,HepG2,chr7:5527965:C:T,0,2,-0.15601611137390137,modal,cuda,QKI:K562
AQR,HepG2,chr7:5528735:A:G,0,2,0.22613906860351562,modal,cuda,QKI:K562
AQR,HepG2,chr7:5528750:G:A,0,2,-0.12322497367858887,modal,cuda,QKI:K562
AQR,HepG2,chr7:5528757:C:A,0,2,-0.24475359916687012,modal,cuda,QKI:K562
AQR,HepG2,chr7:5529099:C:A,0,2,1.1061079502105713,modal,cuda,QKI:K562
AQR,HepG2,chr7:5529118:G:A,0,2,-0.6460330486297607,modal,cuda,QKI:K562
AQR,HepG2,chr7:5529131:G:C,0,2,-0.37348270416259766,modal,cuda,QKI:K562
AQR,HepG2,chr7:5529404:G:A,0,2,-0.5893094539642334,modal,cuda,QKI:K562
AQR,HepG2,chr7:5529407:A:T,0,2,0.5013736486434937,modal,cuda,QKI:K562
AQR,HepG2,chr7:5529667:C:A,0,2,0.21624153852462769,modal,cuda,QKI:K562
AQR,HepG2,chr7:5529696:G:A,0,2,0.37008726596832275,modal,cuda,QKI:K562
AQR,HepG2,chr7:66089180:G:A,1,2,-1.2849246263504028,modal,cuda,QKI:K562
AQR,HepG2,chr7:66092721:G:A,0,2,0.126068115234375,modal,cuda,QKI:K562
AQR,HepG2,chr7:73607323:C:G,0,2,-0.3649083375930786,modal,cuda,QKI:K562
AQR,HepG2,chr7:73693403:C:T,0,2,-2.8964664936065674,modal,cuda,QKI:K562
AQR,HepG2,chr7:75981644:C:T,0,2,0.14467155933380127,modal,cuda,QKI:K562
AQR,HepG2,chr7:75985545:T:C,0,2,-0.1408701241016388,modal,cuda,QKI:K562
AQR,HepG2,chr7:75985546:G:T,0,2,-0.1791566014289856,modal,cuda,QKI:K562
AQR,HepG2,chr7:857855:A:G,0,2,-0.3064143657684326,modal,cuda,QKI:K562
AQR,HepG2,chr7:857859:G:A,0,2,0.21918845176696777,modal,cuda,QKI:K562
AQR,HepG2,chr7:92447998:C:G,0,2,0.3366600275039673,modal,cuda,QKI:K562
AQR,HepG2,chr7:92618225:A:G,0,2,-0.3458562195301056,modal,cuda,QKI:K562
AQR,HepG2,chr7:99404853:C:A,0,2,-0.8491048812866211,modal,cuda,QKI:K562
AQR,HepG2,chr7:99450781:G:A,0,2,-0.2875969409942627,modal,cuda,QKI:K562
AQR,HepG2,chr8:102650408:C:A,0,0,0.7612214088439941,modal,cuda,QKI:K562
AQR,HepG2,chr8:102651156:C:G,0,0,0.48346996307373047,modal,cuda,QKI:K562
AQR,HepG2,chr8:102651162:C:T,0,0,0.7643685340881348,modal,cuda,QKI:K562
AQR,HepG2,chr8:102655553:C:T,0,0,0.4535801410675049,modal,cuda,QKI:K562
AQR,HepG2,chr8:11808828:A:G,0,0,-0.6032636165618896,modal,cuda,QKI:K562
AQR,HepG2,chr8:11809670:C:T,0,0,0.556576132774353,modal,cuda,QKI:K562
AQR,HepG2,chr8:11830429:G:C,0,0,-0.5912230014801025,modal,cuda,QKI:K562
AQR,HepG2,chr8:11847833:G:C,0,0,0.9857068061828613,modal,cuda,QKI:K562
AQR,HepG2,chr8:11848168:C:G,0,0,1.0825849771499634,modal,cuda,QKI:K562
AQR,HepG2,chr8:11849037:C:G,0,0,-0.9234684705734253,modal,cuda,QKI:K562
AQR,HepG2,chr8:11849051:C:T,0,0,-0.22617387771606445,modal,cuda,QKI:K562
AQR,HepG2,chr8:11849072:T:C,0,0,0.38207101821899414,modal,cuda,QKI:K562
AQR,HepG2,chr8:11849072:T:G,0,0,1.5097635984420776,modal,cuda,QKI:K562
AQR,HepG2,chr8:11849174:C:A,0,0,0.4969503879547119,modal,cuda,QKI:K562
AQR,HepG2,chr8:11849174:C:T,0,0,0.6387162208557129,modal,cuda,QKI:K562
AQR,HepG2,chr8:11849182:A:G,0,0,-0.21403264999389648,modal,cuda,QKI:K562
AQR,HepG2,chr8:11850846:G:A,0,0,0.44213247299194336,modal,cuda,QKI:K562
AQR,HepG2,chr8:11850856:A:T,0,0,-0.34327733516693115,modal,cuda,QKI:K562
AQR,HepG2,chr8:13091442:A:G,0,0,0.5067949295043945,modal,cuda,QKI:K562
AQR,HepG2,chr8:13091443:G:A,0,0,-0.8084146976470947,modal,cuda,QKI:K562
AQR,HepG2,chr8:13092600:T:C,0,0,-1.0783013105392456,modal,cuda,QKI:K562
AQR,HepG2,chr8:13092601:G:A,0,0,0.345186710357666,modal,cuda,QKI:K562
AQR,HepG2,chr8:13092842:C:A,0,0,-0.4987839162349701,modal,cuda,QKI:K562
AQR,HepG2,chr8:133239161:C:G,0,0,0.5045456886291504,modal,cuda,QKI:K562
AQR,HepG2,chr8:133242005:G:A,0,0,0.7053126096725464,modal,cuda,QKI:K562
AQR,HepG2,chr8:133242079:G:A,0,0,0.7103201150894165,modal,cuda,QKI:K562
AQR,HepG2,chr8:133244316:G:T,0,0,0.19507169723510742,modal,cuda,QKI:K562
AQR,HepG2,chr8:133246608:C:T,0,0,0.36046695709228516,modal,cuda,QKI:K562
AQR,HepG2,chr8:133247931:G:A,0,0,0.5652585029602051,modal,cuda,QKI:K562
AQR,HepG2,chr8:133248705:A:G,0,0,1.464761734008789,modal,cuda,QKI:K562
AQR,HepG2,chr8:133248822:T:G,0,0,-0.2567329406738281,modal,cuda,QKI:K562
AQR,HepG2,chr8:133259263:G:A,0,0,0.588249921798706,modal,cuda,QKI:K562
AQR,HepG2,chr8:133259278:G:C,0,0,-0.9270678758621216,modal,cuda,QKI:K562
AQR,HepG2,chr8:133259297:C:T,0,0,1.6138206720352173,modal,cuda,QKI:K562
AQR,HepG2,chr8:133261983:C:G,0,0,-0.3478614091873169,modal,cuda,QKI:K562
AQR,HepG2,chr8:133280273:A:G,0,0,0.43901658058166504,modal,cuda,QKI:K562
AQR,HepG2,chr8:133297085:G:A,0,0,-0.4058016538619995,modal,cuda,QKI:K562
AQR,HepG2,chr8:143309548:G:A,0,0,0.41664156317710876,modal,cuda,QKI:K562
AQR,HepG2,chr8:143309558:A:G,0,0,-1.1939448118209839,modal,cuda,QKI:K562
AQR,HepG2,chr8:144052440:C:A,0,0,0.3672657907009125,modal,cuda,QKI:K562
AQR,HepG2,chr8:144085569:A:G,0,0,-0.5253247022628784,modal,cuda,QKI:K562
AQR,HepG2,chr8:144097007:T:C,0,0,0.7066960334777832,modal,cuda,QKI:K562
AQR,HepG2,chr8:144413221:C:T,0,0,0.2092839479446411,modal,cuda,QKI:K562
AQR,HepG2,chr8:144413427:C:A,0,0,-0.5346924662590027,modal,cuda,QKI:K562
AQR,HepG2,chr8:144444293:G:C,0,0,-0.17280924320220947,modal,cuda,QKI:K562
AQR,HepG2,chr8:17543321:G:A,0,0,0.7436724305152893,modal,cuda,QKI:K562
AQR,HepG2,chr8:22404670:G:C,0,0,0.2599485516548157,modal,cuda,QKI:K562
AQR,HepG2,chr8:22408541:G:T,0,0,1.1223424673080444,modal,cuda,QKI:K562
AQR,HepG2,chr8:22408569:T:G,0,0,-0.41791093349456787,modal,cuda,QKI:K562
AQR,HepG2,chr8:22416316:T:C,0,0,-0.21545147895812988,modal,cuda,QKI:K562
AQR,HepG2,chr8:22419527:G:A,0,0,0.8129212856292725,modal,cuda,QKI:K562
AQR,HepG2,chr8:22419555:C:T,1,0,0.2836592197418213,modal,cuda,QKI:K562
AQR,HepG2,chr8:23028507:A:G,0,0,0.5985250473022461,modal,cuda,QKI:K562
AQR,HepG2,chr8:30696489:G:A,0,0,0.46456819772720337,modal,cuda,QKI:K562
AQR,HepG2,chr8:38428326:G:A,0,0,-1.5951136350631714,modal,cuda,QKI:K562
AQR,HepG2,chr8:39018885:T:G,1,0,-1.0336875915527344,modal,cuda,QKI:K562
AQR,HepG2,chr8:67158974:C:T,0,0,-0.27422380447387695,modal,cuda,QKI:K562
AQR,HepG2,chr9:104793325:G:A,0,4,1.5761539936065674,modal,cuda,QKI:K562
AQR,HepG2,chr9:104831149:T:A,0,4,-0.6672612428665161,modal,cuda,QKI:K562
AQR,HepG2,chr9:104837109:G:A,0,4,-0.24425768852233887,modal,cuda,QKI:K562
AQR,HepG2,chr9:108875024:G:T,0,4,0.8492722511291504,modal,cuda,QKI:K562
AQR,HepG2,chr9:108882116:G:A,0,4,0.8857422471046448,modal,cuda,QKI:K562
AQR,HepG2,chr9:108882259:C:T,0,4,0.304455041885376,modal,cuda,QKI:K562
AQR,HepG2,chr9:108897318:C:T,0,4,0.20502471923828125,modal,cuda,QKI:K562
AQR,HepG2,chr9:114072919:A:G,0,4,0.15549755096435547,modal,cuda,QKI:K562
AQR,HepG2,chr9:114206303:G:A,0,4,0.38228172063827515,modal,cuda,QKI:K562
AQR,HepG2,chr9:114240507:T:A,0,4,-0.6215081214904785,modal,cuda,QKI:K562
AQR,HepG2,chr9:114258602:G:A,0,4,0.5812711715698242,modal,cuda,QKI:K562
AQR,HepG2,chr9:114292262:C:T,0,4,1.3153183460235596,modal,cuda,QKI:K562
AQR,HepG2,chr9:114302065:G:A,0,4,0.4089098572731018,modal,cuda,QKI:K562
AQR,HepG2,chr9:114302125:C:G,0,4,-0.8180915117263794,modal,cuda,QKI:K562
AQR,HepG2,chr9:120518631:A:C,1,4,-2.440516710281372,modal,cuda,QKI:K562
AQR,HepG2,chr9:120527932:T:C,0,4,0.8535891175270081,modal,cuda,QKI:K562
AQR,HepG2,chr9:121017343:G:A,0,4,0.5299462080001831,modal,cuda,QKI:K562
AQR,HepG2,chr9:121302000:A:G,0,4,-1.0241427421569824,modal,cuda,QKI:K562
AQR,HepG2,chr9:121302046:C:G,0,4,-1.3057737350463867,modal,cuda,QKI:K562
AQR,HepG2,chr9:121312363:A:G,0,4,-0.39775991439819336,modal,cuda,QKI:K562
AQR,HepG2,chr9:121314051:G:A,0,4,-0.508403480052948,modal,cuda,QKI:K562
AQR,HepG2,chr9:121318537:G:C,0,4,0.4317803382873535,modal,cuda,QKI:K562
AQR,HepG2,chr9:121328857:G:A,0,4,0.45033830404281616,modal,cuda,QKI:K562
AQR,HepG2,chr9:124493010:G:A,0,4,0.9888046979904175,modal,cuda,QKI:K562
AQR,HepG2,chr9:124493162:G:A,0,4,-0.3903956413269043,modal,cuda,QKI:K562
AQR,HepG2,chr9:124493169:G:A,0,4,0.3454418182373047,modal,cuda,QKI:K562
AQR,HepG2,chr9:127467759:C:T,0,4,-0.32054805755615234,modal,cuda,QKI:K562
AQR,HepG2,chr9:128170003:C:T,0,4,0.21648812294006348,modal,cuda,QKI:K562
AQR,HepG2,chr9:128170004:G:A,0,4,-0.15542840957641602,modal,cuda,QKI:K562
AQR,HepG2,chr9:128692656:G:A,0,4,-2.640622138977051,modal,cuda,QKI:K562
AQR,HepG2,chr9:130697640:T:A,0,4,-0.9951632618904114,modal,cuda,QKI:K562
AQR,HepG2,chr9:130698158:A:G,0,4,-1.6327478885650635,modal,cuda,QKI:K562
AQR,HepG2,chr9:135501043:C:A,0,4,-0.46203339099884033,modal,cuda,QKI:K562
AQR,HepG2,chr9:136431189:C:T,0,4,0.5916319489479065,modal,cuda,QKI:K562
AQR,HepG2,chr9:136835855:C:G,0,4,-0.16565227508544922,modal,cuda,QKI:K562
AQR,HepG2,chr9:137241427:C:T,0,4,-0.16451489925384521,modal,cuda,QKI:K562
AQR,HepG2,chr9:137242027:C:T,0,4,0.2842787504196167,modal,cuda,QKI:K562
AQR,HepG2,chr9:137242492:A:T,0,4,0.26503586769104004,modal,cuda,QKI:K562
AQR,HepG2,chr9:137452830:A:G,0,4,-0.37353992462158203,modal,cuda,QKI:K562
AQR,HepG2,chr9:137456394:G:A,0,4,-0.22548151016235352,modal,cuda,QKI:K562
AQR,HepG2,chr9:14770582:G:A,0,4,-0.23132872581481934,modal,cuda,QKI:K562
AQR,HepG2,chr9:14801868:C:T,0,4,0.40880584716796875,modal,cuda,QKI:K562
AQR,HepG2,chr9:14816817:G:A,0,4,0.15191984176635742,modal,cuda,QKI:K562
AQR,HepG2,chr9:14816831:G:C,0,4,-0.2742983102798462,modal,cuda,QKI:K562
AQR,HepG2,chr9:14846038:C:G,0,4,-0.9459899663925171,modal,cuda,QKI:K562
AQR,HepG2,chr9:14846065:G:A,1,4,-2.3768208026885986,modal,cuda,QKI:K562
AQR,HepG2,chr9:14846124:C:G,0,4,-3.640068531036377,modal,cuda,QKI:K562
AQR,HepG2,chr9:14846152:A:G,0,4,0.21547949314117432,modal,cuda,QKI:K562
AQR,HepG2,chr9:19116591:G:A,0,4,-0.1504960060119629,modal,cuda,QKI:K562
AQR,HepG2,chr9:19376395:A:G,0,4,-0.19292378425598145,modal,cuda,QKI:K562
AQR,HepG2,chr9:34220857:G:A,0,4,0.8050527572631836,modal,cuda,QKI:K562
AQR,HepG2,chr9:34637039:G:A,1,4,-2.343744993209839,modal,cuda,QKI:K562
AQR,HepG2,chr9:34637068:G:T,1,4,-2.5121309757232666,modal,cuda,QKI:K562
AQR,HepG2,chr9:35061506:T:C,0,4,-1.37106192111969,modal,cuda,QKI:K562
AQR,HepG2,chr9:35068216:C:T,0,4,-2.5429325103759766,modal,cuda,QKI:K562
AQR,HepG2,chr9:35068326:T:C,0,4,-0.5332238674163818,modal,cuda,QKI:K562
AQR,HepG2,chr9:35068367:A:G,0,4,0.14461493492126465,modal,cuda,QKI:K562
AQR,HepG2,chr9:37426527:C:T,0,4,-0.3491518497467041,modal,cuda,QKI:K562
AQR,HepG2,chr9:69220859:G:A,0,4,0.07251286506652832,modal,cuda,QKI:K562
AQR,HepG2,chr9:734839:A:C,0,4,-0.905693769454956,modal,cuda,QKI:K562
AQR,HepG2,chr9:734854:C:G,0,4,-1.374792456626892,modal,cuda,QKI:K562
AQR,HepG2,chr9:738238:G:A,0,4,0.7179915904998779,modal,cuda,QKI:K562
AQR,HepG2,chr9:744418:T:C,0,4,-0.7548376321792603,modal,cuda,QKI:K562
AQR,HepG2,chr9:78328061:G:T,1,4,1.8112201690673828,modal,cuda,QKI:K562
AQR,HepG2,chr9:78328073:A:T,1,4,0.8137435913085938,modal,cuda,QKI:K562
AQR,HepG2,chr9:83970839:G:A,0,4,-0.2646462917327881,modal,cuda,QKI:K562
AQR,HepG2,chr9:83971263:G:C,0,4,0.6983864307403564,modal,cuda,QKI:K562
AQR,HepG2,chr9:83971266:A:G,0,4,-0.6636447906494141,modal,cuda,QKI:K562
AQR,HepG2,chr9:83973901:C:T,1,4,0.6028343439102173,modal,cuda,QKI:K562
AQR,HepG2,chr9:83975457:C:T,1,4,-0.28509044647216797,modal,cuda,QKI:K562
AQR,HepG2,chr9:83976942:T:C,0,4,-0.28705930709838867,modal,cuda,QKI:K562
AQR,HepG2,chr9:83976988:T:C,0,4,0.2962946891784668,modal,cuda,QKI:K562
AQR,HepG2,chr9:83977684:T:C,0,4,-0.794426441192627,modal,cuda,QKI:K562
AQR,HepG2,chrX:109683415:G:A,0,2,-0.46127331256866455,modal,cuda,QKI:K562
AQR,HepG2,chrX:129814810:G:C,0,2,0.34089910984039307,modal,cuda,QKI:K562
AQR,HepG2,chrX:129823662:C:T,0,2,0.3217264413833618,modal,cuda,QKI:K562
AQR,HepG2,chrX:129823664:T:C,0,2,-1.708603024482727,modal,cuda,QKI:K562
AQR,HepG2,chrX:129823665:G:A,0,2,-0.15675731003284454,modal,cuda,QKI:K562
AQR,HepG2,chrX:132391091:C:T,0,2,0.3519561290740967,modal,cuda,QKI:K562
AQR,HepG2,chrX:133536304:A:G,0,2,-1.0245909690856934,modal,cuda,QKI:K562
AQR,HepG2,chrX:1387425:C:G,0,2,0.5139895677566528,modal,cuda,QKI:K562
AQR,HepG2,chrX:153691300:C:T,0,2,-0.08785510063171387,modal,cuda,QKI:K562
AQR,HepG2,chrX:153693184:G:A,0,2,0.0928802490234375,modal,cuda,QKI:K562
AQR,HepG2,chrX:153693623:G:A,0,2,0.7757526636123657,modal,cuda,QKI:K562
AQR,HepG2,chrX:153693886:G:A,0,2,-0.463836669921875,modal,cuda,QKI:K562
AQR,HepG2,chrX:153694099:C:T,0,2,0.5474447011947632,modal,cuda,QKI:K562
AQR,HepG2,chrX:153729222:C:T,0,2,-0.07438325881958008,modal,cuda,QKI:K562
AQR,HepG2,chrX:153729228:G:A,0,2,0.25220632553100586,modal,cuda,QKI:K562
AQR,HepG2,chrX:153932056:T:A,0,2,-0.24756312370300293,modal,cuda,QKI:K562
AQR,HepG2,chrX:153932058:G:A,0,2,-0.1834770143032074,modal,cuda,QKI:K562
AQR,HepG2,chrX:153932073:A:C,1,2,-0.22685933113098145,modal,cuda,QKI:K562
AQR,HepG2,chrX:153932073:A:T,1,2,0.14423036575317383,modal,cuda,QKI:K562
AQR,HepG2,chrX:153932106:G:A,0,2,-0.2128453254699707,modal,cuda,QKI:K562
AQR,HepG2,chrX:153932306:C:A,0,2,0.7646099328994751,modal,cuda,QKI:K562
AQR,HepG2,chrX:153932306:C:T,0,2,0.996995210647583,modal,cuda,QKI:K562
AQR,HepG2,chrX:153955556:C:G,0,2,-0.6932603120803833,modal,cuda,QKI:K562
AQR,HepG2,chrX:153956184:G:A,0,2,0.21089105308055878,modal,cuda,QKI:K562
AQR,HepG2,chrX:154380231:A:G,1,2,0.4742940664291382,modal,cuda,QKI:K562
AQR,HepG2,chrX:154380416:G:A,0,2,1.92816162109375,modal,cuda,QKI:K562
AQR,HepG2,chrX:154380813:G:C,0,2,-0.18523746728897095,modal,cuda,QKI:K562
AQR,HepG2,chrX:154398397:G:A,0,2,-1.5264875888824463,modal,cuda,QKI:K562
AQR,HepG2,chrX:154398551:T:A,0,2,-1.019838571548462,modal,cuda,QKI:K562
AQR,HepG2,chrX:154399331:C:T,0,2,-0.5466232299804688,modal,cuda,QKI:K562
AQR,HepG2,chrX:154433630:C:T,0,2,-0.1020212173461914,modal,cuda,QKI:K562
AQR,HepG2,chrX:154764985:G:T,0,2,-0.9588396549224854,modal,cuda,QKI:K562
AQR,HepG2,chrX:18897347:A:G,0,2,0.10033988952636719,modal,cuda,QKI:K562
AQR,HepG2,chrX:18897360:A:G,0,2,-0.3929142951965332,modal,cuda,QKI:K562
AQR,HepG2,chrX:18897394:G:A,0,2,1.93391752243042,modal,cuda,QKI:K562
AQR,HepG2,chrX:20172741:T:A,0,2,-0.29317522048950195,modal,cuda,QKI:K562
AQR,HepG2,chrX:20175298:G:A,0,2,-0.1125326156616211,modal,cuda,QKI:K562
AQR,HepG2,chrX:20177090:T:C,0,2,-0.17688250541687012,modal,cuda,QKI:K562
AQR,HepG2,chrX:20186286:G:A,0,2,-0.3859412670135498,modal,cuda,QKI:K562
AQR,HepG2,chrX:20186291:C:T,1,2,0.5235214233398438,modal,cuda,QKI:K562
AQR,HepG2,chrX:20187800:T:C,0,2,-0.5780616998672485,modal,cuda,QKI:K562
AQR,HepG2,chrX:20188479:C:T,0,2,0.3358151912689209,modal,cuda,QKI:K562
AQR,HepG2,chrX:20188484:A:G,0,2,-0.2425394058227539,modal,cuda,QKI:K562
AQR,HepG2,chrX:20195052:G:A,0,2,0.17118120193481445,modal,cuda,QKI:K562
AQR,HepG2,chrX:20195053:G:T,0,2,0.13170909881591797,modal,cuda,QKI:K562
AQR,HepG2,chrX:20209418:C:T,0,2,0.4452986717224121,modal,cuda,QKI:K562
AQR,HepG2,chrX:20234834:C:T,0,2,1.164320468902588,modal,cuda,QKI:K562
AQR,HepG2,chrX:2830010:T:C,0,2,-0.33662450313568115,modal,cuda,QKI:K562
AQR,HepG2,chrX:30700392:T:C,0,2,-2.239306926727295,modal,cuda,QKI:K562
AQR,HepG2,chrX:38285735:C:T,0,2,0.46109914779663086,modal,cuda,QKI:K562
AQR,HepG2,chrX:38285744:G:T,1,2,-2.0846710205078125,modal,cuda,QKI:K562
AQR,HepG2,chrX:38285749:C:A,1,2,-0.5337555408477783,modal,cuda,QKI:K562
AQR,HepG2,chrX:38285768:A:T,0,2,-0.1971503496170044,modal,cuda,QKI:K562
AQR,HepG2,chrX:38285779:C:A,1,2,-1.3715858459472656,modal,cuda,QKI:K562
AQR,HepG2,chrX:38285780:G:A,0,2,0.6377608776092529,modal,cuda,QKI:K562
AQR,HepG2,chrX:38285839:C:A,1,2,-0.918410062789917,modal,cuda,QKI:K562
AQR,HepG2,chrX:38285866:C:A,1,2,0.32195329666137695,modal,cuda,QKI:K562
AQR,HepG2,chrX:38285914:C:A,1,2,-0.3957691192626953,modal,cuda,QKI:K562
AQR,HepG2,chrX:38285917:C:A,1,2,0.3572416305541992,modal,cuda,QKI:K562
AQR,HepG2,chrX:38285929:C:A,1,2,0.30474376678466797,modal,cuda,QKI:K562
AQR,HepG2,chrX:38285950:C:A,1,2,0.3599693775177002,modal,cuda,QKI:K562
AQR,HepG2,chrX:41334292:C:T,1,2,-2.1803176403045654,modal,cuda,QKI:K562
AQR,HepG2,chrX:41334294:G:C,0,2,1.4341907501220703,modal,cuda,QKI:K562
AQR,HepG2,chrX:41334316:A:G,0,2,-1.4368529319763184,modal,cuda,QKI:K562
AQR,HepG2,chrX:41337396:A:T,0,2,-0.2051277756690979,modal,cuda,QKI:K562
AQR,HepG2,chrX:41337401:C:T,0,2,-0.3108787536621094,modal,cuda,QKI:K562
AQR,HepG2,chrX:41337410:T:C,0,2,-0.39547276496887207,modal,cuda,QKI:K562
AQR,HepG2,chrX:41337433:C:A,1,2,-0.9636280536651611,modal,cuda,QKI:K562
AQR,HepG2,chrX:41339051:C:G,1,2,-1.999099850654602,modal,cuda,QKI:K562
AQR,HepG2,chrX:41339068:C:T,1,2,1.911686658859253,modal,cuda,QKI:K562
AQR,HepG2,chrX:41339080:A:T,1,2,3.167368173599243,modal,cuda,QKI:K562
AQR,HepG2,chrX:41339084:G:A,1,2,1.2193925380706787,modal,cuda,QKI:K562
AQR,HepG2,chrX:41341479:C:G,0,2,-0.3627631664276123,modal,cuda,QKI:K562
AQR,HepG2,chrX:41341511:G:A,1,2,-0.9658420085906982,modal,cuda,QKI:K562
AQR,HepG2,chrX:41341512:G:A,1,2,-0.9051905870437622,modal,cuda,QKI:K562
AQR,HepG2,chrX:41341539:T:G,1,2,-1.008438229560852,modal,cuda,QKI:K562
AQR,HepG2,chrX:41341565:C:A,1,2,-1.1333847045898438,modal,cuda,QKI:K562
AQR,HepG2,chrX:41341565:C:G,1,2,-1.074486255645752,modal,cuda,QKI:K562
AQR,HepG2,chrX:47169513:C:T,0,2,0.4715774655342102,modal,cuda,QKI:K562
AQR,HepG2,chrX:48805666:T:C,0,2,0.7732272148132324,modal,cuda,QKI:K562
AQR,HepG2,chrX:53409412:G:A,0,2,0.14479494094848633,modal,cuda,QKI:K562
AQR,HepG2,chrX:71294213:C:T,0,2,-0.5752443075180054,modal,cuda,QKI:K562
AQR,HepG2,chrX:71392653:G:C,1,2,0.41103580594062805,modal,cuda,QKI:K562
AQR,HepG2,chrX:71392661:G:A,0,2,0.26193082332611084,modal,cuda,QKI:K562
AQR,HepG2,chrX:71423104:T:C,0,2,-0.11101067066192627,modal,cuda,QKI:K562
AQR,HepG2,chrX:71459534:C:A,0,2,-0.41771531105041504,modal,cuda,QKI:K562
AQR,HepG2,chrX:71459600:G:A,0,2,0.23042118549346924,modal,cuda,QKI:K562
AQR,HepG2,chrX:78109933:A:C,0,2,3.9538938999176025,modal,cuda,QKI:K562
AQR,HepG2,chrX:78125057:C:T,0,2,0.4917263984680176,modal,cuda,QKI:K562
AQR,HepG2,chrX:78125505:A:G,0,2,-0.49174734950065613,modal,cuda,QKI:K562
AQR,HepG2,chrX:78125517:G:A,0,2,1.032716155052185,modal,cuda,QKI:K562
