protein,cell,vid,label,fold,delta,platform,accelerator,weights_from
ZNF622,K562,chr10:100529822:T:C,0,2,-0.23576492071151733,modal,cuda,ELAC2:K562
ZNF622,K562,chr10:103139405:C:T,1,2,1.348894715309143,modal,cuda,ELAC2:K562
ZNF622,K562,chr10:103139466:G:A,1,2,0.8926281929016113,modal,cuda,ELAC2:K562
ZNF622,K562,chr10:103174874:G:A,1,2,1.2984539270401,modal,cuda,ELAC2:K562
ZNF622,K562,chr10:103174952:T:C,0,2,0.1370013952255249,modal,cuda,ELAC2:K562
ZNF622,K562,chr10:104263031:C:A,0,2,-0.08797168731689453,modal,cuda,ELAC2:K562
ZNF622,K562,chr10:11956529:A:T,0,2,0.2116740345954895,modal,cuda,ELAC2:K562
ZNF622,K562,chr10:13164233:A:T,0,2,-0.899355411529541,modal,cuda,ELAC2:K562
ZNF622,K562,chr10:13170915:C:A,0,2,0.1683226376771927,modal,cuda,ELAC2:K562
ZNF622,K562,chr10:21538867:G:A,0,2,0.65362548828125,modal,cuda,ELAC2:K562
ZNF622,K562,chr10:27509877:T:A,1,2,-0.35562729835510254,modal,cuda,ELAC2:K562
ZNF622,K562,chr10:27538022:G:A,0,2,-0.3656522035598755,modal,cuda,ELAC2:K562
ZNF622,K562,chr10:27538049:T:C,1,2,0.4736543893814087,modal,cuda,ELAC2:K562
ZNF622,K562,chr10:28589865:A:T,0,2,-0.12437412142753601,modal,cuda,ELAC2:K562
ZNF622,K562,chr10:3151260:G:A,0,2,0.3348047137260437,modal,cuda,ELAC2:K562
ZNF622,K562,chr10:3151264:A:G,0,2,-0.4593847393989563,modal,cuda,ELAC2:K562
ZNF622,K562,chr10:32023041:A:G,0,2,1.0364351272583008,modal,cuda,ELAC2:K562
ZNF622,K562,chr10:63177773:G:C,0,2,0.1562328338623047,modal,cuda,ELAC2:K562
ZNF622,K562,chr10:63184621:C:T,0,2,-0.42749345302581787,modal,cuda,ELAC2:K562
ZNF622,K562,chr10:63214485:G:C,0,2,1.270311713218689,modal,cuda,ELAC2:K562
ZNF622,K562,chr10:63214777:A:T,0,2,0.07935035228729248,modal,cuda,ELAC2:K562
ZNF622,K562,chr10:72210715:T:C,0,2,0.17954111099243164,modal,cuda,ELAC2:K562
ZNF622,K562,chr10:72213199:C:T,0,2,0.5466063022613525,modal,cuda,ELAC2:K562
ZNF622,K562,chr10:72213220:G:A,1,2,1.0172325372695923,modal,cuda,ELAC2:K562
ZNF622,K562,chr10:72562912:C:A,1,2,1.0204366445541382,modal,cuda,ELAC2:K562
ZNF622,K562,chr10:78040201:C:A,0,2,-0.7833080291748047,modal,cuda,ELAC2:K562
ZNF622,K562,chr10:78040616:C:T,0,2,1.1326547861099243,modal,cuda,ELAC2:K562
ZNF622,K562,chr10:78040694:T:C,0,2,0.458890438079834,modal,cuda,ELAC2:K562
ZNF622,K562,chr10:89737450:A:G,0,2,0.2155461311340332,modal,cuda,ELAC2:K562
ZNF622,K562,chr10:89738973:C:T,0,2,0.12435343861579895,modal,cuda,ELAC2:K562
ZNF622,K562,chr10:89745947:A:C,0,2,0.39813947677612305,modal,cuda,ELAC2:K562
ZNF622,K562,chr10:91840723:G:A,0,2,-0.18819975852966309,modal,cuda,ELAC2:K562
ZNF622,K562,chr10:91959774:T:C,0,2,0.1264725774526596,modal,cuda,ELAC2:K562
ZNF622,K562,chr10:94546436:C:T,0,2,-0.1584376096725464,modal,cuda,ELAC2:K562
ZNF622,K562,chr10:94546508:G:T,0,2,-0.24340224266052246,modal,cuda,ELAC2:K562
ZNF622,K562,chr10:94554203:A:C,0,2,0.18392682075500488,modal,cuda,ELAC2:K562
ZNF622,K562,chr10:94554242:A:G,0,2,-0.587775468826294,modal,cuda,ELAC2:K562
ZNF622,K562,chr11:10774175:G:A,0,3,-0.17612850666046143,modal,cuda,ELAC2:K562
ZNF622,K562,chr11:10774178:A:G,0,3,-0.35799896717071533,modal,cuda,ELAC2:K562
ZNF622,K562,chr11:108235839:G:A,1,3,-0.3838125467300415,modal,cuda,ELAC2:K562
ZNF622,K562,chr11:108334948:T:G,0,3,2.1116223335266113,modal,cuda,ELAC2:K562
ZNF622,K562,chr11:108334967:A:C,1,3,1.6683005094528198,modal,cuda,ELAC2:K562
ZNF622,K562,chr11:108334968:G:T,1,3,0.537432074546814,modal,cuda,ELAC2:K562
ZNF622,K562,chr11:108334984:G:T,1,3,-0.4632958173751831,modal,cuda,ELAC2:K562
ZNF622,K562,chr11:108334990:G:T,1,3,1.5686665773391724,modal,cuda,ELAC2:K562
ZNF622,K562,chr11:108334992:A:C,0,3,0.27008140087127686,modal,cuda,ELAC2:K562
ZNF622,K562,chr11:108335001:G:A,0,3,-0.6326427459716797,modal,cuda,ELAC2:K562
ZNF622,K562,chr11:108335003:C:G,1,3,-0.7900371551513672,modal,cuda,ELAC2:K562
ZNF622,K562,chr11:108335008:C:T,1,3,0.4531491994857788,modal,cuda,ELAC2:K562
ZNF622,K562,chr11:110233497:G:A,0,3,0.1970946490764618,modal,cuda,ELAC2:K562
ZNF622,K562,chr11:110237635:G:A,1,3,0.40809404850006104,modal,cuda,ELAC2:K562
ZNF622,K562,chr11:110257751:C:A,0,3,-0.8912887573242188,modal,cuda,ELAC2:K562
ZNF622,K562,chr11:110263964:G:A,1,3,0.2623319625854492,modal,cuda,ELAC2:K562
ZNF622,K562,chr11:118484160:A:G,0,3,0.36459946632385254,modal,cuda,ELAC2:K562
ZNF622,K562,chr11:118484339:G:T,0,3,-0.6419780254364014,modal,cuda,ELAC2:K562
ZNF622,K562,chr11:118498085:T:C,0,3,0.42470288276672363,modal,cuda,ELAC2:K562
ZNF622,K562,chr11:118590509:G:A,0,3,-0.29558873176574707,modal,cuda,ELAC2:K562
ZNF622,K562,chr11:130122522:A:C,0,3,-1.007385492324829,modal,cuda,ELAC2:K562
ZNF622,K562,chr11:130140492:G:A,0,3,0.0833667516708374,modal,cuda,ELAC2:K562
ZNF622,K562,chr11:13727545:T:C,0,3,-0.4091377258300781,modal,cuda,ELAC2:K562
ZNF622,K562,chr11:17145648:A:C,0,3,0.2950475215911865,modal,cuda,ELAC2:K562
ZNF622,K562,chr11:17168843:G:A,0,3,0.3514106273651123,modal,cuda,ELAC2:K562
ZNF622,K562,chr11:17169660:T:C,0,3,-0.32653212547302246,modal,cuda,ELAC2:K562
ZNF622,K562,chr11:3017133:G:T,0,3,0.19277095794677734,modal,cuda,ELAC2:K562
ZNF622,K562,chr11:3017136:G:A,0,3,0.13947105407714844,modal,cuda,ELAC2:K562
ZNF622,K562,chr11:3029392:G:A,0,3,-0.19372868537902832,modal,cuda,ELAC2:K562
ZNF622,K562,chr11:3029397:G:C,0,3,1.6851279735565186,modal,cuda,ELAC2:K562
ZNF622,K562,chr11:34957548:C:T,0,3,0.06896936893463135,modal,cuda,ELAC2:K562
ZNF622,K562,chr11:34957572:C:T,0,3,0.26673752069473267,modal,cuda,ELAC2:K562
ZNF622,K562,chr11:35806408:A:G,0,3,-0.18458068370819092,modal,cuda,ELAC2:K562
ZNF622,K562,chr11:3723274:G:A,0,3,0.7711591720581055,modal,cuda,ELAC2:K562
ZNF622,K562,chr11:45945881:G:A,0,3,-0.13261358439922333,modal,cuda,ELAC2:K562
ZNF622,K562,chr11:45945942:T:C,0,3,-0.32907459139823914,modal,cuda,ELAC2:K562
ZNF622,K562,chr11:45949455:T:A,1,3,0.12946224212646484,modal,cuda,ELAC2:K562
ZNF622,K562,chr11:45950209:C:A,1,3,0.6093094348907471,modal,cuda,ELAC2:K562
ZNF622,K562,chr11:45950246:G:A,0,3,-0.3959627151489258,modal,cuda,ELAC2:K562
ZNF622,K562,chr11:45953518:T:C,0,3,0.2468276023864746,modal,cuda,ELAC2:K562
ZNF622,K562,chr11:45953579:C:T,0,3,0.0826617032289505,modal,cuda,ELAC2:K562
ZNF622,K562,chr11:45971183:G:A,0,3,0.7435266971588135,modal,cuda,ELAC2:K562
ZNF622,K562,chr11:45971199:G:C,0,3,0.31513261795043945,modal,cuda,ELAC2:K562
ZNF622,K562,chr11:46079145:G:A,1,3,-0.2026398777961731,modal,cuda,ELAC2:K562
ZNF622,K562,chr11:47234610:C:T,1,3,1.7513227462768555,modal,cuda,ELAC2:K562
ZNF622,K562,chr11:47289431:T:C,0,3,0.27536875009536743,modal,cuda,ELAC2:K562
ZNF622,K562,chr11:47289494:G:A,1,3,0.32225894927978516,modal,cuda,ELAC2:K562
ZNF622,K562,chr11:57801864:G:A,1,3,-0.852736234664917,modal,cuda,ELAC2:K562
ZNF622,K562,chr11:57801869:C:T,1,3,0.8997597694396973,modal,cuda,ELAC2:K562
ZNF622,K562,chr11:61367933:G:A,1,3,-0.2832295894622803,modal,cuda,ELAC2:K562
ZNF622,K562,chr11:61367998:G:A,1,3,0.37262916564941406,modal,cuda,ELAC2:K562
ZNF622,K562,chr11:63720310:C:T,0,3,-0.13511967658996582,modal,cuda,ELAC2:K562
ZNF622,K562,chr11:64211268:A:T,0,3,-0.23340117931365967,modal,cuda,ELAC2:K562
ZNF622,K562,chr11:64254750:G:A,0,3,-0.28862547874450684,modal,cuda,ELAC2:K562
ZNF622,K562,chr11:65208201:C:T,0,3,0.12412357330322266,modal,cuda,ELAC2:K562
ZNF622,K562,chr11:65208274:C:T,0,3,0.3307936191558838,modal,cuda,ELAC2:K562
ZNF622,K562,chr11:65658704:C:T,0,3,0.2499912977218628,modal,cuda,ELAC2:K562
ZNF622,K562,chr11:65719211:G:A,0,3,0.48638057708740234,modal,cuda,ELAC2:K562
ZNF622,K562,chr11:65864605:A:C,0,3,-0.19641542434692383,modal,cuda,ELAC2:K562
ZNF622,K562,chr11:6608777:A:C,0,3,-0.27158069610595703,modal,cuda,ELAC2:K562
ZNF622,K562,chr11:6609179:T:C,0,3,-0.24558383226394653,modal,cuda,ELAC2:K562
ZNF622,K562,chr11:68043370:G:C,1,3,0.35565924644470215,modal,cuda,ELAC2:K562
ZNF622,K562,chr11:68044201:C:T,1,3,-0.17505741119384766,modal,cuda,ELAC2:K562
ZNF622,K562,chr11:68403545:T:C,0,3,-0.1968097686767578,modal,cuda,ELAC2:K562
ZNF622,K562,chr11:68403546:G:A,1,3,-0.2172842025756836,modal,cuda,ELAC2:K562
ZNF622,K562,chr11:68403553:C:T,1,3,0.1464627981185913,modal,cuda,ELAC2:K562
ZNF622,K562,chr11:70355774:C:T,0,3,0.21106970310211182,modal,cuda,ELAC2:K562
ZNF622,K562,chr11:76451851:C:T,0,3,-0.26041942834854126,modal,cuda,ELAC2:K562
ZNF622,K562,chr11:76451964:T:C,0,3,0.07836771011352539,modal,cuda,ELAC2:K562
ZNF622,K562,chr11:9179008:G:A,0,3,0.14212369918823242,modal,cuda,ELAC2:K562
ZNF622,K562,chr11:94445909:A:C,0,3,0.908057689666748,modal,cuda,ELAC2:K562
ZNF622,K562,chr11:94456263:G:A,0,3,0.13086652755737305,modal,cuda,ELAC2:K562
ZNF622,K562,chr11:94471563:A:G,0,3,0.1737404465675354,modal,cuda,ELAC2:K562
ZNF622,K562,chr11:9575939:G:T,0,3,0.5929067730903625,modal,cuda,ELAC2:K562
ZNF622,K562,chr11:95821981:G:A,0,3,-0.35076141357421875,modal,cuda,ELAC2:K562
ZNF622,K562,chr12:1028051:A:G,0,1,-0.6056549549102783,modal,cuda,ELAC2:K562
ZNF622,K562,chr12:110282701:T:C,0,1,0.24027585983276367,modal,cuda,ELAC2:K562
ZNF622,K562,chr12:113159061:G:A,0,1,0.2986726760864258,modal,cuda,ELAC2:K562
ZNF622,K562,chr12:113292931:C:T,0,1,0.231545090675354,modal,cuda,ELAC2:K562
ZNF622,K562,chr12:116012904:A:G,0,1,0.30830174684524536,modal,cuda,ELAC2:K562
ZNF622,K562,chr12:116015288:C:T,0,1,-0.2410578727722168,modal,cuda,ELAC2:K562
ZNF622,K562,chr12:119752254:C:G,0,1,-0.17127668857574463,modal,cuda,ELAC2:K562
ZNF622,K562,chr12:119757357:C:T,0,1,-0.31470727920532227,modal,cuda,ELAC2:K562
ZNF622,K562,chr12:119757359:C:A,0,1,-0.14448034763336182,modal,cuda,ELAC2:K562
ZNF622,K562,chr12:119770806:C:T,0,1,0.305401086807251,modal,cuda,ELAC2:K562
ZNF622,K562,chr12:119832768:T:A,1,1,0.3715665340423584,modal,cuda,ELAC2:K562
ZNF622,K562,chr12:12149124:C:T,0,1,0.8251233696937561,modal,cuda,ELAC2:K562
ZNF622,K562,chr12:122500624:A:G,0,1,-0.27975940704345703,modal,cuda,ELAC2:K562
ZNF622,K562,chr12:12266785:G:T,0,1,0.34653154015541077,modal,cuda,ELAC2:K562
ZNF622,K562,chr12:123724805:C:T,0,1,-0.18224143981933594,modal,cuda,ELAC2:K562
ZNF622,K562,chr12:124422559:C:T,0,1,0.5089931488037109,modal,cuda,ELAC2:K562
ZNF622,K562,chr12:124787424:C:T,0,1,0.9499063491821289,modal,cuda,ELAC2:K562
ZNF622,K562,chr12:124795177:C:T,0,1,0.6862971782684326,modal,cuda,ELAC2:K562
ZNF622,K562,chr12:124795275:C:T,0,1,-0.6159064769744873,modal,cuda,ELAC2:K562
ZNF622,K562,chr12:130801294:G:A,0,1,-0.22225213050842285,modal,cuda,ELAC2:K562
ZNF622,K562,chr12:130808702:T:C,0,1,0.13579994440078735,modal,cuda,ELAC2:K562
ZNF622,K562,chr12:132632296:C:T,0,1,0.7461389303207397,modal,cuda,ELAC2:K562
ZNF622,K562,chr12:132632300:C:T,0,1,0.8686544895172119,modal,cuda,ELAC2:K562
ZNF622,K562,chr12:132643832:G:A,0,1,-0.5810704231262207,modal,cuda,ELAC2:K562
ZNF622,K562,chr12:132657119:T:C,0,1,-1.748755931854248,modal,cuda,ELAC2:K562
ZNF622,K562,chr12:132676210:C:G,0,1,-1.7523038387298584,modal,cuda,ELAC2:K562
ZNF622,K562,chr12:132676218:T:C,1,1,-1.1060304641723633,modal,cuda,ELAC2:K562
ZNF622,K562,chr12:132747814:T:C,0,1,-0.4405641257762909,modal,cuda,ELAC2:K562
ZNF622,K562,chr12:14434364:A:G,0,1,0.04502904415130615,modal,cuda,ELAC2:K562
ZNF622,K562,chr12:14434367:A:G,0,1,0.5470681190490723,modal,cuda,ELAC2:K562
ZNF622,K562,chr12:14481110:G:A,0,1,-0.30523204803466797,modal,cuda,ELAC2:K562
ZNF622,K562,chr12:24901853:G:A,0,1,1.7525794506072998,modal,cuda,ELAC2:K562
ZNF622,K562,chr12:28306836:A:G,0,1,1.587925672531128,modal,cuda,ELAC2:K562
ZNF622,K562,chr12:30726098:A:G,0,1,0.7453192472457886,modal,cuda,ELAC2:K562
ZNF622,K562,chr12:30731402:A:G,0,1,-0.5445952415466309,modal,cuda,ELAC2:K562
ZNF622,K562,chr12:31084631:C:T,1,1,0.21492505073547363,modal,cuda,ELAC2:K562
ZNF622,K562,chr12:31101818:C:T,0,1,-0.13538599014282227,modal,cuda,ELAC2:K562
ZNF622,K562,chr12:32679368:A:C,1,1,-0.6920815706253052,modal,cuda,ELAC2:K562
ZNF622,K562,chr12:39341637:G:A,0,1,-0.3967595100402832,modal,cuda,ELAC2:K562
ZNF622,K562,chr12:49484628:G:A,0,1,0.6351717114448547,modal,cuda,ELAC2:K562
ZNF622,K562,chr12:56181404:G:A,0,1,0.33586299419403076,modal,cuda,ELAC2:K562
ZNF622,K562,chr12:56355703:C:G,1,1,0.8683855533599854,modal,cuda,ELAC2:K562
ZNF622,K562,chr12:57564211:A:G,1,1,0.6608328819274902,modal,cuda,ELAC2:K562
ZNF622,K562,chr12:57568943:A:G,0,1,-1.4091105461120605,modal,cuda,ELAC2:K562
ZNF622,K562,chr12:57696268:T:C,0,1,-0.2570140063762665,modal,cuda,ELAC2:K562
ZNF622,K562,chr12:62302818:C:T,0,1,-0.3263392448425293,modal,cuda,ELAC2:K562
ZNF622,K562,chr12:6601957:C:T,0,1,0.23643732070922852,modal,cuda,ELAC2:K562
ZNF622,K562,chr12:68735215:T:C,0,1,-0.4113905429840088,modal,cuda,ELAC2:K562
ZNF622,K562,chr12:79793941:T:G,0,1,-0.5460808277130127,modal,cuda,ELAC2:K562
ZNF622,K562,chr12:79809782:T:C,0,1,-0.4641423523426056,modal,cuda,ELAC2:K562
ZNF622,K562,chr12:79828304:C:T,0,1,1.4790277481079102,modal,cuda,ELAC2:K562
ZNF622,K562,chr12:79828317:T:G,1,1,-0.8147403001785278,modal,cuda,ELAC2:K562
ZNF622,K562,chr12:79845286:T:A,0,1,0.3919558525085449,modal,cuda,ELAC2:K562
ZNF622,K562,chr12:79872796:G:T,0,1,0.5170426368713379,modal,cuda,ELAC2:K562
ZNF622,K562,chr12:88118575:A:G,0,1,0.39903563261032104,modal,cuda,ELAC2:K562
ZNF622,K562,chr12:94312996:T:A,1,1,0.48862123489379883,modal,cuda,ELAC2:K562
ZNF622,K562,chr12:94367810:C:A,1,1,1.2072844505310059,modal,cuda,ELAC2:K562
ZNF622,K562,chr12:94367925:T:C,0,1,0.25591492652893066,modal,cuda,ELAC2:K562
ZNF622,K562,chr12:94378806:T:C,0,1,-0.5017910003662109,modal,cuda,ELAC2:K562
ZNF622,K562,chr13:102644959:C:G,1,0,-1.0792615413665771,modal,cuda,ELAC2:K562
ZNF622,K562,chr13:102663763:G:A,0,0,-0.40413546562194824,modal,cuda,ELAC2:K562
ZNF622,K562,chr13:102664798:C:T,1,0,-2.564934015274048,modal,cuda,ELAC2:K562
ZNF622,K562,chr13:113178291:C:T,0,0,0.8235565423965454,modal,cuda,ELAC2:K562
ZNF622,K562,chr13:19993463:C:T,1,0,0.6494356393814087,modal,cuda,ELAC2:K562
ZNF622,K562,chr13:20061170:A:G,0,0,0.30303287506103516,modal,cuda,ELAC2:K562
ZNF622,K562,chr13:24905841:G:A,1,0,0.7464950084686279,modal,cuda,ELAC2:K562
ZNF622,K562,chr13:24906906:G:A,1,0,0.5312637686729431,modal,cuda,ELAC2:K562
ZNF622,K562,chr13:24912045:G:A,1,0,0.24710392951965332,modal,cuda,ELAC2:K562
ZNF622,K562,chr13:24912896:T:A,1,0,0.6086147427558899,modal,cuda,ELAC2:K562
ZNF622,K562,chr13:36326559:A:G,0,0,0.4730041027069092,modal,cuda,ELAC2:K562
ZNF622,K562,chr13:49747002:G:C,0,0,0.4562222957611084,modal,cuda,ELAC2:K562
ZNF622,K562,chr13:72783562:G:A,0,0,0.30057787895202637,modal,cuda,ELAC2:K562
ZNF622,K562,chr13:72783587:C:T,1,0,0.9298691749572754,modal,cuda,ELAC2:K562
ZNF622,K562,chr13:72783626:C:T,1,0,-0.7979278564453125,modal,cuda,ELAC2:K562
ZNF622,K562,chr13:72827099:G:A,0,0,0.3267803192138672,modal,cuda,ELAC2:K562
ZNF622,K562,chr13:94576404:T:C,1,0,-0.39691683650016785,modal,cuda,ELAC2:K562
ZNF622,K562,chr14:102050753:A:G,0,2,-0.30659008026123047,modal,cuda,ELAC2:K562
ZNF622,K562,chr14:105226625:C:T,0,2,0.9118257761001587,modal,cuda,ELAC2:K562
ZNF622,K562,chr14:20447406:G:C,0,2,0.819222092628479,modal,cuda,ELAC2:K562
ZNF622,K562,chr14:20448090:T:C,0,2,0.31977665424346924,modal,cuda,ELAC2:K562
ZNF622,K562,chr14:21368447:G:C,0,2,0.4016568660736084,modal,cuda,ELAC2:K562
ZNF622,K562,chr14:21431459:G:C,1,2,0.7749062776565552,modal,cuda,ELAC2:K562
ZNF622,K562,chr14:21431470:C:T,0,2,-0.1912703514099121,modal,cuda,ELAC2:K562
ZNF622,K562,chr14:21431472:C:T,0,2,-0.12795484066009521,modal,cuda,ELAC2:K562
ZNF622,K562,chr14:21431502:G:A,1,2,0.703972339630127,modal,cuda,ELAC2:K562
ZNF622,K562,chr14:34516452:C:T,0,2,-0.09770512580871582,modal,cuda,ELAC2:K562
ZNF622,K562,chr14:35121968:T:C,0,2,-0.053733110427856445,modal,cuda,ELAC2:K562
ZNF622,K562,chr14:39176159:C:T,0,2,-0.2706924080848694,modal,cuda,ELAC2:K562
ZNF622,K562,chr14:49679806:A:G,0,2,0.21908783912658691,modal,cuda,ELAC2:K562
ZNF622,K562,chr14:54962857:A:G,0,2,0.5785337686538696,modal,cuda,ELAC2:K562
ZNF622,K562,chr14:55629968:A:C,0,2,-0.6073276996612549,modal,cuda,ELAC2:K562
ZNF622,K562,chr14:55671640:C:T,0,2,0.18712565302848816,modal,cuda,ELAC2:K562
ZNF622,K562,chr14:65093706:A:C,1,2,-0.4539295434951782,modal,cuda,ELAC2:K562
ZNF622,K562,chr14:65093710:T:A,1,2,0.5056658983230591,modal,cuda,ELAC2:K562
ZNF622,K562,chr14:65093733:G:C,1,2,0.422649621963501,modal,cuda,ELAC2:K562
ZNF622,K562,chr14:65093782:G:A,1,2,1.1331884860992432,modal,cuda,ELAC2:K562
ZNF622,K562,chr14:65093804:C:T,0,2,-0.15833091735839844,modal,cuda,ELAC2:K562
ZNF622,K562,chr14:65093817:T:C,1,2,-0.7330597639083862,modal,cuda,ELAC2:K562
ZNF622,K562,chr14:65102369:G:C,0,2,-0.21795415878295898,modal,cuda,ELAC2:K562
ZNF622,K562,chr14:65102437:C:A,0,2,-0.21574854850769043,modal,cuda,ELAC2:K562
ZNF622,K562,chr14:67662467:T:C,0,2,-0.06738603115081787,modal,cuda,ELAC2:K562
ZNF622,K562,chr14:67835204:A:G,0,2,0.16190564632415771,modal,cuda,ELAC2:K562
ZNF622,K562,chr14:68880117:C:T,0,2,0.36310988664627075,modal,cuda,ELAC2:K562
ZNF622,K562,chr14:74292774:C:T,0,2,0.3708842396736145,modal,cuda,ELAC2:K562
ZNF622,K562,chr14:74292826:G:A,0,2,0.35156774520874023,modal,cuda,ELAC2:K562
ZNF622,K562,chr14:75707713:A:G,0,2,-0.16149961948394775,modal,cuda,ELAC2:K562
ZNF622,K562,chr14:75745468:T:C,0,2,0.32393378019332886,modal,cuda,ELAC2:K562
ZNF622,K562,chr14:75771860:G:C,0,2,-0.06193208694458008,modal,cuda,ELAC2:K562
ZNF622,K562,chr14:75779563:T:C,0,2,-0.06441640853881836,modal,cuda,ELAC2:K562
ZNF622,K562,chr14:77555272:T:C,0,2,0.2733602225780487,modal,cuda,ELAC2:K562
ZNF622,K562,chr14:77570374:A:G,0,2,-0.43923890590667725,modal,cuda,ELAC2:K562
ZNF622,K562,chr14:77616609:C:A,0,2,-0.37335848808288574,modal,cuda,ELAC2:K562
ZNF622,K562,chr14:77616621:T:C,0,2,-0.22200947999954224,modal,cuda,ELAC2:K562
ZNF622,K562,chr14:77616622:G:A,0,2,0.39074039459228516,modal,cuda,ELAC2:K562
ZNF622,K562,chr14:81526729:C:T,0,2,-0.8272569179534912,modal,cuda,ELAC2:K562
ZNF622,K562,chr14:88574794:C:T,0,2,0.17851164937019348,modal,cuda,ELAC2:K562
ZNF622,K562,chr14:88575836:T:G,0,2,0.24636518955230713,modal,cuda,ELAC2:K562
ZNF622,K562,chr14:88610854:A:G,0,2,0.3911958932876587,modal,cuda,ELAC2:K562
ZNF622,K562,chr14:88610944:A:C,0,2,0.33244213461875916,modal,cuda,ELAC2:K562
ZNF622,K562,chr14:88610950:C:G,0,2,0.13453355431556702,modal,cuda,ELAC2:K562
ZNF622,K562,chr14:88870170:C:T,1,2,0.8746656179428101,modal,cuda,ELAC2:K562
ZNF622,K562,chr14:91305941:G:A,0,2,-0.19676154851913452,modal,cuda,ELAC2:K562
ZNF622,K562,chr14:99495493:T:C,0,2,0.2874574661254883,modal,cuda,ELAC2:K562
ZNF622,K562,chr15:25360477:A:T,1,1,1.235624074935913,modal,cuda,ELAC2:K562
ZNF622,K562,chr15:25370829:C:A,1,1,0.26232171058654785,modal,cuda,ELAC2:K562
ZNF622,K562,chr15:25370836:A:G,0,1,0.479042649269104,modal,cuda,ELAC2:K562
ZNF622,K562,chr15:25370844:C:A,1,1,-0.45971018075942993,modal,cuda,ELAC2:K562
ZNF622,K562,chr15:25370865:G:A,1,1,1.5377540588378906,modal,cuda,ELAC2:K562
ZNF622,K562,chr15:25370905:G:A,0,1,-0.606475293636322,modal,cuda,ELAC2:K562
ZNF622,K562,chr15:25370913:G:A,1,1,1.1838868856430054,modal,cuda,ELAC2:K562
ZNF622,K562,chr15:25370937:C:A,1,1,1.3874378204345703,modal,cuda,ELAC2:K562
ZNF622,K562,chr15:25370955:G:A,1,1,-0.3481643795967102,modal,cuda,ELAC2:K562
ZNF622,K562,chr15:25370967:C:A,1,1,1.5221374034881592,modal,cuda,ELAC2:K562
ZNF622,K562,chr15:25371548:G:C,1,1,4.147158622741699,modal,cuda,ELAC2:K562
ZNF622,K562,chr15:25371556:T:A,0,1,-0.2764098644256592,modal,cuda,ELAC2:K562
ZNF622,K562,chr15:25371639:G:A,1,1,1.1675348281860352,modal,cuda,ELAC2:K562
ZNF622,K562,chr15:25371697:T:A,0,1,-0.42603620886802673,modal,cuda,ELAC2:K562
ZNF622,K562,chr15:34381521:C:T,0,1,0.6929805278778076,modal,cuda,ELAC2:K562
ZNF622,K562,chr15:39934184:C:A,0,1,-0.29651394486427307,modal,cuda,ELAC2:K562
ZNF622,K562,chr15:39961906:A:G,0,1,1.308387041091919,modal,cuda,ELAC2:K562
ZNF622,K562,chr15:40199751:A:G,0,1,-0.3133178949356079,modal,cuda,ELAC2:K562
ZNF622,K562,chr15:41079857:G:T,0,1,0.357677161693573,modal,cuda,ELAC2:K562
ZNF622,K562,chr15:41749552:A:G,0,1,0.4207577705383301,modal,cuda,ELAC2:K562
ZNF622,K562,chr15:43022697:C:T,1,1,0.46311891078948975,modal,cuda,ELAC2:K562
ZNF622,K562,chr15:44337899:A:C,0,1,-0.5189427137374878,modal,cuda,ELAC2:K562
ZNF622,K562,chr15:48767476:C:T,0,1,1.23087477684021,modal,cuda,ELAC2:K562
ZNF622,K562,chr15:48782245:A:T,0,1,-0.5477063655853271,modal,cuda,ELAC2:K562
ZNF622,K562,chr15:48796001:G:A,0,1,-1.468600869178772,modal,cuda,ELAC2:K562
ZNF622,K562,chr15:48797937:C:T,0,1,-0.44834285974502563,modal,cuda,ELAC2:K562
ZNF622,K562,chr15:48805537:T:C,0,1,0.11664681881666183,modal,cuda,ELAC2:K562
ZNF622,K562,chr15:48810977:T:A,0,1,-0.2567155361175537,modal,cuda,ELAC2:K562
ZNF622,K562,chr15:48810978:G:A,0,1,0.8870455026626587,modal,cuda,ELAC2:K562
ZNF622,K562,chr15:48810978:G:T,0,1,0.6442631483078003,modal,cuda,ELAC2:K562
ZNF622,K562,chr15:48810979:T:A,0,1,-0.28211283683776855,modal,cuda,ELAC2:K562
ZNF622,K562,chr15:50439016:G:C,0,1,0.7483947277069092,modal,cuda,ELAC2:K562
ZNF622,K562,chr15:50439193:C:T,0,1,0.959204375743866,modal,cuda,ELAC2:K562
ZNF622,K562,chr15:50639403:A:C,0,1,0.5856804847717285,modal,cuda,ELAC2:K562
ZNF622,K562,chr15:51458535:G:A,0,1,0.31688451766967773,modal,cuda,ELAC2:K562
ZNF622,K562,chr15:51474534:C:T,0,1,-0.4192230701446533,modal,cuda,ELAC2:K562
ZNF622,K562,chr15:51474573:A:G,0,1,0.38930654525756836,modal,cuda,ELAC2:K562
ZNF622,K562,chr15:51474612:C:T,0,1,-0.5261067152023315,modal,cuda,ELAC2:K562
ZNF622,K562,chr15:51476593:C:T,1,1,0.35532426834106445,modal,cuda,ELAC2:K562
ZNF622,K562,chr15:51476598:G:A,1,1,0.6744822263717651,modal,cuda,ELAC2:K562
ZNF622,K562,chr15:51476657:C:T,0,1,-0.31885385513305664,modal,cuda,ELAC2:K562
ZNF622,K562,chr15:51480676:G:A,1,1,2.549736261367798,modal,cuda,ELAC2:K562
ZNF622,K562,chr15:51480694:G:A,1,1,2.452310085296631,modal,cuda,ELAC2:K562
ZNF622,K562,chr15:51480698:G:T,0,1,0.350217342376709,modal,cuda,ELAC2:K562
ZNF622,K562,chr15:51480940:T:G,0,1,0.4048640727996826,modal,cuda,ELAC2:K562
ZNF622,K562,chr15:51486215:T:A,0,1,0.9356107711791992,modal,cuda,ELAC2:K562
ZNF622,K562,chr15:51486261:G:C,1,1,0.48397159576416016,modal,cuda,ELAC2:K562
ZNF622,K562,chr15:51488525:C:T,0,1,0.7782702445983887,modal,cuda,ELAC2:K562
ZNF622,K562,chr15:51498782:T:C,0,1,0.29818904399871826,modal,cuda,ELAC2:K562
ZNF622,K562,chr15:51499600:C:T,0,1,-0.579716682434082,modal,cuda,ELAC2:K562
ZNF622,K562,chr15:57253259:C:G,1,1,-1.0967284440994263,modal,cuda,ELAC2:K562
ZNF622,K562,chr15:58621464:A:G,0,1,-0.7925329208374023,modal,cuda,ELAC2:K562
ZNF622,K562,chr15:63057025:T:A,1,1,-0.18206000328063965,modal,cuda,ELAC2:K562
ZNF622,K562,chr15:63060873:C:T,1,1,0.2585519552230835,modal,cuda,ELAC2:K562
ZNF622,K562,chr15:63060929:C:T,1,1,-0.567706823348999,modal,cuda,ELAC2:K562
ZNF622,K562,chr15:63659945:T:C,0,1,1.4318675994873047,modal,cuda,ELAC2:K562
ZNF622,K562,chr15:63664455:G:A,0,1,0.2799808979034424,modal,cuda,ELAC2:K562
ZNF622,K562,chr15:67164964:G:A,1,1,0.6710717678070068,modal,cuda,ELAC2:K562
ZNF622,K562,chr15:67164964:G:C,1,1,0.35157060623168945,modal,cuda,ELAC2:K562
ZNF622,K562,chr15:67164969:G:A,1,1,0.6487510204315186,modal,cuda,ELAC2:K562
ZNF622,K562,chr15:67164997:A:G,0,1,-0.1447906494140625,modal,cuda,ELAC2:K562
ZNF622,K562,chr15:69423149:C:T,0,1,-0.32060858607292175,modal,cuda,ELAC2:K562
ZNF622,K562,chr15:69436191:A:C,0,1,-0.6237611770629883,modal,cuda,ELAC2:K562
ZNF622,K562,chr15:72731341:G:A,0,1,0.9700546264648438,modal,cuda,ELAC2:K562
ZNF622,K562,chr15:74842137:C:T,0,1,0.5921859741210938,modal,cuda,ELAC2:K562
ZNF622,K562,chr15:78466335:C:G,0,1,0.8032805919647217,modal,cuda,ELAC2:K562
ZNF622,K562,chr15:79896882:A:G,1,1,-1.8680286407470703,modal,cuda,ELAC2:K562
ZNF622,K562,chr15:79896888:C:A,0,1,-0.45439910888671875,modal,cuda,ELAC2:K562
ZNF622,K562,chr15:79896975:G:A,0,1,0.18912076950073242,modal,cuda,ELAC2:K562
ZNF622,K562,chr15:80989744:G:C,0,1,-0.6650670170783997,modal,cuda,ELAC2:K562
ZNF622,K562,chr15:80989781:G:A,0,1,-0.24999356269836426,modal,cuda,ELAC2:K562
ZNF622,K562,chr15:89247649:T:C,1,1,-0.9017611742019653,modal,cuda,ELAC2:K562
ZNF622,K562,chr15:89247711:C:T,1,1,1.1184334754943848,modal,cuda,ELAC2:K562
ZNF622,K562,chr15:89260799:C:T,1,1,1.0080828666687012,modal,cuda,ELAC2:K562
ZNF622,K562,chr15:89260812:C:T,0,1,0.4631361961364746,modal,cuda,ELAC2:K562
ZNF622,K562,chr15:89333085:C:A,0,1,0.3320291042327881,modal,cuda,ELAC2:K562
ZNF622,K562,chr15:90749579:C:A,1,1,-0.4592764377593994,modal,cuda,ELAC2:K562
ZNF622,K562,chr15:90749585:C:A,1,1,-0.43427157402038574,modal,cuda,ELAC2:K562
ZNF622,K562,chr15:90749668:A:G,0,1,0.2635005712509155,modal,cuda,ELAC2:K562
ZNF622,K562,chr15:90749687:A:G,0,1,0.17523738741874695,modal,cuda,ELAC2:K562
ZNF622,K562,chr15:90751906:G:T,1,1,-0.606835126876831,modal,cuda,ELAC2:K562
ZNF622,K562,chr15:90754902:C:T,1,1,1.1154894828796387,modal,cuda,ELAC2:K562
ZNF622,K562,chr15:92924555:A:G,1,1,1.4132843017578125,modal,cuda,ELAC2:K562
ZNF622,K562,chr15:92937638:C:T,0,1,-0.3361668586730957,modal,cuda,ELAC2:K562
ZNF622,K562,chr15:92985689:G:A,0,1,-0.3658008575439453,modal,cuda,ELAC2:K562
ZNF622,K562,chr15:93004766:C:T,0,1,0.5994653701782227,modal,cuda,ELAC2:K562
ZNF622,K562,chr16:14584427:A:G,0,2,-0.6394309401512146,modal,cuda,ELAC2:K562
ZNF622,K562,chr16:14584434:G:A,0,2,0.4603527784347534,modal,cuda,ELAC2:K562
ZNF622,K562,chr16:14599898:A:G,0,2,-0.753208577632904,modal,cuda,ELAC2:K562
ZNF622,K562,chr16:1460799:C:T,0,2,-0.17050957679748535,modal,cuda,ELAC2:K562
ZNF622,K562,chr16:14627249:C:T,0,2,0.5388410091400146,modal,cuda,ELAC2:K562
ZNF622,K562,chr16:14628177:T:A,1,2,0.3560500144958496,modal,cuda,ELAC2:K562
ZNF622,K562,chr16:15032887:G:A,0,2,-0.4631667137145996,modal,cuda,ELAC2:K562
ZNF622,K562,chr16:2048632:G:C,0,2,-0.22273826599121094,modal,cuda,ELAC2:K562
ZNF622,K562,chr16:2048639:T:C,0,2,0.3256103992462158,modal,cuda,ELAC2:K562
ZNF622,K562,chr16:2048641:C:G,1,2,1.44287109375,modal,cuda,ELAC2:K562
ZNF622,K562,chr16:2048649:A:T,1,2,0.9777343273162842,modal,cuda,ELAC2:K562
ZNF622,K562,chr16:2057113:G:A,0,2,0.14973586797714233,modal,cuda,ELAC2:K562
ZNF622,K562,chr16:2057125:C:T,0,2,0.16551673412322998,modal,cuda,ELAC2:K562
ZNF622,K562,chr16:2057176:C:T,0,2,-0.4863470792770386,modal,cuda,ELAC2:K562
ZNF622,K562,chr16:2064288:C:G,1,2,-0.47716307640075684,modal,cuda,ELAC2:K562
ZNF622,K562,chr16:2064289:A:G,0,2,-0.1919516921043396,modal,cuda,ELAC2:K562
ZNF622,K562,chr16:2064298:C:T,0,2,-0.22895288467407227,modal,cuda,ELAC2:K562
ZNF622,K562,chr16:2064355:C:T,0,2,0.08891212940216064,modal,cuda,ELAC2:K562
ZNF622,K562,chr16:2084428:G:C,0,2,0.1543799638748169,modal,cuda,ELAC2:K562
ZNF622,K562,chr16:2084445:G:A,1,2,-0.042423367500305176,modal,cuda,ELAC2:K562
ZNF622,K562,chr16:2084458:T:G,0,2,-0.16297996044158936,modal,cuda,ELAC2:K562
ZNF622,K562,chr16:2084467:G:A,0,2,-0.17028725147247314,modal,cuda,ELAC2:K562
ZNF622,K562,chr16:2084481:C:G,1,2,-0.4802056550979614,modal,cuda,ELAC2:K562
ZNF622,K562,chr16:2086820:G:T,0,2,-0.40132689476013184,modal,cuda,ELAC2:K562
ZNF622,K562,chr16:2086832:C:A,1,2,-0.5048823356628418,modal,cuda,ELAC2:K562
ZNF622,K562,chr16:2086838:C:G,0,2,0.11457014083862305,modal,cuda,ELAC2:K562
ZNF622,K562,chr16:2086847:G:A,0,2,0.09373682737350464,modal,cuda,ELAC2:K562
ZNF622,K562,chr16:2086848:G:A,0,2,-0.12785077095031738,modal,cuda,ELAC2:K562
ZNF622,K562,chr16:24806293:G:A,0,2,0.49695098400115967,modal,cuda,ELAC2:K562
ZNF622,K562,chr16:297063:C:T,0,2,0.1346883773803711,modal,cuda,ELAC2:K562
ZNF622,K562,chr16:29803433:T:C,0,2,-0.6695408821105957,modal,cuda,ELAC2:K562
ZNF622,K562,chr16:29803442:C:G,0,2,0.11564505100250244,modal,cuda,ELAC2:K562
ZNF622,K562,chr16:30710990:C:T,0,2,-0.15316200256347656,modal,cuda,ELAC2:K562
ZNF622,K562,chr16:3663412:G:A,0,2,-0.09352672100067139,modal,cuda,ELAC2:K562
ZNF622,K562,chr16:3731951:C:G,0,2,0.13800323009490967,modal,cuda,ELAC2:K562
ZNF622,K562,chr16:3778695:C:T,1,2,0.8033113479614258,modal,cuda,ELAC2:K562
ZNF622,K562,chr16:46691098:G:A,1,2,1.1572413444519043,modal,cuda,ELAC2:K562
ZNF622,K562,chr16:46697501:T:C,0,2,-0.22564643621444702,modal,cuda,ELAC2:K562
ZNF622,K562,chr16:46697521:A:C,1,2,-0.15357893705368042,modal,cuda,ELAC2:K562
ZNF622,K562,chr16:53470624:A:T,0,2,-0.14914700388908386,modal,cuda,ELAC2:K562
ZNF622,K562,chr16:67174030:C:T,0,2,0.8355165719985962,modal,cuda,ELAC2:K562
ZNF622,K562,chr16:67832554:A:T,0,2,0.6143087148666382,modal,cuda,ELAC2:K562
ZNF622,K562,chr16:69647317:G:A,0,2,0.12944793701171875,modal,cuda,ELAC2:K562
ZNF622,K562,chr16:69659711:T:A,0,2,0.3780021071434021,modal,cuda,ELAC2:K562
ZNF622,K562,chr16:70265517:T:C,0,2,0.09564894437789917,modal,cuda,ELAC2:K562
ZNF622,K562,chr16:70780942:G:A,0,2,0.3514798879623413,modal,cuda,ELAC2:K562
ZNF622,K562,chr16:72097020:C:T,0,2,0.725003719329834,modal,cuda,ELAC2:K562
ZNF622,K562,chr16:72097021:A:G,0,2,-1.0801573991775513,modal,cuda,ELAC2:K562
ZNF622,K562,chr16:88719785:G:A,0,2,0.31893640756607056,modal,cuda,ELAC2:K562
ZNF622,K562,chr16:88733009:G:C,0,2,-0.37153035402297974,modal,cuda,ELAC2:K562
ZNF622,K562,chr16:88733076:T:G,0,2,-0.3247891664505005,modal,cuda,ELAC2:K562
ZNF622,K562,chr16:89291161:C:T,0,2,-0.1334935426712036,modal,cuda,ELAC2:K562
ZNF622,K562,chr16:89291165:C:T,0,2,0.09349602460861206,modal,cuda,ELAC2:K562
ZNF622,K562,chr16:89291166:G:A,0,2,0.1911972463130951,modal,cuda,ELAC2:K562
ZNF622,K562,chr16:89291193:G:A,0,2,0.28483930230140686,modal,cuda,ELAC2:K562
ZNF622,K562,chr16:89305206:C:T,1,2,0.27695488929748535,modal,cuda,ELAC2:K562
ZNF622,K562,chr16:89305211:T:C,0,2,0.15216398239135742,modal,cuda,ELAC2:K562
ZNF622,K562,chr16:89305214:G:A,0,2,-0.07705524563789368,modal,cuda,ELAC2:K562
ZNF622,K562,chr16:89305242:C:T,0,2,0.101737380027771,modal,cuda,ELAC2:K562
ZNF622,K562,chr16:89305272:G:A,1,2,0.5855889320373535,modal,cuda,ELAC2:K562
ZNF622,K562,chr16:89305281:C:A,0,2,0.1627095341682434,modal,cuda,ELAC2:K562
ZNF622,K562,chr16:89305291:G:A,0,2,0.41984033584594727,modal,cuda,ELAC2:K562
ZNF622,K562,chr16:89305297:G:A,0,2,0.24832618236541748,modal,cuda,ELAC2:K562
ZNF622,K562,chr16:89305321:G:A,0,2,0.25750017166137695,modal,cuda,ELAC2:K562
ZNF622,K562,chr16:89316939:C:T,0,2,-0.22364813089370728,modal,cuda,ELAC2:K562
ZNF622,K562,chr16:89548126:C:T,0,2,0.24072253704071045,modal,cuda,ELAC2:K562
ZNF622,K562,chr16:89770644:C:G,0,2,-0.1851246953010559,modal,cuda,ELAC2:K562
ZNF622,K562,chr16:90032706:A:G,0,2,-0.22644221782684326,modal,cuda,ELAC2:K562
ZNF622,K562,chr17:1362023:A:T,0,1,-0.18676607310771942,modal,cuda,ELAC2:K562
ZNF622,K562,chr17:1362024:T:A,0,1,0.14354738593101501,modal,cuda,ELAC2:K562
ZNF622,K562,chr17:1362031:T:A,0,1,0.22364875674247742,modal,cuda,ELAC2:K562
ZNF622,K562,chr17:16139000:T:C,0,1,0.3077127933502197,modal,cuda,ELAC2:K562
ZNF622,K562,chr17:1674691:A:C,0,1,1.3706552982330322,modal,cuda,ELAC2:K562
ZNF622,K562,chr17:18246834:G:A,0,1,0.8473739624023438,modal,cuda,ELAC2:K562
ZNF622,K562,chr17:2676611:G:A,1,1,1.4169158935546875,modal,cuda,ELAC2:K562
ZNF622,K562,chr17:29121895:G:A,0,1,-0.35238003730773926,modal,cuda,ELAC2:K562
ZNF622,K562,chr17:37248577:A:G,0,1,0.1340312957763672,modal,cuda,ELAC2:K562
ZNF622,K562,chr17:37248579:G:T,0,1,0.2587165832519531,modal,cuda,ELAC2:K562
ZNF622,K562,chr17:40628675:G:A,0,1,0.30329179763793945,modal,cuda,ELAC2:K562
ZNF622,K562,chr17:42572959:G:A,0,1,0.8853195905685425,modal,cuda,ELAC2:K562
ZNF622,K562,chr17:42577657:C:T,0,1,0.5128973126411438,modal,cuda,ELAC2:K562
ZNF622,K562,chr17:43106433:A:T,0,1,-0.9321784973144531,modal,cuda,ELAC2:K562
ZNF622,K562,chr17:43106453:T:C,1,1,-0.5070602893829346,modal,cuda,ELAC2:K562
ZNF622,K562,chr17:43106455:C:A,1,1,-0.5150206089019775,modal,cuda,ELAC2:K562
ZNF622,K562,chr17:43106455:C:G,1,1,-0.3886082172393799,modal,cuda,ELAC2:K562
ZNF622,K562,chr17:43106455:C:T,1,1,-0.24266767501831055,modal,cuda,ELAC2:K562
ZNF622,K562,chr17:43106467:A:G,0,1,0.7465896606445312,modal,cuda,ELAC2:K562
ZNF622,K562,chr17:43106478:A:C,1,1,-1.4202253818511963,modal,cuda,ELAC2:K562
ZNF622,K562,chr17:43106478:A:G,1,1,-1.4654324054718018,modal,cuda,ELAC2:K562
ZNF622,K562,chr17:43106480:A:T,1,1,-0.2927708625793457,modal,cuda,ELAC2:K562
ZNF622,K562,chr17:43106486:C:T,1,1,-0.5009970664978027,modal,cuda,ELAC2:K562
ZNF622,K562,chr17:43106487:A:C,1,1,-0.5500602722167969,modal,cuda,ELAC2:K562
ZNF622,K562,chr17:43106487:A:T,1,1,-0.6919101476669312,modal,cuda,ELAC2:K562
ZNF622,K562,chr17:43106490:G:A,1,1,-0.2254805564880371,modal,cuda,ELAC2:K562
ZNF622,K562,chr17:43106492:G:T,1,1,0.6841819286346436,modal,cuda,ELAC2:K562
ZNF622,K562,chr17:43106502:T:A,1,1,2.0690195560455322,modal,cuda,ELAC2:K562
ZNF622,K562,chr17:43106508:G:A,1,1,1.0327119827270508,modal,cuda,ELAC2:K562
ZNF622,K562,chr17:43106514:G:A,0,1,-0.4516129493713379,modal,cuda,ELAC2:K562
ZNF622,K562,chr17:43106527:G:T,1,1,-0.3195178806781769,modal,cuda,ELAC2:K562
ZNF622,K562,chr17:43106528:C:T,1,1,-0.41476619243621826,modal,cuda,ELAC2:K562
ZNF622,K562,chr17:43106529:A:T,1,1,0.5440658330917358,modal,cuda,ELAC2:K562
ZNF622,K562,chr17:43106534:C:A,1,1,-0.5022518634796143,modal,cuda,ELAC2:K562
ZNF622,K562,chr17:43106534:C:G,1,1,0.8924276828765869,modal,cuda,ELAC2:K562
ZNF622,K562,chr17:43106535:T:C,1,1,0.29910677671432495,modal,cuda,ELAC2:K562
ZNF622,K562,chr17:43106556:G:A,0,1,-0.5526696443557739,modal,cuda,ELAC2:K562
ZNF622,K562,chr17:44209421:C:T,0,1,-0.1415700912475586,modal,cuda,ELAC2:K562
ZNF622,K562,chr17:44210332:G:A,0,1,0.15609359741210938,modal,cuda,ELAC2:K562
ZNF622,K562,chr17:46066533:C:T,0,1,0.38296055793762207,modal,cuda,ELAC2:K562
ZNF622,K562,chr17:47613665:G:T,0,1,-0.7756141424179077,modal,cuda,ELAC2:K562
ZNF622,K562,chr17:51005202:G:A,0,1,-0.3294186592102051,modal,cuda,ELAC2:K562
ZNF622,K562,chr17:5405049:G:T,0,1,-0.6826415061950684,modal,cuda,ELAC2:K562
ZNF622,K562,chr17:58005893:G:A,1,1,3.3310906887054443,modal,cuda,ELAC2:K562
ZNF622,K562,chr17:58216208:A:T,1,1,1.4021520614624023,modal,cuda,ELAC2:K562
ZNF622,K562,chr17:58216687:C:T,1,1,0.5975676774978638,modal,cuda,ELAC2:K562
ZNF622,K562,chr17:58216722:C:A,1,1,1.6991560459136963,modal,cuda,ELAC2:K562
ZNF622,K562,chr17:59017359:G:A,1,1,1.9037020206451416,modal,cuda,ELAC2:K562
ZNF622,K562,chr17:59047771:C:A,1,1,1.548478126525879,modal,cuda,ELAC2:K562
ZNF622,K562,chr17:62522231:C:T,1,1,2.2605361938476562,modal,cuda,ELAC2:K562
ZNF622,K562,chr17:62522252:G:T,1,1,2.286463737487793,modal,cuda,ELAC2:K562
ZNF622,K562,chr17:67854771:A:G,0,1,1.0094757080078125,modal,cuda,ELAC2:K562
ZNF622,K562,chr17:67903776:C:G,0,1,0.2782786190509796,modal,cuda,ELAC2:K562
ZNF622,K562,chr17:714629:G:A,0,1,0.20575571060180664,modal,cuda,ELAC2:K562
ZNF622,K562,chr17:75213125:G:T,0,1,0.2828385829925537,modal,cuda,ELAC2:K562
ZNF622,K562,chr17:77482154:G:A,0,1,0.7871016263961792,modal,cuda,ELAC2:K562
ZNF622,K562,chr17:8161461:C:G,0,1,0.7589958906173706,modal,cuda,ELAC2:K562
ZNF622,K562,chr17:81906551:A:G,0,1,-0.2767753601074219,modal,cuda,ELAC2:K562
ZNF622,K562,chr17:81908547:A:G,0,1,-1.0232348442077637,modal,cuda,ELAC2:K562
ZNF622,K562,chr17:82265736:T:C,1,1,-0.4840235710144043,modal,cuda,ELAC2:K562
ZNF622,K562,chr17:82265743:T:C,1,1,1.1804592609405518,modal,cuda,ELAC2:K562
ZNF622,K562,chr17:82781734:C:T,0,1,0.6709134578704834,modal,cuda,ELAC2:K562
ZNF622,K562,chr18:203081:A:C,0,4,-0.887510359287262,modal,cuda,ELAC2:K562
ZNF622,K562,chr18:21804032:A:G,0,4,-0.46056127548217773,modal,cuda,ELAC2:K562
ZNF622,K562,chr18:2595630:T:A,0,4,0.7143430709838867,modal,cuda,ELAC2:K562
ZNF622,K562,chr18:3456385:G:A,0,4,0.30224180221557617,modal,cuda,ELAC2:K562
ZNF622,K562,chr18:3456397:C:T,0,4,0.3272073268890381,modal,cuda,ELAC2:K562
ZNF622,K562,chr18:50283881:C:G,0,4,0.46742987632751465,modal,cuda,ELAC2:K562
ZNF622,K562,chr18:50286731:C:T,0,4,0.7730672359466553,modal,cuda,ELAC2:K562
ZNF622,K562,chr18:74501372:C:T,0,4,0.5937702655792236,modal,cuda,ELAC2:K562
ZNF622,K562,chr19:10151737:C:T,0,4,1.4342434406280518,modal,cuda,ELAC2:K562
ZNF622,K562,chr19:10154274:C:T,0,4,0.20313620567321777,modal,cuda,ELAC2:K562
ZNF622,K562,chr19:10160426:G:C,0,4,-0.4910256564617157,modal,cuda,ELAC2:K562
ZNF622,K562,chr19:10182083:A:G,0,4,-0.5135370492935181,modal,cuda,ELAC2:K562
ZNF622,K562,chr19:10353998:A:G,0,4,0.5705018639564514,modal,cuda,ELAC2:K562
ZNF622,K562,chr19:10354011:A:G,0,4,-0.3347196578979492,modal,cuda,ELAC2:K562
ZNF622,K562,chr19:10823777:C:T,0,4,0.21525639295578003,modal,cuda,ELAC2:K562
ZNF622,K562,chr19:11003047:C:T,1,4,0.849075198173523,modal,cuda,ELAC2:K562
ZNF622,K562,chr19:11007923:C:T,1,4,-0.46989938616752625,modal,cuda,ELAC2:K562
ZNF622,K562,chr19:11007932:C:T,1,4,-0.8679063320159912,modal,cuda,ELAC2:K562
ZNF622,K562,chr19:11007956:G:T,1,4,-0.9179462194442749,modal,cuda,ELAC2:K562
ZNF622,K562,chr19:11007965:A:T,1,4,-0.8697762489318848,modal,cuda,ELAC2:K562
ZNF622,K562,chr19:11035107:C:A,1,4,-0.771084189414978,modal,cuda,ELAC2:K562
ZNF622,K562,chr19:11041454:C:T,1,4,-0.6945475339889526,modal,cuda,ELAC2:K562
ZNF622,K562,chr19:11041481:G:T,1,4,-1.2071020603179932,modal,cuda,ELAC2:K562
ZNF622,K562,chr19:11058833:A:T,1,4,-0.6058769226074219,modal,cuda,ELAC2:K562
ZNF622,K562,chr19:11058838:C:T,0,4,0.5480284690856934,modal,cuda,ELAC2:K562
ZNF622,K562,chr19:11058854:C:T,1,4,-0.7591116428375244,modal,cuda,ELAC2:K562
ZNF622,K562,chr19:11059801:C:T,1,4,-0.7737955451011658,modal,cuda,ELAC2:K562
ZNF622,K562,chr19:11059855:G:T,1,4,-0.2667262554168701,modal,cuda,ELAC2:K562
ZNF622,K562,chr19:11059876:G:T,1,4,-0.18940633535385132,modal,cuda,ELAC2:K562
ZNF622,K562,chr19:11060020:G:A,0,4,-0.11735659837722778,modal,cuda,ELAC2:K562
ZNF622,K562,chr19:11060163:T:C,0,4,-0.39019137620925903,modal,cuda,ELAC2:K562
ZNF622,K562,chr19:11111506:T:A,0,4,0.5938687324523926,modal,cuda,ELAC2:K562
ZNF622,K562,chr19:11111506:T:C,0,4,0.5300440788269043,modal,cuda,ELAC2:K562
ZNF622,K562,chr19:11252470:A:T,0,4,0.6613417863845825,modal,cuda,ELAC2:K562
ZNF622,K562,chr19:12715505:C:T,1,4,-0.4198330044746399,modal,cuda,ELAC2:K562
ZNF622,K562,chr19:12943967:G:T,0,4,-0.5101308822631836,modal,cuda,ELAC2:K562
ZNF622,K562,chr19:14401770:G:A,0,4,0.5993243455886841,modal,cuda,ELAC2:K562
ZNF622,K562,chr19:14413176:T:C,0,4,0.25455957651138306,modal,cuda,ELAC2:K562
ZNF622,K562,chr19:15238734:C:A,0,4,0.3117644786834717,modal,cuda,ELAC2:K562
ZNF622,K562,chr19:15239540:G:A,0,4,0.48626020550727844,modal,cuda,ELAC2:K562
ZNF622,K562,chr19:15255604:C:T,0,4,0.5228273868560791,modal,cuda,ELAC2:K562
ZNF622,K562,chr19:15255612:A:G,0,4,0.213689923286438,modal,cuda,ELAC2:K562
ZNF622,K562,chr19:15263414:C:G,0,4,-0.08862149715423584,modal,cuda,ELAC2:K562
ZNF622,K562,chr19:17203024:G:A,0,4,0.5218331217765808,modal,cuda,ELAC2:K562
ZNF622,K562,chr19:17772760:T:G,0,4,-0.4014265537261963,modal,cuda,ELAC2:K562
ZNF622,K562,chr19:1809742:G:A,0,4,0.4577122628688812,modal,cuda,ELAC2:K562
ZNF622,K562,chr19:2109072:C:T,0,4,0.42831864953041077,modal,cuda,ELAC2:K562
ZNF622,K562,chr19:2112845:G:T,0,4,0.4168410301208496,modal,cuda,ELAC2:K562
ZNF622,K562,chr19:2121727:C:T,0,4,0.3490239977836609,modal,cuda,ELAC2:K562
ZNF622,K562,chr19:2193789:C:T,0,4,0.40027761459350586,modal,cuda,ELAC2:K562
ZNF622,K562,chr19:39388317:C:G,0,4,-0.40335941314697266,modal,cuda,ELAC2:K562
ZNF622,K562,chr19:40236198:T:C,0,4,-0.527656078338623,modal,cuda,ELAC2:K562
ZNF622,K562,chr19:41273979:C:T,0,4,0.23399245738983154,modal,cuda,ELAC2:K562
ZNF622,K562,chr19:44962025:G:A,0,4,0.22234845161437988,modal,cuda,ELAC2:K562
ZNF622,K562,chr19:4702053:G:A,0,4,0.4351135492324829,modal,cuda,ELAC2:K562
ZNF622,K562,chr19:4702073:A:G,0,4,-0.48177558183670044,modal,cuda,ELAC2:K562
ZNF622,K562,chr19:4705953:G:A,1,4,-1.2890700101852417,modal,cuda,ELAC2:K562
ZNF622,K562,chr19:48128001:G:A,0,4,0.3462618291378021,modal,cuda,ELAC2:K562
ZNF622,K562,chr19:48131059:G:C,0,4,0.44615936279296875,modal,cuda,ELAC2:K562
ZNF622,K562,chr19:48131062:T:A,0,4,-0.3309812545776367,modal,cuda,ELAC2:K562
ZNF622,K562,chr19:48131079:G:A,0,4,-0.12396514415740967,modal,cuda,ELAC2:K562
ZNF622,K562,chr19:48143940:T:C,0,4,0.6636216640472412,modal,cuda,ELAC2:K562
ZNF622,K562,chr19:48143968:G:A,0,4,1.2537753582000732,modal,cuda,ELAC2:K562
ZNF622,K562,chr19:48161516:T:C,0,4,-0.4081413745880127,modal,cuda,ELAC2:K562
ZNF622,K562,chr19:48162298:G:A,0,4,0.30908146500587463,modal,cuda,ELAC2:K562
ZNF622,K562,chr19:48165538:G:A,0,4,-0.17419582605361938,modal,cuda,ELAC2:K562
ZNF622,K562,chr19:48165573:G:A,0,4,1.574993371963501,modal,cuda,ELAC2:K562
ZNF622,K562,chr19:49335776:G:C,0,4,-0.36403775215148926,modal,cuda,ELAC2:K562
ZNF622,K562,chr19:50402505:T:C,0,4,-0.5141006708145142,modal,cuda,ELAC2:K562
ZNF622,K562,chr19:54121963:C:T,0,4,0.49877238273620605,modal,cuda,ELAC2:K562
ZNF622,K562,chr19:54122550:G:T,1,4,-1.0133779048919678,modal,cuda,ELAC2:K562
ZNF622,K562,chr19:54143199:A:G,0,4,-0.5309188365936279,modal,cuda,ELAC2:K562
ZNF622,K562,chr19:55137229:C:T,0,4,0.5282887816429138,modal,cuda,ELAC2:K562
ZNF622,K562,chr19:5694393:C:T,0,4,1.6153918504714966,modal,cuda,ELAC2:K562
ZNF622,K562,chr19:5694418:G:A,0,4,-1.3476061820983887,modal,cuda,ELAC2:K562
ZNF622,K562,chr19:5694421:G:A,0,4,-1.329012393951416,modal,cuda,ELAC2:K562
ZNF622,K562,chr19:5694457:C:G,0,4,-0.2440476417541504,modal,cuda,ELAC2:K562
ZNF622,K562,chr19:5705780:C:T,0,4,0.1933434009552002,modal,cuda,ELAC2:K562
ZNF622,K562,chr19:5711807:A:G,0,4,-0.18930912017822266,modal,cuda,ELAC2:K562
ZNF622,K562,chr19:5711897:G:A,0,4,0.29502153396606445,modal,cuda,ELAC2:K562
ZNF622,K562,chr19:5711919:C:T,0,4,-0.2867858409881592,modal,cuda,ELAC2:K562
ZNF622,K562,chr19:5711985:T:A,0,4,0.2603161334991455,modal,cuda,ELAC2:K562
ZNF622,K562,chr19:5720063:G:A,0,4,-0.33902573585510254,modal,cuda,ELAC2:K562
ZNF622,K562,chr19:5720063:G:C,0,4,0.2227475643157959,modal,cuda,ELAC2:K562
ZNF622,K562,chr19:7643004:C:T,1,4,-0.24312186241149902,modal,cuda,ELAC2:K562
ZNF622,K562,chr19:7643025:C:T,1,4,0.2558622360229492,modal,cuda,ELAC2:K562
ZNF622,K562,chr19:7643030:C:G,1,4,-0.4123666286468506,modal,cuda,ELAC2:K562
ZNF622,K562,chr19:7643031:C:T,1,4,-0.2563896179199219,modal,cuda,ELAC2:K562
ZNF622,K562,chr19:7645187:C:T,0,4,0.603687584400177,modal,cuda,ELAC2:K562
ZNF622,K562,chr19:7933848:A:T,0,4,-0.1164313554763794,modal,cuda,ELAC2:K562
ZNF622,K562,chr19:7943599:C:T,0,4,-0.2165224552154541,modal,cuda,ELAC2:K562
ZNF622,K562,chr19:8402477:T:C,0,4,-0.4044347107410431,modal,cuda,ELAC2:K562
ZNF622,K562,chr19:8402571:C:G,0,4,-0.45632606744766235,modal,cuda,ELAC2:K562
ZNF622,K562,chr19:8402571:C:T,0,4,0.5737400054931641,modal,cuda,ELAC2:K562
ZNF622,K562,chr19:964434:G:A,0,4,0.7829394340515137,modal,cuda,ELAC2:K562
ZNF622,K562,chr1:10101105:A:C,0,0,0.34947502613067627,modal,cuda,ELAC2:K562
ZNF622,K562,chr1:10295776:C:T,0,0,-0.28602147102355957,modal,cuda,ELAC2:K562
ZNF622,K562,chr1:10303606:G:T,0,0,0.2948894500732422,modal,cuda,ELAC2:K562
ZNF622,K562,chr1:109075949:C:T,0,0,-0.6361325979232788,modal,cuda,ELAC2:K562
ZNF622,K562,chr1:11256044:A:C,0,0,1.0061652660369873,modal,cuda,ELAC2:K562
ZNF622,K562,chr1:11256107:G:A,0,0,1.035780668258667,modal,cuda,ELAC2:K562
ZNF622,K562,chr1:11837163:G:A,0,0,0.13351517915725708,modal,cuda,ELAC2:K562
ZNF622,K562,chr1:11837169:C:T,0,0,0.28217780590057373,modal,cuda,ELAC2:K562
ZNF622,K562,chr1:145926888:T:C,1,0,-0.38088756799697876,modal,cuda,ELAC2:K562
ZNF622,K562,chr1:147285455:G:A,0,0,0.13388872146606445,modal,cuda,ELAC2:K562
ZNF622,K562,chr1:150082811:A:G,0,0,0.5730206966400146,modal,cuda,ELAC2:K562
ZNF622,K562,chr1:150328421:C:T,0,0,-0.08569908142089844,modal,cuda,ELAC2:K562
ZNF622,K562,chr1:150344199:A:G,0,0,0.45464324951171875,modal,cuda,ELAC2:K562
ZNF622,K562,chr1:150344201:C:A,1,0,0.5630849003791809,modal,cuda,ELAC2:K562
ZNF622,K562,chr1:150344212:C:T,1,0,0.1783602237701416,modal,cuda,ELAC2:K562
ZNF622,K562,chr1:150344216:C:T,1,0,0.3369945287704468,modal,cuda,ELAC2:K562
ZNF622,K562,chr1:150344231:A:C,1,0,-0.6104086637496948,modal,cuda,ELAC2:K562
ZNF622,K562,chr1:150349148:C:A,0,0,0.49818432331085205,modal,cuda,ELAC2:K562
ZNF622,K562,chr1:150349210:G:C,0,0,0.5310308933258057,modal,cuda,ELAC2:K562
ZNF622,K562,chr1:151369787:C:T,0,0,0.447137713432312,modal,cuda,ELAC2:K562
ZNF622,K562,chr1:151428046:G:A,0,0,0.23153051733970642,modal,cuda,ELAC2:K562
ZNF622,K562,chr1:154170417:G:T,1,0,-0.19736576080322266,modal,cuda,ELAC2:K562
ZNF622,K562,chr1:154172971:C:T,1,0,0.6193379759788513,modal,cuda,ELAC2:K562
ZNF622,K562,chr1:154172972:G:A,1,0,-0.6857399940490723,modal,cuda,ELAC2:K562
ZNF622,K562,chr1:154173127:T:G,1,0,0.12929439544677734,modal,cuda,ELAC2:K562
ZNF622,K562,chr1:154173134:G:T,1,0,0.1647343635559082,modal,cuda,ELAC2:K562
ZNF622,K562,chr1:154176194:G:T,1,0,0.05430459976196289,modal,cuda,ELAC2:K562
ZNF622,K562,chr1:154176220:C:G,1,0,0.37706810235977173,modal,cuda,ELAC2:K562
ZNF622,K562,chr1:154251328:C:A,0,0,-0.17551445960998535,modal,cuda,ELAC2:K562
ZNF622,K562,chr1:155320440:T:C,0,0,-0.4234766960144043,modal,cuda,ELAC2:K562
ZNF622,K562,chr1:155660752:C:T,0,0,0.2828094959259033,modal,cuda,ELAC2:K562
ZNF622,K562,chr1:155965141:A:G,0,0,0.7531495094299316,modal,cuda,ELAC2:K562
ZNF622,K562,chr1:155965141:A:T,0,0,0.9559500217437744,modal,cuda,ELAC2:K562
ZNF622,K562,chr1:156134988:G:T,0,0,0.34786272048950195,modal,cuda,ELAC2:K562
ZNF622,K562,chr1:158644408:C:T,0,0,-0.2573007345199585,modal,cuda,ELAC2:K562
ZNF622,K562,chr1:158653269:C:T,1,0,0.8158494234085083,modal,cuda,ELAC2:K562
ZNF622,K562,chr1:158657709:T:C,0,0,0.4977809190750122,modal,cuda,ELAC2:K562
ZNF622,K562,chr1:158674315:T:A,0,0,-0.3294382095336914,modal,cuda,ELAC2:K562
ZNF622,K562,chr1:158677841:T:A,0,0,1.3370857238769531,modal,cuda,ELAC2:K562
ZNF622,K562,chr1:158683354:A:G,0,0,-0.9638204574584961,modal,cuda,ELAC2:K562
ZNF622,K562,chr1:160282964:G:C,1,0,-0.2760341167449951,modal,cuda,ELAC2:K562
ZNF622,K562,chr1:161819835:C:G,0,0,0.5806943774223328,modal,cuda,ELAC2:K562
ZNF622,K562,chr1:165759546:G:A,1,0,0.4441874027252197,modal,cuda,ELAC2:K562
ZNF622,K562,chr1:172578307:C:T,0,0,-0.12449169158935547,modal,cuda,ELAC2:K562
ZNF622,K562,chr1:172578319:G:T,0,0,-0.16709065437316895,modal,cuda,ELAC2:K562
ZNF622,K562,chr1:172578325:A:G,0,0,0.27375078201293945,modal,cuda,ELAC2:K562
ZNF622,K562,chr1:172578382:G:A,0,0,-0.43323493003845215,modal,cuda,ELAC2:K562
ZNF622,K562,chr1:172608732:T:G,0,0,0.7827123403549194,modal,cuda,ELAC2:K562
ZNF622,K562,chr1:174221067:A:G,0,0,-0.5777326822280884,modal,cuda,ELAC2:K562
ZNF622,K562,chr1:180806529:T:C,1,0,-0.18050062656402588,modal,cuda,ELAC2:K562
ZNF622,K562,chr1:180806539:C:A,0,0,0.6710609197616577,modal,cuda,ELAC2:K562
ZNF622,K562,chr1:182858162:G:A,0,0,0.20908260345458984,modal,cuda,ELAC2:K562
ZNF622,K562,chr1:193135375:C:A,0,0,1.0123980045318604,modal,cuda,ELAC2:K562
ZNF622,K562,chr1:193212495:C:G,0,0,0.6597867012023926,modal,cuda,ELAC2:K562
ZNF622,K562,chr1:200602071:A:G,0,0,-0.3998640179634094,modal,cuda,ELAC2:K562
ZNF622,K562,chr1:204549118:G:A,0,0,-1.1929014921188354,modal,cuda,ELAC2:K562
ZNF622,K562,chr1:207322450:G:T,1,0,-0.5319325923919678,modal,cuda,ELAC2:K562
ZNF622,K562,chr1:207322541:G:A,1,0,0.38581621646881104,modal,cuda,ELAC2:K562
ZNF622,K562,chr1:207322542:G:A,1,0,-0.6689660549163818,modal,cuda,ELAC2:K562
ZNF622,K562,chr1:20744866:T:C,0,0,-0.36884069442749023,modal,cuda,ELAC2:K562
ZNF622,K562,chr1:212872666:G:A,0,0,-0.3772527575492859,modal,cuda,ELAC2:K562
ZNF622,K562,chr1:213104476:C:A,0,0,0.43291211128234863,modal,cuda,ELAC2:K562
ZNF622,K562,chr1:213167847:T:C,0,0,0.330726683139801,modal,cuda,ELAC2:K562
ZNF622,K562,chr1:235182498:G:A,0,0,-0.2924990653991699,modal,cuda,ELAC2:K562
ZNF622,K562,chr1:235414614:C:T,1,0,0.4438338279724121,modal,cuda,ELAC2:K562
ZNF622,K562,chr1:236803547:C:T,1,0,0.569034218788147,modal,cuda,ELAC2:K562
ZNF622,K562,chr1:236816464:G:A,0,0,0.8719468116760254,modal,cuda,ELAC2:K562
ZNF622,K562,chr1:236826841:G:A,0,0,-0.29897117614746094,modal,cuda,ELAC2:K562
ZNF622,K562,chr1:236826895:A:G,1,0,-0.5810588598251343,modal,cuda,ELAC2:K562
ZNF622,K562,chr1:236838626:A:G,0,0,-0.46263933181762695,modal,cuda,ELAC2:K562
ZNF622,K562,chr1:236861114:G:T,0,0,-0.24037522077560425,modal,cuda,ELAC2:K562
ZNF622,K562,chr1:236861168:T:G,1,0,0.673774242401123,modal,cuda,ELAC2:K562
ZNF622,K562,chr1:236861188:C:T,1,0,0.6104464530944824,modal,cuda,ELAC2:K562
ZNF622,K562,chr1:236873843:A:G,1,0,0.7939009666442871,modal,cuda,ELAC2:K562
ZNF622,K562,chr1:244855614:A:T,0,0,0.6542882919311523,modal,cuda,ELAC2:K562
ZNF622,K562,chr1:244855889:T:G,0,0,-1.003618836402893,modal,cuda,ELAC2:K562
ZNF622,K562,chr1:244856629:T:A,0,0,0.08361870050430298,modal,cuda,ELAC2:K562
ZNF622,K562,chr1:244856718:T:G,0,0,-0.812844455242157,modal,cuda,ELAC2:K562
ZNF622,K562,chr1:244856723:C:T,0,0,0.5332481265068054,modal,cuda,ELAC2:K562
ZNF622,K562,chr1:244856724:G:A,0,0,0.8731747269630432,modal,cuda,ELAC2:K562
ZNF622,K562,chr1:244857593:C:T,0,0,0.4483020305633545,modal,cuda,ELAC2:K562
ZNF622,K562,chr1:244858724:C:T,1,0,-0.305922269821167,modal,cuda,ELAC2:K562
ZNF622,K562,chr1:244859251:A:C,0,0,-0.7053688764572144,modal,cuda,ELAC2:K562
ZNF622,K562,chr1:244860327:G:A,0,0,-0.29592370986938477,modal,cuda,ELAC2:K562
ZNF622,K562,chr1:244860330:T:C,0,0,-0.33761024475097656,modal,cuda,ELAC2:K562
ZNF622,K562,chr1:244862608:G:A,0,0,0.1982417106628418,modal,cuda,ELAC2:K562
ZNF622,K562,chr1:244863621:C:T,0,0,0.3576781749725342,modal,cuda,ELAC2:K562
ZNF622,K562,chr1:244864348:C:T,0,0,0.7697874903678894,modal,cuda,ELAC2:K562
ZNF622,K562,chr1:28987461:G:A,0,0,-0.23516219854354858,modal,cuda,ELAC2:K562
ZNF622,K562,chr1:28987557:A:G,0,0,0.46161437034606934,modal,cuda,ELAC2:K562
ZNF622,K562,chr1:32180465:A:G,0,0,0.207666277885437,modal,cuda,ELAC2:K562
ZNF622,K562,chr1:35189008:T:C,0,0,-0.25537610054016113,modal,cuda,ELAC2:K562
ZNF622,K562,chr1:35190780:T:C,0,0,-0.7452976703643799,modal,cuda,ELAC2:K562
ZNF622,K562,chr1:37882834:G:A,0,0,-0.5877038240432739,modal,cuda,ELAC2:K562
ZNF622,K562,chr1:39257917:G:A,0,0,-0.42767059803009033,modal,cuda,ELAC2:K562
ZNF622,K562,chr1:39300369:A:G,0,0,0.20630991458892822,modal,cuda,ELAC2:K562
ZNF622,K562,chr1:39300383:C:T,0,0,-0.21689555048942566,modal,cuda,ELAC2:K562
ZNF622,K562,chr1:39310231:C:A,0,0,0.14654141664505005,modal,cuda,ELAC2:K562
ZNF622,K562,chr1:39310231:C:G,0,0,0.40112775564193726,modal,cuda,ELAC2:K562
ZNF622,K562,chr1:39443429:T:C,0,0,0.5387755632400513,modal,cuda,ELAC2:K562
ZNF622,K562,chr1:41009488:G:C,0,0,-0.2574390172958374,modal,cuda,ELAC2:K562
ZNF622,K562,chr1:41009515:A:G,0,0,-0.25758135318756104,modal,cuda,ELAC2:K562
ZNF622,K562,chr1:45607496:A:C,0,0,-0.25752782821655273,modal,cuda,ELAC2:K562
ZNF622,K562,chr1:46250097:C:A,1,0,0.56156325340271,modal,cuda,ELAC2:K562
ZNF622,K562,chr1:50491713:A:C,0,0,-0.19872426986694336,modal,cuda,ELAC2:K562
ZNF622,K562,chr1:53262213:G:A,0,0,-0.13875961303710938,modal,cuda,ELAC2:K562
ZNF622,K562,chr1:58660162:G:T,0,0,-0.28096476197242737,modal,cuda,ELAC2:K562
ZNF622,K562,chr1:58660171:A:C,0,0,0.5138057470321655,modal,cuda,ELAC2:K562
ZNF622,K562,chr1:58667234:C:T,0,0,0.44171106815338135,modal,cuda,ELAC2:K562
ZNF622,K562,chr1:58667830:T:A,0,0,0.2543857991695404,modal,cuda,ELAC2:K562
ZNF622,K562,chr1:58673551:C:G,0,0,-0.36688315868377686,modal,cuda,ELAC2:K562
ZNF622,K562,chr1:58695213:A:G,0,0,0.46452730894088745,modal,cuda,ELAC2:K562
ZNF622,K562,chr1:75724754:T:C,0,0,0.7601015567779541,modal,cuda,ELAC2:K562
ZNF622,K562,chr1:75724788:A:T,1,0,-0.6042311191558838,modal,cuda,ELAC2:K562
ZNF622,K562,chr1:75724789:T:G,1,0,-0.4116278886795044,modal,cuda,ELAC2:K562
ZNF622,K562,chr1:75734772:T:A,1,0,-0.7696999907493591,modal,cuda,ELAC2:K562
ZNF622,K562,chr1:75734798:C:A,1,0,0.4813399314880371,modal,cuda,ELAC2:K562
ZNF622,K562,chr1:75734846:G:T,1,0,1.658839464187622,modal,cuda,ELAC2:K562
ZNF622,K562,chr1:75734873:T:C,1,0,-0.5463940501213074,modal,cuda,ELAC2:K562
ZNF622,K562,chr1:75734873:T:G,1,0,-0.20783758163452148,modal,cuda,ELAC2:K562
ZNF622,K562,chr1:77963723:G:C,0,0,0.2921708822250366,modal,cuda,ELAC2:K562
ZNF622,K562,chr1:8624304:G:A,0,0,0.7609022855758667,modal,cuda,ELAC2:K562
ZNF622,K562,chr1:92271489:A:G,0,0,-0.21254467964172363,modal,cuda,ELAC2:K562
ZNF622,K562,chr1:92271547:G:A,1,0,-0.5556989908218384,modal,cuda,ELAC2:K562
ZNF622,K562,chr1:92841817:A:G,0,0,-0.2506456971168518,modal,cuda,ELAC2:K562
ZNF622,K562,chr1:96751419:T:C,0,0,-0.3693873882293701,modal,cuda,ELAC2:K562
ZNF622,K562,chr1:96751426:G:C,1,0,0.20017266273498535,modal,cuda,ELAC2:K562
ZNF622,K562,chr1:96769734:A:G,0,0,-0.36923664808273315,modal,cuda,ELAC2:K562
ZNF622,K562,chr20:2657166:C:T,0,0,-0.2977159023284912,modal,cuda,ELAC2:K562
ZNF622,K562,chr20:2657933:T:C,0,0,-0.7164376974105835,modal,cuda,ELAC2:K562
ZNF622,K562,chr20:2658081:G:A,0,0,0.10877621173858643,modal,cuda,ELAC2:K562
ZNF622,K562,chr20:2658084:C:T,0,0,0.7502163052558899,modal,cuda,ELAC2:K562
ZNF622,K562,chr20:2658234:G:A,0,0,0.4323406219482422,modal,cuda,ELAC2:K562
ZNF622,K562,chr20:2658236:T:C,0,0,-0.22444558143615723,modal,cuda,ELAC2:K562
ZNF622,K562,chr20:3204528:A:T,0,0,0.07568468153476715,modal,cuda,ELAC2:K562
ZNF622,K562,chr20:33811394:C:G,0,0,-0.37773042917251587,modal,cuda,ELAC2:K562
ZNF622,K562,chr20:33853561:T:C,0,0,-0.35792893171310425,modal,cuda,ELAC2:K562
ZNF622,K562,chr20:34408774:G:A,1,0,-0.9689846038818359,modal,cuda,ELAC2:K562
ZNF622,K562,chr20:34438651:A:G,0,0,-0.2891268730163574,modal,cuda,ELAC2:K562
ZNF622,K562,chr20:35465762:G:A,1,0,0.39877915382385254,modal,cuda,ELAC2:K562
ZNF622,K562,chr20:35465803:C:T,1,0,1.6727735996246338,modal,cuda,ELAC2:K562
ZNF622,K562,chr20:35467369:G:A,0,0,0.7272269129753113,modal,cuda,ELAC2:K562
ZNF622,K562,chr20:35467383:G:A,0,0,-0.2229878008365631,modal,cuda,ELAC2:K562
ZNF622,K562,chr20:35467533:G:T,1,0,0.8171017169952393,modal,cuda,ELAC2:K562
ZNF622,K562,chr20:35475582:C:A,1,0,-0.8341666460037231,modal,cuda,ELAC2:K562
ZNF622,K562,chr20:35476559:G:A,0,0,0.2547295093536377,modal,cuda,ELAC2:K562
ZNF622,K562,chr20:35491196:C:G,0,0,0.6097939014434814,modal,cuda,ELAC2:K562
ZNF622,K562,chr20:41512842:A:G,0,0,-0.6501115560531616,modal,cuda,ELAC2:K562
ZNF622,K562,chr20:427419:G:A,1,0,0.5429024696350098,modal,cuda,ELAC2:K562
ZNF622,K562,chr20:44916778:C:T,1,0,0.567539393901825,modal,cuda,ELAC2:K562
ZNF622,K562,chr20:44930524:C:T,1,0,0.699816107749939,modal,cuda,ELAC2:K562
ZNF622,K562,chr20:44930558:C:T,0,0,0.20278537273406982,modal,cuda,ELAC2:K562
ZNF622,K562,chr20:44930608:G:A,1,0,-0.1716451644897461,modal,cuda,ELAC2:K562
ZNF622,K562,chr20:44930688:C:T,1,0,-0.6593778133392334,modal,cuda,ELAC2:K562
ZNF622,K562,chr20:44972066:C:G,0,0,0.409193754196167,modal,cuda,ELAC2:K562
ZNF622,K562,chr20:44995081:C:G,0,0,0.6537398099899292,modal,cuda,ELAC2:K562
ZNF622,K562,chr20:45075056:C:T,0,0,-0.2644052505493164,modal,cuda,ELAC2:K562
ZNF622,K562,chr20:45894718:T:C,0,0,-0.5126254558563232,modal,cuda,ELAC2:K562
ZNF622,K562,chr20:50948650:G:C,1,0,0.9719020128250122,modal,cuda,ELAC2:K562
ZNF622,K562,chr20:58441038:G:A,0,0,-0.11978864669799805,modal,cuda,ELAC2:K562
ZNF622,K562,chr20:58651263:T:C,0,0,0.2672823667526245,modal,cuda,ELAC2:K562
ZNF622,K562,chr20:62163510:C:T,0,0,-0.22807621955871582,modal,cuda,ELAC2:K562
ZNF622,K562,chr20:62163564:C:T,0,0,-0.44310879707336426,modal,cuda,ELAC2:K562
ZNF622,K562,chr20:62256244:G:A,0,0,0.17798185348510742,modal,cuda,ELAC2:K562
ZNF622,K562,chr20:63661292:G:A,0,0,0.5164728760719299,modal,cuda,ELAC2:K562
ZNF622,K562,chr20:63662625:C:T,1,0,0.7167751789093018,modal,cuda,ELAC2:K562
ZNF622,K562,chr20:63662646:G:A,0,0,0.33144938945770264,modal,cuda,ELAC2:K562
ZNF622,K562,chr20:63673960:G:A,0,0,0.36158275604248047,modal,cuda,ELAC2:K562
ZNF622,K562,chr20:63674024:G:T,1,0,-1.2724748849868774,modal,cuda,ELAC2:K562
ZNF622,K562,chr20:63674053:T:C,0,0,0.36311763525009155,modal,cuda,ELAC2:K562
ZNF622,K562,chr20:63981322:G:A,0,0,-0.447917103767395,modal,cuda,ELAC2:K562
ZNF622,K562,chr20:63983032:G:C,0,0,-0.6944882869720459,modal,cuda,ELAC2:K562
ZNF622,K562,chr21:14510301:T:C,0,0,-0.20798254013061523,modal,cuda,ELAC2:K562
ZNF622,K562,chr21:31696110:T:C,1,0,0.6752097606658936,modal,cuda,ELAC2:K562
ZNF622,K562,chr21:32601798:T:A,0,0,-0.16469025611877441,modal,cuda,ELAC2:K562
ZNF622,K562,chr21:32602313:G:A,1,0,0.6591227054595947,modal,cuda,ELAC2:K562
ZNF622,K562,chr21:32602346:G:A,1,0,1.0683516263961792,modal,cuda,ELAC2:K562
ZNF622,K562,chr21:32602361:G:A,1,0,0.270143985748291,modal,cuda,ELAC2:K562
ZNF622,K562,chr21:32603197:C:T,0,0,0.35549604892730713,modal,cuda,ELAC2:K562
ZNF622,K562,chr21:32604220:G:A,1,0,-1.2658551931381226,modal,cuda,ELAC2:K562
ZNF622,K562,chr21:32604303:G:A,0,0,0.5464529991149902,modal,cuda,ELAC2:K562
ZNF622,K562,chr21:32607716:G:T,1,0,0.17019736766815186,modal,cuda,ELAC2:K562
ZNF622,K562,chr21:32607732:G:C,0,0,-0.45815950632095337,modal,cuda,ELAC2:K562
ZNF622,K562,chr21:32638903:C:A,0,0,-0.5979108810424805,modal,cuda,ELAC2:K562
ZNF622,K562,chr21:33543101:C:T,0,0,-0.4134863018989563,modal,cuda,ELAC2:K562
ZNF622,K562,chr21:33543175:C:G,0,0,0.5588439702987671,modal,cuda,ELAC2:K562
ZNF622,K562,chr21:33546193:C:T,0,0,0.8199334144592285,modal,cuda,ELAC2:K562
ZNF622,K562,chr21:33546246:A:G,0,0,-0.7443475723266602,modal,cuda,ELAC2:K562
ZNF622,K562,chr21:33549618:T:A,1,0,-0.7735702395439148,modal,cuda,ELAC2:K562
ZNF622,K562,chr21:33549625:C:T,1,0,-0.4406881332397461,modal,cuda,ELAC2:K562
ZNF622,K562,chr21:33549634:G:T,1,0,-1.1952733993530273,modal,cuda,ELAC2:K562
ZNF622,K562,chr21:33549650:C:T,0,0,0.4953188896179199,modal,cuda,ELAC2:K562
ZNF622,K562,chr21:33549679:T:C,0,0,-0.17828691005706787,modal,cuda,ELAC2:K562
ZNF622,K562,chr21:33549715:C:T,0,0,0.3259240984916687,modal,cuda,ELAC2:K562
ZNF622,K562,chr21:33549729:G:T,0,0,0.3475825786590576,modal,cuda,ELAC2:K562
ZNF622,K562,chr21:33549782:C:T,0,0,0.29417991638183594,modal,cuda,ELAC2:K562
ZNF622,K562,chr21:33550338:G:A,0,0,0.524613618850708,modal,cuda,ELAC2:K562
ZNF622,K562,chr21:33550358:C:T,0,0,0.2920849323272705,modal,cuda,ELAC2:K562
ZNF622,K562,chr21:33550367:C:A,1,0,0.8882589340209961,modal,cuda,ELAC2:K562
ZNF622,K562,chr21:33550370:C:T,0,0,0.2765800952911377,modal,cuda,ELAC2:K562
ZNF622,K562,chr21:33550373:T:C,0,0,0.1297450065612793,modal,cuda,ELAC2:K562
ZNF622,K562,chr21:33550406:C:T,0,0,0.3796806335449219,modal,cuda,ELAC2:K562
ZNF622,K562,chr21:33554985:T:C,0,0,-0.15658926963806152,modal,cuda,ELAC2:K562
ZNF622,K562,chr21:33554992:C:T,1,0,-0.2854839563369751,modal,cuda,ELAC2:K562
ZNF622,K562,chr21:33554998:C:T,1,0,0.33002781867980957,modal,cuda,ELAC2:K562
ZNF622,K562,chr21:33559629:T:C,0,0,-0.34973812103271484,modal,cuda,ELAC2:K562
ZNF622,K562,chr21:33559727:A:G,0,0,0.20499777793884277,modal,cuda,ELAC2:K562
ZNF622,K562,chr21:33559779:A:C,0,0,0.39019525051116943,modal,cuda,ELAC2:K562
ZNF622,K562,chr21:37126118:T:C,0,0,0.2139427661895752,modal,cuda,ELAC2:K562
ZNF622,K562,chr21:37505276:C:T,0,0,-0.4751901626586914,modal,cuda,ELAC2:K562
ZNF622,K562,chr21:37505280:C:G,1,0,0.3758554458618164,modal,cuda,ELAC2:K562
ZNF622,K562,chr21:46222635:C:T,1,0,0.3007636070251465,modal,cuda,ELAC2:K562
ZNF622,K562,chr21:46222636:C:T,1,0,0.4162357449531555,modal,cuda,ELAC2:K562
ZNF622,K562,chr21:46277515:C:A,0,0,-0.27923154830932617,modal,cuda,ELAC2:K562
ZNF622,K562,chr21:46324288:C:T,0,0,-0.2692040205001831,modal,cuda,ELAC2:K562
ZNF622,K562,chr21:46326518:G:T,1,0,0.7584224939346313,modal,cuda,ELAC2:K562
ZNF622,K562,chr21:46334436:C:T,1,0,-0.9564228057861328,modal,cuda,ELAC2:K562
ZNF622,K562,chr21:46346225:T:C,0,0,-0.8463655710220337,modal,cuda,ELAC2:K562
ZNF622,K562,chr21:46346736:G:A,0,0,0.41173332929611206,modal,cuda,ELAC2:K562
ZNF622,K562,chr21:46432117:C:T,1,0,0.3997042179107666,modal,cuda,ELAC2:K562
ZNF622,K562,chr21:46432159:C:T,1,0,0.8407797813415527,modal,cuda,ELAC2:K562
ZNF622,K562,chr21:46432171:G:C,0,0,-0.4200117588043213,modal,cuda,ELAC2:K562
ZNF622,K562,chr21:46432184:G:A,1,0,0.5858460068702698,modal,cuda,ELAC2:K562
ZNF622,K562,chr21:46432189:A:T,1,0,0.2942955493927002,modal,cuda,ELAC2:K562
ZNF622,K562,chr22:19142734:G:A,0,3,0.453277051448822,modal,cuda,ELAC2:K562
ZNF622,K562,chr22:19456658:G:A,0,3,0.13363945484161377,modal,cuda,ELAC2:K562
ZNF622,K562,chr22:19480991:T:C,0,3,-0.4443979263305664,modal,cuda,ELAC2:K562
ZNF622,K562,chr22:19481006:G:A,1,3,0.21562457084655762,modal,cuda,ELAC2:K562
ZNF622,K562,chr22:19482782:C:T,0,3,0.2831287384033203,modal,cuda,ELAC2:K562
ZNF622,K562,chr22:19497366:A:G,0,3,0.20115280151367188,modal,cuda,ELAC2:K562
ZNF622,K562,chr22:19499077:C:T,0,3,0.19200098514556885,modal,cuda,ELAC2:K562
ZNF622,K562,chr22:20061684:G:C,1,3,0.5592928528785706,modal,cuda,ELAC2:K562
ZNF622,K562,chr22:20061721:C:T,0,3,0.241746187210083,modal,cuda,ELAC2:K562
ZNF622,K562,chr22:20061762:G:A,0,3,0.4815964102745056,modal,cuda,ELAC2:K562
ZNF622,K562,chr22:21964166:C:T,0,3,0.2961186170578003,modal,cuda,ELAC2:K562
ZNF622,K562,chr22:24322633:G:A,0,3,-0.12628412246704102,modal,cuda,ELAC2:K562
ZNF622,K562,chr22:24322709:A:C,0,3,-0.09491991996765137,modal,cuda,ELAC2:K562
ZNF622,K562,chr22:26466075:G:A,0,3,0.6920212507247925,modal,cuda,ELAC2:K562
ZNF622,K562,chr22:29673311:C:T,1,3,0.8425922393798828,modal,cuda,ELAC2:K562
ZNF622,K562,chr22:29673320:G:T,1,3,-0.25622057914733887,modal,cuda,ELAC2:K562
ZNF622,K562,chr22:29673344:C:T,1,3,-0.31546568870544434,modal,cuda,ELAC2:K562
ZNF622,K562,chr22:29673356:G:T,1,3,-0.2975813150405884,modal,cuda,ELAC2:K562
ZNF622,K562,chr22:29673365:C:T,1,3,-0.3653407096862793,modal,cuda,ELAC2:K562
ZNF622,K562,chr22:29673374:C:T,1,3,-0.2667539119720459,modal,cuda,ELAC2:K562
ZNF622,K562,chr22:29673407:G:T,1,3,-0.3436424732208252,modal,cuda,ELAC2:K562
ZNF622,K562,chr22:29673410:G:T,1,3,-0.34598517417907715,modal,cuda,ELAC2:K562
ZNF622,K562,chr22:29673428:C:T,1,3,-0.4595407247543335,modal,cuda,ELAC2:K562
ZNF622,K562,chr22:29673446:G:T,1,3,-0.17996513843536377,modal,cuda,ELAC2:K562
ZNF622,K562,chr22:29673473:G:T,1,3,-0.49275729060173035,modal,cuda,ELAC2:K562
ZNF622,K562,chr22:29673487:G:T,1,3,-0.37307214736938477,modal,cuda,ELAC2:K562
ZNF622,K562,chr22:29673488:T:G,1,3,-0.3350738286972046,modal,cuda,ELAC2:K562
ZNF622,K562,chr22:35421478:C:A,0,3,-0.1689053773880005,modal,cuda,ELAC2:K562
ZNF622,K562,chr22:40265320:C:T,1,3,0.6148271560668945,modal,cuda,ELAC2:K562
ZNF622,K562,chr22:41621350:G:A,0,3,-0.4017426371574402,modal,cuda,ELAC2:K562
ZNF622,K562,chr22:41867108:C:A,0,3,0.22951973974704742,modal,cuda,ELAC2:K562
ZNF622,K562,chr22:46337813:G:A,1,3,-0.2546771764755249,modal,cuda,ELAC2:K562
ZNF622,K562,chr22:46337880:C:T,1,3,0.8018829822540283,modal,cuda,ELAC2:K562
ZNF622,K562,chr22:46346475:G:T,1,3,1.4596245288848877,modal,cuda,ELAC2:K562
ZNF622,K562,chr22:46346508:G:A,0,3,0.2886713743209839,modal,cuda,ELAC2:K562
ZNF622,K562,chr22:50224129:G:A,0,3,0.24972902238368988,modal,cuda,ELAC2:K562
ZNF622,K562,chr22:50580198:A:T,1,3,1.6468987464904785,modal,cuda,ELAC2:K562
ZNF622,K562,chr22:50580372:T:C,1,3,-0.6472822427749634,modal,cuda,ELAC2:K562
ZNF622,K562,chr22:50582800:C:A,0,3,0.0819098949432373,modal,cuda,ELAC2:K562
ZNF622,K562,chr22:50582808:C:T,0,3,0.34693092107772827,modal,cuda,ELAC2:K562
ZNF622,K562,chr22:50582829:C:A,0,3,0.22263295948505402,modal,cuda,ELAC2:K562
ZNF622,K562,chr2:101698156:G:A,0,4,0.39567887783050537,modal,cuda,ELAC2:K562
ZNF622,K562,chr2:101831730:G:A,1,4,0.47645851969718933,modal,cuda,ELAC2:K562
ZNF622,K562,chr2:101831841:A:G,1,4,1.0739045143127441,modal,cuda,ELAC2:K562
ZNF622,K562,chr2:101844282:C:T,1,4,-0.37986230850219727,modal,cuda,ELAC2:K562
ZNF622,K562,chr2:101855997:A:G,0,4,-0.5365912914276123,modal,cuda,ELAC2:K562
ZNF622,K562,chr2:101859759:G:A,0,4,0.2181243896484375,modal,cuda,ELAC2:K562
ZNF622,K562,chr2:110666253:C:T,0,4,-0.43274545669555664,modal,cuda,ELAC2:K562
ZNF622,K562,chr2:11201419:T:C,0,4,0.18230032920837402,modal,cuda,ELAC2:K562
ZNF622,K562,chr2:11771503:C:T,0,4,0.3474275767803192,modal,cuda,ELAC2:K562
ZNF622,K562,chr2:11771635:C:T,0,4,0.8273472785949707,modal,cuda,ELAC2:K562
ZNF622,K562,chr2:11779621:G:A,1,4,1.191387414932251,modal,cuda,ELAC2:K562
ZNF622,K562,chr2:117821760:C:G,0,4,0.441450834274292,modal,cuda,ELAC2:K562
ZNF622,K562,chr2:11783834:C:T,1,4,-1.2002055644989014,modal,cuda,ELAC2:K562
ZNF622,K562,chr2:11783934:G:A,0,4,-0.5252196788787842,modal,cuda,ELAC2:K562
ZNF622,K562,chr2:127289525:C:G,0,4,-0.5029184818267822,modal,cuda,ELAC2:K562
ZNF622,K562,chr2:127293601:G:C,1,4,-4.8510589599609375,modal,cuda,ELAC2:K562
ZNF622,K562,chr2:127293614:G:A,1,4,-1.391830563545227,modal,cuda,ELAC2:K562
ZNF622,K562,chr2:127293711:C:G,0,4,-0.13861429691314697,modal,cuda,ELAC2:K562
ZNF622,K562,chr2:128177917:A:G,0,4,0.4196007251739502,modal,cuda,ELAC2:K562
ZNF622,K562,chr2:144429745:G:A,0,4,-0.35960912704467773,modal,cuda,ELAC2:K562
ZNF622,K562,chr2:15467394:G:A,1,4,-2.132201910018921,modal,cuda,ELAC2:K562
ZNF622,K562,chr2:15468449:G:A,1,4,-0.7416019439697266,modal,cuda,ELAC2:K562
ZNF622,K562,chr2:15468510:C:T,1,4,-0.8321420550346375,modal,cuda,ELAC2:K562
ZNF622,K562,chr2:15468518:G:A,1,4,1.1603646278381348,modal,cuda,ELAC2:K562
ZNF622,K562,chr2:15473333:C:T,0,4,-0.7157018184661865,modal,cuda,ELAC2:K562
ZNF622,K562,chr2:15473336:T:C,0,4,0.28014349937438965,modal,cuda,ELAC2:K562
ZNF622,K562,chr2:15474280:T:C,0,4,-0.4295470714569092,modal,cuda,ELAC2:K562
ZNF622,K562,chr2:15474295:A:C,0,4,-0.6826732754707336,modal,cuda,ELAC2:K562
ZNF622,K562,chr2:15534554:G:A,0,4,0.38402628898620605,modal,cuda,ELAC2:K562
ZNF622,K562,chr2:15534562:T:C,0,4,-0.17718839645385742,modal,cuda,ELAC2:K562
ZNF622,K562,chr2:15534565:C:T,0,4,0.4554438591003418,modal,cuda,ELAC2:K562
ZNF622,K562,chr2:15534578:A:G,0,4,-1.0385605096817017,modal,cuda,ELAC2:K562
ZNF622,K562,chr2:15534655:G:A,0,4,0.27237844467163086,modal,cuda,ELAC2:K562
ZNF622,K562,chr2:15536446:G:A,1,4,0.7548868656158447,modal,cuda,ELAC2:K562
ZNF622,K562,chr2:15551480:T:C,0,4,-1.2111338376998901,modal,cuda,ELAC2:K562
ZNF622,K562,chr2:15553414:A:C,0,4,0.6630825996398926,modal,cuda,ELAC2:K562
ZNF622,K562,chr2:15553470:A:T,0,4,-0.7557564973831177,modal,cuda,ELAC2:K562
ZNF622,K562,chr2:15553484:G:C,0,4,-0.7206185460090637,modal,cuda,ELAC2:K562
ZNF622,K562,chr2:169631944:A:G,0,4,-0.3745582103729248,modal,cuda,ELAC2:K562
ZNF622,K562,chr2:171725602:T:G,0,4,0.8161861896514893,modal,cuda,ELAC2:K562
ZNF622,K562,chr2:197416735:A:T,0,4,0.5755021572113037,modal,cuda,ELAC2:K562
ZNF622,K562,chr2:201160763:G:A,0,4,-0.29799747467041016,modal,cuda,ELAC2:K562
ZNF622,K562,chr2:207575339:A:G,0,4,-0.31961870193481445,modal,cuda,ELAC2:K562
ZNF622,K562,chr2:208300927:G:T,0,4,-1.0681582689285278,modal,cuda,ELAC2:K562
ZNF622,K562,chr2:208340002:T:C,0,4,-0.11336302757263184,modal,cuda,ELAC2:K562
ZNF622,K562,chr2:214781157:C:G,0,4,-0.5811042785644531,modal,cuda,ELAC2:K562
ZNF622,K562,chr2:214781165:G:A,1,4,0.5336840152740479,modal,cuda,ELAC2:K562
ZNF622,K562,chr2:214781174:C:A,1,4,1.00364351272583,modal,cuda,ELAC2:K562
ZNF622,K562,chr2:214781177:C:A,1,4,0.47231364250183105,modal,cuda,ELAC2:K562
ZNF622,K562,chr2:214781192:C:A,1,4,-0.7334034442901611,modal,cuda,ELAC2:K562
ZNF622,K562,chr2:214781201:C:A,1,4,0.7883341312408447,modal,cuda,ELAC2:K562
ZNF622,K562,chr2:214781211:C:T,0,4,-0.3455312252044678,modal,cuda,ELAC2:K562
ZNF622,K562,chr2:214781217:A:G,0,4,0.5095348358154297,modal,cuda,ELAC2:K562
ZNF622,K562,chr2:214781258:G:A,1,4,-0.5353012084960938,modal,cuda,ELAC2:K562
ZNF622,K562,chr2:214781267:C:A,1,4,-0.738534688949585,modal,cuda,ELAC2:K562
ZNF622,K562,chr2:214781273:T:A,1,4,-0.4100346565246582,modal,cuda,ELAC2:K562
ZNF622,K562,chr2:214781285:T:A,1,4,0.9103565216064453,modal,cuda,ELAC2:K562
ZNF622,K562,chr2:214781333:C:A,1,4,-1.6447169780731201,modal,cuda,ELAC2:K562
ZNF622,K562,chr2:219232535:G:C,0,4,-0.2094275951385498,modal,cuda,ELAC2:K562
ZNF622,K562,chr2:219232564:G:A,0,4,0.3620433807373047,modal,cuda,ELAC2:K562
ZNF622,K562,chr2:219232700:G:A,0,4,0.21579647064208984,modal,cuda,ELAC2:K562
ZNF622,K562,chr2:219234127:T:C,0,4,-1.0040724277496338,modal,cuda,ELAC2:K562
ZNF622,K562,chr2:222634537:T:C,1,4,-0.3032662868499756,modal,cuda,ELAC2:K562
ZNF622,K562,chr2:222648791:G:A,0,4,0.5387808680534363,modal,cuda,ELAC2:K562
ZNF622,K562,chr2:231455391:C:T,0,4,0.47794055938720703,modal,cuda,ELAC2:K562
ZNF622,K562,chr2:232735194:A:C,0,4,0.5351889133453369,modal,cuda,ELAC2:K562
ZNF622,K562,chr2:232839866:G:C,0,4,0.2754793167114258,modal,cuda,ELAC2:K562
ZNF622,K562,chr2:232844096:A:G,0,4,-0.07865965366363525,modal,cuda,ELAC2:K562
ZNF622,K562,chr2:232847517:A:G,0,4,-0.20512175559997559,modal,cuda,ELAC2:K562
ZNF622,K562,chr2:232847538:G:A,0,4,0.05664956569671631,modal,cuda,ELAC2:K562
ZNF622,K562,chr2:235968636:C:T,0,4,0.7016525864601135,modal,cuda,ELAC2:K562
ZNF622,K562,chr2:239144721:A:G,0,4,-0.6278777122497559,modal,cuda,ELAC2:K562
ZNF622,K562,chr2:240007349:T:C,0,4,-0.2904529571533203,modal,cuda,ELAC2:K562
ZNF622,K562,chr2:240022311:T:C,0,4,0.23788022994995117,modal,cuda,ELAC2:K562
ZNF622,K562,chr2:241253501:C:T,0,4,-0.2387094497680664,modal,cuda,ELAC2:K562
ZNF622,K562,chr2:241651116:C:T,0,4,0.617997407913208,modal,cuda,ELAC2:K562
ZNF622,K562,chr2:24298659:C:T,0,4,-0.2705044746398926,modal,cuda,ELAC2:K562
ZNF622,K562,chr2:24303786:G:A,0,4,-0.5316274166107178,modal,cuda,ELAC2:K562
ZNF622,K562,chr2:24310469:T:A,0,4,0.45622801780700684,modal,cuda,ELAC2:K562
ZNF622,K562,chr2:25756001:T:C,0,4,-0.6659839153289795,modal,cuda,ELAC2:K562
ZNF622,K562,chr2:25767740:A:C,0,4,0.724947452545166,modal,cuda,ELAC2:K562
ZNF622,K562,chr2:25767741:T:A,0,4,-0.6017224192619324,modal,cuda,ELAC2:K562
ZNF622,K562,chr2:25767743:C:A,0,4,-0.3351866602897644,modal,cuda,ELAC2:K562
ZNF622,K562,chr2:25767744:G:A,0,4,0.10770916938781738,modal,cuda,ELAC2:K562
ZNF622,K562,chr2:25767745:T:C,0,4,0.24056291580200195,modal,cuda,ELAC2:K562
ZNF622,K562,chr2:27369556:C:T,0,4,-0.18388104438781738,modal,cuda,ELAC2:K562
ZNF622,K562,chr2:32115840:G:T,1,4,0.6839988231658936,modal,cuda,ELAC2:K562
ZNF622,K562,chr2:44346251:G:C,0,4,0.7029738426208496,modal,cuda,ELAC2:K562
ZNF622,K562,chr2:47161705:T:C,0,4,-0.2519383430480957,modal,cuda,ELAC2:K562
ZNF622,K562,chr2:47798625:C:A,1,4,0.9173078536987305,modal,cuda,ELAC2:K562
ZNF622,K562,chr2:47798625:C:G,1,4,1.2590811252593994,modal,cuda,ELAC2:K562
ZNF622,K562,chr2:47798625:C:T,0,4,0.6511672139167786,modal,cuda,ELAC2:K562
ZNF622,K562,chr2:47798631:A:G,0,4,-0.5975933074951172,modal,cuda,ELAC2:K562
ZNF622,K562,chr2:47798635:A:T,1,4,-0.9193893074989319,modal,cuda,ELAC2:K562
ZNF622,K562,chr2:47798641:G:T,1,4,1.1409976482391357,modal,cuda,ELAC2:K562
ZNF622,K562,chr2:47798644:G:T,1,4,1.4202569723129272,modal,cuda,ELAC2:K562
ZNF622,K562,chr2:47798653:G:T,1,4,-1.350754737854004,modal,cuda,ELAC2:K562
ZNF622,K562,chr2:47798659:G:T,1,4,0.796607494354248,modal,cuda,ELAC2:K562
ZNF622,K562,chr2:47798668:G:T,1,4,0.8593333959579468,modal,cuda,ELAC2:K562
ZNF622,K562,chr2:47798677:C:T,1,4,0.8237228393554688,modal,cuda,ELAC2:K562
ZNF622,K562,chr2:47798689:C:T,1,4,0.7018265724182129,modal,cuda,ELAC2:K562
ZNF622,K562,chr2:47798692:G:T,1,4,1.0086984634399414,modal,cuda,ELAC2:K562
ZNF622,K562,chr2:47798701:C:T,1,4,1.7588982582092285,modal,cuda,ELAC2:K562
ZNF622,K562,chr2:47798703:A:C,0,4,-0.49089694023132324,modal,cuda,ELAC2:K562
ZNF622,K562,chr2:47798713:C:T,1,4,0.7135424613952637,modal,cuda,ELAC2:K562
ZNF622,K562,chr2:47798714:A:G,0,4,-0.9057080745697021,modal,cuda,ELAC2:K562
ZNF622,K562,chr2:47798718:A:C,0,4,-0.9227404594421387,modal,cuda,ELAC2:K562
ZNF622,K562,chr2:47798719:A:T,1,4,2.177340030670166,modal,cuda,ELAC2:K562
ZNF622,K562,chr2:47798725:C:T,1,4,2.5255227088928223,modal,cuda,ELAC2:K562
ZNF622,K562,chr2:47798773:G:T,1,4,-0.5917582511901855,modal,cuda,ELAC2:K562
ZNF622,K562,chr2:47798779:A:T,1,4,1.0430805683135986,modal,cuda,ELAC2:K562
ZNF622,K562,chr2:47798797:G:T,1,4,1.704162359237671,modal,cuda,ELAC2:K562
ZNF622,K562,chr2:47798800:G:T,1,4,2.075279712677002,modal,cuda,ELAC2:K562
ZNF622,K562,chr2:47798812:G:T,1,4,-0.6742218732833862,modal,cuda,ELAC2:K562
ZNF622,K562,chr2:47798814:A:G,0,4,0.3711695671081543,modal,cuda,ELAC2:K562
ZNF622,K562,chr2:47798824:G:T,1,4,-0.6219141483306885,modal,cuda,ELAC2:K562
ZNF622,K562,chr2:47798859:C:T,0,4,0.5933396816253662,modal,cuda,ELAC2:K562
ZNF622,K562,chr2:47798866:A:T,1,4,-0.9604911804199219,modal,cuda,ELAC2:K562
ZNF622,K562,chr2:47798875:C:T,1,4,1.4083123207092285,modal,cuda,ELAC2:K562
ZNF622,K562,chr2:47798877:A:C,0,4,0.5878124237060547,modal,cuda,ELAC2:K562
ZNF622,K562,chr2:47798881:C:A,0,4,0.7878212928771973,modal,cuda,ELAC2:K562
ZNF622,K562,chr2:47798883:G:T,0,4,1.181431531906128,modal,cuda,ELAC2:K562
ZNF622,K562,chr2:47798887:A:T,1,4,1.1836671829223633,modal,cuda,ELAC2:K562
ZNF622,K562,chr2:47822214:T:C,0,4,0.5834791660308838,modal,cuda,ELAC2:K562
ZNF622,K562,chr2:47832948:T:C,0,4,-0.4410451650619507,modal,cuda,ELAC2:K562
ZNF622,K562,chr2:47834773:A:T,0,4,1.7530988454818726,modal,cuda,ELAC2:K562
ZNF622,K562,chr2:47839023:T:C,0,4,0.266552209854126,modal,cuda,ELAC2:K562
ZNF622,K562,chr2:47839416:T:C,1,4,0.6962943077087402,modal,cuda,ELAC2:K562
ZNF622,K562,chr2:47839505:A:G,0,4,-0.7165393829345703,modal,cuda,ELAC2:K562
ZNF622,K562,chr2:47839637:G:C,0,4,0.3369116485118866,modal,cuda,ELAC2:K562
ZNF622,K562,chr2:47839772:G:A,0,4,0.31287676095962524,modal,cuda,ELAC2:K562
ZNF622,K562,chr2:48454661:C:T,1,4,1.2513420581817627,modal,cuda,ELAC2:K562
ZNF622,K562,chr2:48454692:T:G,1,4,-0.45149803161621094,modal,cuda,ELAC2:K562
ZNF622,K562,chr2:48454711:T:C,0,4,0.13403892517089844,modal,cuda,ELAC2:K562
ZNF622,K562,chr2:48458162:C:T,1,4,0.32872676849365234,modal,cuda,ELAC2:K562
ZNF622,K562,chr2:48459793:G:T,1,4,1.3867950439453125,modal,cuda,ELAC2:K562
ZNF622,K562,chr2:48459805:C:T,1,4,0.9715828895568848,modal,cuda,ELAC2:K562
ZNF622,K562,chr2:61339689:G:A,0,4,-0.4478914737701416,modal,cuda,ELAC2:K562
ZNF622,K562,chr2:62747391:G:C,0,4,-0.413444459438324,modal,cuda,ELAC2:K562
ZNF622,K562,chr2:68158384:G:C,0,4,0.7391791343688965,modal,cuda,ELAC2:K562
ZNF622,K562,chr2:70214459:C:T,0,4,0.8332736492156982,modal,cuda,ELAC2:K562
ZNF622,K562,chr2:70248567:G:A,0,4,0.2909431457519531,modal,cuda,ELAC2:K562
ZNF622,K562,chr2:73847660:C:T,1,4,1.7177636623382568,modal,cuda,ELAC2:K562
ZNF622,K562,chr2:73847718:C:T,1,4,1.123692512512207,modal,cuda,ELAC2:K562
ZNF622,K562,chr2:9505151:G:A,0,4,0.5249354839324951,modal,cuda,ELAC2:K562
ZNF622,K562,chr2:9526150:G:T,1,4,-0.5555896759033203,modal,cuda,ELAC2:K562
ZNF622,K562,chr2:96298427:A:G,0,4,-0.4883379340171814,modal,cuda,ELAC2:K562
ZNF622,K562,chr2:96303341:T:A,0,4,-0.626640796661377,modal,cuda,ELAC2:K562
ZNF622,K562,chr2:96305495:G:C,0,4,0.2280261516571045,modal,cuda,ELAC2:K562
ZNF622,K562,chr2:96305518:G:A,0,4,-0.3676551580429077,modal,cuda,ELAC2:K562
ZNF622,K562,chr2:99360559:A:T,0,4,-0.40682506561279297,modal,cuda,ELAC2:K562
ZNF622,K562,chr2:99402793:A:T,0,4,0.23676709830760956,modal,cuda,ELAC2:K562
ZNF622,K562,chr3:10028733:G:C,0,3,-0.3510003089904785,modal,cuda,ELAC2:K562
ZNF622,K562,chr3:10032981:T:G,0,3,0.47710859775543213,modal,cuda,ELAC2:K562
ZNF622,K562,chr3:10042540:C:T,0,3,-0.11883330345153809,modal,cuda,ELAC2:K562
ZNF622,K562,chr3:10092206:G:A,1,3,0.4416247606277466,modal,cuda,ELAC2:K562
ZNF622,K562,chr3:10092265:A:G,0,3,0.1710977554321289,modal,cuda,ELAC2:K562
ZNF622,K562,chr3:101458949:T:G,0,3,0.08926141262054443,modal,cuda,ELAC2:K562
ZNF622,K562,chr3:101574253:A:G,0,3,-0.2699877619743347,modal,cuda,ELAC2:K562
ZNF622,K562,chr3:12489908:A:G,0,3,0.3681526184082031,modal,cuda,ELAC2:K562
ZNF622,K562,chr3:12489922:G:A,0,3,1.3443169593811035,modal,cuda,ELAC2:K562
ZNF622,K562,chr3:12489922:G:C,0,3,0.15229976177215576,modal,cuda,ELAC2:K562
ZNF622,K562,chr3:12489922:G:T,0,3,0.8448266983032227,modal,cuda,ELAC2:K562
ZNF622,K562,chr3:128060669:C:T,0,3,0.3283177614212036,modal,cuda,ELAC2:K562
ZNF622,K562,chr3:128481577:C:G,0,3,-0.42342638969421387,modal,cuda,ELAC2:K562
ZNF622,K562,chr3:129433084:G:A,0,3,-0.9527058601379395,modal,cuda,ELAC2:K562
ZNF622,K562,chr3:129436869:G:A,1,3,-0.25451231002807617,modal,cuda,ELAC2:K562
ZNF622,K562,chr3:129436880:G:C,1,3,1.1198756694793701,modal,cuda,ELAC2:K562
ZNF622,K562,chr3:129436880:G:T,1,3,0.9119036197662354,modal,cuda,ELAC2:K562
ZNF622,K562,chr3:129436905:T:A,1,3,-0.1982889175415039,modal,cuda,ELAC2:K562
ZNF622,K562,chr3:129437769:G:A,1,3,-0.4278445243835449,modal,cuda,ELAC2:K562
ZNF622,K562,chr3:129437786:C:T,1,3,0.2046668529510498,modal,cuda,ELAC2:K562
ZNF622,K562,chr3:134550059:A:G,0,3,0.187524676322937,modal,cuda,ELAC2:K562
ZNF622,K562,chr3:134550069:G:T,1,3,-0.38697314262390137,modal,cuda,ELAC2:K562
ZNF622,K562,chr3:134550081:C:T,1,3,-0.36634719371795654,modal,cuda,ELAC2:K562
ZNF622,K562,chr3:134550146:G:A,0,3,-0.15496516227722168,modal,cuda,ELAC2:K562
ZNF622,K562,chr3:134550159:C:T,1,3,0.9997473955154419,modal,cuda,ELAC2:K562
ZNF622,K562,chr3:139357978:G:T,0,3,0.061728335916996,modal,cuda,ELAC2:K562
ZNF622,K562,chr3:139362402:C:T,0,3,-0.2740895748138428,modal,cuda,ELAC2:K562
ZNF622,K562,chr3:14158179:A:T,1,3,-0.38202595710754395,modal,cuda,ELAC2:K562
ZNF622,K562,chr3:14158206:G:C,1,3,-0.6296472549438477,modal,cuda,ELAC2:K562
ZNF622,K562,chr3:14158206:G:T,1,3,0.6249157190322876,modal,cuda,ELAC2:K562
ZNF622,K562,chr3:14158640:G:A,1,3,0.4143192172050476,modal,cuda,ELAC2:K562
ZNF622,K562,chr3:14158843:G:C,1,3,0.18044865131378174,modal,cuda,ELAC2:K562
ZNF622,K562,chr3:14165549:G:A,1,3,-0.8462784290313721,modal,cuda,ELAC2:K562
ZNF622,K562,chr3:14170451:C:T,1,3,-0.26975905895233154,modal,cuda,ELAC2:K562
ZNF622,K562,chr3:14170452:C:T,1,3,-0.20097732543945312,modal,cuda,ELAC2:K562
ZNF622,K562,chr3:14170518:T:A,0,3,-0.12924718856811523,modal,cuda,ELAC2:K562
ZNF622,K562,chr3:14170547:G:A,0,3,-0.18127167224884033,modal,cuda,ELAC2:K562
ZNF622,K562,chr3:14170550:C:T,0,3,-0.14066290855407715,modal,cuda,ELAC2:K562
ZNF622,K562,chr3:14172946:T:A,1,3,1.8427200317382812,modal,cuda,ELAC2:K562
ZNF622,K562,chr3:168030041:G:A,0,3,0.1250380277633667,modal,cuda,ELAC2:K562
ZNF622,K562,chr3:171190797:T:C,0,3,-0.8301902413368225,modal,cuda,ELAC2:K562
ZNF622,K562,chr3:182965756:A:G,0,3,0.3157079219818115,modal,cuda,ELAC2:K562
ZNF622,K562,chr3:184164391:G:A,0,3,0.4813593029975891,modal,cuda,ELAC2:K562
ZNF622,K562,chr3:184164937:G:A,0,3,0.3949638307094574,modal,cuda,ELAC2:K562
ZNF622,K562,chr3:186584594:G:A,0,3,-0.28102612495422363,modal,cuda,ELAC2:K562
ZNF622,K562,chr3:186584603:G:T,0,3,0.3977499008178711,modal,cuda,ELAC2:K562
ZNF622,K562,chr3:191380942:G:A,0,3,-0.11864747852087021,modal,cuda,ELAC2:K562
ZNF622,K562,chr3:193662806:T:A,0,3,0.48585009574890137,modal,cuda,ELAC2:K562
ZNF622,K562,chr3:194437305:C:T,0,3,-0.17556476593017578,modal,cuda,ELAC2:K562
ZNF622,K562,chr3:196239535:G:A,0,3,-0.17005205154418945,modal,cuda,ELAC2:K562
ZNF622,K562,chr3:196257893:G:A,0,3,-0.3890432119369507,modal,cuda,ELAC2:K562
ZNF622,K562,chr3:196930805:T:C,0,3,-0.5152652263641357,modal,cuda,ELAC2:K562
ZNF622,K562,chr3:197138319:C:T,0,3,0.41181111335754395,modal,cuda,ELAC2:K562
ZNF622,K562,chr3:197138320:G:A,0,3,0.45489299297332764,modal,cuda,ELAC2:K562
ZNF622,K562,chr3:197839383:T:C,0,3,0.19284796714782715,modal,cuda,ELAC2:K562
ZNF622,K562,chr3:197870173:C:T,0,3,0.26781463623046875,modal,cuda,ELAC2:K562
ZNF622,K562,chr3:20175027:T:A,0,3,0.07034775614738464,modal,cuda,ELAC2:K562
ZNF622,K562,chr3:25612504:G:T,0,3,0.2309051752090454,modal,cuda,ELAC2:K562
ZNF622,K562,chr3:25612507:T:C,0,3,-0.18858206272125244,modal,cuda,ELAC2:K562
ZNF622,K562,chr3:25733865:A:C,0,3,-0.5240746140480042,modal,cuda,ELAC2:K562
ZNF622,K562,chr3:3148077:C:T,1,3,0.27338600158691406,modal,cuda,ELAC2:K562
ZNF622,K562,chr3:3174270:A:G,0,3,0.3984586000442505,modal,cuda,ELAC2:K562
ZNF622,K562,chr3:36996623:G:C,1,3,-0.3515963554382324,modal,cuda,ELAC2:K562
ZNF622,K562,chr3:36996624:A:G,1,3,0.3657541275024414,modal,cuda,ELAC2:K562
ZNF622,K562,chr3:36996625:T:C,0,3,-0.4820634126663208,modal,cuda,ELAC2:K562
ZNF622,K562,chr3:36996629:A:T,1,3,0.6179399490356445,modal,cuda,ELAC2:K562
ZNF622,K562,chr3:36996631:A:G,0,3,0.4268794059753418,modal,cuda,ELAC2:K562
ZNF622,K562,chr3:36996633:C:T,1,3,0.15752482414245605,modal,cuda,ELAC2:K562
ZNF622,K562,chr3:36996644:C:T,1,3,-0.5623741149902344,modal,cuda,ELAC2:K562
ZNF622,K562,chr3:36996648:T:A,1,3,-0.4016153812408447,modal,cuda,ELAC2:K562
ZNF622,K562,chr3:36996659:G:T,1,3,0.7486710548400879,modal,cuda,ELAC2:K562
ZNF622,K562,chr3:36996668:C:T,0,3,0.6073136329650879,modal,cuda,ELAC2:K562
ZNF622,K562,chr3:36996670:G:A,0,3,-0.3119950294494629,modal,cuda,ELAC2:K562
ZNF622,K562,chr3:36996671:A:T,1,3,1.2101881504058838,modal,cuda,ELAC2:K562
ZNF622,K562,chr3:36996680:C:T,1,3,-0.48564839363098145,modal,cuda,ELAC2:K562
ZNF622,K562,chr3:36996686:C:T,1,3,0.8444291353225708,modal,cuda,ELAC2:K562
ZNF622,K562,chr3:36996691:C:A,1,3,-0.5859529972076416,modal,cuda,ELAC2:K562
ZNF622,K562,chr3:36996697:C:T,0,3,0.7490253448486328,modal,cuda,ELAC2:K562
ZNF622,K562,chr3:36996701:G:A,1,3,0.5102734565734863,modal,cuda,ELAC2:K562
ZNF622,K562,chr3:36996701:G:T,1,3,0.6565661430358887,modal,cuda,ELAC2:K562
ZNF622,K562,chr3:36996702:G:A,1,3,-0.47824811935424805,modal,cuda,ELAC2:K562
ZNF622,K562,chr3:36996710:G:C,1,3,1.156175136566162,modal,cuda,ELAC2:K562
ZNF622,K562,chr3:36996711:T:G,1,3,-0.6272499561309814,modal,cuda,ELAC2:K562
ZNF622,K562,chr3:37000953:A:G,1,3,-0.3923792839050293,modal,cuda,ELAC2:K562
ZNF622,K562,chr3:37000954:G:A,1,3,-1.236271858215332,modal,cuda,ELAC2:K562
ZNF622,K562,chr3:37000958:G:T,1,3,0.8456935882568359,modal,cuda,ELAC2:K562
ZNF622,K562,chr3:37000976:T:C,1,3,-0.5838031768798828,modal,cuda,ELAC2:K562
ZNF622,K562,chr3:37000977:G:A,1,3,-0.44855618476867676,modal,cuda,ELAC2:K562
ZNF622,K562,chr3:37000979:G:T,1,3,0.6511392593383789,modal,cuda,ELAC2:K562
ZNF622,K562,chr3:37000992:C:T,1,3,-0.18467676639556885,modal,cuda,ELAC2:K562
ZNF622,K562,chr3:37000997:A:T,1,3,0.7643346786499023,modal,cuda,ELAC2:K562
ZNF622,K562,chr3:37001003:C:T,1,3,0.3552647829055786,modal,cuda,ELAC2:K562
ZNF622,K562,chr3:37001008:C:A,0,3,0.4223673343658447,modal,cuda,ELAC2:K562
ZNF622,K562,chr3:37001012:G:T,1,3,1.1489202976226807,modal,cuda,ELAC2:K562
ZNF622,K562,chr3:37008874:G:T,1,3,-0.339648962020874,modal,cuda,ELAC2:K562
ZNF622,K562,chr3:37008879:T:A,1,3,-0.3095061779022217,modal,cuda,ELAC2:K562
ZNF622,K562,chr3:37008903:C:T,1,3,-0.32540392875671387,modal,cuda,ELAC2:K562
ZNF622,K562,chr3:37008904:A:G,1,3,-0.7606840133666992,modal,cuda,ELAC2:K562
ZNF622,K562,chr3:37008905:G:A,1,3,-0.25806641578674316,modal,cuda,ELAC2:K562
ZNF622,K562,chr3:37008907:T:A,1,3,-0.36821866035461426,modal,cuda,ELAC2:K562
ZNF622,K562,chr3:37008907:T:C,1,3,0.12551522254943848,modal,cuda,ELAC2:K562
ZNF622,K562,chr3:37008908:A:G,1,3,0.31626200675964355,modal,cuda,ELAC2:K562
ZNF622,K562,chr3:37008925:A:T,0,3,0.4824953079223633,modal,cuda,ELAC2:K562
ZNF622,K562,chr3:42188999:C:T,0,3,0.4217061698436737,modal,cuda,ELAC2:K562
ZNF622,K562,chr3:42633618:T:G,0,3,0.6782974004745483,modal,cuda,ELAC2:K562
ZNF622,K562,chr3:44813068:C:T,0,3,-0.13526487350463867,modal,cuda,ELAC2:K562
ZNF622,K562,chr3:4658283:C:G,0,3,0.2611544728279114,modal,cuda,ELAC2:K562
ZNF622,K562,chr3:47083741:C:T,0,3,-0.06577426195144653,modal,cuda,ELAC2:K562
ZNF622,K562,chr3:47083771:C:T,0,3,-0.06230449676513672,modal,cuda,ELAC2:K562
ZNF622,K562,chr3:47088119:G:A,0,3,-0.16807198524475098,modal,cuda,ELAC2:K562
ZNF622,K562,chr3:47088154:C:A,1,3,-0.6313501000404358,modal,cuda,ELAC2:K562
ZNF622,K562,chr3:47088171:C:T,1,3,0.4996299743652344,modal,cuda,ELAC2:K562
ZNF622,K562,chr3:47916671:T:C,0,3,-0.07119065523147583,modal,cuda,ELAC2:K562
ZNF622,K562,chr3:49101858:G:A,0,3,0.5844504833221436,modal,cuda,ELAC2:K562
ZNF622,K562,chr3:58410115:A:T,0,3,0.07144534587860107,modal,cuda,ELAC2:K562
ZNF622,K562,chr3:71112604:G:A,1,3,0.7650108337402344,modal,cuda,ELAC2:K562
ZNF622,K562,chr3:9428971:A:G,0,3,-0.6889445781707764,modal,cuda,ELAC2:K562
ZNF622,K562,chr3:9434402:G:A,0,3,0.8610405921936035,modal,cuda,ELAC2:K562
ZNF622,K562,chr3:9434501:A:G,0,3,-0.7333513498306274,modal,cuda,ELAC2:K562
ZNF622,K562,chr3:9445644:C:T,0,3,-0.10986948013305664,modal,cuda,ELAC2:K562
ZNF622,K562,chr3:9447031:C:A,0,3,0.11141949892044067,modal,cuda,ELAC2:K562
ZNF622,K562,chr3:9447667:G:T,0,3,-0.22072237730026245,modal,cuda,ELAC2:K562
ZNF622,K562,chr3:9734143:G:A,1,3,0.4154672622680664,modal,cuda,ELAC2:K562
ZNF622,K562,chr3:9734225:C:T,1,3,1.3524267673492432,modal,cuda,ELAC2:K562
ZNF622,K562,chr3:9739053:C:T,0,3,0.20258080959320068,modal,cuda,ELAC2:K562
ZNF622,K562,chr3:9739087:G:T,1,3,-0.6778661012649536,modal,cuda,ELAC2:K562
ZNF622,K562,chr3:9739122:G:A,0,3,0.23444080352783203,modal,cuda,ELAC2:K562
ZNF622,K562,chr3:9739150:C:T,1,3,2.0286548137664795,modal,cuda,ELAC2:K562
ZNF622,K562,chr4:1000953:A:T,1,1,0.6699352264404297,modal,cuda,ELAC2:K562
ZNF622,K562,chr4:106331906:C:T,0,1,0.44568634033203125,modal,cuda,ELAC2:K562
ZNF622,K562,chr4:112644679:G:A,0,1,0.17661809921264648,modal,cuda,ELAC2:K562
ZNF622,K562,chr4:121816810:G:C,0,1,-0.9184792041778564,modal,cuda,ELAC2:K562
ZNF622,K562,chr4:139301805:G:T,1,1,2.293886423110962,modal,cuda,ELAC2:K562
ZNF622,K562,chr4:163515469:C:T,0,1,-0.9157421588897705,modal,cuda,ELAC2:K562
ZNF622,K562,chr4:1801837:C:T,1,1,0.3754225969314575,modal,cuda,ELAC2:K562
ZNF622,K562,chr4:1801841:C:G,1,1,0.516216516494751,modal,cuda,ELAC2:K562
ZNF622,K562,chr4:1801866:G:A,0,1,0.2695901393890381,modal,cuda,ELAC2:K562
ZNF622,K562,chr4:1802199:T:C,0,1,-0.2575928568840027,modal,cuda,ELAC2:K562
ZNF622,K562,chr4:1904196:C:A,0,1,-0.42142558097839355,modal,cuda,ELAC2:K562
ZNF622,K562,chr4:2663247:A:G,0,1,0.30014753341674805,modal,cuda,ELAC2:K562
ZNF622,K562,chr4:3518190:T:C,0,1,0.22569265961647034,modal,cuda,ELAC2:K562
ZNF622,K562,chr4:39342473:T:A,0,1,-0.3463609218597412,modal,cuda,ELAC2:K562
ZNF622,K562,chr4:55417826:T:C,0,1,-2.126863956451416,modal,cuda,ELAC2:K562
ZNF622,K562,chr4:56495387:A:G,0,1,0.40591102838516235,modal,cuda,ELAC2:K562
ZNF622,K562,chr4:75509230:C:T,1,1,0.773266077041626,modal,cuda,ELAC2:K562
ZNF622,K562,chr4:82426113:A:G,0,1,-0.8447266817092896,modal,cuda,ELAC2:K562
ZNF622,K562,chr4:82427174:A:C,0,1,1.9931461811065674,modal,cuda,ELAC2:K562
ZNF622,K562,chr4:82427499:T:C,0,1,-0.392730712890625,modal,cuda,ELAC2:K562
ZNF622,K562,chr4:82428060:A:C,0,1,0.4667239189147949,modal,cuda,ELAC2:K562
ZNF622,K562,chr4:82429335:G:A,0,1,-0.48976075649261475,modal,cuda,ELAC2:K562
ZNF622,K562,chr4:82429361:C:T,0,1,0.10377061367034912,modal,cuda,ELAC2:K562
ZNF622,K562,chr5:112754908:T:G,1,1,-0.9493601322174072,modal,cuda,ELAC2:K562
ZNF622,K562,chr5:112754921:A:T,1,1,1.983097791671753,modal,cuda,ELAC2:K562
ZNF622,K562,chr5:112754924:C:T,1,1,1.4705989360809326,modal,cuda,ELAC2:K562
ZNF622,K562,chr5:112754945:G:T,1,1,1.5805809497833252,modal,cuda,ELAC2:K562
ZNF622,K562,chr5:112754952:C:A,1,1,1.0726709365844727,modal,cuda,ELAC2:K562
ZNF622,K562,chr5:112754952:C:G,1,1,0.9273481369018555,modal,cuda,ELAC2:K562
ZNF622,K562,chr5:112754953:A:G,0,1,0.30854225158691406,modal,cuda,ELAC2:K562
ZNF622,K562,chr5:112754983:C:T,0,1,-0.15208613872528076,modal,cuda,ELAC2:K562
ZNF622,K562,chr5:112755007:T:G,0,1,-2.6599466800689697,modal,cuda,ELAC2:K562
ZNF622,K562,chr5:112766331:A:T,0,1,-0.3265466094017029,modal,cuda,ELAC2:K562
ZNF622,K562,chr5:112766335:A:T,1,1,-0.3858994245529175,modal,cuda,ELAC2:K562
ZNF622,K562,chr5:112766338:C:T,1,1,0.33152174949645996,modal,cuda,ELAC2:K562
ZNF622,K562,chr5:112766344:C:T,1,1,-0.3951517641544342,modal,cuda,ELAC2:K562
ZNF622,K562,chr5:112766367:T:A,0,1,0.10542255640029907,modal,cuda,ELAC2:K562
ZNF622,K562,chr5:112766376:T:C,0,1,0.23231041431427002,modal,cuda,ELAC2:K562
ZNF622,K562,chr5:112766380:G:T,1,1,-0.8115556836128235,modal,cuda,ELAC2:K562
ZNF622,K562,chr5:112766383:C:T,1,1,-0.8354318141937256,modal,cuda,ELAC2:K562
ZNF622,K562,chr5:112766393:T:A,1,1,0.15171200037002563,modal,cuda,ELAC2:K562
ZNF622,K562,chr5:112766393:T:G,1,1,-0.7001733779907227,modal,cuda,ELAC2:K562
ZNF622,K562,chr5:112766396:T:A,1,1,0.44142234325408936,modal,cuda,ELAC2:K562
ZNF622,K562,chr5:112775629:G:T,1,1,-0.3813927173614502,modal,cuda,ELAC2:K562
ZNF622,K562,chr5:112775631:C:A,1,1,-0.3807002305984497,modal,cuda,ELAC2:K562
ZNF622,K562,chr5:112775654:A:T,1,1,-1.3126170635223389,modal,cuda,ELAC2:K562
ZNF622,K562,chr5:112775659:A:G,0,1,0.30772948265075684,modal,cuda,ELAC2:K562
ZNF622,K562,chr5:112775663:A:T,1,1,0.3284587860107422,modal,cuda,ELAC2:K562
ZNF622,K562,chr5:112775676:G:A,1,1,0.7296977043151855,modal,cuda,ELAC2:K562
ZNF622,K562,chr5:112775677:G:A,1,1,0.6952152252197266,modal,cuda,ELAC2:K562
ZNF622,K562,chr5:112775680:T:A,1,1,0.8861247301101685,modal,cuda,ELAC2:K562
ZNF622,K562,chr5:112775680:T:G,1,1,0.7653681039810181,modal,cuda,ELAC2:K562
ZNF622,K562,chr5:112775683:C:A,1,1,-0.09388208389282227,modal,cuda,ELAC2:K562
ZNF622,K562,chr5:112775683:C:G,1,1,0.08399039506912231,modal,cuda,ELAC2:K562
ZNF622,K562,chr5:112775687:C:T,1,1,-0.32417023181915283,modal,cuda,ELAC2:K562
ZNF622,K562,chr5:112775693:C:T,1,1,0.5016671419143677,modal,cuda,ELAC2:K562
ZNF622,K562,chr5:112775705:A:T,1,1,-0.3487202227115631,modal,cuda,ELAC2:K562
ZNF622,K562,chr5:112775727:T:G,1,1,1.0970373153686523,modal,cuda,ELAC2:K562
ZNF622,K562,chr5:112775731:T:C,0,1,-0.3835759162902832,modal,cuda,ELAC2:K562
ZNF622,K562,chr5:112775732:G:T,1,1,-0.3504064083099365,modal,cuda,ELAC2:K562
ZNF622,K562,chr5:112839284:G:A,0,1,-0.18241852521896362,modal,cuda,ELAC2:K562
ZNF622,K562,chr5:112839287:C:A,0,1,0.34313344955444336,modal,cuda,ELAC2:K562
ZNF622,K562,chr5:112839320:G:A,0,1,-0.5690782070159912,modal,cuda,ELAC2:K562
ZNF622,K562,chr5:113553178:C:T,0,1,-0.1780250072479248,modal,cuda,ELAC2:K562
ZNF622,K562,chr5:119475699:A:G,0,1,0.4723837375640869,modal,cuda,ELAC2:K562
ZNF622,K562,chr5:119478848:C:A,1,1,-1.5448248386383057,modal,cuda,ELAC2:K562
ZNF622,K562,chr5:119478931:C:T,1,1,-1.5801866054534912,modal,cuda,ELAC2:K562
ZNF622,K562,chr5:119489251:G:T,1,1,2.228588104248047,modal,cuda,ELAC2:K562
ZNF622,K562,chr5:119489276:T:A,1,1,2.034074068069458,modal,cuda,ELAC2:K562
ZNF622,K562,chr5:132587701:G:A,0,1,-0.1511293649673462,modal,cuda,ELAC2:K562
ZNF622,K562,chr5:132616000:T:C,0,1,0.4614538252353668,modal,cuda,ELAC2:K562
ZNF622,K562,chr5:132892418:C:T,0,1,1.0806174278259277,modal,cuda,ELAC2:K562
ZNF622,K562,chr5:132898403:T:C,0,1,-1.0486979484558105,modal,cuda,ELAC2:K562
ZNF622,K562,chr5:132904417:A:T,0,1,-0.06359779834747314,modal,cuda,ELAC2:K562
ZNF622,K562,chr5:140662219:C:T,0,1,0.435107946395874,modal,cuda,ELAC2:K562
ZNF622,K562,chr5:146144713:A:C,0,1,1.3327383995056152,modal,cuda,ELAC2:K562
ZNF622,K562,chr5:146149607:T:C,0,1,0.2518501281738281,modal,cuda,ELAC2:K562
ZNF622,K562,chr5:146172783:C:A,0,1,-1.2225761413574219,modal,cuda,ELAC2:K562
ZNF622,K562,chr5:146182580:G:A,0,1,0.2347698211669922,modal,cuda,ELAC2:K562
ZNF622,K562,chr5:169671117:A:G,0,1,-0.5457396507263184,modal,cuda,ELAC2:K562
ZNF622,K562,chr5:169747480:A:G,0,1,-0.27399730682373047,modal,cuda,ELAC2:K562
ZNF622,K562,chr5:175492180:A:G,0,1,0.6262240409851074,modal,cuda,ELAC2:K562
ZNF622,K562,chr5:175492244:G:A,0,1,0.4637848138809204,modal,cuda,ELAC2:K562
ZNF622,K562,chr5:177513085:G:C,1,1,-1.272125005722046,modal,cuda,ELAC2:K562
ZNF622,K562,chr5:177516003:C:T,0,1,-0.3337630033493042,modal,cuda,ELAC2:K562
ZNF622,K562,chr5:177516101:T:G,0,1,0.35141682624816895,modal,cuda,ELAC2:K562
ZNF622,K562,chr5:177516122:G:A,1,1,-0.4918125867843628,modal,cuda,ELAC2:K562
ZNF622,K562,chr5:177516167:G:A,1,1,0.7813918590545654,modal,cuda,ELAC2:K562
ZNF622,K562,chr5:177516188:T:A,1,1,0.5239415168762207,modal,cuda,ELAC2:K562
ZNF622,K562,chr5:177516312:G:A,1,1,1.2939121723175049,modal,cuda,ELAC2:K562
ZNF622,K562,chr5:177516342:G:A,1,1,1.3149340152740479,modal,cuda,ELAC2:K562
ZNF622,K562,chr5:177516396:G:A,1,1,1.5272736549377441,modal,cuda,ELAC2:K562
ZNF622,K562,chr5:177516451:A:C,0,1,0.36428284645080566,modal,cuda,ELAC2:K562
ZNF622,K562,chr5:179618141:G:A,0,1,1.0520086288452148,modal,cuda,ELAC2:K562
ZNF622,K562,chr5:32395185:T:C,0,1,0.8956928253173828,modal,cuda,ELAC2:K562
ZNF622,K562,chr5:32400161:A:G,0,1,0.24854505062103271,modal,cuda,ELAC2:K562
ZNF622,K562,chr5:33453311:G:A,0,1,0.5313320755958557,modal,cuda,ELAC2:K562
ZNF622,K562,chr5:33461250:G:A,0,1,0.49527931213378906,modal,cuda,ELAC2:K562
ZNF622,K562,chr5:34937646:G:A,0,1,1.4609277248382568,modal,cuda,ELAC2:K562
ZNF622,K562,chr5:36955641:A:G,1,1,1.5568664073944092,modal,cuda,ELAC2:K562
ZNF622,K562,chr5:36955642:G:A,1,1,1.9441728591918945,modal,cuda,ELAC2:K562
ZNF622,K562,chr5:37048695:T:C,0,1,-0.8264951705932617,modal,cuda,ELAC2:K562
ZNF622,K562,chr5:41842686:G:A,0,1,0.7573443651199341,modal,cuda,ELAC2:K562
ZNF622,K562,chr5:41842690:C:T,1,1,-0.7358648777008057,modal,cuda,ELAC2:K562
ZNF622,K562,chr5:41842697:G:A,1,1,1.6863303184509277,modal,cuda,ELAC2:K562
ZNF622,K562,chr5:41850114:C:A,0,1,-0.40047192573547363,modal,cuda,ELAC2:K562
ZNF622,K562,chr5:64769116:G:A,0,1,0.5785977840423584,modal,cuda,ELAC2:K562
ZNF622,K562,chr5:64800228:A:C,0,1,-1.0068552494049072,modal,cuda,ELAC2:K562
ZNF622,K562,chr5:64800242:T:C,0,1,1.101926326751709,modal,cuda,ELAC2:K562
ZNF622,K562,chr5:6620080:G:T,0,1,0.6063315868377686,modal,cuda,ELAC2:K562
ZNF622,K562,chr5:6632762:G:A,0,1,-0.30066508054733276,modal,cuda,ELAC2:K562
ZNF622,K562,chr5:6632929:C:T,0,1,0.5211244821548462,modal,cuda,ELAC2:K562
ZNF622,K562,chr5:71501672:G:C,0,1,-0.2864952087402344,modal,cuda,ELAC2:K562
ZNF622,K562,chr5:78175767:G:A,0,1,-0.20355260372161865,modal,cuda,ELAC2:K562
ZNF622,K562,chr5:78228133:C:T,0,1,-0.8522753715515137,modal,cuda,ELAC2:K562
ZNF622,K562,chr5:7878009:C:G,1,1,1.09794282913208,modal,cuda,ELAC2:K562
ZNF622,K562,chr5:7878079:T:C,0,1,-0.5381758213043213,modal,cuda,ELAC2:K562
ZNF622,K562,chr5:87338008:G:T,1,1,1.2448134422302246,modal,cuda,ELAC2:K562
ZNF622,K562,chr5:87338031:G:A,1,1,2.1408872604370117,modal,cuda,ELAC2:K562
ZNF622,K562,chr5:90653846:G:A,1,1,0.38747549057006836,modal,cuda,ELAC2:K562
ZNF622,K562,chr5:90653891:C:T,0,1,0.20313358306884766,modal,cuda,ELAC2:K562
ZNF622,K562,chr5:90675374:G:T,1,1,-0.774176836013794,modal,cuda,ELAC2:K562
ZNF622,K562,chr5:90757159:C:T,1,1,1.1149230003356934,modal,cuda,ELAC2:K562
ZNF622,K562,chr5:90763379:A:G,0,1,-0.8426967859268188,modal,cuda,ELAC2:K562
ZNF622,K562,chr5:90763406:G:A,1,1,-0.968949556350708,modal,cuda,ELAC2:K562
ZNF622,K562,chr5:90774261:C:T,1,1,1.8834311962127686,modal,cuda,ELAC2:K562
ZNF622,K562,chr5:90778942:G:A,0,1,0.649975061416626,modal,cuda,ELAC2:K562
ZNF622,K562,chr5:90778997:G:T,1,1,2.9874298572540283,modal,cuda,ELAC2:K562
ZNF622,K562,chr5:96722706:G:A,0,1,0.8130788803100586,modal,cuda,ELAC2:K562
ZNF622,K562,chr5:96750599:G:A,0,1,0.8455836772918701,modal,cuda,ELAC2:K562
ZNF622,K562,chr5:96750630:G:C,0,1,-1.27895188331604,modal,cuda,ELAC2:K562
ZNF622,K562,chr5:96757518:G:A,0,1,-0.8684592247009277,modal,cuda,ELAC2:K562
ZNF622,K562,chr5:96757668:T:C,0,1,-0.22978270053863525,modal,cuda,ELAC2:K562
ZNF622,K562,chr6:107893465:G:A,0,3,0.21679306030273438,modal,cuda,ELAC2:K562
ZNF622,K562,chr6:107912781:T:C,0,3,-0.2714569568634033,modal,cuda,ELAC2:K562
ZNF622,K562,chr6:107912792:T:C,0,3,0.6190255880355835,modal,cuda,ELAC2:K562
ZNF622,K562,chr6:135192546:T:C,0,3,-0.5984047651290894,modal,cuda,ELAC2:K562
ZNF622,K562,chr6:135195921:C:T,0,3,0.4153207540512085,modal,cuda,ELAC2:K562
ZNF622,K562,chr6:136269502:A:C,0,3,-0.18556737899780273,modal,cuda,ELAC2:K562
ZNF622,K562,chr6:136269560:C:T,0,3,0.3811221718788147,modal,cuda,ELAC2:K562
ZNF622,K562,chr6:143857408:A:G,1,3,0.4263277053833008,modal,cuda,ELAC2:K562
ZNF622,K562,chr6:149370046:C:T,1,3,1.2194159030914307,modal,cuda,ELAC2:K562
ZNF622,K562,chr6:15627391:G:A,1,3,0.7564377784729004,modal,cuda,ELAC2:K562
ZNF622,K562,chr6:15627493:G:A,0,3,0.47772300243377686,modal,cuda,ELAC2:K562
ZNF622,K562,chr6:15637789:C:T,1,3,0.11718761920928955,modal,cuda,ELAC2:K562
ZNF622,K562,chr6:15662887:T:C,0,3,-0.11707115173339844,modal,cuda,ELAC2:K562
ZNF622,K562,chr6:157198793:T:A,0,3,0.3652684688568115,modal,cuda,ELAC2:K562
ZNF622,K562,chr6:157198804:A:G,0,3,-0.3318733870983124,modal,cuda,ELAC2:K562
ZNF622,K562,chr6:158770756:C:T,0,3,0.4151163101196289,modal,cuda,ELAC2:K562
ZNF622,K562,chr6:163415344:C:T,0,3,-0.2424755096435547,modal,cuda,ELAC2:K562
ZNF622,K562,chr6:24777238:A:G,0,3,-1.1657631397247314,modal,cuda,ELAC2:K562
ZNF622,K562,chr6:24781633:T:C,0,3,0.15286743640899658,modal,cuda,ELAC2:K562
ZNF622,K562,chr6:24784433:A:T,0,3,-0.20800775289535522,modal,cuda,ELAC2:K562
ZNF622,K562,chr6:30608824:T:C,0,3,0.2489314079284668,modal,cuda,ELAC2:K562
ZNF622,K562,chr6:31687869:G:A,1,3,-0.5714471340179443,modal,cuda,ELAC2:K562
ZNF622,K562,chr6:31740551:C:T,0,3,-0.06504225730895996,modal,cuda,ELAC2:K562
ZNF622,K562,chr6:31742911:G:A,0,3,0.45342159271240234,modal,cuda,ELAC2:K562
ZNF622,K562,chr6:31759476:G:T,1,3,-0.2255305051803589,modal,cuda,ELAC2:K562
ZNF622,K562,chr6:31761582:A:G,0,3,-0.6386299133300781,modal,cuda,ELAC2:K562
ZNF622,K562,chr6:31762148:C:T,0,3,0.12357497215270996,modal,cuda,ELAC2:K562
ZNF622,K562,chr6:31896633:C:T,0,3,0.05724726617336273,modal,cuda,ELAC2:K562
ZNF622,K562,chr6:33438924:G:A,1,3,0.8222098350524902,modal,cuda,ELAC2:K562
ZNF622,K562,chr6:33440713:C:T,0,3,0.16787374019622803,modal,cuda,ELAC2:K562
ZNF622,K562,chr6:33440726:C:G,1,3,-0.8810163736343384,modal,cuda,ELAC2:K562
ZNF622,K562,chr6:38761806:T:G,0,3,0.35353899002075195,modal,cuda,ELAC2:K562
ZNF622,K562,chr6:38805477:A:G,0,3,0.3647177219390869,modal,cuda,ELAC2:K562
ZNF622,K562,chr6:4031721:A:G,0,3,0.08143603801727295,modal,cuda,ELAC2:K562
ZNF622,K562,chr6:4052813:A:G,0,3,-0.28545236587524414,modal,cuda,ELAC2:K562
ZNF622,K562,chr6:43626216:G:C,0,3,-0.12567013502120972,modal,cuda,ELAC2:K562
ZNF622,K562,chr6:43770931:G:A,0,3,0.20759376883506775,modal,cuda,ELAC2:K562
ZNF622,K562,chr6:44406319:A:G,0,3,0.23389804363250732,modal,cuda,ELAC2:K562
ZNF622,K562,chr6:47554621:G:A,0,3,-0.4612482786178589,modal,cuda,ELAC2:K562
ZNF622,K562,chr6:47609328:G:A,0,3,-0.25014567375183105,modal,cuda,ELAC2:K562
ZNF622,K562,chr6:47624247:C:G,0,3,0.5039346218109131,modal,cuda,ELAC2:K562
ZNF622,K562,chr6:63684419:G:A,0,3,0.5158395767211914,modal,cuda,ELAC2:K562
ZNF622,K562,chr6:75678807:A:T,0,3,-0.46299582719802856,modal,cuda,ELAC2:K562
ZNF622,K562,chr6:75892557:C:T,1,3,-0.24686312675476074,modal,cuda,ELAC2:K562
ZNF622,K562,chr6:78963079:G:A,0,3,0.7413272857666016,modal,cuda,ELAC2:K562
ZNF622,K562,chr6:78997395:A:C,0,3,0.8157670497894287,modal,cuda,ELAC2:K562
ZNF622,K562,chr6:78997408:C:T,0,3,-0.4517054557800293,modal,cuda,ELAC2:K562
ZNF622,K562,chr6:79016535:A:T,0,3,-0.319707989692688,modal,cuda,ELAC2:K562
ZNF622,K562,chr6:84760371:G:A,0,3,0.3820453882217407,modal,cuda,ELAC2:K562
ZNF622,K562,chr6:84760382:G:C,0,3,-0.27171075344085693,modal,cuda,ELAC2:K562
ZNF622,K562,chr7:100628319:G:T,0,2,0.19880011677742004,modal,cuda,ELAC2:K562
ZNF622,K562,chr7:100683384:G:A,1,2,0.24933171272277832,modal,cuda,ELAC2:K562
ZNF622,K562,chr7:100686291:T:C,0,2,-0.13072776794433594,modal,cuda,ELAC2:K562
ZNF622,K562,chr7:100687818:C:G,0,2,-0.3694973587989807,modal,cuda,ELAC2:K562
ZNF622,K562,chr7:101916233:G:A,0,2,0.8207258582115173,modal,cuda,ELAC2:K562
ZNF622,K562,chr7:102097441:C:T,1,2,-0.4001599848270416,modal,cuda,ELAC2:K562
ZNF622,K562,chr7:102111780:A:G,0,2,-0.2307605743408203,modal,cuda,ELAC2:K562
ZNF622,K562,chr7:102197098:C:T,1,2,0.4557455778121948,modal,cuda,ELAC2:K562
ZNF622,K562,chr7:102234174:C:T,1,2,-0.30019432306289673,modal,cuda,ELAC2:K562
ZNF622,K562,chr7:102234181:G:A,1,2,-0.30755096673965454,modal,cuda,ELAC2:K562
ZNF622,K562,chr7:105073612:A:G,0,2,1.2135778665542603,modal,cuda,ELAC2:K562
ZNF622,K562,chr7:105073615:G:A,0,2,-0.47672009468078613,modal,cuda,ELAC2:K562
ZNF622,K562,chr7:105076959:T:G,0,2,1.5194711685180664,modal,cuda,ELAC2:K562
ZNF622,K562,chr7:105077438:A:G,0,2,-0.2279348373413086,modal,cuda,ELAC2:K562
ZNF622,K562,chr7:105090278:T:C,0,2,-1.0827476978302002,modal,cuda,ELAC2:K562
ZNF622,K562,chr7:105536641:T:G,1,2,1.103583574295044,modal,cuda,ELAC2:K562
ZNF622,K562,chr7:105542548:G:A,0,2,0.4650813937187195,modal,cuda,ELAC2:K562
ZNF622,K562,chr7:105542599:C:T,0,2,0.3262731730937958,modal,cuda,ELAC2:K562
ZNF622,K562,chr7:105546937:C:T,0,2,-0.32407015562057495,modal,cuda,ELAC2:K562
ZNF622,K562,chr7:107362044:C:A,1,2,-0.6469736099243164,modal,cuda,ELAC2:K562
ZNF622,K562,chr7:107362059:T:C,0,2,-0.26880964636802673,modal,cuda,ELAC2:K562
ZNF622,K562,chr7:107527288:G:A,1,2,0.4090421199798584,modal,cuda,ELAC2:K562
ZNF622,K562,chr7:107548274:G:T,0,2,-0.356035053730011,modal,cuda,ELAC2:K562
ZNF622,K562,chr7:107548350:T:C,0,2,0.46684515476226807,modal,cuda,ELAC2:K562
ZNF622,K562,chr7:107554320:A:T,1,2,1.474840760231018,modal,cuda,ELAC2:K562
ZNF622,K562,chr7:107902375:T:C,0,2,-0.6337634325027466,modal,cuda,ELAC2:K562
ZNF622,K562,chr7:112456015:T:A,0,2,-0.08546221256256104,modal,cuda,ELAC2:K562
ZNF622,K562,chr7:112456018:T:C,0,2,-0.42325329780578613,modal,cuda,ELAC2:K562
ZNF622,K562,chr7:128806733:G:A,0,2,0.3170816898345947,modal,cuda,ELAC2:K562
ZNF622,K562,chr7:140777971:A:G,0,2,0.18132540583610535,modal,cuda,ELAC2:K562
ZNF622,K562,chr7:140781711:A:C,0,2,0.6920010447502136,modal,cuda,ELAC2:K562
ZNF622,K562,chr7:1435155:G:A,0,2,0.2963324785232544,modal,cuda,ELAC2:K562
ZNF622,K562,chr7:148817868:G:T,0,2,0.6422992944717407,modal,cuda,ELAC2:K562
ZNF622,K562,chr7:148827145:C:G,0,2,-1.0173286199569702,modal,cuda,ELAC2:K562
ZNF622,K562,chr7:148846483:C:T,0,2,0.8069946765899658,modal,cuda,ELAC2:K562
ZNF622,K562,chr7:148846484:G:A,0,2,1.3179950714111328,modal,cuda,ELAC2:K562
ZNF622,K562,chr7:152146594:C:T,1,2,-0.941886305809021,modal,cuda,ELAC2:K562
ZNF622,K562,chr7:152162101:T:C,0,2,0.27346882224082947,modal,cuda,ELAC2:K562
ZNF622,K562,chr7:152249866:T:A,0,2,-0.9790763854980469,modal,cuda,ELAC2:K562
ZNF622,K562,chr7:152309960:A:G,0,2,-0.4730048179626465,modal,cuda,ELAC2:K562
ZNF622,K562,chr7:152309963:T:C,0,2,0.8701910972595215,modal,cuda,ELAC2:K562
ZNF622,K562,chr7:157366482:A:G,0,2,-0.16816163063049316,modal,cuda,ELAC2:K562
ZNF622,K562,chr7:158856682:A:G,0,2,-0.3455011248588562,modal,cuda,ELAC2:K562
ZNF622,K562,chr7:158876680:C:T,1,2,0.6021010875701904,modal,cuda,ELAC2:K562
ZNF622,K562,chr7:158879714:C:G,0,2,0.3540327847003937,modal,cuda,ELAC2:K562
ZNF622,K562,chr7:158879785:C:G,0,2,-0.07511672377586365,modal,cuda,ELAC2:K562
ZNF622,K562,chr7:158879928:A:G,0,2,-0.06857013702392578,modal,cuda,ELAC2:K562
ZNF622,K562,chr7:158901839:T:C,0,2,0.970401406288147,modal,cuda,ELAC2:K562
ZNF622,K562,chr7:158913110:C:G,0,2,0.6810436248779297,modal,cuda,ELAC2:K562
ZNF622,K562,chr7:158914326:A:G,0,2,-0.5053455829620361,modal,cuda,ELAC2:K562
ZNF622,K562,chr7:158914340:T:C,0,2,-0.3312720060348511,modal,cuda,ELAC2:K562
ZNF622,K562,chr7:26193569:T:C,0,2,0.21979522705078125,modal,cuda,ELAC2:K562
ZNF622,K562,chr7:26195828:A:G,0,2,0.23936428129673004,modal,cuda,ELAC2:K562
ZNF622,K562,chr7:26195916:G:C,0,2,-0.2053644061088562,modal,cuda,ELAC2:K562
ZNF622,K562,chr7:26195928:A:G,0,2,0.24086374044418335,modal,cuda,ELAC2:K562
ZNF622,K562,chr7:26196383:G:A,0,2,0.2663593292236328,modal,cuda,ELAC2:K562
ZNF622,K562,chr7:26197609:G:A,0,2,-0.20167326927185059,modal,cuda,ELAC2:K562
ZNF622,K562,chr7:26197618:A:G,0,2,0.6642042398452759,modal,cuda,ELAC2:K562
ZNF622,K562,chr7:33035961:A:G,0,2,-0.28397607803344727,modal,cuda,ELAC2:K562
ZNF622,K562,chr7:36422616:T:C,0,2,-0.5733540058135986,modal,cuda,ELAC2:K562
ZNF622,K562,chr7:38795435:C:T,0,2,0.5322282314300537,modal,cuda,ELAC2:K562
ZNF622,K562,chr7:38869276:T:C,0,2,-0.41335633397102356,modal,cuda,ELAC2:K562
ZNF622,K562,chr7:50391877:G:A,0,2,0.19567734003067017,modal,cuda,ELAC2:K562
ZNF622,K562,chr7:6037542:T:A,0,2,-0.2672662138938904,modal,cuda,ELAC2:K562
ZNF622,K562,chr7:8158650:T:C,0,2,-0.11548483371734619,modal,cuda,ELAC2:K562
ZNF622,K562,chr7:843451:G:A,0,2,0.09240531921386719,modal,cuda,ELAC2:K562
ZNF622,K562,chr7:843468:C:T,0,2,0.1491582989692688,modal,cuda,ELAC2:K562
ZNF622,K562,chr7:92044988:G:A,0,2,-0.29851508140563965,modal,cuda,ELAC2:K562
ZNF622,K562,chr7:92045220:G:C,0,2,-0.17342424392700195,modal,cuda,ELAC2:K562
ZNF622,K562,chr8:105419294:G:A,0,0,0.46935462951660156,modal,cuda,ELAC2:K562
ZNF622,K562,chr8:105444272:T:G,0,0,-0.24893897771835327,modal,cuda,ELAC2:K562
ZNF622,K562,chr8:105444338:A:G,0,0,0.18773210048675537,modal,cuda,ELAC2:K562
ZNF622,K562,chr8:105444372:G:A,0,0,0.2363814115524292,modal,cuda,ELAC2:K562
ZNF622,K562,chr8:105561410:C:T,1,0,0.5869396328926086,modal,cuda,ELAC2:K562
ZNF622,K562,chr8:105634241:T:C,0,0,0.33203601837158203,modal,cuda,ELAC2:K562
ZNF622,K562,chr8:131986197:A:G,0,0,-0.666084885597229,modal,cuda,ELAC2:K562
ZNF622,K562,chr8:132804667:A:G,0,0,-0.8661901354789734,modal,cuda,ELAC2:K562
ZNF622,K562,chr8:143334803:G:C,0,0,0.7102905511856079,modal,cuda,ELAC2:K562
ZNF622,K562,chr8:144443098:C:T,0,0,1.2963948249816895,modal,cuda,ELAC2:K562
ZNF622,K562,chr8:144517085:G:A,1,0,-0.4110584259033203,modal,cuda,ELAC2:K562
ZNF622,K562,chr8:17957605:G:A,0,0,0.24616825580596924,modal,cuda,ELAC2:K562
ZNF622,K562,chr8:17960417:A:G,0,0,-0.6254063844680786,modal,cuda,ELAC2:K562
ZNF622,K562,chr8:17964628:C:T,0,0,0.6423966884613037,modal,cuda,ELAC2:K562
ZNF622,K562,chr8:18011284:G:C,0,0,-0.2241222858428955,modal,cuda,ELAC2:K562
ZNF622,K562,chr8:18011290:T:C,0,0,-0.12926244735717773,modal,cuda,ELAC2:K562
ZNF622,K562,chr8:1876749:C:T,0,0,-0.45064401626586914,modal,cuda,ELAC2:K562
ZNF622,K562,chr8:20210652:T:G,0,0,0.7792491912841797,modal,cuda,ELAC2:K562
ZNF622,K562,chr8:20211172:A:G,0,0,-0.49820446968078613,modal,cuda,ELAC2:K562
ZNF622,K562,chr8:26291742:C:G,0,0,0.3449063301086426,modal,cuda,ELAC2:K562
ZNF622,K562,chr8:30612288:A:C,0,0,-0.5871769785881042,modal,cuda,ELAC2:K562
ZNF622,K562,chr8:30612294:A:G,0,0,-0.20859509706497192,modal,cuda,ELAC2:K562
ZNF622,K562,chr8:31033887:C:G,0,0,-0.7443965077400208,modal,cuda,ELAC2:K562
ZNF622,K562,chr8:31088887:C:A,0,0,-0.5272226333618164,modal,cuda,ELAC2:K562
ZNF622,K562,chr8:37753541:G:A,0,0,0.6274571418762207,modal,cuda,ELAC2:K562
ZNF622,K562,chr8:38997141:C:A,0,0,0.539070725440979,modal,cuda,ELAC2:K562
ZNF622,K562,chr8:39017298:C:T,1,0,-0.9041723608970642,modal,cuda,ELAC2:K562
ZNF622,K562,chr8:39018885:T:G,1,0,-0.9491358995437622,modal,cuda,ELAC2:K562
ZNF622,K562,chr8:41974831:A:T,0,0,0.8706904649734497,modal,cuda,ELAC2:K562
ZNF622,K562,chr8:42308940:G:A,1,0,0.16365909576416016,modal,cuda,ELAC2:K562
ZNF622,K562,chr8:42318584:C:T,1,0,-0.8414413332939148,modal,cuda,ELAC2:K562
ZNF622,K562,chr8:42319334:C:T,1,0,-0.705798864364624,modal,cuda,ELAC2:K562
ZNF622,K562,chr8:42319372:C:T,0,0,0.43677663803100586,modal,cuda,ELAC2:K562
ZNF622,K562,chr8:60800447:G:T,0,0,0.3283470869064331,modal,cuda,ELAC2:K562
ZNF622,K562,chr8:60800520:C:T,1,0,-0.20847737789154053,modal,cuda,ELAC2:K562
ZNF622,K562,chr8:60800523:C:T,1,0,0.17213821411132812,modal,cuda,ELAC2:K562
ZNF622,K562,chr8:60821905:G:A,0,0,-0.2888745665550232,modal,cuda,ELAC2:K562
ZNF622,K562,chr8:60821907:G:T,1,0,0.760087251663208,modal,cuda,ELAC2:K562
ZNF622,K562,chr8:60821928:G:T,1,0,0.3546452522277832,modal,cuda,ELAC2:K562
ZNF622,K562,chr8:61714445:A:G,0,0,0.48732519149780273,modal,cuda,ELAC2:K562
ZNF622,K562,chr8:61714548:C:G,0,0,-0.37160396575927734,modal,cuda,ELAC2:K562
ZNF622,K562,chr8:67086036:G:T,1,0,-0.6016637682914734,modal,cuda,ELAC2:K562
ZNF622,K562,chr8:67086101:T:A,1,0,0.6451586484909058,modal,cuda,ELAC2:K562
ZNF622,K562,chr8:89970575:C:T,0,0,0.24524319171905518,modal,cuda,ELAC2:K562
ZNF622,K562,chr8:91070403:G:T,1,0,-0.4509546160697937,modal,cuda,ELAC2:K562
ZNF622,K562,chr8:91071196:A:G,0,0,-0.28587889671325684,modal,cuda,ELAC2:K562
ZNF622,K562,chr8:91078345:G:C,0,0,-0.15237772464752197,modal,cuda,ELAC2:K562
ZNF622,K562,chr8:96231837:C:T,0,0,-0.6793315410614014,modal,cuda,ELAC2:K562
ZNF622,K562,chr8:96785338:T:C,0,0,0.38719868659973145,modal,cuda,ELAC2:K562
ZNF622,K562,chr8:99013930:G:T,1,0,0.6830332279205322,modal,cuda,ELAC2:K562
ZNF622,K562,chr8:99013933:C:T,1,0,0.40124034881591797,modal,cuda,ELAC2:K562
ZNF622,K562,chr8:99103087:G:T,1,0,-1.262242317199707,modal,cuda,ELAC2:K562
ZNF622,K562,chr8:99121282:G:A,1,0,1.151301383972168,modal,cuda,ELAC2:K562
ZNF622,K562,chr8:99121389:A:T,1,0,-0.6341910362243652,modal,cuda,ELAC2:K562
ZNF622,K562,chr9:108926548:C:T,0,4,0.25351452827453613,modal,cuda,ELAC2:K562
ZNF622,K562,chr9:113390786:G:A,0,4,0.1639467477798462,modal,cuda,ELAC2:K562
ZNF622,K562,chr9:114377474:G:A,0,4,0.22621536254882812,modal,cuda,ELAC2:K562
ZNF622,K562,chr9:120518459:G:A,1,4,0.7559404373168945,modal,cuda,ELAC2:K562
ZNF622,K562,chr9:120518631:A:C,1,4,-1.2151873111724854,modal,cuda,ELAC2:K562
ZNF622,K562,chr9:120527932:T:C,0,4,0.4744739532470703,modal,cuda,ELAC2:K562
ZNF622,K562,chr9:120530076:C:A,1,4,-0.2740554213523865,modal,cuda,ELAC2:K562
ZNF622,K562,chr9:120530103:C:A,1,4,-1.097170114517212,modal,cuda,ELAC2:K562
ZNF622,K562,chr9:120545742:C:A,1,4,0.8608982563018799,modal,cuda,ELAC2:K562
ZNF622,K562,chr9:120545794:C:T,0,4,-0.4942195415496826,modal,cuda,ELAC2:K562
ZNF622,K562,chr9:120571998:G:C,0,4,0.5150864124298096,modal,cuda,ELAC2:K562
ZNF622,K562,chr9:120579981:C:A,0,4,-1.1171177625656128,modal,cuda,ELAC2:K562
ZNF622,K562,chr9:120579997:A:G,0,4,-0.2589842975139618,modal,cuda,ELAC2:K562
ZNF622,K562,chr9:125305140:G:A,0,4,0.32839488983154297,modal,cuda,ELAC2:K562
ZNF622,K562,chr9:125341197:C:T,0,4,0.9249011278152466,modal,cuda,ELAC2:K562
ZNF622,K562,chr9:127653801:G:A,1,4,-0.31991368532180786,modal,cuda,ELAC2:K562
ZNF622,K562,chr9:127672048:C:T,0,4,0.47186923027038574,modal,cuda,ELAC2:K562
ZNF622,K562,chr9:127672123:C:T,0,4,0.25207090377807617,modal,cuda,ELAC2:K562
ZNF622,K562,chr9:128176337:G:A,0,4,0.3104116916656494,modal,cuda,ELAC2:K562
ZNF622,K562,chr9:128177787:C:T,0,4,0.8673686981201172,modal,cuda,ELAC2:K562
ZNF622,K562,chr9:128178351:A:G,0,4,-0.4719778895378113,modal,cuda,ELAC2:K562
ZNF622,K562,chr9:128179427:C:A,0,4,-0.402543306350708,modal,cuda,ELAC2:K562
ZNF622,K562,chr9:128222864:C:T,0,4,0.37804603576660156,modal,cuda,ELAC2:K562
ZNF622,K562,chr9:128692656:G:A,0,4,-0.26581764221191406,modal,cuda,ELAC2:K562
ZNF622,K562,chr9:128693813:G:C,1,4,0.7606906890869141,modal,cuda,ELAC2:K562
ZNF622,K562,chr9:129049921:C:T,0,4,0.42530834674835205,modal,cuda,ELAC2:K562
ZNF622,K562,chr9:130703746:G:A,0,4,0.7512800693511963,modal,cuda,ELAC2:K562
ZNF622,K562,chr9:130703765:G:A,0,4,0.7545368671417236,modal,cuda,ELAC2:K562
ZNF622,K562,chr9:131511459:C:A,1,4,0.9589756727218628,modal,cuda,ELAC2:K562
ZNF622,K562,chr9:132905888:C:A,1,4,-1.1435035467147827,modal,cuda,ELAC2:K562
ZNF622,K562,chr9:132905930:G:A,1,4,0.7510014772415161,modal,cuda,ELAC2:K562
ZNF622,K562,chr9:137088097:T:A,1,4,-0.3816603422164917,modal,cuda,ELAC2:K562
ZNF622,K562,chr9:137088099:C:T,1,4,0.5150637626647949,modal,cuda,ELAC2:K562
ZNF622,K562,chr9:137096255:C:T,1,4,0.3906291127204895,modal,cuda,ELAC2:K562
ZNF622,K562,chr9:137096361:C:T,0,4,0.6899675130844116,modal,cuda,ELAC2:K562
ZNF622,K562,chr9:137096401:G:A,0,4,0.5195939540863037,modal,cuda,ELAC2:K562
ZNF622,K562,chr9:137710980:G:T,0,4,1.513619303703308,modal,cuda,ELAC2:K562
ZNF622,K562,chr9:137710987:G:A,0,4,0.5310630798339844,modal,cuda,ELAC2:K562
ZNF622,K562,chr9:137710991:C:T,1,4,-0.6279615163803101,modal,cuda,ELAC2:K562
ZNF622,K562,chr9:137711036:G:A,0,4,-0.21090686321258545,modal,cuda,ELAC2:K562
ZNF622,K562,chr9:137716599:C:G,0,4,-0.5089708566665649,modal,cuda,ELAC2:K562
ZNF622,K562,chr9:137716631:C:G,0,4,0.44886600971221924,modal,cuda,ELAC2:K562
ZNF622,K562,chr9:137813179:C:G,0,4,0.33869946002960205,modal,cuda,ELAC2:K562
ZNF622,K562,chr9:2104184:C:T,0,4,-0.4279193878173828,modal,cuda,ELAC2:K562
ZNF622,K562,chr9:2104193:C:T,0,4,0.7402817010879517,modal,cuda,ELAC2:K562
ZNF622,K562,chr9:2104194:G:A,0,4,0.861319899559021,modal,cuda,ELAC2:K562
ZNF622,K562,chr9:32986042:A:C,0,4,-0.2845348119735718,modal,cuda,ELAC2:K562
ZNF622,K562,chr9:35684743:G:A,1,4,0.5311627388000488,modal,cuda,ELAC2:K562
ZNF622,K562,chr9:35684765:G:C,1,4,0.4135776460170746,modal,cuda,ELAC2:K562
ZNF622,K562,chr9:449770:C:T,0,4,0.485257625579834,modal,cuda,ELAC2:K562
ZNF622,K562,chr9:4841222:C:T,0,4,1.5428966283798218,modal,cuda,ELAC2:K562
ZNF622,K562,chr9:6849518:A:G,0,4,0.8191943168640137,modal,cuda,ELAC2:K562
ZNF622,K562,chr9:69216482:T:C,0,4,-0.24577797949314117,modal,cuda,ELAC2:K562
ZNF622,K562,chr9:69218371:G:T,0,4,-0.6193091869354248,modal,cuda,ELAC2:K562
ZNF622,K562,chr9:73163535:A:G,0,4,0.4736485481262207,modal,cuda,ELAC2:K562
ZNF622,K562,chr9:77200003:T:C,0,4,-0.7297664880752563,modal,cuda,ELAC2:K562
ZNF622,K562,chr9:83977684:T:C,0,4,-0.6652181148529053,modal,cuda,ELAC2:K562
ZNF622,K562,chr9:85942286:G:A,0,4,-0.964756965637207,modal,cuda,ELAC2:K562
ZNF622,K562,chr9:87640793:C:G,0,4,0.37017393112182617,modal,cuda,ELAC2:K562
ZNF622,K562,chr9:89325602:C:T,1,4,1.4037528038024902,modal,cuda,ELAC2:K562
ZNF622,K562,chr9:89325666:C:T,0,4,-0.10848617553710938,modal,cuda,ELAC2:K562
ZNF622,K562,chr9:89348221:A:C,0,4,-0.7609913349151611,modal,cuda,ELAC2:K562
ZNF622,K562,chr9:92080044:A:C,1,4,-0.8361823558807373,modal,cuda,ELAC2:K562
ZNF622,K562,chr9:92080045:C:T,1,4,-1.4202735424041748,modal,cuda,ELAC2:K562
ZNF622,K562,chr9:92269937:G:A,1,4,0.6387267112731934,modal,cuda,ELAC2:K562
ZNF622,K562,chr9:92729015:C:A,0,4,0.5375851988792419,modal,cuda,ELAC2:K562
ZNF622,K562,chr9:92764485:G:T,0,4,0.46971285343170166,modal,cuda,ELAC2:K562
ZNF622,K562,chr9:95880990:T:G,1,4,-0.6271193027496338,modal,cuda,ELAC2:K562
ZNF622,K562,chr9:97343500:C:G,0,4,1.5205650329589844,modal,cuda,ELAC2:K562
ZNF622,K562,chr9:97675549:C:A,1,4,-0.31541234254837036,modal,cuda,ELAC2:K562
ZNF622,K562,chr9:97675557:C:T,1,4,0.15134286880493164,modal,cuda,ELAC2:K562
ZNF622,K562,chr9:97675579:G:A,1,4,0.7992349863052368,modal,cuda,ELAC2:K562
ZNF622,K562,chr9:97675584:A:T,1,4,-0.7396411895751953,modal,cuda,ELAC2:K562
ZNF622,K562,chr9:97693679:G:A,1,4,-0.7668336629867554,modal,cuda,ELAC2:K562
ZNF622,K562,chr9:97693694:C:A,1,4,0.6404149532318115,modal,cuda,ELAC2:K562
ZNF622,K562,chr9:97697296:T:C,0,4,-0.5665339827537537,modal,cuda,ELAC2:K562
ZNF622,K562,chr9:97983620:A:G,0,4,0.24464142322540283,modal,cuda,ELAC2:K562
ZNF622,K562,chr9:98849093:A:C,0,4,-1.2682687044143677,modal,cuda,ELAC2:K562
ZNF622,K562,chr9:98849098:C:T,0,4,1.0689263343811035,modal,cuda,ELAC2:K562
ZNF622,K562,chr9:98849099:G:A,0,4,0.4920182228088379,modal,cuda,ELAC2:K562
ZNF622,K562,chr9:98849100:T:C,0,4,-0.909532904624939,modal,cuda,ELAC2:K562
ZNF622,K562,chr9:98849159:A:T,0,4,-0.5149383544921875,modal,cuda,ELAC2:K562
ZNF622,K562,chrX:101370087:G:A,0,2,0.5773464441299438,modal,cuda,ELAC2:K562
ZNF622,K562,chrX:101370099:G:T,0,2,0.27119746804237366,modal,cuda,ELAC2:K562
ZNF622,K562,chrX:111685000:A:G,1,2,0.18575561046600342,modal,cuda,ELAC2:K562
ZNF622,K562,chrX:111685008:C:G,0,2,0.39702820777893066,modal,cuda,ELAC2:K562
ZNF622,K562,chrX:111718113:T:C,0,2,-0.7128024697303772,modal,cuda,ELAC2:K562
ZNF622,K562,chrX:111718210:A:C,0,2,-0.1870253086090088,modal,cuda,ELAC2:K562
ZNF622,K562,chrX:111724973:A:G,0,2,0.9396364688873291,modal,cuda,ELAC2:K562
ZNF622,K562,chrX:119852767:G:C,0,2,-0.07290709018707275,modal,cuda,ELAC2:K562
ZNF622,K562,chrX:119852941:C:G,0,2,0.10606922209262848,modal,cuda,ELAC2:K562
ZNF622,K562,chrX:119931930:G:A,0,2,0.46005916595458984,modal,cuda,ELAC2:K562
ZNF622,K562,chrX:119936448:T:A,0,2,-0.21383339166641235,modal,cuda,ELAC2:K562
ZNF622,K562,chrX:123614042:T:A,0,2,-0.3650434613227844,modal,cuda,ELAC2:K562
ZNF622,K562,chrX:124045161:T:C,0,2,0.19737163186073303,modal,cuda,ELAC2:K562
ZNF622,K562,chrX:132054721:C:T,0,2,0.1639864444732666,modal,cuda,ELAC2:K562
ZNF622,K562,chrX:147928736:T:C,0,2,-0.21469032764434814,modal,cuda,ELAC2:K562
ZNF622,K562,chrX:147928802:G:A,0,2,-0.1306476593017578,modal,cuda,ELAC2:K562
ZNF622,K562,chrX:147945624:C:A,0,2,-0.15615078806877136,modal,cuda,ELAC2:K562
ZNF622,K562,chrX:153672995:G:A,0,2,-0.09955358505249023,modal,cuda,ELAC2:K562
ZNF622,K562,chrX:154764985:G:T,0,2,-0.2978210747241974,modal,cuda,ELAC2:K562
ZNF622,K562,chrX:154768445:G:A,0,2,0.35856878757476807,modal,cuda,ELAC2:K562
ZNF622,K562,chrX:154770779:G:A,0,2,0.05074453353881836,modal,cuda,ELAC2:K562
ZNF622,K562,chrX:154770812:T:A,1,2,1.052455186843872,modal,cuda,ELAC2:K562
ZNF622,K562,chrX:154770821:C:T,0,2,-0.04186880588531494,modal,cuda,ELAC2:K562
ZNF622,K562,chrX:154773152:C:T,1,2,0.9313503503799438,modal,cuda,ELAC2:K562
ZNF622,K562,chrX:154773237:T:G,0,2,0.13709084689617157,modal,cuda,ELAC2:K562
ZNF622,K562,chrX:154774602:G:A,1,2,-0.177018404006958,modal,cuda,ELAC2:K562
ZNF622,K562,chrX:154774651:G:A,1,2,0.15198922157287598,modal,cuda,ELAC2:K562
ZNF622,K562,chrX:154774706:G:A,1,2,0.30861568450927734,modal,cuda,ELAC2:K562
ZNF622,K562,chrX:154776193:C:G,1,2,0.6109865307807922,modal,cuda,ELAC2:K562
ZNF622,K562,chrX:154776216:C:T,0,2,0.35261738300323486,modal,cuda,ELAC2:K562
ZNF622,K562,chrX:154776279:G:A,0,2,-0.07753944396972656,modal,cuda,ELAC2:K562
ZNF622,K562,chrX:154776309:C:T,0,2,0.36918896436691284,modal,cuda,ELAC2:K562
ZNF622,K562,chrX:154776873:G:A,0,2,-0.40798473358154297,modal,cuda,ELAC2:K562
ZNF622,K562,chrX:19359031:T:G,0,2,-0.15951192378997803,modal,cuda,ELAC2:K562
ZNF622,K562,chrX:19359466:T:C,0,2,0.5898234844207764,modal,cuda,ELAC2:K562
ZNF622,K562,chrX:19359471:C:T,0,2,-0.19366955757141113,modal,cuda,ELAC2:K562
ZNF622,K562,chrX:19359480:A:C,0,2,0.5769845247268677,modal,cuda,ELAC2:K562
ZNF622,K562,chrX:24714568:G:A,0,2,0.5175280570983887,modal,cuda,ELAC2:K562
ZNF622,K562,chrX:24717403:A:G,0,2,0.0472259521484375,modal,cuda,ELAC2:K562
ZNF622,K562,chrX:24717567:G:T,0,2,-0.4236961901187897,modal,cuda,ELAC2:K562
ZNF622,K562,chrX:24727827:C:T,0,2,-0.41034388542175293,modal,cuda,ELAC2:K562
ZNF622,K562,chrX:24727883:G:A,0,2,-0.3818798065185547,modal,cuda,ELAC2:K562
ZNF622,K562,chrX:24727885:G:A,0,2,-0.7071095705032349,modal,cuda,ELAC2:K562
ZNF622,K562,chrX:24737683:A:G,0,2,0.21137678623199463,modal,cuda,ELAC2:K562
ZNF622,K562,chrX:24748466:T:C,0,2,-0.18350958824157715,modal,cuda,ELAC2:K562
ZNF622,K562,chrX:31820032:G:A,1,2,-0.6675188541412354,modal,cuda,ELAC2:K562
ZNF622,K562,chrX:31820053:T:A,1,2,0.5457684397697449,modal,cuda,ELAC2:K562
ZNF622,K562,chrX:31820098:C:T,0,2,0.4315977096557617,modal,cuda,ELAC2:K562
ZNF622,K562,chrX:31836729:G:A,1,2,0.8156493902206421,modal,cuda,ELAC2:K562
ZNF622,K562,chrX:31836759:G:A,1,2,0.532678484916687,modal,cuda,ELAC2:K562
ZNF622,K562,chrX:31836801:G:A,1,2,-0.44221317768096924,modal,cuda,ELAC2:K562
ZNF622,K562,chrX:41129164:C:T,0,2,1.0861287117004395,modal,cuda,ELAC2:K562
ZNF622,K562,chrX:41337433:C:A,1,2,1.092379093170166,modal,cuda,ELAC2:K562
ZNF622,K562,chrX:41345507:C:G,1,2,1.4176292419433594,modal,cuda,ELAC2:K562
ZNF622,K562,chrX:41346511:G:A,1,2,-0.2604926824569702,modal,cuda,ELAC2:K562
ZNF622,K562,chrX:41346518:G:A,1,2,-0.38008415699005127,modal,cuda,ELAC2:K562
ZNF622,K562,chrX:41346527:T:C,1,2,0.15200066566467285,modal,cuda,ELAC2:K562
ZNF622,K562,chrX:45063449:C:T,1,2,0.7793831825256348,modal,cuda,ELAC2:K562
ZNF622,K562,chrX:45063518:C:T,1,2,0.5779250860214233,modal,cuda,ELAC2:K562
ZNF622,K562,chrX:45079213:A:G,0,2,-0.9151607751846313,modal,cuda,ELAC2:K562
ZNF622,K562,chrX:45079223:C:T,1,2,2.63016676902771,modal,cuda,ELAC2:K562
ZNF622,K562,chrX:47171199:G:T,1,2,-0.2580420672893524,modal,cuda,ELAC2:K562
ZNF622,K562,chrX:48815933:C:T,0,2,0.24280157685279846,modal,cuda,ELAC2:K562
ZNF622,K562,chrX:49077625:C:A,0,2,-0.22462525963783264,modal,cuda,ELAC2:K562
ZNF622,K562,chrX:53211492:C:T,0,2,1.0292658805847168,modal,cuda,ELAC2:K562
ZNF622,K562,chrX:53211545:G:C,1,2,0.8337045311927795,modal,cuda,ELAC2:K562
ZNF622,K562,chrX:53215869:C:A,1,2,-0.18992257118225098,modal,cuda,ELAC2:K562
ZNF622,K562,chrX:53215870:C:A,0,2,0.19666409492492676,modal,cuda,ELAC2:K562
ZNF622,K562,chrX:53215902:T:C,0,2,0.13685381412506104,modal,cuda,ELAC2:K562
ZNF622,K562,chrX:53215912:C:T,0,2,0.1794569492340088,modal,cuda,ELAC2:K562
ZNF622,K562,chrX:53215972:C:T,0,2,-0.09410202503204346,modal,cuda,ELAC2:K562
ZNF622,K562,chrX:53215986:A:G,0,2,-0.15103447437286377,modal,cuda,ELAC2:K562
ZNF622,K562,chrX:53394760:C:T,0,2,0.2921990156173706,modal,cuda,ELAC2:K562
ZNF622,K562,chrX:53394767:T:C,0,2,-0.3878299295902252,modal,cuda,ELAC2:K562
ZNF622,K562,chrX:53396207:C:T,0,2,0.1146554946899414,modal,cuda,ELAC2:K562
ZNF622,K562,chrX:53396213:G:A,0,2,0.0951848030090332,modal,cuda,ELAC2:K562
ZNF622,K562,chrX:53405236:G:C,0,2,-0.12026333808898926,modal,cuda,ELAC2:K562
ZNF622,K562,chrX:53405674:T:C,1,2,-0.32774055004119873,modal,cuda,ELAC2:K562
ZNF622,K562,chrX:53409412:G:A,0,2,0.4710216522216797,modal,cuda,ELAC2:K562
ZNF622,K562,chrX:53413227:C:T,1,2,-0.233839750289917,modal,cuda,ELAC2:K562
ZNF622,K562,chrX:53413445:G:A,0,2,-0.3282642364501953,modal,cuda,ELAC2:K562
ZNF622,K562,chrX:53413449:A:C,0,2,0.42252373695373535,modal,cuda,ELAC2:K562
ZNF622,K562,chrX:53422549:G:A,1,2,-0.3662828505039215,modal,cuda,ELAC2:K562
ZNF622,K562,chrX:53422619:G:A,0,2,0.2528899312019348,modal,cuda,ELAC2:K562
ZNF622,K562,chrX:53561937:T:C,0,2,-0.12087002396583557,modal,cuda,ELAC2:K562
ZNF622,K562,chrX:53589826:G:A,0,2,-0.1275792121887207,modal,cuda,ELAC2:K562
ZNF622,K562,chrX:65529630:G:A,0,2,0.14951181411743164,modal,cuda,ELAC2:K562
ZNF622,K562,chrX:65529686:G:A,0,2,0.626764178276062,modal,cuda,ELAC2:K562
ZNF622,K562,chrX:65736781:A:G,0,2,0.34748899936676025,modal,cuda,ELAC2:K562
ZNF622,K562,chrX:65737167:T:C,0,2,0.09359776973724365,modal,cuda,ELAC2:K562
ZNF622,K562,chrX:65738631:C:T,0,2,0.11134004592895508,modal,cuda,ELAC2:K562
ZNF622,K562,chrX:65738962:C:T,0,2,0.12240779399871826,modal,cuda,ELAC2:K562
ZNF622,K562,chrX:65738967:C:T,0,2,0.2660564184188843,modal,cuda,ELAC2:K562
ZNF622,K562,chrX:65739715:A:G,0,2,-0.23393774032592773,modal,cuda,ELAC2:K562
ZNF622,K562,chrX:66197877:G:A,0,2,-0.2744579315185547,modal,cuda,ELAC2:K562
ZNF622,K562,chrX:71294213:C:T,0,2,-0.28183698654174805,modal,cuda,ELAC2:K562
ZNF622,K562,chrX:71294535:G:A,0,2,-0.30651748180389404,modal,cuda,ELAC2:K562
ZNF622,K562,chrX:71297065:A:C,0,2,-0.546515703201294,modal,cuda,ELAC2:K562
ZNF622,K562,chrX:71368069:C:T,0,2,0.5733901858329773,modal,cuda,ELAC2:K562
ZNF622,K562,chrX:71368099:A:G,0,2,-0.26385068893432617,modal,cuda,ELAC2:K562
ZNF622,K562,chrX:71375250:A:G,0,2,0.09677805006504059,modal,cuda,ELAC2:K562
ZNF622,K562,chrX:71377696:C:G,0,2,0.14890898764133453,modal,cuda,ELAC2:K562
ZNF622,K562,chrX:71377781:C:G,0,2,0.21262943744659424,modal,cuda,ELAC2:K562
ZNF622,K562,chrX:71379009:G:A,0,2,0.4979250431060791,modal,cuda,ELAC2:K562
ZNF622,K562,chrX:71382636:A:T,0,2,0.17968130111694336,modal,cuda,ELAC2:K562
ZNF622,K562,chrX:71392653:G:C,1,2,0.3949434757232666,modal,cuda,ELAC2:K562
ZNF622,K562,chrX:71392661:G:A,0,2,0.37632298469543457,modal,cuda,ELAC2:K562
ZNF622,K562,chrX:71393344:C:T,1,2,-0.18901121616363525,modal,cuda,ELAC2:K562
ZNF622,K562,chrX:71398752:G:A,0,2,-0.1463634967803955,modal,cuda,ELAC2:K562
ZNF622,K562,chrX:71401566:G:A,0,2,0.14725810289382935,modal,cuda,ELAC2:K562
ZNF622,K562,chrX:71401569:T:G,0,2,-0.24810391664505005,modal,cuda,ELAC2:K562
ZNF622,K562,chrX:71401620:T:C,0,2,-0.20967170596122742,modal,cuda,ELAC2:K562
ZNF622,K562,chrX:71408054:A:G,0,2,0.264005184173584,modal,cuda,ELAC2:K562
ZNF622,K562,chrX:71408062:G:A,1,2,0.1928994059562683,modal,cuda,ELAC2:K562
ZNF622,K562,chrX:71408170:G:A,0,2,0.5424596071243286,modal,cuda,ELAC2:K562
ZNF622,K562,chrX:71459600:G:A,0,2,-0.12817096710205078,modal,cuda,ELAC2:K562
ZNF622,K562,chrX:77696569:C:T,0,2,-0.15869295597076416,modal,cuda,ELAC2:K562
ZNF622,K562,chrX:80682459:T:C,0,2,-1.0147114992141724,modal,cuda,ELAC2:K562
