protein,cell,vid,label,fold,delta,platform,accelerator,weights_from
DDX24,K562,chr10:102260082:C:T,0,2,0.42966964840888977,modal,cuda,ELAC2:K562
DDX24,K562,chr10:102358516:C:T,0,2,-0.3432708978652954,modal,cuda,ELAC2:K562
DDX24,K562,chr10:21538867:G:A,0,2,0.65362548828125,modal,cuda,ELAC2:K562
DDX24,K562,chr10:3105389:A:G,0,2,-0.6475880146026611,modal,cuda,ELAC2:K562
DDX24,K562,chr10:73873002:C:T,0,2,-0.1821984052658081,modal,cuda,ELAC2:K562
DDX24,K562,chr10:74083342:T:A,0,2,-0.12978243827819824,modal,cuda,ELAC2:K562
DDX24,K562,chr10:79201626:G:A,0,2,0.21876871585845947,modal,cuda,ELAC2:K562
DDX24,K562,chr10:79277337:G:C,0,2,-0.6706913709640503,modal,cuda,ELAC2:K562
DDX24,K562,chr10:80159200:G:A,0,2,0.2732865810394287,modal,cuda,ELAC2:K562
DDX24,K562,chr10:80162054:T:C,0,2,-0.8022329807281494,modal,cuda,ELAC2:K562
DDX24,K562,chr10:91959774:T:C,0,2,0.1264725774526596,modal,cuda,ELAC2:K562
DDX24,K562,chr10:92607141:A:G,0,2,0.24100947380065918,modal,cuda,ELAC2:K562
DDX24,K562,chr10:98443216:C:A,1,2,-0.5774527788162231,modal,cuda,ELAC2:K562
DDX24,K562,chr11:108315843:C:A,1,3,-0.20214223861694336,modal,cuda,ELAC2:K562
DDX24,K562,chr11:108315883:G:C,0,3,-0.8958845138549805,modal,cuda,ELAC2:K562
DDX24,K562,chr11:108315888:G:C,0,3,1.0112372636795044,modal,cuda,ELAC2:K562
DDX24,K562,chr11:108315889:A:T,1,3,-0.3221985101699829,modal,cuda,ELAC2:K562
DDX24,K562,chr11:108315896:T:G,1,3,0.4664723873138428,modal,cuda,ELAC2:K562
DDX24,K562,chr11:108315898:C:T,1,3,0.1275092363357544,modal,cuda,ELAC2:K562
DDX24,K562,chr11:108315926:T:C,0,3,0.36119604110717773,modal,cuda,ELAC2:K562
DDX24,K562,chr11:118498085:T:C,0,3,0.42470288276672363,modal,cuda,ELAC2:K562
DDX24,K562,chr11:119088621:G:A,0,3,0.3941781520843506,modal,cuda,ELAC2:K562
DDX24,K562,chr11:119089136:C:A,0,3,-0.22241097688674927,modal,cuda,ELAC2:K562
DDX24,K562,chr11:119089202:C:T,0,3,-0.22392916679382324,modal,cuda,ELAC2:K562
DDX24,K562,chr11:119092106:C:A,0,3,0.32611846923828125,modal,cuda,ELAC2:K562
DDX24,K562,chr11:119092403:G:A,1,3,0.201002836227417,modal,cuda,ELAC2:K562
DDX24,K562,chr11:119092403:G:C,1,3,-0.2124510407447815,modal,cuda,ELAC2:K562
DDX24,K562,chr11:119092405:G:A,1,3,0.18110507726669312,modal,cuda,ELAC2:K562
DDX24,K562,chr11:119092425:C:T,1,3,-0.30587613582611084,modal,cuda,ELAC2:K562
DDX24,K562,chr11:119092465:T:C,1,3,-0.3441241979598999,modal,cuda,ELAC2:K562
DDX24,K562,chr11:119092471:A:G,1,3,-0.18000924587249756,modal,cuda,ELAC2:K562
DDX24,K562,chr11:119092486:T:G,1,3,0.047611236572265625,modal,cuda,ELAC2:K562
DDX24,K562,chr11:119092500:G:A,1,3,-0.11278140544891357,modal,cuda,ELAC2:K562
DDX24,K562,chr11:119092507:C:T,1,3,-0.09318113327026367,modal,cuda,ELAC2:K562
DDX24,K562,chr11:119092518:C:A,1,3,-0.2366650104522705,modal,cuda,ELAC2:K562
DDX24,K562,chr11:119092524:G:C,1,3,0.19565534591674805,modal,cuda,ELAC2:K562
DDX24,K562,chr11:119092525:T:C,1,3,-0.37950843572616577,modal,cuda,ELAC2:K562
DDX24,K562,chr11:119092741:A:G,0,3,-0.7362735271453857,modal,cuda,ELAC2:K562
DDX24,K562,chr11:125595967:T:C,0,3,-1.2558238506317139,modal,cuda,ELAC2:K562
DDX24,K562,chr11:17102841:A:C,0,3,0.850822925567627,modal,cuda,ELAC2:K562
DDX24,K562,chr11:3019147:G:A,1,3,0.5095076560974121,modal,cuda,ELAC2:K562
DDX24,K562,chr11:3019209:G:A,1,3,0.4924938678741455,modal,cuda,ELAC2:K562
DDX24,K562,chr11:3029392:G:A,0,3,-0.19372868537902832,modal,cuda,ELAC2:K562
DDX24,K562,chr11:3029397:G:C,0,3,1.6851279735565186,modal,cuda,ELAC2:K562
DDX24,K562,chr11:3038130:C:A,0,3,0.11112320423126221,modal,cuda,ELAC2:K562
DDX24,K562,chr11:3778975:T:C,0,3,0.111824631690979,modal,cuda,ELAC2:K562
DDX24,K562,chr11:44171671:C:T,1,3,-0.7528425455093384,modal,cuda,ELAC2:K562
DDX24,K562,chr11:47289431:T:C,0,3,0.27536875009536743,modal,cuda,ELAC2:K562
DDX24,K562,chr11:47289494:G:A,1,3,0.32225894927978516,modal,cuda,ELAC2:K562
DDX24,K562,chr11:57804760:C:T,1,3,0.9606270790100098,modal,cuda,ELAC2:K562
DDX24,K562,chr11:57805909:C:T,1,3,0.28691571950912476,modal,cuda,ELAC2:K562
DDX24,K562,chr11:57810152:C:T,1,3,-0.4085432291030884,modal,cuda,ELAC2:K562
DDX24,K562,chr11:61779120:A:G,0,3,-0.5259513258934021,modal,cuda,ELAC2:K562
DDX24,K562,chr11:62629022:G:A,0,3,0.09824606776237488,modal,cuda,ELAC2:K562
DDX24,K562,chr11:62633289:G:A,0,3,-0.3048608899116516,modal,cuda,ELAC2:K562
DDX24,K562,chr11:62634827:C:G,0,3,0.3505673408508301,modal,cuda,ELAC2:K562
DDX24,K562,chr11:64254750:G:A,0,3,-0.28862547874450684,modal,cuda,ELAC2:K562
DDX24,K562,chr11:6508876:A:G,0,3,1.0522816181182861,modal,cuda,ELAC2:K562
DDX24,K562,chr11:65187995:G:C,1,3,0.3708667755126953,modal,cuda,ELAC2:K562
DDX24,K562,chr11:65188005:G:A,1,3,-0.27251744270324707,modal,cuda,ELAC2:K562
DDX24,K562,chr11:65188031:G:A,1,3,0.34018468856811523,modal,cuda,ELAC2:K562
DDX24,K562,chr11:65206781:G:T,1,3,0.2602502703666687,modal,cuda,ELAC2:K562
DDX24,K562,chr11:65206793:C:T,1,3,-0.22307324409484863,modal,cuda,ELAC2:K562
DDX24,K562,chr11:65208201:C:T,0,3,0.12412357330322266,modal,cuda,ELAC2:K562
DDX24,K562,chr11:65208274:C:T,0,3,0.3307936191558838,modal,cuda,ELAC2:K562
DDX24,K562,chr11:65209360:G:A,0,3,0.8159153461456299,modal,cuda,ELAC2:K562
DDX24,K562,chr11:65210007:C:T,0,3,0.500346302986145,modal,cuda,ELAC2:K562
DDX24,K562,chr11:65210013:C:T,0,3,0.30439722537994385,modal,cuda,ELAC2:K562
DDX24,K562,chr11:65210068:C:T,0,3,-0.19311857223510742,modal,cuda,ELAC2:K562
DDX24,K562,chr11:65539637:A:G,0,3,-0.18729712069034576,modal,cuda,ELAC2:K562
DDX24,K562,chr11:65864605:A:C,0,3,-0.19641542434692383,modal,cuda,ELAC2:K562
DDX24,K562,chr11:65864791:G:T,0,3,0.21660232543945312,modal,cuda,ELAC2:K562
DDX24,K562,chr11:68043370:G:C,1,3,0.35565924644470215,modal,cuda,ELAC2:K562
DDX24,K562,chr11:68043625:G:T,1,3,0.13752174377441406,modal,cuda,ELAC2:K562
DDX24,K562,chr11:68043628:C:T,1,3,-0.14775848388671875,modal,cuda,ELAC2:K562
DDX24,K562,chr11:68043920:G:C,0,3,-0.1364857256412506,modal,cuda,ELAC2:K562
DDX24,K562,chr11:68044201:C:T,1,3,-0.17505741119384766,modal,cuda,ELAC2:K562
DDX24,K562,chr11:71463406:A:G,0,3,-0.34308913350105286,modal,cuda,ELAC2:K562
DDX24,K562,chr11:71463507:C:T,0,3,0.32224470376968384,modal,cuda,ELAC2:K562
DDX24,K562,chr11:72022387:C:T,0,3,-0.21565020084381104,modal,cuda,ELAC2:K562
DDX24,K562,chr11:72228861:C:G,0,3,0.3548305034637451,modal,cuda,ELAC2:K562
DDX24,K562,chr11:72712555:G:A,0,3,0.462871253490448,modal,cuda,ELAC2:K562
DDX24,K562,chr11:9165958:G:A,1,3,-0.3007540702819824,modal,cuda,ELAC2:K562
DDX24,K562,chr12:108536790:C:T,0,1,0.528183102607727,modal,cuda,ELAC2:K562
DDX24,K562,chr12:109586736:A:G,0,1,-0.8032386302947998,modal,cuda,ELAC2:K562
DDX24,K562,chr12:110281550:G:A,0,1,-0.3020714223384857,modal,cuda,ELAC2:K562
DDX24,K562,chr12:110292002:G:A,0,1,0.24398264288902283,modal,cuda,ELAC2:K562
DDX24,K562,chr12:110322980:T:C,0,1,0.30769118666648865,modal,cuda,ELAC2:K562
DDX24,K562,chr12:110332585:C:G,0,1,0.8893762826919556,modal,cuda,ELAC2:K562
DDX24,K562,chr12:110339273:C:G,0,1,0.5737428665161133,modal,cuda,ELAC2:K562
DDX24,K562,chr12:110343220:G:A,0,1,-0.4619539976119995,modal,cuda,ELAC2:K562
DDX24,K562,chr12:115966078:C:G,0,1,-0.9345817565917969,modal,cuda,ELAC2:K562
DDX24,K562,chr12:115968920:G:A,0,1,0.625213623046875,modal,cuda,ELAC2:K562
DDX24,K562,chr12:115975751:C:T,0,1,-0.955864667892456,modal,cuda,ELAC2:K562
DDX24,K562,chr12:115975760:A:G,0,1,0.7622740268707275,modal,cuda,ELAC2:K562
DDX24,K562,chr12:115991968:A:C,0,1,0.8393547534942627,modal,cuda,ELAC2:K562
DDX24,K562,chr12:115991974:C:T,0,1,-0.4443594217300415,modal,cuda,ELAC2:K562
DDX24,K562,chr12:115991984:G:A,0,1,1.2120006084442139,modal,cuda,ELAC2:K562
DDX24,K562,chr12:119708324:C:A,0,1,-0.7726598381996155,modal,cuda,ELAC2:K562
DDX24,K562,chr12:119708325:A:G,0,1,-0.4818875789642334,modal,cuda,ELAC2:K562
DDX24,K562,chr12:123735508:T:C,0,1,-1.0511126518249512,modal,cuda,ELAC2:K562
DDX24,K562,chr12:124495287:C:G,0,1,-1.3610880374908447,modal,cuda,ELAC2:K562
DDX24,K562,chr12:124787424:C:T,0,1,0.9499063491821289,modal,cuda,ELAC2:K562
DDX24,K562,chr12:124795177:C:T,0,1,0.6862971782684326,modal,cuda,ELAC2:K562
DDX24,K562,chr12:124795275:C:T,0,1,-0.6159064769744873,modal,cuda,ELAC2:K562
DDX24,K562,chr12:124800202:A:G,0,1,-0.7991217374801636,modal,cuda,ELAC2:K562
DDX24,K562,chr12:124807837:C:T,0,1,-0.19927573204040527,modal,cuda,ELAC2:K562
DDX24,K562,chr12:124810154:C:T,0,1,0.5218648910522461,modal,cuda,ELAC2:K562
DDX24,K562,chr12:124810185:C:T,0,1,0.44273972511291504,modal,cuda,ELAC2:K562
DDX24,K562,chr12:124811979:A:C,0,1,-1.1037163734436035,modal,cuda,ELAC2:K562
DDX24,K562,chr12:124817606:G:A,0,1,0.4902442693710327,modal,cuda,ELAC2:K562
DDX24,K562,chr12:131979801:G:A,0,1,0.8216357827186584,modal,cuda,ELAC2:K562
DDX24,K562,chr12:132664477:C:T,0,1,-0.3484117388725281,modal,cuda,ELAC2:K562
DDX24,K562,chr12:132665463:T:C,0,1,-1.4731122255325317,modal,cuda,ELAC2:K562
DDX24,K562,chr12:132672338:G:C,0,1,-0.2108006477355957,modal,cuda,ELAC2:K562
DDX24,K562,chr12:132676210:C:G,0,1,-1.7523038387298584,modal,cuda,ELAC2:K562
DDX24,K562,chr12:132676218:T:C,1,1,-1.1060304641723633,modal,cuda,ELAC2:K562
DDX24,K562,chr12:31089501:G:A,0,1,0.36483097076416016,modal,cuda,ELAC2:K562
DDX24,K562,chr12:31089506:A:G,0,1,-1.1606740951538086,modal,cuda,ELAC2:K562
DDX24,K562,chr12:31101125:C:T,1,1,0.4965217113494873,modal,cuda,ELAC2:K562
DDX24,K562,chr12:31101818:C:T,0,1,-0.13538599014282227,modal,cuda,ELAC2:K562
DDX24,K562,chr12:47791313:G:A,0,1,0.267425537109375,modal,cuda,ELAC2:K562
DDX24,K562,chr12:49053096:C:A,0,1,-0.8183314800262451,modal,cuda,ELAC2:K562
DDX24,K562,chr12:50999214:C:A,1,1,-0.5609607696533203,modal,cuda,ELAC2:K562
DDX24,K562,chr12:50999224:C:T,0,1,-0.6734775304794312,modal,cuda,ELAC2:K562
DDX24,K562,chr12:53315157:G:A,0,1,-0.5370965003967285,modal,cuda,ELAC2:K562
DDX24,K562,chr12:56349583:T:C,0,1,-0.5394549369812012,modal,cuda,ELAC2:K562
DDX24,K562,chr12:57105475:C:T,0,1,0.6348437070846558,modal,cuda,ELAC2:K562
DDX24,K562,chr12:57233291:G:T,0,1,-0.7773385643959045,modal,cuda,ELAC2:K562
DDX24,K562,chr12:57489991:C:T,0,1,0.552619457244873,modal,cuda,ELAC2:K562
DDX24,K562,chr12:57568943:A:G,0,1,-1.4091105461120605,modal,cuda,ELAC2:K562
DDX24,K562,chr12:57718406:A:G,0,1,0.7161746025085449,modal,cuda,ELAC2:K562
DDX24,K562,chr12:62302818:C:T,0,1,-0.3263392448425293,modal,cuda,ELAC2:K562
DDX24,K562,chr12:68689025:G:A,0,1,-0.5203049182891846,modal,cuda,ELAC2:K562
DDX24,K562,chr12:68690761:A:G,0,1,0.22293972969055176,modal,cuda,ELAC2:K562
DDX24,K562,chr12:6917572:A:C,0,1,-0.7671918869018555,modal,cuda,ELAC2:K562
DDX24,K562,chr12:71634147:A:C,0,1,0.6280026435852051,modal,cuda,ELAC2:K562
DDX24,K562,chr12:79845286:T:A,0,1,0.3919558525085449,modal,cuda,ELAC2:K562
DDX24,K562,chr13:48342717:A:T,1,0,0.5408730506896973,modal,cuda,ELAC2:K562
DDX24,K562,chr13:51937642:G:T,1,0,0.9321471452713013,modal,cuda,ELAC2:K562
DDX24,K562,chr13:51950271:C:T,1,0,0.7185611724853516,modal,cuda,ELAC2:K562
DDX24,K562,chr13:79371937:A:T,0,0,0.2195603847503662,modal,cuda,ELAC2:K562
DDX24,K562,chr14:103457138:A:G,0,2,-0.37977075576782227,modal,cuda,ELAC2:K562
DDX24,K562,chr14:104774113:C:T,0,2,0.21310162544250488,modal,cuda,ELAC2:K562
DDX24,K562,chr14:104774193:T:C,0,2,0.10809326171875,modal,cuda,ELAC2:K562
DDX24,K562,chr14:105147766:A:G,0,2,-0.19119864702224731,modal,cuda,ELAC2:K562
DDX24,K562,chr14:105466467:G:A,0,2,0.14832594990730286,modal,cuda,ELAC2:K562
DDX24,K562,chr14:23321655:G:A,0,2,0.17576895654201508,modal,cuda,ELAC2:K562
DDX24,K562,chr14:30650657:C:T,0,2,-0.14383304119110107,modal,cuda,ELAC2:K562
DDX24,K562,chr14:35008705:A:C,0,2,0.1928250789642334,modal,cuda,ELAC2:K562
DDX24,K562,chr14:39176159:C:T,0,2,-0.2706924080848694,modal,cuda,ELAC2:K562
DDX24,K562,chr14:49654140:C:T,0,2,-0.15831610560417175,modal,cuda,ELAC2:K562
DDX24,K562,chr14:65102437:C:A,0,2,-0.21574854850769043,modal,cuda,ELAC2:K562
DDX24,K562,chr14:67825470:T:C,0,2,0.7484869956970215,modal,cuda,ELAC2:K562
DDX24,K562,chr14:76498633:T:C,0,2,-0.18291324377059937,modal,cuda,ELAC2:K562
DDX24,K562,chr15:28248542:A:T,0,1,0.8170690536499023,modal,cuda,ELAC2:K562
DDX24,K562,chr15:30925961:T:C,0,1,-0.6498996019363403,modal,cuda,ELAC2:K562
DDX24,K562,chr15:48796001:G:A,0,1,-1.468600869178772,modal,cuda,ELAC2:K562
DDX24,K562,chr15:48797654:T:C,0,1,-0.9448411464691162,modal,cuda,ELAC2:K562
DDX24,K562,chr15:48797937:C:T,0,1,-0.44834285974502563,modal,cuda,ELAC2:K562
DDX24,K562,chr15:50632866:T:C,0,1,0.7500139474868774,modal,cuda,ELAC2:K562
DDX24,K562,chr15:50639403:A:C,0,1,0.5856804847717285,modal,cuda,ELAC2:K562
DDX24,K562,chr15:57091863:A:G,0,1,-0.42672109603881836,modal,cuda,ELAC2:K562
DDX24,K562,chr15:57166423:C:A,1,1,0.5334975719451904,modal,cuda,ELAC2:K562
DDX24,K562,chr15:57192224:G:T,1,1,0.7249898910522461,modal,cuda,ELAC2:K562
DDX24,K562,chr15:63622897:G:C,0,1,0.8340890407562256,modal,cuda,ELAC2:K562
DDX24,K562,chr15:63638400:C:A,0,1,-0.4513435363769531,modal,cuda,ELAC2:K562
DDX24,K562,chr15:63638694:T:C,0,1,-0.6782839298248291,modal,cuda,ELAC2:K562
DDX24,K562,chr15:63659945:T:C,0,1,1.4318675994873047,modal,cuda,ELAC2:K562
DDX24,K562,chr15:69436191:A:C,0,1,-0.6237611770629883,modal,cuda,ELAC2:K562
DDX24,K562,chr15:76274514:G:T,0,1,-0.8942235708236694,modal,cuda,ELAC2:K562
DDX24,K562,chr15:89247649:T:C,1,1,-0.9017611742019653,modal,cuda,ELAC2:K562
DDX24,K562,chr15:89247711:C:T,1,1,1.1184334754943848,modal,cuda,ELAC2:K562
DDX24,K562,chr15:89260799:C:T,1,1,1.0080828666687012,modal,cuda,ELAC2:K562
DDX24,K562,chr15:89260812:C:T,0,1,0.4631361961364746,modal,cuda,ELAC2:K562
DDX24,K562,chr15:89263479:C:T,0,1,-0.18163339793682098,modal,cuda,ELAC2:K562
DDX24,K562,chr15:89283265:C:T,0,1,0.6416537761688232,modal,cuda,ELAC2:K562
DDX24,K562,chr15:89283266:G:A,0,1,0.5717530846595764,modal,cuda,ELAC2:K562
DDX24,K562,chr15:89316383:C:G,0,1,0.5600289106369019,modal,cuda,ELAC2:K562
DDX24,K562,chr15:89322027:G:C,0,1,-0.5181572437286377,modal,cuda,ELAC2:K562
DDX24,K562,chr15:90910880:C:T,0,1,-0.31504178047180176,modal,cuda,ELAC2:K562
DDX24,K562,chr15:90912091:C:T,0,1,-0.26145172119140625,modal,cuda,ELAC2:K562
DDX24,K562,chr15:90939714:T:C,0,1,0.5941236019134521,modal,cuda,ELAC2:K562
DDX24,K562,chr15:90953012:C:T,0,1,0.3014674186706543,modal,cuda,ELAC2:K562
DDX24,K562,chr15:90953013:G:A,0,1,-0.18681979179382324,modal,cuda,ELAC2:K562
DDX24,K562,chr15:91005371:G:A,0,1,0.3560754656791687,modal,cuda,ELAC2:K562
DDX24,K562,chr15:92972440:T:C,0,1,-0.495849609375,modal,cuda,ELAC2:K562
DDX24,K562,chr16:1450484:C:T,0,2,0.29479116201400757,modal,cuda,ELAC2:K562
DDX24,K562,chr16:1455813:G:A,0,2,0.4919862747192383,modal,cuda,ELAC2:K562
DDX24,K562,chr16:1456101:G:A,0,2,0.28589558601379395,modal,cuda,ELAC2:K562
DDX24,K562,chr16:1457236:C:T,0,2,0.30526143312454224,modal,cuda,ELAC2:K562
DDX24,K562,chr16:1457237:A:G,0,2,0.3142350912094116,modal,cuda,ELAC2:K562
DDX24,K562,chr16:1457356:G:A,0,2,0.4633566439151764,modal,cuda,ELAC2:K562
DDX24,K562,chr16:1457774:G:A,0,2,0.6790132522583008,modal,cuda,ELAC2:K562
DDX24,K562,chr16:1457777:T:C,0,2,-0.45023679733276367,modal,cuda,ELAC2:K562
DDX24,K562,chr16:1459097:G:A,0,2,-0.32191693782806396,modal,cuda,ELAC2:K562
DDX24,K562,chr16:1459205:C:T,0,2,0.3858988583087921,modal,cuda,ELAC2:K562
DDX24,K562,chr16:1459206:G:A,0,2,0.30571210384368896,modal,cuda,ELAC2:K562
DDX24,K562,chr16:1460534:C:T,0,2,0.29150062799453735,modal,cuda,ELAC2:K562
DDX24,K562,chr16:1460537:A:G,0,2,-0.2564901113510132,modal,cuda,ELAC2:K562
DDX24,K562,chr16:1460566:T:G,0,2,-0.4230596721172333,modal,cuda,ELAC2:K562
DDX24,K562,chr16:1460706:C:G,0,2,0.25579237937927246,modal,cuda,ELAC2:K562
DDX24,K562,chr16:1460799:C:T,0,2,-0.17050957679748535,modal,cuda,ELAC2:K562
DDX24,K562,chr16:14628177:T:A,1,2,0.3560500144958496,modal,cuda,ELAC2:K562
DDX24,K562,chr16:14629645:G:A,1,2,0.3976624608039856,modal,cuda,ELAC2:K562
DDX24,K562,chr16:1465247:G:T,0,2,0.5591238737106323,modal,cuda,ELAC2:K562
DDX24,K562,chr16:1766813:C:A,0,2,0.1799325942993164,modal,cuda,ELAC2:K562
DDX24,K562,chr16:1767926:G:C,0,2,-0.0829395055770874,modal,cuda,ELAC2:K562
DDX24,K562,chr16:1767934:A:C,0,2,-0.20433354377746582,modal,cuda,ELAC2:K562
DDX24,K562,chr16:2050400:G:T,1,2,0.3739662170410156,modal,cuda,ELAC2:K562
DDX24,K562,chr16:2050423:C:G,0,2,0.15119647979736328,modal,cuda,ELAC2:K562
DDX24,K562,chr16:2050423:C:T,0,2,-0.1515812873840332,modal,cuda,ELAC2:K562
DDX24,K562,chr16:2050429:T:C,0,2,0.11348104476928711,modal,cuda,ELAC2:K562
DDX24,K562,chr16:2050448:C:T,1,2,1.4582728147506714,modal,cuda,ELAC2:K562
DDX24,K562,chr16:2050456:T:A,1,2,1.8817633390426636,modal,cuda,ELAC2:K562
DDX24,K562,chr16:2050457:G:C,0,2,-0.30822229385375977,modal,cuda,ELAC2:K562
DDX24,K562,chr16:2050471:C:T,0,2,0.4829750061035156,modal,cuda,ELAC2:K562
DDX24,K562,chr16:2050481:G:T,1,2,2.0674173831939697,modal,cuda,ELAC2:K562
DDX24,K562,chr16:2057113:G:A,0,2,0.14973586797714233,modal,cuda,ELAC2:K562
DDX24,K562,chr16:2057125:C:T,0,2,0.16551673412322998,modal,cuda,ELAC2:K562
DDX24,K562,chr16:2057176:C:T,0,2,-0.4863470792770386,modal,cuda,ELAC2:K562
DDX24,K562,chr16:2060714:G:A,0,2,0.05440628528594971,modal,cuda,ELAC2:K562
DDX24,K562,chr16:2060730:A:C,0,2,-0.07696366310119629,modal,cuda,ELAC2:K562
DDX24,K562,chr16:2061964:G:T,1,2,0.6566733121871948,modal,cuda,ELAC2:K562
DDX24,K562,chr16:2061993:T:A,1,2,-0.3562122583389282,modal,cuda,ELAC2:K562
DDX24,K562,chr16:2061996:G:T,0,2,0.2657663822174072,modal,cuda,ELAC2:K562
DDX24,K562,chr16:2061998:A:G,0,2,0.35571348667144775,modal,cuda,ELAC2:K562
DDX24,K562,chr16:2062495:A:G,1,2,-0.5388900637626648,modal,cuda,ELAC2:K562
DDX24,K562,chr16:2062510:T:C,0,2,-0.2527860999107361,modal,cuda,ELAC2:K562
DDX24,K562,chr16:2062536:T:C,0,2,0.15413713455200195,modal,cuda,ELAC2:K562
DDX24,K562,chr16:2087856:C:T,0,2,0.36930230259895325,modal,cuda,ELAC2:K562
DDX24,K562,chr16:2087871:C:T,0,2,-0.19048595428466797,modal,cuda,ELAC2:K562
DDX24,K562,chr16:2087880:C:G,0,2,0.10020840167999268,modal,cuda,ELAC2:K562
DDX24,K562,chr16:2087901:G:C,0,2,-0.195481538772583,modal,cuda,ELAC2:K562
DDX24,K562,chr16:2087908:G:T,1,2,0.13479530811309814,modal,cuda,ELAC2:K562
DDX24,K562,chr16:2087921:T:C,1,2,-0.17993664741516113,modal,cuda,ELAC2:K562
DDX24,K562,chr16:2087934:C:A,1,2,-0.9843937158584595,modal,cuda,ELAC2:K562
DDX24,K562,chr16:2088866:C:T,0,2,0.4311678111553192,modal,cuda,ELAC2:K562
DDX24,K562,chr16:2088868:C:T,0,2,0.21970108151435852,modal,cuda,ELAC2:K562
DDX24,K562,chr16:2091442:G:T,1,2,0.37866485118865967,modal,cuda,ELAC2:K562
DDX24,K562,chr16:2091446:G:A,0,2,0.27526628971099854,modal,cuda,ELAC2:K562
DDX24,K562,chr16:2091453:G:A,0,2,-0.6345098614692688,modal,cuda,ELAC2:K562
DDX24,K562,chr16:2091913:G:A,0,2,0.11093240976333618,modal,cuda,ELAC2:K562
DDX24,K562,chr16:2092991:G:A,1,2,-0.4054679870605469,modal,cuda,ELAC2:K562
DDX24,K562,chr16:2093006:G:A,1,2,-0.6710494756698608,modal,cuda,ELAC2:K562
DDX24,K562,chr16:22317165:C:T,0,2,0.1739422082901001,modal,cuda,ELAC2:K562
DDX24,K562,chr16:2435895:A:G,0,2,-0.6313679218292236,modal,cuda,ELAC2:K562
DDX24,K562,chr16:288190:G:A,1,2,-1.0046371221542358,modal,cuda,ELAC2:K562
DDX24,K562,chr16:28833044:G:A,0,2,0.10866856575012207,modal,cuda,ELAC2:K562
DDX24,K562,chr16:28866881:C:A,0,2,0.3768337666988373,modal,cuda,ELAC2:K562
DDX24,K562,chr16:28873649:C:T,0,2,0.13489311933517456,modal,cuda,ELAC2:K562
DDX24,K562,chr16:29804082:G:A,0,2,0.17106223106384277,modal,cuda,ELAC2:K562
DDX24,K562,chr16:29978788:C:T,0,2,0.30391430854797363,modal,cuda,ELAC2:K562
DDX24,K562,chr16:31182621:C:A,0,2,0.11040008068084717,modal,cuda,ELAC2:K562
DDX24,K562,chr16:31182627:C:T,0,2,0.07736408710479736,modal,cuda,ELAC2:K562
DDX24,K562,chr16:31182673:T:C,0,2,0.08444511890411377,modal,cuda,ELAC2:K562
DDX24,K562,chr16:31191052:C:T,1,2,-0.7634620070457458,modal,cuda,ELAC2:K562
DDX24,K562,chr16:31191109:A:G,1,2,-0.4372696876525879,modal,cuda,ELAC2:K562
DDX24,K562,chr16:31191399:G:T,1,2,0.591423511505127,modal,cuda,ELAC2:K562
DDX24,K562,chr16:31191408:C:G,1,2,0.2652270793914795,modal,cuda,ELAC2:K562
DDX24,K562,chr16:31191410:G:A,1,2,-0.22635704278945923,modal,cuda,ELAC2:K562
DDX24,K562,chr16:31191412:C:T,1,2,0.2054072618484497,modal,cuda,ELAC2:K562
DDX24,K562,chr16:31191418:C:A,1,2,0.40798160433769226,modal,cuda,ELAC2:K562
DDX24,K562,chr16:31191418:C:G,1,2,0.5511922836303711,modal,cuda,ELAC2:K562
DDX24,K562,chr16:31191418:C:T,1,2,0.46983861923217773,modal,cuda,ELAC2:K562
DDX24,K562,chr16:31191419:G:A,1,2,0.41654253005981445,modal,cuda,ELAC2:K562
DDX24,K562,chr16:31191429:G:C,1,2,-0.4814627170562744,modal,cuda,ELAC2:K562
DDX24,K562,chr16:31191430:C:A,1,2,0.20901799201965332,modal,cuda,ELAC2:K562
DDX24,K562,chr16:31191431:C:T,1,2,0.3839643597602844,modal,cuda,ELAC2:K562
DDX24,K562,chr16:31191434:A:G,1,2,-0.566007137298584,modal,cuda,ELAC2:K562
DDX24,K562,chr16:3662978:G:T,0,2,0.24928545951843262,modal,cuda,ELAC2:K562
DDX24,K562,chr16:3672826:G:A,0,2,0.17573124170303345,modal,cuda,ELAC2:K562
DDX24,K562,chr16:47587650:T:C,0,2,0.247114896774292,modal,cuda,ELAC2:K562
DDX24,K562,chr16:47587662:G:C,0,2,-0.8329920768737793,modal,cuda,ELAC2:K562
DDX24,K562,chr16:50298894:C:T,0,2,-0.126448392868042,modal,cuda,ELAC2:K562
DDX24,K562,chr16:58576564:G:A,1,2,0.9432172775268555,modal,cuda,ELAC2:K562
DDX24,K562,chr16:58576590:G:A,0,2,-0.28819286823272705,modal,cuda,ELAC2:K562
DDX24,K562,chr16:58582911:A:G,0,2,-0.22392702102661133,modal,cuda,ELAC2:K562
DDX24,K562,chr16:58583080:T:C,0,2,1.7372245788574219,modal,cuda,ELAC2:K562
DDX24,K562,chr16:58583093:C:T,0,2,1.9341213703155518,modal,cuda,ELAC2:K562
DDX24,K562,chr16:672123:C:T,0,2,-0.1562339812517166,modal,cuda,ELAC2:K562
DDX24,K562,chr16:672997:G:A,0,2,0.4835066497325897,modal,cuda,ELAC2:K562
DDX24,K562,chr16:68329187:C:T,0,2,0.3704838752746582,modal,cuda,ELAC2:K562
DDX24,K562,chr16:68346151:A:G,0,2,0.3114194869995117,modal,cuda,ELAC2:K562
DDX24,K562,chr16:68346186:G:A,1,2,0.30303800106048584,modal,cuda,ELAC2:K562
DDX24,K562,chr16:68346194:C:T,1,2,-0.49746301770210266,modal,cuda,ELAC2:K562
DDX24,K562,chr16:68346257:C:T,1,2,-0.569403886795044,modal,cuda,ELAC2:K562
DDX24,K562,chr16:68346262:C:G,1,2,-0.3027379512786865,modal,cuda,ELAC2:K562
DDX24,K562,chr16:70482141:C:T,1,2,-0.4082707166671753,modal,cuda,ELAC2:K562
DDX24,K562,chr16:70510030:G:C,0,2,-0.21100306510925293,modal,cuda,ELAC2:K562
DDX24,K562,chr16:72104481:C:T,0,2,-0.23485231399536133,modal,cuda,ELAC2:K562
DDX24,K562,chr16:84182389:C:T,0,2,-0.33098360896110535,modal,cuda,ELAC2:K562
DDX24,K562,chr16:88719571:C:T,0,2,0.17050087451934814,modal,cuda,ELAC2:K562
DDX24,K562,chr16:88719785:G:A,0,2,0.31893640756607056,modal,cuda,ELAC2:K562
DDX24,K562,chr16:88727213:C:T,0,2,0.3820205330848694,modal,cuda,ELAC2:K562
DDX24,K562,chr16:88727540:T:G,0,2,-0.10280515253543854,modal,cuda,ELAC2:K562
DDX24,K562,chr16:88731933:T:C,0,2,-0.17899523675441742,modal,cuda,ELAC2:K562
DDX24,K562,chr16:88732323:T:C,0,2,0.1501154899597168,modal,cuda,ELAC2:K562
DDX24,K562,chr16:88732597:T:C,0,2,-0.21182692050933838,modal,cuda,ELAC2:K562
DDX24,K562,chr16:88732830:T:C,0,2,-0.8945004343986511,modal,cuda,ELAC2:K562
DDX24,K562,chr16:88732880:G:A,0,2,0.3421303927898407,modal,cuda,ELAC2:K562
DDX24,K562,chr16:88732894:G:C,0,2,-0.11881013214588165,modal,cuda,ELAC2:K562
DDX24,K562,chr16:88732925:G:A,0,2,0.10041451454162598,modal,cuda,ELAC2:K562
DDX24,K562,chr16:88732930:G:A,0,2,0.15220390260219574,modal,cuda,ELAC2:K562
DDX24,K562,chr16:88733009:G:C,0,2,-0.37153035402297974,modal,cuda,ELAC2:K562
DDX24,K562,chr16:88733076:T:G,0,2,-0.3247891664505005,modal,cuda,ELAC2:K562
DDX24,K562,chr16:88733266:G:C,0,2,-0.07069063186645508,modal,cuda,ELAC2:K562
DDX24,K562,chr16:88733887:C:T,0,2,0.43818891048431396,modal,cuda,ELAC2:K562
DDX24,K562,chr16:88733895:G:A,0,2,-0.2778204083442688,modal,cuda,ELAC2:K562
DDX24,K562,chr16:88736424:G:A,0,2,-0.20364010334014893,modal,cuda,ELAC2:K562
DDX24,K562,chr16:88738717:A:G,0,2,0.26721811294555664,modal,cuda,ELAC2:K562
DDX24,K562,chr16:89690618:A:T,1,2,-0.2976030707359314,modal,cuda,ELAC2:K562
DDX24,K562,chr16:89694144:T:C,0,2,-0.2652265131473541,modal,cuda,ELAC2:K562
DDX24,K562,chr16:89739170:G:C,1,2,0.3123934268951416,modal,cuda,ELAC2:K562
DDX24,K562,chr16:89739217:G:C,1,2,-0.9731870889663696,modal,cuda,ELAC2:K562
DDX24,K562,chr16:89739220:C:G,1,2,-0.14188390970230103,modal,cuda,ELAC2:K562
DDX24,K562,chr16:89739231:C:G,1,2,-0.45933032035827637,modal,cuda,ELAC2:K562
DDX24,K562,chr16:89740803:C:A,1,2,-0.2559736371040344,modal,cuda,ELAC2:K562
DDX24,K562,chr16:89740803:C:G,1,2,-0.23492425680160522,modal,cuda,ELAC2:K562
DDX24,K562,chr16:89740808:G:C,1,2,0.3614984154701233,modal,cuda,ELAC2:K562
DDX24,K562,chr16:89740823:G:T,1,2,0.8575553297996521,modal,cuda,ELAC2:K562
DDX24,K562,chr16:89740825:C:G,0,2,0.12117743492126465,modal,cuda,ELAC2:K562
DDX24,K562,chr16:89740846:G:C,1,2,0.5954948663711548,modal,cuda,ELAC2:K562
DDX24,K562,chr16:89746571:A:G,0,2,-0.44863688945770264,modal,cuda,ELAC2:K562
DDX24,K562,chr16:89749906:A:G,0,2,0.1439685821533203,modal,cuda,ELAC2:K562
DDX24,K562,chr16:89749925:C:T,0,2,-0.1640656590461731,modal,cuda,ELAC2:K562
DDX24,K562,chr16:89752122:G:A,0,2,-0.3788490295410156,modal,cuda,ELAC2:K562
DDX24,K562,chr16:89770262:G:C,1,2,0.2071284055709839,modal,cuda,ELAC2:K562
DDX24,K562,chr16:89770373:G:A,0,2,0.5919848680496216,modal,cuda,ELAC2:K562
DDX24,K562,chr16:89770397:T:C,1,2,-1.4504966735839844,modal,cuda,ELAC2:K562
DDX24,K562,chr16:89771670:A:G,0,2,0.5795738697052002,modal,cuda,ELAC2:K562
DDX24,K562,chr16:89778786:A:G,0,2,0.2653713822364807,modal,cuda,ELAC2:K562
DDX24,K562,chr17:1477882:A:C,0,1,0.4203915596008301,modal,cuda,ELAC2:K562
DDX24,K562,chr17:17817018:G:A,0,1,-0.34433650970458984,modal,cuda,ELAC2:K562
DDX24,K562,chr17:17817077:A:G,0,1,-0.6322476863861084,modal,cuda,ELAC2:K562
DDX24,K562,chr17:17819189:C:T,0,1,0.8235514163970947,modal,cuda,ELAC2:K562
DDX24,K562,chr17:17819572:G:A,0,1,0.23382019996643066,modal,cuda,ELAC2:K562
DDX24,K562,chr17:17819705:G:C,0,1,-0.41236960887908936,modal,cuda,ELAC2:K562
DDX24,K562,chr17:29121649:G:A,0,1,0.24870502948760986,modal,cuda,ELAC2:K562
DDX24,K562,chr17:29121895:G:A,0,1,-0.35238003730773926,modal,cuda,ELAC2:K562
DDX24,K562,chr17:32778582:A:G,0,1,0.4161176383495331,modal,cuda,ELAC2:K562
DDX24,K562,chr17:37263902:A:G,0,1,0.6006386280059814,modal,cuda,ELAC2:K562
DDX24,K562,chr17:37330157:T:C,0,1,-0.32062339782714844,modal,cuda,ELAC2:K562
DDX24,K562,chr17:40019778:T:C,0,1,0.27893543243408203,modal,cuda,ELAC2:K562
DDX24,K562,chr17:40033406:C:T,0,1,-0.12480735778808594,modal,cuda,ELAC2:K562
DDX24,K562,chr17:41990284:T:C,0,1,-0.7442188262939453,modal,cuda,ELAC2:K562
DDX24,K562,chr17:42217366:T:G,0,1,1.370131492614746,modal,cuda,ELAC2:K562
DDX24,K562,chr17:42223571:G:C,0,1,1.211035966873169,modal,cuda,ELAC2:K562
DDX24,K562,chr17:42495669:G:C,1,1,-0.5430045127868652,modal,cuda,ELAC2:K562
DDX24,K562,chr17:44376974:A:G,0,1,0.14337551593780518,modal,cuda,ELAC2:K562
DDX24,K562,chr17:44377095:G:C,0,1,1.6061666011810303,modal,cuda,ELAC2:K562
DDX24,K562,chr17:44855024:G:T,0,1,0.6948462724685669,modal,cuda,ELAC2:K562
DDX24,K562,chr17:47613665:G:T,0,1,-0.7756141424179077,modal,cuda,ELAC2:K562
DDX24,K562,chr17:5539604:C:T,0,1,0.9115581512451172,modal,cuda,ELAC2:K562
DDX24,K562,chr17:5558327:T:A,0,1,0.7562158107757568,modal,cuda,ELAC2:K562
DDX24,K562,chr17:714629:G:A,0,1,0.20575571060180664,modal,cuda,ELAC2:K562
DDX24,K562,chr17:714753:C:T,0,1,0.7029353380203247,modal,cuda,ELAC2:K562
DDX24,K562,chr17:7221074:C:T,0,1,1.2506053447723389,modal,cuda,ELAC2:K562
DDX24,K562,chr17:7224399:T:C,0,1,-0.3246276378631592,modal,cuda,ELAC2:K562
DDX24,K562,chr17:74866471:T:C,0,1,-0.7697653770446777,modal,cuda,ELAC2:K562
DDX24,K562,chr17:75212087:C:T,0,1,-0.22414541244506836,modal,cuda,ELAC2:K562
DDX24,K562,chr17:75831185:G:A,0,1,-0.40037137269973755,modal,cuda,ELAC2:K562
DDX24,K562,chr17:75832947:G:A,0,1,0.08723926544189453,modal,cuda,ELAC2:K562
DDX24,K562,chr17:75834602:C:A,0,1,0.38457798957824707,modal,cuda,ELAC2:K562
DDX24,K562,chr17:75836126:G:A,0,1,0.17414051294326782,modal,cuda,ELAC2:K562
DDX24,K562,chr17:75842849:A:G,0,1,-0.3060622215270996,modal,cuda,ELAC2:K562
DDX24,K562,chr17:77487562:C:T,0,1,0.397550106048584,modal,cuda,ELAC2:K562
DDX24,K562,chr17:78113215:C:T,0,1,0.7289316058158875,modal,cuda,ELAC2:K562
DDX24,K562,chr17:78113538:G:A,0,1,-0.3590518832206726,modal,cuda,ELAC2:K562
DDX24,K562,chr17:78117335:G:T,1,1,-0.28098607063293457,modal,cuda,ELAC2:K562
DDX24,K562,chr17:78117633:G:T,1,1,-0.3769914507865906,modal,cuda,ELAC2:K562
DDX24,K562,chr17:78117658:C:T,0,1,1.2184555530548096,modal,cuda,ELAC2:K562
DDX24,K562,chr17:78117914:G:A,1,1,-0.25606393814086914,modal,cuda,ELAC2:K562
DDX24,K562,chr17:78117948:G:C,0,1,0.2605094909667969,modal,cuda,ELAC2:K562
DDX24,K562,chr17:78118882:C:G,0,1,0.4572908282279968,modal,cuda,ELAC2:K562
DDX24,K562,chr17:78118894:G:T,0,1,0.22039413452148438,modal,cuda,ELAC2:K562
DDX24,K562,chr17:78119272:T:C,0,1,-0.34313639998435974,modal,cuda,ELAC2:K562
DDX24,K562,chr17:78121066:G:A,0,1,1.0399240255355835,modal,cuda,ELAC2:K562
DDX24,K562,chr17:78121077:G:A,0,1,-0.28128552436828613,modal,cuda,ELAC2:K562
DDX24,K562,chr17:78121184:G:A,0,1,0.3933590054512024,modal,cuda,ELAC2:K562
DDX24,K562,chr17:78121607:G:A,0,1,-1.0361645221710205,modal,cuda,ELAC2:K562
DDX24,K562,chr17:78121663:C:T,0,1,0.8894685506820679,modal,cuda,ELAC2:K562
DDX24,K562,chr17:78122655:G:A,1,1,-0.5555588006973267,modal,cuda,ELAC2:K562
DDX24,K562,chr17:78122686:G:A,0,1,0.3300936222076416,modal,cuda,ELAC2:K562
DDX24,K562,chr17:78122753:G:C,0,1,0.8686521053314209,modal,cuda,ELAC2:K562
DDX24,K562,chr17:78123984:A:G,0,1,-0.5405150651931763,modal,cuda,ELAC2:K562
DDX24,K562,chr17:78124102:C:T,0,1,0.3025979995727539,modal,cuda,ELAC2:K562
DDX24,K562,chr17:78124507:T:C,0,1,0.2995030879974365,modal,cuda,ELAC2:K562
DDX24,K562,chr17:78124556:C:T,0,1,0.6239235401153564,modal,cuda,ELAC2:K562
DDX24,K562,chr17:78124557:G:A,0,1,-0.29635024070739746,modal,cuda,ELAC2:K562
DDX24,K562,chr17:78124749:G:A,0,1,0.3304210603237152,modal,cuda,ELAC2:K562
DDX24,K562,chr17:78124873:G:A,0,1,-0.5416891574859619,modal,cuda,ELAC2:K562
DDX24,K562,chr17:78124912:G:A,0,1,-0.5660080909729004,modal,cuda,ELAC2:K562
DDX24,K562,chr17:78125709:A:G,0,1,-0.33523523807525635,modal,cuda,ELAC2:K562
DDX24,K562,chr17:78125763:G:A,0,1,0.5893988609313965,modal,cuda,ELAC2:K562
DDX24,K562,chr17:78125876:G:A,1,1,0.37930750846862793,modal,cuda,ELAC2:K562
DDX24,K562,chr17:78125997:T:C,0,1,-1.0914974212646484,modal,cuda,ELAC2:K562
DDX24,K562,chr17:80287795:G:A,0,1,0.34286805987358093,modal,cuda,ELAC2:K562
DDX24,K562,chr17:80290747:T:G,0,1,-1.2052812576293945,modal,cuda,ELAC2:K562
DDX24,K562,chr17:80337566:C:T,0,1,-0.31326961517333984,modal,cuda,ELAC2:K562
DDX24,K562,chr17:80353558:G:A,0,1,-0.44277429580688477,modal,cuda,ELAC2:K562
DDX24,K562,chr17:80363591:T:C,0,1,-0.6424610614776611,modal,cuda,ELAC2:K562
DDX24,K562,chr17:80372748:G:A,0,1,-0.15839701890945435,modal,cuda,ELAC2:K562
DDX24,K562,chr17:80372752:T:C,0,1,-0.6054779291152954,modal,cuda,ELAC2:K562
DDX24,K562,chr17:80374441:T:A,0,1,-0.7845224142074585,modal,cuda,ELAC2:K562
DDX24,K562,chr17:80376976:G:T,0,1,0.5763661861419678,modal,cuda,ELAC2:K562
DDX24,K562,chr17:80376983:T:C,0,1,-1.6523618698120117,modal,cuda,ELAC2:K562
DDX24,K562,chr17:80389381:C:T,0,1,0.5661406517028809,modal,cuda,ELAC2:K562
DDX24,K562,chr17:81512583:C:G,0,1,-0.2969989776611328,modal,cuda,ELAC2:K562
DDX24,K562,chr17:81906551:A:G,0,1,-0.2767747640609741,modal,cuda,ELAC2:K562
DDX24,K562,chr17:81908547:A:G,0,1,-1.0232326984405518,modal,cuda,ELAC2:K562
DDX24,K562,chr17:82081851:G:C,0,1,0.349001407623291,modal,cuda,ELAC2:K562
DDX24,K562,chr17:82081997:G:A,0,1,0.3160749673843384,modal,cuda,ELAC2:K562
DDX24,K562,chr17:82082170:C:T,0,1,0.9147489070892334,modal,cuda,ELAC2:K562
DDX24,K562,chr17:82082172:C:G,0,1,0.30432283878326416,modal,cuda,ELAC2:K562
DDX24,K562,chr17:82082310:G:A,0,1,0.2049853801727295,modal,cuda,ELAC2:K562
DDX24,K562,chr17:82082682:C:T,0,1,0.29447460174560547,modal,cuda,ELAC2:K562
DDX24,K562,chr17:82082905:C:T,0,1,0.5815904140472412,modal,cuda,ELAC2:K562
DDX24,K562,chr17:82083120:G:A,0,1,-0.4214569330215454,modal,cuda,ELAC2:K562
DDX24,K562,chr17:82083192:C:T,0,1,0.41424915194511414,modal,cuda,ELAC2:K562
DDX24,K562,chr17:82084227:C:T,0,1,1.3879873752593994,modal,cuda,ELAC2:K562
DDX24,K562,chr17:82085882:T:A,0,1,-0.5399719476699829,modal,cuda,ELAC2:K562
DDX24,K562,chr17:82087271:G:A,0,1,0.5367074012756348,modal,cuda,ELAC2:K562
DDX24,K562,chr17:82781734:C:T,0,1,0.6709136962890625,modal,cuda,ELAC2:K562
DDX24,K562,chr17:82809692:T:C,0,1,-0.5499081611633301,modal,cuda,ELAC2:K562
DDX24,K562,chr17:82903402:C:T,0,1,-0.8163495063781738,modal,cuda,ELAC2:K562
DDX24,K562,chr17:82911752:T:C,0,1,0.6858152151107788,modal,cuda,ELAC2:K562
DDX24,K562,chr17:82927172:A:C,0,1,-0.6664247512817383,modal,cuda,ELAC2:K562
DDX24,K562,chr18:2688754:T:C,0,4,-0.06285601854324341,modal,cuda,ELAC2:K562
DDX24,K562,chr18:36146372:A:T,0,4,0.7515401840209961,modal,cuda,ELAC2:K562
DDX24,K562,chr18:36156575:G:T,1,4,0.7084741592407227,modal,cuda,ELAC2:K562
DDX24,K562,chr18:50275737:G:A,0,4,1.418091893196106,modal,cuda,ELAC2:K562
DDX24,K562,chr18:50276696:C:T,0,4,-0.13563895225524902,modal,cuda,ELAC2:K562
DDX24,K562,chr18:55269972:A:G,0,4,0.27944397926330566,modal,cuda,ELAC2:K562
DDX24,K562,chr18:55461123:T:C,0,4,0.7917507886886597,modal,cuda,ELAC2:K562
DDX24,K562,chr19:10353998:A:G,0,4,0.5705018639564514,modal,cuda,ELAC2:K562
DDX24,K562,chr19:10354011:A:G,0,4,-0.3347196578979492,modal,cuda,ELAC2:K562
DDX24,K562,chr19:10354238:G:C,0,4,-0.34345364570617676,modal,cuda,ELAC2:K562
DDX24,K562,chr19:10354244:A:C,0,4,0.9146208763122559,modal,cuda,ELAC2:K562
DDX24,K562,chr19:10357987:C:G,0,4,0.2413569539785385,modal,cuda,ELAC2:K562
DDX24,K562,chr19:10357992:C:G,0,4,0.1103418841958046,modal,cuda,ELAC2:K562
DDX24,K562,chr19:10361959:C:G,0,4,-0.6988327503204346,modal,cuda,ELAC2:K562
DDX24,K562,chr19:10362257:A:G,0,4,-0.9317863583564758,modal,cuda,ELAC2:K562
DDX24,K562,chr19:10362426:G:A,1,4,-1.0800588130950928,modal,cuda,ELAC2:K562
DDX24,K562,chr19:10362462:A:G,0,4,-0.6373422145843506,modal,cuda,ELAC2:K562
DDX24,K562,chr19:1059005:A:G,0,4,-0.4065055847167969,modal,cuda,ELAC2:K562
DDX24,K562,chr19:10759731:C:A,0,4,0.23652896285057068,modal,cuda,ELAC2:K562
DDX24,K562,chr19:10775697:T:C,0,4,-0.8268263936042786,modal,cuda,ELAC2:K562
DDX24,K562,chr19:10795451:G:A,0,4,0.5584368705749512,modal,cuda,ELAC2:K562
DDX24,K562,chr19:10812257:C:A,0,4,0.43990010023117065,modal,cuda,ELAC2:K562
DDX24,K562,chr19:10986394:C:G,1,4,0.5504282712936401,modal,cuda,ELAC2:K562
DDX24,K562,chr19:10986422:C:T,0,4,0.6135742664337158,modal,cuda,ELAC2:K562
DDX24,K562,chr19:10986446:C:T,1,4,0.7859123945236206,modal,cuda,ELAC2:K562
DDX24,K562,chr19:10986476:C:T,1,4,0.3972879648208618,modal,cuda,ELAC2:K562
DDX24,K562,chr19:10994833:C:A,1,4,-0.7580810189247131,modal,cuda,ELAC2:K562
DDX24,K562,chr19:10994932:T:C,0,4,-0.8673670291900635,modal,cuda,ELAC2:K562
DDX24,K562,chr19:10994951:C:T,1,4,-0.9275577068328857,modal,cuda,ELAC2:K562
DDX24,K562,chr19:11003047:C:T,1,4,0.849075198173523,modal,cuda,ELAC2:K562
DDX24,K562,chr19:1104528:C:G,0,4,-0.347822904586792,modal,cuda,ELAC2:K562
DDX24,K562,chr19:11100350:G:C,1,4,-0.3603096008300781,modal,cuda,ELAC2:K562
DDX24,K562,chr19:11102663:G:T,1,4,1.2555744647979736,modal,cuda,ELAC2:K562
DDX24,K562,chr19:11102664:T:A,1,4,-0.4304347038269043,modal,cuda,ELAC2:K562
DDX24,K562,chr19:11102719:C:A,1,4,0.8073859214782715,modal,cuda,ELAC2:K562
DDX24,K562,chr19:11102726:C:T,1,4,1.2984273433685303,modal,cuda,ELAC2:K562
DDX24,K562,chr19:11102732:T:G,1,4,-0.3946349620819092,modal,cuda,ELAC2:K562
DDX24,K562,chr19:11102733:G:A,1,4,-0.29787421226501465,modal,cuda,ELAC2:K562
DDX24,K562,chr19:11102734:G:A,1,4,-0.2861804962158203,modal,cuda,ELAC2:K562
DDX24,K562,chr19:11102735:A:G,1,4,-0.3788719177246094,modal,cuda,ELAC2:K562
DDX24,K562,chr19:11102736:G:A,1,4,0.11002302169799805,modal,cuda,ELAC2:K562
DDX24,K562,chr19:11102741:G:A,1,4,0.39708638191223145,modal,cuda,ELAC2:K562
DDX24,K562,chr19:11102742:A:G,1,4,-0.25923728942871094,modal,cuda,ELAC2:K562
DDX24,K562,chr19:11102743:T:A,1,4,-0.47652363777160645,modal,cuda,ELAC2:K562
DDX24,K562,chr19:11102747:C:T,1,4,-0.5816519260406494,modal,cuda,ELAC2:K562
DDX24,K562,chr19:11102758:C:A,1,4,1.2266993522644043,modal,cuda,ELAC2:K562
DDX24,K562,chr19:11102758:C:G,1,4,0.5601463317871094,modal,cuda,ELAC2:K562
DDX24,K562,chr19:11102769:C:G,1,4,0.808863639831543,modal,cuda,ELAC2:K562
DDX24,K562,chr19:11102774:G:A,1,4,0.3147151470184326,modal,cuda,ELAC2:K562
DDX24,K562,chr19:11102774:G:T,1,4,0.7857356071472168,modal,cuda,ELAC2:K562
DDX24,K562,chr19:11102777:C:T,1,4,0.34661269187927246,modal,cuda,ELAC2:K562
DDX24,K562,chr19:11102784:G:C,1,4,0.2645103931427002,modal,cuda,ELAC2:K562
DDX24,K562,chr19:11102785:T:A,1,4,-0.43071937561035156,modal,cuda,ELAC2:K562
DDX24,K562,chr19:11102787:G:A,1,4,0.8452563285827637,modal,cuda,ELAC2:K562
DDX24,K562,chr19:11102788:T:C,1,4,0.7344357967376709,modal,cuda,ELAC2:K562
DDX24,K562,chr19:11105218:A:T,1,4,-0.2517121434211731,modal,cuda,ELAC2:K562
DDX24,K562,chr19:11105219:G:T,1,4,-0.784183144569397,modal,cuda,ELAC2:K562
DDX24,K562,chr19:11105231:T:A,1,4,-0.6094300150871277,modal,cuda,ELAC2:K562
DDX24,K562,chr19:11105233:C:A,1,4,-0.3197970390319824,modal,cuda,ELAC2:K562
DDX24,K562,chr19:11105243:G:A,1,4,0.4051551818847656,modal,cuda,ELAC2:K562
DDX24,K562,chr19:11105251:C:T,0,4,0.538485050201416,modal,cuda,ELAC2:K562
DDX24,K562,chr19:11105319:C:A,1,4,0.513378381729126,modal,cuda,ELAC2:K562
DDX24,K562,chr19:11105323:C:A,1,4,0.18857669830322266,modal,cuda,ELAC2:K562
DDX24,K562,chr19:11105324:G:A,1,4,0.40169572830200195,modal,cuda,ELAC2:K562
DDX24,K562,chr19:11105324:G:T,1,4,-0.5310778617858887,modal,cuda,ELAC2:K562
DDX24,K562,chr19:11105332:C:A,0,4,0.3781552314758301,modal,cuda,ELAC2:K562
DDX24,K562,chr19:11105335:C:A,1,4,-0.9488738775253296,modal,cuda,ELAC2:K562
DDX24,K562,chr19:11105351:G:C,1,4,-0.88427734375,modal,cuda,ELAC2:K562
DDX24,K562,chr19:11105371:C:A,1,4,-0.7424997091293335,modal,cuda,ELAC2:K562
DDX24,K562,chr19:11105388:T:C,1,4,-0.282243013381958,modal,cuda,ELAC2:K562
DDX24,K562,chr19:11105400:G:A,1,4,-0.5837862491607666,modal,cuda,ELAC2:K562
DDX24,K562,chr19:11105400:G:T,1,4,0.27629971504211426,modal,cuda,ELAC2:K562
DDX24,K562,chr19:11105401:G:A,1,4,-0.5982975959777832,modal,cuda,ELAC2:K562
DDX24,K562,chr19:11105424:G:C,1,4,-0.8340067863464355,modal,cuda,ELAC2:K562
DDX24,K562,chr19:11110781:G:C,0,4,-0.33922505378723145,modal,cuda,ELAC2:K562
DDX24,K562,chr19:11111506:T:A,0,4,0.5938687324523926,modal,cuda,ELAC2:K562
DDX24,K562,chr19:11111506:T:C,0,4,0.5300440788269043,modal,cuda,ELAC2:K562
DDX24,K562,chr19:11113778:G:A,0,4,0.7544137239456177,modal,cuda,ELAC2:K562
DDX24,K562,chr19:11252470:A:T,0,4,0.6613417863845825,modal,cuda,ELAC2:K562
DDX24,K562,chr19:11447636:A:G,0,4,-0.6658095121383667,modal,cuda,ELAC2:K562
DDX24,K562,chr19:1219354:C:T,0,4,-2.6168646812438965,modal,cuda,ELAC2:K562
DDX24,K562,chr19:1219360:G:A,0,4,0.4528160095214844,modal,cuda,ELAC2:K562
DDX24,K562,chr19:1219369:G:A,0,4,-0.38341736793518066,modal,cuda,ELAC2:K562
DDX24,K562,chr19:1219382:G:T,1,4,-0.8631899356842041,modal,cuda,ELAC2:K562
DDX24,K562,chr19:1219430:G:A,0,4,0.6636745929718018,modal,cuda,ELAC2:K562
DDX24,K562,chr19:1220391:T:A,0,4,-0.2894766330718994,modal,cuda,ELAC2:K562
DDX24,K562,chr19:1220406:C:A,1,4,-0.41353273391723633,modal,cuda,ELAC2:K562
DDX24,K562,chr19:1220407:C:T,0,4,-0.1160053014755249,modal,cuda,ELAC2:K562
DDX24,K562,chr19:1220643:G:A,0,4,-0.26559901237487793,modal,cuda,ELAC2:K562
DDX24,K562,chr19:1220722:G:A,1,4,-0.19286870956420898,modal,cuda,ELAC2:K562
DDX24,K562,chr19:1221203:C:A,1,4,0.9360643625259399,modal,cuda,ELAC2:K562
DDX24,K562,chr19:1221207:A:G,1,4,0.4188237190246582,modal,cuda,ELAC2:K562
DDX24,K562,chr19:1221225:C:A,0,4,-0.224630206823349,modal,cuda,ELAC2:K562
DDX24,K562,chr19:1221237:C:G,1,4,-1.0840427875518799,modal,cuda,ELAC2:K562
DDX24,K562,chr19:1221246:A:G,0,4,0.21460461616516113,modal,cuda,ELAC2:K562
DDX24,K562,chr19:1221261:C:A,1,4,-1.8729208707809448,modal,cuda,ELAC2:K562
DDX24,K562,chr19:1221261:C:G,1,4,-1.051019549369812,modal,cuda,ELAC2:K562
DDX24,K562,chr19:12715505:C:T,1,4,-0.4198330044746399,modal,cuda,ELAC2:K562
DDX24,K562,chr19:1393350:G:A,0,4,0.19477248191833496,modal,cuda,ELAC2:K562
DDX24,K562,chr19:1615665:T:G,0,4,-0.13468587398529053,modal,cuda,ELAC2:K562
DDX24,K562,chr19:1615669:G:A,0,4,0.39988142251968384,modal,cuda,ELAC2:K562
DDX24,K562,chr19:1619483:T:G,0,4,-0.6750273704528809,modal,cuda,ELAC2:K562
DDX24,K562,chr19:1620950:C:T,0,4,0.321213960647583,modal,cuda,ELAC2:K562
DDX24,K562,chr19:1620951:C:G,0,4,-0.18510758876800537,modal,cuda,ELAC2:K562
DDX24,K562,chr19:1620951:C:T,0,4,-0.3178706169128418,modal,cuda,ELAC2:K562
DDX24,K562,chr19:1650259:C:G,0,4,-0.44586408138275146,modal,cuda,ELAC2:K562
DDX24,K562,chr19:17203024:G:A,0,4,0.5218331217765808,modal,cuda,ELAC2:K562
DDX24,K562,chr19:17268749:C:T,0,4,-0.2832002639770508,modal,cuda,ELAC2:K562
DDX24,K562,chr19:17762834:G:C,1,4,-0.3994567394256592,modal,cuda,ELAC2:K562
DDX24,K562,chr19:17764374:G:C,1,4,-0.8601373434066772,modal,cuda,ELAC2:K562
DDX24,K562,chr19:17772760:T:G,0,4,-0.4014265537261963,modal,cuda,ELAC2:K562
DDX24,K562,chr19:2042041:G:A,0,4,0.10189968347549438,modal,cuda,ELAC2:K562
DDX24,K562,chr19:2111662:G:A,0,4,0.40523242950439453,modal,cuda,ELAC2:K562
DDX24,K562,chr19:2121317:C:T,0,4,-0.3624567985534668,modal,cuda,ELAC2:K562
DDX24,K562,chr19:2193789:C:T,0,4,0.40027761459350586,modal,cuda,ELAC2:K562
DDX24,K562,chr19:2250529:G:A,0,4,1.5782713890075684,modal,cuda,ELAC2:K562
DDX24,K562,chr19:34365408:G:A,0,4,0.3008960485458374,modal,cuda,ELAC2:K562
DDX24,K562,chr19:35727139:C:T,0,4,-0.27255964279174805,modal,cuda,ELAC2:K562
DDX24,K562,chr19:35729307:G:A,0,4,0.5903031826019287,modal,cuda,ELAC2:K562
DDX24,K562,chr19:38647913:C:T,0,4,-0.3392638564109802,modal,cuda,ELAC2:K562
DDX24,K562,chr19:38704918:C:T,0,4,0.12151360511779785,modal,cuda,ELAC2:K562
DDX24,K562,chr19:38838877:C:T,0,4,0.611518383026123,modal,cuda,ELAC2:K562
DDX24,K562,chr19:40237951:G:A,0,4,0.4736511707305908,modal,cuda,ELAC2:K562
DDX24,K562,chr19:40238105:G:A,0,4,-0.25988078117370605,modal,cuda,ELAC2:K562
DDX24,K562,chr19:40611848:C:A,0,4,0.36706435680389404,modal,cuda,ELAC2:K562
DDX24,K562,chr19:41273979:C:T,0,4,0.23399245738983154,modal,cuda,ELAC2:K562
DDX24,K562,chr19:4400317:C:T,0,4,-0.11843882501125336,modal,cuda,ELAC2:K562
DDX24,K562,chr19:48127976:G:A,0,4,0.735416054725647,modal,cuda,ELAC2:K562
DDX24,K562,chr19:48128001:G:A,0,4,0.3462618291378021,modal,cuda,ELAC2:K562
DDX24,K562,chr19:48131059:G:C,0,4,0.44615936279296875,modal,cuda,ELAC2:K562
DDX24,K562,chr19:48131062:T:A,0,4,-0.3309812545776367,modal,cuda,ELAC2:K562
DDX24,K562,chr19:48131079:G:A,0,4,-0.12396514415740967,modal,cuda,ELAC2:K562
DDX24,K562,chr19:48137049:G:C,0,4,0.2170093059539795,modal,cuda,ELAC2:K562
DDX24,K562,chr19:48143528:G:T,0,4,0.49507200717926025,modal,cuda,ELAC2:K562
DDX24,K562,chr19:48617441:C:T,0,4,-0.4356798529624939,modal,cuda,ELAC2:K562
DDX24,K562,chr19:49171760:G:T,0,4,-0.48448026180267334,modal,cuda,ELAC2:K562
DDX24,K562,chr19:49172000:A:G,0,4,-0.4930344820022583,modal,cuda,ELAC2:K562
DDX24,K562,chr19:49190784:C:G,0,4,-1.3157432079315186,modal,cuda,ELAC2:K562
DDX24,K562,chr19:49680531:G:A,0,4,-0.5156941413879395,modal,cuda,ELAC2:K562
DDX24,K562,chr19:49862356:G:C,0,4,-0.3556331396102905,modal,cuda,ELAC2:K562
DDX24,K562,chr19:50399074:T:C,0,4,-0.13956308364868164,modal,cuda,ELAC2:K562
DDX24,K562,chr19:50402155:A:G,0,4,-0.8018078207969666,modal,cuda,ELAC2:K562
DDX24,K562,chr19:50403591:C:A,0,4,0.5343179702758789,modal,cuda,ELAC2:K562
DDX24,K562,chr19:50416437:G:C,0,4,0.16236305236816406,modal,cuda,ELAC2:K562
DDX24,K562,chr19:50417153:C:T,0,4,0.6558316946029663,modal,cuda,ELAC2:K562
DDX24,K562,chr19:5144908:C:T,0,4,0.38449788093566895,modal,cuda,ELAC2:K562
DDX24,K562,chr19:54121847:C:T,0,4,0.4724541902542114,modal,cuda,ELAC2:K562
DDX24,K562,chr19:54142930:G:A,0,4,0.6598344445228577,modal,cuda,ELAC2:K562
DDX24,K562,chr19:54142984:G:A,0,4,-0.577319860458374,modal,cuda,ELAC2:K562
DDX24,K562,chr19:54143000:C:T,1,4,0.3435388207435608,modal,cuda,ELAC2:K562
DDX24,K562,chr19:54144143:G:T,0,4,0.24509406089782715,modal,cuda,ELAC2:K562
DDX24,K562,chr19:5694372:C:G,0,4,0.4162929058074951,modal,cuda,ELAC2:K562
DDX24,K562,chr19:5694393:C:T,0,4,1.6153918504714966,modal,cuda,ELAC2:K562
DDX24,K562,chr19:5694418:G:A,0,4,-1.3476061820983887,modal,cuda,ELAC2:K562
DDX24,K562,chr19:5694421:G:A,0,4,-1.329012393951416,modal,cuda,ELAC2:K562
DDX24,K562,chr19:5694457:C:G,0,4,-0.2440476417541504,modal,cuda,ELAC2:K562
DDX24,K562,chr19:5694754:C:T,0,4,0.2724936008453369,modal,cuda,ELAC2:K562
DDX24,K562,chr19:5696234:A:G,0,4,-0.4788670539855957,modal,cuda,ELAC2:K562
DDX24,K562,chr19:5696237:C:G,0,4,0.2558605670928955,modal,cuda,ELAC2:K562
DDX24,K562,chr19:5696246:C:T,0,4,0.2534102201461792,modal,cuda,ELAC2:K562
DDX24,K562,chr19:5696253:G:T,1,4,0.3526555001735687,modal,cuda,ELAC2:K562
DDX24,K562,chr19:5696355:C:T,0,4,0.3335000276565552,modal,cuda,ELAC2:K562
DDX24,K562,chr19:5699015:G:C,0,4,-0.3968546390533447,modal,cuda,ELAC2:K562
DDX24,K562,chr19:5699059:G:A,0,4,-0.307788610458374,modal,cuda,ELAC2:K562
DDX24,K562,chr19:5700858:G:A,0,4,-0.1648106575012207,modal,cuda,ELAC2:K562
DDX24,K562,chr19:5700900:G:A,0,4,-0.5523858070373535,modal,cuda,ELAC2:K562
DDX24,K562,chr19:5700904:C:T,1,4,-0.6778726577758789,modal,cuda,ELAC2:K562
DDX24,K562,chr19:5707833:G:T,0,4,0.46212148666381836,modal,cuda,ELAC2:K562
DDX24,K562,chr19:5711897:G:A,0,4,0.29502153396606445,modal,cuda,ELAC2:K562
DDX24,K562,chr19:5711919:C:T,0,4,-0.2867858409881592,modal,cuda,ELAC2:K562
DDX24,K562,chr19:58548842:T:G,0,4,0.36957669258117676,modal,cuda,ELAC2:K562
DDX24,K562,chr19:58549718:C:T,0,4,-0.5738328099250793,modal,cuda,ELAC2:K562
DDX24,K562,chr19:58549722:T:C,0,4,0.24875330924987793,modal,cuda,ELAC2:K562
DDX24,K562,chr19:58549732:C:G,0,4,-0.6097358465194702,modal,cuda,ELAC2:K562
DDX24,K562,chr19:7638719:C:T,0,4,0.1460587978363037,modal,cuda,ELAC2:K562
DDX24,K562,chr19:7639063:C:A,1,4,1.1132326126098633,modal,cuda,ELAC2:K562
DDX24,K562,chr19:7639112:C:T,0,4,1.9276721477508545,modal,cuda,ELAC2:K562
DDX24,K562,chr19:7639825:C:T,0,4,-0.13979530334472656,modal,cuda,ELAC2:K562
DDX24,K562,chr19:7640566:G:A,0,4,0.7542330026626587,modal,cuda,ELAC2:K562
DDX24,K562,chr19:7640758:C:T,1,4,-1.1849853992462158,modal,cuda,ELAC2:K562
DDX24,K562,chr19:7642450:C:T,0,4,0.43531617522239685,modal,cuda,ELAC2:K562
DDX24,K562,chr19:7642498:G:A,1,4,-1.3022023439407349,modal,cuda,ELAC2:K562
DDX24,K562,chr19:7643004:C:T,1,4,-0.24312186241149902,modal,cuda,ELAC2:K562
DDX24,K562,chr19:7643025:C:T,1,4,0.2558622360229492,modal,cuda,ELAC2:K562
DDX24,K562,chr19:7643030:C:G,1,4,-0.4123666286468506,modal,cuda,ELAC2:K562
DDX24,K562,chr19:7643031:C:T,1,4,-0.2563896179199219,modal,cuda,ELAC2:K562
DDX24,K562,chr19:7644385:A:G,0,4,0.43676990270614624,modal,cuda,ELAC2:K562
DDX24,K562,chr19:8322114:T:C,0,4,0.37892937660217285,modal,cuda,ELAC2:K562
DDX24,K562,chr1:1044310:G:A,0,0,0.29193615913391113,modal,cuda,ELAC2:K562
DDX24,K562,chr1:1044455:G:A,0,0,0.5501968860626221,modal,cuda,ELAC2:K562
DDX24,K562,chr1:1045707:A:G,0,0,-0.4530433416366577,modal,cuda,ELAC2:K562
DDX24,K562,chr1:1045719:G:A,0,0,0.35166919231414795,modal,cuda,ELAC2:K562
DDX24,K562,chr1:1047064:A:G,0,0,-0.2822132110595703,modal,cuda,ELAC2:K562
DDX24,K562,chr1:1051820:C:T,0,0,0.15383362770080566,modal,cuda,ELAC2:K562
DDX24,K562,chr1:1055037:T:C,0,0,-0.7168699502944946,modal,cuda,ELAC2:K562
DDX24,K562,chr1:11232419:G:A,0,0,-0.5378153324127197,modal,cuda,ELAC2:K562
DDX24,K562,chr1:11232433:C:A,0,0,-0.7936277389526367,modal,cuda,ELAC2:K562
DDX24,K562,chr1:11253847:C:G,0,0,0.3519679307937622,modal,cuda,ELAC2:K562
DDX24,K562,chr1:11253894:T:G,0,0,-0.31438159942626953,modal,cuda,ELAC2:K562
DDX24,K562,chr1:11791128:C:T,0,0,-0.26326894760131836,modal,cuda,ELAC2:K562
DDX24,K562,chr1:11791162:C:T,0,0,0.2891159653663635,modal,cuda,ELAC2:K562
DDX24,K562,chr1:11816605:G:A,0,0,0.4408923387527466,modal,cuda,ELAC2:K562
DDX24,K562,chr1:11816629:T:C,0,0,0.8423278331756592,modal,cuda,ELAC2:K562
DDX24,K562,chr1:11816635:G:A,0,0,0.7017847299575806,modal,cuda,ELAC2:K562
DDX24,K562,chr1:11819529:A:G,0,0,0.23900973796844482,modal,cuda,ELAC2:K562
DDX24,K562,chr1:11956900:T:G,0,0,0.6213161945343018,modal,cuda,ELAC2:K562
DDX24,K562,chr1:11964317:T:G,0,0,-0.46393299102783203,modal,cuda,ELAC2:K562
DDX24,K562,chr1:11964323:T:G,0,0,-0.43252742290496826,modal,cuda,ELAC2:K562
DDX24,K562,chr1:11989357:G:A,0,0,0.4620474576950073,modal,cuda,ELAC2:K562
DDX24,K562,chr1:12244637:A:G,0,0,0.6500064730644226,modal,cuda,ELAC2:K562
DDX24,K562,chr1:12256314:G:T,0,0,-0.2395310401916504,modal,cuda,ELAC2:K562
DDX24,K562,chr1:12256527:A:G,0,0,-0.9507042169570923,modal,cuda,ELAC2:K562
DDX24,K562,chr1:12311937:A:G,0,0,0.42818355560302734,modal,cuda,ELAC2:K562
DDX24,K562,chr1:12368461:C:T,0,0,0.44353675842285156,modal,cuda,ELAC2:K562
DDX24,K562,chr1:1320529:G:A,1,0,0.4789087176322937,modal,cuda,ELAC2:K562
DDX24,K562,chr1:1342776:C:T,0,0,0.5867261290550232,modal,cuda,ELAC2:K562
DDX24,K562,chr1:1349110:G:A,0,0,-0.10387766361236572,modal,cuda,ELAC2:K562
DDX24,K562,chr1:150325734:G:A,0,0,0.45786648988723755,modal,cuda,ELAC2:K562
DDX24,K562,chr1:150332758:T:A,0,0,0.28828155994415283,modal,cuda,ELAC2:K562
DDX24,K562,chr1:150557221:C:T,1,0,0.303505539894104,modal,cuda,ELAC2:K562
DDX24,K562,chr1:1522729:G:A,0,0,-0.26874470710754395,modal,cuda,ELAC2:K562
DDX24,K562,chr1:154589737:T:G,0,0,-0.886285662651062,modal,cuda,ELAC2:K562
DDX24,K562,chr1:155312274:T:C,0,0,0.09601783752441406,modal,cuda,ELAC2:K562
DDX24,K562,chr1:15727007:G:A,0,0,0.20521104335784912,modal,cuda,ELAC2:K562
DDX24,K562,chr1:15727011:C:T,0,0,0.21273528039455414,modal,cuda,ELAC2:K562
DDX24,K562,chr1:160293382:T:C,0,0,-0.15850430727005005,modal,cuda,ELAC2:K562
DDX24,K562,chr1:160295716:T:C,0,0,-0.5323549509048462,modal,cuda,ELAC2:K562
DDX24,K562,chr1:160295725:T:C,0,0,0.32961511611938477,modal,cuda,ELAC2:K562
DDX24,K562,chr1:160295878:G:C,0,0,0.30330002307891846,modal,cuda,ELAC2:K562
DDX24,K562,chr1:160297336:T:C,0,0,-0.486086368560791,modal,cuda,ELAC2:K562
DDX24,K562,chr1:160305784:T:C,0,0,0.4000844359397888,modal,cuda,ELAC2:K562
DDX24,K562,chr1:161170464:A:G,1,0,-0.3609797954559326,modal,cuda,ELAC2:K562
DDX24,K562,chr1:161170467:A:C,1,0,0.465213418006897,modal,cuda,ELAC2:K562
DDX24,K562,chr1:161209915:C:A,1,0,-0.2513260841369629,modal,cuda,ELAC2:K562
DDX24,K562,chr1:161210647:A:G,1,0,-0.4883599281311035,modal,cuda,ELAC2:K562
DDX24,K562,chr1:161210723:T:A,0,0,0.1280730962753296,modal,cuda,ELAC2:K562
DDX24,K562,chr1:161213726:C:T,0,0,0.30445122718811035,modal,cuda,ELAC2:K562
DDX24,K562,chr1:176136495:C:G,0,0,0.3673095703125,modal,cuda,ELAC2:K562
DDX24,K562,chr1:180803571:G:A,1,0,-0.22997260093688965,modal,cuda,ELAC2:K562
DDX24,K562,chr1:180803572:T:C,0,0,-0.9077112674713135,modal,cuda,ELAC2:K562
DDX24,K562,chr1:180803583:T:C,1,0,-0.5597052574157715,modal,cuda,ELAC2:K562
DDX24,K562,chr1:180803598:T:C,1,0,-0.7218990325927734,modal,cuda,ELAC2:K562
DDX24,K562,chr1:19128202:A:G,0,0,-0.3644540309906006,modal,cuda,ELAC2:K562
DDX24,K562,chr1:19201715:T:C,0,0,1.1115304231643677,modal,cuda,ELAC2:K562
DDX24,K562,chr1:19235124:T:C,0,0,-0.30830931663513184,modal,cuda,ELAC2:K562
DDX24,K562,chr1:193135375:C:A,0,0,1.0123980045318604,modal,cuda,ELAC2:K562
DDX24,K562,chr1:207785659:T:A,1,0,-0.4704110026359558,modal,cuda,ELAC2:K562
DDX24,K562,chr1:207785684:T:A,1,0,-0.3883371353149414,modal,cuda,ELAC2:K562
DDX24,K562,chr1:207790243:C:T,0,0,0.5237287878990173,modal,cuda,ELAC2:K562
DDX24,K562,chr1:21824285:G:C,0,0,0.7807501554489136,modal,cuda,ELAC2:K562
DDX24,K562,chr1:21824302:C:T,0,0,-0.6595337390899658,modal,cuda,ELAC2:K562
DDX24,K562,chr1:21887350:G:A,0,0,0.12294363975524902,modal,cuda,ELAC2:K562
DDX24,K562,chr1:21887413:T:C,0,0,-0.23867285251617432,modal,cuda,ELAC2:K562
DDX24,K562,chr1:220195185:T:G,0,0,-0.32900768518447876,modal,cuda,ELAC2:K562
DDX24,K562,chr1:223802722:C:T,0,0,0.359450101852417,modal,cuda,ELAC2:K562
DDX24,K562,chr1:236816464:G:A,0,0,0.8719468116760254,modal,cuda,ELAC2:K562
DDX24,K562,chr1:236825363:T:A,1,0,-0.7423140406608582,modal,cuda,ELAC2:K562
DDX24,K562,chr1:236873843:A:G,1,0,0.7939009666442871,modal,cuda,ELAC2:K562
DDX24,K562,chr1:244856161:G:A,0,0,0.25119781494140625,modal,cuda,ELAC2:K562
DDX24,K562,chr1:244858724:C:T,1,0,-0.305922269821167,modal,cuda,ELAC2:K562
DDX24,K562,chr1:244863418:A:G,0,0,0.11905837059020996,modal,cuda,ELAC2:K562
DDX24,K562,chr1:244863420:A:G,0,0,0.1385202407836914,modal,cuda,ELAC2:K562
DDX24,K562,chr1:26761102:C:G,0,0,-0.2460780143737793,modal,cuda,ELAC2:K562
DDX24,K562,chr1:26772800:C:T,0,0,-0.5169035792350769,modal,cuda,ELAC2:K562
DDX24,K562,chr1:26774531:A:G,0,0,0.2442793846130371,modal,cuda,ELAC2:K562
DDX24,K562,chr1:26774547:A:G,0,0,-0.19434642791748047,modal,cuda,ELAC2:K562
DDX24,K562,chr1:28997275:G:T,1,0,-0.5748698711395264,modal,cuda,ELAC2:K562
DDX24,K562,chr1:32180465:A:G,0,0,0.207666277885437,modal,cuda,ELAC2:K562
DDX24,K562,chr1:35918427:G:T,0,0,-0.24833106994628906,modal,cuda,ELAC2:K562
DDX24,K562,chr1:37888269:G:T,0,0,-0.6068185567855835,modal,cuda,ELAC2:K562
DDX24,K562,chr1:39257917:G:A,0,0,-0.42767059803009033,modal,cuda,ELAC2:K562
DDX24,K562,chr1:39284212:G:T,0,0,-0.7567733526229858,modal,cuda,ELAC2:K562
DDX24,K562,chr1:39303095:G:A,0,0,0.506199836730957,modal,cuda,ELAC2:K562
DDX24,K562,chr1:39318629:T:C,0,0,-0.5658763647079468,modal,cuda,ELAC2:K562
DDX24,K562,chr1:39447679:A:G,0,0,-0.24924862384796143,modal,cuda,ELAC2:K562
DDX24,K562,chr1:39448165:A:C,0,0,-0.30071115493774414,modal,cuda,ELAC2:K562
DDX24,K562,chr1:39452140:C:G,0,0,-0.362324059009552,modal,cuda,ELAC2:K562
DDX24,K562,chr1:39479795:T:C,0,0,0.24535644054412842,modal,cuda,ELAC2:K562
DDX24,K562,chr1:45013663:C:T,1,0,-0.8309886455535889,modal,cuda,ELAC2:K562
DDX24,K562,chr1:45014781:C:T,1,0,-0.7007899284362793,modal,cuda,ELAC2:K562
DDX24,K562,chr1:45014803:G:A,1,0,0.6342401504516602,modal,cuda,ELAC2:K562
DDX24,K562,chr1:45014835:C:G,1,0,-0.3636963367462158,modal,cuda,ELAC2:K562
DDX24,K562,chr1:46193432:T:C,0,0,-0.6254676580429077,modal,cuda,ELAC2:K562
DDX24,K562,chr1:46196073:A:C,1,0,-1.0842962265014648,modal,cuda,ELAC2:K562
DDX24,K562,chr1:55052418:A:C,0,0,-0.34424591064453125,modal,cuda,ELAC2:K562
DDX24,K562,chr1:55052643:C:T,0,0,0.6647130250930786,modal,cuda,ELAC2:K562
DDX24,K562,chr1:58667830:T:A,0,0,0.2543857991695404,modal,cuda,ELAC2:K562
DDX24,K562,chr1:58685269:G:A,0,0,-0.16975504159927368,modal,cuda,ELAC2:K562
DDX24,K562,chr1:77962911:G:A,0,0,-0.07343792915344238,modal,cuda,ELAC2:K562
DDX24,K562,chr1:77963723:G:C,0,0,0.2921708822250366,modal,cuda,ELAC2:K562
DDX24,K562,chr1:92297425:A:C,0,0,0.16979694366455078,modal,cuda,ELAC2:K562
DDX24,K562,chr1:92297511:C:T,0,0,-0.43278294801712036,modal,cuda,ELAC2:K562
DDX24,K562,chr1:93118449:G:A,0,0,0.3627781867980957,modal,cuda,ELAC2:K562
DDX24,K562,chr1:962346:C:T,0,0,0.3908426761627197,modal,cuda,ELAC2:K562
DDX24,K562,chr1:9719905:C:T,0,0,-0.1445934772491455,modal,cuda,ELAC2:K562
DDX24,K562,chr20:2654566:A:G,0,0,0.18198728561401367,modal,cuda,ELAC2:K562
DDX24,K562,chr20:3203207:T:C,0,0,-0.337272047996521,modal,cuda,ELAC2:K562
DDX24,K562,chr20:32800931:C:T,0,0,-0.408794641494751,modal,cuda,ELAC2:K562
DDX24,K562,chr20:58909540:C:T,1,0,-1.0810201168060303,modal,cuda,ELAC2:K562
DDX24,K562,chr20:58909542:G:C,1,0,-0.1507408618927002,modal,cuda,ELAC2:K562
DDX24,K562,chr20:58909543:C:T,1,0,-1.0605075359344482,modal,cuda,ELAC2:K562
DDX24,K562,chr20:58909553:G:A,1,0,0.7175397872924805,modal,cuda,ELAC2:K562
DDX24,K562,chr20:58909560:G:A,0,0,-0.27654194831848145,modal,cuda,ELAC2:K562
DDX24,K562,chr20:58909563:G:A,1,0,0.6015051603317261,modal,cuda,ELAC2:K562
DDX24,K562,chr20:5952004:C:T,0,0,0.5469107031822205,modal,cuda,ELAC2:K562
DDX24,K562,chr20:62309854:C:T,0,0,0.163890540599823,modal,cuda,ELAC2:K562
DDX24,K562,chr20:62310086:C:A,0,0,0.2625306248664856,modal,cuda,ELAC2:K562
DDX24,K562,chr20:62311548:G:A,0,0,0.5291823148727417,modal,cuda,ELAC2:K562
DDX24,K562,chr20:62311555:C:T,0,0,0.7535338401794434,modal,cuda,ELAC2:K562
DDX24,K562,chr20:62311798:G:A,0,0,-0.4997732639312744,modal,cuda,ELAC2:K562
DDX24,K562,chr20:62313269:G:A,0,0,-0.30393916368484497,modal,cuda,ELAC2:K562
DDX24,K562,chr20:62315009:G:A,0,0,0.3203144073486328,modal,cuda,ELAC2:K562
DDX24,K562,chr20:62315011:G:A,0,0,0.32048511505126953,modal,cuda,ELAC2:K562
DDX24,K562,chr20:62317644:G:A,0,0,0.06458711624145508,modal,cuda,ELAC2:K562
DDX24,K562,chr20:62319814:C:T,0,0,-0.49326205253601074,modal,cuda,ELAC2:K562
DDX24,K562,chr20:62324566:C:T,0,0,0.2689651846885681,modal,cuda,ELAC2:K562
DDX24,K562,chr20:62324567:G:A,0,0,0.623960018157959,modal,cuda,ELAC2:K562
DDX24,K562,chr20:63662886:G:T,1,0,-0.7304238677024841,modal,cuda,ELAC2:K562
DDX24,K562,chr20:63687621:C:T,0,0,0.2781184911727905,modal,cuda,ELAC2:K562
DDX24,K562,chr20:63688363:G:T,1,0,-0.8581043481826782,modal,cuda,ELAC2:K562
DDX24,K562,chr20:63688366:A:T,1,0,-0.9921320676803589,modal,cuda,ELAC2:K562
DDX24,K562,chr20:63689115:G:A,1,0,0.4943576455116272,modal,cuda,ELAC2:K562
DDX24,K562,chr20:63689769:G:A,1,0,-0.8023678660392761,modal,cuda,ELAC2:K562
DDX24,K562,chr20:63689770:G:A,1,0,-0.765070378780365,modal,cuda,ELAC2:K562
DDX24,K562,chr20:63690184:C:T,1,0,-0.738217830657959,modal,cuda,ELAC2:K562
DDX24,K562,chr20:63983032:G:C,0,0,-0.6944882869720459,modal,cuda,ELAC2:K562
DDX24,K562,chr21:31696110:T:C,1,0,0.6752097606658936,modal,cuda,ELAC2:K562
DDX24,K562,chr21:32744819:T:G,0,0,-0.5699026584625244,modal,cuda,ELAC2:K562
DDX24,K562,chr21:37126118:T:C,0,0,0.2139427661895752,modal,cuda,ELAC2:K562
DDX24,K562,chr21:37129055:A:G,0,0,0.035307109355926514,modal,cuda,ELAC2:K562
DDX24,K562,chr21:39293802:C:G,0,0,-0.3348722457885742,modal,cuda,ELAC2:K562
DDX24,K562,chr21:43068285:G:T,0,0,-0.45562744140625,modal,cuda,ELAC2:K562
DDX24,K562,chr21:43755690:C:A,0,0,0.41154956817626953,modal,cuda,ELAC2:K562
DDX24,K562,chr21:43793309:C:T,0,0,-0.1991724967956543,modal,cuda,ELAC2:K562
DDX24,K562,chr21:43803502:G:C,0,0,-0.3730344772338867,modal,cuda,ELAC2:K562
DDX24,K562,chr21:45283495:C:T,0,0,0.4883437156677246,modal,cuda,ELAC2:K562
DDX24,K562,chr21:45477407:C:A,0,0,0.4538399577140808,modal,cuda,ELAC2:K562
DDX24,K562,chr21:45477494:C:G,0,0,-0.7146496772766113,modal,cuda,ELAC2:K562
DDX24,K562,chr21:45490253:G:A,0,0,0.6047006845474243,modal,cuda,ELAC2:K562
DDX24,K562,chr21:45491328:G:A,0,0,0.3079795837402344,modal,cuda,ELAC2:K562
DDX24,K562,chr21:45493239:G:T,0,0,-0.24956369400024414,modal,cuda,ELAC2:K562
DDX24,K562,chr21:45494528:C:T,0,0,-0.3235529661178589,modal,cuda,ELAC2:K562
DDX24,K562,chr21:45495350:C:T,0,0,0.6493224501609802,modal,cuda,ELAC2:K562
DDX24,K562,chr21:45507498:A:T,0,0,-0.18676729500293732,modal,cuda,ELAC2:K562
DDX24,K562,chr21:46213005:C:T,0,0,0.6620847582817078,modal,cuda,ELAC2:K562
DDX24,K562,chr21:46215306:G:A,0,0,0.4095003604888916,modal,cuda,ELAC2:K562
DDX24,K562,chr21:46219578:C:G,0,0,0.5890421867370605,modal,cuda,ELAC2:K562
DDX24,K562,chr21:46222635:C:T,1,0,0.3007636070251465,modal,cuda,ELAC2:K562
DDX24,K562,chr21:46222636:C:T,1,0,0.4162357449531555,modal,cuda,ELAC2:K562
DDX24,K562,chr21:46258920:G:C,0,0,0.44895315170288086,modal,cuda,ELAC2:K562
DDX24,K562,chr21:46498665:G:A,0,0,0.32710927724838257,modal,cuda,ELAC2:K562
DDX24,K562,chr22:19355751:C:T,0,3,-0.6867949962615967,modal,cuda,ELAC2:K562
DDX24,K562,chr22:19359312:G:A,0,3,0.3684273362159729,modal,cuda,ELAC2:K562
DDX24,K562,chr22:19392094:G:C,0,3,-0.8697423934936523,modal,cuda,ELAC2:K562
DDX24,K562,chr22:19431570:A:G,0,3,0.27312955260276794,modal,cuda,ELAC2:K562
DDX24,K562,chr22:19455788:G:C,0,3,0.4208717346191406,modal,cuda,ELAC2:K562
DDX24,K562,chr22:19467853:C:T,0,3,-0.5193774700164795,modal,cuda,ELAC2:K562
DDX24,K562,chr22:19480991:T:C,0,3,-0.4443979263305664,modal,cuda,ELAC2:K562
DDX24,K562,chr22:19496042:A:T,0,3,0.5218238830566406,modal,cuda,ELAC2:K562
DDX24,K562,chr22:19499077:C:T,0,3,0.19200098514556885,modal,cuda,ELAC2:K562
DDX24,K562,chr22:19516805:G:T,0,3,-0.25686269998550415,modal,cuda,ELAC2:K562
DDX24,K562,chr22:19880221:G:A,0,3,-0.25051170587539673,modal,cuda,ELAC2:K562
DDX24,K562,chr22:19880248:C:T,0,3,0.24957096576690674,modal,cuda,ELAC2:K562
DDX24,K562,chr22:19895453:G:T,0,3,0.355227530002594,modal,cuda,ELAC2:K562
DDX24,K562,chr22:19895461:T:G,0,3,-0.18897905945777893,modal,cuda,ELAC2:K562
DDX24,K562,chr22:19898025:G:T,0,3,0.20655953884124756,modal,cuda,ELAC2:K562
DDX24,K562,chr22:19898050:C:G,0,3,0.052937984466552734,modal,cuda,ELAC2:K562
DDX24,K562,chr22:19911363:C:T,0,3,0.6615254878997803,modal,cuda,ELAC2:K562
DDX24,K562,chr22:19911364:G:A,0,3,0.6051242351531982,modal,cuda,ELAC2:K562
DDX24,K562,chr22:19915767:C:G,0,3,0.9388294219970703,modal,cuda,ELAC2:K562
DDX24,K562,chr22:19918844:G:T,0,3,0.6514663696289062,modal,cuda,ELAC2:K562
DDX24,K562,chr22:19918847:G:A,0,3,0.8933894634246826,modal,cuda,ELAC2:K562
DDX24,K562,chr22:19918988:G:A,0,3,0.6327110528945923,modal,cuda,ELAC2:K562
DDX24,K562,chr22:19919562:G:A,0,3,0.17669832706451416,modal,cuda,ELAC2:K562
DDX24,K562,chr22:19919576:C:A,0,3,-0.11525273323059082,modal,cuda,ELAC2:K562
DDX24,K562,chr22:19919595:G:A,0,3,0.11350548267364502,modal,cuda,ELAC2:K562
DDX24,K562,chr22:19931110:G:C,0,3,0.4416050910949707,modal,cuda,ELAC2:K562
DDX24,K562,chr22:19962643:C:T,0,3,0.1654263734817505,modal,cuda,ELAC2:K562
DDX24,K562,chr22:20729303:G:A,0,3,0.6147114634513855,modal,cuda,ELAC2:K562
DDX24,K562,chr22:20751767:G:A,0,3,0.5530320405960083,modal,cuda,ELAC2:K562
DDX24,K562,chr22:20765707:A:T,0,3,0.0628613829612732,modal,cuda,ELAC2:K562
DDX24,K562,chr22:20987984:G:A,0,3,-0.20985057950019836,modal,cuda,ELAC2:K562
DDX24,K562,chr22:20989706:C:T,0,3,0.4963637888431549,modal,cuda,ELAC2:K562
DDX24,K562,chr22:20993771:G:A,0,3,0.5450089573860168,modal,cuda,ELAC2:K562
DDX24,K562,chr22:21925556:C:T,0,3,0.240034282207489,modal,cuda,ELAC2:K562
DDX24,K562,chr22:21933592:T:C,0,3,-0.2939803898334503,modal,cuda,ELAC2:K562
DDX24,K562,chr22:21939572:C:T,0,3,-0.06258618831634521,modal,cuda,ELAC2:K562
DDX24,K562,chr22:21945839:C:A,0,3,0.359907329082489,modal,cuda,ELAC2:K562
DDX24,K562,chr22:21959742:A:G,0,3,-0.4504997730255127,modal,cuda,ELAC2:K562
DDX24,K562,chr22:21964166:C:T,0,3,0.2961186170578003,modal,cuda,ELAC2:K562
DDX24,K562,chr22:21964299:G:A,0,3,0.2684323191642761,modal,cuda,ELAC2:K562
DDX24,K562,chr22:21968703:C:T,0,3,0.09515994787216187,modal,cuda,ELAC2:K562
DDX24,K562,chr22:21971869:A:G,0,3,-0.2076309323310852,modal,cuda,ELAC2:K562
DDX24,K562,chr22:23283971:C:G,0,3,-0.18019747734069824,modal,cuda,ELAC2:K562
DDX24,K562,chr22:23287285:G:T,0,3,0.3146607279777527,modal,cuda,ELAC2:K562
DDX24,K562,chr22:23290335:G:A,0,3,0.48553305864334106,modal,cuda,ELAC2:K562
DDX24,K562,chr22:25770869:C:A,0,3,0.3249276876449585,modal,cuda,ELAC2:K562
DDX24,K562,chr22:31760670:A:C,0,3,-0.6299960613250732,modal,cuda,ELAC2:K562
DDX24,K562,chr22:31760696:C:T,1,3,-0.27280572056770325,modal,cuda,ELAC2:K562
DDX24,K562,chr22:31760714:A:G,0,3,0.1748761534690857,modal,cuda,ELAC2:K562
DDX24,K562,chr22:31764992:C:T,1,3,1.3532347679138184,modal,cuda,ELAC2:K562
DDX24,K562,chr22:31765028:C:T,1,3,0.7653114795684814,modal,cuda,ELAC2:K562
DDX24,K562,chr22:41897136:G:C,0,3,0.26640766859054565,modal,cuda,ELAC2:K562
DDX24,K562,chr22:50220065:C:A,0,3,0.42747437953948975,modal,cuda,ELAC2:K562
DDX24,K562,chr22:50220072:A:G,0,3,-0.20272815227508545,modal,cuda,ELAC2:K562
DDX24,K562,chr22:50220141:A:G,0,3,-0.49917078018188477,modal,cuda,ELAC2:K562
DDX24,K562,chr22:50459685:G:A,0,3,0.3689229488372803,modal,cuda,ELAC2:K562
DDX24,K562,chr2:101831730:G:A,1,4,0.47645851969718933,modal,cuda,ELAC2:K562
DDX24,K562,chr2:101831841:A:G,1,4,1.0739045143127441,modal,cuda,ELAC2:K562
DDX24,K562,chr2:147943538:A:G,0,4,0.7979289889335632,modal,cuda,ELAC2:K562
DDX24,K562,chr2:15467394:G:A,1,4,-2.132201910018921,modal,cuda,ELAC2:K562
DDX24,K562,chr2:15467665:T:A,1,4,0.47007107734680176,modal,cuda,ELAC2:K562
DDX24,K562,chr2:15467683:T:A,1,4,-0.24450445175170898,modal,cuda,ELAC2:K562
DDX24,K562,chr2:15467718:T:C,0,4,0.25573134422302246,modal,cuda,ELAC2:K562
DDX24,K562,chr2:15467723:A:G,0,4,0.166825532913208,modal,cuda,ELAC2:K562
DDX24,K562,chr2:15467724:T:C,0,4,0.1529240608215332,modal,cuda,ELAC2:K562
DDX24,K562,chr2:15539332:C:T,1,4,0.40506482124328613,modal,cuda,ELAC2:K562
DDX24,K562,chr2:15551480:T:C,0,4,-1.2111338376998901,modal,cuda,ELAC2:K562
DDX24,K562,chr2:15554052:C:G,0,4,0.2618292570114136,modal,cuda,ELAC2:K562
DDX24,K562,chr2:15554053:T:C,0,4,0.38485145568847656,modal,cuda,ELAC2:K562
DDX24,K562,chr2:15556799:G:A,1,4,0.35861074924468994,modal,cuda,ELAC2:K562
DDX24,K562,chr2:206152508:G:A,1,4,1.6486082077026367,modal,cuda,ELAC2:K562
DDX24,K562,chr2:219501598:G:A,0,4,0.7242429256439209,modal,cuda,ELAC2:K562
DDX24,K562,chr2:232794843:C:A,0,4,0.31769275665283203,modal,cuda,ELAC2:K562
DDX24,K562,chr2:235717543:C:T,0,4,0.4979712963104248,modal,cuda,ELAC2:K562
DDX24,K562,chr2:235883325:T:C,0,4,-0.5119507312774658,modal,cuda,ELAC2:K562
DDX24,K562,chr2:27241411:C:T,0,4,0.3545103073120117,modal,cuda,ELAC2:K562
DDX24,K562,chr2:32485640:T:C,0,4,-0.42015326023101807,modal,cuda,ELAC2:K562
DDX24,K562,chr2:55643155:T:C,1,4,1.625894546508789,modal,cuda,ELAC2:K562
DDX24,K562,chr2:61339689:G:A,0,4,-0.4478914737701416,modal,cuda,ELAC2:K562
DDX24,K562,chr2:61490715:T:G,1,4,0.32182860374450684,modal,cuda,ELAC2:K562
DDX24,K562,chr2:69329283:C:T,0,4,-0.4718928337097168,modal,cuda,ELAC2:K562
DDX24,K562,chr2:8817705:T:C,0,4,-0.6939946413040161,modal,cuda,ELAC2:K562
DDX24,K562,chr2:96284591:G:A,0,4,0.8039857149124146,modal,cuda,ELAC2:K562
DDX24,K562,chr2:96290823:G:A,0,4,-0.45145392417907715,modal,cuda,ELAC2:K562
DDX24,K562,chr2:96297628:G:A,0,4,0.6445717811584473,modal,cuda,ELAC2:K562
DDX24,K562,chr2:96298427:A:G,0,4,-0.4883379340171814,modal,cuda,ELAC2:K562
DDX24,K562,chr3:10032981:T:G,0,3,0.47710859775543213,modal,cuda,ELAC2:K562
DDX24,K562,chr3:10036271:A:G,0,3,0.11458730697631836,modal,cuda,ELAC2:K562
DDX24,K562,chr3:10039861:G:C,0,3,-0.6981387138366699,modal,cuda,ELAC2:K562
DDX24,K562,chr3:10081464:G:A,1,3,0.36206698417663574,modal,cuda,ELAC2:K562
DDX24,K562,chr3:10088482:G:A,1,3,0.7001311779022217,modal,cuda,ELAC2:K562
DDX24,K562,chr3:10088483:G:A,1,3,-0.20518076419830322,modal,cuda,ELAC2:K562
DDX24,K562,chr3:10088523:C:T,1,3,0.09947049617767334,modal,cuda,ELAC2:K562
DDX24,K562,chr3:10090386:G:T,1,3,1.254668951034546,modal,cuda,ELAC2:K562
DDX24,K562,chr3:10092206:G:A,1,3,0.4416247606277466,modal,cuda,ELAC2:K562
DDX24,K562,chr3:10092265:A:G,0,3,0.1710977554321289,modal,cuda,ELAC2:K562
DDX24,K562,chr3:10095234:T:A,1,3,0.2668578624725342,modal,cuda,ELAC2:K562
DDX24,K562,chr3:10096350:C:T,1,3,0.17770691215991974,modal,cuda,ELAC2:K562
DDX24,K562,chr3:128056689:T:C,0,3,-0.25350451469421387,modal,cuda,ELAC2:K562
DDX24,K562,chr3:128060669:C:T,0,3,0.3283177614212036,modal,cuda,ELAC2:K562
DDX24,K562,chr3:129254755:C:G,0,3,-0.2053251415491104,modal,cuda,ELAC2:K562
DDX24,K562,chr3:130934728:A:G,0,3,-0.1828697919845581,modal,cuda,ELAC2:K562
DDX24,K562,chr3:139367098:G:A,0,3,1.274268388748169,modal,cuda,ELAC2:K562
DDX24,K562,chr3:139367123:A:G,0,3,0.21883416175842285,modal,cuda,ELAC2:K562
DDX24,K562,chr3:14168330:G:A,1,3,0.9131853580474854,modal,cuda,ELAC2:K562
DDX24,K562,chr3:14168389:A:T,1,3,0.31232619285583496,modal,cuda,ELAC2:K562
DDX24,K562,chr3:14447599:G:A,0,3,0.4142730236053467,modal,cuda,ELAC2:K562
DDX24,K562,chr3:14466529:C:T,1,3,0.03122091293334961,modal,cuda,ELAC2:K562
DDX24,K562,chr3:177038395:A:G,1,3,-0.33850884437561035,modal,cuda,ELAC2:K562
DDX24,K562,chr3:177038442:G:A,0,3,0.35634779930114746,modal,cuda,ELAC2:K562
DDX24,K562,chr3:177047481:T:C,0,3,0.25829243659973145,modal,cuda,ELAC2:K562
DDX24,K562,chr3:183803345:A:G,0,3,-0.4972043037414551,modal,cuda,ELAC2:K562
DDX24,K562,chr3:184164937:G:A,0,3,0.3949638307094574,modal,cuda,ELAC2:K562
DDX24,K562,chr3:184165219:G:A,0,3,0.2647448778152466,modal,cuda,ELAC2:K562
DDX24,K562,chr3:184166120:C:T,0,3,-0.2533031702041626,modal,cuda,ELAC2:K562
DDX24,K562,chr3:184166270:C:A,0,3,-0.29114675521850586,modal,cuda,ELAC2:K562
DDX24,K562,chr3:184166530:T:C,0,3,-0.281862735748291,modal,cuda,ELAC2:K562
DDX24,K562,chr3:194427078:G:A,0,3,-0.19403421878814697,modal,cuda,ELAC2:K562
DDX24,K562,chr3:194427130:C:T,0,3,0.28987812995910645,modal,cuda,ELAC2:K562
DDX24,K562,chr3:194431876:A:G,0,3,-0.49279260635375977,modal,cuda,ELAC2:K562
DDX24,K562,chr3:194438909:G:A,0,3,-0.15404170751571655,modal,cuda,ELAC2:K562
DDX24,K562,chr3:194438916:T:C,0,3,-0.14595377445220947,modal,cuda,ELAC2:K562
DDX24,K562,chr3:194438977:A:G,0,3,0.0906064510345459,modal,cuda,ELAC2:K562
DDX24,K562,chr3:194438985:A:G,0,3,-0.23947525024414062,modal,cuda,ELAC2:K562
DDX24,K562,chr3:194455983:C:A,0,3,-0.40846240520477295,modal,cuda,ELAC2:K562
DDX24,K562,chr3:196055305:C:T,0,3,0.586524248123169,modal,cuda,ELAC2:K562
DDX24,K562,chr3:196055306:A:G,0,3,-0.4099653959274292,modal,cuda,ELAC2:K562
DDX24,K562,chr3:196055313:C:T,0,3,0.3309307098388672,modal,cuda,ELAC2:K562
DDX24,K562,chr3:196055316:G:A,0,3,0.6761584281921387,modal,cuda,ELAC2:K562
DDX24,K562,chr3:196058376:A:G,0,3,-0.5285272598266602,modal,cuda,ELAC2:K562
DDX24,K562,chr3:196062837:G:T,0,3,1.3744139671325684,modal,cuda,ELAC2:K562
DDX24,K562,chr3:196065426:G:C,0,3,-0.13427035510540009,modal,cuda,ELAC2:K562
DDX24,K562,chr3:196065430:G:T,0,3,0.11162859201431274,modal,cuda,ELAC2:K562
DDX24,K562,chr3:196067669:A:C,0,3,0.5552978515625,modal,cuda,ELAC2:K562
DDX24,K562,chr3:197138319:C:T,0,3,0.41181111335754395,modal,cuda,ELAC2:K562
DDX24,K562,chr3:197138320:G:A,0,3,0.45489299297332764,modal,cuda,ELAC2:K562
DDX24,K562,chr3:197839383:T:C,0,3,0.19284796714782715,modal,cuda,ELAC2:K562
DDX24,K562,chr3:36996644:C:T,1,3,-0.5623741149902344,modal,cuda,ELAC2:K562
DDX24,K562,chr3:36996648:T:A,1,3,-0.4016153812408447,modal,cuda,ELAC2:K562
DDX24,K562,chr3:36996659:G:T,1,3,0.7486710548400879,modal,cuda,ELAC2:K562
DDX24,K562,chr3:36996668:C:T,0,3,0.6073136329650879,modal,cuda,ELAC2:K562
DDX24,K562,chr3:36996670:G:A,0,3,-0.3119950294494629,modal,cuda,ELAC2:K562
DDX24,K562,chr3:36996671:A:T,1,3,1.2101881504058838,modal,cuda,ELAC2:K562
DDX24,K562,chr3:36996680:C:T,1,3,-0.48564839363098145,modal,cuda,ELAC2:K562
DDX24,K562,chr3:36996686:C:T,1,3,0.8444291353225708,modal,cuda,ELAC2:K562
DDX24,K562,chr3:36996691:C:A,1,3,-0.5859529972076416,modal,cuda,ELAC2:K562
DDX24,K562,chr3:36996697:C:T,0,3,0.7490253448486328,modal,cuda,ELAC2:K562
DDX24,K562,chr3:36996701:G:A,1,3,0.5102734565734863,modal,cuda,ELAC2:K562
DDX24,K562,chr3:36996701:G:T,1,3,0.6565661430358887,modal,cuda,ELAC2:K562
DDX24,K562,chr3:36996702:G:A,1,3,-0.47824811935424805,modal,cuda,ELAC2:K562
DDX24,K562,chr3:36996710:G:C,1,3,1.156175136566162,modal,cuda,ELAC2:K562
DDX24,K562,chr3:36996711:T:G,1,3,-0.6272499561309814,modal,cuda,ELAC2:K562
DDX24,K562,chr3:37000953:A:G,1,3,-0.3923792839050293,modal,cuda,ELAC2:K562
DDX24,K562,chr3:37000954:G:A,1,3,-1.236271858215332,modal,cuda,ELAC2:K562
DDX24,K562,chr3:37000958:G:T,1,3,0.8456935882568359,modal,cuda,ELAC2:K562
DDX24,K562,chr3:37000976:T:C,1,3,-0.5838031768798828,modal,cuda,ELAC2:K562
DDX24,K562,chr3:37000977:G:A,1,3,-0.44855618476867676,modal,cuda,ELAC2:K562
DDX24,K562,chr3:37000979:G:T,1,3,0.6511392593383789,modal,cuda,ELAC2:K562
DDX24,K562,chr3:37000992:C:T,1,3,-0.18467676639556885,modal,cuda,ELAC2:K562
DDX24,K562,chr3:37000997:A:T,1,3,0.7643346786499023,modal,cuda,ELAC2:K562
DDX24,K562,chr3:37001003:C:T,1,3,0.3552647829055786,modal,cuda,ELAC2:K562
DDX24,K562,chr3:37001008:C:A,0,3,0.4223673343658447,modal,cuda,ELAC2:K562
DDX24,K562,chr3:37001012:G:T,1,3,1.1489202976226807,modal,cuda,ELAC2:K562
DDX24,K562,chr3:37001019:T:G,1,3,1.7688517570495605,modal,cuda,ELAC2:K562
DDX24,K562,chr3:37001045:C:T,1,3,1.3237422704696655,modal,cuda,ELAC2:K562
DDX24,K562,chr3:37001046:G:C,1,3,0.3932938575744629,modal,cuda,ELAC2:K562
DDX24,K562,chr3:37001053:G:C,1,3,2.054708242416382,modal,cuda,ELAC2:K562
DDX24,K562,chr3:37001054:G:A,1,3,0.517964243888855,modal,cuda,ELAC2:K562
DDX24,K562,chr3:37001054:G:C,1,3,0.2988489866256714,modal,cuda,ELAC2:K562
DDX24,K562,chr3:37001054:G:T,1,3,0.2783803939819336,modal,cuda,ELAC2:K562
DDX24,K562,chr3:37001055:T:A,1,3,0.7451550960540771,modal,cuda,ELAC2:K562
DDX24,K562,chr3:37001058:G:A,1,3,-0.3524618148803711,modal,cuda,ELAC2:K562
DDX24,K562,chr3:37006992:G:C,1,3,0.41510796546936035,modal,cuda,ELAC2:K562
DDX24,K562,chr3:37007000:C:A,1,3,-0.7900750637054443,modal,cuda,ELAC2:K562
DDX24,K562,chr3:37007000:C:G,1,3,-0.35921573638916016,modal,cuda,ELAC2:K562
DDX24,K562,chr3:37007002:C:A,1,3,-0.25248265266418457,modal,cuda,ELAC2:K562
DDX24,K562,chr3:37007002:C:G,1,3,0.2563611567020416,modal,cuda,ELAC2:K562
DDX24,K562,chr3:37007004:G:C,0,3,0.45949602127075195,modal,cuda,ELAC2:K562
DDX24,K562,chr3:37007007:G:T,1,3,0.9356640577316284,modal,cuda,ELAC2:K562
DDX24,K562,chr3:37007016:A:T,1,3,0.7735497951507568,modal,cuda,ELAC2:K562
DDX24,K562,chr3:37007028:A:T,1,3,0.3522162437438965,modal,cuda,ELAC2:K562
DDX24,K562,chr3:37007039:T:G,0,3,-0.9310545921325684,modal,cuda,ELAC2:K562
DDX24,K562,chr3:37007042:C:G,0,3,-0.5301146507263184,modal,cuda,ELAC2:K562
DDX24,K562,chr3:37007046:C:T,1,3,0.3935236930847168,modal,cuda,ELAC2:K562
DDX24,K562,chr3:37007055:C:T,1,3,0.9608454704284668,modal,cuda,ELAC2:K562
DDX24,K562,chr3:37008874:G:T,1,3,-0.339648962020874,modal,cuda,ELAC2:K562
DDX24,K562,chr3:37008879:T:A,1,3,-0.3095061779022217,modal,cuda,ELAC2:K562
DDX24,K562,chr3:37008903:C:T,1,3,-0.32540392875671387,modal,cuda,ELAC2:K562
DDX24,K562,chr3:37008904:A:G,1,3,-0.7606840133666992,modal,cuda,ELAC2:K562
DDX24,K562,chr3:37008905:G:A,1,3,-0.25806641578674316,modal,cuda,ELAC2:K562
DDX24,K562,chr3:37008907:T:A,1,3,-0.36821866035461426,modal,cuda,ELAC2:K562
DDX24,K562,chr3:37008907:T:C,1,3,0.12551522254943848,modal,cuda,ELAC2:K562
DDX24,K562,chr3:37008908:A:G,1,3,0.31626200675964355,modal,cuda,ELAC2:K562
DDX24,K562,chr3:37008925:A:T,0,3,0.4824953079223633,modal,cuda,ELAC2:K562
DDX24,K562,chr3:37011823:T:G,1,3,0.2682771682739258,modal,cuda,ELAC2:K562
DDX24,K562,chr3:37011825:C:G,1,3,0.26476675271987915,modal,cuda,ELAC2:K562
DDX24,K562,chr3:37011828:T:G,1,3,0.3462289571762085,modal,cuda,ELAC2:K562
DDX24,K562,chr3:37011852:C:G,1,3,0.19448721408843994,modal,cuda,ELAC2:K562
DDX24,K562,chr3:37011860:A:T,1,3,0.694644570350647,modal,cuda,ELAC2:K562
DDX24,K562,chr3:37011867:G:A,1,3,-0.31359612941741943,modal,cuda,ELAC2:K562
DDX24,K562,chr3:37011873:G:C,0,3,-0.5125564336776733,modal,cuda,ELAC2:K562
DDX24,K562,chr3:38009716:G:A,0,3,0.23195624351501465,modal,cuda,ELAC2:K562
DDX24,K562,chr3:38009720:G:A,0,3,-0.2428274154663086,modal,cuda,ELAC2:K562
DDX24,K562,chr3:38129319:C:G,0,3,0.3669435977935791,modal,cuda,ELAC2:K562
DDX24,K562,chr3:38129373:G:A,0,3,-0.17802214622497559,modal,cuda,ELAC2:K562
DDX24,K562,chr3:42188999:C:T,0,3,0.4217061698436737,modal,cuda,ELAC2:K562
DDX24,K562,chr3:42193853:G:A,0,3,0.2932535409927368,modal,cuda,ELAC2:K562
DDX24,K562,chr3:43565644:T:C,0,3,0.24916189908981323,modal,cuda,ELAC2:K562
DDX24,K562,chr3:43576710:C:A,1,3,0.44779253005981445,modal,cuda,ELAC2:K562
DDX24,K562,chr3:43576722:G:A,1,3,0.8614864349365234,modal,cuda,ELAC2:K562
DDX24,K562,chr3:43576788:T:C,0,3,-0.7213777303695679,modal,cuda,ELAC2:K562
DDX24,K562,chr3:4658283:C:G,0,3,0.2611544728279114,modal,cuda,ELAC2:K562
DDX24,K562,chr3:47007225:C:T,0,3,0.233975350856781,modal,cuda,ELAC2:K562
DDX24,K562,chr3:47977856:A:C,0,3,0.40233421325683594,modal,cuda,ELAC2:K562
DDX24,K562,chr3:48628021:G:A,0,3,0.8275514841079712,modal,cuda,ELAC2:K562
DDX24,K562,chr3:49100579:C:T,1,3,0.46900033950805664,modal,cuda,ELAC2:K562
DDX24,K562,chr3:49101858:G:A,0,3,0.5844504833221436,modal,cuda,ELAC2:K562
DDX24,K562,chr3:52408610:G:A,0,3,0.27172818779945374,modal,cuda,ELAC2:K562
DDX24,K562,chr3:52408611:G:A,0,3,0.18424874544143677,modal,cuda,ELAC2:K562
DDX24,K562,chr3:9684571:C:T,0,3,0.7486796379089355,modal,cuda,ELAC2:K562
DDX24,K562,chr3:9688681:G:A,0,3,0.42627811431884766,modal,cuda,ELAC2:K562
DDX24,K562,chr3:9688993:G:A,0,3,-0.10551989078521729,modal,cuda,ELAC2:K562
DDX24,K562,chr3:9924216:T:G,0,3,-0.29446470737457275,modal,cuda,ELAC2:K562
DDX24,K562,chr3:9924243:G:C,0,3,0.23287510871887207,modal,cuda,ELAC2:K562
DDX24,K562,chr3:9928162:C:T,0,3,0.10185801982879639,modal,cuda,ELAC2:K562
DDX24,K562,chr3:9928227:C:T,0,3,0.31279605627059937,modal,cuda,ELAC2:K562
DDX24,K562,chr3:9928231:C:T,0,3,0.3039591312408447,modal,cuda,ELAC2:K562
DDX24,K562,chr3:9928289:T:C,0,3,-0.38959431648254395,modal,cuda,ELAC2:K562
DDX24,K562,chr3:9938029:C:G,0,3,0.21773818135261536,modal,cuda,ELAC2:K562
DDX24,K562,chr3:9938045:G:A,1,3,-0.3400889039039612,modal,cuda,ELAC2:K562
DDX24,K562,chr3:9941222:G:A,0,3,0.17784249782562256,modal,cuda,ELAC2:K562
DDX24,K562,chr3:9943122:G:T,1,3,0.4597001075744629,modal,cuda,ELAC2:K562
DDX24,K562,chr3:9943412:G:A,0,3,0.24688714742660522,modal,cuda,ELAC2:K562
DDX24,K562,chr3:9943445:C:A,0,3,-0.13057804107666016,modal,cuda,ELAC2:K562
DDX24,K562,chr4:1000901:C:T,0,1,0.35898685455322266,modal,cuda,ELAC2:K562
DDX24,K562,chr4:1000953:A:T,1,1,0.6699352264404297,modal,cuda,ELAC2:K562
DDX24,K562,chr4:1001194:G:A,0,1,0.6145997047424316,modal,cuda,ELAC2:K562
DDX24,K562,chr4:1003307:T:C,0,1,-0.45356571674346924,modal,cuda,ELAC2:K562
DDX24,K562,chr4:118815021:T:C,0,1,0.3742678165435791,modal,cuda,ELAC2:K562
DDX24,K562,chr4:150844091:G:A,0,1,-0.45307087898254395,modal,cuda,ELAC2:K562
DDX24,K562,chr4:150872652:G:A,0,1,0.8778421878814697,modal,cuda,ELAC2:K562
DDX24,K562,chr4:150929074:G:A,0,1,0.26482057571411133,modal,cuda,ELAC2:K562
DDX24,K562,chr4:169588686:G:A,1,1,0.3591165542602539,modal,cuda,ELAC2:K562
DDX24,K562,chr4:1730877:G:C,0,1,0.3635091781616211,modal,cuda,ELAC2:K562
DDX24,K562,chr4:1802097:C:G,0,1,0.23430338501930237,modal,cuda,ELAC2:K562
DDX24,K562,chr4:1802199:T:C,0,1,-0.2575928568840027,modal,cuda,ELAC2:K562
DDX24,K562,chr4:1804844:G:A,0,1,0.5616273880004883,modal,cuda,ELAC2:K562
DDX24,K562,chr4:1805790:C:T,0,1,-0.5831558704376221,modal,cuda,ELAC2:K562
DDX24,K562,chr4:1805823:G:A,0,1,0.416772723197937,modal,cuda,ELAC2:K562
DDX24,K562,chr4:1807446:C:T,0,1,-0.29942822456359863,modal,cuda,ELAC2:K562
DDX24,K562,chr4:1904379:G:C,1,1,0.8305239677429199,modal,cuda,ELAC2:K562
DDX24,K562,chr4:1952088:C:T,0,1,0.35355043411254883,modal,cuda,ELAC2:K562
DDX24,K562,chr4:1952089:G:A,0,1,0.6875878572463989,modal,cuda,ELAC2:K562
DDX24,K562,chr4:1953320:T:C,0,1,1.4290375709533691,modal,cuda,ELAC2:K562
DDX24,K562,chr4:1955864:A:C,0,1,0.6419820785522461,modal,cuda,ELAC2:K562
DDX24,K562,chr4:1956205:A:G,0,1,0.530380368232727,modal,cuda,ELAC2:K562
DDX24,K562,chr4:1958042:G:A,0,1,1.165581226348877,modal,cuda,ELAC2:K562
DDX24,K562,chr4:2663247:A:G,0,1,0.30014753341674805,modal,cuda,ELAC2:K562
DDX24,K562,chr4:47885519:T:C,0,1,-0.5375320911407471,modal,cuda,ELAC2:K562
DDX24,K562,chr4:47885974:G:A,0,1,0.8200122714042664,modal,cuda,ELAC2:K562
DDX24,K562,chr4:80008502:G:C,0,1,0.7962473630905151,modal,cuda,ELAC2:K562
DDX24,K562,chr4:80069511:C:T,0,1,-0.2283315658569336,modal,cuda,ELAC2:K562
DDX24,K562,chr4:82872090:A:C,0,1,0.6194801330566406,modal,cuda,ELAC2:K562
DDX24,K562,chr5:126819073:T:C,1,1,0.26752328872680664,modal,cuda,ELAC2:K562
DDX24,K562,chr5:146120521:A:C,0,1,1.3472404479980469,modal,cuda,ELAC2:K562
DDX24,K562,chr5:146157709:A:T,0,1,0.7018296718597412,modal,cuda,ELAC2:K562
DDX24,K562,chr5:146164483:G:A,0,1,-0.4495927691459656,modal,cuda,ELAC2:K562
DDX24,K562,chr5:146168206:T:C,0,1,-0.3826104402542114,modal,cuda,ELAC2:K562
DDX24,K562,chr5:146168276:T:C,0,1,0.629417896270752,modal,cuda,ELAC2:K562
DDX24,K562,chr5:146171902:G:A,0,1,0.30892831087112427,modal,cuda,ELAC2:K562
DDX24,K562,chr5:146171959:T:C,0,1,0.5719245672225952,modal,cuda,ELAC2:K562
DDX24,K562,chr5:146172783:C:A,0,1,-1.2225761413574219,modal,cuda,ELAC2:K562
DDX24,K562,chr5:150361143:T:C,0,1,-0.5849049091339111,modal,cuda,ELAC2:K562
DDX24,K562,chr5:150375563:C:T,0,1,-0.4557231366634369,modal,cuda,ELAC2:K562
DDX24,K562,chr5:169671117:A:G,0,1,-0.5457396507263184,modal,cuda,ELAC2:K562
DDX24,K562,chr5:169700093:C:A,0,1,0.30577516555786133,modal,cuda,ELAC2:K562
DDX24,K562,chr5:177490914:G:A,0,1,0.23997467756271362,modal,cuda,ELAC2:K562
DDX24,K562,chr5:179618141:G:A,0,1,1.0520086288452148,modal,cuda,ELAC2:K562
DDX24,K562,chr5:41842686:G:A,0,1,0.7573443651199341,modal,cuda,ELAC2:K562
DDX24,K562,chr5:41842690:C:T,1,1,-0.7358648777008057,modal,cuda,ELAC2:K562
DDX24,K562,chr5:41842697:G:A,1,1,1.6863303184509277,modal,cuda,ELAC2:K562
DDX24,K562,chr5:6611712:G:A,0,1,0.32319116592407227,modal,cuda,ELAC2:K562
DDX24,K562,chr5:6611749:C:T,1,1,1.5418686866760254,modal,cuda,ELAC2:K562
DDX24,K562,chr5:6616737:T:C,0,1,0.39954066276550293,modal,cuda,ELAC2:K562
DDX24,K562,chr5:6616795:T:G,1,1,-0.44805634021759033,modal,cuda,ELAC2:K562
DDX24,K562,chr5:78156252:A:G,1,1,1.7230730056762695,modal,cuda,ELAC2:K562
DDX24,K562,chr5:78228133:C:T,0,1,-0.8522753715515137,modal,cuda,ELAC2:K562
DDX24,K562,chr5:90705508:C:A,1,1,1.7635326385498047,modal,cuda,ELAC2:K562
DDX24,K562,chr5:90705528:G:T,1,1,2.229602336883545,modal,cuda,ELAC2:K562
DDX24,K562,chr5:90705551:T:G,0,1,1.0199246406555176,modal,cuda,ELAC2:K562
DDX24,K562,chr6:104796938:T:C,0,3,0.41278076171875,modal,cuda,ELAC2:K562
DDX24,K562,chr6:104796988:G:A,1,3,0.720233678817749,modal,cuda,ELAC2:K562
DDX24,K562,chr6:104843270:C:A,1,3,-0.5576352477073669,modal,cuda,ELAC2:K562
DDX24,K562,chr6:157936048:C:T,0,3,-0.1510864496231079,modal,cuda,ELAC2:K562
DDX24,K562,chr6:30914857:C:T,0,3,-0.11014235019683838,modal,cuda,ELAC2:K562
DDX24,K562,chr6:30914912:C:T,0,3,-0.18350446224212646,modal,cuda,ELAC2:K562
DDX24,K562,chr6:30921056:T:C,0,3,0.0961531400680542,modal,cuda,ELAC2:K562
DDX24,K562,chr6:30922429:T:C,0,3,0.12937843799591064,modal,cuda,ELAC2:K562
DDX24,K562,chr6:31536689:G:A,0,3,1.0836138725280762,modal,cuda,ELAC2:K562
DDX24,K562,chr6:31636058:C:T,0,3,0.3512997627258301,modal,cuda,ELAC2:K562
DDX24,K562,chr6:31687869:G:A,1,3,-0.5714471340179443,modal,cuda,ELAC2:K562
DDX24,K562,chr6:31688737:C:T,0,3,0.2720663547515869,modal,cuda,ELAC2:K562
DDX24,K562,chr6:31742911:G:A,0,3,0.45342159271240234,modal,cuda,ELAC2:K562
DDX24,K562,chr6:31759476:G:T,1,3,-0.2255305051803589,modal,cuda,ELAC2:K562
DDX24,K562,chr6:31760120:C:T,0,3,0.4966297149658203,modal,cuda,ELAC2:K562
DDX24,K562,chr6:31761582:A:G,0,3,-0.6386299133300781,modal,cuda,ELAC2:K562
DDX24,K562,chr6:31762148:C:T,0,3,0.12357497215270996,modal,cuda,ELAC2:K562
DDX24,K562,chr6:31881061:C:A,1,3,-0.3550374507904053,modal,cuda,ELAC2:K562
DDX24,K562,chr6:31881061:C:T,1,3,-0.1630387306213379,modal,cuda,ELAC2:K562
DDX24,K562,chr6:31961035:C:G,0,3,1.059992790222168,modal,cuda,ELAC2:K562
DDX24,K562,chr6:32974487:T:C,0,3,0.4366869330406189,modal,cuda,ELAC2:K562
DDX24,K562,chr6:32974500:G:A,0,3,0.43530505895614624,modal,cuda,ELAC2:K562
DDX24,K562,chr6:32976246:C:G,0,3,0.3627127408981323,modal,cuda,ELAC2:K562
DDX24,K562,chr6:32977753:G:C,0,3,-0.35592007637023926,modal,cuda,ELAC2:K562
DDX24,K562,chr6:33297068:G:A,0,3,0.8059778213500977,modal,cuda,ELAC2:K562
DDX24,K562,chr6:33440713:C:T,0,3,0.16787374019622803,modal,cuda,ELAC2:K562
DDX24,K562,chr6:33440726:C:G,1,3,-0.8810163736343384,modal,cuda,ELAC2:K562
DDX24,K562,chr6:33685103:G:A,0,3,0.2511366605758667,modal,cuda,ELAC2:K562
DDX24,K562,chr6:33685166:C:A,0,3,0.3284335136413574,modal,cuda,ELAC2:K562
DDX24,K562,chr6:43046422:G:C,0,3,0.10028183460235596,modal,cuda,ELAC2:K562
DDX24,K562,chr6:43046495:G:A,0,3,0.5000661611557007,modal,cuda,ELAC2:K562
DDX24,K562,chr6:43527615:G:A,0,3,-0.2739216089248657,modal,cuda,ELAC2:K562
DDX24,K562,chr6:43565668:G:A,0,3,0.7723262310028076,modal,cuda,ELAC2:K562
DDX24,K562,chr6:43626216:G:C,0,3,-0.12567013502120972,modal,cuda,ELAC2:K562
DDX24,K562,chr6:44231359:C:T,0,3,0.9624735116958618,modal,cuda,ELAC2:K562
DDX24,K562,chr6:53276167:A:G,0,3,0.1090887188911438,modal,cuda,ELAC2:K562
DDX24,K562,chr6:79016535:A:T,0,3,-0.319707989692688,modal,cuda,ELAC2:K562
DDX24,K562,chr6:79019166:T:C,0,3,0.16570349037647247,modal,cuda,ELAC2:K562
DDX24,K562,chr6:79025924:T:C,0,3,0.37033331394195557,modal,cuda,ELAC2:K562
DDX24,K562,chr6:79060464:C:G,0,3,-0.3911106586456299,modal,cuda,ELAC2:K562
DDX24,K562,chr6:79077837:C:T,0,3,0.2670327425003052,modal,cuda,ELAC2:K562
DDX24,K562,chr6:79078019:C:T,0,3,0.4200019836425781,modal,cuda,ELAC2:K562
DDX24,K562,chr6:80203114:C:T,1,3,0.4693007469177246,modal,cuda,ELAC2:K562
DDX24,K562,chr6:80203193:A:T,1,3,0.7903919219970703,modal,cuda,ELAC2:K562
DDX24,K562,chr7:100577077:G:A,0,2,0.17075109481811523,modal,cuda,ELAC2:K562
DDX24,K562,chr7:100628208:C:T,0,2,0.3605697751045227,modal,cuda,ELAC2:K562
DDX24,K562,chr7:100632995:A:T,0,2,0.12959015369415283,modal,cuda,ELAC2:K562
DDX24,K562,chr7:100686291:T:C,0,2,-0.13072776794433594,modal,cuda,ELAC2:K562
DDX24,K562,chr7:100687818:C:G,0,2,-0.3694973587989807,modal,cuda,ELAC2:K562
DDX24,K562,chr7:100688089:G:A,0,2,0.40356332063674927,modal,cuda,ELAC2:K562
DDX24,K562,chr7:105546937:C:T,0,2,-0.32407015562057495,modal,cuda,ELAC2:K562
DDX24,K562,chr7:107258276:T:C,0,2,-0.13406670093536377,modal,cuda,ELAC2:K562
DDX24,K562,chr7:107258332:G:A,1,2,1.2273073196411133,modal,cuda,ELAC2:K562
DDX24,K562,chr7:107283555:T:C,0,2,0.381839394569397,modal,cuda,ELAC2:K562
DDX24,K562,chr7:107362361:A:G,0,2,-0.31966543197631836,modal,cuda,ELAC2:K562
DDX24,K562,chr7:107362409:G:A,1,2,0.8676248788833618,modal,cuda,ELAC2:K562
DDX24,K562,chr7:107372598:T:A,1,2,1.0273834466934204,modal,cuda,ELAC2:K562
DDX24,K562,chr7:107372619:G:A,1,2,1.1859409809112549,modal,cuda,ELAC2:K562
DDX24,K562,chr7:107527288:G:A,1,2,0.4090421199798584,modal,cuda,ELAC2:K562
DDX24,K562,chr7:107548274:G:T,0,2,-0.356035053730011,modal,cuda,ELAC2:K562
DDX24,K562,chr7:107548350:T:C,0,2,0.46684515476226807,modal,cuda,ELAC2:K562
DDX24,K562,chr7:127701159:C:T,0,2,-0.12291133403778076,modal,cuda,ELAC2:K562
DDX24,K562,chr7:128851443:C:T,0,2,0.2512013018131256,modal,cuda,ELAC2:K562
DDX24,K562,chr7:128851464:C:A,1,2,-0.4289095997810364,modal,cuda,ELAC2:K562
DDX24,K562,chr7:139259375:G:A,0,2,0.9954668283462524,modal,cuda,ELAC2:K562
DDX24,K562,chr7:140351264:G:A,0,2,1.2416430711746216,modal,cuda,ELAC2:K562
DDX24,K562,chr7:140351316:G:A,0,2,1.1187540292739868,modal,cuda,ELAC2:K562
DDX24,K562,chr7:140369626:G:T,0,2,-0.2067352533340454,modal,cuda,ELAC2:K562
DDX24,K562,chr7:142943600:T:A,0,2,-0.17942821979522705,modal,cuda,ELAC2:K562
DDX24,K562,chr7:143291552:G:A,0,2,0.13258770108222961,modal,cuda,ELAC2:K562
DDX24,K562,chr7:1435155:G:A,0,2,0.2963324785232544,modal,cuda,ELAC2:K562
DDX24,K562,chr7:148828887:C:T,0,2,1.0521390438079834,modal,cuda,ELAC2:K562
DDX24,K562,chr7:150948412:G:C,0,2,-0.34900298714637756,modal,cuda,ELAC2:K562
DDX24,K562,chr7:150948954:T:A,1,2,-0.7558832168579102,modal,cuda,ELAC2:K562
DDX24,K562,chr7:150948971:G:A,1,2,-0.15181589126586914,modal,cuda,ELAC2:K562
DDX24,K562,chr7:150949031:C:G,1,2,-0.0839763879776001,modal,cuda,ELAC2:K562
DDX24,K562,chr7:150951022:C:A,1,2,-0.5452369451522827,modal,cuda,ELAC2:K562
DDX24,K562,chr7:150951076:G:A,1,2,-0.22656035423278809,modal,cuda,ELAC2:K562
DDX24,K562,chr7:150951080:G:A,0,2,0.08614015579223633,modal,cuda,ELAC2:K562
DDX24,K562,chr7:152235812:C:A,0,2,2.516930103302002,modal,cuda,ELAC2:K562
DDX24,K562,chr7:152309960:A:G,0,2,-0.4730048179626465,modal,cuda,ELAC2:K562
DDX24,K562,chr7:152309963:T:C,0,2,0.8701910972595215,modal,cuda,ELAC2:K562
DDX24,K562,chr7:156725498:G:A,0,2,0.15250897407531738,modal,cuda,ELAC2:K562
DDX24,K562,chr7:156725501:G:A,0,2,0.5171751976013184,modal,cuda,ELAC2:K562
DDX24,K562,chr7:156796455:A:G,0,2,0.1599864959716797,modal,cuda,ELAC2:K562
DDX24,K562,chr7:158655163:T:G,0,2,-0.0736863911151886,modal,cuda,ELAC2:K562
DDX24,K562,chr7:158656612:C:T,0,2,0.3183104991912842,modal,cuda,ELAC2:K562
DDX24,K562,chr7:158664658:A:G,0,2,0.3496726155281067,modal,cuda,ELAC2:K562
DDX24,K562,chr7:158664766:A:G,0,2,-0.651114821434021,modal,cuda,ELAC2:K562
DDX24,K562,chr7:158913110:C:G,0,2,0.6810436248779297,modal,cuda,ELAC2:K562
DDX24,K562,chr7:158914230:T:A,1,2,-0.059836357831954956,modal,cuda,ELAC2:K562
DDX24,K562,chr7:158914326:A:G,0,2,-0.5053455829620361,modal,cuda,ELAC2:K562
DDX24,K562,chr7:158914340:T:C,0,2,-0.3312720060348511,modal,cuda,ELAC2:K562
DDX24,K562,chr7:158926393:C:T,0,2,-0.46758341789245605,modal,cuda,ELAC2:K562
DDX24,K562,chr7:2540935:C:T,0,2,0.28333842754364014,modal,cuda,ELAC2:K562
DDX24,K562,chr7:2540979:C:G,1,2,-0.5874030590057373,modal,cuda,ELAC2:K562
DDX24,K562,chr7:2540979:C:T,1,2,-0.30276548862457275,modal,cuda,ELAC2:K562
DDX24,K562,chr7:44118068:G:A,0,2,-0.11655986309051514,modal,cuda,ELAC2:K562
DDX24,K562,chr7:5216554:C:T,0,2,0.24687325954437256,modal,cuda,ELAC2:K562
DDX24,K562,chr7:6048789:A:G,0,2,0.23907208442687988,modal,cuda,ELAC2:K562
DDX24,K562,chr7:66086834:C:T,0,2,-0.30306416749954224,modal,cuda,ELAC2:K562
DDX24,K562,chr7:66086944:T:C,0,2,-0.20483864843845367,modal,cuda,ELAC2:K562
DDX24,K562,chr7:851454:G:A,0,2,0.527100145816803,modal,cuda,ELAC2:K562
DDX24,K562,chr7:851463:G:T,0,2,-0.5547980070114136,modal,cuda,ELAC2:K562
DDX24,K562,chr7:851941:C:A,0,2,0.8579429388046265,modal,cuda,ELAC2:K562
DDX24,K562,chr7:851999:G:A,0,2,0.37107622623443604,modal,cuda,ELAC2:K562
DDX24,K562,chr7:852779:C:A,0,2,0.5009937286376953,modal,cuda,ELAC2:K562
DDX24,K562,chr7:852795:G:A,0,2,0.21053612232208252,modal,cuda,ELAC2:K562
DDX24,K562,chr7:852798:C:G,0,2,-0.21702885627746582,modal,cuda,ELAC2:K562
DDX24,K562,chr7:853488:A:G,0,2,0.3818753659725189,modal,cuda,ELAC2:K562
DDX24,K562,chr7:855021:C:G,0,2,0.0937846302986145,modal,cuda,ELAC2:K562
DDX24,K562,chr7:855021:C:T,0,2,-0.05878806114196777,modal,cuda,ELAC2:K562
DDX24,K562,chr7:857855:A:G,0,2,-0.4691081941127777,modal,cuda,ELAC2:K562
DDX24,K562,chr7:857859:G:A,0,2,0.4048370122909546,modal,cuda,ELAC2:K562
DDX24,K562,chr7:860183:G:T,0,2,-0.12391018867492676,modal,cuda,ELAC2:K562
DDX24,K562,chr7:869411:G:A,0,2,-0.16322612762451172,modal,cuda,ELAC2:K562
DDX24,K562,chr7:869435:C:T,0,2,0.3692334294319153,modal,cuda,ELAC2:K562
DDX24,K562,chr7:869482:A:G,0,2,-0.08628308773040771,modal,cuda,ELAC2:K562
DDX24,K562,chr7:869529:G:A,0,2,0.13545307517051697,modal,cuda,ELAC2:K562
DDX24,K562,chr7:869533:G:A,0,2,0.3843214511871338,modal,cuda,ELAC2:K562
DDX24,K562,chr7:872451:T:C,0,2,-0.36886441707611084,modal,cuda,ELAC2:K562
DDX24,K562,chr7:92045220:G:C,0,2,-0.17342424392700195,modal,cuda,ELAC2:K562
DDX24,K562,chr7:92225703:A:G,0,2,-0.36947715282440186,modal,cuda,ELAC2:K562
DDX24,K562,chr7:98897877:C:T,0,2,0.4130958616733551,modal,cuda,ELAC2:K562
DDX24,K562,chr7:98956551:T:C,0,2,-0.2095857858657837,modal,cuda,ELAC2:K562
DDX24,K562,chr8:102270190:G:T,0,0,-0.3385273814201355,modal,cuda,ELAC2:K562
DDX24,K562,chr8:140535542:C:G,1,0,-0.4203857183456421,modal,cuda,ELAC2:K562
DDX24,K562,chr8:143931528:C:T,0,0,0.274125337600708,modal,cuda,ELAC2:K562
DDX24,K562,chr8:143934106:C:T,0,0,0.6534868478775024,modal,cuda,ELAC2:K562
DDX24,K562,chr8:143935188:G:A,0,0,0.15831589698791504,modal,cuda,ELAC2:K562
DDX24,K562,chr8:143935838:G:A,0,0,-0.33980870246887207,modal,cuda,ELAC2:K562
DDX24,K562,chr8:143937152:C:T,0,0,0.32514095306396484,modal,cuda,ELAC2:K562
DDX24,K562,chr8:143937258:G:C,0,0,-0.41950058937072754,modal,cuda,ELAC2:K562
DDX24,K562,chr8:144057928:G:A,0,0,0.44961875677108765,modal,cuda,ELAC2:K562
DDX24,K562,chr8:144085569:A:G,0,0,-0.3697352409362793,modal,cuda,ELAC2:K562
DDX24,K562,chr8:144317121:G:A,0,0,0.15661734342575073,modal,cuda,ELAC2:K562
DDX24,K562,chr8:144438635:G:A,0,0,-0.10331648588180542,modal,cuda,ELAC2:K562
DDX24,K562,chr8:144515210:G:A,1,0,-1.540105938911438,modal,cuda,ELAC2:K562
DDX24,K562,chr8:144515746:C:T,0,0,0.5678677558898926,modal,cuda,ELAC2:K562
DDX24,K562,chr8:144515758:T:A,0,0,0.22797614336013794,modal,cuda,ELAC2:K562
DDX24,K562,chr8:144515800:G:A,1,0,-0.9431195259094238,modal,cuda,ELAC2:K562
DDX24,K562,chr8:20210652:T:G,0,0,0.7792491912841797,modal,cuda,ELAC2:K562
DDX24,K562,chr8:20211172:A:G,0,0,-0.49820446968078613,modal,cuda,ELAC2:K562
DDX24,K562,chr8:22616007:A:G,0,0,-0.5182124376296997,modal,cuda,ELAC2:K562
DDX24,K562,chr8:23028507:A:G,0,0,-0.5470845699310303,modal,cuda,ELAC2:K562
DDX24,K562,chr8:27520878:C:T,0,0,-0.07449817657470703,modal,cuda,ELAC2:K562
DDX24,K562,chr8:27525384:C:T,0,0,0.26427119970321655,modal,cuda,ELAC2:K562
DDX24,K562,chr8:27538691:G:A,0,0,0.5153565406799316,modal,cuda,ELAC2:K562
DDX24,K562,chr8:31088887:C:A,0,0,-0.5272226333618164,modal,cuda,ELAC2:K562
DDX24,K562,chr8:31090556:T:A,0,0,0.31818604469299316,modal,cuda,ELAC2:K562
DDX24,K562,chr8:41612000:C:T,0,0,0.9011433124542236,modal,cuda,ELAC2:K562
DDX24,K562,chr8:41672445:C:A,1,0,-3.3709030151367188,modal,cuda,ELAC2:K562
DDX24,K562,chr8:41695168:C:G,0,0,0.27813470363616943,modal,cuda,ELAC2:K562
DDX24,K562,chr8:42293532:T:G,0,0,-0.44864189624786377,modal,cuda,ELAC2:K562
DDX24,K562,chr8:42308940:G:A,1,0,0.16365909576416016,modal,cuda,ELAC2:K562
DDX24,K562,chr8:47962049:A:G,0,0,0.6669350862503052,modal,cuda,ELAC2:K562
DDX24,K562,chr8:99013850:T:G,1,0,0.9097414016723633,modal,cuda,ELAC2:K562
DDX24,K562,chr8:99013930:G:T,1,0,0.6830332279205322,modal,cuda,ELAC2:K562
DDX24,K562,chr8:99013933:C:T,1,0,0.40124034881591797,modal,cuda,ELAC2:K562
DDX24,K562,chr8:99038429:A:T,1,0,-1.1287760734558105,modal,cuda,ELAC2:K562
DDX24,K562,chr8:99038453:G:T,1,0,-0.5506845712661743,modal,cuda,ELAC2:K562
DDX24,K562,chr8:99121218:C:T,1,0,0.4676196575164795,modal,cuda,ELAC2:K562
DDX24,K562,chr8:99121273:G:A,1,0,0.7976124286651611,modal,cuda,ELAC2:K562
DDX24,K562,chr8:99121282:G:A,1,0,1.151301383972168,modal,cuda,ELAC2:K562
DDX24,K562,chr9:108912460:A:C,1,4,1.4406888484954834,modal,cuda,ELAC2:K562
DDX24,K562,chr9:108926548:C:T,0,4,0.25351452827453613,modal,cuda,ELAC2:K562
DDX24,K562,chr9:120470214:G:C,1,4,-0.19722725450992584,modal,cuda,ELAC2:K562
DDX24,K562,chr9:120530076:C:A,1,4,-0.2740554213523865,modal,cuda,ELAC2:K562
DDX24,K562,chr9:120530103:C:A,1,4,-1.097170114517212,modal,cuda,ELAC2:K562
DDX24,K562,chr9:120545742:C:A,1,4,0.8608982563018799,modal,cuda,ELAC2:K562
DDX24,K562,chr9:120545794:C:T,0,4,-0.4942195415496826,modal,cuda,ELAC2:K562
DDX24,K562,chr9:120579981:C:A,0,4,-1.1171177625656128,modal,cuda,ELAC2:K562
DDX24,K562,chr9:120579997:A:G,0,4,-0.2589842975139618,modal,cuda,ELAC2:K562
DDX24,K562,chr9:124890381:G:C,0,4,-0.3802334666252136,modal,cuda,ELAC2:K562
DDX24,K562,chr9:127787511:C:T,0,4,0.1106870174407959,modal,cuda,ELAC2:K562
DDX24,K562,chr9:128176337:G:A,0,4,0.3104116916656494,modal,cuda,ELAC2:K562
DDX24,K562,chr9:128177787:C:T,0,4,0.8673686981201172,modal,cuda,ELAC2:K562
DDX24,K562,chr9:128178351:A:G,0,4,-0.4719778895378113,modal,cuda,ELAC2:K562
DDX24,K562,chr9:128179427:C:A,0,4,-0.402543306350708,modal,cuda,ELAC2:K562
DDX24,K562,chr9:128222864:C:T,0,4,0.37804603576660156,modal,cuda,ELAC2:K562
DDX24,K562,chr9:128234113:C:T,0,4,-0.167724609375,modal,cuda,ELAC2:K562
DDX24,K562,chr9:128248566:T:C,0,4,-0.5293282866477966,modal,cuda,ELAC2:K562
DDX24,K562,chr9:128636064:T:A,0,4,0.13240832090377808,modal,cuda,ELAC2:K562
DDX24,K562,chr9:129049897:C:T,0,4,0.41743016242980957,modal,cuda,ELAC2:K562
DDX24,K562,chr9:129049921:C:T,0,4,0.42530834674835205,modal,cuda,ELAC2:K562
DDX24,K562,chr9:131513243:C:T,1,4,0.49482905864715576,modal,cuda,ELAC2:K562
DDX24,K562,chr9:131513332:G:A,1,4,0.6466749906539917,modal,cuda,ELAC2:K562
DDX24,K562,chr9:131519445:A:C,0,4,0.09272193908691406,modal,cuda,ELAC2:K562
DDX24,K562,chr9:131520187:G:A,0,4,-0.28555965423583984,modal,cuda,ELAC2:K562
DDX24,K562,chr9:136461169:G:A,0,4,1.3740394115447998,modal,cuda,ELAC2:K562
DDX24,K562,chr9:137450159:G:A,0,4,0.24495762586593628,modal,cuda,ELAC2:K562
DDX24,K562,chr9:137450264:A:G,0,4,-0.2520681619644165,modal,cuda,ELAC2:K562
DDX24,K562,chr9:35689952:A:T,0,4,0.2139664888381958,modal,cuda,ELAC2:K562
DDX24,K562,chr9:35689953:A:T,0,4,0.7689186930656433,modal,cuda,ELAC2:K562
DDX24,K562,chr9:35689954:A:T,0,4,0.8071572780609131,modal,cuda,ELAC2:K562
DDX24,K562,chr9:5044540:C:T,0,4,-0.3528921604156494,modal,cuda,ELAC2:K562
DDX24,K562,chr9:5073742:G:C,1,4,0.5679779052734375,modal,cuda,ELAC2:K562
DDX24,K562,chr9:5073770:G:A,1,4,0.39365339279174805,modal,cuda,ELAC2:K562
DDX24,K562,chr9:5073781:C:T,0,4,0.7033884525299072,modal,cuda,ELAC2:K562
DDX24,K562,chr9:5073799:C:T,0,4,-0.32683515548706055,modal,cuda,ELAC2:K562
DDX24,K562,chr9:5089679:T:C,0,4,-0.4730278253555298,modal,cuda,ELAC2:K562
DDX24,K562,chr9:5089688:T:C,0,4,-0.5834646224975586,modal,cuda,ELAC2:K562
DDX24,K562,chr9:69234419:C:G,0,4,0.7296555042266846,modal,cuda,ELAC2:K562
DDX24,K562,chr9:69238803:T:A,0,4,-0.2692537307739258,modal,cuda,ELAC2:K562
DDX24,K562,chr9:73163535:A:G,0,4,0.4736485481262207,modal,cuda,ELAC2:K562
DDX24,K562,chr9:83971865:C:A,0,4,-0.490692138671875,modal,cuda,ELAC2:K562
DDX24,K562,chr9:83971868:A:C,0,4,0.7015630006790161,modal,cuda,ELAC2:K562
DDX24,K562,chr9:92247416:G:A,1,4,1.436316967010498,modal,cuda,ELAC2:K562
DDX24,K562,chr9:92247426:C:G,0,4,0.25528573989868164,modal,cuda,ELAC2:K562
DDX24,K562,chr9:92247504:A:G,0,4,-0.7534728050231934,modal,cuda,ELAC2:K562
DDX24,K562,chr9:92258946:C:A,1,4,-2.0325005054473877,modal,cuda,ELAC2:K562
DDX24,K562,chr9:92260132:G:A,0,4,-0.3202824592590332,modal,cuda,ELAC2:K562
DDX24,K562,chr9:92264962:A:G,1,4,-0.751564085483551,modal,cuda,ELAC2:K562
DDX24,K562,chr9:92265060:C:G,0,4,2.015632390975952,modal,cuda,ELAC2:K562
DDX24,K562,chr9:92269899:A:G,0,4,-0.8219659328460693,modal,cuda,ELAC2:K562
DDX24,K562,chr9:92269937:G:A,1,4,0.6387267112731934,modal,cuda,ELAC2:K562
DDX24,K562,chr9:92271034:G:A,1,4,-0.6171115040779114,modal,cuda,ELAC2:K562
DDX24,K562,chr9:92271064:T:C,0,4,-0.12506717443466187,modal,cuda,ELAC2:K562
DDX24,K562,chr9:92271537:A:C,1,4,-0.6283433437347412,modal,cuda,ELAC2:K562
DDX24,K562,chr9:92274465:T:G,0,4,-0.1721785068511963,modal,cuda,ELAC2:K562
DDX24,K562,chr9:92274466:T:C,0,4,-0.3246932029724121,modal,cuda,ELAC2:K562
DDX24,K562,chr9:92277848:G:A,0,4,0.9711573123931885,modal,cuda,ELAC2:K562
DDX24,K562,chr9:92278187:T:C,0,4,0.5584452152252197,modal,cuda,ELAC2:K562
DDX24,K562,chr9:92278272:G:A,1,4,-0.921249270439148,modal,cuda,ELAC2:K562
DDX24,K562,chrX:101370087:G:A,0,2,0.5773464441299438,modal,cuda,ELAC2:K562
DDX24,K562,chrX:101370099:G:T,0,2,0.27119746804237366,modal,cuda,ELAC2:K562
DDX24,K562,chrX:101371622:A:G,0,2,-0.23802757263183594,modal,cuda,ELAC2:K562
DDX24,K562,chrX:101371704:G:A,0,2,0.34744036197662354,modal,cuda,ELAC2:K562
DDX24,K562,chrX:111726897:G:A,0,2,0.15755876898765564,modal,cuda,ELAC2:K562
DDX24,K562,chrX:111728181:A:G,0,2,0.3332052230834961,modal,cuda,ELAC2:K562
DDX24,K562,chrX:111728206:A:G,0,2,-0.4466041624546051,modal,cuda,ELAC2:K562
DDX24,K562,chrX:153691300:C:T,0,2,0.17770397663116455,modal,cuda,ELAC2:K562
DDX24,K562,chrX:153693184:G:A,0,2,0.5514671802520752,modal,cuda,ELAC2:K562
DDX24,K562,chrX:153694279:G:T,0,2,0.29986751079559326,modal,cuda,ELAC2:K562
DDX24,K562,chrX:153694284:G:A,0,2,0.3013190031051636,modal,cuda,ELAC2:K562
DDX24,K562,chrX:153694451:G:C,1,2,-1.1939725875854492,modal,cuda,ELAC2:K562
DDX24,K562,chrX:153694515:C:T,0,2,0.4575236141681671,modal,cuda,ELAC2:K562
DDX24,K562,chrX:153694526:G:A,0,2,0.34633469581604004,modal,cuda,ELAC2:K562
DDX24,K562,chrX:153694528:C:T,0,2,0.3243815302848816,modal,cuda,ELAC2:K562
DDX24,K562,chrX:153932306:C:A,0,2,0.2977771759033203,modal,cuda,ELAC2:K562
DDX24,K562,chrX:153932306:C:T,0,2,0.425698846578598,modal,cuda,ELAC2:K562
DDX24,K562,chrX:153955556:C:G,0,2,0.2329288274049759,modal,cuda,ELAC2:K562
DDX24,K562,chrX:153959311:C:A,0,2,0.5758069753646851,modal,cuda,ELAC2:K562
DDX24,K562,chrX:154350013:C:T,0,2,-0.5377954244613647,modal,cuda,ELAC2:K562
DDX24,K562,chrX:154364732:A:G,0,2,-0.4110201597213745,modal,cuda,ELAC2:K562
DDX24,K562,chrX:154465014:G:A,0,2,0.5204696655273438,modal,cuda,ELAC2:K562
DDX24,K562,chrX:154768445:G:A,0,2,0.35856878757476807,modal,cuda,ELAC2:K562
DDX24,K562,chrX:154770779:G:A,0,2,0.05074453353881836,modal,cuda,ELAC2:K562
DDX24,K562,chrX:154770812:T:A,1,2,1.052455186843872,modal,cuda,ELAC2:K562
DDX24,K562,chrX:154770821:C:T,0,2,-0.04186880588531494,modal,cuda,ELAC2:K562
DDX24,K562,chrX:154776279:G:A,0,2,-0.07753920555114746,modal,cuda,ELAC2:K562
DDX24,K562,chrX:154776309:C:T,0,2,0.3691885471343994,modal,cuda,ELAC2:K562
DDX24,K562,chrX:19355671:C:A,0,2,0.19773423671722412,modal,cuda,ELAC2:K562
DDX24,K562,chrX:19355772:C:T,0,2,0.37282371520996094,modal,cuda,ELAC2:K562
DDX24,K562,chrX:19359031:T:G,0,2,-0.15951192378997803,modal,cuda,ELAC2:K562
DDX24,K562,chrX:24717567:G:T,0,2,-0.4236961901187897,modal,cuda,ELAC2:K562
DDX24,K562,chrX:41144650:T:C,0,2,-0.1289171278476715,modal,cuda,ELAC2:K562
DDX24,K562,chrX:41165852:A:G,0,2,0.10501635074615479,modal,cuda,ELAC2:K562
DDX24,K562,chrX:41165859:A:C,0,2,-0.1477525234222412,modal,cuda,ELAC2:K562
DDX24,K562,chrX:41184382:T:G,0,2,0.4555925130844116,modal,cuda,ELAC2:K562
DDX24,K562,chrX:41188136:C:T,0,2,-0.3278059959411621,modal,cuda,ELAC2:K562
DDX24,K562,chrX:41345250:G:T,1,2,2.3695085048675537,modal,cuda,ELAC2:K562
DDX24,K562,chrX:41345264:G:T,1,2,-0.3128378093242645,modal,cuda,ELAC2:K562
DDX24,K562,chrX:41345281:G:A,1,2,1.149204134941101,modal,cuda,ELAC2:K562
DDX24,K562,chrX:41345298:A:C,1,2,-0.176169753074646,modal,cuda,ELAC2:K562
DDX24,K562,chrX:41345302:C:G,1,2,0.03773200511932373,modal,cuda,ELAC2:K562
DDX24,K562,chrX:45010974:T:G,1,2,0.40623557567596436,modal,cuda,ELAC2:K562
DDX24,K562,chrX:45011024:G:C,1,2,0.40156611800193787,modal,cuda,ELAC2:K562
DDX24,K562,chrX:45079213:A:G,0,2,-0.9151607751846313,modal,cuda,ELAC2:K562
DDX24,K562,chrX:45079223:C:T,1,2,2.63016676902771,modal,cuda,ELAC2:K562
DDX24,K562,chrX:47212866:G:A,0,2,-0.3065345883369446,modal,cuda,ELAC2:K562
DDX24,K562,chrX:47212874:T:A,0,2,-0.13633257150650024,modal,cuda,ELAC2:K562
DDX24,K562,chrX:48803118:T:C,0,2,0.17760300636291504,modal,cuda,ELAC2:K562
DDX24,K562,chrX:48805666:T:C,0,2,0.4658557176589966,modal,cuda,ELAC2:K562
DDX24,K562,chrX:48806644:T:A,0,2,-0.2402806282043457,modal,cuda,ELAC2:K562
DDX24,K562,chrX:48815933:C:T,0,2,0.24280157685279846,modal,cuda,ELAC2:K562
DDX24,K562,chrX:49077625:C:A,0,2,-0.22462525963783264,modal,cuda,ELAC2:K562
DDX24,K562,chrX:53193764:T:C,0,2,-0.6996753215789795,modal,cuda,ELAC2:K562
DDX24,K562,chrX:53193776:T:C,0,2,-0.2806663513183594,modal,cuda,ELAC2:K562
DDX24,K562,chrX:53193796:G:A,0,2,0.34252309799194336,modal,cuda,ELAC2:K562
DDX24,K562,chrX:53196963:G:A,1,2,-0.7709236145019531,modal,cuda,ELAC2:K562
DDX24,K562,chrX:53196964:C:T,0,2,0.09408783912658691,modal,cuda,ELAC2:K562
DDX24,K562,chrX:53196980:G:C,0,2,0.06291317939758301,modal,cuda,ELAC2:K562
DDX24,K562,chrX:53198600:A:G,0,2,-0.2147355079650879,modal,cuda,ELAC2:K562
DDX24,K562,chrX:53198632:C:G,0,2,-0.11953043937683105,modal,cuda,ELAC2:K562
DDX24,K562,chrX:53198640:G:A,0,2,0.15808701515197754,modal,cuda,ELAC2:K562
DDX24,K562,chrX:53198800:G:A,1,2,-0.7430568933486938,modal,cuda,ELAC2:K562
DDX24,K562,chrX:53198813:C:T,1,2,0.15657055377960205,modal,cuda,ELAC2:K562
DDX24,K562,chrX:53198817:G:T,0,2,-0.07353019714355469,modal,cuda,ELAC2:K562
DDX24,K562,chrX:53198836:G:A,1,2,0.21659588813781738,modal,cuda,ELAC2:K562
DDX24,K562,chrX:53214814:C:G,1,2,-0.1333026885986328,modal,cuda,ELAC2:K562
DDX24,K562,chrX:53214817:G:A,1,2,1.4234445095062256,modal,cuda,ELAC2:K562
DDX24,K562,chrX:53215869:C:A,1,2,-0.18992257118225098,modal,cuda,ELAC2:K562
DDX24,K562,chrX:53215870:C:A,0,2,0.19666409492492676,modal,cuda,ELAC2:K562
DDX24,K562,chrX:53215902:T:C,0,2,0.13685381412506104,modal,cuda,ELAC2:K562
DDX24,K562,chrX:53215912:C:T,0,2,0.1794569492340088,modal,cuda,ELAC2:K562
DDX24,K562,chrX:53215972:C:T,0,2,-0.09410202503204346,modal,cuda,ELAC2:K562
DDX24,K562,chrX:53217124:G:A,0,2,0.37883269786834717,modal,cuda,ELAC2:K562
DDX24,K562,chrX:53217205:G:A,1,2,-0.3039279580116272,modal,cuda,ELAC2:K562
DDX24,K562,chrX:53220865:G:A,1,2,-0.3035922050476074,modal,cuda,ELAC2:K562
DDX24,K562,chrX:53537539:C:T,0,2,0.48621606826782227,modal,cuda,ELAC2:K562
DDX24,K562,chrX:53537547:G:A,0,2,0.24275779724121094,modal,cuda,ELAC2:K562
DDX24,K562,chrX:53575148:T:G,0,2,0.6911669969558716,modal,cuda,ELAC2:K562
DDX24,K562,chrX:53608926:G:T,0,2,0.21690809726715088,modal,cuda,ELAC2:K562
DDX24,K562,chrX:54813282:G:C,0,2,-0.7508013248443604,modal,cuda,ELAC2:K562
DDX24,K562,chrX:71367547:C:T,0,2,-0.3092457056045532,modal,cuda,ELAC2:K562
DDX24,K562,chrX:71368069:C:T,0,2,0.5733901858329773,modal,cuda,ELAC2:K562
DDX24,K562,chrX:71368099:A:G,0,2,-0.26385068893432617,modal,cuda,ELAC2:K562
DDX24,K562,chrX:71375250:A:G,0,2,0.09677805006504059,modal,cuda,ELAC2:K562
DDX24,K562,chrX:71375282:T:C,0,2,-0.348655104637146,modal,cuda,ELAC2:K562
DDX24,K562,chrX:71377696:C:G,0,2,0.14890898764133453,modal,cuda,ELAC2:K562
DDX24,K562,chrX:71377722:G:A,0,2,-0.1408696174621582,modal,cuda,ELAC2:K562
DDX24,K562,chrX:71377781:C:G,0,2,0.21262943744659424,modal,cuda,ELAC2:K562
DDX24,K562,chrX:71392653:G:C,1,2,0.3949434757232666,modal,cuda,ELAC2:K562
DDX24,K562,chrX:71392661:G:A,0,2,0.37632298469543457,modal,cuda,ELAC2:K562
DDX24,K562,chrX:71392918:C:T,1,2,0.12366434931755066,modal,cuda,ELAC2:K562
DDX24,K562,chrX:71393344:C:T,1,2,-0.18901121616363525,modal,cuda,ELAC2:K562
DDX24,K562,chrX:71394166:G:A,0,2,-0.08201837539672852,modal,cuda,ELAC2:K562
DDX24,K562,chrX:71394241:A:G,0,2,-0.5235495567321777,modal,cuda,ELAC2:K562
DDX24,K562,chrX:71398752:G:A,0,2,-0.1463634967803955,modal,cuda,ELAC2:K562
DDX24,K562,chrX:71401566:G:A,0,2,0.14725810289382935,modal,cuda,ELAC2:K562
DDX24,K562,chrX:71401569:T:G,0,2,-0.24810391664505005,modal,cuda,ELAC2:K562
DDX24,K562,chrX:71424193:C:T,0,2,-0.17972826957702637,modal,cuda,ELAC2:K562
DDX24,K562,chrX:71424196:G:A,0,2,0.54813551902771,modal,cuda,ELAC2:K562
DDX24,K562,chrX:71424214:C:G,0,2,0.7650547027587891,modal,cuda,ELAC2:K562
DDX24,K562,chrX:71557117:T:G,0,2,0.5218851566314697,modal,cuda,ELAC2:K562
DDX24,K562,chrX:71561912:A:G,0,2,0.5416140556335449,modal,cuda,ELAC2:K562
DDX24,K562,chrX:71563262:G:A,0,2,-0.43752503395080566,modal,cuda,ELAC2:K562
DDX24,K562,chrX:71563516:A:G,0,2,0.19123554229736328,modal,cuda,ELAC2:K562
DDX24,K562,chrX:78109933:A:C,0,2,0.5692214965820312,modal,cuda,ELAC2:K562
DDX24,K562,chrX:78117433:G:C,0,2,-0.23785769939422607,modal,cuda,ELAC2:K562
