protein,cell,vid,label,fold,delta,platform,accelerator,weights_from
DDX24,K562,chr10:102260082:C:T,0,2,0.1544361114501953,modal,cuda,LARP4:HepG2
DDX24,K562,chr10:102358516:C:T,0,2,1.3488179445266724,modal,cuda,LARP4:HepG2
DDX24,K562,chr10:21538867:G:A,0,2,1.742681860923767,modal,cuda,LARP4:HepG2
DDX24,K562,chr10:3105389:A:G,0,2,1.5953809022903442,modal,cuda,LARP4:HepG2
DDX24,K562,chr10:73873002:C:T,0,2,-0.1679079532623291,modal,cuda,LARP4:HepG2
DDX24,K562,chr10:74083342:T:A,0,2,0.20047414302825928,modal,cuda,LARP4:HepG2
DDX24,K562,chr10:79201626:G:A,0,2,0.4576444625854492,modal,cuda,LARP4:HepG2
DDX24,K562,chr10:79277337:G:C,0,2,0.7754766941070557,modal,cuda,LARP4:HepG2
DDX24,K562,chr10:80159200:G:A,0,2,0.5191277265548706,modal,cuda,LARP4:HepG2
DDX24,K562,chr10:80162054:T:C,0,2,-0.48061037063598633,modal,cuda,LARP4:HepG2
DDX24,K562,chr10:91959774:T:C,0,2,0.6250188946723938,modal,cuda,LARP4:HepG2
DDX24,K562,chr10:92607141:A:G,0,2,-0.27402806282043457,modal,cuda,LARP4:HepG2
DDX24,K562,chr10:98443216:C:A,1,2,-1.702846884727478,modal,cuda,LARP4:HepG2
DDX24,K562,chr11:108315843:C:A,1,3,1.3761284351348877,modal,cuda,LARP4:HepG2
DDX24,K562,chr11:108315883:G:C,0,3,-2.3981451988220215,modal,cuda,LARP4:HepG2
DDX24,K562,chr11:108315888:G:C,0,3,-1.0098905563354492,modal,cuda,LARP4:HepG2
DDX24,K562,chr11:108315889:A:T,1,3,1.823199987411499,modal,cuda,LARP4:HepG2
DDX24,K562,chr11:108315896:T:G,1,3,1.540644884109497,modal,cuda,LARP4:HepG2
DDX24,K562,chr11:108315898:C:T,1,3,1.8330354690551758,modal,cuda,LARP4:HepG2
DDX24,K562,chr11:108315926:T:C,0,3,0.47015810012817383,modal,cuda,LARP4:HepG2
DDX24,K562,chr11:118498085:T:C,0,3,-0.3596187233924866,modal,cuda,LARP4:HepG2
DDX24,K562,chr11:119088621:G:A,0,3,0.6993496417999268,modal,cuda,LARP4:HepG2
DDX24,K562,chr11:119089136:C:A,0,3,0.6044767498970032,modal,cuda,LARP4:HepG2
DDX24,K562,chr11:119089202:C:T,0,3,0.22521480917930603,modal,cuda,LARP4:HepG2
DDX24,K562,chr11:119092106:C:A,0,3,-0.8168483376502991,modal,cuda,LARP4:HepG2
DDX24,K562,chr11:119092403:G:A,1,3,1.0551855564117432,modal,cuda,LARP4:HepG2
DDX24,K562,chr11:119092403:G:C,1,3,1.9359371662139893,modal,cuda,LARP4:HepG2
DDX24,K562,chr11:119092405:G:A,1,3,0.32763513922691345,modal,cuda,LARP4:HepG2
DDX24,K562,chr11:119092425:C:T,1,3,0.3423135280609131,modal,cuda,LARP4:HepG2
DDX24,K562,chr11:119092465:T:C,1,3,0.6375343799591064,modal,cuda,LARP4:HepG2
DDX24,K562,chr11:119092471:A:G,1,3,-0.7143392562866211,modal,cuda,LARP4:HepG2
DDX24,K562,chr11:119092486:T:G,1,3,-0.5329163670539856,modal,cuda,LARP4:HepG2
DDX24,K562,chr11:119092500:G:A,1,3,-0.22068381309509277,modal,cuda,LARP4:HepG2
DDX24,K562,chr11:119092507:C:T,1,3,-0.10146760940551758,modal,cuda,LARP4:HepG2
DDX24,K562,chr11:119092518:C:A,1,3,-1.0528980493545532,modal,cuda,LARP4:HepG2
DDX24,K562,chr11:119092524:G:C,1,3,1.6782047748565674,modal,cuda,LARP4:HepG2
DDX24,K562,chr11:119092525:T:C,1,3,1.9400722980499268,modal,cuda,LARP4:HepG2
DDX24,K562,chr11:119092741:A:G,0,3,-0.2775476276874542,modal,cuda,LARP4:HepG2
DDX24,K562,chr11:125595967:T:C,0,3,-0.642858624458313,modal,cuda,LARP4:HepG2
DDX24,K562,chr11:17102841:A:C,0,3,2.0266129970550537,modal,cuda,LARP4:HepG2
DDX24,K562,chr11:3019147:G:A,1,3,1.6745975017547607,modal,cuda,LARP4:HepG2
DDX24,K562,chr11:3019209:G:A,1,3,-1.2989943027496338,modal,cuda,LARP4:HepG2
DDX24,K562,chr11:3029392:G:A,0,3,-0.276137113571167,modal,cuda,LARP4:HepG2
DDX24,K562,chr11:3029397:G:C,0,3,0.09027040004730225,modal,cuda,LARP4:HepG2
DDX24,K562,chr11:3038130:C:A,0,3,0.34505683183670044,modal,cuda,LARP4:HepG2
DDX24,K562,chr11:3778975:T:C,0,3,-0.2863905131816864,modal,cuda,LARP4:HepG2
DDX24,K562,chr11:44171671:C:T,1,3,-1.7380781173706055,modal,cuda,LARP4:HepG2
DDX24,K562,chr11:47289431:T:C,0,3,0.25055742263793945,modal,cuda,LARP4:HepG2
DDX24,K562,chr11:47289494:G:A,1,3,1.5420613288879395,modal,cuda,LARP4:HepG2
DDX24,K562,chr11:57804760:C:T,1,3,-2.4301133155822754,modal,cuda,LARP4:HepG2
DDX24,K562,chr11:57805909:C:T,1,3,0.5895096659660339,modal,cuda,LARP4:HepG2
DDX24,K562,chr11:57810152:C:T,1,3,-1.0530282258987427,modal,cuda,LARP4:HepG2
DDX24,K562,chr11:61779120:A:G,0,3,2.655731439590454,modal,cuda,LARP4:HepG2
DDX24,K562,chr11:62629022:G:A,0,3,-0.7287217378616333,modal,cuda,LARP4:HepG2
DDX24,K562,chr11:62633289:G:A,0,3,-0.4944736361503601,modal,cuda,LARP4:HepG2
DDX24,K562,chr11:62634827:C:G,0,3,-1.873246192932129,modal,cuda,LARP4:HepG2
DDX24,K562,chr11:64254750:G:A,0,3,-0.42312169075012207,modal,cuda,LARP4:HepG2
DDX24,K562,chr11:6508876:A:G,0,3,-0.1939563751220703,modal,cuda,LARP4:HepG2
DDX24,K562,chr11:65187995:G:C,1,3,1.720881700515747,modal,cuda,LARP4:HepG2
DDX24,K562,chr11:65188005:G:A,1,3,0.7578566074371338,modal,cuda,LARP4:HepG2
DDX24,K562,chr11:65188031:G:A,1,3,-0.8869297504425049,modal,cuda,LARP4:HepG2
DDX24,K562,chr11:65206781:G:T,1,3,0.34216225147247314,modal,cuda,LARP4:HepG2
DDX24,K562,chr11:65206793:C:T,1,3,-0.2553572654724121,modal,cuda,LARP4:HepG2
DDX24,K562,chr11:65208201:C:T,0,3,0.25929510593414307,modal,cuda,LARP4:HepG2
DDX24,K562,chr11:65208274:C:T,0,3,-0.09844940900802612,modal,cuda,LARP4:HepG2
DDX24,K562,chr11:65209360:G:A,0,3,1.377569556236267,modal,cuda,LARP4:HepG2
DDX24,K562,chr11:65210007:C:T,0,3,-0.14622163772583008,modal,cuda,LARP4:HepG2
DDX24,K562,chr11:65210013:C:T,0,3,0.44235628843307495,modal,cuda,LARP4:HepG2
DDX24,K562,chr11:65210068:C:T,0,3,-0.23639154434204102,modal,cuda,LARP4:HepG2
DDX24,K562,chr11:65539637:A:G,0,3,-1.006227731704712,modal,cuda,LARP4:HepG2
DDX24,K562,chr11:65864605:A:C,0,3,1.2808517217636108,modal,cuda,LARP4:HepG2
DDX24,K562,chr11:65864791:G:T,0,3,0.4853227138519287,modal,cuda,LARP4:HepG2
DDX24,K562,chr11:68043370:G:C,1,3,-0.15852496027946472,modal,cuda,LARP4:HepG2
DDX24,K562,chr11:68043625:G:T,1,3,0.9530930519104004,modal,cuda,LARP4:HepG2
DDX24,K562,chr11:68043628:C:T,1,3,-0.19984912872314453,modal,cuda,LARP4:HepG2
DDX24,K562,chr11:68043920:G:C,0,3,-0.4470050036907196,modal,cuda,LARP4:HepG2
DDX24,K562,chr11:68044201:C:T,1,3,-1.0703903436660767,modal,cuda,LARP4:HepG2
DDX24,K562,chr11:71463406:A:G,0,3,0.30263566970825195,modal,cuda,LARP4:HepG2
DDX24,K562,chr11:71463507:C:T,0,3,-0.11427119374275208,modal,cuda,LARP4:HepG2
DDX24,K562,chr11:72022387:C:T,0,3,0.819872260093689,modal,cuda,LARP4:HepG2
DDX24,K562,chr11:72228861:C:G,0,3,0.3946934938430786,modal,cuda,LARP4:HepG2
DDX24,K562,chr11:72712555:G:A,0,3,-0.5702956318855286,modal,cuda,LARP4:HepG2
DDX24,K562,chr11:9165958:G:A,1,3,1.511741280555725,modal,cuda,LARP4:HepG2
DDX24,K562,chr12:108536790:C:T,0,1,0.34077370166778564,modal,cuda,LARP4:HepG2
DDX24,K562,chr12:109586736:A:G,0,1,-0.19282197952270508,modal,cuda,LARP4:HepG2
DDX24,K562,chr12:110281550:G:A,0,1,0.19772058725357056,modal,cuda,LARP4:HepG2
DDX24,K562,chr12:110292002:G:A,0,1,0.23920917510986328,modal,cuda,LARP4:HepG2
DDX24,K562,chr12:110322980:T:C,0,1,0.9484972953796387,modal,cuda,LARP4:HepG2
DDX24,K562,chr12:110332585:C:G,0,1,1.052259922027588,modal,cuda,LARP4:HepG2
DDX24,K562,chr12:110339273:C:G,0,1,0.47948598861694336,modal,cuda,LARP4:HepG2
DDX24,K562,chr12:110343220:G:A,0,1,-0.5390838384628296,modal,cuda,LARP4:HepG2
DDX24,K562,chr12:115966078:C:G,0,1,0.43252497911453247,modal,cuda,LARP4:HepG2
DDX24,K562,chr12:115968920:G:A,0,1,0.3246557116508484,modal,cuda,LARP4:HepG2
DDX24,K562,chr12:115975751:C:T,0,1,0.2485828399658203,modal,cuda,LARP4:HepG2
DDX24,K562,chr12:115975760:A:G,0,1,1.2383049726486206,modal,cuda,LARP4:HepG2
DDX24,K562,chr12:115991968:A:C,0,1,1.8989613056182861,modal,cuda,LARP4:HepG2
DDX24,K562,chr12:115991974:C:T,0,1,0.33870553970336914,modal,cuda,LARP4:HepG2
DDX24,K562,chr12:115991984:G:A,0,1,0.37403202056884766,modal,cuda,LARP4:HepG2
DDX24,K562,chr12:119708324:C:A,0,1,-0.5830375552177429,modal,cuda,LARP4:HepG2
DDX24,K562,chr12:119708325:A:G,0,1,-0.028535842895507812,modal,cuda,LARP4:HepG2
DDX24,K562,chr12:123735508:T:C,0,1,0.23815858364105225,modal,cuda,LARP4:HepG2
DDX24,K562,chr12:124495287:C:G,0,1,-0.27224862575531006,modal,cuda,LARP4:HepG2
DDX24,K562,chr12:124787424:C:T,0,1,1.2403538227081299,modal,cuda,LARP4:HepG2
DDX24,K562,chr12:124795177:C:T,0,1,0.108211949467659,modal,cuda,LARP4:HepG2
DDX24,K562,chr12:124795275:C:T,0,1,-0.10258853435516357,modal,cuda,LARP4:HepG2
DDX24,K562,chr12:124800202:A:G,0,1,-1.2356886863708496,modal,cuda,LARP4:HepG2
DDX24,K562,chr12:124807837:C:T,0,1,-0.14288203418254852,modal,cuda,LARP4:HepG2
DDX24,K562,chr12:124810154:C:T,0,1,0.5904536247253418,modal,cuda,LARP4:HepG2
DDX24,K562,chr12:124810185:C:T,0,1,0.7872336506843567,modal,cuda,LARP4:HepG2
DDX24,K562,chr12:124811979:A:C,0,1,0.4124952554702759,modal,cuda,LARP4:HepG2
DDX24,K562,chr12:124817606:G:A,0,1,0.27396637201309204,modal,cuda,LARP4:HepG2
DDX24,K562,chr12:131979801:G:A,0,1,0.6619651317596436,modal,cuda,LARP4:HepG2
DDX24,K562,chr12:132664477:C:T,0,1,-0.5204974412918091,modal,cuda,LARP4:HepG2
DDX24,K562,chr12:132665463:T:C,0,1,-0.8236876726150513,modal,cuda,LARP4:HepG2
DDX24,K562,chr12:132672338:G:C,0,1,0.22172701358795166,modal,cuda,LARP4:HepG2
DDX24,K562,chr12:132676210:C:G,0,1,-2.8944733142852783,modal,cuda,LARP4:HepG2
DDX24,K562,chr12:132676218:T:C,1,1,-0.36470091342926025,modal,cuda,LARP4:HepG2
DDX24,K562,chr12:31089501:G:A,0,1,-1.415067434310913,modal,cuda,LARP4:HepG2
DDX24,K562,chr12:31089506:A:G,0,1,-1.2523828744888306,modal,cuda,LARP4:HepG2
DDX24,K562,chr12:31101125:C:T,1,1,-1.2096641063690186,modal,cuda,LARP4:HepG2
DDX24,K562,chr12:31101818:C:T,0,1,-0.2301797866821289,modal,cuda,LARP4:HepG2
DDX24,K562,chr12:47791313:G:A,0,1,0.1379697322845459,modal,cuda,LARP4:HepG2
DDX24,K562,chr12:49053096:C:A,0,1,0.5665162801742554,modal,cuda,LARP4:HepG2
DDX24,K562,chr12:50999214:C:A,1,1,0.5522749423980713,modal,cuda,LARP4:HepG2
DDX24,K562,chr12:50999224:C:T,0,1,0.2828981876373291,modal,cuda,LARP4:HepG2
DDX24,K562,chr12:53315157:G:A,0,1,-0.20996332168579102,modal,cuda,LARP4:HepG2
DDX24,K562,chr12:56349583:T:C,0,1,-0.43266433477401733,modal,cuda,LARP4:HepG2
DDX24,K562,chr12:57105475:C:T,0,1,-0.422060489654541,modal,cuda,LARP4:HepG2
DDX24,K562,chr12:57233291:G:T,0,1,-0.2595081925392151,modal,cuda,LARP4:HepG2
DDX24,K562,chr12:57489991:C:T,0,1,0.1311551034450531,modal,cuda,LARP4:HepG2
DDX24,K562,chr12:57568943:A:G,0,1,-0.1844422072172165,modal,cuda,LARP4:HepG2
DDX24,K562,chr12:57718406:A:G,0,1,-0.9254909753799438,modal,cuda,LARP4:HepG2
DDX24,K562,chr12:62302818:C:T,0,1,0.23810803890228271,modal,cuda,LARP4:HepG2
DDX24,K562,chr12:68689025:G:A,0,1,-0.4962630271911621,modal,cuda,LARP4:HepG2
DDX24,K562,chr12:68690761:A:G,0,1,0.31131893396377563,modal,cuda,LARP4:HepG2
DDX24,K562,chr12:6917572:A:C,0,1,-0.24291324615478516,modal,cuda,LARP4:HepG2
DDX24,K562,chr12:71634147:A:C,0,1,-0.29503265023231506,modal,cuda,LARP4:HepG2
DDX24,K562,chr12:79845286:T:A,0,1,0.4118601679801941,modal,cuda,LARP4:HepG2
DDX24,K562,chr13:48342717:A:T,1,0,4.843242645263672,modal,cuda,LARP4:HepG2
DDX24,K562,chr13:51937642:G:T,1,0,2.229419708251953,modal,cuda,LARP4:HepG2
DDX24,K562,chr13:51950271:C:T,1,0,4.837608814239502,modal,cuda,LARP4:HepG2
DDX24,K562,chr13:79371937:A:T,0,0,0.15618538856506348,modal,cuda,LARP4:HepG2
DDX24,K562,chr14:103457138:A:G,0,2,-0.7180778980255127,modal,cuda,LARP4:HepG2
DDX24,K562,chr14:104774113:C:T,0,2,0.21512672305107117,modal,cuda,LARP4:HepG2
DDX24,K562,chr14:104774193:T:C,0,2,0.045310378074645996,modal,cuda,LARP4:HepG2
DDX24,K562,chr14:105147766:A:G,0,2,1.0455083847045898,modal,cuda,LARP4:HepG2
DDX24,K562,chr14:105466467:G:A,0,2,0.4088389277458191,modal,cuda,LARP4:HepG2
DDX24,K562,chr14:23321655:G:A,0,2,-0.20950450003147125,modal,cuda,LARP4:HepG2
DDX24,K562,chr14:30650657:C:T,0,2,1.3058879375457764,modal,cuda,LARP4:HepG2
DDX24,K562,chr14:35008705:A:C,0,2,0.7232760190963745,modal,cuda,LARP4:HepG2
DDX24,K562,chr14:39176159:C:T,0,2,-0.30170154571533203,modal,cuda,LARP4:HepG2
DDX24,K562,chr14:49654140:C:T,0,2,0.9828206300735474,modal,cuda,LARP4:HepG2
DDX24,K562,chr14:65102437:C:A,0,2,0.9328393936157227,modal,cuda,LARP4:HepG2
DDX24,K562,chr14:67825470:T:C,0,2,0.5877827405929565,modal,cuda,LARP4:HepG2
DDX24,K562,chr14:76498633:T:C,0,2,0.1264251321554184,modal,cuda,LARP4:HepG2
DDX24,K562,chr15:28248542:A:T,0,1,0.2836747169494629,modal,cuda,LARP4:HepG2
DDX24,K562,chr15:30925961:T:C,0,1,0.14140033721923828,modal,cuda,LARP4:HepG2
DDX24,K562,chr15:48796001:G:A,0,1,-0.9897142648696899,modal,cuda,LARP4:HepG2
DDX24,K562,chr15:48797654:T:C,0,1,0.19901597499847412,modal,cuda,LARP4:HepG2
DDX24,K562,chr15:48797937:C:T,0,1,-0.19559621810913086,modal,cuda,LARP4:HepG2
DDX24,K562,chr15:50632866:T:C,0,1,1.5554404258728027,modal,cuda,LARP4:HepG2
DDX24,K562,chr15:50639403:A:C,0,1,-0.8043420910835266,modal,cuda,LARP4:HepG2
DDX24,K562,chr15:57091863:A:G,0,1,-0.3661077618598938,modal,cuda,LARP4:HepG2
DDX24,K562,chr15:57166423:C:A,1,1,0.1677609086036682,modal,cuda,LARP4:HepG2
DDX24,K562,chr15:57192224:G:T,1,1,0.8204061985015869,modal,cuda,LARP4:HepG2
DDX24,K562,chr15:63622897:G:C,0,1,-0.13229572772979736,modal,cuda,LARP4:HepG2
DDX24,K562,chr15:63638400:C:A,0,1,-0.4304150342941284,modal,cuda,LARP4:HepG2
DDX24,K562,chr15:63638694:T:C,0,1,-0.9559598565101624,modal,cuda,LARP4:HepG2
DDX24,K562,chr15:63659945:T:C,0,1,0.43388116359710693,modal,cuda,LARP4:HepG2
DDX24,K562,chr15:69436191:A:C,0,1,-0.661421000957489,modal,cuda,LARP4:HepG2
DDX24,K562,chr15:76274514:G:T,0,1,-0.24558115005493164,modal,cuda,LARP4:HepG2
DDX24,K562,chr15:89247649:T:C,1,1,-0.9474413394927979,modal,cuda,LARP4:HepG2
DDX24,K562,chr15:89247711:C:T,1,1,1.3942227363586426,modal,cuda,LARP4:HepG2
DDX24,K562,chr15:89260799:C:T,1,1,3.107957124710083,modal,cuda,LARP4:HepG2
DDX24,K562,chr15:89260812:C:T,0,1,0.8190906047821045,modal,cuda,LARP4:HepG2
DDX24,K562,chr15:89263479:C:T,0,1,-0.3168168067932129,modal,cuda,LARP4:HepG2
DDX24,K562,chr15:89283265:C:T,0,1,-0.24913513660430908,modal,cuda,LARP4:HepG2
DDX24,K562,chr15:89283266:G:A,0,1,-0.1559479832649231,modal,cuda,LARP4:HepG2
DDX24,K562,chr15:89316383:C:G,0,1,-0.10131144523620605,modal,cuda,LARP4:HepG2
DDX24,K562,chr15:89322027:G:C,0,1,0.3865586519241333,modal,cuda,LARP4:HepG2
DDX24,K562,chr15:90910880:C:T,0,1,-0.3842043876647949,modal,cuda,LARP4:HepG2
DDX24,K562,chr15:90912091:C:T,0,1,-0.2230081558227539,modal,cuda,LARP4:HepG2
DDX24,K562,chr15:90939714:T:C,0,1,0.5040819048881531,modal,cuda,LARP4:HepG2
DDX24,K562,chr15:90953012:C:T,0,1,-0.7426185607910156,modal,cuda,LARP4:HepG2
DDX24,K562,chr15:90953013:G:A,0,1,0.7531734108924866,modal,cuda,LARP4:HepG2
DDX24,K562,chr15:91005371:G:A,0,1,0.36963963508605957,modal,cuda,LARP4:HepG2
DDX24,K562,chr15:92972440:T:C,0,1,-0.29344820976257324,modal,cuda,LARP4:HepG2
DDX24,K562,chr16:1450484:C:T,0,2,0.621604859828949,modal,cuda,LARP4:HepG2
DDX24,K562,chr16:1455813:G:A,0,2,0.4311900734901428,modal,cuda,LARP4:HepG2
DDX24,K562,chr16:1456101:G:A,0,2,0.36810302734375,modal,cuda,LARP4:HepG2
DDX24,K562,chr16:1457236:C:T,0,2,0.43695878982543945,modal,cuda,LARP4:HepG2
DDX24,K562,chr16:1457237:A:G,0,2,0.27974167466163635,modal,cuda,LARP4:HepG2
DDX24,K562,chr16:1457356:G:A,0,2,-0.8541840314865112,modal,cuda,LARP4:HepG2
DDX24,K562,chr16:1457774:G:A,0,2,-0.19062162935733795,modal,cuda,LARP4:HepG2
DDX24,K562,chr16:1457777:T:C,0,2,-0.31900620460510254,modal,cuda,LARP4:HepG2
DDX24,K562,chr16:1459097:G:A,0,2,-0.1556827872991562,modal,cuda,LARP4:HepG2
DDX24,K562,chr16:1459205:C:T,0,2,0.3870515823364258,modal,cuda,LARP4:HepG2
DDX24,K562,chr16:1459206:G:A,0,2,1.1408997774124146,modal,cuda,LARP4:HepG2
DDX24,K562,chr16:1460534:C:T,0,2,-0.6966454982757568,modal,cuda,LARP4:HepG2
DDX24,K562,chr16:1460537:A:G,0,2,-2.240191698074341,modal,cuda,LARP4:HepG2
DDX24,K562,chr16:1460566:T:G,0,2,0.3277372121810913,modal,cuda,LARP4:HepG2
DDX24,K562,chr16:1460706:C:G,0,2,0.20310676097869873,modal,cuda,LARP4:HepG2
DDX24,K562,chr16:1460799:C:T,0,2,0.1468367576599121,modal,cuda,LARP4:HepG2
DDX24,K562,chr16:14628177:T:A,1,2,2.457836627960205,modal,cuda,LARP4:HepG2
DDX24,K562,chr16:14629645:G:A,1,2,2.769829273223877,modal,cuda,LARP4:HepG2
DDX24,K562,chr16:1465247:G:T,0,2,1.149204969406128,modal,cuda,LARP4:HepG2
DDX24,K562,chr16:1766813:C:A,0,2,-0.2219049334526062,modal,cuda,LARP4:HepG2
DDX24,K562,chr16:1767926:G:C,0,2,-0.4960145354270935,modal,cuda,LARP4:HepG2
DDX24,K562,chr16:1767934:A:C,0,2,-0.4326164722442627,modal,cuda,LARP4:HepG2
DDX24,K562,chr16:2050400:G:T,1,2,2.0063681602478027,modal,cuda,LARP4:HepG2
DDX24,K562,chr16:2050423:C:G,0,2,0.28429675102233887,modal,cuda,LARP4:HepG2
DDX24,K562,chr16:2050423:C:T,0,2,0.863807201385498,modal,cuda,LARP4:HepG2
DDX24,K562,chr16:2050429:T:C,0,2,0.16292953491210938,modal,cuda,LARP4:HepG2
DDX24,K562,chr16:2050448:C:T,1,2,4.504814147949219,modal,cuda,LARP4:HepG2
DDX24,K562,chr16:2050456:T:A,1,2,4.122910022735596,modal,cuda,LARP4:HepG2
DDX24,K562,chr16:2050457:G:C,0,2,0.46666789054870605,modal,cuda,LARP4:HepG2
DDX24,K562,chr16:2050471:C:T,0,2,2.284626007080078,modal,cuda,LARP4:HepG2
DDX24,K562,chr16:2050481:G:T,1,2,4.318380355834961,modal,cuda,LARP4:HepG2
DDX24,K562,chr16:2057113:G:A,0,2,0.20401477813720703,modal,cuda,LARP4:HepG2
DDX24,K562,chr16:2057125:C:T,0,2,-0.28437185287475586,modal,cuda,LARP4:HepG2
DDX24,K562,chr16:2057176:C:T,0,2,0.1427464485168457,modal,cuda,LARP4:HepG2
DDX24,K562,chr16:2060714:G:A,0,2,-0.36452779173851013,modal,cuda,LARP4:HepG2
DDX24,K562,chr16:2060730:A:C,0,2,0.29032158851623535,modal,cuda,LARP4:HepG2
DDX24,K562,chr16:2061964:G:T,1,2,2.2785191535949707,modal,cuda,LARP4:HepG2
DDX24,K562,chr16:2061993:T:A,1,2,-2.7385780811309814,modal,cuda,LARP4:HepG2
DDX24,K562,chr16:2061996:G:T,0,2,0.6034312844276428,modal,cuda,LARP4:HepG2
DDX24,K562,chr16:2061998:A:G,0,2,1.9664100408554077,modal,cuda,LARP4:HepG2
DDX24,K562,chr16:2062495:A:G,1,2,1.3615202903747559,modal,cuda,LARP4:HepG2
DDX24,K562,chr16:2062510:T:C,0,2,0.4948256015777588,modal,cuda,LARP4:HepG2
DDX24,K562,chr16:2062536:T:C,0,2,0.2573245167732239,modal,cuda,LARP4:HepG2
DDX24,K562,chr16:2087856:C:T,0,2,0.4828742444515228,modal,cuda,LARP4:HepG2
DDX24,K562,chr16:2087871:C:T,0,2,0.3992897868156433,modal,cuda,LARP4:HepG2
DDX24,K562,chr16:2087880:C:G,0,2,0.059576988220214844,modal,cuda,LARP4:HepG2
DDX24,K562,chr16:2087901:G:C,0,2,-0.3163647949695587,modal,cuda,LARP4:HepG2
DDX24,K562,chr16:2087908:G:T,1,2,-0.8666839599609375,modal,cuda,LARP4:HepG2
DDX24,K562,chr16:2087921:T:C,1,2,-0.3434765934944153,modal,cuda,LARP4:HepG2
DDX24,K562,chr16:2087934:C:A,1,2,0.7423114776611328,modal,cuda,LARP4:HepG2
DDX24,K562,chr16:2088866:C:T,0,2,0.1641741394996643,modal,cuda,LARP4:HepG2
DDX24,K562,chr16:2088868:C:T,0,2,-0.0762045681476593,modal,cuda,LARP4:HepG2
DDX24,K562,chr16:2091442:G:T,1,2,-1.3903796672821045,modal,cuda,LARP4:HepG2
DDX24,K562,chr16:2091446:G:A,0,2,-1.0937227010726929,modal,cuda,LARP4:HepG2
DDX24,K562,chr16:2091453:G:A,0,2,-0.3550926446914673,modal,cuda,LARP4:HepG2
DDX24,K562,chr16:2091913:G:A,0,2,0.5301562547683716,modal,cuda,LARP4:HepG2
DDX24,K562,chr16:2092991:G:A,1,2,-3.5072669982910156,modal,cuda,LARP4:HepG2
DDX24,K562,chr16:2093006:G:A,1,2,-2.9442481994628906,modal,cuda,LARP4:HepG2
DDX24,K562,chr16:22317165:C:T,0,2,-0.24140405654907227,modal,cuda,LARP4:HepG2
DDX24,K562,chr16:2435895:A:G,0,2,-0.5287532806396484,modal,cuda,LARP4:HepG2
DDX24,K562,chr16:288190:G:A,1,2,-0.776005744934082,modal,cuda,LARP4:HepG2
DDX24,K562,chr16:28833044:G:A,0,2,0.16432452201843262,modal,cuda,LARP4:HepG2
DDX24,K562,chr16:28866881:C:A,0,2,0.44673746824264526,modal,cuda,LARP4:HepG2
DDX24,K562,chr16:28873649:C:T,0,2,-0.2085619568824768,modal,cuda,LARP4:HepG2
DDX24,K562,chr16:29804082:G:A,0,2,-0.8502304553985596,modal,cuda,LARP4:HepG2
DDX24,K562,chr16:29978788:C:T,0,2,0.39773693680763245,modal,cuda,LARP4:HepG2
DDX24,K562,chr16:31182621:C:A,0,2,0.3555638790130615,modal,cuda,LARP4:HepG2
DDX24,K562,chr16:31182627:C:T,0,2,-0.22730708122253418,modal,cuda,LARP4:HepG2
DDX24,K562,chr16:31182673:T:C,0,2,-0.8440639972686768,modal,cuda,LARP4:HepG2
DDX24,K562,chr16:31191052:C:T,1,2,-1.8711543083190918,modal,cuda,LARP4:HepG2
DDX24,K562,chr16:31191109:A:G,1,2,-0.7697099447250366,modal,cuda,LARP4:HepG2
DDX24,K562,chr16:31191399:G:T,1,2,-0.8549129962921143,modal,cuda,LARP4:HepG2
DDX24,K562,chr16:31191408:C:G,1,2,0.35673123598098755,modal,cuda,LARP4:HepG2
DDX24,K562,chr16:31191410:G:A,1,2,-0.7262614369392395,modal,cuda,LARP4:HepG2
DDX24,K562,chr16:31191412:C:T,1,2,0.33257290720939636,modal,cuda,LARP4:HepG2
DDX24,K562,chr16:31191418:C:A,1,2,1.4787005186080933,modal,cuda,LARP4:HepG2
DDX24,K562,chr16:31191418:C:G,1,2,0.6691653728485107,modal,cuda,LARP4:HepG2
DDX24,K562,chr16:31191418:C:T,1,2,-0.6246328353881836,modal,cuda,LARP4:HepG2
DDX24,K562,chr16:31191419:G:A,1,2,1.0787184238433838,modal,cuda,LARP4:HepG2
DDX24,K562,chr16:31191429:G:C,1,2,-0.45897766947746277,modal,cuda,LARP4:HepG2
DDX24,K562,chr16:31191430:C:A,1,2,0.33712220191955566,modal,cuda,LARP4:HepG2
DDX24,K562,chr16:31191431:C:T,1,2,1.409050703048706,modal,cuda,LARP4:HepG2
DDX24,K562,chr16:31191434:A:G,1,2,0.30537641048431396,modal,cuda,LARP4:HepG2
DDX24,K562,chr16:3662978:G:T,0,2,0.9590696096420288,modal,cuda,LARP4:HepG2
DDX24,K562,chr16:3672826:G:A,0,2,0.31971585750579834,modal,cuda,LARP4:HepG2
DDX24,K562,chr16:47587650:T:C,0,2,0.2451491355895996,modal,cuda,LARP4:HepG2
DDX24,K562,chr16:47587662:G:C,0,2,-0.7246391773223877,modal,cuda,LARP4:HepG2
DDX24,K562,chr16:50298894:C:T,0,2,-0.5815669894218445,modal,cuda,LARP4:HepG2
DDX24,K562,chr16:58576564:G:A,1,2,2.7626798152923584,modal,cuda,LARP4:HepG2
DDX24,K562,chr16:58576590:G:A,0,2,0.3258345127105713,modal,cuda,LARP4:HepG2
DDX24,K562,chr16:58582911:A:G,0,2,-0.36909961700439453,modal,cuda,LARP4:HepG2
DDX24,K562,chr16:58583080:T:C,0,2,1.966077208518982,modal,cuda,LARP4:HepG2
DDX24,K562,chr16:58583093:C:T,0,2,5.583427906036377,modal,cuda,LARP4:HepG2
DDX24,K562,chr16:672123:C:T,0,2,0.9038393497467041,modal,cuda,LARP4:HepG2
DDX24,K562,chr16:672997:G:A,0,2,0.2851839065551758,modal,cuda,LARP4:HepG2
DDX24,K562,chr16:68329187:C:T,0,2,-0.20356369018554688,modal,cuda,LARP4:HepG2
DDX24,K562,chr16:68346151:A:G,0,2,0.49643781781196594,modal,cuda,LARP4:HepG2
DDX24,K562,chr16:68346186:G:A,1,2,-0.46894240379333496,modal,cuda,LARP4:HepG2
DDX24,K562,chr16:68346194:C:T,1,2,-2.357933282852173,modal,cuda,LARP4:HepG2
DDX24,K562,chr16:68346257:C:T,1,2,-2.3307900428771973,modal,cuda,LARP4:HepG2
DDX24,K562,chr16:68346262:C:G,1,2,2.3842406272888184,modal,cuda,LARP4:HepG2
DDX24,K562,chr16:70482141:C:T,1,2,1.0406917333602905,modal,cuda,LARP4:HepG2
DDX24,K562,chr16:70510030:G:C,0,2,-0.08762693405151367,modal,cuda,LARP4:HepG2
DDX24,K562,chr16:72104481:C:T,0,2,-0.38394951820373535,modal,cuda,LARP4:HepG2
DDX24,K562,chr16:84182389:C:T,0,2,0.37579238414764404,modal,cuda,LARP4:HepG2
DDX24,K562,chr16:88719571:C:T,0,2,-2.97287654876709,modal,cuda,LARP4:HepG2
DDX24,K562,chr16:88719785:G:A,0,2,0.15213918685913086,modal,cuda,LARP4:HepG2
DDX24,K562,chr16:88727213:C:T,0,2,-0.39288392663002014,modal,cuda,LARP4:HepG2
DDX24,K562,chr16:88727540:T:G,0,2,-0.3669324517250061,modal,cuda,LARP4:HepG2
DDX24,K562,chr16:88731933:T:C,0,2,0.4978668987751007,modal,cuda,LARP4:HepG2
DDX24,K562,chr16:88732323:T:C,0,2,-0.11313717067241669,modal,cuda,LARP4:HepG2
DDX24,K562,chr16:88732597:T:C,0,2,0.18183231353759766,modal,cuda,LARP4:HepG2
DDX24,K562,chr16:88732830:T:C,0,2,-0.19498127698898315,modal,cuda,LARP4:HepG2
DDX24,K562,chr16:88732880:G:A,0,2,0.775942325592041,modal,cuda,LARP4:HepG2
DDX24,K562,chr16:88732894:G:C,0,2,-0.20599278807640076,modal,cuda,LARP4:HepG2
DDX24,K562,chr16:88732925:G:A,0,2,-0.2991928458213806,modal,cuda,LARP4:HepG2
DDX24,K562,chr16:88732930:G:A,0,2,-1.081455111503601,modal,cuda,LARP4:HepG2
DDX24,K562,chr16:88733009:G:C,0,2,-0.3115450143814087,modal,cuda,LARP4:HepG2
DDX24,K562,chr16:88733076:T:G,0,2,0.23784184455871582,modal,cuda,LARP4:HepG2
DDX24,K562,chr16:88733266:G:C,0,2,-0.3293406367301941,modal,cuda,LARP4:HepG2
DDX24,K562,chr16:88733887:C:T,0,2,0.39293384552001953,modal,cuda,LARP4:HepG2
DDX24,K562,chr16:88733895:G:A,0,2,-0.17697887122631073,modal,cuda,LARP4:HepG2
DDX24,K562,chr16:88736424:G:A,0,2,-0.39846038818359375,modal,cuda,LARP4:HepG2
DDX24,K562,chr16:88738717:A:G,0,2,0.31328296661376953,modal,cuda,LARP4:HepG2
DDX24,K562,chr16:89690618:A:T,1,2,-0.6897439956665039,modal,cuda,LARP4:HepG2
DDX24,K562,chr16:89694144:T:C,0,2,-0.9156322479248047,modal,cuda,LARP4:HepG2
DDX24,K562,chr16:89739170:G:C,1,2,-2.4538559913635254,modal,cuda,LARP4:HepG2
DDX24,K562,chr16:89739217:G:C,1,2,-1.5303773880004883,modal,cuda,LARP4:HepG2
DDX24,K562,chr16:89739220:C:G,1,2,-0.5553395748138428,modal,cuda,LARP4:HepG2
DDX24,K562,chr16:89739231:C:G,1,2,0.5029451847076416,modal,cuda,LARP4:HepG2
DDX24,K562,chr16:89740803:C:A,1,2,2.8619978427886963,modal,cuda,LARP4:HepG2
DDX24,K562,chr16:89740803:C:G,1,2,2.762395143508911,modal,cuda,LARP4:HepG2
DDX24,K562,chr16:89740808:G:C,1,2,0.8226203918457031,modal,cuda,LARP4:HepG2
DDX24,K562,chr16:89740823:G:T,1,2,1.6700439453125,modal,cuda,LARP4:HepG2
DDX24,K562,chr16:89740825:C:G,0,2,0.5943131446838379,modal,cuda,LARP4:HepG2
DDX24,K562,chr16:89740846:G:C,1,2,1.8311398029327393,modal,cuda,LARP4:HepG2
DDX24,K562,chr16:89746571:A:G,0,2,-0.5304038524627686,modal,cuda,LARP4:HepG2
DDX24,K562,chr16:89749906:A:G,0,2,1.7187976837158203,modal,cuda,LARP4:HepG2
DDX24,K562,chr16:89749925:C:T,0,2,0.8581418991088867,modal,cuda,LARP4:HepG2
DDX24,K562,chr16:89752122:G:A,0,2,-0.775854229927063,modal,cuda,LARP4:HepG2
DDX24,K562,chr16:89770262:G:C,1,2,1.0985920429229736,modal,cuda,LARP4:HepG2
DDX24,K562,chr16:89770373:G:A,0,2,0.25928568840026855,modal,cuda,LARP4:HepG2
DDX24,K562,chr16:89770397:T:C,1,2,-0.600959062576294,modal,cuda,LARP4:HepG2
DDX24,K562,chr16:89771670:A:G,0,2,0.3994779586791992,modal,cuda,LARP4:HepG2
DDX24,K562,chr16:89778786:A:G,0,2,-0.8760637640953064,modal,cuda,LARP4:HepG2
DDX24,K562,chr17:1477882:A:C,0,1,0.525196373462677,modal,cuda,LARP4:HepG2
DDX24,K562,chr17:17817018:G:A,0,1,-0.4262186288833618,modal,cuda,LARP4:HepG2
DDX24,K562,chr17:17817077:A:G,0,1,-1.1424684524536133,modal,cuda,LARP4:HepG2
DDX24,K562,chr17:17819189:C:T,0,1,-0.4768141508102417,modal,cuda,LARP4:HepG2
DDX24,K562,chr17:17819572:G:A,0,1,0.22739315032958984,modal,cuda,LARP4:HepG2
DDX24,K562,chr17:17819705:G:C,0,1,-0.23213142156600952,modal,cuda,LARP4:HepG2
DDX24,K562,chr17:29121649:G:A,0,1,-0.10780543088912964,modal,cuda,LARP4:HepG2
DDX24,K562,chr17:29121895:G:A,0,1,-0.8309385776519775,modal,cuda,LARP4:HepG2
DDX24,K562,chr17:32778582:A:G,0,1,-0.251872181892395,modal,cuda,LARP4:HepG2
DDX24,K562,chr17:37263902:A:G,0,1,0.834667980670929,modal,cuda,LARP4:HepG2
DDX24,K562,chr17:37330157:T:C,0,1,0.25422847270965576,modal,cuda,LARP4:HepG2
DDX24,K562,chr17:40019778:T:C,0,1,0.21138644218444824,modal,cuda,LARP4:HepG2
DDX24,K562,chr17:40033406:C:T,0,1,0.32811641693115234,modal,cuda,LARP4:HepG2
DDX24,K562,chr17:41990284:T:C,0,1,0.3516809046268463,modal,cuda,LARP4:HepG2
DDX24,K562,chr17:42217366:T:G,0,1,0.43598395586013794,modal,cuda,LARP4:HepG2
DDX24,K562,chr17:42223571:G:C,0,1,0.9883372187614441,modal,cuda,LARP4:HepG2
DDX24,K562,chr17:42495669:G:C,1,1,-0.7583534717559814,modal,cuda,LARP4:HepG2
DDX24,K562,chr17:44376974:A:G,0,1,0.04225301742553711,modal,cuda,LARP4:HepG2
DDX24,K562,chr17:44377095:G:C,0,1,0.7730961441993713,modal,cuda,LARP4:HepG2
DDX24,K562,chr17:44855024:G:T,0,1,0.7206581234931946,modal,cuda,LARP4:HepG2
DDX24,K562,chr17:47613665:G:T,0,1,-0.13843923807144165,modal,cuda,LARP4:HepG2
DDX24,K562,chr17:5539604:C:T,0,1,-2.1923789978027344,modal,cuda,LARP4:HepG2
DDX24,K562,chr17:5558327:T:A,0,1,-0.17335863411426544,modal,cuda,LARP4:HepG2
DDX24,K562,chr17:714629:G:A,0,1,-0.09316146373748779,modal,cuda,LARP4:HepG2
DDX24,K562,chr17:714753:C:T,0,1,-0.1533198356628418,modal,cuda,LARP4:HepG2
DDX24,K562,chr17:7221074:C:T,0,1,-0.6519678831100464,modal,cuda,LARP4:HepG2
DDX24,K562,chr17:7224399:T:C,0,1,1.6557732820510864,modal,cuda,LARP4:HepG2
DDX24,K562,chr17:74866471:T:C,0,1,-0.19943773746490479,modal,cuda,LARP4:HepG2
DDX24,K562,chr17:75212087:C:T,0,1,-0.19524526596069336,modal,cuda,LARP4:HepG2
DDX24,K562,chr17:75831185:G:A,0,1,0.2846720218658447,modal,cuda,LARP4:HepG2
DDX24,K562,chr17:75832947:G:A,0,1,0.49159175157546997,modal,cuda,LARP4:HepG2
DDX24,K562,chr17:75834602:C:A,0,1,0.5141772031784058,modal,cuda,LARP4:HepG2
DDX24,K562,chr17:75836126:G:A,0,1,-0.1406877040863037,modal,cuda,LARP4:HepG2
DDX24,K562,chr17:75842849:A:G,0,1,0.2672386169433594,modal,cuda,LARP4:HepG2
DDX24,K562,chr17:77487562:C:T,0,1,0.40245914459228516,modal,cuda,LARP4:HepG2
DDX24,K562,chr17:78113215:C:T,0,1,-0.5255866050720215,modal,cuda,LARP4:HepG2
DDX24,K562,chr17:78113538:G:A,0,1,0.1966397762298584,modal,cuda,LARP4:HepG2
DDX24,K562,chr17:78117335:G:T,1,1,0.36148619651794434,modal,cuda,LARP4:HepG2
DDX24,K562,chr17:78117633:G:T,1,1,-2.054469585418701,modal,cuda,LARP4:HepG2
DDX24,K562,chr17:78117658:C:T,0,1,2.084688663482666,modal,cuda,LARP4:HepG2
DDX24,K562,chr17:78117914:G:A,1,1,-1.1849335432052612,modal,cuda,LARP4:HepG2
DDX24,K562,chr17:78117948:G:C,0,1,0.5721110105514526,modal,cuda,LARP4:HepG2
DDX24,K562,chr17:78118882:C:G,0,1,-0.4800550043582916,modal,cuda,LARP4:HepG2
DDX24,K562,chr17:78118894:G:T,0,1,-0.15011003613471985,modal,cuda,LARP4:HepG2
DDX24,K562,chr17:78119272:T:C,0,1,0.19217920303344727,modal,cuda,LARP4:HepG2
DDX24,K562,chr17:78121066:G:A,0,1,0.3474177420139313,modal,cuda,LARP4:HepG2
DDX24,K562,chr17:78121077:G:A,0,1,0.4398048520088196,modal,cuda,LARP4:HepG2
DDX24,K562,chr17:78121184:G:A,0,1,-0.15077346563339233,modal,cuda,LARP4:HepG2
DDX24,K562,chr17:78121607:G:A,0,1,0.29440462589263916,modal,cuda,LARP4:HepG2
DDX24,K562,chr17:78121663:C:T,0,1,0.4305763244628906,modal,cuda,LARP4:HepG2
DDX24,K562,chr17:78122655:G:A,1,1,-2.194636821746826,modal,cuda,LARP4:HepG2
DDX24,K562,chr17:78122686:G:A,0,1,0.40904808044433594,modal,cuda,LARP4:HepG2
DDX24,K562,chr17:78122753:G:C,0,1,0.40529966354370117,modal,cuda,LARP4:HepG2
DDX24,K562,chr17:78123984:A:G,0,1,-0.28982609510421753,modal,cuda,LARP4:HepG2
DDX24,K562,chr17:78124102:C:T,0,1,-0.6089932918548584,modal,cuda,LARP4:HepG2
DDX24,K562,chr17:78124507:T:C,0,1,-0.8352073431015015,modal,cuda,LARP4:HepG2
DDX24,K562,chr17:78124556:C:T,0,1,-0.42614251375198364,modal,cuda,LARP4:HepG2
DDX24,K562,chr17:78124557:G:A,0,1,0.5385237336158752,modal,cuda,LARP4:HepG2
DDX24,K562,chr17:78124749:G:A,0,1,-1.1500440835952759,modal,cuda,LARP4:HepG2
DDX24,K562,chr17:78124873:G:A,0,1,0.23476600646972656,modal,cuda,LARP4:HepG2
DDX24,K562,chr17:78124912:G:A,0,1,0.27132630348205566,modal,cuda,LARP4:HepG2
DDX24,K562,chr17:78125709:A:G,0,1,-0.13847708702087402,modal,cuda,LARP4:HepG2
DDX24,K562,chr17:78125763:G:A,0,1,-0.24947571754455566,modal,cuda,LARP4:HepG2
DDX24,K562,chr17:78125876:G:A,1,1,-1.4641046524047852,modal,cuda,LARP4:HepG2
DDX24,K562,chr17:78125997:T:C,0,1,-0.13756293058395386,modal,cuda,LARP4:HepG2
DDX24,K562,chr17:80287795:G:A,0,1,1.0958850383758545,modal,cuda,LARP4:HepG2
DDX24,K562,chr17:80290747:T:G,0,1,-0.13648676872253418,modal,cuda,LARP4:HepG2
DDX24,K562,chr17:80337566:C:T,0,1,-0.2713779807090759,modal,cuda,LARP4:HepG2
DDX24,K562,chr17:80353558:G:A,0,1,1.90542733669281,modal,cuda,LARP4:HepG2
DDX24,K562,chr17:80363591:T:C,0,1,-0.14564943313598633,modal,cuda,LARP4:HepG2
DDX24,K562,chr17:80372748:G:A,0,1,-0.17076218128204346,modal,cuda,LARP4:HepG2
DDX24,K562,chr17:80372752:T:C,0,1,0.4914742112159729,modal,cuda,LARP4:HepG2
DDX24,K562,chr17:80374441:T:A,0,1,0.3165721893310547,modal,cuda,LARP4:HepG2
DDX24,K562,chr17:80376976:G:T,0,1,0.29064226150512695,modal,cuda,LARP4:HepG2
DDX24,K562,chr17:80376983:T:C,0,1,0.1449735164642334,modal,cuda,LARP4:HepG2
DDX24,K562,chr17:80389381:C:T,0,1,0.5007709860801697,modal,cuda,LARP4:HepG2
DDX24,K562,chr17:81512583:C:G,0,1,0.34369510412216187,modal,cuda,LARP4:HepG2
DDX24,K562,chr17:81906551:A:G,0,1,0.1861191987991333,modal,cuda,LARP4:HepG2
DDX24,K562,chr17:81908547:A:G,0,1,-0.21535515785217285,modal,cuda,LARP4:HepG2
DDX24,K562,chr17:82081851:G:C,0,1,0.23909872770309448,modal,cuda,LARP4:HepG2
DDX24,K562,chr17:82081997:G:A,0,1,0.11566638946533203,modal,cuda,LARP4:HepG2
DDX24,K562,chr17:82082170:C:T,0,1,0.5806555151939392,modal,cuda,LARP4:HepG2
DDX24,K562,chr17:82082172:C:G,0,1,-0.6196414232254028,modal,cuda,LARP4:HepG2
DDX24,K562,chr17:82082310:G:A,0,1,-0.12484848499298096,modal,cuda,LARP4:HepG2
DDX24,K562,chr17:82082682:C:T,0,1,0.4359700679779053,modal,cuda,LARP4:HepG2
DDX24,K562,chr17:82082905:C:T,0,1,0.19427108764648438,modal,cuda,LARP4:HepG2
DDX24,K562,chr17:82083120:G:A,0,1,-0.5539582967758179,modal,cuda,LARP4:HepG2
DDX24,K562,chr17:82083192:C:T,0,1,-0.3372722864151001,modal,cuda,LARP4:HepG2
DDX24,K562,chr17:82084227:C:T,0,1,0.12217879295349121,modal,cuda,LARP4:HepG2
DDX24,K562,chr17:82085882:T:A,0,1,-0.908088207244873,modal,cuda,LARP4:HepG2
DDX24,K562,chr17:82087271:G:A,0,1,1.6535111665725708,modal,cuda,LARP4:HepG2
DDX24,K562,chr17:82781734:C:T,0,1,0.2893552780151367,modal,cuda,LARP4:HepG2
DDX24,K562,chr17:82809692:T:C,0,1,-0.32523274421691895,modal,cuda,LARP4:HepG2
DDX24,K562,chr17:82903402:C:T,0,1,-0.1344301700592041,modal,cuda,LARP4:HepG2
DDX24,K562,chr17:82911752:T:C,0,1,0.778480052947998,modal,cuda,LARP4:HepG2
DDX24,K562,chr17:82927172:A:C,0,1,-0.2579488754272461,modal,cuda,LARP4:HepG2
DDX24,K562,chr18:2688754:T:C,0,4,1.1461734771728516,modal,cuda,LARP4:HepG2
DDX24,K562,chr18:36146372:A:T,0,4,1.075310230255127,modal,cuda,LARP4:HepG2
DDX24,K562,chr18:36156575:G:T,1,4,1.8145384788513184,modal,cuda,LARP4:HepG2
DDX24,K562,chr18:50275737:G:A,0,4,-1.157456874847412,modal,cuda,LARP4:HepG2
DDX24,K562,chr18:50276696:C:T,0,4,0.41071581840515137,modal,cuda,LARP4:HepG2
DDX24,K562,chr18:55269972:A:G,0,4,-0.7455720901489258,modal,cuda,LARP4:HepG2
DDX24,K562,chr18:55461123:T:C,0,4,-0.2305908203125,modal,cuda,LARP4:HepG2
DDX24,K562,chr19:10353998:A:G,0,4,-0.24048888683319092,modal,cuda,LARP4:HepG2
DDX24,K562,chr19:10354011:A:G,0,4,0.3220874071121216,modal,cuda,LARP4:HepG2
DDX24,K562,chr19:10354238:G:C,0,4,1.0457992553710938,modal,cuda,LARP4:HepG2
DDX24,K562,chr19:10354244:A:C,0,4,3.505966901779175,modal,cuda,LARP4:HepG2
DDX24,K562,chr19:10357987:C:G,0,4,0.928265392780304,modal,cuda,LARP4:HepG2
DDX24,K562,chr19:10357992:C:G,0,4,0.7313675880432129,modal,cuda,LARP4:HepG2
DDX24,K562,chr19:10361959:C:G,0,4,-0.17360055446624756,modal,cuda,LARP4:HepG2
DDX24,K562,chr19:10362257:A:G,0,4,0.4520564079284668,modal,cuda,LARP4:HepG2
DDX24,K562,chr19:10362426:G:A,1,4,2.255750894546509,modal,cuda,LARP4:HepG2
DDX24,K562,chr19:10362462:A:G,0,4,-0.4209864139556885,modal,cuda,LARP4:HepG2
DDX24,K562,chr19:1059005:A:G,0,4,-0.6844647526741028,modal,cuda,LARP4:HepG2
DDX24,K562,chr19:10759731:C:A,0,4,-0.7354390621185303,modal,cuda,LARP4:HepG2
DDX24,K562,chr19:10775697:T:C,0,4,-1.8097431659698486,modal,cuda,LARP4:HepG2
DDX24,K562,chr19:10795451:G:A,0,4,0.41498684883117676,modal,cuda,LARP4:HepG2
DDX24,K562,chr19:10812257:C:A,0,4,1.2004514932632446,modal,cuda,LARP4:HepG2
DDX24,K562,chr19:10986394:C:G,1,4,4.0479631423950195,modal,cuda,LARP4:HepG2
DDX24,K562,chr19:10986422:C:T,0,4,0.6110518574714661,modal,cuda,LARP4:HepG2
DDX24,K562,chr19:10986446:C:T,1,4,-2.474522113800049,modal,cuda,LARP4:HepG2
DDX24,K562,chr19:10986476:C:T,1,4,-3.42641544342041,modal,cuda,LARP4:HepG2
DDX24,K562,chr19:10994833:C:A,1,4,2.6031672954559326,modal,cuda,LARP4:HepG2
DDX24,K562,chr19:10994932:T:C,0,4,-0.19768691062927246,modal,cuda,LARP4:HepG2
DDX24,K562,chr19:10994951:C:T,1,4,0.9602108001708984,modal,cuda,LARP4:HepG2
DDX24,K562,chr19:11003047:C:T,1,4,3.6363179683685303,modal,cuda,LARP4:HepG2
DDX24,K562,chr19:1104528:C:G,0,4,-0.14969968795776367,modal,cuda,LARP4:HepG2
DDX24,K562,chr19:11100350:G:C,1,4,2.7312498092651367,modal,cuda,LARP4:HepG2
DDX24,K562,chr19:11102663:G:T,1,4,6.848052024841309,modal,cuda,LARP4:HepG2
DDX24,K562,chr19:11102664:T:A,1,4,0.39212560653686523,modal,cuda,LARP4:HepG2
DDX24,K562,chr19:11102719:C:A,1,4,-2.7579197883605957,modal,cuda,LARP4:HepG2
DDX24,K562,chr19:11102726:C:T,1,4,2.4176745414733887,modal,cuda,LARP4:HepG2
DDX24,K562,chr19:11102732:T:G,1,4,0.4272141456604004,modal,cuda,LARP4:HepG2
DDX24,K562,chr19:11102733:G:A,1,4,-2.024474620819092,modal,cuda,LARP4:HepG2
DDX24,K562,chr19:11102734:G:A,1,4,-2.772134780883789,modal,cuda,LARP4:HepG2
DDX24,K562,chr19:11102735:A:G,1,4,0.573535680770874,modal,cuda,LARP4:HepG2
DDX24,K562,chr19:11102736:G:A,1,4,-0.13943958282470703,modal,cuda,LARP4:HepG2
DDX24,K562,chr19:11102741:G:A,1,4,0.4154461622238159,modal,cuda,LARP4:HepG2
DDX24,K562,chr19:11102742:A:G,1,4,-1.3538758754730225,modal,cuda,LARP4:HepG2
DDX24,K562,chr19:11102743:T:A,1,4,-0.2994518280029297,modal,cuda,LARP4:HepG2
DDX24,K562,chr19:11102747:C:T,1,4,-2.289304256439209,modal,cuda,LARP4:HepG2
DDX24,K562,chr19:11102758:C:A,1,4,-2.1163508892059326,modal,cuda,LARP4:HepG2
DDX24,K562,chr19:11102758:C:G,1,4,-0.9546972513198853,modal,cuda,LARP4:HepG2
DDX24,K562,chr19:11102769:C:G,1,4,-0.8524072766304016,modal,cuda,LARP4:HepG2
DDX24,K562,chr19:11102774:G:A,1,4,-0.33884531259536743,modal,cuda,LARP4:HepG2
DDX24,K562,chr19:11102774:G:T,1,4,-0.5826050043106079,modal,cuda,LARP4:HepG2
DDX24,K562,chr19:11102777:C:T,1,4,-1.7520790100097656,modal,cuda,LARP4:HepG2
DDX24,K562,chr19:11102784:G:C,1,4,0.4748465418815613,modal,cuda,LARP4:HepG2
DDX24,K562,chr19:11102785:T:A,1,4,0.5612648725509644,modal,cuda,LARP4:HepG2
DDX24,K562,chr19:11102787:G:A,1,4,2.062866449356079,modal,cuda,LARP4:HepG2
DDX24,K562,chr19:11102788:T:C,1,4,2.6259775161743164,modal,cuda,LARP4:HepG2
DDX24,K562,chr19:11105218:A:T,1,4,4.094597339630127,modal,cuda,LARP4:HepG2
DDX24,K562,chr19:11105219:G:T,1,4,3.7938172817230225,modal,cuda,LARP4:HepG2
DDX24,K562,chr19:11105231:T:A,1,4,0.536095142364502,modal,cuda,LARP4:HepG2
DDX24,K562,chr19:11105233:C:A,1,4,3.125755786895752,modal,cuda,LARP4:HepG2
DDX24,K562,chr19:11105243:G:A,1,4,-0.2904014587402344,modal,cuda,LARP4:HepG2
DDX24,K562,chr19:11105251:C:T,0,4,0.07213592529296875,modal,cuda,LARP4:HepG2
DDX24,K562,chr19:11105319:C:A,1,4,-1.1814746856689453,modal,cuda,LARP4:HepG2
DDX24,K562,chr19:11105323:C:A,1,4,-0.5202310085296631,modal,cuda,LARP4:HepG2
DDX24,K562,chr19:11105324:G:A,1,4,0.10860323905944824,modal,cuda,LARP4:HepG2
DDX24,K562,chr19:11105324:G:T,1,4,-1.5850811004638672,modal,cuda,LARP4:HepG2
DDX24,K562,chr19:11105332:C:A,0,4,-0.8646957874298096,modal,cuda,LARP4:HepG2
DDX24,K562,chr19:11105335:C:A,1,4,-3.3074111938476562,modal,cuda,LARP4:HepG2
DDX24,K562,chr19:11105351:G:C,1,4,-0.35863780975341797,modal,cuda,LARP4:HepG2
DDX24,K562,chr19:11105371:C:A,1,4,-0.831451416015625,modal,cuda,LARP4:HepG2
DDX24,K562,chr19:11105388:T:C,1,4,-0.3603196144104004,modal,cuda,LARP4:HepG2
DDX24,K562,chr19:11105400:G:A,1,4,-1.0719027519226074,modal,cuda,LARP4:HepG2
DDX24,K562,chr19:11105400:G:T,1,4,0.3225574493408203,modal,cuda,LARP4:HepG2
DDX24,K562,chr19:11105401:G:A,1,4,-1.7236289978027344,modal,cuda,LARP4:HepG2
DDX24,K562,chr19:11105424:G:C,1,4,-1.090724229812622,modal,cuda,LARP4:HepG2
DDX24,K562,chr19:11110781:G:C,0,4,-0.6365432143211365,modal,cuda,LARP4:HepG2
DDX24,K562,chr19:11111506:T:A,0,4,0.8473904132843018,modal,cuda,LARP4:HepG2
DDX24,K562,chr19:11111506:T:C,0,4,-1.2441513538360596,modal,cuda,LARP4:HepG2
DDX24,K562,chr19:11113778:G:A,0,4,-0.44234228134155273,modal,cuda,LARP4:HepG2
DDX24,K562,chr19:11252470:A:T,0,4,0.7079731225967407,modal,cuda,LARP4:HepG2
DDX24,K562,chr19:11447636:A:G,0,4,-0.642760157585144,modal,cuda,LARP4:HepG2
DDX24,K562,chr19:1219354:C:T,0,4,1.9763603210449219,modal,cuda,LARP4:HepG2
DDX24,K562,chr19:1219360:G:A,0,4,-0.472334623336792,modal,cuda,LARP4:HepG2
DDX24,K562,chr19:1219369:G:A,0,4,-0.4139590263366699,modal,cuda,LARP4:HepG2
DDX24,K562,chr19:1219382:G:T,1,4,-0.8923959732055664,modal,cuda,LARP4:HepG2
DDX24,K562,chr19:1219430:G:A,0,4,-0.5446529388427734,modal,cuda,LARP4:HepG2
DDX24,K562,chr19:1220391:T:A,0,4,-0.3947782516479492,modal,cuda,LARP4:HepG2
DDX24,K562,chr19:1220406:C:A,1,4,-2.7948782444000244,modal,cuda,LARP4:HepG2
DDX24,K562,chr19:1220407:C:T,0,4,-0.7311804294586182,modal,cuda,LARP4:HepG2
DDX24,K562,chr19:1220643:G:A,0,4,0.4081078767776489,modal,cuda,LARP4:HepG2
DDX24,K562,chr19:1220722:G:A,1,4,1.232222080230713,modal,cuda,LARP4:HepG2
DDX24,K562,chr19:1221203:C:A,1,4,-1.9631580114364624,modal,cuda,LARP4:HepG2
DDX24,K562,chr19:1221207:A:G,1,4,0.8652493953704834,modal,cuda,LARP4:HepG2
DDX24,K562,chr19:1221225:C:A,0,4,-0.5236049890518188,modal,cuda,LARP4:HepG2
DDX24,K562,chr19:1221237:C:G,1,4,-5.445898056030273,modal,cuda,LARP4:HepG2
DDX24,K562,chr19:1221246:A:G,0,4,-0.1862804889678955,modal,cuda,LARP4:HepG2
DDX24,K562,chr19:1221261:C:A,1,4,-2.633517265319824,modal,cuda,LARP4:HepG2
DDX24,K562,chr19:1221261:C:G,1,4,-1.3522348403930664,modal,cuda,LARP4:HepG2
DDX24,K562,chr19:12715505:C:T,1,4,0.6151857376098633,modal,cuda,LARP4:HepG2
DDX24,K562,chr19:1393350:G:A,0,4,0.4584605097770691,modal,cuda,LARP4:HepG2
DDX24,K562,chr19:1615665:T:G,0,4,-0.2933483123779297,modal,cuda,LARP4:HepG2
DDX24,K562,chr19:1615669:G:A,0,4,-2.7501089572906494,modal,cuda,LARP4:HepG2
DDX24,K562,chr19:1619483:T:G,0,4,-1.5135223865509033,modal,cuda,LARP4:HepG2
DDX24,K562,chr19:1620950:C:T,0,4,0.7238960862159729,modal,cuda,LARP4:HepG2
DDX24,K562,chr19:1620951:C:G,0,4,0.77882981300354,modal,cuda,LARP4:HepG2
DDX24,K562,chr19:1620951:C:T,0,4,0.3441159725189209,modal,cuda,LARP4:HepG2
DDX24,K562,chr19:1650259:C:G,0,4,-4.016505718231201,modal,cuda,LARP4:HepG2
DDX24,K562,chr19:17203024:G:A,0,4,-0.5707818865776062,modal,cuda,LARP4:HepG2
DDX24,K562,chr19:17268749:C:T,0,4,-1.346670389175415,modal,cuda,LARP4:HepG2
DDX24,K562,chr19:17762834:G:C,1,4,0.4255094528198242,modal,cuda,LARP4:HepG2
DDX24,K562,chr19:17764374:G:C,1,4,3.6933863162994385,modal,cuda,LARP4:HepG2
DDX24,K562,chr19:17772760:T:G,0,4,-0.8951939344406128,modal,cuda,LARP4:HepG2
DDX24,K562,chr19:2042041:G:A,0,4,-0.5402748584747314,modal,cuda,LARP4:HepG2
DDX24,K562,chr19:2111662:G:A,0,4,1.1056288480758667,modal,cuda,LARP4:HepG2
DDX24,K562,chr19:2121317:C:T,0,4,-0.5848255157470703,modal,cuda,LARP4:HepG2
DDX24,K562,chr19:2193789:C:T,0,4,0.21388888359069824,modal,cuda,LARP4:HepG2
DDX24,K562,chr19:2250529:G:A,0,4,-0.8739184737205505,modal,cuda,LARP4:HepG2
DDX24,K562,chr19:34365408:G:A,0,4,1.124007225036621,modal,cuda,LARP4:HepG2
DDX24,K562,chr19:35727139:C:T,0,4,-0.4885519742965698,modal,cuda,LARP4:HepG2
DDX24,K562,chr19:35729307:G:A,0,4,1.2612199783325195,modal,cuda,LARP4:HepG2
DDX24,K562,chr19:38647913:C:T,0,4,0.9145785570144653,modal,cuda,LARP4:HepG2
DDX24,K562,chr19:38704918:C:T,0,4,-0.17511770129203796,modal,cuda,LARP4:HepG2
DDX24,K562,chr19:38838877:C:T,0,4,-0.7974317073822021,modal,cuda,LARP4:HepG2
DDX24,K562,chr19:40237951:G:A,0,4,-0.7535930871963501,modal,cuda,LARP4:HepG2
DDX24,K562,chr19:40238105:G:A,0,4,0.25048065185546875,modal,cuda,LARP4:HepG2
DDX24,K562,chr19:40611848:C:A,0,4,3.238719940185547,modal,cuda,LARP4:HepG2
DDX24,K562,chr19:41273979:C:T,0,4,-0.5814957618713379,modal,cuda,LARP4:HepG2
DDX24,K562,chr19:4400317:C:T,0,4,0.41417819261550903,modal,cuda,LARP4:HepG2
DDX24,K562,chr19:48127976:G:A,0,4,0.5202274322509766,modal,cuda,LARP4:HepG2
DDX24,K562,chr19:48128001:G:A,0,4,-1.1733713150024414,modal,cuda,LARP4:HepG2
DDX24,K562,chr19:48131059:G:C,0,4,-0.8693909645080566,modal,cuda,LARP4:HepG2
DDX24,K562,chr19:48131062:T:A,0,4,-0.49258726835250854,modal,cuda,LARP4:HepG2
DDX24,K562,chr19:48131079:G:A,0,4,-0.5128600597381592,modal,cuda,LARP4:HepG2
DDX24,K562,chr19:48137049:G:C,0,4,-0.21611976623535156,modal,cuda,LARP4:HepG2
DDX24,K562,chr19:48143528:G:T,0,4,0.46796727180480957,modal,cuda,LARP4:HepG2
DDX24,K562,chr19:48617441:C:T,0,4,2.5312671661376953,modal,cuda,LARP4:HepG2
DDX24,K562,chr19:49171760:G:T,0,4,1.2866311073303223,modal,cuda,LARP4:HepG2
DDX24,K562,chr19:49172000:A:G,0,4,1.0741944313049316,modal,cuda,LARP4:HepG2
DDX24,K562,chr19:49190784:C:G,0,4,0.4500606060028076,modal,cuda,LARP4:HepG2
DDX24,K562,chr19:49680531:G:A,0,4,-0.2523064613342285,modal,cuda,LARP4:HepG2
DDX24,K562,chr19:49862356:G:C,0,4,-0.6737374067306519,modal,cuda,LARP4:HepG2
DDX24,K562,chr19:50399074:T:C,0,4,-0.4387561082839966,modal,cuda,LARP4:HepG2
DDX24,K562,chr19:50402155:A:G,0,4,-3.135772943496704,modal,cuda,LARP4:HepG2
DDX24,K562,chr19:50403591:C:A,0,4,1.7703081369400024,modal,cuda,LARP4:HepG2
DDX24,K562,chr19:50416437:G:C,0,4,-0.27486276626586914,modal,cuda,LARP4:HepG2
DDX24,K562,chr19:50417153:C:T,0,4,0.4565410614013672,modal,cuda,LARP4:HepG2
DDX24,K562,chr19:5144908:C:T,0,4,1.726914644241333,modal,cuda,LARP4:HepG2
DDX24,K562,chr19:54121847:C:T,0,4,-1.0150659084320068,modal,cuda,LARP4:HepG2
DDX24,K562,chr19:54142930:G:A,0,4,0.9080973863601685,modal,cuda,LARP4:HepG2
DDX24,K562,chr19:54142984:G:A,0,4,1.942969560623169,modal,cuda,LARP4:HepG2
DDX24,K562,chr19:54143000:C:T,1,4,1.1809930801391602,modal,cuda,LARP4:HepG2
DDX24,K562,chr19:54144143:G:T,0,4,1.2036449909210205,modal,cuda,LARP4:HepG2
DDX24,K562,chr19:5694372:C:G,0,4,0.7459824085235596,modal,cuda,LARP4:HepG2
DDX24,K562,chr19:5694393:C:T,0,4,0.573762834072113,modal,cuda,LARP4:HepG2
DDX24,K562,chr19:5694418:G:A,0,4,1.1361819505691528,modal,cuda,LARP4:HepG2
DDX24,K562,chr19:5694421:G:A,0,4,2.137759208679199,modal,cuda,LARP4:HepG2
DDX24,K562,chr19:5694457:C:G,0,4,0.3432379961013794,modal,cuda,LARP4:HepG2
DDX24,K562,chr19:5694754:C:T,0,4,0.2503643035888672,modal,cuda,LARP4:HepG2
DDX24,K562,chr19:5696234:A:G,0,4,0.44860702753067017,modal,cuda,LARP4:HepG2
DDX24,K562,chr19:5696237:C:G,0,4,-0.548434853553772,modal,cuda,LARP4:HepG2
DDX24,K562,chr19:5696246:C:T,0,4,-4.906852722167969,modal,cuda,LARP4:HepG2
DDX24,K562,chr19:5696253:G:T,1,4,-1.2465808391571045,modal,cuda,LARP4:HepG2
DDX24,K562,chr19:5696355:C:T,0,4,-0.6540876030921936,modal,cuda,LARP4:HepG2
DDX24,K562,chr19:5699015:G:C,0,4,-0.7054581642150879,modal,cuda,LARP4:HepG2
DDX24,K562,chr19:5699059:G:A,0,4,-1.8398916721343994,modal,cuda,LARP4:HepG2
DDX24,K562,chr19:5700858:G:A,0,4,0.5829930305480957,modal,cuda,LARP4:HepG2
DDX24,K562,chr19:5700900:G:A,0,4,-1.0937631130218506,modal,cuda,LARP4:HepG2
DDX24,K562,chr19:5700904:C:T,1,4,-2.1818110942840576,modal,cuda,LARP4:HepG2
DDX24,K562,chr19:5707833:G:T,0,4,1.7703843116760254,modal,cuda,LARP4:HepG2
DDX24,K562,chr19:5711897:G:A,0,4,0.6445651054382324,modal,cuda,LARP4:HepG2
DDX24,K562,chr19:5711919:C:T,0,4,-0.41429567337036133,modal,cuda,LARP4:HepG2
DDX24,K562,chr19:58548842:T:G,0,4,0.4947647452354431,modal,cuda,LARP4:HepG2
DDX24,K562,chr19:58549718:C:T,0,4,0.5654938220977783,modal,cuda,LARP4:HepG2
DDX24,K562,chr19:58549722:T:C,0,4,0.45062780380249023,modal,cuda,LARP4:HepG2
DDX24,K562,chr19:58549732:C:G,0,4,1.5537952184677124,modal,cuda,LARP4:HepG2
DDX24,K562,chr19:7638719:C:T,0,4,-0.22597455978393555,modal,cuda,LARP4:HepG2
DDX24,K562,chr19:7639063:C:A,1,4,2.814579963684082,modal,cuda,LARP4:HepG2
DDX24,K562,chr19:7639112:C:T,0,4,-0.7547199726104736,modal,cuda,LARP4:HepG2
DDX24,K562,chr19:7639825:C:T,0,4,1.1449236869812012,modal,cuda,LARP4:HepG2
DDX24,K562,chr19:7640566:G:A,0,4,0.09203696250915527,modal,cuda,LARP4:HepG2
DDX24,K562,chr19:7640758:C:T,1,4,-3.803859233856201,modal,cuda,LARP4:HepG2
DDX24,K562,chr19:7642450:C:T,0,4,-0.36983585357666016,modal,cuda,LARP4:HepG2
DDX24,K562,chr19:7642498:G:A,1,4,-4.878596305847168,modal,cuda,LARP4:HepG2
DDX24,K562,chr19:7643004:C:T,1,4,1.071664810180664,modal,cuda,LARP4:HepG2
DDX24,K562,chr19:7643025:C:T,1,4,0.5611000061035156,modal,cuda,LARP4:HepG2
DDX24,K562,chr19:7643030:C:G,1,4,-0.23904943466186523,modal,cuda,LARP4:HepG2
DDX24,K562,chr19:7643031:C:T,1,4,-0.3157482147216797,modal,cuda,LARP4:HepG2
DDX24,K562,chr19:7644385:A:G,0,4,0.586943507194519,modal,cuda,LARP4:HepG2
DDX24,K562,chr19:8322114:T:C,0,4,0.8259392380714417,modal,cuda,LARP4:HepG2
DDX24,K562,chr1:1044310:G:A,0,0,-0.2456808090209961,modal,cuda,LARP4:HepG2
DDX24,K562,chr1:1044455:G:A,0,0,0.22548508644104004,modal,cuda,LARP4:HepG2
DDX24,K562,chr1:1045707:A:G,0,0,0.6298695802688599,modal,cuda,LARP4:HepG2
DDX24,K562,chr1:1045719:G:A,0,0,0.4922504425048828,modal,cuda,LARP4:HepG2
DDX24,K562,chr1:1047064:A:G,0,0,-1.313816785812378,modal,cuda,LARP4:HepG2
DDX24,K562,chr1:1051820:C:T,0,0,-0.19202351570129395,modal,cuda,LARP4:HepG2
DDX24,K562,chr1:1055037:T:C,0,0,-0.2533268928527832,modal,cuda,LARP4:HepG2
DDX24,K562,chr1:11232419:G:A,0,0,-0.9119373559951782,modal,cuda,LARP4:HepG2
DDX24,K562,chr1:11232433:C:A,0,0,0.461029052734375,modal,cuda,LARP4:HepG2
DDX24,K562,chr1:11253847:C:G,0,0,0.27904027700424194,modal,cuda,LARP4:HepG2
DDX24,K562,chr1:11253894:T:G,0,0,0.48571062088012695,modal,cuda,LARP4:HepG2
DDX24,K562,chr1:11791128:C:T,0,0,-0.2801111936569214,modal,cuda,LARP4:HepG2
DDX24,K562,chr1:11791162:C:T,0,0,0.1862732172012329,modal,cuda,LARP4:HepG2
DDX24,K562,chr1:11816605:G:A,0,0,1.9715267419815063,modal,cuda,LARP4:HepG2
DDX24,K562,chr1:11816629:T:C,0,0,-1.0645240545272827,modal,cuda,LARP4:HepG2
DDX24,K562,chr1:11816635:G:A,0,0,0.9757728576660156,modal,cuda,LARP4:HepG2
DDX24,K562,chr1:11819529:A:G,0,0,-1.421769142150879,modal,cuda,LARP4:HepG2
DDX24,K562,chr1:11956900:T:G,0,0,1.9299427270889282,modal,cuda,LARP4:HepG2
DDX24,K562,chr1:11964317:T:G,0,0,-1.1324267387390137,modal,cuda,LARP4:HepG2
DDX24,K562,chr1:11964323:T:G,0,0,-0.8127694129943848,modal,cuda,LARP4:HepG2
DDX24,K562,chr1:11989357:G:A,0,0,0.44207245111465454,modal,cuda,LARP4:HepG2
DDX24,K562,chr1:12244637:A:G,0,0,0.3508869409561157,modal,cuda,LARP4:HepG2
DDX24,K562,chr1:12256314:G:T,0,0,-0.10553455352783203,modal,cuda,LARP4:HepG2
DDX24,K562,chr1:12256527:A:G,0,0,0.535054087638855,modal,cuda,LARP4:HepG2
DDX24,K562,chr1:12311937:A:G,0,0,-1.2430648803710938,modal,cuda,LARP4:HepG2
DDX24,K562,chr1:12368461:C:T,0,0,-0.3845888376235962,modal,cuda,LARP4:HepG2
DDX24,K562,chr1:1320529:G:A,1,0,1.6652941703796387,modal,cuda,LARP4:HepG2
DDX24,K562,chr1:1342776:C:T,0,0,-0.43147343397140503,modal,cuda,LARP4:HepG2
DDX24,K562,chr1:1349110:G:A,0,0,-0.44279050827026367,modal,cuda,LARP4:HepG2
DDX24,K562,chr1:150325734:G:A,0,0,0.20346450805664062,modal,cuda,LARP4:HepG2
DDX24,K562,chr1:150332758:T:A,0,0,0.43935930728912354,modal,cuda,LARP4:HepG2
DDX24,K562,chr1:150557221:C:T,1,0,-0.7382462024688721,modal,cuda,LARP4:HepG2
DDX24,K562,chr1:1522729:G:A,0,0,-0.9218845367431641,modal,cuda,LARP4:HepG2
DDX24,K562,chr1:154589737:T:G,0,0,-0.6720597147941589,modal,cuda,LARP4:HepG2
DDX24,K562,chr1:155312274:T:C,0,0,0.3511531949043274,modal,cuda,LARP4:HepG2
DDX24,K562,chr1:15727007:G:A,0,0,-0.18131780624389648,modal,cuda,LARP4:HepG2
DDX24,K562,chr1:15727011:C:T,0,0,0.22110462188720703,modal,cuda,LARP4:HepG2
DDX24,K562,chr1:160293382:T:C,0,0,4.0840301513671875,modal,cuda,LARP4:HepG2
DDX24,K562,chr1:160295716:T:C,0,0,-1.0857582092285156,modal,cuda,LARP4:HepG2
DDX24,K562,chr1:160295725:T:C,0,0,-0.29757988452911377,modal,cuda,LARP4:HepG2
DDX24,K562,chr1:160295878:G:C,0,0,-0.3522052764892578,modal,cuda,LARP4:HepG2
DDX24,K562,chr1:160297336:T:C,0,0,-0.3355161249637604,modal,cuda,LARP4:HepG2
DDX24,K562,chr1:160305784:T:C,0,0,-0.8187112808227539,modal,cuda,LARP4:HepG2
DDX24,K562,chr1:161170464:A:G,1,0,1.6853277683258057,modal,cuda,LARP4:HepG2
DDX24,K562,chr1:161170467:A:C,1,0,-0.27568233013153076,modal,cuda,LARP4:HepG2
DDX24,K562,chr1:161209915:C:A,1,0,-0.14795207977294922,modal,cuda,LARP4:HepG2
DDX24,K562,chr1:161210647:A:G,1,0,0.960807204246521,modal,cuda,LARP4:HepG2
DDX24,K562,chr1:161210723:T:A,0,0,-1.111087441444397,modal,cuda,LARP4:HepG2
DDX24,K562,chr1:161213726:C:T,0,0,-0.45371580123901367,modal,cuda,LARP4:HepG2
DDX24,K562,chr1:176136495:C:G,0,0,0.29534220695495605,modal,cuda,LARP4:HepG2
DDX24,K562,chr1:180803571:G:A,1,0,-0.6614905595779419,modal,cuda,LARP4:HepG2
DDX24,K562,chr1:180803572:T:C,0,0,-1.2954015731811523,modal,cuda,LARP4:HepG2
DDX24,K562,chr1:180803583:T:C,1,0,0.6740916967391968,modal,cuda,LARP4:HepG2
DDX24,K562,chr1:180803598:T:C,1,0,0.6540002822875977,modal,cuda,LARP4:HepG2
DDX24,K562,chr1:19128202:A:G,0,0,0.351387083530426,modal,cuda,LARP4:HepG2
DDX24,K562,chr1:19201715:T:C,0,0,3.4742114543914795,modal,cuda,LARP4:HepG2
DDX24,K562,chr1:19235124:T:C,0,0,-0.26494359970092773,modal,cuda,LARP4:HepG2
DDX24,K562,chr1:193135375:C:A,0,0,-0.2423332929611206,modal,cuda,LARP4:HepG2
DDX24,K562,chr1:207785659:T:A,1,0,-1.518624186515808,modal,cuda,LARP4:HepG2
DDX24,K562,chr1:207785684:T:A,1,0,1.408475399017334,modal,cuda,LARP4:HepG2
DDX24,K562,chr1:207790243:C:T,0,0,-0.2632254362106323,modal,cuda,LARP4:HepG2
DDX24,K562,chr1:21824285:G:C,0,0,0.5062258243560791,modal,cuda,LARP4:HepG2
DDX24,K562,chr1:21824302:C:T,0,0,0.34574079513549805,modal,cuda,LARP4:HepG2
DDX24,K562,chr1:21887350:G:A,0,0,-0.5199892520904541,modal,cuda,LARP4:HepG2
DDX24,K562,chr1:21887413:T:C,0,0,-0.18393933773040771,modal,cuda,LARP4:HepG2
DDX24,K562,chr1:220195185:T:G,0,0,-2.6015732288360596,modal,cuda,LARP4:HepG2
DDX24,K562,chr1:223802722:C:T,0,0,0.2739138603210449,modal,cuda,LARP4:HepG2
DDX24,K562,chr1:236816464:G:A,0,0,0.8918952941894531,modal,cuda,LARP4:HepG2
DDX24,K562,chr1:236825363:T:A,1,0,4.14901065826416,modal,cuda,LARP4:HepG2
DDX24,K562,chr1:236873843:A:G,1,0,5.054836750030518,modal,cuda,LARP4:HepG2
DDX24,K562,chr1:244856161:G:A,0,0,0.7697768211364746,modal,cuda,LARP4:HepG2
DDX24,K562,chr1:244858724:C:T,1,0,-0.6795057058334351,modal,cuda,LARP4:HepG2
DDX24,K562,chr1:244863418:A:G,0,0,0.07192540168762207,modal,cuda,LARP4:HepG2
DDX24,K562,chr1:244863420:A:G,0,0,0.13218903541564941,modal,cuda,LARP4:HepG2
DDX24,K562,chr1:26761102:C:G,0,0,-1.2444558143615723,modal,cuda,LARP4:HepG2
DDX24,K562,chr1:26772800:C:T,0,0,-0.6457566022872925,modal,cuda,LARP4:HepG2
DDX24,K562,chr1:26774531:A:G,0,0,-2.3558101654052734,modal,cuda,LARP4:HepG2
DDX24,K562,chr1:26774547:A:G,0,0,0.20592066645622253,modal,cuda,LARP4:HepG2
DDX24,K562,chr1:28997275:G:T,1,0,3.9621405601501465,modal,cuda,LARP4:HepG2
DDX24,K562,chr1:32180465:A:G,0,0,1.147225260734558,modal,cuda,LARP4:HepG2
DDX24,K562,chr1:35918427:G:T,0,0,-1.1859099864959717,modal,cuda,LARP4:HepG2
DDX24,K562,chr1:37888269:G:T,0,0,0.816746711730957,modal,cuda,LARP4:HepG2
DDX24,K562,chr1:39257917:G:A,0,0,0.4467288553714752,modal,cuda,LARP4:HepG2
DDX24,K562,chr1:39284212:G:T,0,0,-1.2075763940811157,modal,cuda,LARP4:HepG2
DDX24,K562,chr1:39303095:G:A,0,0,0.11897134780883789,modal,cuda,LARP4:HepG2
DDX24,K562,chr1:39318629:T:C,0,0,0.4186058044433594,modal,cuda,LARP4:HepG2
DDX24,K562,chr1:39447679:A:G,0,0,-1.4709913730621338,modal,cuda,LARP4:HepG2
DDX24,K562,chr1:39448165:A:C,0,0,-0.5670549869537354,modal,cuda,LARP4:HepG2
DDX24,K562,chr1:39452140:C:G,0,0,0.3333258628845215,modal,cuda,LARP4:HepG2
DDX24,K562,chr1:39479795:T:C,0,0,0.8538561463356018,modal,cuda,LARP4:HepG2
DDX24,K562,chr1:45013663:C:T,1,0,0.9057376384735107,modal,cuda,LARP4:HepG2
DDX24,K562,chr1:45014781:C:T,1,0,2.5996031761169434,modal,cuda,LARP4:HepG2
DDX24,K562,chr1:45014803:G:A,1,0,-4.038938522338867,modal,cuda,LARP4:HepG2
DDX24,K562,chr1:45014835:C:G,1,0,1.9447137117385864,modal,cuda,LARP4:HepG2
DDX24,K562,chr1:46193432:T:C,0,0,-1.1159573793411255,modal,cuda,LARP4:HepG2
DDX24,K562,chr1:46196073:A:C,1,0,1.6493890285491943,modal,cuda,LARP4:HepG2
DDX24,K562,chr1:55052418:A:C,0,0,0.46766287088394165,modal,cuda,LARP4:HepG2
DDX24,K562,chr1:55052643:C:T,0,0,0.7798234224319458,modal,cuda,LARP4:HepG2
DDX24,K562,chr1:58667830:T:A,0,0,-0.17576944828033447,modal,cuda,LARP4:HepG2
DDX24,K562,chr1:58685269:G:A,0,0,-0.2882143259048462,modal,cuda,LARP4:HepG2
DDX24,K562,chr1:77962911:G:A,0,0,-0.22699642181396484,modal,cuda,LARP4:HepG2
DDX24,K562,chr1:77963723:G:C,0,0,-0.434354305267334,modal,cuda,LARP4:HepG2
DDX24,K562,chr1:92297425:A:C,0,0,-0.503189206123352,modal,cuda,LARP4:HepG2
DDX24,K562,chr1:92297511:C:T,0,0,1.2066564559936523,modal,cuda,LARP4:HepG2
DDX24,K562,chr1:93118449:G:A,0,0,-0.5779945850372314,modal,cuda,LARP4:HepG2
DDX24,K562,chr1:962346:C:T,0,0,-1.2412657737731934,modal,cuda,LARP4:HepG2
DDX24,K562,chr1:9719905:C:T,0,0,-0.1506366729736328,modal,cuda,LARP4:HepG2
DDX24,K562,chr20:2654566:A:G,0,0,0.8218860626220703,modal,cuda,LARP4:HepG2
DDX24,K562,chr20:3203207:T:C,0,0,0.1133800745010376,modal,cuda,LARP4:HepG2
DDX24,K562,chr20:32800931:C:T,0,0,-1.568211317062378,modal,cuda,LARP4:HepG2
DDX24,K562,chr20:58909540:C:T,1,0,-0.3246365189552307,modal,cuda,LARP4:HepG2
DDX24,K562,chr20:58909542:G:C,1,0,0.19193315505981445,modal,cuda,LARP4:HepG2
DDX24,K562,chr20:58909543:C:T,1,0,-1.0358701944351196,modal,cuda,LARP4:HepG2
DDX24,K562,chr20:58909553:G:A,1,0,0.3021881580352783,modal,cuda,LARP4:HepG2
DDX24,K562,chr20:58909560:G:A,0,0,-0.35584115982055664,modal,cuda,LARP4:HepG2
DDX24,K562,chr20:58909563:G:A,1,0,1.7022310495376587,modal,cuda,LARP4:HepG2
DDX24,K562,chr20:5952004:C:T,0,0,-0.5943975448608398,modal,cuda,LARP4:HepG2
DDX24,K562,chr20:62309854:C:T,0,0,0.1978442668914795,modal,cuda,LARP4:HepG2
DDX24,K562,chr20:62310086:C:A,0,0,-1.1402798891067505,modal,cuda,LARP4:HepG2
DDX24,K562,chr20:62311548:G:A,0,0,-0.43309521675109863,modal,cuda,LARP4:HepG2
DDX24,K562,chr20:62311555:C:T,0,0,0.6588128805160522,modal,cuda,LARP4:HepG2
DDX24,K562,chr20:62311798:G:A,0,0,-0.8930203914642334,modal,cuda,LARP4:HepG2
DDX24,K562,chr20:62313269:G:A,0,0,-0.8079159259796143,modal,cuda,LARP4:HepG2
DDX24,K562,chr20:62315009:G:A,0,0,1.0754438638687134,modal,cuda,LARP4:HepG2
DDX24,K562,chr20:62315011:G:A,0,0,-0.3298499584197998,modal,cuda,LARP4:HepG2
DDX24,K562,chr20:62317644:G:A,0,0,-0.12471246719360352,modal,cuda,LARP4:HepG2
DDX24,K562,chr20:62319814:C:T,0,0,-2.8069679737091064,modal,cuda,LARP4:HepG2
DDX24,K562,chr20:62324566:C:T,0,0,-0.7801194190979004,modal,cuda,LARP4:HepG2
DDX24,K562,chr20:62324567:G:A,0,0,-0.5176239013671875,modal,cuda,LARP4:HepG2
DDX24,K562,chr20:63662886:G:T,1,0,-1.0880122184753418,modal,cuda,LARP4:HepG2
DDX24,K562,chr20:63687621:C:T,0,0,0.1802654266357422,modal,cuda,LARP4:HepG2
DDX24,K562,chr20:63688363:G:T,1,0,2.6100969314575195,modal,cuda,LARP4:HepG2
DDX24,K562,chr20:63688366:A:T,1,0,2.2506842613220215,modal,cuda,LARP4:HepG2
DDX24,K562,chr20:63689115:G:A,1,0,-0.6800200939178467,modal,cuda,LARP4:HepG2
DDX24,K562,chr20:63689769:G:A,1,0,1.3348419666290283,modal,cuda,LARP4:HepG2
DDX24,K562,chr20:63689770:G:A,1,0,4.3936920166015625,modal,cuda,LARP4:HepG2
DDX24,K562,chr20:63690184:C:T,1,0,2.3810195922851562,modal,cuda,LARP4:HepG2
DDX24,K562,chr20:63983032:G:C,0,0,0.8758748769760132,modal,cuda,LARP4:HepG2
DDX24,K562,chr21:31696110:T:C,1,0,4.204736232757568,modal,cuda,LARP4:HepG2
DDX24,K562,chr21:32744819:T:G,0,0,-0.4055119752883911,modal,cuda,LARP4:HepG2
DDX24,K562,chr21:37126118:T:C,0,0,0.31352806091308594,modal,cuda,LARP4:HepG2
DDX24,K562,chr21:37129055:A:G,0,0,-0.2095935344696045,modal,cuda,LARP4:HepG2
DDX24,K562,chr21:39293802:C:G,0,0,1.2898025512695312,modal,cuda,LARP4:HepG2
DDX24,K562,chr21:43068285:G:T,0,0,-0.4656792879104614,modal,cuda,LARP4:HepG2
DDX24,K562,chr21:43755690:C:A,0,0,-0.5485028028488159,modal,cuda,LARP4:HepG2
DDX24,K562,chr21:43793309:C:T,0,0,-0.4680628776550293,modal,cuda,LARP4:HepG2
DDX24,K562,chr21:43803502:G:C,0,0,-0.6343768835067749,modal,cuda,LARP4:HepG2
DDX24,K562,chr21:45283495:C:T,0,0,0.3937489986419678,modal,cuda,LARP4:HepG2
DDX24,K562,chr21:45477407:C:A,0,0,-0.6556010246276855,modal,cuda,LARP4:HepG2
DDX24,K562,chr21:45477494:C:G,0,0,0.715864360332489,modal,cuda,LARP4:HepG2
DDX24,K562,chr21:45490253:G:A,0,0,0.17137718200683594,modal,cuda,LARP4:HepG2
DDX24,K562,chr21:45491328:G:A,0,0,0.6630653142929077,modal,cuda,LARP4:HepG2
DDX24,K562,chr21:45493239:G:T,0,0,-0.580105185508728,modal,cuda,LARP4:HepG2
DDX24,K562,chr21:45494528:C:T,0,0,0.7723511457443237,modal,cuda,LARP4:HepG2
DDX24,K562,chr21:45495350:C:T,0,0,-0.3274132013320923,modal,cuda,LARP4:HepG2
DDX24,K562,chr21:45507498:A:T,0,0,-0.191094309091568,modal,cuda,LARP4:HepG2
DDX24,K562,chr21:46213005:C:T,0,0,0.3483004570007324,modal,cuda,LARP4:HepG2
DDX24,K562,chr21:46215306:G:A,0,0,1.075078010559082,modal,cuda,LARP4:HepG2
DDX24,K562,chr21:46219578:C:G,0,0,-1.1593928337097168,modal,cuda,LARP4:HepG2
DDX24,K562,chr21:46222635:C:T,1,0,0.7512321472167969,modal,cuda,LARP4:HepG2
DDX24,K562,chr21:46222636:C:T,1,0,0.8659005761146545,modal,cuda,LARP4:HepG2
DDX24,K562,chr21:46258920:G:C,0,0,1.2093780040740967,modal,cuda,LARP4:HepG2
DDX24,K562,chr21:46498665:G:A,0,0,-1.0470699071884155,modal,cuda,LARP4:HepG2
DDX24,K562,chr22:19355751:C:T,0,3,-0.5084062814712524,modal,cuda,LARP4:HepG2
DDX24,K562,chr22:19359312:G:A,0,3,-0.1927356719970703,modal,cuda,LARP4:HepG2
DDX24,K562,chr22:19392094:G:C,0,3,-0.7850437164306641,modal,cuda,LARP4:HepG2
DDX24,K562,chr22:19431570:A:G,0,3,-0.10982069373130798,modal,cuda,LARP4:HepG2
DDX24,K562,chr22:19455788:G:C,0,3,1.1796729564666748,modal,cuda,LARP4:HepG2
DDX24,K562,chr22:19467853:C:T,0,3,0.5607056617736816,modal,cuda,LARP4:HepG2
DDX24,K562,chr22:19480991:T:C,0,3,0.5785907506942749,modal,cuda,LARP4:HepG2
DDX24,K562,chr22:19496042:A:T,0,3,0.23468106985092163,modal,cuda,LARP4:HepG2
DDX24,K562,chr22:19499077:C:T,0,3,-0.4138174057006836,modal,cuda,LARP4:HepG2
DDX24,K562,chr22:19516805:G:T,0,3,-0.5544534921646118,modal,cuda,LARP4:HepG2
DDX24,K562,chr22:19880221:G:A,0,3,-0.061664462089538574,modal,cuda,LARP4:HepG2
DDX24,K562,chr22:19880248:C:T,0,3,0.33968228101730347,modal,cuda,LARP4:HepG2
DDX24,K562,chr22:19895453:G:T,0,3,0.5508803725242615,modal,cuda,LARP4:HepG2
DDX24,K562,chr22:19895461:T:G,0,3,-0.21837784349918365,modal,cuda,LARP4:HepG2
DDX24,K562,chr22:19898025:G:T,0,3,0.247719407081604,modal,cuda,LARP4:HepG2
DDX24,K562,chr22:19898050:C:G,0,3,-0.20542442798614502,modal,cuda,LARP4:HepG2
DDX24,K562,chr22:19911363:C:T,0,3,-0.156097412109375,modal,cuda,LARP4:HepG2
DDX24,K562,chr22:19911364:G:A,0,3,0.12873494625091553,modal,cuda,LARP4:HepG2
DDX24,K562,chr22:19915767:C:G,0,3,0.3127460479736328,modal,cuda,LARP4:HepG2
DDX24,K562,chr22:19918844:G:T,0,3,0.6503542065620422,modal,cuda,LARP4:HepG2
DDX24,K562,chr22:19918847:G:A,0,3,-0.16545987129211426,modal,cuda,LARP4:HepG2
DDX24,K562,chr22:19918988:G:A,0,3,-0.2883436679840088,modal,cuda,LARP4:HepG2
DDX24,K562,chr22:19919562:G:A,0,3,-0.15086627006530762,modal,cuda,LARP4:HepG2
DDX24,K562,chr22:19919576:C:A,0,3,0.16792559623718262,modal,cuda,LARP4:HepG2
DDX24,K562,chr22:19919595:G:A,0,3,1.0300190448760986,modal,cuda,LARP4:HepG2
DDX24,K562,chr22:19931110:G:C,0,3,0.7971242666244507,modal,cuda,LARP4:HepG2
DDX24,K562,chr22:19962643:C:T,0,3,0.08837729692459106,modal,cuda,LARP4:HepG2
DDX24,K562,chr22:20729303:G:A,0,3,-0.1405484676361084,modal,cuda,LARP4:HepG2
DDX24,K562,chr22:20751767:G:A,0,3,0.2361307144165039,modal,cuda,LARP4:HepG2
DDX24,K562,chr22:20765707:A:T,0,3,0.765442967414856,modal,cuda,LARP4:HepG2
DDX24,K562,chr22:20987984:G:A,0,3,-0.6971981525421143,modal,cuda,LARP4:HepG2
DDX24,K562,chr22:20989706:C:T,0,3,-0.16906321048736572,modal,cuda,LARP4:HepG2
DDX24,K562,chr22:20993771:G:A,0,3,-0.2825585603713989,modal,cuda,LARP4:HepG2
DDX24,K562,chr22:21925556:C:T,0,3,-2.039511203765869,modal,cuda,LARP4:HepG2
DDX24,K562,chr22:21933592:T:C,0,3,-0.12220335006713867,modal,cuda,LARP4:HepG2
DDX24,K562,chr22:21939572:C:T,0,3,-0.16955995559692383,modal,cuda,LARP4:HepG2
DDX24,K562,chr22:21945839:C:A,0,3,-0.5615760087966919,modal,cuda,LARP4:HepG2
DDX24,K562,chr22:21959742:A:G,0,3,0.21314573287963867,modal,cuda,LARP4:HepG2
DDX24,K562,chr22:21964166:C:T,0,3,-0.1754598617553711,modal,cuda,LARP4:HepG2
DDX24,K562,chr22:21964299:G:A,0,3,-0.5799074172973633,modal,cuda,LARP4:HepG2
DDX24,K562,chr22:21968703:C:T,0,3,0.4187278151512146,modal,cuda,LARP4:HepG2
DDX24,K562,chr22:21971869:A:G,0,3,0.20890021324157715,modal,cuda,LARP4:HepG2
DDX24,K562,chr22:23283971:C:G,0,3,0.6196012496948242,modal,cuda,LARP4:HepG2
DDX24,K562,chr22:23287285:G:T,0,3,1.3719723224639893,modal,cuda,LARP4:HepG2
DDX24,K562,chr22:23290335:G:A,0,3,-0.6313481330871582,modal,cuda,LARP4:HepG2
DDX24,K562,chr22:25770869:C:A,0,3,0.5303643941879272,modal,cuda,LARP4:HepG2
DDX24,K562,chr22:31760670:A:C,0,3,2.2227821350097656,modal,cuda,LARP4:HepG2
DDX24,K562,chr22:31760696:C:T,1,3,3.658947706222534,modal,cuda,LARP4:HepG2
DDX24,K562,chr22:31760714:A:G,0,3,-0.29761838912963867,modal,cuda,LARP4:HepG2
DDX24,K562,chr22:31764992:C:T,1,3,0.6235802173614502,modal,cuda,LARP4:HepG2
DDX24,K562,chr22:31765028:C:T,1,3,2.53633451461792,modal,cuda,LARP4:HepG2
DDX24,K562,chr22:41897136:G:C,0,3,-1.0214123725891113,modal,cuda,LARP4:HepG2
DDX24,K562,chr22:50220065:C:A,0,3,0.1896108090877533,modal,cuda,LARP4:HepG2
DDX24,K562,chr22:50220072:A:G,0,3,0.17867466807365417,modal,cuda,LARP4:HepG2
DDX24,K562,chr22:50220141:A:G,0,3,0.13143697381019592,modal,cuda,LARP4:HepG2
DDX24,K562,chr22:50459685:G:A,0,3,0.18034183979034424,modal,cuda,LARP4:HepG2
DDX24,K562,chr2:101831730:G:A,1,4,-2.352064609527588,modal,cuda,LARP4:HepG2
DDX24,K562,chr2:101831841:A:G,1,4,1.4598054885864258,modal,cuda,LARP4:HepG2
DDX24,K562,chr2:147943538:A:G,0,4,-1.4269052743911743,modal,cuda,LARP4:HepG2
DDX24,K562,chr2:15467394:G:A,1,4,1.3427989482879639,modal,cuda,LARP4:HepG2
DDX24,K562,chr2:15467665:T:A,1,4,-0.7162169218063354,modal,cuda,LARP4:HepG2
DDX24,K562,chr2:15467683:T:A,1,4,-3.7102651596069336,modal,cuda,LARP4:HepG2
DDX24,K562,chr2:15467718:T:C,0,4,0.298861563205719,modal,cuda,LARP4:HepG2
DDX24,K562,chr2:15467723:A:G,0,4,0.2367802858352661,modal,cuda,LARP4:HepG2
DDX24,K562,chr2:15467724:T:C,0,4,0.4944744110107422,modal,cuda,LARP4:HepG2
DDX24,K562,chr2:15539332:C:T,1,4,0.8666934967041016,modal,cuda,LARP4:HepG2
DDX24,K562,chr2:15551480:T:C,0,4,-0.9782853722572327,modal,cuda,LARP4:HepG2
DDX24,K562,chr2:15554052:C:G,0,4,0.6796080470085144,modal,cuda,LARP4:HepG2
DDX24,K562,chr2:15554053:T:C,0,4,1.1201701164245605,modal,cuda,LARP4:HepG2
DDX24,K562,chr2:15556799:G:A,1,4,-0.6720197200775146,modal,cuda,LARP4:HepG2
DDX24,K562,chr2:206152508:G:A,1,4,2.0182712078094482,modal,cuda,LARP4:HepG2
DDX24,K562,chr2:219501598:G:A,0,4,0.16522717475891113,modal,cuda,LARP4:HepG2
DDX24,K562,chr2:232794843:C:A,0,4,0.9697566032409668,modal,cuda,LARP4:HepG2
DDX24,K562,chr2:235717543:C:T,0,4,-0.3425212502479553,modal,cuda,LARP4:HepG2
DDX24,K562,chr2:235883325:T:C,0,4,1.3687019348144531,modal,cuda,LARP4:HepG2
DDX24,K562,chr2:27241411:C:T,0,4,-0.8058545589447021,modal,cuda,LARP4:HepG2
DDX24,K562,chr2:32485640:T:C,0,4,0.4187142848968506,modal,cuda,LARP4:HepG2
DDX24,K562,chr2:55643155:T:C,1,4,4.388707160949707,modal,cuda,LARP4:HepG2
DDX24,K562,chr2:61339689:G:A,0,4,0.4686579704284668,modal,cuda,LARP4:HepG2
DDX24,K562,chr2:61490715:T:G,1,4,0.36139631271362305,modal,cuda,LARP4:HepG2
DDX24,K562,chr2:69329283:C:T,0,4,1.809525966644287,modal,cuda,LARP4:HepG2
DDX24,K562,chr2:8817705:T:C,0,4,-0.8225603103637695,modal,cuda,LARP4:HepG2
DDX24,K562,chr2:96284591:G:A,0,4,-0.3377094268798828,modal,cuda,LARP4:HepG2
DDX24,K562,chr2:96290823:G:A,0,4,-0.7455669045448303,modal,cuda,LARP4:HepG2
DDX24,K562,chr2:96297628:G:A,0,4,-0.5701847076416016,modal,cuda,LARP4:HepG2
DDX24,K562,chr2:96298427:A:G,0,4,0.32506728172302246,modal,cuda,LARP4:HepG2
DDX24,K562,chr3:10032981:T:G,0,3,1.080575942993164,modal,cuda,LARP4:HepG2
DDX24,K562,chr3:10036271:A:G,0,3,-1.1235527992248535,modal,cuda,LARP4:HepG2
DDX24,K562,chr3:10039861:G:C,0,3,-0.4472380578517914,modal,cuda,LARP4:HepG2
DDX24,K562,chr3:10081464:G:A,1,3,0.5366865396499634,modal,cuda,LARP4:HepG2
DDX24,K562,chr3:10088482:G:A,1,3,1.337836742401123,modal,cuda,LARP4:HepG2
DDX24,K562,chr3:10088483:G:A,1,3,1.0691375732421875,modal,cuda,LARP4:HepG2
DDX24,K562,chr3:10088523:C:T,1,3,1.8022867441177368,modal,cuda,LARP4:HepG2
DDX24,K562,chr3:10090386:G:T,1,3,2.6556496620178223,modal,cuda,LARP4:HepG2
DDX24,K562,chr3:10092206:G:A,1,3,2.8516476154327393,modal,cuda,LARP4:HepG2
DDX24,K562,chr3:10092265:A:G,0,3,-0.16177904605865479,modal,cuda,LARP4:HepG2
DDX24,K562,chr3:10095234:T:A,1,3,1.0279819965362549,modal,cuda,LARP4:HepG2
DDX24,K562,chr3:10096350:C:T,1,3,1.985041618347168,modal,cuda,LARP4:HepG2
DDX24,K562,chr3:128056689:T:C,0,3,-0.45811259746551514,modal,cuda,LARP4:HepG2
DDX24,K562,chr3:128060669:C:T,0,3,0.20116901397705078,modal,cuda,LARP4:HepG2
DDX24,K562,chr3:129254755:C:G,0,3,0.3572414517402649,modal,cuda,LARP4:HepG2
DDX24,K562,chr3:130934728:A:G,0,3,-0.2007470726966858,modal,cuda,LARP4:HepG2
DDX24,K562,chr3:139367098:G:A,0,3,0.7220304012298584,modal,cuda,LARP4:HepG2
DDX24,K562,chr3:139367123:A:G,0,3,0.4966447353363037,modal,cuda,LARP4:HepG2
DDX24,K562,chr3:14168330:G:A,1,3,-1.2094974517822266,modal,cuda,LARP4:HepG2
DDX24,K562,chr3:14168389:A:T,1,3,1.1594045162200928,modal,cuda,LARP4:HepG2
DDX24,K562,chr3:14447599:G:A,0,3,0.39015865325927734,modal,cuda,LARP4:HepG2
DDX24,K562,chr3:14466529:C:T,1,3,-0.2825281620025635,modal,cuda,LARP4:HepG2
DDX24,K562,chr3:177038395:A:G,1,3,-1.630022406578064,modal,cuda,LARP4:HepG2
DDX24,K562,chr3:177038442:G:A,0,3,-0.40581199526786804,modal,cuda,LARP4:HepG2
DDX24,K562,chr3:177047481:T:C,0,3,-3.6961112022399902,modal,cuda,LARP4:HepG2
DDX24,K562,chr3:183803345:A:G,0,3,0.21054591238498688,modal,cuda,LARP4:HepG2
DDX24,K562,chr3:184164937:G:A,0,3,0.34578216075897217,modal,cuda,LARP4:HepG2
DDX24,K562,chr3:184165219:G:A,0,3,0.19691944122314453,modal,cuda,LARP4:HepG2
DDX24,K562,chr3:184166120:C:T,0,3,-0.7552192211151123,modal,cuda,LARP4:HepG2
DDX24,K562,chr3:184166270:C:A,0,3,0.23279762268066406,modal,cuda,LARP4:HepG2
DDX24,K562,chr3:184166530:T:C,0,3,0.3317227363586426,modal,cuda,LARP4:HepG2
DDX24,K562,chr3:194427078:G:A,0,3,1.3357187509536743,modal,cuda,LARP4:HepG2
DDX24,K562,chr3:194427130:C:T,0,3,2.057556629180908,modal,cuda,LARP4:HepG2
DDX24,K562,chr3:194431876:A:G,0,3,-0.5478835105895996,modal,cuda,LARP4:HepG2
DDX24,K562,chr3:194438909:G:A,0,3,0.32032498717308044,modal,cuda,LARP4:HepG2
DDX24,K562,chr3:194438916:T:C,0,3,0.860882043838501,modal,cuda,LARP4:HepG2
DDX24,K562,chr3:194438977:A:G,0,3,0.14052200317382812,modal,cuda,LARP4:HepG2
DDX24,K562,chr3:194438985:A:G,0,3,-0.6939746141433716,modal,cuda,LARP4:HepG2
DDX24,K562,chr3:194455983:C:A,0,3,0.5678131580352783,modal,cuda,LARP4:HepG2
DDX24,K562,chr3:196055305:C:T,0,3,1.250910997390747,modal,cuda,LARP4:HepG2
DDX24,K562,chr3:196055306:A:G,0,3,2.4634742736816406,modal,cuda,LARP4:HepG2
DDX24,K562,chr3:196055313:C:T,0,3,-0.44645261764526367,modal,cuda,LARP4:HepG2
DDX24,K562,chr3:196055316:G:A,0,3,-0.36243414878845215,modal,cuda,LARP4:HepG2
DDX24,K562,chr3:196058376:A:G,0,3,0.30609285831451416,modal,cuda,LARP4:HepG2
DDX24,K562,chr3:196062837:G:T,0,3,0.6570312976837158,modal,cuda,LARP4:HepG2
DDX24,K562,chr3:196065426:G:C,0,3,-0.33572089672088623,modal,cuda,LARP4:HepG2
DDX24,K562,chr3:196065430:G:T,0,3,-0.18341803550720215,modal,cuda,LARP4:HepG2
DDX24,K562,chr3:196067669:A:C,0,3,3.944812774658203,modal,cuda,LARP4:HepG2
DDX24,K562,chr3:197138319:C:T,0,3,0.41456031799316406,modal,cuda,LARP4:HepG2
DDX24,K562,chr3:197138320:G:A,0,3,-0.5167490839958191,modal,cuda,LARP4:HepG2
DDX24,K562,chr3:197839383:T:C,0,3,-0.2983749210834503,modal,cuda,LARP4:HepG2
DDX24,K562,chr3:36996644:C:T,1,3,3.052316665649414,modal,cuda,LARP4:HepG2
DDX24,K562,chr3:36996648:T:A,1,3,0.15163898468017578,modal,cuda,LARP4:HepG2
DDX24,K562,chr3:36996659:G:T,1,3,2.609304904937744,modal,cuda,LARP4:HepG2
DDX24,K562,chr3:36996668:C:T,0,3,0.7560334205627441,modal,cuda,LARP4:HepG2
DDX24,K562,chr3:36996670:G:A,0,3,0.4936786890029907,modal,cuda,LARP4:HepG2
DDX24,K562,chr3:36996671:A:T,1,3,2.9755587577819824,modal,cuda,LARP4:HepG2
DDX24,K562,chr3:36996680:C:T,1,3,2.77803897857666,modal,cuda,LARP4:HepG2
DDX24,K562,chr3:36996686:C:T,1,3,1.8912956714630127,modal,cuda,LARP4:HepG2
DDX24,K562,chr3:36996691:C:A,1,3,-0.7914921045303345,modal,cuda,LARP4:HepG2
DDX24,K562,chr3:36996697:C:T,0,3,1.007383942604065,modal,cuda,LARP4:HepG2
DDX24,K562,chr3:36996701:G:A,1,3,0.4808610677719116,modal,cuda,LARP4:HepG2
DDX24,K562,chr3:36996701:G:T,1,3,0.812443733215332,modal,cuda,LARP4:HepG2
DDX24,K562,chr3:36996702:G:A,1,3,-0.7300434112548828,modal,cuda,LARP4:HepG2
DDX24,K562,chr3:36996710:G:C,1,3,2.1315784454345703,modal,cuda,LARP4:HepG2
DDX24,K562,chr3:36996711:T:G,1,3,3.034827947616577,modal,cuda,LARP4:HepG2
DDX24,K562,chr3:37000953:A:G,1,3,2.5529675483703613,modal,cuda,LARP4:HepG2
DDX24,K562,chr3:37000954:G:A,1,3,4.868281364440918,modal,cuda,LARP4:HepG2
DDX24,K562,chr3:37000958:G:T,1,3,5.226128101348877,modal,cuda,LARP4:HepG2
DDX24,K562,chr3:37000976:T:C,1,3,-2.5963404178619385,modal,cuda,LARP4:HepG2
DDX24,K562,chr3:37000977:G:A,1,3,-0.8513291478157043,modal,cuda,LARP4:HepG2
DDX24,K562,chr3:37000979:G:T,1,3,5.880214691162109,modal,cuda,LARP4:HepG2
DDX24,K562,chr3:37000992:C:T,1,3,0.17178523540496826,modal,cuda,LARP4:HepG2
DDX24,K562,chr3:37000997:A:T,1,3,3.4203944206237793,modal,cuda,LARP4:HepG2
DDX24,K562,chr3:37001003:C:T,1,3,3.488828182220459,modal,cuda,LARP4:HepG2
DDX24,K562,chr3:37001008:C:A,0,3,0.5804543495178223,modal,cuda,LARP4:HepG2
DDX24,K562,chr3:37001012:G:T,1,3,2.5424225330352783,modal,cuda,LARP4:HepG2
DDX24,K562,chr3:37001019:T:G,1,3,2.2543716430664062,modal,cuda,LARP4:HepG2
DDX24,K562,chr3:37001045:C:T,1,3,3.3286001682281494,modal,cuda,LARP4:HepG2
DDX24,K562,chr3:37001046:G:C,1,3,0.9651514291763306,modal,cuda,LARP4:HepG2
DDX24,K562,chr3:37001053:G:C,1,3,0.9914587140083313,modal,cuda,LARP4:HepG2
DDX24,K562,chr3:37001054:G:A,1,3,1.7472751140594482,modal,cuda,LARP4:HepG2
DDX24,K562,chr3:37001054:G:C,1,3,1.0294774770736694,modal,cuda,LARP4:HepG2
DDX24,K562,chr3:37001054:G:T,1,3,0.7434453964233398,modal,cuda,LARP4:HepG2
DDX24,K562,chr3:37001055:T:A,1,3,2.7390646934509277,modal,cuda,LARP4:HepG2
DDX24,K562,chr3:37001058:G:A,1,3,1.3442898988723755,modal,cuda,LARP4:HepG2
DDX24,K562,chr3:37006992:G:C,1,3,0.3203694820404053,modal,cuda,LARP4:HepG2
DDX24,K562,chr3:37007000:C:A,1,3,-0.5059090256690979,modal,cuda,LARP4:HepG2
DDX24,K562,chr3:37007000:C:G,1,3,0.3720858097076416,modal,cuda,LARP4:HepG2
DDX24,K562,chr3:37007002:C:A,1,3,-0.5481724739074707,modal,cuda,LARP4:HepG2
DDX24,K562,chr3:37007002:C:G,1,3,-0.6410850286483765,modal,cuda,LARP4:HepG2
DDX24,K562,chr3:37007004:G:C,0,3,0.6136548519134521,modal,cuda,LARP4:HepG2
DDX24,K562,chr3:37007007:G:T,1,3,1.2304649353027344,modal,cuda,LARP4:HepG2
DDX24,K562,chr3:37007016:A:T,1,3,-0.7266569137573242,modal,cuda,LARP4:HepG2
DDX24,K562,chr3:37007028:A:T,1,3,1.0906487703323364,modal,cuda,LARP4:HepG2
DDX24,K562,chr3:37007039:T:G,0,3,-0.6143412590026855,modal,cuda,LARP4:HepG2
DDX24,K562,chr3:37007042:C:G,0,3,-0.31772565841674805,modal,cuda,LARP4:HepG2
DDX24,K562,chr3:37007046:C:T,1,3,0.781198263168335,modal,cuda,LARP4:HepG2
DDX24,K562,chr3:37007055:C:T,1,3,0.8159761428833008,modal,cuda,LARP4:HepG2
DDX24,K562,chr3:37008874:G:T,1,3,3.5395102500915527,modal,cuda,LARP4:HepG2
DDX24,K562,chr3:37008879:T:A,1,3,2.65878963470459,modal,cuda,LARP4:HepG2
DDX24,K562,chr3:37008903:C:T,1,3,-0.8520020246505737,modal,cuda,LARP4:HepG2
DDX24,K562,chr3:37008904:A:G,1,3,1.770352840423584,modal,cuda,LARP4:HepG2
DDX24,K562,chr3:37008905:G:A,1,3,1.6813308000564575,modal,cuda,LARP4:HepG2
DDX24,K562,chr3:37008907:T:A,1,3,3.3918209075927734,modal,cuda,LARP4:HepG2
DDX24,K562,chr3:37008907:T:C,1,3,3.4698078632354736,modal,cuda,LARP4:HepG2
DDX24,K562,chr3:37008908:A:G,1,3,3.3745996952056885,modal,cuda,LARP4:HepG2
DDX24,K562,chr3:37008925:A:T,0,3,-0.3392922878265381,modal,cuda,LARP4:HepG2
DDX24,K562,chr3:37011823:T:G,1,3,0.5968127250671387,modal,cuda,LARP4:HepG2
DDX24,K562,chr3:37011825:C:G,1,3,0.34987080097198486,modal,cuda,LARP4:HepG2
DDX24,K562,chr3:37011828:T:G,1,3,1.2724148035049438,modal,cuda,LARP4:HepG2
DDX24,K562,chr3:37011852:C:G,1,3,-1.4244791269302368,modal,cuda,LARP4:HepG2
DDX24,K562,chr3:37011860:A:T,1,3,0.974993109703064,modal,cuda,LARP4:HepG2
DDX24,K562,chr3:37011867:G:A,1,3,1.3991016149520874,modal,cuda,LARP4:HepG2
DDX24,K562,chr3:37011873:G:C,0,3,-0.4437577724456787,modal,cuda,LARP4:HepG2
DDX24,K562,chr3:38009716:G:A,0,3,-0.17087483406066895,modal,cuda,LARP4:HepG2
DDX24,K562,chr3:38009720:G:A,0,3,-0.3070647716522217,modal,cuda,LARP4:HepG2
DDX24,K562,chr3:38129319:C:G,0,3,0.25975751876831055,modal,cuda,LARP4:HepG2
DDX24,K562,chr3:38129373:G:A,0,3,-0.4903155565261841,modal,cuda,LARP4:HepG2
DDX24,K562,chr3:42188999:C:T,0,3,-1.268847942352295,modal,cuda,LARP4:HepG2
DDX24,K562,chr3:42193853:G:A,0,3,0.28136444091796875,modal,cuda,LARP4:HepG2
DDX24,K562,chr3:43565644:T:C,0,3,0.1764851212501526,modal,cuda,LARP4:HepG2
DDX24,K562,chr3:43576710:C:A,1,3,3.041768789291382,modal,cuda,LARP4:HepG2
DDX24,K562,chr3:43576722:G:A,1,3,2.0239644050598145,modal,cuda,LARP4:HepG2
DDX24,K562,chr3:43576788:T:C,0,3,-0.427154541015625,modal,cuda,LARP4:HepG2
DDX24,K562,chr3:4658283:C:G,0,3,-0.4758133888244629,modal,cuda,LARP4:HepG2
DDX24,K562,chr3:47007225:C:T,0,3,-0.7347350120544434,modal,cuda,LARP4:HepG2
DDX24,K562,chr3:47977856:A:C,0,3,0.32874107360839844,modal,cuda,LARP4:HepG2
DDX24,K562,chr3:48628021:G:A,0,3,0.7803046703338623,modal,cuda,LARP4:HepG2
DDX24,K562,chr3:49100579:C:T,1,3,0.5354671478271484,modal,cuda,LARP4:HepG2
DDX24,K562,chr3:49101858:G:A,0,3,0.7407760620117188,modal,cuda,LARP4:HepG2
DDX24,K562,chr3:52408610:G:A,0,3,0.5651271343231201,modal,cuda,LARP4:HepG2
DDX24,K562,chr3:52408611:G:A,0,3,0.49579858779907227,modal,cuda,LARP4:HepG2
DDX24,K562,chr3:9684571:C:T,0,3,0.5684800148010254,modal,cuda,LARP4:HepG2
DDX24,K562,chr3:9688681:G:A,0,3,0.9365940093994141,modal,cuda,LARP4:HepG2
DDX24,K562,chr3:9688993:G:A,0,3,-0.3559248447418213,modal,cuda,LARP4:HepG2
DDX24,K562,chr3:9924216:T:G,0,3,1.792117953300476,modal,cuda,LARP4:HepG2
DDX24,K562,chr3:9924243:G:C,0,3,0.43157848715782166,modal,cuda,LARP4:HepG2
DDX24,K562,chr3:9928162:C:T,0,3,-0.2768672704696655,modal,cuda,LARP4:HepG2
DDX24,K562,chr3:9928227:C:T,0,3,-0.20055699348449707,modal,cuda,LARP4:HepG2
DDX24,K562,chr3:9928231:C:T,0,3,-0.17830610275268555,modal,cuda,LARP4:HepG2
DDX24,K562,chr3:9928289:T:C,0,3,0.3114199638366699,modal,cuda,LARP4:HepG2
DDX24,K562,chr3:9938029:C:G,0,3,-0.4111626148223877,modal,cuda,LARP4:HepG2
DDX24,K562,chr3:9938045:G:A,1,3,-0.7612830400466919,modal,cuda,LARP4:HepG2
DDX24,K562,chr3:9941222:G:A,0,3,0.1607670783996582,modal,cuda,LARP4:HepG2
DDX24,K562,chr3:9943122:G:T,1,3,0.5424178838729858,modal,cuda,LARP4:HepG2
DDX24,K562,chr3:9943412:G:A,0,3,0.20379242300987244,modal,cuda,LARP4:HepG2
DDX24,K562,chr3:9943445:C:A,0,3,-0.2136940360069275,modal,cuda,LARP4:HepG2
DDX24,K562,chr4:1000901:C:T,0,1,0.37921667098999023,modal,cuda,LARP4:HepG2
DDX24,K562,chr4:1000953:A:T,1,1,-1.9520671367645264,modal,cuda,LARP4:HepG2
DDX24,K562,chr4:1001194:G:A,0,1,-0.11760276556015015,modal,cuda,LARP4:HepG2
DDX24,K562,chr4:1003307:T:C,0,1,-0.585994303226471,modal,cuda,LARP4:HepG2
DDX24,K562,chr4:118815021:T:C,0,1,0.8292819857597351,modal,cuda,LARP4:HepG2
DDX24,K562,chr4:150844091:G:A,0,1,0.1282404661178589,modal,cuda,LARP4:HepG2
DDX24,K562,chr4:150872652:G:A,0,1,0.6216802000999451,modal,cuda,LARP4:HepG2
DDX24,K562,chr4:150929074:G:A,0,1,0.049811482429504395,modal,cuda,LARP4:HepG2
DDX24,K562,chr4:169588686:G:A,1,1,0.399128258228302,modal,cuda,LARP4:HepG2
DDX24,K562,chr4:1730877:G:C,0,1,0.2503242492675781,modal,cuda,LARP4:HepG2
DDX24,K562,chr4:1802097:C:G,0,1,-0.4065168499946594,modal,cuda,LARP4:HepG2
DDX24,K562,chr4:1802199:T:C,0,1,0.29997968673706055,modal,cuda,LARP4:HepG2
DDX24,K562,chr4:1804844:G:A,0,1,0.2549334764480591,modal,cuda,LARP4:HepG2
DDX24,K562,chr4:1805790:C:T,0,1,-0.20066595077514648,modal,cuda,LARP4:HepG2
DDX24,K562,chr4:1805823:G:A,0,1,-1.7512726783752441,modal,cuda,LARP4:HepG2
DDX24,K562,chr4:1807446:C:T,0,1,-0.4029264450073242,modal,cuda,LARP4:HepG2
DDX24,K562,chr4:1904379:G:C,1,1,2.454214096069336,modal,cuda,LARP4:HepG2
DDX24,K562,chr4:1952088:C:T,0,1,0.22240543365478516,modal,cuda,LARP4:HepG2
DDX24,K562,chr4:1952089:G:A,0,1,-0.13921356201171875,modal,cuda,LARP4:HepG2
DDX24,K562,chr4:1953320:T:C,0,1,0.5116966962814331,modal,cuda,LARP4:HepG2
DDX24,K562,chr4:1955864:A:C,0,1,0.4943477511405945,modal,cuda,LARP4:HepG2
DDX24,K562,chr4:1956205:A:G,0,1,-0.4820132255554199,modal,cuda,LARP4:HepG2
DDX24,K562,chr4:1958042:G:A,0,1,0.3714478015899658,modal,cuda,LARP4:HepG2
DDX24,K562,chr4:2663247:A:G,0,1,0.9902575612068176,modal,cuda,LARP4:HepG2
DDX24,K562,chr4:47885519:T:C,0,1,-1.0524988174438477,modal,cuda,LARP4:HepG2
DDX24,K562,chr4:47885974:G:A,0,1,0.2960525155067444,modal,cuda,LARP4:HepG2
DDX24,K562,chr4:80008502:G:C,0,1,0.3239550292491913,modal,cuda,LARP4:HepG2
DDX24,K562,chr4:80069511:C:T,0,1,-0.31510305404663086,modal,cuda,LARP4:HepG2
DDX24,K562,chr4:82872090:A:C,0,1,-0.2951192855834961,modal,cuda,LARP4:HepG2
DDX24,K562,chr5:126819073:T:C,1,1,1.1133928298950195,modal,cuda,LARP4:HepG2
DDX24,K562,chr5:146120521:A:C,0,1,0.6975487470626831,modal,cuda,LARP4:HepG2
DDX24,K562,chr5:146157709:A:T,0,1,0.8192044496536255,modal,cuda,LARP4:HepG2
DDX24,K562,chr5:146164483:G:A,0,1,-0.5785120725631714,modal,cuda,LARP4:HepG2
DDX24,K562,chr5:146168206:T:C,0,1,-0.299102783203125,modal,cuda,LARP4:HepG2
DDX24,K562,chr5:146168276:T:C,0,1,-0.23853254318237305,modal,cuda,LARP4:HepG2
DDX24,K562,chr5:146171902:G:A,0,1,-0.1902095079421997,modal,cuda,LARP4:HepG2
DDX24,K562,chr5:146171959:T:C,0,1,0.15453839302062988,modal,cuda,LARP4:HepG2
DDX24,K562,chr5:146172783:C:A,0,1,-1.0004277229309082,modal,cuda,LARP4:HepG2
DDX24,K562,chr5:150361143:T:C,0,1,0.5314492583274841,modal,cuda,LARP4:HepG2
DDX24,K562,chr5:150375563:C:T,0,1,0.3340266942977905,modal,cuda,LARP4:HepG2
DDX24,K562,chr5:169671117:A:G,0,1,-0.4624832272529602,modal,cuda,LARP4:HepG2
DDX24,K562,chr5:169700093:C:A,0,1,0.14322929084300995,modal,cuda,LARP4:HepG2
DDX24,K562,chr5:177490914:G:A,0,1,-0.3719162940979004,modal,cuda,LARP4:HepG2
DDX24,K562,chr5:179618141:G:A,0,1,0.4134714603424072,modal,cuda,LARP4:HepG2
DDX24,K562,chr5:41842686:G:A,0,1,0.3778676986694336,modal,cuda,LARP4:HepG2
DDX24,K562,chr5:41842690:C:T,1,1,-0.496955931186676,modal,cuda,LARP4:HepG2
DDX24,K562,chr5:41842697:G:A,1,1,1.5653736591339111,modal,cuda,LARP4:HepG2
DDX24,K562,chr5:6611712:G:A,0,1,-0.42980653047561646,modal,cuda,LARP4:HepG2
DDX24,K562,chr5:6611749:C:T,1,1,1.699631690979004,modal,cuda,LARP4:HepG2
DDX24,K562,chr5:6616737:T:C,0,1,-0.36537158489227295,modal,cuda,LARP4:HepG2
DDX24,K562,chr5:6616795:T:G,1,1,1.23460054397583,modal,cuda,LARP4:HepG2
DDX24,K562,chr5:78156252:A:G,1,1,3.188465118408203,modal,cuda,LARP4:HepG2
DDX24,K562,chr5:78228133:C:T,0,1,-1.358140468597412,modal,cuda,LARP4:HepG2
DDX24,K562,chr5:90705508:C:A,1,1,-3.036862850189209,modal,cuda,LARP4:HepG2
DDX24,K562,chr5:90705528:G:T,1,1,-2.1472086906433105,modal,cuda,LARP4:HepG2
DDX24,K562,chr5:90705551:T:G,0,1,-0.5227541327476501,modal,cuda,LARP4:HepG2
DDX24,K562,chr6:104796938:T:C,0,3,0.3130836486816406,modal,cuda,LARP4:HepG2
DDX24,K562,chr6:104796988:G:A,1,3,-3.1977715492248535,modal,cuda,LARP4:HepG2
DDX24,K562,chr6:104843270:C:A,1,3,-1.3068711757659912,modal,cuda,LARP4:HepG2
DDX24,K562,chr6:157936048:C:T,0,3,-0.30309927463531494,modal,cuda,LARP4:HepG2
DDX24,K562,chr6:30914857:C:T,0,3,0.35182639956474304,modal,cuda,LARP4:HepG2
DDX24,K562,chr6:30914912:C:T,0,3,-0.5777559280395508,modal,cuda,LARP4:HepG2
DDX24,K562,chr6:30921056:T:C,0,3,0.9248182773590088,modal,cuda,LARP4:HepG2
DDX24,K562,chr6:30922429:T:C,0,3,0.31798648834228516,modal,cuda,LARP4:HepG2
DDX24,K562,chr6:31536689:G:A,0,3,-0.6566078662872314,modal,cuda,LARP4:HepG2
DDX24,K562,chr6:31636058:C:T,0,3,0.5227208137512207,modal,cuda,LARP4:HepG2
DDX24,K562,chr6:31687869:G:A,1,3,2.619293451309204,modal,cuda,LARP4:HepG2
DDX24,K562,chr6:31688737:C:T,0,3,0.22776412963867188,modal,cuda,LARP4:HepG2
DDX24,K562,chr6:31742911:G:A,0,3,0.7489876747131348,modal,cuda,LARP4:HepG2
DDX24,K562,chr6:31759476:G:T,1,3,0.4040660262107849,modal,cuda,LARP4:HepG2
DDX24,K562,chr6:31760120:C:T,0,3,0.342778742313385,modal,cuda,LARP4:HepG2
DDX24,K562,chr6:31761582:A:G,0,3,1.4936567544937134,modal,cuda,LARP4:HepG2
DDX24,K562,chr6:31762148:C:T,0,3,0.11968135833740234,modal,cuda,LARP4:HepG2
DDX24,K562,chr6:31881061:C:A,1,3,0.5292778015136719,modal,cuda,LARP4:HepG2
DDX24,K562,chr6:31881061:C:T,1,3,-0.33122384548187256,modal,cuda,LARP4:HepG2
DDX24,K562,chr6:31961035:C:G,0,3,0.8537216186523438,modal,cuda,LARP4:HepG2
DDX24,K562,chr6:32974487:T:C,0,3,-0.48398077487945557,modal,cuda,LARP4:HepG2
DDX24,K562,chr6:32974500:G:A,0,3,0.27775025367736816,modal,cuda,LARP4:HepG2
DDX24,K562,chr6:32976246:C:G,0,3,0.5003622770309448,modal,cuda,LARP4:HepG2
DDX24,K562,chr6:32977753:G:C,0,3,0.35292351245880127,modal,cuda,LARP4:HepG2
DDX24,K562,chr6:33297068:G:A,0,3,0.8080174922943115,modal,cuda,LARP4:HepG2
DDX24,K562,chr6:33440713:C:T,0,3,-0.23578619956970215,modal,cuda,LARP4:HepG2
DDX24,K562,chr6:33440726:C:G,1,3,3.127000570297241,modal,cuda,LARP4:HepG2
DDX24,K562,chr6:33685103:G:A,0,3,0.3009412884712219,modal,cuda,LARP4:HepG2
DDX24,K562,chr6:33685166:C:A,0,3,-0.24007707834243774,modal,cuda,LARP4:HepG2
DDX24,K562,chr6:43046422:G:C,0,3,-0.7148903608322144,modal,cuda,LARP4:HepG2
DDX24,K562,chr6:43046495:G:A,0,3,0.5422880053520203,modal,cuda,LARP4:HepG2
DDX24,K562,chr6:43527615:G:A,0,3,0.32544374465942383,modal,cuda,LARP4:HepG2
DDX24,K562,chr6:43565668:G:A,0,3,0.2900354862213135,modal,cuda,LARP4:HepG2
DDX24,K562,chr6:43626216:G:C,0,3,0.172066330909729,modal,cuda,LARP4:HepG2
DDX24,K562,chr6:44231359:C:T,0,3,-1.1237521171569824,modal,cuda,LARP4:HepG2
DDX24,K562,chr6:53276167:A:G,0,3,0.26914262771606445,modal,cuda,LARP4:HepG2
DDX24,K562,chr6:79016535:A:T,0,3,-0.3729679584503174,modal,cuda,LARP4:HepG2
DDX24,K562,chr6:79019166:T:C,0,3,0.7893574833869934,modal,cuda,LARP4:HepG2
DDX24,K562,chr6:79025924:T:C,0,3,-0.4497499167919159,modal,cuda,LARP4:HepG2
DDX24,K562,chr6:79060464:C:G,0,3,0.5578584671020508,modal,cuda,LARP4:HepG2
DDX24,K562,chr6:79077837:C:T,0,3,0.08520585298538208,modal,cuda,LARP4:HepG2
DDX24,K562,chr6:79078019:C:T,0,3,0.33620309829711914,modal,cuda,LARP4:HepG2
DDX24,K562,chr6:80203114:C:T,1,3,1.397402048110962,modal,cuda,LARP4:HepG2
DDX24,K562,chr6:80203193:A:T,1,3,-0.20837116241455078,modal,cuda,LARP4:HepG2
DDX24,K562,chr7:100577077:G:A,0,2,0.21984004974365234,modal,cuda,LARP4:HepG2
DDX24,K562,chr7:100628208:C:T,0,2,1.3850009441375732,modal,cuda,LARP4:HepG2
DDX24,K562,chr7:100632995:A:T,0,2,-0.45346903800964355,modal,cuda,LARP4:HepG2
DDX24,K562,chr7:100686291:T:C,0,2,-0.7663266658782959,modal,cuda,LARP4:HepG2
DDX24,K562,chr7:100687818:C:G,0,2,-0.6478816270828247,modal,cuda,LARP4:HepG2
DDX24,K562,chr7:100688089:G:A,0,2,0.4591972827911377,modal,cuda,LARP4:HepG2
DDX24,K562,chr7:105546937:C:T,0,2,0.6972136497497559,modal,cuda,LARP4:HepG2
DDX24,K562,chr7:107258276:T:C,0,2,0.2471904754638672,modal,cuda,LARP4:HepG2
DDX24,K562,chr7:107258332:G:A,1,2,3.0301740169525146,modal,cuda,LARP4:HepG2
DDX24,K562,chr7:107283555:T:C,0,2,0.48288047313690186,modal,cuda,LARP4:HepG2
DDX24,K562,chr7:107362361:A:G,0,2,0.47664690017700195,modal,cuda,LARP4:HepG2
DDX24,K562,chr7:107362409:G:A,1,2,2.2790212631225586,modal,cuda,LARP4:HepG2
DDX24,K562,chr7:107372598:T:A,1,2,-1.6323161125183105,modal,cuda,LARP4:HepG2
DDX24,K562,chr7:107372619:G:A,1,2,1.6542150974273682,modal,cuda,LARP4:HepG2
DDX24,K562,chr7:107527288:G:A,1,2,-2.108760118484497,modal,cuda,LARP4:HepG2
DDX24,K562,chr7:107548274:G:T,0,2,-1.1888635158538818,modal,cuda,LARP4:HepG2
DDX24,K562,chr7:107548350:T:C,0,2,0.5697635412216187,modal,cuda,LARP4:HepG2
DDX24,K562,chr7:127701159:C:T,0,2,-1.0486844778060913,modal,cuda,LARP4:HepG2
DDX24,K562,chr7:128851443:C:T,0,2,-0.8420738577842712,modal,cuda,LARP4:HepG2
DDX24,K562,chr7:128851464:C:A,1,2,-1.0923312902450562,modal,cuda,LARP4:HepG2
DDX24,K562,chr7:139259375:G:A,0,2,0.7857778072357178,modal,cuda,LARP4:HepG2
DDX24,K562,chr7:140351264:G:A,0,2,0.5586738586425781,modal,cuda,LARP4:HepG2
DDX24,K562,chr7:140351316:G:A,0,2,1.6804804801940918,modal,cuda,LARP4:HepG2
DDX24,K562,chr7:140369626:G:T,0,2,-1.4834747314453125,modal,cuda,LARP4:HepG2
DDX24,K562,chr7:142943600:T:A,0,2,1.7447912693023682,modal,cuda,LARP4:HepG2
DDX24,K562,chr7:143291552:G:A,0,2,-0.8668766021728516,modal,cuda,LARP4:HepG2
DDX24,K562,chr7:1435155:G:A,0,2,0.13495612144470215,modal,cuda,LARP4:HepG2
DDX24,K562,chr7:148828887:C:T,0,2,0.8672362565994263,modal,cuda,LARP4:HepG2
DDX24,K562,chr7:150948412:G:C,0,2,0.7491626739501953,modal,cuda,LARP4:HepG2
DDX24,K562,chr7:150948954:T:A,1,2,-1.6591291427612305,modal,cuda,LARP4:HepG2
DDX24,K562,chr7:150948971:G:A,1,2,-1.0277608633041382,modal,cuda,LARP4:HepG2
DDX24,K562,chr7:150949031:C:G,1,2,-0.402263879776001,modal,cuda,LARP4:HepG2
DDX24,K562,chr7:150951022:C:A,1,2,-0.708928108215332,modal,cuda,LARP4:HepG2
DDX24,K562,chr7:150951076:G:A,1,2,-1.0940760374069214,modal,cuda,LARP4:HepG2
DDX24,K562,chr7:150951080:G:A,0,2,-0.35272955894470215,modal,cuda,LARP4:HepG2
DDX24,K562,chr7:152235812:C:A,0,2,2.8910722732543945,modal,cuda,LARP4:HepG2
DDX24,K562,chr7:152309960:A:G,0,2,2.095787286758423,modal,cuda,LARP4:HepG2
DDX24,K562,chr7:152309963:T:C,0,2,0.9941484928131104,modal,cuda,LARP4:HepG2
DDX24,K562,chr7:156725498:G:A,0,2,-0.5563123226165771,modal,cuda,LARP4:HepG2
DDX24,K562,chr7:156725501:G:A,0,2,1.0020394325256348,modal,cuda,LARP4:HepG2
DDX24,K562,chr7:156796455:A:G,0,2,0.24473905563354492,modal,cuda,LARP4:HepG2
DDX24,K562,chr7:158655163:T:G,0,2,0.3816719949245453,modal,cuda,LARP4:HepG2
DDX24,K562,chr7:158656612:C:T,0,2,0.4607071876525879,modal,cuda,LARP4:HepG2
DDX24,K562,chr7:158664658:A:G,0,2,0.6019759178161621,modal,cuda,LARP4:HepG2
DDX24,K562,chr7:158664766:A:G,0,2,2.2521567344665527,modal,cuda,LARP4:HepG2
DDX24,K562,chr7:158913110:C:G,0,2,0.9303361177444458,modal,cuda,LARP4:HepG2
DDX24,K562,chr7:158914230:T:A,1,2,0.6894421577453613,modal,cuda,LARP4:HepG2
DDX24,K562,chr7:158914326:A:G,0,2,-1.6023201942443848,modal,cuda,LARP4:HepG2
DDX24,K562,chr7:158914340:T:C,0,2,-1.0770478248596191,modal,cuda,LARP4:HepG2
DDX24,K562,chr7:158926393:C:T,0,2,-1.4816102981567383,modal,cuda,LARP4:HepG2
DDX24,K562,chr7:2540935:C:T,0,2,0.5211384296417236,modal,cuda,LARP4:HepG2
DDX24,K562,chr7:2540979:C:G,1,2,3.4238431453704834,modal,cuda,LARP4:HepG2
DDX24,K562,chr7:2540979:C:T,1,2,3.117198944091797,modal,cuda,LARP4:HepG2
DDX24,K562,chr7:44118068:G:A,0,2,-0.294846773147583,modal,cuda,LARP4:HepG2
DDX24,K562,chr7:5216554:C:T,0,2,0.32126665115356445,modal,cuda,LARP4:HepG2
DDX24,K562,chr7:6048789:A:G,0,2,0.8637548089027405,modal,cuda,LARP4:HepG2
DDX24,K562,chr7:66086834:C:T,0,2,-0.8214547038078308,modal,cuda,LARP4:HepG2
DDX24,K562,chr7:66086944:T:C,0,2,-0.5189557075500488,modal,cuda,LARP4:HepG2
DDX24,K562,chr7:851454:G:A,0,2,0.5225904583930969,modal,cuda,LARP4:HepG2
DDX24,K562,chr7:851463:G:T,0,2,1.1065458059310913,modal,cuda,LARP4:HepG2
DDX24,K562,chr7:851941:C:A,0,2,1.0115841627120972,modal,cuda,LARP4:HepG2
DDX24,K562,chr7:851999:G:A,0,2,0.1302419900894165,modal,cuda,LARP4:HepG2
DDX24,K562,chr7:852779:C:A,0,2,1.0756739377975464,modal,cuda,LARP4:HepG2
DDX24,K562,chr7:852795:G:A,0,2,-1.7530324459075928,modal,cuda,LARP4:HepG2
DDX24,K562,chr7:852798:C:G,0,2,0.5058701038360596,modal,cuda,LARP4:HepG2
DDX24,K562,chr7:853488:A:G,0,2,-0.6632654666900635,modal,cuda,LARP4:HepG2
DDX24,K562,chr7:855021:C:G,0,2,0.27928704023361206,modal,cuda,LARP4:HepG2
DDX24,K562,chr7:855021:C:T,0,2,-0.42396485805511475,modal,cuda,LARP4:HepG2
DDX24,K562,chr7:857855:A:G,0,2,3.5640366077423096,modal,cuda,LARP4:HepG2
DDX24,K562,chr7:857859:G:A,0,2,-0.4788355231285095,modal,cuda,LARP4:HepG2
DDX24,K562,chr7:860183:G:T,0,2,-0.5015871524810791,modal,cuda,LARP4:HepG2
DDX24,K562,chr7:869411:G:A,0,2,-0.1900014877319336,modal,cuda,LARP4:HepG2
DDX24,K562,chr7:869435:C:T,0,2,1.1132161617279053,modal,cuda,LARP4:HepG2
DDX24,K562,chr7:869482:A:G,0,2,0.27300602197647095,modal,cuda,LARP4:HepG2
DDX24,K562,chr7:869529:G:A,0,2,0.3552417755126953,modal,cuda,LARP4:HepG2
DDX24,K562,chr7:869533:G:A,0,2,0.2142735719680786,modal,cuda,LARP4:HepG2
DDX24,K562,chr7:872451:T:C,0,2,0.3265703022480011,modal,cuda,LARP4:HepG2
DDX24,K562,chr7:92045220:G:C,0,2,-1.0170211791992188,modal,cuda,LARP4:HepG2
DDX24,K562,chr7:92225703:A:G,0,2,-0.3543584644794464,modal,cuda,LARP4:HepG2
DDX24,K562,chr7:98897877:C:T,0,2,0.8753873109817505,modal,cuda,LARP4:HepG2
DDX24,K562,chr7:98956551:T:C,0,2,0.5375264883041382,modal,cuda,LARP4:HepG2
DDX24,K562,chr8:102270190:G:T,0,0,0.8691485524177551,modal,cuda,LARP4:HepG2
DDX24,K562,chr8:140535542:C:G,1,0,-0.5723488926887512,modal,cuda,LARP4:HepG2
DDX24,K562,chr8:143931528:C:T,0,0,0.3341301679611206,modal,cuda,LARP4:HepG2
DDX24,K562,chr8:143934106:C:T,0,0,-0.5747898817062378,modal,cuda,LARP4:HepG2
DDX24,K562,chr8:143935188:G:A,0,0,-0.11047863960266113,modal,cuda,LARP4:HepG2
DDX24,K562,chr8:143935838:G:A,0,0,-0.49176865816116333,modal,cuda,LARP4:HepG2
DDX24,K562,chr8:143937152:C:T,0,0,0.08344411849975586,modal,cuda,LARP4:HepG2
DDX24,K562,chr8:143937258:G:C,0,0,0.15791797637939453,modal,cuda,LARP4:HepG2
DDX24,K562,chr8:144057928:G:A,0,0,0.5520682334899902,modal,cuda,LARP4:HepG2
DDX24,K562,chr8:144085569:A:G,0,0,-0.1619272232055664,modal,cuda,LARP4:HepG2
DDX24,K562,chr8:144317121:G:A,0,0,-0.2150893211364746,modal,cuda,LARP4:HepG2
DDX24,K562,chr8:144438635:G:A,0,0,-0.19390439987182617,modal,cuda,LARP4:HepG2
DDX24,K562,chr8:144515210:G:A,1,0,3.8715145587921143,modal,cuda,LARP4:HepG2
DDX24,K562,chr8:144515746:C:T,0,0,0.3394503593444824,modal,cuda,LARP4:HepG2
DDX24,K562,chr8:144515758:T:A,0,0,-1.60946524143219,modal,cuda,LARP4:HepG2
DDX24,K562,chr8:144515800:G:A,1,0,-2.0754103660583496,modal,cuda,LARP4:HepG2
DDX24,K562,chr8:20210652:T:G,0,0,1.9943304061889648,modal,cuda,LARP4:HepG2
DDX24,K562,chr8:20211172:A:G,0,0,-0.8258206844329834,modal,cuda,LARP4:HepG2
DDX24,K562,chr8:22616007:A:G,0,0,-0.1637578010559082,modal,cuda,LARP4:HepG2
DDX24,K562,chr8:23028507:A:G,0,0,-0.6709617376327515,modal,cuda,LARP4:HepG2
DDX24,K562,chr8:27520878:C:T,0,0,-1.044922113418579,modal,cuda,LARP4:HepG2
DDX24,K562,chr8:27525384:C:T,0,0,-0.6271215677261353,modal,cuda,LARP4:HepG2
DDX24,K562,chr8:27538691:G:A,0,0,-1.6698118448257446,modal,cuda,LARP4:HepG2
DDX24,K562,chr8:31088887:C:A,0,0,2.558621406555176,modal,cuda,LARP4:HepG2
DDX24,K562,chr8:31090556:T:A,0,0,0.971542239189148,modal,cuda,LARP4:HepG2
DDX24,K562,chr8:41612000:C:T,0,0,0.31386828422546387,modal,cuda,LARP4:HepG2
DDX24,K562,chr8:41672445:C:A,1,0,-4.385195255279541,modal,cuda,LARP4:HepG2
DDX24,K562,chr8:41695168:C:G,0,0,0.22507399320602417,modal,cuda,LARP4:HepG2
DDX24,K562,chr8:42293532:T:G,0,0,0.8929864168167114,modal,cuda,LARP4:HepG2
DDX24,K562,chr8:42308940:G:A,1,0,-0.23388409614562988,modal,cuda,LARP4:HepG2
DDX24,K562,chr8:47962049:A:G,0,0,-0.6816649436950684,modal,cuda,LARP4:HepG2
DDX24,K562,chr8:99013850:T:G,1,0,-3.804288864135742,modal,cuda,LARP4:HepG2
DDX24,K562,chr8:99013930:G:T,1,0,3.0177626609802246,modal,cuda,LARP4:HepG2
DDX24,K562,chr8:99013933:C:T,1,0,1.6427198648452759,modal,cuda,LARP4:HepG2
DDX24,K562,chr8:99038429:A:T,1,0,-1.1540091037750244,modal,cuda,LARP4:HepG2
DDX24,K562,chr8:99038453:G:T,1,0,2.3284478187561035,modal,cuda,LARP4:HepG2
DDX24,K562,chr8:99121218:C:T,1,0,4.387057781219482,modal,cuda,LARP4:HepG2
DDX24,K562,chr8:99121273:G:A,1,0,1.236371636390686,modal,cuda,LARP4:HepG2
DDX24,K562,chr8:99121282:G:A,1,0,-1.4156019687652588,modal,cuda,LARP4:HepG2
DDX24,K562,chr9:108912460:A:C,1,4,1.045257806777954,modal,cuda,LARP4:HepG2
DDX24,K562,chr9:108926548:C:T,0,4,1.011129379272461,modal,cuda,LARP4:HepG2
DDX24,K562,chr9:120470214:G:C,1,4,-0.9335646629333496,modal,cuda,LARP4:HepG2
DDX24,K562,chr9:120530076:C:A,1,4,-1.3244554996490479,modal,cuda,LARP4:HepG2
DDX24,K562,chr9:120530103:C:A,1,4,-2.0811827182769775,modal,cuda,LARP4:HepG2
DDX24,K562,chr9:120545742:C:A,1,4,2.4725966453552246,modal,cuda,LARP4:HepG2
DDX24,K562,chr9:120545794:C:T,0,4,-0.8484234809875488,modal,cuda,LARP4:HepG2
DDX24,K562,chr9:120579981:C:A,0,4,2.1288208961486816,modal,cuda,LARP4:HepG2
DDX24,K562,chr9:120579997:A:G,0,4,0.4474421739578247,modal,cuda,LARP4:HepG2
DDX24,K562,chr9:124890381:G:C,0,4,1.086600661277771,modal,cuda,LARP4:HepG2
DDX24,K562,chr9:127787511:C:T,0,4,0.564024031162262,modal,cuda,LARP4:HepG2
DDX24,K562,chr9:128176337:G:A,0,4,-0.2355666160583496,modal,cuda,LARP4:HepG2
DDX24,K562,chr9:128177787:C:T,0,4,-1.5834163427352905,modal,cuda,LARP4:HepG2
DDX24,K562,chr9:128178351:A:G,0,4,0.40567660331726074,modal,cuda,LARP4:HepG2
DDX24,K562,chr9:128179427:C:A,0,4,-0.6345409154891968,modal,cuda,LARP4:HepG2
DDX24,K562,chr9:128222864:C:T,0,4,0.6658504009246826,modal,cuda,LARP4:HepG2
DDX24,K562,chr9:128234113:C:T,0,4,1.0030848979949951,modal,cuda,LARP4:HepG2
DDX24,K562,chr9:128248566:T:C,0,4,0.5507985353469849,modal,cuda,LARP4:HepG2
DDX24,K562,chr9:128636064:T:A,0,4,-0.21165108680725098,modal,cuda,LARP4:HepG2
DDX24,K562,chr9:129049897:C:T,0,4,-0.1874004602432251,modal,cuda,LARP4:HepG2
DDX24,K562,chr9:129049921:C:T,0,4,-0.21395611763000488,modal,cuda,LARP4:HepG2
DDX24,K562,chr9:131513243:C:T,1,4,1.5090034008026123,modal,cuda,LARP4:HepG2
DDX24,K562,chr9:131513332:G:A,1,4,1.9570086002349854,modal,cuda,LARP4:HepG2
DDX24,K562,chr9:131519445:A:C,0,4,-1.3514482975006104,modal,cuda,LARP4:HepG2
DDX24,K562,chr9:131520187:G:A,0,4,-0.4522901773452759,modal,cuda,LARP4:HepG2
DDX24,K562,chr9:136461169:G:A,0,4,5.697324752807617,modal,cuda,LARP4:HepG2
DDX24,K562,chr9:137450159:G:A,0,4,-0.28237295150756836,modal,cuda,LARP4:HepG2
DDX24,K562,chr9:137450264:A:G,0,4,-0.36379939317703247,modal,cuda,LARP4:HepG2
DDX24,K562,chr9:35689952:A:T,0,4,0.20818215608596802,modal,cuda,LARP4:HepG2
DDX24,K562,chr9:35689953:A:T,0,4,1.3264288902282715,modal,cuda,LARP4:HepG2
DDX24,K562,chr9:35689954:A:T,0,4,-1.427957534790039,modal,cuda,LARP4:HepG2
DDX24,K562,chr9:5044540:C:T,0,4,-5.443388938903809,modal,cuda,LARP4:HepG2
DDX24,K562,chr9:5073742:G:C,1,4,0.8959016799926758,modal,cuda,LARP4:HepG2
DDX24,K562,chr9:5073770:G:A,1,4,-0.9266178607940674,modal,cuda,LARP4:HepG2
DDX24,K562,chr9:5073781:C:T,0,4,1.630768060684204,modal,cuda,LARP4:HepG2
DDX24,K562,chr9:5073799:C:T,0,4,-0.40908247232437134,modal,cuda,LARP4:HepG2
DDX24,K562,chr9:5089679:T:C,0,4,-2.2137489318847656,modal,cuda,LARP4:HepG2
DDX24,K562,chr9:5089688:T:C,0,4,-2.097414493560791,modal,cuda,LARP4:HepG2
DDX24,K562,chr9:69234419:C:G,0,4,-0.5892715454101562,modal,cuda,LARP4:HepG2
DDX24,K562,chr9:69238803:T:A,0,4,-1.0451136827468872,modal,cuda,LARP4:HepG2
DDX24,K562,chr9:73163535:A:G,0,4,3.5996031761169434,modal,cuda,LARP4:HepG2
DDX24,K562,chr9:83971865:C:A,0,4,-1.3457480669021606,modal,cuda,LARP4:HepG2
DDX24,K562,chr9:83971868:A:C,0,4,1.3830944299697876,modal,cuda,LARP4:HepG2
DDX24,K562,chr9:92247416:G:A,1,4,3.3736977577209473,modal,cuda,LARP4:HepG2
DDX24,K562,chr9:92247426:C:G,0,4,1.1620526313781738,modal,cuda,LARP4:HepG2
DDX24,K562,chr9:92247504:A:G,0,4,0.9159736633300781,modal,cuda,LARP4:HepG2
DDX24,K562,chr9:92258946:C:A,1,4,3.586191415786743,modal,cuda,LARP4:HepG2
DDX24,K562,chr9:92260132:G:A,0,4,-0.49944964051246643,modal,cuda,LARP4:HepG2
DDX24,K562,chr9:92264962:A:G,1,4,1.053323745727539,modal,cuda,LARP4:HepG2
DDX24,K562,chr9:92265060:C:G,0,4,1.9295058250427246,modal,cuda,LARP4:HepG2
DDX24,K562,chr9:92269899:A:G,0,4,0.3023042678833008,modal,cuda,LARP4:HepG2
DDX24,K562,chr9:92269937:G:A,1,4,2.2185537815093994,modal,cuda,LARP4:HepG2
DDX24,K562,chr9:92271034:G:A,1,4,4.981066703796387,modal,cuda,LARP4:HepG2
DDX24,K562,chr9:92271064:T:C,0,4,-0.9352948665618896,modal,cuda,LARP4:HepG2
DDX24,K562,chr9:92271537:A:C,1,4,4.565718173980713,modal,cuda,LARP4:HepG2
DDX24,K562,chr9:92274465:T:G,0,4,0.7551355361938477,modal,cuda,LARP4:HepG2
DDX24,K562,chr9:92274466:T:C,0,4,-0.32930660247802734,modal,cuda,LARP4:HepG2
DDX24,K562,chr9:92277848:G:A,0,4,-0.46693119406700134,modal,cuda,LARP4:HepG2
DDX24,K562,chr9:92278187:T:C,0,4,0.6988668441772461,modal,cuda,LARP4:HepG2
DDX24,K562,chr9:92278272:G:A,1,4,1.3734259605407715,modal,cuda,LARP4:HepG2
DDX24,K562,chrX:101370087:G:A,0,2,0.45077547430992126,modal,cuda,LARP4:HepG2
DDX24,K562,chrX:101370099:G:T,0,2,-0.4798046946525574,modal,cuda,LARP4:HepG2
DDX24,K562,chrX:101371622:A:G,0,2,0.37783336639404297,modal,cuda,LARP4:HepG2
DDX24,K562,chrX:101371704:G:A,0,2,2.213487386703491,modal,cuda,LARP4:HepG2
DDX24,K562,chrX:111726897:G:A,0,2,0.23181676864624023,modal,cuda,LARP4:HepG2
DDX24,K562,chrX:111728181:A:G,0,2,-0.4216730296611786,modal,cuda,LARP4:HepG2
DDX24,K562,chrX:111728206:A:G,0,2,0.37250304222106934,modal,cuda,LARP4:HepG2
DDX24,K562,chrX:153691300:C:T,0,2,0.296908974647522,modal,cuda,LARP4:HepG2
DDX24,K562,chrX:153693184:G:A,0,2,0.5599501729011536,modal,cuda,LARP4:HepG2
DDX24,K562,chrX:153694279:G:T,0,2,-0.18555140495300293,modal,cuda,LARP4:HepG2
DDX24,K562,chrX:153694284:G:A,0,2,0.5258798599243164,modal,cuda,LARP4:HepG2
DDX24,K562,chrX:153694451:G:C,1,2,3.6405227184295654,modal,cuda,LARP4:HepG2
DDX24,K562,chrX:153694515:C:T,0,2,0.16686856746673584,modal,cuda,LARP4:HepG2
DDX24,K562,chrX:153694526:G:A,0,2,0.1710810661315918,modal,cuda,LARP4:HepG2
DDX24,K562,chrX:153694528:C:T,0,2,-0.22251629829406738,modal,cuda,LARP4:HepG2
DDX24,K562,chrX:153932306:C:A,0,2,-0.13146042823791504,modal,cuda,LARP4:HepG2
DDX24,K562,chrX:153932306:C:T,0,2,0.25058770179748535,modal,cuda,LARP4:HepG2
DDX24,K562,chrX:153955556:C:G,0,2,-1.0291321277618408,modal,cuda,LARP4:HepG2
DDX24,K562,chrX:153959311:C:A,0,2,-1.649697184562683,modal,cuda,LARP4:HepG2
DDX24,K562,chrX:154350013:C:T,0,2,-0.23587685823440552,modal,cuda,LARP4:HepG2
DDX24,K562,chrX:154364732:A:G,0,2,0.9100221395492554,modal,cuda,LARP4:HepG2
DDX24,K562,chrX:154465014:G:A,0,2,-1.2646697759628296,modal,cuda,LARP4:HepG2
DDX24,K562,chrX:154768445:G:A,0,2,0.2606903314590454,modal,cuda,LARP4:HepG2
DDX24,K562,chrX:154770779:G:A,0,2,0.17859888076782227,modal,cuda,LARP4:HepG2
DDX24,K562,chrX:154770812:T:A,1,2,2.3630733489990234,modal,cuda,LARP4:HepG2
DDX24,K562,chrX:154770821:C:T,0,2,0.5032970905303955,modal,cuda,LARP4:HepG2
DDX24,K562,chrX:154776279:G:A,0,2,-0.3593425750732422,modal,cuda,LARP4:HepG2
DDX24,K562,chrX:154776309:C:T,0,2,0.4266655445098877,modal,cuda,LARP4:HepG2
DDX24,K562,chrX:19355671:C:A,0,2,0.7272830009460449,modal,cuda,LARP4:HepG2
DDX24,K562,chrX:19355772:C:T,0,2,0.21903812885284424,modal,cuda,LARP4:HepG2
DDX24,K562,chrX:19359031:T:G,0,2,3.490938186645508,modal,cuda,LARP4:HepG2
DDX24,K562,chrX:24717567:G:T,0,2,-0.4337477684020996,modal,cuda,LARP4:HepG2
DDX24,K562,chrX:41144650:T:C,0,2,1.2737761735916138,modal,cuda,LARP4:HepG2
DDX24,K562,chrX:41165852:A:G,0,2,0.9368329048156738,modal,cuda,LARP4:HepG2
DDX24,K562,chrX:41165859:A:C,0,2,0.49622857570648193,modal,cuda,LARP4:HepG2
DDX24,K562,chrX:41184382:T:G,0,2,-0.4709562659263611,modal,cuda,LARP4:HepG2
DDX24,K562,chrX:41188136:C:T,0,2,-0.14708900451660156,modal,cuda,LARP4:HepG2
DDX24,K562,chrX:41345250:G:T,1,2,1.6207457780838013,modal,cuda,LARP4:HepG2
DDX24,K562,chrX:41345264:G:T,1,2,0.500084638595581,modal,cuda,LARP4:HepG2
DDX24,K562,chrX:41345281:G:A,1,2,0.7870407104492188,modal,cuda,LARP4:HepG2
DDX24,K562,chrX:41345298:A:C,1,2,-1.1049690246582031,modal,cuda,LARP4:HepG2
DDX24,K562,chrX:41345302:C:G,1,2,0.21929693222045898,modal,cuda,LARP4:HepG2
DDX24,K562,chrX:45010974:T:G,1,2,2.0216023921966553,modal,cuda,LARP4:HepG2
DDX24,K562,chrX:45011024:G:C,1,2,3.4986329078674316,modal,cuda,LARP4:HepG2
DDX24,K562,chrX:45079213:A:G,0,2,-0.7773513793945312,modal,cuda,LARP4:HepG2
DDX24,K562,chrX:45079223:C:T,1,2,-2.4567394256591797,modal,cuda,LARP4:HepG2
DDX24,K562,chrX:47212866:G:A,0,2,-0.8204919695854187,modal,cuda,LARP4:HepG2
DDX24,K562,chrX:47212874:T:A,0,2,0.20911121368408203,modal,cuda,LARP4:HepG2
DDX24,K562,chrX:48803118:T:C,0,2,-0.9108422994613647,modal,cuda,LARP4:HepG2
DDX24,K562,chrX:48805666:T:C,0,2,0.8020666837692261,modal,cuda,LARP4:HepG2
DDX24,K562,chrX:48806644:T:A,0,2,-0.3483588695526123,modal,cuda,LARP4:HepG2
DDX24,K562,chrX:48815933:C:T,0,2,0.8839602470397949,modal,cuda,LARP4:HepG2
DDX24,K562,chrX:49077625:C:A,0,2,-0.6452066898345947,modal,cuda,LARP4:HepG2
DDX24,K562,chrX:53193764:T:C,0,2,-1.0287994146347046,modal,cuda,LARP4:HepG2
DDX24,K562,chrX:53193776:T:C,0,2,0.23128649592399597,modal,cuda,LARP4:HepG2
DDX24,K562,chrX:53193796:G:A,0,2,0.48801717162132263,modal,cuda,LARP4:HepG2
DDX24,K562,chrX:53196963:G:A,1,2,-0.8184564113616943,modal,cuda,LARP4:HepG2
DDX24,K562,chrX:53196964:C:T,0,2,0.25316309928894043,modal,cuda,LARP4:HepG2
DDX24,K562,chrX:53196980:G:C,0,2,-0.672657310962677,modal,cuda,LARP4:HepG2
DDX24,K562,chrX:53198600:A:G,0,2,-0.42261433601379395,modal,cuda,LARP4:HepG2
DDX24,K562,chrX:53198632:C:G,0,2,0.6930391788482666,modal,cuda,LARP4:HepG2
DDX24,K562,chrX:53198640:G:A,0,2,0.4689972996711731,modal,cuda,LARP4:HepG2
DDX24,K562,chrX:53198800:G:A,1,2,-3.194890022277832,modal,cuda,LARP4:HepG2
DDX24,K562,chrX:53198813:C:T,1,2,-0.5903596878051758,modal,cuda,LARP4:HepG2
DDX24,K562,chrX:53198817:G:T,0,2,-0.19762933254241943,modal,cuda,LARP4:HepG2
DDX24,K562,chrX:53198836:G:A,1,2,0.5138233304023743,modal,cuda,LARP4:HepG2
DDX24,K562,chrX:53214814:C:G,1,2,-0.7798388004302979,modal,cuda,LARP4:HepG2
DDX24,K562,chrX:53214817:G:A,1,2,2.6273887157440186,modal,cuda,LARP4:HepG2
DDX24,K562,chrX:53215869:C:A,1,2,-4.898591995239258,modal,cuda,LARP4:HepG2
DDX24,K562,chrX:53215870:C:A,0,2,-0.2064671516418457,modal,cuda,LARP4:HepG2
DDX24,K562,chrX:53215902:T:C,0,2,-0.9265589118003845,modal,cuda,LARP4:HepG2
DDX24,K562,chrX:53215912:C:T,0,2,0.9384447336196899,modal,cuda,LARP4:HepG2
DDX24,K562,chrX:53215972:C:T,0,2,-0.1706836223602295,modal,cuda,LARP4:HepG2
DDX24,K562,chrX:53217124:G:A,0,2,-0.9000420570373535,modal,cuda,LARP4:HepG2
DDX24,K562,chrX:53217205:G:A,1,2,-2.8402581214904785,modal,cuda,LARP4:HepG2
DDX24,K562,chrX:53220865:G:A,1,2,2.891861915588379,modal,cuda,LARP4:HepG2
DDX24,K562,chrX:53537539:C:T,0,2,0.9146463871002197,modal,cuda,LARP4:HepG2
DDX24,K562,chrX:53537547:G:A,0,2,0.41352367401123047,modal,cuda,LARP4:HepG2
DDX24,K562,chrX:53575148:T:G,0,2,-0.9219191074371338,modal,cuda,LARP4:HepG2
DDX24,K562,chrX:53608926:G:T,0,2,0.8071708679199219,modal,cuda,LARP4:HepG2
DDX24,K562,chrX:54813282:G:C,0,2,1.5594736337661743,modal,cuda,LARP4:HepG2
DDX24,K562,chrX:71367547:C:T,0,2,0.8849309682846069,modal,cuda,LARP4:HepG2
DDX24,K562,chrX:71368069:C:T,0,2,-0.25715088844299316,modal,cuda,LARP4:HepG2
DDX24,K562,chrX:71368099:A:G,0,2,0.9588370323181152,modal,cuda,LARP4:HepG2
DDX24,K562,chrX:71375250:A:G,0,2,0.2416515350341797,modal,cuda,LARP4:HepG2
DDX24,K562,chrX:71375282:T:C,0,2,-0.7795997858047485,modal,cuda,LARP4:HepG2
DDX24,K562,chrX:71377696:C:G,0,2,0.6061767339706421,modal,cuda,LARP4:HepG2
DDX24,K562,chrX:71377722:G:A,0,2,0.48131465911865234,modal,cuda,LARP4:HepG2
DDX24,K562,chrX:71377781:C:G,0,2,-0.3460102081298828,modal,cuda,LARP4:HepG2
DDX24,K562,chrX:71392653:G:C,1,2,-0.6307568550109863,modal,cuda,LARP4:HepG2
DDX24,K562,chrX:71392661:G:A,0,2,0.40879225730895996,modal,cuda,LARP4:HepG2
DDX24,K562,chrX:71392918:C:T,1,2,-0.4097819924354553,modal,cuda,LARP4:HepG2
DDX24,K562,chrX:71393344:C:T,1,2,-0.46580684185028076,modal,cuda,LARP4:HepG2
DDX24,K562,chrX:71394166:G:A,0,2,-0.21522855758666992,modal,cuda,LARP4:HepG2
DDX24,K562,chrX:71394241:A:G,0,2,-0.704179048538208,modal,cuda,LARP4:HepG2
DDX24,K562,chrX:71398752:G:A,0,2,-0.2326090782880783,modal,cuda,LARP4:HepG2
DDX24,K562,chrX:71401566:G:A,0,2,-0.5608887672424316,modal,cuda,LARP4:HepG2
DDX24,K562,chrX:71401569:T:G,0,2,-0.8734681606292725,modal,cuda,LARP4:HepG2
DDX24,K562,chrX:71424193:C:T,0,2,0.5325181484222412,modal,cuda,LARP4:HepG2
DDX24,K562,chrX:71424196:G:A,0,2,0.9937868118286133,modal,cuda,LARP4:HepG2
DDX24,K562,chrX:71424214:C:G,0,2,-0.2623286247253418,modal,cuda,LARP4:HepG2
DDX24,K562,chrX:71557117:T:G,0,2,0.7991657257080078,modal,cuda,LARP4:HepG2
DDX24,K562,chrX:71561912:A:G,0,2,0.8436398506164551,modal,cuda,LARP4:HepG2
DDX24,K562,chrX:71563262:G:A,0,2,0.39580821990966797,modal,cuda,LARP4:HepG2
DDX24,K562,chrX:71563516:A:G,0,2,-0.15081167221069336,modal,cuda,LARP4:HepG2
DDX24,K562,chrX:78109933:A:C,0,2,0.5404027700424194,modal,cuda,LARP4:HepG2
DDX24,K562,chrX:78117433:G:C,0,2,-1.4981369972229004,modal,cuda,LARP4:HepG2
