protein,cell,vid,label,fold,delta,platform,accelerator,weights_from
DDX24,K562,chr10:102260082:C:T,0,2,0.6631340980529785,modal,cuda,QKI:K562
DDX24,K562,chr10:102358516:C:T,0,2,-0.15633225440979004,modal,cuda,QKI:K562
DDX24,K562,chr10:21538867:G:A,0,2,-0.41054272651672363,modal,cuda,QKI:K562
DDX24,K562,chr10:3105389:A:G,0,2,-0.4802365303039551,modal,cuda,QKI:K562
DDX24,K562,chr10:73873002:C:T,0,2,0.1027228832244873,modal,cuda,QKI:K562
DDX24,K562,chr10:74083342:T:A,0,2,0.3286961317062378,modal,cuda,QKI:K562
DDX24,K562,chr10:79201626:G:A,0,2,0.41223758459091187,modal,cuda,QKI:K562
DDX24,K562,chr10:79277337:G:C,0,2,0.2648320198059082,modal,cuda,QKI:K562
DDX24,K562,chr10:80159200:G:A,0,2,-0.2213582992553711,modal,cuda,QKI:K562
DDX24,K562,chr10:80162054:T:C,0,2,-0.45355451107025146,modal,cuda,QKI:K562
DDX24,K562,chr10:91959774:T:C,0,2,0.4464142322540283,modal,cuda,QKI:K562
DDX24,K562,chr10:92607141:A:G,0,2,1.242426872253418,modal,cuda,QKI:K562
DDX24,K562,chr10:98443216:C:A,1,2,-0.7053623199462891,modal,cuda,QKI:K562
DDX24,K562,chr11:108315843:C:A,1,3,-1.3548626899719238,modal,cuda,QKI:K562
DDX24,K562,chr11:108315883:G:C,0,3,0.3845386505126953,modal,cuda,QKI:K562
DDX24,K562,chr11:108315888:G:C,0,3,-0.13990163803100586,modal,cuda,QKI:K562
DDX24,K562,chr11:108315889:A:T,1,3,-0.44173550605773926,modal,cuda,QKI:K562
DDX24,K562,chr11:108315896:T:G,1,3,-0.5242221355438232,modal,cuda,QKI:K562
DDX24,K562,chr11:108315898:C:T,1,3,-0.34703803062438965,modal,cuda,QKI:K562
DDX24,K562,chr11:108315926:T:C,0,3,0.1614367961883545,modal,cuda,QKI:K562
DDX24,K562,chr11:118498085:T:C,0,3,-0.280376672744751,modal,cuda,QKI:K562
DDX24,K562,chr11:119088621:G:A,0,3,0.7551233172416687,modal,cuda,QKI:K562
DDX24,K562,chr11:119089136:C:A,0,3,0.35267114639282227,modal,cuda,QKI:K562
DDX24,K562,chr11:119089202:C:T,0,3,-0.051171302795410156,modal,cuda,QKI:K562
DDX24,K562,chr11:119092106:C:A,0,3,0.27959442138671875,modal,cuda,QKI:K562
DDX24,K562,chr11:119092403:G:A,1,3,0.1891331672668457,modal,cuda,QKI:K562
DDX24,K562,chr11:119092403:G:C,1,3,-0.29886484146118164,modal,cuda,QKI:K562
DDX24,K562,chr11:119092405:G:A,1,3,0.17923712730407715,modal,cuda,QKI:K562
DDX24,K562,chr11:119092425:C:T,1,3,0.39031982421875,modal,cuda,QKI:K562
DDX24,K562,chr11:119092465:T:C,1,3,-0.2584381103515625,modal,cuda,QKI:K562
DDX24,K562,chr11:119092471:A:G,1,3,0.0860128402709961,modal,cuda,QKI:K562
DDX24,K562,chr11:119092486:T:G,1,3,-0.16948437690734863,modal,cuda,QKI:K562
DDX24,K562,chr11:119092500:G:A,1,3,-0.11641621589660645,modal,cuda,QKI:K562
DDX24,K562,chr11:119092507:C:T,1,3,-0.09578275680541992,modal,cuda,QKI:K562
DDX24,K562,chr11:119092518:C:A,1,3,-0.36199045181274414,modal,cuda,QKI:K562
DDX24,K562,chr11:119092524:G:C,1,3,0.3219301700592041,modal,cuda,QKI:K562
DDX24,K562,chr11:119092525:T:C,1,3,0.3890557289123535,modal,cuda,QKI:K562
DDX24,K562,chr11:119092741:A:G,0,3,-0.31062912940979004,modal,cuda,QKI:K562
DDX24,K562,chr11:125595967:T:C,0,3,-0.14745140075683594,modal,cuda,QKI:K562
DDX24,K562,chr11:17102841:A:C,0,3,0.3795464038848877,modal,cuda,QKI:K562
DDX24,K562,chr11:3019147:G:A,1,3,-0.430739164352417,modal,cuda,QKI:K562
DDX24,K562,chr11:3019209:G:A,1,3,0.30151867866516113,modal,cuda,QKI:K562
DDX24,K562,chr11:3029392:G:A,0,3,0.11671733856201172,modal,cuda,QKI:K562
DDX24,K562,chr11:3029397:G:C,0,3,-0.12121748924255371,modal,cuda,QKI:K562
DDX24,K562,chr11:3038130:C:A,0,3,0.6809049844741821,modal,cuda,QKI:K562
DDX24,K562,chr11:3778975:T:C,0,3,-0.12417960166931152,modal,cuda,QKI:K562
DDX24,K562,chr11:44171671:C:T,1,3,0.37021923065185547,modal,cuda,QKI:K562
DDX24,K562,chr11:47289431:T:C,0,3,0.6922252178192139,modal,cuda,QKI:K562
DDX24,K562,chr11:47289494:G:A,1,3,0.16208267211914062,modal,cuda,QKI:K562
DDX24,K562,chr11:57804760:C:T,1,3,-0.23601698875427246,modal,cuda,QKI:K562
DDX24,K562,chr11:57805909:C:T,1,3,0.438124418258667,modal,cuda,QKI:K562
DDX24,K562,chr11:57810152:C:T,1,3,0.2620551586151123,modal,cuda,QKI:K562
DDX24,K562,chr11:61779120:A:G,0,3,-0.41675591468811035,modal,cuda,QKI:K562
DDX24,K562,chr11:62629022:G:A,0,3,-0.08865833282470703,modal,cuda,QKI:K562
DDX24,K562,chr11:62633289:G:A,0,3,-0.7226766347885132,modal,cuda,QKI:K562
DDX24,K562,chr11:62634827:C:G,0,3,1.0472790002822876,modal,cuda,QKI:K562
DDX24,K562,chr11:64254750:G:A,0,3,0.29622387886047363,modal,cuda,QKI:K562
DDX24,K562,chr11:6508876:A:G,0,3,0.3028876781463623,modal,cuda,QKI:K562
DDX24,K562,chr11:65187995:G:C,1,3,-2.0186245441436768,modal,cuda,QKI:K562
DDX24,K562,chr11:65188005:G:A,1,3,-1.362624168395996,modal,cuda,QKI:K562
DDX24,K562,chr11:65188031:G:A,1,3,-0.7716436386108398,modal,cuda,QKI:K562
DDX24,K562,chr11:65206781:G:T,1,3,0.1346139907836914,modal,cuda,QKI:K562
DDX24,K562,chr11:65206793:C:T,1,3,0.1680307388305664,modal,cuda,QKI:K562
DDX24,K562,chr11:65208201:C:T,0,3,-0.05987882614135742,modal,cuda,QKI:K562
DDX24,K562,chr11:65208274:C:T,0,3,0.15851998329162598,modal,cuda,QKI:K562
DDX24,K562,chr11:65209360:G:A,0,3,0.22019386291503906,modal,cuda,QKI:K562
DDX24,K562,chr11:65210007:C:T,0,3,0.27454280853271484,modal,cuda,QKI:K562
DDX24,K562,chr11:65210013:C:T,0,3,-0.2131364345550537,modal,cuda,QKI:K562
DDX24,K562,chr11:65210068:C:T,0,3,0.13126850128173828,modal,cuda,QKI:K562
DDX24,K562,chr11:65539637:A:G,0,3,0.2017369270324707,modal,cuda,QKI:K562
DDX24,K562,chr11:65864605:A:C,0,3,0.7092666625976562,modal,cuda,QKI:K562
DDX24,K562,chr11:65864791:G:T,0,3,0.36626696586608887,modal,cuda,QKI:K562
DDX24,K562,chr11:68043370:G:C,1,3,0.4775543212890625,modal,cuda,QKI:K562
DDX24,K562,chr11:68043625:G:T,1,3,-0.3392753601074219,modal,cuda,QKI:K562
DDX24,K562,chr11:68043628:C:T,1,3,-0.32550740242004395,modal,cuda,QKI:K562
DDX24,K562,chr11:68043920:G:C,0,3,0.2997554540634155,modal,cuda,QKI:K562
DDX24,K562,chr11:68044201:C:T,1,3,-0.6555749177932739,modal,cuda,QKI:K562
DDX24,K562,chr11:71463406:A:G,0,3,-0.3253767490386963,modal,cuda,QKI:K562
DDX24,K562,chr11:71463507:C:T,0,3,-0.1677720546722412,modal,cuda,QKI:K562
DDX24,K562,chr11:72022387:C:T,0,3,0.24487018585205078,modal,cuda,QKI:K562
DDX24,K562,chr11:72228861:C:G,0,3,0.30777788162231445,modal,cuda,QKI:K562
DDX24,K562,chr11:72712555:G:A,0,3,0.457309365272522,modal,cuda,QKI:K562
DDX24,K562,chr11:9165958:G:A,1,3,0.3130195140838623,modal,cuda,QKI:K562
DDX24,K562,chr12:108536790:C:T,0,1,1.5324757099151611,modal,cuda,QKI:K562
DDX24,K562,chr12:109586736:A:G,0,1,-0.9350554943084717,modal,cuda,QKI:K562
DDX24,K562,chr12:110281550:G:A,0,1,0.12299251556396484,modal,cuda,QKI:K562
DDX24,K562,chr12:110292002:G:A,0,1,-1.282505989074707,modal,cuda,QKI:K562
DDX24,K562,chr12:110322980:T:C,0,1,0.7311887741088867,modal,cuda,QKI:K562
DDX24,K562,chr12:110332585:C:G,0,1,-1.0566515922546387,modal,cuda,QKI:K562
DDX24,K562,chr12:110339273:C:G,0,1,-0.819244384765625,modal,cuda,QKI:K562
DDX24,K562,chr12:110343220:G:A,0,1,2.4799630641937256,modal,cuda,QKI:K562
DDX24,K562,chr12:115966078:C:G,0,1,0.9097791314125061,modal,cuda,QKI:K562
DDX24,K562,chr12:115968920:G:A,0,1,-0.9818935394287109,modal,cuda,QKI:K562
DDX24,K562,chr12:115975751:C:T,0,1,-1.3188245296478271,modal,cuda,QKI:K562
DDX24,K562,chr12:115975760:A:G,0,1,-2.2005159854888916,modal,cuda,QKI:K562
DDX24,K562,chr12:115991968:A:C,0,1,-1.9787276983261108,modal,cuda,QKI:K562
DDX24,K562,chr12:115991974:C:T,0,1,2.097184419631958,modal,cuda,QKI:K562
DDX24,K562,chr12:115991984:G:A,0,1,0.9793837070465088,modal,cuda,QKI:K562
DDX24,K562,chr12:119708324:C:A,0,1,-1.0663456916809082,modal,cuda,QKI:K562
DDX24,K562,chr12:119708325:A:G,0,1,-1.1162471771240234,modal,cuda,QKI:K562
DDX24,K562,chr12:123735508:T:C,0,1,-1.0829601287841797,modal,cuda,QKI:K562
DDX24,K562,chr12:124495287:C:G,0,1,1.101658582687378,modal,cuda,QKI:K562
DDX24,K562,chr12:124787424:C:T,0,1,2.120178699493408,modal,cuda,QKI:K562
DDX24,K562,chr12:124795177:C:T,0,1,-0.8376870155334473,modal,cuda,QKI:K562
DDX24,K562,chr12:124795275:C:T,0,1,0.7499765157699585,modal,cuda,QKI:K562
DDX24,K562,chr12:124800202:A:G,0,1,1.4954967498779297,modal,cuda,QKI:K562
DDX24,K562,chr12:124807837:C:T,0,1,0.11771583557128906,modal,cuda,QKI:K562
DDX24,K562,chr12:124810154:C:T,0,1,0.4989668130874634,modal,cuda,QKI:K562
DDX24,K562,chr12:124810185:C:T,0,1,0.24324655532836914,modal,cuda,QKI:K562
DDX24,K562,chr12:124811979:A:C,0,1,-3.2957234382629395,modal,cuda,QKI:K562
DDX24,K562,chr12:124817606:G:A,0,1,1.1106908321380615,modal,cuda,QKI:K562
DDX24,K562,chr12:131979801:G:A,0,1,1.5584723949432373,modal,cuda,QKI:K562
DDX24,K562,chr12:132664477:C:T,0,1,0.5102691650390625,modal,cuda,QKI:K562
DDX24,K562,chr12:132665463:T:C,0,1,-0.8417372703552246,modal,cuda,QKI:K562
DDX24,K562,chr12:132672338:G:C,0,1,0.4791039526462555,modal,cuda,QKI:K562
DDX24,K562,chr12:132676210:C:G,0,1,1.4029996395111084,modal,cuda,QKI:K562
DDX24,K562,chr12:132676218:T:C,1,1,1.8222326040267944,modal,cuda,QKI:K562
DDX24,K562,chr12:31089501:G:A,0,1,-2.539285898208618,modal,cuda,QKI:K562
DDX24,K562,chr12:31089506:A:G,0,1,-1.4757599830627441,modal,cuda,QKI:K562
DDX24,K562,chr12:31101125:C:T,1,1,0.4371523857116699,modal,cuda,QKI:K562
DDX24,K562,chr12:31101818:C:T,0,1,-0.5307288765907288,modal,cuda,QKI:K562
DDX24,K562,chr12:47791313:G:A,0,1,0.9361681938171387,modal,cuda,QKI:K562
DDX24,K562,chr12:49053096:C:A,0,1,1.2177708148956299,modal,cuda,QKI:K562
DDX24,K562,chr12:50999214:C:A,1,1,-0.15380430221557617,modal,cuda,QKI:K562
DDX24,K562,chr12:50999224:C:T,0,1,-0.4186055660247803,modal,cuda,QKI:K562
DDX24,K562,chr12:53315157:G:A,0,1,-0.4207324981689453,modal,cuda,QKI:K562
DDX24,K562,chr12:56349583:T:C,0,1,-0.7362052798271179,modal,cuda,QKI:K562
DDX24,K562,chr12:57105475:C:T,0,1,1.958620548248291,modal,cuda,QKI:K562
DDX24,K562,chr12:57233291:G:T,0,1,1.1550607681274414,modal,cuda,QKI:K562
DDX24,K562,chr12:57489991:C:T,0,1,-0.6048898696899414,modal,cuda,QKI:K562
DDX24,K562,chr12:57568943:A:G,0,1,-0.8244414329528809,modal,cuda,QKI:K562
DDX24,K562,chr12:57718406:A:G,0,1,0.7244369983673096,modal,cuda,QKI:K562
DDX24,K562,chr12:62302818:C:T,0,1,-1.48261296749115,modal,cuda,QKI:K562
DDX24,K562,chr12:68689025:G:A,0,1,-1.1935796737670898,modal,cuda,QKI:K562
DDX24,K562,chr12:68690761:A:G,0,1,0.8361120223999023,modal,cuda,QKI:K562
DDX24,K562,chr12:6917572:A:C,0,1,0.3244619369506836,modal,cuda,QKI:K562
DDX24,K562,chr12:71634147:A:C,0,1,-3.0020480155944824,modal,cuda,QKI:K562
DDX24,K562,chr12:79845286:T:A,0,1,0.6318950653076172,modal,cuda,QKI:K562
DDX24,K562,chr13:48342717:A:T,1,0,1.480942964553833,modal,cuda,QKI:K562
DDX24,K562,chr13:51937642:G:T,1,0,1.3480446338653564,modal,cuda,QKI:K562
DDX24,K562,chr13:51950271:C:T,1,0,-0.5241303443908691,modal,cuda,QKI:K562
DDX24,K562,chr13:79371937:A:T,0,0,0.791922926902771,modal,cuda,QKI:K562
DDX24,K562,chr14:103457138:A:G,0,2,-1.0601493120193481,modal,cuda,QKI:K562
DDX24,K562,chr14:104774113:C:T,0,2,-0.0711512565612793,modal,cuda,QKI:K562
DDX24,K562,chr14:104774193:T:C,0,2,-0.11330032348632812,modal,cuda,QKI:K562
DDX24,K562,chr14:105147766:A:G,0,2,-0.2651354670524597,modal,cuda,QKI:K562
DDX24,K562,chr14:105466467:G:A,0,2,-0.18781161308288574,modal,cuda,QKI:K562
DDX24,K562,chr14:23321655:G:A,0,2,-0.18006277084350586,modal,cuda,QKI:K562
DDX24,K562,chr14:30650657:C:T,0,2,-0.19553518295288086,modal,cuda,QKI:K562
DDX24,K562,chr14:35008705:A:C,0,2,-0.6289372444152832,modal,cuda,QKI:K562
DDX24,K562,chr14:39176159:C:T,0,2,-0.341658353805542,modal,cuda,QKI:K562
DDX24,K562,chr14:49654140:C:T,0,2,0.2731633186340332,modal,cuda,QKI:K562
DDX24,K562,chr14:65102437:C:A,0,2,0.27950459718704224,modal,cuda,QKI:K562
DDX24,K562,chr14:67825470:T:C,0,2,0.30946314334869385,modal,cuda,QKI:K562
DDX24,K562,chr14:76498633:T:C,0,2,-0.28091108798980713,modal,cuda,QKI:K562
DDX24,K562,chr15:28248542:A:T,0,1,3.2686150074005127,modal,cuda,QKI:K562
DDX24,K562,chr15:30925961:T:C,0,1,-0.3409152030944824,modal,cuda,QKI:K562
DDX24,K562,chr15:48796001:G:A,0,1,0.39394474029541016,modal,cuda,QKI:K562
DDX24,K562,chr15:48797654:T:C,0,1,-0.39855194091796875,modal,cuda,QKI:K562
DDX24,K562,chr15:48797937:C:T,0,1,-0.5935831069946289,modal,cuda,QKI:K562
DDX24,K562,chr15:50632866:T:C,0,1,-0.49300193786621094,modal,cuda,QKI:K562
DDX24,K562,chr15:50639403:A:C,0,1,-0.8069424629211426,modal,cuda,QKI:K562
DDX24,K562,chr15:57091863:A:G,0,1,-0.21556425094604492,modal,cuda,QKI:K562
DDX24,K562,chr15:57166423:C:A,1,1,-1.845534086227417,modal,cuda,QKI:K562
DDX24,K562,chr15:57192224:G:T,1,1,0.9163827896118164,modal,cuda,QKI:K562
DDX24,K562,chr15:63622897:G:C,0,1,-0.5943539142608643,modal,cuda,QKI:K562
DDX24,K562,chr15:63638400:C:A,0,1,-3.332927703857422,modal,cuda,QKI:K562
DDX24,K562,chr15:63638694:T:C,0,1,-1.2644195556640625,modal,cuda,QKI:K562
DDX24,K562,chr15:63659945:T:C,0,1,0.7417316436767578,modal,cuda,QKI:K562
DDX24,K562,chr15:69436191:A:C,0,1,-1.2095520496368408,modal,cuda,QKI:K562
DDX24,K562,chr15:76274514:G:T,0,1,5.4699835777282715,modal,cuda,QKI:K562
DDX24,K562,chr15:89247649:T:C,1,1,-0.9889352321624756,modal,cuda,QKI:K562
DDX24,K562,chr15:89247711:C:T,1,1,-1.7904019355773926,modal,cuda,QKI:K562
DDX24,K562,chr15:89260799:C:T,1,1,-0.37840795516967773,modal,cuda,QKI:K562
DDX24,K562,chr15:89260812:C:T,0,1,-1.0839190483093262,modal,cuda,QKI:K562
DDX24,K562,chr15:89263479:C:T,0,1,-0.24976825714111328,modal,cuda,QKI:K562
DDX24,K562,chr15:89283265:C:T,0,1,3.4274866580963135,modal,cuda,QKI:K562
DDX24,K562,chr15:89283266:G:A,0,1,-0.3022422790527344,modal,cuda,QKI:K562
DDX24,K562,chr15:89316383:C:G,0,1,-0.7821977138519287,modal,cuda,QKI:K562
DDX24,K562,chr15:89322027:G:C,0,1,-1.5195103883743286,modal,cuda,QKI:K562
DDX24,K562,chr15:90910880:C:T,0,1,-0.19173431396484375,modal,cuda,QKI:K562
DDX24,K562,chr15:90912091:C:T,0,1,-0.46360325813293457,modal,cuda,QKI:K562
DDX24,K562,chr15:90939714:T:C,0,1,-1.007860541343689,modal,cuda,QKI:K562
DDX24,K562,chr15:90953012:C:T,0,1,0.3003196716308594,modal,cuda,QKI:K562
DDX24,K562,chr15:90953013:G:A,0,1,0.30800485610961914,modal,cuda,QKI:K562
DDX24,K562,chr15:91005371:G:A,0,1,0.11453914642333984,modal,cuda,QKI:K562
DDX24,K562,chr15:92972440:T:C,0,1,-2.98895001411438,modal,cuda,QKI:K562
DDX24,K562,chr16:1450484:C:T,0,2,0.9667060375213623,modal,cuda,QKI:K562
DDX24,K562,chr16:1455813:G:A,0,2,0.15793895721435547,modal,cuda,QKI:K562
DDX24,K562,chr16:1456101:G:A,0,2,0.4928781986236572,modal,cuda,QKI:K562
DDX24,K562,chr16:1457236:C:T,0,2,-0.20624756813049316,modal,cuda,QKI:K562
DDX24,K562,chr16:1457237:A:G,0,2,-0.19905686378479004,modal,cuda,QKI:K562
DDX24,K562,chr16:1457356:G:A,0,2,0.32552146911621094,modal,cuda,QKI:K562
DDX24,K562,chr16:1457774:G:A,0,2,-0.13596999645233154,modal,cuda,QKI:K562
DDX24,K562,chr16:1457777:T:C,0,2,-0.44111716747283936,modal,cuda,QKI:K562
DDX24,K562,chr16:1459097:G:A,0,2,0.1284557580947876,modal,cuda,QKI:K562
DDX24,K562,chr16:1459205:C:T,0,2,0.4853794574737549,modal,cuda,QKI:K562
DDX24,K562,chr16:1459206:G:A,0,2,0.0870826244354248,modal,cuda,QKI:K562
DDX24,K562,chr16:1460534:C:T,0,2,-0.39792323112487793,modal,cuda,QKI:K562
DDX24,K562,chr16:1460537:A:G,0,2,-0.32254838943481445,modal,cuda,QKI:K562
DDX24,K562,chr16:1460566:T:G,0,2,-0.3227907419204712,modal,cuda,QKI:K562
DDX24,K562,chr16:1460706:C:G,0,2,0.6779953241348267,modal,cuda,QKI:K562
DDX24,K562,chr16:1460799:C:T,0,2,0.9893143177032471,modal,cuda,QKI:K562
DDX24,K562,chr16:14628177:T:A,1,2,-0.9904162883758545,modal,cuda,QKI:K562
DDX24,K562,chr16:14629645:G:A,1,2,-0.3827228546142578,modal,cuda,QKI:K562
DDX24,K562,chr16:1465247:G:T,0,2,0.9588998556137085,modal,cuda,QKI:K562
DDX24,K562,chr16:1766813:C:A,0,2,0.1533244252204895,modal,cuda,QKI:K562
DDX24,K562,chr16:1767926:G:C,0,2,0.20330488681793213,modal,cuda,QKI:K562
DDX24,K562,chr16:1767934:A:C,0,2,-0.2544238567352295,modal,cuda,QKI:K562
DDX24,K562,chr16:2050400:G:T,1,2,-1.454702377319336,modal,cuda,QKI:K562
DDX24,K562,chr16:2050423:C:G,0,2,-0.9062179327011108,modal,cuda,QKI:K562
DDX24,K562,chr16:2050423:C:T,0,2,-5.564282417297363,modal,cuda,QKI:K562
DDX24,K562,chr16:2050429:T:C,0,2,0.7818468809127808,modal,cuda,QKI:K562
DDX24,K562,chr16:2050448:C:T,1,2,-2.5055861473083496,modal,cuda,QKI:K562
DDX24,K562,chr16:2050456:T:A,1,2,-1.3308639526367188,modal,cuda,QKI:K562
DDX24,K562,chr16:2050457:G:C,0,2,-0.4045143127441406,modal,cuda,QKI:K562
DDX24,K562,chr16:2050471:C:T,0,2,-4.547319412231445,modal,cuda,QKI:K562
DDX24,K562,chr16:2050481:G:T,1,2,0.770522952079773,modal,cuda,QKI:K562
DDX24,K562,chr16:2057113:G:A,0,2,0.24291563034057617,modal,cuda,QKI:K562
DDX24,K562,chr16:2057125:C:T,0,2,0.1641855239868164,modal,cuda,QKI:K562
DDX24,K562,chr16:2057176:C:T,0,2,-0.1551647186279297,modal,cuda,QKI:K562
DDX24,K562,chr16:2060714:G:A,0,2,0.3303583860397339,modal,cuda,QKI:K562
DDX24,K562,chr16:2060730:A:C,0,2,0.1728382110595703,modal,cuda,QKI:K562
DDX24,K562,chr16:2061964:G:T,1,2,-0.4950042963027954,modal,cuda,QKI:K562
DDX24,K562,chr16:2061993:T:A,1,2,-0.5653303861618042,modal,cuda,QKI:K562
DDX24,K562,chr16:2061996:G:T,0,2,-1.1474320888519287,modal,cuda,QKI:K562
DDX24,K562,chr16:2061998:A:G,0,2,-0.3917592763900757,modal,cuda,QKI:K562
DDX24,K562,chr16:2062495:A:G,1,2,-0.768302321434021,modal,cuda,QKI:K562
DDX24,K562,chr16:2062510:T:C,0,2,-0.6485536098480225,modal,cuda,QKI:K562
DDX24,K562,chr16:2062536:T:C,0,2,0.2338552474975586,modal,cuda,QKI:K562
DDX24,K562,chr16:2087856:C:T,0,2,0.2479395866394043,modal,cuda,QKI:K562
DDX24,K562,chr16:2087871:C:T,0,2,-0.4615814685821533,modal,cuda,QKI:K562
DDX24,K562,chr16:2087880:C:G,0,2,-0.3208272457122803,modal,cuda,QKI:K562
DDX24,K562,chr16:2087901:G:C,0,2,-0.14310503005981445,modal,cuda,QKI:K562
DDX24,K562,chr16:2087908:G:T,1,2,-0.6075828075408936,modal,cuda,QKI:K562
DDX24,K562,chr16:2087921:T:C,1,2,-0.13035964965820312,modal,cuda,QKI:K562
DDX24,K562,chr16:2087934:C:A,1,2,0.49836885929107666,modal,cuda,QKI:K562
DDX24,K562,chr16:2088866:C:T,0,2,0.3118826746940613,modal,cuda,QKI:K562
DDX24,K562,chr16:2088868:C:T,0,2,0.3953554630279541,modal,cuda,QKI:K562
DDX24,K562,chr16:2091442:G:T,1,2,-1.7196236848831177,modal,cuda,QKI:K562
DDX24,K562,chr16:2091446:G:A,0,2,-0.3251603841781616,modal,cuda,QKI:K562
DDX24,K562,chr16:2091453:G:A,0,2,0.405961275100708,modal,cuda,QKI:K562
DDX24,K562,chr16:2091913:G:A,0,2,-0.1514517068862915,modal,cuda,QKI:K562
DDX24,K562,chr16:2092991:G:A,1,2,-0.23503661155700684,modal,cuda,QKI:K562
DDX24,K562,chr16:2093006:G:A,1,2,-0.35128116607666016,modal,cuda,QKI:K562
DDX24,K562,chr16:22317165:C:T,0,2,-0.2892169952392578,modal,cuda,QKI:K562
DDX24,K562,chr16:2435895:A:G,0,2,-0.42278075218200684,modal,cuda,QKI:K562
DDX24,K562,chr16:288190:G:A,1,2,-1.9821643829345703,modal,cuda,QKI:K562
DDX24,K562,chr16:28833044:G:A,0,2,0.5401251316070557,modal,cuda,QKI:K562
DDX24,K562,chr16:28866881:C:A,0,2,-2.808542251586914,modal,cuda,QKI:K562
DDX24,K562,chr16:28873649:C:T,0,2,0.5080482959747314,modal,cuda,QKI:K562
DDX24,K562,chr16:29804082:G:A,0,2,0.7791427373886108,modal,cuda,QKI:K562
DDX24,K562,chr16:29978788:C:T,0,2,-0.4419306516647339,modal,cuda,QKI:K562
DDX24,K562,chr16:31182621:C:A,0,2,0.6436676383018494,modal,cuda,QKI:K562
DDX24,K562,chr16:31182627:C:T,0,2,0.3555307984352112,modal,cuda,QKI:K562
DDX24,K562,chr16:31182673:T:C,0,2,0.1534082293510437,modal,cuda,QKI:K562
DDX24,K562,chr16:31191052:C:T,1,2,-0.7289876937866211,modal,cuda,QKI:K562
DDX24,K562,chr16:31191109:A:G,1,2,-1.3288474082946777,modal,cuda,QKI:K562
DDX24,K562,chr16:31191399:G:T,1,2,0.6407455205917358,modal,cuda,QKI:K562
DDX24,K562,chr16:31191408:C:G,1,2,-0.41191375255584717,modal,cuda,QKI:K562
DDX24,K562,chr16:31191410:G:A,1,2,-0.6675915718078613,modal,cuda,QKI:K562
DDX24,K562,chr16:31191412:C:T,1,2,0.26839545369148254,modal,cuda,QKI:K562
DDX24,K562,chr16:31191418:C:A,1,2,-0.6788880228996277,modal,cuda,QKI:K562
DDX24,K562,chr16:31191418:C:G,1,2,0.23038148880004883,modal,cuda,QKI:K562
DDX24,K562,chr16:31191418:C:T,1,2,0.7394207715988159,modal,cuda,QKI:K562
DDX24,K562,chr16:31191419:G:A,1,2,0.8044395446777344,modal,cuda,QKI:K562
DDX24,K562,chr16:31191429:G:C,1,2,-0.3258225917816162,modal,cuda,QKI:K562
DDX24,K562,chr16:31191430:C:A,1,2,0.5232449769973755,modal,cuda,QKI:K562
DDX24,K562,chr16:31191431:C:T,1,2,0.7249493598937988,modal,cuda,QKI:K562
DDX24,K562,chr16:31191434:A:G,1,2,0.7815597653388977,modal,cuda,QKI:K562
DDX24,K562,chr16:3662978:G:T,0,2,-0.695709228515625,modal,cuda,QKI:K562
DDX24,K562,chr16:3672826:G:A,0,2,0.2427825927734375,modal,cuda,QKI:K562
DDX24,K562,chr16:47587650:T:C,0,2,0.24604558944702148,modal,cuda,QKI:K562
DDX24,K562,chr16:47587662:G:C,0,2,-0.5979042053222656,modal,cuda,QKI:K562
DDX24,K562,chr16:50298894:C:T,0,2,-0.5332553386688232,modal,cuda,QKI:K562
DDX24,K562,chr16:58576564:G:A,1,2,0.31870198249816895,modal,cuda,QKI:K562
DDX24,K562,chr16:58576590:G:A,0,2,0.18901577591896057,modal,cuda,QKI:K562
DDX24,K562,chr16:58582911:A:G,0,2,0.4019688367843628,modal,cuda,QKI:K562
DDX24,K562,chr16:58583080:T:C,0,2,1.6446046829223633,modal,cuda,QKI:K562
DDX24,K562,chr16:58583093:C:T,0,2,0.8009830713272095,modal,cuda,QKI:K562
DDX24,K562,chr16:672123:C:T,0,2,0.24340391159057617,modal,cuda,QKI:K562
DDX24,K562,chr16:672997:G:A,0,2,1.406615972518921,modal,cuda,QKI:K562
DDX24,K562,chr16:68329187:C:T,0,2,0.06512248516082764,modal,cuda,QKI:K562
DDX24,K562,chr16:68346151:A:G,0,2,-0.10617327690124512,modal,cuda,QKI:K562
DDX24,K562,chr16:68346186:G:A,1,2,0.14980578422546387,modal,cuda,QKI:K562
DDX24,K562,chr16:68346194:C:T,1,2,-0.30580949783325195,modal,cuda,QKI:K562
DDX24,K562,chr16:68346257:C:T,1,2,-0.9992982149124146,modal,cuda,QKI:K562
DDX24,K562,chr16:68346262:C:G,1,2,-0.6497864723205566,modal,cuda,QKI:K562
DDX24,K562,chr16:70482141:C:T,1,2,-0.3206357955932617,modal,cuda,QKI:K562
DDX24,K562,chr16:70510030:G:C,0,2,-0.574231743812561,modal,cuda,QKI:K562
DDX24,K562,chr16:72104481:C:T,0,2,-0.07884645462036133,modal,cuda,QKI:K562
DDX24,K562,chr16:84182389:C:T,0,2,-0.07401752471923828,modal,cuda,QKI:K562
DDX24,K562,chr16:88719571:C:T,0,2,-0.2617921829223633,modal,cuda,QKI:K562
DDX24,K562,chr16:88719785:G:A,0,2,0.13387274742126465,modal,cuda,QKI:K562
DDX24,K562,chr16:88727213:C:T,0,2,-0.40128016471862793,modal,cuda,QKI:K562
DDX24,K562,chr16:88727540:T:G,0,2,-0.412034273147583,modal,cuda,QKI:K562
DDX24,K562,chr16:88731933:T:C,0,2,-0.11284255981445312,modal,cuda,QKI:K562
DDX24,K562,chr16:88732323:T:C,0,2,-0.25043392181396484,modal,cuda,QKI:K562
DDX24,K562,chr16:88732597:T:C,0,2,-0.18616682291030884,modal,cuda,QKI:K562
DDX24,K562,chr16:88732830:T:C,0,2,-0.1326918601989746,modal,cuda,QKI:K562
DDX24,K562,chr16:88732880:G:A,0,2,0.21088647842407227,modal,cuda,QKI:K562
DDX24,K562,chr16:88732894:G:C,0,2,-0.06273269653320312,modal,cuda,QKI:K562
DDX24,K562,chr16:88732925:G:A,0,2,0.09633827209472656,modal,cuda,QKI:K562
DDX24,K562,chr16:88732930:G:A,0,2,-0.7275872230529785,modal,cuda,QKI:K562
DDX24,K562,chr16:88733009:G:C,0,2,-0.48411667346954346,modal,cuda,QKI:K562
DDX24,K562,chr16:88733076:T:G,0,2,0.31541454792022705,modal,cuda,QKI:K562
DDX24,K562,chr16:88733266:G:C,0,2,-0.5914961099624634,modal,cuda,QKI:K562
DDX24,K562,chr16:88733887:C:T,0,2,0.4043080806732178,modal,cuda,QKI:K562
DDX24,K562,chr16:88733895:G:A,0,2,0.304731547832489,modal,cuda,QKI:K562
DDX24,K562,chr16:88736424:G:A,0,2,-0.5088884830474854,modal,cuda,QKI:K562
DDX24,K562,chr16:88738717:A:G,0,2,-0.32390403747558594,modal,cuda,QKI:K562
DDX24,K562,chr16:89690618:A:T,1,2,-1.0273405313491821,modal,cuda,QKI:K562
DDX24,K562,chr16:89694144:T:C,0,2,0.06157875061035156,modal,cuda,QKI:K562
DDX24,K562,chr16:89739170:G:C,1,2,0.7119482755661011,modal,cuda,QKI:K562
DDX24,K562,chr16:89739217:G:C,1,2,0.4522700309753418,modal,cuda,QKI:K562
DDX24,K562,chr16:89739220:C:G,1,2,0.08260679244995117,modal,cuda,QKI:K562
DDX24,K562,chr16:89739231:C:G,1,2,0.3149528503417969,modal,cuda,QKI:K562
DDX24,K562,chr16:89740803:C:A,1,2,0.12400197982788086,modal,cuda,QKI:K562
DDX24,K562,chr16:89740803:C:G,1,2,-0.8120846748352051,modal,cuda,QKI:K562
DDX24,K562,chr16:89740808:G:C,1,2,-0.36988282203674316,modal,cuda,QKI:K562
DDX24,K562,chr16:89740823:G:T,1,2,0.6932142972946167,modal,cuda,QKI:K562
DDX24,K562,chr16:89740825:C:G,0,2,0.6099957823753357,modal,cuda,QKI:K562
DDX24,K562,chr16:89740846:G:C,1,2,-0.15431952476501465,modal,cuda,QKI:K562
DDX24,K562,chr16:89746571:A:G,0,2,0.16948199272155762,modal,cuda,QKI:K562
DDX24,K562,chr16:89749906:A:G,0,2,0.13136911392211914,modal,cuda,QKI:K562
DDX24,K562,chr16:89749925:C:T,0,2,-0.1471724510192871,modal,cuda,QKI:K562
DDX24,K562,chr16:89752122:G:A,0,2,-0.2666459083557129,modal,cuda,QKI:K562
DDX24,K562,chr16:89770262:G:C,1,2,-0.3703429698944092,modal,cuda,QKI:K562
DDX24,K562,chr16:89770373:G:A,0,2,-0.45418763160705566,modal,cuda,QKI:K562
DDX24,K562,chr16:89770397:T:C,1,2,-0.2552611827850342,modal,cuda,QKI:K562
DDX24,K562,chr16:89771670:A:G,0,2,0.14696645736694336,modal,cuda,QKI:K562
DDX24,K562,chr16:89778786:A:G,0,2,-0.14675140380859375,modal,cuda,QKI:K562
DDX24,K562,chr17:1477882:A:C,0,1,-0.4638328552246094,modal,cuda,QKI:K562
DDX24,K562,chr17:17817018:G:A,0,1,0.7938153743743896,modal,cuda,QKI:K562
DDX24,K562,chr17:17817077:A:G,0,1,0.297152042388916,modal,cuda,QKI:K562
DDX24,K562,chr17:17819189:C:T,0,1,4.112619876861572,modal,cuda,QKI:K562
DDX24,K562,chr17:17819572:G:A,0,1,1.2078073024749756,modal,cuda,QKI:K562
DDX24,K562,chr17:17819705:G:C,0,1,-0.6198534965515137,modal,cuda,QKI:K562
DDX24,K562,chr17:29121649:G:A,0,1,0.2653951644897461,modal,cuda,QKI:K562
DDX24,K562,chr17:29121895:G:A,0,1,0.23862767219543457,modal,cuda,QKI:K562
DDX24,K562,chr17:32778582:A:G,0,1,1.8412469625473022,modal,cuda,QKI:K562
DDX24,K562,chr17:37263902:A:G,0,1,-1.399275302886963,modal,cuda,QKI:K562
DDX24,K562,chr17:37330157:T:C,0,1,-1.293044090270996,modal,cuda,QKI:K562
DDX24,K562,chr17:40019778:T:C,0,1,-0.35541629791259766,modal,cuda,QKI:K562
DDX24,K562,chr17:40033406:C:T,0,1,-3.3405919075012207,modal,cuda,QKI:K562
DDX24,K562,chr17:41990284:T:C,0,1,-3.149282455444336,modal,cuda,QKI:K562
DDX24,K562,chr17:42217366:T:G,0,1,1.1214625835418701,modal,cuda,QKI:K562
DDX24,K562,chr17:42223571:G:C,0,1,-1.8298206329345703,modal,cuda,QKI:K562
DDX24,K562,chr17:42495669:G:C,1,1,0.6695456504821777,modal,cuda,QKI:K562
DDX24,K562,chr17:44376974:A:G,0,1,0.8289668560028076,modal,cuda,QKI:K562
DDX24,K562,chr17:44377095:G:C,0,1,-1.5877447128295898,modal,cuda,QKI:K562
DDX24,K562,chr17:44855024:G:T,0,1,-4.8547258377075195,modal,cuda,QKI:K562
DDX24,K562,chr17:47613665:G:T,0,1,0.41709429025650024,modal,cuda,QKI:K562
DDX24,K562,chr17:5539604:C:T,0,1,-2.2277112007141113,modal,cuda,QKI:K562
DDX24,K562,chr17:5558327:T:A,0,1,-0.611175537109375,modal,cuda,QKI:K562
DDX24,K562,chr17:714629:G:A,0,1,0.3681807518005371,modal,cuda,QKI:K562
DDX24,K562,chr17:714753:C:T,0,1,-1.0220532417297363,modal,cuda,QKI:K562
DDX24,K562,chr17:7221074:C:T,0,1,-0.29694509506225586,modal,cuda,QKI:K562
DDX24,K562,chr17:7224399:T:C,0,1,-1.9341150522232056,modal,cuda,QKI:K562
DDX24,K562,chr17:74866471:T:C,0,1,-0.2706785202026367,modal,cuda,QKI:K562
DDX24,K562,chr17:75212087:C:T,0,1,-0.3529601991176605,modal,cuda,QKI:K562
DDX24,K562,chr17:75831185:G:A,0,1,-0.24436235427856445,modal,cuda,QKI:K562
DDX24,K562,chr17:75832947:G:A,0,1,-0.3046135902404785,modal,cuda,QKI:K562
DDX24,K562,chr17:75834602:C:A,0,1,1.3582706451416016,modal,cuda,QKI:K562
DDX24,K562,chr17:75836126:G:A,0,1,-1.7855334281921387,modal,cuda,QKI:K562
DDX24,K562,chr17:75842849:A:G,0,1,0.4308042526245117,modal,cuda,QKI:K562
DDX24,K562,chr17:77487562:C:T,0,1,-0.47542130947113037,modal,cuda,QKI:K562
DDX24,K562,chr17:78113215:C:T,0,1,-1.5823771953582764,modal,cuda,QKI:K562
DDX24,K562,chr17:78113538:G:A,0,1,1.256116509437561,modal,cuda,QKI:K562
DDX24,K562,chr17:78117335:G:T,1,1,-4.77390193939209,modal,cuda,QKI:K562
DDX24,K562,chr17:78117633:G:T,1,1,-1.1434743404388428,modal,cuda,QKI:K562
DDX24,K562,chr17:78117658:C:T,0,1,2.4667279720306396,modal,cuda,QKI:K562
DDX24,K562,chr17:78117914:G:A,1,1,-2.161275625228882,modal,cuda,QKI:K562
DDX24,K562,chr17:78117948:G:C,0,1,-0.9479141235351562,modal,cuda,QKI:K562
DDX24,K562,chr17:78118882:C:G,0,1,4.746859550476074,modal,cuda,QKI:K562
DDX24,K562,chr17:78118894:G:T,0,1,-0.8152111768722534,modal,cuda,QKI:K562
DDX24,K562,chr17:78119272:T:C,0,1,-0.27272891998291016,modal,cuda,QKI:K562
DDX24,K562,chr17:78121066:G:A,0,1,0.2729659080505371,modal,cuda,QKI:K562
DDX24,K562,chr17:78121077:G:A,0,1,-0.28638362884521484,modal,cuda,QKI:K562
DDX24,K562,chr17:78121184:G:A,0,1,0.6858985424041748,modal,cuda,QKI:K562
DDX24,K562,chr17:78121607:G:A,0,1,0.3314812183380127,modal,cuda,QKI:K562
DDX24,K562,chr17:78121663:C:T,0,1,0.5137948989868164,modal,cuda,QKI:K562
DDX24,K562,chr17:78122655:G:A,1,1,-1.671457052230835,modal,cuda,QKI:K562
DDX24,K562,chr17:78122686:G:A,0,1,0.19314026832580566,modal,cuda,QKI:K562
DDX24,K562,chr17:78122753:G:C,0,1,-2.3639018535614014,modal,cuda,QKI:K562
DDX24,K562,chr17:78123984:A:G,0,1,-0.1463174819946289,modal,cuda,QKI:K562
DDX24,K562,chr17:78124102:C:T,0,1,0.1691756248474121,modal,cuda,QKI:K562
DDX24,K562,chr17:78124507:T:C,0,1,-0.496671199798584,modal,cuda,QKI:K562
DDX24,K562,chr17:78124556:C:T,0,1,0.869915246963501,modal,cuda,QKI:K562
DDX24,K562,chr17:78124557:G:A,0,1,-0.7452733516693115,modal,cuda,QKI:K562
DDX24,K562,chr17:78124749:G:A,0,1,1.0659756660461426,modal,cuda,QKI:K562
DDX24,K562,chr17:78124873:G:A,0,1,-1.3010846376419067,modal,cuda,QKI:K562
DDX24,K562,chr17:78124912:G:A,0,1,1.8752647638320923,modal,cuda,QKI:K562
DDX24,K562,chr17:78125709:A:G,0,1,-0.2888615131378174,modal,cuda,QKI:K562
DDX24,K562,chr17:78125763:G:A,0,1,0.5760815143585205,modal,cuda,QKI:K562
DDX24,K562,chr17:78125876:G:A,1,1,-0.775179386138916,modal,cuda,QKI:K562
DDX24,K562,chr17:78125997:T:C,0,1,-0.7721380591392517,modal,cuda,QKI:K562
DDX24,K562,chr17:80287795:G:A,0,1,2.3653054237365723,modal,cuda,QKI:K562
DDX24,K562,chr17:80290747:T:G,0,1,-1.709081768989563,modal,cuda,QKI:K562
DDX24,K562,chr17:80337566:C:T,0,1,-1.28023099899292,modal,cuda,QKI:K562
DDX24,K562,chr17:80353558:G:A,0,1,-2.678118944168091,modal,cuda,QKI:K562
DDX24,K562,chr17:80363591:T:C,0,1,-0.9980611801147461,modal,cuda,QKI:K562
DDX24,K562,chr17:80372748:G:A,0,1,-0.48870849609375,modal,cuda,QKI:K562
DDX24,K562,chr17:80372752:T:C,0,1,-0.563232421875,modal,cuda,QKI:K562
DDX24,K562,chr17:80374441:T:A,0,1,14.505172729492188,modal,cuda,QKI:K562
DDX24,K562,chr17:80376976:G:T,0,1,1.0380494594573975,modal,cuda,QKI:K562
DDX24,K562,chr17:80376983:T:C,0,1,0.9861376285552979,modal,cuda,QKI:K562
DDX24,K562,chr17:80389381:C:T,0,1,0.8784339427947998,modal,cuda,QKI:K562
DDX24,K562,chr17:81512583:C:G,0,1,-0.4834933280944824,modal,cuda,QKI:K562
DDX24,K562,chr17:81906551:A:G,0,1,-0.6894381046295166,modal,cuda,QKI:K562
DDX24,K562,chr17:81908547:A:G,0,1,-1.2457642555236816,modal,cuda,QKI:K562
DDX24,K562,chr17:82081851:G:C,0,1,-0.6435790061950684,modal,cuda,QKI:K562
DDX24,K562,chr17:82081997:G:A,0,1,1.2264208793640137,modal,cuda,QKI:K562
DDX24,K562,chr17:82082170:C:T,0,1,1.7568644285202026,modal,cuda,QKI:K562
DDX24,K562,chr17:82082172:C:G,0,1,2.5528817176818848,modal,cuda,QKI:K562
DDX24,K562,chr17:82082310:G:A,0,1,-0.4019155502319336,modal,cuda,QKI:K562
DDX24,K562,chr17:82082682:C:T,0,1,1.7329308986663818,modal,cuda,QKI:K562
DDX24,K562,chr17:82082905:C:T,0,1,0.48107433319091797,modal,cuda,QKI:K562
DDX24,K562,chr17:82083120:G:A,0,1,1.0244557857513428,modal,cuda,QKI:K562
DDX24,K562,chr17:82083192:C:T,0,1,-0.449418306350708,modal,cuda,QKI:K562
DDX24,K562,chr17:82084227:C:T,0,1,0.8257730007171631,modal,cuda,QKI:K562
DDX24,K562,chr17:82085882:T:A,0,1,-1.3212757110595703,modal,cuda,QKI:K562
DDX24,K562,chr17:82087271:G:A,0,1,3.811093807220459,modal,cuda,QKI:K562
DDX24,K562,chr17:82781734:C:T,0,1,1.0378813743591309,modal,cuda,QKI:K562
DDX24,K562,chr17:82809692:T:C,0,1,-1.055694818496704,modal,cuda,QKI:K562
DDX24,K562,chr17:82903402:C:T,0,1,0.7977709770202637,modal,cuda,QKI:K562
DDX24,K562,chr17:82911752:T:C,0,1,0.45467090606689453,modal,cuda,QKI:K562
DDX24,K562,chr17:82927172:A:C,0,1,1.8673162460327148,modal,cuda,QKI:K562
DDX24,K562,chr18:2688754:T:C,0,4,0.17554283142089844,modal,cuda,QKI:K562
DDX24,K562,chr18:36146372:A:T,0,4,-0.05468273162841797,modal,cuda,QKI:K562
DDX24,K562,chr18:36156575:G:T,1,4,0.5626002550125122,modal,cuda,QKI:K562
DDX24,K562,chr18:50275737:G:A,0,4,0.6063286066055298,modal,cuda,QKI:K562
DDX24,K562,chr18:50276696:C:T,0,4,0.2899458408355713,modal,cuda,QKI:K562
DDX24,K562,chr18:55269972:A:G,0,4,0.5977327823638916,modal,cuda,QKI:K562
DDX24,K562,chr18:55461123:T:C,0,4,-0.38637012243270874,modal,cuda,QKI:K562
DDX24,K562,chr19:10353998:A:G,0,4,0.08057832717895508,modal,cuda,QKI:K562
DDX24,K562,chr19:10354011:A:G,0,4,0.21385449171066284,modal,cuda,QKI:K562
DDX24,K562,chr19:10354238:G:C,0,4,-0.9885469675064087,modal,cuda,QKI:K562
DDX24,K562,chr19:10354244:A:C,0,4,-0.3423788547515869,modal,cuda,QKI:K562
DDX24,K562,chr19:10357987:C:G,0,4,1.1161082983016968,modal,cuda,QKI:K562
DDX24,K562,chr19:10357992:C:G,0,4,0.8168996572494507,modal,cuda,QKI:K562
DDX24,K562,chr19:10361959:C:G,0,4,-0.17954230308532715,modal,cuda,QKI:K562
DDX24,K562,chr19:10362257:A:G,0,4,0.8384186029434204,modal,cuda,QKI:K562
DDX24,K562,chr19:10362426:G:A,1,4,1.0359864234924316,modal,cuda,QKI:K562
DDX24,K562,chr19:10362462:A:G,0,4,-0.38581597805023193,modal,cuda,QKI:K562
DDX24,K562,chr19:1059005:A:G,0,4,-1.3405847549438477,modal,cuda,QKI:K562
DDX24,K562,chr19:10759731:C:A,0,4,0.8302774429321289,modal,cuda,QKI:K562
DDX24,K562,chr19:10775697:T:C,0,4,-0.9626106023788452,modal,cuda,QKI:K562
DDX24,K562,chr19:10795451:G:A,0,4,0.23139262199401855,modal,cuda,QKI:K562
DDX24,K562,chr19:10812257:C:A,0,4,-0.3499048948287964,modal,cuda,QKI:K562
DDX24,K562,chr19:10986394:C:G,1,4,-1.2608283758163452,modal,cuda,QKI:K562
DDX24,K562,chr19:10986422:C:T,0,4,0.3292708396911621,modal,cuda,QKI:K562
DDX24,K562,chr19:10986446:C:T,1,4,-0.48692381381988525,modal,cuda,QKI:K562
DDX24,K562,chr19:10986476:C:T,1,4,0.5619320273399353,modal,cuda,QKI:K562
DDX24,K562,chr19:10994833:C:A,1,4,-0.8509429693222046,modal,cuda,QKI:K562
DDX24,K562,chr19:10994932:T:C,0,4,-0.14083290100097656,modal,cuda,QKI:K562
DDX24,K562,chr19:10994951:C:T,1,4,-0.7504078149795532,modal,cuda,QKI:K562
DDX24,K562,chr19:11003047:C:T,1,4,-1.2838486433029175,modal,cuda,QKI:K562
DDX24,K562,chr19:1104528:C:G,0,4,-0.5262060165405273,modal,cuda,QKI:K562
DDX24,K562,chr19:11100350:G:C,1,4,0.4167301654815674,modal,cuda,QKI:K562
DDX24,K562,chr19:11102663:G:T,1,4,-0.47025346755981445,modal,cuda,QKI:K562
DDX24,K562,chr19:11102664:T:A,1,4,-0.07168340682983398,modal,cuda,QKI:K562
DDX24,K562,chr19:11102719:C:A,1,4,-1.9698607921600342,modal,cuda,QKI:K562
DDX24,K562,chr19:11102726:C:T,1,4,-1.388828992843628,modal,cuda,QKI:K562
DDX24,K562,chr19:11102732:T:G,1,4,-0.11112833023071289,modal,cuda,QKI:K562
DDX24,K562,chr19:11102733:G:A,1,4,-0.6383801698684692,modal,cuda,QKI:K562
DDX24,K562,chr19:11102734:G:A,1,4,-0.6821767091751099,modal,cuda,QKI:K562
DDX24,K562,chr19:11102735:A:G,1,4,0.14071285724639893,modal,cuda,QKI:K562
DDX24,K562,chr19:11102736:G:A,1,4,0.08239603042602539,modal,cuda,QKI:K562
DDX24,K562,chr19:11102741:G:A,1,4,0.17885255813598633,modal,cuda,QKI:K562
DDX24,K562,chr19:11102742:A:G,1,4,-0.26131319999694824,modal,cuda,QKI:K562
DDX24,K562,chr19:11102743:T:A,1,4,-0.1236562728881836,modal,cuda,QKI:K562
DDX24,K562,chr19:11102747:C:T,1,4,-1.2059788703918457,modal,cuda,QKI:K562
DDX24,K562,chr19:11102758:C:A,1,4,-0.9392695426940918,modal,cuda,QKI:K562
DDX24,K562,chr19:11102758:C:G,1,4,-0.13097429275512695,modal,cuda,QKI:K562
DDX24,K562,chr19:11102769:C:G,1,4,-1.460476040840149,modal,cuda,QKI:K562
DDX24,K562,chr19:11102774:G:A,1,4,0.4796799421310425,modal,cuda,QKI:K562
DDX24,K562,chr19:11102774:G:T,1,4,-3.2830991744995117,modal,cuda,QKI:K562
DDX24,K562,chr19:11102777:C:T,1,4,-0.7479541301727295,modal,cuda,QKI:K562
DDX24,K562,chr19:11102784:G:C,1,4,1.072493314743042,modal,cuda,QKI:K562
DDX24,K562,chr19:11102785:T:A,1,4,-0.5929826498031616,modal,cuda,QKI:K562
DDX24,K562,chr19:11102787:G:A,1,4,1.1953083276748657,modal,cuda,QKI:K562
DDX24,K562,chr19:11102788:T:C,1,4,1.571711540222168,modal,cuda,QKI:K562
DDX24,K562,chr19:11105218:A:T,1,4,0.5910229682922363,modal,cuda,QKI:K562
DDX24,K562,chr19:11105219:G:T,1,4,0.7834415435791016,modal,cuda,QKI:K562
DDX24,K562,chr19:11105231:T:A,1,4,-0.5043559074401855,modal,cuda,QKI:K562
DDX24,K562,chr19:11105233:C:A,1,4,-0.7176802158355713,modal,cuda,QKI:K562
DDX24,K562,chr19:11105243:G:A,1,4,0.2912025451660156,modal,cuda,QKI:K562
DDX24,K562,chr19:11105251:C:T,0,4,-0.38267624378204346,modal,cuda,QKI:K562
DDX24,K562,chr19:11105319:C:A,1,4,-0.20254182815551758,modal,cuda,QKI:K562
DDX24,K562,chr19:11105323:C:A,1,4,0.10564279556274414,modal,cuda,QKI:K562
DDX24,K562,chr19:11105324:G:A,1,4,0.24220812320709229,modal,cuda,QKI:K562
DDX24,K562,chr19:11105324:G:T,1,4,-0.37676966190338135,modal,cuda,QKI:K562
DDX24,K562,chr19:11105332:C:A,0,4,-0.11321640014648438,modal,cuda,QKI:K562
DDX24,K562,chr19:11105335:C:A,1,4,-0.9293020963668823,modal,cuda,QKI:K562
DDX24,K562,chr19:11105351:G:C,1,4,-0.18358659744262695,modal,cuda,QKI:K562
DDX24,K562,chr19:11105371:C:A,1,4,-0.3479480743408203,modal,cuda,QKI:K562
DDX24,K562,chr19:11105388:T:C,1,4,-0.0853116512298584,modal,cuda,QKI:K562
DDX24,K562,chr19:11105400:G:A,1,4,-0.341585636138916,modal,cuda,QKI:K562
DDX24,K562,chr19:11105400:G:T,1,4,-0.09735488891601562,modal,cuda,QKI:K562
DDX24,K562,chr19:11105401:G:A,1,4,-0.3787662982940674,modal,cuda,QKI:K562
DDX24,K562,chr19:11105424:G:C,1,4,-0.42809879779815674,modal,cuda,QKI:K562
DDX24,K562,chr19:11110781:G:C,0,4,0.19609928131103516,modal,cuda,QKI:K562
DDX24,K562,chr19:11111506:T:A,0,4,0.41816210746765137,modal,cuda,QKI:K562
DDX24,K562,chr19:11111506:T:C,0,4,-0.3546469211578369,modal,cuda,QKI:K562
DDX24,K562,chr19:11113778:G:A,0,4,0.44304001331329346,modal,cuda,QKI:K562
DDX24,K562,chr19:11252470:A:T,0,4,-0.6864320039749146,modal,cuda,QKI:K562
DDX24,K562,chr19:11447636:A:G,0,4,-0.371221661567688,modal,cuda,QKI:K562
DDX24,K562,chr19:1219354:C:T,0,4,-0.29100310802459717,modal,cuda,QKI:K562
DDX24,K562,chr19:1219360:G:A,0,4,-0.3941320776939392,modal,cuda,QKI:K562
DDX24,K562,chr19:1219369:G:A,0,4,-0.3907139301300049,modal,cuda,QKI:K562
DDX24,K562,chr19:1219382:G:T,1,4,-1.215465784072876,modal,cuda,QKI:K562
DDX24,K562,chr19:1219430:G:A,0,4,0.3773086667060852,modal,cuda,QKI:K562
DDX24,K562,chr19:1220391:T:A,0,4,-0.23891401290893555,modal,cuda,QKI:K562
DDX24,K562,chr19:1220406:C:A,1,4,-0.7223391532897949,modal,cuda,QKI:K562
DDX24,K562,chr19:1220407:C:T,0,4,-0.22361516952514648,modal,cuda,QKI:K562
DDX24,K562,chr19:1220643:G:A,0,4,-0.37691962718963623,modal,cuda,QKI:K562
DDX24,K562,chr19:1220722:G:A,1,4,0.711654782295227,modal,cuda,QKI:K562
DDX24,K562,chr19:1221203:C:A,1,4,0.35662591457366943,modal,cuda,QKI:K562
DDX24,K562,chr19:1221207:A:G,1,4,-0.29958808422088623,modal,cuda,QKI:K562
DDX24,K562,chr19:1221225:C:A,0,4,-0.5095769166946411,modal,cuda,QKI:K562
DDX24,K562,chr19:1221237:C:G,1,4,-0.9709562063217163,modal,cuda,QKI:K562
DDX24,K562,chr19:1221246:A:G,0,4,-0.3115663528442383,modal,cuda,QKI:K562
DDX24,K562,chr19:1221261:C:A,1,4,-1.073533296585083,modal,cuda,QKI:K562
DDX24,K562,chr19:1221261:C:G,1,4,-0.6931934356689453,modal,cuda,QKI:K562
DDX24,K562,chr19:12715505:C:T,1,4,0.1836717128753662,modal,cuda,QKI:K562
DDX24,K562,chr19:1393350:G:A,0,4,-0.9001837372779846,modal,cuda,QKI:K562
DDX24,K562,chr19:1615665:T:G,0,4,0.6254417896270752,modal,cuda,QKI:K562
DDX24,K562,chr19:1615669:G:A,0,4,-0.9274362325668335,modal,cuda,QKI:K562
DDX24,K562,chr19:1619483:T:G,0,4,-1.5128988027572632,modal,cuda,QKI:K562
DDX24,K562,chr19:1620950:C:T,0,4,0.6857095956802368,modal,cuda,QKI:K562
DDX24,K562,chr19:1620951:C:G,0,4,0.3489806056022644,modal,cuda,QKI:K562
DDX24,K562,chr19:1620951:C:T,0,4,0.3393372893333435,modal,cuda,QKI:K562
DDX24,K562,chr19:1650259:C:G,0,4,0.9594471454620361,modal,cuda,QKI:K562
DDX24,K562,chr19:17203024:G:A,0,4,0.5576679706573486,modal,cuda,QKI:K562
DDX24,K562,chr19:17268749:C:T,0,4,-0.4392462968826294,modal,cuda,QKI:K562
DDX24,K562,chr19:17762834:G:C,1,4,0.21348929405212402,modal,cuda,QKI:K562
DDX24,K562,chr19:17764374:G:C,1,4,-0.6346961259841919,modal,cuda,QKI:K562
DDX24,K562,chr19:17772760:T:G,0,4,-0.7108967900276184,modal,cuda,QKI:K562
DDX24,K562,chr19:2042041:G:A,0,4,-0.23613674938678741,modal,cuda,QKI:K562
DDX24,K562,chr19:2111662:G:A,0,4,-0.40539467334747314,modal,cuda,QKI:K562
DDX24,K562,chr19:2121317:C:T,0,4,-0.8945879936218262,modal,cuda,QKI:K562
DDX24,K562,chr19:2193789:C:T,0,4,1.3599574565887451,modal,cuda,QKI:K562
DDX24,K562,chr19:2250529:G:A,0,4,-0.16350460052490234,modal,cuda,QKI:K562
DDX24,K562,chr19:34365408:G:A,0,4,0.5113255977630615,modal,cuda,QKI:K562
DDX24,K562,chr19:35727139:C:T,0,4,-0.15880095958709717,modal,cuda,QKI:K562
DDX24,K562,chr19:35729307:G:A,0,4,0.8096086978912354,modal,cuda,QKI:K562
DDX24,K562,chr19:38647913:C:T,0,4,-0.20636725425720215,modal,cuda,QKI:K562
DDX24,K562,chr19:38704918:C:T,0,4,-0.2725299000740051,modal,cuda,QKI:K562
DDX24,K562,chr19:38838877:C:T,0,4,0.4870530366897583,modal,cuda,QKI:K562
DDX24,K562,chr19:40237951:G:A,0,4,0.6442400813102722,modal,cuda,QKI:K562
DDX24,K562,chr19:40238105:G:A,0,4,-0.42271459102630615,modal,cuda,QKI:K562
DDX24,K562,chr19:40611848:C:A,0,4,0.8335397243499756,modal,cuda,QKI:K562
DDX24,K562,chr19:41273979:C:T,0,4,0.738048791885376,modal,cuda,QKI:K562
DDX24,K562,chr19:4400317:C:T,0,4,-0.13504862785339355,modal,cuda,QKI:K562
DDX24,K562,chr19:48127976:G:A,0,4,0.3104987144470215,modal,cuda,QKI:K562
DDX24,K562,chr19:48128001:G:A,0,4,0.06227540969848633,modal,cuda,QKI:K562
DDX24,K562,chr19:48131059:G:C,0,4,0.4182237386703491,modal,cuda,QKI:K562
DDX24,K562,chr19:48131062:T:A,0,4,-0.42868900299072266,modal,cuda,QKI:K562
DDX24,K562,chr19:48131079:G:A,0,4,0.05968904495239258,modal,cuda,QKI:K562
DDX24,K562,chr19:48137049:G:C,0,4,-0.3842353820800781,modal,cuda,QKI:K562
DDX24,K562,chr19:48143528:G:T,0,4,1.0703169107437134,modal,cuda,QKI:K562
DDX24,K562,chr19:48617441:C:T,0,4,-0.4082132577896118,modal,cuda,QKI:K562
DDX24,K562,chr19:49171760:G:T,0,4,0.4644463062286377,modal,cuda,QKI:K562
DDX24,K562,chr19:49172000:A:G,0,4,-0.3033224940299988,modal,cuda,QKI:K562
DDX24,K562,chr19:49190784:C:G,0,4,-0.45478740334510803,modal,cuda,QKI:K562
DDX24,K562,chr19:49680531:G:A,0,4,0.440778911113739,modal,cuda,QKI:K562
DDX24,K562,chr19:49862356:G:C,0,4,-0.5092415809631348,modal,cuda,QKI:K562
DDX24,K562,chr19:50399074:T:C,0,4,0.18626904487609863,modal,cuda,QKI:K562
DDX24,K562,chr19:50402155:A:G,0,4,-0.7063202261924744,modal,cuda,QKI:K562
DDX24,K562,chr19:50403591:C:A,0,4,-0.08641839027404785,modal,cuda,QKI:K562
DDX24,K562,chr19:50416437:G:C,0,4,0.16291439533233643,modal,cuda,QKI:K562
DDX24,K562,chr19:50417153:C:T,0,4,-0.7815066576004028,modal,cuda,QKI:K562
DDX24,K562,chr19:5144908:C:T,0,4,-0.16867423057556152,modal,cuda,QKI:K562
DDX24,K562,chr19:54121847:C:T,0,4,0.48681020736694336,modal,cuda,QKI:K562
DDX24,K562,chr19:54142930:G:A,0,4,0.9877060651779175,modal,cuda,QKI:K562
DDX24,K562,chr19:54142984:G:A,0,4,1.74403715133667,modal,cuda,QKI:K562
DDX24,K562,chr19:54143000:C:T,1,4,-0.4334285855293274,modal,cuda,QKI:K562
DDX24,K562,chr19:54144143:G:T,0,4,-0.5553908348083496,modal,cuda,QKI:K562
DDX24,K562,chr19:5694372:C:G,0,4,1.3381439447402954,modal,cuda,QKI:K562
DDX24,K562,chr19:5694393:C:T,0,4,1.4570956230163574,modal,cuda,QKI:K562
DDX24,K562,chr19:5694418:G:A,0,4,-0.5951776504516602,modal,cuda,QKI:K562
DDX24,K562,chr19:5694421:G:A,0,4,-1.1602226495742798,modal,cuda,QKI:K562
DDX24,K562,chr19:5694457:C:G,0,4,0.26419830322265625,modal,cuda,QKI:K562
DDX24,K562,chr19:5694754:C:T,0,4,0.15159082412719727,modal,cuda,QKI:K562
DDX24,K562,chr19:5696234:A:G,0,4,-0.38929474353790283,modal,cuda,QKI:K562
DDX24,K562,chr19:5696237:C:G,0,4,0.9430485963821411,modal,cuda,QKI:K562
DDX24,K562,chr19:5696246:C:T,0,4,0.36113250255584717,modal,cuda,QKI:K562
DDX24,K562,chr19:5696253:G:T,1,4,0.24365121126174927,modal,cuda,QKI:K562
DDX24,K562,chr19:5696355:C:T,0,4,-0.48971691727638245,modal,cuda,QKI:K562
DDX24,K562,chr19:5699015:G:C,0,4,-0.30454397201538086,modal,cuda,QKI:K562
DDX24,K562,chr19:5699059:G:A,0,4,-0.15093517303466797,modal,cuda,QKI:K562
DDX24,K562,chr19:5700858:G:A,0,4,0.1835310459136963,modal,cuda,QKI:K562
DDX24,K562,chr19:5700900:G:A,0,4,-0.49084317684173584,modal,cuda,QKI:K562
DDX24,K562,chr19:5700904:C:T,1,4,-2.057446002960205,modal,cuda,QKI:K562
DDX24,K562,chr19:5707833:G:T,0,4,-0.5118798017501831,modal,cuda,QKI:K562
DDX24,K562,chr19:5711897:G:A,0,4,0.10381223261356354,modal,cuda,QKI:K562
DDX24,K562,chr19:5711919:C:T,0,4,-0.16867542266845703,modal,cuda,QKI:K562
DDX24,K562,chr19:58548842:T:G,0,4,0.2969169616699219,modal,cuda,QKI:K562
DDX24,K562,chr19:58549718:C:T,0,4,0.5121457576751709,modal,cuda,QKI:K562
DDX24,K562,chr19:58549722:T:C,0,4,-1.3481652736663818,modal,cuda,QKI:K562
DDX24,K562,chr19:58549732:C:G,0,4,-0.7999604940414429,modal,cuda,QKI:K562
DDX24,K562,chr19:7638719:C:T,0,4,0.3364434242248535,modal,cuda,QKI:K562
DDX24,K562,chr19:7639063:C:A,1,4,1.3033554553985596,modal,cuda,QKI:K562
DDX24,K562,chr19:7639112:C:T,0,4,0.322878360748291,modal,cuda,QKI:K562
DDX24,K562,chr19:7639825:C:T,0,4,0.35502707958221436,modal,cuda,QKI:K562
DDX24,K562,chr19:7640566:G:A,0,4,0.4549276828765869,modal,cuda,QKI:K562
DDX24,K562,chr19:7640758:C:T,1,4,0.5712406635284424,modal,cuda,QKI:K562
DDX24,K562,chr19:7642450:C:T,0,4,0.3130831718444824,modal,cuda,QKI:K562
DDX24,K562,chr19:7642498:G:A,1,4,-0.9113969802856445,modal,cuda,QKI:K562
DDX24,K562,chr19:7643004:C:T,1,4,-0.44040048122406006,modal,cuda,QKI:K562
DDX24,K562,chr19:7643025:C:T,1,4,0.2760951519012451,modal,cuda,QKI:K562
DDX24,K562,chr19:7643030:C:G,1,4,-0.880162239074707,modal,cuda,QKI:K562
DDX24,K562,chr19:7643031:C:T,1,4,-0.7060269117355347,modal,cuda,QKI:K562
DDX24,K562,chr19:7644385:A:G,0,4,0.4697279930114746,modal,cuda,QKI:K562
DDX24,K562,chr19:8322114:T:C,0,4,-0.42073220014572144,modal,cuda,QKI:K562
DDX24,K562,chr1:1044310:G:A,0,0,0.23757433891296387,modal,cuda,QKI:K562
DDX24,K562,chr1:1044455:G:A,0,0,1.2779250144958496,modal,cuda,QKI:K562
DDX24,K562,chr1:1045707:A:G,0,0,-1.6813223361968994,modal,cuda,QKI:K562
DDX24,K562,chr1:1045719:G:A,0,0,-0.30988895893096924,modal,cuda,QKI:K562
DDX24,K562,chr1:1047064:A:G,0,0,-1.4237418174743652,modal,cuda,QKI:K562
DDX24,K562,chr1:1051820:C:T,0,0,0.24888348579406738,modal,cuda,QKI:K562
DDX24,K562,chr1:1055037:T:C,0,0,-0.6944009065628052,modal,cuda,QKI:K562
DDX24,K562,chr1:11232419:G:A,0,0,0.3049309253692627,modal,cuda,QKI:K562
DDX24,K562,chr1:11232433:C:A,0,0,0.9858078956604004,modal,cuda,QKI:K562
DDX24,K562,chr1:11253847:C:G,0,0,0.42755722999572754,modal,cuda,QKI:K562
DDX24,K562,chr1:11253894:T:G,0,0,-0.2718503475189209,modal,cuda,QKI:K562
DDX24,K562,chr1:11791128:C:T,0,0,0.6806229948997498,modal,cuda,QKI:K562
DDX24,K562,chr1:11791162:C:T,0,0,-0.6419961452484131,modal,cuda,QKI:K562
DDX24,K562,chr1:11816605:G:A,0,0,1.5187777280807495,modal,cuda,QKI:K562
DDX24,K562,chr1:11816629:T:C,0,0,1.6099718809127808,modal,cuda,QKI:K562
DDX24,K562,chr1:11816635:G:A,0,0,0.3520158529281616,modal,cuda,QKI:K562
DDX24,K562,chr1:11819529:A:G,0,0,-0.5244026184082031,modal,cuda,QKI:K562
DDX24,K562,chr1:11956900:T:G,0,0,-1.091775894165039,modal,cuda,QKI:K562
DDX24,K562,chr1:11964317:T:G,0,0,-1.852468729019165,modal,cuda,QKI:K562
DDX24,K562,chr1:11964323:T:G,0,0,-1.2037235498428345,modal,cuda,QKI:K562
DDX24,K562,chr1:11989357:G:A,0,0,2.0651862621307373,modal,cuda,QKI:K562
DDX24,K562,chr1:12244637:A:G,0,0,-0.7142500877380371,modal,cuda,QKI:K562
DDX24,K562,chr1:12256314:G:T,0,0,0.5533871650695801,modal,cuda,QKI:K562
DDX24,K562,chr1:12256527:A:G,0,0,-0.5990674495697021,modal,cuda,QKI:K562
DDX24,K562,chr1:12311937:A:G,0,0,-0.6888198852539062,modal,cuda,QKI:K562
DDX24,K562,chr1:12368461:C:T,0,0,-0.1788804531097412,modal,cuda,QKI:K562
DDX24,K562,chr1:1320529:G:A,1,0,-1.0476465225219727,modal,cuda,QKI:K562
DDX24,K562,chr1:1342776:C:T,0,0,0.20476555824279785,modal,cuda,QKI:K562
DDX24,K562,chr1:1349110:G:A,0,0,-0.5516595840454102,modal,cuda,QKI:K562
DDX24,K562,chr1:150325734:G:A,0,0,0.2887566089630127,modal,cuda,QKI:K562
DDX24,K562,chr1:150332758:T:A,0,0,0.3418586254119873,modal,cuda,QKI:K562
DDX24,K562,chr1:150557221:C:T,1,0,-1.1445858478546143,modal,cuda,QKI:K562
DDX24,K562,chr1:1522729:G:A,0,0,-0.3209974765777588,modal,cuda,QKI:K562
DDX24,K562,chr1:154589737:T:G,0,0,0.8375983238220215,modal,cuda,QKI:K562
DDX24,K562,chr1:155312274:T:C,0,0,-0.9024484157562256,modal,cuda,QKI:K562
DDX24,K562,chr1:15727007:G:A,0,0,0.5529595613479614,modal,cuda,QKI:K562
DDX24,K562,chr1:15727011:C:T,0,0,0.5912864208221436,modal,cuda,QKI:K562
DDX24,K562,chr1:160293382:T:C,0,0,-1.8416229486465454,modal,cuda,QKI:K562
DDX24,K562,chr1:160295716:T:C,0,0,0.41855382919311523,modal,cuda,QKI:K562
DDX24,K562,chr1:160295725:T:C,0,0,-0.3260812759399414,modal,cuda,QKI:K562
DDX24,K562,chr1:160295878:G:C,0,0,-0.4153308868408203,modal,cuda,QKI:K562
DDX24,K562,chr1:160297336:T:C,0,0,-0.3339998722076416,modal,cuda,QKI:K562
DDX24,K562,chr1:160305784:T:C,0,0,-0.4461700916290283,modal,cuda,QKI:K562
DDX24,K562,chr1:161170464:A:G,1,0,-0.9506938457489014,modal,cuda,QKI:K562
DDX24,K562,chr1:161170467:A:C,1,0,0.8364620208740234,modal,cuda,QKI:K562
DDX24,K562,chr1:161209915:C:A,1,0,0.4989156723022461,modal,cuda,QKI:K562
DDX24,K562,chr1:161210647:A:G,1,0,-0.12865042686462402,modal,cuda,QKI:K562
DDX24,K562,chr1:161210723:T:A,0,0,0.5952472686767578,modal,cuda,QKI:K562
DDX24,K562,chr1:161213726:C:T,0,0,0.3104119300842285,modal,cuda,QKI:K562
DDX24,K562,chr1:176136495:C:G,0,0,0.471372127532959,modal,cuda,QKI:K562
DDX24,K562,chr1:180803571:G:A,1,0,-0.761662483215332,modal,cuda,QKI:K562
DDX24,K562,chr1:180803572:T:C,0,0,-0.8285131454467773,modal,cuda,QKI:K562
DDX24,K562,chr1:180803583:T:C,1,0,-0.19964265823364258,modal,cuda,QKI:K562
DDX24,K562,chr1:180803598:T:C,1,0,-0.49655961990356445,modal,cuda,QKI:K562
DDX24,K562,chr1:19128202:A:G,0,0,-0.8182476758956909,modal,cuda,QKI:K562
DDX24,K562,chr1:19201715:T:C,0,0,-0.5230672359466553,modal,cuda,QKI:K562
DDX24,K562,chr1:19235124:T:C,0,0,-0.3712993860244751,modal,cuda,QKI:K562
DDX24,K562,chr1:193135375:C:A,0,0,0.45615971088409424,modal,cuda,QKI:K562
DDX24,K562,chr1:207785659:T:A,1,0,0.47975921630859375,modal,cuda,QKI:K562
DDX24,K562,chr1:207785684:T:A,1,0,1.0675325393676758,modal,cuda,QKI:K562
DDX24,K562,chr1:207790243:C:T,0,0,0.5796997547149658,modal,cuda,QKI:K562
DDX24,K562,chr1:21824285:G:C,0,0,-0.22428059577941895,modal,cuda,QKI:K562
DDX24,K562,chr1:21824302:C:T,0,0,0.29456663131713867,modal,cuda,QKI:K562
DDX24,K562,chr1:21887350:G:A,0,0,-0.19973742961883545,modal,cuda,QKI:K562
DDX24,K562,chr1:21887413:T:C,0,0,-0.8940308690071106,modal,cuda,QKI:K562
DDX24,K562,chr1:220195185:T:G,0,0,1.3205257654190063,modal,cuda,QKI:K562
DDX24,K562,chr1:223802722:C:T,0,0,0.15963959693908691,modal,cuda,QKI:K562
DDX24,K562,chr1:236816464:G:A,0,0,1.3170689344406128,modal,cuda,QKI:K562
DDX24,K562,chr1:236825363:T:A,1,0,1.5721640586853027,modal,cuda,QKI:K562
DDX24,K562,chr1:236873843:A:G,1,0,0.9272732734680176,modal,cuda,QKI:K562
DDX24,K562,chr1:244856161:G:A,0,0,-0.42452287673950195,modal,cuda,QKI:K562
DDX24,K562,chr1:244858724:C:T,1,0,0.7799458503723145,modal,cuda,QKI:K562
DDX24,K562,chr1:244863418:A:G,0,0,0.10263276100158691,modal,cuda,QKI:K562
DDX24,K562,chr1:244863420:A:G,0,0,0.13755249977111816,modal,cuda,QKI:K562
DDX24,K562,chr1:26761102:C:G,0,0,-2.781769275665283,modal,cuda,QKI:K562
DDX24,K562,chr1:26772800:C:T,0,0,0.2009105682373047,modal,cuda,QKI:K562
DDX24,K562,chr1:26774531:A:G,0,0,-0.7244176864624023,modal,cuda,QKI:K562
DDX24,K562,chr1:26774547:A:G,0,0,-0.4342470169067383,modal,cuda,QKI:K562
DDX24,K562,chr1:28997275:G:T,1,0,1.3066236972808838,modal,cuda,QKI:K562
DDX24,K562,chr1:32180465:A:G,0,0,-0.17484092712402344,modal,cuda,QKI:K562
DDX24,K562,chr1:35918427:G:T,0,0,0.16127872467041016,modal,cuda,QKI:K562
DDX24,K562,chr1:37888269:G:T,0,0,-0.8202621936798096,modal,cuda,QKI:K562
DDX24,K562,chr1:39257917:G:A,0,0,0.7191989421844482,modal,cuda,QKI:K562
DDX24,K562,chr1:39284212:G:T,0,0,0.9036695957183838,modal,cuda,QKI:K562
DDX24,K562,chr1:39303095:G:A,0,0,-0.5725480318069458,modal,cuda,QKI:K562
DDX24,K562,chr1:39318629:T:C,0,0,-0.6448421478271484,modal,cuda,QKI:K562
DDX24,K562,chr1:39447679:A:G,0,0,-0.5745469331741333,modal,cuda,QKI:K562
DDX24,K562,chr1:39448165:A:C,0,0,-0.5770177841186523,modal,cuda,QKI:K562
DDX24,K562,chr1:39452140:C:G,0,0,-0.8472079038619995,modal,cuda,QKI:K562
DDX24,K562,chr1:39479795:T:C,0,0,-0.426450252532959,modal,cuda,QKI:K562
DDX24,K562,chr1:45013663:C:T,1,0,0.7629568576812744,modal,cuda,QKI:K562
DDX24,K562,chr1:45014781:C:T,1,0,-1.3467960357666016,modal,cuda,QKI:K562
DDX24,K562,chr1:45014803:G:A,1,0,0.8318985104560852,modal,cuda,QKI:K562
DDX24,K562,chr1:45014835:C:G,1,0,-0.49915778636932373,modal,cuda,QKI:K562
DDX24,K562,chr1:46193432:T:C,0,0,-0.8924487829208374,modal,cuda,QKI:K562
DDX24,K562,chr1:46196073:A:C,1,0,-0.2626631259918213,modal,cuda,QKI:K562
DDX24,K562,chr1:55052418:A:C,0,0,0.26452040672302246,modal,cuda,QKI:K562
DDX24,K562,chr1:55052643:C:T,0,0,0.7174575328826904,modal,cuda,QKI:K562
DDX24,K562,chr1:58667830:T:A,0,0,-0.15317153930664062,modal,cuda,QKI:K562
DDX24,K562,chr1:58685269:G:A,0,0,-0.5339221954345703,modal,cuda,QKI:K562
DDX24,K562,chr1:77962911:G:A,0,0,0.2086186408996582,modal,cuda,QKI:K562
DDX24,K562,chr1:77963723:G:C,0,0,-0.14684075117111206,modal,cuda,QKI:K562
DDX24,K562,chr1:92297425:A:C,0,0,-0.6800494194030762,modal,cuda,QKI:K562
DDX24,K562,chr1:92297511:C:T,0,0,0.7252702713012695,modal,cuda,QKI:K562
DDX24,K562,chr1:93118449:G:A,0,0,-0.1284480094909668,modal,cuda,QKI:K562
DDX24,K562,chr1:962346:C:T,0,0,1.152219295501709,modal,cuda,QKI:K562
DDX24,K562,chr1:9719905:C:T,0,0,-0.5948379039764404,modal,cuda,QKI:K562
DDX24,K562,chr20:2654566:A:G,0,0,0.46787214279174805,modal,cuda,QKI:K562
DDX24,K562,chr20:3203207:T:C,0,0,0.15729069709777832,modal,cuda,QKI:K562
DDX24,K562,chr20:32800931:C:T,0,0,0.981532096862793,modal,cuda,QKI:K562
DDX24,K562,chr20:58909540:C:T,1,0,-0.8894318342208862,modal,cuda,QKI:K562
DDX24,K562,chr20:58909542:G:C,1,0,0.9929962158203125,modal,cuda,QKI:K562
DDX24,K562,chr20:58909543:C:T,1,0,0.7603849172592163,modal,cuda,QKI:K562
DDX24,K562,chr20:58909553:G:A,1,0,0.7987096309661865,modal,cuda,QKI:K562
DDX24,K562,chr20:58909560:G:A,0,0,-0.3351327180862427,modal,cuda,QKI:K562
DDX24,K562,chr20:58909563:G:A,1,0,-0.766564667224884,modal,cuda,QKI:K562
DDX24,K562,chr20:5952004:C:T,0,0,-0.7653857469558716,modal,cuda,QKI:K562
DDX24,K562,chr20:62309854:C:T,0,0,1.336514949798584,modal,cuda,QKI:K562
DDX24,K562,chr20:62310086:C:A,0,0,-0.18369483947753906,modal,cuda,QKI:K562
DDX24,K562,chr20:62311548:G:A,0,0,0.3494267463684082,modal,cuda,QKI:K562
DDX24,K562,chr20:62311555:C:T,0,0,0.2689371109008789,modal,cuda,QKI:K562
DDX24,K562,chr20:62311798:G:A,0,0,-0.6683916449546814,modal,cuda,QKI:K562
DDX24,K562,chr20:62313269:G:A,0,0,-0.5030064582824707,modal,cuda,QKI:K562
DDX24,K562,chr20:62315009:G:A,0,0,0.3468536138534546,modal,cuda,QKI:K562
DDX24,K562,chr20:62315011:G:A,0,0,0.7040585279464722,modal,cuda,QKI:K562
DDX24,K562,chr20:62317644:G:A,0,0,-0.11004638671875,modal,cuda,QKI:K562
DDX24,K562,chr20:62319814:C:T,0,0,-1.6175599098205566,modal,cuda,QKI:K562
DDX24,K562,chr20:62324566:C:T,0,0,0.25174617767333984,modal,cuda,QKI:K562
DDX24,K562,chr20:62324567:G:A,0,0,0.16602110862731934,modal,cuda,QKI:K562
DDX24,K562,chr20:63662886:G:T,1,0,-0.42632174491882324,modal,cuda,QKI:K562
DDX24,K562,chr20:63687621:C:T,0,0,0.48323965072631836,modal,cuda,QKI:K562
DDX24,K562,chr20:63688363:G:T,1,0,-0.37137436866760254,modal,cuda,QKI:K562
DDX24,K562,chr20:63688366:A:T,1,0,-1.3889122009277344,modal,cuda,QKI:K562
DDX24,K562,chr20:63689115:G:A,1,0,0.366119384765625,modal,cuda,QKI:K562
DDX24,K562,chr20:63689769:G:A,1,0,-1.6834237575531006,modal,cuda,QKI:K562
DDX24,K562,chr20:63689770:G:A,1,0,-1.8454766273498535,modal,cuda,QKI:K562
DDX24,K562,chr20:63690184:C:T,1,0,-0.9675788879394531,modal,cuda,QKI:K562
DDX24,K562,chr20:63983032:G:C,0,0,0.9589323997497559,modal,cuda,QKI:K562
DDX24,K562,chr21:31696110:T:C,1,0,-0.6111834049224854,modal,cuda,QKI:K562
DDX24,K562,chr21:32744819:T:G,0,0,0.9990034103393555,modal,cuda,QKI:K562
DDX24,K562,chr21:37126118:T:C,0,0,-0.7834901809692383,modal,cuda,QKI:K562
DDX24,K562,chr21:37129055:A:G,0,0,-0.22272920608520508,modal,cuda,QKI:K562
DDX24,K562,chr21:39293802:C:G,0,0,0.7036957740783691,modal,cuda,QKI:K562
DDX24,K562,chr21:43068285:G:T,0,0,0.46954256296157837,modal,cuda,QKI:K562
DDX24,K562,chr21:43755690:C:A,0,0,0.29990696907043457,modal,cuda,QKI:K562
DDX24,K562,chr21:43793309:C:T,0,0,-0.4920496940612793,modal,cuda,QKI:K562
DDX24,K562,chr21:43803502:G:C,0,0,0.12390851974487305,modal,cuda,QKI:K562
DDX24,K562,chr21:45283495:C:T,0,0,1.461273431777954,modal,cuda,QKI:K562
DDX24,K562,chr21:45477407:C:A,0,0,-0.5044493675231934,modal,cuda,QKI:K562
DDX24,K562,chr21:45477494:C:G,0,0,-0.38291454315185547,modal,cuda,QKI:K562
DDX24,K562,chr21:45490253:G:A,0,0,0.4898972511291504,modal,cuda,QKI:K562
DDX24,K562,chr21:45491328:G:A,0,0,0.3217848539352417,modal,cuda,QKI:K562
DDX24,K562,chr21:45493239:G:T,0,0,-0.4150073528289795,modal,cuda,QKI:K562
DDX24,K562,chr21:45494528:C:T,0,0,-1.2007681131362915,modal,cuda,QKI:K562
DDX24,K562,chr21:45495350:C:T,0,0,0.917068600654602,modal,cuda,QKI:K562
DDX24,K562,chr21:45507498:A:T,0,0,-0.5813016891479492,modal,cuda,QKI:K562
DDX24,K562,chr21:46213005:C:T,0,0,0.6735894680023193,modal,cuda,QKI:K562
DDX24,K562,chr21:46215306:G:A,0,0,-0.21165800094604492,modal,cuda,QKI:K562
DDX24,K562,chr21:46219578:C:G,0,0,0.8505603075027466,modal,cuda,QKI:K562
DDX24,K562,chr21:46222635:C:T,1,0,0.47243261337280273,modal,cuda,QKI:K562
DDX24,K562,chr21:46222636:C:T,1,0,0.5573151111602783,modal,cuda,QKI:K562
DDX24,K562,chr21:46258920:G:C,0,0,-1.4556488990783691,modal,cuda,QKI:K562
DDX24,K562,chr21:46498665:G:A,0,0,0.7157347798347473,modal,cuda,QKI:K562
DDX24,K562,chr22:19355751:C:T,0,3,-0.7763125896453857,modal,cuda,QKI:K562
DDX24,K562,chr22:19359312:G:A,0,3,0.7204999923706055,modal,cuda,QKI:K562
DDX24,K562,chr22:19392094:G:C,0,3,-1.279997706413269,modal,cuda,QKI:K562
DDX24,K562,chr22:19431570:A:G,0,3,0.13883322477340698,modal,cuda,QKI:K562
DDX24,K562,chr22:19455788:G:C,0,3,0.8947690725326538,modal,cuda,QKI:K562
DDX24,K562,chr22:19467853:C:T,0,3,0.3046438694000244,modal,cuda,QKI:K562
DDX24,K562,chr22:19480991:T:C,0,3,0.24234843254089355,modal,cuda,QKI:K562
DDX24,K562,chr22:19496042:A:T,0,3,-0.18637943267822266,modal,cuda,QKI:K562
DDX24,K562,chr22:19499077:C:T,0,3,0.2573719024658203,modal,cuda,QKI:K562
DDX24,K562,chr22:19516805:G:T,0,3,-0.3149888515472412,modal,cuda,QKI:K562
DDX24,K562,chr22:19880221:G:A,0,3,0.20009279251098633,modal,cuda,QKI:K562
DDX24,K562,chr22:19880248:C:T,0,3,0.4808950424194336,modal,cuda,QKI:K562
DDX24,K562,chr22:19895453:G:T,0,3,0.23819875717163086,modal,cuda,QKI:K562
DDX24,K562,chr22:19895461:T:G,0,3,0.05170154571533203,modal,cuda,QKI:K562
DDX24,K562,chr22:19898025:G:T,0,3,0.2955477237701416,modal,cuda,QKI:K562
DDX24,K562,chr22:19898050:C:G,0,3,0.057074785232543945,modal,cuda,QKI:K562
DDX24,K562,chr22:19911363:C:T,0,3,0.3321533203125,modal,cuda,QKI:K562
DDX24,K562,chr22:19911364:G:A,0,3,0.3067913055419922,modal,cuda,QKI:K562
DDX24,K562,chr22:19915767:C:G,0,3,0.2980945110321045,modal,cuda,QKI:K562
DDX24,K562,chr22:19918844:G:T,0,3,0.25028467178344727,modal,cuda,QKI:K562
DDX24,K562,chr22:19918847:G:A,0,3,0.5362386703491211,modal,cuda,QKI:K562
DDX24,K562,chr22:19918988:G:A,0,3,0.054950714111328125,modal,cuda,QKI:K562
DDX24,K562,chr22:19919562:G:A,0,3,0.19056487083435059,modal,cuda,QKI:K562
DDX24,K562,chr22:19919576:C:A,0,3,0.24734854698181152,modal,cuda,QKI:K562
DDX24,K562,chr22:19919595:G:A,0,3,-0.2343447208404541,modal,cuda,QKI:K562
DDX24,K562,chr22:19931110:G:C,0,3,0.5661818981170654,modal,cuda,QKI:K562
DDX24,K562,chr22:19962643:C:T,0,3,0.15211963653564453,modal,cuda,QKI:K562
DDX24,K562,chr22:20729303:G:A,0,3,-0.4231867790222168,modal,cuda,QKI:K562
DDX24,K562,chr22:20751767:G:A,0,3,-0.23824167251586914,modal,cuda,QKI:K562
DDX24,K562,chr22:20765707:A:T,0,3,0.27527570724487305,modal,cuda,QKI:K562
DDX24,K562,chr22:20987984:G:A,0,3,-0.7366496324539185,modal,cuda,QKI:K562
DDX24,K562,chr22:20989706:C:T,0,3,0.5896287560462952,modal,cuda,QKI:K562
DDX24,K562,chr22:20993771:G:A,0,3,-0.6682348251342773,modal,cuda,QKI:K562
DDX24,K562,chr22:21925556:C:T,0,3,0.4643678665161133,modal,cuda,QKI:K562
DDX24,K562,chr22:21933592:T:C,0,3,-0.999946117401123,modal,cuda,QKI:K562
DDX24,K562,chr22:21939572:C:T,0,3,-0.05523419380187988,modal,cuda,QKI:K562
DDX24,K562,chr22:21945839:C:A,0,3,-0.28420722484588623,modal,cuda,QKI:K562
DDX24,K562,chr22:21959742:A:G,0,3,0.502322793006897,modal,cuda,QKI:K562
DDX24,K562,chr22:21964166:C:T,0,3,0.1009979248046875,modal,cuda,QKI:K562
DDX24,K562,chr22:21964299:G:A,0,3,0.17110037803649902,modal,cuda,QKI:K562
DDX24,K562,chr22:21968703:C:T,0,3,-0.1681690216064453,modal,cuda,QKI:K562
DDX24,K562,chr22:21971869:A:G,0,3,-0.3759927749633789,modal,cuda,QKI:K562
DDX24,K562,chr22:23283971:C:G,0,3,-0.3250699043273926,modal,cuda,QKI:K562
DDX24,K562,chr22:23287285:G:T,0,3,1.0663079023361206,modal,cuda,QKI:K562
DDX24,K562,chr22:23290335:G:A,0,3,0.25751805305480957,modal,cuda,QKI:K562
DDX24,K562,chr22:25770869:C:A,0,3,-0.24099183082580566,modal,cuda,QKI:K562
DDX24,K562,chr22:31760670:A:C,0,3,-0.19678330421447754,modal,cuda,QKI:K562
DDX24,K562,chr22:31760696:C:T,1,3,0.36975574493408203,modal,cuda,QKI:K562
DDX24,K562,chr22:31760714:A:G,0,3,-0.10199761390686035,modal,cuda,QKI:K562
DDX24,K562,chr22:31764992:C:T,1,3,0.5933520793914795,modal,cuda,QKI:K562
DDX24,K562,chr22:31765028:C:T,1,3,-1.119511365890503,modal,cuda,QKI:K562
DDX24,K562,chr22:41897136:G:C,0,3,-0.27303218841552734,modal,cuda,QKI:K562
DDX24,K562,chr22:50220065:C:A,0,3,0.24794745445251465,modal,cuda,QKI:K562
DDX24,K562,chr22:50220072:A:G,0,3,0.18081378936767578,modal,cuda,QKI:K562
DDX24,K562,chr22:50220141:A:G,0,3,0.24103689193725586,modal,cuda,QKI:K562
DDX24,K562,chr22:50459685:G:A,0,3,0.3346896171569824,modal,cuda,QKI:K562
DDX24,K562,chr2:101831730:G:A,1,4,0.34291672706604004,modal,cuda,QKI:K562
DDX24,K562,chr2:101831841:A:G,1,4,-0.2580375671386719,modal,cuda,QKI:K562
DDX24,K562,chr2:147943538:A:G,0,4,0.7472569942474365,modal,cuda,QKI:K562
DDX24,K562,chr2:15467394:G:A,1,4,-1.0242525339126587,modal,cuda,QKI:K562
DDX24,K562,chr2:15467665:T:A,1,4,-0.8191488981246948,modal,cuda,QKI:K562
DDX24,K562,chr2:15467683:T:A,1,4,0.8644307851791382,modal,cuda,QKI:K562
DDX24,K562,chr2:15467718:T:C,0,4,-0.2564133405685425,modal,cuda,QKI:K562
DDX24,K562,chr2:15467723:A:G,0,4,-0.5309160947799683,modal,cuda,QKI:K562
DDX24,K562,chr2:15467724:T:C,0,4,-0.4480699300765991,modal,cuda,QKI:K562
DDX24,K562,chr2:15539332:C:T,1,4,-0.4138348698616028,modal,cuda,QKI:K562
DDX24,K562,chr2:15551480:T:C,0,4,-0.4073781967163086,modal,cuda,QKI:K562
DDX24,K562,chr2:15554052:C:G,0,4,0.20276737213134766,modal,cuda,QKI:K562
DDX24,K562,chr2:15554053:T:C,0,4,-0.3938863277435303,modal,cuda,QKI:K562
DDX24,K562,chr2:15556799:G:A,1,4,-1.1927473545074463,modal,cuda,QKI:K562
DDX24,K562,chr2:206152508:G:A,1,4,1.1193042993545532,modal,cuda,QKI:K562
DDX24,K562,chr2:219501598:G:A,0,4,1.1412758827209473,modal,cuda,QKI:K562
DDX24,K562,chr2:232794843:C:A,0,4,-1.918700933456421,modal,cuda,QKI:K562
DDX24,K562,chr2:235717543:C:T,0,4,0.3016764223575592,modal,cuda,QKI:K562
DDX24,K562,chr2:235883325:T:C,0,4,-0.5858553647994995,modal,cuda,QKI:K562
DDX24,K562,chr2:27241411:C:T,0,4,-0.45515918731689453,modal,cuda,QKI:K562
DDX24,K562,chr2:32485640:T:C,0,4,-0.2760425806045532,modal,cuda,QKI:K562
DDX24,K562,chr2:55643155:T:C,1,4,0.34687328338623047,modal,cuda,QKI:K562
DDX24,K562,chr2:61339689:G:A,0,4,-0.34802746772766113,modal,cuda,QKI:K562
DDX24,K562,chr2:61490715:T:G,1,4,-0.47017621994018555,modal,cuda,QKI:K562
DDX24,K562,chr2:69329283:C:T,0,4,0.4952049255371094,modal,cuda,QKI:K562
DDX24,K562,chr2:8817705:T:C,0,4,-1.2533985376358032,modal,cuda,QKI:K562
DDX24,K562,chr2:96284591:G:A,0,4,-0.2031083106994629,modal,cuda,QKI:K562
DDX24,K562,chr2:96290823:G:A,0,4,-0.20958876609802246,modal,cuda,QKI:K562
DDX24,K562,chr2:96297628:G:A,0,4,0.4699862003326416,modal,cuda,QKI:K562
DDX24,K562,chr2:96298427:A:G,0,4,-0.5721654891967773,modal,cuda,QKI:K562
DDX24,K562,chr3:10032981:T:G,0,3,1.1019611358642578,modal,cuda,QKI:K562
DDX24,K562,chr3:10036271:A:G,0,3,0.6919965147972107,modal,cuda,QKI:K562
DDX24,K562,chr3:10039861:G:C,0,3,-0.1466541290283203,modal,cuda,QKI:K562
DDX24,K562,chr3:10081464:G:A,1,3,0.25113987922668457,modal,cuda,QKI:K562
DDX24,K562,chr3:10088482:G:A,1,3,-0.379957914352417,modal,cuda,QKI:K562
DDX24,K562,chr3:10088483:G:A,1,3,0.277721643447876,modal,cuda,QKI:K562
DDX24,K562,chr3:10088523:C:T,1,3,-1.3912982940673828,modal,cuda,QKI:K562
DDX24,K562,chr3:10090386:G:T,1,3,1.5390608310699463,modal,cuda,QKI:K562
DDX24,K562,chr3:10092206:G:A,1,3,0.2835707664489746,modal,cuda,QKI:K562
DDX24,K562,chr3:10092265:A:G,0,3,-0.08528566360473633,modal,cuda,QKI:K562
DDX24,K562,chr3:10095234:T:A,1,3,0.13042950630187988,modal,cuda,QKI:K562
DDX24,K562,chr3:10096350:C:T,1,3,-0.9444413185119629,modal,cuda,QKI:K562
DDX24,K562,chr3:128056689:T:C,0,3,-0.990818977355957,modal,cuda,QKI:K562
DDX24,K562,chr3:128060669:C:T,0,3,-0.28899049758911133,modal,cuda,QKI:K562
DDX24,K562,chr3:129254755:C:G,0,3,-0.0348895788192749,modal,cuda,QKI:K562
DDX24,K562,chr3:130934728:A:G,0,3,-0.5752761363983154,modal,cuda,QKI:K562
DDX24,K562,chr3:139367098:G:A,0,3,-0.07493710517883301,modal,cuda,QKI:K562
DDX24,K562,chr3:139367123:A:G,0,3,0.1349964141845703,modal,cuda,QKI:K562
DDX24,K562,chr3:14168330:G:A,1,3,0.49556446075439453,modal,cuda,QKI:K562
DDX24,K562,chr3:14168389:A:T,1,3,-0.8272707462310791,modal,cuda,QKI:K562
DDX24,K562,chr3:14447599:G:A,0,3,0.20597100257873535,modal,cuda,QKI:K562
DDX24,K562,chr3:14466529:C:T,1,3,-0.14616596698760986,modal,cuda,QKI:K562
DDX24,K562,chr3:177038395:A:G,1,3,-0.32206273078918457,modal,cuda,QKI:K562
DDX24,K562,chr3:177038442:G:A,0,3,0.20637726783752441,modal,cuda,QKI:K562
DDX24,K562,chr3:177047481:T:C,0,3,-0.644784688949585,modal,cuda,QKI:K562
DDX24,K562,chr3:183803345:A:G,0,3,-0.1478586196899414,modal,cuda,QKI:K562
DDX24,K562,chr3:184164937:G:A,0,3,0.22442030906677246,modal,cuda,QKI:K562
DDX24,K562,chr3:184165219:G:A,0,3,-0.08072292804718018,modal,cuda,QKI:K562
DDX24,K562,chr3:184166120:C:T,0,3,-0.24317193031311035,modal,cuda,QKI:K562
DDX24,K562,chr3:184166270:C:A,0,3,0.08139491081237793,modal,cuda,QKI:K562
DDX24,K562,chr3:184166530:T:C,0,3,-0.11636972427368164,modal,cuda,QKI:K562
DDX24,K562,chr3:194427078:G:A,0,3,0.09259414672851562,modal,cuda,QKI:K562
DDX24,K562,chr3:194427130:C:T,0,3,0.603888988494873,modal,cuda,QKI:K562
DDX24,K562,chr3:194431876:A:G,0,3,-0.20936894416809082,modal,cuda,QKI:K562
DDX24,K562,chr3:194438909:G:A,0,3,0.45858240127563477,modal,cuda,QKI:K562
DDX24,K562,chr3:194438916:T:C,0,3,-0.47735291719436646,modal,cuda,QKI:K562
DDX24,K562,chr3:194438977:A:G,0,3,0.08697903156280518,modal,cuda,QKI:K562
DDX24,K562,chr3:194438985:A:G,0,3,0.3198204040527344,modal,cuda,QKI:K562
DDX24,K562,chr3:194455983:C:A,0,3,-3.5060410499572754,modal,cuda,QKI:K562
DDX24,K562,chr3:196055305:C:T,0,3,-0.07831716537475586,modal,cuda,QKI:K562
DDX24,K562,chr3:196055306:A:G,0,3,-0.32089662551879883,modal,cuda,QKI:K562
DDX24,K562,chr3:196055313:C:T,0,3,0.18944787979125977,modal,cuda,QKI:K562
DDX24,K562,chr3:196055316:G:A,0,3,0.11569762229919434,modal,cuda,QKI:K562
DDX24,K562,chr3:196058376:A:G,0,3,0.13555479049682617,modal,cuda,QKI:K562
DDX24,K562,chr3:196062837:G:T,0,3,0.21866655349731445,modal,cuda,QKI:K562
DDX24,K562,chr3:196065426:G:C,0,3,0.4495398998260498,modal,cuda,QKI:K562
DDX24,K562,chr3:196065430:G:T,0,3,0.18444281816482544,modal,cuda,QKI:K562
DDX24,K562,chr3:196067669:A:C,0,3,0.2165541648864746,modal,cuda,QKI:K562
DDX24,K562,chr3:197138319:C:T,0,3,0.21123456954956055,modal,cuda,QKI:K562
DDX24,K562,chr3:197138320:G:A,0,3,0.20566773414611816,modal,cuda,QKI:K562
DDX24,K562,chr3:197839383:T:C,0,3,-0.14266490936279297,modal,cuda,QKI:K562
DDX24,K562,chr3:36996644:C:T,1,3,-0.5600714683532715,modal,cuda,QKI:K562
DDX24,K562,chr3:36996648:T:A,1,3,-0.16996026039123535,modal,cuda,QKI:K562
DDX24,K562,chr3:36996659:G:T,1,3,0.45537781715393066,modal,cuda,QKI:K562
DDX24,K562,chr3:36996668:C:T,0,3,-0.15411901473999023,modal,cuda,QKI:K562
DDX24,K562,chr3:36996670:G:A,0,3,0.19359350204467773,modal,cuda,QKI:K562
DDX24,K562,chr3:36996671:A:T,1,3,-0.5838735103607178,modal,cuda,QKI:K562
DDX24,K562,chr3:36996680:C:T,1,3,0.25717782974243164,modal,cuda,QKI:K562
DDX24,K562,chr3:36996686:C:T,1,3,-0.5282309055328369,modal,cuda,QKI:K562
DDX24,K562,chr3:36996691:C:A,1,3,-0.1904458999633789,modal,cuda,QKI:K562
DDX24,K562,chr3:36996697:C:T,0,3,-0.1995375156402588,modal,cuda,QKI:K562
DDX24,K562,chr3:36996701:G:A,1,3,0.2354111671447754,modal,cuda,QKI:K562
DDX24,K562,chr3:36996701:G:T,1,3,0.47933292388916016,modal,cuda,QKI:K562
DDX24,K562,chr3:36996702:G:A,1,3,0.17003488540649414,modal,cuda,QKI:K562
DDX24,K562,chr3:36996710:G:C,1,3,0.43668603897094727,modal,cuda,QKI:K562
DDX24,K562,chr3:36996711:T:G,1,3,-0.28010082244873047,modal,cuda,QKI:K562
DDX24,K562,chr3:37000953:A:G,1,3,0.5705387592315674,modal,cuda,QKI:K562
DDX24,K562,chr3:37000954:G:A,1,3,-1.3552262783050537,modal,cuda,QKI:K562
DDX24,K562,chr3:37000958:G:T,1,3,0.37979042530059814,modal,cuda,QKI:K562
DDX24,K562,chr3:37000976:T:C,1,3,0.37837284803390503,modal,cuda,QKI:K562
DDX24,K562,chr3:37000977:G:A,1,3,0.39932477474212646,modal,cuda,QKI:K562
DDX24,K562,chr3:37000979:G:T,1,3,-1.6360472440719604,modal,cuda,QKI:K562
DDX24,K562,chr3:37000992:C:T,1,3,1.4001158475875854,modal,cuda,QKI:K562
DDX24,K562,chr3:37000997:A:T,1,3,1.5626678466796875,modal,cuda,QKI:K562
DDX24,K562,chr3:37001003:C:T,1,3,-0.859548807144165,modal,cuda,QKI:K562
DDX24,K562,chr3:37001008:C:A,0,3,-0.16814279556274414,modal,cuda,QKI:K562
DDX24,K562,chr3:37001012:G:T,1,3,0.5274715423583984,modal,cuda,QKI:K562
DDX24,K562,chr3:37001019:T:G,1,3,-1.6212785243988037,modal,cuda,QKI:K562
DDX24,K562,chr3:37001045:C:T,1,3,-0.2927112579345703,modal,cuda,QKI:K562
DDX24,K562,chr3:37001046:G:C,1,3,0.16068005561828613,modal,cuda,QKI:K562
DDX24,K562,chr3:37001053:G:C,1,3,0.401228666305542,modal,cuda,QKI:K562
DDX24,K562,chr3:37001054:G:A,1,3,0.8607032299041748,modal,cuda,QKI:K562
DDX24,K562,chr3:37001054:G:C,1,3,0.5701818466186523,modal,cuda,QKI:K562
DDX24,K562,chr3:37001054:G:T,1,3,0.5974044799804688,modal,cuda,QKI:K562
DDX24,K562,chr3:37001055:T:A,1,3,0.5781891345977783,modal,cuda,QKI:K562
DDX24,K562,chr3:37001058:G:A,1,3,0.6382018327713013,modal,cuda,QKI:K562
DDX24,K562,chr3:37006992:G:C,1,3,-0.3781508803367615,modal,cuda,QKI:K562
DDX24,K562,chr3:37007000:C:A,1,3,-0.8001775741577148,modal,cuda,QKI:K562
DDX24,K562,chr3:37007000:C:G,1,3,-0.9094789028167725,modal,cuda,QKI:K562
DDX24,K562,chr3:37007002:C:A,1,3,-0.5817272663116455,modal,cuda,QKI:K562
DDX24,K562,chr3:37007002:C:G,1,3,0.493985652923584,modal,cuda,QKI:K562
DDX24,K562,chr3:37007004:G:C,0,3,-0.8655697703361511,modal,cuda,QKI:K562
DDX24,K562,chr3:37007007:G:T,1,3,-1.059206485748291,modal,cuda,QKI:K562
DDX24,K562,chr3:37007016:A:T,1,3,0.8284456729888916,modal,cuda,QKI:K562
DDX24,K562,chr3:37007028:A:T,1,3,0.47696614265441895,modal,cuda,QKI:K562
DDX24,K562,chr3:37007039:T:G,0,3,-0.2971155643463135,modal,cuda,QKI:K562
DDX24,K562,chr3:37007042:C:G,0,3,0.22306442260742188,modal,cuda,QKI:K562
DDX24,K562,chr3:37007046:C:T,1,3,0.3221304416656494,modal,cuda,QKI:K562
DDX24,K562,chr3:37007055:C:T,1,3,0.7563695907592773,modal,cuda,QKI:K562
DDX24,K562,chr3:37008874:G:T,1,3,-0.9016363620758057,modal,cuda,QKI:K562
DDX24,K562,chr3:37008879:T:A,1,3,-0.3697049617767334,modal,cuda,QKI:K562
DDX24,K562,chr3:37008903:C:T,1,3,0.21355700492858887,modal,cuda,QKI:K562
DDX24,K562,chr3:37008904:A:G,1,3,-0.14662909507751465,modal,cuda,QKI:K562
DDX24,K562,chr3:37008905:G:A,1,3,0.20984268188476562,modal,cuda,QKI:K562
DDX24,K562,chr3:37008907:T:A,1,3,-0.13720417022705078,modal,cuda,QKI:K562
DDX24,K562,chr3:37008907:T:C,1,3,-0.12828540802001953,modal,cuda,QKI:K562
DDX24,K562,chr3:37008908:A:G,1,3,-0.7463419437408447,modal,cuda,QKI:K562
DDX24,K562,chr3:37008925:A:T,0,3,0.14971542358398438,modal,cuda,QKI:K562
DDX24,K562,chr3:37011823:T:G,1,3,-0.32202625274658203,modal,cuda,QKI:K562
DDX24,K562,chr3:37011825:C:G,1,3,-0.6912376880645752,modal,cuda,QKI:K562
DDX24,K562,chr3:37011828:T:G,1,3,-0.8269803524017334,modal,cuda,QKI:K562
DDX24,K562,chr3:37011852:C:G,1,3,-0.2438054084777832,modal,cuda,QKI:K562
DDX24,K562,chr3:37011860:A:T,1,3,-0.45241641998291016,modal,cuda,QKI:K562
DDX24,K562,chr3:37011867:G:A,1,3,0.4920163154602051,modal,cuda,QKI:K562
DDX24,K562,chr3:37011873:G:C,0,3,0.4859679937362671,modal,cuda,QKI:K562
DDX24,K562,chr3:38009716:G:A,0,3,0.5964170694351196,modal,cuda,QKI:K562
DDX24,K562,chr3:38009720:G:A,0,3,-0.45900022983551025,modal,cuda,QKI:K562
DDX24,K562,chr3:38129319:C:G,0,3,0.19729351997375488,modal,cuda,QKI:K562
DDX24,K562,chr3:38129373:G:A,0,3,-0.1809406280517578,modal,cuda,QKI:K562
DDX24,K562,chr3:42188999:C:T,0,3,0.28312063217163086,modal,cuda,QKI:K562
DDX24,K562,chr3:42193853:G:A,0,3,0.31845617294311523,modal,cuda,QKI:K562
DDX24,K562,chr3:43565644:T:C,0,3,0.7913882732391357,modal,cuda,QKI:K562
DDX24,K562,chr3:43576710:C:A,1,3,0.36171865463256836,modal,cuda,QKI:K562
DDX24,K562,chr3:43576722:G:A,1,3,0.3261277675628662,modal,cuda,QKI:K562
DDX24,K562,chr3:43576788:T:C,0,3,-0.165388822555542,modal,cuda,QKI:K562
DDX24,K562,chr3:4658283:C:G,0,3,-0.23186755180358887,modal,cuda,QKI:K562
DDX24,K562,chr3:47007225:C:T,0,3,-0.28095245361328125,modal,cuda,QKI:K562
DDX24,K562,chr3:47977856:A:C,0,3,-0.6508416533470154,modal,cuda,QKI:K562
DDX24,K562,chr3:48628021:G:A,0,3,-0.1772141456604004,modal,cuda,QKI:K562
DDX24,K562,chr3:49100579:C:T,1,3,-1.0937358140945435,modal,cuda,QKI:K562
DDX24,K562,chr3:49101858:G:A,0,3,0.25797176361083984,modal,cuda,QKI:K562
DDX24,K562,chr3:52408610:G:A,0,3,-0.26497721672058105,modal,cuda,QKI:K562
DDX24,K562,chr3:52408611:G:A,0,3,0.20183086395263672,modal,cuda,QKI:K562
DDX24,K562,chr3:9684571:C:T,0,3,0.27690839767456055,modal,cuda,QKI:K562
DDX24,K562,chr3:9688681:G:A,0,3,0.339733362197876,modal,cuda,QKI:K562
DDX24,K562,chr3:9688993:G:A,0,3,-0.21404743194580078,modal,cuda,QKI:K562
DDX24,K562,chr3:9924216:T:G,0,3,-0.600956916809082,modal,cuda,QKI:K562
DDX24,K562,chr3:9924243:G:C,0,3,-0.10893058776855469,modal,cuda,QKI:K562
DDX24,K562,chr3:9928162:C:T,0,3,-0.058870792388916016,modal,cuda,QKI:K562
DDX24,K562,chr3:9928227:C:T,0,3,0.37988173961639404,modal,cuda,QKI:K562
DDX24,K562,chr3:9928231:C:T,0,3,0.6169154644012451,modal,cuda,QKI:K562
DDX24,K562,chr3:9928289:T:C,0,3,-0.6468584537506104,modal,cuda,QKI:K562
DDX24,K562,chr3:9938029:C:G,0,3,-0.1409916877746582,modal,cuda,QKI:K562
DDX24,K562,chr3:9938045:G:A,1,3,0.2425673007965088,modal,cuda,QKI:K562
DDX24,K562,chr3:9941222:G:A,0,3,-1.9895670413970947,modal,cuda,QKI:K562
DDX24,K562,chr3:9943122:G:T,1,3,0.25104784965515137,modal,cuda,QKI:K562
DDX24,K562,chr3:9943412:G:A,0,3,0.11219251155853271,modal,cuda,QKI:K562
DDX24,K562,chr3:9943445:C:A,0,3,0.05839872360229492,modal,cuda,QKI:K562
DDX24,K562,chr4:1000901:C:T,0,1,-0.5344829559326172,modal,cuda,QKI:K562
DDX24,K562,chr4:1000953:A:T,1,1,-2.764608144760132,modal,cuda,QKI:K562
DDX24,K562,chr4:1001194:G:A,0,1,0.5681591033935547,modal,cuda,QKI:K562
DDX24,K562,chr4:1003307:T:C,0,1,0.3956722021102905,modal,cuda,QKI:K562
DDX24,K562,chr4:118815021:T:C,0,1,-0.9240351915359497,modal,cuda,QKI:K562
DDX24,K562,chr4:150844091:G:A,0,1,-1.709390640258789,modal,cuda,QKI:K562
DDX24,K562,chr4:150872652:G:A,0,1,-0.42972326278686523,modal,cuda,QKI:K562
DDX24,K562,chr4:150929074:G:A,0,1,-0.6798160076141357,modal,cuda,QKI:K562
DDX24,K562,chr4:169588686:G:A,1,1,-0.8674290180206299,modal,cuda,QKI:K562
DDX24,K562,chr4:1730877:G:C,0,1,-2.575249195098877,modal,cuda,QKI:K562
DDX24,K562,chr4:1802097:C:G,0,1,-1.1819875240325928,modal,cuda,QKI:K562
DDX24,K562,chr4:1802199:T:C,0,1,1.863010048866272,modal,cuda,QKI:K562
DDX24,K562,chr4:1804844:G:A,0,1,1.8263213634490967,modal,cuda,QKI:K562
DDX24,K562,chr4:1805790:C:T,0,1,-0.3819770812988281,modal,cuda,QKI:K562
DDX24,K562,chr4:1805823:G:A,0,1,0.45978832244873047,modal,cuda,QKI:K562
DDX24,K562,chr4:1807446:C:T,0,1,1.4109469652175903,modal,cuda,QKI:K562
DDX24,K562,chr4:1904379:G:C,1,1,1.540891408920288,modal,cuda,QKI:K562
DDX24,K562,chr4:1952088:C:T,0,1,1.9711506366729736,modal,cuda,QKI:K562
DDX24,K562,chr4:1952089:G:A,0,1,1.5010406970977783,modal,cuda,QKI:K562
DDX24,K562,chr4:1953320:T:C,0,1,3.108436107635498,modal,cuda,QKI:K562
DDX24,K562,chr4:1955864:A:C,0,1,-0.8200302124023438,modal,cuda,QKI:K562
DDX24,K562,chr4:1956205:A:G,0,1,0.43013453483581543,modal,cuda,QKI:K562
DDX24,K562,chr4:1958042:G:A,0,1,1.2439630031585693,modal,cuda,QKI:K562
DDX24,K562,chr4:2663247:A:G,0,1,-0.5963640213012695,modal,cuda,QKI:K562
DDX24,K562,chr4:47885519:T:C,0,1,1.82489013671875,modal,cuda,QKI:K562
DDX24,K562,chr4:47885974:G:A,0,1,0.5146889686584473,modal,cuda,QKI:K562
DDX24,K562,chr4:80008502:G:C,0,1,-1.7552409172058105,modal,cuda,QKI:K562
DDX24,K562,chr4:80069511:C:T,0,1,1.9164035320281982,modal,cuda,QKI:K562
DDX24,K562,chr4:82872090:A:C,0,1,3.6996002197265625,modal,cuda,QKI:K562
DDX24,K562,chr5:126819073:T:C,1,1,-0.9037532806396484,modal,cuda,QKI:K562
DDX24,K562,chr5:146120521:A:C,0,1,-0.7011858224868774,modal,cuda,QKI:K562
DDX24,K562,chr5:146157709:A:T,0,1,0.9248504638671875,modal,cuda,QKI:K562
DDX24,K562,chr5:146164483:G:A,0,1,0.4970407485961914,modal,cuda,QKI:K562
DDX24,K562,chr5:146168206:T:C,0,1,-2.0735700130462646,modal,cuda,QKI:K562
DDX24,K562,chr5:146168276:T:C,0,1,1.8115733861923218,modal,cuda,QKI:K562
DDX24,K562,chr5:146171902:G:A,0,1,-4.485748767852783,modal,cuda,QKI:K562
DDX24,K562,chr5:146171959:T:C,0,1,-1.6404114961624146,modal,cuda,QKI:K562
DDX24,K562,chr5:146172783:C:A,0,1,1.2370777130126953,modal,cuda,QKI:K562
DDX24,K562,chr5:150361143:T:C,0,1,0.8303805589675903,modal,cuda,QKI:K562
DDX24,K562,chr5:150375563:C:T,0,1,0.23302245140075684,modal,cuda,QKI:K562
DDX24,K562,chr5:169671117:A:G,0,1,-1.03952956199646,modal,cuda,QKI:K562
DDX24,K562,chr5:169700093:C:A,0,1,-0.8088529109954834,modal,cuda,QKI:K562
DDX24,K562,chr5:177490914:G:A,0,1,-0.5602549314498901,modal,cuda,QKI:K562
DDX24,K562,chr5:179618141:G:A,0,1,2.954453945159912,modal,cuda,QKI:K562
DDX24,K562,chr5:41842686:G:A,0,1,0.818335235118866,modal,cuda,QKI:K562
DDX24,K562,chr5:41842690:C:T,1,1,-1.2878646850585938,modal,cuda,QKI:K562
DDX24,K562,chr5:41842697:G:A,1,1,1.5509634017944336,modal,cuda,QKI:K562
DDX24,K562,chr5:6611712:G:A,0,1,-1.0197210311889648,modal,cuda,QKI:K562
DDX24,K562,chr5:6611749:C:T,1,1,0.8532497882843018,modal,cuda,QKI:K562
DDX24,K562,chr5:6616737:T:C,0,1,-1.5369921922683716,modal,cuda,QKI:K562
DDX24,K562,chr5:6616795:T:G,1,1,-2.3129031658172607,modal,cuda,QKI:K562
DDX24,K562,chr5:78156252:A:G,1,1,0.6345553398132324,modal,cuda,QKI:K562
DDX24,K562,chr5:78228133:C:T,0,1,0.8863987922668457,modal,cuda,QKI:K562
DDX24,K562,chr5:90705508:C:A,1,1,-2.0560102462768555,modal,cuda,QKI:K562
DDX24,K562,chr5:90705528:G:T,1,1,-2.7951860427856445,modal,cuda,QKI:K562
DDX24,K562,chr5:90705551:T:G,0,1,1.367963433265686,modal,cuda,QKI:K562
DDX24,K562,chr6:104796938:T:C,0,3,-0.16571903228759766,modal,cuda,QKI:K562
DDX24,K562,chr6:104796988:G:A,1,3,0.7795372009277344,modal,cuda,QKI:K562
DDX24,K562,chr6:104843270:C:A,1,3,-0.8458755016326904,modal,cuda,QKI:K562
DDX24,K562,chr6:157936048:C:T,0,3,3.0309135913848877,modal,cuda,QKI:K562
DDX24,K562,chr6:30914857:C:T,0,3,-0.1891946792602539,modal,cuda,QKI:K562
DDX24,K562,chr6:30914912:C:T,0,3,0.2804710865020752,modal,cuda,QKI:K562
DDX24,K562,chr6:30921056:T:C,0,3,0.18820405006408691,modal,cuda,QKI:K562
DDX24,K562,chr6:30922429:T:C,0,3,-0.3463919162750244,modal,cuda,QKI:K562
DDX24,K562,chr6:31536689:G:A,0,3,-0.1310340166091919,modal,cuda,QKI:K562
DDX24,K562,chr6:31636058:C:T,0,3,-0.1627345085144043,modal,cuda,QKI:K562
DDX24,K562,chr6:31687869:G:A,1,3,0.38796019554138184,modal,cuda,QKI:K562
DDX24,K562,chr6:31688737:C:T,0,3,0.3571600914001465,modal,cuda,QKI:K562
DDX24,K562,chr6:31742911:G:A,0,3,0.36799168586730957,modal,cuda,QKI:K562
DDX24,K562,chr6:31759476:G:T,1,3,0.365447998046875,modal,cuda,QKI:K562
DDX24,K562,chr6:31760120:C:T,0,3,-0.12331581115722656,modal,cuda,QKI:K562
DDX24,K562,chr6:31761582:A:G,0,3,-0.5421700477600098,modal,cuda,QKI:K562
DDX24,K562,chr6:31762148:C:T,0,3,0.08516120910644531,modal,cuda,QKI:K562
DDX24,K562,chr6:31881061:C:A,1,3,-0.14748692512512207,modal,cuda,QKI:K562
DDX24,K562,chr6:31881061:C:T,1,3,0.17585492134094238,modal,cuda,QKI:K562
DDX24,K562,chr6:31961035:C:G,0,3,0.1933293342590332,modal,cuda,QKI:K562
DDX24,K562,chr6:32974487:T:C,0,3,0.08985614776611328,modal,cuda,QKI:K562
DDX24,K562,chr6:32974500:G:A,0,3,0.46469181776046753,modal,cuda,QKI:K562
DDX24,K562,chr6:32976246:C:G,0,3,-1.1898773908615112,modal,cuda,QKI:K562
DDX24,K562,chr6:32977753:G:C,0,3,0.2451484203338623,modal,cuda,QKI:K562
DDX24,K562,chr6:33297068:G:A,0,3,0.4557013511657715,modal,cuda,QKI:K562
DDX24,K562,chr6:33440713:C:T,0,3,0.190871000289917,modal,cuda,QKI:K562
DDX24,K562,chr6:33440726:C:G,1,3,-1.4946928024291992,modal,cuda,QKI:K562
DDX24,K562,chr6:33685103:G:A,0,3,0.32463783025741577,modal,cuda,QKI:K562
DDX24,K562,chr6:33685166:C:A,0,3,-0.502335250377655,modal,cuda,QKI:K562
DDX24,K562,chr6:43046422:G:C,0,3,0.625943660736084,modal,cuda,QKI:K562
DDX24,K562,chr6:43046495:G:A,0,3,-0.139115571975708,modal,cuda,QKI:K562
DDX24,K562,chr6:43527615:G:A,0,3,-0.3838677406311035,modal,cuda,QKI:K562
DDX24,K562,chr6:43565668:G:A,0,3,0.5464611053466797,modal,cuda,QKI:K562
DDX24,K562,chr6:43626216:G:C,0,3,0.21289968490600586,modal,cuda,QKI:K562
DDX24,K562,chr6:44231359:C:T,0,3,0.15329790115356445,modal,cuda,QKI:K562
DDX24,K562,chr6:53276167:A:G,0,3,0.22394585609436035,modal,cuda,QKI:K562
DDX24,K562,chr6:79016535:A:T,0,3,0.09398746490478516,modal,cuda,QKI:K562
DDX24,K562,chr6:79019166:T:C,0,3,-0.9840947389602661,modal,cuda,QKI:K562
DDX24,K562,chr6:79025924:T:C,0,3,-0.12270522117614746,modal,cuda,QKI:K562
DDX24,K562,chr6:79060464:C:G,0,3,0.4188324213027954,modal,cuda,QKI:K562
DDX24,K562,chr6:79077837:C:T,0,3,-0.22247321903705597,modal,cuda,QKI:K562
DDX24,K562,chr6:79078019:C:T,0,3,0.16878962516784668,modal,cuda,QKI:K562
DDX24,K562,chr6:80203114:C:T,1,3,0.7208490371704102,modal,cuda,QKI:K562
DDX24,K562,chr6:80203193:A:T,1,3,0.13003063201904297,modal,cuda,QKI:K562
DDX24,K562,chr7:100577077:G:A,0,2,0.10587930679321289,modal,cuda,QKI:K562
DDX24,K562,chr7:100628208:C:T,0,2,0.958240270614624,modal,cuda,QKI:K562
DDX24,K562,chr7:100632995:A:T,0,2,-0.9599846601486206,modal,cuda,QKI:K562
DDX24,K562,chr7:100686291:T:C,0,2,-0.44156956672668457,modal,cuda,QKI:K562
DDX24,K562,chr7:100687818:C:G,0,2,-0.29061445593833923,modal,cuda,QKI:K562
DDX24,K562,chr7:100688089:G:A,0,2,0.4256017208099365,modal,cuda,QKI:K562
DDX24,K562,chr7:105546937:C:T,0,2,-5.437329292297363,modal,cuda,QKI:K562
DDX24,K562,chr7:107258276:T:C,0,2,0.586916446685791,modal,cuda,QKI:K562
DDX24,K562,chr7:107258332:G:A,1,2,0.20329880714416504,modal,cuda,QKI:K562
DDX24,K562,chr7:107283555:T:C,0,2,-0.23251104354858398,modal,cuda,QKI:K562
DDX24,K562,chr7:107362361:A:G,0,2,0.0775301456451416,modal,cuda,QKI:K562
DDX24,K562,chr7:107362409:G:A,1,2,0.4207876920700073,modal,cuda,QKI:K562
DDX24,K562,chr7:107372598:T:A,1,2,1.244542121887207,modal,cuda,QKI:K562
DDX24,K562,chr7:107372619:G:A,1,2,0.7414426803588867,modal,cuda,QKI:K562
DDX24,K562,chr7:107527288:G:A,1,2,0.2639584541320801,modal,cuda,QKI:K562
DDX24,K562,chr7:107548274:G:T,0,2,-0.5123807191848755,modal,cuda,QKI:K562
DDX24,K562,chr7:107548350:T:C,0,2,1.4664812088012695,modal,cuda,QKI:K562
DDX24,K562,chr7:127701159:C:T,0,2,-0.17475557327270508,modal,cuda,QKI:K562
DDX24,K562,chr7:128851443:C:T,0,2,-0.21370816230773926,modal,cuda,QKI:K562
DDX24,K562,chr7:128851464:C:A,1,2,0.3718883991241455,modal,cuda,QKI:K562
DDX24,K562,chr7:139259375:G:A,0,2,1.4601718187332153,modal,cuda,QKI:K562
DDX24,K562,chr7:140351264:G:A,0,2,0.2691984176635742,modal,cuda,QKI:K562
DDX24,K562,chr7:140351316:G:A,0,2,0.6596373319625854,modal,cuda,QKI:K562
DDX24,K562,chr7:140369626:G:T,0,2,0.1555013656616211,modal,cuda,QKI:K562
DDX24,K562,chr7:142943600:T:A,0,2,0.18517208099365234,modal,cuda,QKI:K562
DDX24,K562,chr7:143291552:G:A,0,2,0.4610100984573364,modal,cuda,QKI:K562
DDX24,K562,chr7:1435155:G:A,0,2,-0.21502292156219482,modal,cuda,QKI:K562
DDX24,K562,chr7:148828887:C:T,0,2,1.7097790241241455,modal,cuda,QKI:K562
DDX24,K562,chr7:150948412:G:C,0,2,0.4040565490722656,modal,cuda,QKI:K562
DDX24,K562,chr7:150948954:T:A,1,2,-0.2782442569732666,modal,cuda,QKI:K562
DDX24,K562,chr7:150948971:G:A,1,2,-0.08001017570495605,modal,cuda,QKI:K562
DDX24,K562,chr7:150949031:C:G,1,2,-0.1105659008026123,modal,cuda,QKI:K562
DDX24,K562,chr7:150951022:C:A,1,2,-0.29836487770080566,modal,cuda,QKI:K562
DDX24,K562,chr7:150951076:G:A,1,2,-0.1406543254852295,modal,cuda,QKI:K562
DDX24,K562,chr7:150951080:G:A,0,2,0.17450463771820068,modal,cuda,QKI:K562
DDX24,K562,chr7:152235812:C:A,0,2,-0.2467958927154541,modal,cuda,QKI:K562
DDX24,K562,chr7:152309960:A:G,0,2,-1.2601442337036133,modal,cuda,QKI:K562
DDX24,K562,chr7:152309963:T:C,0,2,-0.7081270217895508,modal,cuda,QKI:K562
DDX24,K562,chr7:156725498:G:A,0,2,-0.48594701290130615,modal,cuda,QKI:K562
DDX24,K562,chr7:156725501:G:A,0,2,-0.27322983741760254,modal,cuda,QKI:K562
DDX24,K562,chr7:156796455:A:G,0,2,0.23682880401611328,modal,cuda,QKI:K562
DDX24,K562,chr7:158655163:T:G,0,2,0.08845138549804688,modal,cuda,QKI:K562
DDX24,K562,chr7:158656612:C:T,0,2,0.21945834159851074,modal,cuda,QKI:K562
DDX24,K562,chr7:158664658:A:G,0,2,-0.4650764465332031,modal,cuda,QKI:K562
DDX24,K562,chr7:158664766:A:G,0,2,-0.2244887351989746,modal,cuda,QKI:K562
DDX24,K562,chr7:158913110:C:G,0,2,-0.2341684103012085,modal,cuda,QKI:K562
DDX24,K562,chr7:158914230:T:A,1,2,0.4166826009750366,modal,cuda,QKI:K562
DDX24,K562,chr7:158914326:A:G,0,2,-0.24843740463256836,modal,cuda,QKI:K562
DDX24,K562,chr7:158914340:T:C,0,2,0.03574395179748535,modal,cuda,QKI:K562
DDX24,K562,chr7:158926393:C:T,0,2,-0.2802872657775879,modal,cuda,QKI:K562
DDX24,K562,chr7:2540935:C:T,0,2,-0.08930468559265137,modal,cuda,QKI:K562
DDX24,K562,chr7:2540979:C:G,1,2,0.44056034088134766,modal,cuda,QKI:K562
DDX24,K562,chr7:2540979:C:T,1,2,0.43649959564208984,modal,cuda,QKI:K562
DDX24,K562,chr7:44118068:G:A,0,2,-0.1894528865814209,modal,cuda,QKI:K562
DDX24,K562,chr7:5216554:C:T,0,2,-0.20507711172103882,modal,cuda,QKI:K562
DDX24,K562,chr7:6048789:A:G,0,2,0.16865801811218262,modal,cuda,QKI:K562
DDX24,K562,chr7:66086834:C:T,0,2,-0.26007765531539917,modal,cuda,QKI:K562
DDX24,K562,chr7:66086944:T:C,0,2,0.2608189582824707,modal,cuda,QKI:K562
DDX24,K562,chr7:851454:G:A,0,2,0.29228270053863525,modal,cuda,QKI:K562
DDX24,K562,chr7:851463:G:T,0,2,0.27254223823547363,modal,cuda,QKI:K562
DDX24,K562,chr7:851941:C:A,0,2,0.905394434928894,modal,cuda,QKI:K562
DDX24,K562,chr7:851999:G:A,0,2,-0.7184820175170898,modal,cuda,QKI:K562
DDX24,K562,chr7:852779:C:A,0,2,0.444028377532959,modal,cuda,QKI:K562
DDX24,K562,chr7:852795:G:A,0,2,0.22324323654174805,modal,cuda,QKI:K562
DDX24,K562,chr7:852798:C:G,0,2,-0.4183981418609619,modal,cuda,QKI:K562
DDX24,K562,chr7:853488:A:G,0,2,0.08355867862701416,modal,cuda,QKI:K562
DDX24,K562,chr7:855021:C:G,0,2,-0.37543177604675293,modal,cuda,QKI:K562
DDX24,K562,chr7:855021:C:T,0,2,-0.23491358757019043,modal,cuda,QKI:K562
DDX24,K562,chr7:857855:A:G,0,2,-0.3064143657684326,modal,cuda,QKI:K562
DDX24,K562,chr7:857859:G:A,0,2,0.21918845176696777,modal,cuda,QKI:K562
DDX24,K562,chr7:860183:G:T,0,2,-0.11985433101654053,modal,cuda,QKI:K562
DDX24,K562,chr7:869411:G:A,0,2,0.23675227165222168,modal,cuda,QKI:K562
DDX24,K562,chr7:869435:C:T,0,2,0.0967092514038086,modal,cuda,QKI:K562
DDX24,K562,chr7:869482:A:G,0,2,-0.33117079734802246,modal,cuda,QKI:K562
DDX24,K562,chr7:869529:G:A,0,2,-0.30548834800720215,modal,cuda,QKI:K562
DDX24,K562,chr7:869533:G:A,0,2,-0.09584164619445801,modal,cuda,QKI:K562
DDX24,K562,chr7:872451:T:C,0,2,0.2599666118621826,modal,cuda,QKI:K562
DDX24,K562,chr7:92045220:G:C,0,2,0.5886518955230713,modal,cuda,QKI:K562
DDX24,K562,chr7:92225703:A:G,0,2,0.47615140676498413,modal,cuda,QKI:K562
DDX24,K562,chr7:98897877:C:T,0,2,0.9465194940567017,modal,cuda,QKI:K562
DDX24,K562,chr7:98956551:T:C,0,2,-1.0680081844329834,modal,cuda,QKI:K562
DDX24,K562,chr8:102270190:G:T,0,0,0.4890470504760742,modal,cuda,QKI:K562
DDX24,K562,chr8:140535542:C:G,1,0,-0.5184900164604187,modal,cuda,QKI:K562
DDX24,K562,chr8:143931528:C:T,0,0,-0.4794192314147949,modal,cuda,QKI:K562
DDX24,K562,chr8:143934106:C:T,0,0,-0.55851149559021,modal,cuda,QKI:K562
DDX24,K562,chr8:143935188:G:A,0,0,0.3297305107116699,modal,cuda,QKI:K562
DDX24,K562,chr8:143935838:G:A,0,0,-0.19373703002929688,modal,cuda,QKI:K562
DDX24,K562,chr8:143937152:C:T,0,0,0.3382861614227295,modal,cuda,QKI:K562
DDX24,K562,chr8:143937258:G:C,0,0,-0.9057028889656067,modal,cuda,QKI:K562
DDX24,K562,chr8:144057928:G:A,0,0,0.3754844665527344,modal,cuda,QKI:K562
DDX24,K562,chr8:144085569:A:G,0,0,-0.5253247022628784,modal,cuda,QKI:K562
DDX24,K562,chr8:144317121:G:A,0,0,0.26414501667022705,modal,cuda,QKI:K562
DDX24,K562,chr8:144438635:G:A,0,0,0.12929487228393555,modal,cuda,QKI:K562
DDX24,K562,chr8:144515210:G:A,1,0,-1.3655855655670166,modal,cuda,QKI:K562
DDX24,K562,chr8:144515746:C:T,0,0,-0.2069394588470459,modal,cuda,QKI:K562
DDX24,K562,chr8:144515758:T:A,0,0,-0.3272523880004883,modal,cuda,QKI:K562
DDX24,K562,chr8:144515800:G:A,1,0,0.9052133560180664,modal,cuda,QKI:K562
DDX24,K562,chr8:20210652:T:G,0,0,-1.601858377456665,modal,cuda,QKI:K562
DDX24,K562,chr8:20211172:A:G,0,0,-1.7602444887161255,modal,cuda,QKI:K562
DDX24,K562,chr8:22616007:A:G,0,0,-0.20633530616760254,modal,cuda,QKI:K562
DDX24,K562,chr8:23028507:A:G,0,0,0.5985250473022461,modal,cuda,QKI:K562
DDX24,K562,chr8:27520878:C:T,0,0,-0.2306990623474121,modal,cuda,QKI:K562
DDX24,K562,chr8:27525384:C:T,0,0,-0.44165992736816406,modal,cuda,QKI:K562
DDX24,K562,chr8:27538691:G:A,0,0,-0.2926669120788574,modal,cuda,QKI:K562
DDX24,K562,chr8:31088887:C:A,0,0,1.146040678024292,modal,cuda,QKI:K562
DDX24,K562,chr8:31090556:T:A,0,0,0.8979926109313965,modal,cuda,QKI:K562
DDX24,K562,chr8:41612000:C:T,0,0,0.9040727615356445,modal,cuda,QKI:K562
DDX24,K562,chr8:41672445:C:A,1,0,0.862794041633606,modal,cuda,QKI:K562
DDX24,K562,chr8:41695168:C:G,0,0,1.8176319599151611,modal,cuda,QKI:K562
DDX24,K562,chr8:42293532:T:G,0,0,-1.8850455284118652,modal,cuda,QKI:K562
DDX24,K562,chr8:42308940:G:A,1,0,0.15181446075439453,modal,cuda,QKI:K562
DDX24,K562,chr8:47962049:A:G,0,0,-0.6286757588386536,modal,cuda,QKI:K562
DDX24,K562,chr8:99013850:T:G,1,0,1.3391157388687134,modal,cuda,QKI:K562
DDX24,K562,chr8:99013930:G:T,1,0,1.5286287069320679,modal,cuda,QKI:K562
DDX24,K562,chr8:99013933:C:T,1,0,0.7777274250984192,modal,cuda,QKI:K562
DDX24,K562,chr8:99038429:A:T,1,0,0.5693770051002502,modal,cuda,QKI:K562
DDX24,K562,chr8:99038453:G:T,1,0,-0.6517161130905151,modal,cuda,QKI:K562
DDX24,K562,chr8:99121218:C:T,1,0,1.0592833757400513,modal,cuda,QKI:K562
DDX24,K562,chr8:99121273:G:A,1,0,0.34615659713745117,modal,cuda,QKI:K562
DDX24,K562,chr8:99121282:G:A,1,0,-0.3514368534088135,modal,cuda,QKI:K562
DDX24,K562,chr9:108912460:A:C,1,4,-1.1268925666809082,modal,cuda,QKI:K562
DDX24,K562,chr9:108926548:C:T,0,4,0.36617350578308105,modal,cuda,QKI:K562
DDX24,K562,chr9:120470214:G:C,1,4,0.695950984954834,modal,cuda,QKI:K562
DDX24,K562,chr9:120530076:C:A,1,4,2.2217586040496826,modal,cuda,QKI:K562
DDX24,K562,chr9:120530103:C:A,1,4,1.746227741241455,modal,cuda,QKI:K562
DDX24,K562,chr9:120545742:C:A,1,4,-0.4071044325828552,modal,cuda,QKI:K562
DDX24,K562,chr9:120545794:C:T,0,4,0.2159939408302307,modal,cuda,QKI:K562
DDX24,K562,chr9:120579981:C:A,0,4,-0.3101620674133301,modal,cuda,QKI:K562
DDX24,K562,chr9:120579997:A:G,0,4,0.4157116413116455,modal,cuda,QKI:K562
DDX24,K562,chr9:124890381:G:C,0,4,-0.4117976725101471,modal,cuda,QKI:K562
DDX24,K562,chr9:127787511:C:T,0,4,0.1913290023803711,modal,cuda,QKI:K562
DDX24,K562,chr9:128176337:G:A,0,4,-0.6413712501525879,modal,cuda,QKI:K562
DDX24,K562,chr9:128177787:C:T,0,4,0.5848137140274048,modal,cuda,QKI:K562
DDX24,K562,chr9:128178351:A:G,0,4,0.7975114583969116,modal,cuda,QKI:K562
DDX24,K562,chr9:128179427:C:A,0,4,0.3563879728317261,modal,cuda,QKI:K562
DDX24,K562,chr9:128222864:C:T,0,4,-0.3591609001159668,modal,cuda,QKI:K562
DDX24,K562,chr9:128234113:C:T,0,4,-0.1828157901763916,modal,cuda,QKI:K562
DDX24,K562,chr9:128248566:T:C,0,4,0.3165009021759033,modal,cuda,QKI:K562
DDX24,K562,chr9:128636064:T:A,0,4,0.20920705795288086,modal,cuda,QKI:K562
DDX24,K562,chr9:129049897:C:T,0,4,-0.31792354583740234,modal,cuda,QKI:K562
DDX24,K562,chr9:129049921:C:T,0,4,0.21232986450195312,modal,cuda,QKI:K562
DDX24,K562,chr9:131513243:C:T,1,4,-1.0535730123519897,modal,cuda,QKI:K562
DDX24,K562,chr9:131513332:G:A,1,4,1.5050501823425293,modal,cuda,QKI:K562
DDX24,K562,chr9:131519445:A:C,0,4,0.6244382858276367,modal,cuda,QKI:K562
DDX24,K562,chr9:131520187:G:A,0,4,-0.6392297744750977,modal,cuda,QKI:K562
DDX24,K562,chr9:136461169:G:A,0,4,0.417657732963562,modal,cuda,QKI:K562
DDX24,K562,chr9:137450159:G:A,0,4,-0.25278234481811523,modal,cuda,QKI:K562
DDX24,K562,chr9:137450264:A:G,0,4,0.20115876197814941,modal,cuda,QKI:K562
DDX24,K562,chr9:35689952:A:T,0,4,0.38172388076782227,modal,cuda,QKI:K562
DDX24,K562,chr9:35689953:A:T,0,4,-0.17267489433288574,modal,cuda,QKI:K562
DDX24,K562,chr9:35689954:A:T,0,4,-1.601082444190979,modal,cuda,QKI:K562
DDX24,K562,chr9:5044540:C:T,0,4,0.24644017219543457,modal,cuda,QKI:K562
DDX24,K562,chr9:5073742:G:C,1,4,0.6686115264892578,modal,cuda,QKI:K562
DDX24,K562,chr9:5073770:G:A,1,4,0.19349431991577148,modal,cuda,QKI:K562
DDX24,K562,chr9:5073781:C:T,0,4,0.1096498966217041,modal,cuda,QKI:K562
DDX24,K562,chr9:5073799:C:T,0,4,-0.21817326545715332,modal,cuda,QKI:K562
DDX24,K562,chr9:5089679:T:C,0,4,1.7397359609603882,modal,cuda,QKI:K562
DDX24,K562,chr9:5089688:T:C,0,4,-0.5300410985946655,modal,cuda,QKI:K562
DDX24,K562,chr9:69234419:C:G,0,4,0.17257118225097656,modal,cuda,QKI:K562
DDX24,K562,chr9:69238803:T:A,0,4,-0.12431859970092773,modal,cuda,QKI:K562
DDX24,K562,chr9:73163535:A:G,0,4,-1.0956679582595825,modal,cuda,QKI:K562
DDX24,K562,chr9:83971865:C:A,0,4,-0.44910764694213867,modal,cuda,QKI:K562
DDX24,K562,chr9:83971868:A:C,0,4,0.4898231625556946,modal,cuda,QKI:K562
DDX24,K562,chr9:92247416:G:A,1,4,-0.7381480932235718,modal,cuda,QKI:K562
DDX24,K562,chr9:92247426:C:G,0,4,0.5800678730010986,modal,cuda,QKI:K562
DDX24,K562,chr9:92247504:A:G,0,4,-0.7676957845687866,modal,cuda,QKI:K562
DDX24,K562,chr9:92258946:C:A,1,4,-3.2682933807373047,modal,cuda,QKI:K562
DDX24,K562,chr9:92260132:G:A,0,4,-0.3771824836730957,modal,cuda,QKI:K562
DDX24,K562,chr9:92264962:A:G,1,4,-0.289215087890625,modal,cuda,QKI:K562
DDX24,K562,chr9:92265060:C:G,0,4,1.3484256267547607,modal,cuda,QKI:K562
DDX24,K562,chr9:92269899:A:G,0,4,-0.8775684833526611,modal,cuda,QKI:K562
DDX24,K562,chr9:92269937:G:A,1,4,-1.4265373945236206,modal,cuda,QKI:K562
DDX24,K562,chr9:92271034:G:A,1,4,1.188838005065918,modal,cuda,QKI:K562
DDX24,K562,chr9:92271064:T:C,0,4,-0.7947717905044556,modal,cuda,QKI:K562
DDX24,K562,chr9:92271537:A:C,1,4,-0.3718130588531494,modal,cuda,QKI:K562
DDX24,K562,chr9:92274465:T:G,0,4,-0.4019935131072998,modal,cuda,QKI:K562
DDX24,K562,chr9:92274466:T:C,0,4,0.13529634475708008,modal,cuda,QKI:K562
DDX24,K562,chr9:92277848:G:A,0,4,0.5952882766723633,modal,cuda,QKI:K562
DDX24,K562,chr9:92278187:T:C,0,4,-0.5367147922515869,modal,cuda,QKI:K562
DDX24,K562,chr9:92278272:G:A,1,4,1.1186938285827637,modal,cuda,QKI:K562
DDX24,K562,chrX:101370087:G:A,0,2,-0.2082056999206543,modal,cuda,QKI:K562
DDX24,K562,chrX:101370099:G:T,0,2,1.2559082508087158,modal,cuda,QKI:K562
DDX24,K562,chrX:101371622:A:G,0,2,0.22516858577728271,modal,cuda,QKI:K562
DDX24,K562,chrX:101371704:G:A,0,2,0.3129315972328186,modal,cuda,QKI:K562
DDX24,K562,chrX:111726897:G:A,0,2,0.1894819736480713,modal,cuda,QKI:K562
DDX24,K562,chrX:111728181:A:G,0,2,-0.5743398666381836,modal,cuda,QKI:K562
DDX24,K562,chrX:111728206:A:G,0,2,-0.2572004795074463,modal,cuda,QKI:K562
DDX24,K562,chrX:153691300:C:T,0,2,-0.08785510063171387,modal,cuda,QKI:K562
DDX24,K562,chrX:153693184:G:A,0,2,0.0928802490234375,modal,cuda,QKI:K562
DDX24,K562,chrX:153694279:G:T,0,2,0.19108259677886963,modal,cuda,QKI:K562
DDX24,K562,chrX:153694284:G:A,0,2,0.5155725479125977,modal,cuda,QKI:K562
DDX24,K562,chrX:153694451:G:C,1,2,-1.1620293855667114,modal,cuda,QKI:K562
DDX24,K562,chrX:153694515:C:T,0,2,0.38837480545043945,modal,cuda,QKI:K562
DDX24,K562,chrX:153694526:G:A,0,2,0.31228208541870117,modal,cuda,QKI:K562
DDX24,K562,chrX:153694528:C:T,0,2,0.3734607696533203,modal,cuda,QKI:K562
DDX24,K562,chrX:153932306:C:A,0,2,0.7646099328994751,modal,cuda,QKI:K562
DDX24,K562,chrX:153932306:C:T,0,2,0.996995210647583,modal,cuda,QKI:K562
DDX24,K562,chrX:153955556:C:G,0,2,-0.6932601928710938,modal,cuda,QKI:K562
DDX24,K562,chrX:153959311:C:A,0,2,0.48323726654052734,modal,cuda,QKI:K562
DDX24,K562,chrX:154350013:C:T,0,2,0.48641735315322876,modal,cuda,QKI:K562
DDX24,K562,chrX:154364732:A:G,0,2,-0.14189529418945312,modal,cuda,QKI:K562
DDX24,K562,chrX:154465014:G:A,0,2,0.32443201541900635,modal,cuda,QKI:K562
DDX24,K562,chrX:154768445:G:A,0,2,0.27740997076034546,modal,cuda,QKI:K562
DDX24,K562,chrX:154770779:G:A,0,2,0.11317551136016846,modal,cuda,QKI:K562
DDX24,K562,chrX:154770812:T:A,1,2,-0.5373175144195557,modal,cuda,QKI:K562
DDX24,K562,chrX:154770821:C:T,0,2,0.04062795639038086,modal,cuda,QKI:K562
DDX24,K562,chrX:154776279:G:A,0,2,0.44070693850517273,modal,cuda,QKI:K562
DDX24,K562,chrX:154776309:C:T,0,2,0.3039446175098419,modal,cuda,QKI:K562
DDX24,K562,chrX:19355671:C:A,0,2,1.1025235652923584,modal,cuda,QKI:K562
DDX24,K562,chrX:19355772:C:T,0,2,0.13848876953125,modal,cuda,QKI:K562
DDX24,K562,chrX:19359031:T:G,0,2,-2.6542553901672363,modal,cuda,QKI:K562
DDX24,K562,chrX:24717567:G:T,0,2,-0.29887139797210693,modal,cuda,QKI:K562
DDX24,K562,chrX:41144650:T:C,0,2,0.1611628532409668,modal,cuda,QKI:K562
DDX24,K562,chrX:41165852:A:G,0,2,0.35826611518859863,modal,cuda,QKI:K562
DDX24,K562,chrX:41165859:A:C,0,2,-0.2487938404083252,modal,cuda,QKI:K562
DDX24,K562,chrX:41184382:T:G,0,2,0.39562976360321045,modal,cuda,QKI:K562
DDX24,K562,chrX:41188136:C:T,0,2,-0.44728636741638184,modal,cuda,QKI:K562
DDX24,K562,chrX:41345250:G:T,1,2,-1.9789844751358032,modal,cuda,QKI:K562
DDX24,K562,chrX:41345264:G:T,1,2,-0.5891838669776917,modal,cuda,QKI:K562
DDX24,K562,chrX:41345281:G:A,1,2,4.221210479736328,modal,cuda,QKI:K562
DDX24,K562,chrX:41345298:A:C,1,2,-1.090712070465088,modal,cuda,QKI:K562
DDX24,K562,chrX:41345302:C:G,1,2,0.2435615360736847,modal,cuda,QKI:K562
DDX24,K562,chrX:45010974:T:G,1,2,-0.7837015390396118,modal,cuda,QKI:K562
DDX24,K562,chrX:45011024:G:C,1,2,0.4749760627746582,modal,cuda,QKI:K562
DDX24,K562,chrX:45079213:A:G,0,2,-0.8393025994300842,modal,cuda,QKI:K562
DDX24,K562,chrX:45079223:C:T,1,2,0.4174041748046875,modal,cuda,QKI:K562
DDX24,K562,chrX:47212866:G:A,0,2,0.22689223289489746,modal,cuda,QKI:K562
DDX24,K562,chrX:47212874:T:A,0,2,-0.8368158340454102,modal,cuda,QKI:K562
DDX24,K562,chrX:48803118:T:C,0,2,-0.2360222339630127,modal,cuda,QKI:K562
DDX24,K562,chrX:48805666:T:C,0,2,0.7732272148132324,modal,cuda,QKI:K562
DDX24,K562,chrX:48806644:T:A,0,2,0.21682524681091309,modal,cuda,QKI:K562
DDX24,K562,chrX:48815933:C:T,0,2,0.35105085372924805,modal,cuda,QKI:K562
DDX24,K562,chrX:49077625:C:A,0,2,-0.18357276916503906,modal,cuda,QKI:K562
DDX24,K562,chrX:53193764:T:C,0,2,0.44593095779418945,modal,cuda,QKI:K562
DDX24,K562,chrX:53193776:T:C,0,2,-0.47529923915863037,modal,cuda,QKI:K562
DDX24,K562,chrX:53193796:G:A,0,2,0.7318452596664429,modal,cuda,QKI:K562
DDX24,K562,chrX:53196963:G:A,1,2,-1.4917162656784058,modal,cuda,QKI:K562
DDX24,K562,chrX:53196964:C:T,0,2,-0.4328312575817108,modal,cuda,QKI:K562
DDX24,K562,chrX:53196980:G:C,0,2,0.16474318504333496,modal,cuda,QKI:K562
DDX24,K562,chrX:53198600:A:G,0,2,-0.7546778917312622,modal,cuda,QKI:K562
DDX24,K562,chrX:53198632:C:G,0,2,0.5899955034255981,modal,cuda,QKI:K562
DDX24,K562,chrX:53198640:G:A,0,2,0.09335660934448242,modal,cuda,QKI:K562
DDX24,K562,chrX:53198800:G:A,1,2,-0.41216766834259033,modal,cuda,QKI:K562
DDX24,K562,chrX:53198813:C:T,1,2,-0.8455766439437866,modal,cuda,QKI:K562
DDX24,K562,chrX:53198817:G:T,0,2,-0.09332561492919922,modal,cuda,QKI:K562
DDX24,K562,chrX:53198836:G:A,1,2,0.180891752243042,modal,cuda,QKI:K562
DDX24,K562,chrX:53214814:C:G,1,2,0.14752984046936035,modal,cuda,QKI:K562
DDX24,K562,chrX:53214817:G:A,1,2,0.3048222064971924,modal,cuda,QKI:K562
DDX24,K562,chrX:53215869:C:A,1,2,0.31200695037841797,modal,cuda,QKI:K562
DDX24,K562,chrX:53215870:C:A,0,2,0.2629142999649048,modal,cuda,QKI:K562
DDX24,K562,chrX:53215902:T:C,0,2,-0.1800004243850708,modal,cuda,QKI:K562
DDX24,K562,chrX:53215912:C:T,0,2,0.24031782150268555,modal,cuda,QKI:K562
DDX24,K562,chrX:53215972:C:T,0,2,0.23053431510925293,modal,cuda,QKI:K562
DDX24,K562,chrX:53217124:G:A,0,2,0.2822380065917969,modal,cuda,QKI:K562
DDX24,K562,chrX:53217205:G:A,1,2,0.2116386890411377,modal,cuda,QKI:K562
DDX24,K562,chrX:53220865:G:A,1,2,-0.21655893325805664,modal,cuda,QKI:K562
DDX24,K562,chrX:53537539:C:T,0,2,1.3747721910476685,modal,cuda,QKI:K562
DDX24,K562,chrX:53537547:G:A,0,2,0.40775975584983826,modal,cuda,QKI:K562
DDX24,K562,chrX:53575148:T:G,0,2,-0.1507960557937622,modal,cuda,QKI:K562
DDX24,K562,chrX:53608926:G:T,0,2,-0.5097759962081909,modal,cuda,QKI:K562
DDX24,K562,chrX:54813282:G:C,0,2,0.7257633209228516,modal,cuda,QKI:K562
DDX24,K562,chrX:71367547:C:T,0,2,-0.6334893703460693,modal,cuda,QKI:K562
DDX24,K562,chrX:71368069:C:T,0,2,0.2067134976387024,modal,cuda,QKI:K562
DDX24,K562,chrX:71368099:A:G,0,2,-0.8150995969772339,modal,cuda,QKI:K562
DDX24,K562,chrX:71375250:A:G,0,2,-0.27069544792175293,modal,cuda,QKI:K562
DDX24,K562,chrX:71375282:T:C,0,2,-0.3062248229980469,modal,cuda,QKI:K562
DDX24,K562,chrX:71377696:C:G,0,2,0.7068050503730774,modal,cuda,QKI:K562
DDX24,K562,chrX:71377722:G:A,0,2,-0.3814265727996826,modal,cuda,QKI:K562
DDX24,K562,chrX:71377781:C:G,0,2,0.26096606254577637,modal,cuda,QKI:K562
DDX24,K562,chrX:71392653:G:C,1,2,0.41103580594062805,modal,cuda,QKI:K562
DDX24,K562,chrX:71392661:G:A,0,2,0.26193082332611084,modal,cuda,QKI:K562
DDX24,K562,chrX:71392918:C:T,1,2,0.5465881824493408,modal,cuda,QKI:K562
DDX24,K562,chrX:71393344:C:T,1,2,-0.3625807762145996,modal,cuda,QKI:K562
DDX24,K562,chrX:71394166:G:A,0,2,0.24640429019927979,modal,cuda,QKI:K562
DDX24,K562,chrX:71394241:A:G,0,2,-0.7960296869277954,modal,cuda,QKI:K562
DDX24,K562,chrX:71398752:G:A,0,2,0.8669687509536743,modal,cuda,QKI:K562
DDX24,K562,chrX:71401566:G:A,0,2,-1.3132630586624146,modal,cuda,QKI:K562
DDX24,K562,chrX:71401569:T:G,0,2,7.036507606506348,modal,cuda,QKI:K562
DDX24,K562,chrX:71424193:C:T,0,2,0.1501842737197876,modal,cuda,QKI:K562
DDX24,K562,chrX:71424196:G:A,0,2,0.401348352432251,modal,cuda,QKI:K562
DDX24,K562,chrX:71424214:C:G,0,2,0.06810212135314941,modal,cuda,QKI:K562
DDX24,K562,chrX:71557117:T:G,0,2,1.1612305641174316,modal,cuda,QKI:K562
DDX24,K562,chrX:71561912:A:G,0,2,4.8408589363098145,modal,cuda,QKI:K562
DDX24,K562,chrX:71563262:G:A,0,2,0.612035870552063,modal,cuda,QKI:K562
DDX24,K562,chrX:71563516:A:G,0,2,-0.4035305976867676,modal,cuda,QKI:K562
DDX24,K562,chrX:78109933:A:C,0,2,3.9538938999176025,modal,cuda,QKI:K562
DDX24,K562,chrX:78117433:G:C,0,2,0.3412344455718994,modal,cuda,QKI:K562
