protein,cell,vid,label,fold,delta,platform,accelerator,weights_from
YBX3,K562,chr10:101521877:C:G,0,2,0.35015416145324707,modal,cuda,CDC40:HepG2
YBX3,K562,chr10:102260082:C:T,0,2,0.07609319686889648,modal,cuda,CDC40:HepG2
YBX3,K562,chr10:103089087:A:T,0,2,0.21254992485046387,modal,cuda,CDC40:HepG2
YBX3,K562,chr10:103089098:A:T,0,2,0.28392666578292847,modal,cuda,CDC40:HepG2
YBX3,K562,chr10:103089150:A:G,0,2,-0.10140454769134521,modal,cuda,CDC40:HepG2
YBX3,K562,chr10:104263031:C:A,0,2,-0.13596397638320923,modal,cuda,CDC40:HepG2
YBX3,K562,chr10:119157757:A:T,0,2,-0.2663388252258301,modal,cuda,CDC40:HepG2
YBX3,K562,chr10:119162352:C:T,0,2,0.33639371395111084,modal,cuda,CDC40:HepG2
YBX3,K562,chr10:119162388:T:C,0,2,-0.0579376220703125,modal,cuda,CDC40:HepG2
YBX3,K562,chr10:119169236:G:A,1,2,0.5187709331512451,modal,cuda,CDC40:HepG2
YBX3,K562,chr10:119169275:G:A,1,2,0.9707025289535522,modal,cuda,CDC40:HepG2
YBX3,K562,chr10:119169290:C:T,1,2,0.8328760266304016,modal,cuda,CDC40:HepG2
YBX3,K562,chr10:12117648:A:G,0,2,-0.3820749521255493,modal,cuda,CDC40:HepG2
YBX3,K562,chr10:12117668:C:T,0,2,-0.1734311580657959,modal,cuda,CDC40:HepG2
YBX3,K562,chr10:12117669:G:A,0,2,0.3269937038421631,modal,cuda,CDC40:HepG2
YBX3,K562,chr10:124405422:T:C,0,2,-0.85547935962677,modal,cuda,CDC40:HepG2
YBX3,K562,chr10:133362587:G:A,0,2,0.405969500541687,modal,cuda,CDC40:HepG2
YBX3,K562,chr10:17229396:C:T,0,2,-0.21445530652999878,modal,cuda,CDC40:HepG2
YBX3,K562,chr10:17229401:G:C,0,2,0.14075462520122528,modal,cuda,CDC40:HepG2
YBX3,K562,chr10:17229521:G:T,0,2,-0.09916152060031891,modal,cuda,CDC40:HepG2
YBX3,K562,chr10:17229704:C:T,0,2,-0.06310951709747314,modal,cuda,CDC40:HepG2
YBX3,K562,chr10:24619600:G:A,0,2,0.21725702285766602,modal,cuda,CDC40:HepG2
YBX3,K562,chr10:3167037:T:C,0,2,-0.5946136116981506,modal,cuda,CDC40:HepG2
YBX3,K562,chr10:68465747:G:T,0,2,0.08758735656738281,modal,cuda,CDC40:HepG2
YBX3,K562,chr10:68465763:T:C,0,2,0.25941193103790283,modal,cuda,CDC40:HepG2
YBX3,K562,chr10:69369438:C:T,0,2,0.9609296321868896,modal,cuda,CDC40:HepG2
YBX3,K562,chr10:69395035:C:T,1,2,-0.2686638832092285,modal,cuda,CDC40:HepG2
YBX3,K562,chr10:72097385:G:A,0,2,0.3677375316619873,modal,cuda,CDC40:HepG2
YBX3,K562,chr10:73252040:G:A,0,2,-0.13643276691436768,modal,cuda,CDC40:HepG2
YBX3,K562,chr10:74090008:C:T,0,2,0.5831096172332764,modal,cuda,CDC40:HepG2
YBX3,K562,chr10:74119992:G:A,0,2,1.3315834999084473,modal,cuda,CDC40:HepG2
YBX3,K562,chr10:78033866:T:G,0,2,0.2531185448169708,modal,cuda,CDC40:HepG2
YBX3,K562,chr10:78033870:C:T,0,2,0.18843317031860352,modal,cuda,CDC40:HepG2
YBX3,K562,chr10:78033895:C:A,0,2,0.4560021162033081,modal,cuda,CDC40:HepG2
YBX3,K562,chr10:78040616:C:T,0,2,0.5973715782165527,modal,cuda,CDC40:HepG2
YBX3,K562,chr10:78040694:T:C,0,2,0.11207544803619385,modal,cuda,CDC40:HepG2
YBX3,K562,chr10:79302103:G:A,0,2,0.11159098148345947,modal,cuda,CDC40:HepG2
YBX3,K562,chr10:80170781:G:A,0,2,-0.18659090995788574,modal,cuda,CDC40:HepG2
YBX3,K562,chr10:87060250:G:A,0,2,-0.32331863045692444,modal,cuda,CDC40:HepG2
YBX3,K562,chr10:87060250:G:C,0,2,-0.5149716734886169,modal,cuda,CDC40:HepG2
YBX3,K562,chr10:92637323:T:C,0,2,0.1514476239681244,modal,cuda,CDC40:HepG2
YBX3,K562,chr10:95685585:C:A,1,2,0.39810097217559814,modal,cuda,CDC40:HepG2
YBX3,K562,chr10:95685585:C:T,1,2,0.3545938730239868,modal,cuda,CDC40:HepG2
YBX3,K562,chr10:95685592:C:A,0,2,-0.1659785509109497,modal,cuda,CDC40:HepG2
YBX3,K562,chr10:95685600:C:A,0,2,0.2713596224784851,modal,cuda,CDC40:HepG2
YBX3,K562,chr10:97445775:G:A,1,2,-0.21453812718391418,modal,cuda,CDC40:HepG2
YBX3,K562,chr10:98430604:G:T,1,2,1.2764188051223755,modal,cuda,CDC40:HepG2
YBX3,K562,chr10:98430615:G:A,1,2,0.09833607077598572,modal,cuda,CDC40:HepG2
YBX3,K562,chr10:98431163:G:A,0,2,0.1702418327331543,modal,cuda,CDC40:HepG2
YBX3,K562,chr10:98431189:C:A,1,2,0.22150087356567383,modal,cuda,CDC40:HepG2
YBX3,K562,chr10:98431202:G:A,0,2,0.033313751220703125,modal,cuda,CDC40:HepG2
YBX3,K562,chr10:98434028:C:T,1,2,0.23768754303455353,modal,cuda,CDC40:HepG2
YBX3,K562,chr10:98435273:C:A,1,2,0.44623878598213196,modal,cuda,CDC40:HepG2
YBX3,K562,chr10:98435279:G:A,1,2,0.8123798370361328,modal,cuda,CDC40:HepG2
YBX3,K562,chr11:108121579:T:A,0,3,0.6677911281585693,modal,cuda,CDC40:HepG2
YBX3,K562,chr11:108121585:C:G,0,3,0.648501455783844,modal,cuda,CDC40:HepG2
YBX3,K562,chr11:108121592:C:G,0,3,-0.7993476390838623,modal,cuda,CDC40:HepG2
YBX3,K562,chr11:108121598:T:A,0,3,0.26877981424331665,modal,cuda,CDC40:HepG2
YBX3,K562,chr11:108133862:T:A,1,3,0.8495873212814331,modal,cuda,CDC40:HepG2
YBX3,K562,chr11:108133938:G:A,1,3,1.9587773084640503,modal,cuda,CDC40:HepG2
YBX3,K562,chr11:108133960:G:A,0,3,0.21264851093292236,modal,cuda,CDC40:HepG2
YBX3,K562,chr11:112028853:C:T,1,3,0.6825056672096252,modal,cuda,CDC40:HepG2
YBX3,K562,chr11:112087933:G:A,1,3,-1.5740966796875,modal,cuda,CDC40:HepG2
YBX3,K562,chr11:112087936:T:A,1,3,-2.654492139816284,modal,cuda,CDC40:HepG2
YBX3,K562,chr11:112087943:C:T,1,3,-0.802981436252594,modal,cuda,CDC40:HepG2
YBX3,K562,chr11:112087959:C:A,1,3,-0.4495152235031128,modal,cuda,CDC40:HepG2
YBX3,K562,chr11:112087974:G:A,1,3,1.3370187282562256,modal,cuda,CDC40:HepG2
YBX3,K562,chr11:112087974:G:T,1,3,1.5325462818145752,modal,cuda,CDC40:HepG2
YBX3,K562,chr11:112087978:G:T,1,3,-0.8677656054496765,modal,cuda,CDC40:HepG2
YBX3,K562,chr11:112088866:G:C,1,3,-0.8238959312438965,modal,cuda,CDC40:HepG2
YBX3,K562,chr11:112088866:G:T,1,3,-0.9601756930351257,modal,cuda,CDC40:HepG2
YBX3,K562,chr11:112088894:G:A,1,3,0.35872840881347656,modal,cuda,CDC40:HepG2
YBX3,K562,chr11:112088895:G:A,1,3,0.545067310333252,modal,cuda,CDC40:HepG2
YBX3,K562,chr11:112088902:G:T,1,3,-0.7017238140106201,modal,cuda,CDC40:HepG2
YBX3,K562,chr11:119018306:G:A,0,3,0.08377951383590698,modal,cuda,CDC40:HepG2
YBX3,K562,chr11:119024785:C:G,0,3,-0.1536380648612976,modal,cuda,CDC40:HepG2
YBX3,K562,chr11:119029367:C:T,1,3,0.752723753452301,modal,cuda,CDC40:HepG2
YBX3,K562,chr11:119029369:T:C,1,3,-0.6082730889320374,modal,cuda,CDC40:HepG2
YBX3,K562,chr11:119047937:G:A,0,3,1.372823715209961,modal,cuda,CDC40:HepG2
YBX3,K562,chr11:119088621:G:A,0,3,0.9637278914451599,modal,cuda,CDC40:HepG2
YBX3,K562,chr11:119300294:A:G,0,3,-0.6300420761108398,modal,cuda,CDC40:HepG2
YBX3,K562,chr11:12224808:G:A,0,3,-0.050938308238983154,modal,cuda,CDC40:HepG2
YBX3,K562,chr11:125608314:C:T,0,3,0.32457566261291504,modal,cuda,CDC40:HepG2
YBX3,K562,chr11:125614451:G:C,0,3,-1.0670627355575562,modal,cuda,CDC40:HepG2
YBX3,K562,chr11:1759104:G:A,0,3,-0.1583767533302307,modal,cuda,CDC40:HepG2
YBX3,K562,chr11:18400890:C:T,1,3,0.7506524324417114,modal,cuda,CDC40:HepG2
YBX3,K562,chr11:18400940:C:A,0,3,-1.5933067798614502,modal,cuda,CDC40:HepG2
YBX3,K562,chr11:3017133:G:T,0,3,-0.41711655259132385,modal,cuda,CDC40:HepG2
YBX3,K562,chr11:3017136:G:A,0,3,-0.21765810251235962,modal,cuda,CDC40:HepG2
YBX3,K562,chr11:3029392:G:A,0,3,0.2068088948726654,modal,cuda,CDC40:HepG2
YBX3,K562,chr11:3029397:G:C,0,3,0.16825652122497559,modal,cuda,CDC40:HepG2
YBX3,K562,chr11:34086238:G:A,0,3,-0.4036465883255005,modal,cuda,CDC40:HepG2
YBX3,K562,chr11:34960443:G:A,0,3,0.8433289527893066,modal,cuda,CDC40:HepG2
YBX3,K562,chr11:34960519:G:A,1,3,1.0294063091278076,modal,cuda,CDC40:HepG2
YBX3,K562,chr11:34960522:T:C,0,3,-0.3309914469718933,modal,cuda,CDC40:HepG2
YBX3,K562,chr11:4091347:A:G,0,3,1.0840587615966797,modal,cuda,CDC40:HepG2
YBX3,K562,chr11:4091352:C:T,0,3,0.1628122329711914,modal,cuda,CDC40:HepG2
YBX3,K562,chr11:4091359:T:G,0,3,0.31268930435180664,modal,cuda,CDC40:HepG2
YBX3,K562,chr11:4091361:A:G,0,3,0.3625285029411316,modal,cuda,CDC40:HepG2
YBX3,K562,chr11:47571628:G:C,0,3,0.37226325273513794,modal,cuda,CDC40:HepG2
YBX3,K562,chr11:62692413:C:G,1,3,-0.0997740849852562,modal,cuda,CDC40:HepG2
YBX3,K562,chr11:62702493:G:C,1,3,0.6505149006843567,modal,cuda,CDC40:HepG2
YBX3,K562,chr11:62702499:T:C,1,3,1.2626075744628906,modal,cuda,CDC40:HepG2
YBX3,K562,chr11:62705303:G:C,1,3,1.8608742952346802,modal,cuda,CDC40:HepG2
YBX3,K562,chr11:63635524:C:T,0,3,0.3614841401576996,modal,cuda,CDC40:HepG2
YBX3,K562,chr11:63635604:C:T,0,3,-0.1647261381149292,modal,cuda,CDC40:HepG2
YBX3,K562,chr11:63636198:C:T,0,3,0.20519286394119263,modal,cuda,CDC40:HepG2
YBX3,K562,chr11:65186356:C:T,0,3,0.18001604080200195,modal,cuda,CDC40:HepG2
YBX3,K562,chr11:65210007:C:T,0,3,0.15750932693481445,modal,cuda,CDC40:HepG2
YBX3,K562,chr11:65210013:C:T,0,3,-0.12136876583099365,modal,cuda,CDC40:HepG2
YBX3,K562,chr11:65210068:C:T,0,3,-0.09836387634277344,modal,cuda,CDC40:HepG2
YBX3,K562,chr11:65210419:G:A,0,3,0.23325848579406738,modal,cuda,CDC40:HepG2
YBX3,K562,chr11:65661833:G:T,0,3,-0.8947538137435913,modal,cuda,CDC40:HepG2
YBX3,K562,chr11:66216094:C:T,0,3,0.466624915599823,modal,cuda,CDC40:HepG2
YBX3,K562,chr11:66337677:C:T,0,3,0.5506949424743652,modal,cuda,CDC40:HepG2
YBX3,K562,chr11:67583826:G:A,0,3,0.20601695775985718,modal,cuda,CDC40:HepG2
YBX3,K562,chr11:67584114:C:G,0,3,0.3539409637451172,modal,cuda,CDC40:HepG2
YBX3,K562,chr11:67584785:C:A,0,3,-0.22410500049591064,modal,cuda,CDC40:HepG2
YBX3,K562,chr11:67586373:C:T,0,3,-0.2370581030845642,modal,cuda,CDC40:HepG2
YBX3,K562,chr11:68033303:G:A,0,3,-0.29172009229660034,modal,cuda,CDC40:HepG2
YBX3,K562,chr11:68389727:C:T,0,3,0.07976639270782471,modal,cuda,CDC40:HepG2
YBX3,K562,chr11:68389831:G:A,0,3,0.2107732892036438,modal,cuda,CDC40:HepG2
YBX3,K562,chr11:68688942:T:C,0,3,0.20337826013565063,modal,cuda,CDC40:HepG2
YBX3,K562,chr11:68903809:A:G,0,3,-0.26531505584716797,modal,cuda,CDC40:HepG2
YBX3,K562,chr11:71443971:C:T,0,3,0.5046240091323853,modal,cuda,CDC40:HepG2
YBX3,K562,chr11:72022387:C:T,0,3,2.0134963989257812,modal,cuda,CDC40:HepG2
YBX3,K562,chr11:73976623:G:A,0,3,0.7124533653259277,modal,cuda,CDC40:HepG2
YBX3,K562,chr11:73976693:C:T,0,3,0.31876349449157715,modal,cuda,CDC40:HepG2
YBX3,K562,chr11:75571775:C:A,0,3,0.15680378675460815,modal,cuda,CDC40:HepG2
YBX3,K562,chr11:836864:A:G,0,3,0.05720806121826172,modal,cuda,CDC40:HepG2
YBX3,K562,chr11:8917348:C:G,0,3,0.9882707595825195,modal,cuda,CDC40:HepG2
YBX3,K562,chr11:95849665:C:G,0,3,-0.8116313815116882,modal,cuda,CDC40:HepG2
YBX3,K562,chr12:101728972:T:C,0,1,-0.5728846192359924,modal,cuda,CDC40:HepG2
YBX3,K562,chr12:108568930:G:A,0,1,0.17986804246902466,modal,cuda,CDC40:HepG2
YBX3,K562,chr12:112477741:C:T,0,1,-0.4135890603065491,modal,cuda,CDC40:HepG2
YBX3,K562,chr12:112477845:C:T,0,1,-0.3200671672821045,modal,cuda,CDC40:HepG2
YBX3,K562,chr12:116003117:T:C,0,1,-0.5857446789741516,modal,cuda,CDC40:HepG2
YBX3,K562,chr12:116003122:T:C,0,1,-0.2642650008201599,modal,cuda,CDC40:HepG2
YBX3,K562,chr12:116012904:A:G,0,1,0.7904033064842224,modal,cuda,CDC40:HepG2
YBX3,K562,chr12:116015288:C:T,0,1,0.3116310238838196,modal,cuda,CDC40:HepG2
YBX3,K562,chr12:123621707:C:T,0,1,1.0065057277679443,modal,cuda,CDC40:HepG2
YBX3,K562,chr12:123627176:T:C,0,1,-0.36027252674102783,modal,cuda,CDC40:HepG2
YBX3,K562,chr12:124950138:G:C,0,1,-0.494676411151886,modal,cuda,CDC40:HepG2
YBX3,K562,chr12:124977333:A:G,0,1,0.36034929752349854,modal,cuda,CDC40:HepG2
YBX3,K562,chr12:130873046:C:T,0,1,0.2832900285720825,modal,cuda,CDC40:HepG2
YBX3,K562,chr12:132718142:C:T,0,1,-0.04341019690036774,modal,cuda,CDC40:HepG2
YBX3,K562,chr12:32679350:G:A,0,1,0.3673553466796875,modal,cuda,CDC40:HepG2
YBX3,K562,chr12:32679368:A:C,1,1,-0.34806257486343384,modal,cuda,CDC40:HepG2
YBX3,K562,chr12:4659027:A:T,0,1,0.3691279888153076,modal,cuda,CDC40:HepG2
YBX3,K562,chr12:49030448:T:G,0,1,0.5822828412055969,modal,cuda,CDC40:HepG2
YBX3,K562,chr12:52897442:C:T,0,1,0.3538033664226532,modal,cuda,CDC40:HepG2
YBX3,K562,chr12:52904822:A:G,0,1,-0.17551499605178833,modal,cuda,CDC40:HepG2
YBX3,K562,chr12:52949441:C:T,0,1,-0.38389432430267334,modal,cuda,CDC40:HepG2
YBX3,K562,chr12:52949447:G:C,0,1,-0.7059283256530762,modal,cuda,CDC40:HepG2
YBX3,K562,chr12:52949473:C:G,0,1,0.6614552736282349,modal,cuda,CDC40:HepG2
YBX3,K562,chr12:54370728:G:A,0,1,1.8804125785827637,modal,cuda,CDC40:HepG2
YBX3,K562,chr12:54462182:G:A,0,1,-0.3134418725967407,modal,cuda,CDC40:HepG2
YBX3,K562,chr12:56208214:G:A,0,1,-0.09683752059936523,modal,cuda,CDC40:HepG2
YBX3,K562,chr12:56208253:C:G,0,1,-0.09804713726043701,modal,cuda,CDC40:HepG2
YBX3,K562,chr12:64716330:C:T,0,1,0.36270689964294434,modal,cuda,CDC40:HepG2
YBX3,K562,chr12:64716361:G:A,0,1,-0.46401703357696533,modal,cuda,CDC40:HepG2
YBX3,K562,chr12:6534825:C:G,0,1,0.3357211947441101,modal,cuda,CDC40:HepG2
YBX3,K562,chr12:6870771:C:T,0,1,0.7251128554344177,modal,cuda,CDC40:HepG2
YBX3,K562,chr12:6870803:T:C,0,1,0.15334469079971313,modal,cuda,CDC40:HepG2
YBX3,K562,chr12:6975270:T:C,0,1,0.8571067452430725,modal,cuda,CDC40:HepG2
YBX3,K562,chr12:6975333:C:T,0,1,0.5221534967422485,modal,cuda,CDC40:HepG2
YBX3,K562,chr12:910309:T:C,0,1,0.40964841842651367,modal,cuda,CDC40:HepG2
YBX3,K562,chr13:110512732:C:T,0,0,0.16722583770751953,modal,cuda,CDC40:HepG2
YBX3,K562,chr13:110512748:A:G,0,0,-0.6707514524459839,modal,cuda,CDC40:HepG2
YBX3,K562,chr13:110512841:T:C,0,0,-0.39900338649749756,modal,cuda,CDC40:HepG2
YBX3,K562,chr13:110512854:T:C,0,0,0.6887803077697754,modal,cuda,CDC40:HepG2
YBX3,K562,chr13:113636018:G:A,0,0,0.17463719844818115,modal,cuda,CDC40:HepG2
YBX3,K562,chr13:27256337:A:G,0,0,0.3342490792274475,modal,cuda,CDC40:HepG2
YBX3,K562,chr13:28678023:G:C,0,0,0.09443938732147217,modal,cuda,CDC40:HepG2
YBX3,K562,chr13:37002558:A:T,0,0,0.509379506111145,modal,cuda,CDC40:HepG2
YBX3,K562,chr14:101856756:T:C,0,2,-0.25999748706817627,modal,cuda,CDC40:HepG2
YBX3,K562,chr14:102029519:A:T,0,2,-0.9238162040710449,modal,cuda,CDC40:HepG2
YBX3,K562,chr14:102039549:A:G,0,2,0.7344298362731934,modal,cuda,CDC40:HepG2
YBX3,K562,chr14:104780070:G:A,0,2,-0.09435999393463135,modal,cuda,CDC40:HepG2
YBX3,K562,chr14:104780070:G:C,0,2,-0.27787894010543823,modal,cuda,CDC40:HepG2
YBX3,K562,chr14:105466467:G:A,0,2,-0.23917937278747559,modal,cuda,CDC40:HepG2
YBX3,K562,chr14:23966355:C:T,0,2,0.10555136203765869,modal,cuda,CDC40:HepG2
YBX3,K562,chr14:30886104:C:T,0,2,0.09790241718292236,modal,cuda,CDC40:HepG2
YBX3,K562,chr14:50937801:G:A,1,2,-0.20248329639434814,modal,cuda,CDC40:HepG2
YBX3,K562,chr14:58257912:C:T,0,2,-0.4767175316810608,modal,cuda,CDC40:HepG2
YBX3,K562,chr14:64415345:G:A,0,2,-0.32232582569122314,modal,cuda,CDC40:HepG2
YBX3,K562,chr14:68921022:C:T,0,2,-0.1278374195098877,modal,cuda,CDC40:HepG2
YBX3,K562,chr14:74480707:G:A,1,2,0.4182612895965576,modal,cuda,CDC40:HepG2
YBX3,K562,chr14:74480721:C:T,1,2,1.3799265623092651,modal,cuda,CDC40:HepG2
YBX3,K562,chr14:74480737:G:A,1,2,0.4990842342376709,modal,cuda,CDC40:HepG2
YBX3,K562,chr14:77506753:T:C,0,2,-0.26111114025115967,modal,cuda,CDC40:HepG2
YBX3,K562,chr14:77509250:G:C,0,2,-0.5913369655609131,modal,cuda,CDC40:HepG2
YBX3,K562,chr14:99495493:T:C,0,2,0.21106696128845215,modal,cuda,CDC40:HepG2
YBX3,K562,chr14:99500849:A:T,0,2,-0.22275495529174805,modal,cuda,CDC40:HepG2
YBX3,K562,chr15:22918835:C:T,0,1,-0.1310024857521057,modal,cuda,CDC40:HepG2
YBX3,K562,chr15:22943270:G:A,0,1,-0.18639206886291504,modal,cuda,CDC40:HepG2
YBX3,K562,chr15:25339207:G:C,1,1,-0.36378738284111023,modal,cuda,CDC40:HepG2
YBX3,K562,chr15:25339211:A:G,1,1,-0.39446699619293213,modal,cuda,CDC40:HepG2
YBX3,K562,chr15:25339222:A:T,1,1,0.7951012253761292,modal,cuda,CDC40:HepG2
YBX3,K562,chr15:25354571:A:T,1,1,0.506900429725647,modal,cuda,CDC40:HepG2
YBX3,K562,chr15:34342123:C:G,0,1,0.22062446177005768,modal,cuda,CDC40:HepG2
YBX3,K562,chr15:34342999:C:T,0,1,0.11289739608764648,modal,cuda,CDC40:HepG2
YBX3,K562,chr15:40002705:T:C,0,1,-0.78067547082901,modal,cuda,CDC40:HepG2
YBX3,K562,chr15:40728842:G:C,0,1,-0.4933837652206421,modal,cuda,CDC40:HepG2
YBX3,K562,chr15:43403804:G:A,1,1,1.8524196147918701,modal,cuda,CDC40:HepG2
YBX3,K562,chr15:45061167:G:A,0,1,0.4017788767814636,modal,cuda,CDC40:HepG2
YBX3,K562,chr15:45065349:C:T,0,1,0.5809293985366821,modal,cuda,CDC40:HepG2
YBX3,K562,chr15:45603171:T:A,1,1,-0.17641907930374146,modal,cuda,CDC40:HepG2
YBX3,K562,chr15:50574314:G:A,0,1,0.22347521781921387,modal,cuda,CDC40:HepG2
YBX3,K562,chr15:51495039:G:A,1,1,0.703396201133728,modal,cuda,CDC40:HepG2
YBX3,K562,chr15:51495068:A:T,1,1,0.2832808494567871,modal,cuda,CDC40:HepG2
YBX3,K562,chr15:57243463:T:C,0,1,-0.45694291591644287,modal,cuda,CDC40:HepG2
YBX3,K562,chr15:65157816:G:A,0,1,0.5628180503845215,modal,cuda,CDC40:HepG2
YBX3,K562,chr15:66521041:T:G,0,1,-0.19052091240882874,modal,cuda,CDC40:HepG2
YBX3,K562,chr15:66781329:A:T,1,1,-0.20893120765686035,modal,cuda,CDC40:HepG2
YBX3,K562,chr15:66781353:A:T,1,1,-0.5082622766494751,modal,cuda,CDC40:HepG2
YBX3,K562,chr15:67164964:G:A,1,1,-0.2789677381515503,modal,cuda,CDC40:HepG2
YBX3,K562,chr15:67164964:G:C,1,1,-0.336833655834198,modal,cuda,CDC40:HepG2
YBX3,K562,chr15:67164969:G:A,1,1,0.11842197179794312,modal,cuda,CDC40:HepG2
YBX3,K562,chr15:67164997:A:G,0,1,-0.1143796443939209,modal,cuda,CDC40:HepG2
YBX3,K562,chr15:67236711:A:T,1,1,0.4875497817993164,modal,cuda,CDC40:HepG2
YBX3,K562,chr15:67236754:C:T,1,1,0.9395039081573486,modal,cuda,CDC40:HepG2
YBX3,K562,chr15:67236756:G:C,0,1,0.2624688744544983,modal,cuda,CDC40:HepG2
YBX3,K562,chr15:69417453:C:T,0,1,-0.38012707233428955,modal,cuda,CDC40:HepG2
YBX3,K562,chr15:72375818:G:T,1,1,0.3781898021697998,modal,cuda,CDC40:HepG2
YBX3,K562,chr15:72375829:G:C,1,1,-0.8183156251907349,modal,cuda,CDC40:HepG2
YBX3,K562,chr15:72375882:G:A,1,1,0.3822751045227051,modal,cuda,CDC40:HepG2
YBX3,K562,chr15:72375895:C:T,1,1,-0.7695277333259583,modal,cuda,CDC40:HepG2
YBX3,K562,chr15:72375901:C:T,1,1,-0.706031322479248,modal,cuda,CDC40:HepG2
YBX3,K562,chr15:72544973:C:T,0,1,-0.279488205909729,modal,cuda,CDC40:HepG2
YBX3,K562,chr15:72561563:T:C,0,1,0.28212517499923706,modal,cuda,CDC40:HepG2
YBX3,K562,chr15:74035478:C:T,0,1,0.3253030776977539,modal,cuda,CDC40:HepG2
YBX3,K562,chr15:74891384:G:A,1,1,-0.13427454233169556,modal,cuda,CDC40:HepG2
YBX3,K562,chr15:74891594:G:A,0,1,0.5821853280067444,modal,cuda,CDC40:HepG2
YBX3,K562,chr15:74891595:C:T,0,1,-0.15351271629333496,modal,cuda,CDC40:HepG2
YBX3,K562,chr15:74898088:G:A,0,1,0.5468024015426636,modal,cuda,CDC40:HepG2
YBX3,K562,chr15:78131168:G:C,1,1,-0.2507513761520386,modal,cuda,CDC40:HepG2
YBX3,K562,chr15:79889252:G:A,1,1,0.9480280876159668,modal,cuda,CDC40:HepG2
YBX3,K562,chr15:82538982:A:C,1,1,-0.2966461181640625,modal,cuda,CDC40:HepG2
YBX3,K562,chr15:84645544:G:A,0,1,0.44151073694229126,modal,cuda,CDC40:HepG2
YBX3,K562,chr15:84645601:A:T,1,1,0.783053994178772,modal,cuda,CDC40:HepG2
YBX3,K562,chr15:84645608:C:T,0,1,0.22878789901733398,modal,cuda,CDC40:HepG2
YBX3,K562,chr15:89301457:A:C,0,1,-0.44600024819374084,modal,cuda,CDC40:HepG2
YBX3,K562,chr15:90231027:G:C,0,1,0.4725298285484314,modal,cuda,CDC40:HepG2
YBX3,K562,chr15:90271327:A:G,0,1,0.4236607551574707,modal,cuda,CDC40:HepG2
YBX3,K562,chr15:91017831:G:A,1,1,1.8537009954452515,modal,cuda,CDC40:HepG2
YBX3,K562,chr15:91017831:G:T,0,1,0.7201695442199707,modal,cuda,CDC40:HepG2
YBX3,K562,chr16:1314280:T:C,0,2,0.33608925342559814,modal,cuda,CDC40:HepG2
YBX3,K562,chr16:1959761:A:G,0,2,-0.3771061897277832,modal,cuda,CDC40:HepG2
YBX3,K562,chr16:1961143:G:A,0,2,0.12725043296813965,modal,cuda,CDC40:HepG2
YBX3,K562,chr16:2087856:C:T,0,2,0.20555377006530762,modal,cuda,CDC40:HepG2
YBX3,K562,chr16:2087871:C:T,0,2,0.33678388595581055,modal,cuda,CDC40:HepG2
YBX3,K562,chr16:2087880:C:G,0,2,0.05187678337097168,modal,cuda,CDC40:HepG2
YBX3,K562,chr16:2087901:G:C,0,2,-0.10015875101089478,modal,cuda,CDC40:HepG2
YBX3,K562,chr16:2087908:G:T,1,2,0.20119637250900269,modal,cuda,CDC40:HepG2
YBX3,K562,chr16:2087921:T:C,1,2,0.07170826196670532,modal,cuda,CDC40:HepG2
YBX3,K562,chr16:2173854:G:A,0,2,0.14793208241462708,modal,cuda,CDC40:HepG2
YBX3,K562,chr16:2496118:T:C,0,2,-0.2847933769226074,modal,cuda,CDC40:HepG2
YBX3,K562,chr16:2496131:C:T,0,2,0.3974883258342743,modal,cuda,CDC40:HepG2
YBX3,K562,chr16:28842951:G:A,0,2,0.10725545883178711,modal,cuda,CDC40:HepG2
YBX3,K562,chr16:28846303:G:A,0,2,-0.1763746440410614,modal,cuda,CDC40:HepG2
YBX3,K562,chr16:28846324:A:G,0,2,-0.28361329436302185,modal,cuda,CDC40:HepG2
YBX3,K562,chr16:29968109:T:C,0,2,0.2121332883834839,modal,cuda,CDC40:HepG2
YBX3,K562,chr16:30069936:C:T,0,2,-0.06872928142547607,modal,cuda,CDC40:HepG2
YBX3,K562,chr16:30069940:C:T,1,2,-0.16782796382904053,modal,cuda,CDC40:HepG2
YBX3,K562,chr16:3027413:C:T,0,2,-0.34130236506462097,modal,cuda,CDC40:HepG2
YBX3,K562,chr16:31111229:C:T,0,2,-0.11760091781616211,modal,cuda,CDC40:HepG2
YBX3,K562,chr16:31182621:C:A,0,2,-0.10767686367034912,modal,cuda,CDC40:HepG2
YBX3,K562,chr16:31182627:C:T,0,2,0.07218605279922485,modal,cuda,CDC40:HepG2
YBX3,K562,chr16:3665954:G:C,0,2,0.13213977217674255,modal,cuda,CDC40:HepG2
YBX3,K562,chr16:3676021:C:T,0,2,0.23718595504760742,modal,cuda,CDC40:HepG2
YBX3,K562,chr16:3676030:G:A,0,2,-0.4057352542877197,modal,cuda,CDC40:HepG2
YBX3,K562,chr16:3685978:G:A,0,2,-0.38997411727905273,modal,cuda,CDC40:HepG2
YBX3,K562,chr16:47661702:G:A,0,2,0.2439051866531372,modal,cuda,CDC40:HepG2
YBX3,K562,chr16:58521021:G:A,0,2,0.5326765775680542,modal,cuda,CDC40:HepG2
YBX3,K562,chr16:58532400:G:A,0,2,-0.20486342906951904,modal,cuda,CDC40:HepG2
YBX3,K562,chr16:58576564:G:A,1,2,1.0045219659805298,modal,cuda,CDC40:HepG2
YBX3,K562,chr16:58576590:G:A,0,2,-0.11400508880615234,modal,cuda,CDC40:HepG2
YBX3,K562,chr16:58587785:G:A,1,2,0.8912653923034668,modal,cuda,CDC40:HepG2
YBX3,K562,chr16:66565987:G:A,0,2,-0.21160638332366943,modal,cuda,CDC40:HepG2
YBX3,K562,chr16:681160:C:G,1,2,0.32543182373046875,modal,cuda,CDC40:HepG2
YBX3,K562,chr16:681191:G:A,1,2,-0.03442573547363281,modal,cuda,CDC40:HepG2
YBX3,K562,chr16:68339417:C:T,0,2,0.33317893743515015,modal,cuda,CDC40:HepG2
YBX3,K562,chr16:69695117:G:T,0,2,0.3328355550765991,modal,cuda,CDC40:HepG2
YBX3,K562,chr16:69695126:G:A,0,2,0.1018221378326416,modal,cuda,CDC40:HepG2
YBX3,K562,chr16:70252647:T:A,0,2,0.6985334157943726,modal,cuda,CDC40:HepG2
YBX3,K562,chr16:70496367:C:G,1,2,-0.16208720207214355,modal,cuda,CDC40:HepG2
YBX3,K562,chr16:70496367:C:T,1,2,0.12994694709777832,modal,cuda,CDC40:HepG2
YBX3,K562,chr16:70509350:C:A,1,2,1.152846336364746,modal,cuda,CDC40:HepG2
YBX3,K562,chr16:70512280:C:A,1,2,0.3842982053756714,modal,cuda,CDC40:HepG2
YBX3,K562,chr16:74661181:G:T,0,2,-0.545435905456543,modal,cuda,CDC40:HepG2
YBX3,K562,chr16:75640226:G:A,1,2,1.0335392951965332,modal,cuda,CDC40:HepG2
YBX3,K562,chr16:75640236:A:C,1,2,0.7644650936126709,modal,cuda,CDC40:HepG2
YBX3,K562,chr16:75640258:A:T,1,2,0.37320172786712646,modal,cuda,CDC40:HepG2
YBX3,K562,chr16:81096116:G:A,0,2,-0.38729166984558105,modal,cuda,CDC40:HepG2
YBX3,K562,chr16:81096189:G:C,0,2,0.2275543212890625,modal,cuda,CDC40:HepG2
YBX3,K562,chr16:81096217:G:A,0,2,-0.36478281021118164,modal,cuda,CDC40:HepG2
YBX3,K562,chr16:85806868:G:A,0,2,-0.08130204677581787,modal,cuda,CDC40:HepG2
YBX3,K562,chr16:86889:T:C,0,2,-0.17885710299015045,modal,cuda,CDC40:HepG2
YBX3,K562,chr16:88858694:G:T,1,2,-0.14184129238128662,modal,cuda,CDC40:HepG2
YBX3,K562,chr16:89101129:C:T,1,2,-0.38765648007392883,modal,cuda,CDC40:HepG2
YBX3,K562,chr16:8919014:G:A,0,2,-0.9551587104797363,modal,cuda,CDC40:HepG2
YBX3,K562,chr16:8919036:G:A,1,2,0.44312137365341187,modal,cuda,CDC40:HepG2
YBX3,K562,chr16:8919076:C:T,1,2,0.3731797933578491,modal,cuda,CDC40:HepG2
YBX3,K562,chr16:89290706:G:A,1,2,1.0615967512130737,modal,cuda,CDC40:HepG2
YBX3,K562,chr16:89290721:C:A,1,2,1.7827742099761963,modal,cuda,CDC40:HepG2
YBX3,K562,chr16:89290749:A:G,0,2,0.1797269582748413,modal,cuda,CDC40:HepG2
YBX3,K562,chr16:89649390:T:C,0,2,-0.04510761797428131,modal,cuda,CDC40:HepG2
YBX3,K562,chr17:1656632:C:G,0,1,-0.4633150100708008,modal,cuda,CDC40:HepG2
YBX3,K562,chr17:1674691:A:C,0,1,-0.35331106185913086,modal,cuda,CDC40:HepG2
YBX3,K562,chr17:1679420:T:C,0,1,-0.4126913547515869,modal,cuda,CDC40:HepG2
YBX3,K562,chr17:1769918:G:A,0,1,0.10241973400115967,modal,cuda,CDC40:HepG2
YBX3,K562,chr17:1769982:C:T,0,1,0.3063303828239441,modal,cuda,CDC40:HepG2
YBX3,K562,chr17:1770045:C:A,1,1,0.7423381209373474,modal,cuda,CDC40:HepG2
YBX3,K562,chr17:1771040:C:T,1,1,1.1857314109802246,modal,cuda,CDC40:HepG2
YBX3,K562,chr17:1771135:T:C,0,1,-0.45039939880371094,modal,cuda,CDC40:HepG2
YBX3,K562,chr17:1771140:C:G,0,1,1.045050859451294,modal,cuda,CDC40:HepG2
YBX3,K562,chr17:1771142:C:T,1,1,0.2588583827018738,modal,cuda,CDC40:HepG2
YBX3,K562,chr17:29522454:C:T,1,1,1.1374908685684204,modal,cuda,CDC40:HepG2
YBX3,K562,chr17:29522463:C:T,1,1,1.4313859939575195,modal,cuda,CDC40:HepG2
YBX3,K562,chr17:29534311:T:C,0,1,0.4100475311279297,modal,cuda,CDC40:HepG2
YBX3,K562,chr17:31221842:A:G,1,1,0.44178709387779236,modal,cuda,CDC40:HepG2
YBX3,K562,chr17:31221843:A:G,1,1,0.2378840446472168,modal,cuda,CDC40:HepG2
YBX3,K562,chr17:31221847:C:G,1,1,-0.8096573352813721,modal,cuda,CDC40:HepG2
YBX3,K562,chr17:31358461:G:T,0,1,-0.29494404792785645,modal,cuda,CDC40:HepG2
YBX3,K562,chr17:36486794:G:A,0,1,-0.5963884592056274,modal,cuda,CDC40:HepG2
YBX3,K562,chr17:37248577:A:G,0,1,-0.1854304075241089,modal,cuda,CDC40:HepG2
YBX3,K562,chr17:37248579:G:T,0,1,0.4814404249191284,modal,cuda,CDC40:HepG2
YBX3,K562,chr17:37277130:A:G,0,1,0.12320923805236816,modal,cuda,CDC40:HepG2
YBX3,K562,chr17:38735552:G:A,0,1,-0.12151849269866943,modal,cuda,CDC40:HepG2
YBX3,K562,chr17:38736070:C:T,0,1,0.7401864528656006,modal,cuda,CDC40:HepG2
YBX3,K562,chr17:38739701:G:A,0,1,0.0664224624633789,modal,cuda,CDC40:HepG2
YBX3,K562,chr17:38850487:A:G,0,1,0.2474779486656189,modal,cuda,CDC40:HepG2
YBX3,K562,chr17:40818360:T:C,0,1,0.13723373413085938,modal,cuda,CDC40:HepG2
YBX3,K562,chr17:40818411:T:C,0,1,-0.2817368507385254,modal,cuda,CDC40:HepG2
YBX3,K562,chr17:40818434:G:A,0,1,0.3321843147277832,modal,cuda,CDC40:HepG2
YBX3,K562,chr17:41968123:A:C,1,1,1.0722631216049194,modal,cuda,CDC40:HepG2
YBX3,K562,chr17:41968123:A:G,1,1,1.4732450246810913,modal,cuda,CDC40:HepG2
YBX3,K562,chr17:42227517:G:A,0,1,0.7874805927276611,modal,cuda,CDC40:HepG2
YBX3,K562,chr17:42313814:T:C,0,1,-0.663465142250061,modal,cuda,CDC40:HepG2
YBX3,K562,chr17:42314228:C:T,0,1,-0.4226510524749756,modal,cuda,CDC40:HepG2
YBX3,K562,chr17:42315161:A:C,0,1,-0.8572807312011719,modal,cuda,CDC40:HepG2
YBX3,K562,chr17:42315163:T:A,0,1,0.5890288949012756,modal,cuda,CDC40:HepG2
YBX3,K562,chr17:42315759:T:C,0,1,-0.17475485801696777,modal,cuda,CDC40:HepG2
YBX3,K562,chr17:42315763:G:A,0,1,-0.13173329830169678,modal,cuda,CDC40:HepG2
YBX3,K562,chr17:42315764:C:T,0,1,-0.23827672004699707,modal,cuda,CDC40:HepG2
YBX3,K562,chr17:42315766:C:T,0,1,0.37107521295547485,modal,cuda,CDC40:HepG2
YBX3,K562,chr17:42998454:G:C,0,1,-0.8902784585952759,modal,cuda,CDC40:HepG2
YBX3,K562,chr17:43002731:C:A,0,1,0.7293263673782349,modal,cuda,CDC40:HepG2
YBX3,K562,chr17:43091874:C:A,0,1,0.16185998916625977,modal,cuda,CDC40:HepG2
YBX3,K562,chr17:43091874:C:G,0,1,-0.3505070209503174,modal,cuda,CDC40:HepG2
YBX3,K562,chr17:43091884:A:C,1,1,1.2682515382766724,modal,cuda,CDC40:HepG2
YBX3,K562,chr17:43091884:A:T,1,1,1.1326165199279785,modal,cuda,CDC40:HepG2
YBX3,K562,chr17:43091891:C:A,1,1,2.1108076572418213,modal,cuda,CDC40:HepG2
YBX3,K562,chr17:43091891:C:T,0,1,0.35889995098114014,modal,cuda,CDC40:HepG2
YBX3,K562,chr17:43091894:C:A,1,1,2.2349791526794434,modal,cuda,CDC40:HepG2
YBX3,K562,chr17:43091896:G:C,1,1,2.3575501441955566,modal,cuda,CDC40:HepG2
YBX3,K562,chr17:43091896:G:T,1,1,2.0700433254241943,modal,cuda,CDC40:HepG2
YBX3,K562,chr17:43091905:A:C,1,1,-0.4953044652938843,modal,cuda,CDC40:HepG2
YBX3,K562,chr17:43091912:T:A,1,1,1.7112360000610352,modal,cuda,CDC40:HepG2
YBX3,K562,chr17:43091923:C:T,0,1,0.7659704685211182,modal,cuda,CDC40:HepG2
YBX3,K562,chr17:43091924:G:A,1,1,1.5427733659744263,modal,cuda,CDC40:HepG2
YBX3,K562,chr17:43091931:C:A,0,1,0.6998042464256287,modal,cuda,CDC40:HepG2
YBX3,K562,chr17:43091933:G:A,1,1,-0.555120587348938,modal,cuda,CDC40:HepG2
YBX3,K562,chr17:43091938:A:T,1,1,2.4134294986724854,modal,cuda,CDC40:HepG2
YBX3,K562,chr17:43092692:T:A,1,1,0.9879446029663086,modal,cuda,CDC40:HepG2
YBX3,K562,chr17:43092699:A:T,1,1,0.8681509494781494,modal,cuda,CDC40:HepG2
YBX3,K562,chr17:43092704:T:A,1,1,1.0243464708328247,modal,cuda,CDC40:HepG2
YBX3,K562,chr17:43092717:T:C,0,1,-0.2878148555755615,modal,cuda,CDC40:HepG2
YBX3,K562,chr17:43092722:T:A,1,1,1.2921239137649536,modal,cuda,CDC40:HepG2
YBX3,K562,chr17:43092731:G:A,1,1,1.414307713508606,modal,cuda,CDC40:HepG2
YBX3,K562,chr17:43092733:C:G,0,1,0.5300424098968506,modal,cuda,CDC40:HepG2
YBX3,K562,chr17:43092758:T:G,0,1,0.3902294635772705,modal,cuda,CDC40:HepG2
YBX3,K562,chr17:43092770:G:A,1,1,0.8649588227272034,modal,cuda,CDC40:HepG2
YBX3,K562,chr17:43092773:C:T,0,1,0.3911288380622864,modal,cuda,CDC40:HepG2
YBX3,K562,chr17:43092791:C:A,1,1,0.6759300231933594,modal,cuda,CDC40:HepG2
YBX3,K562,chr17:43092803:G:A,1,1,0.6506328582763672,modal,cuda,CDC40:HepG2
YBX3,K562,chr17:43092809:C:A,1,1,1.5817691087722778,modal,cuda,CDC40:HepG2
YBX3,K562,chr17:43104120:A:C,1,1,2.0973405838012695,modal,cuda,CDC40:HepG2
YBX3,K562,chr17:43104136:C:A,1,1,1.398064136505127,modal,cuda,CDC40:HepG2
YBX3,K562,chr17:43104136:C:T,0,1,0.6999391317367554,modal,cuda,CDC40:HepG2
YBX3,K562,chr17:43104138:G:T,0,1,0.6018697619438171,modal,cuda,CDC40:HepG2
YBX3,K562,chr17:43104142:C:A,1,1,0.38745611906051636,modal,cuda,CDC40:HepG2
YBX3,K562,chr17:43104148:G:A,1,1,0.3955833911895752,modal,cuda,CDC40:HepG2
YBX3,K562,chr17:43104160:T:A,1,1,0.3960660696029663,modal,cuda,CDC40:HepG2
YBX3,K562,chr17:43104166:G:A,0,1,0.6580974459648132,modal,cuda,CDC40:HepG2
YBX3,K562,chr17:43104167:G:T,0,1,-0.3471944034099579,modal,cuda,CDC40:HepG2
YBX3,K562,chr17:43104172:T:A,1,1,0.36266493797302246,modal,cuda,CDC40:HepG2
YBX3,K562,chr17:43104173:G:C,1,1,1.023768424987793,modal,cuda,CDC40:HepG2
YBX3,K562,chr17:43104173:G:T,1,1,-0.4256325960159302,modal,cuda,CDC40:HepG2
YBX3,K562,chr17:43104187:G:A,1,1,0.8342412710189819,modal,cuda,CDC40:HepG2
YBX3,K562,chr17:43104193:T:C,0,1,-0.45615696907043457,modal,cuda,CDC40:HepG2
YBX3,K562,chr17:43104208:T:A,1,1,0.6821668148040771,modal,cuda,CDC40:HepG2
YBX3,K562,chr17:43104217:C:A,1,1,1.9651458263397217,modal,cuda,CDC40:HepG2
YBX3,K562,chr17:44351170:G:A,0,1,0.31817495822906494,modal,cuda,CDC40:HepG2
YBX3,K562,chr17:44867905:G:C,0,1,-0.20333147048950195,modal,cuda,CDC40:HepG2
YBX3,K562,chr17:47219886:T:C,0,1,-0.5882753133773804,modal,cuda,CDC40:HepG2
YBX3,K562,chr17:48931659:C:A,1,1,0.6600664854049683,modal,cuda,CDC40:HepG2
YBX3,K562,chr17:48931710:C:T,1,1,0.07383358478546143,modal,cuda,CDC40:HepG2
YBX3,K562,chr17:4938088:C:T,0,1,0.09989365935325623,modal,cuda,CDC40:HepG2
YBX3,K562,chr17:4938145:C:A,0,1,0.2216755747795105,modal,cuda,CDC40:HepG2
YBX3,K562,chr17:49405058:G:A,0,1,-0.4560939371585846,modal,cuda,CDC40:HepG2
YBX3,K562,chr17:4945970:C:A,1,1,0.4163767695426941,modal,cuda,CDC40:HepG2
YBX3,K562,chr17:4945982:A:G,1,1,-0.47341716289520264,modal,cuda,CDC40:HepG2
YBX3,K562,chr17:4945989:G:A,0,1,0.2291508913040161,modal,cuda,CDC40:HepG2
YBX3,K562,chr17:4946013:A:G,0,1,-0.2160639762878418,modal,cuda,CDC40:HepG2
YBX3,K562,chr17:4946618:A:G,1,1,-0.477372407913208,modal,cuda,CDC40:HepG2
YBX3,K562,chr17:5000869:A:G,0,1,-0.3896585702896118,modal,cuda,CDC40:HepG2
YBX3,K562,chr17:5433274:C:A,0,1,-0.7122502326965332,modal,cuda,CDC40:HepG2
YBX3,K562,chr17:59049297:G:A,1,1,2.610196352005005,modal,cuda,CDC40:HepG2
YBX3,K562,chr17:59049363:T:A,1,1,1.1323442459106445,modal,cuda,CDC40:HepG2
YBX3,K562,chr17:59049372:G:A,1,1,1.9526093006134033,modal,cuda,CDC40:HepG2
YBX3,K562,chr17:59661646:A:T,0,1,0.7184243202209473,modal,cuda,CDC40:HepG2
YBX3,K562,chr17:59682620:T:G,0,1,0.17981809377670288,modal,cuda,CDC40:HepG2
YBX3,K562,chr17:68250275:A:G,0,1,0.24596238136291504,modal,cuda,CDC40:HepG2
YBX3,K562,chr17:7314165:G:A,0,1,-0.5152297616004944,modal,cuda,CDC40:HepG2
YBX3,K562,chr17:7575180:G:A,0,1,0.34270530939102173,modal,cuda,CDC40:HepG2
YBX3,K562,chr17:7579882:C:T,0,1,0.45056653022766113,modal,cuda,CDC40:HepG2
YBX3,K562,chr17:7585997:T:C,1,1,0.353913813829422,modal,cuda,CDC40:HepG2
YBX3,K562,chr17:77487420:C:T,0,1,0.2996692657470703,modal,cuda,CDC40:HepG2
YBX3,K562,chr17:77488877:A:G,0,1,-0.2190588116645813,modal,cuda,CDC40:HepG2
YBX3,K562,chr17:77490724:C:A,0,1,0.36319684982299805,modal,cuda,CDC40:HepG2
YBX3,K562,chr17:78123014:G:A,0,1,0.19438689947128296,modal,cuda,CDC40:HepG2
YBX3,K562,chr17:78123849:T:C,0,1,-0.09495878219604492,modal,cuda,CDC40:HepG2
YBX3,K562,chr17:78123984:A:G,0,1,-0.27508533000946045,modal,cuda,CDC40:HepG2
YBX3,K562,chr17:78223604:G:C,0,1,-0.25214195251464844,modal,cuda,CDC40:HepG2
YBX3,K562,chr17:81510981:G:A,0,1,-0.24334686994552612,modal,cuda,CDC40:HepG2
YBX3,K562,chr17:81510993:G:A,0,1,-0.1612120270729065,modal,cuda,CDC40:HepG2
YBX3,K562,chr17:81511034:G:A,0,1,-0.16648459434509277,modal,cuda,CDC40:HepG2
YBX3,K562,chr17:81511041:G:A,0,1,-0.17612934112548828,modal,cuda,CDC40:HepG2
YBX3,K562,chr17:81511199:G:A,1,1,0.37887781858444214,modal,cuda,CDC40:HepG2
YBX3,K562,chr17:81511223:C:T,1,1,-0.27576780319213867,modal,cuda,CDC40:HepG2
YBX3,K562,chr17:81511224:G:A,1,1,0.4355440139770508,modal,cuda,CDC40:HepG2
YBX3,K562,chr17:81511261:G:A,0,1,0.0962744951248169,modal,cuda,CDC40:HepG2
YBX3,K562,chr17:81511378:G:A,0,1,-0.16879093647003174,modal,cuda,CDC40:HepG2
YBX3,K562,chr17:81511382:G:T,1,1,-0.05363965034484863,modal,cuda,CDC40:HepG2
YBX3,K562,chr17:81512150:G:A,0,1,0.49112647771835327,modal,cuda,CDC40:HepG2
YBX3,K562,chr17:81512156:C:T,0,1,0.46879780292510986,modal,cuda,CDC40:HepG2
YBX3,K562,chr17:81512278:G:C,1,1,-0.16924047470092773,modal,cuda,CDC40:HepG2
YBX3,K562,chr17:81512340:G:T,0,1,-0.41471320390701294,modal,cuda,CDC40:HepG2
YBX3,K562,chr17:81512374:G:A,0,1,-0.23486179113388062,modal,cuda,CDC40:HepG2
YBX3,K562,chr17:81707064:G:A,0,1,0.9829047918319702,modal,cuda,CDC40:HepG2
YBX3,K562,chr17:81847239:G:A,0,1,-0.09172219038009644,modal,cuda,CDC40:HepG2
YBX3,K562,chr17:82037444:A:G,0,1,1.0772712230682373,modal,cuda,CDC40:HepG2
YBX3,K562,chr17:82054893:G:A,0,1,0.1200525164604187,modal,cuda,CDC40:HepG2
YBX3,K562,chr17:8379952:A:G,0,1,0.4622853994369507,modal,cuda,CDC40:HepG2
YBX3,K562,chr18:12308794:G:C,0,4,0.6104705333709717,modal,cuda,CDC40:HepG2
YBX3,K562,chr18:12325723:A:G,0,4,0.20236921310424805,modal,cuda,CDC40:HepG2
YBX3,K562,chr18:12356843:A:G,0,4,0.18434834480285645,modal,cuda,CDC40:HepG2
YBX3,K562,chr18:12356848:A:C,0,4,-0.6363508701324463,modal,cuda,CDC40:HepG2
YBX3,K562,chr18:12360055:T:C,0,4,0.2916272282600403,modal,cuda,CDC40:HepG2
YBX3,K562,chr18:21838347:T:C,0,4,-0.3374190330505371,modal,cuda,CDC40:HepG2
YBX3,K562,chr18:26274810:A:G,0,4,-0.6080679893493652,modal,cuda,CDC40:HepG2
YBX3,K562,chr18:35070275:A:G,1,4,-0.4938619136810303,modal,cuda,CDC40:HepG2
YBX3,K562,chr18:46091855:T:C,0,4,-0.5862260460853577,modal,cuda,CDC40:HepG2
YBX3,K562,chr18:51054866:A:G,0,4,0.2160325050354004,modal,cuda,CDC40:HepG2
YBX3,K562,chr18:51054881:A:T,0,4,-0.14374923706054688,modal,cuda,CDC40:HepG2
YBX3,K562,chr18:51054893:T:C,0,4,-0.2919149398803711,modal,cuda,CDC40:HepG2
YBX3,K562,chr18:51054926:G:T,0,4,0.13992857933044434,modal,cuda,CDC40:HepG2
YBX3,K562,chr18:51054959:T:G,0,4,-0.3610067367553711,modal,cuda,CDC40:HepG2
YBX3,K562,chr18:51054962:C:G,0,4,-0.2352159023284912,modal,cuda,CDC40:HepG2
YBX3,K562,chr18:51054962:C:T,0,4,0.08718442916870117,modal,cuda,CDC40:HepG2
YBX3,K562,chr18:51076667:G:A,0,4,0.5259486436843872,modal,cuda,CDC40:HepG2
YBX3,K562,chr18:51076706:T:C,0,4,-0.22381556034088135,modal,cuda,CDC40:HepG2
YBX3,K562,chr18:51076712:G:A,0,4,-0.4183117151260376,modal,cuda,CDC40:HepG2
YBX3,K562,chr18:58389201:G:A,0,4,0.41123273968696594,modal,cuda,CDC40:HepG2
YBX3,K562,chr18:669174:G:A,1,4,0.32227039337158203,modal,cuda,CDC40:HepG2
YBX3,K562,chr18:673086:A:G,0,4,0.5241312980651855,modal,cuda,CDC40:HepG2
YBX3,K562,chr18:79973859:G:C,1,4,0.7597819566726685,modal,cuda,CDC40:HepG2
YBX3,K562,chr19:10133654:C:T,0,4,0.6682760119438171,modal,cuda,CDC40:HepG2
YBX3,K562,chr19:10136108:C:A,0,4,0.28094446659088135,modal,cuda,CDC40:HepG2
YBX3,K562,chr19:10378495:C:T,0,4,0.12958383560180664,modal,cuda,CDC40:HepG2
YBX3,K562,chr19:10831500:C:T,0,4,-0.24286389350891113,modal,cuda,CDC40:HepG2
YBX3,K562,chr19:10984308:G:T,1,4,-0.5706783533096313,modal,cuda,CDC40:HepG2
YBX3,K562,chr19:10984326:C:T,1,4,-0.43319958448410034,modal,cuda,CDC40:HepG2
YBX3,K562,chr19:11012932:C:G,0,4,1.2650386095046997,modal,cuda,CDC40:HepG2
YBX3,K562,chr19:11012961:G:T,1,4,0.7502080202102661,modal,cuda,CDC40:HepG2
YBX3,K562,chr19:11012965:G:A,1,4,0.3142935037612915,modal,cuda,CDC40:HepG2
YBX3,K562,chr19:11012966:G:A,1,4,0.41382336616516113,modal,cuda,CDC40:HepG2
YBX3,K562,chr19:11013022:T:C,1,4,-0.0842587947845459,modal,cuda,CDC40:HepG2
YBX3,K562,chr19:11013062:C:T,0,4,-0.09696608781814575,modal,cuda,CDC40:HepG2
YBX3,K562,chr19:11018993:G:T,1,4,0.2593590021133423,modal,cuda,CDC40:HepG2
YBX3,K562,chr19:11021869:C:T,1,4,-0.48654961585998535,modal,cuda,CDC40:HepG2
YBX3,K562,chr19:11021874:G:A,1,4,0.3647627830505371,modal,cuda,CDC40:HepG2
YBX3,K562,chr19:11021933:G:A,1,4,-0.2369670867919922,modal,cuda,CDC40:HepG2
YBX3,K562,chr19:11021934:G:A,1,4,0.49113285541534424,modal,cuda,CDC40:HepG2
YBX3,K562,chr19:11021936:T:G,1,4,-0.3075648546218872,modal,cuda,CDC40:HepG2
YBX3,K562,chr19:11024367:C:T,1,4,-0.4220322370529175,modal,cuda,CDC40:HepG2
YBX3,K562,chr19:11024370:C:T,1,4,-0.5152591466903687,modal,cuda,CDC40:HepG2
YBX3,K562,chr19:11024389:T:C,1,4,-0.19746112823486328,modal,cuda,CDC40:HepG2
YBX3,K562,chr19:11024391:C:T,1,4,-0.2737048864364624,modal,cuda,CDC40:HepG2
YBX3,K562,chr19:11025432:G:A,1,4,0.1082923412322998,modal,cuda,CDC40:HepG2
YBX3,K562,chr19:11034159:C:T,1,4,-0.5407984256744385,modal,cuda,CDC40:HepG2
YBX3,K562,chr19:11041379:C:T,1,4,-0.6814794540405273,modal,cuda,CDC40:HepG2
YBX3,K562,chr19:1105522:C:A,0,4,-0.5253269076347351,modal,cuda,CDC40:HepG2
YBX3,K562,chr19:11058277:G:T,1,4,1.7334773540496826,modal,cuda,CDC40:HepG2
YBX3,K562,chr19:11058289:C:T,1,4,-0.5857037901878357,modal,cuda,CDC40:HepG2
YBX3,K562,chr19:11058307:G:T,1,4,-0.27846914529800415,modal,cuda,CDC40:HepG2
YBX3,K562,chr19:11058324:C:G,1,4,0.7046805620193481,modal,cuda,CDC40:HepG2
YBX3,K562,chr19:11058833:A:T,1,4,0.5740700960159302,modal,cuda,CDC40:HepG2
YBX3,K562,chr19:11058838:C:T,0,4,0.11698305606842041,modal,cuda,CDC40:HepG2
YBX3,K562,chr19:11058854:C:T,1,4,0.2619739770889282,modal,cuda,CDC40:HepG2
YBX3,K562,chr19:1106478:G:C,0,4,0.2665223777294159,modal,cuda,CDC40:HepG2
YBX3,K562,chr19:11436382:C:G,0,4,0.7509692907333374,modal,cuda,CDC40:HepG2
YBX3,K562,chr19:1244082:G:A,0,4,-0.0871543288230896,modal,cuda,CDC40:HepG2
YBX3,K562,chr19:12658359:G:A,0,4,0.23522043228149414,modal,cuda,CDC40:HepG2
YBX3,K562,chr19:12715306:G:A,0,4,-0.06461331248283386,modal,cuda,CDC40:HepG2
YBX3,K562,chr19:12852043:G:A,0,4,0.7145209312438965,modal,cuda,CDC40:HepG2
YBX3,K562,chr19:12852252:C:T,0,4,0.185202956199646,modal,cuda,CDC40:HepG2
YBX3,K562,chr19:12884589:C:T,0,4,-0.14986634254455566,modal,cuda,CDC40:HepG2
YBX3,K562,chr19:12884594:T:C,0,4,0.2927403450012207,modal,cuda,CDC40:HepG2
YBX3,K562,chr19:12884608:G:A,0,4,0.12568449974060059,modal,cuda,CDC40:HepG2
YBX3,K562,chr19:13956004:C:T,0,4,-0.06014883518218994,modal,cuda,CDC40:HepG2
YBX3,K562,chr19:14518308:G:C,0,4,0.3716203570365906,modal,cuda,CDC40:HepG2
YBX3,K562,chr19:1619309:C:A,0,4,-0.5505478382110596,modal,cuda,CDC40:HepG2
YBX3,K562,chr19:17511805:C:T,0,4,-0.12433242797851562,modal,cuda,CDC40:HepG2
YBX3,K562,chr19:17764374:G:C,1,4,-0.5231044292449951,modal,cuda,CDC40:HepG2
YBX3,K562,chr19:19197194:A:G,0,4,-0.3781876564025879,modal,cuda,CDC40:HepG2
YBX3,K562,chr19:34365408:G:A,0,4,0.4957905411720276,modal,cuda,CDC40:HepG2
YBX3,K562,chr19:35545802:C:G,1,4,-0.39142027497291565,modal,cuda,CDC40:HepG2
YBX3,K562,chr19:35546990:G:A,1,4,0.4298415184020996,modal,cuda,CDC40:HepG2
YBX3,K562,chr19:35547031:T:C,1,4,1.4253218173980713,modal,cuda,CDC40:HepG2
YBX3,K562,chr19:38700990:T:G,0,4,0.25859564542770386,modal,cuda,CDC40:HepG2
YBX3,K562,chr19:38706142:G:A,0,4,0.5507925748825073,modal,cuda,CDC40:HepG2
YBX3,K562,chr19:38710261:C:T,0,4,-0.10472793877124786,modal,cuda,CDC40:HepG2
YBX3,K562,chr19:38710286:A:G,1,4,-0.13092470169067383,modal,cuda,CDC40:HepG2
YBX3,K562,chr19:38710299:C:T,1,4,0.09466934204101562,modal,cuda,CDC40:HepG2
YBX3,K562,chr19:38710307:T:C,1,4,-0.18037331104278564,modal,cuda,CDC40:HepG2
YBX3,K562,chr19:38889130:C:T,0,4,0.3149203062057495,modal,cuda,CDC40:HepG2
YBX3,K562,chr19:39433345:G:A,0,4,0.1084291934967041,modal,cuda,CDC40:HepG2
YBX3,K562,chr19:39488658:A:G,0,4,-0.19805002212524414,modal,cuda,CDC40:HepG2
YBX3,K562,chr19:3977809:C:T,0,4,0.9716991186141968,modal,cuda,CDC40:HepG2
YBX3,K562,chr19:3982794:G:C,0,4,-0.6928212642669678,modal,cuda,CDC40:HepG2
YBX3,K562,chr19:3982795:G:A,0,4,-0.12398993968963623,modal,cuda,CDC40:HepG2
YBX3,K562,chr19:3983304:G:A,0,4,0.24390023946762085,modal,cuda,CDC40:HepG2
YBX3,K562,chr19:4090714:A:G,0,4,-0.1398630142211914,modal,cuda,CDC40:HepG2
YBX3,K562,chr19:41331218:C:T,0,4,-0.08454203605651855,modal,cuda,CDC40:HepG2
YBX3,K562,chr19:41332113:G:A,0,4,-0.23244421184062958,modal,cuda,CDC40:HepG2
YBX3,K562,chr19:41352685:C:T,0,4,1.1338391304016113,modal,cuda,CDC40:HepG2
YBX3,K562,chr19:41414039:A:C,0,4,-0.5263813734054565,modal,cuda,CDC40:HepG2
YBX3,K562,chr19:41414041:A:C,0,4,-0.164969801902771,modal,cuda,CDC40:HepG2
YBX3,K562,chr19:41414045:C:T,0,4,0.738886296749115,modal,cuda,CDC40:HepG2
YBX3,K562,chr19:41869012:C:G,0,4,-0.3167738914489746,modal,cuda,CDC40:HepG2
YBX3,K562,chr19:41869697:A:G,1,4,1.2699435949325562,modal,cuda,CDC40:HepG2
YBX3,K562,chr19:41869765:G:A,0,4,0.5475590825080872,modal,cuda,CDC40:HepG2
YBX3,K562,chr19:44973156:C:T,0,4,0.501684308052063,modal,cuda,CDC40:HepG2
YBX3,K562,chr19:44973165:T:C,0,4,-0.8352898359298706,modal,cuda,CDC40:HepG2
YBX3,K562,chr19:46601421:C:A,0,4,-0.47534990310668945,modal,cuda,CDC40:HepG2
YBX3,K562,chr19:46839460:C:T,0,4,0.22696220874786377,modal,cuda,CDC40:HepG2
YBX3,K562,chr19:48616062:G:A,0,4,-0.47527074813842773,modal,cuda,CDC40:HepG2
YBX3,K562,chr19:48616098:A:G,0,4,-0.22168827056884766,modal,cuda,CDC40:HepG2
YBX3,K562,chr19:48617441:C:T,0,4,0.5261365175247192,modal,cuda,CDC40:HepG2
YBX3,K562,chr19:48956270:C:T,0,4,0.13459479808807373,modal,cuda,CDC40:HepG2
YBX3,K562,chr19:48966759:C:T,0,4,-0.43031954765319824,modal,cuda,CDC40:HepG2
YBX3,K562,chr19:49010042:C:T,0,4,-0.40912681818008423,modal,cuda,CDC40:HepG2
YBX3,K562,chr19:49015801:T:C,0,4,0.24862873554229736,modal,cuda,CDC40:HepG2
YBX3,K562,chr19:49182496:C:A,0,4,-0.5438938140869141,modal,cuda,CDC40:HepG2
YBX3,K562,chr19:49490813:C:T,0,4,0.5458637475967407,modal,cuda,CDC40:HepG2
YBX3,K562,chr19:50402053:G:A,0,4,-0.37050461769104004,modal,cuda,CDC40:HepG2
YBX3,K562,chr19:50407006:C:T,0,4,-0.09257292747497559,modal,cuda,CDC40:HepG2
YBX3,K562,chr19:50407018:G:C,0,4,0.15354450047016144,modal,cuda,CDC40:HepG2
YBX3,K562,chr19:50407027:G:A,0,4,-0.15668237209320068,modal,cuda,CDC40:HepG2
YBX3,K562,chr19:50407033:T:C,0,4,-0.12580633163452148,modal,cuda,CDC40:HepG2
YBX3,K562,chr19:50407036:C:T,0,4,-0.12783408164978027,modal,cuda,CDC40:HepG2
YBX3,K562,chr19:50415501:C:T,0,4,0.0951915979385376,modal,cuda,CDC40:HepG2
YBX3,K562,chr19:52212694:G:A,0,4,1.0567289590835571,modal,cuda,CDC40:HepG2
YBX3,K562,chr19:52212715:C:A,1,4,0.2804068326950073,modal,cuda,CDC40:HepG2
YBX3,K562,chr19:52212718:C:T,1,4,0.275623083114624,modal,cuda,CDC40:HepG2
YBX3,K562,chr19:52212720:A:G,1,4,-0.16785335540771484,modal,cuda,CDC40:HepG2
YBX3,K562,chr19:52216056:G:C,0,4,-0.18633365631103516,modal,cuda,CDC40:HepG2
YBX3,K562,chr19:52216078:A:G,0,4,0.9216527938842773,modal,cuda,CDC40:HepG2
YBX3,K562,chr19:52216565:G:T,0,4,-0.42467236518859863,modal,cuda,CDC40:HepG2
YBX3,K562,chr19:52225777:C:T,0,4,0.6628304719924927,modal,cuda,CDC40:HepG2
YBX3,K562,chr19:52225782:A:G,0,4,0.5480011701583862,modal,cuda,CDC40:HepG2
YBX3,K562,chr19:54153697:C:T,0,4,0.4683187007904053,modal,cuda,CDC40:HepG2
YBX3,K562,chr19:54207461:C:T,0,4,0.2981424331665039,modal,cuda,CDC40:HepG2
YBX3,K562,chr19:54990056:G:A,0,4,0.14874231815338135,modal,cuda,CDC40:HepG2
YBX3,K562,chr19:54990079:A:G,0,4,-0.28101634979248047,modal,cuda,CDC40:HepG2
YBX3,K562,chr19:55404483:A:T,0,4,0.7693172693252563,modal,cuda,CDC40:HepG2
YBX3,K562,chr19:5694490:G:A,0,4,-0.14620113372802734,modal,cuda,CDC40:HepG2
YBX3,K562,chr19:5694511:G:A,0,4,-0.1253737211227417,modal,cuda,CDC40:HepG2
YBX3,K562,chr19:5694520:G:A,0,4,-0.12729448080062866,modal,cuda,CDC40:HepG2
YBX3,K562,chr19:5694521:C:G,0,4,0.19556650519371033,modal,cuda,CDC40:HepG2
YBX3,K562,chr19:5694532:G:A,0,4,-0.18698883056640625,modal,cuda,CDC40:HepG2
YBX3,K562,chr19:5694532:G:T,1,4,-0.9817236065864563,modal,cuda,CDC40:HepG2
YBX3,K562,chr19:5694536:G:A,1,4,0.08746492862701416,modal,cuda,CDC40:HepG2
YBX3,K562,chr19:5694836:C:A,0,4,0.20326125621795654,modal,cuda,CDC40:HepG2
YBX3,K562,chr19:5694854:G:A,0,4,-0.4127535820007324,modal,cuda,CDC40:HepG2
YBX3,K562,chr19:6361944:A:G,1,4,0.7412401437759399,modal,cuda,CDC40:HepG2
YBX3,K562,chr19:6364442:C:T,0,4,0.21219801902770996,modal,cuda,CDC40:HepG2
YBX3,K562,chr19:6364642:G:A,0,4,0.2992643117904663,modal,cuda,CDC40:HepG2
YBX3,K562,chr19:7639825:C:T,0,4,0.18792051076889038,modal,cuda,CDC40:HepG2
YBX3,K562,chr19:7640758:C:T,1,4,1.306428074836731,modal,cuda,CDC40:HepG2
YBX3,K562,chr19:7967548:G:A,0,4,-0.27950912714004517,modal,cuda,CDC40:HepG2
YBX3,K562,chr19:8321589:T:G,0,4,0.40225541591644287,modal,cuda,CDC40:HepG2
YBX3,K562,chr19:8402289:C:T,0,4,-0.1067359447479248,modal,cuda,CDC40:HepG2
YBX3,K562,chr19:964434:G:A,0,4,-0.7238651514053345,modal,cuda,CDC40:HepG2
YBX3,K562,chr1:100462821:G:A,0,0,0.18329071998596191,modal,cuda,CDC40:HepG2
YBX3,K562,chr1:100462824:C:T,1,0,0.1925971508026123,modal,cuda,CDC40:HepG2
YBX3,K562,chr1:100462865:C:T,0,0,-0.4330686330795288,modal,cuda,CDC40:HepG2
YBX3,K562,chr1:100462868:C:T,0,0,0.24213892221450806,modal,cuda,CDC40:HepG2
YBX3,K562,chr1:100499270:C:T,0,0,-0.2019442319869995,modal,cuda,CDC40:HepG2
YBX3,K562,chr1:10268280:C:T,0,0,-0.6926550269126892,modal,cuda,CDC40:HepG2
YBX3,K562,chr1:109582422:G:A,0,0,0.19346725940704346,modal,cuda,CDC40:HepG2
YBX3,K562,chr1:11258549:A:C,0,0,-0.274380087852478,modal,cuda,CDC40:HepG2
YBX3,K562,chr1:11258571:C:T,0,0,1.055238962173462,modal,cuda,CDC40:HepG2
YBX3,K562,chr1:11258601:A:G,0,0,0.273703932762146,modal,cuda,CDC40:HepG2
YBX3,K562,chr1:11259273:T:C,0,0,-0.6776837110519409,modal,cuda,CDC40:HepG2
YBX3,K562,chr1:112956192:C:T,1,0,-0.6068559885025024,modal,cuda,CDC40:HepG2
YBX3,K562,chr1:116399109:C:G,0,0,-1.062127947807312,modal,cuda,CDC40:HepG2
YBX3,K562,chr1:116399402:C:T,0,0,-0.1836225986480713,modal,cuda,CDC40:HepG2
YBX3,K562,chr1:116400917:G:A,1,0,-0.09636986255645752,modal,cuda,CDC40:HepG2
YBX3,K562,chr1:11675188:A:C,0,0,0.10433495044708252,modal,cuda,CDC40:HepG2
YBX3,K562,chr1:11975422:G:T,0,0,0.3016454577445984,modal,cuda,CDC40:HepG2
YBX3,K562,chr1:12368461:C:T,0,0,-0.2896946668624878,modal,cuda,CDC40:HepG2
YBX3,K562,chr1:147255938:G:A,0,0,0.09429717063903809,modal,cuda,CDC40:HepG2
YBX3,K562,chr1:151024679:G:A,0,0,-0.5534504652023315,modal,cuda,CDC40:HepG2
YBX3,K562,chr1:151166963:C:A,1,0,-0.6117947101593018,modal,cuda,CDC40:HepG2
YBX3,K562,chr1:153630581:G:A,0,0,-0.2577937841415405,modal,cuda,CDC40:HepG2
YBX3,K562,chr1:153991107:C:T,0,0,-0.343791127204895,modal,cuda,CDC40:HepG2
YBX3,K562,chr1:154251328:C:A,0,0,0.4351292550563812,modal,cuda,CDC40:HepG2
YBX3,K562,chr1:154583016:T:C,0,0,-0.41124844551086426,modal,cuda,CDC40:HepG2
YBX3,K562,chr1:154583790:G:A,0,0,0.4683617353439331,modal,cuda,CDC40:HepG2
YBX3,K562,chr1:154583863:G:T,0,0,-1.196732997894287,modal,cuda,CDC40:HepG2
YBX3,K562,chr1:154583868:T:G,0,0,0.6021063327789307,modal,cuda,CDC40:HepG2
YBX3,K562,chr1:156334921:A:G,0,0,0.22000455856323242,modal,cuda,CDC40:HepG2
YBX3,K562,chr1:156592216:G:A,0,0,-0.2610507607460022,modal,cuda,CDC40:HepG2
YBX3,K562,chr1:160292471:A:C,0,0,-0.29206347465515137,modal,cuda,CDC40:HepG2
YBX3,K562,chr1:160305784:T:C,0,0,-0.10853886604309082,modal,cuda,CDC40:HepG2
YBX3,K562,chr1:160351275:A:G,0,0,-0.4557206630706787,modal,cuda,CDC40:HepG2
YBX3,K562,chr1:161209241:G:A,1,0,0.48865437507629395,modal,cuda,CDC40:HepG2
YBX3,K562,chr1:162587615:G:A,0,0,-0.865003228187561,modal,cuda,CDC40:HepG2
YBX3,K562,chr1:17028599:C:A,1,0,0.38430356979370117,modal,cuda,CDC40:HepG2
YBX3,K562,chr1:17028599:C:G,1,0,0.44001054763793945,modal,cuda,CDC40:HepG2
YBX3,K562,chr1:17028599:C:T,1,0,0.5539617538452148,modal,cuda,CDC40:HepG2
YBX3,K562,chr1:17028639:G:T,1,0,0.5592012405395508,modal,cuda,CDC40:HepG2
YBX3,K562,chr1:172442125:A:G,0,0,0.1310594081878662,modal,cuda,CDC40:HepG2
YBX3,K562,chr1:172551552:G:A,0,0,0.30273568630218506,modal,cuda,CDC40:HepG2
YBX3,K562,chr1:173828313:T:C,0,0,0.16904336214065552,modal,cuda,CDC40:HepG2
YBX3,K562,chr1:173828321:C:G,0,0,-0.3164297044277191,modal,cuda,CDC40:HepG2
YBX3,K562,chr1:1789289:C:A,0,0,-0.5745557546615601,modal,cuda,CDC40:HepG2
YBX3,K562,chr1:1790609:C:T,0,0,-0.2901519536972046,modal,cuda,CDC40:HepG2
YBX3,K562,chr1:1793230:G:A,0,0,-0.2897505760192871,modal,cuda,CDC40:HepG2
YBX3,K562,chr1:1804549:G:T,0,0,0.28316280245780945,modal,cuda,CDC40:HepG2
YBX3,K562,chr1:1804562:C:A,1,0,0.6800886392593384,modal,cuda,CDC40:HepG2
YBX3,K562,chr1:1806456:G:A,0,0,0.21620172262191772,modal,cuda,CDC40:HepG2
YBX3,K562,chr1:1806461:C:T,0,0,0.4754669666290283,modal,cuda,CDC40:HepG2
YBX3,K562,chr1:1806503:A:T,1,0,0.22848665714263916,modal,cuda,CDC40:HepG2
YBX3,K562,chr1:1806512:C:A,1,0,0.3527510166168213,modal,cuda,CDC40:HepG2
YBX3,K562,chr1:1806513:C:A,1,0,0.23727965354919434,modal,cuda,CDC40:HepG2
YBX3,K562,chr1:1806513:C:G,1,0,0.22656667232513428,modal,cuda,CDC40:HepG2
YBX3,K562,chr1:1806514:A:T,1,0,-0.8506399989128113,modal,cuda,CDC40:HepG2
YBX3,K562,chr1:1806515:T:C,1,0,-0.34716832637786865,modal,cuda,CDC40:HepG2
YBX3,K562,chr1:180803395:C:T,0,0,0.32364559173583984,modal,cuda,CDC40:HepG2
YBX3,K562,chr1:1815749:C:T,0,0,0.33483803272247314,modal,cuda,CDC40:HepG2
YBX3,K562,chr1:1815750:G:A,0,0,-0.7300294637680054,modal,cuda,CDC40:HepG2
YBX3,K562,chr1:1815771:C:T,1,0,-0.7303566932678223,modal,cuda,CDC40:HepG2
YBX3,K562,chr1:1815796:G:C,1,0,-0.22543197870254517,modal,cuda,CDC40:HepG2
YBX3,K562,chr1:1815869:A:G,0,0,0.5270270109176636,modal,cuda,CDC40:HepG2
YBX3,K562,chr1:1815879:T:C,0,0,-0.11895501613616943,modal,cuda,CDC40:HepG2
YBX3,K562,chr1:182387112:T:C,0,0,-0.1299971342086792,modal,cuda,CDC40:HepG2
YBX3,K562,chr1:182852350:G:T,0,0,-0.854017972946167,modal,cuda,CDC40:HepG2
YBX3,K562,chr1:182878112:C:T,1,0,1.2241318225860596,modal,cuda,CDC40:HepG2
YBX3,K562,chr1:182878121:C:T,1,0,1.6493163108825684,modal,cuda,CDC40:HepG2
YBX3,K562,chr1:182881348:C:T,0,0,-0.6574172973632812,modal,cuda,CDC40:HepG2
YBX3,K562,chr1:18871920:G:A,0,0,-0.5599329471588135,modal,cuda,CDC40:HepG2
YBX3,K562,chr1:18871924:C:T,0,0,0.35014426708221436,modal,cuda,CDC40:HepG2
YBX3,K562,chr1:202742649:G:T,0,0,-0.3686012029647827,modal,cuda,CDC40:HepG2
YBX3,K562,chr1:202946427:C:T,0,0,0.3072283864021301,modal,cuda,CDC40:HepG2
YBX3,K562,chr1:203708122:G:A,0,0,0.12990719079971313,modal,cuda,CDC40:HepG2
YBX3,K562,chr1:20654387:G:A,0,0,-0.3621216416358948,modal,cuda,CDC40:HepG2
YBX3,K562,chr1:20660872:A:T,0,0,0.36157500743865967,modal,cuda,CDC40:HepG2
YBX3,K562,chr1:21822580:G:A,0,0,0.573841392993927,modal,cuda,CDC40:HepG2
YBX3,K562,chr1:21822886:C:T,0,0,0.34316134452819824,modal,cuda,CDC40:HepG2
YBX3,K562,chr1:219979630:G:C,0,0,-0.2029411792755127,modal,cuda,CDC40:HepG2
YBX3,K562,chr1:220125224:C:T,0,0,0.8980526924133301,modal,cuda,CDC40:HepG2
YBX3,K562,chr1:22081719:T:C,0,0,-0.17646145820617676,modal,cuda,CDC40:HepG2
YBX3,K562,chr1:24419566:G:A,0,0,0.7073994874954224,modal,cuda,CDC40:HepG2
YBX3,K562,chr1:25816219:G:A,0,0,0.16926130652427673,modal,cuda,CDC40:HepG2
YBX3,K562,chr1:26766572:G:A,0,0,-0.24665558338165283,modal,cuda,CDC40:HepG2
YBX3,K562,chr1:26774599:C:T,1,0,1.5651935338974,modal,cuda,CDC40:HepG2
YBX3,K562,chr1:26774662:C:T,1,0,2.9744129180908203,modal,cuda,CDC40:HepG2
YBX3,K562,chr1:27330739:G:A,1,0,0.38497304916381836,modal,cuda,CDC40:HepG2
YBX3,K562,chr1:27333980:C:T,1,0,-0.7638131380081177,modal,cuda,CDC40:HepG2
YBX3,K562,chr1:32334639:C:T,0,0,0.23169255256652832,modal,cuda,CDC40:HepG2
YBX3,K562,chr1:37998998:C:T,0,0,0.44189634919166565,modal,cuda,CDC40:HepG2
YBX3,K562,chr1:38857051:G:T,1,0,-1.3090699911117554,modal,cuda,CDC40:HepG2
YBX3,K562,chr1:40092469:T:A,1,0,0.7214249968528748,modal,cuda,CDC40:HepG2
YBX3,K562,chr1:40092498:C:T,1,0,0.3681689202785492,modal,cuda,CDC40:HepG2
YBX3,K562,chr1:40092509:T:A,1,0,-0.48165184259414673,modal,cuda,CDC40:HepG2
YBX3,K562,chr1:41009596:G:A,0,0,0.1550452709197998,modal,cuda,CDC40:HepG2
YBX3,K562,chr1:43898228:T:C,0,0,-0.2564048171043396,modal,cuda,CDC40:HepG2
YBX3,K562,chr1:45012988:G:A,1,0,-0.8077417016029358,modal,cuda,CDC40:HepG2
YBX3,K562,chr1:45014017:C:T,1,0,0.18169236183166504,modal,cuda,CDC40:HepG2
YBX3,K562,chr1:45014037:A:G,0,0,-0.23018838465213776,modal,cuda,CDC40:HepG2
YBX3,K562,chr1:54850556:A:G,0,0,-0.42010605335235596,modal,cuda,CDC40:HepG2
YBX3,K562,chr1:54850649:A:G,0,0,0.13492298126220703,modal,cuda,CDC40:HepG2
YBX3,K562,chr1:54851771:C:T,0,0,-0.27261853218078613,modal,cuda,CDC40:HepG2
YBX3,K562,chr1:54851909:A:G,0,0,-0.14744386076927185,modal,cuda,CDC40:HepG2
YBX3,K562,chr1:54883599:G:A,0,0,-0.4278002977371216,modal,cuda,CDC40:HepG2
YBX3,K562,chr1:55064155:C:T,0,0,-0.4559633731842041,modal,cuda,CDC40:HepG2
YBX3,K562,chr1:55064198:C:T,0,0,0.4138622283935547,modal,cuda,CDC40:HepG2
YBX3,K562,chr1:7969422:A:G,0,0,-0.19761212170124054,modal,cuda,CDC40:HepG2
YBX3,K562,chr1:7977638:A:G,0,0,0.16885530948638916,modal,cuda,CDC40:HepG2
YBX3,K562,chr1:90940142:G:A,0,0,0.5577913522720337,modal,cuda,CDC40:HepG2
YBX3,K562,chr1:91712381:A:G,0,0,0.5969791412353516,modal,cuda,CDC40:HepG2
YBX3,K562,chr1:92833603:C:G,1,0,-0.13867062330245972,modal,cuda,CDC40:HepG2
YBX3,K562,chr1:92833632:G:C,1,0,0.1814645528793335,modal,cuda,CDC40:HepG2
YBX3,K562,chr1:92833658:C:T,1,0,1.2010791301727295,modal,cuda,CDC40:HepG2
YBX3,K562,chr1:92834833:G:T,1,0,0.7557054758071899,modal,cuda,CDC40:HepG2
YBX3,K562,chr1:92834847:T:C,0,0,0.2689360976219177,modal,cuda,CDC40:HepG2
YBX3,K562,chr20:2658766:C:T,0,0,0.349202036857605,modal,cuda,CDC40:HepG2
YBX3,K562,chr20:2660486:C:T,0,0,0.13676252961158752,modal,cuda,CDC40:HepG2
YBX3,K562,chr20:33417930:G:A,0,0,-0.43308115005493164,modal,cuda,CDC40:HepG2
YBX3,K562,chr20:34303226:C:A,0,0,0.12355814129114151,modal,cuda,CDC40:HepG2
YBX3,K562,chr20:37223992:A:C,0,0,-0.7583122849464417,modal,cuda,CDC40:HepG2
YBX3,K562,chr20:38161526:C:T,0,0,-0.18435941636562347,modal,cuda,CDC40:HepG2
YBX3,K562,chr20:410526:C:T,0,0,-0.8635683059692383,modal,cuda,CDC40:HepG2
YBX3,K562,chr20:445095:G:A,1,0,-0.8139890432357788,modal,cuda,CDC40:HepG2
YBX3,K562,chr20:44636278:T:G,1,0,-0.36235785484313965,modal,cuda,CDC40:HepG2
YBX3,K562,chr20:44636286:C:T,0,0,0.28713923692703247,modal,cuda,CDC40:HepG2
YBX3,K562,chr20:447909:T:C,0,0,-0.4632549285888672,modal,cuda,CDC40:HepG2
YBX3,K562,chr20:447946:G:A,1,0,1.212612509727478,modal,cuda,CDC40:HepG2
YBX3,K562,chr20:448067:G:A,0,0,0.5493559837341309,modal,cuda,CDC40:HepG2
YBX3,K562,chr20:45420648:C:T,1,0,1.1062413454055786,modal,cuda,CDC40:HepG2
YBX3,K562,chr20:45424352:G:A,0,0,0.4570126533508301,modal,cuda,CDC40:HepG2
YBX3,K562,chr20:45425562:C:T,0,0,0.2506887912750244,modal,cuda,CDC40:HepG2
YBX3,K562,chr20:483959:C:T,0,0,-0.29025280475616455,modal,cuda,CDC40:HepG2
YBX3,K562,chr20:49153924:A:C,0,0,0.1635408103466034,modal,cuda,CDC40:HepG2
YBX3,K562,chr20:50891355:T:G,0,0,0.8919428586959839,modal,cuda,CDC40:HepG2
YBX3,K562,chr20:5100832:G:A,0,0,0.2985588312149048,modal,cuda,CDC40:HepG2
YBX3,K562,chr20:5118870:G:A,0,0,-0.8215572834014893,modal,cuda,CDC40:HepG2
YBX3,K562,chr20:57354704:T:G,0,0,1.291885495185852,modal,cuda,CDC40:HepG2
YBX3,K562,chr20:58444988:C:G,0,0,-0.2157379388809204,modal,cuda,CDC40:HepG2
YBX3,K562,chr20:58895629:A:G,1,0,-0.6355658769607544,modal,cuda,CDC40:HepG2
YBX3,K562,chr20:58903569:T:C,1,0,-0.628707766532898,modal,cuda,CDC40:HepG2
YBX3,K562,chr20:58903590:G:A,1,0,0.7928762435913086,modal,cuda,CDC40:HepG2
YBX3,K562,chr20:58903683:C:T,0,0,0.30985915660858154,modal,cuda,CDC40:HepG2
YBX3,K562,chr20:58903697:T:A,1,0,-0.3256727457046509,modal,cuda,CDC40:HepG2
YBX3,K562,chr20:58903702:C:T,1,0,0.39301401376724243,modal,cuda,CDC40:HepG2
YBX3,K562,chr20:58903752:C:T,0,0,-0.17722880840301514,modal,cuda,CDC40:HepG2
YBX3,K562,chr20:58903801:A:T,0,0,1.022546648979187,modal,cuda,CDC40:HepG2
YBX3,K562,chr20:58903802:C:A,0,0,0.8904318809509277,modal,cuda,CDC40:HepG2
YBX3,K562,chr20:58905365:T:C,0,0,0.22721827030181885,modal,cuda,CDC40:HepG2
YBX3,K562,chr20:58905383:G:T,1,0,0.714535653591156,modal,cuda,CDC40:HepG2
YBX3,K562,chr20:58905411:G:A,1,0,-0.3433729410171509,modal,cuda,CDC40:HepG2
YBX3,K562,chr20:58905426:T:C,1,0,-0.18470990657806396,modal,cuda,CDC40:HepG2
YBX3,K562,chr20:58905434:T:C,1,0,-0.39434051513671875,modal,cuda,CDC40:HepG2
YBX3,K562,chr20:58905439:C:G,1,0,-1.191681146621704,modal,cuda,CDC40:HepG2
YBX3,K562,chr20:58905443:C:T,1,0,0.4124490022659302,modal,cuda,CDC40:HepG2
YBX3,K562,chr20:58905457:C:A,1,0,-0.9943438172340393,modal,cuda,CDC40:HepG2
YBX3,K562,chr20:58905457:C:G,1,0,1.0077720880508423,modal,cuda,CDC40:HepG2
YBX3,K562,chr20:58905458:C:T,1,0,0.6987788081169128,modal,cuda,CDC40:HepG2
YBX3,K562,chr20:58905476:C:T,1,0,0.5611143112182617,modal,cuda,CDC40:HepG2
YBX3,K562,chr20:58909186:C:T,0,0,0.08816999197006226,modal,cuda,CDC40:HepG2
YBX3,K562,chr20:58909190:C:T,1,0,-0.2883329391479492,modal,cuda,CDC40:HepG2
YBX3,K562,chr20:58909201:T:G,1,0,0.36805665493011475,modal,cuda,CDC40:HepG2
YBX3,K562,chr20:58909338:A:G,0,0,-0.12297558784484863,modal,cuda,CDC40:HepG2
YBX3,K562,chr20:58909359:C:T,1,0,0.3633860647678375,modal,cuda,CDC40:HepG2
YBX3,K562,chr20:58909360:G:C,1,0,0.21639811992645264,modal,cuda,CDC40:HepG2
YBX3,K562,chr20:58909365:C:G,1,0,-0.2235269546508789,modal,cuda,CDC40:HepG2
YBX3,K562,chr20:58909401:C:T,1,0,1.1492588520050049,modal,cuda,CDC40:HepG2
YBX3,K562,chr20:58909540:C:T,1,0,0.6926508545875549,modal,cuda,CDC40:HepG2
YBX3,K562,chr20:58909542:G:C,1,0,0.15101611614227295,modal,cuda,CDC40:HepG2
YBX3,K562,chr20:58909543:C:T,1,0,0.5004561543464661,modal,cuda,CDC40:HepG2
YBX3,K562,chr20:58909553:G:A,1,0,0.3434866666793823,modal,cuda,CDC40:HepG2
YBX3,K562,chr20:58909560:G:A,0,0,0.36097168922424316,modal,cuda,CDC40:HepG2
YBX3,K562,chr20:58909563:G:A,1,0,0.7180678844451904,modal,cuda,CDC40:HepG2
YBX3,K562,chr20:58909715:C:G,1,0,-0.1512117087841034,modal,cuda,CDC40:HepG2
YBX3,K562,chr20:58909738:G:T,1,0,-0.10849142074584961,modal,cuda,CDC40:HepG2
YBX3,K562,chr20:58909749:C:T,1,0,0.3768751621246338,modal,cuda,CDC40:HepG2
YBX3,K562,chr20:58909764:C:T,1,0,-0.4255729913711548,modal,cuda,CDC40:HepG2
YBX3,K562,chr20:58909822:C:T,0,0,0.11775268614292145,modal,cuda,CDC40:HepG2
YBX3,K562,chr20:58909989:A:C,1,0,0.6848540306091309,modal,cuda,CDC40:HepG2
YBX3,K562,chr20:58910009:A:T,1,0,-1.1712063550949097,modal,cuda,CDC40:HepG2
YBX3,K562,chr20:58910028:C:A,1,0,-0.49268078804016113,modal,cuda,CDC40:HepG2
YBX3,K562,chr20:58910028:C:T,1,0,-0.23778080940246582,modal,cuda,CDC40:HepG2
YBX3,K562,chr20:58910711:G:A,1,0,-0.17906157672405243,modal,cuda,CDC40:HepG2
YBX3,K562,chr20:58910740:G:T,1,0,-0.2582526206970215,modal,cuda,CDC40:HepG2
YBX3,K562,chr20:58910757:C:T,0,0,0.15834879875183105,modal,cuda,CDC40:HepG2
YBX3,K562,chr20:58910759:T:C,1,0,-0.35845455527305603,modal,cuda,CDC40:HepG2
YBX3,K562,chr20:58910794:C:G,1,0,0.25020432472229004,modal,cuda,CDC40:HepG2
YBX3,K562,chr20:58910807:T:G,1,0,-0.17493271827697754,modal,cuda,CDC40:HepG2
YBX3,K562,chr20:63693320:C:T,0,0,-0.851142406463623,modal,cuda,CDC40:HepG2
YBX3,K562,chr21:33296442:A:G,0,0,-0.2524418830871582,modal,cuda,CDC40:HepG2
YBX3,K562,chr21:33296492:G:A,0,0,0.17285752296447754,modal,cuda,CDC40:HepG2
YBX3,K562,chr21:33432343:T:C,0,0,-0.15319180488586426,modal,cuda,CDC40:HepG2
YBX3,K562,chr21:33549888:A:G,0,0,-0.7490330934524536,modal,cuda,CDC40:HepG2
YBX3,K562,chr21:33552678:G:A,0,0,-0.12287545204162598,modal,cuda,CDC40:HepG2
YBX3,K562,chr21:33552726:A:T,0,0,0.1975773572921753,modal,cuda,CDC40:HepG2
YBX3,K562,chr21:33553139:C:T,0,0,0.8427955508232117,modal,cuda,CDC40:HepG2
YBX3,K562,chr21:33553180:G:A,0,0,-0.330530047416687,modal,cuda,CDC40:HepG2
YBX3,K562,chr21:33553196:C:T,0,0,1.1362131834030151,modal,cuda,CDC40:HepG2
YBX3,K562,chr21:33553645:A:G,0,0,-0.8235211968421936,modal,cuda,CDC40:HepG2
YBX3,K562,chr21:33553674:A:G,0,0,1.0960203409194946,modal,cuda,CDC40:HepG2
YBX3,K562,chr21:33553685:A:G,0,0,-0.21271181106567383,modal,cuda,CDC40:HepG2
YBX3,K562,chr21:33553694:A:G,0,0,0.8709795475006104,modal,cuda,CDC40:HepG2
YBX3,K562,chr21:33553711:C:T,1,0,-1.0146809816360474,modal,cuda,CDC40:HepG2
YBX3,K562,chr21:33553737:G:A,0,0,-0.06261402368545532,modal,cuda,CDC40:HepG2
YBX3,K562,chr21:33553783:C:T,0,0,0.3824614882469177,modal,cuda,CDC40:HepG2
YBX3,K562,chr21:33553785:C:T,0,0,0.5074536800384521,modal,cuda,CDC40:HepG2
YBX3,K562,chr21:33554269:G:T,1,0,2.2652359008789062,modal,cuda,CDC40:HepG2
YBX3,K562,chr21:33554335:A:G,0,0,-0.19661152362823486,modal,cuda,CDC40:HepG2
YBX3,K562,chr21:33554495:C:G,0,0,-0.6262757778167725,modal,cuda,CDC40:HepG2
YBX3,K562,chr21:33578303:G:A,0,0,-0.23596501350402832,modal,cuda,CDC40:HepG2
YBX3,K562,chr21:37126118:T:C,0,0,0.376156210899353,modal,cuda,CDC40:HepG2
YBX3,K562,chr21:39178608:T:C,0,0,-0.3333929777145386,modal,cuda,CDC40:HepG2
YBX3,K562,chr21:43774128:A:G,0,0,0.5966601371765137,modal,cuda,CDC40:HepG2
YBX3,K562,chr21:45537757:C:T,0,0,1.0857397317886353,modal,cuda,CDC40:HepG2
YBX3,K562,chr21:45538002:G:A,0,0,-1.2551872730255127,modal,cuda,CDC40:HepG2
YBX3,K562,chr21:46194255:T:C,0,0,-0.9731637239456177,modal,cuda,CDC40:HepG2
YBX3,K562,chr22:17628665:T:C,0,3,0.2637014389038086,modal,cuda,CDC40:HepG2
YBX3,K562,chr22:19057110:A:C,0,3,0.1622561812400818,modal,cuda,CDC40:HepG2
YBX3,K562,chr22:19139281:C:T,0,3,0.20966529846191406,modal,cuda,CDC40:HepG2
YBX3,K562,chr22:19962643:C:T,0,3,-0.1829635351896286,modal,cuda,CDC40:HepG2
YBX3,K562,chr22:20043405:T:A,1,3,-0.8057474493980408,modal,cuda,CDC40:HepG2
YBX3,K562,chr22:20043405:T:G,1,3,-0.6960702538490295,modal,cuda,CDC40:HepG2
YBX3,K562,chr22:20043417:G:A,1,3,-0.6437842845916748,modal,cuda,CDC40:HepG2
YBX3,K562,chr22:20043418:G:A,1,3,-0.5137143135070801,modal,cuda,CDC40:HepG2
YBX3,K562,chr22:20043456:G:T,0,3,0.14198529720306396,modal,cuda,CDC40:HepG2
YBX3,K562,chr22:20043457:C:T,0,3,-0.4600405693054199,modal,cuda,CDC40:HepG2
YBX3,K562,chr22:20052502:G:A,1,3,1.3508329391479492,modal,cuda,CDC40:HepG2
YBX3,K562,chr22:20752895:G:A,0,3,-0.41113048791885376,modal,cuda,CDC40:HepG2
YBX3,K562,chr22:23895031:C:T,0,3,0.0431365966796875,modal,cuda,CDC40:HepG2
YBX3,K562,chr22:23895034:C:G,0,3,0.04667651653289795,modal,cuda,CDC40:HepG2
YBX3,K562,chr22:24321443:C:T,0,3,0.5143109560012817,modal,cuda,CDC40:HepG2
YBX3,K562,chr22:28734534:A:T,1,3,2.852088451385498,modal,cuda,CDC40:HepG2
YBX3,K562,chr22:29678195:G:A,1,3,1.188901662826538,modal,cuda,CDC40:HepG2
YBX3,K562,chr22:29678292:A:T,1,3,1.5804511308670044,modal,cuda,CDC40:HepG2
YBX3,K562,chr22:30344925:C:G,0,3,-0.11195504665374756,modal,cuda,CDC40:HepG2
YBX3,K562,chr22:36518920:G:A,0,3,-0.12479917705059052,modal,cuda,CDC40:HepG2
YBX3,K562,chr22:37241567:A:G,0,3,0.05093979835510254,modal,cuda,CDC40:HepG2
YBX3,K562,chr22:40349976:C:G,1,3,-0.4135954976081848,modal,cuda,CDC40:HepG2
YBX3,K562,chr22:40350018:T:C,1,3,0.5721129179000854,modal,cuda,CDC40:HepG2
YBX3,K562,chr22:40353069:G:A,0,3,0.32179582118988037,modal,cuda,CDC40:HepG2
YBX3,K562,chr22:40354285:A:T,0,3,0.4190252423286438,modal,cuda,CDC40:HepG2
YBX3,K562,chr22:40364910:C:T,1,3,1.746336817741394,modal,cuda,CDC40:HepG2
YBX3,K562,chr22:41528022:G:C,1,3,0.7051321268081665,modal,cuda,CDC40:HepG2
YBX3,K562,chr22:42087042:T:G,0,3,-0.684262752532959,modal,cuda,CDC40:HepG2
YBX3,K562,chr22:45807045:A:G,0,3,-0.6339098811149597,modal,cuda,CDC40:HepG2
YBX3,K562,chr2:10053051:C:A,0,4,0.42183947563171387,modal,cuda,CDC40:HepG2
YBX3,K562,chr2:10122846:G:A,0,4,0.40268564224243164,modal,cuda,CDC40:HepG2
YBX3,K562,chr2:102764375:G:A,0,4,0.6409651041030884,modal,cuda,CDC40:HepG2
YBX3,K562,chr2:105386397:G:A,0,4,-0.13977164030075073,modal,cuda,CDC40:HepG2
YBX3,K562,chr2:105386409:G:A,0,4,-0.11766457557678223,modal,cuda,CDC40:HepG2
YBX3,K562,chr2:108768392:A:G,0,4,1.150532603263855,modal,cuda,CDC40:HepG2
YBX3,K562,chr2:110658536:G:A,0,4,-0.40038442611694336,modal,cuda,CDC40:HepG2
YBX3,K562,chr2:111847888:T:C,0,4,-0.17049992084503174,modal,cuda,CDC40:HepG2
YBX3,K562,chr2:112575833:C:T,0,4,0.5202943086624146,modal,cuda,CDC40:HepG2
YBX3,K562,chr2:126693955:C:G,0,4,0.27963805198669434,modal,cuda,CDC40:HepG2
YBX3,K562,chr2:128152899:C:T,1,4,-0.7893639802932739,modal,cuda,CDC40:HepG2
YBX3,K562,chr2:128155519:T:C,1,4,0.44431042671203613,modal,cuda,CDC40:HepG2
YBX3,K562,chr2:128159703:G:T,0,4,0.4596811532974243,modal,cuda,CDC40:HepG2
YBX3,K562,chr2:128173894:T:C,0,4,0.15661132335662842,modal,cuda,CDC40:HepG2
YBX3,K562,chr2:128173902:A:G,0,4,0.47931861877441406,modal,cuda,CDC40:HepG2
YBX3,K562,chr2:128178569:G:A,1,4,1.3575574159622192,modal,cuda,CDC40:HepG2
YBX3,K562,chr2:130338790:G:A,0,4,0.27156686782836914,modal,cuda,CDC40:HepG2
YBX3,K562,chr2:135870364:G:A,0,4,-0.4522235691547394,modal,cuda,CDC40:HepG2
YBX3,K562,chr2:135911368:T:C,0,4,0.6007009744644165,modal,cuda,CDC40:HepG2
YBX3,K562,chr2:144404138:C:T,0,4,0.41635429859161377,modal,cuda,CDC40:HepG2
YBX3,K562,chr2:15234679:T:C,0,4,0.7237832546234131,modal,cuda,CDC40:HepG2
YBX3,K562,chr2:15292717:T:C,0,4,-0.3358616828918457,modal,cuda,CDC40:HepG2
YBX3,K562,chr2:15292721:G:A,1,4,1.4855276346206665,modal,cuda,CDC40:HepG2
YBX3,K562,chr2:15308272:G:T,0,4,-0.3076465129852295,modal,cuda,CDC40:HepG2
YBX3,K562,chr2:15309159:G:C,0,4,-1.780415654182434,modal,cuda,CDC40:HepG2
YBX3,K562,chr2:15309231:T:G,0,4,-0.19566893577575684,modal,cuda,CDC40:HepG2
YBX3,K562,chr2:15330657:G:A,1,4,0.35284531116485596,modal,cuda,CDC40:HepG2
YBX3,K562,chr2:15330718:C:T,1,4,0.9553881883621216,modal,cuda,CDC40:HepG2
YBX3,K562,chr2:15330719:C:T,1,4,1.128848671913147,modal,cuda,CDC40:HepG2
YBX3,K562,chr2:15330724:C:T,0,4,-0.29281556606292725,modal,cuda,CDC40:HepG2
YBX3,K562,chr2:15379589:A:G,0,4,-0.4259967803955078,modal,cuda,CDC40:HepG2
YBX3,K562,chr2:15379649:G:T,1,4,-0.40313267707824707,modal,cuda,CDC40:HepG2
YBX3,K562,chr2:15402193:C:A,1,4,1.1246261596679688,modal,cuda,CDC40:HepG2
YBX3,K562,chr2:15402213:C:G,0,4,-0.35782575607299805,modal,cuda,CDC40:HepG2
YBX3,K562,chr2:15402228:C:T,0,4,0.820163369178772,modal,cuda,CDC40:HepG2
YBX3,K562,chr2:15402229:G:A,1,4,1.9860376119613647,modal,cuda,CDC40:HepG2
YBX3,K562,chr2:15415617:C:A,1,4,0.30901920795440674,modal,cuda,CDC40:HepG2
YBX3,K562,chr2:15415638:C:G,0,4,-0.28987395763397217,modal,cuda,CDC40:HepG2
YBX3,K562,chr2:15415656:C:A,1,4,-0.9580494165420532,modal,cuda,CDC40:HepG2
YBX3,K562,chr2:15415681:C:T,1,4,-0.502278208732605,modal,cuda,CDC40:HepG2
YBX3,K562,chr2:15461759:C:T,0,4,-0.22649073600769043,modal,cuda,CDC40:HepG2
YBX3,K562,chr2:15461781:C:G,0,4,0.5202102661132812,modal,cuda,CDC40:HepG2
YBX3,K562,chr2:15467346:G:A,1,4,1.4378726482391357,modal,cuda,CDC40:HepG2
YBX3,K562,chr2:158621122:G:T,0,4,0.46419835090637207,modal,cuda,CDC40:HepG2
YBX3,K562,chr2:161367778:C:A,0,4,-0.34009891748428345,modal,cuda,CDC40:HepG2
YBX3,K562,chr2:169824480:C:T,0,4,-0.7837361097335815,modal,cuda,CDC40:HepG2
YBX3,K562,chr2:175178369:A:G,0,4,-0.9006261229515076,modal,cuda,CDC40:HepG2
YBX3,K562,chr2:175180088:C:T,0,4,-0.43886232376098633,modal,cuda,CDC40:HepG2
YBX3,K562,chr2:197416735:A:T,0,4,-0.3446807861328125,modal,cuda,CDC40:HepG2
YBX3,K562,chr2:218249361:C:T,0,4,-0.508173942565918,modal,cuda,CDC40:HepG2
YBX3,K562,chr2:218275565:G:C,0,4,-0.04339861869812012,modal,cuda,CDC40:HepG2
YBX3,K562,chr2:219210369:G:A,0,4,-0.2641611099243164,modal,cuda,CDC40:HepG2
YBX3,K562,chr2:222571888:C:T,0,4,0.22457456588745117,modal,cuda,CDC40:HepG2
YBX3,K562,chr2:222613892:T:G,1,4,-0.3962489366531372,modal,cuda,CDC40:HepG2
YBX3,K562,chr2:227332522:G:A,0,4,0.4263652563095093,modal,cuda,CDC40:HepG2
YBX3,K562,chr2:239961116:G:A,0,4,-0.1676269769668579,modal,cuda,CDC40:HepG2
YBX3,K562,chr2:240005219:A:G,1,4,-0.28401124477386475,modal,cuda,CDC40:HepG2
YBX3,K562,chr2:26190919:A:G,0,4,0.3114485740661621,modal,cuda,CDC40:HepG2
YBX3,K562,chr2:26190948:C:T,0,4,0.2381725311279297,modal,cuda,CDC40:HepG2
YBX3,K562,chr2:26193784:G:A,0,4,-1.3114558458328247,modal,cuda,CDC40:HepG2
YBX3,K562,chr2:27053542:G:A,1,4,0.20792365074157715,modal,cuda,CDC40:HepG2
YBX3,K562,chr2:27054016:C:T,1,4,0.26792287826538086,modal,cuda,CDC40:HepG2
YBX3,K562,chr2:27054682:G:A,0,4,-0.20582592487335205,modal,cuda,CDC40:HepG2
YBX3,K562,chr2:27054736:C:T,1,4,2.5717175006866455,modal,cuda,CDC40:HepG2
YBX3,K562,chr2:27055982:G:A,1,4,1.0727300643920898,modal,cuda,CDC40:HepG2
YBX3,K562,chr2:27056712:T:G,1,4,1.81280517578125,modal,cuda,CDC40:HepG2
YBX3,K562,chr2:27056716:C:T,1,4,2.703129291534424,modal,cuda,CDC40:HepG2
YBX3,K562,chr2:27058503:G:A,1,4,-0.3002796173095703,modal,cuda,CDC40:HepG2
YBX3,K562,chr2:27058529:C:T,1,4,0.3975224494934082,modal,cuda,CDC40:HepG2
YBX3,K562,chr2:27059361:T:A,0,4,-0.2955758571624756,modal,cuda,CDC40:HepG2
YBX3,K562,chr2:28906450:T:A,0,4,0.15537071228027344,modal,cuda,CDC40:HepG2
YBX3,K562,chr2:32549487:T:G,0,4,-0.2033558487892151,modal,cuda,CDC40:HepG2
YBX3,K562,chr2:3575322:G:T,0,4,0.49630022048950195,modal,cuda,CDC40:HepG2
YBX3,K562,chr2:3575333:A:C,0,4,-0.6011382341384888,modal,cuda,CDC40:HepG2
YBX3,K562,chr2:36867802:A:G,0,4,0.21042382717132568,modal,cuda,CDC40:HepG2
YBX3,K562,chr2:43888044:T:A,0,4,-0.15163850784301758,modal,cuda,CDC40:HepG2
YBX3,K562,chr2:43995780:A:G,0,4,0.37884747982025146,modal,cuda,CDC40:HepG2
YBX3,K562,chr2:46902788:G:C,0,4,-0.2801539897918701,modal,cuda,CDC40:HepG2
YBX3,K562,chr2:46902805:G:A,0,4,-0.49265027046203613,modal,cuda,CDC40:HepG2
YBX3,K562,chr2:46956842:C:T,1,4,-0.4333118200302124,modal,cuda,CDC40:HepG2
YBX3,K562,chr2:47416319:C:A,0,4,0.2836768627166748,modal,cuda,CDC40:HepG2
YBX3,K562,chr2:47416322:T:G,0,4,-0.8609864115715027,modal,cuda,CDC40:HepG2
YBX3,K562,chr2:47416341:C:T,0,4,0.22097623348236084,modal,cuda,CDC40:HepG2
YBX3,K562,chr2:47416346:T:C,0,4,0.4029238224029541,modal,cuda,CDC40:HepG2
YBX3,K562,chr2:47416352:T:A,1,4,-0.6541101932525635,modal,cuda,CDC40:HepG2
YBX3,K562,chr2:47416361:T:C,0,4,-0.19017353653907776,modal,cuda,CDC40:HepG2
YBX3,K562,chr2:47429851:A:T,1,4,-0.2780740261077881,modal,cuda,CDC40:HepG2
YBX3,K562,chr2:47429883:A:G,0,4,-0.14108312129974365,modal,cuda,CDC40:HepG2
YBX3,K562,chr2:47478315:A:T,1,4,0.9562335014343262,modal,cuda,CDC40:HepG2
YBX3,K562,chr2:47478318:G:T,1,4,0.8182165622711182,modal,cuda,CDC40:HepG2
YBX3,K562,chr2:47478332:C:A,1,4,1.1828951835632324,modal,cuda,CDC40:HepG2
YBX3,K562,chr2:47478425:T:A,0,4,0.19562172889709473,modal,cuda,CDC40:HepG2
YBX3,K562,chr2:47478434:C:G,0,4,-0.5680027008056641,modal,cuda,CDC40:HepG2
YBX3,K562,chr2:47478452:T:C,0,4,0.3857712745666504,modal,cuda,CDC40:HepG2
YBX3,K562,chr2:47478479:C:A,0,4,-0.24479544162750244,modal,cuda,CDC40:HepG2
YBX3,K562,chr2:47478491:C:G,0,4,-0.9398602247238159,modal,cuda,CDC40:HepG2
YBX3,K562,chr2:47800202:T:A,1,4,0.5096039772033691,modal,cuda,CDC40:HepG2
YBX3,K562,chr2:47800260:A:G,0,4,-0.5914411544799805,modal,cuda,CDC40:HepG2
YBX3,K562,chr2:47800263:G:A,0,4,-0.14828252792358398,modal,cuda,CDC40:HepG2
YBX3,K562,chr2:47800365:C:G,0,4,-0.33126187324523926,modal,cuda,CDC40:HepG2
YBX3,K562,chr2:47800411:G:T,1,4,1.6407654285430908,modal,cuda,CDC40:HepG2
YBX3,K562,chr2:47800423:A:T,1,4,1.622938871383667,modal,cuda,CDC40:HepG2
YBX3,K562,chr2:47800431:A:T,0,4,-0.4425811767578125,modal,cuda,CDC40:HepG2
YBX3,K562,chr2:47800890:T:A,1,4,0.5567445158958435,modal,cuda,CDC40:HepG2
YBX3,K562,chr2:47800899:T:C,0,4,-0.8609286546707153,modal,cuda,CDC40:HepG2
YBX3,K562,chr2:47800932:G:A,0,4,-0.3864905834197998,modal,cuda,CDC40:HepG2
YBX3,K562,chr2:47800970:T:A,1,4,1.092655062675476,modal,cuda,CDC40:HepG2
YBX3,K562,chr2:61496870:T:C,0,4,0.35989439487457275,modal,cuda,CDC40:HepG2
YBX3,K562,chr2:65016688:G:A,0,4,0.5725051760673523,modal,cuda,CDC40:HepG2
YBX3,K562,chr2:68180794:A:G,0,4,0.535491943359375,modal,cuda,CDC40:HepG2
YBX3,K562,chr2:69325319:G:T,0,4,-0.5657413005828857,modal,cuda,CDC40:HepG2
YBX3,K562,chr2:69325389:C:A,0,4,-0.3121386766433716,modal,cuda,CDC40:HepG2
YBX3,K562,chr2:69359261:T:A,0,4,0.9906513690948486,modal,cuda,CDC40:HepG2
YBX3,K562,chr2:74532714:G:A,1,4,1.9150748252868652,modal,cuda,CDC40:HepG2
YBX3,K562,chr2:88750609:T:G,0,4,-0.20774459838867188,modal,cuda,CDC40:HepG2
YBX3,K562,chr2:96278528:G:A,0,4,0.23939192295074463,modal,cuda,CDC40:HepG2
YBX3,K562,chr2:96278538:G:A,0,4,0.3353109359741211,modal,cuda,CDC40:HepG2
YBX3,K562,chr2:96286294:G:C,0,4,-0.16601037979125977,modal,cuda,CDC40:HepG2
YBX3,K562,chr3:100709616:G:C,0,3,-0.4073144793510437,modal,cuda,CDC40:HepG2
YBX3,K562,chr3:10142090:G:T,0,3,-0.1836109459400177,modal,cuda,CDC40:HepG2
YBX3,K562,chr3:10142121:G:C,0,3,-0.22105157375335693,modal,cuda,CDC40:HepG2
YBX3,K562,chr3:10142139:T:A,1,3,-0.06300805509090424,modal,cuda,CDC40:HepG2
YBX3,K562,chr3:10146603:G:T,1,3,-1.1035903692245483,modal,cuda,CDC40:HepG2
YBX3,K562,chr3:10146606:C:T,1,3,-1.195339560508728,modal,cuda,CDC40:HepG2
YBX3,K562,chr3:10146618:G:A,1,3,-0.15293212234973907,modal,cuda,CDC40:HepG2
YBX3,K562,chr3:10146618:G:C,1,3,0.4725434184074402,modal,cuda,CDC40:HepG2
YBX3,K562,chr3:10146618:G:T,1,3,0.2889387011528015,modal,cuda,CDC40:HepG2
YBX3,K562,chr3:10146625:T:C,1,3,-0.24993610382080078,modal,cuda,CDC40:HepG2
YBX3,K562,chr3:10146625:T:G,1,3,0.44048774242401123,modal,cuda,CDC40:HepG2
YBX3,K562,chr3:10146634:C:T,1,3,0.5865511298179626,modal,cuda,CDC40:HepG2
YBX3,K562,chr3:10146637:G:A,1,3,0.7948170900344849,modal,cuda,CDC40:HepG2
YBX3,K562,chr3:10146637:G:T,1,3,0.7646200060844421,modal,cuda,CDC40:HepG2
YBX3,K562,chr3:10146644:C:T,0,3,-0.15873610973358154,modal,cuda,CDC40:HepG2
YBX3,K562,chr3:10149790:A:C,1,3,0.6403608322143555,modal,cuda,CDC40:HepG2
YBX3,K562,chr3:10149793:C:T,1,3,-0.3699014186859131,modal,cuda,CDC40:HepG2
YBX3,K562,chr3:10149795:C:G,1,3,-1.1343398094177246,modal,cuda,CDC40:HepG2
YBX3,K562,chr3:10149796:T:C,1,3,-0.1351528763771057,modal,cuda,CDC40:HepG2
YBX3,K562,chr3:10149796:T:G,1,3,-0.9530330896377563,modal,cuda,CDC40:HepG2
YBX3,K562,chr3:10149798:A:T,1,3,1.5569241046905518,modal,cuda,CDC40:HepG2
YBX3,K562,chr3:10149801:G:T,1,3,1.5274181365966797,modal,cuda,CDC40:HepG2
YBX3,K562,chr3:10149804:C:G,1,3,2.160578727722168,modal,cuda,CDC40:HepG2
YBX3,K562,chr3:10149804:C:T,1,3,2.2282700538635254,modal,cuda,CDC40:HepG2
YBX3,K562,chr3:10149805:G:A,1,3,0.2838992774486542,modal,cuda,CDC40:HepG2
YBX3,K562,chr3:10149805:G:C,1,3,0.7689040899276733,modal,cuda,CDC40:HepG2
YBX3,K562,chr3:10149807:T:C,1,3,-0.5480570793151855,modal,cuda,CDC40:HepG2
YBX3,K562,chr3:10149808:G:T,1,3,-0.39821141958236694,modal,cuda,CDC40:HepG2
YBX3,K562,chr3:10149809:C:A,1,3,2.3970580101013184,modal,cuda,CDC40:HepG2
YBX3,K562,chr3:10149809:C:T,0,3,0.5712273120880127,modal,cuda,CDC40:HepG2
YBX3,K562,chr3:10149811:T:G,1,3,0.2335052490234375,modal,cuda,CDC40:HepG2
YBX3,K562,chr3:10149813:C:T,1,3,0.904650092124939,modal,cuda,CDC40:HepG2
YBX3,K562,chr3:10149814:A:G,1,3,1.0008141994476318,modal,cuda,CDC40:HepG2
YBX3,K562,chr3:10149819:G:T,1,3,-0.18469476699829102,modal,cuda,CDC40:HepG2
YBX3,K562,chr3:10149820:T:A,1,3,0.1984424591064453,modal,cuda,CDC40:HepG2
YBX3,K562,chr3:10149822:C:G,1,3,1.5464140176773071,modal,cuda,CDC40:HepG2
YBX3,K562,chr3:10149823:G:A,1,3,0.3567821979522705,modal,cuda,CDC40:HepG2
YBX3,K562,chr3:10149823:G:T,1,3,0.6174871921539307,modal,cuda,CDC40:HepG2
YBX3,K562,chr3:12604184:A:C,1,3,1.09690260887146,modal,cuda,CDC40:HepG2
YBX3,K562,chr3:12604189:G:A,1,3,1.7347815036773682,modal,cuda,CDC40:HepG2
YBX3,K562,chr3:12604192:T:G,1,3,-1.1090514659881592,modal,cuda,CDC40:HepG2
YBX3,K562,chr3:12604194:G:A,1,3,0.3134491443634033,modal,cuda,CDC40:HepG2
YBX3,K562,chr3:12604194:G:T,1,3,0.5046768188476562,modal,cuda,CDC40:HepG2
YBX3,K562,chr3:12604195:A:C,1,3,0.2340085506439209,modal,cuda,CDC40:HepG2
YBX3,K562,chr3:12604195:A:T,1,3,0.29705166816711426,modal,cuda,CDC40:HepG2
YBX3,K562,chr3:12604200:G:A,1,3,2.030803918838501,modal,cuda,CDC40:HepG2
YBX3,K562,chr3:127618054:G:A,0,3,0.4964563846588135,modal,cuda,CDC40:HepG2
YBX3,K562,chr3:127618066:C:T,0,3,0.4989822804927826,modal,cuda,CDC40:HepG2
YBX3,K562,chr3:127618067:G:A,0,3,0.41679465770721436,modal,cuda,CDC40:HepG2
YBX3,K562,chr3:127618091:A:G,0,3,-0.6074339151382446,modal,cuda,CDC40:HepG2
YBX3,K562,chr3:127620802:C:T,0,3,-0.14518749713897705,modal,cuda,CDC40:HepG2
YBX3,K562,chr3:127621098:G:A,0,3,-0.14990609884262085,modal,cuda,CDC40:HepG2
YBX3,K562,chr3:128481911:T:C,1,3,1.162221074104309,modal,cuda,CDC40:HepG2
YBX3,K562,chr3:128492907:G:A,0,3,0.46164560317993164,modal,cuda,CDC40:HepG2
YBX3,K562,chr3:128814268:A:G,0,3,0.2637938857078552,modal,cuda,CDC40:HepG2
YBX3,K562,chr3:128814285:C:G,0,3,0.6390106081962585,modal,cuda,CDC40:HepG2
YBX3,K562,chr3:14164836:G:A,1,3,-0.8835756182670593,modal,cuda,CDC40:HepG2
YBX3,K562,chr3:149024090:C:T,1,3,2.2328646183013916,modal,cuda,CDC40:HepG2
YBX3,K562,chr3:149024193:G:A,1,3,0.6260747909545898,modal,cuda,CDC40:HepG2
YBX3,K562,chr3:149024263:T:A,1,3,-0.6333470344543457,modal,cuda,CDC40:HepG2
YBX3,K562,chr3:155893704:A:G,0,3,-0.8516524434089661,modal,cuda,CDC40:HepG2
YBX3,K562,chr3:179419386:G:C,0,3,0.5056523680686951,modal,cuda,CDC40:HepG2
YBX3,K562,chr3:180985956:G:A,1,3,-1.0083868503570557,modal,cuda,CDC40:HepG2
YBX3,K562,chr3:180986003:A:T,0,3,0.1357443928718567,modal,cuda,CDC40:HepG2
YBX3,K562,chr3:184167572:A:C,0,3,-0.4587888717651367,modal,cuda,CDC40:HepG2
YBX3,K562,chr3:184178853:T:C,0,3,0.1317308098077774,modal,cuda,CDC40:HepG2
YBX3,K562,chr3:184180255:C:T,0,3,-0.47842419147491455,modal,cuda,CDC40:HepG2
YBX3,K562,chr3:184180258:G:A,0,3,0.2928163707256317,modal,cuda,CDC40:HepG2
YBX3,K562,chr3:184181693:C:T,0,3,-0.6381978988647461,modal,cuda,CDC40:HepG2
YBX3,K562,chr3:184181827:G:A,0,3,0.6338898539543152,modal,cuda,CDC40:HepG2
YBX3,K562,chr3:184182050:G:A,0,3,0.3380168080329895,modal,cuda,CDC40:HepG2
YBX3,K562,chr3:184182057:G:A,0,3,-0.3570239245891571,modal,cuda,CDC40:HepG2
YBX3,K562,chr3:184245333:A:T,1,3,-0.7345343232154846,modal,cuda,CDC40:HepG2
YBX3,K562,chr3:184245559:C:T,1,3,0.08298277854919434,modal,cuda,CDC40:HepG2
YBX3,K562,chr3:184324183:A:G,0,3,-0.5154723525047302,modal,cuda,CDC40:HepG2
YBX3,K562,chr3:184325848:C:T,0,3,0.26960718631744385,modal,cuda,CDC40:HepG2
YBX3,K562,chr3:186575953:A:G,0,3,-0.5173073410987854,modal,cuda,CDC40:HepG2
YBX3,K562,chr3:186575956:T:C,0,3,-0.47679758071899414,modal,cuda,CDC40:HepG2
YBX3,K562,chr3:193694820:A:G,0,3,-0.4010716676712036,modal,cuda,CDC40:HepG2
YBX3,K562,chr3:197954050:G:A,1,3,0.9174768328666687,modal,cuda,CDC40:HepG2
YBX3,K562,chr3:197954142:C:T,1,3,-0.3473931849002838,modal,cuda,CDC40:HepG2
YBX3,K562,chr3:23918510:C:G,1,3,1.2946457862854004,modal,cuda,CDC40:HepG2
YBX3,K562,chr3:23918589:G:C,0,3,0.6144377589225769,modal,cuda,CDC40:HepG2
YBX3,K562,chr3:23919194:A:G,1,3,0.7303580045700073,modal,cuda,CDC40:HepG2
YBX3,K562,chr3:23919225:G:C,0,3,0.5011987686157227,modal,cuda,CDC40:HepG2
YBX3,K562,chr3:37001003:C:T,1,3,1.2234368324279785,modal,cuda,CDC40:HepG2
YBX3,K562,chr3:37001008:C:A,0,3,0.3140590786933899,modal,cuda,CDC40:HepG2
YBX3,K562,chr3:37001012:G:T,1,3,0.6881414651870728,modal,cuda,CDC40:HepG2
YBX3,K562,chr3:37001019:T:G,1,3,0.8129135966300964,modal,cuda,CDC40:HepG2
YBX3,K562,chr3:37001045:C:T,1,3,0.718635082244873,modal,cuda,CDC40:HepG2
YBX3,K562,chr3:37001046:G:C,1,3,0.30490872263908386,modal,cuda,CDC40:HepG2
YBX3,K562,chr3:37001053:G:C,1,3,0.8045320510864258,modal,cuda,CDC40:HepG2
YBX3,K562,chr3:37001054:G:A,1,3,0.5176900029182434,modal,cuda,CDC40:HepG2
YBX3,K562,chr3:37001054:G:C,1,3,0.6048752069473267,modal,cuda,CDC40:HepG2
YBX3,K562,chr3:37001054:G:T,1,3,0.3478928208351135,modal,cuda,CDC40:HepG2
YBX3,K562,chr3:37001055:T:A,1,3,0.9078722596168518,modal,cuda,CDC40:HepG2
YBX3,K562,chr3:37001058:G:A,1,3,0.1504712998867035,modal,cuda,CDC40:HepG2
YBX3,K562,chr3:37004405:T:A,1,3,0.5947694778442383,modal,cuda,CDC40:HepG2
YBX3,K562,chr3:37004414:T:G,1,3,-0.43026816844940186,modal,cuda,CDC40:HepG2
YBX3,K562,chr3:38016553:C:T,0,3,0.6025539636611938,modal,cuda,CDC40:HepG2
YBX3,K562,chr3:47037732:A:G,0,3,-0.22565150260925293,modal,cuda,CDC40:HepG2
YBX3,K562,chr3:47406056:C:T,0,3,-0.3327805995941162,modal,cuda,CDC40:HepG2
YBX3,K562,chr3:47916506:C:G,0,3,1.0380429029464722,modal,cuda,CDC40:HepG2
YBX3,K562,chr3:47916547:G:T,0,3,0.8673161268234253,modal,cuda,CDC40:HepG2
YBX3,K562,chr3:47928240:G:A,0,3,1.1214624643325806,modal,cuda,CDC40:HepG2
YBX3,K562,chr3:47928244:G:A,0,3,0.4656585454940796,modal,cuda,CDC40:HepG2
YBX3,K562,chr3:4847204:A:T,0,3,-0.3203165531158447,modal,cuda,CDC40:HepG2
YBX3,K562,chr3:4847233:A:G,0,3,-0.18630659580230713,modal,cuda,CDC40:HepG2
YBX3,K562,chr3:48857353:G:A,0,3,-1.2269006967544556,modal,cuda,CDC40:HepG2
YBX3,K562,chr3:49022222:G:A,1,3,0.6963899731636047,modal,cuda,CDC40:HepG2
YBX3,K562,chr3:49099169:G:A,1,3,0.7317034006118774,modal,cuda,CDC40:HepG2
YBX3,K562,chr3:49099233:T:C,0,3,-1.2538175582885742,modal,cuda,CDC40:HepG2
YBX3,K562,chr3:49099270:G:C,0,3,-1.3897490501403809,modal,cuda,CDC40:HepG2
YBX3,K562,chr3:49099804:C:A,1,3,-0.6372504234313965,modal,cuda,CDC40:HepG2
YBX3,K562,chr3:49099948:A:G,0,3,0.08334088325500488,modal,cuda,CDC40:HepG2
YBX3,K562,chr3:49100273:G:A,1,3,0.25168561935424805,modal,cuda,CDC40:HepG2
YBX3,K562,chr3:49100414:G:A,1,3,-0.8073819875717163,modal,cuda,CDC40:HepG2
YBX3,K562,chr3:49100421:A:G,0,3,0.13754796981811523,modal,cuda,CDC40:HepG2
YBX3,K562,chr3:49175045:C:T,0,3,-0.27856242656707764,modal,cuda,CDC40:HepG2
YBX3,K562,chr3:49368494:G:A,1,3,0.19541329145431519,modal,cuda,CDC40:HepG2
YBX3,K562,chr3:50646735:C:G,0,3,0.15302127599716187,modal,cuda,CDC40:HepG2
YBX3,K562,chr3:53229263:A:G,0,3,-0.10120511054992676,modal,cuda,CDC40:HepG2
YBX3,K562,chr3:53229317:G:A,0,3,-0.17041170597076416,modal,cuda,CDC40:HepG2
YBX3,K562,chr3:53229335:G:C,0,3,0.10372674465179443,modal,cuda,CDC40:HepG2
YBX3,K562,chr3:53233271:C:T,1,3,0.32437562942504883,modal,cuda,CDC40:HepG2
YBX3,K562,chr3:53235030:T:C,0,3,0.11876457929611206,modal,cuda,CDC40:HepG2
YBX3,K562,chr3:58096233:C:T,0,3,0.6480111479759216,modal,cuda,CDC40:HepG2
YBX3,K562,chr3:67400711:G:A,0,3,0.1909167766571045,modal,cuda,CDC40:HepG2
YBX3,K562,chr3:67400859:C:G,0,3,0.26026350259780884,modal,cuda,CDC40:HepG2
YBX3,K562,chr3:9734426:C:T,1,3,1.44766366481781,modal,cuda,CDC40:HepG2
YBX3,K562,chr3:9734437:G:A,0,3,0.379073828458786,modal,cuda,CDC40:HepG2
YBX3,K562,chr4:10097756:C:T,0,1,0.2722330093383789,modal,cuda,CDC40:HepG2
YBX3,K562,chr4:10097834:G:C,1,1,-0.49937599897384644,modal,cuda,CDC40:HepG2
YBX3,K562,chr4:121696590:G:A,0,1,-0.7042407989501953,modal,cuda,CDC40:HepG2
YBX3,K562,chr4:121801378:G:A,0,1,0.3244215250015259,modal,cuda,CDC40:HepG2
YBX3,K562,chr4:121801505:C:T,0,1,-0.9636150598526001,modal,cuda,CDC40:HepG2
YBX3,K562,chr4:143513921:C:T,0,1,0.35117703676223755,modal,cuda,CDC40:HepG2
YBX3,K562,chr4:183708527:A:G,0,1,-0.7508971691131592,modal,cuda,CDC40:HepG2
YBX3,K562,chr4:3518035:A:G,0,1,-0.09563708305358887,modal,cuda,CDC40:HepG2
YBX3,K562,chr4:44695724:G:T,1,1,0.3081700801849365,modal,cuda,CDC40:HepG2
YBX3,K562,chr4:56490422:A:G,0,1,-0.4987659454345703,modal,cuda,CDC40:HepG2
YBX3,K562,chr4:56490564:T:C,0,1,-0.3135407567024231,modal,cuda,CDC40:HepG2
YBX3,K562,chr4:56502641:C:T,0,1,0.4820900559425354,modal,cuda,CDC40:HepG2
YBX3,K562,chr4:76124687:T:C,1,1,-0.4038960337638855,modal,cuda,CDC40:HepG2
YBX3,K562,chr4:76124740:A:C,1,1,-0.43762731552124023,modal,cuda,CDC40:HepG2
YBX3,K562,chr4:88521653:A:G,1,1,-0.1650838851928711,modal,cuda,CDC40:HepG2
YBX3,K562,chr5:112839854:C:G,0,1,0.2879045009613037,modal,cuda,CDC40:HepG2
YBX3,K562,chr5:112841249:A:G,0,1,-0.25932419300079346,modal,cuda,CDC40:HepG2
YBX3,K562,chr5:112841279:C:A,0,1,-0.40430545806884766,modal,cuda,CDC40:HepG2
YBX3,K562,chr5:112841282:C:T,0,1,-0.3134080767631531,modal,cuda,CDC40:HepG2
YBX3,K562,chr5:112841321:G:A,0,1,-0.3064901828765869,modal,cuda,CDC40:HepG2
YBX3,K562,chr5:112841357:T:C,0,1,0.8084583282470703,modal,cuda,CDC40:HepG2
YBX3,K562,chr5:115913381:C:T,0,1,0.3049510717391968,modal,cuda,CDC40:HepG2
YBX3,K562,chr5:126811811:T:C,0,1,-0.13916420936584473,modal,cuda,CDC40:HepG2
YBX3,K562,chr5:131162590:T:C,0,1,-0.23527240753173828,modal,cuda,CDC40:HepG2
YBX3,K562,chr5:131162604:G:A,1,1,0.3093395233154297,modal,cuda,CDC40:HepG2
YBX3,K562,chr5:131162636:T:C,1,1,-0.2687869369983673,modal,cuda,CDC40:HepG2
YBX3,K562,chr5:132867593:C:T,0,1,0.7837744951248169,modal,cuda,CDC40:HepG2
YBX3,K562,chr5:134199091:G:C,1,1,0.8591286540031433,modal,cuda,CDC40:HepG2
YBX3,K562,chr5:134199129:G:A,1,1,1.417646884918213,modal,cuda,CDC40:HepG2
YBX3,K562,chr5:134199182:C:T,0,1,0.2261718511581421,modal,cuda,CDC40:HepG2
YBX3,K562,chr5:134201961:G:A,1,1,-0.5571224093437195,modal,cuda,CDC40:HepG2
YBX3,K562,chr5:134202009:C:T,0,1,0.35424843430519104,modal,cuda,CDC40:HepG2
YBX3,K562,chr5:135360551:T:C,0,1,0.18034422397613525,modal,cuda,CDC40:HepG2
YBX3,K562,chr5:135369490:G:A,0,1,0.22555506229400635,modal,cuda,CDC40:HepG2
YBX3,K562,chr5:138932599:C:T,1,1,-0.4013957381248474,modal,cuda,CDC40:HepG2
YBX3,K562,chr5:138932608:C:T,0,1,-0.1493128538131714,modal,cuda,CDC40:HepG2
YBX3,K562,chr5:138932613:C:A,0,1,-0.10239589214324951,modal,cuda,CDC40:HepG2
YBX3,K562,chr5:138932616:C:A,1,1,0.9064754247665405,modal,cuda,CDC40:HepG2
YBX3,K562,chr5:138932616:C:G,1,1,0.704862654209137,modal,cuda,CDC40:HepG2
YBX3,K562,chr5:138932637:C:G,1,1,-0.5588382482528687,modal,cuda,CDC40:HepG2
YBX3,K562,chr5:139317048:T:A,0,1,0.3571125268936157,modal,cuda,CDC40:HepG2
YBX3,K562,chr5:140647238:C:T,0,1,-0.7334672808647156,modal,cuda,CDC40:HepG2
YBX3,K562,chr5:140647251:C:T,1,1,2.268664598464966,modal,cuda,CDC40:HepG2
YBX3,K562,chr5:140647294:T:G,1,1,0.5533917546272278,modal,cuda,CDC40:HepG2
YBX3,K562,chr5:140647330:T:G,1,1,0.21620072424411774,modal,cuda,CDC40:HepG2
YBX3,K562,chr5:140647335:C:T,0,1,-0.2551029920578003,modal,cuda,CDC40:HepG2
YBX3,K562,chr5:140647376:G:A,0,1,-0.5922765135765076,modal,cuda,CDC40:HepG2
YBX3,K562,chr5:141515547:T:C,0,1,0.08868265151977539,modal,cuda,CDC40:HepG2
YBX3,K562,chr5:146128661:G:A,0,1,-0.22546541690826416,modal,cuda,CDC40:HepG2
YBX3,K562,chr5:175492244:G:A,0,1,0.5112757086753845,modal,cuda,CDC40:HepG2
YBX3,K562,chr5:178149715:A:T,1,1,-0.9148002862930298,modal,cuda,CDC40:HepG2
YBX3,K562,chr5:178149760:A:G,1,1,0.7598832845687866,modal,cuda,CDC40:HepG2
YBX3,K562,chr5:178149799:C:T,1,1,0.36757421493530273,modal,cuda,CDC40:HepG2
YBX3,K562,chr5:251414:C:G,1,1,1.087259292602539,modal,cuda,CDC40:HepG2
YBX3,K562,chr5:251415:G:T,1,1,-0.2982463836669922,modal,cuda,CDC40:HepG2
YBX3,K562,chr5:251426:A:G,0,1,0.3156318664550781,modal,cuda,CDC40:HepG2
YBX3,K562,chr5:251454:A:C,0,1,-0.6488519906997681,modal,cuda,CDC40:HepG2
YBX3,K562,chr5:251457:G:T,1,1,-0.9590190649032593,modal,cuda,CDC40:HepG2
YBX3,K562,chr5:32387639:A:G,0,1,0.7488219738006592,modal,cuda,CDC40:HepG2
YBX3,K562,chr5:33456216:A:G,1,1,-0.2730691432952881,modal,cuda,CDC40:HepG2
YBX3,K562,chr5:36953763:A:C,1,1,2.9975595474243164,modal,cuda,CDC40:HepG2
YBX3,K562,chr5:36953766:T:C,1,1,1.4029508829116821,modal,cuda,CDC40:HepG2
YBX3,K562,chr5:36955452:T:C,0,1,1.1269145011901855,modal,cuda,CDC40:HepG2
YBX3,K562,chr5:36955452:T:G,0,1,0.8492341041564941,modal,cuda,CDC40:HepG2
YBX3,K562,chr5:36955455:G:C,0,1,0.8775675296783447,modal,cuda,CDC40:HepG2
YBX3,K562,chr5:36955469:T:G,1,1,0.20751452445983887,modal,cuda,CDC40:HepG2
YBX3,K562,chr5:66038488:A:G,0,1,0.47072911262512207,modal,cuda,CDC40:HepG2
YBX3,K562,chr5:6623205:A:G,0,1,0.22778673470020294,modal,cuda,CDC40:HepG2
YBX3,K562,chr5:72183772:G:A,0,1,0.41855859756469727,modal,cuda,CDC40:HepG2
YBX3,K562,chr5:74736989:C:A,0,1,-0.812260627746582,modal,cuda,CDC40:HepG2
YBX3,K562,chr5:74767329:C:G,0,1,0.4083380699157715,modal,cuda,CDC40:HepG2
YBX3,K562,chr5:79450980:T:C,0,1,-0.3326350450515747,modal,cuda,CDC40:HepG2
YBX3,K562,chr5:87376416:C:T,1,1,0.9266520142555237,modal,cuda,CDC40:HepG2
YBX3,K562,chr5:87376443:G:T,1,1,1.025825023651123,modal,cuda,CDC40:HepG2
YBX3,K562,chr5:87376506:C:T,1,1,-0.5160599946975708,modal,cuda,CDC40:HepG2
YBX3,K562,chr5:87376512:C:T,1,1,0.46802860498428345,modal,cuda,CDC40:HepG2
YBX3,K562,chr5:87376517:C:G,1,1,-0.2660641670227051,modal,cuda,CDC40:HepG2
YBX3,K562,chr5:88728487:G:C,0,1,0.8413833379745483,modal,cuda,CDC40:HepG2
YBX3,K562,chr5:916991:G:C,0,1,-0.5087183713912964,modal,cuda,CDC40:HepG2
YBX3,K562,chr5:916995:G:A,0,1,0.12614965438842773,modal,cuda,CDC40:HepG2
YBX3,K562,chr5:96730788:A:G,0,1,-0.23691046237945557,modal,cuda,CDC40:HepG2
YBX3,K562,chr5:96730872:C:G,0,1,0.4074714779853821,modal,cuda,CDC40:HepG2
YBX3,K562,chr5:96736204:G:T,0,1,-0.3297300338745117,modal,cuda,CDC40:HepG2
YBX3,K562,chr5:96736234:G:A,0,1,0.728644847869873,modal,cuda,CDC40:HepG2
YBX3,K562,chr5:96736235:G:T,1,1,0.7654629945755005,modal,cuda,CDC40:HepG2
YBX3,K562,chr5:96750599:G:A,0,1,0.5138261318206787,modal,cuda,CDC40:HepG2
YBX3,K562,chr5:96750630:G:C,0,1,-0.8754525184631348,modal,cuda,CDC40:HepG2
YBX3,K562,chr6:106279754:T:C,0,3,0.10498398542404175,modal,cuda,CDC40:HepG2
YBX3,K562,chr6:106628821:G:A,0,3,0.18711060285568237,modal,cuda,CDC40:HepG2
YBX3,K562,chr6:109382188:C:T,0,3,-0.31802868843078613,modal,cuda,CDC40:HepG2
YBX3,K562,chr6:109382419:G:C,0,3,0.8040838837623596,modal,cuda,CDC40:HepG2
YBX3,K562,chr6:13307592:C:T,0,3,-1.5146747827529907,modal,cuda,CDC40:HepG2
YBX3,K562,chr6:135194427:C:T,0,3,0.5334630012512207,modal,cuda,CDC40:HepG2
YBX3,K562,chr6:135195806:C:T,0,3,0.6660468578338623,modal,cuda,CDC40:HepG2
YBX3,K562,chr6:135195921:C:T,0,3,0.4090397357940674,modal,cuda,CDC40:HepG2
YBX3,K562,chr6:151445672:C:T,0,3,0.45925086736679077,modal,cuda,CDC40:HepG2
YBX3,K562,chr6:151445687:C:A,0,3,0.4832627773284912,modal,cuda,CDC40:HepG2
YBX3,K562,chr6:151445732:T:C,1,3,-0.21601293981075287,modal,cuda,CDC40:HepG2
YBX3,K562,chr6:157196324:T:A,0,3,0.2042803317308426,modal,cuda,CDC40:HepG2
YBX3,K562,chr6:159778655:T:C,0,3,0.9277145862579346,modal,cuda,CDC40:HepG2
YBX3,K562,chr6:169705629:T:C,0,3,-0.4299697279930115,modal,cuda,CDC40:HepG2
YBX3,K562,chr6:24781633:T:C,0,3,0.5136808156967163,modal,cuda,CDC40:HepG2
YBX3,K562,chr6:27824443:C:T,0,3,-0.6798129677772522,modal,cuda,CDC40:HepG2
YBX3,K562,chr6:27824450:T:C,0,3,0.5897530317306519,modal,cuda,CDC40:HepG2
YBX3,K562,chr6:2838610:G:A,0,3,-0.12692391872406006,modal,cuda,CDC40:HepG2
YBX3,K562,chr6:2840548:C:T,0,3,0.25510174036026,modal,cuda,CDC40:HepG2
YBX3,K562,chr6:2948918:C:T,0,3,-1.1765949726104736,modal,cuda,CDC40:HepG2
YBX3,K562,chr6:2955596:G:A,0,3,-0.21566693484783173,modal,cuda,CDC40:HepG2
YBX3,K562,chr6:30723688:A:G,1,3,0.2949944734573364,modal,cuda,CDC40:HepG2
YBX3,K562,chr6:30723713:G:A,0,3,0.26463353633880615,modal,cuda,CDC40:HepG2
YBX3,K562,chr6:30723727:A:T,1,3,0.2200760841369629,modal,cuda,CDC40:HepG2
YBX3,K562,chr6:30723728:C:T,0,3,-0.41177743673324585,modal,cuda,CDC40:HepG2
YBX3,K562,chr6:30723778:G:C,1,3,-0.31617069244384766,modal,cuda,CDC40:HepG2
YBX3,K562,chr6:30724263:G:A,1,3,0.14526903629302979,modal,cuda,CDC40:HepG2
YBX3,K562,chr6:30724323:G:A,1,3,-0.15182721614837646,modal,cuda,CDC40:HepG2
YBX3,K562,chr6:31883845:C:T,0,3,-0.1525856852531433,modal,cuda,CDC40:HepG2
YBX3,K562,chr6:32974633:C:T,0,3,-0.10255201160907745,modal,cuda,CDC40:HepG2
YBX3,K562,chr6:33201416:C:A,0,3,0.09292006492614746,modal,cuda,CDC40:HepG2
YBX3,K562,chr6:33697637:G:A,0,3,-0.24897444248199463,modal,cuda,CDC40:HepG2
YBX3,K562,chr6:33700516:G:C,1,3,-0.25739914178848267,modal,cuda,CDC40:HepG2
YBX3,K562,chr6:41940535:G:A,0,3,-0.23089948296546936,modal,cuda,CDC40:HepG2
YBX3,K562,chr6:43575935:C:T,0,3,1.38375723361969,modal,cuda,CDC40:HepG2
YBX3,K562,chr6:5109358:T:G,0,3,-0.5791182518005371,modal,cuda,CDC40:HepG2
YBX3,K562,chr6:5260703:A:C,0,3,0.9206097722053528,modal,cuda,CDC40:HepG2
YBX3,K562,chr6:63580063:G:T,0,3,-0.44555115699768066,modal,cuda,CDC40:HepG2
YBX3,K562,chr6:63580091:C:T,0,3,-0.6210148334503174,modal,cuda,CDC40:HepG2
YBX3,K562,chr6:7883235:C:T,0,3,0.3745293915271759,modal,cuda,CDC40:HepG2
YBX3,K562,chr6:85513857:G:A,1,3,0.5503638386726379,modal,cuda,CDC40:HepG2
YBX3,K562,chr7:100113725:G:A,0,2,0.19471073150634766,modal,cuda,CDC40:HepG2
YBX3,K562,chr7:101206767:A:G,0,2,0.13509643077850342,modal,cuda,CDC40:HepG2
YBX3,K562,chr7:101206772:G:T,0,2,-0.16700100898742676,modal,cuda,CDC40:HepG2
YBX3,K562,chr7:101216675:G:A,0,2,0.21307340264320374,modal,cuda,CDC40:HepG2
YBX3,K562,chr7:101216685:C:T,0,2,0.10349488258361816,modal,cuda,CDC40:HepG2
YBX3,K562,chr7:103472661:A:G,0,2,-0.7541561126708984,modal,cuda,CDC40:HepG2
YBX3,K562,chr7:107362361:A:G,0,2,0.1603536605834961,modal,cuda,CDC40:HepG2
YBX3,K562,chr7:107362409:G:A,1,2,1.937491536140442,modal,cuda,CDC40:HepG2
YBX3,K562,chr7:107893265:C:A,1,2,-0.5024139881134033,modal,cuda,CDC40:HepG2
YBX3,K562,chr7:107893272:C:T,1,2,0.3866218328475952,modal,cuda,CDC40:HepG2
YBX3,K562,chr7:107905381:T:G,1,2,0.8002328872680664,modal,cuda,CDC40:HepG2
YBX3,K562,chr7:107905451:A:T,1,2,0.875725507736206,modal,cuda,CDC40:HepG2
YBX3,K562,chr7:10940070:G:A,0,2,0.3219735622406006,modal,cuda,CDC40:HepG2
YBX3,K562,chr7:124842835:T:A,1,2,-0.18491685390472412,modal,cuda,CDC40:HepG2
YBX3,K562,chr7:124842844:G:A,1,2,-0.14320755004882812,modal,cuda,CDC40:HepG2
YBX3,K562,chr7:124842856:T:A,1,2,-0.13856792449951172,modal,cuda,CDC40:HepG2
YBX3,K562,chr7:124842898:G:A,1,2,0.406138151884079,modal,cuda,CDC40:HepG2
YBX3,K562,chr7:124842940:C:A,1,2,1.0965490341186523,modal,cuda,CDC40:HepG2
YBX3,K562,chr7:124842944:A:C,1,2,1.0720329284667969,modal,cuda,CDC40:HepG2
YBX3,K562,chr7:124842949:G:A,1,2,0.7134071588516235,modal,cuda,CDC40:HepG2
YBX3,K562,chr7:124846926:T:C,0,2,-0.15751826763153076,modal,cuda,CDC40:HepG2
YBX3,K562,chr7:124846960:G:A,1,2,0.20429956912994385,modal,cuda,CDC40:HepG2
YBX3,K562,chr7:124846976:G:C,1,2,0.471225380897522,modal,cuda,CDC40:HepG2
YBX3,K562,chr7:124858990:G:C,1,2,0.6857736110687256,modal,cuda,CDC40:HepG2
YBX3,K562,chr7:124859064:G:A,1,2,0.7701559066772461,modal,cuda,CDC40:HepG2
YBX3,K562,chr7:124859077:C:T,1,2,-0.7086304426193237,modal,cuda,CDC40:HepG2
YBX3,K562,chr7:124859107:C:T,1,2,1.0811792612075806,modal,cuda,CDC40:HepG2
YBX3,K562,chr7:124859108:C:T,1,2,0.5974050760269165,modal,cuda,CDC40:HepG2
YBX3,K562,chr7:124870989:G:T,1,2,0.5514495372772217,modal,cuda,CDC40:HepG2
YBX3,K562,chr7:124871012:G:A,1,2,0.7401891946792603,modal,cuda,CDC40:HepG2
YBX3,K562,chr7:124871032:G:C,1,2,-1.7563856840133667,modal,cuda,CDC40:HepG2
YBX3,K562,chr7:124871037:A:T,1,2,-0.8363100290298462,modal,cuda,CDC40:HepG2
YBX3,K562,chr7:128842383:T:C,0,2,-0.1404181718826294,modal,cuda,CDC40:HepG2
YBX3,K562,chr7:128842386:C:G,0,2,-0.0990060567855835,modal,cuda,CDC40:HepG2
YBX3,K562,chr7:128972498:C:T,0,2,0.647249698638916,modal,cuda,CDC40:HepG2
YBX3,K562,chr7:135645464:A:G,0,2,0.19740581512451172,modal,cuda,CDC40:HepG2
YBX3,K562,chr7:150950013:G:T,0,2,0.8088337182998657,modal,cuda,CDC40:HepG2
YBX3,K562,chr7:150950393:G:A,1,2,-0.17297708988189697,modal,cuda,CDC40:HepG2
YBX3,K562,chr7:150950905:G:A,0,2,-0.10890316963195801,modal,cuda,CDC40:HepG2
YBX3,K562,chr7:150950906:C:A,0,2,0.3159549832344055,modal,cuda,CDC40:HepG2
YBX3,K562,chr7:150951022:C:A,1,2,-0.17805182933807373,modal,cuda,CDC40:HepG2
YBX3,K562,chr7:150951076:G:A,1,2,0.18616998195648193,modal,cuda,CDC40:HepG2
YBX3,K562,chr7:150951080:G:A,0,2,0.1274765580892563,modal,cuda,CDC40:HepG2
YBX3,K562,chr7:150951110:A:C,1,2,-0.28374648094177246,modal,cuda,CDC40:HepG2
YBX3,K562,chr7:150951110:A:G,0,2,0.052027225494384766,modal,cuda,CDC40:HepG2
YBX3,K562,chr7:150951530:G:T,1,2,-0.06532490253448486,modal,cuda,CDC40:HepG2
YBX3,K562,chr7:150952515:G:A,0,2,-0.05659747123718262,modal,cuda,CDC40:HepG2
YBX3,K562,chr7:150952811:G:A,1,2,-0.28302979469299316,modal,cuda,CDC40:HepG2
YBX3,K562,chr7:151013304:G:A,0,2,0.12080848217010498,modal,cuda,CDC40:HepG2
YBX3,K562,chr7:151014175:G:A,0,2,0.38183358311653137,modal,cuda,CDC40:HepG2
YBX3,K562,chr7:151054397:C:A,0,2,0.21026262640953064,modal,cuda,CDC40:HepG2
YBX3,K562,chr7:158656612:C:T,0,2,0.2031058371067047,modal,cuda,CDC40:HepG2
YBX3,K562,chr7:23125082:C:T,0,2,0.15704143047332764,modal,cuda,CDC40:HepG2
YBX3,K562,chr7:33097371:G:A,0,2,0.18735955655574799,modal,cuda,CDC40:HepG2
YBX3,K562,chr7:44116524:C:G,0,2,-0.20624542236328125,modal,cuda,CDC40:HepG2
YBX3,K562,chr7:44674572:G:A,0,2,-0.31819313764572144,modal,cuda,CDC40:HepG2
YBX3,K562,chr7:45063927:C:T,1,2,0.5084272623062134,modal,cuda,CDC40:HepG2
YBX3,K562,chr7:50382594:A:G,1,2,-0.13474345207214355,modal,cuda,CDC40:HepG2
YBX3,K562,chr7:50382603:G:A,1,2,-0.09340035915374756,modal,cuda,CDC40:HepG2
YBX3,K562,chr7:50382664:C:A,1,2,0.1979195773601532,modal,cuda,CDC40:HepG2
YBX3,K562,chr7:50382722:T:C,0,2,-0.4915618598461151,modal,cuda,CDC40:HepG2
YBX3,K562,chr7:50703829:T:C,0,2,-0.02951284497976303,modal,cuda,CDC40:HepG2
YBX3,K562,chr7:50703853:G:A,0,2,0.20655739307403564,modal,cuda,CDC40:HepG2
YBX3,K562,chr7:5529667:C:A,0,2,0.1907411813735962,modal,cuda,CDC40:HepG2
YBX3,K562,chr7:6015223:T:A,0,2,-0.20882460474967957,modal,cuda,CDC40:HepG2
YBX3,K562,chr7:6015280:C:T,0,2,0.2142547369003296,modal,cuda,CDC40:HepG2
YBX3,K562,chr7:6015356:G:A,0,2,0.32918742299079895,modal,cuda,CDC40:HepG2
YBX3,K562,chr7:6402033:G:A,0,2,-0.3782775402069092,modal,cuda,CDC40:HepG2
YBX3,K562,chr7:65960725:T:C,0,2,0.12161719799041748,modal,cuda,CDC40:HepG2
YBX3,K562,chr7:65967801:C:T,1,2,-0.582996129989624,modal,cuda,CDC40:HepG2
YBX3,K562,chr7:65967863:C:T,1,2,0.41261470317840576,modal,cuda,CDC40:HepG2
YBX3,K562,chr7:65974934:C:G,1,2,0.2858445644378662,modal,cuda,CDC40:HepG2
YBX3,K562,chr7:65979445:G:A,0,2,-0.08397111296653748,modal,cuda,CDC40:HepG2
YBX3,K562,chr7:66988302:C:T,0,2,0.23041939735412598,modal,cuda,CDC40:HepG2
YBX3,K562,chr7:74249121:G:A,0,2,-0.4278186559677124,modal,cuda,CDC40:HepG2
YBX3,K562,chr7:75984764:C:G,0,2,-0.12527580559253693,modal,cuda,CDC40:HepG2
YBX3,K562,chr7:76048186:C:T,0,2,0.39669859409332275,modal,cuda,CDC40:HepG2
YBX3,K562,chr7:76054955:G:A,0,2,0.18418896198272705,modal,cuda,CDC40:HepG2
YBX3,K562,chr7:76055008:G:A,0,2,0.5577173829078674,modal,cuda,CDC40:HepG2
YBX3,K562,chr7:770582:T:C,0,2,-0.05866551399230957,modal,cuda,CDC40:HepG2
YBX3,K562,chr7:775075:C:T,1,2,-0.4320108890533447,modal,cuda,CDC40:HepG2
YBX3,K562,chr7:775151:G:A,0,2,-0.1459202766418457,modal,cuda,CDC40:HepG2
YBX3,K562,chr7:96121912:G:T,1,2,1.0960851907730103,modal,cuda,CDC40:HepG2
YBX3,K562,chr7:96121946:A:C,1,2,1.5106734037399292,modal,cuda,CDC40:HepG2
YBX3,K562,chr7:97852297:G:A,1,2,0.40226733684539795,modal,cuda,CDC40:HepG2
YBX3,K562,chr7:97852323:C:T,1,2,0.9544522762298584,modal,cuda,CDC40:HepG2
YBX3,K562,chr7:97852335:C:T,1,2,0.8855137825012207,modal,cuda,CDC40:HepG2
YBX3,K562,chr7:98897877:C:T,0,2,-0.4531833231449127,modal,cuda,CDC40:HepG2
YBX3,K562,chr7:98961257:G:C,0,2,0.5709805488586426,modal,cuda,CDC40:HepG2
YBX3,K562,chr7:99385711:C:T,0,2,0.11184561252593994,modal,cuda,CDC40:HepG2
YBX3,K562,chr7:99385798:C:T,0,2,0.19694161415100098,modal,cuda,CDC40:HepG2
YBX3,K562,chr7:99388273:G:C,0,2,0.6535769701004028,modal,cuda,CDC40:HepG2
YBX3,K562,chr8:102207135:T:C,0,0,-0.26168668270111084,modal,cuda,CDC40:HepG2
YBX3,K562,chr8:103404810:C:T,0,0,0.07762205600738525,modal,cuda,CDC40:HepG2
YBX3,K562,chr8:103404817:C:T,0,0,0.643679141998291,modal,cuda,CDC40:HepG2
YBX3,K562,chr8:11809670:C:T,0,0,-0.5437707304954529,modal,cuda,CDC40:HepG2
YBX3,K562,chr8:127736498:C:T,0,0,-0.26612401008605957,modal,cuda,CDC40:HepG2
YBX3,K562,chr8:140539313:A:G,0,0,0.4036526083946228,modal,cuda,CDC40:HepG2
YBX3,K562,chr8:140572797:T:C,0,0,-0.34242773056030273,modal,cuda,CDC40:HepG2
YBX3,K562,chr8:140800487:C:T,0,0,0.5980703830718994,modal,cuda,CDC40:HepG2
YBX3,K562,chr8:140800505:C:A,0,0,0.2786484360694885,modal,cuda,CDC40:HepG2
YBX3,K562,chr8:143612720:G:C,0,0,-0.6986479759216309,modal,cuda,CDC40:HepG2
YBX3,K562,chr8:143821588:G:A,0,0,0.07389461994171143,modal,cuda,CDC40:HepG2
YBX3,K562,chr8:143926886:T:C,0,0,-0.1933755874633789,modal,cuda,CDC40:HepG2
YBX3,K562,chr8:143931528:C:T,0,0,-0.22511893510818481,modal,cuda,CDC40:HepG2
YBX3,K562,chr8:15650691:T:C,0,0,0.7173948884010315,modal,cuda,CDC40:HepG2
YBX3,K562,chr8:18075586:C:T,1,0,-0.19209221005439758,modal,cuda,CDC40:HepG2
YBX3,K562,chr8:18075590:G:A,0,0,-0.21600687503814697,modal,cuda,CDC40:HepG2
YBX3,K562,chr8:20211331:C:T,0,0,-0.46157437562942505,modal,cuda,CDC40:HepG2
YBX3,K562,chr8:21970193:C:T,0,0,-0.40700674057006836,modal,cuda,CDC40:HepG2
YBX3,K562,chr8:30689209:C:T,1,0,1.486316204071045,modal,cuda,CDC40:HepG2
YBX3,K562,chr8:47807334:A:G,0,0,0.4988763928413391,modal,cuda,CDC40:HepG2
YBX3,K562,chr8:47912405:C:G,0,0,0.32916533946990967,modal,cuda,CDC40:HepG2
YBX3,K562,chr8:56073676:C:T,0,0,0.5117776989936829,modal,cuda,CDC40:HepG2
YBX3,K562,chr8:56074162:A:G,0,0,0.15753400325775146,modal,cuda,CDC40:HepG2
YBX3,K562,chr8:56074170:A:G,0,0,-0.2780658006668091,modal,cuda,CDC40:HepG2
YBX3,K562,chr8:56074178:A:G,0,0,0.4986991286277771,modal,cuda,CDC40:HepG2
YBX3,K562,chr8:56963435:C:T,0,0,0.26912426948547363,modal,cuda,CDC40:HepG2
YBX3,K562,chr8:89982750:A:C,1,0,-0.8010894060134888,modal,cuda,CDC40:HepG2
YBX3,K562,chr8:89982791:C:T,0,0,0.11423349380493164,modal,cuda,CDC40:HepG2
YBX3,K562,chr8:96284120:C:G,1,0,-0.5088208317756653,modal,cuda,CDC40:HepG2
YBX3,K562,chr8:96284168:G:A,0,0,-0.53477942943573,modal,cuda,CDC40:HepG2
YBX3,K562,chr8:96287074:C:G,0,0,-0.6656481623649597,modal,cuda,CDC40:HepG2
YBX3,K562,chr9:100293039:C:T,1,4,-0.4853375554084778,modal,cuda,CDC40:HepG2
YBX3,K562,chr9:100296894:C:G,0,4,-0.48169445991516113,modal,cuda,CDC40:HepG2
YBX3,K562,chr9:100296920:C:A,1,4,1.8122998476028442,modal,cuda,CDC40:HepG2
YBX3,K562,chr9:100296960:C:T,1,4,2.079988479614258,modal,cuda,CDC40:HepG2
YBX3,K562,chr9:120439455:T:C,0,4,0.3541457951068878,modal,cuda,CDC40:HepG2
YBX3,K562,chr9:124858077:A:G,0,4,-0.12702465057373047,modal,cuda,CDC40:HepG2
YBX3,K562,chr9:125337505:C:T,0,4,-0.26096880435943604,modal,cuda,CDC40:HepG2
YBX3,K562,chr9:127682571:G:A,0,4,0.4071784019470215,modal,cuda,CDC40:HepG2
YBX3,K562,chr9:127868094:G:A,0,4,0.23473262786865234,modal,cuda,CDC40:HepG2
YBX3,K562,chr9:127868310:G:T,0,4,0.14625203609466553,modal,cuda,CDC40:HepG2
YBX3,K562,chr9:127936576:C:T,1,4,0.1762620210647583,modal,cuda,CDC40:HepG2
YBX3,K562,chr9:127936602:A:T,1,4,1.1765680313110352,modal,cuda,CDC40:HepG2
YBX3,K562,chr9:127936640:G:A,1,4,1.5014809370040894,modal,cuda,CDC40:HepG2
YBX3,K562,chr9:127937459:T:C,1,4,0.17464864253997803,modal,cuda,CDC40:HepG2
YBX3,K562,chr9:128170003:C:T,0,4,0.3126540184020996,modal,cuda,CDC40:HepG2
YBX3,K562,chr9:128170004:G:A,0,4,0.15627217292785645,modal,cuda,CDC40:HepG2
YBX3,K562,chr9:128177546:C:T,0,4,0.8073675632476807,modal,cuda,CDC40:HepG2
YBX3,K562,chr9:128689583:A:G,1,4,-0.47674375772476196,modal,cuda,CDC40:HepG2
YBX3,K562,chr9:128822370:C:T,0,4,0.24321961402893066,modal,cuda,CDC40:HepG2
YBX3,K562,chr9:132927200:C:A,1,4,1.4909969568252563,modal,cuda,CDC40:HepG2
YBX3,K562,chr9:132927200:C:T,1,4,1.9764677286148071,modal,cuda,CDC40:HepG2
YBX3,K562,chr9:132927218:G:A,1,4,1.1129498481750488,modal,cuda,CDC40:HepG2
YBX3,K562,chr9:132927220:A:T,1,4,1.5664626359939575,modal,cuda,CDC40:HepG2
YBX3,K562,chr9:132927229:A:G,1,4,-0.5832650661468506,modal,cuda,CDC40:HepG2
YBX3,K562,chr9:132927248:G:A,1,4,1.0993283987045288,modal,cuda,CDC40:HepG2
YBX3,K562,chr9:132927264:G:C,1,4,1.583821415901184,modal,cuda,CDC40:HepG2
YBX3,K562,chr9:132927277:A:T,1,4,1.705183982849121,modal,cuda,CDC40:HepG2
YBX3,K562,chr9:133352440:A:G,0,4,-0.4740554094314575,modal,cuda,CDC40:HepG2
YBX3,K562,chr9:135503554:G:A,0,4,0.3281278610229492,modal,cuda,CDC40:HepG2
YBX3,K562,chr9:135503570:C:T,1,4,0.7589927911758423,modal,cuda,CDC40:HepG2
YBX3,K562,chr9:135503577:A:G,0,4,0.22905373573303223,modal,cuda,CDC40:HepG2
YBX3,K562,chr9:135503778:C:T,0,4,0.08984112739562988,modal,cuda,CDC40:HepG2
YBX3,K562,chr9:136457591:C:T,0,4,0.49917125701904297,modal,cuda,CDC40:HepG2
YBX3,K562,chr9:136518308:C:G,0,4,-0.4289199113845825,modal,cuda,CDC40:HepG2
YBX3,K562,chr9:136676564:G:C,0,4,-0.345833420753479,modal,cuda,CDC40:HepG2
YBX3,K562,chr9:136676603:G:T,1,4,1.2108436822891235,modal,cuda,CDC40:HepG2
YBX3,K562,chr9:33166747:C:A,0,4,0.41548991203308105,modal,cuda,CDC40:HepG2
YBX3,K562,chr9:5050809:C:T,0,4,0.4652137756347656,modal,cuda,CDC40:HepG2
YBX3,K562,chr9:5050840:C:G,0,4,0.13189661502838135,modal,cuda,CDC40:HepG2
YBX3,K562,chr9:69216482:T:C,0,4,-1.4968903064727783,modal,cuda,CDC40:HepG2
YBX3,K562,chr9:78297199:G:C,0,4,-0.18762636184692383,modal,cuda,CDC40:HepG2
YBX3,K562,chr9:78329337:C:T,0,4,0.2613266706466675,modal,cuda,CDC40:HepG2
YBX3,K562,chr9:78329338:G:C,0,4,0.4865754246711731,modal,cuda,CDC40:HepG2
YBX3,K562,chr9:92285779:G:A,0,4,-0.3683384656906128,modal,cuda,CDC40:HepG2
YBX3,K562,chr9:98060770:T:A,1,4,0.2836625576019287,modal,cuda,CDC40:HepG2
YBX3,K562,chr9:99151002:C:T,0,4,0.6626286506652832,modal,cuda,CDC40:HepG2
YBX3,K562,chrX:101358327:T:C,1,2,-0.4717597961425781,modal,cuda,CDC40:HepG2
YBX3,K562,chrX:101358348:A:T,1,2,-0.21014928817749023,modal,cuda,CDC40:HepG2
YBX3,K562,chrX:107647590:C:T,0,2,-0.14604520797729492,modal,cuda,CDC40:HepG2
YBX3,K562,chrX:107650190:C:T,0,2,-0.9326927661895752,modal,cuda,CDC40:HepG2
YBX3,K562,chrX:107650210:G:A,0,2,-0.21201682090759277,modal,cuda,CDC40:HepG2
YBX3,K562,chrX:120447830:G:A,0,2,-0.2882923483848572,modal,cuda,CDC40:HepG2
YBX3,K562,chrX:124066338:C:G,0,2,-0.3540712296962738,modal,cuda,CDC40:HepG2
YBX3,K562,chrX:134377997:A:G,1,2,0.49549639225006104,modal,cuda,CDC40:HepG2
YBX3,K562,chrX:1387425:C:G,0,2,0.2162008285522461,modal,cuda,CDC40:HepG2
YBX3,K562,chrX:153457217:G:A,0,2,0.08770585060119629,modal,cuda,CDC40:HepG2
YBX3,K562,chrX:153694279:G:T,0,2,0.1746138036251068,modal,cuda,CDC40:HepG2
YBX3,K562,chrX:153694284:G:A,0,2,0.2778075039386749,modal,cuda,CDC40:HepG2
YBX3,K562,chrX:153785925:G:A,1,2,0.2769942283630371,modal,cuda,CDC40:HepG2
YBX3,K562,chrX:153797547:G:A,0,2,0.32503795623779297,modal,cuda,CDC40:HepG2
YBX3,K562,chrX:153798053:C:T,0,2,0.48956793546676636,modal,cuda,CDC40:HepG2
YBX3,K562,chrX:153798060:C:G,0,2,0.41174978017807007,modal,cuda,CDC40:HepG2
YBX3,K562,chrX:153930751:G:A,0,2,-0.26743245124816895,modal,cuda,CDC40:HepG2
YBX3,K562,chrX:153932056:T:A,0,2,0.4711996614933014,modal,cuda,CDC40:HepG2
YBX3,K562,chrX:153932058:G:A,0,2,-0.2751038372516632,modal,cuda,CDC40:HepG2
YBX3,K562,chrX:153932073:A:C,1,2,-0.15035510063171387,modal,cuda,CDC40:HepG2
YBX3,K562,chrX:153932073:A:T,1,2,-0.23975777626037598,modal,cuda,CDC40:HepG2
YBX3,K562,chrX:153932106:G:A,0,2,0.14340639114379883,modal,cuda,CDC40:HepG2
YBX3,K562,chrX:153956184:G:A,0,2,0.12153780460357666,modal,cuda,CDC40:HepG2
YBX3,K562,chrX:153956603:G:A,0,2,0.4952019453048706,modal,cuda,CDC40:HepG2
YBX3,K562,chrX:154032250:T:A,1,2,-0.2644602060317993,modal,cuda,CDC40:HepG2
YBX3,K562,chrX:154032259:T:C,1,2,-0.06805300712585449,modal,cuda,CDC40:HepG2
YBX3,K562,chrX:154032282:G:C,1,2,0.14592725038528442,modal,cuda,CDC40:HepG2
YBX3,K562,chrX:154032283:G:A,1,2,0.08881235122680664,modal,cuda,CDC40:HepG2
YBX3,K562,chrX:154032286:G:C,1,2,-0.24731239676475525,modal,cuda,CDC40:HepG2
YBX3,K562,chrX:154032308:T:C,0,2,0.06380072236061096,modal,cuda,CDC40:HepG2
YBX3,K562,chrX:154032319:G:A,0,2,0.2532320022583008,modal,cuda,CDC40:HepG2
YBX3,K562,chrX:154032337:G:A,1,2,0.33484888076782227,modal,cuda,CDC40:HepG2
YBX3,K562,chrX:154032340:T:A,1,2,1.2511411905288696,modal,cuda,CDC40:HepG2
YBX3,K562,chrX:154032360:G:A,0,2,0.3795320987701416,modal,cuda,CDC40:HepG2
YBX3,K562,chrX:154354812:C:T,0,2,-0.029011011123657227,modal,cuda,CDC40:HepG2
YBX3,K562,chrX:154368107:G:A,0,2,-0.24838116765022278,modal,cuda,CDC40:HepG2
YBX3,K562,chrX:154368109:C:T,0,2,0.2518199682235718,modal,cuda,CDC40:HepG2
YBX3,K562,chrX:154380231:A:G,1,2,0.16264261305332184,modal,cuda,CDC40:HepG2
YBX3,K562,chrX:154546074:G:A,1,2,0.4026442766189575,modal,cuda,CDC40:HepG2
YBX3,K562,chrX:155898234:C:G,0,2,-0.5561802387237549,modal,cuda,CDC40:HepG2
YBX3,K562,chrX:20194186:T:C,1,2,0.5048751831054688,modal,cuda,CDC40:HepG2
YBX3,K562,chrX:31774124:C:A,1,2,1.0273536443710327,modal,cuda,CDC40:HepG2
YBX3,K562,chrX:31774184:G:A,1,2,1.561263918876648,modal,cuda,CDC40:HepG2
YBX3,K562,chrX:41229415:G:C,0,2,0.3680163323879242,modal,cuda,CDC40:HepG2
YBX3,K562,chrX:47199477:C:A,0,2,-0.475130558013916,modal,cuda,CDC40:HepG2
YBX3,K562,chrX:47201619:C:G,0,2,-0.42510709166526794,modal,cuda,CDC40:HepG2
YBX3,K562,chrX:47209697:T:C,0,2,-0.2703988552093506,modal,cuda,CDC40:HepG2
YBX3,K562,chrX:47209915:C:T,0,2,0.27707433700561523,modal,cuda,CDC40:HepG2
YBX3,K562,chrX:47226274:C:T,0,2,0.1728193759918213,modal,cuda,CDC40:HepG2
YBX3,K562,chrX:47639001:C:T,0,2,0.1568545401096344,modal,cuda,CDC40:HepG2
YBX3,K562,chrX:47639035:G:C,0,2,0.09958280622959137,modal,cuda,CDC40:HepG2
YBX3,K562,chrX:48478059:G:A,0,2,0.3832815885543823,modal,cuda,CDC40:HepG2
YBX3,K562,chrX:48478081:T:A,1,2,-0.14349722862243652,modal,cuda,CDC40:HepG2
YBX3,K562,chrX:48478188:G:T,0,2,0.5864883661270142,modal,cuda,CDC40:HepG2
YBX3,K562,chrX:48527294:A:G,0,2,-0.14621758460998535,modal,cuda,CDC40:HepG2
YBX3,K562,chrX:53199006:G:T,1,2,0.26417338848114014,modal,cuda,CDC40:HepG2
YBX3,K562,chrX:53199029:G:A,1,2,-0.10439050197601318,modal,cuda,CDC40:HepG2
YBX3,K562,chrX:53199048:G:T,1,2,0.5248979330062866,modal,cuda,CDC40:HepG2
YBX3,K562,chrX:53199054:G:A,0,2,-0.0647960901260376,modal,cuda,CDC40:HepG2
YBX3,K562,chrX:53199068:C:G,1,2,-0.07901167869567871,modal,cuda,CDC40:HepG2
YBX3,K562,chrX:53199104:G:A,1,2,0.4136244058609009,modal,cuda,CDC40:HepG2
YBX3,K562,chrX:53379172:T:C,0,2,-0.22471261024475098,modal,cuda,CDC40:HepG2
YBX3,K562,chrX:53380745:G:A,0,2,0.12026143074035645,modal,cuda,CDC40:HepG2
YBX3,K562,chrX:53413445:G:A,0,2,-0.7695356011390686,modal,cuda,CDC40:HepG2
YBX3,K562,chrX:53413449:A:C,0,2,0.20965182781219482,modal,cuda,CDC40:HepG2
YBX3,K562,chrX:53422549:G:A,1,2,-0.9245729446411133,modal,cuda,CDC40:HepG2
YBX3,K562,chrX:65735264:C:T,0,2,0.23763275146484375,modal,cuda,CDC40:HepG2
YBX3,K562,chrX:71290740:C:T,1,2,0.6635187864303589,modal,cuda,CDC40:HepG2
YBX3,K562,chrX:71291841:C:T,1,2,1.1120326519012451,modal,cuda,CDC40:HepG2
