protein,cell,vid,label,fold,delta,platform,accelerator,weights_from
YBX3,K562,chr10:101521877:C:G,0,2,-5.142367362976074,modal,cuda,PPIL4:K562
YBX3,K562,chr10:102260082:C:T,0,2,0.28019654750823975,modal,cuda,PPIL4:K562
YBX3,K562,chr10:103089087:A:T,0,2,0.18832731246948242,modal,cuda,PPIL4:K562
YBX3,K562,chr10:103089098:A:T,0,2,0.25918054580688477,modal,cuda,PPIL4:K562
YBX3,K562,chr10:103089150:A:G,0,2,-0.34516918659210205,modal,cuda,PPIL4:K562
YBX3,K562,chr10:104263031:C:A,0,2,-0.4456971287727356,modal,cuda,PPIL4:K562
YBX3,K562,chr10:119157757:A:T,0,2,0.3100384473800659,modal,cuda,PPIL4:K562
YBX3,K562,chr10:119162352:C:T,0,2,0.4039335250854492,modal,cuda,PPIL4:K562
YBX3,K562,chr10:119162388:T:C,0,2,-0.5336509943008423,modal,cuda,PPIL4:K562
YBX3,K562,chr10:119169236:G:A,1,2,0.9153217077255249,modal,cuda,PPIL4:K562
YBX3,K562,chr10:119169275:G:A,1,2,1.1885194778442383,modal,cuda,PPIL4:K562
YBX3,K562,chr10:119169290:C:T,1,2,0.22004246711730957,modal,cuda,PPIL4:K562
YBX3,K562,chr10:12117648:A:G,0,2,-0.523566722869873,modal,cuda,PPIL4:K562
YBX3,K562,chr10:12117668:C:T,0,2,-0.4382518529891968,modal,cuda,PPIL4:K562
YBX3,K562,chr10:12117669:G:A,0,2,-0.6339398622512817,modal,cuda,PPIL4:K562
YBX3,K562,chr10:124405422:T:C,0,2,-0.4614839553833008,modal,cuda,PPIL4:K562
YBX3,K562,chr10:133362587:G:A,0,2,1.4806818962097168,modal,cuda,PPIL4:K562
YBX3,K562,chr10:17229396:C:T,0,2,-0.23999345302581787,modal,cuda,PPIL4:K562
YBX3,K562,chr10:17229401:G:C,0,2,-0.17014539241790771,modal,cuda,PPIL4:K562
YBX3,K562,chr10:17229521:G:T,0,2,-0.10260868072509766,modal,cuda,PPIL4:K562
YBX3,K562,chr10:17229704:C:T,0,2,-0.16180217266082764,modal,cuda,PPIL4:K562
YBX3,K562,chr10:24619600:G:A,0,2,0.8932405710220337,modal,cuda,PPIL4:K562
YBX3,K562,chr10:3167037:T:C,0,2,-0.23481690883636475,modal,cuda,PPIL4:K562
YBX3,K562,chr10:68465747:G:T,0,2,0.37654638290405273,modal,cuda,PPIL4:K562
YBX3,K562,chr10:68465763:T:C,0,2,1.2575678825378418,modal,cuda,PPIL4:K562
YBX3,K562,chr10:69369438:C:T,0,2,0.18610930442810059,modal,cuda,PPIL4:K562
YBX3,K562,chr10:69395035:C:T,1,2,0.6240060925483704,modal,cuda,PPIL4:K562
YBX3,K562,chr10:72097385:G:A,0,2,0.997618556022644,modal,cuda,PPIL4:K562
YBX3,K562,chr10:73252040:G:A,0,2,0.35564887523651123,modal,cuda,PPIL4:K562
YBX3,K562,chr10:74090008:C:T,0,2,-0.46429845690727234,modal,cuda,PPIL4:K562
YBX3,K562,chr10:74119992:G:A,0,2,0.8413640260696411,modal,cuda,PPIL4:K562
YBX3,K562,chr10:78033866:T:G,0,2,0.2128201723098755,modal,cuda,PPIL4:K562
YBX3,K562,chr10:78033870:C:T,0,2,-0.19620490074157715,modal,cuda,PPIL4:K562
YBX3,K562,chr10:78033895:C:A,0,2,-1.0493712425231934,modal,cuda,PPIL4:K562
YBX3,K562,chr10:78040616:C:T,0,2,0.9058372974395752,modal,cuda,PPIL4:K562
YBX3,K562,chr10:78040694:T:C,0,2,0.28619861602783203,modal,cuda,PPIL4:K562
YBX3,K562,chr10:79302103:G:A,0,2,0.16376566886901855,modal,cuda,PPIL4:K562
YBX3,K562,chr10:80170781:G:A,0,2,-0.3708227872848511,modal,cuda,PPIL4:K562
YBX3,K562,chr10:87060250:G:A,0,2,0.1488562822341919,modal,cuda,PPIL4:K562
YBX3,K562,chr10:87060250:G:C,0,2,1.2532151937484741,modal,cuda,PPIL4:K562
YBX3,K562,chr10:92637323:T:C,0,2,-0.19675672054290771,modal,cuda,PPIL4:K562
YBX3,K562,chr10:95685585:C:A,1,2,0.7124272584915161,modal,cuda,PPIL4:K562
YBX3,K562,chr10:95685585:C:T,1,2,0.4149051308631897,modal,cuda,PPIL4:K562
YBX3,K562,chr10:95685592:C:A,0,2,-0.7830640077590942,modal,cuda,PPIL4:K562
YBX3,K562,chr10:95685600:C:A,0,2,0.8625521659851074,modal,cuda,PPIL4:K562
YBX3,K562,chr10:97445775:G:A,1,2,-0.5855501890182495,modal,cuda,PPIL4:K562
YBX3,K562,chr10:98430604:G:T,1,2,2.4012715816497803,modal,cuda,PPIL4:K562
YBX3,K562,chr10:98430615:G:A,1,2,0.3136149048805237,modal,cuda,PPIL4:K562
YBX3,K562,chr10:98431163:G:A,0,2,-0.10634064674377441,modal,cuda,PPIL4:K562
YBX3,K562,chr10:98431189:C:A,1,2,-0.4706096649169922,modal,cuda,PPIL4:K562
YBX3,K562,chr10:98431202:G:A,0,2,-0.10550251603126526,modal,cuda,PPIL4:K562
YBX3,K562,chr10:98434028:C:T,1,2,-0.4400542974472046,modal,cuda,PPIL4:K562
YBX3,K562,chr10:98435273:C:A,1,2,0.330794095993042,modal,cuda,PPIL4:K562
YBX3,K562,chr10:98435279:G:A,1,2,1.6836159229278564,modal,cuda,PPIL4:K562
YBX3,K562,chr11:108121579:T:A,0,3,-0.7400752305984497,modal,cuda,PPIL4:K562
YBX3,K562,chr11:108121585:C:G,0,3,-0.369320273399353,modal,cuda,PPIL4:K562
YBX3,K562,chr11:108121592:C:G,0,3,0.35029447078704834,modal,cuda,PPIL4:K562
YBX3,K562,chr11:108121598:T:A,0,3,-0.4265033006668091,modal,cuda,PPIL4:K562
YBX3,K562,chr11:108133862:T:A,1,3,3.357567310333252,modal,cuda,PPIL4:K562
YBX3,K562,chr11:108133938:G:A,1,3,1.0091161727905273,modal,cuda,PPIL4:K562
YBX3,K562,chr11:108133960:G:A,0,3,-0.7353336215019226,modal,cuda,PPIL4:K562
YBX3,K562,chr11:112028853:C:T,1,3,1.2392500638961792,modal,cuda,PPIL4:K562
YBX3,K562,chr11:112087933:G:A,1,3,1.7069774866104126,modal,cuda,PPIL4:K562
YBX3,K562,chr11:112087936:T:A,1,3,-1.878636360168457,modal,cuda,PPIL4:K562
YBX3,K562,chr11:112087943:C:T,1,3,0.5599380731582642,modal,cuda,PPIL4:K562
YBX3,K562,chr11:112087959:C:A,1,3,-0.5444929003715515,modal,cuda,PPIL4:K562
YBX3,K562,chr11:112087974:G:A,1,3,0.1829022765159607,modal,cuda,PPIL4:K562
YBX3,K562,chr11:112087974:G:T,1,3,0.7367537617683411,modal,cuda,PPIL4:K562
YBX3,K562,chr11:112087978:G:T,1,3,0.4924551844596863,modal,cuda,PPIL4:K562
YBX3,K562,chr11:112088866:G:C,1,3,-0.42508041858673096,modal,cuda,PPIL4:K562
YBX3,K562,chr11:112088866:G:T,1,3,-0.30691325664520264,modal,cuda,PPIL4:K562
YBX3,K562,chr11:112088894:G:A,1,3,-0.19276010990142822,modal,cuda,PPIL4:K562
YBX3,K562,chr11:112088895:G:A,1,3,0.708734393119812,modal,cuda,PPIL4:K562
YBX3,K562,chr11:112088902:G:T,1,3,-0.3863980770111084,modal,cuda,PPIL4:K562
YBX3,K562,chr11:119018306:G:A,0,3,0.9299283623695374,modal,cuda,PPIL4:K562
YBX3,K562,chr11:119024785:C:G,0,3,-0.4645470380783081,modal,cuda,PPIL4:K562
YBX3,K562,chr11:119029367:C:T,1,3,0.4508908987045288,modal,cuda,PPIL4:K562
YBX3,K562,chr11:119029369:T:C,1,3,0.8555164337158203,modal,cuda,PPIL4:K562
YBX3,K562,chr11:119047937:G:A,0,3,0.8698594570159912,modal,cuda,PPIL4:K562
YBX3,K562,chr11:119088621:G:A,0,3,0.7850264310836792,modal,cuda,PPIL4:K562
YBX3,K562,chr11:119300294:A:G,0,3,-0.7925810813903809,modal,cuda,PPIL4:K562
YBX3,K562,chr11:12224808:G:A,0,3,0.2109454870223999,modal,cuda,PPIL4:K562
YBX3,K562,chr11:125608314:C:T,0,3,-0.1548742949962616,modal,cuda,PPIL4:K562
YBX3,K562,chr11:125614451:G:C,0,3,-1.0667164325714111,modal,cuda,PPIL4:K562
YBX3,K562,chr11:1759104:G:A,0,3,0.49584007263183594,modal,cuda,PPIL4:K562
YBX3,K562,chr11:18400890:C:T,1,3,0.7249374389648438,modal,cuda,PPIL4:K562
YBX3,K562,chr11:18400940:C:A,0,3,0.7411140203475952,modal,cuda,PPIL4:K562
YBX3,K562,chr11:3017133:G:T,0,3,-0.40599048137664795,modal,cuda,PPIL4:K562
YBX3,K562,chr11:3017136:G:A,0,3,-0.3133370280265808,modal,cuda,PPIL4:K562
YBX3,K562,chr11:3029392:G:A,0,3,0.3646661639213562,modal,cuda,PPIL4:K562
YBX3,K562,chr11:3029397:G:C,0,3,-0.10634644329547882,modal,cuda,PPIL4:K562
YBX3,K562,chr11:34086238:G:A,0,3,-0.5687442421913147,modal,cuda,PPIL4:K562
YBX3,K562,chr11:34960443:G:A,0,3,1.3376580476760864,modal,cuda,PPIL4:K562
YBX3,K562,chr11:34960519:G:A,1,3,-0.2194129228591919,modal,cuda,PPIL4:K562
YBX3,K562,chr11:34960522:T:C,0,3,0.37203216552734375,modal,cuda,PPIL4:K562
YBX3,K562,chr11:4091347:A:G,0,3,-0.3410743474960327,modal,cuda,PPIL4:K562
YBX3,K562,chr11:4091352:C:T,0,3,0.17978507280349731,modal,cuda,PPIL4:K562
YBX3,K562,chr11:4091359:T:G,0,3,-0.2703729569911957,modal,cuda,PPIL4:K562
YBX3,K562,chr11:4091361:A:G,0,3,-0.07055890560150146,modal,cuda,PPIL4:K562
YBX3,K562,chr11:47571628:G:C,0,3,0.34827637672424316,modal,cuda,PPIL4:K562
YBX3,K562,chr11:62692413:C:G,1,3,-0.1090863049030304,modal,cuda,PPIL4:K562
YBX3,K562,chr11:62702493:G:C,1,3,-1.2827835083007812,modal,cuda,PPIL4:K562
YBX3,K562,chr11:62702499:T:C,1,3,0.5502814054489136,modal,cuda,PPIL4:K562
YBX3,K562,chr11:62705303:G:C,1,3,-1.9595794677734375,modal,cuda,PPIL4:K562
YBX3,K562,chr11:63635524:C:T,0,3,0.26364946365356445,modal,cuda,PPIL4:K562
YBX3,K562,chr11:63635604:C:T,0,3,-0.3334273099899292,modal,cuda,PPIL4:K562
YBX3,K562,chr11:63636198:C:T,0,3,-0.3127876818180084,modal,cuda,PPIL4:K562
YBX3,K562,chr11:65186356:C:T,0,3,0.07307600975036621,modal,cuda,PPIL4:K562
YBX3,K562,chr11:65210007:C:T,0,3,0.1598341464996338,modal,cuda,PPIL4:K562
YBX3,K562,chr11:65210013:C:T,0,3,-0.23013490438461304,modal,cuda,PPIL4:K562
YBX3,K562,chr11:65210068:C:T,0,3,-0.17313259840011597,modal,cuda,PPIL4:K562
YBX3,K562,chr11:65210419:G:A,0,3,0.16921859979629517,modal,cuda,PPIL4:K562
YBX3,K562,chr11:65661833:G:T,0,3,1.793001413345337,modal,cuda,PPIL4:K562
YBX3,K562,chr11:66216094:C:T,0,3,0.15745219588279724,modal,cuda,PPIL4:K562
YBX3,K562,chr11:66337677:C:T,0,3,-0.39196187257766724,modal,cuda,PPIL4:K562
YBX3,K562,chr11:67583826:G:A,0,3,-0.42130279541015625,modal,cuda,PPIL4:K562
YBX3,K562,chr11:67584114:C:G,0,3,-0.38151752948760986,modal,cuda,PPIL4:K562
YBX3,K562,chr11:67584785:C:A,0,3,0.5653105974197388,modal,cuda,PPIL4:K562
YBX3,K562,chr11:67586373:C:T,0,3,0.6574156284332275,modal,cuda,PPIL4:K562
YBX3,K562,chr11:68033303:G:A,0,3,-0.17603802680969238,modal,cuda,PPIL4:K562
YBX3,K562,chr11:68389727:C:T,0,3,-0.250171959400177,modal,cuda,PPIL4:K562
YBX3,K562,chr11:68389831:G:A,0,3,-1.478819727897644,modal,cuda,PPIL4:K562
YBX3,K562,chr11:68688942:T:C,0,3,0.28083160519599915,modal,cuda,PPIL4:K562
YBX3,K562,chr11:68903809:A:G,0,3,0.5043594241142273,modal,cuda,PPIL4:K562
YBX3,K562,chr11:71443971:C:T,0,3,-0.937828779220581,modal,cuda,PPIL4:K562
YBX3,K562,chr11:72022387:C:T,0,3,0.6431049704551697,modal,cuda,PPIL4:K562
YBX3,K562,chr11:73976623:G:A,0,3,-0.5742166042327881,modal,cuda,PPIL4:K562
YBX3,K562,chr11:73976693:C:T,0,3,-0.39869073033332825,modal,cuda,PPIL4:K562
YBX3,K562,chr11:75571775:C:A,0,3,-0.37961897253990173,modal,cuda,PPIL4:K562
YBX3,K562,chr11:836864:A:G,0,3,0.4776861071586609,modal,cuda,PPIL4:K562
YBX3,K562,chr11:8917348:C:G,0,3,0.7012293338775635,modal,cuda,PPIL4:K562
YBX3,K562,chr11:95849665:C:G,0,3,1.4466363191604614,modal,cuda,PPIL4:K562
YBX3,K562,chr12:101728972:T:C,0,1,-3.912421464920044,modal,cuda,PPIL4:K562
YBX3,K562,chr12:108568930:G:A,0,1,2.3177695274353027,modal,cuda,PPIL4:K562
YBX3,K562,chr12:112477741:C:T,0,1,-0.8551064729690552,modal,cuda,PPIL4:K562
YBX3,K562,chr12:112477845:C:T,0,1,2.330296277999878,modal,cuda,PPIL4:K562
YBX3,K562,chr12:116003117:T:C,0,1,-1.2973800897598267,modal,cuda,PPIL4:K562
YBX3,K562,chr12:116003122:T:C,0,1,-2.2039644718170166,modal,cuda,PPIL4:K562
YBX3,K562,chr12:116012904:A:G,0,1,-1.244156837463379,modal,cuda,PPIL4:K562
YBX3,K562,chr12:116015288:C:T,0,1,1.5488064289093018,modal,cuda,PPIL4:K562
YBX3,K562,chr12:123621707:C:T,0,1,-0.7877912521362305,modal,cuda,PPIL4:K562
YBX3,K562,chr12:123627176:T:C,0,1,-2.575418472290039,modal,cuda,PPIL4:K562
YBX3,K562,chr12:124950138:G:C,0,1,3.0499250888824463,modal,cuda,PPIL4:K562
YBX3,K562,chr12:124977333:A:G,0,1,-0.6321001052856445,modal,cuda,PPIL4:K562
YBX3,K562,chr12:130873046:C:T,0,1,-5.453213691711426,modal,cuda,PPIL4:K562
YBX3,K562,chr12:132718142:C:T,0,1,0.3176603317260742,modal,cuda,PPIL4:K562
YBX3,K562,chr12:32679350:G:A,0,1,2.181344509124756,modal,cuda,PPIL4:K562
YBX3,K562,chr12:32679368:A:C,1,1,-1.4759976863861084,modal,cuda,PPIL4:K562
YBX3,K562,chr12:4659027:A:T,0,1,-1.1086697578430176,modal,cuda,PPIL4:K562
YBX3,K562,chr12:49030448:T:G,0,1,-2.0526082515716553,modal,cuda,PPIL4:K562
YBX3,K562,chr12:52897442:C:T,0,1,-0.3173947334289551,modal,cuda,PPIL4:K562
YBX3,K562,chr12:52904822:A:G,0,1,-0.5307304859161377,modal,cuda,PPIL4:K562
YBX3,K562,chr12:52949441:C:T,0,1,-0.3355289697647095,modal,cuda,PPIL4:K562
YBX3,K562,chr12:52949447:G:C,0,1,-0.5926263332366943,modal,cuda,PPIL4:K562
YBX3,K562,chr12:52949473:C:G,0,1,1.6489629745483398,modal,cuda,PPIL4:K562
YBX3,K562,chr12:54370728:G:A,0,1,-1.7376728057861328,modal,cuda,PPIL4:K562
YBX3,K562,chr12:54462182:G:A,0,1,-1.9575276374816895,modal,cuda,PPIL4:K562
YBX3,K562,chr12:56208214:G:A,0,1,0.3802671432495117,modal,cuda,PPIL4:K562
YBX3,K562,chr12:56208253:C:G,0,1,-0.9396917819976807,modal,cuda,PPIL4:K562
YBX3,K562,chr12:64716330:C:T,0,1,1.3182778358459473,modal,cuda,PPIL4:K562
YBX3,K562,chr12:64716361:G:A,0,1,1.5386254787445068,modal,cuda,PPIL4:K562
YBX3,K562,chr12:6534825:C:G,0,1,-1.0240495204925537,modal,cuda,PPIL4:K562
YBX3,K562,chr12:6870771:C:T,0,1,1.1640634536743164,modal,cuda,PPIL4:K562
YBX3,K562,chr12:6870803:T:C,0,1,-1.5215574502944946,modal,cuda,PPIL4:K562
YBX3,K562,chr12:6975270:T:C,0,1,3.0196609497070312,modal,cuda,PPIL4:K562
YBX3,K562,chr12:6975333:C:T,0,1,-4.3161702156066895,modal,cuda,PPIL4:K562
YBX3,K562,chr12:910309:T:C,0,1,0.7898736000061035,modal,cuda,PPIL4:K562
YBX3,K562,chr13:110512732:C:T,0,0,0.4372105598449707,modal,cuda,PPIL4:K562
YBX3,K562,chr13:110512748:A:G,0,0,2.1998963356018066,modal,cuda,PPIL4:K562
YBX3,K562,chr13:110512841:T:C,0,0,0.4928487539291382,modal,cuda,PPIL4:K562
YBX3,K562,chr13:110512854:T:C,0,0,-2.125105619430542,modal,cuda,PPIL4:K562
YBX3,K562,chr13:113636018:G:A,0,0,0.2747673988342285,modal,cuda,PPIL4:K562
YBX3,K562,chr13:27256337:A:G,0,0,0.35379505157470703,modal,cuda,PPIL4:K562
YBX3,K562,chr13:28678023:G:C,0,0,0.5579074025154114,modal,cuda,PPIL4:K562
YBX3,K562,chr13:37002558:A:T,0,0,0.4472810626029968,modal,cuda,PPIL4:K562
YBX3,K562,chr14:101856756:T:C,0,2,0.5723983645439148,modal,cuda,PPIL4:K562
YBX3,K562,chr14:102029519:A:T,0,2,-1.1344009637832642,modal,cuda,PPIL4:K562
YBX3,K562,chr14:102039549:A:G,0,2,0.7492088079452515,modal,cuda,PPIL4:K562
YBX3,K562,chr14:104780070:G:A,0,2,0.6176497936248779,modal,cuda,PPIL4:K562
YBX3,K562,chr14:104780070:G:C,0,2,0.5865205526351929,modal,cuda,PPIL4:K562
YBX3,K562,chr14:105466467:G:A,0,2,-0.2436206340789795,modal,cuda,PPIL4:K562
YBX3,K562,chr14:23966355:C:T,0,2,0.4111912250518799,modal,cuda,PPIL4:K562
YBX3,K562,chr14:30886104:C:T,0,2,0.24323910474777222,modal,cuda,PPIL4:K562
YBX3,K562,chr14:50937801:G:A,1,2,1.398012638092041,modal,cuda,PPIL4:K562
YBX3,K562,chr14:58257912:C:T,0,2,0.6012423634529114,modal,cuda,PPIL4:K562
YBX3,K562,chr14:64415345:G:A,0,2,0.834263801574707,modal,cuda,PPIL4:K562
YBX3,K562,chr14:68921022:C:T,0,2,0.29057812690734863,modal,cuda,PPIL4:K562
YBX3,K562,chr14:74480707:G:A,1,2,-1.4276630878448486,modal,cuda,PPIL4:K562
YBX3,K562,chr14:74480721:C:T,1,2,-1.5885099172592163,modal,cuda,PPIL4:K562
YBX3,K562,chr14:74480737:G:A,1,2,-0.9309585094451904,modal,cuda,PPIL4:K562
YBX3,K562,chr14:77506753:T:C,0,2,0.7911462783813477,modal,cuda,PPIL4:K562
YBX3,K562,chr14:77509250:G:C,0,2,-1.6085587739944458,modal,cuda,PPIL4:K562
YBX3,K562,chr14:99495493:T:C,0,2,0.6409271955490112,modal,cuda,PPIL4:K562
YBX3,K562,chr14:99500849:A:T,0,2,1.1424609422683716,modal,cuda,PPIL4:K562
YBX3,K562,chr15:22918835:C:T,0,1,-0.6416616439819336,modal,cuda,PPIL4:K562
YBX3,K562,chr15:22943270:G:A,0,1,-2.7412362098693848,modal,cuda,PPIL4:K562
YBX3,K562,chr15:25339207:G:C,1,1,2.2992336750030518,modal,cuda,PPIL4:K562
YBX3,K562,chr15:25339211:A:G,1,1,2.0421364307403564,modal,cuda,PPIL4:K562
YBX3,K562,chr15:25339222:A:T,1,1,-10.229316711425781,modal,cuda,PPIL4:K562
YBX3,K562,chr15:25354571:A:T,1,1,-5.891262054443359,modal,cuda,PPIL4:K562
YBX3,K562,chr15:34342123:C:G,0,1,-1.9282500743865967,modal,cuda,PPIL4:K562
YBX3,K562,chr15:34342999:C:T,0,1,-1.6939501762390137,modal,cuda,PPIL4:K562
YBX3,K562,chr15:40002705:T:C,0,1,-1.437178134918213,modal,cuda,PPIL4:K562
YBX3,K562,chr15:40728842:G:C,0,1,1.969594955444336,modal,cuda,PPIL4:K562
YBX3,K562,chr15:43403804:G:A,1,1,-3.477978229522705,modal,cuda,PPIL4:K562
YBX3,K562,chr15:45061167:G:A,0,1,0.6878676414489746,modal,cuda,PPIL4:K562
YBX3,K562,chr15:45065349:C:T,0,1,-1.5439651012420654,modal,cuda,PPIL4:K562
YBX3,K562,chr15:45603171:T:A,1,1,4.751784801483154,modal,cuda,PPIL4:K562
YBX3,K562,chr15:50574314:G:A,0,1,1.9893383979797363,modal,cuda,PPIL4:K562
YBX3,K562,chr15:51495039:G:A,1,1,3.3428540229797363,modal,cuda,PPIL4:K562
YBX3,K562,chr15:51495068:A:T,1,1,2.1171743869781494,modal,cuda,PPIL4:K562
YBX3,K562,chr15:57243463:T:C,0,1,0.6300082206726074,modal,cuda,PPIL4:K562
YBX3,K562,chr15:65157816:G:A,0,1,1.1983773708343506,modal,cuda,PPIL4:K562
YBX3,K562,chr15:66521041:T:G,0,1,-1.0828776359558105,modal,cuda,PPIL4:K562
YBX3,K562,chr15:66781329:A:T,1,1,0.3072681427001953,modal,cuda,PPIL4:K562
YBX3,K562,chr15:66781353:A:T,1,1,-0.531334400177002,modal,cuda,PPIL4:K562
YBX3,K562,chr15:67164964:G:A,1,1,1.4580578804016113,modal,cuda,PPIL4:K562
YBX3,K562,chr15:67164964:G:C,1,1,-0.5732874870300293,modal,cuda,PPIL4:K562
YBX3,K562,chr15:67164969:G:A,1,1,-0.5544557571411133,modal,cuda,PPIL4:K562
YBX3,K562,chr15:67164997:A:G,0,1,-0.25658750534057617,modal,cuda,PPIL4:K562
YBX3,K562,chr15:67236711:A:T,1,1,-1.749457836151123,modal,cuda,PPIL4:K562
YBX3,K562,chr15:67236754:C:T,1,1,1.3167080879211426,modal,cuda,PPIL4:K562
YBX3,K562,chr15:67236756:G:C,0,1,-1.5727448463439941,modal,cuda,PPIL4:K562
YBX3,K562,chr15:69417453:C:T,0,1,-0.7360348701477051,modal,cuda,PPIL4:K562
YBX3,K562,chr15:72375818:G:T,1,1,1.3236863613128662,modal,cuda,PPIL4:K562
YBX3,K562,chr15:72375829:G:C,1,1,1.271223545074463,modal,cuda,PPIL4:K562
YBX3,K562,chr15:72375882:G:A,1,1,-1.2107315063476562,modal,cuda,PPIL4:K562
YBX3,K562,chr15:72375895:C:T,1,1,-4.622364044189453,modal,cuda,PPIL4:K562
YBX3,K562,chr15:72375901:C:T,1,1,-0.8181004524230957,modal,cuda,PPIL4:K562
YBX3,K562,chr15:72544973:C:T,0,1,1.1083130836486816,modal,cuda,PPIL4:K562
YBX3,K562,chr15:72561563:T:C,0,1,4.197441101074219,modal,cuda,PPIL4:K562
YBX3,K562,chr15:74035478:C:T,0,1,-2.9144883155822754,modal,cuda,PPIL4:K562
YBX3,K562,chr15:74891384:G:A,1,1,3.140700101852417,modal,cuda,PPIL4:K562
YBX3,K562,chr15:74891594:G:A,0,1,-1.1968953609466553,modal,cuda,PPIL4:K562
YBX3,K562,chr15:74891595:C:T,0,1,-0.7806105613708496,modal,cuda,PPIL4:K562
YBX3,K562,chr15:74898088:G:A,0,1,4.599538326263428,modal,cuda,PPIL4:K562
YBX3,K562,chr15:78131168:G:C,1,1,-2.0631959438323975,modal,cuda,PPIL4:K562
YBX3,K562,chr15:79889252:G:A,1,1,-3.978724241256714,modal,cuda,PPIL4:K562
YBX3,K562,chr15:82538982:A:C,1,1,-5.707910060882568,modal,cuda,PPIL4:K562
YBX3,K562,chr15:84645544:G:A,0,1,-1.614098072052002,modal,cuda,PPIL4:K562
YBX3,K562,chr15:84645601:A:T,1,1,-1.601156234741211,modal,cuda,PPIL4:K562
YBX3,K562,chr15:84645608:C:T,0,1,-2.7355360984802246,modal,cuda,PPIL4:K562
YBX3,K562,chr15:89301457:A:C,0,1,-1.1914653778076172,modal,cuda,PPIL4:K562
YBX3,K562,chr15:90231027:G:C,0,1,2.501354932785034,modal,cuda,PPIL4:K562
YBX3,K562,chr15:90271327:A:G,0,1,-1.3781001567840576,modal,cuda,PPIL4:K562
YBX3,K562,chr15:91017831:G:A,1,1,-5.496844291687012,modal,cuda,PPIL4:K562
YBX3,K562,chr15:91017831:G:T,0,1,-3.3668484687805176,modal,cuda,PPIL4:K562
YBX3,K562,chr16:1314280:T:C,0,2,0.25029563903808594,modal,cuda,PPIL4:K562
YBX3,K562,chr16:1959761:A:G,0,2,0.14273309707641602,modal,cuda,PPIL4:K562
YBX3,K562,chr16:1961143:G:A,0,2,0.6983984708786011,modal,cuda,PPIL4:K562
YBX3,K562,chr16:2087856:C:T,0,2,0.25812089443206787,modal,cuda,PPIL4:K562
YBX3,K562,chr16:2087871:C:T,0,2,0.42457783222198486,modal,cuda,PPIL4:K562
YBX3,K562,chr16:2087880:C:G,0,2,-0.18894034624099731,modal,cuda,PPIL4:K562
YBX3,K562,chr16:2087901:G:C,0,2,-0.13902461528778076,modal,cuda,PPIL4:K562
YBX3,K562,chr16:2087908:G:T,1,2,-0.3761025667190552,modal,cuda,PPIL4:K562
YBX3,K562,chr16:2087921:T:C,1,2,-0.21349948644638062,modal,cuda,PPIL4:K562
YBX3,K562,chr16:2173854:G:A,0,2,-0.3863220810890198,modal,cuda,PPIL4:K562
YBX3,K562,chr16:2496118:T:C,0,2,-0.9587535262107849,modal,cuda,PPIL4:K562
YBX3,K562,chr16:2496131:C:T,0,2,0.25560516119003296,modal,cuda,PPIL4:K562
YBX3,K562,chr16:28842951:G:A,0,2,0.8400870561599731,modal,cuda,PPIL4:K562
YBX3,K562,chr16:28846303:G:A,0,2,0.49329715967178345,modal,cuda,PPIL4:K562
YBX3,K562,chr16:28846324:A:G,0,2,-0.3755936622619629,modal,cuda,PPIL4:K562
YBX3,K562,chr16:29968109:T:C,0,2,-2.2740092277526855,modal,cuda,PPIL4:K562
YBX3,K562,chr16:30069936:C:T,0,2,-0.26088857650756836,modal,cuda,PPIL4:K562
YBX3,K562,chr16:30069940:C:T,1,2,0.6238749623298645,modal,cuda,PPIL4:K562
YBX3,K562,chr16:3027413:C:T,0,2,-0.1075676679611206,modal,cuda,PPIL4:K562
YBX3,K562,chr16:31111229:C:T,0,2,0.4551859498023987,modal,cuda,PPIL4:K562
YBX3,K562,chr16:31182621:C:A,0,2,-0.1375645399093628,modal,cuda,PPIL4:K562
YBX3,K562,chr16:31182627:C:T,0,2,-0.09830951690673828,modal,cuda,PPIL4:K562
YBX3,K562,chr16:3665954:G:C,0,2,-0.38059693574905396,modal,cuda,PPIL4:K562
YBX3,K562,chr16:3676021:C:T,0,2,0.09590315818786621,modal,cuda,PPIL4:K562
YBX3,K562,chr16:3676030:G:A,0,2,-0.16678130626678467,modal,cuda,PPIL4:K562
YBX3,K562,chr16:3685978:G:A,0,2,-0.3760642409324646,modal,cuda,PPIL4:K562
YBX3,K562,chr16:47661702:G:A,0,2,0.21436750888824463,modal,cuda,PPIL4:K562
YBX3,K562,chr16:58521021:G:A,0,2,1.0995824337005615,modal,cuda,PPIL4:K562
YBX3,K562,chr16:58532400:G:A,0,2,-0.21767067909240723,modal,cuda,PPIL4:K562
YBX3,K562,chr16:58576564:G:A,1,2,1.7114615440368652,modal,cuda,PPIL4:K562
YBX3,K562,chr16:58576590:G:A,0,2,0.16135704517364502,modal,cuda,PPIL4:K562
YBX3,K562,chr16:58587785:G:A,1,2,0.9741820096969604,modal,cuda,PPIL4:K562
YBX3,K562,chr16:66565987:G:A,0,2,-0.2885730266571045,modal,cuda,PPIL4:K562
YBX3,K562,chr16:681160:C:G,1,2,-0.04470363259315491,modal,cuda,PPIL4:K562
YBX3,K562,chr16:681191:G:A,1,2,-0.11507810652256012,modal,cuda,PPIL4:K562
YBX3,K562,chr16:68339417:C:T,0,2,0.42575347423553467,modal,cuda,PPIL4:K562
YBX3,K562,chr16:69695117:G:T,0,2,-1.0210684537887573,modal,cuda,PPIL4:K562
YBX3,K562,chr16:69695126:G:A,0,2,-0.430859237909317,modal,cuda,PPIL4:K562
YBX3,K562,chr16:70252647:T:A,0,2,1.3231662511825562,modal,cuda,PPIL4:K562
YBX3,K562,chr16:70496367:C:G,1,2,-0.2893321216106415,modal,cuda,PPIL4:K562
YBX3,K562,chr16:70496367:C:T,1,2,-0.36563166975975037,modal,cuda,PPIL4:K562
YBX3,K562,chr16:70509350:C:A,1,2,-1.4295634031295776,modal,cuda,PPIL4:K562
YBX3,K562,chr16:70512280:C:A,1,2,1.7933650016784668,modal,cuda,PPIL4:K562
YBX3,K562,chr16:74661181:G:T,0,2,-0.13112497329711914,modal,cuda,PPIL4:K562
YBX3,K562,chr16:75640226:G:A,1,2,1.5880197286605835,modal,cuda,PPIL4:K562
YBX3,K562,chr16:75640236:A:C,1,2,1.0105063915252686,modal,cuda,PPIL4:K562
YBX3,K562,chr16:75640258:A:T,1,2,-0.8882267475128174,modal,cuda,PPIL4:K562
YBX3,K562,chr16:81096116:G:A,0,2,0.7620965242385864,modal,cuda,PPIL4:K562
YBX3,K562,chr16:81096189:G:C,0,2,-0.21173249185085297,modal,cuda,PPIL4:K562
YBX3,K562,chr16:81096217:G:A,0,2,-0.20446991920471191,modal,cuda,PPIL4:K562
YBX3,K562,chr16:85806868:G:A,0,2,-1.0679800510406494,modal,cuda,PPIL4:K562
YBX3,K562,chr16:86889:T:C,0,2,-0.40101689100265503,modal,cuda,PPIL4:K562
YBX3,K562,chr16:88858694:G:T,1,2,0.6456248164176941,modal,cuda,PPIL4:K562
YBX3,K562,chr16:89101129:C:T,1,2,1.3623467683792114,modal,cuda,PPIL4:K562
YBX3,K562,chr16:8919014:G:A,0,2,0.45474112033843994,modal,cuda,PPIL4:K562
YBX3,K562,chr16:8919036:G:A,1,2,0.5206388235092163,modal,cuda,PPIL4:K562
YBX3,K562,chr16:8919076:C:T,1,2,1.2465262413024902,modal,cuda,PPIL4:K562
YBX3,K562,chr16:89290706:G:A,1,2,0.27913519740104675,modal,cuda,PPIL4:K562
YBX3,K562,chr16:89290721:C:A,1,2,-0.5099920034408569,modal,cuda,PPIL4:K562
YBX3,K562,chr16:89290749:A:G,0,2,0.5458880066871643,modal,cuda,PPIL4:K562
YBX3,K562,chr16:89649390:T:C,0,2,0.934632420539856,modal,cuda,PPIL4:K562
YBX3,K562,chr17:1656632:C:G,0,1,-0.4107246398925781,modal,cuda,PPIL4:K562
YBX3,K562,chr17:1674691:A:C,0,1,4.009258270263672,modal,cuda,PPIL4:K562
YBX3,K562,chr17:1679420:T:C,0,1,-3.2462804317474365,modal,cuda,PPIL4:K562
YBX3,K562,chr17:1769918:G:A,0,1,0.5601019859313965,modal,cuda,PPIL4:K562
YBX3,K562,chr17:1769982:C:T,0,1,0.5353303551673889,modal,cuda,PPIL4:K562
YBX3,K562,chr17:1770045:C:A,1,1,2.905294179916382,modal,cuda,PPIL4:K562
YBX3,K562,chr17:1771040:C:T,1,1,-3.851010799407959,modal,cuda,PPIL4:K562
YBX3,K562,chr17:1771135:T:C,0,1,0.4007132053375244,modal,cuda,PPIL4:K562
YBX3,K562,chr17:1771140:C:G,0,1,1.1411571502685547,modal,cuda,PPIL4:K562
YBX3,K562,chr17:1771142:C:T,1,1,1.2783074378967285,modal,cuda,PPIL4:K562
YBX3,K562,chr17:29522454:C:T,1,1,3.9333479404449463,modal,cuda,PPIL4:K562
YBX3,K562,chr17:29522463:C:T,1,1,2.800299644470215,modal,cuda,PPIL4:K562
YBX3,K562,chr17:29534311:T:C,0,1,4.3191728591918945,modal,cuda,PPIL4:K562
YBX3,K562,chr17:31221842:A:G,1,1,1.522237777709961,modal,cuda,PPIL4:K562
YBX3,K562,chr17:31221843:A:G,1,1,1.2585513591766357,modal,cuda,PPIL4:K562
YBX3,K562,chr17:31221847:C:G,1,1,-3.5984010696411133,modal,cuda,PPIL4:K562
YBX3,K562,chr17:31358461:G:T,0,1,-2.415886640548706,modal,cuda,PPIL4:K562
YBX3,K562,chr17:36486794:G:A,0,1,0.7050506472587585,modal,cuda,PPIL4:K562
YBX3,K562,chr17:37248577:A:G,0,1,-1.020505666732788,modal,cuda,PPIL4:K562
YBX3,K562,chr17:37248579:G:T,0,1,1.7729177474975586,modal,cuda,PPIL4:K562
YBX3,K562,chr17:37277130:A:G,0,1,1.3255081176757812,modal,cuda,PPIL4:K562
YBX3,K562,chr17:38735552:G:A,0,1,0.502532958984375,modal,cuda,PPIL4:K562
YBX3,K562,chr17:38736070:C:T,0,1,0.7122586369514465,modal,cuda,PPIL4:K562
YBX3,K562,chr17:38739701:G:A,0,1,0.4337959289550781,modal,cuda,PPIL4:K562
YBX3,K562,chr17:38850487:A:G,0,1,1.098320484161377,modal,cuda,PPIL4:K562
YBX3,K562,chr17:40818360:T:C,0,1,4.790191173553467,modal,cuda,PPIL4:K562
YBX3,K562,chr17:40818411:T:C,0,1,-1.6572113037109375,modal,cuda,PPIL4:K562
YBX3,K562,chr17:40818434:G:A,0,1,-4.975533485412598,modal,cuda,PPIL4:K562
YBX3,K562,chr17:41968123:A:C,1,1,0.8577554225921631,modal,cuda,PPIL4:K562
YBX3,K562,chr17:41968123:A:G,1,1,-0.5117504596710205,modal,cuda,PPIL4:K562
YBX3,K562,chr17:42227517:G:A,0,1,-0.6780226826667786,modal,cuda,PPIL4:K562
YBX3,K562,chr17:42313814:T:C,0,1,-4.302067279815674,modal,cuda,PPIL4:K562
YBX3,K562,chr17:42314228:C:T,0,1,-2.054534912109375,modal,cuda,PPIL4:K562
YBX3,K562,chr17:42315161:A:C,0,1,-1.3901171684265137,modal,cuda,PPIL4:K562
YBX3,K562,chr17:42315163:T:A,0,1,0.4414796829223633,modal,cuda,PPIL4:K562
YBX3,K562,chr17:42315759:T:C,0,1,-3.054625988006592,modal,cuda,PPIL4:K562
YBX3,K562,chr17:42315763:G:A,0,1,-0.6118764877319336,modal,cuda,PPIL4:K562
YBX3,K562,chr17:42315764:C:T,0,1,-1.4495468139648438,modal,cuda,PPIL4:K562
YBX3,K562,chr17:42315766:C:T,0,1,2.1990504264831543,modal,cuda,PPIL4:K562
YBX3,K562,chr17:42998454:G:C,0,1,-0.7051529884338379,modal,cuda,PPIL4:K562
YBX3,K562,chr17:43002731:C:A,0,1,1.1818363666534424,modal,cuda,PPIL4:K562
YBX3,K562,chr17:43091874:C:A,0,1,1.901461124420166,modal,cuda,PPIL4:K562
YBX3,K562,chr17:43091874:C:G,0,1,1.932654619216919,modal,cuda,PPIL4:K562
YBX3,K562,chr17:43091884:A:C,1,1,5.597582817077637,modal,cuda,PPIL4:K562
YBX3,K562,chr17:43091884:A:T,1,1,5.620639801025391,modal,cuda,PPIL4:K562
YBX3,K562,chr17:43091891:C:A,1,1,11.405569076538086,modal,cuda,PPIL4:K562
YBX3,K562,chr17:43091891:C:T,0,1,0.42522650957107544,modal,cuda,PPIL4:K562
YBX3,K562,chr17:43091894:C:A,1,1,8.35848617553711,modal,cuda,PPIL4:K562
YBX3,K562,chr17:43091896:G:C,1,1,7.446687698364258,modal,cuda,PPIL4:K562
YBX3,K562,chr17:43091896:G:T,1,1,8.322341918945312,modal,cuda,PPIL4:K562
YBX3,K562,chr17:43091905:A:C,1,1,3.83659029006958,modal,cuda,PPIL4:K562
YBX3,K562,chr17:43091912:T:A,1,1,2.4596056938171387,modal,cuda,PPIL4:K562
YBX3,K562,chr17:43091923:C:T,0,1,-1.165332317352295,modal,cuda,PPIL4:K562
YBX3,K562,chr17:43091924:G:A,1,1,2.2241084575653076,modal,cuda,PPIL4:K562
YBX3,K562,chr17:43091931:C:A,0,1,3.3551459312438965,modal,cuda,PPIL4:K562
YBX3,K562,chr17:43091933:G:A,1,1,1.9299535751342773,modal,cuda,PPIL4:K562
YBX3,K562,chr17:43091938:A:T,1,1,3.2906343936920166,modal,cuda,PPIL4:K562
YBX3,K562,chr17:43092692:T:A,1,1,4.621835708618164,modal,cuda,PPIL4:K562
YBX3,K562,chr17:43092699:A:T,1,1,4.40399169921875,modal,cuda,PPIL4:K562
YBX3,K562,chr17:43092704:T:A,1,1,8.274036407470703,modal,cuda,PPIL4:K562
YBX3,K562,chr17:43092717:T:C,0,1,1.8535157442092896,modal,cuda,PPIL4:K562
YBX3,K562,chr17:43092722:T:A,1,1,8.463335990905762,modal,cuda,PPIL4:K562
YBX3,K562,chr17:43092731:G:A,1,1,11.405776977539062,modal,cuda,PPIL4:K562
YBX3,K562,chr17:43092733:C:G,0,1,-2.387606143951416,modal,cuda,PPIL4:K562
YBX3,K562,chr17:43092758:T:G,0,1,2.862931966781616,modal,cuda,PPIL4:K562
YBX3,K562,chr17:43092770:G:A,1,1,9.609029769897461,modal,cuda,PPIL4:K562
YBX3,K562,chr17:43092773:C:T,0,1,3.6565167903900146,modal,cuda,PPIL4:K562
YBX3,K562,chr17:43092791:C:A,1,1,7.388836860656738,modal,cuda,PPIL4:K562
YBX3,K562,chr17:43092803:G:A,1,1,6.196883201599121,modal,cuda,PPIL4:K562
YBX3,K562,chr17:43092809:C:A,1,1,8.705940246582031,modal,cuda,PPIL4:K562
YBX3,K562,chr17:43104120:A:C,1,1,-1.9835021495819092,modal,cuda,PPIL4:K562
YBX3,K562,chr17:43104136:C:A,1,1,7.45436429977417,modal,cuda,PPIL4:K562
YBX3,K562,chr17:43104136:C:T,0,1,0.7181174159049988,modal,cuda,PPIL4:K562
YBX3,K562,chr17:43104138:G:T,0,1,1.947886347770691,modal,cuda,PPIL4:K562
YBX3,K562,chr17:43104142:C:A,1,1,4.6829071044921875,modal,cuda,PPIL4:K562
YBX3,K562,chr17:43104148:G:A,1,1,5.36931037902832,modal,cuda,PPIL4:K562
YBX3,K562,chr17:43104160:T:A,1,1,4.463292121887207,modal,cuda,PPIL4:K562
YBX3,K562,chr17:43104166:G:A,0,1,1.4262819290161133,modal,cuda,PPIL4:K562
YBX3,K562,chr17:43104167:G:T,0,1,-1.1606521606445312,modal,cuda,PPIL4:K562
YBX3,K562,chr17:43104172:T:A,1,1,8.8687744140625,modal,cuda,PPIL4:K562
YBX3,K562,chr17:43104173:G:C,1,1,8.260164260864258,modal,cuda,PPIL4:K562
YBX3,K562,chr17:43104173:G:T,1,1,8.575469970703125,modal,cuda,PPIL4:K562
YBX3,K562,chr17:43104187:G:A,1,1,6.805234432220459,modal,cuda,PPIL4:K562
YBX3,K562,chr17:43104193:T:C,0,1,-2.1718056201934814,modal,cuda,PPIL4:K562
YBX3,K562,chr17:43104208:T:A,1,1,9.421138763427734,modal,cuda,PPIL4:K562
YBX3,K562,chr17:43104217:C:A,1,1,7.598860263824463,modal,cuda,PPIL4:K562
YBX3,K562,chr17:44351170:G:A,0,1,-0.7476346492767334,modal,cuda,PPIL4:K562
YBX3,K562,chr17:44867905:G:C,0,1,3.4912378787994385,modal,cuda,PPIL4:K562
YBX3,K562,chr17:47219886:T:C,0,1,0.9816069602966309,modal,cuda,PPIL4:K562
YBX3,K562,chr17:48931659:C:A,1,1,0.46868371963500977,modal,cuda,PPIL4:K562
YBX3,K562,chr17:48931710:C:T,1,1,0.515892505645752,modal,cuda,PPIL4:K562
YBX3,K562,chr17:4938088:C:T,0,1,0.4153773784637451,modal,cuda,PPIL4:K562
YBX3,K562,chr17:4938145:C:A,0,1,-0.8924579620361328,modal,cuda,PPIL4:K562
YBX3,K562,chr17:49405058:G:A,0,1,0.38837528228759766,modal,cuda,PPIL4:K562
YBX3,K562,chr17:4945970:C:A,1,1,-1.84630286693573,modal,cuda,PPIL4:K562
YBX3,K562,chr17:4945982:A:G,1,1,2.6885948181152344,modal,cuda,PPIL4:K562
YBX3,K562,chr17:4945989:G:A,0,1,-0.7408325672149658,modal,cuda,PPIL4:K562
YBX3,K562,chr17:4946013:A:G,0,1,-0.9825265407562256,modal,cuda,PPIL4:K562
YBX3,K562,chr17:4946618:A:G,1,1,0.5004382133483887,modal,cuda,PPIL4:K562
YBX3,K562,chr17:5000869:A:G,0,1,1.6147911548614502,modal,cuda,PPIL4:K562
YBX3,K562,chr17:5433274:C:A,0,1,-1.513336420059204,modal,cuda,PPIL4:K562
YBX3,K562,chr17:59049297:G:A,1,1,2.558403491973877,modal,cuda,PPIL4:K562
YBX3,K562,chr17:59049363:T:A,1,1,2.503322124481201,modal,cuda,PPIL4:K562
YBX3,K562,chr17:59049372:G:A,1,1,-2.387242555618286,modal,cuda,PPIL4:K562
YBX3,K562,chr17:59661646:A:T,0,1,1.4268817901611328,modal,cuda,PPIL4:K562
YBX3,K562,chr17:59682620:T:G,0,1,6.63372802734375,modal,cuda,PPIL4:K562
YBX3,K562,chr17:68250275:A:G,0,1,-2.8482744693756104,modal,cuda,PPIL4:K562
YBX3,K562,chr17:7314165:G:A,0,1,2.016369342803955,modal,cuda,PPIL4:K562
YBX3,K562,chr17:7575180:G:A,0,1,-0.8613412380218506,modal,cuda,PPIL4:K562
YBX3,K562,chr17:7579882:C:T,0,1,-1.648125410079956,modal,cuda,PPIL4:K562
YBX3,K562,chr17:7585997:T:C,1,1,0.6805572509765625,modal,cuda,PPIL4:K562
YBX3,K562,chr17:77487420:C:T,0,1,0.5469509959220886,modal,cuda,PPIL4:K562
YBX3,K562,chr17:77488877:A:G,0,1,-0.39267969131469727,modal,cuda,PPIL4:K562
YBX3,K562,chr17:77490724:C:A,0,1,-1.553550362586975,modal,cuda,PPIL4:K562
YBX3,K562,chr17:78123014:G:A,0,1,-0.959105372428894,modal,cuda,PPIL4:K562
YBX3,K562,chr17:78123849:T:C,0,1,-0.13373279571533203,modal,cuda,PPIL4:K562
YBX3,K562,chr17:78123984:A:G,0,1,-0.25583553314208984,modal,cuda,PPIL4:K562
YBX3,K562,chr17:78223604:G:C,0,1,4.071497917175293,modal,cuda,PPIL4:K562
YBX3,K562,chr17:81510981:G:A,0,1,-0.2601742446422577,modal,cuda,PPIL4:K562
YBX3,K562,chr17:81510993:G:A,0,1,0.5674183368682861,modal,cuda,PPIL4:K562
YBX3,K562,chr17:81511034:G:A,0,1,0.11197233200073242,modal,cuda,PPIL4:K562
YBX3,K562,chr17:81511041:G:A,0,1,0.6901111602783203,modal,cuda,PPIL4:K562
YBX3,K562,chr17:81511199:G:A,1,1,-1.9438352584838867,modal,cuda,PPIL4:K562
YBX3,K562,chr17:81511223:C:T,1,1,2.6310815811157227,modal,cuda,PPIL4:K562
YBX3,K562,chr17:81511224:G:A,1,1,2.304572820663452,modal,cuda,PPIL4:K562
YBX3,K562,chr17:81511261:G:A,0,1,-0.12568199634552002,modal,cuda,PPIL4:K562
YBX3,K562,chr17:81511378:G:A,0,1,-0.4358339309692383,modal,cuda,PPIL4:K562
YBX3,K562,chr17:81511382:G:T,1,1,0.5891323089599609,modal,cuda,PPIL4:K562
YBX3,K562,chr17:81512150:G:A,0,1,0.712883710861206,modal,cuda,PPIL4:K562
YBX3,K562,chr17:81512156:C:T,0,1,0.6571869850158691,modal,cuda,PPIL4:K562
YBX3,K562,chr17:81512278:G:C,1,1,-0.8111369609832764,modal,cuda,PPIL4:K562
YBX3,K562,chr17:81512340:G:T,0,1,-1.4501378536224365,modal,cuda,PPIL4:K562
YBX3,K562,chr17:81512374:G:A,0,1,-0.5174369812011719,modal,cuda,PPIL4:K562
YBX3,K562,chr17:81707064:G:A,0,1,1.7607994079589844,modal,cuda,PPIL4:K562
YBX3,K562,chr17:81847239:G:A,0,1,-0.8958054780960083,modal,cuda,PPIL4:K562
YBX3,K562,chr17:82037444:A:G,0,1,1.1290000677108765,modal,cuda,PPIL4:K562
YBX3,K562,chr17:82054893:G:A,0,1,-0.3235299587249756,modal,cuda,PPIL4:K562
YBX3,K562,chr17:8379952:A:G,0,1,2.760479688644409,modal,cuda,PPIL4:K562
YBX3,K562,chr18:12308794:G:C,0,4,0.2909419536590576,modal,cuda,PPIL4:K562
YBX3,K562,chr18:12325723:A:G,0,4,0.7870296239852905,modal,cuda,PPIL4:K562
YBX3,K562,chr18:12356843:A:G,0,4,0.38429856300354004,modal,cuda,PPIL4:K562
YBX3,K562,chr18:12356848:A:C,0,4,0.42575502395629883,modal,cuda,PPIL4:K562
YBX3,K562,chr18:12360055:T:C,0,4,0.37082934379577637,modal,cuda,PPIL4:K562
YBX3,K562,chr18:21838347:T:C,0,4,-0.4295710325241089,modal,cuda,PPIL4:K562
YBX3,K562,chr18:26274810:A:G,0,4,0.38143885135650635,modal,cuda,PPIL4:K562
YBX3,K562,chr18:35070275:A:G,1,4,-0.468120813369751,modal,cuda,PPIL4:K562
YBX3,K562,chr18:46091855:T:C,0,4,-0.7083055377006531,modal,cuda,PPIL4:K562
YBX3,K562,chr18:51054866:A:G,0,4,-1.1138768196105957,modal,cuda,PPIL4:K562
YBX3,K562,chr18:51054881:A:T,0,4,1.597770094871521,modal,cuda,PPIL4:K562
YBX3,K562,chr18:51054893:T:C,0,4,-0.25364601612091064,modal,cuda,PPIL4:K562
YBX3,K562,chr18:51054926:G:T,0,4,-0.40591901540756226,modal,cuda,PPIL4:K562
YBX3,K562,chr18:51054959:T:G,0,4,1.2946953773498535,modal,cuda,PPIL4:K562
YBX3,K562,chr18:51054962:C:G,0,4,0.6530499458312988,modal,cuda,PPIL4:K562
YBX3,K562,chr18:51054962:C:T,0,4,0.8543073534965515,modal,cuda,PPIL4:K562
YBX3,K562,chr18:51076667:G:A,0,4,0.5677244067192078,modal,cuda,PPIL4:K562
YBX3,K562,chr18:51076706:T:C,0,4,0.20498216152191162,modal,cuda,PPIL4:K562
YBX3,K562,chr18:51076712:G:A,0,4,-0.3035910129547119,modal,cuda,PPIL4:K562
YBX3,K562,chr18:58389201:G:A,0,4,-0.33463943004608154,modal,cuda,PPIL4:K562
YBX3,K562,chr18:669174:G:A,1,4,-0.511866569519043,modal,cuda,PPIL4:K562
YBX3,K562,chr18:673086:A:G,0,4,0.6193678379058838,modal,cuda,PPIL4:K562
YBX3,K562,chr18:79973859:G:C,1,4,1.0416698455810547,modal,cuda,PPIL4:K562
YBX3,K562,chr19:10133654:C:T,0,4,0.5590313076972961,modal,cuda,PPIL4:K562
YBX3,K562,chr19:10136108:C:A,0,4,-0.534400224685669,modal,cuda,PPIL4:K562
YBX3,K562,chr19:10378495:C:T,0,4,-0.3636515140533447,modal,cuda,PPIL4:K562
YBX3,K562,chr19:10831500:C:T,0,4,-0.7005307674407959,modal,cuda,PPIL4:K562
YBX3,K562,chr19:10984308:G:T,1,4,-2.4279308319091797,modal,cuda,PPIL4:K562
YBX3,K562,chr19:10984326:C:T,1,4,-0.6685647368431091,modal,cuda,PPIL4:K562
YBX3,K562,chr19:11012932:C:G,0,4,-0.4038968086242676,modal,cuda,PPIL4:K562
YBX3,K562,chr19:11012961:G:T,1,4,0.5582735538482666,modal,cuda,PPIL4:K562
YBX3,K562,chr19:11012965:G:A,1,4,-0.695106029510498,modal,cuda,PPIL4:K562
YBX3,K562,chr19:11012966:G:A,1,4,-0.7506152391433716,modal,cuda,PPIL4:K562
YBX3,K562,chr19:11013022:T:C,1,4,0.35909152030944824,modal,cuda,PPIL4:K562
YBX3,K562,chr19:11013062:C:T,0,4,-0.21463334560394287,modal,cuda,PPIL4:K562
YBX3,K562,chr19:11018993:G:T,1,4,-0.34869933128356934,modal,cuda,PPIL4:K562
YBX3,K562,chr19:11021869:C:T,1,4,0.42877864837646484,modal,cuda,PPIL4:K562
YBX3,K562,chr19:11021874:G:A,1,4,-1.037090539932251,modal,cuda,PPIL4:K562
YBX3,K562,chr19:11021933:G:A,1,4,-0.3153390884399414,modal,cuda,PPIL4:K562
YBX3,K562,chr19:11021934:G:A,1,4,-0.30913853645324707,modal,cuda,PPIL4:K562
YBX3,K562,chr19:11021936:T:G,1,4,-0.15839600563049316,modal,cuda,PPIL4:K562
YBX3,K562,chr19:11024367:C:T,1,4,-0.42345571517944336,modal,cuda,PPIL4:K562
YBX3,K562,chr19:11024370:C:T,1,4,-0.33264970779418945,modal,cuda,PPIL4:K562
YBX3,K562,chr19:11024389:T:C,1,4,0.2520444393157959,modal,cuda,PPIL4:K562
YBX3,K562,chr19:11024391:C:T,1,4,-0.5172147750854492,modal,cuda,PPIL4:K562
YBX3,K562,chr19:11025432:G:A,1,4,-0.4733020067214966,modal,cuda,PPIL4:K562
YBX3,K562,chr19:11034159:C:T,1,4,-0.6285984516143799,modal,cuda,PPIL4:K562
YBX3,K562,chr19:11041379:C:T,1,4,-0.48381686210632324,modal,cuda,PPIL4:K562
YBX3,K562,chr19:1105522:C:A,0,4,-2.078392505645752,modal,cuda,PPIL4:K562
YBX3,K562,chr19:11058277:G:T,1,4,-2.125919818878174,modal,cuda,PPIL4:K562
YBX3,K562,chr19:11058289:C:T,1,4,-1.6258900165557861,modal,cuda,PPIL4:K562
YBX3,K562,chr19:11058307:G:T,1,4,-0.7521237134933472,modal,cuda,PPIL4:K562
YBX3,K562,chr19:11058324:C:G,1,4,-1.5166069269180298,modal,cuda,PPIL4:K562
YBX3,K562,chr19:11058833:A:T,1,4,-0.7630087733268738,modal,cuda,PPIL4:K562
YBX3,K562,chr19:11058838:C:T,0,4,-0.14758813381195068,modal,cuda,PPIL4:K562
YBX3,K562,chr19:11058854:C:T,1,4,-0.47221100330352783,modal,cuda,PPIL4:K562
YBX3,K562,chr19:1106478:G:C,0,4,0.6755783557891846,modal,cuda,PPIL4:K562
YBX3,K562,chr19:11436382:C:G,0,4,1.1818668842315674,modal,cuda,PPIL4:K562
YBX3,K562,chr19:1244082:G:A,0,4,-0.5982664227485657,modal,cuda,PPIL4:K562
YBX3,K562,chr19:12658359:G:A,0,4,0.21928298473358154,modal,cuda,PPIL4:K562
YBX3,K562,chr19:12715306:G:A,0,4,-0.1288526952266693,modal,cuda,PPIL4:K562
YBX3,K562,chr19:12852043:G:A,0,4,0.20770502090454102,modal,cuda,PPIL4:K562
YBX3,K562,chr19:12852252:C:T,0,4,0.19496119022369385,modal,cuda,PPIL4:K562
YBX3,K562,chr19:12884589:C:T,0,4,0.35360217094421387,modal,cuda,PPIL4:K562
YBX3,K562,chr19:12884594:T:C,0,4,1.4503554105758667,modal,cuda,PPIL4:K562
YBX3,K562,chr19:12884608:G:A,0,4,-0.2286914587020874,modal,cuda,PPIL4:K562
YBX3,K562,chr19:13956004:C:T,0,4,0.18763518333435059,modal,cuda,PPIL4:K562
YBX3,K562,chr19:14518308:G:C,0,4,0.15721487998962402,modal,cuda,PPIL4:K562
YBX3,K562,chr19:1619309:C:A,0,4,0.2831737995147705,modal,cuda,PPIL4:K562
YBX3,K562,chr19:17511805:C:T,0,4,-1.0346391201019287,modal,cuda,PPIL4:K562
YBX3,K562,chr19:17764374:G:C,1,4,-0.9605318307876587,modal,cuda,PPIL4:K562
YBX3,K562,chr19:19197194:A:G,0,4,-0.32736173272132874,modal,cuda,PPIL4:K562
YBX3,K562,chr19:34365408:G:A,0,4,0.3276405334472656,modal,cuda,PPIL4:K562
YBX3,K562,chr19:35545802:C:G,1,4,-0.9899337291717529,modal,cuda,PPIL4:K562
YBX3,K562,chr19:35546990:G:A,1,4,-1.2374110221862793,modal,cuda,PPIL4:K562
YBX3,K562,chr19:35547031:T:C,1,4,-2.9634358882904053,modal,cuda,PPIL4:K562
YBX3,K562,chr19:38700990:T:G,0,4,-0.44418394565582275,modal,cuda,PPIL4:K562
YBX3,K562,chr19:38706142:G:A,0,4,-0.08710098266601562,modal,cuda,PPIL4:K562
YBX3,K562,chr19:38710261:C:T,0,4,0.5146599411964417,modal,cuda,PPIL4:K562
YBX3,K562,chr19:38710286:A:G,1,4,0.10803312063217163,modal,cuda,PPIL4:K562
YBX3,K562,chr19:38710299:C:T,1,4,0.39075273275375366,modal,cuda,PPIL4:K562
YBX3,K562,chr19:38710307:T:C,1,4,-0.7814063429832458,modal,cuda,PPIL4:K562
YBX3,K562,chr19:38889130:C:T,0,4,0.649516761302948,modal,cuda,PPIL4:K562
YBX3,K562,chr19:39433345:G:A,0,4,0.5463112592697144,modal,cuda,PPIL4:K562
YBX3,K562,chr19:39488658:A:G,0,4,-0.6799880266189575,modal,cuda,PPIL4:K562
YBX3,K562,chr19:3977809:C:T,0,4,-0.3325166702270508,modal,cuda,PPIL4:K562
YBX3,K562,chr19:3982794:G:C,0,4,0.2937312126159668,modal,cuda,PPIL4:K562
YBX3,K562,chr19:3982795:G:A,0,4,1.2735843658447266,modal,cuda,PPIL4:K562
YBX3,K562,chr19:3983304:G:A,0,4,0.3205535411834717,modal,cuda,PPIL4:K562
YBX3,K562,chr19:4090714:A:G,0,4,-0.44358348846435547,modal,cuda,PPIL4:K562
YBX3,K562,chr19:41331218:C:T,0,4,-0.1993199586868286,modal,cuda,PPIL4:K562
YBX3,K562,chr19:41332113:G:A,0,4,1.2505459785461426,modal,cuda,PPIL4:K562
YBX3,K562,chr19:41352685:C:T,0,4,0.8531526327133179,modal,cuda,PPIL4:K562
YBX3,K562,chr19:41414039:A:C,0,4,1.277397632598877,modal,cuda,PPIL4:K562
YBX3,K562,chr19:41414041:A:C,0,4,-0.2252664566040039,modal,cuda,PPIL4:K562
YBX3,K562,chr19:41414045:C:T,0,4,0.16692209243774414,modal,cuda,PPIL4:K562
YBX3,K562,chr19:41869012:C:G,0,4,-2.229710817337036,modal,cuda,PPIL4:K562
YBX3,K562,chr19:41869697:A:G,1,4,-1.1127945184707642,modal,cuda,PPIL4:K562
YBX3,K562,chr19:41869765:G:A,0,4,-0.5095434188842773,modal,cuda,PPIL4:K562
YBX3,K562,chr19:44973156:C:T,0,4,0.37283968925476074,modal,cuda,PPIL4:K562
YBX3,K562,chr19:44973165:T:C,0,4,-0.4818907678127289,modal,cuda,PPIL4:K562
YBX3,K562,chr19:46601421:C:A,0,4,-0.631595253944397,modal,cuda,PPIL4:K562
YBX3,K562,chr19:46839460:C:T,0,4,0.34045228362083435,modal,cuda,PPIL4:K562
YBX3,K562,chr19:48616062:G:A,0,4,-0.8574774861335754,modal,cuda,PPIL4:K562
YBX3,K562,chr19:48616098:A:G,0,4,-0.4879477024078369,modal,cuda,PPIL4:K562
YBX3,K562,chr19:48617441:C:T,0,4,-0.278613805770874,modal,cuda,PPIL4:K562
YBX3,K562,chr19:48956270:C:T,0,4,0.09160780906677246,modal,cuda,PPIL4:K562
YBX3,K562,chr19:48966759:C:T,0,4,-0.7867958545684814,modal,cuda,PPIL4:K562
YBX3,K562,chr19:49010042:C:T,0,4,0.7219420075416565,modal,cuda,PPIL4:K562
YBX3,K562,chr19:49015801:T:C,0,4,-0.9185675382614136,modal,cuda,PPIL4:K562
YBX3,K562,chr19:49182496:C:A,0,4,0.30062568187713623,modal,cuda,PPIL4:K562
YBX3,K562,chr19:49490813:C:T,0,4,-0.46991264820098877,modal,cuda,PPIL4:K562
YBX3,K562,chr19:50402053:G:A,0,4,1.1618950366973877,modal,cuda,PPIL4:K562
YBX3,K562,chr19:50407006:C:T,0,4,-0.3167512118816376,modal,cuda,PPIL4:K562
YBX3,K562,chr19:50407018:G:C,0,4,0.17732751369476318,modal,cuda,PPIL4:K562
YBX3,K562,chr19:50407027:G:A,0,4,-0.11571097373962402,modal,cuda,PPIL4:K562
YBX3,K562,chr19:50407033:T:C,0,4,0.05350184440612793,modal,cuda,PPIL4:K562
YBX3,K562,chr19:50407036:C:T,0,4,-0.1459653377532959,modal,cuda,PPIL4:K562
YBX3,K562,chr19:50415501:C:T,0,4,-0.23955821990966797,modal,cuda,PPIL4:K562
YBX3,K562,chr19:52212694:G:A,0,4,0.13539361953735352,modal,cuda,PPIL4:K562
YBX3,K562,chr19:52212715:C:A,1,4,-0.993182897567749,modal,cuda,PPIL4:K562
YBX3,K562,chr19:52212718:C:T,1,4,0.47641634941101074,modal,cuda,PPIL4:K562
YBX3,K562,chr19:52212720:A:G,1,4,-0.14624547958374023,modal,cuda,PPIL4:K562
YBX3,K562,chr19:52216056:G:C,0,4,0.17933440208435059,modal,cuda,PPIL4:K562
YBX3,K562,chr19:52216078:A:G,0,4,0.6648937463760376,modal,cuda,PPIL4:K562
YBX3,K562,chr19:52216565:G:T,0,4,0.35865306854248047,modal,cuda,PPIL4:K562
YBX3,K562,chr19:52225777:C:T,0,4,-0.27870893478393555,modal,cuda,PPIL4:K562
YBX3,K562,chr19:52225782:A:G,0,4,-0.2806910276412964,modal,cuda,PPIL4:K562
YBX3,K562,chr19:54153697:C:T,0,4,0.2509709596633911,modal,cuda,PPIL4:K562
YBX3,K562,chr19:54207461:C:T,0,4,0.1558549404144287,modal,cuda,PPIL4:K562
YBX3,K562,chr19:54990056:G:A,0,4,-0.29929599165916443,modal,cuda,PPIL4:K562
YBX3,K562,chr19:54990079:A:G,0,4,-0.8982803225517273,modal,cuda,PPIL4:K562
YBX3,K562,chr19:55404483:A:T,0,4,-1.1094739437103271,modal,cuda,PPIL4:K562
YBX3,K562,chr19:5694490:G:A,0,4,0.16056346893310547,modal,cuda,PPIL4:K562
YBX3,K562,chr19:5694511:G:A,0,4,0.2703615128993988,modal,cuda,PPIL4:K562
YBX3,K562,chr19:5694520:G:A,0,4,-0.5689470767974854,modal,cuda,PPIL4:K562
YBX3,K562,chr19:5694521:C:G,0,4,0.10541164875030518,modal,cuda,PPIL4:K562
YBX3,K562,chr19:5694532:G:A,0,4,-0.21628308296203613,modal,cuda,PPIL4:K562
YBX3,K562,chr19:5694532:G:T,1,4,-1.8393974304199219,modal,cuda,PPIL4:K562
YBX3,K562,chr19:5694536:G:A,1,4,0.14857330918312073,modal,cuda,PPIL4:K562
YBX3,K562,chr19:5694836:C:A,0,4,0.20771479606628418,modal,cuda,PPIL4:K562
YBX3,K562,chr19:5694854:G:A,0,4,-0.2168126106262207,modal,cuda,PPIL4:K562
YBX3,K562,chr19:6361944:A:G,1,4,-0.7432138919830322,modal,cuda,PPIL4:K562
YBX3,K562,chr19:6364442:C:T,0,4,0.20093107223510742,modal,cuda,PPIL4:K562
YBX3,K562,chr19:6364642:G:A,0,4,-0.6772822737693787,modal,cuda,PPIL4:K562
YBX3,K562,chr19:7639825:C:T,0,4,0.5183391571044922,modal,cuda,PPIL4:K562
YBX3,K562,chr19:7640758:C:T,1,4,0.8339278101921082,modal,cuda,PPIL4:K562
YBX3,K562,chr19:7967548:G:A,0,4,1.538553237915039,modal,cuda,PPIL4:K562
YBX3,K562,chr19:8321589:T:G,0,4,0.7736473083496094,modal,cuda,PPIL4:K562
YBX3,K562,chr19:8402289:C:T,0,4,0.8277196884155273,modal,cuda,PPIL4:K562
YBX3,K562,chr19:964434:G:A,0,4,2.2296547889709473,modal,cuda,PPIL4:K562
YBX3,K562,chr1:100462821:G:A,0,0,0.2938942611217499,modal,cuda,PPIL4:K562
YBX3,K562,chr1:100462824:C:T,1,0,-0.621945858001709,modal,cuda,PPIL4:K562
YBX3,K562,chr1:100462865:C:T,0,0,0.18499422073364258,modal,cuda,PPIL4:K562
YBX3,K562,chr1:100462868:C:T,0,0,-0.11586546897888184,modal,cuda,PPIL4:K562
YBX3,K562,chr1:100499270:C:T,0,0,-0.3994868993759155,modal,cuda,PPIL4:K562
YBX3,K562,chr1:10268280:C:T,0,0,0.6882833242416382,modal,cuda,PPIL4:K562
YBX3,K562,chr1:109582422:G:A,0,0,0.6116494536399841,modal,cuda,PPIL4:K562
YBX3,K562,chr1:11258549:A:C,0,0,-1.1272469758987427,modal,cuda,PPIL4:K562
YBX3,K562,chr1:11258571:C:T,0,0,1.013298749923706,modal,cuda,PPIL4:K562
YBX3,K562,chr1:11258601:A:G,0,0,0.6111396551132202,modal,cuda,PPIL4:K562
YBX3,K562,chr1:11259273:T:C,0,0,0.38495877385139465,modal,cuda,PPIL4:K562
YBX3,K562,chr1:112956192:C:T,1,0,-0.9637927412986755,modal,cuda,PPIL4:K562
YBX3,K562,chr1:116399109:C:G,0,0,1.8181004524230957,modal,cuda,PPIL4:K562
YBX3,K562,chr1:116399402:C:T,0,0,-0.25648465752601624,modal,cuda,PPIL4:K562
YBX3,K562,chr1:116400917:G:A,1,0,0.20361316204071045,modal,cuda,PPIL4:K562
YBX3,K562,chr1:11675188:A:C,0,0,0.5906468033790588,modal,cuda,PPIL4:K562
YBX3,K562,chr1:11975422:G:T,0,0,-0.3955162763595581,modal,cuda,PPIL4:K562
YBX3,K562,chr1:12368461:C:T,0,0,0.17879915237426758,modal,cuda,PPIL4:K562
YBX3,K562,chr1:147255938:G:A,0,0,0.6283255815505981,modal,cuda,PPIL4:K562
YBX3,K562,chr1:151024679:G:A,0,0,1.9542862176895142,modal,cuda,PPIL4:K562
YBX3,K562,chr1:151166963:C:A,1,0,-0.36208951473236084,modal,cuda,PPIL4:K562
YBX3,K562,chr1:153630581:G:A,0,0,-0.21616148948669434,modal,cuda,PPIL4:K562
YBX3,K562,chr1:153991107:C:T,0,0,0.3256194591522217,modal,cuda,PPIL4:K562
YBX3,K562,chr1:154251328:C:A,0,0,0.23885798454284668,modal,cuda,PPIL4:K562
YBX3,K562,chr1:154583016:T:C,0,0,-2.2069222927093506,modal,cuda,PPIL4:K562
YBX3,K562,chr1:154583790:G:A,0,0,-0.42689430713653564,modal,cuda,PPIL4:K562
YBX3,K562,chr1:154583863:G:T,0,0,-1.1904096603393555,modal,cuda,PPIL4:K562
YBX3,K562,chr1:154583868:T:G,0,0,-0.7399870157241821,modal,cuda,PPIL4:K562
YBX3,K562,chr1:156334921:A:G,0,0,1.0748538970947266,modal,cuda,PPIL4:K562
YBX3,K562,chr1:156592216:G:A,0,0,-0.5885039567947388,modal,cuda,PPIL4:K562
YBX3,K562,chr1:160292471:A:C,0,0,-0.428425133228302,modal,cuda,PPIL4:K562
YBX3,K562,chr1:160305784:T:C,0,0,-0.34027034044265747,modal,cuda,PPIL4:K562
YBX3,K562,chr1:160351275:A:G,0,0,0.8692299723625183,modal,cuda,PPIL4:K562
YBX3,K562,chr1:161209241:G:A,1,0,0.2744096517562866,modal,cuda,PPIL4:K562
YBX3,K562,chr1:162587615:G:A,0,0,0.4214102029800415,modal,cuda,PPIL4:K562
YBX3,K562,chr1:17028599:C:A,1,0,-0.5515443086624146,modal,cuda,PPIL4:K562
YBX3,K562,chr1:17028599:C:G,1,0,-0.7525463104248047,modal,cuda,PPIL4:K562
YBX3,K562,chr1:17028599:C:T,1,0,-0.7323136329650879,modal,cuda,PPIL4:K562
YBX3,K562,chr1:17028639:G:T,1,0,-1.265434980392456,modal,cuda,PPIL4:K562
YBX3,K562,chr1:172442125:A:G,0,0,-0.33068346977233887,modal,cuda,PPIL4:K562
YBX3,K562,chr1:172551552:G:A,0,0,0.20788002014160156,modal,cuda,PPIL4:K562
YBX3,K562,chr1:173828313:T:C,0,0,-0.31795334815979004,modal,cuda,PPIL4:K562
YBX3,K562,chr1:173828321:C:G,0,0,0.45001256465911865,modal,cuda,PPIL4:K562
YBX3,K562,chr1:1789289:C:A,0,0,0.3803071975708008,modal,cuda,PPIL4:K562
YBX3,K562,chr1:1790609:C:T,0,0,0.568966805934906,modal,cuda,PPIL4:K562
YBX3,K562,chr1:1793230:G:A,0,0,-0.5502290725708008,modal,cuda,PPIL4:K562
YBX3,K562,chr1:1804549:G:T,0,0,-0.4662629961967468,modal,cuda,PPIL4:K562
YBX3,K562,chr1:1804562:C:A,1,0,-1.2626323699951172,modal,cuda,PPIL4:K562
YBX3,K562,chr1:1806456:G:A,0,0,0.5532646775245667,modal,cuda,PPIL4:K562
YBX3,K562,chr1:1806461:C:T,0,0,0.40232789516448975,modal,cuda,PPIL4:K562
YBX3,K562,chr1:1806503:A:T,1,0,-0.3521754741668701,modal,cuda,PPIL4:K562
YBX3,K562,chr1:1806512:C:A,1,0,-0.2935417890548706,modal,cuda,PPIL4:K562
YBX3,K562,chr1:1806513:C:A,1,0,-0.2307441234588623,modal,cuda,PPIL4:K562
YBX3,K562,chr1:1806513:C:G,1,0,-0.21321183443069458,modal,cuda,PPIL4:K562
YBX3,K562,chr1:1806514:A:T,1,0,-1.114114761352539,modal,cuda,PPIL4:K562
YBX3,K562,chr1:1806515:T:C,1,0,0.6171789765357971,modal,cuda,PPIL4:K562
YBX3,K562,chr1:180803395:C:T,0,0,0.31108996272087097,modal,cuda,PPIL4:K562
YBX3,K562,chr1:1815749:C:T,0,0,-0.2792537212371826,modal,cuda,PPIL4:K562
YBX3,K562,chr1:1815750:G:A,0,0,0.9233551025390625,modal,cuda,PPIL4:K562
YBX3,K562,chr1:1815771:C:T,1,0,-0.8329738974571228,modal,cuda,PPIL4:K562
YBX3,K562,chr1:1815796:G:C,1,0,-0.5259620547294617,modal,cuda,PPIL4:K562
YBX3,K562,chr1:1815869:A:G,0,0,1.3105072975158691,modal,cuda,PPIL4:K562
YBX3,K562,chr1:1815879:T:C,0,0,-0.15837335586547852,modal,cuda,PPIL4:K562
YBX3,K562,chr1:182387112:T:C,0,0,-0.5493872165679932,modal,cuda,PPIL4:K562
YBX3,K562,chr1:182852350:G:T,0,0,2.029667377471924,modal,cuda,PPIL4:K562
YBX3,K562,chr1:182878112:C:T,1,0,0.4571065902709961,modal,cuda,PPIL4:K562
YBX3,K562,chr1:182878121:C:T,1,0,-0.9172061681747437,modal,cuda,PPIL4:K562
YBX3,K562,chr1:182881348:C:T,0,0,-0.14105534553527832,modal,cuda,PPIL4:K562
YBX3,K562,chr1:18871920:G:A,0,0,-0.6004568934440613,modal,cuda,PPIL4:K562
YBX3,K562,chr1:18871924:C:T,0,0,-0.8700834512710571,modal,cuda,PPIL4:K562
YBX3,K562,chr1:202742649:G:T,0,0,-0.415768027305603,modal,cuda,PPIL4:K562
YBX3,K562,chr1:202946427:C:T,0,0,-0.3726961016654968,modal,cuda,PPIL4:K562
YBX3,K562,chr1:203708122:G:A,0,0,0.16868078708648682,modal,cuda,PPIL4:K562
YBX3,K562,chr1:20654387:G:A,0,0,0.6893030405044556,modal,cuda,PPIL4:K562
YBX3,K562,chr1:20660872:A:T,0,0,-0.20496416091918945,modal,cuda,PPIL4:K562
YBX3,K562,chr1:21822580:G:A,0,0,0.1603083610534668,modal,cuda,PPIL4:K562
YBX3,K562,chr1:21822886:C:T,0,0,-0.3956785202026367,modal,cuda,PPIL4:K562
YBX3,K562,chr1:219979630:G:C,0,0,0.4270123243331909,modal,cuda,PPIL4:K562
YBX3,K562,chr1:220125224:C:T,0,0,0.9545474052429199,modal,cuda,PPIL4:K562
YBX3,K562,chr1:22081719:T:C,0,0,0.8912554383277893,modal,cuda,PPIL4:K562
YBX3,K562,chr1:24419566:G:A,0,0,0.40586602687835693,modal,cuda,PPIL4:K562
YBX3,K562,chr1:25816219:G:A,0,0,-1.0641511678695679,modal,cuda,PPIL4:K562
YBX3,K562,chr1:26766572:G:A,0,0,-0.3360229730606079,modal,cuda,PPIL4:K562
YBX3,K562,chr1:26774599:C:T,1,0,-0.5901191234588623,modal,cuda,PPIL4:K562
YBX3,K562,chr1:26774662:C:T,1,0,1.2735767364501953,modal,cuda,PPIL4:K562
YBX3,K562,chr1:27330739:G:A,1,0,-0.4550973176956177,modal,cuda,PPIL4:K562
YBX3,K562,chr1:27333980:C:T,1,0,-2.4730589389801025,modal,cuda,PPIL4:K562
YBX3,K562,chr1:32334639:C:T,0,0,-0.7357316017150879,modal,cuda,PPIL4:K562
YBX3,K562,chr1:37998998:C:T,0,0,0.2855485677719116,modal,cuda,PPIL4:K562
YBX3,K562,chr1:38857051:G:T,1,0,0.18275606632232666,modal,cuda,PPIL4:K562
YBX3,K562,chr1:40092469:T:A,1,0,-0.7641440629959106,modal,cuda,PPIL4:K562
YBX3,K562,chr1:40092498:C:T,1,0,0.4700183868408203,modal,cuda,PPIL4:K562
YBX3,K562,chr1:40092509:T:A,1,0,0.6941869854927063,modal,cuda,PPIL4:K562
YBX3,K562,chr1:41009596:G:A,0,0,0.3150014281272888,modal,cuda,PPIL4:K562
YBX3,K562,chr1:43898228:T:C,0,0,0.48450997471809387,modal,cuda,PPIL4:K562
YBX3,K562,chr1:45012988:G:A,1,0,-3.7843472957611084,modal,cuda,PPIL4:K562
YBX3,K562,chr1:45014017:C:T,1,0,0.705957293510437,modal,cuda,PPIL4:K562
YBX3,K562,chr1:45014037:A:G,0,0,0.8563216328620911,modal,cuda,PPIL4:K562
YBX3,K562,chr1:54850556:A:G,0,0,-0.12201070785522461,modal,cuda,PPIL4:K562
YBX3,K562,chr1:54850649:A:G,0,0,0.20256561040878296,modal,cuda,PPIL4:K562
YBX3,K562,chr1:54851771:C:T,0,0,1.0453258752822876,modal,cuda,PPIL4:K562
YBX3,K562,chr1:54851909:A:G,0,0,-0.14261293411254883,modal,cuda,PPIL4:K562
YBX3,K562,chr1:54883599:G:A,0,0,-0.5584558248519897,modal,cuda,PPIL4:K562
YBX3,K562,chr1:55064155:C:T,0,0,0.4945031404495239,modal,cuda,PPIL4:K562
YBX3,K562,chr1:55064198:C:T,0,0,-0.30199527740478516,modal,cuda,PPIL4:K562
YBX3,K562,chr1:7969422:A:G,0,0,0.36668455600738525,modal,cuda,PPIL4:K562
YBX3,K562,chr1:7977638:A:G,0,0,0.891857922077179,modal,cuda,PPIL4:K562
YBX3,K562,chr1:90940142:G:A,0,0,-0.2587401866912842,modal,cuda,PPIL4:K562
YBX3,K562,chr1:91712381:A:G,0,0,0.305366575717926,modal,cuda,PPIL4:K562
YBX3,K562,chr1:92833603:C:G,1,0,-2.6226844787597656,modal,cuda,PPIL4:K562
YBX3,K562,chr1:92833632:G:C,1,0,0.8014481067657471,modal,cuda,PPIL4:K562
YBX3,K562,chr1:92833658:C:T,1,0,-1.2998725175857544,modal,cuda,PPIL4:K562
YBX3,K562,chr1:92834833:G:T,1,0,-2.367520332336426,modal,cuda,PPIL4:K562
YBX3,K562,chr1:92834847:T:C,0,0,0.5918620228767395,modal,cuda,PPIL4:K562
YBX3,K562,chr20:2658766:C:T,0,0,-0.6876147985458374,modal,cuda,PPIL4:K562
YBX3,K562,chr20:2660486:C:T,0,0,0.3535405397415161,modal,cuda,PPIL4:K562
YBX3,K562,chr20:33417930:G:A,0,0,1.5044419765472412,modal,cuda,PPIL4:K562
YBX3,K562,chr20:34303226:C:A,0,0,0.38860830664634705,modal,cuda,PPIL4:K562
YBX3,K562,chr20:37223992:A:C,0,0,-1.1035137176513672,modal,cuda,PPIL4:K562
YBX3,K562,chr20:38161526:C:T,0,0,-0.47422605752944946,modal,cuda,PPIL4:K562
YBX3,K562,chr20:410526:C:T,0,0,0.666242241859436,modal,cuda,PPIL4:K562
YBX3,K562,chr20:445095:G:A,1,0,-0.4730299711227417,modal,cuda,PPIL4:K562
YBX3,K562,chr20:44636278:T:G,1,0,-0.5025538802146912,modal,cuda,PPIL4:K562
YBX3,K562,chr20:44636286:C:T,0,0,-0.45242226123809814,modal,cuda,PPIL4:K562
YBX3,K562,chr20:447909:T:C,0,0,0.3743077218532562,modal,cuda,PPIL4:K562
YBX3,K562,chr20:447946:G:A,1,0,-1.6054823398590088,modal,cuda,PPIL4:K562
YBX3,K562,chr20:448067:G:A,0,0,0.8363597393035889,modal,cuda,PPIL4:K562
YBX3,K562,chr20:45420648:C:T,1,0,0.4502139091491699,modal,cuda,PPIL4:K562
YBX3,K562,chr20:45424352:G:A,0,0,0.2493053674697876,modal,cuda,PPIL4:K562
YBX3,K562,chr20:45425562:C:T,0,0,0.6338763236999512,modal,cuda,PPIL4:K562
YBX3,K562,chr20:483959:C:T,0,0,-0.22808575630187988,modal,cuda,PPIL4:K562
YBX3,K562,chr20:49153924:A:C,0,0,-0.23968911170959473,modal,cuda,PPIL4:K562
YBX3,K562,chr20:50891355:T:G,0,0,-0.7182871103286743,modal,cuda,PPIL4:K562
YBX3,K562,chr20:5100832:G:A,0,0,0.31814783811569214,modal,cuda,PPIL4:K562
YBX3,K562,chr20:5118870:G:A,0,0,-0.7870845794677734,modal,cuda,PPIL4:K562
YBX3,K562,chr20:57354704:T:G,0,0,0.5920217037200928,modal,cuda,PPIL4:K562
YBX3,K562,chr20:58444988:C:G,0,0,-0.8354783058166504,modal,cuda,PPIL4:K562
YBX3,K562,chr20:58895629:A:G,1,0,0.3971371650695801,modal,cuda,PPIL4:K562
YBX3,K562,chr20:58903569:T:C,1,0,-0.7009550333023071,modal,cuda,PPIL4:K562
YBX3,K562,chr20:58903590:G:A,1,0,-0.8687165975570679,modal,cuda,PPIL4:K562
YBX3,K562,chr20:58903683:C:T,0,0,0.42724084854125977,modal,cuda,PPIL4:K562
YBX3,K562,chr20:58903697:T:A,1,0,-1.1479612588882446,modal,cuda,PPIL4:K562
YBX3,K562,chr20:58903702:C:T,1,0,0.4861067831516266,modal,cuda,PPIL4:K562
YBX3,K562,chr20:58903752:C:T,0,0,0.15795987844467163,modal,cuda,PPIL4:K562
YBX3,K562,chr20:58903801:A:T,0,0,0.8232094049453735,modal,cuda,PPIL4:K562
YBX3,K562,chr20:58903802:C:A,0,0,0.48109930753707886,modal,cuda,PPIL4:K562
YBX3,K562,chr20:58905365:T:C,0,0,0.31307166814804077,modal,cuda,PPIL4:K562
YBX3,K562,chr20:58905383:G:T,1,0,-0.6591537594795227,modal,cuda,PPIL4:K562
YBX3,K562,chr20:58905411:G:A,1,0,-1.3457450866699219,modal,cuda,PPIL4:K562
YBX3,K562,chr20:58905426:T:C,1,0,-0.7124336957931519,modal,cuda,PPIL4:K562
YBX3,K562,chr20:58905434:T:C,1,0,-0.47759753465652466,modal,cuda,PPIL4:K562
YBX3,K562,chr20:58905439:C:G,1,0,-1.3620644807815552,modal,cuda,PPIL4:K562
YBX3,K562,chr20:58905443:C:T,1,0,-0.2662163972854614,modal,cuda,PPIL4:K562
YBX3,K562,chr20:58905457:C:A,1,0,-2.15639066696167,modal,cuda,PPIL4:K562
YBX3,K562,chr20:58905457:C:G,1,0,-1.38860023021698,modal,cuda,PPIL4:K562
YBX3,K562,chr20:58905458:C:T,1,0,-0.8080806136131287,modal,cuda,PPIL4:K562
YBX3,K562,chr20:58905476:C:T,1,0,-0.9100632667541504,modal,cuda,PPIL4:K562
YBX3,K562,chr20:58909186:C:T,0,0,0.48309534788131714,modal,cuda,PPIL4:K562
YBX3,K562,chr20:58909190:C:T,1,0,-0.8493446707725525,modal,cuda,PPIL4:K562
YBX3,K562,chr20:58909201:T:G,1,0,-1.2530823945999146,modal,cuda,PPIL4:K562
YBX3,K562,chr20:58909338:A:G,0,0,-0.4476446509361267,modal,cuda,PPIL4:K562
YBX3,K562,chr20:58909359:C:T,1,0,-1.5711016654968262,modal,cuda,PPIL4:K562
YBX3,K562,chr20:58909360:G:C,1,0,-0.9861447215080261,modal,cuda,PPIL4:K562
YBX3,K562,chr20:58909365:C:G,1,0,-0.8834035992622375,modal,cuda,PPIL4:K562
YBX3,K562,chr20:58909401:C:T,1,0,-2.6134395599365234,modal,cuda,PPIL4:K562
YBX3,K562,chr20:58909540:C:T,1,0,-0.48106300830841064,modal,cuda,PPIL4:K562
YBX3,K562,chr20:58909542:G:C,1,0,0.40370678901672363,modal,cuda,PPIL4:K562
YBX3,K562,chr20:58909543:C:T,1,0,0.33592522144317627,modal,cuda,PPIL4:K562
YBX3,K562,chr20:58909553:G:A,1,0,0.23106014728546143,modal,cuda,PPIL4:K562
YBX3,K562,chr20:58909560:G:A,0,0,0.323283851146698,modal,cuda,PPIL4:K562
YBX3,K562,chr20:58909563:G:A,1,0,-1.2358280420303345,modal,cuda,PPIL4:K562
YBX3,K562,chr20:58909715:C:G,1,0,-0.7645983695983887,modal,cuda,PPIL4:K562
YBX3,K562,chr20:58909738:G:T,1,0,-0.3098769187927246,modal,cuda,PPIL4:K562
YBX3,K562,chr20:58909749:C:T,1,0,-0.11384773254394531,modal,cuda,PPIL4:K562
YBX3,K562,chr20:58909764:C:T,1,0,-0.4376271963119507,modal,cuda,PPIL4:K562
YBX3,K562,chr20:58909822:C:T,0,0,0.2899880111217499,modal,cuda,PPIL4:K562
YBX3,K562,chr20:58909989:A:C,1,0,-0.7027795314788818,modal,cuda,PPIL4:K562
YBX3,K562,chr20:58910009:A:T,1,0,0.9684537649154663,modal,cuda,PPIL4:K562
YBX3,K562,chr20:58910028:C:A,1,0,1.027167797088623,modal,cuda,PPIL4:K562
YBX3,K562,chr20:58910028:C:T,1,0,0.5766210556030273,modal,cuda,PPIL4:K562
YBX3,K562,chr20:58910711:G:A,1,0,0.40996497869491577,modal,cuda,PPIL4:K562
YBX3,K562,chr20:58910740:G:T,1,0,-0.10640585422515869,modal,cuda,PPIL4:K562
YBX3,K562,chr20:58910757:C:T,0,0,0.13091278076171875,modal,cuda,PPIL4:K562
YBX3,K562,chr20:58910759:T:C,1,0,-0.288881778717041,modal,cuda,PPIL4:K562
YBX3,K562,chr20:58910794:C:G,1,0,0.36304348707199097,modal,cuda,PPIL4:K562
YBX3,K562,chr20:58910807:T:G,1,0,-0.629278838634491,modal,cuda,PPIL4:K562
YBX3,K562,chr20:63693320:C:T,0,0,0.689245879650116,modal,cuda,PPIL4:K562
YBX3,K562,chr21:33296442:A:G,0,0,0.14107263088226318,modal,cuda,PPIL4:K562
YBX3,K562,chr21:33296492:G:A,0,0,-0.3408017158508301,modal,cuda,PPIL4:K562
YBX3,K562,chr21:33432343:T:C,0,0,0.9475740194320679,modal,cuda,PPIL4:K562
YBX3,K562,chr21:33549888:A:G,0,0,-0.20845508575439453,modal,cuda,PPIL4:K562
YBX3,K562,chr21:33552678:G:A,0,0,0.12051963806152344,modal,cuda,PPIL4:K562
YBX3,K562,chr21:33552726:A:T,0,0,0.07789206504821777,modal,cuda,PPIL4:K562
YBX3,K562,chr21:33553139:C:T,0,0,0.11333632469177246,modal,cuda,PPIL4:K562
YBX3,K562,chr21:33553180:G:A,0,0,0.566899299621582,modal,cuda,PPIL4:K562
YBX3,K562,chr21:33553196:C:T,0,0,-0.10692000389099121,modal,cuda,PPIL4:K562
YBX3,K562,chr21:33553645:A:G,0,0,-0.9506512880325317,modal,cuda,PPIL4:K562
YBX3,K562,chr21:33553674:A:G,0,0,-0.3078514337539673,modal,cuda,PPIL4:K562
YBX3,K562,chr21:33553685:A:G,0,0,-0.3347364664077759,modal,cuda,PPIL4:K562
YBX3,K562,chr21:33553694:A:G,0,0,-0.23046422004699707,modal,cuda,PPIL4:K562
YBX3,K562,chr21:33553711:C:T,1,0,0.866710901260376,modal,cuda,PPIL4:K562
YBX3,K562,chr21:33553737:G:A,0,0,-0.1813993752002716,modal,cuda,PPIL4:K562
YBX3,K562,chr21:33553783:C:T,0,0,0.7263365983963013,modal,cuda,PPIL4:K562
YBX3,K562,chr21:33553785:C:T,0,0,-0.5216784477233887,modal,cuda,PPIL4:K562
YBX3,K562,chr21:33554269:G:T,1,0,2.805706024169922,modal,cuda,PPIL4:K562
YBX3,K562,chr21:33554335:A:G,0,0,0.23336291313171387,modal,cuda,PPIL4:K562
YBX3,K562,chr21:33554495:C:G,0,0,0.262235164642334,modal,cuda,PPIL4:K562
YBX3,K562,chr21:33578303:G:A,0,0,-0.5866255760192871,modal,cuda,PPIL4:K562
YBX3,K562,chr21:37126118:T:C,0,0,-0.19641923904418945,modal,cuda,PPIL4:K562
YBX3,K562,chr21:39178608:T:C,0,0,-0.39672568440437317,modal,cuda,PPIL4:K562
YBX3,K562,chr21:43774128:A:G,0,0,-1.7099884748458862,modal,cuda,PPIL4:K562
YBX3,K562,chr21:45537757:C:T,0,0,0.4704941511154175,modal,cuda,PPIL4:K562
YBX3,K562,chr21:45538002:G:A,0,0,0.5468744039535522,modal,cuda,PPIL4:K562
YBX3,K562,chr21:46194255:T:C,0,0,-1.6789854764938354,modal,cuda,PPIL4:K562
YBX3,K562,chr22:17628665:T:C,0,3,0.274677038192749,modal,cuda,PPIL4:K562
YBX3,K562,chr22:19057110:A:C,0,3,-0.13540585339069366,modal,cuda,PPIL4:K562
YBX3,K562,chr22:19139281:C:T,0,3,-0.31959861516952515,modal,cuda,PPIL4:K562
YBX3,K562,chr22:19962643:C:T,0,3,0.07049712538719177,modal,cuda,PPIL4:K562
YBX3,K562,chr22:20043405:T:A,1,3,0.7245977520942688,modal,cuda,PPIL4:K562
YBX3,K562,chr22:20043405:T:G,1,3,-0.6352340579032898,modal,cuda,PPIL4:K562
YBX3,K562,chr22:20043417:G:A,1,3,-0.5826519727706909,modal,cuda,PPIL4:K562
YBX3,K562,chr22:20043418:G:A,1,3,-0.5339852571487427,modal,cuda,PPIL4:K562
YBX3,K562,chr22:20043456:G:T,0,3,-0.6334785223007202,modal,cuda,PPIL4:K562
YBX3,K562,chr22:20043457:C:T,0,3,0.10228294134140015,modal,cuda,PPIL4:K562
YBX3,K562,chr22:20052502:G:A,1,3,-0.8290572166442871,modal,cuda,PPIL4:K562
YBX3,K562,chr22:20752895:G:A,0,3,-0.8108663558959961,modal,cuda,PPIL4:K562
YBX3,K562,chr22:23895031:C:T,0,3,0.6694775223731995,modal,cuda,PPIL4:K562
YBX3,K562,chr22:23895034:C:G,0,3,-0.08339229226112366,modal,cuda,PPIL4:K562
YBX3,K562,chr22:24321443:C:T,0,3,-0.3649231195449829,modal,cuda,PPIL4:K562
YBX3,K562,chr22:28734534:A:T,1,3,-0.43378007411956787,modal,cuda,PPIL4:K562
YBX3,K562,chr22:29678195:G:A,1,3,0.7548394799232483,modal,cuda,PPIL4:K562
YBX3,K562,chr22:29678292:A:T,1,3,-3.2392303943634033,modal,cuda,PPIL4:K562
YBX3,K562,chr22:30344925:C:G,0,3,0.2034839391708374,modal,cuda,PPIL4:K562
YBX3,K562,chr22:36518920:G:A,0,3,-0.5320271253585815,modal,cuda,PPIL4:K562
YBX3,K562,chr22:37241567:A:G,0,3,0.12550795078277588,modal,cuda,PPIL4:K562
YBX3,K562,chr22:40349976:C:G,1,3,-0.7203177809715271,modal,cuda,PPIL4:K562
YBX3,K562,chr22:40350018:T:C,1,3,0.6664679646492004,modal,cuda,PPIL4:K562
YBX3,K562,chr22:40353069:G:A,0,3,-0.18451285362243652,modal,cuda,PPIL4:K562
YBX3,K562,chr22:40354285:A:T,0,3,0.4731660783290863,modal,cuda,PPIL4:K562
YBX3,K562,chr22:40364910:C:T,1,3,2.595978021621704,modal,cuda,PPIL4:K562
YBX3,K562,chr22:41528022:G:C,1,3,-0.418895959854126,modal,cuda,PPIL4:K562
YBX3,K562,chr22:42087042:T:G,0,3,0.6043171286582947,modal,cuda,PPIL4:K562
YBX3,K562,chr22:45807045:A:G,0,3,0.4309355616569519,modal,cuda,PPIL4:K562
YBX3,K562,chr2:10053051:C:A,0,4,1.1368358135223389,modal,cuda,PPIL4:K562
YBX3,K562,chr2:10122846:G:A,0,4,-0.37285172939300537,modal,cuda,PPIL4:K562
YBX3,K562,chr2:102764375:G:A,0,4,0.9657094478607178,modal,cuda,PPIL4:K562
YBX3,K562,chr2:105386397:G:A,0,4,0.1790761947631836,modal,cuda,PPIL4:K562
YBX3,K562,chr2:105386409:G:A,0,4,-0.03749203681945801,modal,cuda,PPIL4:K562
YBX3,K562,chr2:108768392:A:G,0,4,0.9896289110183716,modal,cuda,PPIL4:K562
YBX3,K562,chr2:110658536:G:A,0,4,-1.827237844467163,modal,cuda,PPIL4:K562
YBX3,K562,chr2:111847888:T:C,0,4,-0.4930918216705322,modal,cuda,PPIL4:K562
YBX3,K562,chr2:112575833:C:T,0,4,-0.8129711151123047,modal,cuda,PPIL4:K562
YBX3,K562,chr2:126693955:C:G,0,4,-0.4443206787109375,modal,cuda,PPIL4:K562
YBX3,K562,chr2:128152899:C:T,1,4,2.9631550312042236,modal,cuda,PPIL4:K562
YBX3,K562,chr2:128155519:T:C,1,4,-0.8767505884170532,modal,cuda,PPIL4:K562
YBX3,K562,chr2:128159703:G:T,0,4,-1.1854301691055298,modal,cuda,PPIL4:K562
YBX3,K562,chr2:128173894:T:C,0,4,0.7388750910758972,modal,cuda,PPIL4:K562
YBX3,K562,chr2:128173902:A:G,0,4,-0.8893876075744629,modal,cuda,PPIL4:K562
YBX3,K562,chr2:128178569:G:A,1,4,0.8604201078414917,modal,cuda,PPIL4:K562
YBX3,K562,chr2:130338790:G:A,0,4,0.6354893445968628,modal,cuda,PPIL4:K562
YBX3,K562,chr2:135870364:G:A,0,4,-1.1982040405273438,modal,cuda,PPIL4:K562
YBX3,K562,chr2:135911368:T:C,0,4,0.39617466926574707,modal,cuda,PPIL4:K562
YBX3,K562,chr2:144404138:C:T,0,4,0.8573322296142578,modal,cuda,PPIL4:K562
YBX3,K562,chr2:15234679:T:C,0,4,-0.5286586284637451,modal,cuda,PPIL4:K562
YBX3,K562,chr2:15292717:T:C,0,4,-0.3507871627807617,modal,cuda,PPIL4:K562
YBX3,K562,chr2:15292721:G:A,1,4,-1.5134977102279663,modal,cuda,PPIL4:K562
YBX3,K562,chr2:15308272:G:T,0,4,0.8107180595397949,modal,cuda,PPIL4:K562
YBX3,K562,chr2:15309159:G:C,0,4,-0.5034221410751343,modal,cuda,PPIL4:K562
YBX3,K562,chr2:15309231:T:G,0,4,1.0809259414672852,modal,cuda,PPIL4:K562
YBX3,K562,chr2:15330657:G:A,1,4,-1.8109254837036133,modal,cuda,PPIL4:K562
YBX3,K562,chr2:15330718:C:T,1,4,-1.605142593383789,modal,cuda,PPIL4:K562
YBX3,K562,chr2:15330719:C:T,1,4,-1.146296739578247,modal,cuda,PPIL4:K562
YBX3,K562,chr2:15330724:C:T,0,4,0.5356229543685913,modal,cuda,PPIL4:K562
YBX3,K562,chr2:15379589:A:G,0,4,0.8694292306900024,modal,cuda,PPIL4:K562
YBX3,K562,chr2:15379649:G:T,1,4,-2.796689748764038,modal,cuda,PPIL4:K562
YBX3,K562,chr2:15402193:C:A,1,4,1.0634739398956299,modal,cuda,PPIL4:K562
YBX3,K562,chr2:15402213:C:G,0,4,-0.17695903778076172,modal,cuda,PPIL4:K562
YBX3,K562,chr2:15402228:C:T,0,4,0.6228935718536377,modal,cuda,PPIL4:K562
YBX3,K562,chr2:15402229:G:A,1,4,1.2762813568115234,modal,cuda,PPIL4:K562
YBX3,K562,chr2:15415617:C:A,1,4,1.7149913311004639,modal,cuda,PPIL4:K562
YBX3,K562,chr2:15415638:C:G,0,4,-0.38687825202941895,modal,cuda,PPIL4:K562
YBX3,K562,chr2:15415656:C:A,1,4,-2.289903163909912,modal,cuda,PPIL4:K562
YBX3,K562,chr2:15415681:C:T,1,4,-0.9323277473449707,modal,cuda,PPIL4:K562
YBX3,K562,chr2:15461759:C:T,0,4,0.3985120356082916,modal,cuda,PPIL4:K562
YBX3,K562,chr2:15461781:C:G,0,4,-0.9642530679702759,modal,cuda,PPIL4:K562
YBX3,K562,chr2:15467346:G:A,1,4,2.365537405014038,modal,cuda,PPIL4:K562
YBX3,K562,chr2:158621122:G:T,0,4,0.711962103843689,modal,cuda,PPIL4:K562
YBX3,K562,chr2:161367778:C:A,0,4,0.7397471070289612,modal,cuda,PPIL4:K562
YBX3,K562,chr2:169824480:C:T,0,4,-0.9928659200668335,modal,cuda,PPIL4:K562
YBX3,K562,chr2:175178369:A:G,0,4,0.2961474657058716,modal,cuda,PPIL4:K562
YBX3,K562,chr2:175180088:C:T,0,4,-0.666951596736908,modal,cuda,PPIL4:K562
YBX3,K562,chr2:197416735:A:T,0,4,0.13265275955200195,modal,cuda,PPIL4:K562
YBX3,K562,chr2:218249361:C:T,0,4,-0.14077472686767578,modal,cuda,PPIL4:K562
YBX3,K562,chr2:218275565:G:C,0,4,-0.11323165893554688,modal,cuda,PPIL4:K562
YBX3,K562,chr2:219210369:G:A,0,4,-0.817272424697876,modal,cuda,PPIL4:K562
YBX3,K562,chr2:222571888:C:T,0,4,-0.5095513463020325,modal,cuda,PPIL4:K562
YBX3,K562,chr2:222613892:T:G,1,4,-1.049120306968689,modal,cuda,PPIL4:K562
YBX3,K562,chr2:227332522:G:A,0,4,0.11853504180908203,modal,cuda,PPIL4:K562
YBX3,K562,chr2:239961116:G:A,0,4,0.41190218925476074,modal,cuda,PPIL4:K562
YBX3,K562,chr2:240005219:A:G,1,4,-0.25202667713165283,modal,cuda,PPIL4:K562
YBX3,K562,chr2:26190919:A:G,0,4,-0.188912034034729,modal,cuda,PPIL4:K562
YBX3,K562,chr2:26190948:C:T,0,4,0.31148087978363037,modal,cuda,PPIL4:K562
YBX3,K562,chr2:26193784:G:A,0,4,-1.1142665147781372,modal,cuda,PPIL4:K562
YBX3,K562,chr2:27053542:G:A,1,4,-1.709209680557251,modal,cuda,PPIL4:K562
YBX3,K562,chr2:27054016:C:T,1,4,-3.5463552474975586,modal,cuda,PPIL4:K562
YBX3,K562,chr2:27054682:G:A,0,4,-0.7997963428497314,modal,cuda,PPIL4:K562
YBX3,K562,chr2:27054736:C:T,1,4,-0.827772855758667,modal,cuda,PPIL4:K562
YBX3,K562,chr2:27055982:G:A,1,4,-0.8657074570655823,modal,cuda,PPIL4:K562
YBX3,K562,chr2:27056712:T:G,1,4,-4.50565242767334,modal,cuda,PPIL4:K562
YBX3,K562,chr2:27056716:C:T,1,4,-4.636188507080078,modal,cuda,PPIL4:K562
YBX3,K562,chr2:27058503:G:A,1,4,-2.632680892944336,modal,cuda,PPIL4:K562
YBX3,K562,chr2:27058529:C:T,1,4,-2.2468972206115723,modal,cuda,PPIL4:K562
YBX3,K562,chr2:27059361:T:A,0,4,-0.5184751749038696,modal,cuda,PPIL4:K562
YBX3,K562,chr2:28906450:T:A,0,4,-0.6203598976135254,modal,cuda,PPIL4:K562
YBX3,K562,chr2:32549487:T:G,0,4,-0.35219717025756836,modal,cuda,PPIL4:K562
YBX3,K562,chr2:3575322:G:T,0,4,-0.21782135963439941,modal,cuda,PPIL4:K562
YBX3,K562,chr2:3575333:A:C,0,4,1.5564744472503662,modal,cuda,PPIL4:K562
YBX3,K562,chr2:36867802:A:G,0,4,0.4485452175140381,modal,cuda,PPIL4:K562
YBX3,K562,chr2:43888044:T:A,0,4,-0.4250311851501465,modal,cuda,PPIL4:K562
YBX3,K562,chr2:43995780:A:G,0,4,1.3491530418395996,modal,cuda,PPIL4:K562
YBX3,K562,chr2:46902788:G:C,0,4,-0.4222404956817627,modal,cuda,PPIL4:K562
YBX3,K562,chr2:46902805:G:A,0,4,2.5937390327453613,modal,cuda,PPIL4:K562
YBX3,K562,chr2:46956842:C:T,1,4,0.639019250869751,modal,cuda,PPIL4:K562
YBX3,K562,chr2:47416319:C:A,0,4,-1.2044849395751953,modal,cuda,PPIL4:K562
YBX3,K562,chr2:47416322:T:G,0,4,0.5276566743850708,modal,cuda,PPIL4:K562
YBX3,K562,chr2:47416341:C:T,0,4,0.8203327655792236,modal,cuda,PPIL4:K562
YBX3,K562,chr2:47416346:T:C,0,4,0.7617456912994385,modal,cuda,PPIL4:K562
YBX3,K562,chr2:47416352:T:A,1,4,-0.9960479736328125,modal,cuda,PPIL4:K562
YBX3,K562,chr2:47416361:T:C,0,4,0.6113331317901611,modal,cuda,PPIL4:K562
YBX3,K562,chr2:47429851:A:T,1,4,1.8037681579589844,modal,cuda,PPIL4:K562
YBX3,K562,chr2:47429883:A:G,0,4,0.31701427698135376,modal,cuda,PPIL4:K562
YBX3,K562,chr2:47478315:A:T,1,4,-4.4370808601379395,modal,cuda,PPIL4:K562
YBX3,K562,chr2:47478318:G:T,1,4,-0.9255523681640625,modal,cuda,PPIL4:K562
YBX3,K562,chr2:47478332:C:A,1,4,-3.9150748252868652,modal,cuda,PPIL4:K562
YBX3,K562,chr2:47478425:T:A,0,4,-1.1399633884429932,modal,cuda,PPIL4:K562
YBX3,K562,chr2:47478434:C:G,0,4,-0.4062056541442871,modal,cuda,PPIL4:K562
YBX3,K562,chr2:47478452:T:C,0,4,0.9830790162086487,modal,cuda,PPIL4:K562
YBX3,K562,chr2:47478479:C:A,0,4,-0.30970078706741333,modal,cuda,PPIL4:K562
YBX3,K562,chr2:47478491:C:G,0,4,-0.46988606452941895,modal,cuda,PPIL4:K562
YBX3,K562,chr2:47800202:T:A,1,4,-2.6136302947998047,modal,cuda,PPIL4:K562
YBX3,K562,chr2:47800260:A:G,0,4,0.7205191850662231,modal,cuda,PPIL4:K562
YBX3,K562,chr2:47800263:G:A,0,4,1.7109153270721436,modal,cuda,PPIL4:K562
YBX3,K562,chr2:47800365:C:G,0,4,0.34252238273620605,modal,cuda,PPIL4:K562
YBX3,K562,chr2:47800411:G:T,1,4,4.728238105773926,modal,cuda,PPIL4:K562
YBX3,K562,chr2:47800423:A:T,1,4,2.153266191482544,modal,cuda,PPIL4:K562
YBX3,K562,chr2:47800431:A:T,0,4,0.8602510690689087,modal,cuda,PPIL4:K562
YBX3,K562,chr2:47800890:T:A,1,4,-2.895188570022583,modal,cuda,PPIL4:K562
YBX3,K562,chr2:47800899:T:C,0,4,-2.799370288848877,modal,cuda,PPIL4:K562
YBX3,K562,chr2:47800932:G:A,0,4,-3.0391623973846436,modal,cuda,PPIL4:K562
YBX3,K562,chr2:47800970:T:A,1,4,-1.6149275302886963,modal,cuda,PPIL4:K562
YBX3,K562,chr2:61496870:T:C,0,4,1.4124881029129028,modal,cuda,PPIL4:K562
YBX3,K562,chr2:65016688:G:A,0,4,-0.4700514078140259,modal,cuda,PPIL4:K562
YBX3,K562,chr2:68180794:A:G,0,4,-1.1987804174423218,modal,cuda,PPIL4:K562
YBX3,K562,chr2:69325319:G:T,0,4,-1.315385103225708,modal,cuda,PPIL4:K562
YBX3,K562,chr2:69325389:C:A,0,4,-1.1584441661834717,modal,cuda,PPIL4:K562
YBX3,K562,chr2:69359261:T:A,0,4,-0.37849974632263184,modal,cuda,PPIL4:K562
YBX3,K562,chr2:74532714:G:A,1,4,-1.0959842205047607,modal,cuda,PPIL4:K562
YBX3,K562,chr2:88750609:T:G,0,4,-1.7987987995147705,modal,cuda,PPIL4:K562
YBX3,K562,chr2:96278528:G:A,0,4,0.1794605255126953,modal,cuda,PPIL4:K562
YBX3,K562,chr2:96278538:G:A,0,4,-0.20836520195007324,modal,cuda,PPIL4:K562
YBX3,K562,chr2:96286294:G:C,0,4,1.2272621393203735,modal,cuda,PPIL4:K562
YBX3,K562,chr3:100709616:G:C,0,3,-0.45612913370132446,modal,cuda,PPIL4:K562
YBX3,K562,chr3:10142090:G:T,0,3,-0.22442395985126495,modal,cuda,PPIL4:K562
YBX3,K562,chr3:10142121:G:C,0,3,-0.2237100601196289,modal,cuda,PPIL4:K562
YBX3,K562,chr3:10142139:T:A,1,3,-0.18824800848960876,modal,cuda,PPIL4:K562
YBX3,K562,chr3:10146603:G:T,1,3,-1.3885008096694946,modal,cuda,PPIL4:K562
YBX3,K562,chr3:10146606:C:T,1,3,-1.3698828220367432,modal,cuda,PPIL4:K562
YBX3,K562,chr3:10146618:G:A,1,3,0.924980878829956,modal,cuda,PPIL4:K562
YBX3,K562,chr3:10146618:G:C,1,3,1.5272481441497803,modal,cuda,PPIL4:K562
YBX3,K562,chr3:10146618:G:T,1,3,1.3700909614562988,modal,cuda,PPIL4:K562
YBX3,K562,chr3:10146625:T:C,1,3,-0.3650871515274048,modal,cuda,PPIL4:K562
YBX3,K562,chr3:10146625:T:G,1,3,0.8877089023590088,modal,cuda,PPIL4:K562
YBX3,K562,chr3:10146634:C:T,1,3,-0.9902176260948181,modal,cuda,PPIL4:K562
YBX3,K562,chr3:10146637:G:A,1,3,0.6371015906333923,modal,cuda,PPIL4:K562
YBX3,K562,chr3:10146637:G:T,1,3,-0.7475759387016296,modal,cuda,PPIL4:K562
YBX3,K562,chr3:10146644:C:T,0,3,0.3239094614982605,modal,cuda,PPIL4:K562
YBX3,K562,chr3:10149790:A:C,1,3,-0.49579811096191406,modal,cuda,PPIL4:K562
YBX3,K562,chr3:10149793:C:T,1,3,-0.47881025075912476,modal,cuda,PPIL4:K562
YBX3,K562,chr3:10149795:C:G,1,3,0.627487301826477,modal,cuda,PPIL4:K562
YBX3,K562,chr3:10149796:T:C,1,3,-0.537381649017334,modal,cuda,PPIL4:K562
YBX3,K562,chr3:10149796:T:G,1,3,0.8736908435821533,modal,cuda,PPIL4:K562
YBX3,K562,chr3:10149798:A:T,1,3,-1.2431175708770752,modal,cuda,PPIL4:K562
YBX3,K562,chr3:10149801:G:T,1,3,0.9139065146446228,modal,cuda,PPIL4:K562
YBX3,K562,chr3:10149804:C:G,1,3,-1.2883243560791016,modal,cuda,PPIL4:K562
YBX3,K562,chr3:10149804:C:T,1,3,-1.2081375122070312,modal,cuda,PPIL4:K562
YBX3,K562,chr3:10149805:G:A,1,3,-0.8909099698066711,modal,cuda,PPIL4:K562
YBX3,K562,chr3:10149805:G:C,1,3,-1.8968288898468018,modal,cuda,PPIL4:K562
YBX3,K562,chr3:10149807:T:C,1,3,0.696441113948822,modal,cuda,PPIL4:K562
YBX3,K562,chr3:10149808:G:T,1,3,0.4290287494659424,modal,cuda,PPIL4:K562
YBX3,K562,chr3:10149809:C:A,1,3,1.8161003589630127,modal,cuda,PPIL4:K562
YBX3,K562,chr3:10149809:C:T,0,3,0.6633809804916382,modal,cuda,PPIL4:K562
YBX3,K562,chr3:10149811:T:G,1,3,0.40508198738098145,modal,cuda,PPIL4:K562
YBX3,K562,chr3:10149813:C:T,1,3,-0.9197428226470947,modal,cuda,PPIL4:K562
YBX3,K562,chr3:10149814:A:G,1,3,1.452925682067871,modal,cuda,PPIL4:K562
YBX3,K562,chr3:10149819:G:T,1,3,-0.5359776616096497,modal,cuda,PPIL4:K562
YBX3,K562,chr3:10149820:T:A,1,3,-0.5102586150169373,modal,cuda,PPIL4:K562
YBX3,K562,chr3:10149822:C:G,1,3,-1.0965838432312012,modal,cuda,PPIL4:K562
YBX3,K562,chr3:10149823:G:A,1,3,-0.3305785655975342,modal,cuda,PPIL4:K562
YBX3,K562,chr3:10149823:G:T,1,3,-0.7693665027618408,modal,cuda,PPIL4:K562
YBX3,K562,chr3:12604184:A:C,1,3,-0.2192767858505249,modal,cuda,PPIL4:K562
YBX3,K562,chr3:12604189:G:A,1,3,0.25088977813720703,modal,cuda,PPIL4:K562
YBX3,K562,chr3:12604192:T:G,1,3,-0.17584051191806793,modal,cuda,PPIL4:K562
YBX3,K562,chr3:12604194:G:A,1,3,0.31200361251831055,modal,cuda,PPIL4:K562
YBX3,K562,chr3:12604194:G:T,1,3,-0.22804367542266846,modal,cuda,PPIL4:K562
YBX3,K562,chr3:12604195:A:C,1,3,0.34736573696136475,modal,cuda,PPIL4:K562
YBX3,K562,chr3:12604195:A:T,1,3,0.1378086805343628,modal,cuda,PPIL4:K562
YBX3,K562,chr3:12604200:G:A,1,3,-0.28983891010284424,modal,cuda,PPIL4:K562
YBX3,K562,chr3:127618054:G:A,0,3,-0.212921142578125,modal,cuda,PPIL4:K562
YBX3,K562,chr3:127618066:C:T,0,3,-1.3256230354309082,modal,cuda,PPIL4:K562
YBX3,K562,chr3:127618067:G:A,0,3,-0.9499331116676331,modal,cuda,PPIL4:K562
YBX3,K562,chr3:127618091:A:G,0,3,-0.2864665389060974,modal,cuda,PPIL4:K562
YBX3,K562,chr3:127620802:C:T,0,3,-0.18017321825027466,modal,cuda,PPIL4:K562
YBX3,K562,chr3:127621098:G:A,0,3,0.3589247167110443,modal,cuda,PPIL4:K562
YBX3,K562,chr3:128481911:T:C,1,3,-0.8090379238128662,modal,cuda,PPIL4:K562
YBX3,K562,chr3:128492907:G:A,0,3,-0.13038307428359985,modal,cuda,PPIL4:K562
YBX3,K562,chr3:128814268:A:G,0,3,-0.598604142665863,modal,cuda,PPIL4:K562
YBX3,K562,chr3:128814285:C:G,0,3,1.2476483583450317,modal,cuda,PPIL4:K562
YBX3,K562,chr3:14164836:G:A,1,3,2.39772367477417,modal,cuda,PPIL4:K562
YBX3,K562,chr3:149024090:C:T,1,3,0.9776729345321655,modal,cuda,PPIL4:K562
YBX3,K562,chr3:149024193:G:A,1,3,-0.8437129259109497,modal,cuda,PPIL4:K562
YBX3,K562,chr3:149024263:T:A,1,3,0.5560531616210938,modal,cuda,PPIL4:K562
YBX3,K562,chr3:155893704:A:G,0,3,0.634447455406189,modal,cuda,PPIL4:K562
YBX3,K562,chr3:179419386:G:C,0,3,0.9705209732055664,modal,cuda,PPIL4:K562
YBX3,K562,chr3:180985956:G:A,1,3,2.058058500289917,modal,cuda,PPIL4:K562
YBX3,K562,chr3:180986003:A:T,0,3,0.6808680891990662,modal,cuda,PPIL4:K562
YBX3,K562,chr3:184167572:A:C,0,3,-0.48231393098831177,modal,cuda,PPIL4:K562
YBX3,K562,chr3:184178853:T:C,0,3,-0.4432663917541504,modal,cuda,PPIL4:K562
YBX3,K562,chr3:184180255:C:T,0,3,0.40155214071273804,modal,cuda,PPIL4:K562
YBX3,K562,chr3:184180258:G:A,0,3,0.5807396173477173,modal,cuda,PPIL4:K562
YBX3,K562,chr3:184181693:C:T,0,3,-0.45683908462524414,modal,cuda,PPIL4:K562
YBX3,K562,chr3:184181827:G:A,0,3,0.27579665184020996,modal,cuda,PPIL4:K562
YBX3,K562,chr3:184182050:G:A,0,3,0.1461418867111206,modal,cuda,PPIL4:K562
YBX3,K562,chr3:184182057:G:A,0,3,-0.49037981033325195,modal,cuda,PPIL4:K562
YBX3,K562,chr3:184245333:A:T,1,3,0.42452293634414673,modal,cuda,PPIL4:K562
YBX3,K562,chr3:184245559:C:T,1,3,0.09550724923610687,modal,cuda,PPIL4:K562
YBX3,K562,chr3:184324183:A:G,0,3,0.25383883714675903,modal,cuda,PPIL4:K562
YBX3,K562,chr3:184325848:C:T,0,3,-0.8289365172386169,modal,cuda,PPIL4:K562
YBX3,K562,chr3:186575953:A:G,0,3,0.5786619782447815,modal,cuda,PPIL4:K562
YBX3,K562,chr3:186575956:T:C,0,3,1.2805633544921875,modal,cuda,PPIL4:K562
YBX3,K562,chr3:193694820:A:G,0,3,0.5589008331298828,modal,cuda,PPIL4:K562
YBX3,K562,chr3:197954050:G:A,1,3,0.8167333602905273,modal,cuda,PPIL4:K562
YBX3,K562,chr3:197954142:C:T,1,3,0.8637708425521851,modal,cuda,PPIL4:K562
YBX3,K562,chr3:23918510:C:G,1,3,0.43825316429138184,modal,cuda,PPIL4:K562
YBX3,K562,chr3:23918589:G:C,0,3,0.31479907035827637,modal,cuda,PPIL4:K562
YBX3,K562,chr3:23919194:A:G,1,3,-2.30088210105896,modal,cuda,PPIL4:K562
YBX3,K562,chr3:23919225:G:C,0,3,-0.7450600862503052,modal,cuda,PPIL4:K562
YBX3,K562,chr3:37001003:C:T,1,3,1.2445688247680664,modal,cuda,PPIL4:K562
YBX3,K562,chr3:37001008:C:A,0,3,0.4021657705307007,modal,cuda,PPIL4:K562
YBX3,K562,chr3:37001012:G:T,1,3,2.0229835510253906,modal,cuda,PPIL4:K562
YBX3,K562,chr3:37001019:T:G,1,3,1.6501438617706299,modal,cuda,PPIL4:K562
YBX3,K562,chr3:37001045:C:T,1,3,2.4979987144470215,modal,cuda,PPIL4:K562
YBX3,K562,chr3:37001046:G:C,1,3,-1.062650203704834,modal,cuda,PPIL4:K562
YBX3,K562,chr3:37001053:G:C,1,3,1.7670621871948242,modal,cuda,PPIL4:K562
YBX3,K562,chr3:37001054:G:A,1,3,1.2348334789276123,modal,cuda,PPIL4:K562
YBX3,K562,chr3:37001054:G:C,1,3,-1.7711325883865356,modal,cuda,PPIL4:K562
YBX3,K562,chr3:37001054:G:T,1,3,-0.8174206018447876,modal,cuda,PPIL4:K562
YBX3,K562,chr3:37001055:T:A,1,3,1.413204312324524,modal,cuda,PPIL4:K562
YBX3,K562,chr3:37001058:G:A,1,3,1.403778314590454,modal,cuda,PPIL4:K562
YBX3,K562,chr3:37004405:T:A,1,3,0.9462952613830566,modal,cuda,PPIL4:K562
YBX3,K562,chr3:37004414:T:G,1,3,-0.37297770380973816,modal,cuda,PPIL4:K562
YBX3,K562,chr3:38016553:C:T,0,3,-0.6393728256225586,modal,cuda,PPIL4:K562
YBX3,K562,chr3:47037732:A:G,0,3,0.15867167711257935,modal,cuda,PPIL4:K562
YBX3,K562,chr3:47406056:C:T,0,3,-0.2579161524772644,modal,cuda,PPIL4:K562
YBX3,K562,chr3:47916506:C:G,0,3,-0.4703493118286133,modal,cuda,PPIL4:K562
YBX3,K562,chr3:47916547:G:T,0,3,0.8518645167350769,modal,cuda,PPIL4:K562
YBX3,K562,chr3:47928240:G:A,0,3,0.7546080350875854,modal,cuda,PPIL4:K562
YBX3,K562,chr3:47928244:G:A,0,3,0.9865599274635315,modal,cuda,PPIL4:K562
YBX3,K562,chr3:4847204:A:T,0,3,1.3540780544281006,modal,cuda,PPIL4:K562
YBX3,K562,chr3:4847233:A:G,0,3,-0.5642728805541992,modal,cuda,PPIL4:K562
YBX3,K562,chr3:48857353:G:A,0,3,-0.8804830312728882,modal,cuda,PPIL4:K562
YBX3,K562,chr3:49022222:G:A,1,3,-0.16795563697814941,modal,cuda,PPIL4:K562
YBX3,K562,chr3:49099169:G:A,1,3,-1.3600386381149292,modal,cuda,PPIL4:K562
YBX3,K562,chr3:49099233:T:C,0,3,0.646157443523407,modal,cuda,PPIL4:K562
YBX3,K562,chr3:49099270:G:C,0,3,-0.4704192876815796,modal,cuda,PPIL4:K562
YBX3,K562,chr3:49099804:C:A,1,3,-1.3132227659225464,modal,cuda,PPIL4:K562
YBX3,K562,chr3:49099948:A:G,0,3,0.4325524568557739,modal,cuda,PPIL4:K562
YBX3,K562,chr3:49100273:G:A,1,3,0.4915069341659546,modal,cuda,PPIL4:K562
YBX3,K562,chr3:49100414:G:A,1,3,-1.4749191999435425,modal,cuda,PPIL4:K562
YBX3,K562,chr3:49100421:A:G,0,3,0.36995357275009155,modal,cuda,PPIL4:K562
YBX3,K562,chr3:49175045:C:T,0,3,-0.244623601436615,modal,cuda,PPIL4:K562
YBX3,K562,chr3:49368494:G:A,1,3,0.27281931042671204,modal,cuda,PPIL4:K562
YBX3,K562,chr3:50646735:C:G,0,3,-0.5758261680603027,modal,cuda,PPIL4:K562
YBX3,K562,chr3:53229263:A:G,0,3,0.41811275482177734,modal,cuda,PPIL4:K562
YBX3,K562,chr3:53229317:G:A,0,3,-0.18585903942584991,modal,cuda,PPIL4:K562
YBX3,K562,chr3:53229335:G:C,0,3,-0.20571644604206085,modal,cuda,PPIL4:K562
YBX3,K562,chr3:53233271:C:T,1,3,0.9082114100456238,modal,cuda,PPIL4:K562
YBX3,K562,chr3:53235030:T:C,0,3,0.19141200184822083,modal,cuda,PPIL4:K562
YBX3,K562,chr3:58096233:C:T,0,3,-0.527632474899292,modal,cuda,PPIL4:K562
YBX3,K562,chr3:67400711:G:A,0,3,0.46154287457466125,modal,cuda,PPIL4:K562
YBX3,K562,chr3:67400859:C:G,0,3,0.35160303115844727,modal,cuda,PPIL4:K562
YBX3,K562,chr3:9734426:C:T,1,3,0.8051386475563049,modal,cuda,PPIL4:K562
YBX3,K562,chr3:9734437:G:A,0,3,-0.12900511920452118,modal,cuda,PPIL4:K562
YBX3,K562,chr4:10097756:C:T,0,1,1.1878693103790283,modal,cuda,PPIL4:K562
YBX3,K562,chr4:10097834:G:C,1,1,-0.8659226894378662,modal,cuda,PPIL4:K562
YBX3,K562,chr4:121696590:G:A,0,1,3.902721405029297,modal,cuda,PPIL4:K562
YBX3,K562,chr4:121801378:G:A,0,1,0.9018542766571045,modal,cuda,PPIL4:K562
YBX3,K562,chr4:121801505:C:T,0,1,-2.0027823448181152,modal,cuda,PPIL4:K562
YBX3,K562,chr4:143513921:C:T,0,1,2.2364139556884766,modal,cuda,PPIL4:K562
YBX3,K562,chr4:183708527:A:G,0,1,-1.333829402923584,modal,cuda,PPIL4:K562
YBX3,K562,chr4:3518035:A:G,0,1,0.1906578540802002,modal,cuda,PPIL4:K562
YBX3,K562,chr4:44695724:G:T,1,1,-2.3577170372009277,modal,cuda,PPIL4:K562
YBX3,K562,chr4:56490422:A:G,0,1,-1.7722007036209106,modal,cuda,PPIL4:K562
YBX3,K562,chr4:56490564:T:C,0,1,-2.430551052093506,modal,cuda,PPIL4:K562
YBX3,K562,chr4:56502641:C:T,0,1,-2.3313450813293457,modal,cuda,PPIL4:K562
YBX3,K562,chr4:76124687:T:C,1,1,2.250722885131836,modal,cuda,PPIL4:K562
YBX3,K562,chr4:76124740:A:C,1,1,1.2942461967468262,modal,cuda,PPIL4:K562
YBX3,K562,chr4:88521653:A:G,1,1,-2.273836135864258,modal,cuda,PPIL4:K562
YBX3,K562,chr5:112839854:C:G,0,1,-0.7861993312835693,modal,cuda,PPIL4:K562
YBX3,K562,chr5:112841249:A:G,0,1,-0.612175703048706,modal,cuda,PPIL4:K562
YBX3,K562,chr5:112841279:C:A,0,1,1.1314451694488525,modal,cuda,PPIL4:K562
YBX3,K562,chr5:112841282:C:T,0,1,-1.5524859428405762,modal,cuda,PPIL4:K562
YBX3,K562,chr5:112841321:G:A,0,1,0.2536635398864746,modal,cuda,PPIL4:K562
YBX3,K562,chr5:112841357:T:C,0,1,0.6881517767906189,modal,cuda,PPIL4:K562
YBX3,K562,chr5:115913381:C:T,0,1,4.854897975921631,modal,cuda,PPIL4:K562
YBX3,K562,chr5:126811811:T:C,0,1,0.9984771609306335,modal,cuda,PPIL4:K562
YBX3,K562,chr5:131162590:T:C,0,1,1.501354694366455,modal,cuda,PPIL4:K562
YBX3,K562,chr5:131162604:G:A,1,1,3.4656872749328613,modal,cuda,PPIL4:K562
YBX3,K562,chr5:131162636:T:C,1,1,2.571861505508423,modal,cuda,PPIL4:K562
YBX3,K562,chr5:132867593:C:T,0,1,-2.42020845413208,modal,cuda,PPIL4:K562
YBX3,K562,chr5:134199091:G:C,1,1,3.6991052627563477,modal,cuda,PPIL4:K562
YBX3,K562,chr5:134199129:G:A,1,1,3.0230398178100586,modal,cuda,PPIL4:K562
YBX3,K562,chr5:134199182:C:T,0,1,-0.45623618364334106,modal,cuda,PPIL4:K562
YBX3,K562,chr5:134201961:G:A,1,1,-6.305874824523926,modal,cuda,PPIL4:K562
YBX3,K562,chr5:134202009:C:T,0,1,0.4733816087245941,modal,cuda,PPIL4:K562
YBX3,K562,chr5:135360551:T:C,0,1,0.7071407437324524,modal,cuda,PPIL4:K562
YBX3,K562,chr5:135369490:G:A,0,1,-0.6173989176750183,modal,cuda,PPIL4:K562
YBX3,K562,chr5:138932599:C:T,1,1,-1.8599236011505127,modal,cuda,PPIL4:K562
YBX3,K562,chr5:138932608:C:T,0,1,-0.19532299041748047,modal,cuda,PPIL4:K562
YBX3,K562,chr5:138932613:C:A,0,1,-0.6760993003845215,modal,cuda,PPIL4:K562
YBX3,K562,chr5:138932616:C:A,1,1,-3.749804735183716,modal,cuda,PPIL4:K562
YBX3,K562,chr5:138932616:C:G,1,1,-4.227542400360107,modal,cuda,PPIL4:K562
YBX3,K562,chr5:138932637:C:G,1,1,-6.471858024597168,modal,cuda,PPIL4:K562
YBX3,K562,chr5:139317048:T:A,0,1,-0.711851954460144,modal,cuda,PPIL4:K562
YBX3,K562,chr5:140647238:C:T,0,1,-0.3215830326080322,modal,cuda,PPIL4:K562
YBX3,K562,chr5:140647251:C:T,1,1,1.9321346282958984,modal,cuda,PPIL4:K562
YBX3,K562,chr5:140647294:T:G,1,1,-1.8441252708435059,modal,cuda,PPIL4:K562
YBX3,K562,chr5:140647330:T:G,1,1,0.4154987335205078,modal,cuda,PPIL4:K562
YBX3,K562,chr5:140647335:C:T,0,1,-0.6026872396469116,modal,cuda,PPIL4:K562
YBX3,K562,chr5:140647376:G:A,0,1,0.5449711680412292,modal,cuda,PPIL4:K562
YBX3,K562,chr5:141515547:T:C,0,1,3.828768014907837,modal,cuda,PPIL4:K562
YBX3,K562,chr5:146128661:G:A,0,1,2.911987781524658,modal,cuda,PPIL4:K562
YBX3,K562,chr5:175492244:G:A,0,1,1.1006709337234497,modal,cuda,PPIL4:K562
YBX3,K562,chr5:178149715:A:T,1,1,-3.3172640800476074,modal,cuda,PPIL4:K562
YBX3,K562,chr5:178149760:A:G,1,1,-2.3361308574676514,modal,cuda,PPIL4:K562
YBX3,K562,chr5:178149799:C:T,1,1,-1.9100252389907837,modal,cuda,PPIL4:K562
YBX3,K562,chr5:251414:C:G,1,1,-4.501363277435303,modal,cuda,PPIL4:K562
YBX3,K562,chr5:251415:G:T,1,1,-2.35748291015625,modal,cuda,PPIL4:K562
YBX3,K562,chr5:251426:A:G,0,1,-0.634242057800293,modal,cuda,PPIL4:K562
YBX3,K562,chr5:251454:A:C,0,1,-0.530235767364502,modal,cuda,PPIL4:K562
YBX3,K562,chr5:251457:G:T,1,1,-3.0881590843200684,modal,cuda,PPIL4:K562
YBX3,K562,chr5:32387639:A:G,0,1,-3.0312981605529785,modal,cuda,PPIL4:K562
YBX3,K562,chr5:33456216:A:G,1,1,8.34531021118164,modal,cuda,PPIL4:K562
YBX3,K562,chr5:36953763:A:C,1,1,6.915909290313721,modal,cuda,PPIL4:K562
YBX3,K562,chr5:36953766:T:C,1,1,-2.725689172744751,modal,cuda,PPIL4:K562
YBX3,K562,chr5:36955452:T:C,0,1,-1.4165579080581665,modal,cuda,PPIL4:K562
YBX3,K562,chr5:36955452:T:G,0,1,1.538369059562683,modal,cuda,PPIL4:K562
YBX3,K562,chr5:36955455:G:C,0,1,-2.6836133003234863,modal,cuda,PPIL4:K562
YBX3,K562,chr5:36955469:T:G,1,1,-0.7444090843200684,modal,cuda,PPIL4:K562
YBX3,K562,chr5:66038488:A:G,0,1,1.0455660820007324,modal,cuda,PPIL4:K562
YBX3,K562,chr5:6623205:A:G,0,1,0.6125085353851318,modal,cuda,PPIL4:K562
YBX3,K562,chr5:72183772:G:A,0,1,2.822728395462036,modal,cuda,PPIL4:K562
YBX3,K562,chr5:74736989:C:A,0,1,-2.038437843322754,modal,cuda,PPIL4:K562
YBX3,K562,chr5:74767329:C:G,0,1,-0.9232749938964844,modal,cuda,PPIL4:K562
YBX3,K562,chr5:79450980:T:C,0,1,2.1868014335632324,modal,cuda,PPIL4:K562
YBX3,K562,chr5:87376416:C:T,1,1,0.8935801982879639,modal,cuda,PPIL4:K562
YBX3,K562,chr5:87376443:G:T,1,1,-4.331353187561035,modal,cuda,PPIL4:K562
YBX3,K562,chr5:87376506:C:T,1,1,1.603271484375,modal,cuda,PPIL4:K562
YBX3,K562,chr5:87376512:C:T,1,1,1.770975112915039,modal,cuda,PPIL4:K562
YBX3,K562,chr5:87376517:C:G,1,1,-0.2894303798675537,modal,cuda,PPIL4:K562
YBX3,K562,chr5:88728487:G:C,0,1,2.565143585205078,modal,cuda,PPIL4:K562
YBX3,K562,chr5:916991:G:C,0,1,-3.828099489212036,modal,cuda,PPIL4:K562
YBX3,K562,chr5:916995:G:A,0,1,-0.5266932845115662,modal,cuda,PPIL4:K562
YBX3,K562,chr5:96730788:A:G,0,1,1.2026081085205078,modal,cuda,PPIL4:K562
YBX3,K562,chr5:96730872:C:G,0,1,0.8083033561706543,modal,cuda,PPIL4:K562
YBX3,K562,chr5:96736204:G:T,0,1,-1.1762866973876953,modal,cuda,PPIL4:K562
YBX3,K562,chr5:96736234:G:A,0,1,0.5814249515533447,modal,cuda,PPIL4:K562
YBX3,K562,chr5:96736235:G:T,1,1,2.9255969524383545,modal,cuda,PPIL4:K562
YBX3,K562,chr5:96750599:G:A,0,1,-1.602797508239746,modal,cuda,PPIL4:K562
YBX3,K562,chr5:96750630:G:C,0,1,-4.1804327964782715,modal,cuda,PPIL4:K562
YBX3,K562,chr6:106279754:T:C,0,3,0.8998541235923767,modal,cuda,PPIL4:K562
YBX3,K562,chr6:106628821:G:A,0,3,0.6067585945129395,modal,cuda,PPIL4:K562
YBX3,K562,chr6:109382188:C:T,0,3,-0.45794445276260376,modal,cuda,PPIL4:K562
YBX3,K562,chr6:109382419:G:C,0,3,-0.3550456762313843,modal,cuda,PPIL4:K562
YBX3,K562,chr6:13307592:C:T,0,3,-1.150402545928955,modal,cuda,PPIL4:K562
YBX3,K562,chr6:135194427:C:T,0,3,0.4845290780067444,modal,cuda,PPIL4:K562
YBX3,K562,chr6:135195806:C:T,0,3,0.29990100860595703,modal,cuda,PPIL4:K562
YBX3,K562,chr6:135195921:C:T,0,3,0.17036747932434082,modal,cuda,PPIL4:K562
YBX3,K562,chr6:151445672:C:T,0,3,0.8185017704963684,modal,cuda,PPIL4:K562
YBX3,K562,chr6:151445687:C:A,0,3,1.5727108716964722,modal,cuda,PPIL4:K562
YBX3,K562,chr6:151445732:T:C,1,3,-0.6623982787132263,modal,cuda,PPIL4:K562
YBX3,K562,chr6:157196324:T:A,0,3,0.8138647079467773,modal,cuda,PPIL4:K562
YBX3,K562,chr6:159778655:T:C,0,3,-1.0095220804214478,modal,cuda,PPIL4:K562
YBX3,K562,chr6:169705629:T:C,0,3,0.7523620128631592,modal,cuda,PPIL4:K562
YBX3,K562,chr6:24781633:T:C,0,3,0.3376580476760864,modal,cuda,PPIL4:K562
YBX3,K562,chr6:27824443:C:T,0,3,0.5274088978767395,modal,cuda,PPIL4:K562
YBX3,K562,chr6:27824450:T:C,0,3,-0.8023119568824768,modal,cuda,PPIL4:K562
YBX3,K562,chr6:2838610:G:A,0,3,0.6619079113006592,modal,cuda,PPIL4:K562
YBX3,K562,chr6:2840548:C:T,0,3,-0.16949476301670074,modal,cuda,PPIL4:K562
YBX3,K562,chr6:2948918:C:T,0,3,0.9562572240829468,modal,cuda,PPIL4:K562
YBX3,K562,chr6:2955596:G:A,0,3,0.32749128341674805,modal,cuda,PPIL4:K562
YBX3,K562,chr6:30723688:A:G,1,3,-1.1283990144729614,modal,cuda,PPIL4:K562
YBX3,K562,chr6:30723713:G:A,0,3,-0.744667649269104,modal,cuda,PPIL4:K562
YBX3,K562,chr6:30723727:A:T,1,3,0.967224657535553,modal,cuda,PPIL4:K562
YBX3,K562,chr6:30723728:C:T,0,3,0.34343278408050537,modal,cuda,PPIL4:K562
YBX3,K562,chr6:30723778:G:C,1,3,0.2888144254684448,modal,cuda,PPIL4:K562
YBX3,K562,chr6:30724263:G:A,1,3,0.08953900635242462,modal,cuda,PPIL4:K562
YBX3,K562,chr6:30724323:G:A,1,3,0.11121833324432373,modal,cuda,PPIL4:K562
YBX3,K562,chr6:31883845:C:T,0,3,-0.06433165073394775,modal,cuda,PPIL4:K562
YBX3,K562,chr6:32974633:C:T,0,3,0.0655396580696106,modal,cuda,PPIL4:K562
YBX3,K562,chr6:33201416:C:A,0,3,-0.28013062477111816,modal,cuda,PPIL4:K562
YBX3,K562,chr6:33697637:G:A,0,3,0.32629671692848206,modal,cuda,PPIL4:K562
YBX3,K562,chr6:33700516:G:C,1,3,-0.8684210181236267,modal,cuda,PPIL4:K562
YBX3,K562,chr6:41940535:G:A,0,3,-0.10121795535087585,modal,cuda,PPIL4:K562
YBX3,K562,chr6:43575935:C:T,0,3,0.6969711780548096,modal,cuda,PPIL4:K562
YBX3,K562,chr6:5109358:T:G,0,3,-0.781548261642456,modal,cuda,PPIL4:K562
YBX3,K562,chr6:5260703:A:C,0,3,-0.4550371766090393,modal,cuda,PPIL4:K562
YBX3,K562,chr6:63580063:G:T,0,3,0.32306623458862305,modal,cuda,PPIL4:K562
YBX3,K562,chr6:63580091:C:T,0,3,-1.1131199598312378,modal,cuda,PPIL4:K562
YBX3,K562,chr6:7883235:C:T,0,3,-0.5509233474731445,modal,cuda,PPIL4:K562
YBX3,K562,chr6:85513857:G:A,1,3,1.849637746810913,modal,cuda,PPIL4:K562
YBX3,K562,chr7:100113725:G:A,0,2,0.3009721040725708,modal,cuda,PPIL4:K562
YBX3,K562,chr7:101206767:A:G,0,2,0.16608166694641113,modal,cuda,PPIL4:K562
YBX3,K562,chr7:101206772:G:T,0,2,0.08575105667114258,modal,cuda,PPIL4:K562
YBX3,K562,chr7:101216675:G:A,0,2,0.1627969741821289,modal,cuda,PPIL4:K562
YBX3,K562,chr7:101216685:C:T,0,2,0.37637239694595337,modal,cuda,PPIL4:K562
YBX3,K562,chr7:103472661:A:G,0,2,-0.23839449882507324,modal,cuda,PPIL4:K562
YBX3,K562,chr7:107362361:A:G,0,2,-1.1991734504699707,modal,cuda,PPIL4:K562
YBX3,K562,chr7:107362409:G:A,1,2,1.6920244693756104,modal,cuda,PPIL4:K562
YBX3,K562,chr7:107893265:C:A,1,2,2.4328131675720215,modal,cuda,PPIL4:K562
YBX3,K562,chr7:107893272:C:T,1,2,1.5367664098739624,modal,cuda,PPIL4:K562
YBX3,K562,chr7:107905381:T:G,1,2,-2.799278497695923,modal,cuda,PPIL4:K562
YBX3,K562,chr7:107905451:A:T,1,2,2.5199038982391357,modal,cuda,PPIL4:K562
YBX3,K562,chr7:10940070:G:A,0,2,-0.5017571449279785,modal,cuda,PPIL4:K562
YBX3,K562,chr7:124842835:T:A,1,2,0.2970387935638428,modal,cuda,PPIL4:K562
YBX3,K562,chr7:124842844:G:A,1,2,-0.6855915784835815,modal,cuda,PPIL4:K562
YBX3,K562,chr7:124842856:T:A,1,2,2.2400197982788086,modal,cuda,PPIL4:K562
YBX3,K562,chr7:124842898:G:A,1,2,0.6490821838378906,modal,cuda,PPIL4:K562
YBX3,K562,chr7:124842940:C:A,1,2,4.545697212219238,modal,cuda,PPIL4:K562
YBX3,K562,chr7:124842944:A:C,1,2,-1.2788928747177124,modal,cuda,PPIL4:K562
YBX3,K562,chr7:124842949:G:A,1,2,2.387295722961426,modal,cuda,PPIL4:K562
YBX3,K562,chr7:124846926:T:C,0,2,-0.7872246503829956,modal,cuda,PPIL4:K562
YBX3,K562,chr7:124846960:G:A,1,2,0.8196067810058594,modal,cuda,PPIL4:K562
YBX3,K562,chr7:124846976:G:C,1,2,0.8253089189529419,modal,cuda,PPIL4:K562
YBX3,K562,chr7:124858990:G:C,1,2,1.7444393634796143,modal,cuda,PPIL4:K562
YBX3,K562,chr7:124859064:G:A,1,2,0.5724214315414429,modal,cuda,PPIL4:K562
YBX3,K562,chr7:124859077:C:T,1,2,0.7812845706939697,modal,cuda,PPIL4:K562
YBX3,K562,chr7:124859107:C:T,1,2,0.6394838094711304,modal,cuda,PPIL4:K562
YBX3,K562,chr7:124859108:C:T,1,2,0.3072347640991211,modal,cuda,PPIL4:K562
YBX3,K562,chr7:124870989:G:T,1,2,1.6984310150146484,modal,cuda,PPIL4:K562
YBX3,K562,chr7:124871012:G:A,1,2,1.8016002178192139,modal,cuda,PPIL4:K562
YBX3,K562,chr7:124871032:G:C,1,2,2.0693366527557373,modal,cuda,PPIL4:K562
YBX3,K562,chr7:124871037:A:T,1,2,2.050903081893921,modal,cuda,PPIL4:K562
YBX3,K562,chr7:128842383:T:C,0,2,-0.37201976776123047,modal,cuda,PPIL4:K562
YBX3,K562,chr7:128842386:C:G,0,2,0.21732330322265625,modal,cuda,PPIL4:K562
YBX3,K562,chr7:128972498:C:T,0,2,-0.7849360108375549,modal,cuda,PPIL4:K562
YBX3,K562,chr7:135645464:A:G,0,2,0.29847073554992676,modal,cuda,PPIL4:K562
YBX3,K562,chr7:150950013:G:T,0,2,-0.306054949760437,modal,cuda,PPIL4:K562
YBX3,K562,chr7:150950393:G:A,1,2,-0.5389566421508789,modal,cuda,PPIL4:K562
YBX3,K562,chr7:150950905:G:A,0,2,-0.7705129384994507,modal,cuda,PPIL4:K562
YBX3,K562,chr7:150950906:C:A,0,2,1.6614396572113037,modal,cuda,PPIL4:K562
YBX3,K562,chr7:150951022:C:A,1,2,-0.38735806941986084,modal,cuda,PPIL4:K562
YBX3,K562,chr7:150951076:G:A,1,2,-0.39033275842666626,modal,cuda,PPIL4:K562
YBX3,K562,chr7:150951080:G:A,0,2,-0.2790578007698059,modal,cuda,PPIL4:K562
YBX3,K562,chr7:150951110:A:C,1,2,-0.7918417453765869,modal,cuda,PPIL4:K562
YBX3,K562,chr7:150951110:A:G,0,2,0.23151928186416626,modal,cuda,PPIL4:K562
YBX3,K562,chr7:150951530:G:T,1,2,0.40509068965911865,modal,cuda,PPIL4:K562
YBX3,K562,chr7:150952515:G:A,0,2,-0.08790689706802368,modal,cuda,PPIL4:K562
YBX3,K562,chr7:150952811:G:A,1,2,-0.42001575231552124,modal,cuda,PPIL4:K562
YBX3,K562,chr7:151013304:G:A,0,2,0.31166231632232666,modal,cuda,PPIL4:K562
YBX3,K562,chr7:151014175:G:A,0,2,0.4202703833580017,modal,cuda,PPIL4:K562
YBX3,K562,chr7:151054397:C:A,0,2,0.46882641315460205,modal,cuda,PPIL4:K562
YBX3,K562,chr7:158656612:C:T,0,2,-0.3694068193435669,modal,cuda,PPIL4:K562
YBX3,K562,chr7:23125082:C:T,0,2,-0.4810448884963989,modal,cuda,PPIL4:K562
YBX3,K562,chr7:33097371:G:A,0,2,0.09376552700996399,modal,cuda,PPIL4:K562
YBX3,K562,chr7:44116524:C:G,0,2,0.07751962542533875,modal,cuda,PPIL4:K562
YBX3,K562,chr7:44674572:G:A,0,2,-0.26318109035491943,modal,cuda,PPIL4:K562
YBX3,K562,chr7:45063927:C:T,1,2,0.2894017696380615,modal,cuda,PPIL4:K562
YBX3,K562,chr7:50382594:A:G,1,2,-0.3021353483200073,modal,cuda,PPIL4:K562
YBX3,K562,chr7:50382603:G:A,1,2,-0.1428861767053604,modal,cuda,PPIL4:K562
YBX3,K562,chr7:50382664:C:A,1,2,-0.5503720045089722,modal,cuda,PPIL4:K562
YBX3,K562,chr7:50382722:T:C,0,2,0.27986252307891846,modal,cuda,PPIL4:K562
YBX3,K562,chr7:50703829:T:C,0,2,0.41474592685699463,modal,cuda,PPIL4:K562
YBX3,K562,chr7:50703853:G:A,0,2,-0.33973610401153564,modal,cuda,PPIL4:K562
YBX3,K562,chr7:5529667:C:A,0,2,0.2866315543651581,modal,cuda,PPIL4:K562
YBX3,K562,chr7:6015223:T:A,0,2,0.6339122653007507,modal,cuda,PPIL4:K562
YBX3,K562,chr7:6015280:C:T,0,2,-0.35007840394973755,modal,cuda,PPIL4:K562
YBX3,K562,chr7:6015356:G:A,0,2,1.0185441970825195,modal,cuda,PPIL4:K562
YBX3,K562,chr7:6402033:G:A,0,2,0.9060651063919067,modal,cuda,PPIL4:K562
YBX3,K562,chr7:65960725:T:C,0,2,0.1591784954071045,modal,cuda,PPIL4:K562
YBX3,K562,chr7:65967801:C:T,1,2,0.7941156625747681,modal,cuda,PPIL4:K562
YBX3,K562,chr7:65967863:C:T,1,2,1.9476606845855713,modal,cuda,PPIL4:K562
YBX3,K562,chr7:65974934:C:G,1,2,-0.20268510282039642,modal,cuda,PPIL4:K562
YBX3,K562,chr7:65979445:G:A,0,2,0.14302682876586914,modal,cuda,PPIL4:K562
YBX3,K562,chr7:66988302:C:T,0,2,0.09030532836914062,modal,cuda,PPIL4:K562
YBX3,K562,chr7:74249121:G:A,0,2,-0.8798845410346985,modal,cuda,PPIL4:K562
YBX3,K562,chr7:75984764:C:G,0,2,0.14419883489608765,modal,cuda,PPIL4:K562
YBX3,K562,chr7:76048186:C:T,0,2,0.49107134342193604,modal,cuda,PPIL4:K562
YBX3,K562,chr7:76054955:G:A,0,2,-0.222568079829216,modal,cuda,PPIL4:K562
YBX3,K562,chr7:76055008:G:A,0,2,0.23720121383666992,modal,cuda,PPIL4:K562
YBX3,K562,chr7:770582:T:C,0,2,-0.22333985567092896,modal,cuda,PPIL4:K562
YBX3,K562,chr7:775075:C:T,1,2,-0.492824912071228,modal,cuda,PPIL4:K562
YBX3,K562,chr7:775151:G:A,0,2,0.28922438621520996,modal,cuda,PPIL4:K562
YBX3,K562,chr7:96121912:G:T,1,2,2.353938579559326,modal,cuda,PPIL4:K562
YBX3,K562,chr7:96121946:A:C,1,2,1.8000150918960571,modal,cuda,PPIL4:K562
YBX3,K562,chr7:97852297:G:A,1,2,0.9049749374389648,modal,cuda,PPIL4:K562
YBX3,K562,chr7:97852323:C:T,1,2,1.412218451499939,modal,cuda,PPIL4:K562
YBX3,K562,chr7:97852335:C:T,1,2,-0.4418938159942627,modal,cuda,PPIL4:K562
YBX3,K562,chr7:98897877:C:T,0,2,-0.42078110575675964,modal,cuda,PPIL4:K562
YBX3,K562,chr7:98961257:G:C,0,2,1.6330726146697998,modal,cuda,PPIL4:K562
YBX3,K562,chr7:99385711:C:T,0,2,0.2761514484882355,modal,cuda,PPIL4:K562
YBX3,K562,chr7:99385798:C:T,0,2,-0.6733217239379883,modal,cuda,PPIL4:K562
YBX3,K562,chr7:99388273:G:C,0,2,1.918135643005371,modal,cuda,PPIL4:K562
YBX3,K562,chr8:102207135:T:C,0,0,0.60699462890625,modal,cuda,PPIL4:K562
YBX3,K562,chr8:103404810:C:T,0,0,-0.23410439491271973,modal,cuda,PPIL4:K562
YBX3,K562,chr8:103404817:C:T,0,0,-0.879464864730835,modal,cuda,PPIL4:K562
YBX3,K562,chr8:11809670:C:T,0,0,1.0413470268249512,modal,cuda,PPIL4:K562
YBX3,K562,chr8:127736498:C:T,0,0,0.606658935546875,modal,cuda,PPIL4:K562
YBX3,K562,chr8:140539313:A:G,0,0,-0.21411597728729248,modal,cuda,PPIL4:K562
YBX3,K562,chr8:140572797:T:C,0,0,0.41433560848236084,modal,cuda,PPIL4:K562
YBX3,K562,chr8:140800487:C:T,0,0,0.32125353813171387,modal,cuda,PPIL4:K562
YBX3,K562,chr8:140800505:C:A,0,0,0.22923600673675537,modal,cuda,PPIL4:K562
YBX3,K562,chr8:143612720:G:C,0,0,0.6464841365814209,modal,cuda,PPIL4:K562
YBX3,K562,chr8:143821588:G:A,0,0,-0.13213585317134857,modal,cuda,PPIL4:K562
YBX3,K562,chr8:143926886:T:C,0,0,-0.4720456600189209,modal,cuda,PPIL4:K562
YBX3,K562,chr8:143931528:C:T,0,0,-0.2754474878311157,modal,cuda,PPIL4:K562
YBX3,K562,chr8:15650691:T:C,0,0,-0.3542594909667969,modal,cuda,PPIL4:K562
YBX3,K562,chr8:18075586:C:T,1,0,-0.46428489685058594,modal,cuda,PPIL4:K562
YBX3,K562,chr8:18075590:G:A,0,0,0.3134406805038452,modal,cuda,PPIL4:K562
YBX3,K562,chr8:20211331:C:T,0,0,0.7718410491943359,modal,cuda,PPIL4:K562
YBX3,K562,chr8:21970193:C:T,0,0,-0.24870038032531738,modal,cuda,PPIL4:K562
YBX3,K562,chr8:30689209:C:T,1,0,-2.322554588317871,modal,cuda,PPIL4:K562
YBX3,K562,chr8:47807334:A:G,0,0,0.8530445098876953,modal,cuda,PPIL4:K562
YBX3,K562,chr8:47912405:C:G,0,0,1.1698178052902222,modal,cuda,PPIL4:K562
YBX3,K562,chr8:56073676:C:T,0,0,-0.28526830673217773,modal,cuda,PPIL4:K562
YBX3,K562,chr8:56074162:A:G,0,0,0.10599946975708008,modal,cuda,PPIL4:K562
YBX3,K562,chr8:56074170:A:G,0,0,1.7814781665802002,modal,cuda,PPIL4:K562
YBX3,K562,chr8:56074178:A:G,0,0,-1.4912763833999634,modal,cuda,PPIL4:K562
YBX3,K562,chr8:56963435:C:T,0,0,-0.3657606840133667,modal,cuda,PPIL4:K562
YBX3,K562,chr8:89982750:A:C,1,0,-1.4874728918075562,modal,cuda,PPIL4:K562
YBX3,K562,chr8:89982791:C:T,0,0,0.4332342743873596,modal,cuda,PPIL4:K562
YBX3,K562,chr8:96284120:C:G,1,0,0.1370093822479248,modal,cuda,PPIL4:K562
YBX3,K562,chr8:96284168:G:A,0,0,0.4230015277862549,modal,cuda,PPIL4:K562
YBX3,K562,chr8:96287074:C:G,0,0,-0.2189219892024994,modal,cuda,PPIL4:K562
YBX3,K562,chr9:100293039:C:T,1,4,1.279911994934082,modal,cuda,PPIL4:K562
YBX3,K562,chr9:100296894:C:G,0,4,-1.770463228225708,modal,cuda,PPIL4:K562
YBX3,K562,chr9:100296920:C:A,1,4,-1.9543391466140747,modal,cuda,PPIL4:K562
YBX3,K562,chr9:100296960:C:T,1,4,-1.5234571695327759,modal,cuda,PPIL4:K562
YBX3,K562,chr9:120439455:T:C,0,4,0.4095698595046997,modal,cuda,PPIL4:K562
YBX3,K562,chr9:124858077:A:G,0,4,-0.18450379371643066,modal,cuda,PPIL4:K562
YBX3,K562,chr9:125337505:C:T,0,4,0.9734388589859009,modal,cuda,PPIL4:K562
YBX3,K562,chr9:127682571:G:A,0,4,-0.5330410003662109,modal,cuda,PPIL4:K562
YBX3,K562,chr9:127868094:G:A,0,4,-0.28014957904815674,modal,cuda,PPIL4:K562
YBX3,K562,chr9:127868310:G:T,0,4,-0.18633778393268585,modal,cuda,PPIL4:K562
YBX3,K562,chr9:127936576:C:T,1,4,-0.27639317512512207,modal,cuda,PPIL4:K562
YBX3,K562,chr9:127936602:A:T,1,4,-2.629152297973633,modal,cuda,PPIL4:K562
YBX3,K562,chr9:127936640:G:A,1,4,-1.038019061088562,modal,cuda,PPIL4:K562
YBX3,K562,chr9:127937459:T:C,1,4,-0.13058853149414062,modal,cuda,PPIL4:K562
YBX3,K562,chr9:128170003:C:T,0,4,-1.615024209022522,modal,cuda,PPIL4:K562
YBX3,K562,chr9:128170004:G:A,0,4,-0.8178011178970337,modal,cuda,PPIL4:K562
YBX3,K562,chr9:128177546:C:T,0,4,0.4483911991119385,modal,cuda,PPIL4:K562
YBX3,K562,chr9:128689583:A:G,1,4,-0.2930312156677246,modal,cuda,PPIL4:K562
YBX3,K562,chr9:128822370:C:T,0,4,0.09904026985168457,modal,cuda,PPIL4:K562
YBX3,K562,chr9:132927200:C:A,1,4,0.7095775604248047,modal,cuda,PPIL4:K562
YBX3,K562,chr9:132927200:C:T,1,4,0.47870492935180664,modal,cuda,PPIL4:K562
YBX3,K562,chr9:132927218:G:A,1,4,1.5381078720092773,modal,cuda,PPIL4:K562
YBX3,K562,chr9:132927220:A:T,1,4,-2.374293804168701,modal,cuda,PPIL4:K562
YBX3,K562,chr9:132927229:A:G,1,4,-0.6112096905708313,modal,cuda,PPIL4:K562
YBX3,K562,chr9:132927248:G:A,1,4,0.7132782936096191,modal,cuda,PPIL4:K562
YBX3,K562,chr9:132927264:G:C,1,4,-2.7998974323272705,modal,cuda,PPIL4:K562
YBX3,K562,chr9:132927277:A:T,1,4,-4.173385143280029,modal,cuda,PPIL4:K562
YBX3,K562,chr9:133352440:A:G,0,4,-0.17509150505065918,modal,cuda,PPIL4:K562
YBX3,K562,chr9:135503554:G:A,0,4,0.21747779846191406,modal,cuda,PPIL4:K562
YBX3,K562,chr9:135503570:C:T,1,4,0.27309656143188477,modal,cuda,PPIL4:K562
YBX3,K562,chr9:135503577:A:G,0,4,0.3280658721923828,modal,cuda,PPIL4:K562
YBX3,K562,chr9:135503778:C:T,0,4,0.29907774925231934,modal,cuda,PPIL4:K562
YBX3,K562,chr9:136457591:C:T,0,4,-0.5115342736244202,modal,cuda,PPIL4:K562
YBX3,K562,chr9:136518308:C:G,0,4,0.5591621398925781,modal,cuda,PPIL4:K562
YBX3,K562,chr9:136676564:G:C,0,4,-0.32451462745666504,modal,cuda,PPIL4:K562
YBX3,K562,chr9:136676603:G:T,1,4,-0.9798246622085571,modal,cuda,PPIL4:K562
YBX3,K562,chr9:33166747:C:A,0,4,0.5429611206054688,modal,cuda,PPIL4:K562
YBX3,K562,chr9:5050809:C:T,0,4,-0.2752695083618164,modal,cuda,PPIL4:K562
YBX3,K562,chr9:5050840:C:G,0,4,-0.7637233734130859,modal,cuda,PPIL4:K562
YBX3,K562,chr9:69216482:T:C,0,4,-0.7380352020263672,modal,cuda,PPIL4:K562
YBX3,K562,chr9:78297199:G:C,0,4,0.3517570495605469,modal,cuda,PPIL4:K562
YBX3,K562,chr9:78329337:C:T,0,4,2.3890538215637207,modal,cuda,PPIL4:K562
YBX3,K562,chr9:78329338:G:C,0,4,-1.5119887590408325,modal,cuda,PPIL4:K562
YBX3,K562,chr9:92285779:G:A,0,4,2.2289419174194336,modal,cuda,PPIL4:K562
YBX3,K562,chr9:98060770:T:A,1,4,-1.2238085269927979,modal,cuda,PPIL4:K562
YBX3,K562,chr9:99151002:C:T,0,4,3.6204702854156494,modal,cuda,PPIL4:K562
YBX3,K562,chrX:101358327:T:C,1,2,-0.30039501190185547,modal,cuda,PPIL4:K562
YBX3,K562,chrX:101358348:A:T,1,2,-0.542650043964386,modal,cuda,PPIL4:K562
YBX3,K562,chrX:107647590:C:T,0,2,-0.1255055069923401,modal,cuda,PPIL4:K562
YBX3,K562,chrX:107650190:C:T,0,2,0.6093854904174805,modal,cuda,PPIL4:K562
YBX3,K562,chrX:107650210:G:A,0,2,0.38696956634521484,modal,cuda,PPIL4:K562
YBX3,K562,chrX:120447830:G:A,0,2,0.3834714889526367,modal,cuda,PPIL4:K562
YBX3,K562,chrX:124066338:C:G,0,2,0.4749542474746704,modal,cuda,PPIL4:K562
YBX3,K562,chrX:134377997:A:G,1,2,0.6741466522216797,modal,cuda,PPIL4:K562
YBX3,K562,chrX:1387425:C:G,0,2,-0.36074167490005493,modal,cuda,PPIL4:K562
YBX3,K562,chrX:153457217:G:A,0,2,0.3387943506240845,modal,cuda,PPIL4:K562
YBX3,K562,chrX:153694279:G:T,0,2,0.1964167356491089,modal,cuda,PPIL4:K562
YBX3,K562,chrX:153694284:G:A,0,2,-0.4332270622253418,modal,cuda,PPIL4:K562
YBX3,K562,chrX:153785925:G:A,1,2,0.7359157204627991,modal,cuda,PPIL4:K562
YBX3,K562,chrX:153797547:G:A,0,2,-2.0812973976135254,modal,cuda,PPIL4:K562
YBX3,K562,chrX:153798053:C:T,0,2,0.6704937219619751,modal,cuda,PPIL4:K562
YBX3,K562,chrX:153798060:C:G,0,2,0.9023442268371582,modal,cuda,PPIL4:K562
YBX3,K562,chrX:153930751:G:A,0,2,-0.44302430748939514,modal,cuda,PPIL4:K562
YBX3,K562,chrX:153932056:T:A,0,2,0.3840092420578003,modal,cuda,PPIL4:K562
YBX3,K562,chrX:153932058:G:A,0,2,0.15074066817760468,modal,cuda,PPIL4:K562
YBX3,K562,chrX:153932073:A:C,1,2,-0.4264342486858368,modal,cuda,PPIL4:K562
YBX3,K562,chrX:153932073:A:T,1,2,-0.35977378487586975,modal,cuda,PPIL4:K562
YBX3,K562,chrX:153932106:G:A,0,2,-0.3323991298675537,modal,cuda,PPIL4:K562
YBX3,K562,chrX:153956184:G:A,0,2,-0.37352433800697327,modal,cuda,PPIL4:K562
YBX3,K562,chrX:153956603:G:A,0,2,0.9278602004051208,modal,cuda,PPIL4:K562
YBX3,K562,chrX:154032250:T:A,1,2,2.0145130157470703,modal,cuda,PPIL4:K562
YBX3,K562,chrX:154032259:T:C,1,2,-0.26621103286743164,modal,cuda,PPIL4:K562
YBX3,K562,chrX:154032282:G:C,1,2,0.7038167715072632,modal,cuda,PPIL4:K562
YBX3,K562,chrX:154032283:G:A,1,2,-0.09505915641784668,modal,cuda,PPIL4:K562
YBX3,K562,chrX:154032286:G:C,1,2,0.2408548891544342,modal,cuda,PPIL4:K562
YBX3,K562,chrX:154032308:T:C,0,2,0.1299586296081543,modal,cuda,PPIL4:K562
YBX3,K562,chrX:154032319:G:A,0,2,-0.206284761428833,modal,cuda,PPIL4:K562
YBX3,K562,chrX:154032337:G:A,1,2,-0.5035374164581299,modal,cuda,PPIL4:K562
YBX3,K562,chrX:154032340:T:A,1,2,-0.4320049285888672,modal,cuda,PPIL4:K562
YBX3,K562,chrX:154032360:G:A,0,2,0.11666882038116455,modal,cuda,PPIL4:K562
YBX3,K562,chrX:154354812:C:T,0,2,-0.3214912414550781,modal,cuda,PPIL4:K562
YBX3,K562,chrX:154368107:G:A,0,2,-0.17141985893249512,modal,cuda,PPIL4:K562
YBX3,K562,chrX:154368109:C:T,0,2,0.5815935134887695,modal,cuda,PPIL4:K562
YBX3,K562,chrX:154380231:A:G,1,2,-0.2236332893371582,modal,cuda,PPIL4:K562
YBX3,K562,chrX:154546074:G:A,1,2,-1.1511389017105103,modal,cuda,PPIL4:K562
YBX3,K562,chrX:155898234:C:G,0,2,-0.6062216758728027,modal,cuda,PPIL4:K562
YBX3,K562,chrX:20194186:T:C,1,2,2.4412593841552734,modal,cuda,PPIL4:K562
YBX3,K562,chrX:31774124:C:A,1,2,2.6979780197143555,modal,cuda,PPIL4:K562
YBX3,K562,chrX:31774184:G:A,1,2,2.0480480194091797,modal,cuda,PPIL4:K562
YBX3,K562,chrX:41229415:G:C,0,2,-0.854131281375885,modal,cuda,PPIL4:K562
YBX3,K562,chrX:47199477:C:A,0,2,-0.3427569568157196,modal,cuda,PPIL4:K562
YBX3,K562,chrX:47201619:C:G,0,2,0.22029078006744385,modal,cuda,PPIL4:K562
YBX3,K562,chrX:47209697:T:C,0,2,0.513586699962616,modal,cuda,PPIL4:K562
YBX3,K562,chrX:47209915:C:T,0,2,0.4484558701515198,modal,cuda,PPIL4:K562
YBX3,K562,chrX:47226274:C:T,0,2,-0.3181079030036926,modal,cuda,PPIL4:K562
YBX3,K562,chrX:47639001:C:T,0,2,-0.22407841682434082,modal,cuda,PPIL4:K562
YBX3,K562,chrX:47639035:G:C,0,2,-0.10221672058105469,modal,cuda,PPIL4:K562
YBX3,K562,chrX:48478059:G:A,0,2,-0.5716900825500488,modal,cuda,PPIL4:K562
YBX3,K562,chrX:48478081:T:A,1,2,-0.22086119651794434,modal,cuda,PPIL4:K562
YBX3,K562,chrX:48478188:G:T,0,2,0.6784547567367554,modal,cuda,PPIL4:K562
YBX3,K562,chrX:48527294:A:G,0,2,0.4947798252105713,modal,cuda,PPIL4:K562
YBX3,K562,chrX:53199006:G:T,1,2,1.3518571853637695,modal,cuda,PPIL4:K562
YBX3,K562,chrX:53199029:G:A,1,2,0.0920063853263855,modal,cuda,PPIL4:K562
YBX3,K562,chrX:53199048:G:T,1,2,0.43559902906417847,modal,cuda,PPIL4:K562
YBX3,K562,chrX:53199054:G:A,0,2,-0.11472809314727783,modal,cuda,PPIL4:K562
YBX3,K562,chrX:53199068:C:G,1,2,-0.14268192648887634,modal,cuda,PPIL4:K562
YBX3,K562,chrX:53199104:G:A,1,2,0.7717424631118774,modal,cuda,PPIL4:K562
YBX3,K562,chrX:53379172:T:C,0,2,-0.12354183197021484,modal,cuda,PPIL4:K562
YBX3,K562,chrX:53380745:G:A,0,2,0.08723235130310059,modal,cuda,PPIL4:K562
YBX3,K562,chrX:53413445:G:A,0,2,-0.571367621421814,modal,cuda,PPIL4:K562
YBX3,K562,chrX:53413449:A:C,0,2,-2.3081774711608887,modal,cuda,PPIL4:K562
YBX3,K562,chrX:53422549:G:A,1,2,0.7668192386627197,modal,cuda,PPIL4:K562
YBX3,K562,chrX:65735264:C:T,0,2,-0.8160616755485535,modal,cuda,PPIL4:K562
YBX3,K562,chrX:71290740:C:T,1,2,-0.46952033042907715,modal,cuda,PPIL4:K562
YBX3,K562,chrX:71291841:C:T,1,2,1.5968303680419922,modal,cuda,PPIL4:K562
