protein,cell,vid,label,fold,delta,platform,accelerator,weights_from
DDX24,K562,chr10:102260082:C:T,0,2,-0.12470555305480957,modal,cuda,PTBP1:HepG2
DDX24,K562,chr10:102358516:C:T,0,2,-0.28086376190185547,modal,cuda,PTBP1:HepG2
DDX24,K562,chr10:21538867:G:A,0,2,-0.40095555782318115,modal,cuda,PTBP1:HepG2
DDX24,K562,chr10:3105389:A:G,0,2,-0.14119911193847656,modal,cuda,PTBP1:HepG2
DDX24,K562,chr10:73873002:C:T,0,2,0.16089695692062378,modal,cuda,PTBP1:HepG2
DDX24,K562,chr10:74083342:T:A,0,2,-0.31233906745910645,modal,cuda,PTBP1:HepG2
DDX24,K562,chr10:79201626:G:A,0,2,-0.19941654801368713,modal,cuda,PTBP1:HepG2
DDX24,K562,chr10:79277337:G:C,0,2,0.08281633257865906,modal,cuda,PTBP1:HepG2
DDX24,K562,chr10:80159200:G:A,0,2,-0.22593948245048523,modal,cuda,PTBP1:HepG2
DDX24,K562,chr10:80162054:T:C,0,2,-0.16765844821929932,modal,cuda,PTBP1:HepG2
DDX24,K562,chr10:91959774:T:C,0,2,-0.05378532409667969,modal,cuda,PTBP1:HepG2
DDX24,K562,chr10:92607141:A:G,0,2,0.16835641860961914,modal,cuda,PTBP1:HepG2
DDX24,K562,chr10:98443216:C:A,1,2,-0.5070685744285583,modal,cuda,PTBP1:HepG2
DDX24,K562,chr11:108315843:C:A,1,3,0.12937429547309875,modal,cuda,PTBP1:HepG2
DDX24,K562,chr11:108315883:G:C,0,3,0.2414320409297943,modal,cuda,PTBP1:HepG2
DDX24,K562,chr11:108315888:G:C,0,3,0.40519917011260986,modal,cuda,PTBP1:HepG2
DDX24,K562,chr11:108315889:A:T,1,3,-0.16672062873840332,modal,cuda,PTBP1:HepG2
DDX24,K562,chr11:108315896:T:G,1,3,-0.4102742671966553,modal,cuda,PTBP1:HepG2
DDX24,K562,chr11:108315898:C:T,1,3,0.25411200523376465,modal,cuda,PTBP1:HepG2
DDX24,K562,chr11:108315926:T:C,0,3,0.258404016494751,modal,cuda,PTBP1:HepG2
DDX24,K562,chr11:118498085:T:C,0,3,0.37191712856292725,modal,cuda,PTBP1:HepG2
DDX24,K562,chr11:119088621:G:A,0,3,-0.049298129975795746,modal,cuda,PTBP1:HepG2
DDX24,K562,chr11:119089136:C:A,0,3,0.26128506660461426,modal,cuda,PTBP1:HepG2
DDX24,K562,chr11:119089202:C:T,0,3,0.05874943733215332,modal,cuda,PTBP1:HepG2
DDX24,K562,chr11:119092106:C:A,0,3,-1.6599040031433105,modal,cuda,PTBP1:HepG2
DDX24,K562,chr11:119092403:G:A,1,3,0.06952637434005737,modal,cuda,PTBP1:HepG2
DDX24,K562,chr11:119092403:G:C,1,3,0.1064954325556755,modal,cuda,PTBP1:HepG2
DDX24,K562,chr11:119092405:G:A,1,3,-0.06977635622024536,modal,cuda,PTBP1:HepG2
DDX24,K562,chr11:119092425:C:T,1,3,-0.21877175569534302,modal,cuda,PTBP1:HepG2
DDX24,K562,chr11:119092465:T:C,1,3,0.07932242751121521,modal,cuda,PTBP1:HepG2
DDX24,K562,chr11:119092471:A:G,1,3,-0.09548556804656982,modal,cuda,PTBP1:HepG2
DDX24,K562,chr11:119092486:T:G,1,3,-0.19709157943725586,modal,cuda,PTBP1:HepG2
DDX24,K562,chr11:119092500:G:A,1,3,0.07938861846923828,modal,cuda,PTBP1:HepG2
DDX24,K562,chr11:119092507:C:T,1,3,0.09414422512054443,modal,cuda,PTBP1:HepG2
DDX24,K562,chr11:119092518:C:A,1,3,0.02326422929763794,modal,cuda,PTBP1:HepG2
DDX24,K562,chr11:119092524:G:C,1,3,0.2059740126132965,modal,cuda,PTBP1:HepG2
DDX24,K562,chr11:119092525:T:C,1,3,0.09836750477552414,modal,cuda,PTBP1:HepG2
DDX24,K562,chr11:119092741:A:G,0,3,-0.07070165872573853,modal,cuda,PTBP1:HepG2
DDX24,K562,chr11:125595967:T:C,0,3,-0.33132970333099365,modal,cuda,PTBP1:HepG2
DDX24,K562,chr11:17102841:A:C,0,3,-0.23819398880004883,modal,cuda,PTBP1:HepG2
DDX24,K562,chr11:3019147:G:A,1,3,0.136625736951828,modal,cuda,PTBP1:HepG2
DDX24,K562,chr11:3019209:G:A,1,3,-0.15806138515472412,modal,cuda,PTBP1:HepG2
DDX24,K562,chr11:3029392:G:A,0,3,0.17844423651695251,modal,cuda,PTBP1:HepG2
DDX24,K562,chr11:3029397:G:C,0,3,-0.4320942759513855,modal,cuda,PTBP1:HepG2
DDX24,K562,chr11:3038130:C:A,0,3,0.30086469650268555,modal,cuda,PTBP1:HepG2
DDX24,K562,chr11:3778975:T:C,0,3,-0.08465546369552612,modal,cuda,PTBP1:HepG2
DDX24,K562,chr11:44171671:C:T,1,3,0.5607972145080566,modal,cuda,PTBP1:HepG2
DDX24,K562,chr11:47289431:T:C,0,3,0.23215240240097046,modal,cuda,PTBP1:HepG2
DDX24,K562,chr11:47289494:G:A,1,3,0.05679053068161011,modal,cuda,PTBP1:HepG2
DDX24,K562,chr11:57804760:C:T,1,3,0.9102595448493958,modal,cuda,PTBP1:HepG2
DDX24,K562,chr11:57805909:C:T,1,3,-0.30746760964393616,modal,cuda,PTBP1:HepG2
DDX24,K562,chr11:57810152:C:T,1,3,0.47272825241088867,modal,cuda,PTBP1:HepG2
DDX24,K562,chr11:61779120:A:G,0,3,0.02891361713409424,modal,cuda,PTBP1:HepG2
DDX24,K562,chr11:62629022:G:A,0,3,-0.568023681640625,modal,cuda,PTBP1:HepG2
DDX24,K562,chr11:62633289:G:A,0,3,0.10034668445587158,modal,cuda,PTBP1:HepG2
DDX24,K562,chr11:62634827:C:G,0,3,0.4782066345214844,modal,cuda,PTBP1:HepG2
DDX24,K562,chr11:64254750:G:A,0,3,0.1771886944770813,modal,cuda,PTBP1:HepG2
DDX24,K562,chr11:6508876:A:G,0,3,-0.5377333164215088,modal,cuda,PTBP1:HepG2
DDX24,K562,chr11:65187995:G:C,1,3,0.0724107101559639,modal,cuda,PTBP1:HepG2
DDX24,K562,chr11:65188005:G:A,1,3,0.12519028782844543,modal,cuda,PTBP1:HepG2
DDX24,K562,chr11:65188031:G:A,1,3,0.0784396380186081,modal,cuda,PTBP1:HepG2
DDX24,K562,chr11:65206781:G:T,1,3,1.7946174144744873,modal,cuda,PTBP1:HepG2
DDX24,K562,chr11:65206793:C:T,1,3,1.5984116792678833,modal,cuda,PTBP1:HepG2
DDX24,K562,chr11:65208201:C:T,0,3,-0.09793597459793091,modal,cuda,PTBP1:HepG2
DDX24,K562,chr11:65208274:C:T,0,3,-0.2176799774169922,modal,cuda,PTBP1:HepG2
DDX24,K562,chr11:65209360:G:A,0,3,0.3817622661590576,modal,cuda,PTBP1:HepG2
DDX24,K562,chr11:65210007:C:T,0,3,0.056688904762268066,modal,cuda,PTBP1:HepG2
DDX24,K562,chr11:65210013:C:T,0,3,-0.030205190181732178,modal,cuda,PTBP1:HepG2
DDX24,K562,chr11:65210068:C:T,0,3,-0.047867000102996826,modal,cuda,PTBP1:HepG2
DDX24,K562,chr11:65539637:A:G,0,3,-0.5236315727233887,modal,cuda,PTBP1:HepG2
DDX24,K562,chr11:65864605:A:C,0,3,0.03429761528968811,modal,cuda,PTBP1:HepG2
DDX24,K562,chr11:65864791:G:T,0,3,0.2832426428794861,modal,cuda,PTBP1:HepG2
DDX24,K562,chr11:68043370:G:C,1,3,0.06788629293441772,modal,cuda,PTBP1:HepG2
DDX24,K562,chr11:68043625:G:T,1,3,0.5450828075408936,modal,cuda,PTBP1:HepG2
DDX24,K562,chr11:68043628:C:T,1,3,0.43388664722442627,modal,cuda,PTBP1:HepG2
DDX24,K562,chr11:68043920:G:C,0,3,0.07914078235626221,modal,cuda,PTBP1:HepG2
DDX24,K562,chr11:68044201:C:T,1,3,-0.10511662065982819,modal,cuda,PTBP1:HepG2
DDX24,K562,chr11:71463406:A:G,0,3,0.09796100854873657,modal,cuda,PTBP1:HepG2
DDX24,K562,chr11:71463507:C:T,0,3,-0.08456829190254211,modal,cuda,PTBP1:HepG2
DDX24,K562,chr11:72022387:C:T,0,3,0.4152243137359619,modal,cuda,PTBP1:HepG2
DDX24,K562,chr11:72228861:C:G,0,3,-0.6443600654602051,modal,cuda,PTBP1:HepG2
DDX24,K562,chr11:72712555:G:A,0,3,-0.013661563396453857,modal,cuda,PTBP1:HepG2
DDX24,K562,chr11:9165958:G:A,1,3,0.37487733364105225,modal,cuda,PTBP1:HepG2
DDX24,K562,chr12:108536790:C:T,0,1,0.1187182068824768,modal,cuda,PTBP1:HepG2
DDX24,K562,chr12:109586736:A:G,0,1,1.2555135488510132,modal,cuda,PTBP1:HepG2
DDX24,K562,chr12:110281550:G:A,0,1,0.13506674766540527,modal,cuda,PTBP1:HepG2
DDX24,K562,chr12:110292002:G:A,0,1,0.3792886734008789,modal,cuda,PTBP1:HepG2
DDX24,K562,chr12:110322980:T:C,0,1,-0.15882301330566406,modal,cuda,PTBP1:HepG2
DDX24,K562,chr12:110332585:C:G,0,1,-1.779989242553711,modal,cuda,PTBP1:HepG2
DDX24,K562,chr12:110339273:C:G,0,1,-0.9014194011688232,modal,cuda,PTBP1:HepG2
DDX24,K562,chr12:110343220:G:A,0,1,0.9673464298248291,modal,cuda,PTBP1:HepG2
DDX24,K562,chr12:115966078:C:G,0,1,1.1270925998687744,modal,cuda,PTBP1:HepG2
DDX24,K562,chr12:115968920:G:A,0,1,0.6193704605102539,modal,cuda,PTBP1:HepG2
DDX24,K562,chr12:115975751:C:T,0,1,0.5257501602172852,modal,cuda,PTBP1:HepG2
DDX24,K562,chr12:115975760:A:G,0,1,-2.384287118911743,modal,cuda,PTBP1:HepG2
DDX24,K562,chr12:115991968:A:C,0,1,1.0850727558135986,modal,cuda,PTBP1:HepG2
DDX24,K562,chr12:115991974:C:T,0,1,-0.10502350330352783,modal,cuda,PTBP1:HepG2
DDX24,K562,chr12:115991984:G:A,0,1,-0.575573742389679,modal,cuda,PTBP1:HepG2
DDX24,K562,chr12:119708324:C:A,0,1,-0.47400957345962524,modal,cuda,PTBP1:HepG2
DDX24,K562,chr12:119708325:A:G,0,1,-0.08272361755371094,modal,cuda,PTBP1:HepG2
DDX24,K562,chr12:123735508:T:C,0,1,0.4374891519546509,modal,cuda,PTBP1:HepG2
DDX24,K562,chr12:124495287:C:G,0,1,0.8845645189285278,modal,cuda,PTBP1:HepG2
DDX24,K562,chr12:124787424:C:T,0,1,-0.3857120871543884,modal,cuda,PTBP1:HepG2
DDX24,K562,chr12:124795177:C:T,0,1,-0.4044231176376343,modal,cuda,PTBP1:HepG2
DDX24,K562,chr12:124795275:C:T,0,1,-0.19283036887645721,modal,cuda,PTBP1:HepG2
DDX24,K562,chr12:124800202:A:G,0,1,0.2302684783935547,modal,cuda,PTBP1:HepG2
DDX24,K562,chr12:124807837:C:T,0,1,0.09932231903076172,modal,cuda,PTBP1:HepG2
DDX24,K562,chr12:124810154:C:T,0,1,0.790377140045166,modal,cuda,PTBP1:HepG2
DDX24,K562,chr12:124810185:C:T,0,1,0.11722707748413086,modal,cuda,PTBP1:HepG2
DDX24,K562,chr12:124811979:A:C,0,1,-0.7944327592849731,modal,cuda,PTBP1:HepG2
DDX24,K562,chr12:124817606:G:A,0,1,-0.21745657920837402,modal,cuda,PTBP1:HepG2
DDX24,K562,chr12:131979801:G:A,0,1,-0.15250737965106964,modal,cuda,PTBP1:HepG2
DDX24,K562,chr12:132664477:C:T,0,1,-0.6575071811676025,modal,cuda,PTBP1:HepG2
DDX24,K562,chr12:132665463:T:C,0,1,0.5094778537750244,modal,cuda,PTBP1:HepG2
DDX24,K562,chr12:132672338:G:C,0,1,-1.4718894958496094,modal,cuda,PTBP1:HepG2
DDX24,K562,chr12:132676210:C:G,0,1,-1.430974006652832,modal,cuda,PTBP1:HepG2
DDX24,K562,chr12:132676218:T:C,1,1,-0.6648552417755127,modal,cuda,PTBP1:HepG2
DDX24,K562,chr12:31089501:G:A,0,1,-0.6096463203430176,modal,cuda,PTBP1:HepG2
DDX24,K562,chr12:31089506:A:G,0,1,-0.33496904373168945,modal,cuda,PTBP1:HepG2
DDX24,K562,chr12:31101125:C:T,1,1,-0.29009318351745605,modal,cuda,PTBP1:HepG2
DDX24,K562,chr12:31101818:C:T,0,1,-0.24445444345474243,modal,cuda,PTBP1:HepG2
DDX24,K562,chr12:47791313:G:A,0,1,-0.25908899307250977,modal,cuda,PTBP1:HepG2
DDX24,K562,chr12:49053096:C:A,0,1,-0.415724515914917,modal,cuda,PTBP1:HepG2
DDX24,K562,chr12:50999214:C:A,1,1,0.6120283603668213,modal,cuda,PTBP1:HepG2
DDX24,K562,chr12:50999224:C:T,0,1,1.166792869567871,modal,cuda,PTBP1:HepG2
DDX24,K562,chr12:53315157:G:A,0,1,1.7638325691223145,modal,cuda,PTBP1:HepG2
DDX24,K562,chr12:56349583:T:C,0,1,-0.8744423389434814,modal,cuda,PTBP1:HepG2
DDX24,K562,chr12:57105475:C:T,0,1,-0.3124016523361206,modal,cuda,PTBP1:HepG2
DDX24,K562,chr12:57233291:G:T,0,1,0.3392530679702759,modal,cuda,PTBP1:HepG2
DDX24,K562,chr12:57489991:C:T,0,1,-0.418310284614563,modal,cuda,PTBP1:HepG2
DDX24,K562,chr12:57568943:A:G,0,1,0.22053766250610352,modal,cuda,PTBP1:HepG2
DDX24,K562,chr12:57718406:A:G,0,1,0.23888951539993286,modal,cuda,PTBP1:HepG2
DDX24,K562,chr12:62302818:C:T,0,1,0.5687835216522217,modal,cuda,PTBP1:HepG2
DDX24,K562,chr12:68689025:G:A,0,1,-0.6227408647537231,modal,cuda,PTBP1:HepG2
DDX24,K562,chr12:68690761:A:G,0,1,-0.7040643692016602,modal,cuda,PTBP1:HepG2
DDX24,K562,chr12:6917572:A:C,0,1,-0.5530581474304199,modal,cuda,PTBP1:HepG2
DDX24,K562,chr12:71634147:A:C,0,1,-0.8834772109985352,modal,cuda,PTBP1:HepG2
DDX24,K562,chr12:79845286:T:A,0,1,0.47688841819763184,modal,cuda,PTBP1:HepG2
DDX24,K562,chr13:48342717:A:T,1,0,-0.5900688171386719,modal,cuda,PTBP1:HepG2
DDX24,K562,chr13:51937642:G:T,1,0,-0.35985636711120605,modal,cuda,PTBP1:HepG2
DDX24,K562,chr13:51950271:C:T,1,0,1.2268199920654297,modal,cuda,PTBP1:HepG2
DDX24,K562,chr13:79371937:A:T,0,0,-0.22468852996826172,modal,cuda,PTBP1:HepG2
DDX24,K562,chr14:103457138:A:G,0,2,-0.05012702941894531,modal,cuda,PTBP1:HepG2
DDX24,K562,chr14:104774113:C:T,0,2,0.058307528495788574,modal,cuda,PTBP1:HepG2
DDX24,K562,chr14:104774193:T:C,0,2,-0.10987937450408936,modal,cuda,PTBP1:HepG2
DDX24,K562,chr14:105147766:A:G,0,2,0.47326362133026123,modal,cuda,PTBP1:HepG2
DDX24,K562,chr14:105466467:G:A,0,2,0.14264154434204102,modal,cuda,PTBP1:HepG2
DDX24,K562,chr14:23321655:G:A,0,2,-0.05861401557922363,modal,cuda,PTBP1:HepG2
DDX24,K562,chr14:30650657:C:T,0,2,0.06647312641143799,modal,cuda,PTBP1:HepG2
DDX24,K562,chr14:35008705:A:C,0,2,0.3175508975982666,modal,cuda,PTBP1:HepG2
DDX24,K562,chr14:39176159:C:T,0,2,-0.20551902055740356,modal,cuda,PTBP1:HepG2
DDX24,K562,chr14:49654140:C:T,0,2,0.14859044551849365,modal,cuda,PTBP1:HepG2
DDX24,K562,chr14:65102437:C:A,0,2,0.12310149520635605,modal,cuda,PTBP1:HepG2
DDX24,K562,chr14:67825470:T:C,0,2,-0.5982365608215332,modal,cuda,PTBP1:HepG2
DDX24,K562,chr14:76498633:T:C,0,2,0.027900367975234985,modal,cuda,PTBP1:HepG2
DDX24,K562,chr15:28248542:A:T,0,1,-0.9903610944747925,modal,cuda,PTBP1:HepG2
DDX24,K562,chr15:30925961:T:C,0,1,0.3822939395904541,modal,cuda,PTBP1:HepG2
DDX24,K562,chr15:48796001:G:A,0,1,-0.21618425846099854,modal,cuda,PTBP1:HepG2
DDX24,K562,chr15:48797654:T:C,0,1,-0.8077145218849182,modal,cuda,PTBP1:HepG2
DDX24,K562,chr15:48797937:C:T,0,1,0.16619539260864258,modal,cuda,PTBP1:HepG2
DDX24,K562,chr15:50632866:T:C,0,1,-0.8755948543548584,modal,cuda,PTBP1:HepG2
DDX24,K562,chr15:50639403:A:C,0,1,-0.7824294567108154,modal,cuda,PTBP1:HepG2
DDX24,K562,chr15:57091863:A:G,0,1,0.3962979316711426,modal,cuda,PTBP1:HepG2
DDX24,K562,chr15:57166423:C:A,1,1,0.5034343004226685,modal,cuda,PTBP1:HepG2
DDX24,K562,chr15:57192224:G:T,1,1,0.7739880084991455,modal,cuda,PTBP1:HepG2
DDX24,K562,chr15:63622897:G:C,0,1,-0.7633764743804932,modal,cuda,PTBP1:HepG2
DDX24,K562,chr15:63638400:C:A,0,1,1.000945806503296,modal,cuda,PTBP1:HepG2
DDX24,K562,chr15:63638694:T:C,0,1,-0.8395439386367798,modal,cuda,PTBP1:HepG2
DDX24,K562,chr15:63659945:T:C,0,1,0.43262815475463867,modal,cuda,PTBP1:HepG2
DDX24,K562,chr15:69436191:A:C,0,1,-0.5357260704040527,modal,cuda,PTBP1:HepG2
DDX24,K562,chr15:76274514:G:T,0,1,0.9521586894989014,modal,cuda,PTBP1:HepG2
DDX24,K562,chr15:89247649:T:C,1,1,0.704039454460144,modal,cuda,PTBP1:HepG2
DDX24,K562,chr15:89247711:C:T,1,1,-0.274448037147522,modal,cuda,PTBP1:HepG2
DDX24,K562,chr15:89260799:C:T,1,1,0.482602596282959,modal,cuda,PTBP1:HepG2
DDX24,K562,chr15:89260812:C:T,0,1,0.504220724105835,modal,cuda,PTBP1:HepG2
DDX24,K562,chr15:89263479:C:T,0,1,-0.25756239891052246,modal,cuda,PTBP1:HepG2
DDX24,K562,chr15:89283265:C:T,0,1,0.33668768405914307,modal,cuda,PTBP1:HepG2
DDX24,K562,chr15:89283266:G:A,0,1,0.15735238790512085,modal,cuda,PTBP1:HepG2
DDX24,K562,chr15:89316383:C:G,0,1,0.17264807224273682,modal,cuda,PTBP1:HepG2
DDX24,K562,chr15:89322027:G:C,0,1,-0.2628462314605713,modal,cuda,PTBP1:HepG2
DDX24,K562,chr15:90910880:C:T,0,1,-0.28353047370910645,modal,cuda,PTBP1:HepG2
DDX24,K562,chr15:90912091:C:T,0,1,0.24733340740203857,modal,cuda,PTBP1:HepG2
DDX24,K562,chr15:90939714:T:C,0,1,0.2523336708545685,modal,cuda,PTBP1:HepG2
DDX24,K562,chr15:90953012:C:T,0,1,-0.185028076171875,modal,cuda,PTBP1:HepG2
DDX24,K562,chr15:90953013:G:A,0,1,0.08866894245147705,modal,cuda,PTBP1:HepG2
DDX24,K562,chr15:91005371:G:A,0,1,-0.3891074061393738,modal,cuda,PTBP1:HepG2
DDX24,K562,chr15:92972440:T:C,0,1,-0.3660241365432739,modal,cuda,PTBP1:HepG2
DDX24,K562,chr16:1450484:C:T,0,2,0.10661864280700684,modal,cuda,PTBP1:HepG2
DDX24,K562,chr16:1455813:G:A,0,2,-0.08533334732055664,modal,cuda,PTBP1:HepG2
DDX24,K562,chr16:1456101:G:A,0,2,0.13032978773117065,modal,cuda,PTBP1:HepG2
DDX24,K562,chr16:1457236:C:T,0,2,-0.044048428535461426,modal,cuda,PTBP1:HepG2
DDX24,K562,chr16:1457237:A:G,0,2,0.11039286851882935,modal,cuda,PTBP1:HepG2
DDX24,K562,chr16:1457356:G:A,0,2,0.22054213285446167,modal,cuda,PTBP1:HepG2
DDX24,K562,chr16:1457774:G:A,0,2,-0.2613755464553833,modal,cuda,PTBP1:HepG2
DDX24,K562,chr16:1457777:T:C,0,2,-0.12776851654052734,modal,cuda,PTBP1:HepG2
DDX24,K562,chr16:1459097:G:A,0,2,-0.07595489174127579,modal,cuda,PTBP1:HepG2
DDX24,K562,chr16:1459205:C:T,0,2,0.12094664573669434,modal,cuda,PTBP1:HepG2
DDX24,K562,chr16:1459206:G:A,0,2,-0.2721604108810425,modal,cuda,PTBP1:HepG2
DDX24,K562,chr16:1460534:C:T,0,2,0.19043314456939697,modal,cuda,PTBP1:HepG2
DDX24,K562,chr16:1460537:A:G,0,2,0.05450248718261719,modal,cuda,PTBP1:HepG2
DDX24,K562,chr16:1460566:T:G,0,2,0.44082772731781006,modal,cuda,PTBP1:HepG2
DDX24,K562,chr16:1460706:C:G,0,2,0.1482710838317871,modal,cuda,PTBP1:HepG2
DDX24,K562,chr16:1460799:C:T,0,2,0.10147884488105774,modal,cuda,PTBP1:HepG2
DDX24,K562,chr16:14628177:T:A,1,2,-0.1658841371536255,modal,cuda,PTBP1:HepG2
DDX24,K562,chr16:14629645:G:A,1,2,0.2718859910964966,modal,cuda,PTBP1:HepG2
DDX24,K562,chr16:1465247:G:T,0,2,-0.04217022657394409,modal,cuda,PTBP1:HepG2
DDX24,K562,chr16:1766813:C:A,0,2,-0.18193906545639038,modal,cuda,PTBP1:HepG2
DDX24,K562,chr16:1767926:G:C,0,2,0.030785560607910156,modal,cuda,PTBP1:HepG2
DDX24,K562,chr16:1767934:A:C,0,2,-0.07215949892997742,modal,cuda,PTBP1:HepG2
DDX24,K562,chr16:2050400:G:T,1,2,-0.423427939414978,modal,cuda,PTBP1:HepG2
DDX24,K562,chr16:2050423:C:G,0,2,-0.16963768005371094,modal,cuda,PTBP1:HepG2
DDX24,K562,chr16:2050423:C:T,0,2,-0.33081120252609253,modal,cuda,PTBP1:HepG2
DDX24,K562,chr16:2050429:T:C,0,2,0.18840408325195312,modal,cuda,PTBP1:HepG2
DDX24,K562,chr16:2050448:C:T,1,2,-0.5900692343711853,modal,cuda,PTBP1:HepG2
DDX24,K562,chr16:2050456:T:A,1,2,-0.2017820030450821,modal,cuda,PTBP1:HepG2
DDX24,K562,chr16:2050457:G:C,0,2,-0.27337348461151123,modal,cuda,PTBP1:HepG2
DDX24,K562,chr16:2050471:C:T,0,2,-0.14115160703659058,modal,cuda,PTBP1:HepG2
DDX24,K562,chr16:2050481:G:T,1,2,-0.4148961007595062,modal,cuda,PTBP1:HepG2
DDX24,K562,chr16:2057113:G:A,0,2,0.07902845740318298,modal,cuda,PTBP1:HepG2
DDX24,K562,chr16:2057125:C:T,0,2,-0.1511477828025818,modal,cuda,PTBP1:HepG2
DDX24,K562,chr16:2057176:C:T,0,2,-0.11085361242294312,modal,cuda,PTBP1:HepG2
DDX24,K562,chr16:2060714:G:A,0,2,-0.062899649143219,modal,cuda,PTBP1:HepG2
DDX24,K562,chr16:2060730:A:C,0,2,0.06248754262924194,modal,cuda,PTBP1:HepG2
DDX24,K562,chr16:2061964:G:T,1,2,-0.08042249083518982,modal,cuda,PTBP1:HepG2
DDX24,K562,chr16:2061993:T:A,1,2,0.1241101324558258,modal,cuda,PTBP1:HepG2
DDX24,K562,chr16:2061996:G:T,0,2,-0.12526166439056396,modal,cuda,PTBP1:HepG2
DDX24,K562,chr16:2061998:A:G,0,2,0.0919671356678009,modal,cuda,PTBP1:HepG2
DDX24,K562,chr16:2062495:A:G,1,2,-0.3075537085533142,modal,cuda,PTBP1:HepG2
DDX24,K562,chr16:2062510:T:C,0,2,-0.07842910289764404,modal,cuda,PTBP1:HepG2
DDX24,K562,chr16:2062536:T:C,0,2,-0.04946279525756836,modal,cuda,PTBP1:HepG2
DDX24,K562,chr16:2087856:C:T,0,2,0.09280943870544434,modal,cuda,PTBP1:HepG2
DDX24,K562,chr16:2087871:C:T,0,2,-0.08297771215438843,modal,cuda,PTBP1:HepG2
DDX24,K562,chr16:2087880:C:G,0,2,-0.2315853238105774,modal,cuda,PTBP1:HepG2
DDX24,K562,chr16:2087901:G:C,0,2,0.1171453595161438,modal,cuda,PTBP1:HepG2
DDX24,K562,chr16:2087908:G:T,1,2,-0.13467586040496826,modal,cuda,PTBP1:HepG2
DDX24,K562,chr16:2087921:T:C,1,2,-0.04592996835708618,modal,cuda,PTBP1:HepG2
DDX24,K562,chr16:2087934:C:A,1,2,-0.12506330013275146,modal,cuda,PTBP1:HepG2
DDX24,K562,chr16:2088866:C:T,0,2,0.08469927310943604,modal,cuda,PTBP1:HepG2
DDX24,K562,chr16:2088868:C:T,0,2,0.10421556234359741,modal,cuda,PTBP1:HepG2
DDX24,K562,chr16:2091442:G:T,1,2,-0.6020376682281494,modal,cuda,PTBP1:HepG2
DDX24,K562,chr16:2091446:G:A,0,2,-0.045383334159851074,modal,cuda,PTBP1:HepG2
DDX24,K562,chr16:2091453:G:A,0,2,-0.28522932529449463,modal,cuda,PTBP1:HepG2
DDX24,K562,chr16:2091913:G:A,0,2,-0.14292104542255402,modal,cuda,PTBP1:HepG2
DDX24,K562,chr16:2092991:G:A,1,2,0.32392752170562744,modal,cuda,PTBP1:HepG2
DDX24,K562,chr16:2093006:G:A,1,2,-0.5008501410484314,modal,cuda,PTBP1:HepG2
DDX24,K562,chr16:22317165:C:T,0,2,-0.10168576240539551,modal,cuda,PTBP1:HepG2
DDX24,K562,chr16:2435895:A:G,0,2,-0.13980919122695923,modal,cuda,PTBP1:HepG2
DDX24,K562,chr16:288190:G:A,1,2,-0.3868163228034973,modal,cuda,PTBP1:HepG2
DDX24,K562,chr16:28833044:G:A,0,2,0.32417047023773193,modal,cuda,PTBP1:HepG2
DDX24,K562,chr16:28866881:C:A,0,2,-0.053077489137649536,modal,cuda,PTBP1:HepG2
DDX24,K562,chr16:28873649:C:T,0,2,-0.14464738965034485,modal,cuda,PTBP1:HepG2
DDX24,K562,chr16:29804082:G:A,0,2,0.12866106629371643,modal,cuda,PTBP1:HepG2
DDX24,K562,chr16:29978788:C:T,0,2,0.41915804147720337,modal,cuda,PTBP1:HepG2
DDX24,K562,chr16:31182621:C:A,0,2,0.09444397687911987,modal,cuda,PTBP1:HepG2
DDX24,K562,chr16:31182627:C:T,0,2,0.1798495054244995,modal,cuda,PTBP1:HepG2
DDX24,K562,chr16:31182673:T:C,0,2,0.35188722610473633,modal,cuda,PTBP1:HepG2
DDX24,K562,chr16:31191052:C:T,1,2,-0.24268993735313416,modal,cuda,PTBP1:HepG2
DDX24,K562,chr16:31191109:A:G,1,2,-0.12803149223327637,modal,cuda,PTBP1:HepG2
DDX24,K562,chr16:31191399:G:T,1,2,0.4347573518753052,modal,cuda,PTBP1:HepG2
DDX24,K562,chr16:31191408:C:G,1,2,-0.23292160034179688,modal,cuda,PTBP1:HepG2
DDX24,K562,chr16:31191410:G:A,1,2,0.08530354499816895,modal,cuda,PTBP1:HepG2
DDX24,K562,chr16:31191412:C:T,1,2,-0.11462235450744629,modal,cuda,PTBP1:HepG2
DDX24,K562,chr16:31191418:C:A,1,2,-0.5284820795059204,modal,cuda,PTBP1:HepG2
DDX24,K562,chr16:31191418:C:G,1,2,-0.35511040687561035,modal,cuda,PTBP1:HepG2
DDX24,K562,chr16:31191418:C:T,1,2,-0.15609073638916016,modal,cuda,PTBP1:HepG2
DDX24,K562,chr16:31191419:G:A,1,2,0.28410065174102783,modal,cuda,PTBP1:HepG2
DDX24,K562,chr16:31191429:G:C,1,2,-0.1334933042526245,modal,cuda,PTBP1:HepG2
DDX24,K562,chr16:31191430:C:A,1,2,0.16880232095718384,modal,cuda,PTBP1:HepG2
DDX24,K562,chr16:31191431:C:T,1,2,-0.33497095108032227,modal,cuda,PTBP1:HepG2
DDX24,K562,chr16:31191434:A:G,1,2,0.29408907890319824,modal,cuda,PTBP1:HepG2
DDX24,K562,chr16:3662978:G:T,0,2,-0.21236491203308105,modal,cuda,PTBP1:HepG2
DDX24,K562,chr16:3672826:G:A,0,2,0.3827773332595825,modal,cuda,PTBP1:HepG2
DDX24,K562,chr16:47587650:T:C,0,2,-0.7378592491149902,modal,cuda,PTBP1:HepG2
DDX24,K562,chr16:47587662:G:C,0,2,0.5844137668609619,modal,cuda,PTBP1:HepG2
DDX24,K562,chr16:50298894:C:T,0,2,-0.18642306327819824,modal,cuda,PTBP1:HepG2
DDX24,K562,chr16:58576564:G:A,1,2,-0.19595646858215332,modal,cuda,PTBP1:HepG2
DDX24,K562,chr16:58576590:G:A,0,2,0.21005702018737793,modal,cuda,PTBP1:HepG2
DDX24,K562,chr16:58582911:A:G,0,2,0.1050545945763588,modal,cuda,PTBP1:HepG2
DDX24,K562,chr16:58583080:T:C,0,2,-0.18262457847595215,modal,cuda,PTBP1:HepG2
DDX24,K562,chr16:58583093:C:T,0,2,0.2599470615386963,modal,cuda,PTBP1:HepG2
DDX24,K562,chr16:672123:C:T,0,2,0.3597780466079712,modal,cuda,PTBP1:HepG2
DDX24,K562,chr16:672997:G:A,0,2,0.48568248748779297,modal,cuda,PTBP1:HepG2
DDX24,K562,chr16:68329187:C:T,0,2,0.16690117120742798,modal,cuda,PTBP1:HepG2
DDX24,K562,chr16:68346151:A:G,0,2,0.16938245296478271,modal,cuda,PTBP1:HepG2
DDX24,K562,chr16:68346186:G:A,1,2,0.32707929611206055,modal,cuda,PTBP1:HepG2
DDX24,K562,chr16:68346194:C:T,1,2,-0.2993500828742981,modal,cuda,PTBP1:HepG2
DDX24,K562,chr16:68346257:C:T,1,2,-0.34480994939804077,modal,cuda,PTBP1:HepG2
DDX24,K562,chr16:68346262:C:G,1,2,-0.5790455937385559,modal,cuda,PTBP1:HepG2
DDX24,K562,chr16:70482141:C:T,1,2,-0.15544480085372925,modal,cuda,PTBP1:HepG2
DDX24,K562,chr16:70510030:G:C,0,2,0.09253436326980591,modal,cuda,PTBP1:HepG2
DDX24,K562,chr16:72104481:C:T,0,2,0.12164735794067383,modal,cuda,PTBP1:HepG2
DDX24,K562,chr16:84182389:C:T,0,2,-0.11795717477798462,modal,cuda,PTBP1:HepG2
DDX24,K562,chr16:88719571:C:T,0,2,0.044397592544555664,modal,cuda,PTBP1:HepG2
DDX24,K562,chr16:88719785:G:A,0,2,0.032972097396850586,modal,cuda,PTBP1:HepG2
DDX24,K562,chr16:88727213:C:T,0,2,0.12046171724796295,modal,cuda,PTBP1:HepG2
DDX24,K562,chr16:88727540:T:G,0,2,-0.18220722675323486,modal,cuda,PTBP1:HepG2
DDX24,K562,chr16:88731933:T:C,0,2,0.24564027786254883,modal,cuda,PTBP1:HepG2
DDX24,K562,chr16:88732323:T:C,0,2,-0.14431294798851013,modal,cuda,PTBP1:HepG2
DDX24,K562,chr16:88732597:T:C,0,2,-0.12058769166469574,modal,cuda,PTBP1:HepG2
DDX24,K562,chr16:88732830:T:C,0,2,-0.038849055767059326,modal,cuda,PTBP1:HepG2
DDX24,K562,chr16:88732880:G:A,0,2,-0.11981534957885742,modal,cuda,PTBP1:HepG2
DDX24,K562,chr16:88732894:G:C,0,2,-0.4494556188583374,modal,cuda,PTBP1:HepG2
DDX24,K562,chr16:88732925:G:A,0,2,-0.65628981590271,modal,cuda,PTBP1:HepG2
DDX24,K562,chr16:88732930:G:A,0,2,-0.8751833438873291,modal,cuda,PTBP1:HepG2
DDX24,K562,chr16:88733009:G:C,0,2,-0.467879056930542,modal,cuda,PTBP1:HepG2
DDX24,K562,chr16:88733076:T:G,0,2,0.20884761214256287,modal,cuda,PTBP1:HepG2
DDX24,K562,chr16:88733266:G:C,0,2,-0.16944396495819092,modal,cuda,PTBP1:HepG2
DDX24,K562,chr16:88733887:C:T,0,2,0.41927945613861084,modal,cuda,PTBP1:HepG2
DDX24,K562,chr16:88733895:G:A,0,2,-0.27411091327667236,modal,cuda,PTBP1:HepG2
DDX24,K562,chr16:88736424:G:A,0,2,-0.1643863171339035,modal,cuda,PTBP1:HepG2
DDX24,K562,chr16:88738717:A:G,0,2,-0.11527150869369507,modal,cuda,PTBP1:HepG2
DDX24,K562,chr16:89690618:A:T,1,2,-0.1423645317554474,modal,cuda,PTBP1:HepG2
DDX24,K562,chr16:89694144:T:C,0,2,0.05890613794326782,modal,cuda,PTBP1:HepG2
DDX24,K562,chr16:89739170:G:C,1,2,-0.37988340854644775,modal,cuda,PTBP1:HepG2
DDX24,K562,chr16:89739217:G:C,1,2,-0.42093995213508606,modal,cuda,PTBP1:HepG2
DDX24,K562,chr16:89739220:C:G,1,2,0.16923028230667114,modal,cuda,PTBP1:HepG2
DDX24,K562,chr16:89739231:C:G,1,2,0.24567221105098724,modal,cuda,PTBP1:HepG2
DDX24,K562,chr16:89740803:C:A,1,2,0.267988920211792,modal,cuda,PTBP1:HepG2
DDX24,K562,chr16:89740803:C:G,1,2,-0.2824642062187195,modal,cuda,PTBP1:HepG2
DDX24,K562,chr16:89740808:G:C,1,2,-0.1802780032157898,modal,cuda,PTBP1:HepG2
DDX24,K562,chr16:89740823:G:T,1,2,0.2166593074798584,modal,cuda,PTBP1:HepG2
DDX24,K562,chr16:89740825:C:G,0,2,0.4097585678100586,modal,cuda,PTBP1:HepG2
DDX24,K562,chr16:89740846:G:C,1,2,-0.6383776664733887,modal,cuda,PTBP1:HepG2
DDX24,K562,chr16:89746571:A:G,0,2,0.26391953229904175,modal,cuda,PTBP1:HepG2
DDX24,K562,chr16:89749906:A:G,0,2,0.23533618450164795,modal,cuda,PTBP1:HepG2
DDX24,K562,chr16:89749925:C:T,0,2,-0.08111172914505005,modal,cuda,PTBP1:HepG2
DDX24,K562,chr16:89752122:G:A,0,2,-0.6210641860961914,modal,cuda,PTBP1:HepG2
DDX24,K562,chr16:89770262:G:C,1,2,-0.16604290902614594,modal,cuda,PTBP1:HepG2
DDX24,K562,chr16:89770373:G:A,0,2,0.1535469889640808,modal,cuda,PTBP1:HepG2
DDX24,K562,chr16:89770397:T:C,1,2,-0.04389375448226929,modal,cuda,PTBP1:HepG2
DDX24,K562,chr16:89771670:A:G,0,2,0.29319649934768677,modal,cuda,PTBP1:HepG2
DDX24,K562,chr16:89778786:A:G,0,2,-0.09482240676879883,modal,cuda,PTBP1:HepG2
DDX24,K562,chr17:1477882:A:C,0,1,0.5481298565864563,modal,cuda,PTBP1:HepG2
DDX24,K562,chr17:17817018:G:A,0,1,-0.2177950143814087,modal,cuda,PTBP1:HepG2
DDX24,K562,chr17:17817077:A:G,0,1,-0.491196870803833,modal,cuda,PTBP1:HepG2
DDX24,K562,chr17:17819189:C:T,0,1,0.1970900297164917,modal,cuda,PTBP1:HepG2
DDX24,K562,chr17:17819572:G:A,0,1,0.09692573547363281,modal,cuda,PTBP1:HepG2
DDX24,K562,chr17:17819705:G:C,0,1,-0.2314741015434265,modal,cuda,PTBP1:HepG2
DDX24,K562,chr17:29121649:G:A,0,1,-0.12412488460540771,modal,cuda,PTBP1:HepG2
DDX24,K562,chr17:29121895:G:A,0,1,0.2889396548271179,modal,cuda,PTBP1:HepG2
DDX24,K562,chr17:32778582:A:G,0,1,-0.5784786343574524,modal,cuda,PTBP1:HepG2
DDX24,K562,chr17:37263902:A:G,0,1,-0.3573586940765381,modal,cuda,PTBP1:HepG2
DDX24,K562,chr17:37330157:T:C,0,1,-0.4187851548194885,modal,cuda,PTBP1:HepG2
DDX24,K562,chr17:40019778:T:C,0,1,-0.08876872062683105,modal,cuda,PTBP1:HepG2
DDX24,K562,chr17:40033406:C:T,0,1,0.3853841722011566,modal,cuda,PTBP1:HepG2
DDX24,K562,chr17:41990284:T:C,0,1,-0.9061787128448486,modal,cuda,PTBP1:HepG2
DDX24,K562,chr17:42217366:T:G,0,1,0.546811580657959,modal,cuda,PTBP1:HepG2
DDX24,K562,chr17:42223571:G:C,0,1,0.7269672751426697,modal,cuda,PTBP1:HepG2
DDX24,K562,chr17:42495669:G:C,1,1,-1.058644413948059,modal,cuda,PTBP1:HepG2
DDX24,K562,chr17:44376974:A:G,0,1,-0.21633577346801758,modal,cuda,PTBP1:HepG2
DDX24,K562,chr17:44377095:G:C,0,1,-0.21522468328475952,modal,cuda,PTBP1:HepG2
DDX24,K562,chr17:44855024:G:T,0,1,0.25598573684692383,modal,cuda,PTBP1:HepG2
DDX24,K562,chr17:47613665:G:T,0,1,0.8487057685852051,modal,cuda,PTBP1:HepG2
DDX24,K562,chr17:5539604:C:T,0,1,0.7573081851005554,modal,cuda,PTBP1:HepG2
DDX24,K562,chr17:5558327:T:A,0,1,-0.7705552577972412,modal,cuda,PTBP1:HepG2
DDX24,K562,chr17:714629:G:A,0,1,-0.17221498489379883,modal,cuda,PTBP1:HepG2
DDX24,K562,chr17:714753:C:T,0,1,0.2897975444793701,modal,cuda,PTBP1:HepG2
DDX24,K562,chr17:7221074:C:T,0,1,-0.49457231163978577,modal,cuda,PTBP1:HepG2
DDX24,K562,chr17:7224399:T:C,0,1,0.23922193050384521,modal,cuda,PTBP1:HepG2
DDX24,K562,chr17:74866471:T:C,0,1,-0.08497512340545654,modal,cuda,PTBP1:HepG2
DDX24,K562,chr17:75212087:C:T,0,1,0.11859643459320068,modal,cuda,PTBP1:HepG2
DDX24,K562,chr17:75831185:G:A,0,1,-0.3147778809070587,modal,cuda,PTBP1:HepG2
DDX24,K562,chr17:75832947:G:A,0,1,0.4069201946258545,modal,cuda,PTBP1:HepG2
DDX24,K562,chr17:75834602:C:A,0,1,0.1417643278837204,modal,cuda,PTBP1:HepG2
DDX24,K562,chr17:75836126:G:A,0,1,-0.2717564105987549,modal,cuda,PTBP1:HepG2
DDX24,K562,chr17:75842849:A:G,0,1,0.12210261821746826,modal,cuda,PTBP1:HepG2
DDX24,K562,chr17:77487562:C:T,0,1,-0.20545542240142822,modal,cuda,PTBP1:HepG2
DDX24,K562,chr17:78113215:C:T,0,1,1.0765745639801025,modal,cuda,PTBP1:HepG2
DDX24,K562,chr17:78113538:G:A,0,1,-0.31049644947052,modal,cuda,PTBP1:HepG2
DDX24,K562,chr17:78117335:G:T,1,1,-0.5298566818237305,modal,cuda,PTBP1:HepG2
DDX24,K562,chr17:78117633:G:T,1,1,-0.2837326228618622,modal,cuda,PTBP1:HepG2
DDX24,K562,chr17:78117658:C:T,0,1,0.3650093972682953,modal,cuda,PTBP1:HepG2
DDX24,K562,chr17:78117914:G:A,1,1,-0.202085942029953,modal,cuda,PTBP1:HepG2
DDX24,K562,chr17:78117948:G:C,0,1,0.19682085514068604,modal,cuda,PTBP1:HepG2
DDX24,K562,chr17:78118882:C:G,0,1,0.2834339141845703,modal,cuda,PTBP1:HepG2
DDX24,K562,chr17:78118894:G:T,0,1,-0.11373317241668701,modal,cuda,PTBP1:HepG2
DDX24,K562,chr17:78119272:T:C,0,1,0.12924063205718994,modal,cuda,PTBP1:HepG2
DDX24,K562,chr17:78121066:G:A,0,1,-0.14199095964431763,modal,cuda,PTBP1:HepG2
DDX24,K562,chr17:78121077:G:A,0,1,-0.22296690940856934,modal,cuda,PTBP1:HepG2
DDX24,K562,chr17:78121184:G:A,0,1,-0.4198107123374939,modal,cuda,PTBP1:HepG2
DDX24,K562,chr17:78121607:G:A,0,1,-0.22569692134857178,modal,cuda,PTBP1:HepG2
DDX24,K562,chr17:78121663:C:T,0,1,-0.1184425950050354,modal,cuda,PTBP1:HepG2
DDX24,K562,chr17:78122655:G:A,1,1,-0.1697816252708435,modal,cuda,PTBP1:HepG2
DDX24,K562,chr17:78122686:G:A,0,1,-0.37554609775543213,modal,cuda,PTBP1:HepG2
DDX24,K562,chr17:78122753:G:C,0,1,0.408505916595459,modal,cuda,PTBP1:HepG2
DDX24,K562,chr17:78123984:A:G,0,1,-0.47513604164123535,modal,cuda,PTBP1:HepG2
DDX24,K562,chr17:78124102:C:T,0,1,-0.34574759006500244,modal,cuda,PTBP1:HepG2
DDX24,K562,chr17:78124507:T:C,0,1,-0.2436506748199463,modal,cuda,PTBP1:HepG2
DDX24,K562,chr17:78124556:C:T,0,1,0.24307787418365479,modal,cuda,PTBP1:HepG2
DDX24,K562,chr17:78124557:G:A,0,1,-0.4251163601875305,modal,cuda,PTBP1:HepG2
DDX24,K562,chr17:78124749:G:A,0,1,-0.6138660311698914,modal,cuda,PTBP1:HepG2
DDX24,K562,chr17:78124873:G:A,0,1,-0.22687625885009766,modal,cuda,PTBP1:HepG2
DDX24,K562,chr17:78124912:G:A,0,1,0.37477830052375793,modal,cuda,PTBP1:HepG2
DDX24,K562,chr17:78125709:A:G,0,1,0.07811592519283295,modal,cuda,PTBP1:HepG2
DDX24,K562,chr17:78125763:G:A,0,1,-0.14992916584014893,modal,cuda,PTBP1:HepG2
DDX24,K562,chr17:78125876:G:A,1,1,-0.2864961624145508,modal,cuda,PTBP1:HepG2
DDX24,K562,chr17:78125997:T:C,0,1,-1.98577082157135,modal,cuda,PTBP1:HepG2
DDX24,K562,chr17:80287795:G:A,0,1,0.2654152512550354,modal,cuda,PTBP1:HepG2
DDX24,K562,chr17:80290747:T:G,0,1,-0.46529102325439453,modal,cuda,PTBP1:HepG2
DDX24,K562,chr17:80337566:C:T,0,1,0.4042174816131592,modal,cuda,PTBP1:HepG2
DDX24,K562,chr17:80353558:G:A,0,1,-0.2209320068359375,modal,cuda,PTBP1:HepG2
DDX24,K562,chr17:80363591:T:C,0,1,0.22117853164672852,modal,cuda,PTBP1:HepG2
DDX24,K562,chr17:80372748:G:A,0,1,0.26215505599975586,modal,cuda,PTBP1:HepG2
DDX24,K562,chr17:80372752:T:C,0,1,0.71579909324646,modal,cuda,PTBP1:HepG2
DDX24,K562,chr17:80374441:T:A,0,1,-0.5679669380187988,modal,cuda,PTBP1:HepG2
DDX24,K562,chr17:80376976:G:T,0,1,1.1396619081497192,modal,cuda,PTBP1:HepG2
DDX24,K562,chr17:80376983:T:C,0,1,0.38800323009490967,modal,cuda,PTBP1:HepG2
DDX24,K562,chr17:80389381:C:T,0,1,0.7689681053161621,modal,cuda,PTBP1:HepG2
DDX24,K562,chr17:81512583:C:G,0,1,-0.1314210295677185,modal,cuda,PTBP1:HepG2
DDX24,K562,chr17:81906551:A:G,0,1,0.21169674396514893,modal,cuda,PTBP1:HepG2
DDX24,K562,chr17:81908547:A:G,0,1,-0.20163993537425995,modal,cuda,PTBP1:HepG2
DDX24,K562,chr17:82081851:G:C,0,1,0.31044256687164307,modal,cuda,PTBP1:HepG2
DDX24,K562,chr17:82081997:G:A,0,1,0.5825338363647461,modal,cuda,PTBP1:HepG2
DDX24,K562,chr17:82082170:C:T,0,1,0.25273334980010986,modal,cuda,PTBP1:HepG2
DDX24,K562,chr17:82082172:C:G,0,1,0.5280708074569702,modal,cuda,PTBP1:HepG2
DDX24,K562,chr17:82082310:G:A,0,1,0.3844442665576935,modal,cuda,PTBP1:HepG2
DDX24,K562,chr17:82082682:C:T,0,1,0.09096628427505493,modal,cuda,PTBP1:HepG2
DDX24,K562,chr17:82082905:C:T,0,1,0.3507675528526306,modal,cuda,PTBP1:HepG2
DDX24,K562,chr17:82083120:G:A,0,1,-0.2839334011077881,modal,cuda,PTBP1:HepG2
DDX24,K562,chr17:82083192:C:T,0,1,0.3595019578933716,modal,cuda,PTBP1:HepG2
DDX24,K562,chr17:82084227:C:T,0,1,0.18728023767471313,modal,cuda,PTBP1:HepG2
DDX24,K562,chr17:82085882:T:A,0,1,0.36672306060791016,modal,cuda,PTBP1:HepG2
DDX24,K562,chr17:82087271:G:A,0,1,0.16603460907936096,modal,cuda,PTBP1:HepG2
DDX24,K562,chr17:82781734:C:T,0,1,0.44063979387283325,modal,cuda,PTBP1:HepG2
DDX24,K562,chr17:82809692:T:C,0,1,0.37627720832824707,modal,cuda,PTBP1:HepG2
DDX24,K562,chr17:82903402:C:T,0,1,0.6482751369476318,modal,cuda,PTBP1:HepG2
DDX24,K562,chr17:82911752:T:C,0,1,1.3456554412841797,modal,cuda,PTBP1:HepG2
DDX24,K562,chr17:82927172:A:C,0,1,3.2718865871429443,modal,cuda,PTBP1:HepG2
DDX24,K562,chr18:2688754:T:C,0,4,0.1344226747751236,modal,cuda,PTBP1:HepG2
DDX24,K562,chr18:36146372:A:T,0,4,0.33786118030548096,modal,cuda,PTBP1:HepG2
DDX24,K562,chr18:36156575:G:T,1,4,0.20362824201583862,modal,cuda,PTBP1:HepG2
DDX24,K562,chr18:50275737:G:A,0,4,-0.04017501696944237,modal,cuda,PTBP1:HepG2
DDX24,K562,chr18:50276696:C:T,0,4,0.1984647512435913,modal,cuda,PTBP1:HepG2
DDX24,K562,chr18:55269972:A:G,0,4,0.18030714988708496,modal,cuda,PTBP1:HepG2
DDX24,K562,chr18:55461123:T:C,0,4,-0.15203839540481567,modal,cuda,PTBP1:HepG2
DDX24,K562,chr19:10353998:A:G,0,4,0.053504228591918945,modal,cuda,PTBP1:HepG2
DDX24,K562,chr19:10354011:A:G,0,4,0.08186471462249756,modal,cuda,PTBP1:HepG2
DDX24,K562,chr19:10354238:G:C,0,4,-0.21680855751037598,modal,cuda,PTBP1:HepG2
DDX24,K562,chr19:10354244:A:C,0,4,-0.10952138900756836,modal,cuda,PTBP1:HepG2
DDX24,K562,chr19:10357987:C:G,0,4,0.20575310289859772,modal,cuda,PTBP1:HepG2
DDX24,K562,chr19:10357992:C:G,0,4,0.2607460618019104,modal,cuda,PTBP1:HepG2
DDX24,K562,chr19:10361959:C:G,0,4,-0.2778249979019165,modal,cuda,PTBP1:HepG2
DDX24,K562,chr19:10362257:A:G,0,4,0.11058061569929123,modal,cuda,PTBP1:HepG2
DDX24,K562,chr19:10362426:G:A,1,4,1.0449447631835938,modal,cuda,PTBP1:HepG2
DDX24,K562,chr19:10362462:A:G,0,4,0.13900470733642578,modal,cuda,PTBP1:HepG2
DDX24,K562,chr19:1059005:A:G,0,4,0.1680389642715454,modal,cuda,PTBP1:HepG2
DDX24,K562,chr19:10759731:C:A,0,4,0.611396312713623,modal,cuda,PTBP1:HepG2
DDX24,K562,chr19:10775697:T:C,0,4,-0.7208268642425537,modal,cuda,PTBP1:HepG2
DDX24,K562,chr19:10795451:G:A,0,4,0.14306879043579102,modal,cuda,PTBP1:HepG2
DDX24,K562,chr19:10812257:C:A,0,4,-0.45660436153411865,modal,cuda,PTBP1:HepG2
DDX24,K562,chr19:10986394:C:G,1,4,-0.7451626062393188,modal,cuda,PTBP1:HepG2
DDX24,K562,chr19:10986422:C:T,0,4,0.3353833556175232,modal,cuda,PTBP1:HepG2
DDX24,K562,chr19:10986446:C:T,1,4,-0.6096124649047852,modal,cuda,PTBP1:HepG2
DDX24,K562,chr19:10986476:C:T,1,4,-0.427225798368454,modal,cuda,PTBP1:HepG2
DDX24,K562,chr19:10994833:C:A,1,4,-0.5573346614837646,modal,cuda,PTBP1:HepG2
DDX24,K562,chr19:10994932:T:C,0,4,0.324367880821228,modal,cuda,PTBP1:HepG2
DDX24,K562,chr19:10994951:C:T,1,4,-0.2127087116241455,modal,cuda,PTBP1:HepG2
DDX24,K562,chr19:11003047:C:T,1,4,-1.2139240503311157,modal,cuda,PTBP1:HepG2
DDX24,K562,chr19:1104528:C:G,0,4,-0.16923896968364716,modal,cuda,PTBP1:HepG2
DDX24,K562,chr19:11100350:G:C,1,4,0.48362255096435547,modal,cuda,PTBP1:HepG2
DDX24,K562,chr19:11102663:G:T,1,4,-0.851398229598999,modal,cuda,PTBP1:HepG2
DDX24,K562,chr19:11102664:T:A,1,4,0.45876848697662354,modal,cuda,PTBP1:HepG2
DDX24,K562,chr19:11102719:C:A,1,4,-0.700168251991272,modal,cuda,PTBP1:HepG2
DDX24,K562,chr19:11102726:C:T,1,4,-0.5127689242362976,modal,cuda,PTBP1:HepG2
DDX24,K562,chr19:11102732:T:G,1,4,-0.1081082820892334,modal,cuda,PTBP1:HepG2
DDX24,K562,chr19:11102733:G:A,1,4,-0.3034350872039795,modal,cuda,PTBP1:HepG2
DDX24,K562,chr19:11102734:G:A,1,4,-0.4117223620414734,modal,cuda,PTBP1:HepG2
DDX24,K562,chr19:11102735:A:G,1,4,-0.1627708077430725,modal,cuda,PTBP1:HepG2
DDX24,K562,chr19:11102736:G:A,1,4,0.32283979654312134,modal,cuda,PTBP1:HepG2
DDX24,K562,chr19:11102741:G:A,1,4,0.12430989742279053,modal,cuda,PTBP1:HepG2
DDX24,K562,chr19:11102742:A:G,1,4,-0.41675305366516113,modal,cuda,PTBP1:HepG2
DDX24,K562,chr19:11102743:T:A,1,4,-0.08702993392944336,modal,cuda,PTBP1:HepG2
DDX24,K562,chr19:11102747:C:T,1,4,-0.25519680976867676,modal,cuda,PTBP1:HepG2
DDX24,K562,chr19:11102758:C:A,1,4,-0.6546658277511597,modal,cuda,PTBP1:HepG2
DDX24,K562,chr19:11102758:C:G,1,4,-0.23972463607788086,modal,cuda,PTBP1:HepG2
DDX24,K562,chr19:11102769:C:G,1,4,-0.5845375061035156,modal,cuda,PTBP1:HepG2
DDX24,K562,chr19:11102774:G:A,1,4,-0.19024869799613953,modal,cuda,PTBP1:HepG2
DDX24,K562,chr19:11102774:G:T,1,4,-0.5569814443588257,modal,cuda,PTBP1:HepG2
DDX24,K562,chr19:11102777:C:T,1,4,-0.16203534603118896,modal,cuda,PTBP1:HepG2
DDX24,K562,chr19:11102784:G:C,1,4,0.2765951156616211,modal,cuda,PTBP1:HepG2
DDX24,K562,chr19:11102785:T:A,1,4,-0.3219459652900696,modal,cuda,PTBP1:HepG2
DDX24,K562,chr19:11102787:G:A,1,4,0.42593759298324585,modal,cuda,PTBP1:HepG2
DDX24,K562,chr19:11102788:T:C,1,4,0.7577698826789856,modal,cuda,PTBP1:HepG2
DDX24,K562,chr19:11105218:A:T,1,4,-0.30415165424346924,modal,cuda,PTBP1:HepG2
DDX24,K562,chr19:11105219:G:T,1,4,-0.23677855730056763,modal,cuda,PTBP1:HepG2
DDX24,K562,chr19:11105231:T:A,1,4,-0.4208170175552368,modal,cuda,PTBP1:HepG2
DDX24,K562,chr19:11105233:C:A,1,4,-1.0742483139038086,modal,cuda,PTBP1:HepG2
DDX24,K562,chr19:11105243:G:A,1,4,0.29791581630706787,modal,cuda,PTBP1:HepG2
DDX24,K562,chr19:11105251:C:T,0,4,-0.17579174041748047,modal,cuda,PTBP1:HepG2
DDX24,K562,chr19:11105319:C:A,1,4,0.0996098518371582,modal,cuda,PTBP1:HepG2
DDX24,K562,chr19:11105323:C:A,1,4,-0.2465496063232422,modal,cuda,PTBP1:HepG2
DDX24,K562,chr19:11105324:G:A,1,4,0.1862177848815918,modal,cuda,PTBP1:HepG2
DDX24,K562,chr19:11105324:G:T,1,4,-0.3465001583099365,modal,cuda,PTBP1:HepG2
DDX24,K562,chr19:11105332:C:A,0,4,-0.2677292823791504,modal,cuda,PTBP1:HepG2
DDX24,K562,chr19:11105335:C:A,1,4,-0.6234476566314697,modal,cuda,PTBP1:HepG2
DDX24,K562,chr19:11105351:G:C,1,4,0.17058420181274414,modal,cuda,PTBP1:HepG2
DDX24,K562,chr19:11105371:C:A,1,4,-0.14711236953735352,modal,cuda,PTBP1:HepG2
DDX24,K562,chr19:11105388:T:C,1,4,-0.1305534839630127,modal,cuda,PTBP1:HepG2
DDX24,K562,chr19:11105400:G:A,1,4,-0.30629944801330566,modal,cuda,PTBP1:HepG2
DDX24,K562,chr19:11105400:G:T,1,4,-0.16452908515930176,modal,cuda,PTBP1:HepG2
DDX24,K562,chr19:11105401:G:A,1,4,0.09627151489257812,modal,cuda,PTBP1:HepG2
DDX24,K562,chr19:11105424:G:C,1,4,-0.4010295867919922,modal,cuda,PTBP1:HepG2
DDX24,K562,chr19:11110781:G:C,0,4,0.954512357711792,modal,cuda,PTBP1:HepG2
DDX24,K562,chr19:11111506:T:A,0,4,-0.557213306427002,modal,cuda,PTBP1:HepG2
DDX24,K562,chr19:11111506:T:C,0,4,0.2425251007080078,modal,cuda,PTBP1:HepG2
DDX24,K562,chr19:11113778:G:A,0,4,-0.10751402378082275,modal,cuda,PTBP1:HepG2
DDX24,K562,chr19:11252470:A:T,0,4,-0.12594681978225708,modal,cuda,PTBP1:HepG2
DDX24,K562,chr19:11447636:A:G,0,4,-0.12466111779212952,modal,cuda,PTBP1:HepG2
DDX24,K562,chr19:1219354:C:T,0,4,-0.6374385356903076,modal,cuda,PTBP1:HepG2
DDX24,K562,chr19:1219360:G:A,0,4,-0.5955116748809814,modal,cuda,PTBP1:HepG2
DDX24,K562,chr19:1219369:G:A,0,4,-0.6597040891647339,modal,cuda,PTBP1:HepG2
DDX24,K562,chr19:1219382:G:T,1,4,-0.6373211741447449,modal,cuda,PTBP1:HepG2
DDX24,K562,chr19:1219430:G:A,0,4,-0.06345924735069275,modal,cuda,PTBP1:HepG2
DDX24,K562,chr19:1220391:T:A,0,4,-0.32876256108283997,modal,cuda,PTBP1:HepG2
DDX24,K562,chr19:1220406:C:A,1,4,-0.8515645265579224,modal,cuda,PTBP1:HepG2
DDX24,K562,chr19:1220407:C:T,0,4,-0.21990633010864258,modal,cuda,PTBP1:HepG2
DDX24,K562,chr19:1220643:G:A,0,4,-0.6357138752937317,modal,cuda,PTBP1:HepG2
DDX24,K562,chr19:1220722:G:A,1,4,-0.7653765678405762,modal,cuda,PTBP1:HepG2
DDX24,K562,chr19:1221203:C:A,1,4,0.8968207836151123,modal,cuda,PTBP1:HepG2
DDX24,K562,chr19:1221207:A:G,1,4,-0.5512008666992188,modal,cuda,PTBP1:HepG2
DDX24,K562,chr19:1221225:C:A,0,4,-0.8319994211196899,modal,cuda,PTBP1:HepG2
DDX24,K562,chr19:1221237:C:G,1,4,-0.9280903339385986,modal,cuda,PTBP1:HepG2
DDX24,K562,chr19:1221246:A:G,0,4,-0.11464524269104004,modal,cuda,PTBP1:HepG2
DDX24,K562,chr19:1221261:C:A,1,4,-1.8080023527145386,modal,cuda,PTBP1:HepG2
DDX24,K562,chr19:1221261:C:G,1,4,-1.4126362800598145,modal,cuda,PTBP1:HepG2
DDX24,K562,chr19:12715505:C:T,1,4,0.3258587121963501,modal,cuda,PTBP1:HepG2
DDX24,K562,chr19:1393350:G:A,0,4,-0.11531579494476318,modal,cuda,PTBP1:HepG2
DDX24,K562,chr19:1615665:T:G,0,4,0.39121127128601074,modal,cuda,PTBP1:HepG2
DDX24,K562,chr19:1615669:G:A,0,4,-0.37383079528808594,modal,cuda,PTBP1:HepG2
DDX24,K562,chr19:1619483:T:G,0,4,-0.3371630907058716,modal,cuda,PTBP1:HepG2
DDX24,K562,chr19:1620950:C:T,0,4,0.3693263530731201,modal,cuda,PTBP1:HepG2
DDX24,K562,chr19:1620951:C:G,0,4,0.205205038189888,modal,cuda,PTBP1:HepG2
DDX24,K562,chr19:1620951:C:T,0,4,0.17724251747131348,modal,cuda,PTBP1:HepG2
DDX24,K562,chr19:1650259:C:G,0,4,0.35071033239364624,modal,cuda,PTBP1:HepG2
DDX24,K562,chr19:17203024:G:A,0,4,0.564399242401123,modal,cuda,PTBP1:HepG2
DDX24,K562,chr19:17268749:C:T,0,4,-0.1469419002532959,modal,cuda,PTBP1:HepG2
DDX24,K562,chr19:17762834:G:C,1,4,0.14297103881835938,modal,cuda,PTBP1:HepG2
DDX24,K562,chr19:17764374:G:C,1,4,-0.21339958906173706,modal,cuda,PTBP1:HepG2
DDX24,K562,chr19:17772760:T:G,0,4,-0.06379766762256622,modal,cuda,PTBP1:HepG2
DDX24,K562,chr19:2042041:G:A,0,4,-0.3040642738342285,modal,cuda,PTBP1:HepG2
DDX24,K562,chr19:2111662:G:A,0,4,-0.33021336793899536,modal,cuda,PTBP1:HepG2
DDX24,K562,chr19:2121317:C:T,0,4,-0.23301416635513306,modal,cuda,PTBP1:HepG2
DDX24,K562,chr19:2193789:C:T,0,4,-0.07357281446456909,modal,cuda,PTBP1:HepG2
DDX24,K562,chr19:2250529:G:A,0,4,0.06785356998443604,modal,cuda,PTBP1:HepG2
DDX24,K562,chr19:34365408:G:A,0,4,0.058568596839904785,modal,cuda,PTBP1:HepG2
DDX24,K562,chr19:35727139:C:T,0,4,-0.201979398727417,modal,cuda,PTBP1:HepG2
DDX24,K562,chr19:35729307:G:A,0,4,0.45957309007644653,modal,cuda,PTBP1:HepG2
DDX24,K562,chr19:38647913:C:T,0,4,-0.1318454146385193,modal,cuda,PTBP1:HepG2
DDX24,K562,chr19:38704918:C:T,0,4,-0.4936826229095459,modal,cuda,PTBP1:HepG2
DDX24,K562,chr19:38838877:C:T,0,4,-0.08097842335700989,modal,cuda,PTBP1:HepG2
DDX24,K562,chr19:40237951:G:A,0,4,-0.0393604040145874,modal,cuda,PTBP1:HepG2
DDX24,K562,chr19:40238105:G:A,0,4,-0.4234962463378906,modal,cuda,PTBP1:HepG2
DDX24,K562,chr19:40611848:C:A,0,4,-0.6535072922706604,modal,cuda,PTBP1:HepG2
DDX24,K562,chr19:41273979:C:T,0,4,0.20244073867797852,modal,cuda,PTBP1:HepG2
DDX24,K562,chr19:4400317:C:T,0,4,0.04688730090856552,modal,cuda,PTBP1:HepG2
DDX24,K562,chr19:48127976:G:A,0,4,-0.4181443452835083,modal,cuda,PTBP1:HepG2
DDX24,K562,chr19:48128001:G:A,0,4,-0.18205082416534424,modal,cuda,PTBP1:HepG2
DDX24,K562,chr19:48131059:G:C,0,4,0.098772794008255,modal,cuda,PTBP1:HepG2
DDX24,K562,chr19:48131062:T:A,0,4,0.43883490562438965,modal,cuda,PTBP1:HepG2
DDX24,K562,chr19:48131079:G:A,0,4,-0.2196120023727417,modal,cuda,PTBP1:HepG2
DDX24,K562,chr19:48137049:G:C,0,4,-0.31382322311401367,modal,cuda,PTBP1:HepG2
DDX24,K562,chr19:48143528:G:T,0,4,0.0990375280380249,modal,cuda,PTBP1:HepG2
DDX24,K562,chr19:48617441:C:T,0,4,-0.3418262004852295,modal,cuda,PTBP1:HepG2
DDX24,K562,chr19:49171760:G:T,0,4,0.2031048834323883,modal,cuda,PTBP1:HepG2
DDX24,K562,chr19:49172000:A:G,0,4,0.08295935392379761,modal,cuda,PTBP1:HepG2
DDX24,K562,chr19:49190784:C:G,0,4,-0.07185205817222595,modal,cuda,PTBP1:HepG2
DDX24,K562,chr19:49680531:G:A,0,4,-0.14677508175373077,modal,cuda,PTBP1:HepG2
DDX24,K562,chr19:49862356:G:C,0,4,-0.15481078624725342,modal,cuda,PTBP1:HepG2
DDX24,K562,chr19:50399074:T:C,0,4,0.05729806423187256,modal,cuda,PTBP1:HepG2
DDX24,K562,chr19:50402155:A:G,0,4,-0.5213099718093872,modal,cuda,PTBP1:HepG2
DDX24,K562,chr19:50403591:C:A,0,4,-0.35995304584503174,modal,cuda,PTBP1:HepG2
DDX24,K562,chr19:50416437:G:C,0,4,0.15393924713134766,modal,cuda,PTBP1:HepG2
DDX24,K562,chr19:50417153:C:T,0,4,-0.4318241477012634,modal,cuda,PTBP1:HepG2
DDX24,K562,chr19:5144908:C:T,0,4,-0.20695459842681885,modal,cuda,PTBP1:HepG2
DDX24,K562,chr19:54121847:C:T,0,4,0.10793280601501465,modal,cuda,PTBP1:HepG2
DDX24,K562,chr19:54142930:G:A,0,4,0.0897323489189148,modal,cuda,PTBP1:HepG2
DDX24,K562,chr19:54142984:G:A,0,4,0.10785265266895294,modal,cuda,PTBP1:HepG2
DDX24,K562,chr19:54143000:C:T,1,4,-0.3213436007499695,modal,cuda,PTBP1:HepG2
DDX24,K562,chr19:54144143:G:T,0,4,0.11533662676811218,modal,cuda,PTBP1:HepG2
DDX24,K562,chr19:5694372:C:G,0,4,0.6943453550338745,modal,cuda,PTBP1:HepG2
DDX24,K562,chr19:5694393:C:T,0,4,0.10216057300567627,modal,cuda,PTBP1:HepG2
DDX24,K562,chr19:5694418:G:A,0,4,-0.2733016014099121,modal,cuda,PTBP1:HepG2
DDX24,K562,chr19:5694421:G:A,0,4,-0.18270564079284668,modal,cuda,PTBP1:HepG2
DDX24,K562,chr19:5694457:C:G,0,4,0.09722554683685303,modal,cuda,PTBP1:HepG2
DDX24,K562,chr19:5694754:C:T,0,4,0.17615127563476562,modal,cuda,PTBP1:HepG2
DDX24,K562,chr19:5696234:A:G,0,4,0.15603876113891602,modal,cuda,PTBP1:HepG2
DDX24,K562,chr19:5696237:C:G,0,4,0.3598572015762329,modal,cuda,PTBP1:HepG2
DDX24,K562,chr19:5696246:C:T,0,4,-0.06457823514938354,modal,cuda,PTBP1:HepG2
DDX24,K562,chr19:5696253:G:T,1,4,0.060234785079956055,modal,cuda,PTBP1:HepG2
DDX24,K562,chr19:5696355:C:T,0,4,-0.09327077865600586,modal,cuda,PTBP1:HepG2
DDX24,K562,chr19:5699015:G:C,0,4,-0.25491952896118164,modal,cuda,PTBP1:HepG2
DDX24,K562,chr19:5699059:G:A,0,4,-0.3312838673591614,modal,cuda,PTBP1:HepG2
DDX24,K562,chr19:5700858:G:A,0,4,-0.20210790634155273,modal,cuda,PTBP1:HepG2
DDX24,K562,chr19:5700900:G:A,0,4,-0.4259188175201416,modal,cuda,PTBP1:HepG2
DDX24,K562,chr19:5700904:C:T,1,4,-0.3856552243232727,modal,cuda,PTBP1:HepG2
DDX24,K562,chr19:5707833:G:T,0,4,-0.28574293851852417,modal,cuda,PTBP1:HepG2
DDX24,K562,chr19:5711897:G:A,0,4,-0.09114575386047363,modal,cuda,PTBP1:HepG2
DDX24,K562,chr19:5711919:C:T,0,4,0.019626006484031677,modal,cuda,PTBP1:HepG2
DDX24,K562,chr19:58548842:T:G,0,4,0.5465856790542603,modal,cuda,PTBP1:HepG2
DDX24,K562,chr19:58549718:C:T,0,4,0.22092753648757935,modal,cuda,PTBP1:HepG2
DDX24,K562,chr19:58549722:T:C,0,4,0.1328297257423401,modal,cuda,PTBP1:HepG2
DDX24,K562,chr19:58549732:C:G,0,4,-0.23392587900161743,modal,cuda,PTBP1:HepG2
DDX24,K562,chr19:7638719:C:T,0,4,0.0722651481628418,modal,cuda,PTBP1:HepG2
DDX24,K562,chr19:7639063:C:A,1,4,-0.2021418809890747,modal,cuda,PTBP1:HepG2
DDX24,K562,chr19:7639112:C:T,0,4,-0.1963009238243103,modal,cuda,PTBP1:HepG2
DDX24,K562,chr19:7639825:C:T,0,4,-0.11338341236114502,modal,cuda,PTBP1:HepG2
DDX24,K562,chr19:7640566:G:A,0,4,0.1627655029296875,modal,cuda,PTBP1:HepG2
DDX24,K562,chr19:7640758:C:T,1,4,-0.5611491203308105,modal,cuda,PTBP1:HepG2
DDX24,K562,chr19:7642450:C:T,0,4,-0.2382831573486328,modal,cuda,PTBP1:HepG2
DDX24,K562,chr19:7642498:G:A,1,4,-0.36248064041137695,modal,cuda,PTBP1:HepG2
DDX24,K562,chr19:7643004:C:T,1,4,-0.3616445064544678,modal,cuda,PTBP1:HepG2
DDX24,K562,chr19:7643025:C:T,1,4,-0.252193808555603,modal,cuda,PTBP1:HepG2
DDX24,K562,chr19:7643030:C:G,1,4,-0.43726038932800293,modal,cuda,PTBP1:HepG2
DDX24,K562,chr19:7643031:C:T,1,4,-0.18072748184204102,modal,cuda,PTBP1:HepG2
DDX24,K562,chr19:7644385:A:G,0,4,-0.03760421276092529,modal,cuda,PTBP1:HepG2
DDX24,K562,chr19:8322114:T:C,0,4,-0.1635161191225052,modal,cuda,PTBP1:HepG2
DDX24,K562,chr1:1044310:G:A,0,0,-0.20796316862106323,modal,cuda,PTBP1:HepG2
DDX24,K562,chr1:1044455:G:A,0,0,0.19935408234596252,modal,cuda,PTBP1:HepG2
DDX24,K562,chr1:1045707:A:G,0,0,-0.24227741360664368,modal,cuda,PTBP1:HepG2
DDX24,K562,chr1:1045719:G:A,0,0,-0.11882355809211731,modal,cuda,PTBP1:HepG2
DDX24,K562,chr1:1047064:A:G,0,0,-0.6058121919631958,modal,cuda,PTBP1:HepG2
DDX24,K562,chr1:1051820:C:T,0,0,-0.13375014066696167,modal,cuda,PTBP1:HepG2
DDX24,K562,chr1:1055037:T:C,0,0,-0.7693924903869629,modal,cuda,PTBP1:HepG2
DDX24,K562,chr1:11232419:G:A,0,0,0.4390304386615753,modal,cuda,PTBP1:HepG2
DDX24,K562,chr1:11232433:C:A,0,0,0.7475028038024902,modal,cuda,PTBP1:HepG2
DDX24,K562,chr1:11253847:C:G,0,0,0.1335555613040924,modal,cuda,PTBP1:HepG2
DDX24,K562,chr1:11253894:T:G,0,0,0.04850643128156662,modal,cuda,PTBP1:HepG2
DDX24,K562,chr1:11791128:C:T,0,0,-0.13265612721443176,modal,cuda,PTBP1:HepG2
DDX24,K562,chr1:11791162:C:T,0,0,-0.08201909065246582,modal,cuda,PTBP1:HepG2
DDX24,K562,chr1:11816605:G:A,0,0,0.5033864974975586,modal,cuda,PTBP1:HepG2
DDX24,K562,chr1:11816629:T:C,0,0,-0.4054287075996399,modal,cuda,PTBP1:HepG2
DDX24,K562,chr1:11816635:G:A,0,0,0.37825265526771545,modal,cuda,PTBP1:HepG2
DDX24,K562,chr1:11819529:A:G,0,0,0.6418840885162354,modal,cuda,PTBP1:HepG2
DDX24,K562,chr1:11956900:T:G,0,0,-0.47823119163513184,modal,cuda,PTBP1:HepG2
DDX24,K562,chr1:11964317:T:G,0,0,-0.18490064144134521,modal,cuda,PTBP1:HepG2
DDX24,K562,chr1:11964323:T:G,0,0,-0.029323697090148926,modal,cuda,PTBP1:HepG2
DDX24,K562,chr1:11989357:G:A,0,0,0.37817323207855225,modal,cuda,PTBP1:HepG2
DDX24,K562,chr1:12244637:A:G,0,0,-0.2737903594970703,modal,cuda,PTBP1:HepG2
DDX24,K562,chr1:12256314:G:T,0,0,-0.17440813779830933,modal,cuda,PTBP1:HepG2
DDX24,K562,chr1:12256527:A:G,0,0,1.642482042312622,modal,cuda,PTBP1:HepG2
DDX24,K562,chr1:12311937:A:G,0,0,-0.4314883053302765,modal,cuda,PTBP1:HepG2
DDX24,K562,chr1:12368461:C:T,0,0,0.1273566484451294,modal,cuda,PTBP1:HepG2
DDX24,K562,chr1:1320529:G:A,1,0,-0.19039127230644226,modal,cuda,PTBP1:HepG2
DDX24,K562,chr1:1342776:C:T,0,0,-0.12868762016296387,modal,cuda,PTBP1:HepG2
DDX24,K562,chr1:1349110:G:A,0,0,-0.8809535503387451,modal,cuda,PTBP1:HepG2
DDX24,K562,chr1:150325734:G:A,0,0,-0.2535783052444458,modal,cuda,PTBP1:HepG2
DDX24,K562,chr1:150332758:T:A,0,0,0.5122233033180237,modal,cuda,PTBP1:HepG2
DDX24,K562,chr1:150557221:C:T,1,0,-0.2791968286037445,modal,cuda,PTBP1:HepG2
DDX24,K562,chr1:1522729:G:A,0,0,0.19794940948486328,modal,cuda,PTBP1:HepG2
DDX24,K562,chr1:154589737:T:G,0,0,-0.20371776819229126,modal,cuda,PTBP1:HepG2
DDX24,K562,chr1:155312274:T:C,0,0,-0.18990543484687805,modal,cuda,PTBP1:HepG2
DDX24,K562,chr1:15727007:G:A,0,0,0.31046468019485474,modal,cuda,PTBP1:HepG2
DDX24,K562,chr1:15727011:C:T,0,0,0.3981276750564575,modal,cuda,PTBP1:HepG2
DDX24,K562,chr1:160293382:T:C,0,0,-0.13087177276611328,modal,cuda,PTBP1:HepG2
DDX24,K562,chr1:160295716:T:C,0,0,-0.427121639251709,modal,cuda,PTBP1:HepG2
DDX24,K562,chr1:160295725:T:C,0,0,-0.37787532806396484,modal,cuda,PTBP1:HepG2
DDX24,K562,chr1:160295878:G:C,0,0,-0.33709239959716797,modal,cuda,PTBP1:HepG2
DDX24,K562,chr1:160297336:T:C,0,0,0.35730552673339844,modal,cuda,PTBP1:HepG2
DDX24,K562,chr1:160305784:T:C,0,0,-0.2404998242855072,modal,cuda,PTBP1:HepG2
DDX24,K562,chr1:161170464:A:G,1,0,-0.6736850738525391,modal,cuda,PTBP1:HepG2
DDX24,K562,chr1:161170467:A:C,1,0,0.23557209968566895,modal,cuda,PTBP1:HepG2
DDX24,K562,chr1:161209915:C:A,1,0,0.17079296708106995,modal,cuda,PTBP1:HepG2
DDX24,K562,chr1:161210647:A:G,1,0,1.2555038928985596,modal,cuda,PTBP1:HepG2
DDX24,K562,chr1:161210723:T:A,0,0,-1.119673490524292,modal,cuda,PTBP1:HepG2
DDX24,K562,chr1:161213726:C:T,0,0,0.718947172164917,modal,cuda,PTBP1:HepG2
DDX24,K562,chr1:176136495:C:G,0,0,1.2675989866256714,modal,cuda,PTBP1:HepG2
DDX24,K562,chr1:180803571:G:A,1,0,-1.0839273929595947,modal,cuda,PTBP1:HepG2
DDX24,K562,chr1:180803572:T:C,0,0,-1.6261588335037231,modal,cuda,PTBP1:HepG2
DDX24,K562,chr1:180803583:T:C,1,0,2.1038122177124023,modal,cuda,PTBP1:HepG2
DDX24,K562,chr1:180803598:T:C,1,0,0.6142840385437012,modal,cuda,PTBP1:HepG2
DDX24,K562,chr1:19128202:A:G,0,0,0.8144209384918213,modal,cuda,PTBP1:HepG2
DDX24,K562,chr1:19201715:T:C,0,0,0.47902077436447144,modal,cuda,PTBP1:HepG2
DDX24,K562,chr1:19235124:T:C,0,0,-0.13650929927825928,modal,cuda,PTBP1:HepG2
DDX24,K562,chr1:193135375:C:A,0,0,0.30246829986572266,modal,cuda,PTBP1:HepG2
DDX24,K562,chr1:207785659:T:A,1,0,-0.7324085831642151,modal,cuda,PTBP1:HepG2
DDX24,K562,chr1:207785684:T:A,1,0,-0.23497647047042847,modal,cuda,PTBP1:HepG2
DDX24,K562,chr1:207790243:C:T,0,0,-0.5312004089355469,modal,cuda,PTBP1:HepG2
DDX24,K562,chr1:21824285:G:C,0,0,1.0167624950408936,modal,cuda,PTBP1:HepG2
DDX24,K562,chr1:21824302:C:T,0,0,0.209294855594635,modal,cuda,PTBP1:HepG2
DDX24,K562,chr1:21887350:G:A,0,0,-0.29612380266189575,modal,cuda,PTBP1:HepG2
DDX24,K562,chr1:21887413:T:C,0,0,-0.053518712520599365,modal,cuda,PTBP1:HepG2
DDX24,K562,chr1:220195185:T:G,0,0,-0.9001080989837646,modal,cuda,PTBP1:HepG2
DDX24,K562,chr1:223802722:C:T,0,0,0.36800074577331543,modal,cuda,PTBP1:HepG2
DDX24,K562,chr1:236816464:G:A,0,0,0.5117542743682861,modal,cuda,PTBP1:HepG2
DDX24,K562,chr1:236825363:T:A,1,0,0.878791332244873,modal,cuda,PTBP1:HepG2
DDX24,K562,chr1:236873843:A:G,1,0,0.9071972370147705,modal,cuda,PTBP1:HepG2
DDX24,K562,chr1:244856161:G:A,0,0,0.2691617012023926,modal,cuda,PTBP1:HepG2
DDX24,K562,chr1:244858724:C:T,1,0,0.7055672407150269,modal,cuda,PTBP1:HepG2
DDX24,K562,chr1:244863418:A:G,0,0,-0.06907451152801514,modal,cuda,PTBP1:HepG2
DDX24,K562,chr1:244863420:A:G,0,0,0.04457664489746094,modal,cuda,PTBP1:HepG2
DDX24,K562,chr1:26761102:C:G,0,0,0.1894383430480957,modal,cuda,PTBP1:HepG2
DDX24,K562,chr1:26772800:C:T,0,0,-0.7593602538108826,modal,cuda,PTBP1:HepG2
DDX24,K562,chr1:26774531:A:G,0,0,0.5895562767982483,modal,cuda,PTBP1:HepG2
DDX24,K562,chr1:26774547:A:G,0,0,0.10944104194641113,modal,cuda,PTBP1:HepG2
DDX24,K562,chr1:28997275:G:T,1,0,-0.44350308179855347,modal,cuda,PTBP1:HepG2
DDX24,K562,chr1:32180465:A:G,0,0,0.08523544669151306,modal,cuda,PTBP1:HepG2
DDX24,K562,chr1:35918427:G:T,0,0,0.8541309833526611,modal,cuda,PTBP1:HepG2
DDX24,K562,chr1:37888269:G:T,0,0,-1.2757892608642578,modal,cuda,PTBP1:HepG2
DDX24,K562,chr1:39257917:G:A,0,0,0.7342848777770996,modal,cuda,PTBP1:HepG2
DDX24,K562,chr1:39284212:G:T,0,0,-0.766566276550293,modal,cuda,PTBP1:HepG2
DDX24,K562,chr1:39303095:G:A,0,0,0.2701573669910431,modal,cuda,PTBP1:HepG2
DDX24,K562,chr1:39318629:T:C,0,0,0.789196252822876,modal,cuda,PTBP1:HepG2
DDX24,K562,chr1:39447679:A:G,0,0,-0.6158888339996338,modal,cuda,PTBP1:HepG2
DDX24,K562,chr1:39448165:A:C,0,0,-0.6762681007385254,modal,cuda,PTBP1:HepG2
DDX24,K562,chr1:39452140:C:G,0,0,-0.9257898330688477,modal,cuda,PTBP1:HepG2
DDX24,K562,chr1:39479795:T:C,0,0,-0.6295068264007568,modal,cuda,PTBP1:HepG2
DDX24,K562,chr1:45013663:C:T,1,0,0.7224048376083374,modal,cuda,PTBP1:HepG2
DDX24,K562,chr1:45014781:C:T,1,0,-0.5634835958480835,modal,cuda,PTBP1:HepG2
DDX24,K562,chr1:45014803:G:A,1,0,0.18834997713565826,modal,cuda,PTBP1:HepG2
DDX24,K562,chr1:45014835:C:G,1,0,-0.316380113363266,modal,cuda,PTBP1:HepG2
DDX24,K562,chr1:46193432:T:C,0,0,-0.06880223751068115,modal,cuda,PTBP1:HepG2
DDX24,K562,chr1:46196073:A:C,1,0,0.12223267555236816,modal,cuda,PTBP1:HepG2
DDX24,K562,chr1:55052418:A:C,0,0,0.1625726819038391,modal,cuda,PTBP1:HepG2
DDX24,K562,chr1:55052643:C:T,0,0,-0.2297261357307434,modal,cuda,PTBP1:HepG2
DDX24,K562,chr1:58667830:T:A,0,0,-0.11073875427246094,modal,cuda,PTBP1:HepG2
DDX24,K562,chr1:58685269:G:A,0,0,-0.2869405746459961,modal,cuda,PTBP1:HepG2
DDX24,K562,chr1:77962911:G:A,0,0,0.38111019134521484,modal,cuda,PTBP1:HepG2
DDX24,K562,chr1:77963723:G:C,0,0,-0.7163295745849609,modal,cuda,PTBP1:HepG2
DDX24,K562,chr1:92297425:A:C,0,0,-1.378246545791626,modal,cuda,PTBP1:HepG2
DDX24,K562,chr1:92297511:C:T,0,0,0.6650352478027344,modal,cuda,PTBP1:HepG2
DDX24,K562,chr1:93118449:G:A,0,0,0.3102419376373291,modal,cuda,PTBP1:HepG2
DDX24,K562,chr1:962346:C:T,0,0,-0.1926310658454895,modal,cuda,PTBP1:HepG2
DDX24,K562,chr1:9719905:C:T,0,0,-0.3005826771259308,modal,cuda,PTBP1:HepG2
DDX24,K562,chr20:2654566:A:G,0,0,0.34790265560150146,modal,cuda,PTBP1:HepG2
DDX24,K562,chr20:3203207:T:C,0,0,-0.17905330657958984,modal,cuda,PTBP1:HepG2
DDX24,K562,chr20:32800931:C:T,0,0,0.46676158905029297,modal,cuda,PTBP1:HepG2
DDX24,K562,chr20:58909540:C:T,1,0,0.25240087509155273,modal,cuda,PTBP1:HepG2
DDX24,K562,chr20:58909542:G:C,1,0,0.5640952587127686,modal,cuda,PTBP1:HepG2
DDX24,K562,chr20:58909543:C:T,1,0,-0.626286506652832,modal,cuda,PTBP1:HepG2
DDX24,K562,chr20:58909553:G:A,1,0,0.7716699242591858,modal,cuda,PTBP1:HepG2
DDX24,K562,chr20:58909560:G:A,0,0,-0.5596017241477966,modal,cuda,PTBP1:HepG2
DDX24,K562,chr20:58909563:G:A,1,0,0.8682500123977661,modal,cuda,PTBP1:HepG2
DDX24,K562,chr20:5952004:C:T,0,0,0.8801411390304565,modal,cuda,PTBP1:HepG2
DDX24,K562,chr20:62309854:C:T,0,0,0.23846805095672607,modal,cuda,PTBP1:HepG2
DDX24,K562,chr20:62310086:C:A,0,0,-0.14408886432647705,modal,cuda,PTBP1:HepG2
DDX24,K562,chr20:62311548:G:A,0,0,-0.5239073038101196,modal,cuda,PTBP1:HepG2
DDX24,K562,chr20:62311555:C:T,0,0,-0.16840368509292603,modal,cuda,PTBP1:HepG2
DDX24,K562,chr20:62311798:G:A,0,0,-0.2003997564315796,modal,cuda,PTBP1:HepG2
DDX24,K562,chr20:62313269:G:A,0,0,0.38246583938598633,modal,cuda,PTBP1:HepG2
DDX24,K562,chr20:62315009:G:A,0,0,-0.10438203811645508,modal,cuda,PTBP1:HepG2
DDX24,K562,chr20:62315011:G:A,0,0,-0.1629311740398407,modal,cuda,PTBP1:HepG2
DDX24,K562,chr20:62317644:G:A,0,0,-0.16274642944335938,modal,cuda,PTBP1:HepG2
DDX24,K562,chr20:62319814:C:T,0,0,0.7675900459289551,modal,cuda,PTBP1:HepG2
DDX24,K562,chr20:62324566:C:T,0,0,-0.7053101062774658,modal,cuda,PTBP1:HepG2
DDX24,K562,chr20:62324567:G:A,0,0,-0.21055424213409424,modal,cuda,PTBP1:HepG2
DDX24,K562,chr20:63662886:G:T,1,0,-0.2295575737953186,modal,cuda,PTBP1:HepG2
DDX24,K562,chr20:63687621:C:T,0,0,-0.3024832308292389,modal,cuda,PTBP1:HepG2
DDX24,K562,chr20:63688363:G:T,1,0,1.847308874130249,modal,cuda,PTBP1:HepG2
DDX24,K562,chr20:63688366:A:T,1,0,1.247710943222046,modal,cuda,PTBP1:HepG2
DDX24,K562,chr20:63689115:G:A,1,0,0.2924232482910156,modal,cuda,PTBP1:HepG2
DDX24,K562,chr20:63689769:G:A,1,0,0.09790241718292236,modal,cuda,PTBP1:HepG2
DDX24,K562,chr20:63689770:G:A,1,0,-0.2600346803665161,modal,cuda,PTBP1:HepG2
DDX24,K562,chr20:63690184:C:T,1,0,0.9432509541511536,modal,cuda,PTBP1:HepG2
DDX24,K562,chr20:63983032:G:C,0,0,0.29226940870285034,modal,cuda,PTBP1:HepG2
DDX24,K562,chr21:31696110:T:C,1,0,0.5027921199798584,modal,cuda,PTBP1:HepG2
DDX24,K562,chr21:32744819:T:G,0,0,0.7737147808074951,modal,cuda,PTBP1:HepG2
DDX24,K562,chr21:37126118:T:C,0,0,0.32447195053100586,modal,cuda,PTBP1:HepG2
DDX24,K562,chr21:37129055:A:G,0,0,-0.3653099536895752,modal,cuda,PTBP1:HepG2
DDX24,K562,chr21:39293802:C:G,0,0,1.917595624923706,modal,cuda,PTBP1:HepG2
DDX24,K562,chr21:43068285:G:T,0,0,-0.1396249234676361,modal,cuda,PTBP1:HepG2
DDX24,K562,chr21:43755690:C:A,0,0,-0.13660548627376556,modal,cuda,PTBP1:HepG2
DDX24,K562,chr21:43793309:C:T,0,0,0.35880303382873535,modal,cuda,PTBP1:HepG2
DDX24,K562,chr21:43803502:G:C,0,0,0.5703916549682617,modal,cuda,PTBP1:HepG2
DDX24,K562,chr21:45283495:C:T,0,0,-0.5137624740600586,modal,cuda,PTBP1:HepG2
DDX24,K562,chr21:45477407:C:A,0,0,0.44706183671951294,modal,cuda,PTBP1:HepG2
DDX24,K562,chr21:45477494:C:G,0,0,-0.6669880747795105,modal,cuda,PTBP1:HepG2
DDX24,K562,chr21:45490253:G:A,0,0,-0.3114401698112488,modal,cuda,PTBP1:HepG2
DDX24,K562,chr21:45491328:G:A,0,0,-0.19667434692382812,modal,cuda,PTBP1:HepG2
DDX24,K562,chr21:45493239:G:T,0,0,-0.1334320306777954,modal,cuda,PTBP1:HepG2
DDX24,K562,chr21:45494528:C:T,0,0,0.6653526425361633,modal,cuda,PTBP1:HepG2
DDX24,K562,chr21:45495350:C:T,0,0,-0.4577386677265167,modal,cuda,PTBP1:HepG2
DDX24,K562,chr21:45507498:A:T,0,0,-0.10328269004821777,modal,cuda,PTBP1:HepG2
DDX24,K562,chr21:46213005:C:T,0,0,0.3898909091949463,modal,cuda,PTBP1:HepG2
DDX24,K562,chr21:46215306:G:A,0,0,0.3595768213272095,modal,cuda,PTBP1:HepG2
DDX24,K562,chr21:46219578:C:G,0,0,-1.0292400121688843,modal,cuda,PTBP1:HepG2
DDX24,K562,chr21:46222635:C:T,1,0,0.2008320391178131,modal,cuda,PTBP1:HepG2
DDX24,K562,chr21:46222636:C:T,1,0,0.10756528377532959,modal,cuda,PTBP1:HepG2
DDX24,K562,chr21:46258920:G:C,0,0,1.3191993236541748,modal,cuda,PTBP1:HepG2
DDX24,K562,chr21:46498665:G:A,0,0,-0.6576874256134033,modal,cuda,PTBP1:HepG2
DDX24,K562,chr22:19355751:C:T,0,3,0.4224250316619873,modal,cuda,PTBP1:HepG2
DDX24,K562,chr22:19359312:G:A,0,3,-0.09542834758758545,modal,cuda,PTBP1:HepG2
DDX24,K562,chr22:19392094:G:C,0,3,-0.6421691179275513,modal,cuda,PTBP1:HepG2
DDX24,K562,chr22:19431570:A:G,0,3,0.021598100662231445,modal,cuda,PTBP1:HepG2
DDX24,K562,chr22:19455788:G:C,0,3,-0.3857755661010742,modal,cuda,PTBP1:HepG2
DDX24,K562,chr22:19467853:C:T,0,3,0.8650747537612915,modal,cuda,PTBP1:HepG2
DDX24,K562,chr22:19480991:T:C,0,3,-0.5115789771080017,modal,cuda,PTBP1:HepG2
DDX24,K562,chr22:19496042:A:T,0,3,0.3142675757408142,modal,cuda,PTBP1:HepG2
DDX24,K562,chr22:19499077:C:T,0,3,0.6743917465209961,modal,cuda,PTBP1:HepG2
DDX24,K562,chr22:19516805:G:T,0,3,0.17220094799995422,modal,cuda,PTBP1:HepG2
DDX24,K562,chr22:19880221:G:A,0,3,-0.07650747895240784,modal,cuda,PTBP1:HepG2
DDX24,K562,chr22:19880248:C:T,0,3,0.16806486248970032,modal,cuda,PTBP1:HepG2
DDX24,K562,chr22:19895453:G:T,0,3,-0.07603368163108826,modal,cuda,PTBP1:HepG2
DDX24,K562,chr22:19895461:T:G,0,3,0.07194429636001587,modal,cuda,PTBP1:HepG2
DDX24,K562,chr22:19898025:G:T,0,3,1.0289599895477295,modal,cuda,PTBP1:HepG2
DDX24,K562,chr22:19898050:C:G,0,3,0.35363054275512695,modal,cuda,PTBP1:HepG2
DDX24,K562,chr22:19911363:C:T,0,3,0.07898348569869995,modal,cuda,PTBP1:HepG2
DDX24,K562,chr22:19911364:G:A,0,3,-0.12919051945209503,modal,cuda,PTBP1:HepG2
DDX24,K562,chr22:19915767:C:G,0,3,0.0869469940662384,modal,cuda,PTBP1:HepG2
DDX24,K562,chr22:19918844:G:T,0,3,-0.08054226636886597,modal,cuda,PTBP1:HepG2
DDX24,K562,chr22:19918847:G:A,0,3,-0.06561638414859772,modal,cuda,PTBP1:HepG2
DDX24,K562,chr22:19918988:G:A,0,3,-0.19881367683410645,modal,cuda,PTBP1:HepG2
DDX24,K562,chr22:19919562:G:A,0,3,-0.047373026609420776,modal,cuda,PTBP1:HepG2
DDX24,K562,chr22:19919576:C:A,0,3,0.2869751453399658,modal,cuda,PTBP1:HepG2
DDX24,K562,chr22:19919595:G:A,0,3,0.1481790542602539,modal,cuda,PTBP1:HepG2
DDX24,K562,chr22:19931110:G:C,0,3,-0.6292202472686768,modal,cuda,PTBP1:HepG2
DDX24,K562,chr22:19962643:C:T,0,3,-0.08560940623283386,modal,cuda,PTBP1:HepG2
DDX24,K562,chr22:20729303:G:A,0,3,-0.03787335753440857,modal,cuda,PTBP1:HepG2
DDX24,K562,chr22:20751767:G:A,0,3,0.2023598849773407,modal,cuda,PTBP1:HepG2
DDX24,K562,chr22:20765707:A:T,0,3,0.6175574064254761,modal,cuda,PTBP1:HepG2
DDX24,K562,chr22:20987984:G:A,0,3,0.4798455238342285,modal,cuda,PTBP1:HepG2
DDX24,K562,chr22:20989706:C:T,0,3,-0.04663729667663574,modal,cuda,PTBP1:HepG2
DDX24,K562,chr22:20993771:G:A,0,3,0.08554074168205261,modal,cuda,PTBP1:HepG2
DDX24,K562,chr22:21925556:C:T,0,3,0.11847889423370361,modal,cuda,PTBP1:HepG2
DDX24,K562,chr22:21933592:T:C,0,3,0.05578446388244629,modal,cuda,PTBP1:HepG2
DDX24,K562,chr22:21939572:C:T,0,3,0.040047891438007355,modal,cuda,PTBP1:HepG2
DDX24,K562,chr22:21945839:C:A,0,3,-0.14445990324020386,modal,cuda,PTBP1:HepG2
DDX24,K562,chr22:21959742:A:G,0,3,0.047368764877319336,modal,cuda,PTBP1:HepG2
DDX24,K562,chr22:21964166:C:T,0,3,0.05235791206359863,modal,cuda,PTBP1:HepG2
DDX24,K562,chr22:21964299:G:A,0,3,-0.059018999338150024,modal,cuda,PTBP1:HepG2
DDX24,K562,chr22:21968703:C:T,0,3,-0.12625622749328613,modal,cuda,PTBP1:HepG2
DDX24,K562,chr22:21971869:A:G,0,3,0.1035853773355484,modal,cuda,PTBP1:HepG2
DDX24,K562,chr22:23283971:C:G,0,3,-0.06078723073005676,modal,cuda,PTBP1:HepG2
DDX24,K562,chr22:23287285:G:T,0,3,0.9221737384796143,modal,cuda,PTBP1:HepG2
DDX24,K562,chr22:23290335:G:A,0,3,0.2641589641571045,modal,cuda,PTBP1:HepG2
DDX24,K562,chr22:25770869:C:A,0,3,-0.05976960062980652,modal,cuda,PTBP1:HepG2
DDX24,K562,chr22:31760670:A:C,0,3,0.7448418140411377,modal,cuda,PTBP1:HepG2
DDX24,K562,chr22:31760696:C:T,1,3,0.7562861442565918,modal,cuda,PTBP1:HepG2
DDX24,K562,chr22:31760714:A:G,0,3,-0.11066889762878418,modal,cuda,PTBP1:HepG2
DDX24,K562,chr22:31764992:C:T,1,3,-0.3642820119857788,modal,cuda,PTBP1:HepG2
DDX24,K562,chr22:31765028:C:T,1,3,0.6851463913917542,modal,cuda,PTBP1:HepG2
DDX24,K562,chr22:41897136:G:C,0,3,0.8937275409698486,modal,cuda,PTBP1:HepG2
DDX24,K562,chr22:50220065:C:A,0,3,0.13646814227104187,modal,cuda,PTBP1:HepG2
DDX24,K562,chr22:50220072:A:G,0,3,0.12147068977355957,modal,cuda,PTBP1:HepG2
DDX24,K562,chr22:50220141:A:G,0,3,0.16076937317848206,modal,cuda,PTBP1:HepG2
DDX24,K562,chr22:50459685:G:A,0,3,-0.11719527095556259,modal,cuda,PTBP1:HepG2
DDX24,K562,chr2:101831730:G:A,1,4,-0.48084938526153564,modal,cuda,PTBP1:HepG2
DDX24,K562,chr2:101831841:A:G,1,4,-0.610733151435852,modal,cuda,PTBP1:HepG2
DDX24,K562,chr2:147943538:A:G,0,4,-1.1952321529388428,modal,cuda,PTBP1:HepG2
DDX24,K562,chr2:15467394:G:A,1,4,-0.49692410230636597,modal,cuda,PTBP1:HepG2
DDX24,K562,chr2:15467665:T:A,1,4,0.6582193374633789,modal,cuda,PTBP1:HepG2
DDX24,K562,chr2:15467683:T:A,1,4,-0.5563994646072388,modal,cuda,PTBP1:HepG2
DDX24,K562,chr2:15467718:T:C,0,4,-0.21914386749267578,modal,cuda,PTBP1:HepG2
DDX24,K562,chr2:15467723:A:G,0,4,-0.1714172661304474,modal,cuda,PTBP1:HepG2
DDX24,K562,chr2:15467724:T:C,0,4,-0.2707452178001404,modal,cuda,PTBP1:HepG2
DDX24,K562,chr2:15539332:C:T,1,4,0.08184985816478729,modal,cuda,PTBP1:HepG2
DDX24,K562,chr2:15551480:T:C,0,4,-0.9205532073974609,modal,cuda,PTBP1:HepG2
DDX24,K562,chr2:15554052:C:G,0,4,0.19532957673072815,modal,cuda,PTBP1:HepG2
DDX24,K562,chr2:15554053:T:C,0,4,-0.25453680753707886,modal,cuda,PTBP1:HepG2
DDX24,K562,chr2:15556799:G:A,1,4,0.3205735683441162,modal,cuda,PTBP1:HepG2
DDX24,K562,chr2:206152508:G:A,1,4,0.2368839979171753,modal,cuda,PTBP1:HepG2
DDX24,K562,chr2:219501598:G:A,0,4,0.09448117017745972,modal,cuda,PTBP1:HepG2
DDX24,K562,chr2:232794843:C:A,0,4,-0.2788834571838379,modal,cuda,PTBP1:HepG2
DDX24,K562,chr2:235717543:C:T,0,4,0.2651960849761963,modal,cuda,PTBP1:HepG2
DDX24,K562,chr2:235883325:T:C,0,4,-0.29081991314888,modal,cuda,PTBP1:HepG2
DDX24,K562,chr2:27241411:C:T,0,4,-0.09665006399154663,modal,cuda,PTBP1:HepG2
DDX24,K562,chr2:32485640:T:C,0,4,-0.7648916244506836,modal,cuda,PTBP1:HepG2
DDX24,K562,chr2:55643155:T:C,1,4,-0.3089301586151123,modal,cuda,PTBP1:HepG2
DDX24,K562,chr2:61339689:G:A,0,4,0.7728027105331421,modal,cuda,PTBP1:HepG2
DDX24,K562,chr2:61490715:T:G,1,4,0.1389210969209671,modal,cuda,PTBP1:HepG2
DDX24,K562,chr2:69329283:C:T,0,4,0.3307904005050659,modal,cuda,PTBP1:HepG2
DDX24,K562,chr2:8817705:T:C,0,4,-1.1138277053833008,modal,cuda,PTBP1:HepG2
DDX24,K562,chr2:96284591:G:A,0,4,-0.6355535387992859,modal,cuda,PTBP1:HepG2
DDX24,K562,chr2:96290823:G:A,0,4,0.3997232913970947,modal,cuda,PTBP1:HepG2
DDX24,K562,chr2:96297628:G:A,0,4,-0.5711588859558105,modal,cuda,PTBP1:HepG2
DDX24,K562,chr2:96298427:A:G,0,4,0.2515544891357422,modal,cuda,PTBP1:HepG2
DDX24,K562,chr3:10032981:T:G,0,3,-0.9787235260009766,modal,cuda,PTBP1:HepG2
DDX24,K562,chr3:10036271:A:G,0,3,0.16706466674804688,modal,cuda,PTBP1:HepG2
DDX24,K562,chr3:10039861:G:C,0,3,0.45911484956741333,modal,cuda,PTBP1:HepG2
DDX24,K562,chr3:10081464:G:A,1,3,0.39650100469589233,modal,cuda,PTBP1:HepG2
DDX24,K562,chr3:10088482:G:A,1,3,0.35135531425476074,modal,cuda,PTBP1:HepG2
DDX24,K562,chr3:10088483:G:A,1,3,0.1677083969116211,modal,cuda,PTBP1:HepG2
DDX24,K562,chr3:10088523:C:T,1,3,0.6360950469970703,modal,cuda,PTBP1:HepG2
DDX24,K562,chr3:10090386:G:T,1,3,0.939629077911377,modal,cuda,PTBP1:HepG2
DDX24,K562,chr3:10092206:G:A,1,3,0.34943318367004395,modal,cuda,PTBP1:HepG2
DDX24,K562,chr3:10092265:A:G,0,3,-0.11688417196273804,modal,cuda,PTBP1:HepG2
DDX24,K562,chr3:10095234:T:A,1,3,-0.06759556382894516,modal,cuda,PTBP1:HepG2
DDX24,K562,chr3:10096350:C:T,1,3,0.05838358402252197,modal,cuda,PTBP1:HepG2
DDX24,K562,chr3:128056689:T:C,0,3,0.6597365140914917,modal,cuda,PTBP1:HepG2
DDX24,K562,chr3:128060669:C:T,0,3,-0.043315544724464417,modal,cuda,PTBP1:HepG2
DDX24,K562,chr3:129254755:C:G,0,3,-0.2915639877319336,modal,cuda,PTBP1:HepG2
DDX24,K562,chr3:130934728:A:G,0,3,-0.3464062213897705,modal,cuda,PTBP1:HepG2
DDX24,K562,chr3:139367098:G:A,0,3,0.24303489923477173,modal,cuda,PTBP1:HepG2
DDX24,K562,chr3:139367123:A:G,0,3,-0.1610432267189026,modal,cuda,PTBP1:HepG2
DDX24,K562,chr3:14168330:G:A,1,3,-0.1493282914161682,modal,cuda,PTBP1:HepG2
DDX24,K562,chr3:14168389:A:T,1,3,-0.46154069900512695,modal,cuda,PTBP1:HepG2
DDX24,K562,chr3:14447599:G:A,0,3,0.37593841552734375,modal,cuda,PTBP1:HepG2
DDX24,K562,chr3:14466529:C:T,1,3,0.7011682987213135,modal,cuda,PTBP1:HepG2
DDX24,K562,chr3:177038395:A:G,1,3,0.11259304732084274,modal,cuda,PTBP1:HepG2
DDX24,K562,chr3:177038442:G:A,0,3,-0.290303498506546,modal,cuda,PTBP1:HepG2
DDX24,K562,chr3:177047481:T:C,0,3,-0.481487512588501,modal,cuda,PTBP1:HepG2
DDX24,K562,chr3:183803345:A:G,0,3,-0.15415632724761963,modal,cuda,PTBP1:HepG2
DDX24,K562,chr3:184164937:G:A,0,3,0.031478434801101685,modal,cuda,PTBP1:HepG2
DDX24,K562,chr3:184165219:G:A,0,3,0.08593375980854034,modal,cuda,PTBP1:HepG2
DDX24,K562,chr3:184166120:C:T,0,3,0.21575069427490234,modal,cuda,PTBP1:HepG2
DDX24,K562,chr3:184166270:C:A,0,3,0.09720706194639206,modal,cuda,PTBP1:HepG2
DDX24,K562,chr3:184166530:T:C,0,3,0.08079451322555542,modal,cuda,PTBP1:HepG2
DDX24,K562,chr3:194427078:G:A,0,3,0.15782856941223145,modal,cuda,PTBP1:HepG2
DDX24,K562,chr3:194427130:C:T,0,3,0.5605477094650269,modal,cuda,PTBP1:HepG2
DDX24,K562,chr3:194431876:A:G,0,3,-0.4010806083679199,modal,cuda,PTBP1:HepG2
DDX24,K562,chr3:194438909:G:A,0,3,0.7062065601348877,modal,cuda,PTBP1:HepG2
DDX24,K562,chr3:194438916:T:C,0,3,-0.18671607971191406,modal,cuda,PTBP1:HepG2
DDX24,K562,chr3:194438977:A:G,0,3,0.3764333724975586,modal,cuda,PTBP1:HepG2
DDX24,K562,chr3:194438985:A:G,0,3,-0.8034250140190125,modal,cuda,PTBP1:HepG2
DDX24,K562,chr3:194455983:C:A,0,3,0.3698195219039917,modal,cuda,PTBP1:HepG2
DDX24,K562,chr3:196055305:C:T,0,3,0.491593599319458,modal,cuda,PTBP1:HepG2
DDX24,K562,chr3:196055306:A:G,0,3,0.49155306816101074,modal,cuda,PTBP1:HepG2
DDX24,K562,chr3:196055313:C:T,0,3,0.1795663833618164,modal,cuda,PTBP1:HepG2
DDX24,K562,chr3:196055316:G:A,0,3,-0.4591447114944458,modal,cuda,PTBP1:HepG2
DDX24,K562,chr3:196058376:A:G,0,3,0.5360269546508789,modal,cuda,PTBP1:HepG2
DDX24,K562,chr3:196062837:G:T,0,3,-1.0417542457580566,modal,cuda,PTBP1:HepG2
DDX24,K562,chr3:196065426:G:C,0,3,-0.14092731475830078,modal,cuda,PTBP1:HepG2
DDX24,K562,chr3:196065430:G:T,0,3,0.1944746971130371,modal,cuda,PTBP1:HepG2
DDX24,K562,chr3:196067669:A:C,0,3,-0.5691654682159424,modal,cuda,PTBP1:HepG2
DDX24,K562,chr3:197138319:C:T,0,3,0.39897620677948,modal,cuda,PTBP1:HepG2
DDX24,K562,chr3:197138320:G:A,0,3,0.1455632448196411,modal,cuda,PTBP1:HepG2
DDX24,K562,chr3:197839383:T:C,0,3,0.5475554466247559,modal,cuda,PTBP1:HepG2
DDX24,K562,chr3:36996644:C:T,1,3,-0.18107569217681885,modal,cuda,PTBP1:HepG2
DDX24,K562,chr3:36996648:T:A,1,3,-0.3203001022338867,modal,cuda,PTBP1:HepG2
DDX24,K562,chr3:36996659:G:T,1,3,0.5150184035301208,modal,cuda,PTBP1:HepG2
DDX24,K562,chr3:36996668:C:T,0,3,0.2376878261566162,modal,cuda,PTBP1:HepG2
DDX24,K562,chr3:36996670:G:A,0,3,0.11414092779159546,modal,cuda,PTBP1:HepG2
DDX24,K562,chr3:36996671:A:T,1,3,0.14115741848945618,modal,cuda,PTBP1:HepG2
DDX24,K562,chr3:36996680:C:T,1,3,-0.35639679431915283,modal,cuda,PTBP1:HepG2
DDX24,K562,chr3:36996686:C:T,1,3,0.09058427810668945,modal,cuda,PTBP1:HepG2
DDX24,K562,chr3:36996691:C:A,1,3,0.16937625408172607,modal,cuda,PTBP1:HepG2
DDX24,K562,chr3:36996697:C:T,0,3,0.14157330989837646,modal,cuda,PTBP1:HepG2
DDX24,K562,chr3:36996701:G:A,1,3,0.23122727870941162,modal,cuda,PTBP1:HepG2
DDX24,K562,chr3:36996701:G:T,1,3,-0.09492695331573486,modal,cuda,PTBP1:HepG2
DDX24,K562,chr3:36996702:G:A,1,3,-0.19853264093399048,modal,cuda,PTBP1:HepG2
DDX24,K562,chr3:36996710:G:C,1,3,0.5253593325614929,modal,cuda,PTBP1:HepG2
DDX24,K562,chr3:36996711:T:G,1,3,0.13478562235832214,modal,cuda,PTBP1:HepG2
DDX24,K562,chr3:37000953:A:G,1,3,0.2650517523288727,modal,cuda,PTBP1:HepG2
DDX24,K562,chr3:37000954:G:A,1,3,0.4588134288787842,modal,cuda,PTBP1:HepG2
DDX24,K562,chr3:37000958:G:T,1,3,0.6668398380279541,modal,cuda,PTBP1:HepG2
DDX24,K562,chr3:37000976:T:C,1,3,0.17565178871154785,modal,cuda,PTBP1:HepG2
DDX24,K562,chr3:37000977:G:A,1,3,0.2138494849205017,modal,cuda,PTBP1:HepG2
DDX24,K562,chr3:37000979:G:T,1,3,0.558348536491394,modal,cuda,PTBP1:HepG2
DDX24,K562,chr3:37000992:C:T,1,3,-0.07790100574493408,modal,cuda,PTBP1:HepG2
DDX24,K562,chr3:37000997:A:T,1,3,0.39426368474960327,modal,cuda,PTBP1:HepG2
DDX24,K562,chr3:37001003:C:T,1,3,0.4155316650867462,modal,cuda,PTBP1:HepG2
DDX24,K562,chr3:37001008:C:A,0,3,0.09502983093261719,modal,cuda,PTBP1:HepG2
DDX24,K562,chr3:37001012:G:T,1,3,0.3372914791107178,modal,cuda,PTBP1:HepG2
DDX24,K562,chr3:37001019:T:G,1,3,-0.12990619242191315,modal,cuda,PTBP1:HepG2
DDX24,K562,chr3:37001045:C:T,1,3,-0.7156579494476318,modal,cuda,PTBP1:HepG2
DDX24,K562,chr3:37001046:G:C,1,3,0.2691284418106079,modal,cuda,PTBP1:HepG2
DDX24,K562,chr3:37001053:G:C,1,3,-0.3421604633331299,modal,cuda,PTBP1:HepG2
DDX24,K562,chr3:37001054:G:A,1,3,0.2543509900569916,modal,cuda,PTBP1:HepG2
DDX24,K562,chr3:37001054:G:C,1,3,0.4249134361743927,modal,cuda,PTBP1:HepG2
DDX24,K562,chr3:37001054:G:T,1,3,0.21388909220695496,modal,cuda,PTBP1:HepG2
DDX24,K562,chr3:37001055:T:A,1,3,0.27314019203186035,modal,cuda,PTBP1:HepG2
DDX24,K562,chr3:37001058:G:A,1,3,0.28085172176361084,modal,cuda,PTBP1:HepG2
DDX24,K562,chr3:37006992:G:C,1,3,0.22736787796020508,modal,cuda,PTBP1:HepG2
DDX24,K562,chr3:37007000:C:A,1,3,0.13173627853393555,modal,cuda,PTBP1:HepG2
DDX24,K562,chr3:37007000:C:G,1,3,-0.26634788513183594,modal,cuda,PTBP1:HepG2
DDX24,K562,chr3:37007002:C:A,1,3,0.31070399284362793,modal,cuda,PTBP1:HepG2
DDX24,K562,chr3:37007002:C:G,1,3,-0.1343686580657959,modal,cuda,PTBP1:HepG2
DDX24,K562,chr3:37007004:G:C,0,3,0.3178713321685791,modal,cuda,PTBP1:HepG2
DDX24,K562,chr3:37007007:G:T,1,3,0.6524184942245483,modal,cuda,PTBP1:HepG2
DDX24,K562,chr3:37007016:A:T,1,3,-0.3212651312351227,modal,cuda,PTBP1:HepG2
DDX24,K562,chr3:37007028:A:T,1,3,0.3836427927017212,modal,cuda,PTBP1:HepG2
DDX24,K562,chr3:37007039:T:G,0,3,-0.18961763381958008,modal,cuda,PTBP1:HepG2
DDX24,K562,chr3:37007042:C:G,0,3,0.21581166982650757,modal,cuda,PTBP1:HepG2
DDX24,K562,chr3:37007046:C:T,1,3,-0.23172450065612793,modal,cuda,PTBP1:HepG2
DDX24,K562,chr3:37007055:C:T,1,3,-0.21447980403900146,modal,cuda,PTBP1:HepG2
DDX24,K562,chr3:37008874:G:T,1,3,0.16159647703170776,modal,cuda,PTBP1:HepG2
DDX24,K562,chr3:37008879:T:A,1,3,-0.1573999524116516,modal,cuda,PTBP1:HepG2
DDX24,K562,chr3:37008903:C:T,1,3,-0.18397831916809082,modal,cuda,PTBP1:HepG2
DDX24,K562,chr3:37008904:A:G,1,3,0.1941584348678589,modal,cuda,PTBP1:HepG2
DDX24,K562,chr3:37008905:G:A,1,3,0.32359522581100464,modal,cuda,PTBP1:HepG2
DDX24,K562,chr3:37008907:T:A,1,3,-0.12744265794754028,modal,cuda,PTBP1:HepG2
DDX24,K562,chr3:37008907:T:C,1,3,0.23692017793655396,modal,cuda,PTBP1:HepG2
DDX24,K562,chr3:37008908:A:G,1,3,-0.13126999139785767,modal,cuda,PTBP1:HepG2
DDX24,K562,chr3:37008925:A:T,0,3,-0.15646594762802124,modal,cuda,PTBP1:HepG2
DDX24,K562,chr3:37011823:T:G,1,3,0.5797958374023438,modal,cuda,PTBP1:HepG2
DDX24,K562,chr3:37011825:C:G,1,3,0.7330077886581421,modal,cuda,PTBP1:HepG2
DDX24,K562,chr3:37011828:T:G,1,3,-0.4406086206436157,modal,cuda,PTBP1:HepG2
DDX24,K562,chr3:37011852:C:G,1,3,-1.100968837738037,modal,cuda,PTBP1:HepG2
DDX24,K562,chr3:37011860:A:T,1,3,0.34073323011398315,modal,cuda,PTBP1:HepG2
DDX24,K562,chr3:37011867:G:A,1,3,0.833263635635376,modal,cuda,PTBP1:HepG2
DDX24,K562,chr3:37011873:G:C,0,3,-0.23395991325378418,modal,cuda,PTBP1:HepG2
DDX24,K562,chr3:38009716:G:A,0,3,-0.03499820828437805,modal,cuda,PTBP1:HepG2
DDX24,K562,chr3:38009720:G:A,0,3,0.017960429191589355,modal,cuda,PTBP1:HepG2
DDX24,K562,chr3:38129319:C:G,0,3,0.0361311137676239,modal,cuda,PTBP1:HepG2
DDX24,K562,chr3:38129373:G:A,0,3,-0.6241498589515686,modal,cuda,PTBP1:HepG2
DDX24,K562,chr3:42188999:C:T,0,3,-0.40410351753234863,modal,cuda,PTBP1:HepG2
DDX24,K562,chr3:42193853:G:A,0,3,0.09024885296821594,modal,cuda,PTBP1:HepG2
DDX24,K562,chr3:43565644:T:C,0,3,0.17318391799926758,modal,cuda,PTBP1:HepG2
DDX24,K562,chr3:43576710:C:A,1,3,1.5390344858169556,modal,cuda,PTBP1:HepG2
DDX24,K562,chr3:43576722:G:A,1,3,1.8523032665252686,modal,cuda,PTBP1:HepG2
DDX24,K562,chr3:43576788:T:C,0,3,-0.18233323097229004,modal,cuda,PTBP1:HepG2
DDX24,K562,chr3:4658283:C:G,0,3,-0.6093184947967529,modal,cuda,PTBP1:HepG2
DDX24,K562,chr3:47007225:C:T,0,3,-0.14341743290424347,modal,cuda,PTBP1:HepG2
DDX24,K562,chr3:47977856:A:C,0,3,0.09086424112319946,modal,cuda,PTBP1:HepG2
DDX24,K562,chr3:48628021:G:A,0,3,-0.40773582458496094,modal,cuda,PTBP1:HepG2
DDX24,K562,chr3:49100579:C:T,1,3,-0.0504726767539978,modal,cuda,PTBP1:HepG2
DDX24,K562,chr3:49101858:G:A,0,3,-0.1483219414949417,modal,cuda,PTBP1:HepG2
DDX24,K562,chr3:52408610:G:A,0,3,-0.23076418042182922,modal,cuda,PTBP1:HepG2
DDX24,K562,chr3:52408611:G:A,0,3,-0.5027573108673096,modal,cuda,PTBP1:HepG2
DDX24,K562,chr3:9684571:C:T,0,3,-0.2997908592224121,modal,cuda,PTBP1:HepG2
DDX24,K562,chr3:9688681:G:A,0,3,-0.47972095012664795,modal,cuda,PTBP1:HepG2
DDX24,K562,chr3:9688993:G:A,0,3,0.06876569241285324,modal,cuda,PTBP1:HepG2
DDX24,K562,chr3:9924216:T:G,0,3,1.332676649093628,modal,cuda,PTBP1:HepG2
DDX24,K562,chr3:9924243:G:C,0,3,-0.35829195380210876,modal,cuda,PTBP1:HepG2
DDX24,K562,chr3:9928162:C:T,0,3,0.22219103574752808,modal,cuda,PTBP1:HepG2
DDX24,K562,chr3:9928227:C:T,0,3,-0.13859672844409943,modal,cuda,PTBP1:HepG2
DDX24,K562,chr3:9928231:C:T,0,3,-0.023119941353797913,modal,cuda,PTBP1:HepG2
DDX24,K562,chr3:9928289:T:C,0,3,0.13247020542621613,modal,cuda,PTBP1:HepG2
DDX24,K562,chr3:9938029:C:G,0,3,-0.5455889701843262,modal,cuda,PTBP1:HepG2
DDX24,K562,chr3:9938045:G:A,1,3,1.468775749206543,modal,cuda,PTBP1:HepG2
DDX24,K562,chr3:9941222:G:A,0,3,0.043268561363220215,modal,cuda,PTBP1:HepG2
DDX24,K562,chr3:9943122:G:T,1,3,-0.13466092944145203,modal,cuda,PTBP1:HepG2
DDX24,K562,chr3:9943412:G:A,0,3,0.03193144500255585,modal,cuda,PTBP1:HepG2
DDX24,K562,chr3:9943445:C:A,0,3,-0.1262926459312439,modal,cuda,PTBP1:HepG2
DDX24,K562,chr4:1000901:C:T,0,1,-0.24683117866516113,modal,cuda,PTBP1:HepG2
DDX24,K562,chr4:1000953:A:T,1,1,-0.4075508117675781,modal,cuda,PTBP1:HepG2
DDX24,K562,chr4:1001194:G:A,0,1,0.2665412425994873,modal,cuda,PTBP1:HepG2
DDX24,K562,chr4:1003307:T:C,0,1,0.19759154319763184,modal,cuda,PTBP1:HepG2
DDX24,K562,chr4:118815021:T:C,0,1,0.20930004119873047,modal,cuda,PTBP1:HepG2
DDX24,K562,chr4:150844091:G:A,0,1,0.5848715305328369,modal,cuda,PTBP1:HepG2
DDX24,K562,chr4:150872652:G:A,0,1,1.8720128536224365,modal,cuda,PTBP1:HepG2
DDX24,K562,chr4:150929074:G:A,0,1,0.843930721282959,modal,cuda,PTBP1:HepG2
DDX24,K562,chr4:169588686:G:A,1,1,0.5401475429534912,modal,cuda,PTBP1:HepG2
DDX24,K562,chr4:1730877:G:C,0,1,-0.32350456714630127,modal,cuda,PTBP1:HepG2
DDX24,K562,chr4:1802097:C:G,0,1,-0.578803539276123,modal,cuda,PTBP1:HepG2
DDX24,K562,chr4:1802199:T:C,0,1,-0.24749591946601868,modal,cuda,PTBP1:HepG2
DDX24,K562,chr4:1804844:G:A,0,1,-0.28387999534606934,modal,cuda,PTBP1:HepG2
DDX24,K562,chr4:1805790:C:T,0,1,0.0547717809677124,modal,cuda,PTBP1:HepG2
DDX24,K562,chr4:1805823:G:A,0,1,0.10810554027557373,modal,cuda,PTBP1:HepG2
DDX24,K562,chr4:1807446:C:T,0,1,-0.17852503061294556,modal,cuda,PTBP1:HepG2
DDX24,K562,chr4:1904379:G:C,1,1,1.1464972496032715,modal,cuda,PTBP1:HepG2
DDX24,K562,chr4:1952088:C:T,0,1,-0.37998831272125244,modal,cuda,PTBP1:HepG2
DDX24,K562,chr4:1952089:G:A,0,1,-0.08437442779541016,modal,cuda,PTBP1:HepG2
DDX24,K562,chr4:1953320:T:C,0,1,-0.6813173294067383,modal,cuda,PTBP1:HepG2
DDX24,K562,chr4:1955864:A:C,0,1,-0.7772870063781738,modal,cuda,PTBP1:HepG2
DDX24,K562,chr4:1956205:A:G,0,1,0.6490788459777832,modal,cuda,PTBP1:HepG2
DDX24,K562,chr4:1958042:G:A,0,1,-0.1716468334197998,modal,cuda,PTBP1:HepG2
DDX24,K562,chr4:2663247:A:G,0,1,-0.1356130838394165,modal,cuda,PTBP1:HepG2
DDX24,K562,chr4:47885519:T:C,0,1,-0.2058563083410263,modal,cuda,PTBP1:HepG2
DDX24,K562,chr4:47885974:G:A,0,1,0.4357404112815857,modal,cuda,PTBP1:HepG2
DDX24,K562,chr4:80008502:G:C,0,1,1.8468739986419678,modal,cuda,PTBP1:HepG2
DDX24,K562,chr4:80069511:C:T,0,1,-0.5173892974853516,modal,cuda,PTBP1:HepG2
DDX24,K562,chr4:82872090:A:C,0,1,-2.9606776237487793,modal,cuda,PTBP1:HepG2
DDX24,K562,chr5:126819073:T:C,1,1,0.27357685565948486,modal,cuda,PTBP1:HepG2
DDX24,K562,chr5:146120521:A:C,0,1,-1.2940196990966797,modal,cuda,PTBP1:HepG2
DDX24,K562,chr5:146157709:A:T,0,1,0.646477222442627,modal,cuda,PTBP1:HepG2
DDX24,K562,chr5:146164483:G:A,0,1,-1.3755900859832764,modal,cuda,PTBP1:HepG2
DDX24,K562,chr5:146168206:T:C,0,1,0.22274750471115112,modal,cuda,PTBP1:HepG2
DDX24,K562,chr5:146168276:T:C,0,1,-0.3958131670951843,modal,cuda,PTBP1:HepG2
DDX24,K562,chr5:146171902:G:A,0,1,0.8949913382530212,modal,cuda,PTBP1:HepG2
DDX24,K562,chr5:146171959:T:C,0,1,0.5779417753219604,modal,cuda,PTBP1:HepG2
DDX24,K562,chr5:146172783:C:A,0,1,1.513672947883606,modal,cuda,PTBP1:HepG2
DDX24,K562,chr5:150361143:T:C,0,1,0.4384737014770508,modal,cuda,PTBP1:HepG2
DDX24,K562,chr5:150375563:C:T,0,1,-0.420101523399353,modal,cuda,PTBP1:HepG2
DDX24,K562,chr5:169671117:A:G,0,1,0.13853570818901062,modal,cuda,PTBP1:HepG2
DDX24,K562,chr5:169700093:C:A,0,1,-0.103221595287323,modal,cuda,PTBP1:HepG2
DDX24,K562,chr5:177490914:G:A,0,1,0.5404253005981445,modal,cuda,PTBP1:HepG2
DDX24,K562,chr5:179618141:G:A,0,1,0.33895641565322876,modal,cuda,PTBP1:HepG2
DDX24,K562,chr5:41842686:G:A,0,1,0.37142467498779297,modal,cuda,PTBP1:HepG2
DDX24,K562,chr5:41842690:C:T,1,1,-0.512237012386322,modal,cuda,PTBP1:HepG2
DDX24,K562,chr5:41842697:G:A,1,1,-1.1917335987091064,modal,cuda,PTBP1:HepG2
DDX24,K562,chr5:6611712:G:A,0,1,-0.5155706405639648,modal,cuda,PTBP1:HepG2
DDX24,K562,chr5:6611749:C:T,1,1,-0.9466619491577148,modal,cuda,PTBP1:HepG2
DDX24,K562,chr5:6616737:T:C,0,1,-0.4056887626647949,modal,cuda,PTBP1:HepG2
DDX24,K562,chr5:6616795:T:G,1,1,-1.139050006866455,modal,cuda,PTBP1:HepG2
DDX24,K562,chr5:78156252:A:G,1,1,1.6756958961486816,modal,cuda,PTBP1:HepG2
DDX24,K562,chr5:78228133:C:T,0,1,-0.25927579402923584,modal,cuda,PTBP1:HepG2
DDX24,K562,chr5:90705508:C:A,1,1,0.7750949859619141,modal,cuda,PTBP1:HepG2
DDX24,K562,chr5:90705528:G:T,1,1,1.4237010478973389,modal,cuda,PTBP1:HepG2
DDX24,K562,chr5:90705551:T:G,0,1,-1.17612886428833,modal,cuda,PTBP1:HepG2
DDX24,K562,chr6:104796938:T:C,0,3,-0.2175384759902954,modal,cuda,PTBP1:HepG2
DDX24,K562,chr6:104796988:G:A,1,3,-0.2566722631454468,modal,cuda,PTBP1:HepG2
DDX24,K562,chr6:104843270:C:A,1,3,0.285534143447876,modal,cuda,PTBP1:HepG2
DDX24,K562,chr6:157936048:C:T,0,3,0.2990570068359375,modal,cuda,PTBP1:HepG2
DDX24,K562,chr6:30914857:C:T,0,3,-0.5952973365783691,modal,cuda,PTBP1:HepG2
DDX24,K562,chr6:30914912:C:T,0,3,-0.6454427242279053,modal,cuda,PTBP1:HepG2
DDX24,K562,chr6:30921056:T:C,0,3,1.1872906684875488,modal,cuda,PTBP1:HepG2
DDX24,K562,chr6:30922429:T:C,0,3,-0.3429088592529297,modal,cuda,PTBP1:HepG2
DDX24,K562,chr6:31536689:G:A,0,3,-0.23226618766784668,modal,cuda,PTBP1:HepG2
DDX24,K562,chr6:31636058:C:T,0,3,-0.2853693962097168,modal,cuda,PTBP1:HepG2
DDX24,K562,chr6:31687869:G:A,1,3,-0.15384724736213684,modal,cuda,PTBP1:HepG2
DDX24,K562,chr6:31688737:C:T,0,3,0.03866317868232727,modal,cuda,PTBP1:HepG2
DDX24,K562,chr6:31742911:G:A,0,3,0.1022111177444458,modal,cuda,PTBP1:HepG2
DDX24,K562,chr6:31759476:G:T,1,3,0.33499908447265625,modal,cuda,PTBP1:HepG2
DDX24,K562,chr6:31760120:C:T,0,3,0.2847644090652466,modal,cuda,PTBP1:HepG2
DDX24,K562,chr6:31761582:A:G,0,3,-0.11522829532623291,modal,cuda,PTBP1:HepG2
DDX24,K562,chr6:31762148:C:T,0,3,0.5646090507507324,modal,cuda,PTBP1:HepG2
DDX24,K562,chr6:31881061:C:A,1,3,0.3247898817062378,modal,cuda,PTBP1:HepG2
DDX24,K562,chr6:31881061:C:T,1,3,0.08069741725921631,modal,cuda,PTBP1:HepG2
DDX24,K562,chr6:31961035:C:G,0,3,-1.2325873374938965,modal,cuda,PTBP1:HepG2
DDX24,K562,chr6:32974487:T:C,0,3,-0.3834175169467926,modal,cuda,PTBP1:HepG2
DDX24,K562,chr6:32974500:G:A,0,3,0.21808336675167084,modal,cuda,PTBP1:HepG2
DDX24,K562,chr6:32976246:C:G,0,3,-0.2776834964752197,modal,cuda,PTBP1:HepG2
DDX24,K562,chr6:32977753:G:C,0,3,0.42381495237350464,modal,cuda,PTBP1:HepG2
DDX24,K562,chr6:33297068:G:A,0,3,0.0958547592163086,modal,cuda,PTBP1:HepG2
DDX24,K562,chr6:33440713:C:T,0,3,-0.30901002883911133,modal,cuda,PTBP1:HepG2
DDX24,K562,chr6:33440726:C:G,1,3,-0.23471036553382874,modal,cuda,PTBP1:HepG2
DDX24,K562,chr6:33685103:G:A,0,3,0.0835387110710144,modal,cuda,PTBP1:HepG2
DDX24,K562,chr6:33685166:C:A,0,3,-0.049335479736328125,modal,cuda,PTBP1:HepG2
DDX24,K562,chr6:43046422:G:C,0,3,-0.6821510791778564,modal,cuda,PTBP1:HepG2
DDX24,K562,chr6:43046495:G:A,0,3,-0.8901312351226807,modal,cuda,PTBP1:HepG2
DDX24,K562,chr6:43527615:G:A,0,3,0.13799066841602325,modal,cuda,PTBP1:HepG2
DDX24,K562,chr6:43565668:G:A,0,3,-0.36667823791503906,modal,cuda,PTBP1:HepG2
DDX24,K562,chr6:43626216:G:C,0,3,-0.5210669040679932,modal,cuda,PTBP1:HepG2
DDX24,K562,chr6:44231359:C:T,0,3,-0.5581674575805664,modal,cuda,PTBP1:HepG2
DDX24,K562,chr6:53276167:A:G,0,3,-0.28548765182495117,modal,cuda,PTBP1:HepG2
DDX24,K562,chr6:79016535:A:T,0,3,-0.1431121826171875,modal,cuda,PTBP1:HepG2
DDX24,K562,chr6:79019166:T:C,0,3,-0.3844106197357178,modal,cuda,PTBP1:HepG2
DDX24,K562,chr6:79025924:T:C,0,3,-0.2448422908782959,modal,cuda,PTBP1:HepG2
DDX24,K562,chr6:79060464:C:G,0,3,-0.2895507216453552,modal,cuda,PTBP1:HepG2
DDX24,K562,chr6:79077837:C:T,0,3,-0.046711117029190063,modal,cuda,PTBP1:HepG2
DDX24,K562,chr6:79078019:C:T,0,3,0.14675287902355194,modal,cuda,PTBP1:HepG2
DDX24,K562,chr6:80203114:C:T,1,3,-0.271333247423172,modal,cuda,PTBP1:HepG2
DDX24,K562,chr6:80203193:A:T,1,3,0.3534712791442871,modal,cuda,PTBP1:HepG2
DDX24,K562,chr7:100577077:G:A,0,2,-0.33021748065948486,modal,cuda,PTBP1:HepG2
DDX24,K562,chr7:100628208:C:T,0,2,0.07953453063964844,modal,cuda,PTBP1:HepG2
DDX24,K562,chr7:100632995:A:T,0,2,0.05366422235965729,modal,cuda,PTBP1:HepG2
DDX24,K562,chr7:100686291:T:C,0,2,-0.19621437788009644,modal,cuda,PTBP1:HepG2
DDX24,K562,chr7:100687818:C:G,0,2,0.08066242933273315,modal,cuda,PTBP1:HepG2
DDX24,K562,chr7:100688089:G:A,0,2,-0.07876145839691162,modal,cuda,PTBP1:HepG2
DDX24,K562,chr7:105546937:C:T,0,2,0.534373939037323,modal,cuda,PTBP1:HepG2
DDX24,K562,chr7:107258276:T:C,0,2,-0.08718061447143555,modal,cuda,PTBP1:HepG2
DDX24,K562,chr7:107258332:G:A,1,2,0.16065537929534912,modal,cuda,PTBP1:HepG2
DDX24,K562,chr7:107283555:T:C,0,2,-0.11411507427692413,modal,cuda,PTBP1:HepG2
DDX24,K562,chr7:107362361:A:G,0,2,-0.20178556442260742,modal,cuda,PTBP1:HepG2
DDX24,K562,chr7:107362409:G:A,1,2,0.2669488191604614,modal,cuda,PTBP1:HepG2
DDX24,K562,chr7:107372598:T:A,1,2,0.6109030246734619,modal,cuda,PTBP1:HepG2
DDX24,K562,chr7:107372619:G:A,1,2,0.5425612926483154,modal,cuda,PTBP1:HepG2
DDX24,K562,chr7:107527288:G:A,1,2,0.30796825885772705,modal,cuda,PTBP1:HepG2
DDX24,K562,chr7:107548274:G:T,0,2,-0.07621288299560547,modal,cuda,PTBP1:HepG2
DDX24,K562,chr7:107548350:T:C,0,2,0.13583707809448242,modal,cuda,PTBP1:HepG2
DDX24,K562,chr7:127701159:C:T,0,2,-0.15994906425476074,modal,cuda,PTBP1:HepG2
DDX24,K562,chr7:128851443:C:T,0,2,-0.07050448656082153,modal,cuda,PTBP1:HepG2
DDX24,K562,chr7:128851464:C:A,1,2,0.08540457487106323,modal,cuda,PTBP1:HepG2
DDX24,K562,chr7:139259375:G:A,0,2,0.18272793292999268,modal,cuda,PTBP1:HepG2
DDX24,K562,chr7:140351264:G:A,0,2,0.2740097641944885,modal,cuda,PTBP1:HepG2
DDX24,K562,chr7:140351316:G:A,0,2,0.3163641095161438,modal,cuda,PTBP1:HepG2
DDX24,K562,chr7:140369626:G:T,0,2,-0.16971242427825928,modal,cuda,PTBP1:HepG2
DDX24,K562,chr7:142943600:T:A,0,2,0.2326907217502594,modal,cuda,PTBP1:HepG2
DDX24,K562,chr7:143291552:G:A,0,2,0.3169867992401123,modal,cuda,PTBP1:HepG2
DDX24,K562,chr7:1435155:G:A,0,2,0.08887356519699097,modal,cuda,PTBP1:HepG2
DDX24,K562,chr7:148828887:C:T,0,2,0.799927830696106,modal,cuda,PTBP1:HepG2
DDX24,K562,chr7:150948412:G:C,0,2,-0.0909835696220398,modal,cuda,PTBP1:HepG2
DDX24,K562,chr7:150948954:T:A,1,2,-0.3587937355041504,modal,cuda,PTBP1:HepG2
DDX24,K562,chr7:150948971:G:A,1,2,0.1880970001220703,modal,cuda,PTBP1:HepG2
DDX24,K562,chr7:150949031:C:G,1,2,0.22123217582702637,modal,cuda,PTBP1:HepG2
DDX24,K562,chr7:150951022:C:A,1,2,-0.14919674396514893,modal,cuda,PTBP1:HepG2
DDX24,K562,chr7:150951076:G:A,1,2,-0.1661454439163208,modal,cuda,PTBP1:HepG2
DDX24,K562,chr7:150951080:G:A,0,2,-0.17236900329589844,modal,cuda,PTBP1:HepG2
DDX24,K562,chr7:152235812:C:A,0,2,0.5876064300537109,modal,cuda,PTBP1:HepG2
DDX24,K562,chr7:152309960:A:G,0,2,0.0940556526184082,modal,cuda,PTBP1:HepG2
DDX24,K562,chr7:152309963:T:C,0,2,0.32278597354888916,modal,cuda,PTBP1:HepG2
DDX24,K562,chr7:156725498:G:A,0,2,-0.3957642912864685,modal,cuda,PTBP1:HepG2
DDX24,K562,chr7:156725501:G:A,0,2,-0.18385928869247437,modal,cuda,PTBP1:HepG2
DDX24,K562,chr7:156796455:A:G,0,2,-0.7344366312026978,modal,cuda,PTBP1:HepG2
DDX24,K562,chr7:158655163:T:G,0,2,0.35491037368774414,modal,cuda,PTBP1:HepG2
DDX24,K562,chr7:158656612:C:T,0,2,0.1542220115661621,modal,cuda,PTBP1:HepG2
DDX24,K562,chr7:158664658:A:G,0,2,-0.34751152992248535,modal,cuda,PTBP1:HepG2
DDX24,K562,chr7:158664766:A:G,0,2,-0.20097684860229492,modal,cuda,PTBP1:HepG2
DDX24,K562,chr7:158913110:C:G,0,2,0.8022315502166748,modal,cuda,PTBP1:HepG2
DDX24,K562,chr7:158914230:T:A,1,2,-0.34058380126953125,modal,cuda,PTBP1:HepG2
DDX24,K562,chr7:158914326:A:G,0,2,-0.30964195728302,modal,cuda,PTBP1:HepG2
DDX24,K562,chr7:158914340:T:C,0,2,0.3310282230377197,modal,cuda,PTBP1:HepG2
DDX24,K562,chr7:158926393:C:T,0,2,0.6627477407455444,modal,cuda,PTBP1:HepG2
DDX24,K562,chr7:2540935:C:T,0,2,0.1810699999332428,modal,cuda,PTBP1:HepG2
DDX24,K562,chr7:2540979:C:G,1,2,0.2681257724761963,modal,cuda,PTBP1:HepG2
DDX24,K562,chr7:2540979:C:T,1,2,0.1825089454650879,modal,cuda,PTBP1:HepG2
DDX24,K562,chr7:44118068:G:A,0,2,-0.05894595384597778,modal,cuda,PTBP1:HepG2
DDX24,K562,chr7:5216554:C:T,0,2,0.4005749225616455,modal,cuda,PTBP1:HepG2
DDX24,K562,chr7:6048789:A:G,0,2,0.19650495052337646,modal,cuda,PTBP1:HepG2
DDX24,K562,chr7:66086834:C:T,0,2,-0.07453244924545288,modal,cuda,PTBP1:HepG2
DDX24,K562,chr7:66086944:T:C,0,2,-0.07747542858123779,modal,cuda,PTBP1:HepG2
DDX24,K562,chr7:851454:G:A,0,2,0.0923791229724884,modal,cuda,PTBP1:HepG2
DDX24,K562,chr7:851463:G:T,0,2,0.1449211835861206,modal,cuda,PTBP1:HepG2
DDX24,K562,chr7:851941:C:A,0,2,-0.36090636253356934,modal,cuda,PTBP1:HepG2
DDX24,K562,chr7:851999:G:A,0,2,0.22585541009902954,modal,cuda,PTBP1:HepG2
DDX24,K562,chr7:852779:C:A,0,2,0.18612563610076904,modal,cuda,PTBP1:HepG2
DDX24,K562,chr7:852795:G:A,0,2,0.11926403641700745,modal,cuda,PTBP1:HepG2
DDX24,K562,chr7:852798:C:G,0,2,-0.1481299102306366,modal,cuda,PTBP1:HepG2
DDX24,K562,chr7:853488:A:G,0,2,0.133517786860466,modal,cuda,PTBP1:HepG2
DDX24,K562,chr7:855021:C:G,0,2,0.08463501930236816,modal,cuda,PTBP1:HepG2
DDX24,K562,chr7:855021:C:T,0,2,0.22833776473999023,modal,cuda,PTBP1:HepG2
DDX24,K562,chr7:857855:A:G,0,2,-0.15126532316207886,modal,cuda,PTBP1:HepG2
DDX24,K562,chr7:857859:G:A,0,2,0.08780449628829956,modal,cuda,PTBP1:HepG2
DDX24,K562,chr7:860183:G:T,0,2,0.21753039956092834,modal,cuda,PTBP1:HepG2
DDX24,K562,chr7:869411:G:A,0,2,0.13992691040039062,modal,cuda,PTBP1:HepG2
DDX24,K562,chr7:869435:C:T,0,2,0.29844212532043457,modal,cuda,PTBP1:HepG2
DDX24,K562,chr7:869482:A:G,0,2,-0.19883644580841064,modal,cuda,PTBP1:HepG2
DDX24,K562,chr7:869529:G:A,0,2,0.08391988277435303,modal,cuda,PTBP1:HepG2
DDX24,K562,chr7:869533:G:A,0,2,0.10904216766357422,modal,cuda,PTBP1:HepG2
DDX24,K562,chr7:872451:T:C,0,2,0.1423884779214859,modal,cuda,PTBP1:HepG2
DDX24,K562,chr7:92045220:G:C,0,2,-0.2518429160118103,modal,cuda,PTBP1:HepG2
DDX24,K562,chr7:92225703:A:G,0,2,0.18903541564941406,modal,cuda,PTBP1:HepG2
DDX24,K562,chr7:98897877:C:T,0,2,0.6219632625579834,modal,cuda,PTBP1:HepG2
DDX24,K562,chr7:98956551:T:C,0,2,-0.24538308382034302,modal,cuda,PTBP1:HepG2
DDX24,K562,chr8:102270190:G:T,0,0,0.4225924015045166,modal,cuda,PTBP1:HepG2
DDX24,K562,chr8:140535542:C:G,1,0,-0.8713239431381226,modal,cuda,PTBP1:HepG2
DDX24,K562,chr8:143931528:C:T,0,0,0.12767720222473145,modal,cuda,PTBP1:HepG2
DDX24,K562,chr8:143934106:C:T,0,0,0.3818366825580597,modal,cuda,PTBP1:HepG2
DDX24,K562,chr8:143935188:G:A,0,0,-0.2924301326274872,modal,cuda,PTBP1:HepG2
DDX24,K562,chr8:143935838:G:A,0,0,-0.060909271240234375,modal,cuda,PTBP1:HepG2
DDX24,K562,chr8:143937152:C:T,0,0,0.19110214710235596,modal,cuda,PTBP1:HepG2
DDX24,K562,chr8:143937258:G:C,0,0,-0.16891635954380035,modal,cuda,PTBP1:HepG2
DDX24,K562,chr8:144057928:G:A,0,0,-0.29986774921417236,modal,cuda,PTBP1:HepG2
DDX24,K562,chr8:144085569:A:G,0,0,-0.19046330451965332,modal,cuda,PTBP1:HepG2
DDX24,K562,chr8:144317121:G:A,0,0,0.5073778033256531,modal,cuda,PTBP1:HepG2
DDX24,K562,chr8:144438635:G:A,0,0,0.12137699127197266,modal,cuda,PTBP1:HepG2
DDX24,K562,chr8:144515210:G:A,1,0,-0.22021514177322388,modal,cuda,PTBP1:HepG2
DDX24,K562,chr8:144515746:C:T,0,0,0.05237886309623718,modal,cuda,PTBP1:HepG2
DDX24,K562,chr8:144515758:T:A,0,0,0.07762715220451355,modal,cuda,PTBP1:HepG2
DDX24,K562,chr8:144515800:G:A,1,0,0.2548348903656006,modal,cuda,PTBP1:HepG2
DDX24,K562,chr8:20210652:T:G,0,0,0.463100790977478,modal,cuda,PTBP1:HepG2
DDX24,K562,chr8:20211172:A:G,0,0,-0.27707499265670776,modal,cuda,PTBP1:HepG2
DDX24,K562,chr8:22616007:A:G,0,0,0.14041531085968018,modal,cuda,PTBP1:HepG2
DDX24,K562,chr8:23028507:A:G,0,0,-0.46284204721450806,modal,cuda,PTBP1:HepG2
DDX24,K562,chr8:27520878:C:T,0,0,0.377032995223999,modal,cuda,PTBP1:HepG2
DDX24,K562,chr8:27525384:C:T,0,0,-0.5293741226196289,modal,cuda,PTBP1:HepG2
DDX24,K562,chr8:27538691:G:A,0,0,-0.2303459644317627,modal,cuda,PTBP1:HepG2
DDX24,K562,chr8:31088887:C:A,0,0,0.46016597747802734,modal,cuda,PTBP1:HepG2
DDX24,K562,chr8:31090556:T:A,0,0,0.8331112861633301,modal,cuda,PTBP1:HepG2
DDX24,K562,chr8:41612000:C:T,0,0,0.12405126541852951,modal,cuda,PTBP1:HepG2
DDX24,K562,chr8:41672445:C:A,1,0,0.5183169841766357,modal,cuda,PTBP1:HepG2
DDX24,K562,chr8:41695168:C:G,0,0,0.2906251847743988,modal,cuda,PTBP1:HepG2
DDX24,K562,chr8:42293532:T:G,0,0,-0.9254535436630249,modal,cuda,PTBP1:HepG2
DDX24,K562,chr8:42308940:G:A,1,0,0.14502620697021484,modal,cuda,PTBP1:HepG2
DDX24,K562,chr8:47962049:A:G,0,0,-0.452836275100708,modal,cuda,PTBP1:HepG2
DDX24,K562,chr8:99013850:T:G,1,0,-0.877497673034668,modal,cuda,PTBP1:HepG2
DDX24,K562,chr8:99013930:G:T,1,0,-0.23278206586837769,modal,cuda,PTBP1:HepG2
DDX24,K562,chr8:99013933:C:T,1,0,0.49454835057258606,modal,cuda,PTBP1:HepG2
DDX24,K562,chr8:99038429:A:T,1,0,-0.5577669739723206,modal,cuda,PTBP1:HepG2
DDX24,K562,chr8:99038453:G:T,1,0,0.5704174041748047,modal,cuda,PTBP1:HepG2
DDX24,K562,chr8:99121218:C:T,1,0,-0.47408246994018555,modal,cuda,PTBP1:HepG2
DDX24,K562,chr8:99121273:G:A,1,0,0.17514991760253906,modal,cuda,PTBP1:HepG2
DDX24,K562,chr8:99121282:G:A,1,0,0.12120448052883148,modal,cuda,PTBP1:HepG2
DDX24,K562,chr9:108912460:A:C,1,4,-0.4476625919342041,modal,cuda,PTBP1:HepG2
DDX24,K562,chr9:108926548:C:T,0,4,0.24262785911560059,modal,cuda,PTBP1:HepG2
DDX24,K562,chr9:120470214:G:C,1,4,-0.22240662574768066,modal,cuda,PTBP1:HepG2
DDX24,K562,chr9:120530076:C:A,1,4,-0.09799718111753464,modal,cuda,PTBP1:HepG2
DDX24,K562,chr9:120530103:C:A,1,4,-0.7672505378723145,modal,cuda,PTBP1:HepG2
DDX24,K562,chr9:120545742:C:A,1,4,-0.5359136462211609,modal,cuda,PTBP1:HepG2
DDX24,K562,chr9:120545794:C:T,0,4,0.17883992195129395,modal,cuda,PTBP1:HepG2
DDX24,K562,chr9:120579981:C:A,0,4,-0.12182095646858215,modal,cuda,PTBP1:HepG2
DDX24,K562,chr9:120579997:A:G,0,4,0.1690399944782257,modal,cuda,PTBP1:HepG2
DDX24,K562,chr9:124890381:G:C,0,4,-0.10558377951383591,modal,cuda,PTBP1:HepG2
DDX24,K562,chr9:127787511:C:T,0,4,-0.41259288787841797,modal,cuda,PTBP1:HepG2
DDX24,K562,chr9:128176337:G:A,0,4,-0.15901267528533936,modal,cuda,PTBP1:HepG2
DDX24,K562,chr9:128177787:C:T,0,4,0.2651464343070984,modal,cuda,PTBP1:HepG2
DDX24,K562,chr9:128178351:A:G,0,4,0.32978832721710205,modal,cuda,PTBP1:HepG2
DDX24,K562,chr9:128179427:C:A,0,4,0.6396899223327637,modal,cuda,PTBP1:HepG2
DDX24,K562,chr9:128222864:C:T,0,4,-0.13821738958358765,modal,cuda,PTBP1:HepG2
DDX24,K562,chr9:128234113:C:T,0,4,-0.14152324199676514,modal,cuda,PTBP1:HepG2
DDX24,K562,chr9:128248566:T:C,0,4,0.08619910478591919,modal,cuda,PTBP1:HepG2
DDX24,K562,chr9:128636064:T:A,0,4,-0.04076749086380005,modal,cuda,PTBP1:HepG2
DDX24,K562,chr9:129049897:C:T,0,4,-0.12186837196350098,modal,cuda,PTBP1:HepG2
DDX24,K562,chr9:129049921:C:T,0,4,-0.0962136834859848,modal,cuda,PTBP1:HepG2
DDX24,K562,chr9:131513243:C:T,1,4,-0.48481661081314087,modal,cuda,PTBP1:HepG2
DDX24,K562,chr9:131513332:G:A,1,4,0.6793692111968994,modal,cuda,PTBP1:HepG2
DDX24,K562,chr9:131519445:A:C,0,4,0.22384369373321533,modal,cuda,PTBP1:HepG2
DDX24,K562,chr9:131520187:G:A,0,4,-0.3079683184623718,modal,cuda,PTBP1:HepG2
DDX24,K562,chr9:136461169:G:A,0,4,0.07513052225112915,modal,cuda,PTBP1:HepG2
DDX24,K562,chr9:137450159:G:A,0,4,-0.23781579732894897,modal,cuda,PTBP1:HepG2
DDX24,K562,chr9:137450264:A:G,0,4,0.07846134901046753,modal,cuda,PTBP1:HepG2
DDX24,K562,chr9:35689952:A:T,0,4,0.35065126419067383,modal,cuda,PTBP1:HepG2
DDX24,K562,chr9:35689953:A:T,0,4,-0.2444322109222412,modal,cuda,PTBP1:HepG2
DDX24,K562,chr9:35689954:A:T,0,4,-0.7219041585922241,modal,cuda,PTBP1:HepG2
DDX24,K562,chr9:5044540:C:T,0,4,0.9634883403778076,modal,cuda,PTBP1:HepG2
DDX24,K562,chr9:5073742:G:C,1,4,0.29899778962135315,modal,cuda,PTBP1:HepG2
DDX24,K562,chr9:5073770:G:A,1,4,0.17402690649032593,modal,cuda,PTBP1:HepG2
DDX24,K562,chr9:5073781:C:T,0,4,0.2622208595275879,modal,cuda,PTBP1:HepG2
DDX24,K562,chr9:5073799:C:T,0,4,0.15769344568252563,modal,cuda,PTBP1:HepG2
DDX24,K562,chr9:5089679:T:C,0,4,-0.6212348937988281,modal,cuda,PTBP1:HepG2
DDX24,K562,chr9:5089688:T:C,0,4,0.14306175708770752,modal,cuda,PTBP1:HepG2
DDX24,K562,chr9:69234419:C:G,0,4,0.8371145725250244,modal,cuda,PTBP1:HepG2
DDX24,K562,chr9:69238803:T:A,0,4,-0.4288756251335144,modal,cuda,PTBP1:HepG2
DDX24,K562,chr9:73163535:A:G,0,4,-0.13458484411239624,modal,cuda,PTBP1:HepG2
DDX24,K562,chr9:83971865:C:A,0,4,0.16006016731262207,modal,cuda,PTBP1:HepG2
DDX24,K562,chr9:83971868:A:C,0,4,-0.22303342819213867,modal,cuda,PTBP1:HepG2
DDX24,K562,chr9:92247416:G:A,1,4,-0.26889753341674805,modal,cuda,PTBP1:HepG2
DDX24,K562,chr9:92247426:C:G,0,4,0.06090205907821655,modal,cuda,PTBP1:HepG2
DDX24,K562,chr9:92247504:A:G,0,4,0.32136276364326477,modal,cuda,PTBP1:HepG2
DDX24,K562,chr9:92258946:C:A,1,4,-0.7020987272262573,modal,cuda,PTBP1:HepG2
DDX24,K562,chr9:92260132:G:A,0,4,-0.3767247200012207,modal,cuda,PTBP1:HepG2
DDX24,K562,chr9:92264962:A:G,1,4,-0.6546467542648315,modal,cuda,PTBP1:HepG2
DDX24,K562,chr9:92265060:C:G,0,4,1.1180920600891113,modal,cuda,PTBP1:HepG2
DDX24,K562,chr9:92269899:A:G,0,4,0.20948916673660278,modal,cuda,PTBP1:HepG2
DDX24,K562,chr9:92269937:G:A,1,4,-0.8617939352989197,modal,cuda,PTBP1:HepG2
DDX24,K562,chr9:92271034:G:A,1,4,-0.9802113771438599,modal,cuda,PTBP1:HepG2
DDX24,K562,chr9:92271064:T:C,0,4,-0.25311100482940674,modal,cuda,PTBP1:HepG2
DDX24,K562,chr9:92271537:A:C,1,4,-0.3728015422821045,modal,cuda,PTBP1:HepG2
DDX24,K562,chr9:92274465:T:G,0,4,0.13806653022766113,modal,cuda,PTBP1:HepG2
DDX24,K562,chr9:92274466:T:C,0,4,-0.3491416275501251,modal,cuda,PTBP1:HepG2
DDX24,K562,chr9:92277848:G:A,0,4,0.3501286506652832,modal,cuda,PTBP1:HepG2
DDX24,K562,chr9:92278187:T:C,0,4,0.1785036325454712,modal,cuda,PTBP1:HepG2
DDX24,K562,chr9:92278272:G:A,1,4,-0.938623309135437,modal,cuda,PTBP1:HepG2
DDX24,K562,chrX:101370087:G:A,0,2,0.12709179520606995,modal,cuda,PTBP1:HepG2
DDX24,K562,chrX:101370099:G:T,0,2,0.7119569778442383,modal,cuda,PTBP1:HepG2
DDX24,K562,chrX:101371622:A:G,0,2,0.21126961708068848,modal,cuda,PTBP1:HepG2
DDX24,K562,chrX:101371704:G:A,0,2,0.18086838722229004,modal,cuda,PTBP1:HepG2
DDX24,K562,chrX:111726897:G:A,0,2,0.11731292307376862,modal,cuda,PTBP1:HepG2
DDX24,K562,chrX:111728181:A:G,0,2,0.22185951471328735,modal,cuda,PTBP1:HepG2
DDX24,K562,chrX:111728206:A:G,0,2,-0.11158086359500885,modal,cuda,PTBP1:HepG2
DDX24,K562,chrX:153691300:C:T,0,2,0.14470583200454712,modal,cuda,PTBP1:HepG2
DDX24,K562,chrX:153693184:G:A,0,2,0.2315097451210022,modal,cuda,PTBP1:HepG2
DDX24,K562,chrX:153694279:G:T,0,2,0.17800897359848022,modal,cuda,PTBP1:HepG2
DDX24,K562,chrX:153694284:G:A,0,2,0.18082572519779205,modal,cuda,PTBP1:HepG2
DDX24,K562,chrX:153694451:G:C,1,2,-0.29182136058807373,modal,cuda,PTBP1:HepG2
DDX24,K562,chrX:153694515:C:T,0,2,0.20932722091674805,modal,cuda,PTBP1:HepG2
DDX24,K562,chrX:153694526:G:A,0,2,0.2859807014465332,modal,cuda,PTBP1:HepG2
DDX24,K562,chrX:153694528:C:T,0,2,0.0938604474067688,modal,cuda,PTBP1:HepG2
DDX24,K562,chrX:153932306:C:A,0,2,-0.04684042930603027,modal,cuda,PTBP1:HepG2
DDX24,K562,chrX:153932306:C:T,0,2,0.039024412631988525,modal,cuda,PTBP1:HepG2
DDX24,K562,chrX:153955556:C:G,0,2,0.048353806138038635,modal,cuda,PTBP1:HepG2
DDX24,K562,chrX:153959311:C:A,0,2,0.09221304208040237,modal,cuda,PTBP1:HepG2
DDX24,K562,chrX:154350013:C:T,0,2,-0.06044270843267441,modal,cuda,PTBP1:HepG2
DDX24,K562,chrX:154364732:A:G,0,2,0.17420880496501923,modal,cuda,PTBP1:HepG2
DDX24,K562,chrX:154465014:G:A,0,2,-0.08237028121948242,modal,cuda,PTBP1:HepG2
DDX24,K562,chrX:154768445:G:A,0,2,0.2308882474899292,modal,cuda,PTBP1:HepG2
DDX24,K562,chrX:154770779:G:A,0,2,0.16650789976119995,modal,cuda,PTBP1:HepG2
DDX24,K562,chrX:154770812:T:A,1,2,-0.5854350924491882,modal,cuda,PTBP1:HepG2
DDX24,K562,chrX:154770821:C:T,0,2,-0.42058834433555603,modal,cuda,PTBP1:HepG2
DDX24,K562,chrX:154776279:G:A,0,2,0.06935316324234009,modal,cuda,PTBP1:HepG2
DDX24,K562,chrX:154776309:C:T,0,2,-0.10505503416061401,modal,cuda,PTBP1:HepG2
DDX24,K562,chrX:19355671:C:A,0,2,-0.49617302417755127,modal,cuda,PTBP1:HepG2
DDX24,K562,chrX:19355772:C:T,0,2,0.08851134777069092,modal,cuda,PTBP1:HepG2
DDX24,K562,chrX:19359031:T:G,0,2,-0.20675621926784515,modal,cuda,PTBP1:HepG2
DDX24,K562,chrX:24717567:G:T,0,2,0.7296541929244995,modal,cuda,PTBP1:HepG2
DDX24,K562,chrX:41144650:T:C,0,2,0.1294924020767212,modal,cuda,PTBP1:HepG2
DDX24,K562,chrX:41165852:A:G,0,2,0.16174852848052979,modal,cuda,PTBP1:HepG2
DDX24,K562,chrX:41165859:A:C,0,2,-0.14834898710250854,modal,cuda,PTBP1:HepG2
DDX24,K562,chrX:41184382:T:G,0,2,-0.6193704605102539,modal,cuda,PTBP1:HepG2
DDX24,K562,chrX:41188136:C:T,0,2,0.28374385833740234,modal,cuda,PTBP1:HepG2
DDX24,K562,chrX:41345250:G:T,1,2,0.3151724338531494,modal,cuda,PTBP1:HepG2
DDX24,K562,chrX:41345264:G:T,1,2,0.31797850131988525,modal,cuda,PTBP1:HepG2
DDX24,K562,chrX:41345281:G:A,1,2,0.2975407838821411,modal,cuda,PTBP1:HepG2
DDX24,K562,chrX:41345298:A:C,1,2,-0.2721121311187744,modal,cuda,PTBP1:HepG2
DDX24,K562,chrX:41345302:C:G,1,2,-0.24339991807937622,modal,cuda,PTBP1:HepG2
DDX24,K562,chrX:45010974:T:G,1,2,-0.4197887182235718,modal,cuda,PTBP1:HepG2
DDX24,K562,chrX:45011024:G:C,1,2,0.11321711540222168,modal,cuda,PTBP1:HepG2
DDX24,K562,chrX:45079213:A:G,0,2,0.09174426645040512,modal,cuda,PTBP1:HepG2
DDX24,K562,chrX:45079223:C:T,1,2,0.09120035171508789,modal,cuda,PTBP1:HepG2
DDX24,K562,chrX:47212866:G:A,0,2,-0.3415040969848633,modal,cuda,PTBP1:HepG2
DDX24,K562,chrX:47212874:T:A,0,2,-0.2194126844406128,modal,cuda,PTBP1:HepG2
DDX24,K562,chrX:48803118:T:C,0,2,-0.39316844940185547,modal,cuda,PTBP1:HepG2
DDX24,K562,chrX:48805666:T:C,0,2,-0.2091364860534668,modal,cuda,PTBP1:HepG2
DDX24,K562,chrX:48806644:T:A,0,2,0.18845278024673462,modal,cuda,PTBP1:HepG2
DDX24,K562,chrX:48815933:C:T,0,2,-0.04591967165470123,modal,cuda,PTBP1:HepG2
DDX24,K562,chrX:49077625:C:A,0,2,0.2559058666229248,modal,cuda,PTBP1:HepG2
DDX24,K562,chrX:53193764:T:C,0,2,0.06667515635490417,modal,cuda,PTBP1:HepG2
DDX24,K562,chrX:53193776:T:C,0,2,-0.04608345031738281,modal,cuda,PTBP1:HepG2
DDX24,K562,chrX:53193796:G:A,0,2,0.0976942628622055,modal,cuda,PTBP1:HepG2
DDX24,K562,chrX:53196963:G:A,1,2,-0.2783671021461487,modal,cuda,PTBP1:HepG2
DDX24,K562,chrX:53196964:C:T,0,2,0.07702632248401642,modal,cuda,PTBP1:HepG2
DDX24,K562,chrX:53196980:G:C,0,2,-0.2405448853969574,modal,cuda,PTBP1:HepG2
DDX24,K562,chrX:53198600:A:G,0,2,0.0727771520614624,modal,cuda,PTBP1:HepG2
DDX24,K562,chrX:53198632:C:G,0,2,0.0887235701084137,modal,cuda,PTBP1:HepG2
DDX24,K562,chrX:53198640:G:A,0,2,-0.17941713333129883,modal,cuda,PTBP1:HepG2
DDX24,K562,chrX:53198800:G:A,1,2,-0.4041580557823181,modal,cuda,PTBP1:HepG2
DDX24,K562,chrX:53198813:C:T,1,2,-0.12766307592391968,modal,cuda,PTBP1:HepG2
DDX24,K562,chrX:53198817:G:T,0,2,-0.06507807970046997,modal,cuda,PTBP1:HepG2
DDX24,K562,chrX:53198836:G:A,1,2,-0.2014753818511963,modal,cuda,PTBP1:HepG2
DDX24,K562,chrX:53214814:C:G,1,2,0.07445698976516724,modal,cuda,PTBP1:HepG2
DDX24,K562,chrX:53214817:G:A,1,2,-0.5270832180976868,modal,cuda,PTBP1:HepG2
DDX24,K562,chrX:53215869:C:A,1,2,0.19095611572265625,modal,cuda,PTBP1:HepG2
DDX24,K562,chrX:53215870:C:A,0,2,0.11860451102256775,modal,cuda,PTBP1:HepG2
DDX24,K562,chrX:53215902:T:C,0,2,-0.12046574056148529,modal,cuda,PTBP1:HepG2
DDX24,K562,chrX:53215912:C:T,0,2,0.0455830916762352,modal,cuda,PTBP1:HepG2
DDX24,K562,chrX:53215972:C:T,0,2,0.08194014430046082,modal,cuda,PTBP1:HepG2
DDX24,K562,chrX:53217124:G:A,0,2,-0.5627850294113159,modal,cuda,PTBP1:HepG2
DDX24,K562,chrX:53217205:G:A,1,2,-0.3222992420196533,modal,cuda,PTBP1:HepG2
DDX24,K562,chrX:53220865:G:A,1,2,-0.25084203481674194,modal,cuda,PTBP1:HepG2
DDX24,K562,chrX:53537539:C:T,0,2,0.16108353435993195,modal,cuda,PTBP1:HepG2
DDX24,K562,chrX:53537547:G:A,0,2,0.09780792891979218,modal,cuda,PTBP1:HepG2
DDX24,K562,chrX:53575148:T:G,0,2,-0.435178279876709,modal,cuda,PTBP1:HepG2
DDX24,K562,chrX:53608926:G:T,0,2,-0.23233747482299805,modal,cuda,PTBP1:HepG2
DDX24,K562,chrX:54813282:G:C,0,2,0.3604912757873535,modal,cuda,PTBP1:HepG2
DDX24,K562,chrX:71367547:C:T,0,2,-0.20945614576339722,modal,cuda,PTBP1:HepG2
DDX24,K562,chrX:71368069:C:T,0,2,-0.03435462713241577,modal,cuda,PTBP1:HepG2
DDX24,K562,chrX:71368099:A:G,0,2,-0.20071470737457275,modal,cuda,PTBP1:HepG2
DDX24,K562,chrX:71375250:A:G,0,2,-0.10762476921081543,modal,cuda,PTBP1:HepG2
DDX24,K562,chrX:71375282:T:C,0,2,0.13970321416854858,modal,cuda,PTBP1:HepG2
DDX24,K562,chrX:71377696:C:G,0,2,-0.11683814227581024,modal,cuda,PTBP1:HepG2
DDX24,K562,chrX:71377722:G:A,0,2,0.08659234642982483,modal,cuda,PTBP1:HepG2
DDX24,K562,chrX:71377781:C:G,0,2,-0.36309194564819336,modal,cuda,PTBP1:HepG2
DDX24,K562,chrX:71392653:G:C,1,2,-0.3207216262817383,modal,cuda,PTBP1:HepG2
DDX24,K562,chrX:71392661:G:A,0,2,0.15796399116516113,modal,cuda,PTBP1:HepG2
DDX24,K562,chrX:71392918:C:T,1,2,0.16096192598342896,modal,cuda,PTBP1:HepG2
DDX24,K562,chrX:71393344:C:T,1,2,-0.06405222415924072,modal,cuda,PTBP1:HepG2
DDX24,K562,chrX:71394166:G:A,0,2,-0.09988027811050415,modal,cuda,PTBP1:HepG2
DDX24,K562,chrX:71394241:A:G,0,2,0.04532484710216522,modal,cuda,PTBP1:HepG2
DDX24,K562,chrX:71398752:G:A,0,2,0.13614225387573242,modal,cuda,PTBP1:HepG2
DDX24,K562,chrX:71401566:G:A,0,2,0.23261231184005737,modal,cuda,PTBP1:HepG2
DDX24,K562,chrX:71401569:T:G,0,2,-0.1140177845954895,modal,cuda,PTBP1:HepG2
DDX24,K562,chrX:71424193:C:T,0,2,0.3248058557510376,modal,cuda,PTBP1:HepG2
DDX24,K562,chrX:71424196:G:A,0,2,0.220350980758667,modal,cuda,PTBP1:HepG2
DDX24,K562,chrX:71424214:C:G,0,2,-0.3406122922897339,modal,cuda,PTBP1:HepG2
DDX24,K562,chrX:71557117:T:G,0,2,0.2835655212402344,modal,cuda,PTBP1:HepG2
DDX24,K562,chrX:71561912:A:G,0,2,-0.10092306137084961,modal,cuda,PTBP1:HepG2
DDX24,K562,chrX:71563262:G:A,0,2,0.1727585792541504,modal,cuda,PTBP1:HepG2
DDX24,K562,chrX:71563516:A:G,0,2,-0.24593162536621094,modal,cuda,PTBP1:HepG2
DDX24,K562,chrX:78109933:A:C,0,2,0.08643794059753418,modal,cuda,PTBP1:HepG2
DDX24,K562,chrX:78117433:G:C,0,2,-0.8056341409683228,modal,cuda,PTBP1:HepG2
