protein,cell,vid,label,fold,delta,platform,accelerator,weights_from
ZNF622,K562,chr10:100529822:T:C,0,2,-0.42839500308036804,modal,cuda,PPIL4:K562
ZNF622,K562,chr10:103139405:C:T,1,2,1.872404932975769,modal,cuda,PPIL4:K562
ZNF622,K562,chr10:103139466:G:A,1,2,0.8328289985656738,modal,cuda,PPIL4:K562
ZNF622,K562,chr10:103174874:G:A,1,2,-1.4171067476272583,modal,cuda,PPIL4:K562
ZNF622,K562,chr10:103174952:T:C,0,2,0.7231404185295105,modal,cuda,PPIL4:K562
ZNF622,K562,chr10:104263031:C:A,0,2,-0.4456971287727356,modal,cuda,PPIL4:K562
ZNF622,K562,chr10:11956529:A:T,0,2,-0.4382593631744385,modal,cuda,PPIL4:K562
ZNF622,K562,chr10:13164233:A:T,0,2,0.14330637454986572,modal,cuda,PPIL4:K562
ZNF622,K562,chr10:13170915:C:A,0,2,-0.11374953389167786,modal,cuda,PPIL4:K562
ZNF622,K562,chr10:21538867:G:A,0,2,1.0762741565704346,modal,cuda,PPIL4:K562
ZNF622,K562,chr10:27509877:T:A,1,2,-0.717058539390564,modal,cuda,PPIL4:K562
ZNF622,K562,chr10:27538022:G:A,0,2,-2.2143523693084717,modal,cuda,PPIL4:K562
ZNF622,K562,chr10:27538049:T:C,1,2,0.8018276691436768,modal,cuda,PPIL4:K562
ZNF622,K562,chr10:28589865:A:T,0,2,0.18479935824871063,modal,cuda,PPIL4:K562
ZNF622,K562,chr10:3151260:G:A,0,2,-0.29776731133461,modal,cuda,PPIL4:K562
ZNF622,K562,chr10:3151264:A:G,0,2,-0.4778054356575012,modal,cuda,PPIL4:K562
ZNF622,K562,chr10:32023041:A:G,0,2,1.2299531698226929,modal,cuda,PPIL4:K562
ZNF622,K562,chr10:63177773:G:C,0,2,2.317518711090088,modal,cuda,PPIL4:K562
ZNF622,K562,chr10:63184621:C:T,0,2,0.39186394214630127,modal,cuda,PPIL4:K562
ZNF622,K562,chr10:63214485:G:C,0,2,1.3333415985107422,modal,cuda,PPIL4:K562
ZNF622,K562,chr10:63214777:A:T,0,2,0.2977389097213745,modal,cuda,PPIL4:K562
ZNF622,K562,chr10:72210715:T:C,0,2,0.7188332676887512,modal,cuda,PPIL4:K562
ZNF622,K562,chr10:72213199:C:T,0,2,0.8653097748756409,modal,cuda,PPIL4:K562
ZNF622,K562,chr10:72213220:G:A,1,2,2.432088851928711,modal,cuda,PPIL4:K562
ZNF622,K562,chr10:72562912:C:A,1,2,2.312363862991333,modal,cuda,PPIL4:K562
ZNF622,K562,chr10:78040201:C:A,0,2,1.3525700569152832,modal,cuda,PPIL4:K562
ZNF622,K562,chr10:78040616:C:T,0,2,0.9058372974395752,modal,cuda,PPIL4:K562
ZNF622,K562,chr10:78040694:T:C,0,2,0.28619861602783203,modal,cuda,PPIL4:K562
ZNF622,K562,chr10:89737450:A:G,0,2,0.3961317539215088,modal,cuda,PPIL4:K562
ZNF622,K562,chr10:89738973:C:T,0,2,0.26036930084228516,modal,cuda,PPIL4:K562
ZNF622,K562,chr10:89745947:A:C,0,2,1.303293228149414,modal,cuda,PPIL4:K562
ZNF622,K562,chr10:91840723:G:A,0,2,1.8931611776351929,modal,cuda,PPIL4:K562
ZNF622,K562,chr10:91959774:T:C,0,2,0.42427918314933777,modal,cuda,PPIL4:K562
ZNF622,K562,chr10:94546436:C:T,0,2,0.30087006092071533,modal,cuda,PPIL4:K562
ZNF622,K562,chr10:94546508:G:T,0,2,-0.18122625350952148,modal,cuda,PPIL4:K562
ZNF622,K562,chr10:94554203:A:C,0,2,0.556381344795227,modal,cuda,PPIL4:K562
ZNF622,K562,chr10:94554242:A:G,0,2,0.6566972136497498,modal,cuda,PPIL4:K562
ZNF622,K562,chr11:10774175:G:A,0,3,0.2039165496826172,modal,cuda,PPIL4:K562
ZNF622,K562,chr11:10774178:A:G,0,3,0.08289980888366699,modal,cuda,PPIL4:K562
ZNF622,K562,chr11:108235839:G:A,1,3,-0.2139592170715332,modal,cuda,PPIL4:K562
ZNF622,K562,chr11:108334948:T:G,0,3,-0.26020383834838867,modal,cuda,PPIL4:K562
ZNF622,K562,chr11:108334967:A:C,1,3,-1.0664492845535278,modal,cuda,PPIL4:K562
ZNF622,K562,chr11:108334968:G:T,1,3,-0.9685045480728149,modal,cuda,PPIL4:K562
ZNF622,K562,chr11:108334984:G:T,1,3,-1.4969897270202637,modal,cuda,PPIL4:K562
ZNF622,K562,chr11:108334990:G:T,1,3,-1.7147464752197266,modal,cuda,PPIL4:K562
ZNF622,K562,chr11:108334992:A:C,0,3,-0.5431167483329773,modal,cuda,PPIL4:K562
ZNF622,K562,chr11:108335001:G:A,0,3,0.5291019678115845,modal,cuda,PPIL4:K562
ZNF622,K562,chr11:108335003:C:G,1,3,0.6345134377479553,modal,cuda,PPIL4:K562
ZNF622,K562,chr11:108335008:C:T,1,3,0.7213664054870605,modal,cuda,PPIL4:K562
ZNF622,K562,chr11:110233497:G:A,0,3,0.35215216875076294,modal,cuda,PPIL4:K562
ZNF622,K562,chr11:110237635:G:A,1,3,-1.609844446182251,modal,cuda,PPIL4:K562
ZNF622,K562,chr11:110257751:C:A,0,3,-1.5901209115982056,modal,cuda,PPIL4:K562
ZNF622,K562,chr11:110263964:G:A,1,3,-0.8238816857337952,modal,cuda,PPIL4:K562
ZNF622,K562,chr11:118484160:A:G,0,3,-0.292077898979187,modal,cuda,PPIL4:K562
ZNF622,K562,chr11:118484339:G:T,0,3,2.0647847652435303,modal,cuda,PPIL4:K562
ZNF622,K562,chr11:118498085:T:C,0,3,-1.083571434020996,modal,cuda,PPIL4:K562
ZNF622,K562,chr11:118590509:G:A,0,3,-0.2887229919433594,modal,cuda,PPIL4:K562
ZNF622,K562,chr11:130122522:A:C,0,3,0.330552339553833,modal,cuda,PPIL4:K562
ZNF622,K562,chr11:130140492:G:A,0,3,-0.5127391815185547,modal,cuda,PPIL4:K562
ZNF622,K562,chr11:13727545:T:C,0,3,0.24430060386657715,modal,cuda,PPIL4:K562
ZNF622,K562,chr11:17145648:A:C,0,3,-0.9886590242385864,modal,cuda,PPIL4:K562
ZNF622,K562,chr11:17168843:G:A,0,3,-0.10979592800140381,modal,cuda,PPIL4:K562
ZNF622,K562,chr11:17169660:T:C,0,3,-0.3441869020462036,modal,cuda,PPIL4:K562
ZNF622,K562,chr11:3017133:G:T,0,3,-0.40599048137664795,modal,cuda,PPIL4:K562
ZNF622,K562,chr11:3017136:G:A,0,3,-0.3133370280265808,modal,cuda,PPIL4:K562
ZNF622,K562,chr11:3029392:G:A,0,3,0.3646661639213562,modal,cuda,PPIL4:K562
ZNF622,K562,chr11:3029397:G:C,0,3,-0.10634644329547882,modal,cuda,PPIL4:K562
ZNF622,K562,chr11:34957548:C:T,0,3,0.30849331617355347,modal,cuda,PPIL4:K562
ZNF622,K562,chr11:34957572:C:T,0,3,0.4077695608139038,modal,cuda,PPIL4:K562
ZNF622,K562,chr11:35806408:A:G,0,3,-0.3221461772918701,modal,cuda,PPIL4:K562
ZNF622,K562,chr11:3723274:G:A,0,3,0.7125546932220459,modal,cuda,PPIL4:K562
ZNF622,K562,chr11:45945881:G:A,0,3,0.15429329872131348,modal,cuda,PPIL4:K562
ZNF622,K562,chr11:45945942:T:C,0,3,-0.2650022506713867,modal,cuda,PPIL4:K562
ZNF622,K562,chr11:45949455:T:A,1,3,0.45191454887390137,modal,cuda,PPIL4:K562
ZNF622,K562,chr11:45950209:C:A,1,3,0.5031612515449524,modal,cuda,PPIL4:K562
ZNF622,K562,chr11:45950246:G:A,0,3,0.7951995134353638,modal,cuda,PPIL4:K562
ZNF622,K562,chr11:45953518:T:C,0,3,1.4147398471832275,modal,cuda,PPIL4:K562
ZNF622,K562,chr11:45953579:C:T,0,3,-0.6204397082328796,modal,cuda,PPIL4:K562
ZNF622,K562,chr11:45971183:G:A,0,3,0.31800946593284607,modal,cuda,PPIL4:K562
ZNF622,K562,chr11:45971199:G:C,0,3,0.19537343084812164,modal,cuda,PPIL4:K562
ZNF622,K562,chr11:46079145:G:A,1,3,0.5568683743476868,modal,cuda,PPIL4:K562
ZNF622,K562,chr11:47234610:C:T,1,3,1.4706850051879883,modal,cuda,PPIL4:K562
ZNF622,K562,chr11:47289431:T:C,0,3,-0.980711817741394,modal,cuda,PPIL4:K562
ZNF622,K562,chr11:47289494:G:A,1,3,0.42131638526916504,modal,cuda,PPIL4:K562
ZNF622,K562,chr11:57801864:G:A,1,3,0.7003308534622192,modal,cuda,PPIL4:K562
ZNF622,K562,chr11:57801869:C:T,1,3,-1.1472219228744507,modal,cuda,PPIL4:K562
ZNF622,K562,chr11:61367933:G:A,1,3,0.8409830927848816,modal,cuda,PPIL4:K562
ZNF622,K562,chr11:61367998:G:A,1,3,1.5205223560333252,modal,cuda,PPIL4:K562
ZNF622,K562,chr11:63720310:C:T,0,3,0.20010411739349365,modal,cuda,PPIL4:K562
ZNF622,K562,chr11:64211268:A:T,0,3,0.7639139890670776,modal,cuda,PPIL4:K562
ZNF622,K562,chr11:64254750:G:A,0,3,-0.0804351419210434,modal,cuda,PPIL4:K562
ZNF622,K562,chr11:65208201:C:T,0,3,0.2178073227405548,modal,cuda,PPIL4:K562
ZNF622,K562,chr11:65208274:C:T,0,3,-0.7338111996650696,modal,cuda,PPIL4:K562
ZNF622,K562,chr11:65658704:C:T,0,3,0.3103945255279541,modal,cuda,PPIL4:K562
ZNF622,K562,chr11:65719211:G:A,0,3,-0.4152252674102783,modal,cuda,PPIL4:K562
ZNF622,K562,chr11:65864605:A:C,0,3,-0.40029510855674744,modal,cuda,PPIL4:K562
ZNF622,K562,chr11:6608777:A:C,0,3,-0.8412894606590271,modal,cuda,PPIL4:K562
ZNF622,K562,chr11:6609179:T:C,0,3,-0.9927417635917664,modal,cuda,PPIL4:K562
ZNF622,K562,chr11:68043370:G:C,1,3,0.5070421099662781,modal,cuda,PPIL4:K562
ZNF622,K562,chr11:68044201:C:T,1,3,-0.8720665574073792,modal,cuda,PPIL4:K562
ZNF622,K562,chr11:68403545:T:C,0,3,0.14703360199928284,modal,cuda,PPIL4:K562
ZNF622,K562,chr11:68403546:G:A,1,3,0.17573294043540955,modal,cuda,PPIL4:K562
ZNF622,K562,chr11:68403553:C:T,1,3,-0.13083995878696442,modal,cuda,PPIL4:K562
ZNF622,K562,chr11:70355774:C:T,0,3,0.2550323009490967,modal,cuda,PPIL4:K562
ZNF622,K562,chr11:76451851:C:T,0,3,-0.7442378997802734,modal,cuda,PPIL4:K562
ZNF622,K562,chr11:76451964:T:C,0,3,0.4188361167907715,modal,cuda,PPIL4:K562
ZNF622,K562,chr11:9179008:G:A,0,3,0.18170952796936035,modal,cuda,PPIL4:K562
ZNF622,K562,chr11:94445909:A:C,0,3,-0.13281738758087158,modal,cuda,PPIL4:K562
ZNF622,K562,chr11:94456263:G:A,0,3,-0.6759331822395325,modal,cuda,PPIL4:K562
ZNF622,K562,chr11:94471563:A:G,0,3,0.3230785131454468,modal,cuda,PPIL4:K562
ZNF622,K562,chr11:9575939:G:T,0,3,0.9966909885406494,modal,cuda,PPIL4:K562
ZNF622,K562,chr11:95821981:G:A,0,3,0.7491202354431152,modal,cuda,PPIL4:K562
ZNF622,K562,chr12:1028051:A:G,0,1,0.26791560649871826,modal,cuda,PPIL4:K562
ZNF622,K562,chr12:110282701:T:C,0,1,1.4323396682739258,modal,cuda,PPIL4:K562
ZNF622,K562,chr12:113159061:G:A,0,1,-0.8432657718658447,modal,cuda,PPIL4:K562
ZNF622,K562,chr12:113292931:C:T,0,1,-0.6906676888465881,modal,cuda,PPIL4:K562
ZNF622,K562,chr12:116012904:A:G,0,1,-1.244156837463379,modal,cuda,PPIL4:K562
ZNF622,K562,chr12:116015288:C:T,0,1,1.5488064289093018,modal,cuda,PPIL4:K562
ZNF622,K562,chr12:119752254:C:G,0,1,0.266998291015625,modal,cuda,PPIL4:K562
ZNF622,K562,chr12:119757357:C:T,0,1,1.6068917512893677,modal,cuda,PPIL4:K562
ZNF622,K562,chr12:119757359:C:A,0,1,1.649658203125,modal,cuda,PPIL4:K562
ZNF622,K562,chr12:119770806:C:T,0,1,-2.0070462226867676,modal,cuda,PPIL4:K562
ZNF622,K562,chr12:119832768:T:A,1,1,-2.1460154056549072,modal,cuda,PPIL4:K562
ZNF622,K562,chr12:12149124:C:T,0,1,-0.2385258674621582,modal,cuda,PPIL4:K562
ZNF622,K562,chr12:122500624:A:G,0,1,-1.5215933322906494,modal,cuda,PPIL4:K562
ZNF622,K562,chr12:12266785:G:T,0,1,0.757002592086792,modal,cuda,PPIL4:K562
ZNF622,K562,chr12:123724805:C:T,0,1,-1.9853177070617676,modal,cuda,PPIL4:K562
ZNF622,K562,chr12:124422559:C:T,0,1,0.9694608449935913,modal,cuda,PPIL4:K562
ZNF622,K562,chr12:124787424:C:T,0,1,-1.7479302883148193,modal,cuda,PPIL4:K562
ZNF622,K562,chr12:124795177:C:T,0,1,0.4221144914627075,modal,cuda,PPIL4:K562
ZNF622,K562,chr12:124795275:C:T,0,1,-1.8832645416259766,modal,cuda,PPIL4:K562
ZNF622,K562,chr12:130801294:G:A,0,1,-1.990710735321045,modal,cuda,PPIL4:K562
ZNF622,K562,chr12:130808702:T:C,0,1,1.224302053451538,modal,cuda,PPIL4:K562
ZNF622,K562,chr12:132632296:C:T,0,1,1.4308325052261353,modal,cuda,PPIL4:K562
ZNF622,K562,chr12:132632300:C:T,0,1,0.9466304779052734,modal,cuda,PPIL4:K562
ZNF622,K562,chr12:132643832:G:A,0,1,0.8175179958343506,modal,cuda,PPIL4:K562
ZNF622,K562,chr12:132657119:T:C,0,1,-0.3526197671890259,modal,cuda,PPIL4:K562
ZNF622,K562,chr12:132676210:C:G,0,1,5.844487190246582,modal,cuda,PPIL4:K562
ZNF622,K562,chr12:132676218:T:C,1,1,-2.71427059173584,modal,cuda,PPIL4:K562
ZNF622,K562,chr12:132747814:T:C,0,1,0.27050304412841797,modal,cuda,PPIL4:K562
ZNF622,K562,chr12:14434364:A:G,0,1,-0.6358035802841187,modal,cuda,PPIL4:K562
ZNF622,K562,chr12:14434367:A:G,0,1,-0.9849582314491272,modal,cuda,PPIL4:K562
ZNF622,K562,chr12:14481110:G:A,0,1,0.2984044551849365,modal,cuda,PPIL4:K562
ZNF622,K562,chr12:24901853:G:A,0,1,2.922093391418457,modal,cuda,PPIL4:K562
ZNF622,K562,chr12:28306836:A:G,0,1,4.431753158569336,modal,cuda,PPIL4:K562
ZNF622,K562,chr12:30726098:A:G,0,1,-1.4384949207305908,modal,cuda,PPIL4:K562
ZNF622,K562,chr12:30731402:A:G,0,1,-1.065382719039917,modal,cuda,PPIL4:K562
ZNF622,K562,chr12:31084631:C:T,1,1,1.2957186698913574,modal,cuda,PPIL4:K562
ZNF622,K562,chr12:31101818:C:T,0,1,-0.30368468165397644,modal,cuda,PPIL4:K562
ZNF622,K562,chr12:32679368:A:C,1,1,-1.4759976863861084,modal,cuda,PPIL4:K562
ZNF622,K562,chr12:39341637:G:A,0,1,-0.1367049217224121,modal,cuda,PPIL4:K562
ZNF622,K562,chr12:49484628:G:A,0,1,-1.181241750717163,modal,cuda,PPIL4:K562
ZNF622,K562,chr12:56181404:G:A,0,1,2.43621826171875,modal,cuda,PPIL4:K562
ZNF622,K562,chr12:56355703:C:G,1,1,3.3497121334075928,modal,cuda,PPIL4:K562
ZNF622,K562,chr12:57564211:A:G,1,1,1.4260249137878418,modal,cuda,PPIL4:K562
ZNF622,K562,chr12:57568943:A:G,0,1,-1.1644608974456787,modal,cuda,PPIL4:K562
ZNF622,K562,chr12:57696268:T:C,0,1,-0.669955849647522,modal,cuda,PPIL4:K562
ZNF622,K562,chr12:62302818:C:T,0,1,-2.970151424407959,modal,cuda,PPIL4:K562
ZNF622,K562,chr12:6601957:C:T,0,1,-1.2294375896453857,modal,cuda,PPIL4:K562
ZNF622,K562,chr12:68735215:T:C,0,1,0.8415169715881348,modal,cuda,PPIL4:K562
ZNF622,K562,chr12:79793941:T:G,0,1,2.3144919872283936,modal,cuda,PPIL4:K562
ZNF622,K562,chr12:79809782:T:C,0,1,-0.9331140518188477,modal,cuda,PPIL4:K562
ZNF622,K562,chr12:79828304:C:T,0,1,2.66225528717041,modal,cuda,PPIL4:K562
ZNF622,K562,chr12:79828317:T:G,1,1,-2.167994976043701,modal,cuda,PPIL4:K562
ZNF622,K562,chr12:79845286:T:A,0,1,2.067739486694336,modal,cuda,PPIL4:K562
ZNF622,K562,chr12:79872796:G:T,0,1,-6.057031631469727,modal,cuda,PPIL4:K562
ZNF622,K562,chr12:88118575:A:G,0,1,-1.880674123764038,modal,cuda,PPIL4:K562
ZNF622,K562,chr12:94312996:T:A,1,1,3.464073657989502,modal,cuda,PPIL4:K562
ZNF622,K562,chr12:94367810:C:A,1,1,2.5886011123657227,modal,cuda,PPIL4:K562
ZNF622,K562,chr12:94367925:T:C,0,1,0.34992337226867676,modal,cuda,PPIL4:K562
ZNF622,K562,chr12:94378806:T:C,0,1,-0.6591843962669373,modal,cuda,PPIL4:K562
ZNF622,K562,chr13:102644959:C:G,1,0,-1.6542565822601318,modal,cuda,PPIL4:K562
ZNF622,K562,chr13:102663763:G:A,0,0,-0.22393560409545898,modal,cuda,PPIL4:K562
ZNF622,K562,chr13:102664798:C:T,1,0,0.7395106554031372,modal,cuda,PPIL4:K562
ZNF622,K562,chr13:113178291:C:T,0,0,-0.2472069263458252,modal,cuda,PPIL4:K562
ZNF622,K562,chr13:19993463:C:T,1,0,1.1195552349090576,modal,cuda,PPIL4:K562
ZNF622,K562,chr13:20061170:A:G,0,0,-0.21568727493286133,modal,cuda,PPIL4:K562
ZNF622,K562,chr13:24905841:G:A,1,0,2.247382640838623,modal,cuda,PPIL4:K562
ZNF622,K562,chr13:24906906:G:A,1,0,0.7946815490722656,modal,cuda,PPIL4:K562
ZNF622,K562,chr13:24912045:G:A,1,0,0.6247614622116089,modal,cuda,PPIL4:K562
ZNF622,K562,chr13:24912896:T:A,1,0,3.4457037448883057,modal,cuda,PPIL4:K562
ZNF622,K562,chr13:36326559:A:G,0,0,0.6611682176589966,modal,cuda,PPIL4:K562
ZNF622,K562,chr13:49747002:G:C,0,0,0.22537796199321747,modal,cuda,PPIL4:K562
ZNF622,K562,chr13:72783562:G:A,0,0,-0.24743890762329102,modal,cuda,PPIL4:K562
ZNF622,K562,chr13:72783587:C:T,1,0,2.4287450313568115,modal,cuda,PPIL4:K562
ZNF622,K562,chr13:72783626:C:T,1,0,1.9598664045333862,modal,cuda,PPIL4:K562
ZNF622,K562,chr13:72827099:G:A,0,0,0.16338425874710083,modal,cuda,PPIL4:K562
ZNF622,K562,chr13:94576404:T:C,1,0,-0.2918107509613037,modal,cuda,PPIL4:K562
ZNF622,K562,chr14:102050753:A:G,0,2,-1.045057773590088,modal,cuda,PPIL4:K562
ZNF622,K562,chr14:105226625:C:T,0,2,-0.4718952178955078,modal,cuda,PPIL4:K562
ZNF622,K562,chr14:20447406:G:C,0,2,0.9954081773757935,modal,cuda,PPIL4:K562
ZNF622,K562,chr14:20448090:T:C,0,2,0.3805621862411499,modal,cuda,PPIL4:K562
ZNF622,K562,chr14:21368447:G:C,0,2,0.10732311010360718,modal,cuda,PPIL4:K562
ZNF622,K562,chr14:21431459:G:C,1,2,1.0655990839004517,modal,cuda,PPIL4:K562
ZNF622,K562,chr14:21431470:C:T,0,2,0.06398260593414307,modal,cuda,PPIL4:K562
ZNF622,K562,chr14:21431472:C:T,0,2,0.17969298362731934,modal,cuda,PPIL4:K562
ZNF622,K562,chr14:21431502:G:A,1,2,2.8636252880096436,modal,cuda,PPIL4:K562
ZNF622,K562,chr14:34516452:C:T,0,2,-0.5948183536529541,modal,cuda,PPIL4:K562
ZNF622,K562,chr14:35121968:T:C,0,2,0.7983828783035278,modal,cuda,PPIL4:K562
ZNF622,K562,chr14:39176159:C:T,0,2,-0.5630412101745605,modal,cuda,PPIL4:K562
ZNF622,K562,chr14:49679806:A:G,0,2,-0.34039783477783203,modal,cuda,PPIL4:K562
ZNF622,K562,chr14:54962857:A:G,0,2,-0.07864320278167725,modal,cuda,PPIL4:K562
ZNF622,K562,chr14:55629968:A:C,0,2,-2.0235722064971924,modal,cuda,PPIL4:K562
ZNF622,K562,chr14:55671640:C:T,0,2,-1.1300034523010254,modal,cuda,PPIL4:K562
ZNF622,K562,chr14:65093706:A:C,1,2,-1.5746822357177734,modal,cuda,PPIL4:K562
ZNF622,K562,chr14:65093710:T:A,1,2,1.4728913307189941,modal,cuda,PPIL4:K562
ZNF622,K562,chr14:65093733:G:C,1,2,1.8310133218765259,modal,cuda,PPIL4:K562
ZNF622,K562,chr14:65093782:G:A,1,2,3.2314810752868652,modal,cuda,PPIL4:K562
ZNF622,K562,chr14:65093804:C:T,0,2,-0.15782690048217773,modal,cuda,PPIL4:K562
ZNF622,K562,chr14:65093817:T:C,1,2,1.2119470834732056,modal,cuda,PPIL4:K562
ZNF622,K562,chr14:65102369:G:C,0,2,0.23033887147903442,modal,cuda,PPIL4:K562
ZNF622,K562,chr14:65102437:C:A,0,2,0.13807010650634766,modal,cuda,PPIL4:K562
ZNF622,K562,chr14:67662467:T:C,0,2,-0.3520057797431946,modal,cuda,PPIL4:K562
ZNF622,K562,chr14:67835204:A:G,0,2,0.3383239507675171,modal,cuda,PPIL4:K562
ZNF622,K562,chr14:68880117:C:T,0,2,-1.0109593868255615,modal,cuda,PPIL4:K562
ZNF622,K562,chr14:74292774:C:T,0,2,0.21019631624221802,modal,cuda,PPIL4:K562
ZNF622,K562,chr14:74292826:G:A,0,2,0.2046526074409485,modal,cuda,PPIL4:K562
ZNF622,K562,chr14:75707713:A:G,0,2,-0.3033723831176758,modal,cuda,PPIL4:K562
ZNF622,K562,chr14:75745468:T:C,0,2,0.1287691593170166,modal,cuda,PPIL4:K562
ZNF622,K562,chr14:75771860:G:C,0,2,-0.22767919301986694,modal,cuda,PPIL4:K562
ZNF622,K562,chr14:75779563:T:C,0,2,0.4159037470817566,modal,cuda,PPIL4:K562
ZNF622,K562,chr14:77555272:T:C,0,2,-0.533572793006897,modal,cuda,PPIL4:K562
ZNF622,K562,chr14:77570374:A:G,0,2,-0.10848808288574219,modal,cuda,PPIL4:K562
ZNF622,K562,chr14:77616609:C:A,0,2,0.5158588886260986,modal,cuda,PPIL4:K562
ZNF622,K562,chr14:77616621:T:C,0,2,0.6071418523788452,modal,cuda,PPIL4:K562
ZNF622,K562,chr14:77616622:G:A,0,2,-0.390993595123291,modal,cuda,PPIL4:K562
ZNF622,K562,chr14:81526729:C:T,0,2,1.357527256011963,modal,cuda,PPIL4:K562
ZNF622,K562,chr14:88574794:C:T,0,2,-0.08206665515899658,modal,cuda,PPIL4:K562
ZNF622,K562,chr14:88575836:T:G,0,2,0.5457170009613037,modal,cuda,PPIL4:K562
ZNF622,K562,chr14:88610854:A:G,0,2,-0.4012981057167053,modal,cuda,PPIL4:K562
ZNF622,K562,chr14:88610944:A:C,0,2,0.5994923710823059,modal,cuda,PPIL4:K562
ZNF622,K562,chr14:88610950:C:G,0,2,1.151641607284546,modal,cuda,PPIL4:K562
ZNF622,K562,chr14:88870170:C:T,1,2,1.0531582832336426,modal,cuda,PPIL4:K562
ZNF622,K562,chr14:91305941:G:A,0,2,0.7338644862174988,modal,cuda,PPIL4:K562
ZNF622,K562,chr14:99495493:T:C,0,2,0.6409271955490112,modal,cuda,PPIL4:K562
ZNF622,K562,chr15:25360477:A:T,1,1,3.473015785217285,modal,cuda,PPIL4:K562
ZNF622,K562,chr15:25370829:C:A,1,1,9.225608825683594,modal,cuda,PPIL4:K562
ZNF622,K562,chr15:25370836:A:G,0,1,0.6708098649978638,modal,cuda,PPIL4:K562
ZNF622,K562,chr15:25370844:C:A,1,1,5.68502140045166,modal,cuda,PPIL4:K562
ZNF622,K562,chr15:25370865:G:A,1,1,2.885166883468628,modal,cuda,PPIL4:K562
ZNF622,K562,chr15:25370905:G:A,0,1,-1.37897789478302,modal,cuda,PPIL4:K562
ZNF622,K562,chr15:25370913:G:A,1,1,4.175812244415283,modal,cuda,PPIL4:K562
ZNF622,K562,chr15:25370937:C:A,1,1,7.710562705993652,modal,cuda,PPIL4:K562
ZNF622,K562,chr15:25370955:G:A,1,1,4.730302810668945,modal,cuda,PPIL4:K562
ZNF622,K562,chr15:25370967:C:A,1,1,4.42882776260376,modal,cuda,PPIL4:K562
ZNF622,K562,chr15:25371548:G:C,1,1,9.462112426757812,modal,cuda,PPIL4:K562
ZNF622,K562,chr15:25371556:T:A,0,1,0.35150790214538574,modal,cuda,PPIL4:K562
ZNF622,K562,chr15:25371639:G:A,1,1,3.2362961769104004,modal,cuda,PPIL4:K562
ZNF622,K562,chr15:25371697:T:A,0,1,-1.7778849601745605,modal,cuda,PPIL4:K562
ZNF622,K562,chr15:34381521:C:T,0,1,0.8752949237823486,modal,cuda,PPIL4:K562
ZNF622,K562,chr15:39934184:C:A,0,1,1.5692288875579834,modal,cuda,PPIL4:K562
ZNF622,K562,chr15:39961906:A:G,0,1,1.469653844833374,modal,cuda,PPIL4:K562
ZNF622,K562,chr15:40199751:A:G,0,1,-0.5388772487640381,modal,cuda,PPIL4:K562
ZNF622,K562,chr15:41079857:G:T,0,1,-0.9617320895195007,modal,cuda,PPIL4:K562
ZNF622,K562,chr15:41749552:A:G,0,1,-1.7292075157165527,modal,cuda,PPIL4:K562
ZNF622,K562,chr15:43022697:C:T,1,1,-0.506892204284668,modal,cuda,PPIL4:K562
ZNF622,K562,chr15:44337899:A:C,0,1,-1.3981680870056152,modal,cuda,PPIL4:K562
ZNF622,K562,chr15:48767476:C:T,0,1,-1.773636817932129,modal,cuda,PPIL4:K562
ZNF622,K562,chr15:48782245:A:T,0,1,1.5461220741271973,modal,cuda,PPIL4:K562
ZNF622,K562,chr15:48796001:G:A,0,1,-4.567915439605713,modal,cuda,PPIL4:K562
ZNF622,K562,chr15:48797937:C:T,0,1,0.7837715148925781,modal,cuda,PPIL4:K562
ZNF622,K562,chr15:48805537:T:C,0,1,-0.8230838775634766,modal,cuda,PPIL4:K562
ZNF622,K562,chr15:48810977:T:A,0,1,0.8591279983520508,modal,cuda,PPIL4:K562
ZNF622,K562,chr15:48810978:G:A,0,1,1.2240266799926758,modal,cuda,PPIL4:K562
ZNF622,K562,chr15:48810978:G:T,0,1,-0.737917423248291,modal,cuda,PPIL4:K562
ZNF622,K562,chr15:48810979:T:A,0,1,-0.8417764902114868,modal,cuda,PPIL4:K562
ZNF622,K562,chr15:50439016:G:C,0,1,1.7445793151855469,modal,cuda,PPIL4:K562
ZNF622,K562,chr15:50439193:C:T,0,1,0.775442361831665,modal,cuda,PPIL4:K562
ZNF622,K562,chr15:50639403:A:C,0,1,1.751378059387207,modal,cuda,PPIL4:K562
ZNF622,K562,chr15:51458535:G:A,0,1,-2.253957748413086,modal,cuda,PPIL4:K562
ZNF622,K562,chr15:51474534:C:T,0,1,1.987282395362854,modal,cuda,PPIL4:K562
ZNF622,K562,chr15:51474573:A:G,0,1,0.6484661102294922,modal,cuda,PPIL4:K562
ZNF622,K562,chr15:51474612:C:T,0,1,-3.188398599624634,modal,cuda,PPIL4:K562
ZNF622,K562,chr15:51476593:C:T,1,1,2.551546335220337,modal,cuda,PPIL4:K562
ZNF622,K562,chr15:51476598:G:A,1,1,3.142639636993408,modal,cuda,PPIL4:K562
ZNF622,K562,chr15:51476657:C:T,0,1,-4.557971954345703,modal,cuda,PPIL4:K562
ZNF622,K562,chr15:51480676:G:A,1,1,-6.375588893890381,modal,cuda,PPIL4:K562
ZNF622,K562,chr15:51480694:G:A,1,1,-8.085783004760742,modal,cuda,PPIL4:K562
ZNF622,K562,chr15:51480698:G:T,0,1,-1.4127311706542969,modal,cuda,PPIL4:K562
ZNF622,K562,chr15:51480940:T:G,0,1,4.13179874420166,modal,cuda,PPIL4:K562
ZNF622,K562,chr15:51486215:T:A,0,1,3.2406773567199707,modal,cuda,PPIL4:K562
ZNF622,K562,chr15:51486261:G:C,1,1,7.237208366394043,modal,cuda,PPIL4:K562
ZNF622,K562,chr15:51488525:C:T,0,1,-0.47884178161621094,modal,cuda,PPIL4:K562
ZNF622,K562,chr15:51498782:T:C,0,1,0.7479934692382812,modal,cuda,PPIL4:K562
ZNF622,K562,chr15:51499600:C:T,0,1,-0.9969887733459473,modal,cuda,PPIL4:K562
ZNF622,K562,chr15:57253259:C:G,1,1,2.7786765098571777,modal,cuda,PPIL4:K562
ZNF622,K562,chr15:58621464:A:G,0,1,1.1022522449493408,modal,cuda,PPIL4:K562
ZNF622,K562,chr15:63057025:T:A,1,1,-0.337368369102478,modal,cuda,PPIL4:K562
ZNF622,K562,chr15:63060873:C:T,1,1,1.1340625286102295,modal,cuda,PPIL4:K562
ZNF622,K562,chr15:63060929:C:T,1,1,0.7873688340187073,modal,cuda,PPIL4:K562
ZNF622,K562,chr15:63659945:T:C,0,1,1.3248744010925293,modal,cuda,PPIL4:K562
ZNF622,K562,chr15:63664455:G:A,0,1,-2.765624523162842,modal,cuda,PPIL4:K562
ZNF622,K562,chr15:67164964:G:A,1,1,1.4580578804016113,modal,cuda,PPIL4:K562
ZNF622,K562,chr15:67164964:G:C,1,1,-0.5732874870300293,modal,cuda,PPIL4:K562
ZNF622,K562,chr15:67164969:G:A,1,1,-0.5544557571411133,modal,cuda,PPIL4:K562
ZNF622,K562,chr15:67164997:A:G,0,1,-0.25658750534057617,modal,cuda,PPIL4:K562
ZNF622,K562,chr15:69423149:C:T,0,1,-3.7098965644836426,modal,cuda,PPIL4:K562
ZNF622,K562,chr15:69436191:A:C,0,1,6.81679630279541,modal,cuda,PPIL4:K562
ZNF622,K562,chr15:72731341:G:A,0,1,1.1977629661560059,modal,cuda,PPIL4:K562
ZNF622,K562,chr15:74842137:C:T,0,1,-0.23224878311157227,modal,cuda,PPIL4:K562
ZNF622,K562,chr15:78466335:C:G,0,1,-2.7490453720092773,modal,cuda,PPIL4:K562
ZNF622,K562,chr15:79896882:A:G,1,1,-3.126215696334839,modal,cuda,PPIL4:K562
ZNF622,K562,chr15:79896888:C:A,0,1,-2.8082213401794434,modal,cuda,PPIL4:K562
ZNF622,K562,chr15:79896975:G:A,0,1,0.5723187923431396,modal,cuda,PPIL4:K562
ZNF622,K562,chr15:80989744:G:C,0,1,-1.0346945524215698,modal,cuda,PPIL4:K562
ZNF622,K562,chr15:80989781:G:A,0,1,-1.0964014530181885,modal,cuda,PPIL4:K562
ZNF622,K562,chr15:89247649:T:C,1,1,-2.008183002471924,modal,cuda,PPIL4:K562
ZNF622,K562,chr15:89247711:C:T,1,1,-7.2330780029296875,modal,cuda,PPIL4:K562
ZNF622,K562,chr15:89260799:C:T,1,1,-4.011767864227295,modal,cuda,PPIL4:K562
ZNF622,K562,chr15:89260812:C:T,0,1,1.203611135482788,modal,cuda,PPIL4:K562
ZNF622,K562,chr15:89333085:C:A,0,1,1.289969801902771,modal,cuda,PPIL4:K562
ZNF622,K562,chr15:90749579:C:A,1,1,3.317272663116455,modal,cuda,PPIL4:K562
ZNF622,K562,chr15:90749585:C:A,1,1,7.983183860778809,modal,cuda,PPIL4:K562
ZNF622,K562,chr15:90749668:A:G,0,1,1.008131742477417,modal,cuda,PPIL4:K562
ZNF622,K562,chr15:90749687:A:G,0,1,3.79355788230896,modal,cuda,PPIL4:K562
ZNF622,K562,chr15:90751906:G:T,1,1,4.211050510406494,modal,cuda,PPIL4:K562
ZNF622,K562,chr15:90754902:C:T,1,1,7.855829238891602,modal,cuda,PPIL4:K562
ZNF622,K562,chr15:92924555:A:G,1,1,1.435684084892273,modal,cuda,PPIL4:K562
ZNF622,K562,chr15:92937638:C:T,0,1,2.187553644180298,modal,cuda,PPIL4:K562
ZNF622,K562,chr15:92985689:G:A,0,1,-0.6345095634460449,modal,cuda,PPIL4:K562
ZNF622,K562,chr15:93004766:C:T,0,1,-0.713991641998291,modal,cuda,PPIL4:K562
ZNF622,K562,chr16:14584427:A:G,0,2,-0.35200345516204834,modal,cuda,PPIL4:K562
ZNF622,K562,chr16:14584434:G:A,0,2,0.6670892238616943,modal,cuda,PPIL4:K562
ZNF622,K562,chr16:14599898:A:G,0,2,-0.44241952896118164,modal,cuda,PPIL4:K562
ZNF622,K562,chr16:1460799:C:T,0,2,-0.29337388277053833,modal,cuda,PPIL4:K562
ZNF622,K562,chr16:14627249:C:T,0,2,-0.11135834455490112,modal,cuda,PPIL4:K562
ZNF622,K562,chr16:14628177:T:A,1,2,2.944790840148926,modal,cuda,PPIL4:K562
ZNF622,K562,chr16:15032887:G:A,0,2,0.3239307701587677,modal,cuda,PPIL4:K562
ZNF622,K562,chr16:2048632:G:C,0,2,-1.2216570377349854,modal,cuda,PPIL4:K562
ZNF622,K562,chr16:2048639:T:C,0,2,-0.5486451387405396,modal,cuda,PPIL4:K562
ZNF622,K562,chr16:2048641:C:G,1,2,2.3659732341766357,modal,cuda,PPIL4:K562
ZNF622,K562,chr16:2048649:A:T,1,2,1.5128728151321411,modal,cuda,PPIL4:K562
ZNF622,K562,chr16:2057113:G:A,0,2,-0.4195384979248047,modal,cuda,PPIL4:K562
ZNF622,K562,chr16:2057125:C:T,0,2,-0.10289980471134186,modal,cuda,PPIL4:K562
ZNF622,K562,chr16:2057176:C:T,0,2,-0.5579619407653809,modal,cuda,PPIL4:K562
ZNF622,K562,chr16:2064288:C:G,1,2,1.0763453245162964,modal,cuda,PPIL4:K562
ZNF622,K562,chr16:2064289:A:G,0,2,-0.46611475944519043,modal,cuda,PPIL4:K562
ZNF622,K562,chr16:2064298:C:T,0,2,1.0200412273406982,modal,cuda,PPIL4:K562
ZNF622,K562,chr16:2064355:C:T,0,2,-0.13177448511123657,modal,cuda,PPIL4:K562
ZNF622,K562,chr16:2084428:G:C,0,2,0.21124863624572754,modal,cuda,PPIL4:K562
ZNF622,K562,chr16:2084445:G:A,1,2,-0.41365206241607666,modal,cuda,PPIL4:K562
ZNF622,K562,chr16:2084458:T:G,0,2,-0.12134993076324463,modal,cuda,PPIL4:K562
ZNF622,K562,chr16:2084467:G:A,0,2,0.5317969918251038,modal,cuda,PPIL4:K562
ZNF622,K562,chr16:2084481:C:G,1,2,3.6697306632995605,modal,cuda,PPIL4:K562
ZNF622,K562,chr16:2086820:G:T,0,2,0.1326831579208374,modal,cuda,PPIL4:K562
ZNF622,K562,chr16:2086832:C:A,1,2,-0.4199717044830322,modal,cuda,PPIL4:K562
ZNF622,K562,chr16:2086838:C:G,0,2,0.10079318284988403,modal,cuda,PPIL4:K562
ZNF622,K562,chr16:2086847:G:A,0,2,-0.23893046379089355,modal,cuda,PPIL4:K562
ZNF622,K562,chr16:2086848:G:A,0,2,0.22063499689102173,modal,cuda,PPIL4:K562
ZNF622,K562,chr16:24806293:G:A,0,2,0.08148711919784546,modal,cuda,PPIL4:K562
ZNF622,K562,chr16:297063:C:T,0,2,-0.43496057391166687,modal,cuda,PPIL4:K562
ZNF622,K562,chr16:29803433:T:C,0,2,-0.4944990277290344,modal,cuda,PPIL4:K562
ZNF622,K562,chr16:29803442:C:G,0,2,0.6970244646072388,modal,cuda,PPIL4:K562
ZNF622,K562,chr16:30710990:C:T,0,2,0.4760393798351288,modal,cuda,PPIL4:K562
ZNF622,K562,chr16:3663412:G:A,0,2,-0.13930225372314453,modal,cuda,PPIL4:K562
ZNF622,K562,chr16:3731951:C:G,0,2,-0.14952202141284943,modal,cuda,PPIL4:K562
ZNF622,K562,chr16:3778695:C:T,1,2,0.6337890028953552,modal,cuda,PPIL4:K562
ZNF622,K562,chr16:46691098:G:A,1,2,-0.4749678373336792,modal,cuda,PPIL4:K562
ZNF622,K562,chr16:46697501:T:C,0,2,0.1811600774526596,modal,cuda,PPIL4:K562
ZNF622,K562,chr16:46697521:A:C,1,2,0.22865299880504608,modal,cuda,PPIL4:K562
ZNF622,K562,chr16:53470624:A:T,0,2,-0.24990254640579224,modal,cuda,PPIL4:K562
ZNF622,K562,chr16:67174030:C:T,0,2,-0.38565850257873535,modal,cuda,PPIL4:K562
ZNF622,K562,chr16:67832554:A:T,0,2,0.751251220703125,modal,cuda,PPIL4:K562
ZNF622,K562,chr16:69647317:G:A,0,2,0.33262670040130615,modal,cuda,PPIL4:K562
ZNF622,K562,chr16:69659711:T:A,0,2,0.3043607473373413,modal,cuda,PPIL4:K562
ZNF622,K562,chr16:70265517:T:C,0,2,-0.284953236579895,modal,cuda,PPIL4:K562
ZNF622,K562,chr16:70780942:G:A,0,2,0.5436973571777344,modal,cuda,PPIL4:K562
ZNF622,K562,chr16:72097020:C:T,0,2,-0.1248551607131958,modal,cuda,PPIL4:K562
ZNF622,K562,chr16:72097021:A:G,0,2,0.3917118310928345,modal,cuda,PPIL4:K562
ZNF622,K562,chr16:88719785:G:A,0,2,-0.09572434425354004,modal,cuda,PPIL4:K562
ZNF622,K562,chr16:88733009:G:C,0,2,-0.432859867811203,modal,cuda,PPIL4:K562
ZNF622,K562,chr16:88733076:T:G,0,2,0.4952489137649536,modal,cuda,PPIL4:K562
ZNF622,K562,chr16:89291161:C:T,0,2,-0.16228723526000977,modal,cuda,PPIL4:K562
ZNF622,K562,chr16:89291165:C:T,0,2,0.4618428945541382,modal,cuda,PPIL4:K562
ZNF622,K562,chr16:89291166:G:A,0,2,0.6837741732597351,modal,cuda,PPIL4:K562
ZNF622,K562,chr16:89291193:G:A,0,2,0.061835870146751404,modal,cuda,PPIL4:K562
ZNF622,K562,chr16:89305206:C:T,1,2,-1.0839478969573975,modal,cuda,PPIL4:K562
ZNF622,K562,chr16:89305211:T:C,0,2,-0.6106760501861572,modal,cuda,PPIL4:K562
ZNF622,K562,chr16:89305214:G:A,0,2,0.08107995986938477,modal,cuda,PPIL4:K562
ZNF622,K562,chr16:89305242:C:T,0,2,-0.09231197834014893,modal,cuda,PPIL4:K562
ZNF622,K562,chr16:89305272:G:A,1,2,1.0408726930618286,modal,cuda,PPIL4:K562
ZNF622,K562,chr16:89305281:C:A,0,2,-0.16924989223480225,modal,cuda,PPIL4:K562
ZNF622,K562,chr16:89305291:G:A,0,2,0.22283560037612915,modal,cuda,PPIL4:K562
ZNF622,K562,chr16:89305297:G:A,0,2,0.20700953900814056,modal,cuda,PPIL4:K562
ZNF622,K562,chr16:89305321:G:A,0,2,-0.7023218870162964,modal,cuda,PPIL4:K562
ZNF622,K562,chr16:89316939:C:T,0,2,-0.30488622188568115,modal,cuda,PPIL4:K562
ZNF622,K562,chr16:89548126:C:T,0,2,-0.5872552394866943,modal,cuda,PPIL4:K562
ZNF622,K562,chr16:89770644:C:G,0,2,-0.17898717522621155,modal,cuda,PPIL4:K562
ZNF622,K562,chr16:90032706:A:G,0,2,0.5370329022407532,modal,cuda,PPIL4:K562
ZNF622,K562,chr17:1362023:A:T,0,1,0.8425758481025696,modal,cuda,PPIL4:K562
ZNF622,K562,chr17:1362024:T:A,0,1,-0.6493992805480957,modal,cuda,PPIL4:K562
ZNF622,K562,chr17:1362031:T:A,0,1,-1.071220874786377,modal,cuda,PPIL4:K562
ZNF622,K562,chr17:16139000:T:C,0,1,-0.867804765701294,modal,cuda,PPIL4:K562
ZNF622,K562,chr17:1674691:A:C,0,1,4.009258270263672,modal,cuda,PPIL4:K562
ZNF622,K562,chr17:18246834:G:A,0,1,-0.6016986966133118,modal,cuda,PPIL4:K562
ZNF622,K562,chr17:2676611:G:A,1,1,-0.6308512687683105,modal,cuda,PPIL4:K562
ZNF622,K562,chr17:29121895:G:A,0,1,1.9683232307434082,modal,cuda,PPIL4:K562
ZNF622,K562,chr17:37248577:A:G,0,1,-1.020505666732788,modal,cuda,PPIL4:K562
ZNF622,K562,chr17:37248579:G:T,0,1,1.7729177474975586,modal,cuda,PPIL4:K562
ZNF622,K562,chr17:40628675:G:A,0,1,5.210992813110352,modal,cuda,PPIL4:K562
ZNF622,K562,chr17:42572959:G:A,0,1,0.6619844436645508,modal,cuda,PPIL4:K562
ZNF622,K562,chr17:42577657:C:T,0,1,-0.6164824962615967,modal,cuda,PPIL4:K562
ZNF622,K562,chr17:43106433:A:T,0,1,-2.064791679382324,modal,cuda,PPIL4:K562
ZNF622,K562,chr17:43106453:T:C,1,1,-1.7513453960418701,modal,cuda,PPIL4:K562
ZNF622,K562,chr17:43106455:C:A,1,1,-4.345385551452637,modal,cuda,PPIL4:K562
ZNF622,K562,chr17:43106455:C:G,1,1,-5.290915489196777,modal,cuda,PPIL4:K562
ZNF622,K562,chr17:43106455:C:T,1,1,-0.8123970031738281,modal,cuda,PPIL4:K562
ZNF622,K562,chr17:43106467:A:G,0,1,-1.1755895614624023,modal,cuda,PPIL4:K562
ZNF622,K562,chr17:43106478:A:C,1,1,-4.5319061279296875,modal,cuda,PPIL4:K562
ZNF622,K562,chr17:43106478:A:G,1,1,-1.2814579010009766,modal,cuda,PPIL4:K562
ZNF622,K562,chr17:43106480:A:T,1,1,0.6723942756652832,modal,cuda,PPIL4:K562
ZNF622,K562,chr17:43106486:C:T,1,1,-0.6211390495300293,modal,cuda,PPIL4:K562
ZNF622,K562,chr17:43106487:A:C,1,1,-4.43665885925293,modal,cuda,PPIL4:K562
ZNF622,K562,chr17:43106487:A:T,1,1,-2.579350471496582,modal,cuda,PPIL4:K562
ZNF622,K562,chr17:43106490:G:A,1,1,2.1327075958251953,modal,cuda,PPIL4:K562
ZNF622,K562,chr17:43106492:G:T,1,1,-1.6278252601623535,modal,cuda,PPIL4:K562
ZNF622,K562,chr17:43106502:T:A,1,1,-2.1573357582092285,modal,cuda,PPIL4:K562
ZNF622,K562,chr17:43106508:G:A,1,1,-0.9043483734130859,modal,cuda,PPIL4:K562
ZNF622,K562,chr17:43106514:G:A,0,1,1.6670349836349487,modal,cuda,PPIL4:K562
ZNF622,K562,chr17:43106527:G:T,1,1,-0.8308720588684082,modal,cuda,PPIL4:K562
ZNF622,K562,chr17:43106528:C:T,1,1,-0.7833757400512695,modal,cuda,PPIL4:K562
ZNF622,K562,chr17:43106529:A:T,1,1,3.789736032485962,modal,cuda,PPIL4:K562
ZNF622,K562,chr17:43106534:C:A,1,1,-1.6989727020263672,modal,cuda,PPIL4:K562
ZNF622,K562,chr17:43106534:C:G,1,1,1.7028872966766357,modal,cuda,PPIL4:K562
ZNF622,K562,chr17:43106535:T:C,1,1,2.248116970062256,modal,cuda,PPIL4:K562
ZNF622,K562,chr17:43106556:G:A,0,1,-2.377533435821533,modal,cuda,PPIL4:K562
ZNF622,K562,chr17:44209421:C:T,0,1,-0.16182518005371094,modal,cuda,PPIL4:K562
ZNF622,K562,chr17:44210332:G:A,0,1,0.39892393350601196,modal,cuda,PPIL4:K562
ZNF622,K562,chr17:46066533:C:T,0,1,-1.697608470916748,modal,cuda,PPIL4:K562
ZNF622,K562,chr17:47613665:G:T,0,1,0.9298803806304932,modal,cuda,PPIL4:K562
ZNF622,K562,chr17:51005202:G:A,0,1,-1.9143495559692383,modal,cuda,PPIL4:K562
ZNF622,K562,chr17:5405049:G:T,0,1,0.9203894138336182,modal,cuda,PPIL4:K562
ZNF622,K562,chr17:58005893:G:A,1,1,-2.6900768280029297,modal,cuda,PPIL4:K562
ZNF622,K562,chr17:58216208:A:T,1,1,-1.5993852615356445,modal,cuda,PPIL4:K562
ZNF622,K562,chr17:58216687:C:T,1,1,-2.4071013927459717,modal,cuda,PPIL4:K562
ZNF622,K562,chr17:58216722:C:A,1,1,2.7160961627960205,modal,cuda,PPIL4:K562
ZNF622,K562,chr17:59017359:G:A,1,1,6.153942108154297,modal,cuda,PPIL4:K562
ZNF622,K562,chr17:59047771:C:A,1,1,6.592886924743652,modal,cuda,PPIL4:K562
ZNF622,K562,chr17:62522231:C:T,1,1,-6.28800106048584,modal,cuda,PPIL4:K562
ZNF622,K562,chr17:62522252:G:T,1,1,-6.169285774230957,modal,cuda,PPIL4:K562
ZNF622,K562,chr17:67854771:A:G,0,1,-0.5795106887817383,modal,cuda,PPIL4:K562
ZNF622,K562,chr17:67903776:C:G,0,1,-2.399655818939209,modal,cuda,PPIL4:K562
ZNF622,K562,chr17:714629:G:A,0,1,-0.7912482023239136,modal,cuda,PPIL4:K562
ZNF622,K562,chr17:75213125:G:T,0,1,-1.5268003940582275,modal,cuda,PPIL4:K562
ZNF622,K562,chr17:77482154:G:A,0,1,1.4241290092468262,modal,cuda,PPIL4:K562
ZNF622,K562,chr17:8161461:C:G,0,1,1.8106420040130615,modal,cuda,PPIL4:K562
ZNF622,K562,chr17:81906551:A:G,0,1,-0.7112374305725098,modal,cuda,PPIL4:K562
ZNF622,K562,chr17:81908547:A:G,0,1,-1.086683988571167,modal,cuda,PPIL4:K562
ZNF622,K562,chr17:82265736:T:C,1,1,-1.156393051147461,modal,cuda,PPIL4:K562
ZNF622,K562,chr17:82265743:T:C,1,1,-0.5557293891906738,modal,cuda,PPIL4:K562
ZNF622,K562,chr17:82781734:C:T,0,1,0.29511547088623047,modal,cuda,PPIL4:K562
ZNF622,K562,chr18:203081:A:C,0,4,0.3453725576400757,modal,cuda,PPIL4:K562
ZNF622,K562,chr18:21804032:A:G,0,4,0.5070759057998657,modal,cuda,PPIL4:K562
ZNF622,K562,chr18:2595630:T:A,0,4,-0.9309690594673157,modal,cuda,PPIL4:K562
ZNF622,K562,chr18:3456385:G:A,0,4,0.304245263338089,modal,cuda,PPIL4:K562
ZNF622,K562,chr18:3456397:C:T,0,4,0.4810749292373657,modal,cuda,PPIL4:K562
ZNF622,K562,chr18:50283881:C:G,0,4,0.9440709352493286,modal,cuda,PPIL4:K562
ZNF622,K562,chr18:50286731:C:T,0,4,0.34366559982299805,modal,cuda,PPIL4:K562
ZNF622,K562,chr18:74501372:C:T,0,4,0.9496434926986694,modal,cuda,PPIL4:K562
ZNF622,K562,chr19:10151737:C:T,0,4,-0.5753686428070068,modal,cuda,PPIL4:K562
ZNF622,K562,chr19:10154274:C:T,0,4,-0.775667130947113,modal,cuda,PPIL4:K562
ZNF622,K562,chr19:10160426:G:C,0,4,-1.2566986083984375,modal,cuda,PPIL4:K562
ZNF622,K562,chr19:10182083:A:G,0,4,-1.265120267868042,modal,cuda,PPIL4:K562
ZNF622,K562,chr19:10353998:A:G,0,4,-0.19072449207305908,modal,cuda,PPIL4:K562
ZNF622,K562,chr19:10354011:A:G,0,4,0.192802295088768,modal,cuda,PPIL4:K562
ZNF622,K562,chr19:10823777:C:T,0,4,0.6052312850952148,modal,cuda,PPIL4:K562
ZNF622,K562,chr19:11003047:C:T,1,4,-1.0211539268493652,modal,cuda,PPIL4:K562
ZNF622,K562,chr19:11007923:C:T,1,4,0.7140974998474121,modal,cuda,PPIL4:K562
ZNF622,K562,chr19:11007932:C:T,1,4,-1.431327223777771,modal,cuda,PPIL4:K562
ZNF622,K562,chr19:11007956:G:T,1,4,-1.647249460220337,modal,cuda,PPIL4:K562
ZNF622,K562,chr19:11007965:A:T,1,4,1.396376132965088,modal,cuda,PPIL4:K562
ZNF622,K562,chr19:11035107:C:A,1,4,-0.3902137279510498,modal,cuda,PPIL4:K562
ZNF622,K562,chr19:11041454:C:T,1,4,-0.9759165048599243,modal,cuda,PPIL4:K562
ZNF622,K562,chr19:11041481:G:T,1,4,-0.6062297821044922,modal,cuda,PPIL4:K562
ZNF622,K562,chr19:11058833:A:T,1,4,-0.7630087733268738,modal,cuda,PPIL4:K562
ZNF622,K562,chr19:11058838:C:T,0,4,-0.14758813381195068,modal,cuda,PPIL4:K562
ZNF622,K562,chr19:11058854:C:T,1,4,-0.47221100330352783,modal,cuda,PPIL4:K562
ZNF622,K562,chr19:11059801:C:T,1,4,-0.49986135959625244,modal,cuda,PPIL4:K562
ZNF622,K562,chr19:11059855:G:T,1,4,-0.4822303056716919,modal,cuda,PPIL4:K562
ZNF622,K562,chr19:11059876:G:T,1,4,1.7688822746276855,modal,cuda,PPIL4:K562
ZNF622,K562,chr19:11060020:G:A,0,4,-1.3838640451431274,modal,cuda,PPIL4:K562
ZNF622,K562,chr19:11060163:T:C,0,4,-0.10379314422607422,modal,cuda,PPIL4:K562
ZNF622,K562,chr19:11111506:T:A,0,4,-0.7199743986129761,modal,cuda,PPIL4:K562
ZNF622,K562,chr19:11111506:T:C,0,4,0.6996049284934998,modal,cuda,PPIL4:K562
ZNF622,K562,chr19:11252470:A:T,0,4,0.7679241895675659,modal,cuda,PPIL4:K562
ZNF622,K562,chr19:12715505:C:T,1,4,0.43511199951171875,modal,cuda,PPIL4:K562
ZNF622,K562,chr19:12943967:G:T,0,4,-1.3997918367385864,modal,cuda,PPIL4:K562
ZNF622,K562,chr19:14401770:G:A,0,4,0.847807765007019,modal,cuda,PPIL4:K562
ZNF622,K562,chr19:14413176:T:C,0,4,0.4100490212440491,modal,cuda,PPIL4:K562
ZNF622,K562,chr19:15238734:C:A,0,4,-1.0779638290405273,modal,cuda,PPIL4:K562
ZNF622,K562,chr19:15239540:G:A,0,4,0.6609625816345215,modal,cuda,PPIL4:K562
ZNF622,K562,chr19:15255604:C:T,0,4,-0.3207094669342041,modal,cuda,PPIL4:K562
ZNF622,K562,chr19:15255612:A:G,0,4,-1.0008409023284912,modal,cuda,PPIL4:K562
ZNF622,K562,chr19:15263414:C:G,0,4,-0.14472055435180664,modal,cuda,PPIL4:K562
ZNF622,K562,chr19:17203024:G:A,0,4,1.1666756868362427,modal,cuda,PPIL4:K562
ZNF622,K562,chr19:17772760:T:G,0,4,0.36936986446380615,modal,cuda,PPIL4:K562
ZNF622,K562,chr19:1809742:G:A,0,4,-0.5308396816253662,modal,cuda,PPIL4:K562
ZNF622,K562,chr19:2109072:C:T,0,4,-0.16964268684387207,modal,cuda,PPIL4:K562
ZNF622,K562,chr19:2112845:G:T,0,4,0.7344632148742676,modal,cuda,PPIL4:K562
ZNF622,K562,chr19:2121727:C:T,0,4,-0.21129465103149414,modal,cuda,PPIL4:K562
ZNF622,K562,chr19:2193789:C:T,0,4,0.9582517147064209,modal,cuda,PPIL4:K562
ZNF622,K562,chr19:39388317:C:G,0,4,-0.5031116008758545,modal,cuda,PPIL4:K562
ZNF622,K562,chr19:40236198:T:C,0,4,-0.15129733085632324,modal,cuda,PPIL4:K562
ZNF622,K562,chr19:41273979:C:T,0,4,0.48501503467559814,modal,cuda,PPIL4:K562
ZNF622,K562,chr19:44962025:G:A,0,4,0.7298634052276611,modal,cuda,PPIL4:K562
ZNF622,K562,chr19:4702053:G:A,0,4,0.4200460910797119,modal,cuda,PPIL4:K562
ZNF622,K562,chr19:4702073:A:G,0,4,-0.17752623558044434,modal,cuda,PPIL4:K562
ZNF622,K562,chr19:4705953:G:A,1,4,-2.5786335468292236,modal,cuda,PPIL4:K562
ZNF622,K562,chr19:48128001:G:A,0,4,0.3357276916503906,modal,cuda,PPIL4:K562
ZNF622,K562,chr19:48131059:G:C,0,4,-0.4702409505844116,modal,cuda,PPIL4:K562
ZNF622,K562,chr19:48131062:T:A,0,4,0.6455987691879272,modal,cuda,PPIL4:K562
ZNF622,K562,chr19:48131079:G:A,0,4,-0.8152869939804077,modal,cuda,PPIL4:K562
ZNF622,K562,chr19:48143940:T:C,0,4,-1.253509759902954,modal,cuda,PPIL4:K562
ZNF622,K562,chr19:48143968:G:A,0,4,-1.2956063747406006,modal,cuda,PPIL4:K562
ZNF622,K562,chr19:48161516:T:C,0,4,-1.2855294942855835,modal,cuda,PPIL4:K562
ZNF622,K562,chr19:48162298:G:A,0,4,-0.5341333746910095,modal,cuda,PPIL4:K562
ZNF622,K562,chr19:48165538:G:A,0,4,0.41346275806427,modal,cuda,PPIL4:K562
ZNF622,K562,chr19:48165573:G:A,0,4,0.52549147605896,modal,cuda,PPIL4:K562
ZNF622,K562,chr19:49335776:G:C,0,4,-0.15375542640686035,modal,cuda,PPIL4:K562
ZNF622,K562,chr19:50402505:T:C,0,4,-0.11619353294372559,modal,cuda,PPIL4:K562
ZNF622,K562,chr19:54121963:C:T,0,4,0.4447965621948242,modal,cuda,PPIL4:K562
ZNF622,K562,chr19:54122550:G:T,1,4,0.9310877323150635,modal,cuda,PPIL4:K562
ZNF622,K562,chr19:54143199:A:G,0,4,0.8647756576538086,modal,cuda,PPIL4:K562
ZNF622,K562,chr19:55137229:C:T,0,4,0.23035240173339844,modal,cuda,PPIL4:K562
ZNF622,K562,chr19:5694393:C:T,0,4,0.3339054584503174,modal,cuda,PPIL4:K562
ZNF622,K562,chr19:5694418:G:A,0,4,0.5849229097366333,modal,cuda,PPIL4:K562
ZNF622,K562,chr19:5694421:G:A,0,4,-0.6507116556167603,modal,cuda,PPIL4:K562
ZNF622,K562,chr19:5694457:C:G,0,4,0.2450016736984253,modal,cuda,PPIL4:K562
ZNF622,K562,chr19:5705780:C:T,0,4,-0.34779810905456543,modal,cuda,PPIL4:K562
ZNF622,K562,chr19:5711807:A:G,0,4,0.47356367111206055,modal,cuda,PPIL4:K562
ZNF622,K562,chr19:5711897:G:A,0,4,-0.19565820693969727,modal,cuda,PPIL4:K562
ZNF622,K562,chr19:5711919:C:T,0,4,-0.3894777297973633,modal,cuda,PPIL4:K562
ZNF622,K562,chr19:5711985:T:A,0,4,0.8442081809043884,modal,cuda,PPIL4:K562
ZNF622,K562,chr19:5720063:G:A,0,4,-0.6731829643249512,modal,cuda,PPIL4:K562
ZNF622,K562,chr19:5720063:G:C,0,4,0.6672552824020386,modal,cuda,PPIL4:K562
ZNF622,K562,chr19:7643004:C:T,1,4,-1.539283037185669,modal,cuda,PPIL4:K562
ZNF622,K562,chr19:7643025:C:T,1,4,-0.4149516820907593,modal,cuda,PPIL4:K562
ZNF622,K562,chr19:7643030:C:G,1,4,-1.1478102207183838,modal,cuda,PPIL4:K562
ZNF622,K562,chr19:7643031:C:T,1,4,-0.5630828142166138,modal,cuda,PPIL4:K562
ZNF622,K562,chr19:7645187:C:T,0,4,0.49590128660202026,modal,cuda,PPIL4:K562
ZNF622,K562,chr19:7933848:A:T,0,4,-0.44495949149131775,modal,cuda,PPIL4:K562
ZNF622,K562,chr19:7943599:C:T,0,4,-0.6150919198989868,modal,cuda,PPIL4:K562
ZNF622,K562,chr19:8402477:T:C,0,4,-0.5903189182281494,modal,cuda,PPIL4:K562
ZNF622,K562,chr19:8402571:C:G,0,4,0.45380687713623047,modal,cuda,PPIL4:K562
ZNF622,K562,chr19:8402571:C:T,0,4,-0.3666156530380249,modal,cuda,PPIL4:K562
ZNF622,K562,chr19:964434:G:A,0,4,2.2296547889709473,modal,cuda,PPIL4:K562
ZNF622,K562,chr1:10101105:A:C,0,0,0.38410186767578125,modal,cuda,PPIL4:K562
ZNF622,K562,chr1:10295776:C:T,0,0,0.6279829740524292,modal,cuda,PPIL4:K562
ZNF622,K562,chr1:10303606:G:T,0,0,0.1369631290435791,modal,cuda,PPIL4:K562
ZNF622,K562,chr1:109075949:C:T,0,0,-1.3109261989593506,modal,cuda,PPIL4:K562
ZNF622,K562,chr1:11256044:A:C,0,0,-1.1656231880187988,modal,cuda,PPIL4:K562
ZNF622,K562,chr1:11256107:G:A,0,0,0.23231053352355957,modal,cuda,PPIL4:K562
ZNF622,K562,chr1:11837163:G:A,0,0,0.6167146563529968,modal,cuda,PPIL4:K562
ZNF622,K562,chr1:11837169:C:T,0,0,0.6351698040962219,modal,cuda,PPIL4:K562
ZNF622,K562,chr1:145926888:T:C,1,0,2.2386720180511475,modal,cuda,PPIL4:K562
ZNF622,K562,chr1:147285455:G:A,0,0,-0.5061023235321045,modal,cuda,PPIL4:K562
ZNF622,K562,chr1:150082811:A:G,0,0,-0.48000478744506836,modal,cuda,PPIL4:K562
ZNF622,K562,chr1:150328421:C:T,0,0,0.3657582104206085,modal,cuda,PPIL4:K562
ZNF622,K562,chr1:150344199:A:G,0,0,-1.0888237953186035,modal,cuda,PPIL4:K562
ZNF622,K562,chr1:150344201:C:A,1,0,-0.48929768800735474,modal,cuda,PPIL4:K562
ZNF622,K562,chr1:150344212:C:T,1,0,0.45792922377586365,modal,cuda,PPIL4:K562
ZNF622,K562,chr1:150344216:C:T,1,0,0.2767595052719116,modal,cuda,PPIL4:K562
ZNF622,K562,chr1:150344231:A:C,1,0,1.5342860221862793,modal,cuda,PPIL4:K562
ZNF622,K562,chr1:150349148:C:A,0,0,0.5169252157211304,modal,cuda,PPIL4:K562
ZNF622,K562,chr1:150349210:G:C,0,0,1.246809720993042,modal,cuda,PPIL4:K562
ZNF622,K562,chr1:151369787:C:T,0,0,0.7173874378204346,modal,cuda,PPIL4:K562
ZNF622,K562,chr1:151428046:G:A,0,0,0.45822519063949585,modal,cuda,PPIL4:K562
ZNF622,K562,chr1:154170417:G:T,1,0,0.12376785278320312,modal,cuda,PPIL4:K562
ZNF622,K562,chr1:154172971:C:T,1,0,0.5745632648468018,modal,cuda,PPIL4:K562
ZNF622,K562,chr1:154172972:G:A,1,0,0.4277251958847046,modal,cuda,PPIL4:K562
ZNF622,K562,chr1:154173127:T:G,1,0,0.7465139031410217,modal,cuda,PPIL4:K562
ZNF622,K562,chr1:154173134:G:T,1,0,-0.12170839309692383,modal,cuda,PPIL4:K562
ZNF622,K562,chr1:154176194:G:T,1,0,-0.09637808799743652,modal,cuda,PPIL4:K562
ZNF622,K562,chr1:154176220:C:G,1,0,-0.364166259765625,modal,cuda,PPIL4:K562
ZNF622,K562,chr1:154251328:C:A,0,0,0.23885798454284668,modal,cuda,PPIL4:K562
ZNF622,K562,chr1:155320440:T:C,0,0,-0.21394562721252441,modal,cuda,PPIL4:K562
ZNF622,K562,chr1:155660752:C:T,0,0,0.7497466802597046,modal,cuda,PPIL4:K562
ZNF622,K562,chr1:155965141:A:G,0,0,0.5331366062164307,modal,cuda,PPIL4:K562
ZNF622,K562,chr1:155965141:A:T,0,0,0.7838314771652222,modal,cuda,PPIL4:K562
ZNF622,K562,chr1:156134988:G:T,0,0,0.5080703496932983,modal,cuda,PPIL4:K562
ZNF622,K562,chr1:158644408:C:T,0,0,-0.5371153354644775,modal,cuda,PPIL4:K562
ZNF622,K562,chr1:158653269:C:T,1,0,-0.42440319061279297,modal,cuda,PPIL4:K562
ZNF622,K562,chr1:158657709:T:C,0,0,0.3328673839569092,modal,cuda,PPIL4:K562
ZNF622,K562,chr1:158674315:T:A,0,0,-0.4391542673110962,modal,cuda,PPIL4:K562
ZNF622,K562,chr1:158677841:T:A,0,0,0.7285714745521545,modal,cuda,PPIL4:K562
ZNF622,K562,chr1:158683354:A:G,0,0,0.6110903024673462,modal,cuda,PPIL4:K562
ZNF622,K562,chr1:160282964:G:C,1,0,1.7576520442962646,modal,cuda,PPIL4:K562
ZNF622,K562,chr1:161819835:C:G,0,0,-1.0552268028259277,modal,cuda,PPIL4:K562
ZNF622,K562,chr1:165759546:G:A,1,0,0.4520193934440613,modal,cuda,PPIL4:K562
ZNF622,K562,chr1:172578307:C:T,0,0,-0.5059864521026611,modal,cuda,PPIL4:K562
ZNF622,K562,chr1:172578319:G:T,0,0,-0.42017078399658203,modal,cuda,PPIL4:K562
ZNF622,K562,chr1:172578325:A:G,0,0,0.31085634231567383,modal,cuda,PPIL4:K562
ZNF622,K562,chr1:172578382:G:A,0,0,0.8422043323516846,modal,cuda,PPIL4:K562
ZNF622,K562,chr1:172608732:T:G,0,0,0.5910905599594116,modal,cuda,PPIL4:K562
ZNF622,K562,chr1:174221067:A:G,0,0,0.28371477127075195,modal,cuda,PPIL4:K562
ZNF622,K562,chr1:180806529:T:C,1,0,-0.6235059499740601,modal,cuda,PPIL4:K562
ZNF622,K562,chr1:180806539:C:A,0,0,0.46368104219436646,modal,cuda,PPIL4:K562
ZNF622,K562,chr1:182858162:G:A,0,0,0.9580612182617188,modal,cuda,PPIL4:K562
ZNF622,K562,chr1:193135375:C:A,0,0,-0.5814729928970337,modal,cuda,PPIL4:K562
ZNF622,K562,chr1:193212495:C:G,0,0,0.598968505859375,modal,cuda,PPIL4:K562
ZNF622,K562,chr1:200602071:A:G,0,0,0.4826010763645172,modal,cuda,PPIL4:K562
ZNF622,K562,chr1:204549118:G:A,0,0,-0.3082420825958252,modal,cuda,PPIL4:K562
ZNF622,K562,chr1:207322450:G:T,1,0,3.0244555473327637,modal,cuda,PPIL4:K562
ZNF622,K562,chr1:207322541:G:A,1,0,-1.1929723024368286,modal,cuda,PPIL4:K562
ZNF622,K562,chr1:207322542:G:A,1,0,1.0165109634399414,modal,cuda,PPIL4:K562
ZNF622,K562,chr1:20744866:T:C,0,0,0.2148953676223755,modal,cuda,PPIL4:K562
ZNF622,K562,chr1:212872666:G:A,0,0,-0.7434927821159363,modal,cuda,PPIL4:K562
ZNF622,K562,chr1:213104476:C:A,0,0,1.2871732711791992,modal,cuda,PPIL4:K562
ZNF622,K562,chr1:213167847:T:C,0,0,0.594164252281189,modal,cuda,PPIL4:K562
ZNF622,K562,chr1:235182498:G:A,0,0,-0.2949850559234619,modal,cuda,PPIL4:K562
ZNF622,K562,chr1:235414614:C:T,1,0,1.3058295249938965,modal,cuda,PPIL4:K562
ZNF622,K562,chr1:236803547:C:T,1,0,-1.8932836055755615,modal,cuda,PPIL4:K562
ZNF622,K562,chr1:236816464:G:A,0,0,0.5573101043701172,modal,cuda,PPIL4:K562
ZNF622,K562,chr1:236826841:G:A,0,0,0.46871235966682434,modal,cuda,PPIL4:K562
ZNF622,K562,chr1:236826895:A:G,1,0,-0.48169803619384766,modal,cuda,PPIL4:K562
ZNF622,K562,chr1:236838626:A:G,0,0,-0.31550467014312744,modal,cuda,PPIL4:K562
ZNF622,K562,chr1:236861114:G:T,0,0,-0.20963752269744873,modal,cuda,PPIL4:K562
ZNF622,K562,chr1:236861168:T:G,1,0,0.3414280414581299,modal,cuda,PPIL4:K562
ZNF622,K562,chr1:236861188:C:T,1,0,0.888434648513794,modal,cuda,PPIL4:K562
ZNF622,K562,chr1:236873843:A:G,1,0,-0.6391798257827759,modal,cuda,PPIL4:K562
ZNF622,K562,chr1:244855614:A:T,0,0,0.9278346300125122,modal,cuda,PPIL4:K562
ZNF622,K562,chr1:244855889:T:G,0,0,0.6844336986541748,modal,cuda,PPIL4:K562
ZNF622,K562,chr1:244856629:T:A,0,0,0.44200772047042847,modal,cuda,PPIL4:K562
ZNF622,K562,chr1:244856718:T:G,0,0,-0.46417999267578125,modal,cuda,PPIL4:K562
ZNF622,K562,chr1:244856723:C:T,0,0,0.7080745100975037,modal,cuda,PPIL4:K562
ZNF622,K562,chr1:244856724:G:A,0,0,0.5251116156578064,modal,cuda,PPIL4:K562
ZNF622,K562,chr1:244857593:C:T,0,0,1.6139274835586548,modal,cuda,PPIL4:K562
ZNF622,K562,chr1:244858724:C:T,1,0,0.8107070922851562,modal,cuda,PPIL4:K562
ZNF622,K562,chr1:244859251:A:C,0,0,-1.1376287937164307,modal,cuda,PPIL4:K562
ZNF622,K562,chr1:244860327:G:A,0,0,0.15754461288452148,modal,cuda,PPIL4:K562
ZNF622,K562,chr1:244860330:T:C,0,0,-0.7120876312255859,modal,cuda,PPIL4:K562
ZNF622,K562,chr1:244862608:G:A,0,0,0.8307637572288513,modal,cuda,PPIL4:K562
ZNF622,K562,chr1:244863621:C:T,0,0,0.4664304256439209,modal,cuda,PPIL4:K562
ZNF622,K562,chr1:244864348:C:T,0,0,-0.12355834245681763,modal,cuda,PPIL4:K562
ZNF622,K562,chr1:28987461:G:A,0,0,0.3675163984298706,modal,cuda,PPIL4:K562
ZNF622,K562,chr1:28987557:A:G,0,0,-0.30582499504089355,modal,cuda,PPIL4:K562
ZNF622,K562,chr1:32180465:A:G,0,0,-0.9734401702880859,modal,cuda,PPIL4:K562
ZNF622,K562,chr1:35189008:T:C,0,0,0.13726980984210968,modal,cuda,PPIL4:K562
ZNF622,K562,chr1:35190780:T:C,0,0,0.32221436500549316,modal,cuda,PPIL4:K562
ZNF622,K562,chr1:37882834:G:A,0,0,-0.29616808891296387,modal,cuda,PPIL4:K562
ZNF622,K562,chr1:39257917:G:A,0,0,-0.20953118801116943,modal,cuda,PPIL4:K562
ZNF622,K562,chr1:39300369:A:G,0,0,-0.47802823781967163,modal,cuda,PPIL4:K562
ZNF622,K562,chr1:39300383:C:T,0,0,-0.2027018666267395,modal,cuda,PPIL4:K562
ZNF622,K562,chr1:39310231:C:A,0,0,-0.7928401231765747,modal,cuda,PPIL4:K562
ZNF622,K562,chr1:39310231:C:G,0,0,-0.5156667232513428,modal,cuda,PPIL4:K562
ZNF622,K562,chr1:39443429:T:C,0,0,0.3867951035499573,modal,cuda,PPIL4:K562
ZNF622,K562,chr1:41009488:G:C,0,0,-1.690017580986023,modal,cuda,PPIL4:K562
ZNF622,K562,chr1:41009515:A:G,0,0,1.9145938158035278,modal,cuda,PPIL4:K562
ZNF622,K562,chr1:45607496:A:C,0,0,-0.18680691719055176,modal,cuda,PPIL4:K562
ZNF622,K562,chr1:46250097:C:A,1,0,0.5822124481201172,modal,cuda,PPIL4:K562
ZNF622,K562,chr1:50491713:A:C,0,0,-1.1326181888580322,modal,cuda,PPIL4:K562
ZNF622,K562,chr1:53262213:G:A,0,0,0.5001686215400696,modal,cuda,PPIL4:K562
ZNF622,K562,chr1:58660162:G:T,0,0,0.4200704097747803,modal,cuda,PPIL4:K562
ZNF622,K562,chr1:58660171:A:C,0,0,0.6508985161781311,modal,cuda,PPIL4:K562
ZNF622,K562,chr1:58667234:C:T,0,0,-0.30026543140411377,modal,cuda,PPIL4:K562
ZNF622,K562,chr1:58667830:T:A,0,0,-0.0863351821899414,modal,cuda,PPIL4:K562
ZNF622,K562,chr1:58673551:C:G,0,0,-0.6753632426261902,modal,cuda,PPIL4:K562
ZNF622,K562,chr1:58695213:A:G,0,0,0.6309372186660767,modal,cuda,PPIL4:K562
ZNF622,K562,chr1:75724754:T:C,0,0,-0.643850564956665,modal,cuda,PPIL4:K562
ZNF622,K562,chr1:75724788:A:T,1,0,-1.2273930311203003,modal,cuda,PPIL4:K562
ZNF622,K562,chr1:75724789:T:G,1,0,0.980038046836853,modal,cuda,PPIL4:K562
ZNF622,K562,chr1:75734772:T:A,1,0,-0.37422752380371094,modal,cuda,PPIL4:K562
ZNF622,K562,chr1:75734798:C:A,1,0,-0.5652663707733154,modal,cuda,PPIL4:K562
ZNF622,K562,chr1:75734846:G:T,1,0,0.444674551486969,modal,cuda,PPIL4:K562
ZNF622,K562,chr1:75734873:T:C,1,0,-1.4034984111785889,modal,cuda,PPIL4:K562
ZNF622,K562,chr1:75734873:T:G,1,0,-0.4846595525741577,modal,cuda,PPIL4:K562
ZNF622,K562,chr1:77963723:G:C,0,0,0.5201605558395386,modal,cuda,PPIL4:K562
ZNF622,K562,chr1:8624304:G:A,0,0,0.4528743624687195,modal,cuda,PPIL4:K562
ZNF622,K562,chr1:92271489:A:G,0,0,-0.41991567611694336,modal,cuda,PPIL4:K562
ZNF622,K562,chr1:92271547:G:A,1,0,-2.6240663528442383,modal,cuda,PPIL4:K562
ZNF622,K562,chr1:92841817:A:G,0,0,-0.36453819274902344,modal,cuda,PPIL4:K562
ZNF622,K562,chr1:96751419:T:C,0,0,-0.34137821197509766,modal,cuda,PPIL4:K562
ZNF622,K562,chr1:96751426:G:C,1,0,-0.7987927198410034,modal,cuda,PPIL4:K562
ZNF622,K562,chr1:96769734:A:G,0,0,0.7933558225631714,modal,cuda,PPIL4:K562
ZNF622,K562,chr20:2657166:C:T,0,0,0.46105313301086426,modal,cuda,PPIL4:K562
ZNF622,K562,chr20:2657933:T:C,0,0,0.6798127293586731,modal,cuda,PPIL4:K562
ZNF622,K562,chr20:2658081:G:A,0,0,-0.17228233814239502,modal,cuda,PPIL4:K562
ZNF622,K562,chr20:2658084:C:T,0,0,0.1766681671142578,modal,cuda,PPIL4:K562
ZNF622,K562,chr20:2658234:G:A,0,0,0.36668121814727783,modal,cuda,PPIL4:K562
ZNF622,K562,chr20:2658236:T:C,0,0,0.6546643972396851,modal,cuda,PPIL4:K562
ZNF622,K562,chr20:3204528:A:T,0,0,0.5131126642227173,modal,cuda,PPIL4:K562
ZNF622,K562,chr20:33811394:C:G,0,0,-0.2850268483161926,modal,cuda,PPIL4:K562
ZNF622,K562,chr20:33853561:T:C,0,0,-0.4091741442680359,modal,cuda,PPIL4:K562
ZNF622,K562,chr20:34408774:G:A,1,0,0.9512937068939209,modal,cuda,PPIL4:K562
ZNF622,K562,chr20:34438651:A:G,0,0,0.5301046371459961,modal,cuda,PPIL4:K562
ZNF622,K562,chr20:35465762:G:A,1,0,-0.8453600406646729,modal,cuda,PPIL4:K562
ZNF622,K562,chr20:35465803:C:T,1,0,-2.258955955505371,modal,cuda,PPIL4:K562
ZNF622,K562,chr20:35467369:G:A,0,0,-0.4025309085845947,modal,cuda,PPIL4:K562
ZNF622,K562,chr20:35467383:G:A,0,0,0.6369762420654297,modal,cuda,PPIL4:K562
ZNF622,K562,chr20:35467533:G:T,1,0,0.32863521575927734,modal,cuda,PPIL4:K562
ZNF622,K562,chr20:35475582:C:A,1,0,1.5738590955734253,modal,cuda,PPIL4:K562
ZNF622,K562,chr20:35476559:G:A,0,0,0.29032546281814575,modal,cuda,PPIL4:K562
ZNF622,K562,chr20:35491196:C:G,0,0,-0.5579757690429688,modal,cuda,PPIL4:K562
ZNF622,K562,chr20:41512842:A:G,0,0,0.5032103061676025,modal,cuda,PPIL4:K562
ZNF622,K562,chr20:427419:G:A,1,0,-0.30299967527389526,modal,cuda,PPIL4:K562
ZNF622,K562,chr20:44916778:C:T,1,0,-0.23107144236564636,modal,cuda,PPIL4:K562
ZNF622,K562,chr20:44930524:C:T,1,0,0.46394217014312744,modal,cuda,PPIL4:K562
ZNF622,K562,chr20:44930558:C:T,0,0,0.18823468685150146,modal,cuda,PPIL4:K562
ZNF622,K562,chr20:44930608:G:A,1,0,-0.27464282512664795,modal,cuda,PPIL4:K562
ZNF622,K562,chr20:44930688:C:T,1,0,0.477009654045105,modal,cuda,PPIL4:K562
ZNF622,K562,chr20:44972066:C:G,0,0,-0.19699430465698242,modal,cuda,PPIL4:K562
ZNF622,K562,chr20:44995081:C:G,0,0,0.5108286142349243,modal,cuda,PPIL4:K562
ZNF622,K562,chr20:45075056:C:T,0,0,0.33078184723854065,modal,cuda,PPIL4:K562
ZNF622,K562,chr20:45894718:T:C,0,0,-0.20207536220550537,modal,cuda,PPIL4:K562
ZNF622,K562,chr20:50948650:G:C,1,0,-0.9415552616119385,modal,cuda,PPIL4:K562
ZNF622,K562,chr20:58441038:G:A,0,0,0.09784600138664246,modal,cuda,PPIL4:K562
ZNF622,K562,chr20:58651263:T:C,0,0,2.2963390350341797,modal,cuda,PPIL4:K562
ZNF622,K562,chr20:62163510:C:T,0,0,-0.13958358764648438,modal,cuda,PPIL4:K562
ZNF622,K562,chr20:62163564:C:T,0,0,-0.163335919380188,modal,cuda,PPIL4:K562
ZNF622,K562,chr20:62256244:G:A,0,0,-0.19546186923980713,modal,cuda,PPIL4:K562
ZNF622,K562,chr20:63661292:G:A,0,0,0.5248090028762817,modal,cuda,PPIL4:K562
ZNF622,K562,chr20:63662625:C:T,1,0,-1.1030536890029907,modal,cuda,PPIL4:K562
ZNF622,K562,chr20:63662646:G:A,0,0,0.6954989433288574,modal,cuda,PPIL4:K562
ZNF622,K562,chr20:63673960:G:A,0,0,1.0940542221069336,modal,cuda,PPIL4:K562
ZNF622,K562,chr20:63674024:G:T,1,0,0.23824286460876465,modal,cuda,PPIL4:K562
ZNF622,K562,chr20:63674053:T:C,0,0,0.7241239547729492,modal,cuda,PPIL4:K562
ZNF622,K562,chr20:63981322:G:A,0,0,0.29324978590011597,modal,cuda,PPIL4:K562
ZNF622,K562,chr20:63983032:G:C,0,0,0.9371709823608398,modal,cuda,PPIL4:K562
ZNF622,K562,chr21:14510301:T:C,0,0,0.5110034942626953,modal,cuda,PPIL4:K562
ZNF622,K562,chr21:31696110:T:C,1,0,0.8756994009017944,modal,cuda,PPIL4:K562
ZNF622,K562,chr21:32601798:T:A,0,0,0.41068148612976074,modal,cuda,PPIL4:K562
ZNF622,K562,chr21:32602313:G:A,1,0,-1.7051945924758911,modal,cuda,PPIL4:K562
ZNF622,K562,chr21:32602346:G:A,1,0,-2.5181632041931152,modal,cuda,PPIL4:K562
ZNF622,K562,chr21:32602361:G:A,1,0,-1.632615089416504,modal,cuda,PPIL4:K562
ZNF622,K562,chr21:32603197:C:T,0,0,0.34799647331237793,modal,cuda,PPIL4:K562
ZNF622,K562,chr21:32604220:G:A,1,0,-1.9098068475723267,modal,cuda,PPIL4:K562
ZNF622,K562,chr21:32604303:G:A,0,0,0.4073915481567383,modal,cuda,PPIL4:K562
ZNF622,K562,chr21:32607716:G:T,1,0,0.9712259769439697,modal,cuda,PPIL4:K562
ZNF622,K562,chr21:32607732:G:C,0,0,-0.549609363079071,modal,cuda,PPIL4:K562
ZNF622,K562,chr21:32638903:C:A,0,0,1.995833396911621,modal,cuda,PPIL4:K562
ZNF622,K562,chr21:33543101:C:T,0,0,-0.848931074142456,modal,cuda,PPIL4:K562
ZNF622,K562,chr21:33543175:C:G,0,0,1.57143235206604,modal,cuda,PPIL4:K562
ZNF622,K562,chr21:33546193:C:T,0,0,-0.7470110058784485,modal,cuda,PPIL4:K562
ZNF622,K562,chr21:33546246:A:G,0,0,-0.8886263370513916,modal,cuda,PPIL4:K562
ZNF622,K562,chr21:33549618:T:A,1,0,-0.3614197373390198,modal,cuda,PPIL4:K562
ZNF622,K562,chr21:33549625:C:T,1,0,-0.4245262145996094,modal,cuda,PPIL4:K562
ZNF622,K562,chr21:33549634:G:T,1,0,-0.6426163911819458,modal,cuda,PPIL4:K562
ZNF622,K562,chr21:33549650:C:T,0,0,0.20627975463867188,modal,cuda,PPIL4:K562
ZNF622,K562,chr21:33549679:T:C,0,0,0.20801591873168945,modal,cuda,PPIL4:K562
ZNF622,K562,chr21:33549715:C:T,0,0,-0.15600824356079102,modal,cuda,PPIL4:K562
ZNF622,K562,chr21:33549729:G:T,0,0,0.18057918548583984,modal,cuda,PPIL4:K562
ZNF622,K562,chr21:33549782:C:T,0,0,0.1507260799407959,modal,cuda,PPIL4:K562
ZNF622,K562,chr21:33550338:G:A,0,0,-0.13090014457702637,modal,cuda,PPIL4:K562
ZNF622,K562,chr21:33550358:C:T,0,0,0.1157379150390625,modal,cuda,PPIL4:K562
ZNF622,K562,chr21:33550367:C:A,1,0,-0.2526853084564209,modal,cuda,PPIL4:K562
ZNF622,K562,chr21:33550370:C:T,0,0,0.06983232498168945,modal,cuda,PPIL4:K562
ZNF622,K562,chr21:33550373:T:C,0,0,0.06716251373291016,modal,cuda,PPIL4:K562
ZNF622,K562,chr21:33550406:C:T,0,0,0.04840683937072754,modal,cuda,PPIL4:K562
ZNF622,K562,chr21:33554985:T:C,0,0,-0.07370495796203613,modal,cuda,PPIL4:K562
ZNF622,K562,chr21:33554992:C:T,1,0,-0.08466458320617676,modal,cuda,PPIL4:K562
ZNF622,K562,chr21:33554998:C:T,1,0,-0.1531693935394287,modal,cuda,PPIL4:K562
ZNF622,K562,chr21:33559629:T:C,0,0,1.0027616024017334,modal,cuda,PPIL4:K562
ZNF622,K562,chr21:33559727:A:G,0,0,0.44474783539772034,modal,cuda,PPIL4:K562
ZNF622,K562,chr21:33559779:A:C,0,0,1.830892562866211,modal,cuda,PPIL4:K562
ZNF622,K562,chr21:37126118:T:C,0,0,-0.19641923904418945,modal,cuda,PPIL4:K562
ZNF622,K562,chr21:37505276:C:T,0,0,-0.9181358814239502,modal,cuda,PPIL4:K562
ZNF622,K562,chr21:37505280:C:G,1,0,-0.7344447374343872,modal,cuda,PPIL4:K562
ZNF622,K562,chr21:46222635:C:T,1,0,0.38975226879119873,modal,cuda,PPIL4:K562
ZNF622,K562,chr21:46222636:C:T,1,0,-0.56162029504776,modal,cuda,PPIL4:K562
ZNF622,K562,chr21:46277515:C:A,0,0,0.1852099895477295,modal,cuda,PPIL4:K562
ZNF622,K562,chr21:46324288:C:T,0,0,-0.4787212014198303,modal,cuda,PPIL4:K562
ZNF622,K562,chr21:46326518:G:T,1,0,0.886397123336792,modal,cuda,PPIL4:K562
ZNF622,K562,chr21:46334436:C:T,1,0,1.877492070198059,modal,cuda,PPIL4:K562
ZNF622,K562,chr21:46346225:T:C,0,0,0.35827136039733887,modal,cuda,PPIL4:K562
ZNF622,K562,chr21:46346736:G:A,0,0,-0.23727011680603027,modal,cuda,PPIL4:K562
ZNF622,K562,chr21:46432117:C:T,1,0,-1.4107171297073364,modal,cuda,PPIL4:K562
ZNF622,K562,chr21:46432159:C:T,1,0,-1.3130316734313965,modal,cuda,PPIL4:K562
ZNF622,K562,chr21:46432171:G:C,0,0,-1.5357177257537842,modal,cuda,PPIL4:K562
ZNF622,K562,chr21:46432184:G:A,1,0,-2.363304853439331,modal,cuda,PPIL4:K562
ZNF622,K562,chr21:46432189:A:T,1,0,0.5229212641716003,modal,cuda,PPIL4:K562
ZNF622,K562,chr22:19142734:G:A,0,3,0.9957118034362793,modal,cuda,PPIL4:K562
ZNF622,K562,chr22:19456658:G:A,0,3,0.5956447124481201,modal,cuda,PPIL4:K562
ZNF622,K562,chr22:19480991:T:C,0,3,0.5027980804443359,modal,cuda,PPIL4:K562
ZNF622,K562,chr22:19481006:G:A,1,3,2.728684902191162,modal,cuda,PPIL4:K562
ZNF622,K562,chr22:19482782:C:T,0,3,0.4823048710823059,modal,cuda,PPIL4:K562
ZNF622,K562,chr22:19497366:A:G,0,3,-0.5951716303825378,modal,cuda,PPIL4:K562
ZNF622,K562,chr22:19499077:C:T,0,3,0.47196245193481445,modal,cuda,PPIL4:K562
ZNF622,K562,chr22:20061684:G:C,1,3,-0.5956765413284302,modal,cuda,PPIL4:K562
ZNF622,K562,chr22:20061721:C:T,0,3,-0.49473416805267334,modal,cuda,PPIL4:K562
ZNF622,K562,chr22:20061762:G:A,0,3,0.08053696155548096,modal,cuda,PPIL4:K562
ZNF622,K562,chr22:21964166:C:T,0,3,-0.046227216720581055,modal,cuda,PPIL4:K562
ZNF622,K562,chr22:24322633:G:A,0,3,-0.07066869735717773,modal,cuda,PPIL4:K562
ZNF622,K562,chr22:24322709:A:C,0,3,-0.25797224044799805,modal,cuda,PPIL4:K562
ZNF622,K562,chr22:26466075:G:A,0,3,0.2142852544784546,modal,cuda,PPIL4:K562
ZNF622,K562,chr22:29673311:C:T,1,3,-0.6703758835792542,modal,cuda,PPIL4:K562
ZNF622,K562,chr22:29673320:G:T,1,3,-0.774789571762085,modal,cuda,PPIL4:K562
ZNF622,K562,chr22:29673344:C:T,1,3,-0.52064049243927,modal,cuda,PPIL4:K562
ZNF622,K562,chr22:29673356:G:T,1,3,-0.7527848482131958,modal,cuda,PPIL4:K562
ZNF622,K562,chr22:29673365:C:T,1,3,-0.5070253014564514,modal,cuda,PPIL4:K562
ZNF622,K562,chr22:29673374:C:T,1,3,-0.6104021072387695,modal,cuda,PPIL4:K562
ZNF622,K562,chr22:29673407:G:T,1,3,-0.7018390893936157,modal,cuda,PPIL4:K562
ZNF622,K562,chr22:29673410:G:T,1,3,-0.6841845512390137,modal,cuda,PPIL4:K562
ZNF622,K562,chr22:29673428:C:T,1,3,-0.49198204278945923,modal,cuda,PPIL4:K562
ZNF622,K562,chr22:29673446:G:T,1,3,-1.5622048377990723,modal,cuda,PPIL4:K562
ZNF622,K562,chr22:29673473:G:T,1,3,-0.9406187534332275,modal,cuda,PPIL4:K562
ZNF622,K562,chr22:29673487:G:T,1,3,-1.8920685052871704,modal,cuda,PPIL4:K562
ZNF622,K562,chr22:29673488:T:G,1,3,-1.9235012531280518,modal,cuda,PPIL4:K562
ZNF622,K562,chr22:35421478:C:A,0,3,1.2100818157196045,modal,cuda,PPIL4:K562
ZNF622,K562,chr22:40265320:C:T,1,3,2.3951570987701416,modal,cuda,PPIL4:K562
ZNF622,K562,chr22:41621350:G:A,0,3,0.3460357189178467,modal,cuda,PPIL4:K562
ZNF622,K562,chr22:41867108:C:A,0,3,0.2275843620300293,modal,cuda,PPIL4:K562
ZNF622,K562,chr22:46337813:G:A,1,3,2.645026683807373,modal,cuda,PPIL4:K562
ZNF622,K562,chr22:46337880:C:T,1,3,2.649346351623535,modal,cuda,PPIL4:K562
ZNF622,K562,chr22:46346475:G:T,1,3,2.038484811782837,modal,cuda,PPIL4:K562
ZNF622,K562,chr22:46346508:G:A,0,3,0.16654682159423828,modal,cuda,PPIL4:K562
ZNF622,K562,chr22:50224129:G:A,0,3,0.26987671852111816,modal,cuda,PPIL4:K562
ZNF622,K562,chr22:50580198:A:T,1,3,-3.019742727279663,modal,cuda,PPIL4:K562
ZNF622,K562,chr22:50580372:T:C,1,3,0.27108240127563477,modal,cuda,PPIL4:K562
ZNF622,K562,chr22:50582800:C:A,0,3,-0.1257479190826416,modal,cuda,PPIL4:K562
ZNF622,K562,chr22:50582808:C:T,0,3,-0.2453402876853943,modal,cuda,PPIL4:K562
ZNF622,K562,chr22:50582829:C:A,0,3,-0.4741334915161133,modal,cuda,PPIL4:K562
ZNF622,K562,chr2:101698156:G:A,0,4,0.7757500410079956,modal,cuda,PPIL4:K562
ZNF622,K562,chr2:101831730:G:A,1,4,1.1563951969146729,modal,cuda,PPIL4:K562
ZNF622,K562,chr2:101831841:A:G,1,4,-0.3374142646789551,modal,cuda,PPIL4:K562
ZNF622,K562,chr2:101844282:C:T,1,4,-0.5084410905838013,modal,cuda,PPIL4:K562
ZNF622,K562,chr2:101855997:A:G,0,4,0.7693222761154175,modal,cuda,PPIL4:K562
ZNF622,K562,chr2:101859759:G:A,0,4,0.3890325129032135,modal,cuda,PPIL4:K562
ZNF622,K562,chr2:110666253:C:T,0,4,0.7008576393127441,modal,cuda,PPIL4:K562
ZNF622,K562,chr2:11201419:T:C,0,4,-0.24317246675491333,modal,cuda,PPIL4:K562
ZNF622,K562,chr2:11771503:C:T,0,4,0.42281949520111084,modal,cuda,PPIL4:K562
ZNF622,K562,chr2:11771635:C:T,0,4,-0.3315293490886688,modal,cuda,PPIL4:K562
ZNF622,K562,chr2:11779621:G:A,1,4,1.1550235748291016,modal,cuda,PPIL4:K562
ZNF622,K562,chr2:117821760:C:G,0,4,-0.3627570867538452,modal,cuda,PPIL4:K562
ZNF622,K562,chr2:11783834:C:T,1,4,1.2259531021118164,modal,cuda,PPIL4:K562
ZNF622,K562,chr2:11783934:G:A,0,4,-0.40606117248535156,modal,cuda,PPIL4:K562
ZNF622,K562,chr2:127289525:C:G,0,4,-2.0262157917022705,modal,cuda,PPIL4:K562
ZNF622,K562,chr2:127293601:G:C,1,4,2.8405256271362305,modal,cuda,PPIL4:K562
ZNF622,K562,chr2:127293614:G:A,1,4,1.4161872863769531,modal,cuda,PPIL4:K562
ZNF622,K562,chr2:127293711:C:G,0,4,0.41430211067199707,modal,cuda,PPIL4:K562
ZNF622,K562,chr2:128177917:A:G,0,4,-1.2437410354614258,modal,cuda,PPIL4:K562
ZNF622,K562,chr2:144429745:G:A,0,4,-0.15777957439422607,modal,cuda,PPIL4:K562
ZNF622,K562,chr2:15467394:G:A,1,4,1.620929479598999,modal,cuda,PPIL4:K562
ZNF622,K562,chr2:15468449:G:A,1,4,4.618278503417969,modal,cuda,PPIL4:K562
ZNF622,K562,chr2:15468510:C:T,1,4,2.4267325401306152,modal,cuda,PPIL4:K562
ZNF622,K562,chr2:15468518:G:A,1,4,2.2036819458007812,modal,cuda,PPIL4:K562
ZNF622,K562,chr2:15473333:C:T,0,4,0.13037729263305664,modal,cuda,PPIL4:K562
ZNF622,K562,chr2:15473336:T:C,0,4,-0.6293693780899048,modal,cuda,PPIL4:K562
ZNF622,K562,chr2:15474280:T:C,0,4,0.2843841314315796,modal,cuda,PPIL4:K562
ZNF622,K562,chr2:15474295:A:C,0,4,-1.1414613723754883,modal,cuda,PPIL4:K562
ZNF622,K562,chr2:15534554:G:A,0,4,0.46970605850219727,modal,cuda,PPIL4:K562
ZNF622,K562,chr2:15534562:T:C,0,4,0.580008864402771,modal,cuda,PPIL4:K562
ZNF622,K562,chr2:15534565:C:T,0,4,0.2119002342224121,modal,cuda,PPIL4:K562
ZNF622,K562,chr2:15534578:A:G,0,4,-0.5757761001586914,modal,cuda,PPIL4:K562
ZNF622,K562,chr2:15534655:G:A,0,4,-1.9416751861572266,modal,cuda,PPIL4:K562
ZNF622,K562,chr2:15536446:G:A,1,4,-0.821176290512085,modal,cuda,PPIL4:K562
ZNF622,K562,chr2:15551480:T:C,0,4,-0.7261528968811035,modal,cuda,PPIL4:K562
ZNF622,K562,chr2:15553414:A:C,0,4,-0.6972198486328125,modal,cuda,PPIL4:K562
ZNF622,K562,chr2:15553470:A:T,0,4,-0.6421899795532227,modal,cuda,PPIL4:K562
ZNF622,K562,chr2:15553484:G:C,0,4,1.1508009433746338,modal,cuda,PPIL4:K562
ZNF622,K562,chr2:169631944:A:G,0,4,0.43898284435272217,modal,cuda,PPIL4:K562
ZNF622,K562,chr2:171725602:T:G,0,4,0.5019417405128479,modal,cuda,PPIL4:K562
ZNF622,K562,chr2:197416735:A:T,0,4,0.13265275955200195,modal,cuda,PPIL4:K562
ZNF622,K562,chr2:201160763:G:A,0,4,-0.5076792240142822,modal,cuda,PPIL4:K562
ZNF622,K562,chr2:207575339:A:G,0,4,0.8717459440231323,modal,cuda,PPIL4:K562
ZNF622,K562,chr2:208300927:G:T,0,4,0.6056041121482849,modal,cuda,PPIL4:K562
ZNF622,K562,chr2:208340002:T:C,0,4,1.1849033832550049,modal,cuda,PPIL4:K562
ZNF622,K562,chr2:214781157:C:G,0,4,1.517270565032959,modal,cuda,PPIL4:K562
ZNF622,K562,chr2:214781165:G:A,1,4,2.3468880653381348,modal,cuda,PPIL4:K562
ZNF622,K562,chr2:214781174:C:A,1,4,3.574424982070923,modal,cuda,PPIL4:K562
ZNF622,K562,chr2:214781177:C:A,1,4,3.153233528137207,modal,cuda,PPIL4:K562
ZNF622,K562,chr2:214781192:C:A,1,4,4.067068099975586,modal,cuda,PPIL4:K562
ZNF622,K562,chr2:214781201:C:A,1,4,1.5033018589019775,modal,cuda,PPIL4:K562
ZNF622,K562,chr2:214781211:C:T,0,4,-0.329922080039978,modal,cuda,PPIL4:K562
ZNF622,K562,chr2:214781217:A:G,0,4,0.9822531342506409,modal,cuda,PPIL4:K562
ZNF622,K562,chr2:214781258:G:A,1,4,1.5618667602539062,modal,cuda,PPIL4:K562
ZNF622,K562,chr2:214781267:C:A,1,4,2.02897047996521,modal,cuda,PPIL4:K562
ZNF622,K562,chr2:214781273:T:A,1,4,1.9594806432724,modal,cuda,PPIL4:K562
ZNF622,K562,chr2:214781285:T:A,1,4,2.266303777694702,modal,cuda,PPIL4:K562
ZNF622,K562,chr2:214781333:C:A,1,4,5.780109882354736,modal,cuda,PPIL4:K562
ZNF622,K562,chr2:219232535:G:C,0,4,-0.5819355249404907,modal,cuda,PPIL4:K562
ZNF622,K562,chr2:219232564:G:A,0,4,0.5698772072792053,modal,cuda,PPIL4:K562
ZNF622,K562,chr2:219232700:G:A,0,4,2.167884349822998,modal,cuda,PPIL4:K562
ZNF622,K562,chr2:219234127:T:C,0,4,-1.7837324142456055,modal,cuda,PPIL4:K562
ZNF622,K562,chr2:222634537:T:C,1,4,0.9866888523101807,modal,cuda,PPIL4:K562
ZNF622,K562,chr2:222648791:G:A,0,4,0.6127915382385254,modal,cuda,PPIL4:K562
ZNF622,K562,chr2:231455391:C:T,0,4,0.20569515228271484,modal,cuda,PPIL4:K562
ZNF622,K562,chr2:232735194:A:C,0,4,-0.9462878108024597,modal,cuda,PPIL4:K562
ZNF622,K562,chr2:232839866:G:C,0,4,0.8782607316970825,modal,cuda,PPIL4:K562
ZNF622,K562,chr2:232844096:A:G,0,4,-0.4791746139526367,modal,cuda,PPIL4:K562
ZNF622,K562,chr2:232847517:A:G,0,4,0.16576683521270752,modal,cuda,PPIL4:K562
ZNF622,K562,chr2:232847538:G:A,0,4,0.14190125465393066,modal,cuda,PPIL4:K562
ZNF622,K562,chr2:235968636:C:T,0,4,2.2966840267181396,modal,cuda,PPIL4:K562
ZNF622,K562,chr2:239144721:A:G,0,4,-0.3396892547607422,modal,cuda,PPIL4:K562
ZNF622,K562,chr2:240007349:T:C,0,4,-0.5617845058441162,modal,cuda,PPIL4:K562
ZNF622,K562,chr2:240022311:T:C,0,4,0.9401377439498901,modal,cuda,PPIL4:K562
ZNF622,K562,chr2:241253501:C:T,0,4,-0.9686490297317505,modal,cuda,PPIL4:K562
ZNF622,K562,chr2:241651116:C:T,0,4,-0.5336320996284485,modal,cuda,PPIL4:K562
ZNF622,K562,chr2:24298659:C:T,0,4,-0.7959733009338379,modal,cuda,PPIL4:K562
ZNF622,K562,chr2:24303786:G:A,0,4,-0.5500600337982178,modal,cuda,PPIL4:K562
ZNF622,K562,chr2:24310469:T:A,0,4,1.1654884815216064,modal,cuda,PPIL4:K562
ZNF622,K562,chr2:25756001:T:C,0,4,-2.465986967086792,modal,cuda,PPIL4:K562
ZNF622,K562,chr2:25767740:A:C,0,4,0.9810141324996948,modal,cuda,PPIL4:K562
ZNF622,K562,chr2:25767741:T:A,0,4,-1.666231632232666,modal,cuda,PPIL4:K562
ZNF622,K562,chr2:25767743:C:A,0,4,-0.20303702354431152,modal,cuda,PPIL4:K562
ZNF622,K562,chr2:25767744:G:A,0,4,-0.3023534119129181,modal,cuda,PPIL4:K562
ZNF622,K562,chr2:25767745:T:C,0,4,-0.2954421043395996,modal,cuda,PPIL4:K562
ZNF622,K562,chr2:27369556:C:T,0,4,-0.889718770980835,modal,cuda,PPIL4:K562
ZNF622,K562,chr2:32115840:G:T,1,4,0.8274438381195068,modal,cuda,PPIL4:K562
ZNF622,K562,chr2:44346251:G:C,0,4,-1.2606875896453857,modal,cuda,PPIL4:K562
ZNF622,K562,chr2:47161705:T:C,0,4,-0.6362738609313965,modal,cuda,PPIL4:K562
ZNF622,K562,chr2:47798625:C:A,1,4,-0.9024770259857178,modal,cuda,PPIL4:K562
ZNF622,K562,chr2:47798625:C:G,1,4,-0.7621332406997681,modal,cuda,PPIL4:K562
ZNF622,K562,chr2:47798625:C:T,0,4,0.3526591658592224,modal,cuda,PPIL4:K562
ZNF622,K562,chr2:47798631:A:G,0,4,-0.3726497292518616,modal,cuda,PPIL4:K562
ZNF622,K562,chr2:47798635:A:T,1,4,1.3254749774932861,modal,cuda,PPIL4:K562
ZNF622,K562,chr2:47798641:G:T,1,4,-1.863881230354309,modal,cuda,PPIL4:K562
ZNF622,K562,chr2:47798644:G:T,1,4,1.460490107536316,modal,cuda,PPIL4:K562
ZNF622,K562,chr2:47798653:G:T,1,4,2.7221269607543945,modal,cuda,PPIL4:K562
ZNF622,K562,chr2:47798659:G:T,1,4,1.638753056526184,modal,cuda,PPIL4:K562
ZNF622,K562,chr2:47798668:G:T,1,4,2.774263381958008,modal,cuda,PPIL4:K562
ZNF622,K562,chr2:47798677:C:T,1,4,1.8216897249221802,modal,cuda,PPIL4:K562
ZNF622,K562,chr2:47798689:C:T,1,4,0.6732672452926636,modal,cuda,PPIL4:K562
ZNF622,K562,chr2:47798692:G:T,1,4,1.8202990293502808,modal,cuda,PPIL4:K562
ZNF622,K562,chr2:47798701:C:T,1,4,1.4327099323272705,modal,cuda,PPIL4:K562
ZNF622,K562,chr2:47798703:A:C,0,4,0.49065983295440674,modal,cuda,PPIL4:K562
ZNF622,K562,chr2:47798713:C:T,1,4,1.807163953781128,modal,cuda,PPIL4:K562
ZNF622,K562,chr2:47798714:A:G,0,4,-0.7069305181503296,modal,cuda,PPIL4:K562
ZNF622,K562,chr2:47798718:A:C,0,4,-0.713547945022583,modal,cuda,PPIL4:K562
ZNF622,K562,chr2:47798719:A:T,1,4,2.167022943496704,modal,cuda,PPIL4:K562
ZNF622,K562,chr2:47798725:C:T,1,4,2.0424816608428955,modal,cuda,PPIL4:K562
ZNF622,K562,chr2:47798773:G:T,1,4,2.6031761169433594,modal,cuda,PPIL4:K562
ZNF622,K562,chr2:47798779:A:T,1,4,2.1371192932128906,modal,cuda,PPIL4:K562
ZNF622,K562,chr2:47798797:G:T,1,4,1.4568617343902588,modal,cuda,PPIL4:K562
ZNF622,K562,chr2:47798800:G:T,1,4,1.2893598079681396,modal,cuda,PPIL4:K562
ZNF622,K562,chr2:47798812:G:T,1,4,1.5741462707519531,modal,cuda,PPIL4:K562
ZNF622,K562,chr2:47798814:A:G,0,4,0.3524351716041565,modal,cuda,PPIL4:K562
ZNF622,K562,chr2:47798824:G:T,1,4,2.1718406677246094,modal,cuda,PPIL4:K562
ZNF622,K562,chr2:47798859:C:T,0,4,-0.2029935121536255,modal,cuda,PPIL4:K562
ZNF622,K562,chr2:47798866:A:T,1,4,1.4240111112594604,modal,cuda,PPIL4:K562
ZNF622,K562,chr2:47798875:C:T,1,4,1.778592824935913,modal,cuda,PPIL4:K562
ZNF622,K562,chr2:47798877:A:C,0,4,0.5605277419090271,modal,cuda,PPIL4:K562
ZNF622,K562,chr2:47798881:C:A,0,4,0.7384127974510193,modal,cuda,PPIL4:K562
ZNF622,K562,chr2:47798883:G:T,0,4,-0.4684344232082367,modal,cuda,PPIL4:K562
ZNF622,K562,chr2:47798887:A:T,1,4,1.7461400032043457,modal,cuda,PPIL4:K562
ZNF622,K562,chr2:47822214:T:C,0,4,-1.8486878871917725,modal,cuda,PPIL4:K562
ZNF622,K562,chr2:47832948:T:C,0,4,-0.6758652925491333,modal,cuda,PPIL4:K562
ZNF622,K562,chr2:47834773:A:T,0,4,0.3860502243041992,modal,cuda,PPIL4:K562
ZNF622,K562,chr2:47839023:T:C,0,4,-0.35742712020874023,modal,cuda,PPIL4:K562
ZNF622,K562,chr2:47839416:T:C,1,4,-1.1413342952728271,modal,cuda,PPIL4:K562
ZNF622,K562,chr2:47839505:A:G,0,4,-1.5902754068374634,modal,cuda,PPIL4:K562
ZNF622,K562,chr2:47839637:G:C,0,4,-1.3998013734817505,modal,cuda,PPIL4:K562
ZNF622,K562,chr2:47839772:G:A,0,4,-0.32421934604644775,modal,cuda,PPIL4:K562
ZNF622,K562,chr2:48454661:C:T,1,4,2.1942968368530273,modal,cuda,PPIL4:K562
ZNF622,K562,chr2:48454692:T:G,1,4,-0.48026129603385925,modal,cuda,PPIL4:K562
ZNF622,K562,chr2:48454711:T:C,0,4,0.3970934748649597,modal,cuda,PPIL4:K562
ZNF622,K562,chr2:48458162:C:T,1,4,3.767160654067993,modal,cuda,PPIL4:K562
ZNF622,K562,chr2:48459793:G:T,1,4,-1.2081409692764282,modal,cuda,PPIL4:K562
ZNF622,K562,chr2:48459805:C:T,1,4,-1.2432377338409424,modal,cuda,PPIL4:K562
ZNF622,K562,chr2:61339689:G:A,0,4,-0.5845412015914917,modal,cuda,PPIL4:K562
ZNF622,K562,chr2:62747391:G:C,0,4,-0.9645750522613525,modal,cuda,PPIL4:K562
ZNF622,K562,chr2:68158384:G:C,0,4,-0.8825781345367432,modal,cuda,PPIL4:K562
ZNF622,K562,chr2:70214459:C:T,0,4,0.9066815376281738,modal,cuda,PPIL4:K562
ZNF622,K562,chr2:70248567:G:A,0,4,0.14411377906799316,modal,cuda,PPIL4:K562
ZNF622,K562,chr2:73847660:C:T,1,4,2.4899353981018066,modal,cuda,PPIL4:K562
ZNF622,K562,chr2:73847718:C:T,1,4,1.4885066747665405,modal,cuda,PPIL4:K562
ZNF622,K562,chr2:9505151:G:A,0,4,-0.8469741344451904,modal,cuda,PPIL4:K562
ZNF622,K562,chr2:9526150:G:T,1,4,-4.864433765411377,modal,cuda,PPIL4:K562
ZNF622,K562,chr2:96298427:A:G,0,4,-0.28395527601242065,modal,cuda,PPIL4:K562
ZNF622,K562,chr2:96303341:T:A,0,4,1.5650711059570312,modal,cuda,PPIL4:K562
ZNF622,K562,chr2:96305495:G:C,0,4,-0.5441086292266846,modal,cuda,PPIL4:K562
ZNF622,K562,chr2:96305518:G:A,0,4,-0.3598771095275879,modal,cuda,PPIL4:K562
ZNF622,K562,chr2:99360559:A:T,0,4,-0.4008340835571289,modal,cuda,PPIL4:K562
ZNF622,K562,chr2:99402793:A:T,0,4,-0.1593545526266098,modal,cuda,PPIL4:K562
ZNF622,K562,chr3:10028733:G:C,0,3,0.2627605199813843,modal,cuda,PPIL4:K562
ZNF622,K562,chr3:10032981:T:G,0,3,0.901095986366272,modal,cuda,PPIL4:K562
ZNF622,K562,chr3:10042540:C:T,0,3,0.37335366010665894,modal,cuda,PPIL4:K562
ZNF622,K562,chr3:10092206:G:A,1,3,1.1428340673446655,modal,cuda,PPIL4:K562
ZNF622,K562,chr3:10092265:A:G,0,3,0.17220938205718994,modal,cuda,PPIL4:K562
ZNF622,K562,chr3:101458949:T:G,0,3,0.3961794376373291,modal,cuda,PPIL4:K562
ZNF622,K562,chr3:101574253:A:G,0,3,0.5920776128768921,modal,cuda,PPIL4:K562
ZNF622,K562,chr3:12489908:A:G,0,3,-0.34077978134155273,modal,cuda,PPIL4:K562
ZNF622,K562,chr3:12489922:G:A,0,3,0.6130448579788208,modal,cuda,PPIL4:K562
ZNF622,K562,chr3:12489922:G:C,0,3,-0.3187020421028137,modal,cuda,PPIL4:K562
ZNF622,K562,chr3:12489922:G:T,0,3,0.7539396286010742,modal,cuda,PPIL4:K562
ZNF622,K562,chr3:128060669:C:T,0,3,-0.8354983925819397,modal,cuda,PPIL4:K562
ZNF622,K562,chr3:128481577:C:G,0,3,-0.5458986759185791,modal,cuda,PPIL4:K562
ZNF622,K562,chr3:129433084:G:A,0,3,0.5121884942054749,modal,cuda,PPIL4:K562
ZNF622,K562,chr3:129436869:G:A,1,3,1.1245197057724,modal,cuda,PPIL4:K562
ZNF622,K562,chr3:129436880:G:C,1,3,-0.7990110516548157,modal,cuda,PPIL4:K562
ZNF622,K562,chr3:129436880:G:T,1,3,-0.7185867428779602,modal,cuda,PPIL4:K562
ZNF622,K562,chr3:129436905:T:A,1,3,0.609453558921814,modal,cuda,PPIL4:K562
ZNF622,K562,chr3:129437769:G:A,1,3,0.491130530834198,modal,cuda,PPIL4:K562
ZNF622,K562,chr3:129437786:C:T,1,3,-0.8536512851715088,modal,cuda,PPIL4:K562
ZNF622,K562,chr3:134550059:A:G,0,3,-0.203749418258667,modal,cuda,PPIL4:K562
ZNF622,K562,chr3:134550069:G:T,1,3,0.4344593584537506,modal,cuda,PPIL4:K562
ZNF622,K562,chr3:134550081:C:T,1,3,1.7109975814819336,modal,cuda,PPIL4:K562
ZNF622,K562,chr3:134550146:G:A,0,3,-0.06571120023727417,modal,cuda,PPIL4:K562
ZNF622,K562,chr3:134550159:C:T,1,3,2.35691499710083,modal,cuda,PPIL4:K562
ZNF622,K562,chr3:139357978:G:T,0,3,0.31408417224884033,modal,cuda,PPIL4:K562
ZNF622,K562,chr3:139362402:C:T,0,3,0.6623287200927734,modal,cuda,PPIL4:K562
ZNF622,K562,chr3:14158179:A:T,1,3,-0.608744740486145,modal,cuda,PPIL4:K562
ZNF622,K562,chr3:14158206:G:C,1,3,-0.42241960763931274,modal,cuda,PPIL4:K562
ZNF622,K562,chr3:14158206:G:T,1,3,-2.0812389850616455,modal,cuda,PPIL4:K562
ZNF622,K562,chr3:14158640:G:A,1,3,-0.9462451338768005,modal,cuda,PPIL4:K562
ZNF622,K562,chr3:14158843:G:C,1,3,-0.7014878988265991,modal,cuda,PPIL4:K562
ZNF622,K562,chr3:14165549:G:A,1,3,1.7453503608703613,modal,cuda,PPIL4:K562
ZNF622,K562,chr3:14170451:C:T,1,3,-0.5702959895133972,modal,cuda,PPIL4:K562
ZNF622,K562,chr3:14170452:C:T,1,3,-0.5052666664123535,modal,cuda,PPIL4:K562
ZNF622,K562,chr3:14170518:T:A,0,3,-0.3334970474243164,modal,cuda,PPIL4:K562
ZNF622,K562,chr3:14170547:G:A,0,3,-0.9380279779434204,modal,cuda,PPIL4:K562
ZNF622,K562,chr3:14170550:C:T,0,3,-0.3454481363296509,modal,cuda,PPIL4:K562
ZNF622,K562,chr3:14172946:T:A,1,3,2.3517472743988037,modal,cuda,PPIL4:K562
ZNF622,K562,chr3:168030041:G:A,0,3,-0.460979700088501,modal,cuda,PPIL4:K562
ZNF622,K562,chr3:171190797:T:C,0,3,-0.2219027280807495,modal,cuda,PPIL4:K562
ZNF622,K562,chr3:182965756:A:G,0,3,0.614215075969696,modal,cuda,PPIL4:K562
ZNF622,K562,chr3:184164391:G:A,0,3,0.18231201171875,modal,cuda,PPIL4:K562
ZNF622,K562,chr3:184164937:G:A,0,3,-0.5684935450553894,modal,cuda,PPIL4:K562
ZNF622,K562,chr3:186584594:G:A,0,3,0.9661529064178467,modal,cuda,PPIL4:K562
ZNF622,K562,chr3:186584603:G:T,0,3,-0.3022056519985199,modal,cuda,PPIL4:K562
ZNF622,K562,chr3:191380942:G:A,0,3,0.18602682650089264,modal,cuda,PPIL4:K562
ZNF622,K562,chr3:193662806:T:A,0,3,0.9088029861450195,modal,cuda,PPIL4:K562
ZNF622,K562,chr3:194437305:C:T,0,3,-0.54876309633255,modal,cuda,PPIL4:K562
ZNF622,K562,chr3:196239535:G:A,0,3,0.6297387480735779,modal,cuda,PPIL4:K562
ZNF622,K562,chr3:196257893:G:A,0,3,-0.2210613638162613,modal,cuda,PPIL4:K562
ZNF622,K562,chr3:196930805:T:C,0,3,2.445906400680542,modal,cuda,PPIL4:K562
ZNF622,K562,chr3:197138319:C:T,0,3,0.45901477336883545,modal,cuda,PPIL4:K562
ZNF622,K562,chr3:197138320:G:A,0,3,0.3300532400608063,modal,cuda,PPIL4:K562
ZNF622,K562,chr3:197839383:T:C,0,3,-0.10744190216064453,modal,cuda,PPIL4:K562
ZNF622,K562,chr3:197870173:C:T,0,3,0.4803733825683594,modal,cuda,PPIL4:K562
ZNF622,K562,chr3:20175027:T:A,0,3,0.5447256565093994,modal,cuda,PPIL4:K562
ZNF622,K562,chr3:25612504:G:T,0,3,-0.6961393356323242,modal,cuda,PPIL4:K562
ZNF622,K562,chr3:25612507:T:C,0,3,0.30391907691955566,modal,cuda,PPIL4:K562
ZNF622,K562,chr3:25733865:A:C,0,3,-1.0396636724472046,modal,cuda,PPIL4:K562
ZNF622,K562,chr3:3148077:C:T,1,3,-1.6939879655838013,modal,cuda,PPIL4:K562
ZNF622,K562,chr3:3174270:A:G,0,3,-0.541835367679596,modal,cuda,PPIL4:K562
ZNF622,K562,chr3:36996623:G:C,1,3,-1.052643895149231,modal,cuda,PPIL4:K562
ZNF622,K562,chr3:36996624:A:G,1,3,-0.9954203367233276,modal,cuda,PPIL4:K562
ZNF622,K562,chr3:36996625:T:C,0,3,-1.2392327785491943,modal,cuda,PPIL4:K562
ZNF622,K562,chr3:36996629:A:T,1,3,-1.5731635093688965,modal,cuda,PPIL4:K562
ZNF622,K562,chr3:36996631:A:G,0,3,-0.49764543771743774,modal,cuda,PPIL4:K562
ZNF622,K562,chr3:36996633:C:T,1,3,0.48637574911117554,modal,cuda,PPIL4:K562
ZNF622,K562,chr3:36996644:C:T,1,3,-2.4790713787078857,modal,cuda,PPIL4:K562
ZNF622,K562,chr3:36996648:T:A,1,3,0.4463341236114502,modal,cuda,PPIL4:K562
ZNF622,K562,chr3:36996659:G:T,1,3,-1.630025029182434,modal,cuda,PPIL4:K562
ZNF622,K562,chr3:36996668:C:T,0,3,-0.8410752415657043,modal,cuda,PPIL4:K562
ZNF622,K562,chr3:36996670:G:A,0,3,-1.180704951286316,modal,cuda,PPIL4:K562
ZNF622,K562,chr3:36996671:A:T,1,3,1.1051957607269287,modal,cuda,PPIL4:K562
ZNF622,K562,chr3:36996680:C:T,1,3,0.9969736337661743,modal,cuda,PPIL4:K562
ZNF622,K562,chr3:36996686:C:T,1,3,-2.0476746559143066,modal,cuda,PPIL4:K562
ZNF622,K562,chr3:36996691:C:A,1,3,-0.5237734317779541,modal,cuda,PPIL4:K562
ZNF622,K562,chr3:36996697:C:T,0,3,-0.7476158142089844,modal,cuda,PPIL4:K562
ZNF622,K562,chr3:36996701:G:A,1,3,-0.44341349601745605,modal,cuda,PPIL4:K562
ZNF622,K562,chr3:36996701:G:T,1,3,0.4206908941268921,modal,cuda,PPIL4:K562
ZNF622,K562,chr3:36996702:G:A,1,3,0.8823442459106445,modal,cuda,PPIL4:K562
ZNF622,K562,chr3:36996710:G:C,1,3,-3.003523826599121,modal,cuda,PPIL4:K562
ZNF622,K562,chr3:36996711:T:G,1,3,-1.6667287349700928,modal,cuda,PPIL4:K562
ZNF622,K562,chr3:37000953:A:G,1,3,0.7992345690727234,modal,cuda,PPIL4:K562
ZNF622,K562,chr3:37000954:G:A,1,3,-1.1534042358398438,modal,cuda,PPIL4:K562
ZNF622,K562,chr3:37000958:G:T,1,3,1.936711311340332,modal,cuda,PPIL4:K562
ZNF622,K562,chr3:37000976:T:C,1,3,-0.8230384588241577,modal,cuda,PPIL4:K562
ZNF622,K562,chr3:37000977:G:A,1,3,-0.4616415202617645,modal,cuda,PPIL4:K562
ZNF622,K562,chr3:37000979:G:T,1,3,3.234100818634033,modal,cuda,PPIL4:K562
ZNF622,K562,chr3:37000992:C:T,1,3,0.6034318208694458,modal,cuda,PPIL4:K562
ZNF622,K562,chr3:37000997:A:T,1,3,1.4037569761276245,modal,cuda,PPIL4:K562
ZNF622,K562,chr3:37001003:C:T,1,3,1.2445688247680664,modal,cuda,PPIL4:K562
ZNF622,K562,chr3:37001008:C:A,0,3,0.4021657705307007,modal,cuda,PPIL4:K562
ZNF622,K562,chr3:37001012:G:T,1,3,2.0229835510253906,modal,cuda,PPIL4:K562
ZNF622,K562,chr3:37008874:G:T,1,3,1.6832531690597534,modal,cuda,PPIL4:K562
ZNF622,K562,chr3:37008879:T:A,1,3,-1.2571548223495483,modal,cuda,PPIL4:K562
ZNF622,K562,chr3:37008903:C:T,1,3,1.2747453451156616,modal,cuda,PPIL4:K562
ZNF622,K562,chr3:37008904:A:G,1,3,-0.9054388403892517,modal,cuda,PPIL4:K562
ZNF622,K562,chr3:37008905:G:A,1,3,0.42944401502609253,modal,cuda,PPIL4:K562
ZNF622,K562,chr3:37008907:T:A,1,3,-1.6950623989105225,modal,cuda,PPIL4:K562
ZNF622,K562,chr3:37008907:T:C,1,3,-0.9615357518196106,modal,cuda,PPIL4:K562
ZNF622,K562,chr3:37008908:A:G,1,3,-2.549436092376709,modal,cuda,PPIL4:K562
ZNF622,K562,chr3:37008925:A:T,0,3,1.040684461593628,modal,cuda,PPIL4:K562
ZNF622,K562,chr3:42188999:C:T,0,3,-0.24393987655639648,modal,cuda,PPIL4:K562
ZNF622,K562,chr3:42633618:T:G,0,3,-0.8624677062034607,modal,cuda,PPIL4:K562
ZNF622,K562,chr3:44813068:C:T,0,3,-0.9131741523742676,modal,cuda,PPIL4:K562
ZNF622,K562,chr3:4658283:C:G,0,3,-0.4941854774951935,modal,cuda,PPIL4:K562
ZNF622,K562,chr3:47083741:C:T,0,3,-0.45207035541534424,modal,cuda,PPIL4:K562
ZNF622,K562,chr3:47083771:C:T,0,3,-0.8473193049430847,modal,cuda,PPIL4:K562
ZNF622,K562,chr3:47088119:G:A,0,3,-0.35749053955078125,modal,cuda,PPIL4:K562
ZNF622,K562,chr3:47088154:C:A,1,3,2.698857307434082,modal,cuda,PPIL4:K562
ZNF622,K562,chr3:47088171:C:T,1,3,0.20355594158172607,modal,cuda,PPIL4:K562
ZNF622,K562,chr3:47916671:T:C,0,3,0.0872955322265625,modal,cuda,PPIL4:K562
ZNF622,K562,chr3:49101858:G:A,0,3,-1.6761751174926758,modal,cuda,PPIL4:K562
ZNF622,K562,chr3:58410115:A:T,0,3,0.36186906695365906,modal,cuda,PPIL4:K562
ZNF622,K562,chr3:71112604:G:A,1,3,-0.3725664019584656,modal,cuda,PPIL4:K562
ZNF622,K562,chr3:9428971:A:G,0,3,0.5159564018249512,modal,cuda,PPIL4:K562
ZNF622,K562,chr3:9434402:G:A,0,3,-0.5524656176567078,modal,cuda,PPIL4:K562
ZNF622,K562,chr3:9434501:A:G,0,3,0.8906287550926208,modal,cuda,PPIL4:K562
ZNF622,K562,chr3:9445644:C:T,0,3,1.278205394744873,modal,cuda,PPIL4:K562
ZNF622,K562,chr3:9447031:C:A,0,3,1.4952722787857056,modal,cuda,PPIL4:K562
ZNF622,K562,chr3:9447667:G:T,0,3,-0.2403954267501831,modal,cuda,PPIL4:K562
ZNF622,K562,chr3:9734143:G:A,1,3,0.23751330375671387,modal,cuda,PPIL4:K562
ZNF622,K562,chr3:9734225:C:T,1,3,-0.7264686226844788,modal,cuda,PPIL4:K562
ZNF622,K562,chr3:9739053:C:T,0,3,-0.21403063833713531,modal,cuda,PPIL4:K562
ZNF622,K562,chr3:9739087:G:T,1,3,-0.4105018377304077,modal,cuda,PPIL4:K562
ZNF622,K562,chr3:9739122:G:A,0,3,0.1450522094964981,modal,cuda,PPIL4:K562
ZNF622,K562,chr3:9739150:C:T,1,3,-0.28096017241477966,modal,cuda,PPIL4:K562
ZNF622,K562,chr4:1000953:A:T,1,1,0.9503843784332275,modal,cuda,PPIL4:K562
ZNF622,K562,chr4:106331906:C:T,0,1,-2.1103031635284424,modal,cuda,PPIL4:K562
ZNF622,K562,chr4:112644679:G:A,0,1,1.6995487213134766,modal,cuda,PPIL4:K562
ZNF622,K562,chr4:121816810:G:C,0,1,2.516035556793213,modal,cuda,PPIL4:K562
ZNF622,K562,chr4:139301805:G:T,1,1,-0.9847957491874695,modal,cuda,PPIL4:K562
ZNF622,K562,chr4:163515469:C:T,0,1,-1.6752543449401855,modal,cuda,PPIL4:K562
ZNF622,K562,chr4:1801837:C:T,1,1,0.6339921951293945,modal,cuda,PPIL4:K562
ZNF622,K562,chr4:1801841:C:G,1,1,0.7892962694168091,modal,cuda,PPIL4:K562
ZNF622,K562,chr4:1801866:G:A,0,1,0.4286561906337738,modal,cuda,PPIL4:K562
ZNF622,K562,chr4:1802199:T:C,0,1,-0.9784305095672607,modal,cuda,PPIL4:K562
ZNF622,K562,chr4:1904196:C:A,0,1,5.401055335998535,modal,cuda,PPIL4:K562
ZNF622,K562,chr4:2663247:A:G,0,1,-1.3925013542175293,modal,cuda,PPIL4:K562
ZNF622,K562,chr4:3518190:T:C,0,1,0.30327796936035156,modal,cuda,PPIL4:K562
ZNF622,K562,chr4:39342473:T:A,0,1,1.1215496063232422,modal,cuda,PPIL4:K562
ZNF622,K562,chr4:55417826:T:C,0,1,-2.834249258041382,modal,cuda,PPIL4:K562
ZNF622,K562,chr4:56495387:A:G,0,1,-0.45601701736450195,modal,cuda,PPIL4:K562
ZNF622,K562,chr4:75509230:C:T,1,1,-1.5072059631347656,modal,cuda,PPIL4:K562
ZNF622,K562,chr4:82426113:A:G,0,1,2.5796096324920654,modal,cuda,PPIL4:K562
ZNF622,K562,chr4:82427174:A:C,0,1,1.6602392196655273,modal,cuda,PPIL4:K562
ZNF622,K562,chr4:82427499:T:C,0,1,0.893767774105072,modal,cuda,PPIL4:K562
ZNF622,K562,chr4:82428060:A:C,0,1,-1.3752946853637695,modal,cuda,PPIL4:K562
ZNF622,K562,chr4:82429335:G:A,0,1,0.5336363911628723,modal,cuda,PPIL4:K562
ZNF622,K562,chr4:82429361:C:T,0,1,-0.55059415102005,modal,cuda,PPIL4:K562
ZNF622,K562,chr5:112754908:T:G,1,1,-1.4670958518981934,modal,cuda,PPIL4:K562
ZNF622,K562,chr5:112754921:A:T,1,1,5.23035192489624,modal,cuda,PPIL4:K562
ZNF622,K562,chr5:112754924:C:T,1,1,4.960090637207031,modal,cuda,PPIL4:K562
ZNF622,K562,chr5:112754945:G:T,1,1,5.952457427978516,modal,cuda,PPIL4:K562
ZNF622,K562,chr5:112754952:C:A,1,1,1.800635814666748,modal,cuda,PPIL4:K562
ZNF622,K562,chr5:112754952:C:G,1,1,1.7964401245117188,modal,cuda,PPIL4:K562
ZNF622,K562,chr5:112754953:A:G,0,1,0.5310878753662109,modal,cuda,PPIL4:K562
ZNF622,K562,chr5:112754983:C:T,0,1,0.33221936225891113,modal,cuda,PPIL4:K562
ZNF622,K562,chr5:112755007:T:G,0,1,-4.655317783355713,modal,cuda,PPIL4:K562
ZNF622,K562,chr5:112766331:A:T,0,1,-0.8514689207077026,modal,cuda,PPIL4:K562
ZNF622,K562,chr5:112766335:A:T,1,1,2.736144781112671,modal,cuda,PPIL4:K562
ZNF622,K562,chr5:112766338:C:T,1,1,3.420423984527588,modal,cuda,PPIL4:K562
ZNF622,K562,chr5:112766344:C:T,1,1,2.409766435623169,modal,cuda,PPIL4:K562
ZNF622,K562,chr5:112766367:T:A,0,1,0.3765840530395508,modal,cuda,PPIL4:K562
ZNF622,K562,chr5:112766376:T:C,0,1,-0.2197422981262207,modal,cuda,PPIL4:K562
ZNF622,K562,chr5:112766380:G:T,1,1,2.426244020462036,modal,cuda,PPIL4:K562
ZNF622,K562,chr5:112766383:C:T,1,1,3.7072830200195312,modal,cuda,PPIL4:K562
ZNF622,K562,chr5:112766393:T:A,1,1,-1.9606618881225586,modal,cuda,PPIL4:K562
ZNF622,K562,chr5:112766393:T:G,1,1,-2.068885564804077,modal,cuda,PPIL4:K562
ZNF622,K562,chr5:112766396:T:A,1,1,-1.265179991722107,modal,cuda,PPIL4:K562
ZNF622,K562,chr5:112775629:G:T,1,1,-1.0423052310943604,modal,cuda,PPIL4:K562
ZNF622,K562,chr5:112775631:C:A,1,1,-1.5230979919433594,modal,cuda,PPIL4:K562
ZNF622,K562,chr5:112775654:A:T,1,1,-4.2080817222595215,modal,cuda,PPIL4:K562
ZNF622,K562,chr5:112775659:A:G,0,1,0.43558502197265625,modal,cuda,PPIL4:K562
ZNF622,K562,chr5:112775663:A:T,1,1,3.7479045391082764,modal,cuda,PPIL4:K562
ZNF622,K562,chr5:112775676:G:A,1,1,-2.386403799057007,modal,cuda,PPIL4:K562
ZNF622,K562,chr5:112775677:G:A,1,1,-1.5552312135696411,modal,cuda,PPIL4:K562
ZNF622,K562,chr5:112775680:T:A,1,1,2.466444969177246,modal,cuda,PPIL4:K562
ZNF622,K562,chr5:112775680:T:G,1,1,-2.856621503829956,modal,cuda,PPIL4:K562
ZNF622,K562,chr5:112775683:C:A,1,1,-2.343292713165283,modal,cuda,PPIL4:K562
ZNF622,K562,chr5:112775683:C:G,1,1,1.924783706665039,modal,cuda,PPIL4:K562
ZNF622,K562,chr5:112775687:C:T,1,1,3.671052932739258,modal,cuda,PPIL4:K562
ZNF622,K562,chr5:112775693:C:T,1,1,3.875265598297119,modal,cuda,PPIL4:K562
ZNF622,K562,chr5:112775705:A:T,1,1,3.0817222595214844,modal,cuda,PPIL4:K562
ZNF622,K562,chr5:112775727:T:G,1,1,3.8793835639953613,modal,cuda,PPIL4:K562
ZNF622,K562,chr5:112775731:T:C,0,1,1.2105047702789307,modal,cuda,PPIL4:K562
ZNF622,K562,chr5:112775732:G:T,1,1,5.775381088256836,modal,cuda,PPIL4:K562
ZNF622,K562,chr5:112839284:G:A,0,1,1.268989086151123,modal,cuda,PPIL4:K562
ZNF622,K562,chr5:112839287:C:A,0,1,-3.095848321914673,modal,cuda,PPIL4:K562
ZNF622,K562,chr5:112839320:G:A,0,1,2.259232997894287,modal,cuda,PPIL4:K562
ZNF622,K562,chr5:113553178:C:T,0,1,0.33741188049316406,modal,cuda,PPIL4:K562
ZNF622,K562,chr5:119475699:A:G,0,1,0.7609559297561646,modal,cuda,PPIL4:K562
ZNF622,K562,chr5:119478848:C:A,1,1,2.4074583053588867,modal,cuda,PPIL4:K562
ZNF622,K562,chr5:119478931:C:T,1,1,2.9647603034973145,modal,cuda,PPIL4:K562
ZNF622,K562,chr5:119489251:G:T,1,1,-3.5059523582458496,modal,cuda,PPIL4:K562
ZNF622,K562,chr5:119489276:T:A,1,1,3.027345657348633,modal,cuda,PPIL4:K562
ZNF622,K562,chr5:132587701:G:A,0,1,-0.3144841194152832,modal,cuda,PPIL4:K562
ZNF622,K562,chr5:132616000:T:C,0,1,3.0946550369262695,modal,cuda,PPIL4:K562
ZNF622,K562,chr5:132892418:C:T,0,1,2.804018974304199,modal,cuda,PPIL4:K562
ZNF622,K562,chr5:132898403:T:C,0,1,-0.45965147018432617,modal,cuda,PPIL4:K562
ZNF622,K562,chr5:132904417:A:T,0,1,-2.169558048248291,modal,cuda,PPIL4:K562
ZNF622,K562,chr5:140662219:C:T,0,1,-1.7489945888519287,modal,cuda,PPIL4:K562
ZNF622,K562,chr5:146144713:A:C,0,1,1.2556571960449219,modal,cuda,PPIL4:K562
ZNF622,K562,chr5:146149607:T:C,0,1,0.5967826843261719,modal,cuda,PPIL4:K562
ZNF622,K562,chr5:146172783:C:A,0,1,-5.258453845977783,modal,cuda,PPIL4:K562
ZNF622,K562,chr5:146182580:G:A,0,1,-2.790919065475464,modal,cuda,PPIL4:K562
ZNF622,K562,chr5:169671117:A:G,0,1,3.8576536178588867,modal,cuda,PPIL4:K562
ZNF622,K562,chr5:169747480:A:G,0,1,1.9468989372253418,modal,cuda,PPIL4:K562
ZNF622,K562,chr5:175492180:A:G,0,1,-0.635401725769043,modal,cuda,PPIL4:K562
ZNF622,K562,chr5:175492244:G:A,0,1,1.1006709337234497,modal,cuda,PPIL4:K562
ZNF622,K562,chr5:177513085:G:C,1,1,-1.050917148590088,modal,cuda,PPIL4:K562
ZNF622,K562,chr5:177516003:C:T,0,1,1.285226583480835,modal,cuda,PPIL4:K562
ZNF622,K562,chr5:177516101:T:G,0,1,-0.7243008613586426,modal,cuda,PPIL4:K562
ZNF622,K562,chr5:177516122:G:A,1,1,-2.51821231842041,modal,cuda,PPIL4:K562
ZNF622,K562,chr5:177516167:G:A,1,1,-2.3949508666992188,modal,cuda,PPIL4:K562
ZNF622,K562,chr5:177516188:T:A,1,1,-2.1354990005493164,modal,cuda,PPIL4:K562
ZNF622,K562,chr5:177516312:G:A,1,1,-4.029281139373779,modal,cuda,PPIL4:K562
ZNF622,K562,chr5:177516342:G:A,1,1,0.9027366638183594,modal,cuda,PPIL4:K562
ZNF622,K562,chr5:177516396:G:A,1,1,-1.9978313446044922,modal,cuda,PPIL4:K562
ZNF622,K562,chr5:177516451:A:C,0,1,1.512186050415039,modal,cuda,PPIL4:K562
ZNF622,K562,chr5:179618141:G:A,0,1,0.509732723236084,modal,cuda,PPIL4:K562
ZNF622,K562,chr5:32395185:T:C,0,1,-1.1562464237213135,modal,cuda,PPIL4:K562
ZNF622,K562,chr5:32400161:A:G,0,1,0.9714617729187012,modal,cuda,PPIL4:K562
ZNF622,K562,chr5:33453311:G:A,0,1,0.8065047264099121,modal,cuda,PPIL4:K562
ZNF622,K562,chr5:33461250:G:A,0,1,2.3322527408599854,modal,cuda,PPIL4:K562
ZNF622,K562,chr5:34937646:G:A,0,1,1.2729973793029785,modal,cuda,PPIL4:K562
ZNF622,K562,chr5:36955641:A:G,1,1,0.32704687118530273,modal,cuda,PPIL4:K562
ZNF622,K562,chr5:36955642:G:A,1,1,4.240163326263428,modal,cuda,PPIL4:K562
ZNF622,K562,chr5:37048695:T:C,0,1,3.5765774250030518,modal,cuda,PPIL4:K562
ZNF622,K562,chr5:41842686:G:A,0,1,1.0193768739700317,modal,cuda,PPIL4:K562
ZNF622,K562,chr5:41842690:C:T,1,1,0.5662076473236084,modal,cuda,PPIL4:K562
ZNF622,K562,chr5:41842697:G:A,1,1,-3.788240671157837,modal,cuda,PPIL4:K562
ZNF622,K562,chr5:41850114:C:A,0,1,2.2661044597625732,modal,cuda,PPIL4:K562
ZNF622,K562,chr5:64769116:G:A,0,1,0.8966958522796631,modal,cuda,PPIL4:K562
ZNF622,K562,chr5:64800228:A:C,0,1,2.1793265342712402,modal,cuda,PPIL4:K562
ZNF622,K562,chr5:64800242:T:C,0,1,-3.256312608718872,modal,cuda,PPIL4:K562
ZNF622,K562,chr5:6620080:G:T,0,1,1.511326789855957,modal,cuda,PPIL4:K562
ZNF622,K562,chr5:6632762:G:A,0,1,-0.26736530661582947,modal,cuda,PPIL4:K562
ZNF622,K562,chr5:6632929:C:T,0,1,-0.42269399762153625,modal,cuda,PPIL4:K562
ZNF622,K562,chr5:71501672:G:C,0,1,1.6462345123291016,modal,cuda,PPIL4:K562
ZNF622,K562,chr5:78175767:G:A,0,1,0.9894232749938965,modal,cuda,PPIL4:K562
ZNF622,K562,chr5:78228133:C:T,0,1,-1.0442997217178345,modal,cuda,PPIL4:K562
ZNF622,K562,chr5:7878009:C:G,1,1,4.797415733337402,modal,cuda,PPIL4:K562
ZNF622,K562,chr5:7878079:T:C,0,1,-3.4373703002929688,modal,cuda,PPIL4:K562
ZNF622,K562,chr5:87338008:G:T,1,1,2.4332077503204346,modal,cuda,PPIL4:K562
ZNF622,K562,chr5:87338031:G:A,1,1,6.843288421630859,modal,cuda,PPIL4:K562
ZNF622,K562,chr5:90653846:G:A,1,1,0.9320545196533203,modal,cuda,PPIL4:K562
ZNF622,K562,chr5:90653891:C:T,0,1,-2.5588254928588867,modal,cuda,PPIL4:K562
ZNF622,K562,chr5:90675374:G:T,1,1,-2.8083534240722656,modal,cuda,PPIL4:K562
ZNF622,K562,chr5:90757159:C:T,1,1,3.3127386569976807,modal,cuda,PPIL4:K562
ZNF622,K562,chr5:90763379:A:G,0,1,-0.6670222282409668,modal,cuda,PPIL4:K562
ZNF622,K562,chr5:90763406:G:A,1,1,2.7949047088623047,modal,cuda,PPIL4:K562
ZNF622,K562,chr5:90774261:C:T,1,1,9.17088508605957,modal,cuda,PPIL4:K562
ZNF622,K562,chr5:90778942:G:A,0,1,2.070690393447876,modal,cuda,PPIL4:K562
ZNF622,K562,chr5:90778997:G:T,1,1,6.442421913146973,modal,cuda,PPIL4:K562
ZNF622,K562,chr5:96722706:G:A,0,1,-0.8218283653259277,modal,cuda,PPIL4:K562
ZNF622,K562,chr5:96750599:G:A,0,1,-1.602797508239746,modal,cuda,PPIL4:K562
ZNF622,K562,chr5:96750630:G:C,0,1,-4.1804327964782715,modal,cuda,PPIL4:K562
ZNF622,K562,chr5:96757518:G:A,0,1,1.1649177074432373,modal,cuda,PPIL4:K562
ZNF622,K562,chr5:96757668:T:C,0,1,-0.9171278476715088,modal,cuda,PPIL4:K562
ZNF622,K562,chr6:107893465:G:A,0,3,-0.11630316078662872,modal,cuda,PPIL4:K562
ZNF622,K562,chr6:107912781:T:C,0,3,0.5470294952392578,modal,cuda,PPIL4:K562
ZNF622,K562,chr6:107912792:T:C,0,3,0.24075883626937866,modal,cuda,PPIL4:K562
ZNF622,K562,chr6:135192546:T:C,0,3,0.46679508686065674,modal,cuda,PPIL4:K562
ZNF622,K562,chr6:135195921:C:T,0,3,0.17036747932434082,modal,cuda,PPIL4:K562
ZNF622,K562,chr6:136269502:A:C,0,3,-1.1483536958694458,modal,cuda,PPIL4:K562
ZNF622,K562,chr6:136269560:C:T,0,3,-0.14912539720535278,modal,cuda,PPIL4:K562
ZNF622,K562,chr6:143857408:A:G,1,3,0.9411066174507141,modal,cuda,PPIL4:K562
ZNF622,K562,chr6:149370046:C:T,1,3,-1.3765132427215576,modal,cuda,PPIL4:K562
ZNF622,K562,chr6:15627391:G:A,1,3,-0.5060782432556152,modal,cuda,PPIL4:K562
ZNF622,K562,chr6:15627493:G:A,0,3,0.9632032513618469,modal,cuda,PPIL4:K562
ZNF622,K562,chr6:15637789:C:T,1,3,-0.6596982479095459,modal,cuda,PPIL4:K562
ZNF622,K562,chr6:15662887:T:C,0,3,0.3161078691482544,modal,cuda,PPIL4:K562
ZNF622,K562,chr6:157198793:T:A,0,3,-0.8038882613182068,modal,cuda,PPIL4:K562
ZNF622,K562,chr6:157198804:A:G,0,3,-0.14008235931396484,modal,cuda,PPIL4:K562
ZNF622,K562,chr6:158770756:C:T,0,3,-0.1314905285835266,modal,cuda,PPIL4:K562
ZNF622,K562,chr6:163415344:C:T,0,3,-0.14440596103668213,modal,cuda,PPIL4:K562
ZNF622,K562,chr6:24777238:A:G,0,3,0.6350846290588379,modal,cuda,PPIL4:K562
ZNF622,K562,chr6:24781633:T:C,0,3,0.3376580476760864,modal,cuda,PPIL4:K562
ZNF622,K562,chr6:24784433:A:T,0,3,0.6823034882545471,modal,cuda,PPIL4:K562
ZNF622,K562,chr6:30608824:T:C,0,3,0.4294140934944153,modal,cuda,PPIL4:K562
ZNF622,K562,chr6:31687869:G:A,1,3,1.1801960468292236,modal,cuda,PPIL4:K562
ZNF622,K562,chr6:31740551:C:T,0,3,-0.23848295211791992,modal,cuda,PPIL4:K562
ZNF622,K562,chr6:31742911:G:A,0,3,-0.1726444959640503,modal,cuda,PPIL4:K562
ZNF622,K562,chr6:31759476:G:T,1,3,-0.35348787903785706,modal,cuda,PPIL4:K562
ZNF622,K562,chr6:31761582:A:G,0,3,-1.1348834037780762,modal,cuda,PPIL4:K562
ZNF622,K562,chr6:31762148:C:T,0,3,0.4395127296447754,modal,cuda,PPIL4:K562
ZNF622,K562,chr6:31896633:C:T,0,3,-0.14251708984375,modal,cuda,PPIL4:K562
ZNF622,K562,chr6:33438924:G:A,1,3,1.352893352508545,modal,cuda,PPIL4:K562
ZNF622,K562,chr6:33440713:C:T,0,3,-0.07921957969665527,modal,cuda,PPIL4:K562
ZNF622,K562,chr6:33440726:C:G,1,3,-0.6825710535049438,modal,cuda,PPIL4:K562
ZNF622,K562,chr6:38761806:T:G,0,3,-0.4781114459037781,modal,cuda,PPIL4:K562
ZNF622,K562,chr6:38805477:A:G,0,3,0.11647075414657593,modal,cuda,PPIL4:K562
ZNF622,K562,chr6:4031721:A:G,0,3,0.23088115453720093,modal,cuda,PPIL4:K562
ZNF622,K562,chr6:4052813:A:G,0,3,-0.9618942737579346,modal,cuda,PPIL4:K562
ZNF622,K562,chr6:43626216:G:C,0,3,0.5522241592407227,modal,cuda,PPIL4:K562
ZNF622,K562,chr6:43770931:G:A,0,3,-0.5438981652259827,modal,cuda,PPIL4:K562
ZNF622,K562,chr6:44406319:A:G,0,3,-0.3854825496673584,modal,cuda,PPIL4:K562
ZNF622,K562,chr6:47554621:G:A,0,3,-0.3095916509628296,modal,cuda,PPIL4:K562
ZNF622,K562,chr6:47609328:G:A,0,3,0.1671624779701233,modal,cuda,PPIL4:K562
ZNF622,K562,chr6:47624247:C:G,0,3,-0.6517093181610107,modal,cuda,PPIL4:K562
ZNF622,K562,chr6:63684419:G:A,0,3,0.11340808868408203,modal,cuda,PPIL4:K562
ZNF622,K562,chr6:75678807:A:T,0,3,-0.29744023084640503,modal,cuda,PPIL4:K562
ZNF622,K562,chr6:75892557:C:T,1,3,-1.245681643486023,modal,cuda,PPIL4:K562
ZNF622,K562,chr6:78963079:G:A,0,3,-0.6569421887397766,modal,cuda,PPIL4:K562
ZNF622,K562,chr6:78997395:A:C,0,3,0.3173756003379822,modal,cuda,PPIL4:K562
ZNF622,K562,chr6:78997408:C:T,0,3,1.3301007747650146,modal,cuda,PPIL4:K562
ZNF622,K562,chr6:79016535:A:T,0,3,-1.8233150243759155,modal,cuda,PPIL4:K562
ZNF622,K562,chr6:84760371:G:A,0,3,-0.2163982391357422,modal,cuda,PPIL4:K562
ZNF622,K562,chr6:84760382:G:C,0,3,0.48377013206481934,modal,cuda,PPIL4:K562
ZNF622,K562,chr7:100628319:G:T,0,2,0.8769615888595581,modal,cuda,PPIL4:K562
ZNF622,K562,chr7:100683384:G:A,1,2,-0.6822845935821533,modal,cuda,PPIL4:K562
ZNF622,K562,chr7:100686291:T:C,0,2,0.15246450901031494,modal,cuda,PPIL4:K562
ZNF622,K562,chr7:100687818:C:G,0,2,-0.40282416343688965,modal,cuda,PPIL4:K562
ZNF622,K562,chr7:101916233:G:A,0,2,0.29004669189453125,modal,cuda,PPIL4:K562
ZNF622,K562,chr7:102097441:C:T,1,2,1.1007304191589355,modal,cuda,PPIL4:K562
ZNF622,K562,chr7:102111780:A:G,0,2,-0.7961176633834839,modal,cuda,PPIL4:K562
ZNF622,K562,chr7:102197098:C:T,1,2,0.7309317588806152,modal,cuda,PPIL4:K562
ZNF622,K562,chr7:102234174:C:T,1,2,1.4226855039596558,modal,cuda,PPIL4:K562
ZNF622,K562,chr7:102234181:G:A,1,2,0.8406781554222107,modal,cuda,PPIL4:K562
ZNF622,K562,chr7:105073612:A:G,0,2,-0.1199958324432373,modal,cuda,PPIL4:K562
ZNF622,K562,chr7:105073615:G:A,0,2,-1.31340491771698,modal,cuda,PPIL4:K562
ZNF622,K562,chr7:105076959:T:G,0,2,1.246457815170288,modal,cuda,PPIL4:K562
ZNF622,K562,chr7:105077438:A:G,0,2,-0.408860445022583,modal,cuda,PPIL4:K562
ZNF622,K562,chr7:105090278:T:C,0,2,0.4782702922821045,modal,cuda,PPIL4:K562
ZNF622,K562,chr7:105536641:T:G,1,2,3.1520538330078125,modal,cuda,PPIL4:K562
ZNF622,K562,chr7:105542548:G:A,0,2,0.37140804529190063,modal,cuda,PPIL4:K562
ZNF622,K562,chr7:105542599:C:T,0,2,-0.43734318017959595,modal,cuda,PPIL4:K562
ZNF622,K562,chr7:105546937:C:T,0,2,-0.9780205488204956,modal,cuda,PPIL4:K562
ZNF622,K562,chr7:107362044:C:A,1,2,2.3614470958709717,modal,cuda,PPIL4:K562
ZNF622,K562,chr7:107362059:T:C,0,2,-0.20824694633483887,modal,cuda,PPIL4:K562
ZNF622,K562,chr7:107527288:G:A,1,2,1.3116096258163452,modal,cuda,PPIL4:K562
ZNF622,K562,chr7:107548274:G:T,0,2,1.9232131242752075,modal,cuda,PPIL4:K562
ZNF622,K562,chr7:107548350:T:C,0,2,-0.29954415559768677,modal,cuda,PPIL4:K562
ZNF622,K562,chr7:107554320:A:T,1,2,2.0665388107299805,modal,cuda,PPIL4:K562
ZNF622,K562,chr7:107902375:T:C,0,2,0.23172354698181152,modal,cuda,PPIL4:K562
ZNF622,K562,chr7:112456015:T:A,0,2,0.613803505897522,modal,cuda,PPIL4:K562
ZNF622,K562,chr7:112456018:T:C,0,2,0.3402950167655945,modal,cuda,PPIL4:K562
ZNF622,K562,chr7:128806733:G:A,0,2,-0.27921736240386963,modal,cuda,PPIL4:K562
ZNF622,K562,chr7:140777971:A:G,0,2,0.7096875905990601,modal,cuda,PPIL4:K562
ZNF622,K562,chr7:140781711:A:C,0,2,0.8026652336120605,modal,cuda,PPIL4:K562
ZNF622,K562,chr7:1435155:G:A,0,2,0.3408026695251465,modal,cuda,PPIL4:K562
ZNF622,K562,chr7:148817868:G:T,0,2,0.5143633484840393,modal,cuda,PPIL4:K562
ZNF622,K562,chr7:148827145:C:G,0,2,1.195297122001648,modal,cuda,PPIL4:K562
ZNF622,K562,chr7:148846483:C:T,0,2,0.7787597179412842,modal,cuda,PPIL4:K562
ZNF622,K562,chr7:148846484:G:A,0,2,0.8040957450866699,modal,cuda,PPIL4:K562
ZNF622,K562,chr7:152146594:C:T,1,2,0.9041194915771484,modal,cuda,PPIL4:K562
ZNF622,K562,chr7:152162101:T:C,0,2,-0.3171325922012329,modal,cuda,PPIL4:K562
ZNF622,K562,chr7:152249866:T:A,0,2,0.1705336570739746,modal,cuda,PPIL4:K562
ZNF622,K562,chr7:152309960:A:G,0,2,0.46277356147766113,modal,cuda,PPIL4:K562
ZNF622,K562,chr7:152309963:T:C,0,2,-0.2206130027770996,modal,cuda,PPIL4:K562
ZNF622,K562,chr7:157366482:A:G,0,2,0.5205906629562378,modal,cuda,PPIL4:K562
ZNF622,K562,chr7:158856682:A:G,0,2,0.2725374102592468,modal,cuda,PPIL4:K562
ZNF622,K562,chr7:158876680:C:T,1,2,-0.29659682512283325,modal,cuda,PPIL4:K562
ZNF622,K562,chr7:158879714:C:G,0,2,-0.08666729927062988,modal,cuda,PPIL4:K562
ZNF622,K562,chr7:158879785:C:G,0,2,0.42458248138427734,modal,cuda,PPIL4:K562
ZNF622,K562,chr7:158879928:A:G,0,2,0.18583738803863525,modal,cuda,PPIL4:K562
ZNF622,K562,chr7:158901839:T:C,0,2,-0.417988657951355,modal,cuda,PPIL4:K562
ZNF622,K562,chr7:158913110:C:G,0,2,-0.5812536478042603,modal,cuda,PPIL4:K562
ZNF622,K562,chr7:158914326:A:G,0,2,0.31770816445350647,modal,cuda,PPIL4:K562
ZNF622,K562,chr7:158914340:T:C,0,2,-0.9593702554702759,modal,cuda,PPIL4:K562
ZNF622,K562,chr7:26193569:T:C,0,2,-0.7849711775779724,modal,cuda,PPIL4:K562
ZNF622,K562,chr7:26195828:A:G,0,2,0.27558839321136475,modal,cuda,PPIL4:K562
ZNF622,K562,chr7:26195916:G:C,0,2,-0.23585295677185059,modal,cuda,PPIL4:K562
ZNF622,K562,chr7:26195928:A:G,0,2,0.25350791215896606,modal,cuda,PPIL4:K562
ZNF622,K562,chr7:26196383:G:A,0,2,0.18366271257400513,modal,cuda,PPIL4:K562
ZNF622,K562,chr7:26197609:G:A,0,2,0.3348662853240967,modal,cuda,PPIL4:K562
ZNF622,K562,chr7:26197618:A:G,0,2,-0.8986661434173584,modal,cuda,PPIL4:K562
ZNF622,K562,chr7:33035961:A:G,0,2,-0.3079972267150879,modal,cuda,PPIL4:K562
ZNF622,K562,chr7:36422616:T:C,0,2,-0.20622587203979492,modal,cuda,PPIL4:K562
ZNF622,K562,chr7:38795435:C:T,0,2,-0.6288983821868896,modal,cuda,PPIL4:K562
ZNF622,K562,chr7:38869276:T:C,0,2,-0.28659558296203613,modal,cuda,PPIL4:K562
ZNF622,K562,chr7:50391877:G:A,0,2,0.17295992374420166,modal,cuda,PPIL4:K562
ZNF622,K562,chr7:6037542:T:A,0,2,-0.36514556407928467,modal,cuda,PPIL4:K562
ZNF622,K562,chr7:8158650:T:C,0,2,-1.3142616748809814,modal,cuda,PPIL4:K562
ZNF622,K562,chr7:843451:G:A,0,2,-0.12370818853378296,modal,cuda,PPIL4:K562
ZNF622,K562,chr7:843468:C:T,0,2,-0.5250258445739746,modal,cuda,PPIL4:K562
ZNF622,K562,chr7:92044988:G:A,0,2,0.9066480994224548,modal,cuda,PPIL4:K562
ZNF622,K562,chr7:92045220:G:C,0,2,0.08881336450576782,modal,cuda,PPIL4:K562
ZNF622,K562,chr8:105419294:G:A,0,0,0.7616595029830933,modal,cuda,PPIL4:K562
ZNF622,K562,chr8:105444272:T:G,0,0,0.38667136430740356,modal,cuda,PPIL4:K562
ZNF622,K562,chr8:105444338:A:G,0,0,0.31661051511764526,modal,cuda,PPIL4:K562
ZNF622,K562,chr8:105444372:G:A,0,0,-0.26913726329803467,modal,cuda,PPIL4:K562
ZNF622,K562,chr8:105561410:C:T,1,0,1.5390315055847168,modal,cuda,PPIL4:K562
ZNF622,K562,chr8:105634241:T:C,0,0,0.3719761371612549,modal,cuda,PPIL4:K562
ZNF622,K562,chr8:131986197:A:G,0,0,0.2741236686706543,modal,cuda,PPIL4:K562
ZNF622,K562,chr8:132804667:A:G,0,0,-0.37719428539276123,modal,cuda,PPIL4:K562
ZNF622,K562,chr8:143334803:G:C,0,0,0.3983445167541504,modal,cuda,PPIL4:K562
ZNF622,K562,chr8:144443098:C:T,0,0,-0.7271690368652344,modal,cuda,PPIL4:K562
ZNF622,K562,chr8:144517085:G:A,1,0,-0.9798729419708252,modal,cuda,PPIL4:K562
ZNF622,K562,chr8:17957605:G:A,0,0,0.1339864730834961,modal,cuda,PPIL4:K562
ZNF622,K562,chr8:17960417:A:G,0,0,-0.05888628959655762,modal,cuda,PPIL4:K562
ZNF622,K562,chr8:17964628:C:T,0,0,-0.2144542932510376,modal,cuda,PPIL4:K562
ZNF622,K562,chr8:18011284:G:C,0,0,0.6476058959960938,modal,cuda,PPIL4:K562
ZNF622,K562,chr8:18011290:T:C,0,0,0.3326559066772461,modal,cuda,PPIL4:K562
ZNF622,K562,chr8:1876749:C:T,0,0,0.31281280517578125,modal,cuda,PPIL4:K562
ZNF622,K562,chr8:20210652:T:G,0,0,0.4996746778488159,modal,cuda,PPIL4:K562
ZNF622,K562,chr8:20211172:A:G,0,0,-0.5822833776473999,modal,cuda,PPIL4:K562
ZNF622,K562,chr8:26291742:C:G,0,0,0.5677549839019775,modal,cuda,PPIL4:K562
ZNF622,K562,chr8:30612288:A:C,0,0,0.8183908462524414,modal,cuda,PPIL4:K562
ZNF622,K562,chr8:30612294:A:G,0,0,0.3768364191055298,modal,cuda,PPIL4:K562
ZNF622,K562,chr8:31033887:C:G,0,0,-0.21112871170043945,modal,cuda,PPIL4:K562
ZNF622,K562,chr8:31088887:C:A,0,0,-1.1238064765930176,modal,cuda,PPIL4:K562
ZNF622,K562,chr8:37753541:G:A,0,0,0.23761111497879028,modal,cuda,PPIL4:K562
ZNF622,K562,chr8:38997141:C:A,0,0,2.098688840866089,modal,cuda,PPIL4:K562
ZNF622,K562,chr8:39017298:C:T,1,0,2.4340271949768066,modal,cuda,PPIL4:K562
ZNF622,K562,chr8:39018885:T:G,1,0,-0.5728247761726379,modal,cuda,PPIL4:K562
ZNF622,K562,chr8:41974831:A:T,0,0,-1.1328786611557007,modal,cuda,PPIL4:K562
ZNF622,K562,chr8:42308940:G:A,1,0,0.07976746559143066,modal,cuda,PPIL4:K562
ZNF622,K562,chr8:42318584:C:T,1,0,0.599479079246521,modal,cuda,PPIL4:K562
ZNF622,K562,chr8:42319334:C:T,1,0,-1.193647861480713,modal,cuda,PPIL4:K562
ZNF622,K562,chr8:42319372:C:T,0,0,-0.3130221366882324,modal,cuda,PPIL4:K562
ZNF622,K562,chr8:60800447:G:T,0,0,0.8409485816955566,modal,cuda,PPIL4:K562
ZNF622,K562,chr8:60800520:C:T,1,0,-0.9397975206375122,modal,cuda,PPIL4:K562
ZNF622,K562,chr8:60800523:C:T,1,0,1.4990109205245972,modal,cuda,PPIL4:K562
ZNF622,K562,chr8:60821905:G:A,0,0,0.8066492676734924,modal,cuda,PPIL4:K562
ZNF622,K562,chr8:60821907:G:T,1,0,-1.0616724491119385,modal,cuda,PPIL4:K562
ZNF622,K562,chr8:60821928:G:T,1,0,-0.7197227478027344,modal,cuda,PPIL4:K562
ZNF622,K562,chr8:61714445:A:G,0,0,0.592860996723175,modal,cuda,PPIL4:K562
ZNF622,K562,chr8:61714548:C:G,0,0,0.9409949779510498,modal,cuda,PPIL4:K562
ZNF622,K562,chr8:67086036:G:T,1,0,-1.563206434249878,modal,cuda,PPIL4:K562
ZNF622,K562,chr8:67086101:T:A,1,0,-1.3143194913864136,modal,cuda,PPIL4:K562
ZNF622,K562,chr8:89970575:C:T,0,0,-0.4666926860809326,modal,cuda,PPIL4:K562
ZNF622,K562,chr8:91070403:G:T,1,0,-1.4943852424621582,modal,cuda,PPIL4:K562
ZNF622,K562,chr8:91071196:A:G,0,0,0.24068069458007812,modal,cuda,PPIL4:K562
ZNF622,K562,chr8:91078345:G:C,0,0,-0.30702877044677734,modal,cuda,PPIL4:K562
ZNF622,K562,chr8:96231837:C:T,0,0,-0.4598982334136963,modal,cuda,PPIL4:K562
ZNF622,K562,chr8:96785338:T:C,0,0,0.577241837978363,modal,cuda,PPIL4:K562
ZNF622,K562,chr8:99013930:G:T,1,0,-0.8917210698127747,modal,cuda,PPIL4:K562
ZNF622,K562,chr8:99013933:C:T,1,0,-1.0850342512130737,modal,cuda,PPIL4:K562
ZNF622,K562,chr8:99103087:G:T,1,0,1.0509815216064453,modal,cuda,PPIL4:K562
ZNF622,K562,chr8:99121282:G:A,1,0,-1.5312108993530273,modal,cuda,PPIL4:K562
ZNF622,K562,chr8:99121389:A:T,1,0,-2.4403159618377686,modal,cuda,PPIL4:K562
ZNF622,K562,chr9:108926548:C:T,0,4,0.4803119897842407,modal,cuda,PPIL4:K562
ZNF622,K562,chr9:113390786:G:A,0,4,0.5246249437332153,modal,cuda,PPIL4:K562
ZNF622,K562,chr9:114377474:G:A,0,4,-0.9165686368942261,modal,cuda,PPIL4:K562
ZNF622,K562,chr9:120518459:G:A,1,4,-0.5809921026229858,modal,cuda,PPIL4:K562
ZNF622,K562,chr9:120518631:A:C,1,4,-3.697507381439209,modal,cuda,PPIL4:K562
ZNF622,K562,chr9:120527932:T:C,0,4,0.5806857943534851,modal,cuda,PPIL4:K562
ZNF622,K562,chr9:120530076:C:A,1,4,4.331146240234375,modal,cuda,PPIL4:K562
ZNF622,K562,chr9:120530103:C:A,1,4,2.440645933151245,modal,cuda,PPIL4:K562
ZNF622,K562,chr9:120545742:C:A,1,4,0.7808040380477905,modal,cuda,PPIL4:K562
ZNF622,K562,chr9:120545794:C:T,0,4,-0.07361912727355957,modal,cuda,PPIL4:K562
ZNF622,K562,chr9:120571998:G:C,0,4,1.1540381908416748,modal,cuda,PPIL4:K562
ZNF622,K562,chr9:120579981:C:A,0,4,-2.048046112060547,modal,cuda,PPIL4:K562
ZNF622,K562,chr9:120579997:A:G,0,4,0.09073317050933838,modal,cuda,PPIL4:K562
ZNF622,K562,chr9:125305140:G:A,0,4,-0.5276434421539307,modal,cuda,PPIL4:K562
ZNF622,K562,chr9:125341197:C:T,0,4,0.5823280811309814,modal,cuda,PPIL4:K562
ZNF622,K562,chr9:127653801:G:A,1,4,0.5807051658630371,modal,cuda,PPIL4:K562
ZNF622,K562,chr9:127672048:C:T,0,4,-0.38880062103271484,modal,cuda,PPIL4:K562
ZNF622,K562,chr9:127672123:C:T,0,4,-0.28876227140426636,modal,cuda,PPIL4:K562
ZNF622,K562,chr9:128176337:G:A,0,4,0.4887644052505493,modal,cuda,PPIL4:K562
ZNF622,K562,chr9:128177787:C:T,0,4,1.306821346282959,modal,cuda,PPIL4:K562
ZNF622,K562,chr9:128178351:A:G,0,4,0.20934748649597168,modal,cuda,PPIL4:K562
ZNF622,K562,chr9:128179427:C:A,0,4,0.32749176025390625,modal,cuda,PPIL4:K562
ZNF622,K562,chr9:128222864:C:T,0,4,-0.5564312934875488,modal,cuda,PPIL4:K562
ZNF622,K562,chr9:128692656:G:A,0,4,-2.491589307785034,modal,cuda,PPIL4:K562
ZNF622,K562,chr9:128693813:G:C,1,4,0.461885929107666,modal,cuda,PPIL4:K562
ZNF622,K562,chr9:129049921:C:T,0,4,-0.7300510406494141,modal,cuda,PPIL4:K562
ZNF622,K562,chr9:130703746:G:A,0,4,-0.967970609664917,modal,cuda,PPIL4:K562
ZNF622,K562,chr9:130703765:G:A,0,4,1.540541648864746,modal,cuda,PPIL4:K562
ZNF622,K562,chr9:131511459:C:A,1,4,-2.8346107006073,modal,cuda,PPIL4:K562
ZNF622,K562,chr9:132905888:C:A,1,4,2.0069196224212646,modal,cuda,PPIL4:K562
ZNF622,K562,chr9:132905930:G:A,1,4,3.1407124996185303,modal,cuda,PPIL4:K562
ZNF622,K562,chr9:137088097:T:A,1,4,-1.364418387413025,modal,cuda,PPIL4:K562
ZNF622,K562,chr9:137088099:C:T,1,4,0.8109157681465149,modal,cuda,PPIL4:K562
ZNF622,K562,chr9:137096255:C:T,1,4,-0.7295751571655273,modal,cuda,PPIL4:K562
ZNF622,K562,chr9:137096361:C:T,0,4,-0.6377307176589966,modal,cuda,PPIL4:K562
ZNF622,K562,chr9:137096401:G:A,0,4,1.7459070682525635,modal,cuda,PPIL4:K562
ZNF622,K562,chr9:137710980:G:T,0,4,1.1083602905273438,modal,cuda,PPIL4:K562
ZNF622,K562,chr9:137710987:G:A,0,4,0.8726081848144531,modal,cuda,PPIL4:K562
ZNF622,K562,chr9:137710991:C:T,1,4,-1.4449694156646729,modal,cuda,PPIL4:K562
ZNF622,K562,chr9:137711036:G:A,0,4,-1.5195845365524292,modal,cuda,PPIL4:K562
ZNF622,K562,chr9:137716599:C:G,0,4,1.254414677619934,modal,cuda,PPIL4:K562
ZNF622,K562,chr9:137716631:C:G,0,4,-1.072727918624878,modal,cuda,PPIL4:K562
ZNF622,K562,chr9:137813179:C:G,0,4,0.8644886612892151,modal,cuda,PPIL4:K562
ZNF622,K562,chr9:2104184:C:T,0,4,1.803259253501892,modal,cuda,PPIL4:K562
ZNF622,K562,chr9:2104193:C:T,0,4,1.7927029132843018,modal,cuda,PPIL4:K562
ZNF622,K562,chr9:2104194:G:A,0,4,0.5485552549362183,modal,cuda,PPIL4:K562
ZNF622,K562,chr9:32986042:A:C,0,4,-0.23505735397338867,modal,cuda,PPIL4:K562
ZNF622,K562,chr9:35684743:G:A,1,4,-0.6949882507324219,modal,cuda,PPIL4:K562
ZNF622,K562,chr9:35684765:G:C,1,4,-0.3440037965774536,modal,cuda,PPIL4:K562
ZNF622,K562,chr9:449770:C:T,0,4,0.7788269519805908,modal,cuda,PPIL4:K562
ZNF622,K562,chr9:4841222:C:T,0,4,0.823643684387207,modal,cuda,PPIL4:K562
ZNF622,K562,chr9:6849518:A:G,0,4,-0.24093902111053467,modal,cuda,PPIL4:K562
ZNF622,K562,chr9:69216482:T:C,0,4,-0.7380352020263672,modal,cuda,PPIL4:K562
ZNF622,K562,chr9:69218371:G:T,0,4,-0.5059847831726074,modal,cuda,PPIL4:K562
ZNF622,K562,chr9:73163535:A:G,0,4,-1.036674976348877,modal,cuda,PPIL4:K562
ZNF622,K562,chr9:77200003:T:C,0,4,-0.27908456325531006,modal,cuda,PPIL4:K562
ZNF622,K562,chr9:83977684:T:C,0,4,-0.5087161064147949,modal,cuda,PPIL4:K562
ZNF622,K562,chr9:85942286:G:A,0,4,0.7198620438575745,modal,cuda,PPIL4:K562
ZNF622,K562,chr9:87640793:C:G,0,4,1.187117338180542,modal,cuda,PPIL4:K562
ZNF622,K562,chr9:89325602:C:T,1,4,3.8690223693847656,modal,cuda,PPIL4:K562
ZNF622,K562,chr9:89325666:C:T,0,4,0.7799227237701416,modal,cuda,PPIL4:K562
ZNF622,K562,chr9:89348221:A:C,0,4,0.9128241539001465,modal,cuda,PPIL4:K562
ZNF622,K562,chr9:92080044:A:C,1,4,-0.47521114349365234,modal,cuda,PPIL4:K562
ZNF622,K562,chr9:92080045:C:T,1,4,-1.015939474105835,modal,cuda,PPIL4:K562
ZNF622,K562,chr9:92269937:G:A,1,4,-3.5099260807037354,modal,cuda,PPIL4:K562
ZNF622,K562,chr9:92729015:C:A,0,4,-0.8869152069091797,modal,cuda,PPIL4:K562
ZNF622,K562,chr9:92764485:G:T,0,4,1.07639741897583,modal,cuda,PPIL4:K562
ZNF622,K562,chr9:95880990:T:G,1,4,3.4754626750946045,modal,cuda,PPIL4:K562
ZNF622,K562,chr9:97343500:C:G,0,4,0.8133211135864258,modal,cuda,PPIL4:K562
ZNF622,K562,chr9:97675549:C:A,1,4,-2.161653995513916,modal,cuda,PPIL4:K562
ZNF622,K562,chr9:97675557:C:T,1,4,-1.3079833984375,modal,cuda,PPIL4:K562
ZNF622,K562,chr9:97675579:G:A,1,4,-1.0656912326812744,modal,cuda,PPIL4:K562
ZNF622,K562,chr9:97675584:A:T,1,4,-1.472015619277954,modal,cuda,PPIL4:K562
ZNF622,K562,chr9:97693679:G:A,1,4,2.2196030616760254,modal,cuda,PPIL4:K562
ZNF622,K562,chr9:97693694:C:A,1,4,2.847458600997925,modal,cuda,PPIL4:K562
ZNF622,K562,chr9:97697296:T:C,0,4,0.16160273551940918,modal,cuda,PPIL4:K562
ZNF622,K562,chr9:97983620:A:G,0,4,0.7939402461051941,modal,cuda,PPIL4:K562
ZNF622,K562,chr9:98849093:A:C,0,4,2.0969419479370117,modal,cuda,PPIL4:K562
ZNF622,K562,chr9:98849098:C:T,0,4,0.7919400930404663,modal,cuda,PPIL4:K562
ZNF622,K562,chr9:98849099:G:A,0,4,0.726469099521637,modal,cuda,PPIL4:K562
ZNF622,K562,chr9:98849100:T:C,0,4,-1.0128235816955566,modal,cuda,PPIL4:K562
ZNF622,K562,chr9:98849159:A:T,0,4,0.883238673210144,modal,cuda,PPIL4:K562
ZNF622,K562,chrX:101370087:G:A,0,2,0.33750951290130615,modal,cuda,PPIL4:K562
ZNF622,K562,chrX:101370099:G:T,0,2,-0.5522015690803528,modal,cuda,PPIL4:K562
ZNF622,K562,chrX:111685000:A:G,1,2,-0.3771049976348877,modal,cuda,PPIL4:K562
ZNF622,K562,chrX:111685008:C:G,0,2,-0.2498035430908203,modal,cuda,PPIL4:K562
ZNF622,K562,chrX:111718113:T:C,0,2,-2.4380404949188232,modal,cuda,PPIL4:K562
ZNF622,K562,chrX:111718210:A:C,0,2,0.27974581718444824,modal,cuda,PPIL4:K562
ZNF622,K562,chrX:111724973:A:G,0,2,-2.0373687744140625,modal,cuda,PPIL4:K562
ZNF622,K562,chrX:119852767:G:C,0,2,0.2241804599761963,modal,cuda,PPIL4:K562
ZNF622,K562,chrX:119852941:C:G,0,2,-0.17687731981277466,modal,cuda,PPIL4:K562
ZNF622,K562,chrX:119931930:G:A,0,2,0.5027251243591309,modal,cuda,PPIL4:K562
ZNF622,K562,chrX:119936448:T:A,0,2,0.3858497142791748,modal,cuda,PPIL4:K562
ZNF622,K562,chrX:123614042:T:A,0,2,0.41124558448791504,modal,cuda,PPIL4:K562
ZNF622,K562,chrX:124045161:T:C,0,2,-0.10768795013427734,modal,cuda,PPIL4:K562
ZNF622,K562,chrX:132054721:C:T,0,2,-0.16146039962768555,modal,cuda,PPIL4:K562
ZNF622,K562,chrX:147928736:T:C,0,2,0.3569828271865845,modal,cuda,PPIL4:K562
ZNF622,K562,chrX:147928802:G:A,0,2,-0.4050312042236328,modal,cuda,PPIL4:K562
ZNF622,K562,chrX:147945624:C:A,0,2,0.4341139793395996,modal,cuda,PPIL4:K562
ZNF622,K562,chrX:153672995:G:A,0,2,-0.05099719762802124,modal,cuda,PPIL4:K562
ZNF622,K562,chrX:154764985:G:T,0,2,0.7731360197067261,modal,cuda,PPIL4:K562
ZNF622,K562,chrX:154768445:G:A,0,2,-0.7430824637413025,modal,cuda,PPIL4:K562
ZNF622,K562,chrX:154770779:G:A,0,2,0.3859443962574005,modal,cuda,PPIL4:K562
ZNF622,K562,chrX:154770812:T:A,1,2,1.6314911842346191,modal,cuda,PPIL4:K562
ZNF622,K562,chrX:154770821:C:T,0,2,-0.3064315915107727,modal,cuda,PPIL4:K562
ZNF622,K562,chrX:154773152:C:T,1,2,0.4468774199485779,modal,cuda,PPIL4:K562
ZNF622,K562,chrX:154773237:T:G,0,2,-0.6254387497901917,modal,cuda,PPIL4:K562
ZNF622,K562,chrX:154774602:G:A,1,2,0.49923890829086304,modal,cuda,PPIL4:K562
ZNF622,K562,chrX:154774651:G:A,1,2,0.4964632987976074,modal,cuda,PPIL4:K562
ZNF622,K562,chrX:154774706:G:A,1,2,2.5437865257263184,modal,cuda,PPIL4:K562
ZNF622,K562,chrX:154776193:C:G,1,2,0.43964076042175293,modal,cuda,PPIL4:K562
ZNF622,K562,chrX:154776216:C:T,0,2,-0.3048652112483978,modal,cuda,PPIL4:K562
ZNF622,K562,chrX:154776279:G:A,0,2,-0.12225383520126343,modal,cuda,PPIL4:K562
ZNF622,K562,chrX:154776309:C:T,0,2,-0.14067953824996948,modal,cuda,PPIL4:K562
ZNF622,K562,chrX:154776873:G:A,0,2,0.3923163414001465,modal,cuda,PPIL4:K562
ZNF622,K562,chrX:19359031:T:G,0,2,-0.3458546996116638,modal,cuda,PPIL4:K562
ZNF622,K562,chrX:19359466:T:C,0,2,0.5362677574157715,modal,cuda,PPIL4:K562
ZNF622,K562,chrX:19359471:C:T,0,2,0.3598114848136902,modal,cuda,PPIL4:K562
ZNF622,K562,chrX:19359480:A:C,0,2,0.9354895353317261,modal,cuda,PPIL4:K562
ZNF622,K562,chrX:24714568:G:A,0,2,0.4135890007019043,modal,cuda,PPIL4:K562
ZNF622,K562,chrX:24717403:A:G,0,2,0.03548097610473633,modal,cuda,PPIL4:K562
ZNF622,K562,chrX:24717567:G:T,0,2,-0.8407473564147949,modal,cuda,PPIL4:K562
ZNF622,K562,chrX:24727827:C:T,0,2,-0.2488725185394287,modal,cuda,PPIL4:K562
ZNF622,K562,chrX:24727883:G:A,0,2,-0.2623695135116577,modal,cuda,PPIL4:K562
ZNF622,K562,chrX:24727885:G:A,0,2,0.3845217227935791,modal,cuda,PPIL4:K562
ZNF622,K562,chrX:24737683:A:G,0,2,-1.725731372833252,modal,cuda,PPIL4:K562
ZNF622,K562,chrX:24748466:T:C,0,2,0.310782790184021,modal,cuda,PPIL4:K562
ZNF622,K562,chrX:31820032:G:A,1,2,3.9963107109069824,modal,cuda,PPIL4:K562
ZNF622,K562,chrX:31820053:T:A,1,2,2.7561514377593994,modal,cuda,PPIL4:K562
ZNF622,K562,chrX:31820098:C:T,0,2,0.27934539318084717,modal,cuda,PPIL4:K562
ZNF622,K562,chrX:31836729:G:A,1,2,1.5454448461532593,modal,cuda,PPIL4:K562
ZNF622,K562,chrX:31836759:G:A,1,2,1.9027260541915894,modal,cuda,PPIL4:K562
ZNF622,K562,chrX:31836801:G:A,1,2,4.16043758392334,modal,cuda,PPIL4:K562
ZNF622,K562,chrX:41129164:C:T,0,2,-0.8767102956771851,modal,cuda,PPIL4:K562
ZNF622,K562,chrX:41337433:C:A,1,2,1.8822031021118164,modal,cuda,PPIL4:K562
ZNF622,K562,chrX:41345507:C:G,1,2,2.0575222969055176,modal,cuda,PPIL4:K562
ZNF622,K562,chrX:41346511:G:A,1,2,-0.5311281681060791,modal,cuda,PPIL4:K562
ZNF622,K562,chrX:41346518:G:A,1,2,0.5209944248199463,modal,cuda,PPIL4:K562
ZNF622,K562,chrX:41346527:T:C,1,2,-0.8015156984329224,modal,cuda,PPIL4:K562
ZNF622,K562,chrX:45063449:C:T,1,2,1.326310157775879,modal,cuda,PPIL4:K562
ZNF622,K562,chrX:45063518:C:T,1,2,1.2642089128494263,modal,cuda,PPIL4:K562
ZNF622,K562,chrX:45079213:A:G,0,2,-1.11162531375885,modal,cuda,PPIL4:K562
ZNF622,K562,chrX:45079223:C:T,1,2,3.597867488861084,modal,cuda,PPIL4:K562
ZNF622,K562,chrX:47171199:G:T,1,2,-0.3344958424568176,modal,cuda,PPIL4:K562
ZNF622,K562,chrX:48815933:C:T,0,2,-0.1994842290878296,modal,cuda,PPIL4:K562
ZNF622,K562,chrX:49077625:C:A,0,2,-0.282240092754364,modal,cuda,PPIL4:K562
ZNF622,K562,chrX:53211492:C:T,0,2,1.0206021070480347,modal,cuda,PPIL4:K562
ZNF622,K562,chrX:53211545:G:C,1,2,1.2180172204971313,modal,cuda,PPIL4:K562
ZNF622,K562,chrX:53215869:C:A,1,2,2.3659074306488037,modal,cuda,PPIL4:K562
ZNF622,K562,chrX:53215870:C:A,0,2,0.3415406346321106,modal,cuda,PPIL4:K562
ZNF622,K562,chrX:53215902:T:C,0,2,0.049112796783447266,modal,cuda,PPIL4:K562
ZNF622,K562,chrX:53215912:C:T,0,2,0.2071141004562378,modal,cuda,PPIL4:K562
ZNF622,K562,chrX:53215972:C:T,0,2,-0.7203171253204346,modal,cuda,PPIL4:K562
ZNF622,K562,chrX:53215986:A:G,0,2,0.4787213206291199,modal,cuda,PPIL4:K562
ZNF622,K562,chrX:53394760:C:T,0,2,-0.1363757848739624,modal,cuda,PPIL4:K562
ZNF622,K562,chrX:53394767:T:C,0,2,0.4036814868450165,modal,cuda,PPIL4:K562
ZNF622,K562,chrX:53396207:C:T,0,2,0.4396604299545288,modal,cuda,PPIL4:K562
ZNF622,K562,chrX:53396213:G:A,0,2,-3.0077857971191406,modal,cuda,PPIL4:K562
ZNF622,K562,chrX:53405236:G:C,0,2,0.22540640830993652,modal,cuda,PPIL4:K562
ZNF622,K562,chrX:53405674:T:C,1,2,-0.6787089109420776,modal,cuda,PPIL4:K562
ZNF622,K562,chrX:53409412:G:A,0,2,0.3766879439353943,modal,cuda,PPIL4:K562
ZNF622,K562,chrX:53413227:C:T,1,2,-0.8914300203323364,modal,cuda,PPIL4:K562
ZNF622,K562,chrX:53413445:G:A,0,2,-0.571367621421814,modal,cuda,PPIL4:K562
ZNF622,K562,chrX:53413449:A:C,0,2,-2.3081774711608887,modal,cuda,PPIL4:K562
ZNF622,K562,chrX:53422549:G:A,1,2,0.7668192386627197,modal,cuda,PPIL4:K562
ZNF622,K562,chrX:53422619:G:A,0,2,-0.041692256927490234,modal,cuda,PPIL4:K562
ZNF622,K562,chrX:53561937:T:C,0,2,0.26496756076812744,modal,cuda,PPIL4:K562
ZNF622,K562,chrX:53589826:G:A,0,2,0.10505419969558716,modal,cuda,PPIL4:K562
ZNF622,K562,chrX:65529630:G:A,0,2,-0.25005853176116943,modal,cuda,PPIL4:K562
ZNF622,K562,chrX:65529686:G:A,0,2,0.27927160263061523,modal,cuda,PPIL4:K562
ZNF622,K562,chrX:65736781:A:G,0,2,-0.12781977653503418,modal,cuda,PPIL4:K562
ZNF622,K562,chrX:65737167:T:C,0,2,0.17898526787757874,modal,cuda,PPIL4:K562
ZNF622,K562,chrX:65738631:C:T,0,2,0.3786250948905945,modal,cuda,PPIL4:K562
ZNF622,K562,chrX:65738962:C:T,0,2,0.4329833388328552,modal,cuda,PPIL4:K562
ZNF622,K562,chrX:65738967:C:T,0,2,-0.33399641513824463,modal,cuda,PPIL4:K562
ZNF622,K562,chrX:65739715:A:G,0,2,0.17419415712356567,modal,cuda,PPIL4:K562
ZNF622,K562,chrX:66197877:G:A,0,2,-0.2820916175842285,modal,cuda,PPIL4:K562
ZNF622,K562,chrX:71294213:C:T,0,2,0.30921363830566406,modal,cuda,PPIL4:K562
ZNF622,K562,chrX:71294535:G:A,0,2,0.4628719985485077,modal,cuda,PPIL4:K562
ZNF622,K562,chrX:71297065:A:C,0,2,-0.4375007152557373,modal,cuda,PPIL4:K562
ZNF622,K562,chrX:71368069:C:T,0,2,0.39997947216033936,modal,cuda,PPIL4:K562
ZNF622,K562,chrX:71368099:A:G,0,2,-0.3938037157058716,modal,cuda,PPIL4:K562
ZNF622,K562,chrX:71375250:A:G,0,2,-0.058473825454711914,modal,cuda,PPIL4:K562
ZNF622,K562,chrX:71377696:C:G,0,2,-0.37769749760627747,modal,cuda,PPIL4:K562
ZNF622,K562,chrX:71377781:C:G,0,2,-0.7307204008102417,modal,cuda,PPIL4:K562
ZNF622,K562,chrX:71379009:G:A,0,2,-1.5235481262207031,modal,cuda,PPIL4:K562
ZNF622,K562,chrX:71382636:A:T,0,2,-0.3412766456604004,modal,cuda,PPIL4:K562
ZNF622,K562,chrX:71392653:G:C,1,2,1.7855883836746216,modal,cuda,PPIL4:K562
ZNF622,K562,chrX:71392661:G:A,0,2,0.6445097923278809,modal,cuda,PPIL4:K562
ZNF622,K562,chrX:71393344:C:T,1,2,0.17643241584300995,modal,cuda,PPIL4:K562
ZNF622,K562,chrX:71398752:G:A,0,2,0.15658044815063477,modal,cuda,PPIL4:K562
ZNF622,K562,chrX:71401566:G:A,0,2,0.42154639959335327,modal,cuda,PPIL4:K562
ZNF622,K562,chrX:71401569:T:G,0,2,-0.7599508762359619,modal,cuda,PPIL4:K562
ZNF622,K562,chrX:71401620:T:C,0,2,-0.29394352436065674,modal,cuda,PPIL4:K562
ZNF622,K562,chrX:71408054:A:G,0,2,-0.43245673179626465,modal,cuda,PPIL4:K562
ZNF622,K562,chrX:71408062:G:A,1,2,1.0890722274780273,modal,cuda,PPIL4:K562
ZNF622,K562,chrX:71408170:G:A,0,2,0.4159509539604187,modal,cuda,PPIL4:K562
ZNF622,K562,chrX:71459600:G:A,0,2,0.36201441287994385,modal,cuda,PPIL4:K562
ZNF622,K562,chrX:77696569:C:T,0,2,0.28725874423980713,modal,cuda,PPIL4:K562
ZNF622,K562,chrX:80682459:T:C,0,2,-0.21694315969944,modal,cuda,PPIL4:K562
